Reaction,fc,pval,Ges1_A_D,Ges1_P_D,subSystem
25HVITD2tin_m,0.6266056624428146,0,20.372835774062786,4.676672222198746,"Transport, mitochondrial"
25HVITD3tin_m,0.42379053639293307,0,12.884098943525338,5.214207814667113,"Transport, mitochondrial"
25VITD2Hm,1,-3.00596421471173,9.932645161631589,NA,Vitamin D metabolism
25VITD3Hm,1,-3.008955223880597,6.927502870471312,NA,Vitamin D metabolism
2HBO,4.123053757098867,0,306.641398574879,-186.93100195841762,Propanoate metabolism
2HBt2,1.2149559850389489,0,57.56728275130305,-593.1865421161651,"Transport, extracellular"
2OXOADOXm,0.6732411682946461,0,111.06789013664722,21.689888289097254,Lysine metabolism
34DHPHAMT,0.44789926974967476,0,178.79450830707037,68.1764130029209,Tyrosine metabolism
34DHXMANDACOX_NADP_,1,-3.0119521912350598,NA,-8.382866876247048,Tyrosine metabolism
34HPLFM,-0.9967780524097599,0,0.8462937437436397,524.4842524806976,Ubiquinone synthesis
3DSPHR,-0.42376202708653743,0,23.01427962853472,56.86341226384226,Sphingolipid metabolism
3SALATAim,-0.3427449229313591,0,7.431072618144253,15.181373835025354,Methionine and cysteine metabolism
3SPYRSPm,-0.3427449229313591,0,7.431072618144253,15.181373835025354,Methionine and cysteine metabolism
42A12BOOX,1,-3.0149551345962116,6.234625840841868,NA,Tyrosine metabolism
4MPTNLte,-0.45068139055049844,0,10.897278432962159,28.778342401667278,"Transport, extracellular"
4MPTNLtm,0.45068139055049844,0,-10.897278432962159,-28.778342401667278,"Transport, mitochondrial"
4PYRDX,1,-3.0179640718562872,7.074037462936243,NA,"Transport, extracellular"
5AOPtm,1,-3.020979020979021,705.5401527420044,NA,Heme synthesis
5FTHFt2,-0.4472096527323498,0,23.64079627218603,61.891798097590915,"Transport, extracellular"
5HOXINDACTO2OX,1,-3.024,23.34251046736209,NA,Tryptophan metabolism
7DHCHSTEROLtr,1,-3.027027027027027,1.580274233192973,NA,"Transport, endoplasmic reticular"
A4GALTg,-0.331384575764693,0,1.0650886921828555,2.120864409036709,Sphingolipid metabolism
AACTtm,0.5105328754290589,0,597.4236282920838,193.58679989523887,"Transport, mitochondrial"
AATAi,-0.5111227151537969,0,-65.6617108192157,-21.242827324177743,Lysine metabolism
ABTD,0.5538316045358448,0,861.663605708313,247.41874683619739,Pentose phosphate pathway
ABUTt2rL,-1.2896286343972791,0,-3.596651036213408,28.432945580764116,"Transport, lysosomal"
ACACT1x,-0.6642476044900786,0,44.27519771916464,219.4619985675335,Cholesterol metabolism
ACACt2m,-0.5844037629841712,0,34.89100221417202,133.01716973996014,"Transport, mitochondrial"
ACACT4p,-0.6780927222512309,0,4.966469846615771,25.890054313685,Fatty acid oxidation
ACACT6p,-0.5632809600613046,0,1.683167566743576,6.025072344114678,Fatty acid oxidation
ACACT7p,-0.6579759095043913,0,1.683167566743576,8.159224320357643,Fatty acid oxidation
ACACtx,0.566093689040122,0,-36.69625599654592,-132.44742811059356,"Transport, peroxisomal"
ACALDtm,-0.4676776684670668,0,-119.55292361096834,-43.36149033638946,"Transport, mitochondrial"
ACALDtx,-0.6058982569037028,0,44.61509835246448,181.79901492671968,"Transport, peroxisomal"
ACCOAtr,0.5239513158431115,0,-197.56945743651391,-632.4694188873291,"Transport, endoplasmic reticular"
ACETONEt2,1.4179702216759442,0,41.9009964980118,-242.39851677589417,"Transport, extracellular"
ACETONEt2m,1.4179702216759442,0,41.9009964980118,-242.39851677589417,"Transport, mitochondrial"
ACGAGBSIDEtg,0.33138457576501057,0,-1.0650886921828555,-2.120864409038222,"Transport, golgi apparatus"
ACGAGBSIDEtl,-0.331384575764693,0,1.0650886921828555,2.1208644090367086,"Transport, lysosomal"
ACGAM6PSi,-0.44589277993126747,0,113.21578880136013,295.4263826084137,Aminosugar metabolism
ACHVESSEC,1,-3.030060120240481,5.012136811773289,NA,"Transport, extracellular"
ACITL,-0.46219832875704275,0,7.646096545620856,20.788536347762832,Citric acid cycle
ACNGALACGLCGAL14ACGLCGALGLUSIDEte,0.33485918055844416,0,-1.6588487303125408,-3.329113763720798,"Transport, extracellular"
ACOAD10m,-0.4692951447875123,0,13.089741140321427,36.23990418610189,"Valine, leucine, and isoleucine metabolism"
ACOAD1fm,-0.798654737419866,0,7.680696951658121,68.61309663686752,Butanoate metabolism
ACOAO7p,-1,-3.033099297893681,NA,8.159224320357643,Fatty acid oxidation
ACONTm,-1.074074415192409,0,-21.484402537363813,601.560599738729,Citric acid cycle
ACRNtm,1,-3.036144578313253,NA,-180.99319319847822,"Transport, mitochondrial"
ACt2m,-0.4676776684670668,0,-119.55292361096834,-43.36149033638946,"Transport, mitochondrial"
ADA,-0.8673024967587786,0,7.203790719387244,101.37083266733885,Purine catabolism
ADAe,-0.6275707644963119,0,18.040586481418973,78.84002739960552,Purine catabolism
ADEt,-1,-3.0391959798994974,-294.3909277718544,NA,"Transport, extracellular"
ADK1m,4.188427748911088,0,413.82718838982584,-254.30788565821237,Nucleotide interconversion
ADK3m,-16.60571448798972,0,-304.2455950858466,269.68345387954713,Nucleotide interconversion
ADMDC,0.35089022826446614,0,264.27486636999845,126.98544603824392,Arginine and proline metabolism
ADNK1m,1,-3.0422535211267605,80.25476274053455,NA,Nucleotide interconversion
ADNt,0.6753778895109258,0,883.4019987182617,171.16844088106154,"Transport, extracellular"
ADNtm,1.4128087067122483,0,62.840489162811636,-10.751412239312293,"Transport, mitochondrial"
ADRNt,1,-3.0453172205438066,72.50208892677314,NA,"Transport, extracellular"
ADSL1,-0.4033308397334555,0,5.936135720091003,13.961442755187349,Nucleotide interconversion
AGMTm,0.42517843573904424,0,41.072222718134896,16.56578482979208,Arginine and proline metabolism
AGPAT1,0.6963664451122419,0,95.38590932016373,17.073175914633424,Triacylglycerol synthesis
AHCYStr,-1,-3.0483870967741935,NA,32.64722189925359,"Transport, endoplasmic reticular"
AKGMALtm,1.0118544173129138,0,293.8890325266838,-1.7316776031503456,"Transport, mitochondrial"
AKR1D,1,-3.05146316851665,14.75860237725838,NA,Bile acid synthesis
AKR1D2,1,-3.0545454545454547,28.86832944584042,NA,Bile acid synthesis
ALAASNNaEx,-0.38120925649505516,0,50.97893381862303,113.79060856292247,"Transport, extracellular"
ALADGLNexR,0.42121430735757276,0,-258.991784696579,-635.9570296535492,"Transport, extracellular"
ALASERNaEx,-0.3425493484563332,0,78.93361053653564,161.1866489877429,"Transport, extracellular"
ALASm,-0.4681604761071061,0,106.4952968021961,293.98376508731843,"Glycine, serine, alanine, and threonine metabolism"
ALAt4,0.4244479385642444,0,125.82736784841754,50.84088999643393,"Transport, extracellular"
ALATA_L,0.6069620925852535,0,-116.89993694811236,-477.9533061756134,Glutamate metabolism
ALATHRNaEx,0.3453683519083827,0,68.1730829170663,33.1717760137446,"Transport, extracellular"
ALDD20xm,-0.4742104643473727,0,3.8240107945262527,10.721774297144558,Tryptophan metabolism
ALDD2xm,0.4676776684670668,0,119.55292361096834,43.36149033638946,Glycolysis/gluconeogenesis
AMETr,1,-3.057633973710819,NA,-32.64722189925359,"Transport, endoplasmic reticular"
AMETt2m,0.6756483319290005,0,12.380842069198936,2.3965331512283177,"Transport, mitochondrial"
AMPDA,0.6918321975052645,0,390.10037741737364,71.0569146504879,Nucleotide interconversion
AMY1e,-0.5567805320549956,0,9.565648751876875,33.59874019623585,Starch and sucrose metabolism
ANDRSTRNte,-0.5804836319111784,0,-193.79156890678405,-51.439150341404854,"Transport, extracellular"
ANDRSTRNtr,0.5804836319111686,0,193.79156890678405,51.43915034140636,"Transport, endoplasmic reticular"
AOBUTDsm,0.5105328754290589,0,597.4236282920838,193.58679989523887,"Glycine, serine, alanine, and threonine metabolism"
APRTO2,-0.5815238572122702,0,6.271467188356226,23.701410818872972,Arginine and proline metabolism
ARAB_Lt,0.5538316045358448,0,861.663605708313,247.41874683619739,"Transport, extracellular"
ARABR,0.5538316045358448,0,861.663605708313,247.41874683619739,Pentose phosphate pathway
ARACHCPT1,0.9434692954757682,0,90.65537500282302,2.6369401511761166,Fatty acid oxidation
ARACHCPT2,0.9434692954757676,0,90.65537500282302,2.636940151176142,Fatty acid oxidation
ARACHCRNt,1,-3.0607287449392713,281.6528978717804,NA,Fatty acid oxidation
ARACHDCOAtx,0.49914381988604173,0,-11.100922615563933,-33.22686271010849,"Transport, peroxisomal"
ARACHDt2,-1.2687406717398804,0,-101.60965643960377,857.8007888183594,"Transport, extracellular"
ARGDCm,0.683375534843414,0,183.53328959821462,34.52059772442216,Arginine and proline metabolism
ARGtm,0.5847424416343885,0,272.51167913742063,71.4075243596118,"Transport, mitochondrial"
R_group_phosphotase_1,0.6342962328715652,0,100.63582659959793,22.51911260352832,Miscellaneous
R_group_phosphotase_2,-0.6509595701557674,0,3.6095545692179467,17.073175914633424,Miscellaneous
ASAH1,-0.3612672943741264,0,2.5627437945628215,5.461720185410371,Sphingolipid metabolism
ASCBOX,-0.36405539897370537,0,21.505679087988835,46.128133836227285,Vitamin C metabolism
ASCBt4,0.722567051564734,0,-139.55553210146428,-866.4931934631347,"Transport, extracellular"
ASPDxt,0.397324606033424,0,-9.373289671258943,-21.732309678226958,"Transport, peroxisomal"
ASPTAm,0.67129573158063,0,167.44493556308745,32.93245115437419,Alanine and aspartate metabolism
ATPH1e,-0.40605562196608735,0,2.174699736728413,5.14820731368311,Nucleotide interconversion
ATPH2e,0.91087487670551,0,159.08393683943748,7.419834578301784,Nucleotide interconversion
B3GALT3g,-0.331384575764693,0,1.0650886921828555,2.120864409036709,Sphingolipid metabolism
B3GNT11g,-0.5551183886608501,0,0.6892434193062861,2.4093041571223104,Blood group synthesis
B3GNT310g,-0.6761029098686641,0,0.6892434193062861,3.5666973736585845,Blood group synthesis
B3GNT312g,-0.5551183886608501,0,0.6892434193062861,2.4093041571223104,Blood group synthesis
B3GNT51g,-0.6761029098686641,0,0.6892434193062861,3.5666973736585845,Blood group synthesis
BDHm,1,-3.0638297872340425,NA,-205.98533589081765,Butanoate metabolism
BHBtm,1,-3.0669371196754565,NA,-205.98533589081765,"Transport, mitochondrial"
BILDGLCURt,1,-3.07005076142132,9.935764462607136,NA,"Transport, extracellular"
BILDGLCURte,-0.4355245378671355,0,2.2110393856610013,5.622921641826758,"Transport, extracellular"
BILGLCURt,-1,-3.073170731707317,NA,9.754082355854006,"Transport, extracellular"
BILGLCURtr,-0.338028055065207,0,212.58886627864837,429.70078936405184,"Transport, endoplasmic reticular"
BILIRUBtr,0.34782271146958144,0,-205.01048031358718,-423.6850720125198,"Transport, endoplasmic reticular"
C160CPT2,-1.0288090057121322,0,-526.7437748260498,7.479740268831829,Fatty acid oxidation
C160CRNt,-1.0288090057121322,0,-526.7437748260498,7.479740268831829,Fatty acid oxidation
C161CRN2t,1,-3.076297049847406,273.19822694159745,NA,Fatty acid oxidation
C161CRNt,-1,-3.079429735234216,NA,12.448294364410218,Fatty acid oxidation
C180CPT1,-1.5688066569617718,0,-37.243064004841635,8.246670754373756,Fatty acid oxidation
C180CPT2,-19.664339211065535,0,-13.438153638988652,14.878135358890267,Fatty acid oxidation
C181CPT1,1,-3.0825688073394497,NA,-11.682038563369472,Fatty acid oxidation
C181CPT2,-0.8173416361163045,0,-25.900873110919367,-2.603259074452285,Fatty acid oxidation
C204CRNt,-1,-3.085714285714286,-190.71137305633724,NA,Fatty acid oxidation
C226COAtx,-1.3185117270849136,0,-1.3987219588201725,10.181581991143439,"Transport, peroxisomal"
C4STMO1r,1,-3.0888661899897856,1.5227064076479366,NA,Cholesterol metabolism
C4STMO2Pr,-0.6095310036207179,0,0.6822554606371479,2.8122881111369296,Cholesterol metabolism
CAATPS,1,-3.0920245398773005,94.56859602521956,NA,"Transport, extracellular"
CAT2p,-0.6058982569037028,0,44.61509835246448,181.79901492671968,Glycolysis/gluconeogenesis
CBPPer,-0.7071737178127875,0,7.158564400493307,41.73434471288076,Glycolysis/gluconeogenesis
CBPter,-0.7071737178127875,0,7.158564400493307,41.73434471288076,"Transport, endoplasmic reticular"
CDIPTr,-0.9998006101769781,0,-221.63710987067222,-0.022098295143688915,Glycerophospholipid metabolism
CDPDAGtm,-1,-3.0951893551688845,-5.325860914437296,NA,"Transport, mitochondrial"
CDS,1,-3.098360655737705,3.434406173707105,NA,Glycerophospholipid metabolism
CDSm,0.9933771382557407,0,5.339975743266829,0.0177417109821482,Glycerophospholipid metabolism
CEPTC,-0.3674684320236065,0,19.10456812551215,41.302118568819424,Glycerophospholipid metabolism
CEPTE,-1,-3.1015384615384614,NA,21.420996805592743,Glycerophospholipid metabolism
CHLtm,-1,-3.1047227926078027,-2.771591872345893,NA,"Transport, mitochondrial"
CHOLK,0.7642267678892387,0,73.67160942075849,9.845556015860392,Glycerophospholipid metabolism
CHOLPtl,0.3612672943741264,0,-2.5627437945628215,-5.461720185410371,"Transport, lysosomal"
CHOLtg,1,-3.1079136690647484,5.1922540354833275,NA,"Transport, golgi apparatus"
CHOLtr,1,-3.111111111111111,116.73142888033688,NA,"Transport, endoplasmic reticular"
CHSTEROLt1,-0.5442723065016439,0,18.113536617235244,61.379269616189696,"Transport, mitochondrial"
CHSTEROLt2,1,-3.114315139031926,2.4785676401825696,NA,"Transport, mitochondrial"
CITRtm,0.7481423260937614,0,51.42105060158046,7.408313385596976,"Transport, mitochondrial"
CKc,-0.4403897360244442,0,33.60936254328408,86.50767142431363,Urea cycle
CLFORtex,-0.6382764464669296,0,101.6906500485897,460.5655207500458,"Transport, extracellular"
CLI2tex,0.37307666564473013,0,14.577445868016314,6.655812598540545,"Transport, extracellular"
CLOXAtex2,-0.5040687983842898,0,86.35449263307545,261.8974114686966,"Transport, extracellular"
CLPNDCRNt,1,-3.1175257731958763,NA,-18.535573727679765,Fatty acid oxidation
CO2ter,0.49577693906360726,0,-17.581879829740526,-52.15661962361336,"Transport, endoplasmic reticular"
CO2tm,-1,-3.1207430340557276,-546.1660930999756,NA,"Transport, mitochondrial"
CO2tp,-0.7273892403811625,0,-68.2932254860878,-10.777807133078388,"Transport, peroxisomal"
COAtm,1.2163278142301273,0,6.744116008269975,-69.0950072449896,"Transport, mitochondrial"
COAtp,3.676960249242057,0,101.34843735608663,-177.06748278067371,"Transport, peroxisomal"
CRNCAR3tp,1,-3.12396694214876,50.7656231472373,NA,"Transport, peroxisomal"
CRNt,0.918040266743941,0,407.6150603223216,17.417789498175228,"Transport, extracellular"
CRNtHa,0.8409548799424537,0,201.61174742660523,17.417789498175228,"Transport, extracellular"
CSDPASEly,-0.35037459188781966,0,3.775469542552186,7.848058402648568,Chondroitin sulfate degradation
CSm,0.3425441909504611,0,391.5351658908844,191.73824667916298,Citric acid cycle
CSNAT2m,-2.3967047467941627,0,-99.66338270900548,242.37555281906128,Fatty acid oxidation
CSNAT2x,2.4188627046341393,0,430.45003718910215,-178.64113207826315,Fatty acid oxidation
CSNAT3x,-0.6944431806884205,0,50.7656231472373,281.51708133707046,Fatty acid oxidation
CSNATer,0.5239513158431115,0,-197.56945743651391,-632.4694188873291,Fatty acid oxidation
CSNATp,-0.5779077767906305,0,153.5565505710682,574.0406053466797,Fatty acid oxidation
CSPG_Bt,-0.37889176485665554,0,0.46582534461479674,1.0341558768780716,"Transport, extracellular"
CSPG_Dtly,-0.35037459188781966,0,3.775469542552186,7.848058402648568,"Transport, lysosomal"
CYSGLYexR,0.9578791188284171,0,-11.31577628244902,-525.9842975860596,"Transport, extracellular"
CYSt4,-0.6871963960662532,0,3.4628462647401252,18.677859412510134,"Transport, extracellular"
CYSTA,-0.49620232097102546,0,136.44860031404494,405.2315462759018,Methionine and cysteine metabolism
CYStec,3.39241791249634,0,91.38333538767901,-167.77745943294346,"Transport, extracellular"
CYSTGLUex,-0.4218724819020506,0,93.68731138377227,230.41873252849578,"Transport, extracellular"
CYTDK2m,1,-3.127197518097208,5.325860914437296,NA,Nucleotide interconversion
CYTDt,-1,-3.130434782608696,-72.25128212533714,NA,"Transport, extracellular"
CYTDtm,1,-3.133678756476684,5.325860914437296,NA,"Transport, mitochondrial"
CYTK10,15.89316459691926,0,287.05176117954255,-253.0673931787843,Nucleotide interconversion
CYTK10n,2.3468274571509395,0,277.90612234210965,-690.588713369751,Nucleotide interconversion
CYTK11,-1.0422838783399653,0,-16.892803467501235,815.9114427551269,Nucleotide interconversion
CYTK11n,-3.1087834045716574,0,-252.57636914594994,129.63176765397563,Nucleotide interconversion
CYTK12,-7.295065869718186,0,-84.90647960231304,111.88204470664263,Nucleotide interconversion
CYTK13,-0.3464594096823269,0,-563.4407409240723,-273.48124405727384,Nucleotide interconversion
CYTK13n,2.0656764777166376,0,752.2136934234619,-261.48109401772024,Nucleotide interconversion
CYTK14,1.6973130622607648,0,252.70655359117686,-65.33004388831742,Nucleotide interconversion
CYTK1m,0.9933771382557407,0,5.339975743266829,0.017741710982148225,Nucleotide interconversion
CYTK1n,-2.323345108423328,0,-406.46107215099335,161.85146412636786,Nucleotide interconversion
CYTK3n,0.675687336472246,0,-117.75307421095651,-608.4169922309876,Nucleotide interconversion
CYTK4n,-10.981154188486443,0,-418.9577177536117,349.0215978835881,Nucleotide interconversion
CYTK5,2.2549928000175794,0,634.7999945461273,-244.75305217335224,Nucleotide interconversion
CYTK5n,3.3561703695807847,0,344.8632216663361,-637.5952126281738,Nucleotide interconversion
CYTK6,-2.378269848346186,0,-375.10337877941134,919.4138840545654,Nucleotide interconversion
CYTK7n,-0.4763340353478681,0,313.9364494468212,885.0585994499206,Nucleotide interconversion
CYTK8,-8.707894822200311,0,-376.4906133388519,474.18022172698977,Nucleotide interconversion
CYTK9n,-1.2511594211603014,0,-628.9195917884826,70.16787844752125,Nucleotide interconversion
D3AIBTm,0.44181010371232937,0,-134.3600865723051,-347.05345195960996,Pyrimidine catabolism
DADAe,0.7658357941671263,0,43.62575609383075,5.785130510613987,Nucleotide interconversion
DADNt4,-0.7658357941670985,0,-43.62575609383075,-5.785130510614768,"Transport, extracellular"
DAGK_hs,-0.8169955770263854,0,54.085698961207086,537.0005500198364,Glycerophospholipid metabolism
DAGt,-1,-3.136929460580913,NA,352.3704604073524,"Transport, extracellular"
DASCBR,-0.5231562577691748,0,226.07131070632934,722.1273996246338,Vitamin C metabolism
DASPO1p,-0.3973246060290563,0,9.373289671356172,21.732309678226958,Alanine and aspartate metabolism
DCK1m,-1,-3.1401869158878504,-481.0233054496765,NA,Nucleotide interconversion
DCK1n,-1,-3.1434511434511436,-352.26175085258484,NA,Nucleotide interconversion
DCSPTN1COAtx,-1,-3.1467221644120706,-12.895201596042071,NA,"Transport, peroxisomal"
DCSPTN1CRNt,-1,-3.15,NA,137.2879481299877,Fatty acid oxidation
DCT,-0.8769428640382687,0,13.994059026808204,213.4459657623291,Tyrosine metabolism
DCYTD,0.6131651884627393,0,689.2364664451599,165.2779644073501,Pyrimidine catabolism
DESAT16_2,-0.41527254268964403,0,7.305193989213867,17.68146910615874,Fatty acid synthesis
DESAT18_4,-0.5579846800269795,0,4.645861891777037,16.375409009243363,Fatty acid synthesis
DESAT18_7,-0.40869498591332587,0,5.611864226708041,13.369419858549008,Fatty acid synthesis
DESAT18_9,-0.6265300732040899,0,25.018993550651217,108.96230858682097,Fatty acid synthesis
DGAT,1,-3.153284671532847,4.034856166452222,NA,Triacylglycerol synthesis
DGK2m,-1,-3.1565762004175366,NA,13.07728270463543,Nucleotide interconversion
DHAAt1r,-0.5645641536036041,0,185.8051720551491,667.6163989654541,"Transport, extracellular"
DHCHOLESTANATEtm,-1,-3.1598746081504703,-5.321778806835132,NA,"Transport, peroxisomal"
DHCR241r,0.5025503694714515,0,1.7952337806724823,0.5943483819594266,Cholesterol metabolism
DHCR242r,0.4460805210909849,0,414.78874582901,158.88435159446635,Cholesterol metabolism
DHEASt,1,-3.1631799163179917,203.4256170824051,NA,"Transport, extracellular"
DHEAtr,-0.5068590019050748,0,-203.4256170824051,-66.57392079767585,"Transport, endoplasmic reticular"
DHPM1,-1,-3.1664921465968585,NA,18.60258006768098,Pyrimidine catabolism
DIDPtn,1.8630728785375428,0,104.56797086551153,-31.521998721816157,"Transport, nuclear"
DINt,1,-3.169811320754717,259.55805663642883,NA,"Transport, extracellular"
DITPtn,-1.8630728785375428,0,-104.56797086551153,31.521998721816157,"Transport, nuclear"
D_LACt2,0.5960434498741475,0,-151.37302148822732,-598.078974975586,"Transport, extracellular"
D_LACtm,-0.4037881211344385,0,-535.3933144716262,-227.39033700842856,"Transport, mitochondrial"
DLNLCGCPT1,1,-3.1731374606505773,NA,-295.8220644634247,Fatty acid oxidation
DLNLCGt,1.193454287169376,0,11.196902814455825,-0.9875240460427565,"Transport, extracellular"
DM_dctp_m_,0.8144782511081127,0,127.9011500963211,13.07728270463543,Exchange/demand reaction
DM_dgtp_m_,1,-3.176470588235294,21.539764930927962,NA,Exchange/demand reaction
DM_dttp_m_,0.651012010121638,0,61.246109951214024,12.946094073639472,Exchange/demand reaction
DM_ethamp_r_,0.9458731159308793,0,742.1726786560058,20.64445734308057,Exchange/demand reaction
DM_melanin_c_,-0.8769428640382687,0,13.994059026808204,213.4459657623291,Exchange/demand reaction
DM_mem2emgacpail_prot_hs_r_,0.35400729518861507,0,22.119821120769995,10.55329843976926,Exchange/demand reaction
DMNONCOACRNCPT1,-2.5847724856983536,0,-422.26003515205383,186.67463226432056,Fatty acid oxidation
DNDPt24m,-1,-3.1798107255520507,NA,6.282025868546868,"Transport, mitochondrial"
DNDPt30m,1,-3.183157894736842,127.9011500963211,NA,"Transport, mitochondrial"
DNDPt38m,0.763544327104213,0,793.6366470443726,106.41064391036649,"Transport, mitochondrial"
DOLGLCP_Lter,-1,-3.1865121180189675,NA,0.3890557831293423,N-glycan synthesis
DOLGPP_Ler,-1,-3.189873417721519,NA,14.859835559989698,N-glycan synthesis
DOLICHOL_Lter,-1,0,0,0.3890557831293423,N-glycan synthesis
DOLICHOL_Uter,-0.5320285773331314,0,1.8874255700506677,6.178988226307387,N-glycan synthesis
DOLK_U,-0.5320285773331314,0,1.8874255700506677,6.178988226307387,N-glycan synthesis
DOLPGT3_Ler,-1,0,0,0.3890557831293423,N-glycan synthesis
DOLPGT3_Uer,-0.5320285773331314,0,1.8874255700506677,6.178988226307387,N-glycan synthesis
DOPABMO,0.3823257523809275,0,18.760459589313704,8.382866876247048,Tyrosine metabolism
DOPAMT,0.5083507544583169,0,305.1217051035404,99.45488850596995,Tyrosine metabolism
DOPAQNISO1,-0.8769428640382687,0,13.994059026808204,213.4459657623291,Tyrosine metabolism
DPMVDx,0.338259801874604,0,27.71340560337305,13.703672851128445,Cholesterol metabolism
DTDPtn,-0.4391699500610321,0,101.12278129465813,259.4954890910417,"Transport, nuclear"
DTTPtn,0.4391699500610321,0,-101.12278129465813,-259.4954890910417,"Transport, nuclear"
DURAD,1,-3.1932418162618794,NA,-18.60258006768098,Pyrimidine catabolism
DURAD2,-1,-3.1966173361522197,NA,490.844601925087,Pyrimidine catabolism
ECOAH1m,0.3775199869570757,0,648.9519066215515,293.2513467121124,Tryptophan metabolism
ECOAH1x,0.35529290246806255,0,-9.093982831826061,-19.117224603735213,Tryptophan metabolism
EICOSTETCRNt,1,-3.2,NA,-503.5091053340912,Fatty acid oxidation
ELAIDCPT1,-1,-3.2033898305084745,NA,20.601117976219314,Fatty acid oxidation
ELAIDCPT2,0.8477105808733576,0,204.3181945722431,16.840028676841722,Fatty acid oxidation
ELAIDCRNt,1,-3.2067868504772004,NA,-70.05663323436417,Fatty acid oxidation
ESTRADIOLtr,1,-3.210191082802548,589.4946239151001,NA,"Transport, endoplasmic reticular"
ESTRONESt,-0.988150439486814,0,-508.1233913757324,-3.0284624114391545,"Transport, extracellular"
ESTRONEtr,-0.9783691990639832,0,-600.9557538261414,-6.570641257717432,"Transport, endoplasmic reticular"
ETOHtx,-0.6058982569037028,0,44.61509835246448,181.79901492671968,"Transport, peroxisomal"
EX_10fthf[e],-0.40327990353746157,0,31.000208249878884,72.90180019144415,Exchange/demand reaction
EX_10fthf7glu[e],0.40327990353746157,0,-31.000208249878884,-72.90180019144415,Exchange/demand reaction
EX_2hb[e],-4.123053757098867,0,-306.641398574879,186.93100195841762,Exchange/demand reaction
EX_34dhphe[e],0.8671500864680699,0,-14.976696512976154,-210.49121859223843,Exchange/demand reaction
EX_4mptnl[e],-0.45068139055049844,0,10.897278432962159,28.778342401667278,Exchange/demand reaction
EX_4pyrdx[e],1,-3.213602550478215,7.074037462936243,NA,Exchange/demand reaction
EX_5fthf[e],0.4472096527323498,0,-23.64079627218603,-61.891798097590915,Exchange/demand reaction
EX_7dhf[e],0.4416483234098197,0,-7.382525036996391,-19.0614719868185,Exchange/demand reaction
EX_7thf[e],0.6099116206469504,0,-41.74136414640769,-172.26841597385408,Exchange/demand reaction
EX_acngalacglcgal14acglcgalgluside_hs[e],-0.33485918055844416,0,1.6588487303125408,3.329113763720798,Exchange/demand reaction
EX_adrn[e],-0.724695491121945,0,1.8093195190984757,11.334813328358125,Exchange/demand reaction
EX_ala_B[e],3.496587767740941,0,22.601705388044405,-12.548880199045874,Exchange/demand reaction
EX_ala_D[e],-0.42121430735757276,0,258.991784696579,635.9570296535492,Exchange/demand reaction
EX_amp[e],3.073490497227646,0,183.97733477182388,-93.64824972938374,Exchange/demand reaction
EX_andrstrn[e],0.5804836319111686,0,193.79156890678405,51.43915034140636,Exchange/demand reaction
EX_arach[e],-1,-3.217021276595745,-91.39726287032067,NA,Exchange/demand reaction
EX_arachd[e],0.33450587995944747,0,-23.38777232452086,-46.89916671889459,Exchange/demand reaction
EX_ascb_L[e],-0.6875969443159972,0,69.76183312823956,376.8524483838081,Exchange/demand reaction
EX_asp_D[e],0.3973246060290563,0,-9.373289671356172,-21.732309678226958,Exchange/demand reaction
EX_bhb[e],-1,-3.220447284345048,NA,205.98533589081765,Exchange/demand reaction
EX_bilirub[e],0.6907075878513662,0,156.27763760505317,28.588910256908484,Exchange/demand reaction
EX_chtn[e],-1,-3.2238805970149254,-27.67356447509243,NA,Exchange/demand reaction
EX_creat[e],1,-3.2273212379935967,NA,-411.8286516599655,Exchange/demand reaction
EX_cspg_d[e],0.37463832611309894,0,-3.330333763430036,-7.320570833043009,Exchange/demand reaction
EX_dcsptn1[e],0.8102068813955622,0,-1.277899026504334,-12.188332372197747,Exchange/demand reaction
EX_dhdascb[e],0.6875969443159972,0,-69.76183312823956,-376.8524483838081,Exchange/demand reaction
EX_dheas[e],-0.3397627977570644,0,-203.4256170824051,-100.24846227397919,Exchange/demand reaction
EX_dhf[e],-0.4416483234098197,0,7.382525036996391,19.0614719868185,Exchange/demand reaction
EX_elaid[e],-1,-3.230769230769231,NA,8.867257472731207,Exchange/demand reaction
EX_fucacgalfucgalacglcgalgluside_hs[e],-0.6345621902953338,0,4.403258741490712,19.69528073393614,Exchange/demand reaction
EX_gq1b_hs[e],-0.7437629541217383,0,-55.40878460700512,-8.142037454026958,Exchange/demand reaction
EX_gsn[e],-0.612550849173528,0,76.73657748408928,319.3751565093994,Exchange/demand reaction
EX_gthox[e],-0.7563380469881981,0,6.486871330718728,46.757972606032716,Exchange/demand reaction
EX_gthrd[e],-1,-3.2342245989304814,-586.2710742687225,NA,Exchange/demand reaction
EX_gtp[e],0.39933608730473813,0,-111.85171620795727,-260.5752395119667,Exchange/demand reaction
EX_hdca[e],1,-3.2376873661670236,247.88693737820387,NA,Exchange/demand reaction
EX_hdcea[e],-1,-3.2411575562700965,NA,33.738287776302265,Exchange/demand reaction
EX_hexc[e],-11.434908584091355,0,-2.239905577375763,2.669215630132839,Exchange/demand reaction
EX_hista[e],-0.6322423227927704,0,-146.07979283446,-32.91298390535291,Exchange/demand reaction
EX_i[e],-3.305500611620722,0,-154.05341518945397,287.69329748916624,Exchange/demand reaction
EX_idp[e],0.7078773452522129,0,-43.851446098868465,-256.37481424871686,Exchange/demand reaction
EX_imp[e],-0.7431388189145978,0,35.917638813860506,243.7481219841361,Exchange/demand reaction
EX_inost[e],4.802225200663307,0,330.07152704486845,-503.6917150270462,Exchange/demand reaction
EX_ksi_deg1[e],-0.3346717453121919,0,20.912270526553666,41.950745974575774,Exchange/demand reaction
EX_lac_D[e],-0.5960434498741475,0,151.37302148822732,598.078974975586,Exchange/demand reaction
EX_Lcystin[e],0.4218724819020506,0,-93.68731138377227,-230.41873252849578,Exchange/demand reaction
EX_leuktrC4[e],0.517545018770311,0,557.9516817739486,177.38292098606053,Exchange/demand reaction
EX_lneldc[e],-0.6067382092841737,0,6.091078949183724,24.886143313353248,Exchange/demand reaction
EX_lnlc[e],-1,-3.244635193133047,NA,58.104335628903264,Exchange/demand reaction
EX_lnlnca[e],-0.3303678937642639,0,8.583672767158248,17.053308157816897,Exchange/demand reaction
EX_lnlncg[e],-0.5921820399760624,0,35.04375426659825,136.8160346673727,Exchange/demand reaction
EX_lpchol_hs[e],-0.652458218946854,0,78.10618462032377,371.3717710006714,Exchange/demand reaction
EX_mag_hs[e],1,-3.2481203007518795,178.33852887115478,NA,Exchange/demand reaction
EX_mercplaccys[e],-0.6515545592877712,0,73.24222345308,347.15198978943823,Exchange/demand reaction
EX_oagd3_hs[e],0.40924009482607226,0,824.3784084075928,345.58320627288816,Exchange/demand reaction
EX_ocdca[e],1,-3.2516129032258063,NA,-865.0415249389648,Exchange/demand reaction
EX_oxa[e],0.3545694874947768,0,26.395043122411046,12.576812313706366,Exchange/demand reaction
EX_pchol_hs[e],1.0536848156025187,0,9.592277270004944,-366.9475987831116,Exchange/demand reaction
EX_pe_hs[e],-0.9460383768801754,0,-261.7992271385193,-7.259420675227512,Exchange/demand reaction
EX_pglyc_hs[e],1,-3.255113024757804,230.36179791531563,NA,Exchange/demand reaction
EX_ptdca[e],15.496181082340287,0,0.37628915255085643,-0.42820477783360955,Exchange/demand reaction
EX_retnglc[e],0.5230432777874944,0,77.4182617440761,24.244327721589805,Exchange/demand reaction
EX_Rtotal2[e],-1,-3.2586206896551726,NA,435.93506525495053,Exchange/demand reaction
EX_sl_L[e],-0.8541916679905074,0,4.108296031154417,52.24371039447226,Exchange/demand reaction
EX_strch1[e],0.5567805320549956,0,-9.565648751876875,-33.59874019623585,Exchange/demand reaction
EX_strch2[e],-1,-3.262135922330097,NA,33.59874019623585,Exchange/demand reaction
EX_strdnc[e],-0.8968919082066764,0,-121.25127899577319,-6.590775125702051,Exchange/demand reaction
EX_tagat_D[e],0.39923283446352903,0,-18.42292245899037,-42.90840027579702,Exchange/demand reaction
EX_tetpent6[e],-0.35515811210594816,0,-17.336195134038107,-8.249299250963572,Exchange/demand reaction
EX_thyox_L[e],3.305500611620722,0,154.05341518945397,-287.69329748916624,Exchange/demand reaction
EX_triodthysuf[e],-1,-3.265658747300216,NA,5.040929131529056,Exchange/demand reaction
EX_ump[e],-0.5311039845421783,0,24.217888813703773,79.07959299602267,Exchange/demand reaction
FACOAL203,0.36930860305775753,0,10.446385807674691,4.811512644649663,Fatty acid oxidation
FACOAL204,0.48456133443518273,0,7.281547295004717,2.528148170053397,Fatty acid oxidation
FACOAL245_1,0.3659633939256779,0,23.8798909254238,11.084283124357663,Fatty acid oxidation
FACOAL245_2,0.34861146688142963,0,8.625602467463803,4.166224799747427,Fatty acid oxidation
FADH2tru,0.445059089327201,0,416.9172443412781,160.10724887219854,"Transport, endoplasmic reticular"
FADtru,0.445059089327201,0,416.9172443412781,160.10724887219854,"Transport, endoplasmic reticular"
FAEL183,-0.4750195920807572,0,2.189219230131563,6.150974792759778,Fatty acid synthesis
FAEL184,-0.5701055120477914,0,2.6556546909133925,9.699259202323692,Fatty acid synthesis
FAOXC16080x,0.6639645868720258,0,12.950236214048736,2.615282807474442,Fatty acid oxidation
FAOXC16180m,-0.7790156818481138,0,4.674821540930155,37.63425794512704,Fatty acid oxidation
FAOXC180x,-0.429105895875601,0,4.135756906129366,10.35294380474074,Fatty acid oxidation
FAOXC18480m,0.584702971858681,0,55.86495084009171,14.640313341458109,Fatty acid oxidation
FAOXC18480x,0.3985608123202359,0,13.642350936218142,5.866777041685447,Fatty acid oxidation
FAOXC200180m,0.3795374124784519,0,92.70871868205816,41.69679702700747,Fatty acid oxidation
FAOXC200180x,-0.5862333478153283,0,4.761892311566999,18.25539188194833,Fatty acid oxidation
FAOXC2051843m,0.7780808730835455,0,98.36018456981182,12.276160557995247,Fatty acid oxidation
FAOXC2051843x,0.4199389479574875,0,14.273331482380629,5.830816661329515,Fatty acid oxidation
FAOXC226205x,-0.3495586062636222,0,7.256354302166268,15.055738292319653,Fatty acid oxidation
FAOXC240200x,-0.5733812003181986,0,3.63449665559591,13.404117949792987,Fatty acid oxidation
FAS80COA_L,-0.5100484620361936,0,3.7830385092729237,11.659462293948897,Fatty acid synthesis
FATP3t,1,-3.269189189189189,NA,-373.09627702393533,"Transport, extracellular"
FBA4,1,-3.272727272727273,24.51453671012875,NA,Glyoxylate and dicarboxylate metabolism
FCLTm,-0.9209139749658177,0,1.7857273494843988,43.37338511602581,Heme synthesis
FE2t,-0.8404583628672971,0,3.358226852591998,38.74021105924547,"Transport, extracellular"
FE3R2e,-0.42949233213549537,0,116.0433390021652,290.76395050029754,Heme synthesis
FKYNH,1,-3.276273022751896,15.645128932639391,NA,Tryptophan metabolism
FRUt1r,1.6840461165731786,0,57.67940755334813,-226.32127585983275,"Transport, extracellular"
FUCACGALFUCGALACGLCGALGLUSIDEte,0.6345621902953338,0,-4.403258741490712,-19.69528073393614,"Transport, extracellular"
FUCASE2e,-0.3346717453121919,0,20.912270526553666,41.950745974575774,Keratan sulfate degradation
FUMm,-0.6051564694262765,0,-591.4528688522339,-145.48820837948807,Citric acid cycle
FUMSO3tm,0.9000817099497243,0,-38.87977972580424,-739.351707347107,"Transport, mitochondrial"
FUMSO4tm,-3.699768044849034,0,-425.36921843910216,740.4845997406006,"Transport, mitochondrial"
FUMtm,1.1419693076432509,0,27.912490671059185,-421.13115369644163,"Transport, mitochondrial"
FUMTSULtm,-0.42156216837429045,0,-366.33672459802625,-149.06349179486185,"Transport, mitochondrial"
G5SADrm,1,-3.279826464208243,6.812820784243461,NA,Arginine and proline metabolism
G6PPer,-0.7071737178127875,0,7.158564400493307,41.73434471288076,Glycolysis/gluconeogenesis
GACMTRc,1.230428687221303,0,33.60936254328408,-325.32098012504576,Urea cycle
GALGLUSIDEtl,2.1781935894010833,0,19.03080836881311,-51.33587018550001,"Transport, lysosomal"
GALSIDEtg,1,-3.2833876221498373,1.3864731114331261,NA,"Transport, golgi apparatus"
GAO1,0.5697243685556984,0,434.5308612720489,119.1088349401724,Sphingolipid metabolism
GBA,-1,-3.2869565217391306,NA,78.98716901095852,Sphingolipid metabolism
GBGT1,-0.331384575764693,0,1.0650886921828555,2.120864409036709,Sphingolipid metabolism
GBSIDEtl,0.331384575764693,0,-1.0650886921828555,-2.120864409036709,"Transport, lysosomal"
GCALDDm,0.6938116018585705,0,23.113621485566114,4.178223085818573,Glyoxylate and dicarboxylate metabolism
GFUCS,-1,-3.2905331882480957,NA,40.33559934901181,Fructose and mannose metabolism
GGH_10FTHF5GLUe,-0.40327990353746157,0,31.000208249878884,72.90180019144415,Folate metabolism
GGH_10FTHF6GLUe,-0.40327990353746157,0,31.000208249878884,72.90180019144415,Folate metabolism
GGH_10FTHF7GLUe,-0.40327990353746157,0,31.000208249878884,72.90180019144415,Folate metabolism
GGH_5DHFe,-0.4416483234098197,0,7.382525036996391,19.0614719868185,Folate metabolism
GGH_5THFe,-0.6099116206469504,0,41.74136414640769,172.26841597385408,Folate metabolism
GGH_6DHFe,-0.4416483234098197,0,7.382525036996391,19.0614719868185,Folate metabolism
GGH_6THFe,-0.6099116206469504,0,41.74136414640769,172.26841597385408,Folate metabolism
GGH_7DHFe,-0.4416483234098197,0,7.382525036996391,19.0614719868185,Folate metabolism
GGH_7THFe,-0.6099116206469504,0,41.74136414640769,172.26841597385408,Folate metabolism
GGNG,-0.38273707575078714,0,1.3320156699036452,2.9838621111044983,Starch and sucrose metabolism
GGT_L,-1,0,0,0.3890557831293423,N-glycan synthesis
GGT5r,0.5745392375965789,0,166.66744632228463,45.0356885918894,Eicosanoid metabolism
GLACO,0.5889430497479906,0,74.83986453480013,19.360949706679293,Vitamin C metabolism
GLACter,-0.5889430497479906,0,-74.83986453480013,-19.360949706679293,"Transport, endoplasmic reticular"
GLBRAN,-0.38273707575078714,0,1.3320156699036452,2.9838621111044983,Starch and sucrose metabolism
GLCAASE6ly,-0.35037459188781966,0,3.775469542552186,7.848058402648568,Chondroitin sulfate degradation
GLCAASE8ly,-0.7814626205549505,0,3.690444847657182,30.083592866427637,Hyaluronan metabolism
GLCAASE9ly,-0.7814626205549505,0,3.690444847657182,30.083592866427637,Hyaluronan metabolism
GLCAE1g,-0.37889176485685366,0,0.4658253446145812,1.0341558768780716,Chondroitin synthesis
GLCMter,-1,-3.2941176470588234,NA,14.859835559989698,"Transport, extracellular"
GLCURtly,0.41729026999252766,0,-42.64900359476805,-103.73263857970238,"Transport, lysosomal"
GLGNS1,-0.38273707575078714,0,1.3320156699036452,2.9838621111044983,Starch and sucrose metabolism
GLNALANaEx,-0.49681129461549045,0,94.041668157124235,279.7412373445511,"Transport, extracellular"
GLNASNNaEx,-0.4725619730818161,0,71.73148051062962,200.26817385542392,"Transport, extracellular"
GLNCYSNaEx,0.93582060548142,0,73.1340327351357,2.424655428479515,"Transport, extracellular"
GLNtm,1,-3.2977099236641223,246.65276313061713,NA,"Transport, mitochondrial"
GLPASE2,-0.38273707575078714,0,1.3320156699036452,2.9838621111044983,Starch and sucrose metabolism
GLUDxm,-0.8302767171410983,0,-192.97364514459298,-17.89462776445523,Glutamate metabolism
GLUDym,1.8855513581344825,0,42.250109486041964,-137.67113526380547,Glutamate metabolism
GLUt2m,14.080299023238608,0,222.90081520389145,-256.98272950996096,"Transport, mitochondrial"
GLUtr,-0.5745392375965789,0,-166.66744632228463,-45.0356885918894,"Transport, endoplasmic reticular"
GLYAMDTRc,1.230428687221303,0,33.60936254328408,-325.32098012504576,Urea cycle
GLYATm,0.5105328754290589,0,597.4236282920838,193.58679989523887,"Glycine, serine, alanine, and threonine metabolism"
GLYCLTDy,0.8290344584897279,0,42.22450211464714,3.946855585757036,Glyoxylate and dicarboxylate metabolism
GLYCLTtp,-1,-3.3013100436681224,NA,17.359710042759136,"Transport, peroxisomal"
GLYCTO1p,-1,-3.3049180327868855,NA,17.359710042759136,Glyoxylate and dicarboxylate metabolism
GLYOXm,0.4037881211344385,0,535.3933144716262,227.39033700842856,Pyruvate metabolism
GPAM_hs,0.6963664451122419,0,95.38590932016373,17.073175914633424,Triacylglycerol synthesis
GSNt,1.9562355969153271,0,181.7819878898047,-58.799916988903284,"Transport, extracellular"
GTHP,-0.46946660732022927,0,11.255004274152999,31.17400935419934,Glutathione metabolism
GTHPe,-0.7563380469881981,0,6.486871330718728,46.757972606032716,Glutathione metabolism
GTHRDtr,0.5745392375965789,0,166.66744632228463,45.0356885918894,"Transport, endoplasmic reticular"
GTMLTe,0.4891724525577276,0,891.9369269042969,305.95916011013986,Glutathione metabolism
GULNDer,-1,-3.308533916849015,NA,152.5398241791308,Pentose phosphate pathway
GULNter,-1,-3.312157721796276,NA,152.5398241791308,"Transport, endoplasmic reticular"
H2ETer,0.333763690927094,0,19.95145064428523,9.966068898351372,Phosphatidylinositol phosphate metabolism
H2O2tn,0.6665100270319085,0,-8.602887178861982,-42.99019133138824,"Transport, nuclear"
H2Otn,-1.2403308774795008,0,-23.437777492404287,218.4836886812687,"Transport, nuclear"
H5MTer_U,0.333763690927094,0,19.95145064428523,9.966068898351372,Phosphatidylinositol phosphate metabolism
H6ET3er,0.6270293392898826,0,26.336117519029976,6.037137078240388,Phosphatidylinositol phosphate metabolism
H6MTer_U,-0.6333047688110799,0,2.3693338102440045,10.55329843976926,Phosphatidylinositol phosphate metabolism
H7_ETer,-0.541915528916682,0,2.6126700049482476,8.794265483476314,Phosphatidylinositol phosphate metabolism
H7MTer_U,1,-3.3157894736842106,19.750487317901175,NA,Phosphatidylinositol phosphate metabolism
HACD1m,0.3775199869570757,0,648.9519066215515,293.2513467121124,Tryptophan metabolism
HACD1x,0.35529290246806255,0,-9.093982831826061,-19.117224603735213,Tryptophan metabolism
HAS1,1,-3.319429198682766,3.690444847657182,NA,Hyaluronan metabolism
HAS2,1,-3.3230769230769233,3.690444847657182,NA,Hyaluronan metabolism
HAtly,-0.7814626205549505,0,3.690444847657182,30.083592866427637,"Transport, lysosomal"
HEXCt,2.3106113329088944,0,6.7424531538898185,-2.669215630132833,"Transport, extracellular"
HISt4,-0.3358181038802768,0,149.9854366174765,301.654204552269,"Transport, extracellular"
HISTASE,-0.7214558896013185,0,5.325560694213231,32.91298390535291,Histidine metabolism
HIStiDF,-1,-3.3267326732673266,NA,479.73879608478546,"Transport, extracellular"
HMGCOASim,-0.744950271117455,0,29.35720209968081,200.85046938700677,Cholesterol metabolism
HMGLm,-0.6824193405876823,0,67.36601107450724,356.87903709163663,Cholesterol metabolism
HMGLx,-0.5660936890400667,0,36.696255996551876,132.44742811059356,Cholesterol metabolism
HOMt4,-0.707490017693734,0,22.906789337700246,133.71548493201138,"Transport, extracellular"
HPYRDCm,0.6938116018585705,0,23.113621485566114,4.178223085818573,Glyoxylate and dicarboxylate metabolism
HSD17B1,-0.9450623916484175,0,-609.0166937812805,-17.20146394593359,Steroid metabolism
HSD17B42x,-0.49778215448440044,0,19.659919093879314,58.63247640511198,Bile acid synthesis
HSD17B4x,-0.34756399204928,0,4.721910388624639,9.752797723994725,Bile acid synthesis
HSD17B7r,1,-3.3303964757709252,510.45550471572875,NA,Steroid metabolism
HSD3B7P,1,-3.33406835722161,190.98856480153893,NA,Bile acid synthesis
ICDHy,-0.8434122407409193,0,37.43232433099535,440.6679372489929,Citric acid cycle
ICDHyp,0.38641322252485566,0,12.072554579214646,5.342966829660563,Citric acid cycle
INSt,-1.0652587307722874,0,-13.18159855214751,417.1612161804199,"Transport, extracellular"
IPDPtx,0.3696409371726163,0,7.895206345376403,3.633663931638933,"Transport, peroxisomal"
KCC2t,1.8869033607644132,0,320.5360279311121,-98.47384719622359,"Transport, extracellular"
KHK,1,-3.337748344370861,18.69096641938202,NA,Fructose and mannose metabolism
KHK2,1,-3.341436464088398,24.51453671012875,NA,Glyoxylate and dicarboxylate metabolism
LALDO,0.5948104943110497,0,474.44848855896,120.54193851860873,Pyruvate metabolism
LCAT1e,-0.7798914719880645,0,16.477838083564258,133.2468294011116,Fatty acid oxidation
LCYSTAT,-0.8541916679905074,0,4.108296031154417,52.24371039447226,Methionine and cysteine metabolism
LEUKTRA4tr,0.5745392375965789,0,166.66744632228463,45.0356885918894,"Transport, endoplasmic reticular"
LEUKTRD4tr,-0.5745392375965789,0,-166.66744632228463,-45.0356885918894,"Transport, endoplasmic reticular"
LEUt4,-0.4104811984522063,0,42.40961304840371,101.46913326827493,"Transport, extracellular"
LEUt5m,4.640588789051811,0,70.20970689628345,-108.78022994322693,"Transport, mitochondrial"
LEUTAm,4.640588789051811,0,70.20970689628345,-108.78022994322693,"Valine, leucine, and isoleucine metabolism"
LEUtec,-0.33752713957788116,0,-383.5448415346273,-189.96851783641725,"Transport, extracellular"
LFORKYNHYD,1,-3.3451327433628317,10.33718223263364,NA,Tryptophan metabolism
L_LACDcm,-1,-3.3488372093023258,NA,278.09317030540706,Pyruvate metabolism
LNELDCCRNt,-1,-3.352549889135255,NA,500.49289332613944,Fatty acid oxidation
LNLCCPT2,-0.6574106817558966,0,28.818725154790094,139.42192696184142,Fatty acid oxidation
LNLCCRNt,-1,-3.356270810210877,-104.87578929994069,NA,Fatty acid oxidation
LNLNCGCRNt,1,-3.36,332.6683877052307,NA,Fatty acid oxidation
LNLNCGt,0.6418284621987007,0,-29.846972848225686,-136.8160346673727,"Transport, extracellular"
LPCHOLt,1,-3.363737486095662,NA,-85.51271765634418,"Transport, extracellular"
LPS2,1,-3.3674832962138086,181.94808341827394,NA,Triacylglycerol synthesis
LSTO2r,1,-3.37123745819398,1.580274233192973,NA,Cholesterol metabolism
LTA4H,-0.5453893172980061,0,70.53282631373816,239.7670808266921,Eicosanoid metabolism
LTC4Sr,0.5745392375965789,0,166.66744632228463,45.0356885918894,Eicosanoid metabolism
LYStm,1.0545109950872529,0,355.51109848251343,-9.432543213048671,"Transport, mitochondrial"
M4BTAer,0.35400729518861507,0,22.119821120769995,10.55329843976926,Phosphatidylinositol phosphate metabolism
M4CET3er,-0.6333047688110799,0,2.3693338102440045,10.55329843976926,Phosphatidylinositol phosphate metabolism
MAGt,-1,-3.375,-178.33852887115478,NA,"Transport, extracellular"
MALSO3tm,3.2120128860143184,0,259.15551261429414,-136.10009012268634,"Transport, mitochondrial"
MALSO4tm,1.3125440734246239,0,70.13622971090452,-518.9448021621704,"Transport, mitochondrial"
MALTSULtm,0.4538577315336288,0,309.0957571730137,116.11195121391118,"Transport, mitochondrial"
MANt1r,1.7798047822035137,0,39.764156984277626,-141.74905856930016,"Transport, extracellular"
MAOX,1,-3.3787709497206704,6.574111232521996,NA,Tyrosine metabolism
MCLACCYSR,-0.6515545592877712,0,73.24222345308,347.15198978943823,Methionine and cysteine metabolism
MCLOR,0.6515545592877712,0,-73.24222345308,-347.15198978943823,Methionine and cysteine metabolism
MCPST,-1,-3.38255033557047,NA,14.352079058615933,Methionine and cysteine metabolism
MERCPLACCYSt,-0.6515545592877712,0,73.24222345308,347.15198978943823,"Transport, extracellular"
MEVK1x,0.338259801874604,0,27.71340560337305,13.703672851128445,Cholesterol metabolism
MI145PP,-0.6243951258486583,0,3.5735519699491016,15.454699343473516,Inositol phosphate metabolism
MI14PP,-0.7091070816691883,0,5.357531736794184,31.477546734943985,Inositol phosphate metabolism
MINOHPtn,-0.7924636442062374,0,-82.48928761498965,-9.550835911776383,"Transport, nuclear"
MLTG1,-1,-3.3863381858902577,NA,223.60136541271208,Starch and sucrose metabolism
MMMm,-0.8110806988543787,0,91.32784290000797,875.517178717041,"Valine, leucine, and isoleucine metabolism"
MMSAD3m,-1,-3.390134529147982,NA,45.74918351648264,Propanoate metabolism
MMTSADm,-0.8110806988543787,0,91.32784290000797,875.517178717041,"Valine, leucine, and isoleucine metabolism"
NABTNO,-0.5815238572122702,0,6.271467188356226,23.701410818872972,Arginine and proline metabolism
NACHEX27ly,-0.7814626205549505,0,3.690444847657182,30.083592866427637,Hyaluronan metabolism
NACHEX6ly,-0.3426327185180123,0,2.3720530926686614,4.844774271544041,Chondroitin sulfate degradation
NACHEX7ly,-0.5569024002342516,0,1.3529079563168682,4.753683264362765,Chondroitin sulfate degradation
NACHEXA2ly,0.368022101740907,0,3.388380516105122,1.565312135195121,Chondroitin sulfate degradation
NACHEXA5ly,-0.3630534125859784,0,1.4034164497268808,3.0032841354028617,Chondroitin sulfate degradation
NADPHtru,0.5306683702591298,0,429.50965445156095,131.69571543381588,"Transport, endoplasmic reticular"
NADPHtxu,-1,-3.393939393939394,NA,149.17294186208696,"Transport, peroxisomal"
NADPtru,0.5306683702591298,0,429.50965445156095,131.69571543381588,"Transport, endoplasmic reticular"
NADPtxu,-1,-3.397752808988764,NA,149.17294186208696,"Transport, peroxisomal"
NAGAly,-0.331384575764693,0,1.0650886921828555,2.120864409036709,Sphingolipid metabolism
NAHCO3_HCLt,19.733714455917198,0,117.54711265037106,-130.0963711465411,"Transport, extracellular"
NaKt,-0.7146010976851614,0,16.47033845211738,98.94943589549446,"Transport, extracellular"
NCKt,1,-3.4015748031496065,94.56859602521956,NA,"Transport, extracellular"
NDP10ex,-0.7431388189145978,0,35.917638813860506,243.7481219841361,Nucleotide interconversion
NDP3ex,-0.39933608730473813,0,111.85171620795727,260.5752395119667,Nucleotide interconversion
NDP8,-0.6898357627391499,0,4.691997220666731,25.56292360517131,Nucleotide interconversion
NDPK10,-1.8630728785375428,0,-104.56797086551153,31.521998721816157,Nucleotide interconversion
NDPK10n,1.8630728785375428,0,104.56797086551153,-31.521998721816157,Nucleotide interconversion
NDPK1m,-2.0357877829380313,0,-49.3308725407877,16.831319826305563,Nucleotide interconversion
NDPK3m,0.9933771382557407,0,5.339975743266829,0.017741710982148204,Nucleotide interconversion
NDPK3n,1.1853701699409471,0,38.107354972985945,-449.25608494529723,Nucleotide interconversion
NDPK4m,0.6289710563737267,0,47.22146985746082,10.755582187381695,Nucleotide interconversion
NDPK5m,0.3992326589207193,0,21.539764930927962,9.248202736353893,Nucleotide interconversion
NDPK5n,13.767515492572102,0,582.7539530708312,-674.0409310909271,Nucleotide interconversion
NDPK6m,-0.7713730778758175,0,-787.422340990448,-101.63073407909461,Nucleotide interconversion
NDPK7m,0.8144782511081127,0,127.9011500963211,13.07728270463543,Nucleotide interconversion
NDPK7n,-2.886281484820943,0,-278.1779882246351,573.1265316558838,Nucleotide interconversion
NDPK8n,3.190110490878925,0,110.97323158617122,-212.31353569259645,Nucleotide interconversion
NH4tp,0.3973246060290563,0,-9.373289671356172,-21.732309678226958,"Transport, peroxisomal"
NICRNS,0.659871755670891,0,22.083176459625363,4.525115878838739,NAD metabolism
NP1,1,-3.4054054054054053,19.025715843331486,NA,NAD metabolism
NTD9e,-0.39933608730473813,0,111.85171620795727,260.5752395119667,Nucleotide interconversion
NTP3e,-0.39933608730473813,0,111.85171620795727,260.5752395119667,Nucleotide interconversion
O2Stn,-0.6665100270319085,0,17.205774357723964,85.98038266277648,"Transport, nuclear"
O2tn,0.6665100270319085,0,-8.602887178861982,-42.99019133138824,"Transport, nuclear"
O2tp,-4.914263028380052,0,-90.68038814794929,137.01370171961187,"Transport, peroxisomal"
OAGD3te,0.40924009482607226,0,824.3784084075928,345.58320627288816,"Transport, extracellular"
OCCOAtx,1.397436712544571,0,6.098266908279538,-36.78625679847188,"Transport, peroxisomal"
OCDCEAtr,-1.156070522348502,0,-27.579948097071984,381.0092527736664,"Transport, extracellular"
OCOAT1m,0.42091510178770036,0,94.08042022705078,38.341875951918794,"Valine, leucine, and isoleucine metabolism"
OIVD2m,1,-3.4092446448703493,98.95532573871613,NA,"Valine, leucine, and isoleucine metabolism"
OIVD3m,-0.33366536579108963,0,15.524323627723742,31.071854420726698,"Valine, leucine, and isoleucine metabolism"
ORNt3m,4.71620636913687,0,215.97767369310193,-140.41088700071947,"Transport, mitochondrial"
ORNt4m,-1.0349037891760753,0,-238.06867482948303,4.083484870329126,"Transport, mitochondrial"
ORPT,-0.7349028054784793,0,102.70775438111201,672.1609089141846,Pyrimidine synthesis
OXAHCOtex,-0.6122643558488481,0,59.95944942901475,249.32059914779663,"Transport, extracellular"
P45011A1m,-0.3959872549984875,0,10.897278432962159,25.185663601431077,Steroid metabolism
P45027A11m,1,-3.4130925507900676,6.8351456860765785,NA,Bile acid synthesis
P45027A12m,1,-3.4169491525423727,4.0403264773460705,NA,Bile acid synthesis
P45027A13m,1,-3.420814479638009,4.0403264773460705,NA,Bile acid synthesis
P45027A14m,1,-3.4246885617214042,4.405845061327724,NA,Bile acid synthesis
P45027A15m,1,-3.4285714285714284,22.165276761085973,NA,Bile acid synthesis
P45027A16m,1,-3.4324631101021565,8.761058946639931,NA,Bile acid synthesis
P45027A1m,1,-3.4363636363636365,4.405845061327724,NA,Bile acid synthesis
P5CRm,1,-3.4402730375426622,6.812820784243461,NA,Arginine and proline metabolism
PA_HStg,-1,-3.4441913439635536,-5.1922540354833275,NA,"Transport, golgi apparatus"
PAFH,0.7778762693238515,0,149.57496222281233,18.68754828327318,Glycerophospholipid metabolism
PAFS,0.7778762693238515,0,149.57496222281233,18.68754828327318,Glycerophospholipid metabolism
PAIL_HStn,-0.6984771844876791,0,82.48928761498965,464.66192861938475,"Transport, nuclear"
PCHOL_HSter,-1,-3.4481185860889396,-268.770676697731,NA,"Transport, endoplasmic reticular"
PCHOLP_hs,1,-3.452054794520548,79.5150503155917,NA,Glycerophospholipid metabolism
PCHOLPg_hs,1,-3.456,5.1922540354833275,NA,Glycerophospholipid metabolism
PCHOLPm_hs,1,-3.459954233409611,2.771591872345893,NA,Glycerophospholipid metabolism
PCHOLPr_hs,1,-3.463917525773196,116.73142888033688,NA,Glycerophospholipid metabolism
PCm,-0.41515697710432997,0,82.46886771534048,199.5516556962967,Pyruvate metabolism
PCRNtm,-1,-3.467889908256881,NA,242.37555281906128,Fatty acid oxidation
PCt,1,-3.4718714121699197,33.02790605927922,NA,"Transport, extracellular"
PDX5PO,-0.5472719717907106,0,5.786050619919195,19.774772918244388,Vitamin B6 metabolism
PEt,2.081586006933709,0,154.2966819814563,-54.15559772530916,"Transport, extracellular"
PETHCT,-0.61696776543747045,0,9.549692730794842,40.31395773560405,Glycerophospholipid metabolism
PETOHMm_hs,1,-3.475862068965517,2.771591872345893,NA,Glycerophospholipid metabolism
PGLYCt,-1,-3.4798619102416573,-222.2094476714611,NA,"Transport, extracellular"
PGPP_hs,0.9998848750310513,0,230.3823477815628,0.013262143719280311,Glycerophospholipid metabolism
PGPPT,0.9998848750310513,0,230.3823477815628,0.013262143719280311,Glycerophospholipid metabolism
PHCDm,-1,-3.4838709677419355,NA,103.91604023047388,Arginine and proline metabolism
PHEMEtm,-0.9209139749658177,0,1.7857273494843988,43.37338511602581,"Transport, mitochondrial"
PHEtec,0.7384853933036049,0,-95.20693272086642,-632.9124937507629,"Transport, extracellular"
PI34P5K,-0.3737247432136405,0,2.9453281897971215,6.460530201960667,Inositol phosphate metabolism
PI45P3K,-0.37374557794647706,0,5.298027344433009,11.621700989174549,Inositol phosphate metabolism
PI45PLC,-0.5423993968223659,0,5.844057176820939,19.69811709584871,Inositol phosphate metabolism
PI5P4K,0.5913776520667368,0,10.412301402249229,2.6735948194636716,Inositol phosphate metabolism
PIPLC,-0.41768212641529123,0,3.9158711195405864,9.533385024478326,Inositol phosphate metabolism
PIter,-0.45144009910134747,0,181.33966329402924,479.80841915588377,"Transport, endoplasmic reticular"
PLA2_2,-1,-3.4878892733564015,NA,67.43655653117551,Glycerophospholipid metabolism
PLA2_2e,-1,-3.491916859122402,NA,79.30378978641643,Glycerophospholipid metabolism
PMEVKx,0.338259801874604,0,27.71340560337305,13.703672851128445,Cholesterol metabolism
PMI12346PHn,0.7924636442062374,0,82.48928761498965,9.550835911776383,Inositol phosphate metabolism
PPAer,-0.4943790096574478,0,54.93238128198385,162.35440993595122,Miscellaneous
PPAP,0.6267502534601844,0,22.174466770865397,5.0878210003510205,Triacylglycerol synthesis
PPDOy,-0.41184228337715134,0,27.954725721018832,67.10387822464553,Pyruvate metabolism
PPItr,-0.4185590347203904,0,-203.2613361552,-83.31304133662498,"Transport, endoplasmic reticular"
PPItx,-0.7387436358574463,0,13.026593201712611,86.69609293813352,"Transport, peroxisomal"
PPMI12346Ptn,0.7924636442062374,0,82.48928761498965,9.550835911776383,"Transport, nuclear"
PPPG9tm,-1,-3.4959537572254336,NA,13.045872200389299,Heme synthesis
PPPGOm,-1,-3.5,NA,6.5229361001946495,Heme synthesis
PRGNLONEtm,0.45068139055049844,0,-10.897278432962159,-28.778342401667278,"Transport, mitochondrial"
PROSTGE1t,-1,-3.504055619930475,NA,6.42893470227871,"Transport, extracellular"
PROSTGE2t,1.009531298926415,0,3.0371628097745433,-640.3401858757019,"Transport, extracellular"
PROSTGE2t2,-1,-3.508120649651972,NA,644.8399434196472,"Transport, extracellular"
PROt4,-0.6486931916518275,0,54.9451993555267,257.8594377870118,"Transport, extracellular"
PSDm_hs,-0.7179604055651253,0,2.771591872345893,16.88232854900032,Glycerophospholipid metabolism
PSFLIPm,-0.7179604055651253,0,2.771591872345893,16.88232854900032,"Transport, mitochondrial"
PSSA1_hs,8.529833514059733,0,198.18949734964372,-250.83063396430686,Glycerophospholipid metabolism
PSSA2_hs,-0.4838307909183686,0,-481.17575466995237,-167.38304005912096,Glycerophospholipid metabolism
PTDCACRNCPT1,-15.496181082701721,0,-0.3762891525519939,0.42820477783360955,Fatty acid oxidation
PTDCACRNCPT2,-15.496181082340287,0,-0.37628915255085643,0.42820477783360955,Fatty acid oxidation
PTDCAt,0.7939910964373477,0,3.728943485453779,0.42820477783360955,"Transport, extracellular"
PTRCAT1,-0.5815238572122702,0,6.271467188356226,23.701410818872972,Arginine and proline metabolism
PYDXDH,1,-3.5121951219512195,7.074037462936243,NA,Vitamin B6 metabolism
RBK_D,-0.4183363777076968,0,8.30791249903975,20.25812526106201,Pentose phosphate pathway
RETH,-1,-3.516279069767442,NA,9.578610354870834,Vitamin A metabolism
RETNGLCt,0.5230432777874944,0,77.4182617440761,24.244327721589805,"Transport, extracellular"
RETNGLCtr,0.5230432777874944,0,77.4182617440761,24.244327721589805,"Transport, endoplasmic reticular"
RTOTAL2t,1,-3.520372526193248,NA,-254.6965997294903,"Transport, extracellular"
RTOTALt,-0.5693813657702709,0,-265.75394594249724,-72.9195616431648,"Transport, extracellular"
Rtotaltl,0.3612672943741264,0,-2.5627437945628215,-5.461720185410371,"Transport, lysosomal"
S2T3g,-0.37889176485685366,0,0.4658253446145812,1.0341558768780716,Chondroitin synthesis
S2TASE4ly,-0.35037459188781966,0,3.775469542552186,7.848058402648568,Chondroitin sulfate degradation
S2TASE5ly,-0.35037459188781966,0,3.775469542552186,7.848058402648568,Chondroitin sulfate degradation
S4T6g,-0.37889176485685366,0,0.4658253446145812,1.0341558768780716,Chondroitin synthesis
S6TASE6ly,-0.3426327185180123,0,2.3720530926686614,4.844774271544041,Chondroitin sulfate degradation
S6TASE7ly,-0.5569024002342516,0,1.3529079563168682,4.753683264362765,Chondroitin sulfate degradation
SALMCOM,0.3823257523809275,0,18.760459589313704,8.382866876247048,Tyrosine metabolism
SAMHISTA,1,-3.5244755244755246,82.02471357606086,NA,Histidine metabolism
SARCStm,1,-3.528588098016336,33.69296537705548,NA,"Transport, mitochondrial"
SARDHm,1,-3.532710280373832,33.69296537705548,NA,Urea cycle
SBTD_D2,-0.7593677233754261,0,57.84021700375443,422.89510092697145,Fructose and mannose metabolism
SBTR,-0.7593677233754261,0,57.84021700375443,422.89510092697145,Fructose and mannose metabolism
SCP21x,-2.157686362088681,0,-1.2106734592269466,3.302213100486376,"Transport, peroxisomal"
SCP22x,2.5847724856983536,0,422.26003515205383,-186.67463226432056,"Transport, peroxisomal"
SERASNNaEx,0.9624960844390894,0,230.00649636910316,4.395496269615848,"Transport, extracellular"
SERDGLYexR,1,-3.536842105263158,NA,-181.66848696932513,"Transport, extracellular"
SERGLNNaEx,0.9460550613037657,0,263.50681861684325,7.304448604245587,"Transport, extracellular"
SERPT,-0.42376202708653743,0,23.01427962853472,56.86341226384226,Sphingolipid metabolism
SERTHRNaEx,-0.7821767870136532,0,23.96909678027013,196.1093462070942,"Transport, extracellular"
SFGTH,-0.3732542330066798,0,6.574111232521996,14.404446832767857,Tyrosine metabolism
SGPL12r,0.3389064233108016,0,41.81101967567801,20.64445734308057,Sphingolipid metabolism
SLCBK1,-0.374246342237843,0,3.5752839702218875,7.851845303006648,Sphingolipid metabolism
SLDt,-0.8541916679905074,0,4.108296031154417,52.24371039447226,Methionine and cysteine metabolism
SLDx,0.8541916679905074,0,-4.108296031154417,-52.24371039447226,Methionine and cysteine metabolism
SMPD3l,-0.3612672943741264,0,2.5627437945628215,5.461720185410371,Sphingolipid metabolism
SMS,0.5034401741598094,0,31.968673286356033,10.558690071113881,Sphingolipid metabolism
SPHGNtr,0.5672681286754062,0,65.90220154896974,18.19598221830652,"Transport, endoplasmic reticular"
SPHINGStl,0.3612672943741264,0,-2.5627437945628215,-5.461720185410371,"Transport, lysosomal"
SPODMn,-0.6665100270319085,0,8.602887178861982,42.99019133138824,ROS detoxification
SPRMS,-0.7523153478124623,0,17.009357903417857,120.3375285765648,Urea cycle
SR5AR2r,0.5068590019050748,0,203.4256170824051,66.57392079767585,Steroid metabolism
STCOAtx,0.7319449919475216,0,-3.204064557342618,-20.70195817001746,"Transport, peroxisomal"
STRDNCCPT2,-1.028240847891595,0,-46.62911679252229,0.6492551395096525,Fatty acid oxidation
STRDNCCRNt,2.196432785144277,0,182.17949324240385,-68.19023991657123,Fatty acid oxidation
STRDNCt,0.8992509182061269,0,124.24466294184178,6.5907751257020974,"Transport, extracellular"
STS1,0.3397627977570644,0,203.4256170824051,100.24846227397919,Steroid metabolism
SUCCt2m,-1.0369571810077725,0,-343.3930371910095,6.230292296079639,"Transport, mitochondrial"
T4HCINNMFM,-0.9967780524097599,0,0.8462937437436397,524.4842524806976,Ubiquinone synthesis
TAGAT_Dt,-0.3992328344653974,0,18.42292245899037,42.90840027598776,"Transport, extracellular"
TCHOLAt,2.3981826108289557,0,596.4211063512802,-245.39753013105542,"Transport, extracellular"
TCHOLAte,-1,-3.540983606557377,NA,245.39753013105542,"Transport, extracellular"
TETHEX3t,0.6136542134444212,0,10.139798800006526,2.427700129473101,"Transport, extracellular"
TETPENT3CPT1,-0.4668319027104409,0,-626.4247918045044,-227.69460748996735,Fatty acid oxidation
TETPENT3CPT2,-0.4668319027104409,0,-626.4247918045044,-227.69460748996735,Fatty acid oxidation
TETPENT3CRNt,-0.4668319027104409,0,-626.4247918045044,-227.69460748996735,Fatty acid oxidation
TETPENT3t,0.47885558774064335,0,6.942327859344779,2.446456166485741,"Transport, extracellular"
TETPENT6COAtx,0.35515811210594816,0,17.336195134038107,8.249299250963572,"Transport, peroxisomal"
TETPENT6CPT1,-0.4455588551182827,0,-360.0853211384773,-138.10998908846378,Fatty acid oxidation
TETPENT6CPT2,-0.4455588551182827,0,-360.0853211384773,-138.10998908846378,Fatty acid oxidation
TETPENT6CRNt,-0.4455588551138552,0,-360.0853211384773,-138.10998908998965,Fatty acid oxidation
TETPENT6t,0.4339199520357861,0,20.896046113637833,8.249299250963572,"Transport, extracellular"
TETTET6CPT1,-0.9072156053710246,0,-269.55459442532805,-13.113598584648532,Fatty acid oxidation
TETTET6CPT2,-0.9072156053710246,0,-269.55459442532805,-13.113598584648532,Fatty acid oxidation
TETTET6CRNt,-0.9072156053709844,0,-269.55459442532805,-13.113598584654502,Fatty acid oxidation
TETTET6t,0.3748567597081844,0,13.161590301436089,5.984535589132552,"Transport, extracellular"
THBPT4ACAMDASE,0.8342259454757357,0,326.56614960212374,29.514463484421164,Tetrahydrobiopterin metabolism
THD1m,0.4228506734302789,0,238.7106742046356,96.82794367314926,NAD metabolism
THFt2,-1.3181211718204044,0,-23.64079627218603,172.26841597385408,"Transport, extracellular"
THFtm,-3.2343516784674584,0,-83.06718399715265,157.4218031000223,"Transport, mitochondrial"
THMTP,-0.4599943306057607,0,4.8287562689996815,13.055338445844415,Thiamine metabolism
THRALANaEx,-0.5347901748337208,0,23.730627118178504,78.29055057168007,"Transport, extracellular"
THRASNNaEx,0.45802245060911656,0,238.83177593011857,88.7787842918342,"Transport, extracellular"
THRGLNNaEx,-0.8486788645512021,0,4.818604614146466,58.86852805050267,"Transport, extracellular"
THRt4,0.7794477987873842,0,139.4064313356012,17.27861604887457,"Transport, extracellular"
THYMDt1,1,-3.545134818288394,944.5248582641601,NA,"Transport, extracellular"
THYMDtm,1,-3.5492957746478875,39.08391727803148,NA,"Transport, mitochondrial"
THYOXt,-3.305500611620722,0,-154.05341518945397,287.69329748916624,"Transport, extracellular"
TMDK1m,0.7815596725938185,0,39.08391727803148,4.792151404111733,Nucleotide interconversion
TMDPP,-1,-3.553466509988249,-22.4552815055782,NA,Pyrimidine catabolism
TMNDNCCOAtx,1.07315084463692,0,0.664347067932476,-18.828103651466755,"Transport, peroxisomal"
TMNDNCCPT2,0.7087799570553979,0,-10.919305217788544,-64.07076145056705,Fatty acid oxidation
TMNDNCt,1,-3.5576470588235294,3.4864371101921248,NA,"Transport, extracellular"
TRDR,1,-3.5618374558303887,862.1563232727051,NA,Nucleotide interconversion
TREH,-0.511969301769264,0,14.738165432532178,45.6603524720285,Starch and sucrose metabolism
TRIODTHYSUFt,-1,-3.5660377358490565,NA,5.040929131529056,"Transport, extracellular"
TRIODTHYt,2.923079593502929,0,404.8625746513367,-198.46218689380268,"Transport, extracellular"
TRPO2,1,-3.5702479338842976,25.982311173520984,NA,Tryptophan metabolism
TTDCRNt,0.48467245561108085,0,443.1198251995087,153.8062153218313,Fatty acid oxidation
TYRASE,-0.8769428640382657,0,13.994059026808577,213.4459657623291,Tyrosine metabolism
TYRDOPO3,-0.8272460218980955,0,10.39081311151004,109.90526603730918,Tyrosine metabolism
TYRTAm,-0.9967780524097599,0,0.8462937437436397,524.4842524806976,Tyrosine metabolism
UDPACGALtl,0.34232188796106455,0,-7.943363994461781,-16.21241631525764,"Transport, lysosomal"
UDPDOLPT_L,-1,-3.574468085106383,NA,0.3890557831293423,N-glycan synthesis
UDPGLCAter,1.8024135260069734,0,44.39444655697344,-12.711437504252384,"Transport, endoplasmic reticular"
UDPtl,-0.34232188796106455,0,7.943363994461781,16.21241631525764,"Transport, lysosomal"
UGT1A10r,0.34782271146958144,0,-205.01048031358718,-423.6850720125198,Steroid metabolism
UGT1A5r,0.5230432777874944,0,77.4182617440761,24.244327721589805,Vitamin A metabolism
UMPK2,3.3224858508357324,0,333.4889180195179,-179.18469145736992,Nucleotide interconversion
UMPK3,-0.7433052341921209,0,55.19652143531237,374.85916171503067,Nucleotide interconversion
UMPK5,27.586206929257774,0,268.99796170186994,-289.23386541070937,Nucleotide interconversion
UMPK5n,-0.584802528977592,0,-557.7128151947021,-146.11344075467588,Nucleotide interconversion
UMPK6,-1.4423601643556583,0,-38.51671560686882,212.65859686316253,Nucleotide interconversion
UMPK6n,-0.8092441758698908,0,27.36272060793722,259.5246730820596,Nucleotide interconversion
UMPK7,0.44478000206814017,0,-225.7368141201973,-587.4068585178376,Nucleotide interconversion
UMPK7n,1.5089973040017384,0,557.424199314338,-113.08398545657788,Nucleotide interconversion
URIt,0.7717441895565957,0,-119.41245657078922,-926.8913053253174,"Transport, extracellular"
UROLACer,0.5889430497479906,0,74.83986453480013,19.360949706679293,Vitamin C metabolism
VALt5m,1.547580613148465,0,6.5151751645116835,-30.311398069668595,"Transport, mitochondrial"
VALTAm,1.5475806131484264,0,6.5151751645116835,-30.311398069670272,"Valine, leucine, and isoleucine metabolism"
VALtec,1.1037210918438032,0,29.453424637266714,-597.388530480957,"Transport, extracellular"
XOL7AONEtr,1.1128996014959156,0,57.80296791677603,-3.088614356529247,"Transport, endoplasmic reticular"
XOLTRIOLtm,1,-3.578698224852071,6.8351456860765785,NA,"Transport, mitochondrial"
XYLUR,-1,-3.5829383886255926,NA,126.79941026140452,Pentose phosphate pathway
EX_HC01609[e],-0.597780587801436,0,150.4577401498258,597.6798961090088,Exchange/demand reaction
EX_HC01610[e],0.597780587801436,0,-150.4577401498258,-597.6798961090088,Exchange/demand reaction
EX_HC02160[e],0.7427068968874948,0,134.72594902095796,19.89092804721785,Exchange/demand reaction
EX_HC02161[e],-0.7427068968874948,0,-134.72594902095796,-19.89092804721785,Exchange/demand reaction
EX_orot[e],-0.639948139207072,0,162.23491552506724,738.9403494369507,Exchange/demand reaction
EX_prpp[e],-0.5005297240441264,0,-294.3909277718544,-97.99173956835908,Exchange/demand reaction
r0009,-0.36163305180459215,0,59.10305653696731,126.0664817796547,Purine catabolism
r0021,-0.721664323115404,0,27.070504837519117,167.44645497531238,Glutathione metabolism
r0027,4.364603855175851,0,367.38506939697265,-230.41873252849578,Methionine and cysteine metabolism
r0051,-0.5005297240441264,0,-294.3909277718544,-97.99173956835908,Purine catabolism
r0074,-1.7820760558928037,0,-618.9619943054199,173.9978870198719,Urea cycle
r0081,10.171263443891968,0,284.92020200042725,-347.05345195960996,Citric acid cycle
r0083,0.933825522504525,0,183.8023898460388,6.28961970402,Miscellaneous
r0084,0.6179696955755588,0,11.394911126777073,2.6905333137920957,Miscellaneous
r0085,1,-3.587188612099644,31.140549253467377,NA,Urea cycle
r0086,1,-3.5914489311163895,246.65276313061713,NA,Urea cycle
r0122,-0.6938992189435212,0,80.60339256289005,446.0427158507824,Glycolysis/gluconeogenesis
r0129,-1,-3.595719381688466,NA,17.694329476955417,Glutathione metabolism
r0153,0.4351308757587638,0,436.9414477882385,171.98064450139253,Glycolysis/gluconeogenesis
r0156,1,-3.6,31.140549253467377,NA,Urea cycle
r0157,1,-3.604290822407628,246.65276313061713,NA,Urea cycle
r0166,-0.7203094619589363,0,11.64899347153132,71.65016675834414,Pyrimidine catabolism
r0191,-0.7949305825452239,0,30.683266399435272,268.5643423397064,Fructose and mannose metabolism
r0196,-0.4683930239645036,0,-812.0354496330261,-293.98376508731843,Miscellaneous
r0210,-1,-3.6085918854415273,NA,43.01621848766487,Methionine and cysteine metabolism
r0224,0.7260161195544869,0,538.4297581278801,85.46911747110057,Folate metabolism
r0239,1,-3.6129032258064515,10.33718223263364,NA,Tryptophan metabolism
r0242,1,-3.617224880382775,159.08393683943748,NA,Miscellaneous
r0249,-0.5037386262971653,0,-244.34829982566833,-80.63942816447616,Pentose phosphate pathway
r0276,3.2425238891496546,0,258.47576637630465,-136.6257671164952,Purine catabolism
r0281,1,-3.621556886227545,6.486871330718728,NA,Methionine and cysteine metabolism
r0308,-0.5301170076164525,0,12.263194625813973,39.933606810250765,Fatty acid oxidation
r0309,-0.9512065567187845,0,-283.66940425332785,-7.093665680545242,Fatty acid oxidation
r0310,-0.4587370782061786,0,5.743717053755715,15.479672993802795,Fatty acid oxidation
r0317,1.1079511883775006,0,30.71400405675117,-599.7490377304077,Miscellaneous
r0321,0.44118122129995135,0,8.176593095663126,3.170478285530428,Cholesterol metabolism
r0354,-0.5710266640287434,0,7.233266305648454,26.49035098758638,Glycolysis/gluconeogenesis
r0355,-0.44842216313963296,0,5.285407669617665,13.879277045427099,Glycolysis/gluconeogenesis
r0357,0.41278290299988607,0,38.73649303086272,16.10065561895477,Fructose and mannose metabolism
r0358,-0.36497623047933064,0,7.8208297425123225,16.810782861266798,Fructose and mannose metabolism
r0360,-0.37969058298387826,0,5.299199273139024,11.786465163908524,Fructose and mannose metabolism
r0361,-0.5002513532703876,0,4.302912082372165,12.917393007119129,Fructose and mannose metabolism
r0364,-0.38850322676580046,0,2.575630576232372,5.848389595157546,Aminosugar metabolism
r0377,-0.3801231944522445,0,151.60458376226873,337.5396539489746,Pyrimidine catabolism
r0383,0.38723039329655384,0,393.7400703147888,173.92348754472732,Miscellaneous
r0385,-0.6935528128845657,0,10.068814755764182,55.644398999214125,Miscellaneous
r0388,-0.6009322263761048,0,9.041279597717832,36.270720996140504,Vitamin B6 metabolism
r0389,-0.3855097996905737,0,31.212642854324784,70.37609798680717,Vitamin B6 metabolism
r0391,0.5883795207339444,0,701.7246263343811,181.84837013705967,NAD metabolism
r0407,1,-3.6258992805755397,NA,-427.30569796600344,Miscellaneous
r0408,10.305372890080791,0,290.52004860229493,-352.9614041576385,Miscellaneous
r0409,-0.5924825473920772,0,-290.52004860229493,-74.34429365133158,Miscellaneous
r0423,-0.42091545803078695,0,252.74059780464174,620.1564646697998,Miscellaneous
r0424,0.6179696955755588,0,11.394911126777073,2.6905333137920957,Miscellaneous
r0425,0.7980735276554606,0,-68.9382078272935,-613.8668451889038,Miscellaneous
r0450,0.6438804328395223,0,145.43906366043092,31.506972991650645,Lysine metabolism
r0451,0.5556699858308648,0,34.3711735494303,9.817084709049974,Miscellaneous
r0456,-0.8503180298295089,0,5.557050854814267,68.6943883597372,Nucleotide interconversion
r0463,0.634393064553037,0,-53.36918057484627,-238.5792230275154,Cholesterol metabolism
r0472,-1,-3.630252100840336,NA,73.42596932724639,Nucleotide interconversion
r0480,-0.9378265698082594,0,-699.0154406669617,-22.42728445381791,Glycerophospholipid metabolism
r0483,-0.44181010371232937,0,134.3600865723051,347.05345195960996,Pyrimidine catabolism
r0488,1.449831686689899,0,285.3314966842651,-52.39182312669754,Cholesterol metabolism
r0512,-0.7073564761771276,0,131.4981170174122,767.1933373474121,Folate metabolism
r0517,-0.4683930239645036,0,-812.0354496330261,-293.98376508731843,Miscellaneous
r0525,1,-3.6346153846153846,71.18167093131095,NA,Lysine metabolism
r0527,0.8235053131685919,0,711.2239554748535,68.83843352801017,NAD metabolism
r0531,-0.6439639473984795,0,-87.41642016971204,-18.931921967651412,Nucleotide interconversion
r0541,0.3981547517640754,0,12.094787859399128,5.206283919871272,Tryptophan metabolism
r0555,0.38723039329655384,0,393.7400703147888,173.92348754472732,Miscellaneous
r0557,0.5556699858308648,0,34.3711735494303,9.817084709049974,Miscellaneous
r0560,0.6550116102254355,0,59.625841571841555,12.42905061555487,"Valine, leucine, and isoleucine metabolism"
r0561,-0.6935528128845657,0,10.068814755764182,55.644398999214125,"Valine, leucine, and isoleucine metabolism"
r0584,-0.4355577188605519,0,-22.578526101277536,-8.877577411159198,NAD metabolism
r0596,-0.36472225214768045,0,17.163874665953006,36.87193793405962,CoA synthesis
r0603,1,-3.6389891696750905,8.279170096833306,NA,"Valine, leucine, and isoleucine metabolism"
r0634,113.74725198305099,0,11.402493879633397,-11.203752843441652,Fatty acid oxidation
r0636,1,-3.6433734939759037,25.244909853748698,NA,Fatty acid oxidation
r0641,-0.5745392375965789,0,-166.66744632228463,-45.0356885918894,Fatty acid oxidation
r0643,1.3563677604714506,0,107.3644150163034,-709.9128322708129,"Valine, leucine, and isoleucine metabolism"
r0652,1,-3.6477683956574185,104.08085473352963,NA,Fatty acid oxidation
r0655,0.4339822927859389,0,19.261039124779824,7.6026665453362305,"Valine, leucine, and isoleucine metabolism"
r0669,0.41214519121098553,0,39.526525526005216,16.454298219333932,"Valine, leucine, and isoleucine metabolism"
r0672,-1,-3.652173913043478,-57.80296791677603,NA,Bile acid synthesis
r0686,1.4004397877811035,0,14.578738118267006,-87.39237234302759,Arginine and proline metabolism
r0688,-1.0378847790350885,0,-490.9127336029053,9.126188403479429,Bile acid synthesis
r0715,-0.6579759095043913,0,1.683167566743576,8.159224320357643,Fatty acid oxidation
r0717,-0.6579759095041403,0,1.683167566745066,8.159224320357643,Fatty acid oxidation
r0719,-0.5632809600613046,0,1.683167566743576,6.025072344114678,Fatty acid oxidation
r0721,-0.5632809600613046,0,1.683167566743576,6.025072344114678,Fatty acid oxidation
r0722,0.40365786255828806,0,2.1249420929708984,0.9027787635888439,Fatty acid oxidation
r0724,-0.40365786255828806,0,-2.1249420929708984,-0.9027787635888439,Fatty acid oxidation
r0726,-113.74725198305099,0,-11.402493879633397,11.203752843441652,Fatty acid oxidation
r0727,-0.6780927222512309,0,4.966469846615771,25.890054313685,Fatty acid oxidation
r0728,1,-3.656590084643289,NA,-7.070116640174436,Fatty acid oxidation
r0729,-0.6780927222512309,0,4.966469846615771,25.890054313685,Fatty acid oxidation
r0739,-1.0378847790350885,0,-490.9127336029053,9.126188403479429,Bile acid synthesis
r0741,1,-3.6610169491525424,22.033183761419963,NA,Bile acid synthesis
r0747,-1,-3.6654545454545455,-14.75860237725838,NA,Bile acid synthesis
r0774,0.597780587801436,0,-150.4577401498258,-597.6798961090088,Miscellaneous
r0779,0.41214519121098553,0,39.526525526005216,16.454298219333932,Miscellaneous
r0782,1,-3.6699029126213594,8.334351325735183,NA,Aminosugar metabolism
r0783,0.44501418958804145,0,416.03581530914306,159.786648313516,Cholesterol metabolism
r0784,1,-3.674362089914945,NA,-120.61933652956337,Pentose phosphate pathway
r0788,-0.9378265698082594,0,-699.0154406669617,-22.427284453817933,Sphingolipid metabolism
r0789,-0.9378265698082594,0,-699.0154406669617,-22.42728445381791,Sphingolipid metabolism
r0791,1.5418223754037341,0,20.14050442122519,-94.4840728507042,Fatty acid oxidation
r0797,0.4326283959011355,0,-29.52544231354499,-74.55252739887713,Bile acid synthesis
r0819,-2.603185324688076,0,-219.06156529636382,492.3444626918793,"Transport, mitochondrial"
r0821,-0.41095351116489137,0,173.75280394008308,416.19317565040586,"Transport, mitochondrial"
r0826,1,-3.678832116788321,116.73142888033688,NA,"Transport, endoplasmic reticular"
r0829,0.6664450540026561,0,217.48213127049226,43.531132560942325,"Transport, mitochondrial"
r0830,-6.028995938776051,0,-500.03507511997225,698.8958740577698,"Transport, mitochondrial"
r0834,-1.1828070585168706,0,-482.1822400774956,40.38209269743445,"Transport, mitochondrial"
r0835,3.513240740426281,0,144.81902958121262,-260.0638823736668,"Transport, mitochondrial"
r0840,-0.5037386262971653,0,-244.34829982566833,-80.63942816447616,"Transport, endoplasmic reticular"
r0841,0.5037386262971653,0,244.34829982566833,80.63942816447616,"Transport, endoplasmic reticular"
r0842,-2.1893564147347075,0,-51.846344270802334,19.334239928199445,"Transport, endoplasmic reticular"
r0853,0.7925248380730219,0,113.31426861841706,13.11552048311727,Purine catabolism
r0859,-0.3612672943741264,0,2.5627437945628215,5.461720185410371,Purine catabolism
r0860,-0.3382598013776853,0,-83.14021679599286,-41.111018592536794,Purine catabolism
r0870,-1,-3.6833130328867236,-9.01996681009002,NA,"Transport, extracellular"
r0885,-0.853844681937187,0,-163.7953020587504,-12.91346287142858,"Transport, mitochondrial"
r0899,0.9401273956016445,0,449.8475055351257,13.8823573130049,"Transport, extracellular"
r0907,0.42517843573904424,0,41.072222718134896,16.56578482979208,"Transport, mitochondrial"
r0913,-1.169909160105576,0,-38.187198145025036,487.6885448799133,"Transport, mitochondrial"
r0915,-4.043669384560484,0,-643.0075516815185,388.03146080217886,"Transport, mitochondrial"
r0917,0.6482101969981856,0,378.97536148147583,80.88753970878177,"Transport, mitochondrial"
r0927,1,-3.6878048780487807,41.9009964980118,NA,"Transport, mitochondrial"
r0942,0.7148527209624861,0,379.43760101470946,63.09323137274431,"Transport, extracellular"
r0954,-1.0931455720115815,0,-307.9457405132294,13.703672851128445,"Transport, peroxisomal"
r0987,-0.4412825114236578,0,4.030071856864893,10.396080677339274,"Transport, lysosomal"
r0990,1,-3.6923076923076925,NA,-55.52088384250179,"Transport, peroxisomal"
r0993,0.46174896612435984,0,6.905278668252616,2.542689250015975,"Transport, extracellular"
r0995,0.5239513158431115,0,-197.56945743651391,-632.4694188873291,"Transport, endoplasmic reticular"
r1019,0.4262106170322749,0,-29.52544231354499,-73.38842535279262,"Transport, peroxisomal"
r1020,1,-3.6968215158924207,9.727623871658592,NA,"Transport, mitochondrial"
r1078,-0.9967780524097599,0,0.8462937437436397,524.4842524806976,"Transport, mitochondrial"
r1106,1,-3.701346389228886,9.019966810078147,NA,"Transport, extracellular"
r1116,0.8553957078619276,0,161.25863651809692,12.568041893188097,"Transport, extracellular"
r1135,1,-3.7058823529411766,2.1132757611250264,NA,Miscellaneous
r1146,1,-3.7104294478527606,2.1132757611250264,NA,"Transport, mitochondrial"
r1147,-0.6463150147833406,0,-345.18490454638004,-74.15756812347807,"Transport, peroxisomal"
r1154,1.032222331171328,0,321.12378556785586,-5.091646128892774,Propanoate metabolism
r1155,0.7352449721645621,0,401.3173909568787,61.2310069863481,"Transport, mitochondrial"
r1167,0.6790175069906911,0,46.5745102472445,8.903779947263542,Miscellaneous
r1177,0.6790175069906911,0,46.5745102472445,8.903779947263542,Miscellaneous
r1253,0.5642408401187757,0,23.804910355893757,6.631464587604338,Fatty acid oxidation
r1292,-1.046906009558949,0,-5.187951489065208,226.39421217279434,"Transport, peroxisomal"
r1298,-0.6015727756515584,0,2.589422308629307,10.408797443366089,"Transport, lysosomal"
r1374,1,-3.714987714987715,13.836782237546215,NA,Aminosugar metabolism
r1384,1,-3.7195571955719555,NA,-29.230539927517217,Nucleotide interconversion
r1400,1,-3.7241379310344827,NA,-182.7859877090454,Fatty acid oxidation
r1411,0.7427068968874948,0,134.72594902095796,19.89092804721785,Miscellaneous
r1443,-1,-3.7287299630086315,NA,3.1331989794057233,Fatty acid oxidation
r1444,-0.5632809600613046,0,1.683167566743576,6.025072344114678,Fatty acid oxidation
r1445,-1,-3.7333333333333334,NA,19.071561475108236,Fatty acid oxidation
r1446,-1,-3.737948084054388,NA,41.791036593843906,Miscellaneous
r1447,-1,-3.742574257425743,NA,8.411566625311709,Fatty acid oxidation
r1448,-1,-3.7472118959107807,NA,2.914887609994145,Fatty acid oxidation
r1449,-1,-3.7518610421836227,NA,7.542160367815129,Fatty acid oxidation
r1450,-1,-3.756521739130435,NA,18.456100101445383,Fatty acid oxidation
r1451,-1,-3.7611940298507465,NA,3.497954221167321,Fatty acid oxidation
r1459,-1.2700600764289227,0,-25.728584414798814,216.26829509706496,"Transport, nuclear"
r1472,-0.3431012983537949,0,26.283632379904855,53.7397633553505,Fatty acid oxidation
r1474,-0.3431012983537949,0,26.283632379904855,53.7397633553505,Fatty acid oxidation
r1477,-0.3431012983537949,0,26.283632379904855,53.7397633553505,Fatty acid oxidation
r1514,1,-3.7658779576587795,4.017500974580967,NA,"Transport, extracellular"
r1515,1,-3.770573566084788,5.05784286480523,NA,"Transport, extracellular"
r1516,1,-3.7752808988764044,5.379412032371051,NA,"Transport, extracellular"
r1517,1,-3.78,2.993383914672699,NA,"Transport, extracellular"
r1518,1,-3.7847309136420524,6.032075400356049,NA,"Transport, extracellular"
r1519,1,-3.789473684210526,8.043430667906575,NA,"Transport, extracellular"
r1520,1,-3.794228356336261,5.196781424567219,NA,"Transport, extracellular"
r1521,1,-3.798994974874372,5.059356313833113,NA,"Transport, extracellular"
r1522,1,-3.8037735849056604,3.01419696521531,NA,"Transport, extracellular"
r1523,1,-3.808564231738035,6.8850755305378435,NA,"Transport, extracellular"
r1525,1,-3.8133669609079446,6.541537838516687,NA,"Transport, extracellular"
r1527,-0.33625345574190363,0,3.653009659293599,7.354233062781153,"Transport, extracellular"
r1530,-0.5746725701725377,0,9.015165315691142,33.37648254651338,"Transport, extracellular"
r1531,-0.883149173311615,0,6.352740649808872,102.37974896706342,"Transport, extracellular"
r1538,0.5245087979922152,0,105.19591321076676,32.81039196675697,"Transport, extracellular"
r1664,-0.42473525252666455,0,-120.74308171835425,-48.75238279580747,"Transport, extracellular"
r1665,-23.63689441478218,0,-469.3506878623962,510.8184509983063,"Transport, extracellular"
r1666,1.9076041310288436,0,661.555329980278,-206.50347273436785,"Transport, extracellular"
r1668,-0.3345448239459155,0,180.44597280158848,361.8774752526283,"Transport, extracellular"
r1669,-0.4259162143948116,0,-139.47922300363408,-56.15530530254968,"Transport, extracellular"
r1670,0.6600766997336274,0,-30.633805283615295,-149.60570909865774,"Transport, extracellular"
r1671,-1.475841803042731,0,-703.4262400299073,135.19426400832236,"Transport, extracellular"
r1675,0.3620153330606862,0,8.935287439616005,4.1853980956001875,"Transport, extracellular"
r1676,0.5733941194256288,0,17.739266030370228,4.809777227584732,"Transport, extracellular"
r1677,0.5717942310834304,0,17.74876387268802,4.8353168189097335,"Transport, extracellular"
r1678,0.3709914117665129,0,29.761901629509612,13.654711157526902,"Transport, extracellular"
r1679,-0.5719255747167495,0,12.274905474952853,45.07449336769341,"Transport, extracellular"
r1683,0.5797095912440817,0,18.276307396111537,4.862511912718824,"Transport, extracellular"
r1685,0.5056626550583156,0,15.342634543407417,5.037275248289161,"Transport, extracellular"
r1686,-0.3664679094991972,0,12.696075457966721,27.384216127359476,"Transport, extracellular"
r1687,0.5425933051003643,0,8.855340366733172,2.625767890970598,"Transport, extracellular"
r1690,0.33990208399743044,0,52.082372050128974,25.658192237595284,"Transport, extracellular"
r1693,0.9290221579733006,0,113.89862299041386,4.190868641014382,"Transport, extracellular"
r1698,0.5584262088355219,0,60.23200837914053,17.06649704595334,"Transport, extracellular"
r1700,-0.8304462546385886,0,4.059588195514037,43.82597383510752,"Transport, extracellular"
r1701,0.33914215741536186,0,58.49210097986832,28.86546693175978,"Transport, extracellular"
r1702,-0.5702152469062258,0,8.362325083115673,30.551689538948438,"Transport, extracellular"
r1706,-0.6890990367439934,0,7.813714971846265,42.45126259538105,"Transport, extracellular"
r1708,0.916912763430442,0,171.6122043081034,7.438410390702208,"Transport, extracellular"
r1710,-0.3394953306408495,0,33.74763873252111,68.4397955070112,"Transport, extracellular"
r1711,0.4426202715718527,0,12.855199538619152,4.966814739070654,"Transport, extracellular"
r1713,0.7331673426804266,0,165.67938627767796,25.507445135204335,"Transport, extracellular"
r1716,0.39221422132818096,0,25.338921199561934,11.061972874610712,"Transport, extracellular"
r1717,-0.3502427250837794,0,2.9484802845399414,6.1271557979344475,"Transport, extracellular"
r1722,0.6431033713640449,0,13.737964765132467,2.984007819864064,"Transport, extracellular"
r1725,0.7964304303248269,0,71.45535154103858,8.097243800065913,"Transport, extracellular"
r1728,0.6066307195813114,0,24.754470685023417,6.060912568042282,"Transport, extracellular"
r1730,0.36316489883907627,0,13.130886388932128,6.134407780709266,"Transport, extracellular"
r1732,-0.6537322579645588,0,11.434650400436414,54.61048757990743,"Transport, extracellular"
r1733,-0.6580268689548794,0,32.88371324616119,159.4338126697708,"Transport, extracellular"
r1735,0.4374324427022618,0,27.5240977629563,10.772098907285992,"Transport, extracellular"
r1742,-0.6035478997523221,0,5.2586165973817804,21.269766499070656,"Transport, extracellular"
r1743,0.3502654713970817,0,210.13288055025936,101.11388536583976,"Transport, extracellular"
r1745,-0.38603216542113067,0,6.557730943534242,14.80407524304652,"Transport, extracellular"
r1748,0.6532207126831804,0,38.34163598355676,8.042534852687135,"Transport, extracellular"
r1749,0.6575434010365747,0,150.16911155261994,31.025675212793228,"Transport, extracellular"
r1753,0.8666931321831601,0,207.90989511089325,14.847548548564212,"Transport, extracellular"
r1754,0.866364710278076,0,109.8178584982872,7.863169109575206,"Transport, extracellular"
r1755,0.8231428835606104,0,204.41928390377163,19.830044820852944,"Transport, extracellular"
r1756,0.34778762440095046,0,24.584811681380426,11.89691768945811,"Transport, extracellular"
r1759,0.8427461104342756,0,100.02936979747545,8.536177274987795,"Transport, extracellular"
r1761,0.7124805133956925,0,48.07399282755924,8.071455195359164,"Transport, extracellular"
r1762,-0.42512715106704596,0,11.542925274660217,28.615260300064808,"Transport, extracellular"
r1763,0.4545047320332778,0,155.7572137317956,58.4149512690839,"Transport, extracellular"
r1764,0.7511900579165255,0,170.44614808098265,24.217072293590032,"Transport, extracellular"
r1765,0.5717204762337139,0,27.93237718375259,7.611318538385551,"Transport, extracellular"
r1766,0.35379850213178365,0,27.98879842639648,13.35974551470466,"Transport, extracellular"
r1767,0.5039840702063024,0,42.788303577953776,14.111638948810455,"Transport, extracellular"
r1769,0.8878217068997575,0,100.73773267087937,5.986045642184072,"Transport, extracellular"
r1770,0.3389971934642737,0,40.59844317225606,20.04162892112773,"Transport, extracellular"
r1771,-0.6057804509474007,0,5.181435467459305,21.105619448571588,"Transport, extracellular"
r1772,0.4152828431400949,0,12.289604129343408,5.077389597615656,"Transport, extracellular"
r1775,-0.5049451456755312,0,5.726484987594628,17.408264374306892,"Transport, extracellular"
r1778,0.5939974823308387,0,46.426109935924785,11.825061035860868,"Transport, extracellular"
r1780,0.34260764553141965,0,20.28939951250513,9.934470551149023,"Transport, extracellular"
r1782,0.6135814281163829,0,65.79608665885716,15.756769010365971,"Transport, extracellular"
r1784,-0.337450385619138,0,10.698368805299683,21.596175099301554,"Transport, extracellular"
r1785,0.8278542469144677,0,57.830957748539234,5.446470247879525,"Transport, extracellular"
r1787,0.37917841491797794,0,6.281994955785261,2.8277690716032646,"Transport, extracellular"
r1789,-0.3752338132495577,0,17.749087267215177,39.06924779516202,"Transport, extracellular"
r1791,-0.4356239558110623,0,9.213015702210264,23.43548452054546,"Transport, extracellular"
r1792,0.45769558982970115,0,16.816326495131328,6.256153949288397,"Transport, extracellular"
r1798,0.46563223816862587,0,33.92412406753991,12.368695077772621,"Transport, extracellular"
r1799,0.6856753166991013,0,30.03179632576169,5.5999721746754165,"Transport, extracellular"
r1805,-0.36886287618480934,0,12.208079501368688,26.477901851055936,"Transport, extracellular"
r1806,0.8618401807249038,0,80.50373095134105,5.973864477926226,"Transport, extracellular"
r1808,-0.7596988586027746,0,25.949031514583343,190.02190698119998,"Transport, extracellular"
r1810,-0.7907149261980502,0,2.5657470307391925,21.953412258825857,"Transport, extracellular"
r1811,0.44194393276286087,0,117.04267367156147,45.29744373827414,"Transport, extracellular"
r1812,0.5307794827559836,0,32.44127858888309,9.944027661075896,"Transport, extracellular"
r1815,-0.7302002546652775,0,2.507738744365166,16.081891436745515,"Transport, extracellular"
r1818,0.4548479092637945,0,88.44662934096553,33.14220311056229,"Transport, extracellular"
r1820,-0.8492024421220741,0,11.489121174677958,140.8889588997841,"Transport, extracellular"
r1821,0.6571716946563254,0,34.345682701817424,7.10528199009429,"Transport, extracellular"
r1822,-0.8590876374499551,0,4.054977875684454,53.49821053593324,"Transport, extracellular"
r1823,0.818826854907774,0,26.002651314884655,2.590121267861441,"Transport, extracellular"
r1824,0.5544711982839368,0,64.2160093000195,18.405025262616284,"Transport, extracellular"
r1826,0.5080906835047646,0,10.329269865039121,3.3692032811965675,"Transport, extracellular"
r1828,-0.504918953676253,0,22.6039368810674,68.71015017160504,"Transport, extracellular"
r1830,0.4252496388863942,0,13.94539704255923,5.623661825549433,"Transport, extracellular"
r1832,-0.559064163462396,0,8.437624323896836,29.83381394318653,"Transport, extracellular"
r1833,0.9201005114548256,0,291.7357341073513,12.139747792612729,"Transport, extracellular"
r1835,-0.4606873667575784,0,12.14956967848167,32.90618807537174,"Transport, extracellular"
r1836,0.7962684646844241,0,56.28650681871956,6.38397693729094,"Transport, extracellular"
r1837,0.6707410408339057,0,19.25891704131922,3.795424200824022,"Transport, extracellular"
r1841,0.670365092528261,0,18.72701985497656,3.6956468287858284,"Transport, extracellular"
r1842,0.33948763170640006,0,14.922185789021592,7.358252545465933,"Transport, extracellular"
r1844,-0.5965142601556332,0,11.295032054961455,44.692235595777305,"Transport, extracellular"
r1847,-0.6196326894642519,0,10.770926881733667,45.86341883300608,"Transport, extracellular"
r1851,0.6537101024202849,0,138.07621079683304,28.913409203373543,"Transport, extracellular"
r1854,0.9671603467961383,0,281.83364887924193,4.704913509184501,"Transport, extracellular"
r1856,0.653205282465124,0,171.3830056991497,35.95120441612097,"Transport, extracellular"
r1857,0.4658479170742479,0,35.82298441241422,13.053824696016258,"Transport, extracellular"
r1860,0.5406964880649758,0,28.308640775681067,8.439207999174068,"Transport, extracellular"
r1861,0.9252361470346971,0,417.03025225486755,16.194786551088043,"Transport, extracellular"
r1862,0.47797351186801473,0,40.09483870530585,14.161666412475151,"Transport, extracellular"
r1863,-0.47767802971082773,0,6.877406138879683,19.45656612375425,"Transport, extracellular"
r1864,0.33670880520122787,0,40.747350902181864,20.219331958933527,"Transport, extracellular"
r1866,0.49732332777526983,0,22.31162364066537,7.490388024799145,"Transport, extracellular"
r1867,-0.9172390537400723,0,3.1758829264401713,73.57246445145607,"Transport, extracellular"
r1872,0.6345700306246226,0,37.81324976841805,8.45365719789697,"Transport, extracellular"
r1873,-0.8696720123348921,0,22.865483244696154,328.0258894273281,"Transport, extracellular"
r1874,0.44686970588517927,0,16.929279016586488,6.471969828041629,"Transport, extracellular"
r1876,-0.4173347204775406,0,8.092210205302578,19.684321157385753,"Transport, extracellular"
r1877,-0.5006094010580803,0,14.08713113638264,42.330154916777545,"Transport, extracellular"
r1879,0.5562720327982354,0,11.281410975371347,3.2165826113757565,"Transport, extracellular"
r1880,0.8421194097103847,0,139.0606205602169,11.918322310896768,"Transport, extracellular"
r1881,-0.33074737270192966,0,16.713369636723897,33.23300025411893,"Transport, extracellular"
r1882,0.4632481491110296,0,23.72146105126225,8.701557649528594,"Transport, extracellular"
r1883,-0.5346264062868621,0,11.171009683088245,36.83777222461146,"Transport, extracellular"
r1884,0.9648728192769145,0,191.61829923639297,3.42567242067307,"Transport, extracellular"
r1885,0.37226332371479876,0,87.6862368481636,40.11173797607308,"Transport, extracellular"
r1887,0.8725829347256057,0,98.83509468301847,6.725084094858752,"Transport, extracellular"
r1888,0.8251328919281323,0,163.83090531425475,15.69674008495585,"Transport, extracellular"
r1889,0.43383084953081924,0,7.488191894603634,2.9568224486906725,"Transport, extracellular"
r1890,0.8052740326447073,0,365.8816112498283,39.46583698639945,"Transport, extracellular"
r1891,0.5123572735453868,0,43.84005819156932,14.13573755250907,"Transport, extracellular"
r1892,0.8959366891642717,0,151.7647675524138,8.32999554783684,"Transport, extracellular"
r1894,0.36384842905899445,0,10.843190499404674,5.0576827477582516,"Transport, extracellular"
r1895,-0.48980510183321585,0,12.440238174656598,36.326373249159914,"Transport, extracellular"
r1896,-0.41766788353391077,0,20.770996815517183,50.56629071575273,"Transport, extracellular"
r1897,-0.5878096821906007,0,121.03129155278206,466.2279735168457,"Transport, extracellular"
r1898,-0.5906455944745728,0,24.75276624331381,96.18286268459465,"Transport, extracellular"
r1900,-0.9796738911754259,0,4.6075476084970735,448.7549378787994,"Transport, extracellular"
r1903,-0.967264653023149,0,8.010081855901685,481.37418290023805,"Transport, extracellular"
r1905,-0.5688272198842816,0,27.782897993154776,101.08840035595898,"Transport, extracellular"
r1906,0.7574825936871148,0,13.560354467539087,1.871211701307125,"Transport, extracellular"
r1907,-0.670521639783894,0,18.91071328733425,95.88112478622328,"Transport, extracellular"
r1908,-0.55182256367665,0,23.71044848417638,82.09786118302345,"Transport, extracellular"
r1909,0.9519990849044226,0,215.49908080000878,5.299261234624348,"Transport, extracellular"
r1910,0.7529460514526848,0,38.08255190885949,5.3672186956609185,"Transport, extracellular"
r1911,-0.4372698522750826,0,89.70857302279472,229.12479101672173,"Transport, extracellular"
r1914,0.8840608515772304,0,71.01312911236374,4.369923460397403,"Transport, extracellular"
r1915,0.8642898609334239,0,60.63982179087731,4.4142484603182846,"Transport, extracellular"
r1916,0.4218349686585363,0,11.166441435418774,4.5406436786208895,"Transport, extracellular"
r1918,0.4992718914270786,0,55.218432598708105,18.441899345684668,"Transport, extracellular"
r1919,-0.8902672451325532,0,5.439663587037454,93.70418081217362,"Transport, extracellular"
r1920,0.600290474809891,0,60.66209505555758,15.151760004429608,"Transport, extracellular"
r1921,0.42642634998070034,0,5.112771054980084,2.055872534714204,"Transport, extracellular"
r1922,-0.49261050251940147,0,3.7605227069893132,11.062498761377235,"Transport, extracellular"
r1923,-0.8241429869450194,0,9.41854957038286,97.69744662179872,"Transport, extracellular"
r1924,-0.8444663387716435,0,8.721190203010998,103.42418249809742,"Transport, extracellular"
r1925,-0.5396891361345988,0,38.98646255366993,130.40542286170404,"Transport, extracellular"
r1929,-0.4041883251473133,0,18.521790833570016,43.651515314381825,"Transport, extracellular"
r1930,-0.6695679832540399,0,2.4472504210166885,12.365178744394132,"Transport, extracellular"
r1932,0.47058900139422666,0,8.05519338747581,2.899863912475289,"Transport, extracellular"
r1933,0.7243586034432569,0,171.2269100497052,27.370887076476787,"Transport, extracellular"
r1934,-0.4284938673182805,0,9.399406555987202,23.49405168874479,"Transport, extracellular"
r1935,-0.33935820665988997,0,16.583113529760684,33.61992750377382,"Transport, extracellular"
r1938,0.9152986985628494,0,151.47220624213816,6.6986381862487185,"Transport, extracellular"
r1939,-0.37136709140838,0,51.50663548142882,112.3620859217301,"Transport, extracellular"
r1941,0.3462842487162678,0,5.728877191721453,2.7817730623896693,"Transport, extracellular"
r1944,0.6560996750377872,0,90.47211355700514,18.78714773104606,"Transport, extracellular"
r1948,0.6127011238060405,0,12.141193241936621,2.915773064731423,"Transport, extracellular"
r1949,0.3377575564210346,0,23.587267039224947,11.676622035457713,"Transport, extracellular"
r1950,0.43389562474006865,0,10.450384706147153,4.12582924672206,"Transport, extracellular"
r1951,-0.4396322762303452,0,4.241940567072494,10.897905598714846,"Transport, extracellular"
r1952,-0.6771838579268756,0,10.852182580145618,56.38226555155518,"Transport, extracellular"
r1954,0.6580046055082449,0,21.68952093476712,4.473881582584044,"Transport, extracellular"
r1957,-0.6338463098729178,0,3.0122572903699734,13.44125592876213,"Transport, extracellular"
r1958,0.7100670186167322,0,38.27107769166678,6.488662453048873,"Transport, extracellular"
r1959,-0.6425204308660065,0,14.99416314242396,68.89406117622917,"Transport, extracellular"
r1960,-0.4759953397642269,0,2.893619546188532,8.150631643816395,"Transport, extracellular"
r1963,0.9021887537725084,0,38.314531700564885,1.9701473299232695,"Transport, extracellular"
r1964,0.4419611013903635,0,10.352915589398581,4.006577991137154,"Transport, extracellular"
r1966,0.8020037441452142,0,42.60557719394744,4.681313671151752,"Transport, extracellular"
r1967,0.669691462153213,0,22.580894081968417,4.467090044210658,"Transport, extracellular"
r1971,-0.3301655956626017,0,3.065622617698054,6.08775200100513,"Transport, extracellular"
r1973,-0.43731474678696564,0,3.7041265821723153,9.461765223312488,"Transport, extracellular"
r1974,0.8490051375086394,0,35.24381725464956,2.878107384388804,"Transport, extracellular"
r1976,-0.35042741164963914,0,3.416486726263939,7.102697080246024,"Transport, extracellular"
r1978,0.66049027134873906,0,11.117438651307463,2.273110926893058,"Transport, extracellular"
r1979,0.4131334373907197,0,44.857060231125054,18.62889098088699,"Transport, extracellular"
r1984,0.8637660075200522,0,51.93431337872278,3.7961948172359588,"Transport, extracellular"
r1985,-0.6458836483326821,0,4.497837848785514,20.90532598484114,"Transport, extracellular"
r1986,-0.6248702941071002,0,10.385440934878964,44.98442592308736,"Transport, extracellular"
r1987,0.9270105987049747,0,64.59462641708366,2.4466513636340337,"Transport, extracellular"
r1990,0.802030992784748,0,25.04811586189335,2.7517565733587555,"Transport, extracellular"
r1991,0.8618343347501277,0,58.97492097018142,4.3764952857619965,"Transport, extracellular"
r2073,-0.6685093250898234,0,10.754300012974278,54.13017986500934,"Transport, extracellular"
r2079,-3.300866603835461,0,-142.56132195380852,266.48099788475037,"Transport, extracellular"
r2080,-2.126135419993418,0,-176.85432836784514,490.94502337303163,"Transport, extracellular"
r2081,1.611361632288842,0,463.5473648360252,-108.52387126517966,"Transport, extracellular"
r2082,1.3200349535067015,0,22.33293846497014,-161.89855915897655,"Transport, extracellular"
r2083,-19.415108284309863,0,-321.53141671648024,356.45181053142545,"Transport, extracellular"
r2084,0.8548161846374841,0,-3.9897128944214493,-50.97113634981917,"Transport, extracellular"
r2085,0.9526791341263341,0,-14.941754616327398,-616.5663270919799,"Transport, extracellular"
r2087,-1.145533989999811,0,-5.852658673961275,86.28278601354528,"Transport, extracellular"
r2088,1.4266729787071202,0,189.01718839185386,-33.23419657516647,"Transport, extracellular"
r2089,2.2545090501678207,0,167.76833146716655,-435.23285305786135,"Transport, extracellular"
r2091,-0.5301999362098934,0,157.2021424111901,512.0278323272705,"Transport, extracellular"
r2092,0.9411192167984037,0,-12.917862028217593,-425.86237579536436,"Transport, extracellular"
r2093,1.3673155238632184,0,42.609103596839695,-274.6118414539337,"Transport, extracellular"
r2094,0.5551016733105875,0,240.80675583492518,68.89229467446341,"Transport, extracellular"
r2095,0.8249506529233677,0,-49.44983662467897,-515.5318379774094,"Transport, extracellular"
r2098,-3.919923370683243,0,-302.49417321929934,509.6874004501343,"Transport, extracellular"
r2099,-1.033213555959918,0,-6.706337359470874,410.5376746341705,"Transport, extracellular"
r2100,0.9616708222579347,0,-4.096178082474694,-209.64063151149898,"Transport, extracellular"
r2101,2.2262625554507385,0,104.80526820943618,-275.73973529167176,"Transport, extracellular"
r2102,-5.554040342041791,0,-151.07079147287607,104.97074216319704,"Transport, extracellular"
r2103,2.1823402557265834,0,67.16477580321194,-24.953842712478018,"Transport, extracellular"
r2106,-0.38490011813669833,0,246.17694649295808,554.2684892864228,"Transport, extracellular"
r2107,2.1068452090877847,0,18.282735269274852,-51.31849333040919,"Transport, extracellular"
r2108,0.9135802564949473,0,-13.9373010766536,-308.61170245837195,"Transport, extracellular"
r2111,1.1766213278684337,0,19.356396520324235,-238.54166427850723,"Transport, extracellular"
r2112,1.0698257105023958,0,8.34065971120689,-247.2400465186119,"Transport, extracellular"
r2113,2.482706698689691,0,89.95500545418412,-38.296905455106874,"Transport, extracellular"
r2114,0.8138869283157258,0,-81.79762631010972,-797.2123816368103,"Transport, extracellular"
r2116,0.8646273138508234,0,-2.5565513503886406,-35.214012610666174,"Transport, extracellular"
r2117,-3.248491148586673,0,-433.7593556765169,229.56481201090813,"Transport, extracellular"
r2118,-0.8907492402493415,0,21.710821739900673,375.7385285337448,"Transport, extracellular"
r2119,-44.69014863578061,0,-404.1557131626606,422.6567128517151,"Transport, extracellular"
r2120,1.2927092796150799,0,105.54246383418646,-826.6843693656922,"Transport, extracellular"
r2121,-0.9821424447528265,0,3.619051483333016,401.70535415229796,"Transport, extracellular"
r2122,4.291051198276472,0,685.5580440727234,-426.4193518234253,"Transport, extracellular"
r2123,0.6949719569195787,0,-6.946003713667116,-38.59737415756546,"Transport, extracellular"
r2124,-3.8114762127539703,0,-394.2086789987326,674.6369303283691,"Transport, extracellular"
r2125,0.3685266137400121,0,-102.82991138430945,-222.8525753894806,"Transport, extracellular"
r2128,3.2569732920105876,0,802.4173099121094,-425.42771901283265,"Transport, extracellular"
r2129,-2.1447052773753765,0,-634.1919801582336,230.85244642136098,"Transport, extracellular"
r2130,-0.8648875414097739,0,-332.1585199704528,-24.06512632980123,"Transport, extracellular"
r2131,1.0609701485460103,0,10.862689636418782,-367.1908238288879,"Transport, extracellular"
r2132,1.5632272081949987,0,5.843419111068826,-26.593194782579832,"Transport, extracellular"
r2133,1.197969041926207,0,3.0187834677457817,-33.516314176320236,"Transport, extracellular"
r2193,1,-3.8181818181818183,NA,-28.588910256908484,"Transport, extracellular"
r2195,-10.310109952158351,0,-250.8091594326973,304.6880417920947,"Transport, extracellular"
r2338,-0.9066570667714076,0,5.012136811773289,102.37974896706342,"Transport, extracellular"
r2352,1,-3.8230088495575223,NA,-388.87822319698336,"Transport, extracellular"
r2370,-0.3361523757054387,0,97.06670982820503,195.37000689983367,"Transport, extracellular"
r2371,-1.7007875461693291,0,-215.08952928533648,828.9404187911987,"Transport, mitochondrial"
r2372,1.6596807786993257,0,95.77544262456982,-386.1444990442753,"Transport, mitochondrial"
r2373,0.9596662233546501,0,378.9305616508484,7.799134595257207,"Transport, mitochondrial"
r2374,1.506859042349768,0,248.5161760530472,-50.247209306433334,"Transport, mitochondrial"
r2375,-3.3214138121880676,0,-192.89565529470443,359.0837379897833,"Transport, mitochondrial"
r2376,-2.617984785605698,0,-300.6335748493195,134.44516187124253,"Transport, mitochondrial"
r2377,1.0288090089444977,0,353.15962525491716,-5.0148529299451265,"Transport, mitochondrial"
r2379,0.8028344597758656,0,-1.3354052828167802,-12.210625948591249,"Transport, mitochondrial"
r2386,-0.3829291106020681,0,10.773068745157259,24.143725841177552,"Transport, mitochondrial"
r2389,-0.9239165325219718,0,2.8831064903692045,72.90488230501,"Transport, mitochondrial"
r2403,-1,-3.8278481012658228,NA,9.432543213048687,"Transport, mitochondrial"
r2404,-1,-3.832699619771863,NA,23.03365957309231,"Transport, mitochondrial"
r2420,0.4179754460143913,0,183.11583266592027,75.16202846435178,"Transport, mitochondrial"
r2434,1,-3.8375634517766497,25.244909853748698,NA,"Transport, mitochondrial"
r2436,-1,-3.8424396442185516,-23.217861910925897,NA,"Transport, mitochondrial"
r2437,-1,-3.8473282442748094,-99.66338270900548,NA,"Transport, mitochondrial"
r2439,-0.4419643733641446,0,312.02577075197695,806.2747672729492,"Transport, extracellular"
r2465,-0.6685093250898234,0,10.754300012974278,54.13017986500934,"Transport, extracellular"
r2482,1,-3.8522292993630574,6.352740649808872,NA,"Transport, extracellular"
r2497,-0.5301170076164525,0,12.263194625813973,39.933606810250765,"Transport, peroxisomal"
r2499,-0.33345939744851977,0,5.187951489088837,10.378846600118777,"Transport, peroxisomal"
r2502,-0.5721265404845648,0,3.693400657874503,13.570585110521899,"Transport, peroxisomal"
r2505,-0.36806296066787275,0,4.174901409348267,9.038128210692925,"Transport, endoplasmic reticular"
r2518,0.4645082137032582,0,10.107498034730495,3.6957677170838514,"Transport, peroxisomal"
r2519,2.18935641473003,0,51.846344270802334,-19.33423992815176,"Transport, endoplasmic reticular"
r2525,1,-3.857142857142857,NA,-368.33516819553375,"Transport, extracellular"
r2526,1,-3.8620689655172415,NA,-41.41216479026405,"Transport, extracellular"
r2532,-1,-3.867007672634271,NA,124.46986108654272,"Transport, extracellular"
r2534,1,-3.871959026888604,NA,-70.42788052224853,"Transport, extracellular"
r2535,1,-3.876923076923077,NA,-209.08590468360185,"Transport, extracellular"
r2538,-0.925329647792437,0,11.832905602010126,305.1042790283203,"Transport, endoplasmic reticular"
r2539,-1,-3.8818998716302953,-71.18167093169242,NA,"Transport, mitochondrial"
RE0344C,1.0092281382134671,0,3.948930214563382,-859.7944156669616,Fatty acid synthesis
RE0383C,0.6991928449777386,0,861.663605708313,152.5398241791308,Miscellaneous
RE0453M,0.7298191357649856,0,14.024640099350828,2.1905118889507107,Pyrimidine synthesis
RE0453N,-0.35948880893876506,0,195.6184151135862,415.2012484413147,Pyrimidine synthesis
RE0512X,-0.5721265404845648,0,3.693400657874503,13.570585110521899,Fatty acid oxidation
RE0577C,-1.044147426087617,0,-91.39726287032067,1.9739055293583485,Fatty acid synthesis
RE0579C,1.3618960543619065,0,3.993833477007254,-26.06554953397927,Fatty acid synthesis
RE0830C,-1,-3.886889460154242,-326.56614960212374,NA,Tetrahydrobiopterin metabolism
RE0915C,-0.8483496243307308,0,19.550994260144886,238.2920103992462,Starch and sucrose metabolism
RE1233C,0.3589161242620997,0,-200.5524917699769,-425.1144431194305,Tryptophan metabolism
RE1234C,0.45553243154726347,0,102.66097431796044,38.40214745505224,Urea cycle
RE1303C,0.5312663841363395,0,17.03385649392627,5.214207814667113,Vitamin D metabolism
RE1441R,-0.35064854243588756,0,3.462180206680792,7.2013215575820855,Phosphatidylinositol phosphate metabolism
RE1448N,0.6984771844876791,0,-82.48928761498965,-464.66192861938475,Phosphatidylinositol phosphate metabolism
RE1448R,-0.35064854243516164,0,3.462180206680792,7.201321557570165,Phosphatidylinositol phosphate metabolism
RE1516X,-0.5721265404845648,0,3.693400657874503,13.570585110521899,Fatty acid oxidation
RE1517X,-0.5721265404845648,0,3.693400657874503,13.570585110521899,Fatty acid oxidation
RE1518M,-0.460681801869181,0,-186.1936970625162,-68.74710773733952,Fatty acid oxidation
RE1518X,-0.47088531135663186,0,6.215135733775364,17.277448642253805,Fatty acid oxidation
RE1519X,1,-3.891891891891892,NA,-39.191749652424384,Fatty acid oxidation
RE1520X,-0.47088531135663186,0,6.215135733775364,17.277448642253805,Fatty acid oxidation
RE1521M,-0.513258198939332,0,4.15519356733154,12.91830847534029,Fatty acid oxidation
RE1521X,-0.47088531135663186,0,6.215135733775364,17.277448642253805,Fatty acid oxidation
RE1522X,-0.47088531135663186,0,6.215135733775364,17.277448642253805,Fatty acid oxidation
RE1523X,-0.5721265404845648,0,3.693400657874503,13.570585110521899,Fatty acid oxidation
RE1525X,-0.47088531135663186,0,6.215135733775364,17.277448642253805,Fatty acid oxidation
RE1526M,-0.513258198939332,0,4.15519356733154,12.91830847534029,Fatty acid oxidation
RE1526X,-0.47088531135663186,0,6.215135733775364,17.277448642253805,Fatty acid oxidation
RE1527X,-0.47088531135663186,0,6.215135733775364,17.277448642253805,Fatty acid oxidation
RE1531X,-0.5721265404845648,0,3.693400657874503,13.570585110521899,Fatty acid oxidation
RE1532X,-0.47088531135663186,0,6.215135733775364,17.277448642253805,Fatty acid oxidation
RE1533M,-0.513258198939332,0,4.15519356733154,12.91830847534029,Fatty acid oxidation
RE1533X,-0.47088531135663186,0,6.215135733775364,17.277448642253805,Fatty acid oxidation
RE1534X,-0.47088531135663186,0,6.215135733775364,17.277448642253805,Fatty acid oxidation
RE1573M,-0.513258198939332,0,4.15519356733154,12.91830847534029,Fatty acid oxidation
RE1573X,-0.47088531135663186,0,6.215135733775364,17.277448642253805,Fatty acid oxidation
RE1796R,-1.0192515186951583,0,-190.98856480153893,1.8208825853523463,Bile acid synthesis
RE1804M,-1,-3.8969072164948453,-204.80956291399002,NA,Bile acid synthesis
RE1807M,-1,-3.9019354838709677,-14.082837752948235,NA,Bile acid synthesis
RE1834C,-0.9390302631393663,0,26.093102727374085,829.8431066421509,Bile acid synthesis
RE1834M,-0.7807335923671929,0,4.860590041630757,39.4744277488783,Bile acid synthesis
RE1835C,-0.47454428341934296,0,9.909263168757938,27.807571403872977,Bile acid synthesis
RE1919C,1,-3.9069767441860463,NA,-729.8762858268738,Tyrosine metabolism
RE1921C,1,-3.9120310478654594,NA,-729.8762858268738,Tyrosine metabolism
RE1925C,0.5083507544583169,0,305.1217051035404,99.45488850596995,Tyrosine metabolism
RE2080C,-0.5865273374246134,0,9.783895617592457,37.541581992713176,Eicosanoid metabolism
RE2112C,-0.9576233281333948,0,19.904132109405612,919.4868692443848,Bile acid synthesis
RE2154C,-0.3777088554755128,0,6.617846194602881,14.651446331357104,Miscellaneous
RE2346C,-0.34379084141579846,0,7.953783846810406,16.287827970894256,Linoleate metabolism
RE2349C,-5.601488369734847,0,-485.16782948191167,338.18042230682374,Tryptophan metabolism
RE2386C,0.489275345316008,0,8.23355258929979,2.8235734353746063,Androgen and estrogen synthesis and metabolism
RE2624X,0.5303856774324295,0,-3.9050112415950644,-12.725704875599982,Fatty acid oxidation
RE2625C,1,-3.917098445595855,22.033183761419963,NA,Bile acid synthesis
RE2625M,-1,-3.922178988326848,-8.1173485919743,NA,Bile acid synthesis
RE2640C,-1,-3.9272727272727272,-577.312804184723,NA,Methionine and cysteine metabolism
RE2666C,-1,-3.932379713914174,NA,2.0438170128056408,Glycosphingolipid metabolism
RE2666G,1,-3.9375,1.3864731114331261,NA,Glycosphingolipid metabolism
RE2677R,1,-3.9426336375488917,1.3864731114331261,NA,Glycosphingolipid metabolism
RE2759X,-0.4906742108311088,0,1.0199754981817861,2.9852232169516615,Fatty acid oxidation
RE2766C,1,-3.947780678851175,13.030822184353132,NA,Steroid metabolism
RE2814M,1,-3.9529411764705884,4.405845061327724,NA,Bile acid synthesis
RE2888C,-6.013892601135701,0,-19.029041874667957,26.619568193623284,Purine catabolism
RE2973N,-0.6838615289210991,0,82.48928761498965,439.36613436813354,Phosphatidylinositol phosphate metabolism
RE2992M,-0.5255915284288184,0,3.304438086703101,10.6263337469415,Fatty acid oxidation
RE2998M,0.3785025599456495,0,197.28958969585895,88.94794867133498,Fatty acid oxidation
RE3010C,1.071140133719376,0,269.66814298348424,-9.26264111219244,Eicosanoid metabolism
RE3010X,-1.07003296590117,0,-273.7849555109233,9.26264111219244,Eicosanoid metabolism
RE3012C,90.02506785320483,0,4.582638319557028,-4.685589958462003,Eicosanoid metabolism
RE3051C,-0.7794962953557119,0,2.4500384043078847,19.772158798775262,Heme synthesis
RE3081X,0.4935673072750053,0,5.424277458483148,1.8392418112036983,Fatty acid oxidation
RE3082X,0.4935673072750053,0,5.424277458483148,1.8392418112036983,Fatty acid oxidation
RE3086X,0.4935673072750053,0,5.424277458483148,1.8392418112036983,Fatty acid oxidation
RE3095C,-0.35663440233777755,0,15.996374456658677,33.730793159341324,Tyrosine metabolism
RE3114R,0.49581885682272325,0,9.68161840450309,3.2632891427488104,Fatty acid oxidation
RE3151C,-0.37810576869510865,0,9.788203148404671,21.69047169913828,Fatty acid oxidation
RE3152C,-0.37810576869510865,0,9.788203148404671,21.69047169913828,Fatty acid oxidation
RE3153C,-0.37810576869510865,0,9.788203148404671,21.69047169913828,Fatty acid oxidation
RE3156X,0.5038577479743964,0,10.695151865484982,3.528469856570433,Fatty acid oxidation
RE3157X,0.5038577479743964,0,10.695151865484982,3.528469856570433,Fatty acid oxidation
RE3158X,0.5038577479743964,0,10.695151865484982,3.528469856570433,Fatty acid oxidation
RE3159X,0.5038577479743964,0,10.695151865484982,3.528469856570433,Fatty acid oxidation
RE3160R,-0.3440010910182898,0,1.931828302649196,3.957901927688907,Fatty acid oxidation
RE3169C,0.3536972584140163,0,4.426414874374857,2.1133263371288415,Fatty acid oxidation
RE3170C,0.3536972584140164,0,4.426414874374857,2.113326337128841,Fatty acid oxidation
RE3171C,0.3536972584140164,0,4.426414874374857,2.113326337128841,Fatty acid oxidation
RE3172C,0.3536972584140164,0,4.426414874374857,2.113326337128841,Fatty acid oxidation
RE3198C,0.8769428640382687,0,-13.994059026808204,-213.4459657623291,Tyrosine metabolism
RE3225C,-0.3640001090696148,0,4.252044799499206,9.119167554889776,Fatty acid synthesis
RE3230C,-0.3640001090696148,0,4.252044799499206,9.119167554889776,Fatty acid synthesis
RE3231C,-0.3640001090696148,0,4.252044799499206,9.119167554889776,Fatty acid synthesis
RE3232C,-0.3640001090696148,0,4.252044799499206,9.119167554889776,Fatty acid synthesis
RE3247X,-0.5303856774324406,0,3.9050112415950644,12.725704875600378,Fatty acid oxidation
RE3251M,1,-3.9581151832460733,10.912167801099644,NA,Bile acid synthesis
RE3269C,-0.6161942042111276,0,1.9562419863908729,8.237673831738054,Phosphatidylinositol phosphate metabolism
RE3273C,0.3569600169754608,0,-260.1465584197998,-548.9681631755828,Phosphatidylinositol phosphate metabolism
RE3273R,-1,-3.963302752293578,-116.73142888033688,NA,Phosphatidylinositol phosphate metabolism
RE3301C,1,-3.968503937007874,54.14490251291105,NA,Glycerophospholipid metabolism
RE3346C,-1.0828866201281035,0,-22.033183761419963,553.6795152770997,Bile acid synthesis
RE3352C,6.013892601135701,0,19.029041874667957,-26.619568193623284,Purine catabolism
RE3411C,-0.34379084141579846,0,7.953783846810406,16.287827970894256,Linoleate metabolism
RE3413C,0.34379084141579846,0,-7.953783846810406,-16.287827970894256,Linoleate metabolism
RE3417C,-0.34379084141579846,0,7.953783846810406,16.287827970894256,Linoleate metabolism
RE3420C,0.34379084141579835,0,-7.953783846810406,-16.287827970894252,Linoleate metabolism
RE3430C,1.071140133719376,0,269.66814298348424,-9.26264111219244,Eicosanoid metabolism
RE3430M,1,-3.973718791064389,4.116812486494987,NA,Eicosanoid metabolism
RE3430X,-1.07003296590117,0,-273.7849555109233,9.26264111219244,Eicosanoid metabolism
RE3431C,14.285187203411862,0,62.15630251076445,-71.51353648256752,Eicosanoid metabolism
RE3432C,14.285187203411862,0,62.15630251076445,-71.51353648256752,Eicosanoid metabolism
RE3432M,1,-3.9789473684210526,4.116812486495361,NA,Eicosanoid metabolism
RE3432X,-1.07003296590117,0,-273.7849555109233,9.26264111219244,Eicosanoid metabolism
RE3470C,0.5033123151326729,0,-3.365752267928301,-10.18703903523173,Arachidonic acid metabolism
RE3470M,-1,-3.984189723320158,-4.633945221986187,NA,Arachidonic acid metabolism
RE3476M,1,-3.9894459102902373,4.633945221986187,NA,Arachidonic acid metabolism
RE3485C,-0.38664928352283806,0,6.101315827251995,13.793715395000362,Eicosanoid metabolism
RE3493C,-0.38664928352283806,0,6.101315827251995,13.793715395000362,Eicosanoid metabolism
RE3526C,-0.5033123151326729,0,1.6828761339641505,5.093519517615865,Arachidonic acid metabolism
RE3526M,1,-3.9947159841479523,2.3169726109930937,NA,Arachidonic acid metabolism
RE3597C,1.022237063579165,0,426.107235112381,-4.685589958462003,Eicosanoid metabolism
RE3597X,-1,-4,-432.96345837392806,NA,Eicosanoid metabolism
RE3626M,-0.4824949164013524,0,5.114119914888764,14.650400577648206,Fatty acid oxidation
EX_HC02187[e],-1,-4.005298013245033,NA,388.87822319698336,Exchange/demand reaction
EX_HC02203[e],-1.048051746318392,0,-9.783895617589476,417.00720661907195,Exchange/demand reaction
EX_crm_hs[e],0.7386121677476137,0,-43.42807079163524,-288.8603178254962,Exchange/demand reaction
EX_CE0074[e],-6.01389260122382,0,-19.029041874763323,26.619568193623284,Exchange/demand reaction
ADPACtx,-0.6193984438250427,0,1.3071650665038828,5.561777244930058,Fatty acid oxidation
ADPCOACROT,1.6950979402004887,0,1.6434154151726974,-6.372002050600458,Fatty acid oxidation
ADPCOAPTE,-0.6193984438250427,0,1.3071650665038828,5.561777244930058,Fatty acid oxidation
C10DCCACT,1.8945020229281242,0,3.5332283702415848,-11.433106245700541,Fatty acid oxidation
C10DCe,1,-4.010610079575597,3.533228370241582,NA,Fatty acid oxidation
C10OHc,0.3805668850014001,0,38.0075633462911,17.053243571806973,Fatty acid oxidation
C12DCe,1,-4.01593625498008,2.6801911630665143,NA,Fatty acid oxidation
C12OHc,-0.4195515122384081,0,22.547225188847037,55.14175381356834,Fatty acid oxidation
C14OHc,0.5848885653320853,0,112.43109668419254,29.447769935852243,Fatty acid oxidation
C181OHc,-0.4776865410301261,0,11.959048150634716,33.83356142224819,Fatty acid oxidation
C182OHc,-0.7837034633510548,0,14.983708298245803,123.56412543396735,Fatty acid oxidation
C18OHc,-0.5025790294195281,0,7.291368732552053,22.02532342074939,Fatty acid oxidation
C2tcx,-0.4659587083602846,0,-214.41124681304544,-78.10892526311129,"Transport, peroxisomal"
C30CPT1,1,-4.0212765957446805,NA,-39.14152853948306,Fatty acid oxidation
C4CRNCPT2,0.742223973265595,0,-114.08483786534164,-771.0621582351685,Fatty acid oxidation
C4CRNe,-0.5610712767512641,0,6.286416436825616,22.357944726402128,Fatty acid oxidation
C4DCCACT,1,-4.026631158455393,2.1285949092381324,NA,Fatty acid oxidation
C4tmc,0.742223973265595,0,-114.08483786534164,-771.0621582351685,"Transport, mitochondrial"
C50CPT1,0.3781252867876142,0,27.253979604929228,12.298272815397192,Fatty acid oxidation
C5DCe,0.7450627283510561,0,118.17805057168007,17.264703034488367,Fatty acid oxidation
C60CPT1,1,-4.032,303.7141794886589,NA,Fatty acid oxidation
C6COAt,-1,-4.037383177570093,-303.7141794886589,NA,"Transport, peroxisomal"
C6CRNtcx,-1,-4.042780748663102,-303.7141794886589,NA,"Transport, peroxisomal"
C6DCCACT,1.6950979402004887,0,1.6434154151726974,-6.372002050600458,Fatty acid oxidation
C6DCe,1,-4.048192771084337,1.6434154151726972,NA,Fatty acid oxidation
C8CRNe,1,-4.053619302949062,11.374144146424213,NA,Fatty acid oxidation
C8DCe,1,-4.059060402684564,3.024933989604443,NA,Fatty acid oxidation
C9BRxtc,2.5847724856983536,0,422.26003515205383,-186.67463226432056,"Transport, peroxisomal"
DCATDc,-0.33625345574190363,0,3.653009659293599,7.354233062781153,Fatty acid oxidation
DDCRNe,-0.4195515122384081,0,22.547225188847037,55.14175381356834,Fatty acid oxidation
DECCRNe,0.3805668850014001,0,38.0075633462911,17.053243571806973,Fatty acid oxidation
DOCOSACTDe,-0.8733160728636933,0,3.1820552789113474,47.054077288838755,Fatty acid oxidation
EX_3ddcrn[e],-0.4195515122384081,0,22.547225188847037,55.14175381356834,Exchange/demand reaction
EX_3deccrn[e],0.3805668850014001,0,38.0075633462911,17.053243571806973,Exchange/demand reaction
EX_3ivcrn[e],0.3957001653065651,0,25.047464747369037,10.844864235578916,Exchange/demand reaction
EX_3octdec2crn[e],-0.7837034633510548,0,14.983708298245803,123.56412543396735,Exchange/demand reaction
EX_3octdeccrn[e],-0.5025790294195281,0,7.291368732552053,22.02532342074939,Exchange/demand reaction
EX_3octdece1crn[e],-0.4776865410301261,0,11.959048150634716,33.83356142224819,Exchange/demand reaction
EX_3tdcrn[e],0.5848885653320853,0,112.43109668419254,29.447769935852243,Exchange/demand reaction
EX_c10dc[e],1,-4.064516129032258,3.533228370241582,NA,Exchange/demand reaction
EX_c12dc[e],1,-4.069986541049798,2.6801911630665143,NA,Exchange/demand reaction
EX_c4crn[e],-0.5610712767512641,0,6.286416436825616,22.357944726402128,Exchange/demand reaction
EX_c5dc[e],0.7450627283510561,0,118.17805057168007,17.264703034488367,Exchange/demand reaction
EX_c6dc[e],1,-4.0754716981132075,1.6434154151726972,NA,Exchange/demand reaction
EX_c8crn[e],1,-4.080971659919029,11.374144146424213,NA,Exchange/demand reaction
EX_c8dc[e],1,-4.0864864864864865,3.024933989604443,NA,Exchange/demand reaction
EX_doco13ac[e],0.3728069109973704,0,-9.30722066883418,-20.37174369486645,Exchange/demand reaction
EX_docosac[e],1,-4.092016238159675,NA,-47.054077288838755,Exchange/demand reaction
EX_ivcrn[e],0.3781252867876142,0,27.253979604929228,12.298272815397192,Exchange/demand reaction
FAOXC101C102x,0.36848815195921364,0,8.54660604571813,3.943974941018616,Fatty acid oxidation
FAOXC101C8x,-0.5648374278923998,0,3.5801362005950272,12.874110695021658,Fatty acid oxidation
FAOXC101x,-0.3946993436507426,0,8.54660604571813,19.69260353077621,Fatty acid oxidation
FAOXC102C101m,1,-4.097560975609756,14.732835144115985,NA,Fatty acid oxidation
FAOXC121C10x,-1,-4.103120759837178,NA,3.316021662655781,Fatty acid oxidation
FAOXC12C12OHm,-0.4458140316731208,0,16.539866397423378,43.150805480676425,Fatty acid oxidation
FAOXC12DCC10DCx,0.5848018799870766,0,19.19166568272563,5.027974544962807,Fatty acid oxidation
FAOXC12DCTc,8.246705244490506,0,2.6801911630665143,-3.419890398137293,Fatty acid oxidation
FAOXC12DCx,8.246705244490506,0,2.6801911630665143,-3.419890398137293,Fatty acid oxidation
FAOXC14DCC12DCx,0.6600613972766708,0,24.55368817108358,5.027974544962807,Fatty acid oxidation
FAOXC16DCC14DCx,0.6600613972766708,0,24.55368817108358,5.027974544962807,Fatty acid oxidation
FAOXC16DCr,0.5458490186711941,0,29.573614278240594,8.688355579154615,Fatty acid oxidation
FAOXC181C181OHm,-0.4776865410301261,0,11.959048150634716,33.83356142224819,Fatty acid oxidation
FAOXC182C182OHm,-0.7837034633510548,0,14.983708298245803,123.56412543396735,Fatty acid oxidation
FAOXC18C18OHm,-0.5025790294195281,0,7.291368732552053,22.02532342074939,Fatty acid oxidation
FAOXC5C5DCc,0.7450627283510561,0,118.17805057168007,17.264703034488367,Fatty acid oxidation
FAOXC5C5OHm,0.3957001653065651,0,25.047464747369037,10.844864235578916,Fatty acid oxidation
FAOXC5OHc,0.3957001653065651,0,25.047464747369037,10.844864235578916,Fatty acid oxidation
FAOXC61C4x,-1,-4.108695652173913,NA,7.719540636129663,Fatty acid oxidation
FAOXTC101TC102m,0.4799668297441292,0,9.74729220854238,3.4250195117514926,Fatty acid oxidation
FAOXTC102C101m,0.4799668297441292,0,9.74729220854238,3.4250195117514926,Fatty acid oxidation
FAOXTC122TC101m,0.4799668297441292,0,9.74729220854238,3.4250195117514926,Fatty acid oxidation
FAOXTC122m,0.4799668297441292,0,9.74729220854238,3.4250195117514926,Fatty acid oxidation
FAOXTC142TC122m,0.4799668297441292,0,9.74729220854238,3.4250195117514926,Fatty acid oxidation
GLUTCOAACBP,0.7450627283510561,0,118.17805057168007,17.264703034488367,Fatty acid oxidation
HDCACBP,0.3805668850014001,0,38.0075633462911,17.053243571806973,Fatty acid oxidation
HDDACBP,-0.4195515122384081,0,22.547225188847037,55.14175381356834,Fatty acid oxidation
HEXCOAACBP,0.3943460216152085,0,138.06667646503448,59.971219903182984,Fatty acid oxidation
HEXDIACtr,0.5458490186711941,0,29.573614278240594,8.688355579154615,Fatty acid oxidation
HEXDICOAACBPx,0.6600613972766708,0,24.55368817108358,5.027974544962807,Fatty acid oxidation
HIVCACBP,0.3957001653065651,0,25.047464747369037,10.844864235578916,Fatty acid oxidation
HIVCRNe,0.3957001653065651,0,25.047464747369037,10.844864235578916,Fatty acid oxidation
HOCDACBP,-0.5025790294195281,0,7.291368732552053,22.02532342074939,Fatty acid oxidation
HOCTDACBP,-0.4776865410301261,0,11.959048150634716,33.83356142224819,Fatty acid oxidation
HOCTDEC2CRNe,-0.7837034633510548,0,14.983708298245803,123.56412543396735,Fatty acid oxidation
HOCTDECCRNe,-0.5025790294195281,0,7.291368732552053,22.02532342074939,Fatty acid oxidation
HTDCACBP,0.5848885653320853,0,112.43109668419254,29.447769935852243,Fatty acid oxidation
HTDCRNe,0.5848885653320853,0,112.43109668419254,29.447769935852243,Fatty acid oxidation
IVCOAACBP,0.3781252867876142,0,27.253979604929228,12.298272815397192,Fatty acid oxidation
IVCRNe,0.3781252867876142,0,27.253979604929228,12.298272815397192,Fatty acid oxidation
OCT11EFATP,0.3846253324558926,0,6.55306511294239,2.9124053783699426,Fatty acid oxidation
OCTDEC2ACBP,-0.7837034633510548,0,14.983708298245803,123.56412543396735,Fatty acid oxidation
OCTDECCACT,-0.4776865410301261,0,11.959048150634716,33.83356142224819,Fatty acid oxidation
OCTDECCPT1,-0.4776865410301261,0,11.959048150634716,33.83356142224819,Fatty acid oxidation
OCTDECCPT2,-0.4776865410301261,0,11.959048150634716,33.83356142224819,Fatty acid oxidation
OCTDECE1CRNe,-0.4776865410301261,0,11.959048150634716,33.83356142224819,Fatty acid oxidation
sink_octdececoa[c],0.4776865410301261,0,-11.959048150634716,-33.83356142224819,Fatty acid oxidation
SBCOAACOTx,-0.6469227449783802,0,1.4808157886848057,6.907239616323551,Fatty acid oxidation
SCP21cx,0.3304133014271844,0,9.400675414632406,4.7312870432713865,"Transport, peroxisomal"
SEBCOACROT,1.8945020229281242,0,3.5332283702415848,-11.433106245700541,Fatty acid oxidation
SUBEACtx,-0.6469227449783802,0,1.4808157886848057,6.907239616323551,Fatty acid oxidation
SUBERCACT,2.099514510823181,0,3.024933989604443,-8.527242435428855,Fatty acid oxidation
SUBERCROT,2.099514510823181,0,3.024933989604443,-8.527242435428855,Fatty acid oxidation
SUCCCROT,1,-4.114285714285714,2.1285949092381324,NA,Fatty acid oxidation
SUCCOAPET,-1,-4.119891008174387,NA,4.249826180971518,Fatty acid oxidation
ALAyLATthc,-0.8141544777114891,0,17.23778410225393,168.26880104423762,"Transport, extracellular"
BALABETAtc,0.8834799413765863,0,427.2458002597809,26.43123751904261,"Transport, extracellular"
GLYSARCNc,0.40103027705819416,0,33.69296537705548,14.404446832767857,"Transport, extracellular"
GLYSARPEPT1tc,0.40103027705819416,0,33.69296537705548,14.404446832767857,"Transport, extracellular"
HISyLATtc,0.41153335629522764,0,107.57764633853489,44.848997861908096,"Transport, extracellular"
HISyLATthc,0.7920840708710505,0,397.42441811733244,46.10881179878698,"Transport, extracellular"
OCDEAFABP1tc,-0.7589136353294378,0,-21.104583822409623,-2.8927101873747936,"Transport, endoplasmic reticular"
PEHSFABPe,0.6855077235042867,0,238.45625835494994,44.492618152341244,"Transport, endoplasmic reticular"
PHEyLATthc,0.40466342928987226,0,78.88844844161925,33.435182681177636,"Transport, extracellular"
PROGLYPRO1c,-0.9981950202784714,0,-391.46484463424684,-0.3536121845392521,"Transport, extracellular"
VITEtl,1,-4.125511596180082,6.325949978736556,NA,"Transport, extracellular"
1a25DHVITD3TRn,-0.5294320539038397,0,176.2347213634122,572.7951385131836,"Transport, nuclear"
25HVITD3c,1,-4.131147540983607,4.14975755060293,NA,Vitamin D metabolism
BTNt3ile,0.4600626329373844,0,4.064947250336711,1.5032347695794694,"Transport, extracellular"
CRNrtx,-1,-4.136798905608755,-71.0239230483206,NA,"Transport, peroxisomal"
DATPtm,-1,-4.142465753424657,NA,6.282025868546868,"Transport, mitochondrial"
DM_1a25dhvitd3[n],-0.5294320539038397,0,176.2347213634122,572.7951385131836,Exchange/demand reaction
DTMPKm,0.7086617853355484,0,39.08391727803148,6.664068207997458,Pyrimidine synthesis
EX_glysar[e],-0.40103027705819416,0,-33.69296537705548,-14.404446832767857,Exchange/demand reaction
FADDPle,-0.8254517323765352,0,9.019966810078147,94.33215387135996,Vitamin B2 metabolism
FADH2ETC,-0.3755615287151232,0,91.5984893334087,201.7802614822831,Oxidative phosphorylation
FMNALKPle,-0.8254517323765352,0,9.019966810078147,94.33215387135996,"Transport, extracellular"
FOLt2le,-9.099801362200909,0,-296.822938489151,238.04496299350848,"Transport, extracellular"
FRDPtcr,-0.4800152442576252,0,1.511617329042055,4.302465919932968,"Transport, endoplasmic reticular"
GNDc,1,-4.148148148148148,45.11558744901209,NA,Pentose phosphate pathway
MAL_Ltx,-0.3973246060290563,0,9.373289671356172,21.732309678226958,"Transport, peroxisomal"
MDHx,0.3973246060290563,0,-9.373289671356172,-21.732309678226958,Citric acid cycle
P5CR,0.3532801462184223,0,738.6373229919434,352.98782950286864,Arginine and proline metabolism
PGLc,-0.7655531719550462,0,29.862208961341295,224.88390307064057,Pentose phosphate pathway
PHEMEe,-0.8404583628672971,0,3.358226852591998,38.74021105924547,"Transport, extracellular"
q10h2tc,-1,-4.153846153846154,NA,0.7988443836236071,"Transport, mitochondrial"
5MTAte,0.4289453378078925,0,-94.59467863915255,-236.70347861967088,"Transport, extracellular"
AHCYSte,1,-4.1595598349381016,58.729518503033,NA,"Transport, extracellular"
AICARte,0.3898529019873291,0,-308.56894274163244,-702.8886016658782,"Transport, extracellular"
DM_anth,1,-4.1652892561983474,10.33718223263364,NA,Exchange/demand reaction
EX_5mta[e],-0.4289453378078925,0,94.59467863915255,236.70347861967088,Exchange/demand reaction
EX_aicar[e],-0.3898529019873291,0,308.56894274163244,702.8886016658782,Exchange/demand reaction
OROTGLUt,1,-4.17103448275862,NA,-738.9403494369507,"Transport, extracellular"
PEPtr,1,-4.176795580110498,NA,-899.6752730606079,"Transport, extracellular"
LKYNRtr,-2.083107436595998,0,-51.38224654536396,146.2615628703421,"Transport, extracellular"
LKYNRtr2,0.9561722682103199,0,45.121775138408644,1.0109462703147845,"Transport, extracellular"
LKYNRtr3,4.568293062984173,0,229.81758412324936,-147.27250916985423,"Transport, extracellular"
2PGtr,1,-4.182572614107884,586.6068562061309,NA,"Transport, extracellular"
CHOLPtr,1,-4.188365650969529,394.01510062685014,NA,"Transport, extracellular"
G3PCtr,-1,-4.194174757281553,NA,15.303672717736475,"Transport, extracellular"
GLCURtr,-0.5583736702462212,0,-904.3126091339111,-256.27246285467146,"Transport, extracellular"
UDPGLCURtr,-0.34794679653181126,0,208.06018720550537,430.1091710580826,"Transport, extracellular"
OROT5Ptr,-0.612369518130974,0,161.5945067715943,672.1609089141846,"Transport, extracellular"
EX_2pg[e],-1,-4.2,-586.6068562061309,NA,Exchange/demand reaction
EX_cala[e],-1,-4.205841446453407,NA,18.60258006768098,Exchange/demand reaction
EX_cholp[e],-1,-4.211699164345404,-394.01510062685014,NA,Exchange/demand reaction
EX_g3pc[e],1,-4.2175732217573225,NA,-15.303672717593424,Exchange/demand reaction
EX_Lkynr[e],-1,-4.223463687150838,-223.5571126024246,NA,Exchange/demand reaction
EX_pep[e],1,-4.22937062937063,NA,-899.6752730606079,Exchange/demand reaction
EX_udpglcur[e],0.34794679653181126,0,-208.06018720550537,-430.1091710580826,Exchange/demand reaction
EX_orot5p[e],0.612369518130974,0,-161.5945067715943,-672.1609089141846,Exchange/demand reaction
FOLABCCte,0.3393212550306405,0,9.90928904491804,4.888189913468742,"Transport, extracellular"
GSNt2r,-1,-4.235294117647059,-146.6668491132144,NA,"Transport, extracellular"
H2OGLYAQPt,0.34129440047263154,0,91.77635474033356,45.071088606920185,"Transport, extracellular"
NACSMCTte,-0.5793211681017832,0,-682.6989108207703,-181.84837013705967,"Transport, extracellular"
PGLYCABCte,1,-4.241234221598878,8.152350307578885,NA,"Transport, extracellular"
PSHSABCtc,1,-4.247191011235955,11.74663651704377,NA,"Transport, extracellular"
FRUt4,0.7424801705316478,0,-57.67940755334813,-390.2814945055485,"Transport, extracellular"
MANt4,-58.124081636874955,0,-95.36671003861413,98.70564196735266,"Transport, extracellular"
CHSTEROLt,1,-4.253164556962025,5.367450180455903,NA,"Transport, extracellular"
RETt,0.8073437852778534,0,137.58182255993495,14.665717372025137,"Transport, extracellular"
AVITE1t,1,-4.2591549295774644,6.325949978736556,NA,"Transport, extracellular"
r0295,1,-4.265162200282087,343.5037360721588,NA,"Transport, extracellular"
LCAT10e,0.601541856339335,0,31.562976748591208,7.852760809133464,Cholesterol metabolism
LCAT55e,-0.3342615622985831,0,3.0974493465623283,6.2078548724845275,Cholesterol metabolism
LCAT18e,0.4087654600616507,0,8.19639407442868,3.4398850746498155,Cholesterol metabolism
LCAT19e,0.34382675798561574,0,4.627703668421216,2.2596479056136727,Cholesterol metabolism
LCAT23e,-0.6015727756515584,0,2.589422308629307,10.408797443366089,Cholesterol metabolism
LCAT33e,0.43641565571274427,0,3.967627143647818,1.5567169107604384,Cholesterol metabolism
LCAT3e,0.677101064402262,0,12.376531186425243,2.3829027548278794,Cholesterol metabolism
LCAT41e,0.3620184223597818,0,3.2546332797449757,1.5244992581338006,Cholesterol metabolism
LCAT43e,0.3961139177001671,0,5.889340999915663,2.5474218247358316,Cholesterol metabolism
LCAT44e,0.6127325087138296,0,9.937272501799484,2.3862497786865204,Cholesterol metabolism
LCAT4e,0.3302584317005342,0,3.790268922894118,1.908276310980224,Cholesterol metabolism
LCAT52e,-0.4404433486374812,0,1.8030031573452652,4.641395825152602,Cholesterol metabolism
LCAT5e,0.6115262707030897,0,10.552055306722513,2.543673256385276,Cholesterol metabolism
SMS1,-0.6341671727650023,0,4.298114604949245,19.19958316829237,Glycerophospholipid metabolism
SMS11,-0.3804668493099324,0,2.9391071175258823,6.549027986308853,Glycerophospholipid metabolism
SMS13,-0.4633746853259705,0,2.0518202194133477,5.595303996706483,Glycerophospholipid metabolism
XOLEST183CEH,-0.6015727756515584,0,2.589422308629307,10.408797443366089,Cholesterol metabolism
XOLEST182CEH,-0.4412825114236578,0,4.030071856864893,10.396080677339274,Cholesterol metabolism
XOLEST205CEH,-0.4674584935285554,0,4.941854829674145,13.617655629588555,Cholesterol metabolism
XOLEST226CEH,-0.6089287906343271,0,6.552187618466904,26.95673587960761,Cholesterol metabolism
MAGLINL_HSe,1,-4.271186440677966,4.056871126192588,NA,Glycerophospholipid metabolism
MAGOLE_HSe,1,-4.2772277227722775,4.165092504367389,NA,Glycerophospholipid metabolism
LPS5e,1,-4.28328611898017,3.713460205111406,NA,Glycerophospholipid metabolism
LPS6e,1,-4.2893617021276595,2.6691040703923723,NA,Glycerophospholipid metabolism
LPS7e,1,-4.295454545454546,4.852804793799908,NA,Glycerophospholipid metabolism
PCHOLMYR_HSPLA2,-1,-4.301564722617354,NA,13.510843391869622,Glycerophospholipid metabolism
PCHOLOLE_HSPLA2,-1,-4.3076923076923075,NA,4.40331072271974,Glycerophospholipid metabolism
PEOLE_HSPLA2,-1,-4.313837375178316,NA,4.14368096246397,Glycerophospholipid metabolism
PCHOLPALME_HSPLA2,-1,-4.32,NA,4.010050394001959,Glycerophospholipid metabolism
PCHOLPALM_HSPLA2,-1,-4.32618025751073,NA,2.362016341949177,Glycerophospholipid metabolism
PEPALM_HSPLA2,-1,-4.332378223495702,NA,2.1295057436705216,Glycerophospholipid metabolism
PAILPALM_HSPLA2,-1,-4.338593974175036,NA,23.340939411754476,Glycerophospholipid metabolism
PCHOLSTE_HSPLA2,-1,-4.344827586206897,NA,2.4977949317617005,Glycerophospholipid metabolism
PCHOL2LINL_HSPLA2,-1,-4.351079136690648,NA,5.5896710142660355,Glycerophospholipid metabolism
PE2LINL_HSPLA2,-1,-4.357348703170029,NA,2.621388842652965,Glycerophospholipid metabolism
PCHOL2OLE_HSPLA2,-1,-4.363636363636363,NA,3.255912194463278,Glycerophospholipid metabolism
PCHOL2PALM_HSPLA2,-1,-4.369942196531792,NA,4.7311114817627695,Glycerophospholipid metabolism
PCHOL2STE_HSPLA2,-1,-4.3762662807525325,NA,2.917417421809472,Glycerophospholipid metabolism
PCHOLN15_HSPLA2,-1,-4.3826086956521735,NA,6.026894601284368,Glycerophospholipid metabolism
PCHOLAR_HSPLA2,-1,-4.388969521044992,NA,1.6599298633840978,Glycerophospholipid metabolism
PCHOLN183_HSPLA2,-1,-4.395348837209302,NA,2.086401130137873,Glycerophospholipid metabolism
PCHOLN1836_HSPLA2,-1,-4.401746724890829,NA,3.4628661309995286,Glycerophospholipid metabolism
PCHOLN19_HSPLA2,-1,-4.408163265306122,NA,2.7097332155513847,Glycerophospholipid metabolism
PCHOLN201_HSPLA2,-1,-4.4145985401459855,NA,4.884784919839204,Glycerophospholipid metabolism
PCHOLN204_HSPLA2,-1,-4.421052631578948,NA,2.1647550413466723,Glycerophospholipid metabolism
PCHOLN205_HSPLA2,-1,-4.427525622254758,NA,3.0346965775543535,Glycerophospholipid metabolism
PCHOLN224_HSPLA2,-1,-4.4340175953079175,NA,5.066286322403728,Glycerophospholipid metabolism
PCHOLN225_HSPLA2,-1,-4.440528634361233,NA,2.648731878584263,Glycerophospholipid metabolism
PCHOLN2254_HSPLA2,-1,-4.447058823529412,NA,2.1640995240044774,Glycerophospholipid metabolism
PCHOLN226_HSPLA2,-1,-4.453608247422681,NA,4.219823261107203,Glycerophospholipid metabolism
PEAR_HSPLA2,-1,-4.460176991150442,NA,1.7583057691549002,Glycerophospholipid metabolism
PE203_HSPLA2,-1,-4.466765140324963,NA,4.141274933373288,Glycerophospholipid metabolism
PE226_HSPLA2,-1,-4.4733727810650885,NA,2.260356536769817,Glycerophospholipid metabolism
PE224_HSPLA2,-1,-4.48,NA,9.214992534558743,Glycerophospholipid metabolism
PEDH203_HSPLA2,-1,-4.486646884272997,NA,2.925556735174961,Glycerophospholipid metabolism
PEDH12_HSPLA2,-1,-4.4933135215453195,NA,2.6754477389822067,Glycerophospholipid metabolism
PEDH14_HSPLA2,-1,-4.5,NA,2.4275218546896067,Glycerophospholipid metabolism
PEDH161_HSPLA2,-1,-4.506706408345752,NA,2.204264475299331,Glycerophospholipid metabolism
PEDH13_HSPLA2,-1,-4.513432835820896,NA,2.020804597145006,Glycerophospholipid metabolism
PEDH15_HSPLA2,-1,-4.520179372197309,NA,3.6653986983681026,Glycerophospholipid metabolism
PEDH17_HSPLA2,-1,-4.526946107784431,NA,2.7312728930541517,Glycerophospholipid metabolism
PCHOLN203_HSPLA2,-1,-4.533733133433284,NA,2.7080074776907956,Glycerophospholipid metabolism
PAILAR_HSPLA2,-1,-4.54054054054054,NA,5.713594472330999,Glycerophospholipid metabolism
PCHOLN24_HSPLA2,-1,-4.5473684210526315,NA,3.0464072681379957,Glycerophospholipid metabolism
PCHOLN261_HSPLA2,-1,-4.554216867469879,NA,2.9179853812872625,Glycerophospholipid metabolism
PCHOLN281_HSPLA2,-1,-4.5610859728506785,NA,5.56951674026159,Glycerophospholipid metabolism
PCHOLN28_HSPLA2,-1,-4.56797583081571,NA,5.195821888706263,Glycerophospholipid metabolism
PCHOLDOC_HSPLA2,-1,-4.574886535552194,NA,1.918768368471794,Glycerophospholipid metabolism
PCHOLDEIC_HSPLA2,-1,-4.581818181818182,NA,1.9982640938369896,Glycerophospholipid metabolism
PCHOLDET_HSPLA2,-1,-4.5887708649468895,NA,4.07799922795569,Glycerophospholipid metabolism
PCHOLHEP_HSPLA2,-1,-4.595744680851064,NA,3.1793527907820858,Glycerophospholipid metabolism
PCHOLLINL_HSPLA2,-1,-4.602739726027397,NA,2.674173800234731,Glycerophospholipid metabolism
PELINL_HSPLA2,-1,-4.609756097560975,NA,4.086875165846776,Glycerophospholipid metabolism
2OXOADPt,-0.5111227151537969,0,-65.6617108192157,-21.242827324177743,"Transport, extracellular"
4AABUTNt,0.5815238572124273,0,-6.271467188353249,-23.701410818872972,"Transport, extracellular"
ADPACtd,4.260853940696639,0,1.3071650665038828,-0.8102248050029945,"Transport, extracellular"
ALLTNt,6.013892601135701,0,19.029041874667957,-26.619568193623284,"Transport, extracellular"
ARACHETH,1,-4.616793893129771,12.376531186425243,NA,Glycerophospholipid metabolism
BILIVERDt,-0.7319076474867694,0,-154.75683050137758,-23.955736217697208,"Transport, extracellular"
C02712te,1.0346418920188691,0,577.312804184723,-9.829350266563937,"Transport, extracellular"
C04717td,0.3437908414177297,0,-7.953783846822138,-16.28782797098962,"Transport, extracellular"
CE2176t,-0.40303960248183,0,81.41882200144748,191.35914564914293,"Transport, extracellular"
CE6247t,0.36623471609596403,0,10.851426918849498,5.033730720619086,"Transport, extracellular"
DIDECAETH,1,-4.623853211009174,6.989564799290284,NA,Glycerophospholipid metabolism
DIHOLINETH,1,-4.63093415007657,5.889340999915663,NA,Glycerophospholipid metabolism
DOCOHEXETHc,1,-4.638036809815951,3.2546332797449757,NA,Glycerophospholipid metabolism
DOCTETETH,1,-4.645161290322581,7.557532608066416,NA,Glycerophospholipid metabolism
DODECANACtd,1,-4.6523076923076925,2.6818313412954304,NA,"Transport, extracellular"
ELAIDCRNtd,-1,-4.659476117103236,-198.81896251922845,NA,"Transport, extracellular"
EX_2oxoadp[e],-0.5111227151537969,0,-65.6617108192157,-21.242827324177743,Exchange/demand reaction
EX_4aabutn[e],-0.5815238572122702,0,6.271467188356226,23.701410818872972,Exchange/demand reaction
EX_adpac[e],4.260853940696663,0,1.3071650665038828,-0.8102248050029969,Exchange/demand reaction
EX_aracheth[e],1,-4.666666666666667,12.376531186425243,NA,Exchange/demand reaction
EX_biliverd[e],-0.7319076474867694,0,-154.75683050137758,-23.955736217697208,Exchange/demand reaction
EX_C02712[e],1.0346418920188691,0,577.312804184723,-9.829350266563937,Exchange/demand reaction
EX_C04717[e],0.3437908414163561,0,-7.953783846823631,-16.287827970941937,Exchange/demand reaction
EX_CE2176[e],0.40303960248183,0,-81.41882200144748,-191.35914564914293,Exchange/demand reaction
EX_CE6247[e],0.36623471609596403,0,10.851426918849498,5.033730720619086,Exchange/demand reaction
EX_didecaeth[e],1,-4.673879443585781,6.989564799290284,NA,Exchange/demand reaction
EX_diholineth[e],1,-4.681114551083591,5.889340999915663,NA,Exchange/demand reaction
EX_docohxeth[e],1,-4.688372093023256,3.2546332797449757,NA,Exchange/demand reaction
EX_docteteth[e],1,-4.695652173913044,7.557532608066416,NA,Exchange/demand reaction
EX_dodecanac[e],1,-4.702954898911353,2.6818313412954304,NA,Exchange/demand reaction
EX_elaidcrn[e],-1,-4.710280373831775,-198.81896251922845,NA,Exchange/demand reaction
EX_forglu[e],-0.4472096527323498,0,23.64079627218603,61.891798097590915,Exchange/demand reaction
EX_HC00900[e],1,-4.717628705148206,NA,-935.1194948730468,Exchange/demand reaction
EX_hepdeceth[e],1,-4.725,262.7001066918254,NA,Exchange/demand reaction
EX_hexdeceeth[e],1,-4.732394366197183,3.899735384359275,NA,Exchange/demand reaction
EX_hexdiac[e],-0.5458490186711941,0,-29.573614278240594,-8.688355579154615,Exchange/demand reaction
EX_hxcoa[e],-0.4261737555553162,0,24.12964041566603,59.971219903182984,Exchange/demand reaction
EX_leuktrB4wcooh[e],1,-4.739811912225705,11.43886144429259,NA,Exchange/demand reaction
EX_leuktrB4woh[e],-1,-4.747252747252747,NA,9.33653968221319,Exchange/demand reaction
EX_lineth[e],1,-4.754716981132075,6.3120694238982615,NA,Exchange/demand reaction
EX_lnlccrn[e],0.6574106817558966,0,-28.818725154790094,-139.42192696184142,Exchange/demand reaction
EX_lthstrl[e],-1,-4.7622047244094485,-109.93521786482177,NA,"Transport, extracellular"
EX_magarachi_hs[e],1,-4.769716088328075,4.852804793799908,NA,Exchange/demand reaction
EX_maglinl_hs[e],1,-4.777251184834123,4.056871126192588,NA,Exchange/demand reaction
EX_magole_hs[e],1,-4.784810126582278,4.165092504367389,NA,Exchange/demand reaction
EX_magpalm_hs[e],1,-4.792393026941363,3.713460205111406,NA,Exchange/demand reaction
EX_magste_hs[e],1,-4.8,2.6691040703923723,NA,Exchange/demand reaction
EX_oleth[e],1,-4.807631160572337,26.95761936752356,NA,Exchange/demand reaction
EX_pailar_hs[e],-0.33574789295907187,0,3.790268922894118,7.621870783455596,Exchange/demand reaction
EX_pailpalm_hs[e],-0.8102416081795165,0,3.0974493465623283,29.54879429880539,Exchange/demand reaction
EX_pchol2ole_hs[e],-0.3508419841049965,0,3.376939480976041,7.027120542284107,Exchange/demand reaction
EX_pchol2palm_hs[e],-0.4269211155602202,0,3.281991566743025,8.171899532215807,Exchange/demand reaction
EX_pcholdoc_hs[e],-0.3508734008097516,0,2.268804494224209,4.72152527212468,Exchange/demand reaction
EX_pcholeic_hs[e],0.39817946751802497,0,10.552055306722513,4.541937348532208,Exchange/demand reaction
EX_pcholet_hs[e],-0.3526287361101598,0,2.883455340693218,6.024741551975409,Exchange/demand reaction
EX_pcholhep_hs[e],-0.3979977548058994,0,2.2301204097020464,5.178889863949008,Exchange/demand reaction
EX_pcholn15_hs[e],-0.5503062078070535,0,2.1915567618914142,7.555327895796283,Exchange/demand reaction
EX_pcholn1836_hs[e],-0.4276579173868968,0,2.5941522198806397,6.470888771117946,Exchange/demand reaction
EX_pcholn205_hs[e],-0.33846046127380597,0,2.338224489644165,4.7308147824345905,Exchange/demand reaction
EX_pcholn224_hs[e],-0.5429170581680044,0,2.5928540133122726,8.752369253695127,Exchange/demand reaction
EX_pcholn225_hs[e],-0.46224962398824826,0,2.299936164131767,6.253981291730711,Exchange/demand reaction
EX_pcholn226_hs[e],-0.5200823033780956,0,2.1123810647090546,6.690716131238945,Exchange/demand reaction
EX_pcholn261_hs[e],-0.3686327986817577,0,2.3382606970666067,5.068714806838292,Exchange/demand reaction
EX_pcholn28_hs[e],-0.431090357596741,0,2.6561373400801758,6.681504851603513,Exchange/demand reaction
EX_pcholn281_hs[e],-0.6998475435579792,0,1.8030031573452652,10.210912562138738,Exchange/demand reaction
EX_pcholole_hs[e],-0.5632589629921594,0,2.4406208948307735,8.735891903470607,Exchange/demand reaction
EX_pcholpalme_hs[e],-0.48093662393227105,0,2.1642734386148543,6.174875645686764,Exchange/demand reaction
EX_pe13_hs[e],-1,-4.8152866242038215,NA,6.452997506104694,Exchange/demand reaction
EX_pe161_hs[e],-1,-4.822966507177034,NA,4.959326199218409,Exchange/demand reaction
EX_pe17_hs[e],-0.4274279398908845,0,2.330251656249734,5.809340959588545,Exchange/demand reaction
EX_pe224_hs[e],-1,-4.830670926517572,NA,14.193559862815714,Exchange/demand reaction
EX_pe226_hs[e],-1,-4.8384,NA,3.784855795400569,Exchange/demand reaction
EX_pear_hs[e],-1,-4.846153846153846,NA,4.141208525663921,Exchange/demand reaction
EX_pedh203_hs[e],-1,-4.853932584269663,NA,5.472978560607528,Exchange/demand reaction
EX_pelinl_hs[e],-1,-4.861736334405145,NA,8.390678284492235,Exchange/demand reaction
EX_pendecaeth[e],1,-4.869565217391305,2.9676340557027356,NA,Exchange/demand reaction
EX_peole_hs[e],-1,-4.877419354838709,NA,20.714563447635108,Exchange/demand reaction
EX_pepalm_hs[e],-1,-4.885298869143781,NA,5.074098229167284,Exchange/demand reaction
EX_pmeth[e],1,-4.893203883495145,5.22599807456423,NA,Exchange/demand reaction
EX_sebacid[e],5.109766534242858,0,3.3685973012319375,-5.007910519228411,Exchange/demand reaction
EX_sphmyln180241_hs[e],-0.4633746853259705,0,2.0518202194133477,5.595303996706483,Exchange/demand reaction
EX_sphmyln18114_hs[e],-0.6341671727650023,0,4.298114604949245,19.19958316829237,Exchange/demand reaction
EX_sphmyln181221_hs[e],-0.3804668493099324,0,2.9391071175258823,6.549027986308853,Exchange/demand reaction
EX_steeth[e],1,-4.901134521880065,3.3532461000604807,NA,Exchange/demand reaction
EX_subeac[e],22.278070903892406,0,1.4808157886848057,-1.62000282263852,Exchange/demand reaction
EX_tetdecaeth[e],1,-4.909090909090909,4.914707164040944,NA,Exchange/demand reaction
EX_trideceth[e],1,-4.917073170731707,6.2584286724780815,NA,Exchange/demand reaction
EX_xolest182_hs[e],0.44128251142683356,0,-4.030071856837737,-10.396080677351218,Exchange/demand reaction
EX_xolest205_hs[e],0.4674584935285202,0,-4.941854829674592,-13.617655629588556,Exchange/demand reaction
EX_xolest226_hs[e],0.6089287906331987,0,-6.552187618478817,-26.95673587955993,Exchange/demand reaction
FORGLUt,-0.4472096527323498,0,23.64079627218603,61.891798097590915,"Transport, extracellular"
HC00900t2,1,-4.925081433224756,NA,-935.1194948730468,"Transport, extracellular"
HEPDECETH,1,-4.933115823817292,262.7001066918254,NA,Glycerophospholipid metabolism
HEXDECEETH,1,-4.9411764705882355,3.899735384359275,NA,Glycerophospholipid metabolism
HEXDIACtd,-0.5458490186711941,0,-29.573614278240594,-8.688355579154615,"Transport, extracellular"
HXCOAte,-0.4261737555553162,0,24.12964041566603,59.971219903182984,"Transport, extracellular"
HXCOAtx,1,-4.949263502454992,309.68275303645134,NA,"Transport, peroxisomal"
LEUKTRB4WCOOHt,1,-4.9573770491803275,11.43886144429259,NA,"Transport, extracellular"
LEUKTRB4WOHt,-1,-4.9655172413793105,NA,9.33653968221319,"Transport, extracellular"
LNLCCRNtd,1,-4.973684210526316,NA,-139.42192696184142,"Transport, extracellular"
LTHSTRLt,-1,-4.981878088962109,-109.93521786482177,NA,"Transport, extracellular"
OLEETH,1,-4.99009900990099,26.95761936752356,NA,Glycerophospholipid metabolism
pac,-0.5067351921572992,0,4.651908539790542,14.209800083355377,"Transport, extracellular"
PELINETH,1,-4.998347107438017,6.3120694238982615,NA,Glycerophospholipid metabolism
PENDECAETH,1,-5.006622516556291,2.9676340557027356,NA,Glycerophospholipid metabolism
PEPALM,1,-5.014925373134329,5.22599807456423,NA,Glycerophospholipid metabolism
SEBACIDtd,5.109766534242858,0,3.3685973012319375,-5.007910519228411,"Transport, extracellular"
STEETH,1,-5.023255813953488,3.3532461000604807,NA,Glycerophospholipid metabolism
SUBEACtd,22.278070903892306,0,1.4808157886848057,-1.6200028226385206,"Transport, extracellular"
TETDECAETH,1,-5.031613976705491,4.914707164040944,NA,Glycerophospholipid metabolism
TRIDECETH,1,-5.04,6.2584286724780815,NA,Glycerophospholipid metabolism
EX_alltn[e],6.013892601135701,0,19.029041874667957,-26.619568193623284,Exchange/demand reaction
EX_ddca[e],-0.46875891923538604,0,6.67355490399898,18.450838316471653,Exchange/demand reaction
EX_pac[e],-0.5067351921572992,0,4.651908539790542,14.209800083355377,Exchange/demand reaction
NORMETEt,-1,-5.048414023372287,-18.76045958931368,NA,"Transport, extracellular"
TREt,-0.511969301769264,0,14.738165432532178,45.6603524720285,"Transport, extracellular"
MALTTTRt,-0.8483496243307308,0,19.550994260144886,238.2920103992462,"Transport, extracellular"
GLYPROt,1.298562628567949,0,129.9341629682079,-16.87728006816744,"Transport, extracellular"
DHBPTt,2.4455793212705523,0,332.371079232958,-139.44498568396568,"Transport, extracellular"
THBPTt,-0.9661821798395973,0,2.546503501259605,148.05477648551465,"Transport, extracellular"
EX_normete_L[e],1,-5.05685618729097,18.760459589313704,NA,Exchange/demand reaction
EX_maltttr[e],-1,-5.065326633165829,-19.550994260144886,NA,Exchange/demand reaction
EX_dhbpt[e],2.4455793212705523,0,332.371079232958,-139.44498568396568,Exchange/demand reaction
EX_thbpt[e],-0.9661821798395973,0,2.546503501259605,148.05477648551465,Exchange/demand reaction
EX_lysgluglu[e],-1.3817443678892425,0,-14.687554522370338,91.63724000735283,Exchange/demand reaction
EX_serglyglu[e],-1,-5.073825503355705,NA,758.6635491821289,Exchange/demand reaction
LYSGLUGLUt,1.3817443678891963,0,14.687554522368847,-91.63724000735283,"Transport, extracellular"
SERGLYGLUt,1,-5.08235294117647,NA,-758.6635491821289,"Transport, extracellular"
LYSGLUGLUr,1.3817443678891963,0,14.687554522368847,-91.63724000735283,Peptide metabolism
SERGLYGLUr,1,-5.090909090909091,NA,-758.6635491821289,Peptide metabolism
HOMOVALte,0.44789926974967476,0,178.79450830707037,68.1764130029209,"Transport, extracellular"
EX_homoval[e],0.44789926974967476,0,178.79450830707037,68.1764130029209,Exchange/demand reaction
GLYCLTtm,0.6938116018585705,0,23.113621485566114,4.178223085818573,"Transport, mitochondrial"
PCHOL2PALM_HSte,1,-5.099494097807757,NA,-4.731111481762923,"Transport, extracellular"
XOLEST183te,-0.6015727756515584,0,2.589422308629307,10.408797443366089,"Transport, extracellular"
XOLEST182_HSte,-0.4412825114236578,0,4.030071856864893,10.396080677339274,"Transport, extracellular"
XOLEST205_HSte,-0.4674584935285554,0,4.941854829674145,13.617655629588555,"Transport, extracellular"
XOLEST226_HSte,-0.6089287906343271,0,6.552187618466904,26.95673587960761,"Transport, extracellular"
PE224_HSte,1,-5.108108108108108,NA,-9.214992534558741,"Transport, extracellular"
PCHOLN261_HSte,1,-5.116751269035533,NA,-2.917985381287156,"Transport, extracellular"
PCHOLN281_HSte,1,-5.125423728813559,NA,-5.569516740256017,"Transport, extracellular"
PCHOLN28_HSte,1,-5.134125636672326,NA,-5.195821888706264,"Transport, extracellular"
LNELDCCRNtr,0.7880574699980473,0,354.869699363327,42.06351482884834,"Transport, extracellular"
ODECRNtr,1,-5.142857142857143,322.87213239631654,NA,"Transport, extracellular"
EX_sphmyln_hs[e],-1,-5.1516183986371376,NA,196.4105410704553,Exchange/demand reaction
XOLEST183tl,-0.6015727756515584,0,2.589422308629307,10.408797443366089,"Transport, lysosomal"
XOLEST182tl,-0.4412825114236578,0,4.030071856864893,10.396080677339274,"Transport, lysosomal"
XOLEST205tl,-0.4674584935285554,0,4.941854829674145,13.617655629588555,"Transport, lysosomal"
TMNDNCtl,-0.4674584935285554,0,4.941854829674145,13.617655629588555,"Transport, lysosomal"
XOLEST226tl,-0.6089287906343271,0,6.552187618466904,26.95673587960761,"Transport, lysosomal"
CRVNCtl,-0.6089287906343271,0,6.552187618466904,26.95673587960761,"Transport, lysosomal"
PA_HStm,0.9862793121143897,0,2.5683838725252173,0.0177417109821482,"Transport, mitochondrial"
MMALtm,1.2472345398050844,0,85.1809961853093,-774.2513522323609,"Transport, mitochondrial"
ARGtD,1.2842011895377858,0,334.9718539985657,-41.67732676268052,"Transport, extracellular"
DM_mi14p[c],1,-5.160409556313994,21.861722107612557,NA,Exchange/demand reaction
ETHAt,0.46484081537813515,0,488.74530230369567,178.55628729261906,"Transport, extracellular"
THMtrbc,-1,-5.1692307692307695,-537.2520071960449,NA,"Transport, extracellular"
UGT1A10c,-0.34782271146958144,0,205.01048031358718,423.6850720125198,Heme degradation
DDCAte,-0.4687589192353913,0,6.673554903998887,18.45083831647165,"Transport, extracellular"
EX_pa_hs[e],1,-5.178082191780822,358.6571476305008,NA,Exchange/demand reaction
DM_C02712[c],-1,-5.186963979416809,NA,367.78225171661376,Exchange/demand reaction
sink_25hvitd2[c],-0.6266056624428148,0,-20.372835774062796,-4.676672222198746,Exchange/demand reaction
sink_chol[c],1,-5.195876288659794,NA,-253.1503384975672,Exchange/demand reaction
sink_coa[c],1,-5.204819277108434,352.91415621795653,NA,Exchange/demand reaction
sink_crvnc[c],-1.5754647629683922,0,-370.45086543252467,82.77396085274256,Exchange/demand reaction
sink_dgchol[c],2.6092003526602716,0,10.12719033716668,-4.515315490871641,Exchange/demand reaction
sink_hdca[c],-0.7367517006703515,0,20.986261100040007,138.45454937038423,Exchange/demand reaction
sink_lnlc[c],1,-5.213793103448276,52.268007508435964,NA,Exchange/demand reaction
sink_lnlncacoa[c],0.5026259975872118,0,-31.308099332087558,-94.58549052267074,Exchange/demand reaction
sink_nad[c],-0.7936045168596335,0,-836.9352696899414,-96.30866655449381,Exchange/demand reaction
sink_nadp[c],-1,-5.22279792746114,NA,41.925247050519545,Exchange/demand reaction
sink_pydam[c],0.5252116924308403,0,-13.647168188605225,-43.840212907515465,Exchange/demand reaction
sink_pydx[c],-0.844541861562435,0,8.877380016336502,105.33188693563892,Exchange/demand reaction
sink_pydxn[c],0.4180287811490938,0,-36.998693465619816,-90.15087086738347,Exchange/demand reaction
sink_retfa[c],1,-5.231833910034602,NA,-9.578610354870834,Exchange/demand reaction
sink_thf[c],1,-5.240901213171577,NA,-365.9044129173279,Exchange/demand reaction
sink_tmndnc[c],-0.421827326413664,0,36.11147706385227,88.80441299320314,Exchange/demand reaction
sink_vitd3[c],-0.5312663841363394,0,-17.033856493926265,-5.214207814667113,Exchange/demand reaction
sink_xol7aone[c],-1.0889155878097918,0,-72.56157028269172,3.088614356529247,Exchange/demand reaction
sink_xoldiolone[c],-1,-5.25,-28.86832944584042,NA,Exchange/demand reaction
sink_dchac[c],-0.9576233281333948,0,19.904132109405612,919.4868692443848,Exchange/demand reaction
ACONT,0.3779371477624716,0,374.6594679336548,169.13814800555707,Citric acid cycle
ADNCNT3tc,-1,-5.259130434782609,-620.7503889278412,NA,"Transport, extracellular"
ADSS,-0.4033308397334555,0,5.936135720091003,13.961442755187349,Nucleotide interconversion
ALAR,-0.42121430735757276,0,258.991784696579,635.9570296535492,Alanine and aspartate metabolism
ASPTA,1.7837651936584242,0,492.0272807189941,-138.5295921640396,Alanine and aspartate metabolism
CO2t,1,-5.2682926829268295,NA,-899.7783013671875,"Transport, extracellular"
CPPPGO,-0.7977703917175312,0,4.879033897937695,43.37338511602581,Heme synthesis
CTPS1,0.7199258130953761,0,79.71387991073765,12.98067621930309,Nucleotide interconversion
CYSTGL,1,-5.277486910994765,13.868539410002056,NA,Methionine and cysteine metabolism
CYSTS,-0.9171889735781773,0,13.868539410002056,321.07573091840743,Methionine and cysteine metabolism
DTMPK,0.5582915480160092,0,22.16219266668982,6.282025868546868,Nucleotide interconversion
DURIPP,0.9008328157348953,0,569.4149417861938,29.706598070059183,Nucleotide interconversion
EX_co2[e],6.132833582475017,0,443.3864676391602,-616.1512613986969,Exchange/demand reaction
EX_din[e],-1.0550578959281398,0,-215.9323006155014,5.785130510613987,Exchange/demand reaction
EX_fe2[e],-1,-5.286713286713287,NA,482.23629340496063,Exchange/demand reaction
EX_fe3[e],-1,-5.295971978984238,-3.358226852591998,NA,Exchange/demand reaction
EX_glu_L[e],-1,-5.3052631578947365,-361.6039750524521,NA,Exchange/demand reaction
EX_glypro[e],1.2985626285679484,0,129.9341629682079,-16.877280068167416,Exchange/demand reaction
EX_ins[e],2.2256711997201557,0,128.55325658016204,-338.3211888111114,Exchange/demand reaction
EX_orn[e],1.1907170872321189,0,40.002978107820006,-459.5037023311615,Exchange/demand reaction
FBA,-0.5860807302039108,0,105.97001479754448,406.0622703857422,Glycolysis/gluconeogenesis
FBA2,1,-5.314586994727592,18.69096641938202,NA,Fructose and mannose metabolism
FMNAT,1,-5.323943661971831,9.019966810078147,NA,Vitamin B2 metabolism
GALU,-0.40905348417426113,0,72.92785536108912,173.8892538291931,Galactose metabolism
GHMT2r,0.45971547791183304,0,-211.95327652571498,-572.6454593645096,"Glycine, serine, alanine, and threonine metabolism"
GK1,3.627754408747304,0,24.06523424377275,-42.38143165070247,Nucleotide interconversion
GLYPROPRO1c,-1.298562628567949,0,-129.9341629682079,16.87728006816744,"Transport, extracellular"
GMAND,-0.6575155219929341,0,8.334351325735183,40.33559934901181,Fructose and mannose metabolism
GUAPRT,-0.6549646410961004,0,21.224697548693094,101.80441816929728,Nucleotide salvage pathway
HEX1,0.3827267611740478,0,10.687675248583517,4.7711638347199825,Glycolysis/gluconeogenesis
HMBS,-0.7920081669984256,0,7.329072303811088,63.14554391590953,Heme synthesis
IMPD,-0.3777093148006492,0,17.26759327344218,38.22927879659534,Nucleotide interconversion
INSt2,-1,-5.333333333333333,-97.33107154232096,NA,"Transport, extracellular"
L_LACt2r,-2.2440242931567904,0,-335.47311010752765,128.64783397429892,"Transport, extracellular"
MTHFC,0.5342109790859745,0,-157.49399760965733,-518.7520731998444,Folate metabolism
MTHFD,2.8260092178970235,0,124.75085800051838,-261.3885669209491,Folate metabolism
NADK,-0.7660332845673542,0,5.5543190673868486,41.925247050519545,NAD metabolism
NAt3_1,-0.5882608684086259,0,88.16900788712334,340.10705878815054,"Transport, extracellular"
NDPK3,-1.537372929294669,0,-256.49875284957886,54.322123716170715,Nucleotide interconversion
NDPK7,-17.383066462262438,0,-160.26528888461715,179.8300375540778,Nucleotide interconversion
OMPDC,1,-5.342756183745583,58.886752430476434,NA,Pyrimidine synthesis
PGK,0.9849725048277119,0,-4.525062544209103,-597.7127012786865,Glycolysis/gluconeogenesis
PGL,-0.7276713998615757,0,45.76013548766584,290.30545192699435,Pentose phosphate pathway
PGM,0.41860399696260764,0,-386.90352162094115,-944.0430951416016,Glycolysis/gluconeogenesis
PNP,1,-5.352212389380531,158.0397052947998,NA,NAD metabolism
PPBNGS,-0.6416195944037394,0,67.72522743074298,310.2263925416946,Heme synthesis
PUNP1,1,-5.361702127659575,229.25078301620482,NA,Nucleotide interconversion
PUNP2,1,-5.371225577264654,69.85184748395167,NA,Purine catabolism
PUNP3,1,-5.380782918149467,306.7233127691269,NA,Purine catabolism
PUNP4,-1.2896844703854116,0,-94.0691333382031,743.5284102752686,Purine catabolism
PUNP5,-1.4025016985004568,0,-95.08006446595192,567.5255961006164,Purine catabolism
PUNP6,0.9157368560288637,0,268.1673708629608,11.795265987745003,Purine catabolism
PUNP7,1,-5.390374331550802,8.71402316868319,NA,Nucleotide interconversion
RBFK,0.3621657197710097,0,13.359867312214497,6.255759653438979,Vitamin B2 metabolism
RNDR1,0.8132640896268397,0,118.2946925588131,12.182377202335186,Nucleotide interconversion
RNDR3,1,-5.4,16.71554424458824,NA,Nucleotide interconversion
TALA,-0.4385139471411618,0,244.4685535987854,626.322634727478,Pentose phosphate pathway
TPI,-1.1640291928945385,0,-158.1768740733862,11.989498604745949,Glycolysis/gluconeogenesis
UPP3S,-0.7977703917175312,0,4.879033897937695,43.37338511602581,Heme synthesis
UPPDC1,-0.7977703917175312,0,4.879033897937695,43.37338511602581,Heme synthesis
VALTA,-1.5475806131484309,0,-6.5151751645116835,30.311398069670087,"Valine, leucine, and isoleucine metabolism"
r0082,-0.8430757608095342,0,38.51784271368729,452.39220295410155,Miscellaneous
r0345,-0.9551767328451014,0,-531.3914395047665,-12.182377202335186,Nucleotide interconversion
r0422,-0.8430757608095342,0,38.51784271368729,452.39220295410155,Miscellaneous
r0671,-1,-5.409660107334526,NA,6.4858439469822216,CoA synthesis
EX_pnto_R[e],-0.3438481769598561,0,-4.674440322444892,-2.2823579269224226,Exchange/demand reaction
EX_gln_L[e],-1,-5.419354838709677,-429.82407694244387,NA,Exchange/demand reaction
EX_tyr_L[e],1,-5.429084380610413,312.2643511671066,NA,Exchange/demand reaction
NTD5,0.6656261531105189,0,19.175313463651108,3.849437231865588,Pyrimidine catabolism
NTD6,0.8132640896268397,0,118.2946925588131,12.182377202335186,Nucleotide interconversion
NTD7,0.892195950023418,0,230.98668597021103,13.160000811728557,Nucleotide interconversion
NTD9,0.9003506884086503,0,253.29188646278382,13.281949627322174,Nucleotide interconversion
NTD10,-0.5406971403734112,0,8.71402316868319,29.230539927517217,Nucleotide interconversion
NTD11,-0.7123916374273211,0,8.228814945960691,48.99354724374278,Purine catabolism
NADS2,0.35382839084923456,0,7.713795975770726,3.6817339568405805,NAD metabolism
EX_nac[e],0.5793211681017832,0,682.6989108207703,181.84837013705967,Exchange/demand reaction
ADPRDP,-0.37998054279895604,0,4.549907052567942,10.126751880387497,Nucleotide interconversion
EX_nh4[e],-1,-5.438848920863309,NA,514.4491969345092,Exchange/demand reaction
EX_ac[e],-0.34233770693772214,0,437.4818403454542,892.9330092224121,Exchange/demand reaction
ADNK1,-0.43712922175640906,0,13.315451191547123,33.997188605094294,Nucleotide interconversion
GCALDD,0.4527490962752998,0,24.51453671012875,9.23463136436053,Glyoxylate and dicarboxylate metabolism
ABUTD,-0.6987055102773964,0,6.486871330718728,36.573135088191044,Beta-Alanine metabolism
AGDC,-1,-5.448648648648649,NA,161.61880891795604,Aminosugar metabolism
AICART,0.39312167279848553,0,-304.26037336651086,-698.4459673576355,Purine synthesis
CYTK1,1.842618434821734,0,648.8826092376709,-192.3439466518402,Nucleotide interconversion
CYTK2,0.7000979905969452,0,617.1436041763305,108.86584656084328,Nucleotide interconversion
EX_etha[e],-0.46484081537813515,0,-488.74530230369567,-178.55628729261906,Exchange/demand reaction
EX_glcr[e],0.5889430497476891,0,74.83986453480013,19.360949706697173,Exchange/demand reaction
EX_glcur[e],0.5583736702462212,0,904.3126091339111,256.27246285467146,Exchange/demand reaction
EX_xyl_D[e],-1.0324906754218697,0,-4.3327941514006705,271.04280218553544,Exchange/demand reaction
GALT,1,-5.458483754512636,52.17665794525146,NA,Galactose metabolism
GLXO1,0.3545694874947768,0,26.395043122411046,12.576812313706366,Glyoxylate and dicarboxylate metabolism
GLYOX,-1,-5.468354430379747,NA,11.273008773469007,Pyruvate metabolism
HXPRT,-0.4941436767946084,0,196.1344988746643,579.320862172699,Nucleotide salvage pathway
IMACTD,-0.7214558896013185,0,5.325560694213231,32.91298390535291,Histidine metabolism
IMPC,-0.39312167279848553,0,304.26037336651086,698.4459673576355,Purine synthesis
LDH_D,7.656536397045533,0,491.0008960147858,-377.56039891657827,Pyruvate metabolism
LDH_L,1.2706783493756302,0,358.19623473377226,-42.699119228825715,Glycolysis/gluconeogenesis
MALT,-0.9119514140846825,0,9.565648751876875,207.7154955717087,Starch and sucrose metabolism
MI1PP,0.9238923188700794,0,240.99021214580537,9.533385024478326,Inositol phosphate metabolism
MI3PP,0.9651046315035908,0,238.96466019055248,4.243417750528725,Inositol phosphate metabolism
MI4PP,-0.7091070816691883,0,5.357531736794184,31.477546734943985,Inositol phosphate metabolism
NTD3,-0.686481644720809,0,7.555994035423045,40.645292480604795,Pyrimidine catabolism
NTD5_a,1,-5.478260869565218,158.0397052947998,NA,Vitamin B2 metabolism
ORNDC,-0.37668290503174967,0,67.86021877438235,149.87877578291892,Urea cycle
PYDXNK,-0.45807089811599827,0,9.282203669955617,24.973951379427373,Vitamin B6 metabolism
THRD_L,-0.6916604265231002,0,33.143926841604895,181.8393558286488,"Glycine, serine, alanine, and threonine metabolism"
TMDS,0.4995413937674698,0,38.790828470656926,12.946094073639472,Nucleotide interconversion
XYLt,1.0324906754217786,0,4.332794151388737,-271.04280218553544,"Transport, extracellular"
r1667,13.78247015228105,0,246.9377128198147,-285.5746444735527,"Transport, extracellular"
EX_34dhpha[e],-0.44789926974967476,0,-178.79450830707037,-68.1764130029209,Exchange/demand reaction
EX_arab_L[e],-0.5538316045358448,0,-861.663605708313,-247.41874683619739,Exchange/demand reaction
PYRt2r,1.129029515120192,0,370.8576848937988,-22.47577448814388,"Transport, extracellular"
EX_tre[e],0.511969301769264,0,-14.738165432532178,-45.6603524720285,Exchange/demand reaction
DCMPDA,-0.6808490198878245,0,-800.4220720916747,-151.98003258408346,Pyrimidine catabolism
THMt3,1,-5.488203266787659,537.2520071960449,NA,"Transport, extracellular"
AACOAT,0.36767447686210875,0,10.877051636104193,5.02885553715782,Propanoate metabolism
EX_pheme[e],-0.8404583628672971,0,3.358226852591998,38.74021105924547,Exchange/demand reaction
AHC,-0.4708623387403105,0,-198.69644381563813,-71.48036142611899,Methionine and cysteine metabolism
EX_phpyr[e],-1.8986066770450423,0,-160.69297038313448,518.3421499141693,Exchange/demand reaction
PHPYRte,1.8986066770450423,0,160.69297038313448,-518.3421499141693,"Transport, extracellular"
3MOX4HOXMte,1,-5.498181818181818,66.35019416853609,NA,"Transport, extracellular"
EX_3mox4hoxm[e],1,-5.508196721311475,66.35019416853609,NA,Exchange/demand reaction
VANILPYRc,-0.40303960248183,0,81.41882200144748,191.35914564914293,Tyrosine metabolism
VANILLACc,-0.40303960248183,0,81.41882200144748,191.35914564914293,Tyrosine metabolism
VANILLACte,-0.40303960248183,0,81.41882200144748,191.35914564914293,"Transport, extracellular"
EX_vanillac[e],-0.40303960248183,0,81.41882200144748,191.35914564914293,Exchange/demand reaction
2HIVc,0.6502575908156479,0,-11.792829357010685,-55.644398999214125,"Valine, leucine, and isoleucine metabolism"
2HIVte,0.6502575908156479,0,-11.792829357010685,-55.644398999214125,"Transport, extracellular"
EX_2hiv[e],0.650257590815657,0,-11.792829357010312,-55.644398999214125,Exchange/demand reaction
2M3HBUc,1,-5.518248175182482,13.82889972057379,NA,"Valine, leucine, and isoleucine metabolism"
2M3HBUtm,1,-5.528336380255942,13.82889972057379,NA,"Transport, mitochondrial"
2M3HBUte,1,-5.538461538461538,13.82889972057379,NA,"Transport, extracellular"
EX_2m3hbu[e],1,-5.5486238532110095,13.82889972057379,NA,Exchange/demand reaction
2M3OVCOAm,0.46071554382509955,0,79.61587067261934,29.393540515178955,Propanoate metabolism
2M3OVACm,0.46071554382509955,0,79.61587067261934,29.393540515178955,Propanoate metabolism
2M3OVACtm,0.46071554382509955,0,79.61587067261934,29.393540515178955,"Transport, mitochondrial"
2M3HVACc,0.46071554382509955,0,79.61587067261934,29.393540515178955,Propanoate metabolism
2M3HVACte,0.46071554382509955,0,79.61587067261934,29.393540515178955,"Transport, extracellular"
EX_2m3hvac[e],0.46071554382509955,0,79.61587067261934,29.393540515178955,Exchange/demand reaction
3HADICOAx,-0.5583214886991654,0,0.8601203294575326,3.034659730927567,Fatty acid oxidation
3HADPACx,-0.5583214886991654,0,0.8601203294575326,3.034659730927567,Fatty acid oxidation
3HADPACtxc,-0.5583214886991654,0,0.8601203294575326,3.034659730927567,"Transport, peroxisomal"
3HADPACte,-0.5583214886991654,0,0.8601203294575326,3.034659730927567,"Transport, extracellular"
EX_3hadpac[e],-0.5583214886991654,0,0.8601203294575326,3.034659730927567,Exchange/demand reaction
3OHSEBCOAx,-0.440535654708207,0,0.924246955056972,2.379795430610782,Fatty acid oxidation
3OHSEBACx,-0.440535654708207,0,0.924246955056972,2.379795430610782,Fatty acid oxidation
3OHSEBACtxc,-0.440535654708207,0,0.924246955056972,2.379795430610782,"Transport, peroxisomal"
3OHSEBACte,-0.440535654708207,0,0.924246955056972,2.379795430610782,"Transport, extracellular"
EX_3ohsebac[e],-0.440535654708207,0,0.924246955056972,2.379795430610782,Exchange/demand reaction
3OHSUBCOAx,-0.5053982527848174,0,0.92054755445342,2.8018313479119388,Fatty acid oxidation
3OHSUBACx,-0.5053982527848174,0,0.92054755445342,2.8018313479119388,Fatty acid oxidation
3OHSUBACtxc,-0.5053982527848174,0,0.92054755445342,2.8018313479119388,"Transport, peroxisomal"
3OHSUBACte,-0.5053982527848171,0,0.9205475544534207,2.8018313479119388,"Transport, extracellular"
EX_3ohsubac[e],-0.5053982527848171,0,0.9205475544534207,2.8018313479119388,Exchange/demand reaction
5OHHEXAc,-1,-5.5588235294117645,NA,39.91150312478226,Fatty acid oxidation
5OHHEXAte,-1,-5.569060773480663,NA,39.91150312478226,"Transport, extracellular"
EX_5ohhexa[e],-1,-5.5793357933579335,NA,39.91150312478226,Exchange/demand reaction
AK2LGCHOLABCt,1,-5.589648798521257,2.8454005863058356,NA,"Transport, extracellular"
NRVNCABCt,-0.8602331345470902,0,2.296720425638872,30.56829973770853,"Transport, extracellular"
PAFABCt,1,-5.6,4.127072837597677,NA,"Transport, extracellular"
PAILPALM_HSSECt,-1,-5.6103896103896105,NA,23.340939411754476,"Transport, extracellular"
PAILR_HSSECt,-1,-5.620817843866171,NA,5.713594472330999,"Transport, extracellular"
PCHOL2STE_HSABCt,0.44170969933402277,0,7.53383855856247,2.917417421809472,"Transport, extracellular"
PCHOLAR_HSABCt,0.7480223096337831,0,11.515283076869508,1.6599298633840978,"Transport, extracellular"
PCHOLDOC_HSABCt,0.7422857449730195,0,12.971897018050301,1.918768368471794,"Transport, extracellular"
PCHOLEIC_HSABCt,0.8000873847304548,0,17.993111549392943,1.9982640938369896,"Transport, extracellular"
PCHOLMYR_HsABCt,-0.4003193438518451,0,5.785959799758759,13.510843391869622,"Transport, extracellular"
PCHOLN15_HSABCt,-0.41367036806424967,0,2.499696515620832,6.026894601284368,"Transport, extracellular"
PCHOLSTE_HSABCt,0.4130523019916411,0,6.013337968962714,2.4977949317617005,"Transport, extracellular"
PE226_HSABCt,0.4422011098569752,0,5.844200774881486,2.260356536769817,"Transport, extracellular"
PE2LINL_HSABCt,0.4385062255357676,0,6.715807621027325,2.621388842652965,"Transport, extracellular"
PEAR_HSABCt,0.593549653925546,0,6.893701966288448,1.7583057691549002,"Transport, extracellular"
PEPALM_HSASBCt,0.6835487342352148,0,12.566135936037528,2.362016341949177,"Transport, extracellular"
AK2LGCHOLt1,1,-5.631284916201118,2.8454005863058356,NA,"Transport, extracellular"
APRGSTRNt1e,-1.2412789415008265,0,-66.87958367134519,621.2552225508451,"Transport, extracellular"
PAFt1,1,-5.641791044776119,4.127072837597677,NA,"Transport, extracellular"
SPHMYLN180241_hs_ATPt,-0.4633746853259705,0,2.0518202194133477,5.595303996706483,"Transport, extracellular"
SPHMYLN18114_hs_ATPt,-0.6341671727650023,0,4.298114604949245,19.19958316829237,"Transport, extracellular"
SPHMYLN181221_hs_ATPt,-0.3804668493099324,0,2.9391071175258823,6.549027986308853,"Transport, extracellular"
AGRMte,0.776146689189762,0,142.46106689960956,17.95481289981971,"Transport, extracellular"
ANDRSTNDNte,-0.5947296383151652,0,6.968946634115355,27.42264620353149,"Transport, extracellular"
C05302te,0.489275345316008,0,8.23355258929979,2.8235734353746063,"Transport, extracellular"
CE2211te,-0.46882128794388,0,3.704707730951655,10.244299060420836,"Transport, extracellular"
C05769te,-0.7794962953557119,0,2.4500384043078847,19.772158798775262,"Transport, extracellular"
SAMHISTAe,1,-5.652336448598131,58.729518503033,NA,"Transport, extracellular"
CE2006te,-0.34379084141708915,0,7.953783846810406,16.287827970941937,"Transport, extracellular"
GLCRt1,-0.5889430497483928,0,-74.83986453480013,-19.36094970665545,"Transport, extracellular"
MHISTAte,1,-5.662921348314606,82.02471357606086,NA,"Transport, extracellular"
CE4890te2,0.5083507544583169,0,305.1217051035404,99.45488850596995,"Transport, extracellular"
CE7090te,-0.6017498459781262,0,3.2216541375646592,12.957393654530911,"Transport, extracellular"
CE7085te,-0.38664928352283806,0,6.101315827251995,13.793715395000362,"Transport, extracellular"
CE4877te,-0.5865273374246134,0,9.783895617592457,37.541581992713176,"Transport, extracellular"
CE2705t,1,-5.673545966228893,326.56614960212374,NA,"Transport, extracellular"
13DAMPPte,-1,-5.684210526315789,-5.592347480545541,NA,"Transport, extracellular"
ARGN1ASPMDte,0.45553243154726347,0,102.66097431796044,38.40214745505224,"Transport, extracellular"
34DHPHAte,-0.44789926974967476,0,-178.79450830707037,-68.1764130029209,"Transport, extracellular"
1A25DHVITD3te,-0.552390055693222,0,165.15746098011982,572.7951385131836,"Transport, extracellular"
AGRMtm,0.776146689189762,0,142.46106689960956,17.95481289981971,"Transport, mitochondrial"
EX_agm[e],0.776146689189762,0,142.46106689960956,17.95481289981971,Exchange/demand reaction
EX_andrstndn[e],-0.5947296383151652,0,6.968946634115355,27.42264620353149,Exchange/demand reaction
EX_C05302[e],0.489275345316008,0,8.23355258929979,2.8235734353746063,Exchange/demand reaction
EX_CE2211[e],-0.46882128794388,0,3.704707730951655,10.244299060420836,Exchange/demand reaction
XOL25OHtr,1,-5.694915254237288,57.80296791677603,NA,"Transport, endoplasmic reticular"
XOL25OHte,1,-5.70566037735849,57.80296791677603,NA,"Transport, extracellular"
EX_xol25oh[e],1,-5.7164461247637055,57.80296791677603,NA,Exchange/demand reaction
EX_CE7090[e],-0.6017498459781262,0,3.2216541375646592,12.957393654530911,Exchange/demand reaction
EX_CE7085[e],-0.38664928352283806,0,6.101315827251995,13.793715395000362,Exchange/demand reaction
EX_CE4877[e],-0.5865273374246134,0,9.783895617592457,37.541581992713176,Exchange/demand reaction
EX_CE2006[e],-0.34379084141708915,0,7.953783846810406,16.287827970941937,Exchange/demand reaction
EX_CE4890[e],0.5083507544583169,0,305.1217051035404,99.45488850596995,Exchange/demand reaction
EX_C05769[e],-0.7794962953557119,0,2.4500384043078847,19.772158798775262,Exchange/demand reaction
EX_mhista[e],1,-5.7272727272727275,140.75423210224434,NA,Exchange/demand reaction
EX_13dampp[e],-1,-5.738140417457306,-5.592347480544514,NA,Exchange/demand reaction
AMETAMte,32.98740257939635,0,144.60453421784044,-136.09523234459274,"Transport, extracellular"
EX_ametam[e],32.98740257939635,0,144.60453421784044,-136.09523234459274,Exchange/demand reaction
SPHGNSte,0.6976414119345579,0,249.24835893354415,44.39240310407793,"Transport, extracellular"
EX_sphings[e],0.6738904258727271,0,255.22747682943344,49.723758788470086,Exchange/demand reaction
IM4ACte,0.7214558896010488,0,-5.325560694219221,-32.91298390535291,"Transport, extracellular"
EX_im4ac[e],-0.7214558896013185,0,5.325560694213231,32.91298390535291,Exchange/demand reaction
AACTte,-0.5105328754290589,0,-597.4236282920838,-193.58679989523887,"Transport, extracellular"
EX_aact[e],0.5105328754290589,0,597.4236282920838,193.58679989523887,Exchange/demand reaction
EX_CE2705[e],-1,-5.749049429657795,-326.56614960212374,NA,Exchange/demand reaction
SPHGNte,0.5582556589258815,0,17.640933872025435,5.000965447865983,"Transport, extracellular"
EX_sphgn[e],-0.5582556589258806,0,-17.64093387202539,-5.000965447865983,Exchange/demand reaction
EX_N1aspmd[e],0.45553243154726347,0,102.66097431796044,38.40214745505224,Exchange/demand reaction
EX_1a25dhvitd3[e],0.552390055693222,0,-165.15746098011982,-572.7951385131836,Exchange/demand reaction
34DHPEAR,-0.8675142686072902,0,6.234625840841868,87.88306932983883,Tyrosine metabolism
DOPACCL,-0.5345109577300139,0,8.441430377897321,27.82765272116839,Tyrosine metabolism
NADPQNOXR,-0.8875479671867839,0,23.46609380937359,393.88685610752106,Tyrosine metabolism
NADQNOXR,0.8802220169705658,0,664.1853999214172,42.31137963609474,Tyrosine metabolism
DACGST,-0.5345109577300139,0,8.441430377897321,27.82765272116839,Tyrosine metabolism
CE5629t,1,-5.76,NA,-729.8762858268738,"Transport, extracellular"
EX_CE5629[e],1,-5.770992366412214,NA,-729.8762858268738,Exchange/demand reaction
ACER11r,0.3669561406922783,0,41.76091758066392,19.33967860893235,Sphingolipid metabolism
ACER12r,0.6930081545919317,0,61.09271908070352,11.077895000513113,Exchange/demand reaction
BGAL2l,0.3333600116161085,0,28.41180328438212,14.20504893386521,Sphingolipid metabolism
CRMte,0.3310783484901656,0,227.7842483356476,114.4709593972735,Sphingolipid metabolism
EX_gd3_hs[e],-0.38508700511259275,0,-814.4839018981934,-361.592256338501,Exchange/demand reaction
EX_gluside_hs[e],1,-5.782026768642448,NA,-48.18752898480122,Exchange/demand reaction
GA1tl,0.3333600116161085,0,28.41180328438212,14.20504893386521,"Transport, extracellular"
GBA2e,0.7611252598079415,0,184.3561775505066,25.005622836833773,Sphingolipid metabolism
GD3tl,0.5669023854210083,0,436.65899527683257,120.69416129457363,"Transport, extracellular"
GM1tl,0.3798323928008239,0,75.05487714033127,33.73351996054081,"Transport, extracellular"
HEXA3e,0.752177256021304,0,177.87396239981652,25.157964636741042,Sphingolipid metabolism
HEXAHBl,0.3333600116161085,0,28.41180328438212,14.20504893386521,Sphingolipid metabolism
NEU31e,0.7222447491098734,0,157.5465931228161,25.408347752158424,Sphingolipid metabolism
NEU33e,0.7437629541217383,0,55.40878460700512,8.142037454026958,Sphingolipid metabolism
NEU34e,0.7437629541217383,0,55.40878460700512,8.142037454026958,Sphingolipid metabolism
NEU36e,0.7437629541217383,0,55.40878460700512,8.142037454026958,Sphingolipid metabolism
NEU39e,0.3333600116161085,0,28.41180328438212,14.20504893386521,Sphingolipid metabolism
SMS21e,-1,-5.793103448275862,NA,199.39498118444905,Sphingolipid metabolism
SMSn,0.3706494532941996,0,11.880396317010105,5.455030021878993,Sphingolipid metabolism
SPHMYLNtl2,-0.3612672943741264,0,2.5627437945628215,5.461720185410371,"Transport, extracellular"
SPMD3n,0.3706494532941996,0,11.880396317010105,5.455030021878993,Sphingolipid metabolism
NH4tr,0.7071737178127875,0,-7.158564400493307,-41.73434471288076,"Transport, endoplasmic reticular"
TETTET6COAtm,0.9072156053710246,0,269.55459442532805,13.113598584648532,"Transport, mitochondrial"
TETPENT6COAtm,0.4455588551182827,0,360.0853211384773,138.10998908846378,"Transport, mitochondrial"
TETPENT3COAtm,0.4668319027104409,0,626.4247918045044,227.69460748996735,"Transport, mitochondrial"
PCHOL_HStn,0.3706494532941996,0,11.880396317010105,5.455030021878993,"Transport, nuclear"
CHOLPtn,-0.3706494532941996,0,-11.880396317010105,-5.455030021878993,"Transport, nuclear"
DHCRMter,0.6930081545919317,0,61.09271908070352,11.077895000513113,"Transport, endoplasmic reticular"
GDA1tn,0.550747384675922,0,8.81902278475399,2.554877144920249,"Transport, nuclear"
34DHPEt,0.8675142686073178,0,-6.234625840840474,-87.88306932983883,"Transport, extracellular"
EX_34dhpe[c],-0.8675142686072902,0,6.234625840841868,87.88306932983883,Exchange/demand reaction
DM_gda1_hs[n],0.550747384675922,0,8.81902278475399,2.554877144920249,Exchange/demand reaction
GALSIDEter,-1,-5.8042226487524,-1.3864731114331261,NA,"Transport, endoplasmic reticular"
Rtotalter,-0.5011678717783922,0,-107.33560303649902,-35.667195057416336,"Transport, endoplasmic reticular"
GD3tlc,0.5628623596837504,0,440.9246204813957,123.32803778931475,"Transport, lysosomal"
DM_pail35p_hs[n],-0.6838615289210991,0,82.48928761498965,439.36613436813354,Exchange/demand reaction
DM_pcreat[c],-0.4403897360244442,0,33.60936254328408,86.50767142431363,Exchange/demand reaction
EX_galgluside_hs[e],0.4487963405802017,0,112.64932648495287,42.85814317063726,Miscellaneous
EX_gm2_hs[e],-0.5629622960831325,0,-205.5007617010355,-57.462410495800526,Miscellaneous
EX_gm1b_hs[e],-0.3333600116161085,0,-28.41180328438212,-14.20504893386521,Miscellaneous
HMR_0003,0.5492078571306448,0,187.8740526283264,54.66803333332899,Glycerophospholipid metabolism
HMR_0167,-1.9978610930401943,0,-119.90560932484152,39.91150312478226,"Transport, extracellular"
HMR_0176,0.4633363536224596,0,-4.362056494741303,-11.894146153546956,"Transport, extracellular"
HMR_0203,-0.44433971533753236,0,2.942878764812916,7.6494879961138595,"Transport, extracellular"
HMR_0215,1,-5.815384615384615,4.105232639774201,NA,"Transport, extracellular"
HMR_0230,-0.7096666901638069,0,8.550913099053012,50.35320027241968,Fatty acid oxidation
HMR_0239,1,-5.826589595375722,2.318178140866286,NA,"Transport, extracellular"
HMR_0253,1,-5.837837837837838,3.8625307355396696,NA,"Transport, extracellular"
HMR_0256,-0.3693919268518744,0,1.5838145030053365,3.43931973978546,Fatty acid oxidation
HMR_0260,0.6848652327074958,0,13.47321329472979,2.520010416200487,Fatty acid oxidation
HMR_0261,1,-5.849129593810445,4.646883867749317,NA,"Transport, extracellular"
HMR_0268,-0.7635371198357329,0,1.5720347399007624,11.724214877025947,Fatty acid oxidation
HMR_0270,-0.37059214728153334,0,3.363860567139996,7.325108604792616,"Transport, extracellular"
HMR_0273,-0.37059214728153334,0,3.363860567139996,7.325108604792616,"Transport, extracellular"
HMR_0276,-0.6067382092841739,0,6.091078949183722,24.886143313353248,Fatty acid oxidation
HMR_0277,1,-5.8604651162790695,6.091078949183724,NA,"Transport, extracellular"
HMR_0278,0.3734343002293995,0,11.023934612134422,5.029158878093886,"Transport, extracellular"
HMR_0279,0.6967059992002919,0,9.676481683845259,1.729715604790572,Fatty acid synthesis
HMR_0280,0.38118489808888134,0,3.860696133541611,1.729715604790572,Fatty acid oxidation
HMR_0287,1,-5.871844660194175,3.2888337805137433,NA,"Transport, extracellular"
HMR_0296,0.37581150359989723,0,6.911698972863997,3.1357515024069285,"Transport, extracellular"
HMR_0299,1,-5.883268482490273,6.347835070836596,NA,"Transport, extracellular"
HMR_0300,0.4279111411471164,0,4.3944007759072745,1.7606051614748235,"Transport, extracellular"
HMR_0302,0.4607169232206796,0,4.381067181826682,1.6174491798062518,Fatty acid oxidation
HMR_0303,1,-5.894736842105263,4.9911644914431905,NA,"Transport, extracellular"
HMR_0308,0.45001231507606365,0,21.766806104773522,8.2561197400069,"Transport, extracellular"
HMR_0311,1,-5.90625,18.60257660638498,NA,"Transport, extracellular"
HMR_0317,1,-5.917808219178082,3.1820552789113474,NA,"Transport, extracellular"
HMR_0321,1,-5.929411764705883,6.462225357705257,NA,"Transport, extracellular"
HMR_0326,-0.5935379283746794,0,2.251765940565272,8.828067075888796,"Transport, extracellular"
HMR_0329,-0.5935379283746794,0,2.251765940565272,8.828067075888796,"Transport, extracellular"
HMR_0342,-0.5479024764025273,0,3.6670081422572722,12.555191497669142,Fatty acid oxidation
HMR_0343,1,-5.94106090373281,4.502547571700398,NA,"Transport, extracellular"
HMR_0350,-0.3303678937642639,0,8.583672767158248,17.053308157816897,Fatty acid oxidation
HMR_0359,1,-5.952755905511811,2.337982710307289,NA,"Transport, extracellular"
HMR_0363,1,-5.964497041420119,3.4864371101921248,NA,"Transport, extracellular"
HMR_0367,1,-5.976284584980237,4.940887150412545,NA,"Transport, extracellular"
HMR_0370,0.4560625780741405,0,4.603637564386159,1.7197686321732701,Fatty acid oxidation
HMR_0371,1,-5.988118811881188,2.920362953864842,NA,"Transport, extracellular"
HMR_0375,1,-6,5.50668744316722,NA,"Transport, extracellular"
HMR_0378,-0.47805749786943497,0,19.710587783697072,55.81722496670594,Fatty acid oxidation
HMR_0380,0.5701846320737988,0,5.540447797653652,1.5166175747620556,"Transport, extracellular"
HMR_0383,1,-6.01192842942346,5.49884022189587,NA,"Transport, extracellular"
HMR_0388,0.5434119904056494,0,9.991184751268529,2.9556950363409764,"Transport, extracellular"
HMR_0391,1,-6.0239043824701195,9.543722613686032,NA,"Transport, extracellular"
HMR_0402,-0.630584551164308,0,28.17600873791178,124.36774018604756,Fatty acid oxidation
HMR_0410,-0.44009229052597654,0,8.17114853140787,21.016335023993914,Fatty acid oxidation
HMR_0414,-0.41135407635647636,0,6.662528387556826,15.974266058646005,Fatty acid oxidation
HMR_0415,1,-6.0359281437125745,7.707496673988435,NA,"Transport, extracellular"
HMR_0419,1,-6.048,3.326104874484931,NA,"Transport, extracellular"
HMR_0422,0.3954407277423666,0,6.543695786994647,2.8349838758548915,Fatty acid oxidation
HMR_0423,1,-6.060120240480962,3.5598509720848,NA,"Transport, extracellular"
HMR_0426,0.4441985988375793,0,10.826122716765957,4.166445099709966,Fatty acid oxidation
HMR_0427,1,-6.072289156626506,6.559993279673811,NA,"Transport, extracellular"
HMR_0431,1,-6.084507042253521,2.722335929982331,NA,"Transport, extracellular"
HMR_0467,-1,-6.096774193548387,-116.73142888033688,NA,"Transport, endoplasmic reticular"
HMR_0482,-1,-6.109090909090909,NA,160.10724887219854,Glycerophospholipid metabolism
HMR_0598,-0.33736398985220206,0,3.3263628093934705,6.713426029282957,Glycerophospholipid metabolism
HMR_0642,-0.33736398985220206,0,3.3263628093934705,6.713426029282957,Glycerophospholipid metabolism
HMR_0653,0.730608425567666,0,164.67834131889344,25.634312758098496,Glycerophospholipid metabolism
HMR_0654,0.730608425567666,0,164.67834131889344,25.634312758098496,Glycerophospholipid metabolism
HMR_0657,0.730608425567666,0,164.67834131889344,25.634312758098496,Glycerophospholipid metabolism
HMR_0761,0.3586660788491456,0,12.336388504357464,5.823170634422196,Sphingolipid metabolism
HMR_0770,1.9291234710594607,0,144.465710379982,-45.82479489291385,"Transport, extracellular"
HMR_0795,0.569577546996935,0,29.372801453572325,8.054850986756172,Sphingolipid metabolism
HMR_0848,0.5534364466046297,0,3.8235378498226025,1.0991454800036917,Glycosphingolipid metabolism
HMR_0853,0.5540994610931933,0,3.830857442614052,1.0991454800036917,Glycosphingolipid metabolism
HMR_0859,-0.5921530709220092,0,6.062107475387863,23.66525856898725,Glycosphingolipid metabolism
HMR_0860,-0.6345621902953338,0,4.403258741490712,19.69528073393614,Glycosphingolipid metabolism
HMR_0864,-0.6345621902953338,0,4.403258741490712,19.69528073393614,Glycosphingolipid metabolism
HMR_0867,-0.6345621902953338,0,4.403258741490712,19.69528073393614,Glycosphingolipid metabolism
HMR_0870,-0.6345621902953338,0,4.403258741490712,19.69528073393614,Glycosphingolipid metabolism
HMR_0875,-0.41058808137050246,0,1.6588487303125408,3.969977826740127,Glycosphingolipid metabolism
HMR_0962,0.40153240927982853,0,10.973035608291095,4.685589958462003,"Transport, mitochondrial"
HMR_0963,0.40153240927982853,0,10.973035608291095,4.685589958462003,Arachidonic acid metabolism
HMR_0981,0.36623471609596403,0,10.851426918849498,5.033730720619086,Arachidonic acid metabolism
HMR_1095,3.1725931049323255,0,126.25735590929911,-242.48469329950214,"Transport, nuclear"
HMR_1104,-1.07003296590117,0,-273.7849555109233,9.26264111219244,"Transport, peroxisomal"
HMR_1129,90.02506785320483,0,4.582638319557028,-4.685589958462003,Leukotriene metabolism
HMR_1135,-1,-6.1214574898785425,-432.96345837392806,NA,"Transport, peroxisomal"
HMR_1242,1,-6.133874239350913,432.96345837392806,NA,"Transport, peroxisomal"
HMR_1280,-0.5384766900063178,0,-207.51184041668066,-62.250895365593024,Leukotriene metabolism
HMR_1283,1.07003296590117,0,273.7849555109233,-9.26264111219244,"Transport, peroxisomal"
HMR_1284,-1,-6.146341463414634,-4.116812486494987,NA,"Transport, mitochondrial"
HMR_1311,1,-6.158859470468432,NA,-483.55470569343566,"Transport, endoplasmic reticular"
HMR_1312,-0.396583495310742,0,309.1068906236671,715.4156016235352,Eicosanoid metabolism
HMR_1321,1.0480517463184071,0,9.783895617592457,-417.00720661907195,Eicosanoid metabolism
HMR_1329,-0.7740098322231564,0,-294.69926159818175,-37.541581992713176,Eicosanoid metabolism
HMR_1332,0.5865273374246134,0,-9.783895617592457,-37.541581992713176,Eicosanoid metabolism
HMR_1557,0.9631173327706097,0,96.74618442750666,1.8176485258356674,Cholesterol metabolism
HMR_1558,1,-6.171428571428572,14.117094114805095,NA,Cholesterol metabolism
HMR_1565,0.9681843266933345,0,112.44355275642872,1.817648525811453,Cholesterol metabolism
HMR_1666,-0.7807335923671929,0,4.860590041630757,39.4744277488783,"Transport, mitochondrial"
HMR_1681,0.5722547914528169,0,14.75860237725838,4.015202552438709,Bile acid synthesis
HMR_1685,1,-6.184049079754601,177.3225072756767,NA,Bile acid synthesis
HMR_1706,-0.521762128725559,0,17.68195935028003,56.264335631169004,Bile acid synthesis
HMR_1762,1,-6.19672131147541,5.2889807666634265,NA,Bile acid synthesis
HMR_1764,-1,-6.209445585215605,-5.2889807666634265,NA,"Transport, mitochondrial"
HMR_1765,1,-6.222222222222222,5.2889807666634265,NA,Bile acid synthesis
HMR_1766,1,-6.235051546391753,5.2889807666634265,NA,Bile acid synthesis
HMR_1769,1,-6.24793388429752,5.2889807666634265,NA,Bile acid synthesis
HMR_1771,1,-6.260869565217392,5.2889807666634265,NA,Bile acid synthesis
HMR_1807,-1,-6.273858921161826,-10.912167801099644,NA,Bile acid synthesis
HMR_1944,-0.5546719860054539,0,3.720139100281842,12.987271991657238,Androgen and estrogen synthesis and metabolism
HMR_1968,0.5068590019050748,0,203.4256170824051,66.57392079767585,Androgen and estrogen synthesis and metabolism
HMR_1971,0.5068590019050748,0,203.4256170824051,66.57392079767585,Androgen and estrogen synthesis and metabolism
HMR_1981,1,-6.286902286902287,6.488036836727071,NA,Steroid metabolism
HMR_1988,1,-6.3,2.7415549166630573,NA,Steroid metabolism
HMR_2007,1,-6.313152400835073,4.0295636405642945,NA,Steroid metabolism
HMR_2041,1,-6.326359832635983,86.947927442401,NA,Steroid metabolism
HMR_2127,-1,-6.339622641509434,-6.927502870471312,NA,"Transport, mitochondrial"
HMR_2215,-0.4568283627114951,0,4.6701262865116515,12.525640082383342,Fatty acid synthesis
HMR_2217,-0.4568283627114951,0,4.6701262865116515,12.525640082383342,Fatty acid synthesis
HMR_2218,-0.4568283627114951,0,4.6701262865116515,12.525640082383342,Fatty acid synthesis
HMR_2219,-0.4568283627114951,0,4.6701262865116515,12.525640082383342,Fatty acid synthesis
HMR_2263,-0.33647564518811,0,3.5371923124397364,7.124638822432577,Fatty acid synthesis
HMR_2264,-0.33647564518811,0,3.5371923124397364,7.124638822432577,Fatty acid synthesis
HMR_2265,-0.33647564518811,0,3.5371923124397364,7.124638822432577,Fatty acid synthesis
HMR_2266,-0.33647564518811,0,3.5371923124397364,7.124638822432577,Fatty acid synthesis
HMR_2281,-0.8297339829621685,0,8.25207164777013,88.67944517906196,Fatty acid synthesis
HMR_2286,-0.6041798915232036,0,4.155146268140834,16.83997843196983,Fatty acid synthesis
HMR_2359,-0.48044739157272764,0,5.605233174491887,15.971920259341807,Fatty acid synthesis
HMR_2365,-0.3609104238012652,0,2.2534250375718,4.798559915695729,Fatty acid synthesis
HMR_2368,-0.5445660761128577,0,6.182780725060587,20.968383914983644,Fatty acid synthesis
HMR_2391,-0.37810576869510865,0,9.788203148404671,21.69047169913828,Fatty acid synthesis
HMR_2472,-0.6363770373551089,0,13.139815804387583,59.13183452711105,Fatty acid synthesis
HMR_2484,-0.6726537704232859,0,3.5551013304481907,18.165639641856473,Fatty acid synthesis
HMR_2569,0.7087799570553979,0,-10.919305217788544,-64.07076145056705,"Transport, endoplasmic reticular"
HMR_2585,-0.6017498459781262,0,3.2216541375646592,12.957393654530911,"Transport, nuclear"
HMR_2612,6.672398593352814,0,79.1011043475449,-106.99093015782535,"Transport, mitochondrial"
HMR_2613,0.43798589482131606,0,-2.2403207858672225,-5.732150955406766,"Transport, mitochondrial"
HMR_2624,15.496181082340287,0,0.37628915255085643,-0.42820477783360955,"Transport, mitochondrial"
HMR_2634,0.7617461501893406,0,-26.317749178763385,-194.60417254194022,"Transport, mitochondrial"
HMR_2655,19.664339211065535,0,13.438153638988652,-14.878135358890267,"Transport, mitochondrial"
HMR_2660,0.4111501189352586,0,-5.589641998426355,-13.395305364794048,Fatty acid oxidation
HMR_2661,0.41115011893525993,0,-5.589641998426343,-13.395305364794062,"Transport, mitochondrial"
HMR_2662,-0.4111501189352592,0,5.5896419984263535,13.395305364794062,"Transport, mitochondrial"
HMR_2667,0.3888429184690268,0,206.01802647545338,90.65775123244568,"Transport, mitochondrial"
HMR_2668,0.3774559799107199,0,-1.699831916931714,-3.7610892776464238,"Transport, mitochondrial"
HMR_2669,-0.440367507461318,0,1.7715667621590594,4.559612309029728,Fatty acid oxidation
HMR_2670,0.440367507461318,0,-1.7715667621590594,-4.559612309029728,"Transport, mitochondrial"
HMR_2671,0.440367507461318,0,-1.7715667621590594,-4.559612309029728,"Transport, mitochondrial"
HMR_2673,1.197826439069885,0,41.26324530473184,-458.42937839329244,"Transport, mitochondrial"
HMR_2675,-1.6003205038451107,0,-6.790421786302026,1.567664225254466,Fatty acid oxidation
HMR_2676,-1.6003205038451105,0,-6.790421786302028,1.567664225254466,"Transport, mitochondrial"
HMR_2677,1.6003205038451105,0,6.790421786302028,-1.567664225254466,"Transport, mitochondrial"
HMR_2679,1.0279988532096296,0,190.9975227388382,-2.636940151176142,"Transport, mitochondrial"
HMR_2684,1.0664439647142183,0,3.82979890858769,-0.12314247465207413,Fatty acid oxidation
HMR_2685,-1.0664439647121149,0,-3.8297989085876902,0.1231424746483012,"Transport, mitochondrial"
HMR_2686,-1.0664439647141106,0,-3.8297989085876902,0.12314247465188086,"Transport, mitochondrial"
HMR_2693,-0.3609104238012652,0,2.2534250375718,4.798559915695729,Fatty acid oxidation
HMR_2695,-0.3609104238012652,0,2.2534250375718,4.798559915695729,"Transport, mitochondrial"
HMR_2697,0.3609104238012652,0,-2.2534250375718,-4.798559915695729,"Transport, mitochondrial"
HMR_2699,0.4093785935942624,0,-5.99398852397028,-14.303238968839574,Fatty acid oxidation
HMR_2700,0.40937859359425055,0,-5.993988523970295,-14.303238968839203,"Transport, mitochondrial"
HMR_2701,-0.40937859359425055,0,5.993988523970295,14.303238968839203,"Transport, mitochondrial"
HMR_2703,0.7844703635450642,0,-5.948546573303743,-49.25079093912696,"Transport, mitochondrial"
HMR_2704,-0.7844703635450674,0,5.948546573303642,49.25079093912696,"Transport, mitochondrial"
HMR_2705,-0.572693175146076,0,5.099724315736418,18.769420847015294,Fatty acid oxidation
HMR_2706,0.572693175146076,0,-5.099724315736418,-18.769420847015294,"Transport, mitochondrial"
HMR_2707,0.572693175146076,0,-5.099724315736418,-18.769420847015294,"Transport, mitochondrial"
HMR_2715,-1.8606598220432795,0,-228.808609998703,68.83949501650129,"Transport, mitochondrial"
HMR_2718,-0.9656672305609131,0,8.92036145968955,510.7208795719147,"Transport, mitochondrial"
HMR_2722,0.7087799570553979,0,-10.919305217788544,-64.07076145056705,"Transport, mitochondrial"
HMR_2727,-0.8263874682219998,0,2.0332854393491413,21.389971148477354,"Transport, mitochondrial"
HMR_2748,0.954863180020295,0,348.4923271192551,8.046514760857573,"Transport, mitochondrial"
HMR_2757,-0.8821403546889629,0,-198.52434278398752,-12.431596064467886,"Transport, mitochondrial"
HMR_2764,1.2555403566211878,0,14.173100621449947,-125.09961578210704,"Transport, mitochondrial"
HMR_2817,0.5642408401187757,0,23.804910355893757,6.631464587604338,"Transport, endoplasmic reticular"
HMR_2819,-0.5642408401187757,0,-23.804910355893757,-6.631464587604338,"Transport, endoplasmic reticular"
HMR_2821,-0.7589136353294419,0,-42.209167644819246,-5.785420374749473,"Transport, endoplasmic reticular"
HMR_2827,0.7589136353294378,0,42.209167644819246,5.785420374749587,"Transport, endoplasmic reticular"
HMR_2857,0.4958188568227232,0,9.681618404503089,3.2632891427488104,"Transport, endoplasmic reticular"
HMR_2859,-0.4958188568171227,0,-9.681618404504677,-3.2632891427978126,"Transport, endoplasmic reticular"
HMR_2861,-0.3426801776706614,0,-1.326206781626067,-0.6492551395096525,"Transport, endoplasmic reticular"
HMR_2862,0.3426801776709171,0,1.3262067816268355,0.6492551395096525,"Transport, endoplasmic reticular"
HMR_2865,-0.7087799570553979,0,10.919305217788544,64.07076145056705,"Transport, endoplasmic reticular"
HMR_2866,0.7087799570553979,0,-10.919305217788544,-64.07076145056705,"Transport, endoplasmic reticular"
HMR_2888,-0.925329647792437,0,11.832905602010126,305.1042790283203,"Transport, endoplasmic reticular"
HMR_2890,0.925329647792437,0,-11.832905602010122,-305.1042790283203,"Transport, endoplasmic reticular"
HMR_2990,0.44328378323546097,0,5.742519239904026,2.2150554333605967,Fatty acid synthesis
HMR_3062,-0.6613088157167181,0,3.2755352107922935,16.066776386267936,Fatty acid oxidation
HMR_3063,-0.6613088157167181,0,3.2755352107922935,16.066776386267936,Fatty acid oxidation
HMR_3064,-0.6613088157167181,0,3.2755352107922935,16.066776386267936,Fatty acid oxidation
HMR_3065,-0.6613088157167181,0,3.2755352107922935,16.066776386267936,Fatty acid oxidation
HMR_3066,-0.5425159730571989,0,3.2755352107922935,11.044244356951308,Fatty acid oxidation
HMR_3067,-0.5425159730571989,0,3.2755352107922935,11.044244356951308,Fatty acid oxidation
HMR_3068,-0.5425159730571989,0,3.2755352107922935,11.044244356951308,Fatty acid oxidation
HMR_3069,-0.5425159730571989,0,3.2755352107922935,11.044244356951308,Fatty acid oxidation
HMR_3070,-0.7676048859449522,0,2.148139555502078,16.338820157370762,Fatty acid oxidation
HMR_3071,-0.7676048859449522,0,2.148139555502078,16.338820157370762,Fatty acid oxidation
HMR_3072,-0.7676048859449522,0,2.148139555502078,16.338820157370762,Fatty acid oxidation
HMR_3073,-0.7676048859449522,0,2.148139555502078,16.338820157370762,Fatty acid oxidation
HMR_3098,-1,-6.352941176470588,NA,10.982106383046963,Fatty acid oxidation
HMR_3102,-0.35529290246806255,0,9.093982831826061,19.117224603735213,Fatty acid oxidation
HMR_3107,-0.7844703635450674,0,5.948546573303642,49.25079093912696,Fatty acid oxidation
HMR_3108,-0.7844703635450674,0,5.948546573303642,49.25079093912696,Fatty acid oxidation
HMR_3109,-0.7844703635450674,0,5.948546573303642,49.25079093912696,Fatty acid oxidation
HMR_3110,-0.7844703635450674,0,5.948546573303642,49.25079093912696,Fatty acid oxidation
HMR_3111,-0.4469451939217224,0,3.895202863011719,10.190934063028859,Fatty acid oxidation
HMR_3112,-0.4469451939217224,0,3.895202863011719,10.190934063028859,Fatty acid oxidation
HMR_3113,-0.4469451939217224,0,3.895202863011719,10.190934063028859,Fatty acid oxidation
HMR_3114,-0.4469451939217224,0,3.895202863011719,10.190934063028859,Fatty acid oxidation
HMR_3115,0.4046144630350486,0,31.251069132246716,13.246648860376467,Fatty acid oxidation
HMR_3116,0.846803486964482,0,229.84479163603783,19.066143672866783,Fatty acid oxidation
HMR_3117,0.846803486964482,0,229.84479163603783,19.066143672866783,Fatty acid oxidation
HMR_3118,0.846803486964482,0,229.84479163603783,19.066143672866783,Fatty acid oxidation
HMR_3128,-0.8131775406799473,0,8.350241961302942,81.042029093194,Fatty acid oxidation
HMR_3135,-0.34346256061210495,0,4.188629764099213,8.571129277226348,Fatty acid oxidation
HMR_3156,1,-6.366315789473684,9.860826369479708,NA,Fatty acid oxidation
HMR_3170,-0.40937859359425055,0,5.993988523970295,14.303238968839203,Fatty acid oxidation
HMR_3171,-0.40937859359425055,0,5.993988523970295,14.303238968839203,Fatty acid oxidation
HMR_3172,-0.40937859359425055,0,5.993988523970295,14.303238968839203,Fatty acid oxidation
HMR_3173,-0.40937859359425055,0,5.993988523970295,14.303238968839203,Fatty acid oxidation
HMR_3218,-0.572693175146076,0,5.099724315736418,18.769420847015294,Fatty acid oxidation
HMR_3219,-0.572693175146076,0,5.099724315736418,18.769420847015294,Fatty acid oxidation
HMR_3220,-0.572693175146076,0,5.099724315736418,18.769420847015294,Fatty acid oxidation
HMR_3221,-0.572693175146076,0,5.099724315736418,18.769420847015294,Fatty acid oxidation
HMR_3222,-0.35236528326044014,0,8.92952322369125,18.6462783597874,Fatty acid oxidation
HMR_3223,-0.35236528326044014,0,8.92952322369125,18.6462783597874,Fatty acid oxidation
HMR_3224,-0.35236528326044014,0,8.92952322369125,18.6462783597874,Fatty acid oxidation
HMR_3225,-0.35236528326044014,0,8.92952322369125,18.6462783597874,Fatty acid oxidation
HMR_3229,0.43471439632448805,0,26.283632379904855,10.355900125295308,Fatty acid oxidation
HMR_3321,-1,-6.379746835443038,NA,54.94037826333009,Fatty acid oxidation
HMR_3398,-0.43798589482131606,0,2.2403207858672225,5.732150955406766,Fatty acid oxidation
HMR_3407,-0.3774559799107199,0,1.699831916931714,3.7610892776464238,Fatty acid oxidation
HMR_3408,-0.44036750746079106,0,1.7715667621590594,4.559612309023767,Fatty acid oxidation
HMR_3409,-0.37142668290754194,0,1.5198724940528114,3.3160709121457383,Fatty acid oxidation
HMR_3414,-0.3609104238012652,0,2.2534250375718,4.798559915695729,Fatty acid oxidation
HMR_3452,-0.5255915284288184,0,3.304438086703101,10.6263337469415,Fatty acid synthesis
HMR_3453,-0.5255915284288184,0,3.304438086703101,10.6263337469415,Fatty acid synthesis
HMR_3454,-0.5255915284288184,0,3.304438086703101,10.6263337469415,Fatty acid synthesis
HMR_3455,0.5255915284288184,0,-3.304438086703101,-10.6263337469415,Fatty acid synthesis
HMR_3456,-0.5255915284288184,0,3.304438086703101,10.6263337469415,Fatty acid synthesis
HMR_3457,-0.5255915284288184,0,3.304438086703101,10.6263337469415,Fatty acid synthesis
HMR_3491,-0.3746733440474201,0,3.7511612556164056,8.246284303144057,Fatty acid oxidation
HMR_3505,0.4935673072750053,0,5.424277458483148,1.8392418112036983,Fatty acid oxidation
HMR_3664,-0.6399398500352941,0,14.706638528928053,66.98325984149498,Cholesterol metabolism
HMR_3670,0.44328378323546097,0,5.742519239904026,2.2150554333605967,Cholesterol metabolism
HMR_3679,-0.3440010910182898,0,1.931828302649196,3.957901927688907,Cholesterol metabolism
HMR_3723,-0.6399398500352941,0,14.706638528928053,66.98325984149498,Cholesterol metabolism
HMR_3729,0.44328378323546097,0,5.742519239904026,2.2150554333605967,Cholesterol metabolism
HMR_3738,-0.3440010910182898,0,1.931828302649196,3.957901927688907,Cholesterol metabolism
HMR_3831,-0.8712450184040269,0,16.49987657415833,239.79896902599336,Glutamate metabolism
HMR_3855,-0.4005292128276914,0,121.17703377891928,283.10299578018186,Pyruvate metabolism
HMR_3859,-1,-6.393234672304439,NA,125.21446867137402,Pyruvate metabolism
HMR_3915,1,-6.406779661016949,559.0860545906066,NA,Methionine and cysteine metabolism
HMR_3966,0.4664137965490533,0,10.861111624902904,3.9520490947556506,Nucleotide metabolism
HMR_4261,0.35168871766887744,0,18.322319458524465,8.78794523336871,NAD metabolism
HMR_4263,-0.7914221478363529,0,7.731809928045407,66.40654990106188,NAD metabolism
HMR_4343,0.9617445122142597,0,569.4149417861938,11.1040179875067,Pyrimidine synthesis
HMR_4422,-0.8433642424550096,0,6.486871330718728,76.340593258336,Arginine and proline metabolism
HMR_4592,1.219955798019822,0,24.51453671012875,-247.41874683619739,Pentose phosphate pathway
HMR_4630,1,-6.420382165605096,335.6591462375641,NA,Cholesterol metabolism
HMR_4756,-0.8887856015723707,0,1.7857273494843988,30.32751292751854,"Transport, mitochondrial"
HMR_4757,-1,-6.43404255319149,NA,30.32751292751854,Heme synthesis
HMR_4764,0.7680015158039376,0,139.8817854258865,18.35539273883933,Heme synthesis
HMR_4771,0.7794962953557119,0,-2.4500384043078847,-19.772158798775262,Heme synthesis
HMR_4964,0.5294639628475084,0,23.821913808598868,7.328756474927093,"Transport, mitochondrial"
HMR_5420,-0.9209139749658177,0,1.7857273494843988,43.37338511602581,"Transport, mitochondrial"
HMR_6550,0.4176841672230544,0,11.091403281234411,4.555810022925064,Inositol phosphate metabolism
HMR_6558,-1,-6.447761194029851,NA,12.683038957730005,Inositol phosphate metabolism
HMR_6572,1,-6.461538461538462,236.69415502966046,NA,Inositol phosphate metabolism
HMR_6611,6.013892601135701,0,19.029041874667957,-26.619568193623284,Purine catabolism
HMR_6629,0.5230432777874944,0,77.4182617440761,24.244327721589805,"Transport, endoplasmic reticular"
HMR_6633,0.6807069127520939,0,53.949359332541796,10.249054945652324,Vitamin A metabolism
HMR_6647,0.5230432777874944,0,77.4182617440761,24.244327721589805,Vitamin A metabolism
HMR_6755,1.289227303304086,0,66.35019416853609,-8.382866876247048,Phenylalanine metabolism
HMR_6826,1.0115634703135061,0,2.248057146962641,-391.06855584049225,Phenylalanine metabolism
HMR_6834,-1.0115634703134726,0,-2.248057146956169,391.06855584049225,Phenylalanine metabolism
HMR_6854,3.305500611620722,0,154.05341518945397,-287.69329748916624,Phenylalanine metabolism
HMR_7180,0.41607801821849866,0,1.5642122125297289,0.6450053480925184,O-glycan metabolism
HMR_7181,0.41607801821849866,0,1.5642122125297289,0.6450053480925184,O-glycan metabolism
HMR_7182,0.41607801821849866,0,1.5642122125297289,0.6450053480925184,"Transport, golgi apparatus"
HMR_7255,-1,0,0,0.03890557829541338,N-glycan metabolism
HMR_7256,-1,0,0,0.3890557831293423,N-glycan metabolism
HMR_7278,-1,-6.475374732334047,NA,14.470779771790257,N-glycan metabolism
HMR_7628,-0.5067351921572992,0,4.651908539790542,14.209800083355377,Phenylalanine metabolism
HMR_7652,0.6628085121743388,0,86.49907165405006,17.54065513438362,Inositol phosphate metabolism
HMR_7755,0.91087487670551,0,159.08393683943748,7.419834578301784,Glycerophospholipid metabolism
HMR_7756,-0.5067351921572992,0,4.651908539790542,14.209800083355377,Phenylalanine metabolism
HMR_7758,-1.8203682489372637,0,-8.912103593697163,30.63918434125716,"Transport, mitochondrial"
HMR_7977,-1.241278941501598,0,-66.87958367153593,621.2552225508451,"Transport, extracellular"
HMR_8395,-0.5847447110743186,0,1.594504457743203,6.08513021647559,Inositol phosphate metabolism
HMR_8475,-1,-6.489270386266094,-481.0233054496765,NA,"Transport, mitochondrial"
HMR_8501,0.5071220740057966,0,189.67680240026712,62.03048219430195,Pyruvate metabolism
HMR_8510,0.4037881211344385,0,535.3933144716262,227.39033700842856,"Transport, mitochondrial"
HMR_8562,-0.4742104643473727,0,3.8240107945262527,10.721774297144558,"Transport, mitochondrial"
HMR_8585,0.4494876803258804,0,972.020083203125,369.1711478732109,Starch and sucrose metabolism
HMR_8670,0.4456398964205284,0,396.853393113327,152.18152781816423,"Transport, extracellular"
HMR_8761,-0.5126316193872872,0,9.968747933941522,30.939724303871486,Galactose metabolism
HMR_8762,-0.5126316193872872,0,9.968747933941522,30.939724303871486,Galactose metabolism
HMR_8776,0.6938116018585705,0,23.113621485566114,4.178223085818573,"Transport, mitochondrial"
HMR_9185,0.4183363777076968,0,-8.30791249903975,-20.25812526106201,"Transport, extracellular"
HMR_9187,0.4494876803258804,0,972.020083203125,369.1711478732109,"Transport, extracellular"
HMR_9188,0.8572187145970931,0,-12.44390620166377,-161.8633381483078,"Transport, extracellular"
HMR_9561,0.8073437852778534,0,137.58182255993495,14.665717372025137,Miscellaneous
HMR_9621,-0.36806296066787275,0,4.174901409348267,9.038128210692925,"Transport, extracellular"
HMR_9622,0.3370795263101835,0,23.6600263776202,11.730578163177187,"Transport, extracellular"
HMR_9638,0.6234924173112066,0,-6.486871330718728,-27.971246534495823,"Transport, extracellular"
HMR_9639,-6.013892601135701,0,-19.029041874667957,26.619568193623284,"Transport, extracellular"
HMR_9674,0.3706494532941996,0,11.880396317010105,5.455030021878993,"Transport, nuclear"
HMR_9676,-0.4742104643473727,0,3.8240107945262527,10.721774297144558,"Transport, mitochondrial"
HMR_9720,-1,0,0,0.0389055782954141,"Transport, extracellular"
HMR_9726,-0.4472096527323498,0,23.64079627218603,61.891798097590915,Folate metabolism
HMR_9797,1,-6.503225806451613,14.333169496031164,NA,Purine catabolism
HMR_9803,-0.36472225214768045,0,17.163874665953006,36.87193793405962,Propanoate metabolism
HMR_9804,0.36472225214768045,0,-17.163874665953006,-36.87193793405962,Propanoate metabolism
HMR_0980,-0.36623471609596403,0,-10.851426918849498,-5.033730720619086,Arachidonic acid metabolism
HMR_4772,-0.7794962953557193,0,2.450038404307792,19.772158798775262,Heme synthesis
EX_glc_D[e],1,-6.517241379310345,428.8852278858185,NA,Exchange/demand reaction
CA24GSc,-0.6785872055964985,0,3.568584204869712,18.63702967862562,Bile acid synthesis
DM_ca24g[c],-0.5233703825795024,0,8.09624978676586,25.876669607469324,Exchange/demand reaction
DM_hdca24g[c],-0.857218714596902,0,12.443906201681704,161.8633381483078,Exchange/demand reaction
HDCA24GSr,-0.857218714596902,0,12.443906201681704,161.8633381483078,Bile acid synthesis
HDCA24Gtr,0.857218714596902,0,-12.443906201681704,-161.8633381483078,"Transport, extracellular"
M02155tr,-0.857218714596902,0,12.443906201681704,161.8633381483078,"Transport, extracellular"
2HATVACIDteb,-0.4085595423430951,0,2.22397213776006,5.296555445255534,Drug metabolism
2HATVACIDthc,-0.4085595423430951,0,2.22397213776006,5.296555445255534,Drug metabolism
2HATVLACthc,1,-6.531317494600432,10.99047531759188,NA,Drug metabolism
6HLVSTAChep,-0.3651738979930073,0,7.930822038191035,17.054987502777323,Drug metabolism
6HLVSTthep,-0.3651738979930073,0,7.930822038191035,17.054987502777323,Drug metabolism
6HMSMVACIDhep,-0.42805356852184906,0,4.960180279467686,12.384731783882328,Drug metabolism
6HMSMVACIDteb,-0.42805356852184906,0,4.960180279467686,12.384731783882328,Drug metabolism
6HMSMVhep,-0.42805356852184906,0,4.960180279467686,12.384731783882328,Drug metabolism
6MSMVhep,-0.3714239355138946,0,8.81184706416931,19.225641354590213,Drug metabolism
ACMPdt,-0.8368110123848448,0,0.23742398625245095,2.672380035724356,Drug metabolism
ALLOPOXDhep,1,-6.545454545454546,10.710678552323106,NA,Drug metabolism
ALLOPtepvb,1,-6.559652928416486,10.710678552323106,NA,Drug metabolism
ATVACIDtu,0.4709943790578621,0,11.62200760714233,4.17955869739509,Drug metabolism
CRVS23M24hc,-0.6584396626298681,0,6.72378765256008,32.64722189925359,Drug metabolism
CRVSM23hc,-0.6584396626298681,0,6.72378765256008,32.64722189925359,Drug metabolism
CRVSM23hr,-0.5612637735207133,0,18.46810605385283,65.71963564257958,Drug metabolism
CRVSM24tev,-0.6584396626298681,0,6.72378765256008,32.64722189925359,Drug metabolism
CRVSthc,-0.6584396626298681,0,6.72378765256008,32.64722189925359,Drug metabolism
CVM23GLUChc,-0.5612637735207133,0,18.46810605385283,65.71963564257958,Drug metabolism
EX_6hlvst[e],0.36517389799300803,0,-7.930822038191033,-17.054987502777344,Exchange/demand reaction
EX_6hmsmvacid[e],-0.42805356852184906,0,4.960180279467686,12.384731783882328,Exchange/demand reaction
EX_allop[e],-1,-6.573913043478261,-10.710678552323106,NA,Exchange/demand reaction
EX_crvs[e],0.6584396626298681,0,-6.72378765256008,-32.64722189925359,Exchange/demand reaction
EX_crvsm24[e],-0.6584396626298681,0,6.72378765256008,32.64722189925359,Exchange/demand reaction
EX_ibup_R[e],-0.5462497706204849,0,-10.235576452063887,-3.003651318953362,Exchange/demand reaction
EX_ibup_S[e],0.5462497706204849,0,10.235576452063887,3.003651318953362,Exchange/demand reaction
EX_isolvstacid[e],-0.3651738979930073,0,7.930822038191035,17.054987502777323,Exchange/demand reaction
EX_oxyp[e],1,-6.588235294117647,10.710678552323106,NA,Exchange/demand reaction
FVStu,1,-6.602620087336245,603.9032751785278,NA,Drug metabolism
IBUP_RASCL1hep,0.5462497706204849,0,10.235576452063887,3.003651318953362,Drug metabolism
IBUP_Rshep,0.5462497706204849,0,10.235576452063887,3.003651318953362,Drug metabolism
IBUP_Rtdu,-1,-6.61706783369803,NA,3.003651318953362,Drug metabolism
IBUP_SACOT2,0.5462497706204849,0,10.235576452063887,3.003651318953362,Drug metabolism
IBUP_Stdu,-0.5462497706204585,0,-10.23557645206312,-3.003651318953362,Drug metabolism
ISOLVSTAChep,-0.3651738979930073,0,7.930822038191035,17.054987502777323,Drug metabolism
ISOLVSTtbc,-0.3651738979930073,0,7.930822038191035,17.054987502777323,Drug metabolism
LVSTACIDhep,-0.39454791166958675,0,3.5941141101285927,8.278383084619467,Drug metabolism
LVSTACIDtu,-0.39454791166958675,0,3.5941141101285927,8.278383084619467,Drug metabolism
MERACMPtep,-0.43303272383096175,0,2.113979860198794,5.3431696052265165,Drug metabolism
MERACMPthc,-0.43303272383096175,0,2.113979860198794,5.3431696052265165,Drug metabolism
OXYPtepv,1,-6.631578947368421,10.710678552323106,NA,Drug metabolism
SMVACIDhep,-0.5955730933129526,0,5.562361626688407,21.945015032563695,Drug metabolism
SMVtu,0.5073987577492736,0,7.737890380955582,2.528656995677761,Drug metabolism
SMVGLUChep,-0.5955730933129526,0,5.562361626688407,21.945015032563695,Drug metabolism
6HMSMVitr,0.42805356852184906,0,-4.960180279467686,-12.384731783882328,Drug metabolism
CRVSitr,-0.6584396626298681,0,6.72378765256008,32.64722189925359,Drug metabolism
CRVSM24itr,-0.6584396626298681,0,6.72378765256008,32.64722189925359,Drug metabolism
EX_lvstacid[e],-0.39454791166958675,0,3.5941141101285927,8.278383084619467,Xenobiotics metabolism
EX_caproic[e],1.9978610930401943,0,119.90560932484152,-39.91150312478226,Exchange/demand reaction
1A25HVITD2t,1,-6.6461538461538465,9.932645161631589,NA,"Transport, extracellular"
1A25HVITD2tm,1,-6.6607929515418505,9.932645161631589,NA,"Transport, mitochondrial"
EX_1a25dhvitd2[e],1,-6.675496688741722,9.932645161631589,NA,Exchange/demand reaction
EX_M00234[e],-0.5492078571306448,0,-187.8740526283264,-54.66803333332899,Exchange/demand reaction
EX_M01807[e],0.5492078571306448,0,187.8740526283264,54.66803333332899,Exchange/demand reaction
EX_M00503[e],0.5492078571306448,0,187.8740526283264,54.66803333332899,Exchange/demand reaction
EX_M00260[e],0.7370311660873383,0,-0.44746213670642937,-2.955695036322238,Exchange/demand reaction
EX_M01207[e],2.025506887841738,0,0.5967637116007756,-1.7606051614748235,Exchange/demand reaction
EX_M02053[e],0.44586116665841224,0,-3.164229502949083,-8.256119740102639,Exchange/demand reaction
EX_M02613[e],-1,-6.6902654867256635,-5.81578555480352,NA,Exchange/demand reaction
EX_C01601[e],-0.46333635362283543,0,4.362056494741502,11.89414615355888,Exchange/demand reaction
EX_M01872[e],0.41607801821849866,0,1.5642122125297289,0.6450053480925184,Exchange/demand reaction
EX_rbl_D[e],0.4183363777076969,0,-8.307912499039748,-20.25812526106201,Exchange/demand reaction
EX_M01966[e],0.4494876803258804,0,972.020083203125,369.1711478732109,Exchange/demand reaction
EX_M02155[e],0.8572187145968384,0,-12.443906201687664,-161.8633381483078,Exchange/demand reaction
EX_M02837[e],-0.8073437852778534,0,-137.58182255993495,-14.665717372025137,Exchange/demand reaction
EX_dolichol_L[e],-1,0,0,0.0389055782954141,Exchange/demand reaction
sink_leu_L[c],1,-6.70509977827051,NA,-220.79533606726827,Exchange/demand reaction
sink_ala_L[c],-1,-6.72,NA,489.10823959941865,Exchange/demand reaction
sink_ser_L[c],1,-6.734966592427617,NA,-873.02885413208,Exchange/demand reaction
sink_4abut[l],1.2896286343972791,0,3.596651036213408,-28.432945580764116,Exchange/demand reaction
DM_4glu56dihdind[c],-0.5345109577300139,0,8.441430377897321,27.82765272116839,Exchange/demand reaction
DCMPtm,-1,-6.75,-481.0233054496765,NA,"Transport, mitochondrial"
CYOOm2i,-1,-6.76510067114094,NA,485.9433308258057,Oxidative phosphorylation
24_25DHVITD2t,0.38126418545664187,0,10.44019062062939,4.676672222198746,"Transport, extracellular"
24_25DHVITD2tm,0.38126418545664187,0,10.44019062062939,4.676672222198746,"Transport, mitochondrial"
24_25VITD2Hm,0.38126418545664187,0,10.44019062062939,4.676672222198746,Vitamin D metabolism
2AMADPTm,0.40420437919459185,0,74.25739281237759,31.506972991650645,Lysine metabolism
41R1H2MAE12BOOX,1,-6.780269058295964,6.574111232521996,NA,Tyrosine metabolism
5MTHFt2,2.053779632897464,0,127.3569498049423,-369.0715281267166,"Transport, extracellular"
ADKd,1,-6.795505617977528,413.0967467120886,NA,Nucleotide interconversion
ARACHt,-2.716826743151544,0,-251.46978074247838,544.4169657110215,"Transport, extracellular"
ASCBt,-1,-6.8108108108108105,-148.93736322355568,NA,"Transport, extracellular"
ASPDt6,-0.3973246060290563,0,9.373289671356172,21.732309678226958,"Transport, extracellular"
BAAT2x,1,-6.826185101580135,25.77990658774441,NA,Bile acid synthesis
BILIRUBt2,-1,-6.841628959276018,-156.27763760505317,NA,"Transport, extracellular"
C226CRNt,1,-6.857142857142857,32.947008972135954,NA,Fatty acid oxidation
CHOLtu,1,-6.872727272727273,42.6854062790927,NA,"Transport, extracellular"
COt,-0.5057485479977272,0,1.52080704606929,4.633174049619213,"Transport, extracellular"
CRNtuNa,1,-6.888382687927107,500.99751759643556,NA,"Transport, extracellular"
CYTK3,1,-6.904109589041096,419.2140884585381,NA,Nucleotide interconversion
CYTK4,-1,-6.919908466819222,-373.11667365310194,NA,Nucleotide interconversion
DGSNt,-1.1948601065851518,0,-72.5293684712674,816.9543792373657,"Transport, extracellular"
DGULND,-1,-6.935779816513762,-861.663605708313,NA,Pentose phosphate pathway
DNDPt20m,1,-6.951724137931034,22.16219266668982,NA,"Transport, mitochondrial"
DNDPt32m,1,-6.967741935483871,21.539764930927962,NA,"Transport, mitochondrial"
DOPAtu,1,-6.983833718244804,740.4774486907959,NA,"Transport, extracellular"
ELAIDt,20.526994316769716,0,8.043430667906575,-8.867257472731207,"Transport, extracellular"
EX_2425dhvitd2[e],0.38126418545664187,0,10.44019062062939,4.676672222198746,Exchange/demand reaction
EX_chol[e],-1,-7,-42.6854062790927,NA,Exchange/demand reaction
EX_co[e],-0.5057485479977272,0,1.52080704606929,4.633174049619213,Exchange/demand reaction
EX_crn[e],-1,-7.016241299303944,-741.6288822921753,NA,Exchange/demand reaction
EX_crvnc[e],1,-7.032558139534884,396.71364086747167,NA,Exchange/demand reaction
EX_dag_hs[e],0.7743198354049258,0,-19.457332691871024,-152.97547926377655,Exchange/demand reaction
EX_dlnlcg[e],-1.5384770300709818,0,-4.6553649785051805,0.9875240460426122,Exchange/demand reaction
EX_dopa[e],-1,-7.048951048951049,-740.4774486907959,NA,Exchange/demand reaction
EX_hestratriol[e],1,-7.065420560747664,7.908807984321001,NA,Exchange/demand reaction
EX_leuktrB4[e],-0.539225123300961,0,73.43275275465994,245.3031700053975,Exchange/demand reaction
EX_ocdcea[e],1,-7.081967213114754,32.95936009023916,NA,Exchange/demand reaction
EX_spc_hs[e],-0.8346029724873312,0,-178.2360679911375,-16.068716928607113,Exchange/demand reaction
EX_thf[e],1,-7.098591549295775,65.3821604098469,NA,Exchange/demand reaction
EX_thym[e],-1,-7.115294117647059,-22.4552815055782,NA,Exchange/demand reaction
EX_vacc[e],0.5231370687456229,0,-0.9118143036688502,-2.9124053783699426,Exchange/demand reaction
FADH2tx,-1,-7.132075471698113,-13.601937044637046,NA,"Transport, peroxisomal"
FADtx,1,-7.148936170212766,13.601937044637046,NA,"Transport, peroxisomal"
FATP4t,-4.491919468869655,0,-346.15587728939056,544.4169657110215,"Transport, extracellular"
FATP5t,-1.3763342310429594,0,-129.01492974681295,814.6550820617675,"Transport, extracellular"
FATP6t,0.7091352644494915,0,66.60391174222427,11.33481332840639,"Transport, extracellular"
FATP9t,0.808774995557138,0,164.3112359009344,17.371103035118104,"Transport, extracellular"
GLB1,0.6571210090829658,0,132.12932184085847,27.33920353132002,Sphingolipid metabolism
GLUt6,-0.3304368786889648,0,44.098944038307664,87.62558688257076,"Transport, extracellular"
GLXtp,1,-7.165876777251185,13.691816125621868,NA,"Transport, peroxisomal"
GLYBt4_2_r,-1,-7.182897862232779,-382.5121639391899,NA,"Transport, extracellular"
GLYt7_211_r,-1,-7.2,-800.0015995727539,NA,"Transport, extracellular"
GLYtm,-1,-7.217183770883055,-733.1392054748535,NA,"Transport, mitochondrial"
GULN3D,-1,-7.23444976076555,-861.663605708313,NA,Pentose phosphate pathway
HDCEAtr,9.678838208641984,0,41.513127441525484,-33.738287776302265,"Transport, extracellular"
HDD2COAtx,1,-7.251798561151079,1.683167566743576,NA,"Transport, peroxisomal"
HESTRATRIOLte,1,-7.269230769230769,7.908807984321001,NA,"Transport, extracellular"
HESTRATRIOLtr,-1,-7.286746987951807,-7.908807984321001,NA,"Transport, endoplasmic reticular"
HMGCOAtm,-0.7432654993113398,0,20.100546421557294,136.4857041029334,"Transport, mitochondrial"
HMGCOAtx,1.9972242232096464,0,318.9862213596344,-106.13179499440193,"Transport, peroxisomal"
HOXG,-0.5057485479977272,0,1.52080704606929,4.633174049619213,Heme degradation
HSD3A1r,0.5068590019050748,0,203.4256170824051,66.57392079767585,Steroid metabolism
INSTt4,-0.7723413710213525,0,-330.07152704486845,-42.3979446288161,"Transport, extracellular"
LNLCt,1.2316809515807852,0,6.032075400356049,-58.104335628903264,"Transport, extracellular"
LNLNCAt,0.6574612936238792,0,-3.5243164581178545,-17.053308157816897,"Transport, extracellular"
LPASE,1,-7.304347826086956,26.25449723719114,NA,Glycerophospholipid metabolism
LPS3,1,-7.322033898305085,3.6095545692179467,NA,Triacylglycerol synthesis
LYSt4,1,-7.339805825242719,231.10898282187432,NA,"Transport, extracellular"
MALTt1r,4.0269981575663065,0,9.565648751876875,-15.88586981178503,"Transport, extracellular"
MCDp,0.4031805542097193,0,25.91633760878518,11.02308195633477,Fatty acid oxidation
MELATNOX,1,-7.357664233576642,37.53811838380801,NA,Tryptophan metabolism
MI1PS,1,-7.375609756097561,237.07434117155074,NA,Inositol phosphate metabolism
MMCDm,-0.4872186374538537,0,22.18341883587204,64.33851997143282,"Valine, leucine, and isoleucine metabolism"
NAIt,5.018899734138941,0,183.20830691504477,-274.38167228107454,"Transport, extracellular"
NMNATr,-1,-7.393643031784841,-862.3719419738769,NA,NAD metabolism
O16G2e,1,-7.411764705882353,9.565648751876875,NA,Starch and sucrose metabolism
OCDCAtr,-0.9844192410820252,0,3.8625307355396696,491.9452480606079,"Transport, extracellular"
P4501B1r,1,-7.42997542997543,7.908807984321001,NA,Steroid metabolism
PEPCKm,0.9157906365974003,0,269.65582318553925,11.852832336934647,Glycolysis/gluconeogenesis
PETOHMr_hs,1,-7.448275862068965,385.50210557785033,NA,Glycerophospholipid metabolism
PGCD,0.8777896331187016,0,604.3304301849365,39.33105300393645,"Glycine, serine, alanine, and threonine metabolism"
PGDI,-1,-7.466666666666667,-156.46506913544673,NA,Eicosanoid metabolism
PGDIr,-1,-7.485148514851486,-128.45029688823092,NA,Eicosanoid metabolism
PMI12346PH,-0.3316805638651532,0,4.009784049007714,7.98981923111793,Inositol phosphate metabolism
SACCD3m,1,-7.503722084367245,71.18167093131095,NA,Lysine metabolism
SERDGLNexR,-1,-7.522388059701493,-223.0400525689125,NA,"Transport, extracellular"
SMPD4,0.8346029724873312,0,178.2360679911375,16.068716928607103,Sphingolipid metabolism
SPC_HSt,-0.8346029724873331,0,-178.2360679911375,-16.068716928606918,"Transport, extracellular"
SPODMm,1,-7.541147132169576,2.962832465529442,NA,ROS detoxification
STRDNCCPT1,-1,-7.56,-47.955323592717946,NA,Fatty acid oxidation
TCHOLAtx,1,-7.578947368421052,25.77990658774441,NA,"Transport, peroxisomal"
THMMPt4,-2.8110724630756985,0,-175.05344270578175,368.3681181533814,"Transport, extracellular"
THYMt,1,-7.597989949748744,22.4552815055782,NA,"Transport, extracellular"
TRDR2,1,-7.61712846347607,0.7130601991435698,NA,Miscellaneous
TRDR3,1,-7.636363636363637,0.6422952839094458,NA,Miscellaneous
UDPGLCter,1,-7.6556962025316455,54.68006748168682,NA,"Transport, endoplasmic reticular"
XYLTD_Dr,1,-7.675126903553299,24.51453671012875,NA,Pentose phosphate pathway
r0016,0.5813645703243567,0,57.18211275406182,15.137849166335934,Miscellaneous
r0179,1,-7.694656488549619,81.09632484920323,NA,Glutamate metabolism
r0381,-0.6928330463875086,0,3.6586455167361347,20.163223819844426,Taurine and hypotaurine metabolism
r0394,-1,-7.714285714285714,-8.71402316868319,NA,Nucleotide interconversion
r0432,1,-7.734015345268542,25.91633760878518,NA,Fatty acid oxidation
r0433,0.4031805542097193,0,25.91633760878518,11.02308195633477,Fatty acid oxidation
r0475,-0.9215895510680188,0,-719.3913764770508,-29.354760362851668,Nucleotide interconversion
r0571,0.4872186374538537,0,-22.18341883587204,-64.33851997143282,"Valine, leucine, and isoleucine metabolism"
r0594,0.7720129975774234,0,79.77735285682083,10.264145671561346,Lysine metabolism
r0630,-1,-7.753846153846154,-25.779906587720568,NA,Bile acid synthesis
r0637,1,-7.773778920308484,36.61905401537418,NA,Fatty acid oxidation
r0706,1,-7.793814432989691,11.190624557266151,NA,Bile acid synthesis
r0750,-1,-7.813953488372093,-28.86832944584042,NA,Bile acid synthesis
r0839,-1,-7.83419689119171,-162.23491552506724,NA,"Transport, extracellular"
r0950,1,-7.8545454545454545,20.98725437008898,NA,"Transport, mitochondrial"
r0983,0.5507369879233891,0,25.13111713266899,7.280719727329269,"Transport, endoplasmic reticular"
r0984,-0.5507369879233891,0,-25.13111713266899,-7.280719727329269,"Transport, lysosomal"
r0997,1,-7.875,36.61905401537418,NA,"Transport, peroxisomal"
r1001,-1,-7.89556135770235,-6.867745525727624,NA,"Transport, mitochondrial"
r1005,1,-7.9162303664921465,25.91633760878518,NA,"Transport, mitochondrial"
r1006,0.4031805542097193,0,25.91633760878518,11.02308195633477,"Transport, peroxisomal"
r1030,-1.3902600517086923,0,-105.62012969327114,646.9008948181153,"Transport, extracellular"
r1148,-1,-7.937007874015748,-15.277463735773775,NA,"Transport, peroxisomal"
r1252,-0.4245370149985869,0,1.683167566743576,4.16661812099946,Fatty acid oxidation
r1254,0.6783788385308787,0,138.01299462051392,26.44688946777652,Fatty acid oxidation
r1259,-0.3880211802893973,0,1.9838462348102497,4.499535774221979,Fatty acid oxidation
r1401,-1,-7.957894736842105,-111.43952390235714,NA,Fatty acid oxidation
r1434,1,-7.978891820580475,172.62752546859682,NA,"Transport, mitochondrial"
r1495,0.46174896612435984,0,6.905278668252616,2.542689250015975,"Transport, extracellular"
r1544,-1.8214305808622313,0,-95.76861841894889,328.9438145954132,"Transport, extracellular"
r1547,0.38562780103843364,0,-168.29417846126557,-379.56322376403807,"Transport, extracellular"
r1548,-46.86896643457376,0,-118.72602136724666,123.9027685493134,"Transport, extracellular"
r1549,-0.6204551032580846,0,-235.4255164955139,-55.14164086931244,"Transport, extracellular"
r1551,12.51630469955292,0,137.09484320348426,-160.90366847862768,"Transport, extracellular"
r1552,-10.214442900856353,0,-376.6150392777443,309.44896734580993,"Transport, extracellular"
r1553,-0.770182607133608,0,21.741171022089134,167.4627073347479,"Transport, extracellular"
r1554,-0.5510085900508953,0,-139.16265368040771,-40.285293382014665,"Transport, extracellular"
r1556,3.19568965007093,0,774.3416005584717,-405.22869415206907,"Transport, extracellular"
r1559,1.6241969783074945,0,160.50835288802682,-674.7958565643311,"Transport, extracellular"
r1560,2.694315178394336,0,164.24992272304297,-358.1334749895096,"Transport, extracellular"
r1561,-0.4856265766857541,0,190.174260915868,549.2662011924743,"Transport, extracellular"
r1562,-5.972503368957471,0,-388.0990553297996,544.1971115936279,"Transport, extracellular"
r1566,-0.6644983517531643,0,164.82554323366304,817.7362062835693,"Transport, extracellular"
r1567,0.34246883374147363,0,334.9542075434923,164.05805870029332,"Transport, extracellular"
r1568,-0.4197629480851831,0,174.56256836800407,427.1314040935516,"Transport, extracellular"
r1570,1.0572153537178475,0,223.70022022965588,-6.221559256822243,"Transport, extracellular"
r1571,0.6856567770853277,0,252.3649100544691,47.06129993690737,"Transport, extracellular"
r1574,-2.7955888563665594,0,-377.28196850204466,178.48173866724161,"Transport, extracellular"
r1579,0.7337104347025285,0,768.244452557373,117.99864453650713,"Transport, extracellular"
r1580,-7.691489074554657,0,-183.810262404117,238.74878516225218,"Transport, extracellular"
r1581,-7.445144263196119,0,-489.42190281219484,373.51579450683596,"Transport, extracellular"
r1583,10.157586142322517,0,717.6060607055664,-874.3299068267822,"Transport, extracellular"
r1585,1.432532191038604,0,63.05719928720016,-354.62948266239164,"Transport, extracellular"
r1586,6.452930554563538,0,424.3641152171135,-310.48565838451384,"Transport, extracellular"
r1587,1.337063235307772,0,128.2231756889632,-889.0488146636962,"Transport, extracellular"
r1588,-3.363349052923498,0,-464.99182281870844,858.4942741333008,"Transport, extracellular"
r1589,-5.539920184452124,0,-361.72928500773907,251.10735849930643,"Transport, extracellular"
r1590,0.542298439356431,0,863.6425381256104,256.29964178866146,"Transport, extracellular"
r1592,2.369181268063371,0,697.2133911895752,-283.33634764876365,"Transport, extracellular"
r1594,-5.588569558096673,0,-219.6466876489401,152.97161175814466,"Transport, extracellular"
r1595,-6.620648521291189,0,-185.30729515573987,251.2453428574562,"Transport, extracellular"
r1596,-15.586798682031969,0,-485.5055541252136,426.96435356779097,"Transport, extracellular"
r1598,0.5432264051858918,0,-203.61000440304278,-687.9038953262329,"Transport, extracellular"
r1599,-0.4233908873310733,0,-785.7004263244629,-318.283635000658,"Transport, extracellular"
r1603,-0.5655177007590038,0,-349.20664689941407,-96.91625127044958,"Transport, extracellular"
r1604,1.6727690021699049,0,93.68563433537074,-372.1932172745466,"Transport, extracellular"
r1605,-0.34423795930634715,0,-360.2828253997803,-175.7574238812223,"Transport, extracellular"
r1606,2.4228744577343653,0,856.4720424072266,-356.03181126060485,"Transport, extracellular"
r1609,0.8577242966792511,0,374.3333169960022,28.66869752804367,"Transport, extracellular"
r1610,8.73787669166914,0,268.0272101518631,-212.97882154756635,"Transport, extracellular"
r1611,0.8990947983568259,0,-36.973506160646934,-695.8629692352295,"Transport, extracellular"
r1612,-1.524455617632826,0,-338.401580260849,70.30292334869695,"Transport, extracellular"
r1613,-0.337430934184322,0,-618.6585101730346,-306.48610007982256,"Transport, extracellular"
r1614,-16.638023584382783,0,-19.12537402312735,21.57138312650628,"Transport, extracellular"
r1615,-2.6994386330445552,0,-222.21851136548818,483.738412166357,"Transport, extracellular"
r1616,0.6249405973500931,0,522.972815159607,120.70956438393593,"Transport, extracellular"
r1617,-2.274204348196264,0,-273.6956389699221,703.2902159423828,"Transport, extracellular"
r1619,0.5307335648198174,0,-47.19073767158203,-153.9348239870623,"Transport, extracellular"
r1620,-0.982308497228221,0,-323.40201255011556,-2.8862649831897453,"Transport, extracellular"
r1621,-2.8024130599594645,0,-372.825528944397,176.72609257839025,"Transport, extracellular"
r1622,-0.923668105593511,0,-196.33587295220644,-7.790683371427937,"Transport, extracellular"
r1623,-0.6247606201612094,0,-255.39912732592822,-58.984572225563134,"Transport, extracellular"
r1624,2.8548118394150985,0,395.3146906715393,-821.5732278137207,"Transport, extracellular"
r1625,-0.7880907711433107,0,36.216107892680434,305.5916376979828,"Transport, extracellular"
r1626,-66.05051283071667,0,-568.7620609840393,586.2488427551269,"Transport, extracellular"
r1627,-82.03200409789744,0,-754.0567103637695,735.8936726638794,"Transport, extracellular"
r1628,-15.159917092810744,0,-7.425150009081325,8.473906150860039,"Transport, extracellular"
r1629,0.3814241432198855,0,-166.91521885881193,-372.76060918807985,"Transport, extracellular"
r1630,-0.9217790927281605,0,6.461706861605031,158.75516640090495,"Transport, extracellular"
r1632,0.8517990497407147,0,-58.9706465314582,-736.8494400238037,"Transport, extracellular"
r1633,-0.45694984488293217,0,115.06603042226732,308.71077670326235,"Transport, extracellular"
r1635,-1.5656745350599943,0,-741.0531121406556,163.3858343825847,"Transport, extracellular"
r1638,5.784201474502266,0,144.3436560109088,-101.79077589571476,"Transport, extracellular"
r1640,-11.665549306745515,0,-244.2384328601837,205.6710676484585,"Transport, extracellular"
r1641,0.4968290225552045,0,-186.477069274766,-554.7305028381347,"Transport, extracellular"
r1642,0.9719557036622222,0,114.85037662795142,1.6333521035375989,"Transport, extracellular"
r1643,0.5847638268384369,0,671.1531921951293,175.85401585562826,"Transport, extracellular"
r1644,0.38020451393930405,0,346.0096156147003,155.3792903339386,"Transport, extracellular"
r1645,0.8743341020724642,0,303.30233188095093,20.33509385396736,"Transport, extracellular"
r1646,1.3087963141225432,0,44.84455401290584,-335.292023506403,"Transport, extracellular"
r1647,1.763131677552517,0,143.06719967520834,-518.0148106407165,"Transport, extracellular"
r1648,-0.49128182153829464,0,114.50162517858637,335.6557705127716,"Transport, extracellular"
r1650,-1.343697447124681,0,-678.7794498016358,99.54133130269479,"Transport, extracellular"
r1651,-2.6803055173803374,0,-395.49931539764407,180.57187878680378,"Transport, extracellular"
r1652,-0.39120272878065965,0,-504.6454375732422,-220.8353671050899,"Transport, extracellular"
r1653,2.0283965334860175,0,294.73401439285277,-100.08710396756474,"Transport, extracellular"
r1655,-1.8352228426807147,0,-599.3815529205323,176.57065855441988,"Transport, extracellular"
r1656,0.5821457272124787,0,754.5208528045654,199.27352887217998,"Transport, extracellular"
r1658,-1.3430474233529432,0,-296.3537579661608,43.38938770849593,"Transport, extracellular"
r1659,-1.4283593762081122,0,-599.4896493850708,105.74917978359443,"Transport, extracellular"
r1662,1.4543171747135433,0,126.40587309637591,-682.871180295372,"Transport, extracellular"
r2141,-1,-8,-596.4211063512802,NA,"Transport, extracellular"
r2317,0.539225123300961,0,-73.43275275465994,-245.3031700053975,"Transport, extracellular"
r2328,1,-8.021220159151193,4.365276145414316,NA,"Transport, extracellular"
r2342,1,-8.042553191489361,504.28383682556154,NA,"Transport, extracellular"
r2353,1,-8.064,11.178798976288581,NA,"Transport, extracellular"
r2355,1,-8.085561497326204,9.783895617592457,NA,"Transport, extracellular"
r2398,1,-8.107238605898123,284.3294274715424,NA,"Transport, mitochondrial"
RE0453C,1,-8.129032258064516,358.2798132331848,NA,Pyrimidine synthesis
RE0583C,1,-8.150943396226415,17.91331159107141,NA,Fatty acid synthesis
RE1834X,-0.8359019096566337,0,7.8764062296287305,88.1199117427228,Bile acid synthesis
RE2426C,-1,-8.172972972972973,-37.53811838380801,NA,Tryptophan metabolism
EX_C02470[e],-1.3902600517086923,0,-105.62012969327112,646.9008948181153,Exchange/demand reaction
C40CPT1,0.7423747677836134,0,-111.43952390235714,-753.6894306152344,Fatty acid oxidation
DOCOSACT,1,-8.195121951219512,4.477505134262876,NA,Fatty acid oxidation
FAOXC12C10x,-0.8077707262300057,0,1.683167566743576,15.828916141771245,Fatty acid oxidation
FAOXC6DCC4DCx,-0.332563692759216,0,2.1285949092381324,4.249826180971518,Fatty acid oxidation
34DHPHELAT1tc,-0.8671500864680699,0,14.976696512976162,210.49121859223843,"Transport, extracellular"
5MTHFt2le,-1,-8.217391304347826,-127.3569498049423,NA,"Transport, extracellular"
GLU5SAtmc,1,-8.239782016348775,738.6373229919434,NA,"Transport, mitochondrial"
RTOTAL2FATPc,1,-8.262295081967213,91.77635474033356,NA,"Transport, extracellular"
q10tm,-1,-8.284931506849315,-1.3553554838778452,NA,"Transport, mitochondrial"
3MOBte,1,-8.307692307692308,97.23131114484966,NA,"Transport, extracellular"
DM_Lcystin,1,-8.330578512396695,461.07238071594236,NA,Exchange/demand reaction
DM_ncam,1,-8.353591160220995,154.23635944256782,NA,Exchange/demand reaction
EX_3mob[e],-1,-8.376731301939058,-97.23131114484966,NA,Exchange/demand reaction
HKYNRtr,-1.3902600517086923,0,-105.62012969327112,646.9008948181153,"Transport, extracellular"
EX_hLkynr[e],1.3902600517086923,0,105.62012969327112,-646.9008948181153,Exchange/demand reaction
ALAPAT4te,-1.2036320701083392,0,-556.8910870811462,51.460897862882355,"Transport, extracellular"
FOLOAT2tc,1.3409733396190855,0,60.361444005497354,-414.4151895149231,"Transport, extracellular"
PROPAT4te,2.3187290386448964,0,411.8016016962051,-163.63334396802858,"Transport, extracellular"
TRPt,-0.8340126701973939,0,-347.31853564187884,-31.43406654652059,"Transport, extracellular"
ACRNte,-1,-8.4,-165.29788933443726,NA,"Transport, extracellular"
PCRNte,1,-8.423398328690809,150.4290058298111,NA,"Transport, extracellular"
LNELDCCRNte,1,-8.446927374301676,313.60645388908387,NA,"Transport, extracellular"
ODECRNte,1,-8.470588235294118,322.87213239631654,NA,"Transport, extracellular"
STCRNte,1,-8.49438202247191,321.19263872909545,NA,"Transport, extracellular"
PMTCRNte,1,-8.518309859154929,323.41891202259063,NA,"Transport, extracellular"
HDCECRNte,1,-8.542372881355933,324.13537724552157,NA,"Transport, extracellular"
EX_pcrn[e],1,-8.56657223796034,150.4290058298111,NA,Exchange/demand reaction
HC00342te,1,-8.590909090909092,735.6600552032471,NA,"Transport, extracellular"
LNLCCRNNAt,-1,-8.615384615384615,-28.818725154790094,NA,"Transport, extracellular"
TTDCRNNAt,-0.511874341241415,0,-211.4151325217247,-68.25775662609911,"Transport, extracellular"
3HPPt,-0.36472225214768045,0,17.163874665953006,36.87193793405962,"Transport, extracellular"
CE2513td,-1,-8.64,-171.48482248653994,NA,"Transport, extracellular"
EX_3hpp[e],-0.36472225214768045,0,17.163874665953006,36.87193793405962,Exchange/demand reaction
EX_pe12_hs[e],-2.271206054651977,0,-1.9669994554909047,5.061697515325773,Exchange/demand reaction
EX_pe15_hs[e],-1.0424665938445963,0,-262.9371020579815,5.466940391300755,Exchange/demand reaction
EX_ttdcrn[e],-0.511874341241415,0,-211.4151325217247,-68.25775662609911,Exchange/demand reaction
GLYCLTtd,1,-8.664756446991404,22.12003705329257,NA,"Transport, extracellular"
PSERtr,0.8725077850020031,0,577.6643141963958,39.33105300393645,"Transport, extracellular"
EX_glyclt[e],1,-8.689655172413794,22.12003705329257,NA,Exchange/demand reaction
EX_pser_L[e],0.8725077850020031,0,577.6643141963958,39.33105300393645,Exchange/demand reaction
EX_propropro[e],1,-8.714697406340058,69.82413270905018,NA,Exchange/demand reaction
EX_trpprogly[e],1,-8.739884393063583,391.46484463424684,NA,Exchange/demand reaction
PROPROPROt,-1,-8.765217391304347,-69.82413270905018,NA,"Transport, extracellular"
TRPPROGLYt,-1,-8.790697674418604,-391.46484463424684,NA,"Transport, extracellular"
PROPROPROr,-1,-8.816326530612244,-69.82413270905018,NA,Peptide metabolism
TRPPROGLYr,1,-8.842105263157896,391.46484463424684,NA,Peptide metabolism
ACRNtr,-1,-8.868035190615835,-165.29788933443726,NA,"Transport, extracellular"
HDCECRNtr,1,-8.894117647058824,324.13537724552157,NA,"Transport, extracellular"
PMTCRNtr,-0.3561465200835795,0,323.41891202259063,681.216217276001,"Transport, extracellular"
STCRNtr,1,-8.920353982300885,321.19263872909545,NA,"Transport, extracellular"
MALOAtm,0.8837354202679668,0,-28.650878209708353,-464.20564397001266,"Transport, mitochondrial"
MLTHFtm,0.6151237692237292,0,-93.25010758385882,-391.321815165329,"Transport, mitochondrial"
r2514e,1,-8.946745562130177,34.62805191192852,NA,"Transport, extracellular"
PPPGOc,1,-8.973293768545995,4.879033897937695,NA,Heme synthesis
THMMPtrbc,2.8110724630756985,0,175.05344270578175,-368.3681181533814,"Transport, extracellular"
EX_HC00342[e],1,-9,735.6600552032471,NA,Exchange/demand reaction
3HPPtm,0.36472225214768045,0,-17.163874665953006,-36.87193793405962,"Transport, mitochondrial"
sink_lnlccoa[c],0.38056363319077435,0,-93.15595973016377,-207.62056784124374,Exchange/demand reaction
sink_retinol[c],1,-9.026865671641792,60.16356074317496,NA,Exchange/demand reaction
sink_stcoa[c],-0.7863314797047531,0,94.05429297482408,786.3214670562744,Exchange/demand reaction
sink_thmpp[c],-0.4599943306057607,0,4.8287562689996815,13.055338445844415,Exchange/demand reaction
sink_dhcholestanate[c],-1,-9.053892215568862,-504.3837430206299,NA,Exchange/demand reaction
sink_xol7ah3[c],1.019826277334961,0,520.6879408325195,-5.110985848513821,Exchange/demand reaction
EX_2obut[e],1,-9.08108108108108,32.530079277223905,NA,Exchange/demand reaction
ADK1,-1,-9.108433734939759,-46.11658455858743,NA,Nucleotide interconversion
DGK1,-0.47392423393491123,0,21.539764930927962,60.34868658258635,Nucleotide interconversion
EX_cytd[e],0.49509778668420884,0,214.91876892642975,72.5791738042211,Exchange/demand reaction
EX_dgsn[e],1.1948601065874014,0,72.52936847203034,-816.9543792373657,Exchange/demand reaction
EX_glyb[e],1,-9.13595166163142,382.5121639391899,NA,Exchange/demand reaction
EX_leu_L[e],-2.3013892225850707,0,-70.20970689628345,178.1093355051932,Exchange/demand reaction
EX_pi[e],-1,-9.163636363636364,-403.5168490615368,NA,Exchange/demand reaction
FCLTc,1,-9.191489361702128,3.0933065484681252,NA,Heme synthesis
G5SADs,1,-9.21951219512195,738.6373229919434,NA,Urea cycle
PPNCL3,1,-9.247706422018348,8.333085854885448,NA,CoA synthesis
PSERT,0.8777896331187016,0,604.3304301849365,39.33105300393645,"Glycine, serine, alanine, and threonine metabolism"
PSP_L,1,-9.276073619631902,26.666115862460174,NA,"Glycine, serine, alanine, and threonine metabolism"
THMDt2r,-1,-9.304615384615385,-944.5248582641601,NA,"Transport, extracellular"
URIDK3,-1,-9.333333333333334,-710.0311587524415,NA,Nucleotide interconversion
URIt2r,-1,-9.362229102167182,-787.9301888595581,NA,"Transport, extracellular"
EX_thr_L[e],-1,-9.391304347826088,-33.143926841604895,NA,Exchange/demand reaction
EX_phe_L[e],1.041564958519778,0,149.58934610310345,-3.045543537485225,Exchange/demand reaction
GUAt,0.5404700622521598,0,-191.42948194684982,-641.7239917312622,"Transport, extracellular"
EX_trp_L[e],-1,-9.42056074766355,-417.44715588111876,NA,Exchange/demand reaction
NADN,-0.37998054279895604,0,4.549907052567942,10.126751880387497,NAD metabolism
EX_gua[e],-0.5404700622521598,0,191.42948194684982,641.7239917312622,Exchange/demand reaction
CAPROICc,1,-9.45,119.90560932484152,NA,Fatty acid oxidation
PCHOL2LINL_HSt1e,1,-9.47962382445141,3.399949354204863,NA,"Transport, extracellular"
PCHOL2OLE_HSt1e,1,-9.50943396226415,3.663695685516167,NA,"Transport, extracellular"
PCHOL2STE_HSt1e,1,-9.53943217665615,7.53383855856247,NA,"Transport, extracellular"
PCHOLAR_HSt1e,1,-9.569620253164556,11.515283076869508,NA,"Transport, extracellular"
PCHOLDOC_HSt1e,1,-9.6,12.971897018050301,NA,"Transport, extracellular"
PCHOLEIC_HSt1e,1,-9.630573248407643,17.993111549392943,NA,"Transport, extracellular"
PCHOLET_HSt1e,1,-9.661341853035143,4.51292353156149,NA,"Transport, extracellular"
PCHOLHEP_HSt1e,1,-9.692307692307692,4.198672277235478,NA,"Transport, extracellular"
PCHOLLINL_HSt1e,1,-9.72347266881029,4.287977899384067,NA,"Transport, extracellular"
PCHOLMYR_Hst1e,1,-9.754838709677419,5.785959799758759,NA,"Transport, extracellular"
PCHOLN15_HSt1e,1,-9.78640776699029,2.499696515620832,NA,"Transport, extracellular"
PCHOLN183_HSt1e,1,-9.818181818181818,3.5610639544296663,NA,"Transport, extracellular"
PCHOLN1836_HSt1e,1,-9.850162866449512,4.24133353363212,NA,"Transport, extracellular"
PCHOLN19_HSt1e,1,-9.882352941176471,4.142373777917096,NA,"Transport, extracellular"
PCHOLN201_HSt1e,1,-9.914754098360655,4.134224850462991,NA,"Transport, extracellular"
PCHOLN203_HSt1e,1,-9.947368421052632,3.0745173971974498,NA,"Transport, extracellular"
PCHOLN204_HSt1e,1,-9.98019801980198,4.282010952388639,NA,"Transport, extracellular"
PCHOLN205_HSt1e,1,-10.013245033112582,3.3580001018135364,NA,"Transport, extracellular"
PCHOLN224_HSt1e,1,-10.046511627906977,6.521891364978633,NA,"Transport, extracellular"
PCHOLN225_HSt1e,1,-10.08,4.457576235840109,NA,"Transport, extracellular"
PCHOLN2254_HSt1e,1,-10.11371237458194,2.9671227253486103,NA,"Transport, extracellular"
PCHLN225_HSt1e,1,-10.14765100671141,3.1018608482989807,NA,"Transport, extracellular"
PCHOLN264_HSt1e,1,-10.181818181818182,4.4113116268302655,NA,"Transport, extracellular"
PCHOLOLE_HSt1e,1,-10.216216216216216,2.702248221873172,NA,"Transport, extracellular"
PEPALM_HSt1e,1,-10.250847457627119,12.566135936037528,NA,"Transport, extracellular"
PCHOLPALME-HSt1e,1,-10.285714285714286,4.275316332094829,NA,"Transport, extracellular"
PCHOLSTE_HSt1e,1,-10.320819112627987,6.013337968962714,NA,"Transport, extracellular"
PE12_HSt1e,1,-10.356164383561644,3.388650004749336,NA,"Transport, extracellular"
Pe13_HSt1e,1,-10.391752577319588,2.321949456887822,NA,"Transport, extracellular"
PE14_HSt1e,1,-10.427586206896551,4.33928128510549,NA,"Transport, extracellular"
PE15_HSt1e,1,-10.463667820069205,3.49272221884635,NA,"Transport, extracellular"
PE161_HSt1e,1,-10.5,3.303654295594334,NA,"Transport, extracellular"
PE17_HSt1e,1,-10.536585365853659,4.350017062004657,NA,"Transport, extracellular"
PE203_HSt1e,1,-10.573426573426573,2.2361649833802644,NA,"Transport, extracellular"
PE226_HSt1e,1,-10.610526315789473,5.844200774881486,NA,"Transport, extracellular"
PE2LINL_HSt1e,1,-10.647887323943662,6.715807621027325,NA,"Transport, extracellular"
PEAR_HSt1e,1,-10.685512367491166,6.893701966288448,NA,"Transport, extracellular"
PEDH203_HSt1e,1,-10.72340425531915,2.7102495242733062,NA,"Transport, extracellular"
PELINL_HSt1e,1,-10.761565836298933,2.934094114001197,NA,"Transport, extracellular"
PEOLE_HSt1e,1,-10.8,3.3317067021838307,NA,"Transport, extracellular"
PELPALM_HSt1e,1,-10.838709677419354,3.4813278087447563,NA,"Transport, extracellular"
T4HCINNMte,-1.001946042643665,0,-0.509061740159819,523.6854081752778,"Transport, extracellular"
2OBUTt,-1,-10.877697841726619,-32.530079277223905,NA,"Transport, extracellular"
MLTHFte2,1.0179765268078054,0,5.266814919485168,-591.232610848236,"Transport, extracellular"
34DHOXMANDte,-1,-10.916967509025271,-66.35019416853609,NA,"Transport, extracellular"
EX_T4hcinnm[e],-1.001946042643665,0,-0.509061740159819,523.6854081752778,Exchange/demand reaction
4HBZtm,-1,-10.956521739130435,-0.509061740159819,NA,"Transport, mitochondrial"
EX_34dhoxmand[e],-1,-10.996363636363636,-66.35019416853609,NA,Exchange/demand reaction
BGAL1l,0.5865656403989643,0,32.323325569606546,8.422956521159504,Sphingolipid metabolism
NEU21,1,-11.036496350364963,4.964279384363799,NA,Sphingolipid metabolism
NEU23,1,-11.076923076923077,3.2378013051967187,NA,Sphingolipid metabolism
HMR_0188,0.39135497519518403,0,13.171086593875831,5.7616614520039,Fatty acid synthesis
HMR_0255,-0.3693919268518744,0,1.5838145030053365,3.43931973978546,Fatty acid synthesis
HMR_0259,0.5131342712564098,0,7.8319624889520165,2.520010416200487,Fatty acid synthesis
HMR_0319,-0.5939730227161237,0,3.2329770484108993,12.691960107430072,Fatty acid synthesis
HMR_0393,-0.4551320564525186,0,1.9433800241898382,5.190018250397722,Fatty acid synthesis
HMR_0478,1,-11.117647058823529,281.9869200835943,NA,Glycerophospholipid metabolism
HMR_0769,-0.6571210090829658,0,-132.12932184085847,-27.33920353132002,"Transport, lysosomal"
HMR_0809,1,-11.158671586715867,1.0650886921828664,NA,Glycosphingolipid metabolism
HMR_0812,1,-11.2,1.0650886921828664,NA,Glycosphingolipid metabolism
HMR_0814,1,-11.241635687732343,1.0650886921828664,NA,Glycosphingolipid metabolism
HMR_0837,1,-11.283582089552239,13.913812293680577,NA,Glycosphingolipid metabolism
HMR_0844,1,-11.325842696629213,3.230481712526528,NA,Glycosphingolipid metabolism
HMR_1331,1,-11.368421052631579,128.45029688823092,NA,"Transport, endoplasmic reticular"
HMR_1665,-0.8359019096566337,0,7.8764062296287305,88.1199117427228,"Transport, peroxisomal"
HMR_2666,1,-11.41132075471698,7.199063894656304,NA,Fatty acid oxidation
HMR_2973,0.4205274845889703,0,7.208762956407244,2.9406541222677247,Fatty acid synthesis
HMR_3106,-1,-11.454545454545455,-747.6214099399567,NA,"Transport, peroxisomal"
HMR_4270,1,-11.49809885931559,5.554319067386115,NA,NAD metabolism
HMR_4696,1,-11.541984732824428,382.5121639391899,NA,"Glycine, serine, alanine, and threonine metabolism"
HMR_6511,1,-11.586206896551724,403.31530704460147,NA,Vitamin B2 metabolism
HMR_6784,1,-11.63076923076923,0.509061740159819,NA,Phenylalanine metabolism
HMR_6785,1,-11.675675675675675,0.509061740159819,NA,Phenylalanine metabolism
HMR_6786,1,-11.720930232558139,0.509061740159819,NA,Phenylalanine metabolism
HMR_6839,1,-11.766536964980546,5.101369926429396,NA,Phenylalanine metabolism
HMR_7703,1,-11.8125,67.73262326653004,NA,"Glycine, serine, alanine, and threonine metabolism"
HMR_9634,-1,-11.858823529411765,-700.3616583686828,NA,"Transport, endoplasmic reticular"
HMR_9647,1,-11.905511811023622,1.0650886921828089,NA,"Transport, extracellular"
DSPVShc,1,-11.952569169960475,229.95650581130982,NA,Drug metabolism
DSPVStev,1,-12,229.95650581130982,NA,Drug metabolism
EX_dspvs[e],1,-12.047808764940239,229.95650581130982,NA,Exchange/demand reaction
EX_pvs[e],-1,-12.096,-229.95650581130982,NA,Exchange/demand reaction
IBUP_Rtdhep,1,-12.144578313253012,10.235576452063887,NA,Drug metabolism
PVSOATPtu,1,-12.193548387096774,229.95650581130982,NA,Drug metabolism
DSPVSitr,1,-12.242914979757085,229.95650581130982,NA,Drug metabolism
PVSitr,1,-12.292682926829269,229.95650581130982,NA,Drug metabolism
EX_M00010[e],0.9465961907373743,0,-0.04160757946220909,-1.5166175747620556,Exchange/demand reaction
EX_M01235[e],0.6951770193404164,0,-0.5638638966114364,-3.1357515024069285,Exchange/demand reaction
EX_M03131[e],1,-12.342857142857143,1.0650886921828089,NA,Exchange/demand reaction
sink_arg_L[c],-1,-12.39344262295082,-403.7924508182526,NA,Exchange/demand reaction
sink_asp_L[c],-1,-12.444444444444445,-414.2081518447876,NA,Exchange/demand reaction
sink_glu_L[c],-1,-12.49586776859504,-647.1732050460815,NA,Exchange/demand reaction
DM_kynate[c],1,-12.547717842323651,239.20224154863357,NA,Exchange/demand reaction
NADH2_u10mi,0.5250693513979854,0,166.69448471193314,51.91129155539437,Oxidative phosphorylation
CYOOm3i,1,-12.6,296.28324661254885,NA,Oxidative phosphorylation
35CGMPtn,-1,-12.652719665271967,NA,3.9951143075368893,"Transport, nuclear"
3AIBTm,-1,-12.705882352941176,NA,54.9596307503175,"Valine, leucine, and isoleucine metabolism"
3AIBtmi,-1,-12.759493670886076,NA,54.9596307503175,"Transport, mitochondrial"
3SALACBOXL,-1,-12.813559322033898,NA,15.959737807297282,Taurine and hypotaurine metabolism
4MOPt2im,-1,-12.86808510638298,NA,151.46623060367108,"Transport, mitochondrial"
ACGSm,-1,-12.923076923076923,NA,59.79847856728647,Urea cycle
ACOX2x,-1,-12.978540772532188,NA,5.226869187871234,Bile acid synthesis
ADRNCOAtx,-1,-13.03448275862069,NA,4.200076986297988,"Transport, peroxisomal"
AMACRp,-1,-13.090909090909092,NA,5.226869187871234,Bile acid synthesis
APAT2rm,-1,-13.147826086956522,NA,45.74918351648264,Beta-Alanine metabolism
BALAtmr,-1,-13.20524017467249,NA,45.74918351648264,"Transport, mitochondrial"
BPNT2,-1,-13.263157894736842,NA,5.92057968679399,Nucleotide interconversion
C161CPT12,-1,-13.321585903083701,NA,4.166618120997923,Fatty acid oxidation
CAt7r,1,-13.380530973451327,NA,-481.8873755256653,"Transport, extracellular"
CORE6GTg,-1,-13.44,NA,2.014508033942352,O-glycan metabolism
EX_3aib[e],-1,-13.5,NA,54.9596307503175,Exchange/demand reaction
EX_chsterol[e],1,-13.560538116591928,NA,-313.3242705932617,Exchange/demand reaction
EX_leuktrD4[e],-1,-13.621621621621621,NA,223.10467166209222,Exchange/demand reaction
EX_lgnc[e],1,-13.683257918552036,NA,-29.229950686002105,Exchange/demand reaction
F1Atg,-1,-13.745454545454546,NA,2.0145080339423527,"Transport, golgi apparatus"
FACOAL200,-1,-13.808219178082192,NA,1.9739055293583485,Fatty acid oxidation
FATP2t,-1,-13.871559633027523,NA,381.0092527736664,"Transport, extracellular"
GMPtn,1,-13.935483870967742,NA,-3.9951143075364937,"Transport, nuclear"
HPYRDC,-1,-14,NA,9.23463136436053,Glyoxylate and dicarboxylate metabolism
LCYSTCBOXL,-1,-14.065116279069768,NA,68.52014051756258,Taurine and hypotaurine metabolism
LGNCCOAtx,-1,-14.130841121495328,NA,25.36128751589159,"Transport, peroxisomal"
ME2m,-1,-14.19718309859155,NA,22.110786243743082,Pyruvate metabolism
N4Tg,-1,-14.264150943396226,NA,2.0145080339423527,O-glycan metabolism
NTD1m,-1,-14.33175355450237,NA,9.248202736353893,Nucleotide interconversion
NTD5m,-1,-14.4,NA,4.792151404111733,Nucleotide interconversion
OCCOAtm,-1,-14.4688995215311,NA,44.610009863843956,"Transport, mitochondrial"
PAIL45P_HStn,1,-14.538461538461538,NA,-25.295794466875936,"Transport, nuclear"
PDE4n,-1,-14.608695652173912,NA,3.9951143075365168,Nucleotide interconversion
PE_HStm,1,-14.679611650485437,NA,-16.88232854900032,"Transport, mitochondrial"
PI345P3Pn,-1,-14.751219512195123,NA,6.656826554710709,Inositol phosphate metabolism
PI45P3Kn,-1,-14.823529411764707,NA,6.656826554710709,Inositol phosphate metabolism
EX_4abutn[e],1,-14.89655172413793,NA,-27.971246534495823,Exchange/demand reaction
EX_dha[e],1,-14.970297029702971,NA,-7.419834578301784,Exchange/demand reaction
EX_HC00229[e],-1,-15.044776119402986,NA,308.2515680943489,Exchange/demand reaction
EX_HC01577[e],-1,-15.12,NA,119.53504466380029,Exchange/demand reaction
EX_HC01700[e],-1,-15.195979899497488,NA,22.869579689818995,Exchange/demand reaction
r0287,-1,-15.272727272727273,NA,121.97728125095368,Fatty acid oxidation
r0330,-1,-15.350253807106599,NA,490.844601925087,Pyrimidine catabolism
r0390,1,-15.428571428571429,NA,-308.2515680943489,Miscellaneous
r0431,-1,-15.507692307692308,NA,11.02308195633477,Fatty acid oxidation
r0648,-1,-15.587628865979381,NA,119.53504466380029,Miscellaneous
r0649,-1,-15.66839378238342,NA,22.869579689818995,Miscellaneous
r0653,-1,-15.75,NA,192.81344971189498,Fatty acid oxidation
r0714,-1,-15.832460732984293,NA,192.81344971189498,Fatty acid oxidation
r0716,-1,-15.91578947368421,NA,192.81344971189498,Miscellaneous
r0733,-1,-16,NA,121.97728125095368,Fatty acid oxidation
r0734,-1,-16.085106382978722,NA,121.97728125095368,Fatty acid oxidation
r1117,-1,-16.171122994652407,NA,6.664068207997458,"Transport, mitochondrial"
r1436,-1,-16.258064516129032,NA,357.95290151023863,"Transport, mitochondrial"
r1437,-1,-16.345945945945946,NA,581.0125837104797,"Transport, mitochondrial"
r1468,1,-16.434782608695652,NA,-22.30441202365129,"Transport, mitochondrial"
r2367,-1,-16.524590163934427,NA,454.5487888412476,"Transport, extracellular"
RE0124C,1,-16.615384615384617,NA,-964.9571610168457,Pentose phosphate pathway
RE1447N,1,-16.70718232044199,NA,-25.29579446687589,Phosphatidylinositol phosphate metabolism
RE1530C,1,-16.8,NA,-9.16231173132551,Pyrimidine synthesis
RE1530M,-1,-16.893854748603353,NA,9.248202736353893,Pyrimidine synthesis
RE2030M,-1,-16.98876404494382,NA,357.95290151023863,Methionine and cysteine metabolism
RE2223M,-1,-17.084745762711865,NA,581.0125837104797,Methionine and cysteine metabolism
RE2626C,-1,-17.181818181818183,NA,553.6795152770997,Bile acid synthesis
EX_HC00955[e],1,-17.28,NA,-142.40462438875437,Exchange/demand reaction
EX_HC02217[e],1,-17.379310344827587,NA,-454.5487888412476,Exchange/demand reaction
ADPACDAc,-1,-17.479768786127167,NA,6.372002050600458,Fatty acid oxidation
C10DCc,-1,-17.58139534883721,NA,11.433106245700541,Fatty acid oxidation
C12DCACT,-1,-17.68421052631579,NA,3.419890398137293,Fatty acid oxidation
C6DCc,-1,-17.788235294117648,NA,6.372002050600458,Fatty acid oxidation
C8DCc,-1,-17.893491124260354,NA,8.527242435428855,Fatty acid oxidation
FAOXC12DCc,-1,-18,NA,3.419890398137293,Fatty acid oxidation
FAOXC141C121x,-1,-18.107784431137723,NA,3.243139455772066,Fatty acid oxidation
FAOXC14C12x,-1,-18.216867469879517,NA,12.937042786821536,Fatty acid oxidation
FAOXC15BRC13BRx,-1,-18.327272727272728,NA,2.6932509428018463,Fatty acid oxidation
FAOXC161C141x,-1,-18.4390243902439,NA,3.243139455772066,Fatty acid oxidation
FAOXC16C14x,-1,-18.552147239263803,NA,10.802890806355961,Fatty acid oxidation
FAOXC181C161x,-1,-18.666666666666668,NA,3.243139455772066,Fatty acid oxidation
FAOXC201C181x,-1,-18.782608695652176,NA,3.243139455772066,Fatty acid oxidation
FAOXC221C201x,-1,-18.9,NA,3.243139455772066,Fatty acid oxidation
FAOXC22C20x,-1,-19.0188679245283,NA,10.769349658603582,Fatty acid oxidation
FAOXC241C221x,-1,-19.139240506329113,NA,3.243139455772066,Fatty acid oxidation
FAOXC24C22x,-1,-19.261146496815286,NA,5.7468176322078115,Fatty acid oxidation
FAOXC8C6x,-1,-19.384615384615383,NA,7.302940585422472,Fatty acid oxidation
SEBACACT,-1,-19.509677419354837,NA,11.433106245700541,Fatty acid oxidation
SUBERICACT,-1,-19.636363636363637,NA,8.527242435428855,Fatty acid oxidation
FE3MTP1,-1,-19.764705882352942,NA,520.9765045408249,"Transport, extracellular"
CALAtr,1,-19.894736842105264,NA,-18.602580067680233,"Transport, extracellular"
QULNtr,-1,-20.026490066225165,NA,127.46495067403316,"Transport, extracellular"
DHAPtr,-1,-20.16,NA,7.419834578301784,"Transport, extracellular"
EX_quln[e],1,-20.29530201342282,NA,-127.46495067403316,Exchange/demand reaction
ARACHDFATPtc,-1,-20.43243243243243,NA,3.7534599879018247,"Transport, extracellular"
EX_pmtcrn[e],1,-20.571428571428573,NA,-681.216217276001,Exchange/demand reaction
ACGLUtd,-1,-20.71232876712329,NA,59.79847856728647,"Transport, extracellular"
AMETt,1,-20.855172413793102,NA,-51.58195866340864,"Transport, extracellular"
C02712tm,1,-21,NA,-357.95290151023863,"Transport, mitochondrial"
LCYSTt,-1,-21.146853146853147,NA,115.52434463771033,"Transport, extracellular"
EX_acglu[e],-1,-21.295774647887324,NA,59.79847856728647,Exchange/demand reaction
EX_Lcyst[e],1,-21.4468085106383,NA,-115.52434463771033,Exchange/demand reaction
ACGLUtm,1,-21.6,NA,-59.79847856728647,"Transport, mitochondrial"
LTHSTRLtr,1,-21.755395683453237,NA,-0.7409534235714227,"Transport, endoplasmic reticular"
sink_C02528[c],-1,-21.91304347826087,NA,16.009644637115414,Exchange/demand reaction
sink_fe3[c],1,-22.072992700729927,NA,-520.9765045408249,Exchange/demand reaction
sink_thcholstoic[c],1,-22.235294117647058,NA,-26.787817461053493,Exchange/demand reaction
EX_glcn[e],-1,-22.4,NA,964.9571610168457,Exchange/demand reaction
AMPTASECG,-1,-22.567164179104477,NA,17.694329476955417,Glutathione metabolism
EX_cgly[e],1,-22.736842105263158,NA,-540.8791401996613,Exchange/demand reaction
H2Ot,-1,-22.90909090909091,NA,282.485074766922,"Transport, extracellular"
LEUTA,-1,-23.083969465648856,NA,151.46623060367108,"Valine, leucine, and isoleucine metabolism"
NNDPR,-1,-23.26153846153846,NA,127.46495067403316,NAD metabolism
EX_fru[e],-1,-23.441860465116278,NA,616.6027700378418,Exchange/demand reaction
EX_malt[e],-1,-23.625,NA,15.88586981178503,Exchange/demand reaction
EX_ptrc[e],-1,-23.811023622047244,NA,76.340593258336,Exchange/demand reaction
NACCYStm,-1,-24,NA,581.0125837104797,"Transport, mitochondrial"
NACCYSte,-1,-24.192,NA,581.0125837104797,"Transport, extracellular"
EX_CE1310[e],-1,-24.387096774193548,NA,581.0125837104797,Exchange/demand reaction
GLCNte,-1,-24.585365853658537,NA,964.9571610168457,"Transport, extracellular"
HMR_1084,-1,-24.78688524590164,NA,223.10467166209222,Leukotriene metabolism
HMR_1306,-1,-24.99173553719008,NA,454.5487888412476,"Transport, endoplasmic reticular"
HMR_1307,-1,-25.2,NA,454.5487888412476,Eicosanoid metabolism
HMR_6583,-1,-25.41176470588235,NA,8.814752033654212,Inositol phosphate metabolism
HMR_8090,-1,-25.627118644067796,NA,54.9596307503175,"Transport, extracellular"
EX_M01111[e],-1,-25.846153846153847,NA,223.10467166209222,Exchange/demand reaction
2HCO3_NAt,1,-26.06896551724138,NA,-80.92746125876158,"Transport, extracellular"
3MOX4HOXPGALDOX_NADP_,-1,-26.295652173913044,NA,8.382866876247048,Tyrosine metabolism
5MTHFt,-1,-26.526315789473685,NA,369.0715281267166,"Transport, extracellular"
ACNACNGAL14ACGLCGALGLUSIDEte,1,-26.761061946902654,NA,-2.9524477249227465,"Transport, extracellular"
ACNACNGAL14ACGLCGALGLUSIDEtg,-1,-27,NA,1.1573932145178547,"Transport, golgi apparatus"
ACNGALACGLCGAL14ACGLCGALGLUSIDEtg,-1,-27.243243243243242,NA,1.1541904490671153,"Transport, golgi apparatus"
ADCim,-1,-27.490909090909092,NA,242.39851677589417,Propanoate metabolism
CHSTEROLt3,1,-27.743119266055047,NA,-28.58572465957622,"Transport, mitochondrial"
CLPNDt,1,-28,NA,-6.477551684294601,"Transport, extracellular"
CRVNCtr,-1,-28.261682242990656,NA,445.0416607223511,"Transport, extracellular"
DCK2n,1,-28.528301886792452,NA,-462.1723260585785,Nucleotide interconversion
DHPR2,-1,-28.8,NA,178.27876264781952,Tetrahydrobiopterin metabolism
DIGALSIDEtg,-1,-29.076923076923077,NA,2.0438170128054547,"Transport, golgi apparatus"
DNDPt28m,-1,-29.359223300970875,NA,13.07728270463543,"Transport, mitochondrial"
EX_acetone[e],-1,-29.647058823529413,NA,242.39851677589417,Exchange/demand reaction
EX_acnacngal14acglcgalgluside_hs[e],-1,-29.940594059405942,NA,2.9524477249227465,Exchange/demand reaction
EX_gbside_hs[e],-1,-30.24,NA,2.120864409036709,Exchange/demand reaction
EX_gluala[e],1,-30.545454545454547,NA,-179.02890332681537,Exchange/demand reaction
EX_h2o2[e],1,-30.857142857142858,NA,-46.757972606032716,Exchange/demand reaction
EX_ha[e],1,-31.175257731958762,NA,-30.083592866427637,Exchange/demand reaction
G3PD2m,-1,-31.5,NA,134.778222266736,Glycolysis/gluconeogenesis
GBSIDEte,-1,-31.83157894736842,NA,2.1208644090367086,"Transport, extracellular"
HSD11B1r,-1,-32.170212765957444,NA,95.76563483082447,Steroid metabolism
HSD11B2r,1,-32.516129032258064,NA,-95.76563483082447,Steroid metabolism
HSD3B11,-1,-32.869565217391305,NA,4.057521046521543,Steroid metabolism
HSD3B13,-1,-33.23076923076923,NA,3.5851884404131176,Steroid metabolism
INSTt2r,-1,-33.6,NA,546.0896596801758,"Transport, extracellular"
LNELDCt,1,-33.97752808988764,NA,-24.886143313353248,"Transport, extracellular"
MAOLNOR,-1,-34.36363636363637,NA,8.382866876247048,Tyrosine metabolism
P4507A1r,-1,-34.758620689655174,NA,1.8208825853523463,Bile acid synthesis
P450SCC1m,-1,-35.16279069767442,NA,4.015202552438709,Cholesterol metabolism
PCRNtc,-1,-35.576470588235296,NA,281.51708133707046,Fatty acid oxidation
PGISr,1,-36,NA,-221.54291305647195,Eicosanoid metabolism
PHETHPTOX2,-1,-36.433734939759034,NA,29.514463484421164,Phenylalanine metabolism
PPAn,-1,-36.8780487804878,NA,236.87503041286467,Miscellaneous
PROSTGI2tr,-1,-37.333333333333336,NA,221.54291305647195,"Transport, endoplasmic reticular"
PROtm,-1,-37.8,NA,3.8671948979929995,"Transport, mitochondrial"
SARCOXp,-1,-38.278481012658226,NA,14.404446832767857,"Glycine, serine, alanine, and threonine metabolism"
SARCStp,-1,-38.76923076923077,NA,14.404446832767857,"Transport, peroxisomal"
SPMDOX,-1,-39.27272727272727,NA,8.601888555951149,Beta-Alanine metabolism
ST3GAL61g,-1,-39.78947368421053,NA,1.1573932145178547,Blood group synthesis
ST3GAL62g,-1,-40.32,NA,1.1541904490671153,Blood group synthesis
ST8SIA56g,-1,-40.86486486486486,NA,1.1573932145178547,Blood group synthesis
XOL7AH2tm,1,-41.42465753424658,NA,-4.015202552446169,"Transport, mitochondrial"
EX_fad[e],1,-42,NA,-94.33215387135996,Exchange/demand reaction
r0205,-1,-42.59154929577465,NA,9.40231206251207,Oxidative phosphorylation
r0474,1,-43.2,NA,-26.375214482602523,Nucleotide interconversion
r0629,1,-43.82608695652174,NA,-921.1318515563964,Bile acid synthesis
r0639,-1,-44.470588235294116,NA,59.136419523054364,Fatty acid oxidation
r0718,-1,-45.134328358208954,NA,59.136419523054364,Fatty acid oxidation
r1481,-1,-45.81818181818182,NA,43.383863268095254,Fatty acid oxidation
r2320,1,-46.52307692307692,NA,-417.00720661907195,"Transport, extracellular"
r2343,-1,-47.25,NA,100.24846227397919,"Transport, extracellular"
r2344,-1,-48,NA,13.55109099160529,"Transport, extracellular"
r2491,-1,-48.774193548387096,NA,102.37974896706342,"Transport, extracellular"
EX_sprm[e],-1,-49.57377049180328,NA,95.73911385974884,Exchange/demand reaction
RE0915E,1,-50.4,NA,-238.2920103992462,Starch and sucrose metabolism
RE1096C,-1,-51.25423728813559,NA,3.1252426526488097,Steroid metabolism
RE1796M,-1,-52.13793103448276,NA,4.015202552438709,Bile acid synthesis
RE1836C,-1,-53.05263157894737,NA,14.845542632433773,Bile acid synthesis
RE2677C,-1,-54,NA,2.0438170128056408,Glycosphingolipid metabolism
EX_HC00822[e],1,-54.981818181818184,NA,-73.05326411138923,Exchange/demand reaction
FAOXC102C101x,-1,-56,NA,4.002925724881421,Fatty acid oxidation
3HCO3_NAt,-1,-57.056603773584904,NA,483.0183503343582,"Transport, extracellular"
DM_taur[c],-1,-58.15384615384615,NA,83.13440825652927,Exchange/demand reaction
GLYCTDle,-1,-59.294117647058826,NA,56.86358716630451,"Transport, extracellular"
MTHFR3,-1,-60.48,NA,269.64297552676794,Folate metabolism
SPRMTDe,1,-61.714285714285715,NA,-95.73911385974884,"Transport, extracellular"
DM_fol,-1,-63,NA,611.0811199157715,Exchange/demand reaction
CYST_Ltr,1,-64.34042553191489,NA,-321.07573091840743,"Transport, extracellular"
EX_cyst_L[e],-1,-65.73913043478261,NA,321.07573091840743,Exchange/demand reaction
15KPROSTGF2c,-1,-67.2,NA,221.54291305647195,Eicosanoid metabolism
PHLAC,-1,-68.72727272727273,NA,568.2937062423706,Phenylalanine metabolism
PHLACHt,1,-70.32558139534883,NA,-568.2937062423706,"Transport, extracellular"
EX_peste_hs[e],-1,-72,NA,4.770374522115008,Exchange/demand reaction
PROSTGI2c,1,-73.7560975609756,NA,-221.54291305647195,"Transport, extracellular"
EX_phlac[e],1,-75.6,NA,-568.2937062423706,Exchange/demand reaction
CA2t,1,-77.53846153846153,NA,-481.8873755256653,"Transport, extracellular"
sink_gchola[c],1,-79.57894736842105,NA,-921.1318515563964,Exchange/demand reaction
EX_adn[e],-1,-81.72972972972973,NA,48.53171667820448,Exchange/demand reaction
EX_ribflv[e],-1,-84,NA,94.33215387135996,Exchange/demand reaction
PRO1x,-1,-86.4,NA,352.98782950286864,"Transport, extracellular"
EX_arg_L[e],-1,-88.94117647058823,NA,38.30677864528435,Exchange/demand reaction
EX_malttr[e],1,-91.63636363636364,NA,-238.2920103992462,Exchange/demand reaction
r0792,1,-94.5,NA,-244.13461484184265,Folate metabolism
UGLT,-1,-97.54838709677419,NA,83.8015200196743,Galactose metabolism
EX_ade[e],1,-100.8,NA,-97.99173956835908,Exchange/demand reaction
MLTHFte3,-1,-104.27586206896552,NA,610.0482983791351,"Transport, extracellular"
T4HCINNMtm,-1,-108,NA,523.6854081752778,"Transport, mitochondrial"
sink_34dhpac[c],1,-112,NA,-87.88306932983883,Exchange/demand reaction
HMR_0157,-1,-116.3076923076923,NA,753.6894306152344,"Transport, mitochondrial"
HMR_0876,-1,-120.96,NA,1.7950545115426644,Glycosphingolipid metabolism
HMR_0877,-1,-126,NA,1.7950545115426644,Glycosphingolipid metabolism
HMR_1701,1,-131.47826086956522,NA,-14.845542632433796,"Transport, peroxisomal"
HMR_1781,-1,-137.45454545454547,NA,1.2677317696948724,Bile acid synthesis
HMR_1783,-1,-144,NA,1.2677317696948724,Bile acid synthesis
HMR_1927,-1,-151.2,NA,3.5926787754637797,Steroid metabolism
HMR_1928,-1,-159.1578947368421,NA,3.5926787754637797,Steroid metabolism
HMR_1929,-1,-168,NA,3.5926787754637797,Steroid metabolism
HMR_1940,-1,-177.88235294117646,NA,2.3227705583488185,Steroid metabolism
HMR_1941,-1,-189,NA,2.3227705583488203,Steroid metabolism
HMR_1948,-1,-201.6,NA,2.593519240393426,Steroid metabolism
HMR_1949,-1,-216,NA,2.593519240393426,Steroid metabolism
HMR_1967,-1,-232.6153846153846,NA,33.674541487771016,Androgen and estrogen synthesis and metabolism
HMR_1970,-1,-252,NA,33.674541487771016,Androgen and estrogen synthesis and metabolism
HMR_1979,-1,-274.90909090909093,NA,3.399247083482067,Steroid metabolism
HMR_1980,-1,-302.4,NA,3.399247083482067,Steroid metabolism
HMR_1982,-1,-336,NA,2.998317304441989,Androgen and estrogen synthesis and metabolism
HMR_1983,-1,-378,NA,2.998317304441989,Androgen and estrogen synthesis and metabolism
HMR_3296,-1,-432,NA,23.92919812868911,Fatty acid oxidation
HMR_3867,1,-504,NA,-14.40444683276937,"Transport, peroxisomal"
HMR_9640,-1,-604.8,NA,49.15038134638611,"Transport, extracellular"
2HATVLACtep,1,-756,NA,-14.753323123104456,Drug metabolism
FVStep,1,-1008,NA,-537.8841440410614,Drug metabolism
sink_thr_L[c],1,-1512,NA,-181.8393558286488,Exchange/demand reaction
sink_gln_L[c],1,-3024,NA,-175.51646040344238,Exchange/demand reaction
