Reaction,fc,pval,MCF10A_KO,MCF10A_P,subSystem
13DAMPPOX,-0.34072204968592007,0,7.664250913549715,15.58618817636211,Beta-Alanine metabolism
2HBO,0.633751861739532,0,376.29096676733496,84.35544543222683,Propanoate metabolism
2HBt2,1.3515828297797732,0,23.316806074080244,-155.9558549644118,"Transport, extracellular"
2OXOADOXm,-0.41507725188499844,0,25.145744526375108,60.83396683691489,Lysine metabolism
34DHOXPEGOX,-1.5379556944958022,0,-125.55927711667745,26.614069058881597,Tyrosine metabolism
34DHOXPEGt,-1.5379556944958022,0,-125.55927711667745,26.614069058881597,"Transport, extracellular"
3DSPHR,-0.37515421322903936,0,35.78266801199838,78.75012958247316,Sphingolipid metabolism
3HBCOAHLm,0.3956716762092221,0,32.245977594332025,13.96256578159316,"Valine, leucine, and isoleucine metabolism"
3MOPt2im,-0.3876393801749472,0,124.15870569686685,281.3497534602165,"Transport, mitochondrial"
3SALAASPm,-0.692805313493029,0,-57.184168913295494,-10.377255259338378,"Transport, mitochondrial"
3SALATAi,-0.5353933799040385,0,9.45837152402068,31.257240845286987,Methionine and cysteine metabolism
3SPYRSP,-0.5353933799040385,0,9.45837152402068,31.257240845286987,Methionine and cysteine metabolism
5FTHFt2,-0.8443798018675818,0,20.933630679169205,248.10124950208663,"Transport, extracellular"
A_MANASEly,-0.7406988153265797,0,0.824576448695334,5.5354133811533455,N-glycan degradation
ABUTt2rL,-0.37905532491127003,0,37.306718935853894,82.85444978830964,"Transport, lysosomal"
ACACT10m,0.39674331148281505,0,-111.25261843206175,-257.5874476616025,"Valine, leucine, and isoleucine metabolism"
ACACT7p,-0.39305283184777806,0,9.124927383145842,20.94334828218296,Fatty acid oxidation
ACCOAgt,-0.5735728835448047,0,27.303198234337476,100.75243979029655,"Transport, extracellular"
ACCOAtr,0.34064800286394625,0,-250.26608870334624,-508.8613266693115,"Transport, endoplasmic reticular"
ACETONEt2,-3.8612564948050165,0,-154.69610472569093,91.05161080071208,"Transport, extracellular"
ACETONEt2m,-3.177110099304013,0,-174.69608135809898,91.05161080071208,"Transport, mitochondrial"
ACGALtly,-0.6003474794751689,0,17.905598048098387,71.7002326599598,"Transport, lysosomal"
ACGAMtly,-0.48113783541172883,0,28.617847588445247,81.69217130126952,"Transport, lysosomal"
ACNAM9PL2,-0.37812411826178616,0,7.990875049524655,17.7083851539399,Aminosugar metabolism
ACOAD9m,0.344008922418033,0,52.88467588226497,25.812236020848154,"Valine, leucine, and isoleucine metabolism"
ACONTm,4.462674954259696,0,413.2778086109161,-261.96812532520295,Citric acid cycle
ADK3m,-1.5086508360935307,0,-27.351836955677346,134.8984485595867,Nucleotide interconversion
ADNtm,-1.1535309568684204,0,-6.618240300476836,92.83199725828469,"Transport, mitochondrial"
ADPMAN,0.33605728165512916,0,21.551992143891553,10.710085896943044,Nucleotide interconversion
ADRNCRNt,0.5752871601959704,0,603.9525785805345,162.83152763334587,Fatty acid oxidation
ADSL2,0.4689968678785761,0,6.88188290913254,2.487616862600643,Purine synthesis
AGPAT1,0.5836227547839612,0,9.475438725879462,2.491349067810844,Triacylglycerol synthesis
AIRCr,0.468996867878578,0,6.88188290913254,2.4876168626006314,Purine synthesis
AKGMALtm,-1.0114372807514904,0,-343.6301504821777,1.9539234672399264,"Transport, mitochondrial"
ALAASNNaEx,0.6061053437539787,0,88.3373846634833,21.664596224035265,"Transport, extracellular"
ALACYSNaEx,-0.79064387850033635,0,6.3137338822372575,54.00199834484644,"Transport, extracellular"
ALAGLNNaEx,0.6789111783110394,0,57.90199950965373,11.073655971897491,"Transport, extracellular"
ALAt4,-0.5441042820739268,0,29.868261865299544,101.16285200948752,"Transport, extracellular"
ALATHRNaEx,-0.8806295251359981,0,11.395818913182033,179.53613350076677,"Transport, extracellular"
ALCD2if,-0.5724997570917378,0,43.962647779550075,161.71044134187102,Glycolysis/gluconeogenesis
ALDD21,-0.994880252809995,0,1.9336143953826157,753.4218059494018,Fatty acid oxidation
AMACR2p,0.8831400828720702,0,82.46989289741516,5.117741870186667,Bile acid synthesis
AMETt2m,1.5030903604932213,0,141.8124443891585,-705.5777459152222,"Transport, mitochondrial"
AMPDA,-0.4711896209603376,0,52.60581588608417,146.35327406830788,Nucleotide interconversion
ARACHCPT1,-1.3006763418917233,0,-1.832799625781052,14.023979112998981,Fatty acid oxidation
ARACHCPT2,-1.3006763418917233,0,-1.832799625781052,14.023979112998981,Fatty acid oxidation
ASNALANaEx,0.41673849594505513,0,30.030650956491055,12.363412651498493,"Transport, extracellular"
ASNTHRNaEx,-0.708815511083314,0,19.397694822115557,113.83532795517696,"Transport, extracellular"
ASPTAm,0.8257326262297504,0,61.08761741077518,5.830853052147799,Alanine and aspartate metabolism
ATPH1e,-0.6962312968247388,0,2.2199191989350666,12.395932768239254,Nucleotide interconversion
ATPH2e,-0.8864469920310301,0,12.96274077526452,215.34897032985688,Nucleotide interconversion
ATPtn,0.42434136314261944,0,174.9563098510012,70.7099529962469,"Transport, nuclear"
B_MANNASEly,-0.7406988153265797,0,0.824576448695334,5.5354133811533455,N-glycan degradation
B3GALT43g,-0.43445373205221727,0,0.8131301304690225,2.0624263944450427,Sphingolipid metabolism
BAAT3x,0.8539117547931565,0,84.73036992259026,6.676753100958117,Bile acid synthesis
BILIRED,0.5581810367254486,0,40.940057990323055,11.608467534489494,Heme degradation
BTNt2,-0.9074847745544202,0,2.827717706506501,58.30206267045108,"Transport, extracellular"
C160CPT1,2.5889056023630665,0,120.02839491818584,-271.1114985835969,Fatty acid oxidation
C161CPT2,1.0323099100534612,0,1.8197246586505613,-114.46161413711543,Fatty acid oxidation
C180CPT1,1.154021353045191,0,175.19905937452316,-12.527450639688572,Fatty acid oxidation
C204CPT2,-5.2385575263842314,0,-4.105292110792379,2.7891891195383285,Fatty acid oxidation
C226CPT1,0.3978218557410946,0,112.36917361192702,48.40835773143768,Fatty acid oxidation
C226CPT2,0.3978218557410946,0,112.36917361192702,48.40835773143768,Fatty acid oxidation
C3STKR2r,-0.3555013215901503,0,1.2707592518080928,2.672644495561553,Cholesterol metabolism
CDIPTr,1.3058656561394235,0,4.496344216608572,-33.89712280260967,Glycerophospholipid metabolism
CDSm,-0.9963812295953355,0,0.008176641526956137,4.510839826838264,Glycerophospholipid metabolism
CEPTC,-0.6025152158154661,0,6.170459565566567,24.877066332692255,Glycerophospholipid metabolism
CERT1rt,-0.739722428575355,0,9.419710265140585,62.96232567888051,"Transport, endoplasmic reticular"
CHSTEROLSULT,0.46968556927097643,0,9.384609055091008,3.386298207400729,Steroid metabolism
CITtam,-1.5923344118218734,0,-483.480174520874,110.47260858644061,"Transport, mitochondrial"
CLI2tex,0.9392673923402126,0,388.0164688892365,12.15162595094671,"Transport, extracellular"
CO2ter,-0.40939337864353426,0,-330.3794298396111,-138.44557650117875,"Transport, endoplasmic reticular"
COAtg,0.5735728835448047,0,-27.303198234337476,-100.75243979029655,"Transport, golgi apparatus"
CSAPASEly,-0.4862325469522346,0,2.4594523674945523,7.114732812608302,Chondroitin sulfate degradation
CSBPASEly,-0.8483427898264484,0,0.2843966878019065,3.4661231519927505,Chondroitin sulfate degradation
CSCPASEly,-0.9027580281434714,0,0.3779352974491838,7.3951546601833424,Chondroitin sulfate degradation
CSDPASEly,-0.915770155038201,0,0.35254580959780946,8.01849677649981,Chondroitin sulfate degradation
CSEPASEly,-0.6593380642172009,0,0.240130927173437,1.1696592604015015,Chondroitin sulfate degradation
CSNAT2x,-1.147070900158369,0,-190.16884312200546,13.02625960696782,Fatty acid oxidation
CSNATer,0.34064800286394625,0,-250.26608870334624,-508.8613266693115,Fatty acid oxidation
CSNATr,-0.3756320545908439,0,-591.2574350031853,-268.35823479747773,Fatty acid oxidation
CSPG_Atly,-0.4862325469522346,0,2.4594523674945523,7.114732812608302,"Transport, lysosomal"
CSPG_Bt,-0.47807215539996767,0,0.2843966878019065,0.8053964349231227,"Transport, extracellular"
CSPG_Btly,-0.8483427898264484,0,0.2843966878019065,3.4661231519927505,"Transport, lysosomal"
CSPG_Ctly,-0.9027580281434714,0,0.3779352974491838,7.3951546601833424,"Transport, lysosomal"
CSPG_Dtly,-0.915770155038201,0,0.35254580959780946,8.01849677649981,"Transport, lysosomal"
CSPG_Et,-0.6593380642172009,0,0.240130927173437,1.1696592604015015,"Transport, extracellular"
CSPG_Etly,-0.6593380642172009,0,0.240130927173437,1.1696592604015015,"Transport, lysosomal"
CYANt,-0.5376168834141599,0,93.85055061567071,312.09225849313736,"Transport, extracellular"
CYSSERNaEx,-0.8092984191552888,0,16.884758538542428,160.19566694877147,"Transport, extracellular"
CYSt4,-0.48029909274166505,0,80.57432986005098,229.5052899163246,"Transport, extracellular"
CYTK10,0.8903038439588752,0,574.5056905975342,33.33911957260575,Nucleotide interconversion
CYTK11n,-0.38869070431467784,0,107.05729681009687,243.19844955501557,Nucleotide interconversion
CYTK12,-1.5607931208316195,0,-92.94064780920982,424.40208824694156,Nucleotide interconversion
CYTK13,0.5447880291184704,0,367.0207777499199,108.152217938504,Nucleotide interconversion
CYTK14,1.9350999743148263,0,28.617753597652666,-89.8256551776344,Nucleotide interconversion
CYTK1m,-0.9963812295953355,0,0.008176641526956137,4.510839826838264,Nucleotide interconversion
CYTK2n,-0.4550110820322948,0,75.85756996491664,202.52449419812672,Nucleotide interconversion
CYTK4n,0.4427626217593515,0,-38.975026607016254,-100.91159309559995,Nucleotide interconversion
CYTK5,0.9277436773819905,0,334.8228748268127,12.549941129222884,Nucleotide interconversion
CYTK5n,1.269848572988137,0,459.08473055915834,-54.57780791911874,Nucleotide interconversion
CYTK6,-1.541232406408684,0,-65.16258572768402,13.878346188355168,Nucleotide interconversion
CYTK6n,0.36351269820591053,0,142.48881729572153,66.51373542447854,Nucleotide interconversion
CYTK7,-39.08876710965419,0,-528.3893281215668,502.0283613861084,Nucleotide interconversion
CYTK7n,-1.8422194705932105,0,-288.2178334013641,85.40602637281744,Nucleotide interconversion
CYTK8,-1.449303934958565,0,-82.83783990737331,451.57638618791106,Nucleotide interconversion
CYTK9,1.6473656705242194,0,179.30385384105296,-733.2530729766846,Nucleotide interconversion
CYTK9n,-0.33568571796570346,0,284.55253959151804,572.1279421833038,Nucleotide interconversion
D3AIBTm,0.5634454141058041,0,-37.50970827549011,-134.33459018106544,Pyrimidine catabolism
DADAe,-0.5851305308808145,0,8.58985812894832,32.82007327518973,Nucleotide interconversion
DAGK_hs,-0.42965380189592317,0,73.75801524767876,184.88494754531382,Glycerophospholipid metabolism
DASCBR,-0.39432640042219785,0,8.207548974324734,18.89466905217001,Vitamin C metabolism
DCSPTN1t,-0.3984854225222221,0,4.239550438529806,9.856701247694472,"Transport, extracellular"
DDPGAm,0.3952597026303332,0,46.581069154733186,20.18939524973417,Arginine and proline metabolism
DESAT16_2,-0.688376492352527,0,9.81524994371267,53.17903452353147,Fatty acid synthesis
DGCHOLtx,0.8539117547931565,0,84.73036992259026,6.676753100958117,"Transport, peroxisomal"
DHCR242r,0.3357633261278121,0,432.53484197711947,215.0871334382057,Cholesterol metabolism
D_LACtm,0.5023054995244919,0,-99.93422164422422,-301.6543896373749,"Transport, mitochondrial"
DLNLCGt,1.8402846357417935,0,2.253154197006649,-7.615989839044993,"Transport, extracellular"
DM_kdn_c_,-0.37812411826178166,0,7.990875049524655,17.708385153939716,Exchange/demand reaction
DM_mem2emgacpail_prot_hs_r_,-0.4009061777750393,0,7.553929239586275,17.663921318551385,Exchange/demand reaction
DM_Ser_Gly_Ala_X_Gly_ly_,-0.8114877060382362,0,2.4594523674945523,23.633831161201,Exchange/demand reaction
DMHPTCRNCPT2,0.36159100541076267,0,-3.1674556423035543,-6.755511199169431,Fatty acid oxidation
DMHPTCRNt,0.36159100541076267,0,-3.1674556423035543,-6.755511199169431,Fatty acid oxidation
DMHPTCRNte,-0.36159100541076267,0,3.1674556423035543,6.755511199169431,"Transport, extracellular"
DUDPtn,-0.41841543039868834,0,53.5042593554995,130.49050994237848,"Transport, nuclear"
ECOAH12m,0.3956716762092221,0,32.245977594332025,13.96256578159316,"Valine, leucine, and isoleucine metabolism"
ECOAH1x,0.35603013511549186,0,-9.81912627012964,-20.676481694043147,Tryptophan metabolism
ECOAH9m,0.39674331148281505,0,-111.25261843206175,-257.5874476616025,"Valine, leucine, and isoleucine metabolism"
EHGLATm,0.6205002736955887,0,35.39673416694265,8.289446874199138,Arginine and proline metabolism
EICOSTETt,-0.9744270858218395,0,-4.897732720300913,-0.06343576798719297,"Transport, extracellular"
ENGASE3ly,-0.3709415845136892,0,0.824576448695334,1.797044782006659,Keratan sulfate degradation
EX_2hb[e],-0.633751861739532,0,-376.29096676733496,-84.35544543222683,Exchange/demand reaction
EX_34dhoxpeg[e],-1.5379556944958022,0,-125.55927711667745,26.614069058881597,Exchange/demand reaction
EX_5fthf[e],0.8443798018675818,0,-20.933630679169205,-248.10124950208663,Exchange/demand reaction
EX_amp[e],-2.310285505641944,0,-340.4872152309418,134.7725029194953,Exchange/demand reaction
EX_bilirub[e],0.731645125888866,0,186.40880358726977,28.887969175665454,Exchange/demand reaction
EX_cspg_a[e],0.4552844296100376,0,-2.4594523674945523,-6.570773685099569,Exchange/demand reaction
EX_cyan[e],0.5376168834141599,0,-93.85055061567071,-312.09225849313736,Exchange/demand reaction
EX_dcsptn1[e],0.3984854225222221,0,-4.239550438529806,-9.856701247694472,Exchange/demand reaction
EX_dmhptcrn[e],-0.36159100541076267,0,3.1674556423035543,6.755511199169431,Exchange/demand reaction
EX_gq1balpha_hs[e],-0.3729907031770684,0,1.3727677047023816,3.0060117221999705,Exchange/demand reaction
EX_gsn[e],-1.3279606629148213,0,-370.1501006135225,52.14635896089468,Exchange/demand reaction
EX_gthox[e],-0.3622355527506755,0,3.6699950904120247,7.838940869379082,Exchange/demand reaction
EX_hpdca[e],-0.5192293289204616,0,-10.376425150081376,-3.2836917954684925,Exchange/demand reaction
EX_idp[e],0.8175283438715903,0,-10.871624557166706,-108.28797302456498,Exchange/demand reaction
EX_lnlnca[e],-0.5193508812780387,0,16.15624649298596,51.0705343901047,Exchange/demand reaction
EX_lpchol_hs[e],-0.9376965197492928,0,14.506741601789715,451.17323465042114,Exchange/demand reaction
EX_mercplaccys[e],0.3645903133733788,0,151.54020579680204,70.56338721813336,Exchange/demand reaction
EX_oagd3_hs[e],0.44887127099042856,0,474.8670368665695,180.63224229569434,Exchange/demand reaction
EX_oxa[e],-0.656217051860368,0,11.986941901548013,57.74858143615611,Exchange/demand reaction
EX_pchol_hs[e],0.6726162504054785,0,-86.49327749735671,-441.89750307426453,Exchange/demand reaction
EX_peplys[e],0.33083022761573166,0,-5.300445861827978,-10.541410960073463,Exchange/demand reaction
EX_prgstrn[e],0.487245706536537,0,-132.2898738833271,-383.7072638091087,Exchange/demand reaction
EX_Rtotal[e],-0.3769248988260409,0,318.3999531986237,703.6275763839722,Exchange/demand reaction
EX_tcynt[e],-0.5376168834141599,0,93.85055061567071,312.09225849313736,Exchange/demand reaction
EX_tststerone[e],0.8577664779406253,0,-37.53606957650611,-490.2729733695984,Exchange/demand reaction
FACOAL170,0.3531931165425123,0,16.081511840824387,7.6867317959945645,Fatty acid oxidation
FACOAL191,-0.45951538476369036,0,1.9336143953826157,5.2214991485513025,Fatty acid oxidation
FACOAL245_2,-0.39706008907779744,0,3.812812981389657,8.834593210573724,Fatty acid oxidation
FADH2tru,0.3339067442699716,0,433.69526622810366,216.56798207035064,"Transport, endoplasmic reticular"
FADtru,0.3339067442699716,0,433.69526622810366,216.56798207035064,"Transport, endoplasmic reticular"
FAEL183,-0.33140257614919977,0,2.263528959952516,4.507448250565813,Fatty acid synthesis
FALDH,-0.4612857400148869,0,-303.9634742324829,-112.05847946068906,Tyrosine metabolism
FAOXC11,-0.36159100541076267,0,3.1674556423035543,6.755511199169431,Fatty acid oxidation
FAOXC160,-0.4360343798760382,0,0.8600038908092121,2.1898412065574675,Fatty acid oxidation
FAOXC183806m,-0.47474764698009875,0,4.315412883835701,12.116356946511711,Fatty acid oxidation
FAOXC2051843m,-0.38080138556828863,0,32.48560475634645,72.44229397986476,Fatty acid oxidation
FAOXC226205m,0.48925952092392544,0,101.80141806740166,34.91272293637022,Fatty acid oxidation
FAS160COA,0.38128357856357104,0,23.51961798677775,10.53510958949062,Fatty acid synthesis
FAS80COA_L,0.3596497610805763,0,10.815875885671609,5.093921174235546,Fatty acid synthesis
FCLTm,-0.4331788846801145,0,7.832754471464688,19.80472853600681,Heme synthesis
FE2t,-0.4331788846801145,0,7.832754471464688,19.80472853600681,"Transport, extracellular"
FRUt1r,0.8621744084676246,0,-37.46144687638721,-506.14509904708865,"Transport, extracellular"
FUCASE2ly,-0.3709415845136892,0,0.824576448695334,1.797044782006659,Keratan sulfate degradation
FUMm,-1.8989637688293732,0,-128.82289089431913,39.947760905137564,Citric acid cycle
G6PDH1rer,3.227345149733588,0,94.00838831653105,-178.42133915872574,Pentose phosphate pathway
GALASE10ly,-0.3709415845136892,0,0.824576448695334,1.797044782006659,Keratan sulfate degradation
GALASE11ly,-0.3709415845136892,0,0.824576448695334,1.797044782006659,Keratan sulfate degradation
GALASE12ly,-0.3709415845136892,0,0.824576448695334,1.797044782006659,Keratan sulfate degradation
GALASE13ly,-0.3709415845136892,0,0.824576448695334,1.797044782006659,Keratan sulfate degradation
GALASE14ly,-0.3709415845136892,0,0.824576448695334,1.797044782006659,Keratan sulfate degradation
GALASE15ly,-0.3709415845136892,0,0.824576448695334,1.797044782006659,Keratan sulfate degradation
GALASE16ly,-0.7708114511463596,0,0.2501917494800219,1.9330914095733929,Keratan sulfate degradation
GALASE17ly,-0.6670604145990761,0,0.8237252987311527,4.124471520455893,Keratan sulfate degradation
GALASE18ly,-0.6670604145990761,0,0.8237252987311527,4.124471520455893,Keratan sulfate degradation
GALASE20ly,-0.5851345683333281,0,0.573533549708884,2.191380111112564,Keratan sulfate degradation
GALASE3ly,-0.3709415845136892,0,0.824576448695334,1.797044782006659,Keratan sulfate degradation
GALASE4ly,-0.3709415845136892,0,0.824576448695334,1.797044782006659,Keratan sulfate degradation
GALASE5ly,-0.3709415845136892,0,0.824576448695334,1.797044782006659,Keratan sulfate degradation
GALASE6ly,-0.3709415845136892,0,0.824576448695334,1.797044782006659,Keratan sulfate degradation
GALASE7ly,-0.3709415845136892,0,0.824576448695334,1.797044782006659,Keratan sulfate degradation
GALASE8ly,-0.3709415845136892,0,0.824576448695334,1.797044782006659,Keratan sulfate degradation
GALASE9ly,-0.3709415845136892,0,0.824576448695334,1.797044782006659,Keratan sulfate degradation
GALGT3,-0.43445373205221727,0,0.8131301304690225,2.0624263944450427,Sphingolipid metabolism
GALNACT1g,-0.47547818383203455,0,1.2550087224994757,3.530335504622583,Chondroitin synthesis
GALNACT2g,-0.6518484524612462,0,0.2843966878019065,1.349355566424392,Chondroitin synthesis
GALNACT5g,-0.6593380642172009,0,0.240130927173437,1.1696592604015015,Chondroitin synthesis
GALOR,0.47182571732855483,0,387.52221072540283,139.06487925801872,Galactose metabolism
GALT2g,-0.43831781860477825,0,1.4314463358927998,3.6655511595131567,Chondroitin synthesis
GALTg,-0.43831781860477825,0,1.4314463358927998,3.6655511595131567,Chondroitin synthesis
GALtly,-0.5753834803014621,0,29.904460820081084,110.94950709106922,"Transport, lysosomal"
GAO1,0.6797188968948714,0,453.66232224063873,86.50225300975461,Sphingolipid metabolism
GAO1g,-0.6322925600173002,0,21.204714304626872,94.12998931531907,Sphingolipid metabolism
GAO2,-0.3517910988785033,0,6.902604370875051,14.394864265956473,Sphingolipid metabolism
GARFT,0.468996867878578,0,6.88188290913254,2.4876168626006314,Purine synthesis
GASNASE3ly,-0.3709415845136892,0,0.824576448695334,1.797044782006659,Keratan sulfate degradation
GASNASEly,0.38970215945153946,0,3.9961439618137846,1.7549357708260562,N-glycan degradation
GCALDDm,-0.5246473476048286,0,13.43469505027436,43.09047624131567,Glyoxylate and dicarboxylate metabolism
GCC2cm,0.6310700559133887,0,560.6972327434539,126.82349110364913,"Glycine, serine, alanine, and threonine metabolism"
GHMT2rm,-0.9286230075165836,0,4.311395192553647,116.4949050604403,"Glycine, serine, alanine, and threonine metabolism"
GHMT3,-0.3308302276137318,0,5.300445861857792,10.541410960085413,Lysine metabolism
GLCAASE4ly,-0.4862325469522346,0,2.4594523674945523,7.114732812608302,Chondroitin sulfate degradation
GLCAASE5ly,-0.9027580281434714,0,0.3779352974491838,7.3951546601833424,Chondroitin sulfate degradation
GLCAASE6ly,-0.915770155038201,0,0.35254580959780946,8.01849677649981,Chondroitin sulfate degradation
GLCAASE7ly,-0.6593380642172009,0,0.240130927173437,1.1696592604015015,Chondroitin sulfate degradation
GLCAE1g,-0.47807215539996767,0,0.2843966878019065,0.8053964349231227,Chondroitin synthesis
GLCAT2g,-0.6518484524612462,0,0.2843966878019065,1.349355566424392,Chondroitin synthesis
GLCAT5g,-0.6593380642172009,0,0.240130927173437,1.1696592604015015,Chondroitin synthesis
GLCATg,-0.43831781860477825,0,1.4314463358927998,3.6655511595131567,Chondroitin synthesis
GLCt1r,6.7044251768430705,0,531.2910633180127,-393.3726460128784,"Transport, extracellular"
GLCURtly,0.6232206799693575,0,-15.368348771566152,-66.20910495023728,"Transport, lysosomal"
GLNALANaEx,-0.8512016510853121,0,9.123440360725874,113.50480689162389,"Transport, extracellular"
GLNCYSNaEx,-0.6694726302754418,0,23.33599791583619,117.86863476122785,"Transport, extracellular"
GLYCtm,-0.4392442460311042,0,15.814931822638016,40.5908445272387,"Transport, mitochondrial"
GLYOXm,-0.5023054995244919,0,99.93422164422422,301.6543896373749,Pyruvate metabolism
GLYtp,0.7198138282388984,0,-6.41246246646978,-39.360406523919295,"Transport, peroxisomal"
GPAM_hs,0.5836227547839612,0,9.475438725879462,2.491349067810844,Triacylglycerol synthesis
GQ1BALPHAte,-0.37299070317877536,0,1.3727677047023816,3.006011722211891,"Transport, extracellular"
GQ1BALPHAtg,0.37299070317696165,0,-1.3727677047023816,-3.0060117221992253,"Transport, golgi apparatus"
GTHOm,-0.9274133801821702,0,13.414872735306341,356.20897168598174,Glutamate metabolism
GTHP,-0.7920891520996326,0,28.404850635178917,244.835828454262,Glutathione metabolism
GTHPe,-0.3622355527506755,0,3.6699950904120247,7.838940869379082,Glutathione metabolism
GUACYC,-0.36282190755048166,0,3.4695603093504643,7.420833916265028,Nucleotide interconversion
H2MTer_U,-0.3530126679313496,0,9.218298889890196,19.277773391512874,Phosphatidylinositol phosphate metabolism
H3MTer_U,-0.5847113800871487,0,5.051923023556377,19.277773391512874,Phosphatidylinositol phosphate metabolism
H6_ET2er,-0.3978100499235506,0,0.8990736187814384,2.0869397435049932,Phosphatidylinositol phosphate metabolism
H6MTer_U,-0.4695361641568611,0,1.6662771068240916,4.616062967030893,Phosphatidylinositol phosphate metabolism
HACD1x,0.35603013511549186,0,-9.81912627012964,-20.676481694043147,Tryptophan metabolism
HACD9m,0.39674331148281505,0,-111.25261843206175,-257.5874476616025,"Valine, leucine, and isoleucine metabolism"
HISt4,-0.37837331187567913,0,199.57843599643707,442.53825496687887,"Transport, extracellular"
HISTAtu,0.5380288885753172,0,122.35867366746962,36.75234768767669,"Transport, extracellular"
HOMt4,-0.41664131017133693,0,28.38268363902336,68.92514474820635,"Transport, extracellular"
HPCLx,-0.475188101891394,0,1.9336143953826157,5.43517584108595,Fatty acid oxidation
HPDCACRNCPT1,3.318738615161085,0,3.3527840993269495,-6.244687548387359,Fatty acid oxidation
HPDCACRNCPT2,3.3187386151610587,0,3.3527840993269322,-6.244687548387359,Fatty acid oxidation
HPDCAt,0.5192293289205481,0,10.376425150081468,3.283691795467744,"Transport, extracellular"
HPYRDCm,-0.5246473476048286,0,13.43469505027436,43.09047624131567,Glyoxylate and dicarboxylate metabolism
HSD17B42x,-0.58796525059837,0,16.00091896204711,61.66689417887926,Bile acid synthesis
Htg,2.7461669810059677,0,323.47130548210146,-693.9642869674683,"Transport, golgi apparatus"
IDOAASE4ly,-0.8483427898264484,0,0.2843966878019065,3.4661231519927505,Chondroitin sulfate degradation
IDOURtly,0.6526675644363557,0,-0.8137095287606703,-3.8717701180808244,"Transport, lysosomal"
ILEt5m,0.5202107729063418,0,-75.89693561340066,-240.4792201129347,"Transport, mitochondrial"
ILETAm,0.5202107729063418,0,-75.89693561340066,-240.4792201129347,"Valine, leucine, and isoleucine metabolism"
ILEtec,-5.59767375831296,0,-509.8395447250366,355.2882397040367,"Transport, extracellular"
IPDPtx,-0.5594426265536806,0,8.18674250421637,28.97864387973845,"Transport, peroxisomal"
KCC2t,-1.3153511694460096,0,-65.8903016474179,483.77555486001967,"Transport, extracellular"
KDNH,-0.37812411826178616,0,7.990875049524655,17.7083851539399,Aminosugar metabolism
KSII_CORE2tly,-0.7708114511463596,0,0.2501917494800219,1.9330914095733929,"Transport, lysosomal"
KSII_CORE4tly,-0.5851345683333281,0,0.573533549708884,2.191380111112564,"Transport, lysosomal"
KSItly,-0.3709415845136892,0,0.824576448695334,1.797044782006659,"Transport, lysosomal"
LACZe,0.4707361322373674,0,101.42929575438947,36.50067486527493,Galactose metabolism
LALDO,-0.448196679613537,0,64.18653113009408,168.45625574237405,Pyruvate metabolism
LCADim,0.7356753274749211,0,31.592975159629667,4.811270103902955,Pyruvate metabolism
LDH_Lm,0.9152637557042412,0,351.9164641084433,15.569698630582542,Pyruvate metabolism
LEUt4,-0.5212086418824698,0,54.204863315468955,172.21886967999228,"Transport, extracellular"
LEUt5m,1.2508232131125736,0,86.14519807067961,-9.59969456882719,"Transport, mitochondrial"
LEUTAm,1.2508232131125736,0,86.14519807067961,-9.59969456882719,"Valine, leucine, and isoleucine metabolism"
LEUtec,-0.4500430151798944,0,-479.391564402771,-181.81856437854245,"Transport, extracellular"
LINKDEG2ly,-0.5881561282572124,0,2.7438490532856665,10.58085596988052,Chondroitin sulfate degradation
LINKDEG3ly,-0.9095050656227944,0,0.7304811075115123,15.413651435127482,Chondroitin sulfate degradation
LINKDEG4ly,-0.6593380642172009,0,0.240130927173437,1.1696592604015015,Chondroitin sulfate degradation
L_LACtm,0.9350104735529279,0,320.32348893167375,10.758428515024768,"Transport, mitochondrial"
LNLNCGCPT2,-1.5645972641519013,0,-9.616041360540514,2.1169759166564908,Fatty acid oxidation
LNLNCGt,0.4345104487869982,0,-27.56088842368453,-69.91531910151244,"Transport, extracellular"
LTA4H,-0.9320695992324816,0,12.05158312225394,342.7699102323532,Eicosanoid metabolism
LYStiDF,0.4193292863008585,0,528.3303128717422,216.14853072164058,"Transport, extracellular"
M4BTAer,-0.4009061777750393,0,7.553929239586275,17.663921318551385,Phosphatidylinositol phosphate metabolism
M4CET3er,-0.4695361641568611,0,1.6662771068240916,4.616062967030893,Phosphatidylinositol phosphate metabolism
MANt1r,0.906134346534014,0,213.30554505659808,10.504015318260564,"Transport, extracellular"
MANtly,-0.7406988153014793,0,2.4737293452965443,16.60624013631344,"Transport, lysosomal"
MCLACCYSR,0.3645903133733788,0,151.54020579680204,70.56338721813336,Methionine and cysteine metabolism
MCLOR,-0.3645903133733788,0,-151.54020579680204,-70.56338721813336,Methionine and cysteine metabolism
MECOALm,0.6217079781714203,0,226.38555019698143,52.80842707165806,C5-branched dibasic acid metabolism
MECOAS1m,-0.6217079781714203,0,-226.38555019698143,-52.80842707165806,C5-branched dibasic acid metabolism
MERCPLACCYSt,0.3645903133733788,0,151.54020579680204,70.56338721813336,"Transport, extracellular"
METt4,0.5451434492880143,0,120.10877076273076,35.35740400321165,"Transport, extracellular"
METtec,0.42895003269837184,0,-124.42909072346762,-311.36146298737526,"Transport, extracellular"
MI145PP,-0.3524868993652422,0,8.216105047685492,17.161312149375803,Inositol phosphate metabolism
MINOHPtn,-0.4986903767567135,0,-41.8324393659547,-13.992886551575328,"Transport, nuclear"
NACHEX21ly,-0.3709415845136892,0,0.824576448695334,1.797044782006659,Keratan sulfate degradation
NACHEX22ly,-0.3709415845136892,0,0.824576448695334,1.797044782006659,Keratan sulfate degradation
NACHEX23ly,-0.5894900698684163,0,0.2501917494800219,0.9687397847697158,Keratan sulfate degradation
NACHEX24ly,-0.6386604206701924,0,0.4693198005411418,2.128346369390256,Keratan sulfate degradation
NACHEX25ly,-0.6670604145990761,0,0.8237252987311527,4.124471520455893,Keratan sulfate degradation
NACHEX26ly,-0.3379541370608347,0,0.573533549708884,1.1590761736195598,Keratan sulfate degradation
NACHEX2ly,-0.5881561282572124,0,2.7438490532856665,10.58085596988052,Chondroitin sulfate degradation
NACHEXA1ly,-0.3323659501841909,0,2.4594523674945523,4.908213700984372,Chondroitin sulfate degradation
NACHEXA21ly,-0.6984463924250973,0,0.3544054983894206,1.9961251501380728,Keratan sulfate degradation
NACHEXA2ly,-0.7523294555426016,0,0.2843966878019065,2.012175869301874,Chondroitin sulfate degradation
NACHEXA3ly,-0.8155169306442246,0,0.3779352974491838,3.7193002783568097,Chondroitin sulfate degradation
NACHEXA4ly,-0.8236634961501466,0,0.3779352974491838,3.9085883570175852,Chondroitin sulfate degradation
NACHEXA5ly,-0.8956899725588575,0,0.35254580959780946,6.407030776588698,Chondroitin sulfate degradation
NACHEXA6ly,-0.8821095951458325,0,0.35254580959780946,5.628361797495659,Chondroitin sulfate degradation
NACHEXA7ly,-0.4211513054670176,0,0.240130927173437,0.5895536845096753,Chondroitin sulfate degradation
NACHEXA8ly,-0.4568888221038857,0,0.240130927173437,0.644148155807871,Chondroitin sulfate degradation
NADtn,0.43615102238772224,0,170.3553872236535,66.88343316227402,"Transport, nuclear"
NDPK1m,-0.7996695776606831,0,14.05229630147554,126.23889000345775,Nucleotide interconversion
NDPK3m,-0.9963812295953355,0,0.008176641526956137,4.510839826838264,Nucleotide interconversion
NDPK5m,-0.4365257003093929,0,4.092208639562435,10.4327080844457,Nucleotide interconversion
NDPK6m,-0.6125047524226818,0,-472.36535141448974,-113.5124274941206,Nucleotide interconversion
NDPK6n,-0.41841543039868834,0,53.5042593554995,130.49050994237848,Nucleotide interconversion
NDPK8m,0.5077143414438217,0,38.39245616706517,12.53556794431879,Nucleotide interconversion
NICRNS,-0.5455028814941816,0,20.9773421849519,71.33277962139063,NAD metabolism
NTD2l,0.44021018557078606,0,14.098684256019144,5.4799639125209705,Pyrimidine catabolism
NTD4e,-0.8005907726479489,0,10.203444191070808,92.13328642628342,Nucleotide interconversion
NTD5l,-0.5828760181425997,0,3.849018199753902,14.60601371960356,Pyrimidine catabolism
NTD7e,-0.8006969201350023,0,23.577166935468885,213.01894539194106,Nucleotide interconversion
O2ter,-0.4789060541598193,0,-166.21489631156035,-58.565975798654414,"Transport, endoplasmic reticular"
OAGD3te,0.44887127099042856,0,474.8670368665695,180.63224229569434,"Transport, extracellular"
OAGD3tg,0.6322925600173002,0,-21.204714304626872,-94.12998931531907,"Transport, golgi apparatus"
OCDCEAtr,1.0095425536675262,0,458.32060355148315,-2.176390317458578,"Transport, extracellular"
ORNt3m,1.1160427939609463,0,23.27541159497462,-424.4276210601807,"Transport, mitochondrial"
ORNTArm,-1.2055256580558724,0,-38.737908892053646,415.70212113189694,Urea cycle
ORNtiDF,0.6442052245258298,0,792.9336330505371,171.5854199517548,"Transport, extracellular"
PAIL_HStn,0.541862149903525,0,91.43895558210612,27.16951481562365,"Transport, nuclear"
PCHOL_HStg,0.7467130922180615,0,99.91657498626714,14.48867614674887,"Transport, golgi apparatus"
PEROXx,-0.41845405612028685,0,3.1414000410082195,7.662217709468212,Fatty acid oxidation
PGPP_hs,-0.9992980924677157,0,0.015290304140906392,43.55256853089537,Glycerophospholipid metabolism
PGPPT,-0.9989229426041027,0,0.02346694564694608,43.55256853089537,Glycerophospholipid metabolism
PHEMEtm,-0.4331788846801145,0,7.832754471464688,19.80472853600681,"Transport, mitochondrial"
PHEt4,-0.5043305626489466,0,149.65291832101346,454.18870290455817,"Transport, extracellular"
PHEtec,-3.5527485820442366,0,-160.8513260265721,286.87339271812436,"Transport, extracellular"
PI345P3P,0.5300094599332769,0,23.96548269311825,7.361751968768579,Inositol phosphate metabolism
PI34P5K,0.3573757032864212,0,8.715755062046059,4.12631223139943,Inositol phosphate metabolism
PI4PLC,0.5601378585473278,0,113.996500684461,32.13994496349627,Inositol phosphate metabolism
PIK3,0.3949401105858173,0,10.442266408507269,4.529367612571884,Inositol phosphate metabolism
PIK4,0.6895063862816461,0,94.62092143011027,17.38921620347031,Glycerophospholipid metabolism
PIPLC,-0.36699944273689344,0,5.169145230544229,11.1630528101462,Inositol phosphate metabolism
PIter,7.893678387490685,0,56.42743006708883,-43.73809555135993,"Transport, endoplasmic reticular"
PMI12346PHn,0.4986903767567185,0,41.8324393659547,13.992886551575141,Inositol phosphate metabolism
PPA2,0.43163873953494447,0,9.060339128208684,3.596958942884108,Miscellaneous
PPAP,0.6520573846308219,0,25.073066299266486,5.2806811341127204,Triacylglycerol synthesis
PPDOy,0.48412078878985093,0,93.74660009029209,32.58624397253231,Pyruvate metabolism
PPMI12346Ptn,0.4986903767567185,0,41.8324393659547,13.992886551575141,"Transport, nuclear"
PRAGSr,0.468996867878578,0,6.88188290913254,2.4876168626006314,Purine synthesis
PRASCS,0.468996867878578,0,6.88188290913254,2.4876168626006314,Purine synthesis
PRGSTRNt,-0.487245706536537,0,132.2898738833271,383.7072638091087,"Transport, extracellular"
PRISTANALtx,-0.994880252809995,0,1.9336143953826157,753.4218059494018,"Transport, peroxisomal"
PROSTGE1t3,-0.41015232478290214,0,3.5283575004164445,8.435265138658316,"Transport, extracellular"
PROSTGE2t,1.4134170789048497,0,53.64547381209247,-313.16776521911623,"Transport, extracellular"
PROSTGE2t3,-0.36856635560980633,0,7.154792209821526,15.50726348957428,"Transport, extracellular"
PSSA1_hs,-0.58651335735102,0,-500.4713854183197,-130.43585920009315,Glycerophospholipid metabolism
PTE2x,0.6056350452419524,0,86.2803983318679,21.19159362240131,Fatty acid oxidation
PTHPS,0.4316387395345862,0,9.060339128208684,3.5969589428872744,Tetrahydrobiopterin metabolism
PYRt2m,0.5946246745075614,0,85.41515573760941,21.713696716635475,"Transport, mitochondrial"
S2T3g,-0.47807215539996767,0,0.2843966878019065,0.8053964349231227,Chondroitin synthesis
S2TASE3ly,-0.8483427898264484,0,0.2843966878019065,3.4661231519927505,Chondroitin sulfate degradation
S2TASE4ly,-0.915770155038201,0,0.35254580959780946,8.01849677649981,Chondroitin sulfate degradation
S2TASE5ly,-0.915770155038201,0,0.35254580959780946,8.01849677649981,Chondroitin sulfate degradation
S4T1g,-0.7971067134982517,0,0.2843966878019065,2.5190148267476995,Chondroitin synthesis
S4T6g,-0.47807215539996767,0,0.2843966878019065,0.8053964349231227,Chondroitin synthesis
S4TASE2ly,-0.5881561282572124,0,2.7438490532856665,10.58085596988052,Chondroitin sulfate degradation
S6TASE10ly,-0.3709415845136892,0,0.824576448695334,1.797044782006659,Keratan sulfate degradation
S6TASE22ly,-0.7708114511463596,0,0.2501917494800219,1.9330914095733929,Keratan sulfate degradation
S6TASE23ly,-0.5894900698684163,0,0.2501917494800219,0.9687397847697158,Keratan sulfate degradation
S6TASE24ly,-0.6386604206701924,0,0.4693198005411418,2.128346369390256,Keratan sulfate degradation
S6TASE25ly,-0.5851345683333281,0,0.573533549708884,2.191380111112564,Keratan sulfate degradation
S6TASE26ly,-0.3379541370608347,0,0.573533549708884,1.1590761736195598,Keratan sulfate degradation
SCP21x,-0.6393746226005973,0,2.865482801858551,13.02625960696782,"Transport, peroxisomal"
SCP2x,0.8539117549294271,0,12.104338564950227,0.9538218709665344,Bile acid synthesis
SCPx,0.38901932024828734,0,46.76797436603801,20.571584824079274,Bile acid synthesis
SERALANaEx,-0.6121676590768813,0,83.90308681188058,348.7740159391403,"Transport, extracellular"
SERASNNaEx,-0.6156180664651978,0,48.83737486966457,205.27121145515443,"Transport, extracellular"
SERGLNNaEx,-0.5596366760525353,0,54.50332163279336,193.03464835171698,"Transport, extracellular"
SERPT,-0.37515421322903936,0,35.78266801199838,78.75012958247316,Sphingolipid metabolism
SERTHRNaEx,0.820778666112349,0,165.05000935644117,16.246061855606907,"Transport, extracellular"
SIAASE2ly,-0.3709415845136892,0,0.824576448695334,1.797044782006659,Keratan sulfate degradation
SIAASE3ly,-0.7708114511463596,0,0.2501917494800219,1.9330914095733929,Keratan sulfate degradation
SIAASE4ly,-0.5851345683333281,0,0.573533549708884,2.191380111112564,Keratan sulfate degradation
SMS,0.7206998513948311,0,45.73130613525086,7.423003255989245,Sphingolipid metabolism
SO4tl,-0.6784647339686203,0,27.336608994339034,142.70140476226806,"Transport, lysosomal"
SPHGNtr,-0.46547360316344943,0,18.083380766909936,49.57793913770663,"Transport, endoplasmic reticular"
SPHINGStr,0.663831847581257,0,-14.362959133864267,-71.08808095141575,"Transport, endoplasmic reticular"
SPRMS,-0.4348947150590675,0,13.397993397587957,34.01969585296782,Urea cycle
ST3GAL23g,-0.43445373205221727,0,0.8131301304690225,2.0624263944450427,Sphingolipid metabolism
STRDNCCPT2,0.503658947158249,0,-20.492076073437016,-62.08048549934318,Fatty acid oxidation
TCYNTt,-0.5376168834141599,0,93.85055061567071,312.09225849313736,"Transport, extracellular"
TETPENT3CPT1,-0.6121061558263928,0,-321.6553425966054,-77.39448601932646,Fatty acid oxidation
TETPENT3CPT2,-0.6121061558263928,0,-321.6553425966054,-77.39448601932646,Fatty acid oxidation
TETPENT3CRNt,-0.6121061558263928,0,-321.6553425966054,-77.39448601932646,Fatty acid oxidation
TETPENT6CPT1,-0.6525864541196634,0,-461.7493160831451,-97.0708472215578,Fatty acid oxidation
TETPENT6CPT2,-0.6525864541196457,0,-461.7493160831451,-97.07084722156375,Fatty acid oxidation
TETPENT6CRNt,-0.6525864541196457,0,-461.7493160831451,-97.07084722156375,Fatty acid oxidation
THBPT4ACAMDASE,-0.9619621345220588,0,5.270955951682629,271.8716168743014,Tetrahydrobiopterin metabolism
THRALANaEx,-0.7997353604067906,0,4.090301119188263,36.758658811998274,"Transport, extracellular"
THRCYSNaEx,0.49852888668468437,0,95.87784745631218,32.08478083633346,"Transport, extracellular"
THRGLNNaEx,0.796306106637492,0,100.48955364428255,11.395111528279926,"Transport, extracellular"
THRSERNaEx,-0.6065699931126957,0,70.42550002287524,287.582271575737,"Transport, extracellular"
THYMDtl,-0.5828760181425997,0,3.849018199753902,14.60601371960356,"Transport, lysosomal"
TMABADH,-0.3308302276137318,0,5.300445861857792,10.541410960085413,Lysine metabolism
TMLYSOX,-0.3308302276137318,0,5.300445861857792,10.541410960085413,Lysine metabolism
TMNDNCCPT2,-3.0680524514572607,0,-72.60592976342859,36.91025935120485,Fatty acid oxidation
TSTSTERONEt,-0.8577664779406253,0,37.53606957650611,490.2729733695984,"Transport, extracellular"
TTDCPT2,-1.0413600605393882,0,-3.6418614644881337,179.74709037342072,Fatty acid oxidation
UDPACGALtl,1.1619299958469187,0,3.328778999811347,-0.2493277629942873,"Transport, lysosomal"
UDPGLCAter,1.569000155835119,0,16.970861424739613,-3.758825305401347,"Transport, endoplasmic reticular"
UDPtl,-1.1619299958469187,0,-3.328778999811347,0.2493277629942873,"Transport, lysosomal"
UMPK2,-1.7023222045958688,0,-73.90706812543124,284.3719164295197,Nucleotide interconversion
UMPK3,4.084367086516805,0,289.01229228520396,-175.32565740329957,Nucleotide interconversion
UMPK3n,3.157739287999208,0,148.35207855323515,-285.8590325938195,Nucleotide interconversion
UMPK4n,-2.1751887461966675,0,-420.1097040267944,155.48940104164816,Nucleotide interconversion
UMPK6n,0.5397608252926188,0,331.704082182312,99.14735491575077,Nucleotide interconversion
URIK1,0.36887326363528633,0,50.523492754616775,23.29414120288,Pyrimidine synthesis
Uritl,0.44021018557078606,0,14.098684256019144,5.4799639125209705,"Transport, lysosomal"
VALt5m,-0.4203090869676825,0,-201.69998068885803,-82.32267682927623,"Transport, mitochondrial"
VALTAm,-0.4203090869676825,0,-201.69998068885803,-82.32267682927623,"Valine, leucine, and isoleucine metabolism"
VALtec,-2.7939446550764186,0,-223.5704828379631,105.71400196451721,"Transport, extracellular"
XSERtg,-0.43831781860477825,0,1.4314463358927998,3.6655511595131567,"Transport, golgi apparatus"
XYLTer,-0.43831781860477825,0,1.4314463358927998,3.6655511595131567,Chondroitin synthesis
XYLtly,-0.7505056974978528,0,3.8908987033478915,27.299382311701773,"Transport, lysosomal"
EX_dgmp[e],0.5364525375448237,0,-161.47965035693943,-535.2328265129089,Exchange/demand reaction
EX_dgtp[e],-0.5364525375448237,0,161.47965035693943,535.2328265129089,Exchange/demand reaction
EX_HC02160[e],-0.34746806421319043,0,127.73562948844908,263.772042345047,Exchange/demand reaction
EX_HC02161[e],0.34746806421319043,0,-127.73562948844908,-263.772042345047,Exchange/demand reaction
EX_prpp[e],2.0278841620248667,0,343.2095238822937,-116.5102807693895,Exchange/demand reaction
r0023,0.33347233088230677,0,98.6286773524493,49.298917496392505,Miscellaneous
r0051,2.0278841620248667,0,343.2095238822937,-116.5102807693895,Purine catabolism
r0074,0.8921267205862011,0,-29.694451195031288,-520.8487668548107,Urea cycle
r0083,-0.4480970593137485,0,48.875076150848344,128.23967554833888,Miscellaneous
r0153,-0.5689892461592803,0,108.43325496822595,394.7247474805832,Glycolysis/gluconeogenesis
r0202,-0.4827308845213363,0,-948.8446497619628,-331.01626049118045,Glycolysis/gluconeogenesis
r0246,-0.4392442460311042,0,15.814931822638016,40.5908445272387,Miscellaneous
r0276,-0.5723738296294895,0,-660.458263069725,-179.61965049533845,Purine catabolism
r0308,-0.4560644891130896,0,23.16378189733797,62.00727766289711,Fatty acid oxidation
r0309,1.4038861530376363,0,40.816326599236575,-242.934306095469,Fatty acid oxidation
r0317,-0.8787420154577068,0,-648.470300737381,-41.853645181716374,Miscellaneous
r0340,-0.4392442460311042,0,15.814931822638016,40.5908445272387,Miscellaneous
r0386,-0.5543779252411913,0,6.224949221395909,21.713295196882253,Miscellaneous
r0388,-0.34714355414451975,0,16.245842261535675,33.52265543705928,Vitamin B6 metabolism
r0389,-0.4862504772501097,0,7.720950653952116,22.336306091027566,Vitamin B6 metabolism
r0391,-0.5734184407098264,0,16.83598217520963,62.09842935080428,NAD metabolism
r0393,-0.4392442460311042,0,15.814931822638016,40.5908445272387,Miscellaneous
r0409,1.1746821085943826,0,232.39562770637272,-18.66726089088181,Miscellaneous
r0410,0.5364525375448237,0,-161.47965035693943,-535.2328265129089,Pyrimidine catabolism
r0413,-0.456655214894873,0,191.90598191504478,514.4815170573235,Glycolysis/gluconeogenesis
r0426,0.8787420154577068,0,648.470300737381,41.853645181716374,Miscellaneous
r0451,-0.5365065450217255,0,21.52039009360103,71.34128837221358,Miscellaneous
r0456,0.874424936733482,0,51.340502592277524,3.4395012223830475,Nucleotide interconversion
r0480,1.0295950616589546,0,5.053269152897066,-346.54734753189086,Glycerophospholipid metabolism
r0483,-0.5634454141058041,0,37.50970827549011,134.33459018106544,Pyrimidine catabolism
r0488,-3.108163718382757,0,-42.73761677012481,83.28249134268435,Cholesterol metabolism
r0510,0.3877168908678884,0,87.30594525003582,38.52079336584142,Miscellaneous
r0557,-0.5365065450217255,0,21.52039009360103,71.34128837221358,Miscellaneous
r0578,-0.5469601534952756,0,2.332077827059208,7.963165935941178,CoA synthesis
r0584,-0.34056874693932315,0,-429.5955508846283,-211.31980965237616,NAD metabolism
r0595,0.36014476516553545,0,29.148838195520035,13.712537949205995,Methionine and cysteine metabolism
r0610,0.7570709685314145,0,82.54350740079973,11.41229618269559,Miscellaneous
r0611,-0.7570709685314145,0,-82.54350740079973,-11.41229618269559,Miscellaneous
r0615,-0.33325510653706725,0,-262.5498849153161,-131.29804955425524,Arginine and proline metabolism
r0617,0.33325510653706725,0,262.5498849153161,131.29804955425524,Arginine and proline metabolism
r0618,0.4685992505132194,0,40.898166905646214,14.798670596284778,Arginine and proline metabolism
r0638,-0.7872267859122895,0,-104.37341114634872,-12.425880324734887,Fatty acid oxidation
r0641,0.4166130647218604,0,-167.26237603951097,-406.15593666152955,Fatty acid oxidation
r0643,-3.162732848802644,0,-349.27134700698855,672.2620919807434,"Valine, leucine, and isoleucine metabolism"
r0656,-0.5543779252411913,0,6.224949221395909,21.713295196882253,Miscellaneous
r0660,1.483203524393965,0,71.14816280695395,-13.844633629402612,Fatty acid oxidation
r0666,0.468996867878578,0,6.88188290913254,2.4876168626006314,Purine synthesis
r0686,0.3952597026303332,0,46.581069154733186,20.18939524973417,Arginine and proline metabolism
r0715,-0.39305283184777806,0,9.124927383145842,20.94334828218296,Fatty acid oxidation
r0717,-0.39305283184777806,0,9.124927383145842,20.94334828218296,Fatty acid oxidation
r0720,-0.7299326514079143,0,52.297021942754824,334.9917207756042,Fatty acid oxidation
r0722,-0.7499580655675079,0,-83.94417306517684,-11.994323652976135,Fatty acid oxidation
r0724,0.7499580655675079,0,83.94417306517684,11.994323652976135,Fatty acid oxidation
r0730,-0.41229234050940833,0,58.5651893964529,140.73522280921935,Fatty acid oxidation
r0731,-0.41229234050940833,0,58.5651893964529,140.73522280921935,Fatty acid oxidation
r0732,-0.41229234050940833,0,58.5651893964529,140.73522280921935,Fatty acid oxidation
r0735,-0.6113344311811448,0,-171.25458687207998,-41.30785027083699,Fatty acid oxidation
r0743,0.41811898732266667,0,39.65699613749199,16.27201474524401,Bile acid synthesis
r0744,0.4185888591651966,0,34.64635972735155,14.199871516477689,Bile acid synthesis
r0758,0.6626086246328948,0,-21.053213438103498,-103.74673685817271,Tryptophan metabolism
r0783,0.33420185016275394,0,433.0830590929985,216.11864759054183,Cholesterol metabolism
r0787,-0.46650121731176414,0,6.120190352939024,16.823405964563797,Sphingolipid metabolism
r0788,1.0295950616589546,0,5.053269152897067,-346.54734753189086,Sphingolipid metabolism
r0789,1.0295950616589546,0,5.053269152897066,-346.54734753189086,Sphingolipid metabolism
r0791,-6.010816027784594,0,-15.503773030564155,21.691896060664206,Fatty acid oxidation
r0795,0.36014476516553545,0,29.148838195520035,13.712537949205995,Miscellaneous
r0813,-0.5465137865719205,0,5.547768507246161,18.919429581570743,"Transport, extracellular"
r0913,-0.8278838638643412,0,35.397092466115346,375.9192810111046,"Transport, mitochondrial"
r0917,3.937986366205455,0,171.4529410087235,-288.16753368408905,"Transport, mitochondrial"
r0926,-0.4392442460311042,0,15.814931822638016,40.5908445272387,"Transport, mitochondrial"
r0954,0.7353573805741821,0,-38.295495814057,-251.11741807823182,"Transport, peroxisomal"
r0970,-0.389507538679569,0,43.32662407604577,98.613291061759,"Transport, endoplasmic reticular"
r0995,0.34064800286394625,0,-250.26608870334624,-508.8613266693115,"Transport, endoplasmic reticular"
r1090,-0.9753630384980972,0,7.271022674644259,582.9821766967773,"Transport, extracellular"
r1147,-16.83706982246424,0,-238.2198930085838,268.30372741470336,"Transport, peroxisomal"
r1154,-1.0444025314553362,0,-5.564413196489123,256.1993663899243,Propanoate metabolism
r1167,-0.8675383046782011,0,22.208622602023848,313.11280821721556,Miscellaneous
r1177,-0.8675383046782011,0,22.208622602023848,313.11280821721556,Miscellaneous
r1411,-0.34746806421319043,0,127.73562948844908,263.772042345047,Miscellaneous
r1428,0.4827308845213363,0,948.8446497619628,331.01626049118045,"Transport, peroxisomal"
r1429,-0.4827308845213363,0,-948.8446497619628,-331.01626049118045,"Transport, peroxisomal"
r1435,-0.9286230075165836,0,4.311395192553647,116.4949050604403,"Transport, mitochondrial"
r1459,-0.41515819706456336,0,-178.89665336996467,-73.93254090816863,"Transport, nuclear"
r1472,-0.6388559835970515,0,4.352001479776515,19.749195173697842,Fatty acid oxidation
r1474,-0.6388559835970739,0,4.352001479776515,19.749195173699334,Fatty acid oxidation
r1477,-0.6388559835970739,0,4.352001479776515,19.749195173699334,Fatty acid oxidation
r1530,-0.595666290781033,0,9.205153159604256,36.3273015911284,"Transport, extracellular"
r1531,0.8186993965470879,0,28.07900462999395,2.7991104486206453,"Transport, extracellular"
r1532,0.538371625488361,0,11.990278481905914,3.597994576757088,"Transport, extracellular"
r1533,0.6732270539084243,0,102.46446657191086,20.010802199973032,"Transport, extracellular"
r1536,-0.5328191184977616,0,3.8946603979576047,12.778369480466237,"Transport, extracellular"
r2080,-1.2138535908496995,0,-661.9149574687958,63.939589807065204,"Transport, extracellular"
r2081,-1.1929860178609815,0,-116.31398314718045,10.235802803256457,"Transport, extracellular"
r2082,4.368865456417632,0,459.8957877883911,-288.5762449458122,"Transport, extracellular"
r2083,0.8783412185754023,0,286.45726050117014,18.55362641151664,"Transport, extracellular"
r2084,0.6853850856732385,0,430.6893127861023,80.39781673368994,"Transport, extracellular"
r2085,0.3490853489106162,0,220.23865076729655,106.26204238030725,"Transport, extracellular"
r2086,-1.681033298658161,0,-23.846982571051456,93.87874935260862,"Transport, extracellular"
r2087,0.7422592022100225,0,-53.01978391730655,-358.39962947731016,"Transport, extracellular"
r2088,0.41958472929995444,0,237.64191643360854,97.16291983819026,"Transport, extracellular"
r2089,10.324913726144604,0,306.4004591618776,-372.11698333792685,"Transport, extracellular"
r2091,0.831181056353013,0,192.96019859268665,17.789249609870556,"Transport, extracellular"
r2092,-1.3721452246821455,0,-45.11266392161194,287.5592193497695,"Transport, extracellular"
r2093,-2.766824903062184,0,-191.43465730872154,408.1337280281067,"Transport, extracellular"
r2095,-0.43361708167414653,0,-818.3775904052734,-323.3186140645981,"Transport, extracellular"
r2096,0.6472920780117957,0,425.85783750190734,91.1820283315978,"Transport, extracellular"
r2097,-0.5832130406160557,0,-110.2387009958107,-29.020764619650507,"Transport, extracellular"
r2098,2.0903846280587874,0,411.66245124907493,-145.24742477539033,"Transport, extracellular"
r2099,0.9568911610134954,0,-9.630881023136828,-437.1861175117493,"Transport, extracellular"
r2100,3.5853907071374,0,34.428178096397595,-61.061040975770446,"Transport, extracellular"
r2101,1.485734187142745,0,115.3932466060916,-590.522441381836,"Transport, extracellular"
r2102,2.7986815462811645,0,440.4316472625732,-208.54506140556856,"Transport, extracellular"
r2103,1.36476429966015,0,56.26818544309102,-364.7862366641998,"Transport, extracellular"
r2105,0.3364769574170539,0,893.4883744567871,443.59172931633,"Transport, extracellular"
r2106,-1.5584244286356068,0,-433.32731049461364,94.58186572436914,"Transport, extracellular"
r2107,-2.027988784854462,0,-431.66549189567564,146.54852313092948,"Transport, extracellular"
r2108,-0.8747607343698953,0,46.10192510775216,690.1196564514161,"Transport, extracellular"
r2109,-27.652354220679968,0,-407.3017616405666,437.86579799308777,"Transport, extracellular"
r2111,1.9433619833046765,0,227.801942714715,-73.01164236643841,"Transport, extracellular"
r2112,2.2216375533030956,0,137.04406511535169,-361.4053165271282,"Transport, extracellular"
r2113,1.1360150738129196,0,383.6970619819641,-24.432685352785164,"Transport, extracellular"
r2114,-1.0391659097071924,0,-14.5601110508276,758.0695129608155,"Transport, extracellular"
r2115,7.851580758738666,0,463.8556223527908,-359.0482133722305,"Transport, extracellular"
r2116,-7.517362736156355,0,-42.835108241309044,55.9800289632056,"Transport, extracellular"
r2117,-1.5304329688276106,0,-513.3280307106018,107.60455410854443,"Transport, extracellular"
r2118,4.039984875245974,0,140.05971260934732,-232.20471882291585,"Transport, extracellular"
r2119,0.4043797959280473,0,432.3882525505066,183.38285695164092,"Transport, extracellular"
r2121,0.8695092920465549,0,-40.243222358353066,-576.555061435318,"Transport, extracellular"
r2122,-1.9796427434036692,0,-36.962492151761424,112.42365878754742,"Transport, extracellular"
r2123,-1.209402326052931,0,-37.521851368966324,395.8927642066956,"Transport, extracellular"
r2124,-0.931584466031199,0,15.524176382564972,438.29604490356445,"Transport, extracellular"
r2125,0.7010414920038435,0,-50.00599060928822,-284.52866401195524,"Transport, extracellular"
r2126,-3.2050922397149493,0,-41.14264264940079,78.45867134733795,"Transport, extracellular"
r2127,4.150570879246034,0,413.99791761398313,-253.23984736504553,"Transport, extracellular"
r2128,0.8212378444003786,0,-34.41102397885993,-350.58124536847623,"Transport, extracellular"
r2129,-1.3746982760976498,0,-42.604012598377466,6.722390897460752,"Transport, extracellular"
r2130,0.7164673727488411,0,438.2095599308014,72.38512644419167,"Transport, extracellular"
r2131,0.6857918676973395,0,-37.13828304241914,-199.25459940943122,"Transport, extracellular"
r2132,-5.228075610656127,0,-42.768196034365516,62.99876898181979,"Transport, extracellular"
r2370,-0.9803004964493032,0,5.6667148108633265,569.6487794380188,"Transport, extracellular"
r2372,0.6379584545068344,0,-85.86366414060817,-388.46678334240914,"Transport, mitochondrial"
r2373,-1.085103755081631,0,-12.121229899641294,296.9789283176422,"Transport, mitochondrial"
r2376,0.8886922880947428,0,99.00503677562918,5.834737707171877,"Transport, mitochondrial"
r2377,0.5055485919387244,0,595.901813811016,195.70573310138434,"Transport, mitochondrial"
r2379,0.5335092533719276,0,-56.07545937661021,-184.33856719064565,"Transport, mitochondrial"
r2381,-0.4761976163900737,0,35.327326867973895,99.56066896169773,"Transport, mitochondrial"
r2384,-0.6328629484717255,0,5.573155642690598,24.786927162852063,"Transport, mitochondrial"
r2386,0.6278060036908195,0,101.76482710215691,23.26828725105175,"Transport, mitochondrial"
r2387,-0.5954508877247043,0,17.75123264221386,70.00687683614362,"Transport, mitochondrial"
r2389,0.5305266340528408,0,101.3971046579753,31.10252311978555,"Transport, mitochondrial"
r2390,0.6790804196827195,0,79.25369843947087,15.147614934723219,"Transport, mitochondrial"
r2391,0.7168409372913785,0,67.27673464874215,11.095970926281176,"Transport, mitochondrial"
r2392,0.4227004761965688,0,32.495576535423936,13.185966528787638,"Transport, mitochondrial"
r2497,-0.4248689848259566,0,27.72206794873271,68.68055064537525,"Transport, peroxisomal"
r2520,0.5023054995244919,0,-99.93422164422422,-301.6543896373749,"Transport, mitochondrial"
r2537,-4.302607822113539,0,-237.0831905146599,380.6565139514923,"Transport, endoplasmic reticular"
RE0383C,-0.5137294806272936,0,214.0826442722559,666.4257795097351,Miscellaneous
RE0512M,0.6646443390273538,0,25.814118933428418,5.200456766881865,Fatty acid oxidation
RE0569C,0.4012058164463428,0,14.134397835409647,6.040222722841374,Fatty acid synthesis
RE0570C,0.4012058164463428,0,14.134397835409647,6.040222722841374,Fatty acid synthesis
RE0571C,0.4012058164463428,0,14.134397835409647,6.040222722841374,Fatty acid synthesis
RE1448N,-0.541862149903525,0,-91.43895558210612,-27.16951481562365,Phosphatidylinositol phosphate metabolism
RE1516M,0.6646443390273538,0,25.814118933428418,5.200456766881865,Fatty acid oxidation
RE1517M,0.6646443390273538,0,25.814118933428418,5.200456766881865,Fatty acid oxidation
RE1520M,0.40310020756898984,0,29.99909879332022,12.76206485200007,Fatty acid oxidation
RE1521M,1.8555976534714886,0,20.690376803889006,-6.199275945379642,Fatty acid oxidation
RE1522M,0.40310020756898984,0,29.99909879332022,12.76206485200007,Fatty acid oxidation
RE1523M,0.6646443390273538,0,25.814118933428418,5.200456766881865,Fatty acid oxidation
RE1525M,0.40310020756898984,0,29.99909879332022,12.76206485200007,Fatty acid oxidation
RE1526M,1.8555976534714886,0,20.690376803889006,-6.199275945379642,Fatty acid oxidation
RE1527M,0.40310020756898984,0,29.99909879332022,12.76206485200007,Fatty acid oxidation
RE1531M,0.6646443390273538,0,25.814118933428418,5.200456766881865,Fatty acid oxidation
RE1532M,0.40310020756898984,0,29.99909879332022,12.76206485200007,Fatty acid oxidation
RE1533M,1.8555976534714886,0,20.690376803889006,-6.199275945379642,Fatty acid oxidation
RE1534M,0.40310020756898984,0,29.99909879332022,12.76206485200007,Fatty acid oxidation
RE1573M,1.8555976534714886,0,20.690376803889006,-6.199275945379642,Fatty acid oxidation
RE1834M,-0.6623782763570976,0,22.735593049139077,111.94527288463115,Bile acid synthesis
RE1918C,-0.35381372247111537,0,265.97429606909753,557.2381592811585,Tyrosine metabolism
RE2112C,-0.9323183256089947,0,33.754347599391544,963.6898765014648,Bile acid synthesis
RE2235R,-0.4489894573781411,0,5.415880424758708,14.242111594735027,Androgen and estrogen synthesis and metabolism
RE2386C,-0.5524567666575033,0,3.32447713199746,11.532085918541608,Androgen and estrogen synthesis and metabolism
RE2407C,-0.4447685116580549,0,0.5197351910060392,1.352403554431809,Cholesterol metabolism
RE2410C,0.5317312258627159,0,2.7841331997133505,0.8511432152402522,Cholesterol metabolism
RE2624M,-0.4330998929585655,0,-8.665587746638229,-3.427899649761671,Fatty acid oxidation
RE2624X,-0.7153869175215659,0,-35.09547201608071,-5.822960621597944,Fatty acid oxidation
RE2759X,-0.34714362073764654,0,2.761198522372263,5.697625225331861,Fatty acid oxidation
RE2985M,-0.35378809517320686,0,4.4699894898590395,9.364449202684545,Fatty acid oxidation
RE2985X,-0.7476914481917278,0,1.7813458875513586,12.339030728973261,Fatty acid oxidation
RE2986X,-0.7476914481917278,0,1.7813458875513586,12.339030728973261,Fatty acid oxidation
RE2987X,-0.7476914481917278,0,1.7813458875513586,12.339030728973261,Fatty acid oxidation
RE2988X,-0.7476914481917278,0,1.7813458875513586,12.339030728973261,Fatty acid oxidation
RE2989X,-0.7288825895145125,0,1.8298667613737984,11.668836682990566,Fatty acid oxidation
RE2990X,-0.7288825895145125,0,1.8298667613737984,11.668836682990566,Fatty acid oxidation
RE2991X,-0.7288825895145125,0,1.8298667613737984,11.668836682990566,Fatty acid oxidation
RE2992X,-0.7288825895145125,0,1.8298667613737984,11.668836682990566,Fatty acid oxidation
RE2993X,-0.7288825895145125,0,1.8298667613737984,11.668836682990566,Fatty acid oxidation
RE2994X,-0.7288825895145125,0,1.8298667613737984,11.668836682990566,Fatty acid oxidation
RE2996X,-0.7476914481917278,0,1.7813458875513586,12.339030728973261,Fatty acid oxidation
RE2997X,-0.7288825895145125,0,1.8298667613737984,11.668836682990566,Fatty acid oxidation
RE2999M,-0.3414431351801945,0,9.308721937314115,18.961340784941978,Fatty acid oxidation
RE3000M,-0.3414431351801945,0,9.308721937314115,18.961340784941978,Fatty acid oxidation
RE3001M,-0.3414431351801945,0,9.308721937314115,18.961340784941978,Fatty acid oxidation
RE3002X,0.7476914481917278,0,-1.7813458875513586,-12.339030728973261,Fatty acid oxidation
RE3003M,0.3414431351801945,0,-9.308721937314115,-18.961340784941978,Fatty acid oxidation
RE3004M,-0.3414431351801945,0,9.308721937314115,18.961340784941978,Fatty acid oxidation
RE3005M,-0.3414431351801945,0,9.308721937314115,18.961340784941978,Fatty acid oxidation
RE3006M,-0.3414431351801945,0,9.308721937314115,18.961340784941978,Fatty acid oxidation
RE3010X,1.0446538730275152,0,12.05158312225394,-551.8293137046813,Eicosanoid metabolism
RE3011M,0.513569350566555,0,17.51149821999967,5.627842192046618,Eicosanoid metabolism
RE3012M,0.513569350566555,0,17.51149821999967,5.627842192046618,Eicosanoid metabolism
RE3051C,-0.599686600609303,0,7.72464469805277,30.868341246510575,Heme synthesis
RE3074X,-0.41762105940935007,0,4.544290545750405,11.061667118658189,Fatty acid oxidation
RE3081X,-0.5010329889916385,0,1.7830920261507919,5.364041899786895,Fatty acid oxidation
RE3082X,-0.5010329889916385,0,1.7830920261507919,5.364041899786895,Fatty acid oxidation
RE3086X,-0.5010329889916385,0,1.7830920261507919,5.364041899786895,Fatty acid oxidation
RE3095C,-0.6158929731452348,0,29.712590971035326,124.99736689844131,Tyrosine metabolism
RE3119C,-0.38785166909564084,0,4.516346298071978,10.2393789732842,Fatty acid oxidation
RE3120C,-0.38785166909564084,0,4.516346298071978,10.2393789732842,Fatty acid oxidation
RE3121C,-0.38785166909564084,0,4.516346298071978,10.2393789732842,Fatty acid oxidation
RE3122C,-0.38785166909564084,0,4.516346298071978,10.2393789732842,Fatty acid oxidation
RE3136C,-0.4447685116580549,0,0.5197351910060392,1.352403554431809,Cholesterol metabolism
RE3146R,-0.43809137496515055,0,1.6894661663062747,4.323846643054837,Fatty acid oxidation
RE3156X,-0.38336082460399806,0,3.9999131672029056,8.973356539945316,Fatty acid oxidation
RE3157X,-0.38336082460399806,0,3.9999131672029056,8.973356539945316,Fatty acid oxidation
RE3158X,-0.38336082460399806,0,3.9999131672029056,8.973356539945316,Fatty acid oxidation
RE3159X,-0.38336082460399806,0,3.9999131672029056,8.973356539945316,Fatty acid oxidation
RE3161C,0.7130256350334353,0,28.568023191660508,4.78585384019478,Fatty acid oxidation
RE3162C,0.7130256350334353,0,28.568023191660508,4.78585384019478,Fatty acid oxidation
RE3163C,0.7130256350334353,0,28.568023191660508,4.78585384019478,Fatty acid oxidation
RE3225C,0.37029630952727544,0,8.970613265411824,4.122340722775599,Fatty acid synthesis
RE3230C,0.37029630952727544,0,8.970613265411824,4.122340722775599,Fatty acid synthesis
RE3231C,0.37029630952727544,0,8.970613265411824,4.122340722775599,Fatty acid synthesis
RE3232C,0.37029630952727544,0,8.970613265411824,4.122340722775599,Fatty acid synthesis
RE3247M,0.4330998929588416,0,8.665587746644189,3.4278996497616983,Fatty acid oxidation
RE3247X,0.7153869175215659,0,35.09547201608071,5.822960621597944,Fatty acid oxidation
RE3269C,-1.4016536835245355,0,-1.5542034638076012,9.293226047489005,Phosphatidylinositol phosphate metabolism
RE3430X,1.0446538730275152,0,12.05158312225394,-551.8293137046813,Eicosanoid metabolism
RE3432X,1.0446538730275152,0,12.05158312225394,-551.8293137046813,Eicosanoid metabolism
RE3597M,0.513569350566555,0,17.51149821999967,5.627842192046618,Eicosanoid metabolism
RE3624M,-0.3414431351801945,0,9.308721937314115,18.961340784941978,Fatty acid oxidation
2MB2COAc,0.5851758721738815,0,159.51438857863025,41.74326538739323,Fatty acid oxidation
ADPACtx,-0.4621778950427826,0,1.3566474673438698,3.6883198363030787,Fatty acid oxidation
ADPCOACROT,1.5322845987980058,0,1.39709798806249,-6.646537822381906,Fatty acid oxidation
ADPCOAPTE,-0.4621778950427826,0,1.3566474673438698,3.6883198363030787,Fatty acid oxidation
C10DCCACT,1.5784888269304864,0,2.1413178603258545,-9.544461225040013,Fatty acid oxidation
C142ACBP,-0.37252994688952173,0,2.3357672186440186,5.109264483076928,Fatty acid oxidation
C142OHc,-0.37252994688952173,0,2.3357672186440186,5.109264483076928,Fatty acid oxidation
C142OHe,-0.37252994688952173,0,2.3357672186440186,5.109264483076928,Fatty acid oxidation
C14OHc,-0.6995709115846955,0,52.297021942754824,295.8518355371237,Fatty acid oxidation
C16OHc,-0.4990717228501675,0,6.147288833213089,18.39629999427239,Fatty acid oxidation
C18OHc,-0.33786569522924226,0,7.054346721428417,14.253556133327773,Fatty acid oxidation
C2tcx,1.8284255709032322,0,13.672120691022254,-46.679601800316235,"Transport, peroxisomal"
C51CPT1,0.5851758721738815,0,159.51438857863025,41.74326538739323,Fatty acid oxidation
C5DCe,-0.6626290369853796,0,22.814444558099844,112.4339737066999,Fatty acid oxidation
C6DCCACT,1.5322845987980056,0,1.39709798806249,-6.646537822381908,Fatty acid oxidation
EX_3hexdcrn[e],-0.4990717228501675,0,6.147288833213089,18.39629999427239,Exchange/demand reaction
EX_3octdeccrn[e],-0.33786569522924226,0,7.054346721428417,14.253556133327773,Exchange/demand reaction
EX_3tdcrn[e],-0.6995709115846955,0,52.297021942754824,295.8518355371237,Exchange/demand reaction
EX_3ttetddcoacrn[e],-0.37252994688952173,0,2.3357672186440186,5.109264483076928,Exchange/demand reaction
EX_c51crn[e],0.5851758721738815,0,159.51438857863025,41.74326538739323,Exchange/demand reaction
EX_c5dc[e],-0.6626290369853796,0,22.814444558099844,112.4339737066999,Exchange/demand reaction
FAOXC101C102x,-0.8098060798807728,0,6.85817474603446,65.2595327152268,Fatty acid oxidation
FAOXC102C103x,-0.4629417738431915,0,3.1057882706199016,8.460139293119097,Fatty acid oxidation
FAOXC102C81x,-0.46294177384319213,0,3.1057882706199016,8.46013929311911,Fatty acid oxidation
FAOXC102x,-0.46294177384319213,0,3.1057882706199016,8.46013929311911,Fatty acid oxidation
FAOXC103C102x,-0.46294177384319213,0,3.1057882706199016,8.46013929311911,Fatty acid oxidation
FAOXC123C102x,-0.46294177384319213,0,3.1057882706199016,8.46013929311911,Fatty acid oxidation
FAOXC123x,-0.46294177384319213,0,3.1057882706199016,8.46013929311911,Fatty acid oxidation
FAOXC12C12OHm,0.5668808549203104,0,47.292600159661674,13.072679065180107,Fatty acid oxidation
FAOXC142C142OHm,-0.37252994688952173,0,2.3357672186440186,5.109264483076928,Fatty acid oxidation
FAOXC143C123x,-0.46294177384319213,0,3.1057882706199016,8.46013929311911,Fatty acid oxidation
FAOXC14DCC12DCx,0.7967742550514766,0,21.22623301370734,2.400811901959288,Fatty acid oxidation
FAOXC164C143x,-0.46294177384319213,0,3.1057882706199016,8.46013929311911,Fatty acid oxidation
FAOXC164C165x,-0.46294177384319213,0,3.1057882706199016,8.46013929311911,Fatty acid oxidation
FAOXC164x,-0.46294177384319213,0,3.1057882706199016,8.46013929311911,Fatty acid oxidation
FAOXC165C164x,-0.46294177384319213,0,3.1057882706199016,8.46013929311911,Fatty acid oxidation
FAOXC16C16OHm,-0.4990717228501675,0,6.147288833213089,18.39629999427239,Fatty acid oxidation
FAOXC16DCC14DCx,0.7967742550514766,0,21.22623301370734,2.400811901959288,Fatty acid oxidation
FAOXC16DCr,0.547136480067488,0,27.103864490498857,7.933593212413756,Fatty acid oxidation
FAOXC184C164x,-0.46294177384319213,0,3.1057882706199016,8.46013929311911,Fatty acid oxidation
FAOXC18C18OHm,-0.33786569522924226,0,7.054346721428417,14.253556133327773,Fatty acid oxidation
FAOXC5C5DCc,-0.6626290369853796,0,22.814444558099844,112.4339737066999,Fatty acid oxidation
FAOXC61x,-0.46294177384319213,0,3.1057882706199016,8.46013929311911,Fatty acid oxidation
FAOXC81C61x,-0.46294177384319213,0,3.1057882706199016,8.46013929311911,Fatty acid oxidation
GLUTCOAACBP,-0.6626290369853796,0,22.814444558099844,112.4339737066999,Fatty acid oxidation
HDECAACBP,-0.4990717228501675,0,6.147288833213089,18.39629999427239,Fatty acid oxidation
HEXCOAACBP,-0.7550745315577422,0,20.12395071281886,144.20318799438476,Fatty acid oxidation
HEXDCRNe,-0.4990717228501675,0,6.147288833213089,18.39629999427239,Fatty acid oxidation
HEXDIACtr,0.547136480067488,0,27.103864490498857,7.933593212413756,Fatty acid oxidation
HEXDICOAACBPx,0.7967742550514766,0,21.22623301370734,2.400811901959288,Fatty acid oxidation
HOCDACBP,-0.33786569522924226,0,7.054346721428417,14.253556133327773,Fatty acid oxidation
HOCTDECCRNe,-0.33786569522924226,0,7.054346721428417,14.253556133327773,Fatty acid oxidation
HTDCACBP,-0.6995709115846955,0,52.297021942754824,295.8518355371237,Fatty acid oxidation
HTDCRNe,-0.6995709115846955,0,52.297021942754824,295.8518355371237,Fatty acid oxidation
SEBCOACROT,1.57848882693235,0,2.1413178603258545,-9.544461225016164,Fatty acid oxidation
SUBERCACT,1.6836490582353134,0,1.8422215971234739,-7.231599597230007,Fatty acid oxidation
SUBERCROT,1.6836490582353134,0,1.8422215971234739,-7.231599597230007,Fatty acid oxidation
TIGCRNe,0.5851758721738815,0,159.51438857863025,41.74326538739323,Fatty acid oxidation
OCDEAFABP1tc,0.8964076228357822,0,-8.442156734735786,-154.545834579587,"Transport, endoplasmic reticular"
CHOLESTle,-0.9802163087022125,0,3.9170588819645666,392.0716191664696,"Transport, extracellular"
FADDPle,0.5173349844864005,0,11.116815427297428,3.5362645332365807,Vitamin B2 metabolism
FMNALKPle,0.5173349844864005,0,11.116815427297428,3.5362645332365807,"Transport, extracellular"
FRDPtcr,-0.6120642195037744,0,1.9802189876660325,8.228785116740363,"Transport, endoplasmic reticular"
G6PDH2c,0.36271834821129795,0,319.46060379333494,149.39725551803113,Pentose phosphate pathway
P5CR,-0.3778637872501068,0,311.9334146973133,690.8483179992676,Arginine and proline metabolism
PGLc,0.41148091513675344,0,243.3955077064514,101.48412204450369,Pentose phosphate pathway
PHEMEe,-0.4331788846801145,0,7.832754471464688,19.80472853600681,"Transport, extracellular"
4HPRO_LTte,0.3952597026303332,0,46.581069154733186,20.18939524973417,"Transport, extracellular"
5MTAte,0.9696163533910027,0,-0.4010597855661532,-25.998653897740763,"Transport, extracellular"
EX_5mta[e],-0.9696163533910023,0,0.4010597855661532,25.998653897740382,Exchange/demand reaction
IDOURte,0.6526675644363557,0,-0.8137095287606703,-3.8717701180808244,"Transport, extracellular"
EX_idour[e],-0.6526675644363557,0,0.8137095287606703,3.8717701180808244,Exchange/demand reaction
LKYNRtr,8.224891129268144,0,267.60401385605337,-341.682365783596,"Transport, extracellular"
LKYNRtr2,-1.0146544923320984,0,-2.485379814974026,341.682365783596,"Transport, extracellular"
CRTNtr,0.8378630809472467,0,-15.739797162387386,-178.41459104658367,"Transport, extracellular"
GLCURtr,0.5230134887739721,0,-229.45099306218623,-732.634884261322,"Transport, extracellular"
RETt,-0.4175123459148887,0,21.434535677221138,52.16199646177315,"Transport, extracellular"
SMS1,0.41770595224234003,0,8.99847116366734,3.6959400425983127,Glycerophospholipid metabolism
SMS10,0.47590362191667823,0,5.952336892163339,2.1136869372698492,Glycerophospholipid metabolism
SMS15,0.6824652040111633,0,14.344435467847694,2.7072520602499357,Glycerophospholipid metabolism
BILIVERDt,-0.5917669377782242,0,-186.40880358726977,-47.80739875131845,"Transport, extracellular"
C14770ATP,-0.5056383767414081,0,3.2914182430570444,10.024414087784548,"Transport, extracellular"
EX_4tmeabutn[e],-0.3308302276137318,0,5.300445861857792,10.541410960085413,Exchange/demand reaction
EX_biliverd[e],-0.5917669377782242,0,-186.40880358726977,-47.80739875131845,Exchange/demand reaction
EX_C14770[e],-0.5056383767414081,0,3.2914182430570444,10.024414087784548,Exchange/demand reaction
EX_forglu[e],-0.8443798018675818,0,20.933630679169205,248.10124950208663,Exchange/demand reaction
EX_hxcoa[e],-0.8776804734520127,0,9.393965550355572,144.20318799438476,Exchange/demand reaction
EX_pailar_hs[e],0.5632854836774001,0,47.286577804339224,13.209829663226431,Exchange/demand reaction
EX_pailpalm_hs[e],-0.7185085170320427,0,45.82593779614503,279.76784083595277,Exchange/demand reaction
EX_pchol2linl_hs[e],-0.3400116000060875,0,3.378277118224479,6.859106200196386,Exchange/demand reaction
EX_pchol2ole_hs[e],-0.504417893734013,0,2.426350915516295,7.365572097192453,Exchange/demand reaction
EX_pchol2ste_hs[e],-0.3986675098786806,0,3.2811255600133937,7.631724199198598,Exchange/demand reaction
EX_pcholar_hs[e],-0.36621294801143445,0,2.8666283448029692,6.179401661044128,Exchange/demand reaction
EX_pcholdoc_hs[e],-0.5279704954156393,0,2.0654630208396716,6.685951883440041,Exchange/demand reaction
EX_pcholet_hs[e],-0.5476553895020464,0,3.638266850081485,12.447994666669553,Exchange/demand reaction
EX_pcholmyr_hs[e],-0.76202245413401,0,4.796144072884286,35.51139045043662,Exchange/demand reaction
EX_pcholn15_hs[e],-0.4443377014592645,0,2.3940921293983575,6.222983874086688,Exchange/demand reaction
EX_pcholn183_hs[e],-0.437837303138702,0,2.3120820520445586,5.913586655443576,Exchange/demand reaction
EX_pcholn1836_hs[e],-0.47768992056727955,0,3.0242700383897607,8.556092499030202,Exchange/demand reaction
EX_pcholn19_hs[e],-0.5160924604018948,0,2.2875865345625446,7.167056542346036,Exchange/demand reaction
EX_pcholn203_hs[e],-0.3724331694096857,0,3.5484026061771154,7.760042752030702,Exchange/demand reaction
EX_pcholn204_hs[e],-0.5873982619345443,0,2.800475521012074,10.774239574190954,Exchange/demand reaction
EX_pcholn205_hs[e],-0.38582501199004227,0,3.2163151912561276,7.257296577525252,Exchange/demand reaction
EX_pcholn224_hs[e],-0.4458330936924076,0,2.2811175342900927,5.951483540679007,Exchange/demand reaction
EX_pcholn225_hs[e],-0.45533837408908917,0,2.1298651074164954,5.691009380865787,Exchange/demand reaction
EX_pcholn2254_hs[e],-0.42490118033710755,0,3.5495621254216623,8.794619444981562,Exchange/demand reaction
EX_pcholn226_hs[e],-0.3648187843220699,0,2.3799164323900235,5.11374482095776,Exchange/demand reaction
EX_pcholn24_hs[e],-0.3708809062156967,0,3.3700127995911067,7.343420739103977,Exchange/demand reaction
EX_pcholn281_hs[e],-0.34038941825224517,0,3.14308804805728,6.387044230079049,Exchange/demand reaction
EX_pcholole_hs[e],-0.5641349085294687,0,2.5451495545394724,9.133462035815654,Exchange/demand reaction
EX_pcholpalm_hs[e],-0.5015985228550347,0,2.972552466184531,8.955792863819108,Exchange/demand reaction
EX_pcholpalme_hs[e],-0.4090498325325495,0,3.6038905796232457,8.59304506071312,Exchange/demand reaction
EX_pcholste_hs[e],-0.4060538440273272,0,3.0839591791339735,7.300683092297328,Exchange/demand reaction
EX_sebacid[e],4.638697905341104,0,3.119512917688831,-4.834144359397591,Exchange/demand reaction
EX_sphmyln18114_hs[e],0.41770595224234003,0,8.99847116366734,3.6959400425983127,Exchange/demand reaction
EX_sphmyln18121_hs[e],0.47590362191667823,0,5.952336892163339,2.1136869372698492,Exchange/demand reaction
EX_sphmyln1825_hs[e],0.6824652040111633,0,14.344435467847694,2.7072520602499357,Exchange/demand reaction
FORGLUt,-0.8443798018675818,0,20.933630679169205,248.10124950208663,"Transport, extracellular"
GALTt,0.47182571732855483,0,387.52221072540283,139.06487925801872,"Transport, extracellular"
HXCOAte,-0.8776804734520036,0,9.393965550356317,144.20318799438476,"Transport, extracellular"
pac,-0.7002884640649744,0,2.431709029919559,13.795287520835346,"Transport, extracellular"
SEBACIDtd,4.6386979053803055,0,3.1195129177007517,-4.834144359397591,"Transport, extracellular"
EX_pac[e],-0.7002884640649744,0,2.431709029919559,13.795287520835346,Exchange/demand reaction
EX_ttdcea[e],0.5299688041962638,0,283.50057490735054,87.09596814606348,Exchange/demand reaction
TTDCEAt,0.5299688041962638,0,283.50057490735054,87.09596814606348,"Transport, extracellular"
EX_homoval[e],0.5478347087412168,0,33.75233417009424,9.859989522457493,Exchange/demand reaction
GLYCLTtm,-0.5246473476048286,0,13.43469505027436,43.09047624131567,"Transport, mitochondrial"
ARGtD,0.4636245540013583,0,66.22285701656887,24.268733651986437,"Transport, extracellular"
ESTR2r,-0.4489894573781411,0,5.415880424758708,14.242111594735027,Steroid metabolism
sink_c226coa[c],0.4562866094953977,0,-194.74791988096237,-521.6144992980957,Exchange/demand reaction
sink_dgchol[c],-1.0553646681686129,0,-247.86859337801337,6.676753100958117,Exchange/demand reaction
sink_hdca[c],-95.49355369751078,0,-80.1323787333834,78.47149309568405,Exchange/demand reaction
sink_lnlncacoa[c],0.40762450759068497,0,-39.77764978081211,-94.52111946444512,Exchange/demand reaction
sink_pydx[c],-0.6033267242302088,0,11.625172210203356,46.988164862445885,Exchange/demand reaction
sink_pydxn[c],0.3619107418295075,0,-14.550598512296425,-31.05618243874293,Exchange/demand reaction
sink_dchac[c],-0.8068805915980218,0,33.754347599391544,315.81536037249566,Exchange/demand reaction
ACACt2,4.0847200962005195,0,130.81642751209958,-215.6321796273255,"Transport, extracellular"
ADPT,-0.5911795777787137,0,20.661184528170015,80.415882101278,Nucleotide salvage pathway
ASPTA,14.621187506822066,0,76.93070460413664,-88.22644582576015,Alanine and aspartate metabolism
BUTt2r,2.8494419604584738,0,240.87044871694053,-501.3495054992676,"Transport, extracellular"
CPPPGO,-0.4331788846801145,0,7.832754471464688,19.80472853600681,Heme synthesis
DTMPK,-0.9277109425744028,0,4.540228893585171,121.07294287195205,Nucleotide interconversion
EX_gal[e],-0.8232294261294476,0,41.78771636762079,431.0026972475052,Exchange/demand reaction
EX_so4[e],1.3376125371161267,0,44.91973293604994,-311.0220129032135,Exchange/demand reaction
EX_urea[e],-0.4320306295700714,0,-918.898059350586,-364.4516684781551,Exchange/demand reaction
FUM,-1.675356283083944,0,-142.38572080645636,35.943284180912705,Citric acid cycle
GALU,-0.7302285486642477,0,-143.64944676094652,-22.39734153398159,Galactose metabolism
GF6PTA,-0.5629128539031933,0,21.59174646900564,77.20661290541291,Aminosugar metabolism
GK1,-2.1629566102997964,0,-41.72871035864522,15.342821774046508,Nucleotide interconversion
GTPCI,0.6209738180134218,0,15.383043567926507,3.596958942884108,Tetrahydrobiopterin metabolism
GUAPRT,0.5088430893311007,0,629.2123577102661,204.82050118589402,Nucleotide salvage pathway
HMBS,-0.5302041665685884,0,15.557399182170629,50.67306977937221,Heme synthesis
IMPD,0.8065732073068304,0,191.66856458075046,20.52163485930718,Nucleotide interconversion
L_LACt2r,10.1017488138318,0,274.5359596283227,-225.0778131268859,"Transport, extracellular"
MTHFD,-0.9698791435959564,0,2.0941132366711233,136.95327695572675,Folate metabolism
NDPK3,0.3458077249849737,0,-257.3722348988563,-529.4674901435852,Nucleotide interconversion
NDPK4,-0.8894694062302735,0,4.540228893585171,77.61311415357218,Nucleotide interconversion
NDPK5,1.1730789932281074,0,30.324480116174147,-380.7365035580754,Nucleotide interconversion
NDPK7,2.0576984637255658,0,74.21620485647246,-214.55148452598863,Nucleotide interconversion
NDPK9,-153.1303265170351,0,-23.21258666515022,23.517753783325713,Nucleotide interconversion
PGMT,1.3424783164623597,0,877.0165996795654,-128.2228170297034,Glycolysis/gluconeogenesis
PUNP6,-0.9297429478397246,0,12.282275933833729,337.355961258769,Purine catabolism
RPI,0.46949144658499037,0,364.2577470838722,131.502535060519,Pentose phosphate pathway
SPMS,-0.34072204968592007,0,7.664250913549715,15.58618817636211,Urea cycle
TMDK1,-0.8181294932959864,0,7.389446514950215,73.87107943691537,Nucleotide interconversion
TPI,1.8664043218389101,0,359.52072634277346,-108.66935579214096,Glycolysis/gluconeogenesis
UAG4E,-1.4384949888195449,0,-7.79329486673472,43.3389456287411,Aminosugar metabolism
UMPK,0.7806646935255561,0,-33.363055563012786,-270.85659880348675,Nucleotide interconversion
UPP3S,-0.4331788846801145,0,7.832754471464688,19.80472853600681,Heme synthesis
UPPDC1,-0.4331788846801145,0,7.832754471464688,19.80472853600681,Heme synthesis
r0570,-1.0281403505421551,0,-12.198978889710135,879.2087108001709,Pentose phosphate pathway
NTD6,-0.5255805004528735,0,8.58985812894832,27.62222057839008,Nucleotide interconversion
ABUTD,-0.34072204968592007,0,7.664250913549715,15.58618817636211,Beta-Alanine metabolism
ALDD2x,-0.4528428399485582,0,50.40797110163781,133.8461144956287,Glycolysis/gluconeogenesis
EX_galt[e],0.47182571732855483,0,387.52221072540283,139.06487925801872,Exchange/demand reaction
EX_glcur[e],-0.5230134887739721,0,229.45099306218623,732.634884261322,Exchange/demand reaction
EX_xyl_D[e],3.1584091401224277,0,654.8229323230744,-339.8837763823986,Exchange/demand reaction
GLUPRT,0.468996867878578,0,6.88188290913254,2.4876168626006314,Purine synthesis
GLXO1,-0.656217051860368,0,11.986941901548013,57.74858143615611,Glyoxylate and dicarboxylate metabolism
LDH_L,1.3063945878600847,0,40.719680574900245,-306.51863517977,Glycolysis/gluconeogenesis
LGTHL,-0.47999565866578314,0,51.292455540452295,145.98457260453253,Pyruvate metabolism
MDH,-0.7192255546095407,0,-400.6264153625488,-65.42809887893647,Citric acid cycle
MI1PP,-0.36699944273689344,0,5.169145230544229,11.1630528101462,Inositol phosphate metabolism
NT5C,-0.3807640961194821,0,4.141360022268351,9.23435025653173,NAD metabolism
ORNDC,-0.37243155182503823,0,9.668557335675388,21.14420058353683,Urea cycle
PHETA1,-0.5536376659041775,0,-397.93585472774504,-114.3275429238001,Phenylalanine metabolism
PRFGS,0.468996867878578,0,6.88188290913254,2.4876168626006314,Purine synthesis
TYRTA,0.3445165234086643,0,-7.522547222754612,-15.4301205145729,Tyrosine metabolism
XYLt,-3.1584091401224277,0,-654.8229323230744,339.8837763823986,"Transport, extracellular"
EX_etoh[e],-0.5959314550886107,0,-638.7004957546234,-161.71044134187102,Exchange/demand reaction
ETOHt,0.5959314550886107,0,638.7004957546234,161.71044134187102,"Transport, extracellular"
EX_pheme[e],-0.4331788846801145,0,7.832754471464688,19.80472853600681,Exchange/demand reaction
GLNt4,-0.92329680615166565,0,17.89734104414467,448.76747814273836,"Transport, extracellular"
EX_phpyr[e],-1.3446098373878108,0,-24.277481604151077,165.1758482217595,Exchange/demand reaction
EX_tym[e],0.4483865598106774,0,-7.952043296146684,-20.87989848329007,Exchange/demand reaction
PHPYRte,1.3446098373878108,0,24.277481604151077,-165.1758482217595,"Transport, extracellular"
2H3MVc,0.3876393801749472,0,-124.15870569686685,-281.3497534602165,"Valine, leucine, and isoleucine metabolism"
2H3MVte,0.3876393801749472,0,-124.15870569686685,-281.3497534602165,"Transport, extracellular"
EX_2h3mv[e],0.3876393801749472,0,-124.15870569686685,-281.3497534602165,Exchange/demand reaction
2M3OVCOAm,-0.5096733655680723,0,23.5834988299455,72.61155635920763,Propanoate metabolism
2M3OVACm,-0.5096733655680723,0,23.5834988299455,72.61155635920763,Propanoate metabolism
2M3OVACtm,-0.5096733655680723,0,23.5834988299455,72.61155635920763,"Transport, mitochondrial"
2M3HVACc,-0.5096733655680723,0,23.5834988299455,72.61155635920763,Propanoate metabolism
2M3HVACte,-0.5096733655680723,0,23.5834988299455,72.61155635920763,"Transport, extracellular"
EX_2m3hvac[e],-0.5096733655680723,0,23.5834988299455,72.61155635920763,Exchange/demand reaction
3HADICOAx,-0.5387585554121729,0,0.8867230872523347,2.958217984965167,Fatty acid oxidation
3HADPACx,-0.5387585554121729,0,0.8867230872523347,2.958217984965167,Fatty acid oxidation
3HADPACtxc,-0.5387585554121729,0,0.8867230872523347,2.958217984965167,"Transport, peroxisomal"
3HADPACte,-0.5387585554121729,0,0.8867230872523346,2.958217984965167,"Transport, extracellular"
EX_3hadpac[e],-0.5387585554121729,0,0.8867230872523346,2.958217984965167,Exchange/demand reaction
3OHSEBCOAx,-0.5839821392370267,0,1.2696420907780455,4.834144359397591,Fatty acid oxidation
3OHSEBACx,-0.5839821392370267,0,1.2696420907780455,4.834144359397591,Fatty acid oxidation
3OHSEBACtxc,-0.5839821392370267,0,1.2696420907780455,4.834144359397591,"Transport, peroxisomal"
3OHSEBACte,-0.5839821392370267,0,1.2696420907780455,4.834144359397591,"Transport, extracellular"
EX_3ohsebac[e],-0.5839821392370267,0,1.2696420907780455,4.834144359397591,Exchange/demand reaction
3OHSUBCOAx,-0.7787476099311248,0,0.5709214544740778,4.589894700292448,Fatty acid oxidation
3OHSUBACx,-0.7787476099311248,0,0.5709214544740778,4.589894700292448,Fatty acid oxidation
3OHSUBACtxc,-0.7787476099311248,0,0.5709214544740778,4.589894700292448,"Transport, peroxisomal"
3OHSUBACte,-0.7787476099311248,0,0.5709214544740778,4.589894700292448,"Transport, extracellular"
EX_3ohsubac[e],-0.7787476099311248,0,0.5709214544740778,4.589894700292448,Exchange/demand reaction
PCHOLLINL_HSABCt,0.3946991729853726,0,5.714938040403741,2.4802887885773623,"Transport, extracellular"
PCHOLOLE_HSABCt,-0.45669445777126016,0,2.5451495545394724,6.823978336550312,"Transport, extracellular"
PE2LINL_HSABCt,0.4571686807086253,0,6.255187642450173,2.330211872736027,"Transport, extracellular"
PEAR_HSABCt,0.3799130646111042,0,4.223617817380273,1.897953063710848,"Transport, extracellular"
APRGSTRNt1e,0.39299722887820676,0,-79.46799954995205,-182.36935385483838,"Transport, extracellular"
EIC21114TRc,0.7130256350334353,0,28.568023191660508,4.78585384019478,Fatty acid oxidation
EIC21114TRte,0.7130256350334353,0,28.568023191660508,4.785853840194779,"Transport, extracellular"
EX_eic21114tr[e],0.7130256350334353,0,28.568023191660508,4.785853840194779,Exchange/demand reaction
C05302te,-0.5524567666575033,0,3.32447713199746,11.532085918541608,"Transport, extracellular"
C05769te,-0.599686600609303,0,7.72464469805277,30.868341246510575,"Transport, extracellular"
CE4890te2,-0.8701536248612707,0,-778.2603427597046,-54.03528516491205,"Transport, extracellular"
C09642te,-0.35381372247111537,0,265.97429606909753,557.2381592811585,"Transport, extracellular"
TYMte,0.4483865598106849,0,-7.952043296146533,-20.87989848329007,"Transport, extracellular"
EX_C05302[e],-0.5524567666575033,0,3.32447713199746,11.532085918541608,Exchange/demand reaction
CHSTEROLSte,0.46968556927097643,0,9.384609055091008,3.386298207400729,"Transport, extracellular"
EX_chsterols[e],0.46968556927097643,0,9.384609055091008,3.386298207400729,Exchange/demand reaction
EX_C09642[e],-0.35381372247111537,0,265.97429606909753,557.2381592811585,Exchange/demand reaction
EX_C05769[e],-0.599686600609303,0,7.72464469805277,30.868341246510575,Exchange/demand reaction
12PPDRte,0.45771043166300546,0,-218.46213119220732,-587.2407402908325,"Transport, extracellular"
EX_12ppd_R[e],0.45771043166300546,0,-218.46213119220732,-587.2407402908325,Exchange/demand reaction
AMETAMte,2.16714864471545,0,18.28061982846139,-49.60588402892351,"Transport, extracellular"
EX_ametam[e],2.16714864471545,0,18.28061982846139,-49.60588402892351,Exchange/demand reaction
SPHGNte,0.4458684640898049,0,706.6425460483551,270.82195172419546,"Transport, extracellular"
EX_sphgn[e],-0.4458684640898049,0,-706.6425460483551,-270.82195172419546,Exchange/demand reaction
34DHPEAR,-0.336417502065399,0,126.75037446611971,255.26806291168927,Tyrosine metabolism
DOPACCL,-0.6879683670066484,0,23.10655417219447,124.99736689844131,Tyrosine metabolism
NADPQNOXR,-0.8113282724092573,0,9.090540413376866,87.27302745616231,Tyrosine metabolism
DACGST,-0.6879683670066484,0,23.10655417219447,124.99736689844131,Tyrosine metabolism
ACER11r,-0.8052980333975293,0,6.575012346670928,60.96423711653906,Sphingolipid metabolism
ACER12r,-0.4840161663103143,0,13.552618090955228,38.978555198112645,Exchange/demand reaction
EX_gd3_hs[e],-0.42772504268955003,0,-489.4981572526932,-196.20552184027284,Exchange/demand reaction
GD3tg,-0.5671366341097909,0,28.676850584196487,103.82154426250457,"Transport, extracellular"
GD3tl,0.6382352484971899,0,456.90801365623474,100.89711729229334,"Transport, extracellular"
NEU24,-0.6030767138616682,0,1.8576298857020161,7.502515767504196,Sphingolipid metabolism
NEU31e,-0.8508879639221,0,3.9132932229714164,48.57466584328413,Sphingolipid metabolism
NEU33e,-0.43445373205221727,0,0.8131301304690225,2.0624263944450427,Sphingolipid metabolism
NEU34e,-0.43445373205221727,0,0.8131301304690225,2.0624263944450427,Sphingolipid metabolism
NEU35e,-0.7111277377610453,0,14.116737410324264,83.62014671215974,Sphingolipid metabolism
NEU36e,-0.43445373205221727,0,0.8131301304690225,2.0624263944450427,Sphingolipid metabolism
NEU37e,-0.7581308714185441,0,6.39105123519679,46.45613329537825,Sphingolipid metabolism
NEU39e,-0.6795473149237743,0,6.731577903998775,35.28135079027971,Sphingolipid metabolism
SMSn,0.7804632060791263,0,59.003033614527155,7.275262295290121,Sphingolipid metabolism
SPMD3n,0.7804632060791263,0,59.003033614527155,7.275262295290121,Sphingolipid metabolism
ST8SIA13e,-0.8005907726479489,0,10.203444191070808,92.13328642628342,Sphingolipid metabolism
TETPENT6COAtm,0.6525864541196457,0,461.7493160831451,97.07084722156375,"Transport, mitochondrial"
TETPENT3COAtm,0.6121061558263928,0,321.6553425966054,77.39448601932646,"Transport, mitochondrial"
PCHOL_HStn,0.7804632060791263,0,59.003033614527155,7.275262295290121,"Transport, nuclear"
CHOLPtn,-0.7804632060791263,0,-59.003033614527155,-7.275262295290121,"Transport, nuclear"
EX_cmpacna[e],0.8005907726479489,0,-10.203444191070808,-92.13328642628342,Exchange/demand reaction
EX_gd2_hs[e],0.7581308714185441,0,-6.39105123519679,-46.45613329537825,Exchange/demand reaction
DHCRMter,-0.48401616631031297,0,13.552618090955274,38.978555198112645,"Transport, endoplasmic reticular"
34DHPEt,0.336417502065399,0,-126.75037446611971,-255.26806291168927,"Transport, extracellular"
EX_34dhpe[c],-0.336417502065399,0,126.75037446611971,255.26806291168927,Exchange/demand reaction
Rtotalter,0.6106441927923109,0,-25.982236812937586,-107.4804537747398,"Transport, endoplasmic reticular"
GD3tlc,0.624678846791025,0,460.56492666969297,106.39626394268572,"Transport, lysosomal"
EX_gm2_hs[e],-1.2928256909692177,0,-4.5233420170880025,35.41777619133198,Miscellaneous
EX_gm1b_hs[e],0.6795473149237728,0,-6.731577903998775,-35.281350790279525,Miscellaneous
HMR_0003,-0.7218227465976376,0,57.04205708468147,353.0709653641701,Glycerophospholipid metabolism
HMR_0176,-1.4975616526324205,0,-8.051929043662122,1.6040969870036448,"Transport, extracellular"
HMR_0201,0.5225744843850202,0,276.20574741830825,86.60835494709416,Fatty acid oxidation
HMR_0211,-0.48556458622634446,0,7.734061669932018,22.33409251563849,"Transport, extracellular"
HMR_0230,-0.6867762106434641,0,9.510591750172956,51.21654375706818,Fatty acid oxidation
HMR_0268,-0.6334835944147293,0,43.75953735533401,195.026703524971,Fatty acid oxidation
HMR_0279,-0.6090559590666749,0,2.3920280849935507,9.845161049711828,Fatty acid synthesis
HMR_0329,-0.6594659046350807,0,3.7420861150875346,18.23566099465478,"Transport, extracellular"
HMR_0342,0.5521018798989245,0,8.673441280870687,2.502940106458753,Fatty acid oxidation
HMR_0350,-0.4927799734149387,0,20.25366246615655,59.60778386717346,Fatty acid oxidation
HMR_0354,-0.5905685757179241,0,18.929846399847417,73.5391009118557,Fatty acid oxidation
HMR_0358,0.3499531426375317,0,9.25122520826226,4.4547693423149,Fatty acid oxidation
HMR_0362,0.3685747508585625,0,13.210727574910397,6.09509049110722,Fatty acid oxidation
HMR_0374,-0.37617226282034316,0,1.924862360929518,4.246271900050528,Fatty acid oxidation
HMR_0378,-0.7332827212403759,0,66.94557628111029,435.0509692178726,Fatty acid oxidation
HMR_0381,-0.3492896203336835,0,1.8859687036162753,3.9106768165716703,Fatty acid synthesis
HMR_0402,-0.5112207490383638,0,21.707190652239905,67.1148721073091,Fatty acid oxidation
HMR_0410,-0.41422601017798993,0,20.759956933133978,50.120475772462875,Fatty acid oxidation
HMR_0597,0.7492470836209593,0,21.755789112093208,3.118671809754952,Glycerophospholipid metabolism
HMR_0625,0.7492470836209593,0,21.755789112093208,3.118671809754952,Glycerophospholipid metabolism
HMR_0629,0.7492470836209593,0,21.755789112093208,3.118671809754952,Glycerophospholipid metabolism
HMR_0641,0.6268561034815406,0,146.11136329200266,33.51283700366969,Glycerophospholipid metabolism
HMR_0653,-0.48519188028505833,0,102.49413841026426,295.6897071243286,Glycerophospholipid metabolism
HMR_0654,-0.48519188028505833,0,102.49413841026426,295.6897071243286,Glycerophospholipid metabolism
HMR_0657,-0.48519188028505833,0,102.49413841026426,295.6897071243286,Glycerophospholipid metabolism
HMR_0765,0.6227788919736763,0,23.64136784666425,5.495525618730596,Sphingolipid metabolism
HMR_0767,0.7498415121160239,0,29.783371150405333,4.257850233569396,Sphingolipid metabolism
HMR_0770,-0.6227788919733677,0,-23.64136784664041,-5.495525618730596,"Transport, extracellular"
HMR_0775,-0.38150030309210237,0,2.6495096530549858,5.91802778083815,Sphingolipid metabolism
HMR_0795,0.6986556638561405,0,41.6859975944025,7.395165211449008,Sphingolipid metabolism
HMR_0805,-0.3959071351038009,0,10.834042687505317,25.03475602564261,Glycosphingolipid metabolism
HMR_0816,-0.4957227363269273,0,5.183710624851612,15.37525960154454,Glycosphingolipid metabolism
HMR_0819,-0.5293082499495492,0,7.041340508041206,22.87777537740392,Glycosphingolipid metabolism
HMR_0829,-0.3344344603551567,0,6.183183037197811,12.39705487745522,Glycosphingolipid metabolism
HMR_0831,0.35165316203554103,0,-3.656913102768152,-7.623817791977467,"Transport, lysosomal"
HMR_0855,-0.3517910988785033,0,6.902604370875051,14.394864265956473,Glycosphingolipid metabolism
HMR_0950,-0.5056383767414081,0,3.2914182430570444,10.024414087784548,Arachidonic acid metabolism
HMR_0960,0.3596973490843874,0,9.14982795010548,4.30879643607417,Arachidonic acid metabolism
HMR_0962,-0.8452537972860863,0,5.459915123739154,65.10614760328158,"Transport, mitochondrial"
HMR_0963,-0.8452537972860863,0,5.459915123739154,65.10614760328158,Arachidonic acid metabolism
HMR_1081,0.5453291006484685,0,650.1230494728088,191.2809585148707,Leukotriene metabolism
HMR_1104,1.0446538730275152,0,12.05158312225394,-551.8293137046813,"Transport, peroxisomal"
HMR_1127,0.513569350566555,0,17.51149821999967,5.627842192046618,Leukotriene metabolism
HMR_1243,-0.5135693505654706,0,-17.51149821999967,-5.627842192063196,"Transport, mitochondrial"
HMR_1280,0.35684593644381357,0,-233.37767614966333,-492.35100807647706,Leukotriene metabolism
HMR_1283,-1.0446538730275152,0,-12.05158312225394,551.8293137046813,"Transport, peroxisomal"
HMR_1321,0.4047141367987543,0,-221.0125537025988,-521.5300375629425,Eicosanoid metabolism
HMR_1329,-4.081288177964824,0,-42.36158779998833,69.85761241912535,Eicosanoid metabolism
HMR_1477,0.5317312258627159,0,2.7841331997133505,0.8511432152402522,Cholesterol metabolism
HMR_1478,0.5317312258627159,0,2.7841331997133505,0.8511432152402522,Cholesterol metabolism
HMR_1479,0.5317312258627159,0,2.7841331997133505,0.8511432152402522,Cholesterol metabolism
HMR_1490,0.5317312258627159,0,2.7841331997133505,0.8511432152402522,Cholesterol metabolism
HMR_1493,0.5317312258627159,0,2.7841331997133505,0.8511432152402522,Cholesterol metabolism
HMR_1494,0.5317312258627159,0,2.7841331997133505,0.8511432152402522,Cholesterol metabolism
HMR_1495,0.6873562890932502,0,2.7841331997133505,0.5158612563590955,Cholesterol metabolism
HMR_1502,0.5317312258627159,0,2.7841331997133505,0.8511432152402522,Cholesterol metabolism
HMR_1503,0.5317312258627159,0,2.7841331997133505,0.8511432152402522,Cholesterol metabolism
HMR_1504,0.5317312258627159,0,2.7841331997133505,0.8511432152402522,Cholesterol metabolism
HMR_1505,0.5317312258627159,0,2.7841331997133505,0.8511432152402522,Cholesterol metabolism
HMR_1509,0.5317312258627159,0,2.7841331997133505,0.8511432152402522,Cholesterol metabolism
HMR_1512,0.5317312258627159,0,2.7841331997133505,0.8511432152402522,Cholesterol metabolism
HMR_1516,0.5317312258627159,0,2.7841331997133505,0.8511432152402522,Cholesterol metabolism
HMR_1526,0.5317312258627159,0,2.7841331997133505,0.8511432152402522,Cholesterol metabolism
HMR_1536,-0.4447685116580549,0,0.5197351910060392,1.352403554431809,Cholesterol metabolism
HMR_1538,-0.4447685116580549,0,0.5197351910060392,1.352403554431809,Cholesterol metabolism
HMR_1539,-0.4447685116580549,0,0.5197351910060392,1.352403554431809,Cholesterol metabolism
HMR_1540,-0.4447685116580549,0,0.5197351910060392,1.352403554431809,Cholesterol metabolism
HMR_1543,-0.4447685116580549,0,0.5197351910060392,1.352403554431809,Cholesterol metabolism
HMR_1544,-0.4447685116580549,0,0.5197351910060392,1.352403554431809,Cholesterol metabolism
HMR_1545,-0.4447685116580549,0,0.5197351910060392,1.352403554431809,Cholesterol metabolism
HMR_1546,-0.4447685116580549,0,0.5197351910060392,1.352403554431809,Cholesterol metabolism
HMR_1547,-0.4447685116580549,0,0.5197351910060392,1.352403554431809,Cholesterol metabolism
HMR_1548,-0.4447685116580549,0,0.5197351910060392,1.352403554431809,Cholesterol metabolism
HMR_1549,-0.4447685116580549,0,0.5197351910060392,1.352403554431809,Cholesterol metabolism
HMR_1550,-0.4447685116580549,0,0.5197351910060392,1.352403554431809,Cholesterol metabolism
HMR_1551,-0.4447685116580549,0,0.5197351910060392,1.352403554431809,Cholesterol metabolism
HMR_1552,-0.4447685116580583,0,0.5197351910060392,1.3524035544318205,Cholesterol metabolism
HMR_1620,0.9194872407677995,0,269.3162563844681,11.29645170182371,"Transport, mitochondrial"
HMR_1627,0.7288560923264082,0,55.2012781053246,8.657452936937986,Bile acid synthesis
HMR_1630,0.5345412662685032,0,27.769961781764323,8.423215152853652,"Transport, mitochondrial"
HMR_1637,0.5854456545829342,0,19.104374017493026,4.995315507997022,Bile acid synthesis
HMR_1651,0.5345412662685032,0,27.769961781764323,8.423215152853652,Steroid metabolism
HMR_1653,0.5345412662685032,0,27.769961781764323,8.423215152853652,Bile acid synthesis
HMR_1666,-0.6623782763570976,0,22.735593049139077,111.94527288463115,"Transport, mitochondrial"
HMR_1706,-0.627873970900891,0,13.74044194871365,60.107882942605016,Bile acid synthesis
HMR_1738,0.3338717186709427,0,7.271113341865567,3.631154455086356,Bile acid synthesis
HMR_1739,0.41487852139484577,0,5.0106363368487905,2.0721432249034057,Bile acid synthesis
HMR_1740,0.41487852139484577,0,5.0106363368487905,2.0721432249034057,Bile acid synthesis
HMR_1742,0.41487852139484577,0,5.0106363368487905,2.0721432249034057,Bile acid synthesis
HMR_1744,0.41487852139484577,0,5.0106363368487905,2.0721432249034057,"Transport, mitochondrial"
HMR_1746,0.41487852139484577,0,5.0106363368487905,2.0721432249034057,Bile acid synthesis
HMR_1748,0.41487852139484577,0,5.0106363368487905,2.0721432249034057,Bile acid synthesis
HMR_1750,0.41487852139484577,0,5.0106363368487905,2.0721432249034057,Bile acid synthesis
HMR_1752,0.41487852139484577,0,5.0106363368487905,2.0721432249034057,"Transport, mitochondrial"
HMR_1754,0.41487852139484577,0,5.0106363368487905,2.0721432249034057,Bile acid synthesis
HMR_1758,0.41487852139484577,0,5.0106363368487905,2.0721432249034057,"Transport, peroxisomal"
HMR_1760,0.41487852139484577,0,5.0106363368487905,2.0721432249034057,Bile acid synthesis
HMR_2210,0.4012058164463428,0,14.134397835409647,6.040222722841374,Fatty acid synthesis
HMR_2287,-0.6119926018813482,0,4.214465162226271,17.509167854366353,Fatty acid synthesis
HMR_2292,-0.42025718320769995,0,16.86486464003363,41.315639374993,Fatty acid synthesis
HMR_2294,-0.7858267504868638,0,5.96739316546183,49.75752279885258,Fatty acid synthesis
HMR_2608,16.651207683835832,0,142.7012052633047,-160.93637383891345,Fatty acid oxidation
HMR_2609,16.651207683835832,0,142.7012052633047,-160.93637383891345,"Transport, mitochondrial"
HMR_2610,-16.651207683835832,0,-142.7012052633047,160.93637383891345,"Transport, mitochondrial"
HMR_2612,7.385952496224235,0,237.8731597744465,-181.14182010097502,"Transport, mitochondrial"
HMR_2620,1.540096591247717,0,0.41714208258813745,-1.9618364552168075,Fatty acid oxidation
HMR_2621,-1.5400965912652331,0,-0.41714208260005836,1.9618364552227745,"Transport, mitochondrial"
HMR_2622,-1.5400965912673192,0,-0.41714208260005836,1.9618364552168075,"Transport, mitochondrial"
HMR_2635,-2.5891985567733165,0,-3.060971324763073,6.913191441270127,"Transport, mitochondrial"
HMR_2667,3.175017099002649,0,36.67299442050997,-70.39502303106785,"Transport, mitochondrial"
HMR_2669,-0.36507624092391056,0,1.1032687727738957,2.3720107611950945,Fatty acid oxidation
HMR_2670,0.36507624092391056,0,-1.1032687727738957,-2.3720107611950945,"Transport, mitochondrial"
HMR_2671,0.36507624092391056,0,-1.1032687727738957,-2.3720107611950945,"Transport, mitochondrial"
HMR_2673,3.382776726698906,0,312.24762278300824,-574.3348081111908,"Transport, mitochondrial"
HMR_2675,0.9644049129251052,0,-0.1383484093327566,-7.635106901601638,Fatty acid oxidation
HMR_2676,0.9644049129251052,0,-0.1383484093327566,-7.635106901601638,"Transport, mitochondrial"
HMR_2677,-0.9644049129251052,0,0.1383484093327566,7.635106901601638,"Transport, mitochondrial"
HMR_2684,-6.272193637786286,0,-0.8697022732303538,1.199622732523472,Fatty acid oxidation
HMR_2685,6.2721936375954215,0,0.8697022732303538,-1.1996227325354158,"Transport, mitochondrial"
HMR_2686,6.27219363778592,0,0.8697022732303538,-1.199622732523495,"Transport, mitochondrial"
HMR_2687,-0.43439821397115225,0,0.7086032103131346,1.797057937924446,Fatty acid oxidation
HMR_2688,0.43439821397115225,0,-0.7086032103131346,-1.797057937924446,"Transport, mitochondrial"
HMR_2689,0.43439821397115225,0,-0.7086032103131346,-1.797057937924446,"Transport, mitochondrial"
HMR_2715,0.9100404032418911,0,406.399830509758,19.140728548552936,"Transport, mitochondrial"
HMR_2718,2.68569628581996,0,115.88944625610783,-253.3868676255055,"Transport, mitochondrial"
HMR_2727,-0.5163757990019952,0,-491.5745987205505,-156.77998336138594,"Transport, mitochondrial"
HMR_2733,-0.36321730783806633,0,0.9967001885856779,2.133724682736727,Fatty acid oxidation
HMR_2734,-0.36321730783806633,0,0.9967001885856779,2.133724682736727,"Transport, mitochondrial"
HMR_2735,0.36321730783806633,0,-0.9967001885856779,-2.133724682736727,"Transport, mitochondrial"
HMR_2764,-0.6423118758244399,0,-460.8144792259216,-100.36331655003953,"Transport, mitochondrial"
HMR_2821,0.8964076228357822,0,-16.88431346947157,-309.091669159174,"Transport, endoplasmic reticular"
HMR_2827,-0.8964076228357822,0,16.88431346947157,309.091669159174,"Transport, endoplasmic reticular"
HMR_2851,0.6000432798657175,0,-70.00478484734631,-280.0570159587145,"Transport, endoplasmic reticular"
HMR_2852,-0.6000432798657175,0,70.00478484734631,280.0570159587145,"Transport, endoplasmic reticular"
HMR_2865,0.3340394464276723,0,4.728205933266723,2.3603489755525677,"Transport, endoplasmic reticular"
HMR_2866,-0.3340394464273665,0,-4.728205933266711,-2.360348975554187,"Transport, endoplasmic reticular"
HMR_2884,-4.758220254329709,0,-246.81576917738914,378.162924200058,"Transport, endoplasmic reticular"
HMR_2886,4.758220254329709,0,246.81576917738914,-378.162924200058,"Transport, endoplasmic reticular"
HMR_2980,-0.33085018393732013,0,1.5913154644890768,3.164915281721027,Fatty acid synthesis
HMR_3062,-0.4945273999059704,0,5.116254655418925,15.127195353413141,Fatty acid oxidation
HMR_3063,-0.4945273999059704,0,5.116254655418925,15.127195353413141,Fatty acid oxidation
HMR_3064,-0.4945273999059704,0,5.116254655418925,15.127195353413141,Fatty acid oxidation
HMR_3065,-0.4945273999059704,0,5.116254655418925,15.127195353413141,Fatty acid oxidation
HMR_3094,-0.8138239655765134,0,2.0089846870415515,19.572575939304148,Fatty acid oxidation
HMR_3095,-0.8138239655765134,0,2.0089846870415515,19.572575939304148,Fatty acid oxidation
HMR_3096,-0.8138239655765134,0,2.0089846870415515,19.572575939304148,Fatty acid oxidation
HMR_3097,-0.8138239655765134,0,2.0089846870415515,19.572575939304148,Fatty acid oxidation
HMR_3099,-0.44904966755246495,0,4.698083000106993,12.356387152352253,Fatty acid oxidation
HMR_3100,-0.44904966755246495,0,4.698083000106993,12.356387152352253,Fatty acid oxidation
HMR_3101,-0.44904966755246495,0,4.698083000106993,12.356387152352253,Fatty acid oxidation
HMR_3102,-0.35603013511549186,0,9.81912627012964,20.676481694043147,Fatty acid oxidation
HMR_3111,-0.3602520860942801,0,9.372162654819581,19.927386280327905,Fatty acid oxidation
HMR_3112,-0.3602520860942801,0,9.372162654819581,19.927386280327905,Fatty acid oxidation
HMR_3113,-0.3602520860942801,0,9.372162654819581,19.927386280327905,Fatty acid oxidation
HMR_3114,-0.3602520860942801,0,9.372162654819581,19.927386280327905,Fatty acid oxidation
HMR_3135,0.4482868184456923,0,16.869339541531936,6.426238829658634,Fatty acid oxidation
HMR_3142,0.46403593320761427,0,14.01319479652901,5.130044079892483,Fatty acid oxidation
HMR_3198,-0.4964554453684813,0,2.3712844796026564,7.0470855843449245,Fatty acid oxidation
HMR_3199,-0.4964554453684813,0,2.3712844796026564,7.0470855843449245,Fatty acid oxidation
HMR_3200,-0.4964554453684813,0,2.3712844796026564,7.0470855843449245,Fatty acid oxidation
HMR_3201,-0.4964554453684813,0,2.3712844796026564,7.0470855843449245,Fatty acid oxidation
HMR_3202,-0.6364729859601164,0,2.3712844796026564,10.67470323531581,Fatty acid oxidation
HMR_3203,-0.6364729859601164,0,2.3712844796026564,10.67470323531581,Fatty acid oxidation
HMR_3204,-0.6364729859601164,0,2.3712844796026564,10.67470323531581,Fatty acid oxidation
HMR_3205,-0.6364729859601164,0,2.3712844796026564,10.67470323531581,Fatty acid oxidation
HMR_3229,-0.6388559835970739,0,4.352001479776515,19.749195173699334,Fatty acid oxidation
HMR_3322,-0.5073892416097238,0,12.204726877510874,37.346472196552156,Fatty acid oxidation
HMR_3342,-0.6056843722317823,0,2.8732180381607146,11.69997072649874,Fatty acid oxidation
HMR_3343,-0.6056843722317823,0,2.8732180381607146,11.69997072649874,Fatty acid oxidation
HMR_3344,-0.6056843722317823,0,2.8732180381607146,11.69997072649874,Fatty acid oxidation
HMR_3345,-0.6056843722317823,0,2.8732180381607146,11.69997072649874,Fatty acid oxidation
HMR_3346,-0.6056843722317823,0,2.8732180381607146,11.69997072649874,Fatty acid oxidation
HMR_3347,-0.6056843722317823,0,2.8732180381607146,11.69997072649874,Fatty acid oxidation
HMR_3348,-0.6056843722317823,0,2.8732180381607146,11.69997072649874,Fatty acid oxidation
HMR_3349,-0.6056843722317823,0,2.8732180381607146,11.69997072649874,Fatty acid oxidation
HMR_3350,-0.6056843722317823,0,2.8732180381607146,11.69997072649874,Fatty acid oxidation
HMR_3351,-0.6056843722317823,0,2.8732180381607146,11.69997072649874,Fatty acid oxidation
HMR_3352,-0.6056843722317823,0,2.8732180381607146,11.69997072649874,Fatty acid oxidation
HMR_3353,-0.6056843722317823,0,2.8732180381607146,11.69997072649874,Fatty acid oxidation
HMR_3408,-0.36507624092391056,0,1.1032687727738957,2.3720107611950945,Fatty acid oxidation
HMR_3411,-0.43439821397115225,0,0.7086032103131346,1.797057937924446,Fatty acid oxidation
HMR_3421,-0.40994023552117914,0,0.761899183860809,1.8205483230752648,Fatty acid oxidation
HMR_3426,-0.7380735668287145,0,1.4888555157183145,9.879645919527707,Fatty acid oxidation
HMR_3431,-0.36321730783806633,0,0.9967001885856779,2.133724682736727,Fatty acid oxidation
HMR_3446,-0.35378809517320686,0,4.4699894898590395,9.364449202684545,Fatty acid synthesis
HMR_3447,-0.35378809517320686,0,4.4699894898590395,9.364449202684545,Fatty acid synthesis
HMR_3505,-0.5010329889916385,0,1.7830920261507919,5.364041899786895,Fatty acid oxidation
HMR_3653,-0.5853194237072508,0,74.17914368762372,283.58607575325965,Cholesterol metabolism
HMR_3660,-0.33085018393732013,0,1.5913154644890768,3.164915281721027,Cholesterol metabolism
HMR_3667,-0.43809137496515055,0,1.6894661663062747,4.323846643054837,Cholesterol metabolism
HMR_3712,-0.5853194237072508,0,74.17914368762372,283.58607575325965,Cholesterol metabolism
HMR_3719,-0.33085018393732013,0,1.5913154644890768,3.164915281721027,Cholesterol metabolism
HMR_3726,-0.43809137496515055,0,1.6894661663062747,4.323846643054837,Cholesterol metabolism
HMR_3855,0.6009149154705418,0,174.9302699001789,43.60760267472095,Pyruvate metabolism
HMR_4078,-0.4348947150590675,0,13.397993397587957,34.01969585296782,Beta-Alanine metabolism
HMR_4079,-0.5297236164949344,0,10.90573385997985,35.47437044675653,Beta-Alanine metabolism
HMR_4124,-0.8329371788089851,0,0.3340961845327276,3.6655511595131567,Aminosugar metabolism
HMR_4592,-3.588085385882035,0,-650.9320336875916,367.18315852909086,Pentose phosphate pathway
HMR_4764,0.6014818721591583,0,145.46874553105832,36.19893121252377,Heme synthesis
HMR_4771,0.599686600609303,0,-7.72464469805277,-30.868341246510575,Heme synthesis
HMR_5420,-0.4331788846801145,0,7.832754471464688,19.80472853600681,"Transport, mitochondrial"
HMR_6385,0.5589355645450801,0,26.48606575826744,7.4936141728866845,"Transport, endoplasmic reticular"
HMR_6515,0.6810147276007987,0,373.70332296943667,70.91303503570556,Methionine and cysteine metabolism
HMR_6629,-0.4743672145778447,0,43.93300931393504,123.22935396464467,"Transport, endoplasmic reticular"
HMR_6633,-0.6872231191696887,0,22.844218124964833,123.22935396464467,Vitamin A metabolism
HMR_6728,-0.6608947570355707,0,3.789383170935354,18.559921356525713,Phenylalanine metabolism
HMR_6755,1.406834875190447,0,106.96672372335671,-18.08092202090906,Phenylalanine metabolism
HMR_6975,-0.3308302276137318,0,5.300445861857792,10.541410960085413,Lysine metabolism
HMR_6976,-0.3308302276137318,0,5.300445861857792,10.541410960085413,Lysine metabolism
HMR_6977,-0.3308302276137318,0,5.300445861857792,10.541410960085413,Lysine metabolism
HMR_6978,-0.3308302276137318,0,5.300445861857792,10.541410960085413,Lysine metabolism
HMR_7198,-0.43831781860477825,0,1.4314463358927998,3.6655511595131567,"Transport, lysosomal"
HMR_7652,0.4250958416095057,0,47.762712301695345,19.26816507108831,Inositol phosphate metabolism
HMR_7715,0.44021018557078606,0,14.098684256019144,5.4799639125209705,"Transport, lysosomal"
HMR_7724,-0.5828760181425997,0,3.849018199753902,14.60601371960356,"Transport, lysosomal"
HMR_7755,-0.8864469920310301,0,12.96274077526452,215.34897032985688,Glycerophospholipid metabolism
HMR_7758,-1.1022334627842862,0,-5.0343687419113605,103.5220577001527,"Transport, mitochondrial"
HMR_7977,-0.7252496186329562,0,28.061411768782595,176.20699819054605,"Transport, extracellular"
HMR_8023,0.33083022761379066,0,-5.300445861857076,-10.541410960085383,"Transport, extracellular"
HMR_8476,-1.3851770932726974,0,-4.375766214143549,27.096568102772988,"Transport, nuclear"
HMR_8501,0.6634354677762029,0,241.47471449375152,48.85781618935559,Pyruvate metabolism
HMR_8505,0.7356753274749211,0,31.592975159629667,4.811270103902955,"Transport, mitochondrial"
HMR_8510,-0.5023054995244919,0,99.93422164422422,301.6543896373749,"Transport, mitochondrial"
HMR_8776,-0.5246473476048286,0,13.43469505027436,43.09047624131567,"Transport, mitochondrial"
HMR_9178,-0.4644490512740365,0,-16.48993487181023,-6.030390922336548,"Transport, extracellular"
HMR_9184,-0.33605728165462867,0,-21.5519921438916,-10.710085896955151,"Transport, extracellular"
HMR_9188,-0.37408698143694585,0,-18.820056631365567,-8.572760396395761,"Transport, extracellular"
HMR_9561,-0.4175123459148887,0,21.434535677221138,52.16199646177315,Miscellaneous
HMR_9609,0.6172534115696223,0,44.76223907766363,10.593636207483826,"Transport, extracellular"
HMR_9619,-0.8378630809472465,0,15.73979716238741,178.41459104658367,"Transport, extracellular"
HMR_9621,-0.9641355124908723,0,3.2226404982692234,176.48942132606507,"Transport, extracellular"
HMR_9622,-0.4468704356844435,0,24.275475780466003,63.49953154717348,"Transport, extracellular"
HMR_9627,0.6227788919736763,0,23.64136784666425,5.495525618730596,"Transport, endoplasmic reticular"
HMR_9674,0.7804632060791263,0,59.003033614527155,7.275262295290121,"Transport, nuclear"
HMR_9678,0.6056350452405279,0,86.2803983318679,21.191593622496676,"Transport, peroxisomal"
HMR_9719,-0.38361168092808456,0,1.2067800806785303,2.708868685980633,Fatty acid oxidation
HMR_9726,-0.8443798018675818,0,20.933630679169205,248.10124950208663,Folate metabolism
HMR_9805,0.5223362455079443,0,294.80882114350794,92.50222398652733,Glycerophospholipid metabolism
HMR_1635,0.5854456545829342,0,19.104374017493026,4.995315507997022,Bile acid synthesis
HMR_1484,0.5317312258627159,0,2.7841331997133505,0.8511432152402522,Cholesterol metabolism
HMR_1644,0.5345412662685032,0,27.769961781764323,8.423215152853652,Steroid metabolism
HMR_4772,-0.599686600609303,0,7.72464469805277,30.868341246510575,Heme synthesis
HMR_1500,0.5317312258627159,0,2.7841331997133505,0.8511432152402522,Cholesterol metabolism
CA24GSc,-0.8335100332779074,0,3.6762892135924026,40.48600219618268,Bile acid synthesis
CA24GSr,-0.8756855169953788,0,4.559488352336272,68.79460912907757,Bile acid synthesis
CA24Gtr,0.8756855169953788,0,-4.559488352336272,-68.79460912907757,"Transport, extracellular"
DM_ca24g[c],-0.8598361021485292,0,8.23577756693678,109.28061136317253,Exchange/demand reaction
DM_hdca24g[c],0.3740869814369988,0,18.820056631367056,8.572760396395383,Exchange/demand reaction
HDCA24GSr,0.3740869814369988,0,18.820056631367056,8.572760396395383,Bile acid synthesis
HDCA24Gtr,-0.3740869814369988,0,-18.820056631367056,-8.572760396395383,"Transport, extracellular"
M02155tr,0.3740869814369988,0,18.820056631367056,8.572760396395383,"Transport, extracellular"
2HATVACIDhc,-0.47474656643652535,0,5.392751938775864,15.141152626834836,Drug metabolism
2HATVACIDteb,-0.47474656643652535,0,5.392751938775864,15.141152626834836,Drug metabolism
6MELACAChep,0.7333774366277008,0,39.21306242992276,6.031627620055133,Drug metabolism
6MELVACtbc,0.6426499058772309,0,49.25716397684831,10.715644350247178,Drug metabolism
ACMPGLUTtep,-0.3357251445389904,0,2.085894062394315,4.194319753456642,Drug metabolism
ACMPGLUTthc,-0.3357251445389904,0,2.085894062394315,4.194319753456642,Drug metabolism
ACMPGLUtep,-0.7263146056580961,0,1.8655116236741387,11.767014351341036,Drug metabolism
ACMPShc,0.3527769020015175,0,4.875442750038044,2.3326086926270744,Drug metabolism
ATVACIDMCTtu,23.87861360685777,0,184.59182142033876,-200.72844793034793,Drug metabolism
ATVACIDhc,-0.5835393112933731,0,55.83575275699515,212.30841677026748,Drug metabolism
ATVACIDtu,0.8236687376511419,0,25.07248326025142,2.4242684716935,Drug metabolism
ATVLACThc,-0.5405462611792612,0,73.98972469619326,248.08720468564033,Drug metabolism
ATVLACtu,-0.697788983231539,0,4.19956960953653,23.592730316802907,Drug metabolism
CRVSM1hr,0.5695075572596449,0,29.462810116393637,8.081208044099464,Drug metabolism
CRVSM23hr,0.47374412848832304,0,65.81053186272244,23.50013013153687,Drug metabolism
CVM1GLUChc,0.5695075572596449,0,29.462810116393637,8.081208044099464,Drug metabolism
CVM23GLUChc,0.47374412848832304,0,65.81053186272244,23.50013013153687,Drug metabolism
EX_2hatvlac[e],0.47474656643652535,0,-5.392751938775864,-15.141152626834836,Exchange/demand reaction
EX_6melvacid[e],0.6426499058772309,0,49.25716397684831,10.715644350247178,Exchange/demand reaction
EX_acmp[e],0.337209253010213,0,-8.041066450564255,-16.223202436967938,Exchange/demand reaction
EX_atvacid[e],-0.6522952711149114,0,42.75093042891247,203.1527164153099,Exchange/demand reaction
EX_atvlac[e],0.5256962269450665,0,-69.79015505584218,-224.49447441835403,Exchange/demand reaction
EX_profvs[e],-0.33582027465290754,0,3.366517297136369,6.770851154985734,Exchange/demand reaction
EX_sulpacmp[e],0.3527769020014827,0,4.875442750038044,2.33260869262726,Exchange/demand reaction
LSTNtu,0.3895601076467953,0,11.55775720929238,5.07737378747366,Drug metabolism
MDZtd,-0.4362271359250194,0,9.381803131361561,23.900405819063554,Drug metabolism
PROFVSCOAhc,-0.33582027465290754,0,3.366517297136369,6.770851154985734,Drug metabolism
PROFVShc,-0.33582027465290754,0,3.366517297136369,6.770851154985734,Drug metabolism
PROFVStev,-0.33582027465290754,0,3.366517297136369,6.770851154985734,Drug metabolism
PTVSThc,0.7053048770420313,0,10.090463150835113,1.7437411450415463,Drug metabolism
RSVGLUChc,0.5133398326636283,0,75.01273348667621,24.122611883367156,Drug metabolism
RSVLAChv,0.5133398326636283,0,75.01273348667621,24.122611883367156,Drug metabolism
RSVSPONhc,0.5133398326636283,0,75.01273348667621,24.122611883367156,Drug metabolism
SMVtu,0.5630131272373208,0,10.245338811966569,2.864389613764002,Drug metabolism
SULPACMPtev,0.3527769020014827,0,4.875442750038044,2.33260869262726,Drug metabolism
FVSCOAitx,-0.33582027465290754,0,3.366517297136369,6.770851154985734,Drug metabolism
LVSTitr,0.5354904979905096,0,53.47471364149815,16.176923684138572,Drug metabolism
PROFVSCOAitx,-0.33582027465290754,0,3.366517297136369,6.770851154985734,Drug metabolism
RSVLACitr,-0.5133398326636283,0,-75.01273348667621,-24.122611883367156,Drug metabolism
FVSCOAhc,-0.3358202746529077,0,3.366517297136369,6.770851154985736,Drug metabolism
RSVitr,0.5133398326636283,0,75.01273348667621,24.122611883367156,Drug metabolism
EX_M00234[e],0.7218227465976376,0,-57.04205708468147,-353.0709653641701,Exchange/demand reaction
EX_M01807[e],-0.7218227465976376,0,57.04205708468147,353.0709653641701,Exchange/demand reaction
EX_M00503[e],-0.7218227465976376,0,57.04205708468147,353.0709653641701,Exchange/demand reaction
EX_C01601[e],1.4975616526324205,0,8.051929043662122,-1.6040969870036448,Exchange/demand reaction
EX_adpman[e],-0.33605728165518695,0,-21.551992143891553,-10.710085896941647,Exchange/demand reaction
EX_M02155[e],-0.3740869814370906,0,-18.8200566313678,-8.572760396393893,Exchange/demand reaction
EX_M02837[e],0.4175123459148887,0,-21.434535677221138,-52.16199646177315,Exchange/demand reaction
sink_4abut[l],0.37905532491127003,0,-37.306718935853894,-82.85444978830964,Exchange/demand reaction
DM_4glu56dihdind[c],-0.6879683670066484,0,23.10655417219447,124.99736689844131,Exchange/demand reaction
