Reaction,fc,pval
10FTHF7GLUtl,0.5558010054104104,0
10FTHF7GLUtm,0.6251760744904653,0
10FTHFtl,-0.5558010054104104,0
10FTHFtm,-1.9382973369625498,0
11DOCRTSLtm,0.585456762835143,0
11DOCRTSLtr,-0.4041410746198382,0
11DOCRTSTRNtm,0.3524181412742846,0
11DOCRTSTRNtr,-0.32528209972883687,0
13DAMPPOX,0.34153800833197057,0
24_25DHVITD2t,0.12577215586490825,0
24_25DHVITD2tm,0.12577215586490825,0
24_25DHVITD3t,0.6987941077803543,0
24_25DHVITD3tm,0.6987941077803543,0
24_25VITD2Hm,0.12577215586490825,0
24_25VITD3Hm,0.6987941077803543,0
25HVITD2tin_m,0.12577215586490825,0
25HVITD3tin_m,0.6987941077803543,0
2AMACHYD,0.9680470683625292,0
2AMACSULT,0.5817653717934979,0
2AMADPTm,0.09849671919481261,0
2HBO,0.9431670242641483,0
2HBt2,0.13356454225833417,0
2OXOADOXm,0.1887907060238445,0
2OXOADPTm,0.8579985554085378,0
34DHOXPEGOX,-0.57864739187797,0
34DHOXPEGt,-0.57864739187797,0
34DHPHAMT,0.8294303555604792,0
34DHPHEt,NA,0
34DHPLACOX,NA,1
34DHPLACOX_NADP_,0.12804346925336188,0
34DHXMANDACOX,1,0.9992575577574787
34DHXMANDACOX_NADP_,0.6403752537667,0
34HPLFM,0.2909803682490422,0
34HPPOR,0.5928834939274861,0
3AIBTm,0.4507947036530714,0
3AIBtmi,0.4507947036530714,0
3DPHBH2,1,0
3DSPHR,0.7174820298839485,0
3HBCDm,0.05134201131430787,0
3HBCOAHLm,-0.21071565455648023,0
3HKYNAKGAT,NA,0
3HLYTCL,0.5572513817846598,0
3M4HDXPAC,-0.05364293322458399,0
3MLDAt,-0.1266487344573309,0
3MOX4HOXPGALDOX,0.2376259500223696,0
3MOX4HOXPGALDOX_NADP_,1,3.132675878347868e-4
3MOXTYROX,-0.05364293322458399,0
3SALAASPm,-0.13728606885137706,0
3SALATAi,0.5644066623893149,0
3SALATAim,-0.0589591429773527,0
3SPYRSP,0.5644066623893149,0
3SPYRSPm,-0.0589591429773527,0
41R1H2MAE12BOOX,-0.39962285551563853,0
41R2A1H12BOOX,0.7068585424663143,0
42A12BOOX,0.3136489428327971,0
4ABUTtm,-0.11791554492962522,0
4HBZCOAFm,0.3369485146127554,0
4HBZFm,0.3369485146127554,0
4HDEBRISOQUINEte,-0.0121660786229949,0
4HGLSDm,-0.5290723996821679,1
4HOXPACDOX_NADP_,1,0.002318458344197527
4MPTNLte,0.32237157287540474,0
4MPTNLtm,-0.32237157287540474,0
4MTOLBUTAMIDEte,-0.5855806110101899,0
4PYRDX,0.28595419606001754,0
5ADTSTSTERONEGLCte,0.5101021138981852,0
5ADTSTSTERONEGLCtr,-0.5101021138982281,0
5ADTSTSTERONESte,-0.02859057233168174,0
5ADTSTSTERONESULT,-0.09590076493774537,0
5AOPtm,1.0335084693577157,0
5FTHFt2,-0.09619036829762288,0
5HLTDL,0.7952126492929134,0
5HOMEPRAZOLEte,-0.23529630030726417,0
5HOXINDACTO2OX,-0.2543334012893412,0
5HOXINOXDA,0.5047410229921768,0
5HTRPVESSEC,-0.03325211465389672,0
5MTHFt,-1.1829733109800784,0
5MTHFt2,-0.40012733306834436,0
6HTSTSTERONEte,0.49870857693292336,0
6HTSTSTERONEtr,-0.4987085769329922,0
7DHFtl,0.14616812963807885,0
7DHFtm,-0.08475869683562434,0
7THFtl,0.8006808255552669,0
7THFtm,0.3693098535680054,0
A_MANASEly,0.19635672284644512,0
A4GALTc,-0.22776250357106567,0
A4GALTg,0.2665237858221201,0
A4GNT1g,0.08963234517010363,0
A4GNT2g,0.41019048225227694,0
AACTOOR,-0.7948403087158853,0
AATAi,-0.03172858951000895,0
ABO1g,0.26791697429316896,0
ABO2g,0.3656078612539305,0
ABO3g,-0.07894735190937491,0
ABO4g,0.29484232024214496,0
ABO5g,0.29484232024214496,0
ABO6g,0.11152435306141904,0
ABO7g,0.11152435306135977,0
ABO8g,0.27172146607275477,0
ABO9g,0.6039529063904853,0
ABTArm,-0.11791554492962522,0
ABTti,0.1389000732021014,0
ABUTt2rL,-0.24077837791626713,0
ACACT10m,-0.5209417553960943,0
ACACT1rm,-0.09375190639870955,0
ACACT1x,-0.13159046803838118,0
ACACt2m,-3.3096568816387095,0
ACACT4p,0.3979637085238185,0
ACACT5p,0.3052796958388977,0
ACACT6p,0.2569399857149838,0
ACACT7p,0.27961886896006105,0
ACACT8p,0.048511380710813186,0
ACACT9p,0.2330711441497159,0
ACACtx,-0.590997824375169,0
ACALDtm,-0.635719703355312,0
ACALDtr,0.1532167612442332,0
ACALDtx,0.07392711082998442,0
ACCOACm,0.08672089845854501,0
ACCOAgt,0.6690339907284738,0
ACCOALm,0.4568028601733013,0
ACCOAtn,-0.9727958282904227,0
ACCOAtr,-1.0596364817528805,0
ACETONEt2,-1.1743818702292401,0
ACETONEt2m,-1.1743818702292401,0
ACGAGBSIDEtg,-0.5004368091079956,0
ACGAGBSIDEtl,0.5004368091079956,0
ACGALFUCGALACGALFUC12GAL14ACGLCGALGLUSIDEte,-0.29484232024214496,0
ACGALFUCGALACGALFUC12GAL14ACGLCGALGLUSIDEtg,0.29484232024214496,0
ACGALFUCGALACGALFUCGALACGLCGAL14ACGLCGALGLUSIDEte,-0.11152435306141904,0
ACGALFUCGALACGALFUCGALACGLCGAL14ACGLCGALGLUSIDEtg,0.11152435306141904,0
ACGALK,1,0
ACGALtlg,-0.2762265799798021,0
ACGALtly,0.28343623754429087,0
ACGAM6PSi,0.0438369824221908,0
ACGAMK,0.3302683772909439,0
ACGAMPM,0.30095070333101615,0
ACGAMtly,0.25088222358010437,0
ACGBGBSIDEtg,-0.2762265799798021,0
ACGBGBSIDEtl,0.2762265799798021,0
ACGPID,0.6165840011155642,0
ACHEe,-0.3955089969165856,0
ACHtn,-0.9727958282904227,0
ACHVESSEC,0.3711921064138817,0
ACITL,0.4862112248060898,0
ACNACNGAL14ACGLCGALGLUSIDEte,-0.22761795942330687,0
ACNACNGAL14ACGLCGALGLUSIDEtg,0.22761795942330687,0
ACNACNGALGBSIDEte,1,0
ACNACNGALGBSIDEtg,-1,0
ACNAM9PL,0.21868841346595205,0
ACNAM9PL2,0.4498887794390435,0
ACNAMlt,-0.18446992329712583,0
ACNAMPH,0.21868841346595205,0
ACNAMtn,0.4848573742568855,0
ACOAD10m,0.48974233790208105,0
ACOAD1fm,0.0926191760419051,0
ACOAD8m,-0.303387201909231,0
ACOAD9m,-0.1955540143872826,0
ACOAHi,0.6646655062787126,0
ACOAO7p,0.27961886896006105,0
ACONTm,-0.15291875146253392,0
ACP1_FMN_,-0.1217616744656994,0
ACS2,-0.35120214979802306,0
ACSm,0.21712389791061118,0
ACSRTNMT,-0.6437174155186688,0
ACt2m,-0.15464406682981813,0
ACtg,-0.272838559387004,0
ADCim,1,0
ADEt,-1.004254191914787,0
ADK1m,0.2928542115722852,0
ADK3,0.03305987568689623,0
ADK3m,1.7227387148674083,2.388338415926228e-10
ADKd,-6.026094898095649,0
ADMDC,0.8016846174004373,0
ADNCYC,0.4216331883176928,0
ADNK1m,0.3026055385180937,0
ADNt,1.2923520844016878,0
ADNtl,0.49328250941097257,0
ADNtm,0.6424366568541773,0
ADPMAN,0.011111897766008485,0
ADRNCPT1,0.38901572170201276,0
ADRNCPT2,0.38901572170201276,0
ADRNCRNt,0.6999951020354509,0
ADRNLPVESSEC,0.23115978410968557,0
ADRNt,-0.13844519852140175,0
ADSK,0.1737635428718286,0
ADSL1,0.4269526918236119,0
ADSL2,-0.16771343015981385,0
AFLATOXINte,0.14026295627472485,0
AG13T16g,0.13459567934081612,0
AG13T17g,0.13459567934081612,0
AG13T18g,0.13459567934081612,0
AG13T1g,0.1174002759836881,0
AG13T2g,0.1174002759836881,0
AG13T3g,0.1174002759836881,0
AGMTm,0.5118317310052481,0
AGPAT1,0.39808344905283455,0
AGTim,-0.38527352645017837,0
AGTix,0.3380723781078074,0
AHANDROSTANGLCte,0.30979550789936783,0
AHANDROSTANGLCtr,-0.30979550789936783,0
AHCYStr,1,0
AHEXASE2ly,0.26288272822505354,0
AHEXASEly,0.10706638292710086,0
AIRCr,-0.16771343015981385,0
AKGDm,-0.54629746472314,0
AKGMALtm,-0.20974958193272786,0
AKGtp,-0.4007016014690867,0
AKR1C1,0.2121090485990387,0
AKR1C41,-0.544594632413124,0
AKR1C42,-0.5760145717852739,0
AKR1D,0.3040892203321962,0
AKR1D2,0.2018763433073334,0
ALAASNNaEx,0.36153338605460483,0
ALACYSNaEx,0.3358383189170733,0
ALADGLNexR,-0.9638760687139831,0
ALADGLYexR,0.3666771769739694,0
ALAGLNexR,NA,1
ALAGLNNaEx,0.4909836021287597,0
ALAGLYexR,NA,1
ALASERNaEx,0.3731439882452078,0
ALASm,-1,0
ALAt4,0.9983989406992234,0.6517935078494413
ALATA_L,0.5377521008774478,0
ALATHRNaEx,-0.06449365407493428,0
ALAtN1,NA,1
ALCD21_D,0.2045314331640935,0
ALCD21_L,-0.24969992535965022,0
ALCD22_D,0.18807646662117627,0
ALCD22_L,NA,1
ALCD2if,0.33749917512296346,0
ALCD2yf,-0.00475270705980972,0
ALDD20x,0.16919990699264612,0
ALDD20xm,0.2114598388898791,0
ALDD21,0.009119638874827023,0
ALDD2xm,0.635719703355312,0
ALDD2y,0.373652380737725,0
ALDSTRNte,0.3524181412742846,0
ALDSTRNtm,-0.3524181412742846,0
ALOX15,0.6013599595054647,0
ALOX5,0.5047078167349595,0
ALOX52,0.42784201272739614,0
ALR2,-0.24969992535965022,0
ALR3,-0.24969992535965022,0
AMACR2p,-0.43537086561904254,0
AMETr,-1,0
AMETt2m,0.395910376913996,0
AMPDA,-0.3176043283493618,0
AMPTASECGe,0.972808951978211,0
AMY1e,-0.7593200846882853,0
AMY2e,0.6443936639541945,0
ANDRSTRNGLCte,0.5640163984732798,0
ANDRSTRNGLCtr,-0.5640163984747951,0
ANTIPYRENEte,0.5158276691148145,0
APAT2rm,-1.3585341869991094,0
APNNOXte,-0.48617787551823954,0
APOCF,-0.04684963454130537,0
APOCFm,-0.07656753538257378,0
APOC_LYS_BTNP,-0.04684963454130537,0
APOC_LYS_BTNPm,-0.07656753538257378,0
APPNNte,0.4861778755172595,0
APRTO2,0.22538697506479244,0
ARAB_Lt,0.1389000732021014,0
ARABR,0.1389000732021014,0
ARACHCOAtx,-2.366204470215379,0
ARACHCPT1,0.8576264977726937,0
ARACHCPT2,0.8576264977726905,0
ARACHCRNt,0.8938406363775364,0
ARACHDCOAtx,-56.22443833793106,0
ARACHDtr,0.5361217251595732,0
ARGDCm,-0.058839905058644816,0
ARGLYSex,NA,1
ARGNm,0.37633045076400895,0
ARGSS,0.2435156847731549,0
ARGt4,0.999241427603219,0
ARGtm,0.15410504764987112,0
ARSA,0.22465872305775397,0
R_group_phosphotase_1,-0.28859654519035755,0
R_group_phosphotase_3,0.34716103177880503,0
ARTFR208,0.08809300467258495,0
ARTPLM3m,0.5499374319990382,0
ASAH1,0.30859734248557985,0
ASCBt4,-0.4823751830959605,0
ASNALANaEx,0.11529407235605943,0
ASNCYSNaEx,0.4065383771920051,0
ASNGLNNaEx,0.7702659969833539,0
ASNNm,0.23546129939611488,0
ASNSERNaEx,0.34918727881764267,0
ASNt4,0.9999154689123474,0.06288271813477486
ASNTHRNaEx,0.21783944677693493,0
ASNtm,0.23546129939611488,0
ASNtN1,NA,1
ASPCTr,0.8212187066409876,0
ASPDt6,0.3199828711423415,0
ASPDxt,-0.3199828711423415,0
ASPGLUm,-0.567675189291387,0
ASPt6,-0.50565408706872494,0
ASPTAm,0.5207404649894756,0
ATP1ter,0.18727755790114953,0
ATP2ter,0.06216004700222989,0
ATPasel,0.0785658128373723,0
ATPH1e,0.9817194553998869,0
ATPH2e,0.9044893132027685,0
ATPtm,-0.1633854148051756,0
ATPtn,0.9374235041650251,0
B_MANNASEly,0.19635672284644512,0
B3GALT3g,0.2967418671719969,0
B3GALT41g,0.3850212128342992,0
B3GALT42g,0.04896526230692581,0
B3GALT43g,0.45097774002587765,0
B3GALT44g,0.04192593334040345,0
B3GALT5g,0.1442275311748545,0
B3GALTg,0.24625573042493243,0
B3GNT11g,0.3435106332276432,0
B3GNT12g,0.31386132374599873,0
B3GNT310g,0.16948935507802834,0
B3GNT311g,0.2948423202382791,0
B3GNT312g,0.3435106332276432,0
B3GNT313g,0.11152435306135977,0
B3GNT314g,0.6039529063904853,0
B3GNT315g,0.31386132374599873,0
B3GNT31g,0.015597320920103542,0
B3GNT32g,0.015597320920103542,0
B3GNT33g,0.015597320920103542,0
B3GNT34g,0.032602981815963425,0
B3GNT35g,0.032602981815963425,0
B3GNT36g,0.2762265799798021,0
B3GNT37g,-0.10285718452857225,0
B3GNT39g,0.2857004939781817,0
B3GNT51g,0.19666764372194953,0
BAAT1x,-0.9775397095623902,0
BAAT2x,-0.9970985439429972,0
BAAT3x,-0.43508532940570865,0
BAAT4x,-0.544790621210622,0
BACCL,-0.04684963454130537,0
BACCLm,-0.07656753538257378,0
BALAtmr,-1.3585341869991094,0
BALAVECSEC,0.1102876570051573,0
BAMPPALDOX,0.38399481576759986,0
BBHOX,0.8047919932660588,0
BCDO,-0.002188718834852082,0
BDHm,1.3395610147653176,0
BETALDHxm,0.4028133702821333,0
BHBtm,1.3395610147653176,0
BHMT,-0.09265649843945825,0
BILDGLCURt,-0.9246944327090192,0
BILDGLCURtr,-1.5364657602178133,0
BILGLCURt,0.9014857252321687,0
BILGLCURte,0.20943526446477784,0
BILGLCURtr,1,0
BILIRED,0.640876192862878,0
BILIRUBt2,-1.1890439751285833,0
BILIRUBtr,-1,0
BIOCYTtn,-0.009096764409059736,0
BMTer_U,0.6763507869879316,0
BPNT2,0.2978686121787022,0
BTND1,-0.09031473874463013,0
BTND1n,-0.009096764409059736,0
BTNDe,0.5081209510621149,0
BTNDm,-0.07656753538257378,0
BTNPL,-0.04684963454130537,0
BTNPLm,-0.0765675353825642,0
BTNt2,0.26014425493325904,1
BTNt2m,0.5934673726497075,0
BTNt3i,0.23097924826939473,0
BTNt4i,0.6709288434567632,0
BTNtn,-1.9097044067790485,0
BUP2,0.5635513577744572,0
BUTt2m,0.1475454862586697,0
BZt,-0.2735100498300604,0
BZtr,0.3946959362364607,0
C14STRr,0.18163067452222487,0
C160CPT1,-0.9920164808247781,0
C160CPT2,-0.7841734052902407,0
C160CRNt,-0.7840996853174382,0
C161CPT1,0.45197851273128625,0
C161CPT12,0.14424797196874461,0
C161CPT2,0.15430714304233747,0
C161CPT22,0.6393942406713057,0
C180CPT1,-0.25747131142716495,0
C180CPT2,-0.8944767019983438,0
C180CRNt,0.6277634355345038,0
C181CPT1,0.5733851377032647,0
C181CPT2,-24.917051092751215,0
C204CPT1,1.027817624569594,0
C204CPT2,-0.35217317752067895,0
C226COAtx,0.2506025262240719,0
C226CPT1,0.02057806426304408,0
C226CPT2,0.02057806426304408,0
C226CRNt,1,0
C3STDH1Pr,0.3570848584810279,0
C3STDH1r,0.028110092360721026,0
C3STKR2r,0.18163067452222487,0
C4STMO1r,0.565848430807423,0
C4STMO2Pr,0.16828042140465801,0
C4STMO2r,0.19979064928002777,0
CAATPS,0.29552265479169426,0
CAROtr,-0.002188718834852082,0
CARVEOLte,0.12748788816982995,0
CAT2p,0.07392711083002228,0
CAt7r,1,0
CATm,-0.13000750396623967,0
CATp,0.10714250379264756,0
CBPPer,-0.5260507120038874,0
CBPSam,0.5827731544590585,0
CBPter,-0.5260507120038874,0
CBR2,1,2.17037054994762e-10
CDIPTr,-0.3665098514039532,0
CDPDAGtm,-0.5573658218636844,0
CDS,0.20862480995306737,0
CDSm,0.5778659225098426,0
CEPTC,0.43658082741284293,0
CEPTE,-0.09678190466588886,0
CERK,0.2688545645690506,0
CERT1gt,0.26624078170807924,0
CERT1rt,-0.34861670189123156,0
CERT2gt,0.2857004939781817,0
CERT2rt,-2.501921365169647,0
CH25H,1,0
CHAT,7.126521829124236,0
CHATn,-0.9727958282904227,0
CHLPCTD,0.4021061837768971,0
CHOLATEt,0.8988397421933896,0
CHOLATEt2,0.47184453153696637,0
CHOLATEt3,0.6118570289337385,0
CHOLD2m,0.4028133702821333,0
CHOLK,0.28104303832579924,0
CHOLPtg,-0.794973365799668,0
CHOLPtl,-0.5848662458514755,0
CHOLt4,1,0.9923358960893777
CHOLtg,0.2762092757395428,0
CHOLtn,-0.9727958282904227,0
CHOLtr,0.7731628617158854,0
CHOLtu,-0.8069396103481902,0
CHSTEROLSULT,0.40755815177778176,0
CHSTEROLt1,-2.9985231461628703,0
CHSTEROLt3,4.338667137651332,0
CHSTEROLtg,-0.8557185733608352,0
CHTNASE,0.7325485324142385,0
CHTNASEe,0.48670240477999543,0
CITMCOAHm,0.7234271070134797,0
CITMCOALm,0.7234271070134797,0
CITRtm,0.6650221919830864,0
CITt4_2,-0.9994269599995119,0
CITtam,0.07179690645770878,0
CITtbm,0.8697296964752704,0
CKc,0.36257945666088515,0
CLFORtex,0.2931002812025817,0
CLHCO3tex2,NA,1
CLI2tex,1,0.05208019806603792
CLOHtex2,NA,1
CLOXAtex2,1,0
CLPNDCPT1,0.153213840139593,0
CLPNDCPT2,0.153213840139593,0
CLS_hs,0.11755087931376795,0
CMPACNAtg,0.20580485352729386,0
CMPACNAtn,0.4848573742568855,0
CMPSAS,0.11466907544955876,0
CMPSASn,0.4848573742568855,0
CO2ter,-0.3350584860811631,0
CO2tg,-0.17468182240404737,0
CO2tp,-2.338332494589285,0
COAtg,-0.6690339907284738,0
COAtl,0.028279283908364407,0
COAtm,-0.9828786377461383,0
COAtn,0.9727958282904227,0
COAtr,1,0
COKECBESr,-0.3946959362364607,0
COQ3m,0.33428198228752903,0
COQ5m,0.33428198228752903,0
COQ6m,0.33428198228752903,0
COQ7m,0.33428198228752903,0
CORE2GTg,0.35121805369866665,0
CORE3GTg,0.13459567934081612,0
CORE4GTg,0.13459567934081612,0
CORE6GTg,0.2912787742773298,0
COt,0.692847431743972,0
COUCOAFm,0.3369485146127554,0
COUMARINte,0.08299704644828246,0
CREATt4_2_r,0.6374635850312712,0
CRNCAR3tp,-0.20236423793017103,0
CRNCARtp,0.5455508042915649,0
CRNt,-0.018360098718638043,0
CRNtim,-1.5614672589491954,0.3218912922757782
CRNtuNa,-0.7931106516136402,0.007271789512107274
CRTSLtm,-0.5854567628351433,0
CRTSLtr,0.9638827639592633,0
CRTSTRNt,-0.4657772312979192,0
CSAPASEly,-0.10377718657515148,0
CSBPASEly,-0.16024365790130143,0
CSCPASEly,-0.056138489538926015,0
CSDPASEly,-0.40533888947194724,0
CSEPASEly,0.04211347190899557,0
CSm,0.27839326675940546,0
CSNAT2m,-6.048614102369808,0
CSNAT2x,-0.4858527268853931,0
CSNAT3x,-0.1271799908319315,0
CSNATer,-1.0596364817528805,0
CSNATm,0.11755798912736551,0
CSNATp,0.5528111680024174,0
CSNATr,0.28131818604253506,0
CSNt,0.5713378974928048,0
CSPG_At,0.3603059105657788,0
CSPG_Atly,-0.10377718657515148,0
CSPG_Bt,0.368228642972845,0
CSPG_Btly,-0.16024365790130143,0
CSPG_Ct,0.19820837833325167,0
CSPG_Ctly,-0.056138489538926015,0
CSPG_Dt,0.3041631994644276,0
CSPG_Dtly,-0.40533888947194724,0
CSPG_Et,0.04211347190899557,0
CSPG_Etly,0.04211347190899557,0
CTPtn,0.4848573742568855,0
CYANt,-0.7623146852336087,0
CYANtm,-0.0017615724305895494,0
CYSALANaEx,0.5114387907792454,0
CYSASNNaEx,0.2783176839526051,0
CYSGLNNaEx,0.532801091793216,0
CYSGLUexR,NA,1
CYSGLYexR,NA,1
CYSO,0.3921652074137712,0
CYSSERNaEx,0.4696463339501275,0
CYSt4,0.9687240788525832,0.25096485004365243
CYSTA,-0.29192580697833376,0
CYStec,-1,3.132675878347868e-4
CYSTGLUex,0.3687121182613728,0
CYSTHRNaEx,-0.039029334492113495,0
CYTD,-0.20217955419751352,0
CYTDK1,0.4702014348714224,1.2171330610044606e-10
CYTDK2m,0.5573658218636844,0
CYTDn,0.9485505945229502,0
CYTDt,0.9469703960135166,0
CYTDtl,0.3091366805469196,0
CYTDtm,0.5573658218636844,0
CYTDtn,0.9485505945229502,0
CYTK10,-15.933315970890066,0
CYTK10n,-0.892145314753065,0
CYTK11,-1.1571195214933057,0
CYTK11n,0.995579961116126,0
CYTK12,-0.99427759577678,0
CYTK12n,0.9824480636933156,0
CYTK13,0.7030242937779785,0
CYTK13n,-0.9525317276097671,0
CYTK14,0.9986419872605083,0
CYTK14n,0.5487357747673882,0
CYTK1m,0.5778659225098426,0
CYTK1n,-0.1501328448353472,0
CYTK2n,-0.7676627241128441,0
CYTK3,-0.937356574717633,0
CYTK3n,1.0007686992234843,0
CYTK4,0.27356250046923564,0
CYTK4n,-0.8176825811939781,0
CYTK5,-0.613102072795168,0
CYTK5n,1.000000087251782,0.0020886176974925785
CYTK6,1.0065716722904263,0
CYTK6n,1.0001777655544222,0
CYTK7,-1.0047950290663883,0
CYTK7n,0.29591186081213433,0
CYTK8,-7.426597626814331,0
CYTK8n,53.385048028680735,0
CYTK9,0.8908245356024014,0
CYTK9n,0.10849295365722401,0
D3AIBTm,0.14363992091836275,0
DADA,0.4477568664766704,0
DADAe,-0.16528962505122802,0
DADNt4,1.1419657656360755,0
DAG_HSter,0.6052379163646353,0
DAGK_hs,-0.10154427251194,0
DAGKn_hs,1,0
DAGt,-1,0
DALAOXx,0.11394590567925257,0
DALAt2r,0.015433870626129576,0
DALAxt,0.11394590567925257,0
DARGOp,-0.14823371721125897,0
DASCBR,0.596855861607287,0
DASPO1p,0.3199828711423415,0
DCIm,-0.377499725154493,0
DCK1m,-0.028070186540461665,0
DCK1n,-0.9808403377477735,0
DCK2n,0.7567411966381963,0
DCSPTN1CPT1,0.1656657162751226,0
DCSPTN1CPT2,0.1656657162751226,0
DCSPTN1t,0.31465939439195445,0
DCT,-0.0063255830758274754,0
DCTPtn,0.6265514156454594,0
DCYTD,-0.9877978610159833,0
DCYTDn,0.7872161911775555,0
DCYTt,-1,0
DDPGAm,0.4494756253541284,0
DEBRISOQUINEt,0.012166078622896296,0
DECDPtm,0.3369485146127554,0
DESAT16_2,0.0019225674180044707,0
DESAT18_10,0.38100380759176244,0
DESAT18_3,0.36829555124977686,0
DESAT18_4,-0.2886959766615929,0
DESAT18_5,0.44265566469143425,0
DESAT18_6,0.44327035859076214,0
DESAT18_7,0.24686421558035593,0
DESAT18_8,0.28636158497530745,0
DESAT18_9,0.6806495235162214,0
DESAT20_1,0.6569324829651302,0
DESAT20_2,0.240157317719912,0
DESAT22_1p,0.29336474319205574,0
DESAT22_2p,0.2671614247629664,0
DESAT24_1,0.4764101290022997,0
DGAT,0.07456094325434058,0
DGCHOLtx,-0.47648957411950105,0
DGNSKm,0.11671464514664148,0
DGSNt,0.8419374889538115,0
DGSNtm,0.11671464514664148,0
DGULND,-1,0
DHAAt1r,0.5971898126097092,0
DHCHOLESTANATEtm,-1,0
DHCR241r,0.1242484687021298,0
DHCR242r,-0.04074033188955851,0
DHCR243r,0.5930245043918643,0
DHCR71r,0.9246238192443466,0
DHCR72r,0.8852220544093374,0
DHCRD1,0.4920001392040997,0
DHCRD2,0.3246874407441342,0
DHDPBMTm,0.3369485146127554,0
DHEASt,0.9700707314572451,0
DHEAStr,0.16747913521661026,0
DHEASULT,0.469419093673371,0
DHEAtr,0.5675734269063001,0
DHFtl,-0.14616812963807885,0
DHFtm,1,0
DHORD9,0.07800732417494306,0
DHPM1,0.26030198180835734,0
DHPM2,0.5635513577744572,0
DIDPtn,0.5954562180401413,0
DIGALSIDEtl,0.07040259568165079,0
DINt,-0.7956177900781974,0
DITPtn,-0.5954562180401413,0
D_LACt2,-0.2187226475146887,0
D_LACtm,-0.23969063949471506,0
DLNLCGCPT1,-0.7446154555964507,0
DLNLCGCPT2,-0.11338509348099154,0
DLNLCGCRNt,0.9999896784785904,0
DLNLCGt,0.48830854414122743,0
DM_Asn_X_Ser_Thr_ly_,0.19635672284644512,0
DM_dctp_m_,0.016385518581418013,0
DM_dem2emgacpail_prot_hs_r_,0.38864061043061016,0
DM_dgpi_prot_hs_r_,0.10414990801836062,0
DM_dsT_antigen_g_,0.12831971700659706,0
DM_dttp_m_,0.47401073494897483,0
DM_dttp_n_,0.12171020815560543,0
DM_ethamp_r_,1,0
DM_gncore2_g_,0.41019048225227694,0
DM_gpi_sig_er_,0.6165840011155642,0
DM_kdn_c_,0.4498887794390435,0
DM_melanin_c_,-0.0063255830758274754,0
DM_mem2emgacpail_prot_hs_r_,0.8172931525819525,0
DM_Ser_Gly_Ala_X_Gly_ly_,0.09568356290621101,0
DM_sTn_antigen_g_,0.3758821386865376,0
DMANTIPYRINEte,-0.5158276691148104,0
DMATTx,0.3375847242755436,0
DMHPTCRNCPT2,-0.3054862429753279,0
DMHPTCRNt,-0.3054862429753279,0
DMHPTCRNte,0.3054862429753279,0
DMNONCOACRNCPT1,0.3293723366310545,0
DMNONCRNCPT2,0.30666561483836186,0
DNADtn,0.9374235041650253,0
DNDPt30m,1,0
DOLGLCP_Lter,0.2738433293711244,0
DOLGPP_Ler,0.5726812786782799,0
DOLICHOL_Lter,0.27384332937102535,0
DOLMANP_Uter,0.6530750932829784,0
DOLPGT3_Ler,0.27384332937102535,0
DOLPMT3_Uer,0.6530750932829784,0
DOLPMT4_Uer,0.6530750932829784,0
DOPABMO,0.5925930875161219,0
DOPACHRMISO,-0.1934380436018684,0
DOPAMT,-0.7394632713655481,0
DOPAQNISO1,-0.1934380436018684,0
DOPAt4_2_r,NA,1
DOPAtu,0.6657317649809616,0
DOPAVESSEC,0.18668728557987316,0
DORNOp,0.1592251791725317,0
DPCOAtl,0.02827928390860977,0
DPGase,0.10471452599781739,0
DPGM,0.10471452599781739,0
DPHMBDCm,0.3369485146127554,0
DPMVDx,0.33422688148174295,0
DPPS,0.3369485146127554,0
DRPA,-0.10803805574991289,0
DTDPtn,0.12171020815560543,0
DUDPtn,0.30901931202251526,0
DUMPtn,-0.20906827616021498,0
DURAD,-0.7749017500958484,0
DURAD2,-1.4212796446830336,0
DURIK1,0.9772534611291483,0
DURIK1m,0.542913470393412,0
DURIt,10.591966968136166,0
DURItn,-0.7872161911775555,0
DUTPDPm,0.13868439478507658,0
DUTPDPn,0.20906827615240872,0
EAFLATOXINte,-0.1402629562747209,0
EBASTINEOHte,-0.35337390687159453,0
EBASTINEOHtr,0.353373906871394,0
EBASTINEte,0.35337390687151726,0
EBASTINEtr,-0.353373906871394,0
EBP2r,0.36206555586682787,0
ECOAH12m,-0.21071565455648023,0
ECOAH1m,0.06565459798889828,0
ECOAH1x,0.266692929983328,0
ECOAH9m,-0.5209417553960943,0
EHGLAT2m,0.44046571152604436,0
EHGLATm,0.4552140056345746,0
EICOSTETCPT1,0.4883263451841776,0
EICOSTETCPT2,0.48832634518508955,0
EICOSTETt,0.3965872266116259,0
ELAIDCPT1,0.9092667344861399,0
ELAIDCPT2,-1.5584056486178546,0
ELAIDt,1,0
ENGASE2ly,0.26288272822505354,0
ENGASE3ly,0.17325620809996486,0
ENGASEly,0.10706638292710086,0
ESTRADIOLGLCt,-1.1772157869356237,0
ESTRADIOLGLCt2,0.42787336304968143,0
ESTRADIOLGLCtr,-0.7640153121712071,0
ESTRADIOLt,-1,0
ESTRADIOLtr,0.06734012505466568,0
ESTRIOLGLCte,0.4100427857981506,0
ESTRIOLGLCtr,-0.41004278578198844,0
ESTRONEGLCt,0.3596957446981119,0
ESTRONEGLCtr,-0.35969574469249,0
ESTRONESt,0.9470517098688295,5.551115123125783e-15
ESTRONESt2,0.4548234858832996,0
ESTRONEtr,-0.06296757165467279,0
ETF,0.4062601608571204,0
ETFQO,0.4062601608571204,0
ETHAK,0.33999617130202386,0
ETOHtx,0.07392711083002228,0
EX_10fthf[e],0.024843528433760396,0
EX_10fthf7glu[e],-0.024843528433760396,0
EX_13_cis_retnglc[e],0.7977772063792542,0
EX_1glyc_hs[e],0.584383130233605,0
EX_2425dhvitd2[e],0.12577215586490825,0
EX_2425dhvitd3[e],0.6987941077803543,0
EX_2hb[e],-0.9431670242641483,0
EX_34dhoxpeg[e],-0.57864739187797,0
EX_35cgmp[e],0.39483104082171994,0
EX_3aib[e],0.4507947036530714,0
EX_3mlda[e],-0.1266487344573309,0
EX_4hdebrisoquine[e],0.012166078622896977,0
EX_4hphac[e],-0.025092940437555104,8.243983273814592e-11
EX_4mptnl[e],0.32237157287540474,0
EX_4mtolbutamide[e],0.5855806110145457,0
EX_4pyrdx[e],0.28595419606001754,0
EX_5adtststeroneglc[e],0.5101021138981852,0
EX_5adtststerones[e],-0.02859057233168174,0
EX_5fthf[e],0.09619036829762288,0
EX_5homeprazole[e],0.23529630030488702,0
EX_5htrp[e],-0.03325211465389672,0
EX_5mthf[e],12.47656917853981,0
EX_6htststerone[e],0.49870857693292336,0
EX_7dhf[e],-0.40153302160635573,0
EX_7thf[e],-0.3428799804156767,0
EX_abt[e],0.1389000732021014,0
EX_acetone[e],1,0
EX_acgalfucgalacgalfuc12gal14acglcgalgluside_hs[e],0.29484232024214496,0
EX_acgalfucgalacgalfucgalacglcgal14acglcgalgluside_hs[e],0.11152435306141904,0
EX_acnacngal14acglcgalgluside_hs[e],0.22761795942330687,0
EX_acnacngalgbside_hs[e],1,0
EX_adrn[e],0.6536783248779328,0
EX_adrnl[e],0.3713016645010595,0
EX_aflatoxin[e],-0.14026295627472485,0
EX_ahandrostanglc[e],0.30979550789936783,0
EX_ala_B[e],0.4761770796990209,0
EX_ala_D[e],-0.04230758999130161,0
EX_aldstrn[e],0.3524181412742846,0
EX_andrstrnglc[e],0.5640163984732798,0
EX_antipyrene[e],-0.5158276691148164,0
EX_apnnox[e],0.4861778755172595,0
EX_appnn[e],-0.48617787551711017,0
EX_aprgstrn[e],0.2121090485990387,0
EX_arach[e],1,0
EX_arachd[e],-0.1421250114049398,0
EX_asp_D[e],-0.3199828711423415,0
EX_atp[e],-1,0
EX_bhb[e],-1.3395610147653176,0
EX_bildglcur[e],0.7350633421735472,0
EX_bilglcur[e],-1,0
EX_bilirub[e],1,0
EX_biocyt[e],-0.5081209510621149,0
EX_camp[e],0.5048735042116975,0
EX_caro[e],0.002188718834852082,0
EX_carveol[e],-0.12748788817005816,0
EX_cholate[e],-0.20621972226488108,0
EX_chsterol[e],-0.035050196204753296,0
EX_chtn[e],-0.15367491935964814,0
EX_clpnd[e],0.3708118937776232,0
EX_co[e],0.692847431743972,0
EX_coumarin[e],-0.08299704644828197,0
EX_creat[e],0.2225496788818334,0
EX_crn[e],0.020739378870996538,0
EX_crtstrn[e],0.46577723129786247,0
EX_crvnc[e],1,0
EX_cspg_a[e],0.16402968212371463,0
EX_cspg_b[e],0.20209768404253348,0
EX_cspg_c[e],0.07947428199332458,0
EX_cspg_d[e],0.4543457677249765,0
EX_cyan[e],0.7623146852336087,0
EX_dcsptn1[e],-0.29530398971400024,0
EX_debrisoquine[e],-0.012166078622725323,0
EX_dheas[e],0.1418574813761968,0
EX_dhf[e],0.40153302160635573,0
EX_dlnlcg[e],-0.1522409966973215,0
EX_dmantipyrine[e],0.5158276691148145,0
EX_dmhptcrn[e],0.3054862429753279,0
EX_dopa[e],-0.3210656554642239,0
EX_eaflatoxin[e],0.14026295627472485,0
EX_ebastine[e],-0.35337390687151726,0
EX_ebastineoh[e],0.35337390687151726,0
EX_eicostet[e],-1,0
EX_elaid[e],-1.0350925056697262,0
EX_estradiol[e],1,0
EX_estradiolglc[e],0.7640153121711873,0
EX_estriolglc[e],0.4100427857981506,0
EX_estroneglc[e],0.3596957446981119,0
EX_estrones[e],-0.7902811607765976,0
EX_fuc13galacglcgal14acglcgalgluside_hs[e],0.2116457828329332,0
EX_fuc14galacglcgalgluside_hs[e],0.2685561004952576,0
EX_fucacgalfucgalacglcgalgluside_hs[e],0.28457527049243264,0
EX_fucacngal14acglcgalgluside_hs[e],0.21680029525583974,0
EX_fucacngalacglcgalgluside_hs[e],0.32316032633271846,0
EX_fucfuc12gal14acglcgalgluside_hs[e],-0.0975041253540914,0
EX_fucfuc132galacglcgal14acglcgalgluside_hs[e],0.3030921227167048,0
EX_fucfucfucgalacglc13galacglcgal14acglcgalgluside_hs[e],0.31386132374599873,0
EX_fucfucfucgalacglcgal14acglcgalgluside_hs[e],0.39017878165141956,0
EX_fucfucgalacglcgalgluside_hs[e],0.05344983395123844,0
EX_fucgal14acglcgalgluside_hs[e],0.15881138530374872,0
EX_fucgalfucgalacglcgalgluside_hs[e],0.06158001673985111,0
EX_fuc_L[e],0.2079288611195423,0
EX_galacglcgalgbside_hs[e],0.032602981815963425,0
EX_galfuc12gal14acglcgalgluside_hs[e],-0.07894735190937491,0
EX_galfucgalacglcgal14acglcgalgluside_hs[e],0.27172146607275477,0
EX_galgalfucfucgalacglcgalacglcgal14acglcgalgluside_hs[e],0.6039529063904853,0
EX_galgalgalthcrm_hs[e],0.015597320920103542,0
EX_gchola[e],-1,0
EX_gd1b2_hs[e],-0.10285718452857225,0
EX_gd1c_hs[e],0.9820630054507808,0
EX_glyc_S[e],0.6376025821110248,0
EX_glygn2[e],-0.6443936639541945,0
EX_gp1calpha_hs[e],0.04192593334040867,0
EX_gq1b_hs[e],-0.4560935955306254,0
EX_gt1a_hs[e],-0.08383999916223739,0
EX_gthox[e],0.8736665310275566,0
EX_gthrd[e],-1,0
EX_gtp[e],-0.8228355255398011,0
EX_hco3[e],1,0
EX_hcoumarin[e],0.08299704644828197,0
EX_hdca[e],0.34730181537333543,0
EX_hestratriol[e],0.445434290699216,0
EX_hista[e],0.20931161414618213,0
EX_hpdca[e],-0.3991040236190066,0
EX_htaxol[e],0.37600943479357496,0
EX_i[e],-0.9136107443727809,0
EX_idp[e],0.4098367231864188,0
EX_imp[e],0.3110749655992503,0
EX_ksi[e],-0.06305450946975158,0
EX_ksi_deg1[e],0.053593828113790494,0
EX_ksii_core2[e],-0.20494937935339766,0
EX_ksii_core4[e],-0.45435091067988637,0
EX_lac_D[e],0.2187226475146887,0
EX_Lcystin[e],0.34521382850399995,0
EX_leuktrB4[e],-0.4394734996283111,0
EX_leuktrD4[e],0.9686532870802881,0
EX_lgnc[e],0.011889588035185064,0
EX_limnen[e],-0.10466758819367131,0
EX_lipoate[e],-0.28139812345093734,0
EX_lneldc[e],1,0
EX_lnlncg[e],0.33945706082951577,0
EX_lpchol_hs[e],0.3944580033137133,0
EX_mercplaccys[e],0.6170570941064436,0
EX_n2m2nmasn[e],-0.26288272822505354,0
EX_nifedipine[e],-0.5774286882049727,0
EX_no[e],0.3523378611211817,0
EX_npthl[e],-0.3559543822750707,0
EX_nrpphr[e],-0.34661469213318835,0
EX_nrpphrsf[e],-3.2867239841385536e-4,0
EX_nrvnc[e],0.042919588781895224,0
EX_o2s[e],-3.07261922559329e-5,0
EX_oagd3_hs[e],0.20006492397190698,0
EX_oagt3_hs[e],0.4958760925355209,0
EX_ocdca[e],-1,0
EX_octa[e],0.4102823435651079,0
EX_omeprazole[e],-0.23529630030488702,0
EX_onpthl[e],0.35595438228042675,0
EX_oxa[e],0.533040727582151,0
EX_pchol_hs[e],0.16434285059916262,0
EX_pe_hs[e],-0.3436875312304562,0
EX_peplys[e],-0.804791993264652,0
EX_perillyl[e],0.4759009620491759,0
EX_pglyc_hs[e],0.12569883312328237,0
EX_phyt[e],-0.30666561483836186,0
EX_prgstrn[e],-0.20941665846312768,0
EX_prostge1[e],0.3662664854016276,0
EX_prostge2[e],-1,0
EX_ps_hs[e],-0.09280758749595025,0
EX_ptdca[e],0.14606515299701595,0
EX_retnglc[e],0.5462728742844408,0
EX_Rtotal[e],0.16831914208631382,0
EX_Rtotal2[e],-0.17978290259552396,0
EX_s2l2fn2m2masn[e],-0.22162650152313598,0
EX_s2l2n2m2masn[e],0.22237086277649257,0
EX_sl_L[e],0.5817653717934979,0
EX_spc_hs[e],-1,0
EX_srtn[e],2.343395238828114,0
EX_strch1[e],0.7593200846882853,0
EX_strdnc[e],0.12082280184264607,0
EX_tagat_D[e],-0.2907019905758201,0
EX_taxol[e],-0.37600943479341487,0
EX_tcynt[e],-0.7623146852336087,0
EX_tdchola[e],-1,0
EX_tetpent3[e],-0.3833384396468969,0
EX_tetpent6[e],-0.271404179784875,0
EX_tettet6[e],-0.13014300684949245,0
EX_thmtp[e],0.019328698981264828,0
EX_thym[e],-2.4861984330592923,0
EX_thyox_L[e],1,0
EX_tolbutamide[e],-0.5855806110145457,0
EX_tststeroneglc[e],0.44833023947209183,0
EX_tststerones[e],0.20977782761810507,0
EX_ttdca[e],0.9105395189249573,0
EX_Tyr_ggn[e],1,0
EX_ump[e],0.846962980476053,0
EX_urate[e],0.3287386413699902,0
EX_utp[e],-1,0
EX_vacc[e],-1,0
EX_whddca[e],0.7199088247074039,0
EX_whtststerone[e],0.4989758043290584,0
EX_whttdca[e],0.5934874882573563,0
EX_xolest_hs[e],0.08809300445700478,0
F1Atg,0.2912787742773298,0
F1PGT,0.14365914350648984,0
FACOAL140i,0.37746936121579155,0
FACOAL150,0.33195275716102834,0
FACOAL160i,0.33599628672547877,0
FACOAL170,0.1559488453403565,0
FACOAL180i,0.8054611337486929,0
FACOAL1812,0.4994444935406236,0
FACOAL1813,0.5944435817354421,0
FACOAL181i,0.512038496008213,0
FACOAL1821,-0.003985970595235129,0
FACOAL1822,0.3135202518247628,0
FACOAL1831,0.1635572903254764,0
FACOAL1832,0.2310140347613303,0
FACOAL184,0.2004420772544008,0
FACOAL191,0.009119638874827023,0
FACOAL200,-0.17017265823930683,0
FACOAL203,-0.055212304324456785,0
FACOAL204,0.23668590464390302,0
FACOAL2042,0.6562697585536422,0
FACOAL205,-0.17073772409992294,0
FACOAL206,0.30666561483836186,0
FACOAL224,0.16859826877529235,0
FACOAL2251,0.2532191781710739,0
FACOAL2252,0.1445692475831751,0
FACOAL226,-0.1283568107215524,0
FACOAL240,0.05608088553409316,0
FACOAL241,0.3275288614246323,0
FACOAL244_1,0.2016485897114222,0
FACOAL245_1,0.18846045025072064,0
FACOAL245_2,0.29271216463390215,0
FACOAL246_1,0.32269816830620013,0
FACOAL260,0.10177533898219022,0
FACOAL40im,0.1475454862586697,0
FACOAL80i,-0.41028234356587967,0
FADH2tru,-0.03803722312111688,0
FADtru,-0.03803722312111688,0
FAEL183,0.5784459222444684,0
FAEL184,0.3962703346073308,0
FAEL204,-0.30067966113430245,0
FAEL205,0.2753429027909328,0
FAH1,0.7199088247074039,0
FAH2,0.5934874882573563,0
FAH3,0.21223830768276147,0
FALDH,0.7696800930435727,0
FALDtly,0.3570938637575121,0
FAOXC11,0.3054862429753279,0
FAOXC140,0.0565330222344439,0
FAOXC150m,-0.07245403506871892,0
FAOXC160,0.2513192759825946,0
FAOXC16080m,0.7291954534973283,0
FAOXC16080x,0.6905483397187167,0
FAOXC161802m,0.21528476936964824,0
FAOXC16180m,-0.1765142561627449,0
FAOXC170m,0.005255501010789103,0
FAOXC180,-0.4833440061236673,0
FAOXC180x,0.27233093848889456,0
FAOXC1811601m,-0.07010828299229599,0
FAOXC1811602m,0.25480750442403327,0
FAOXC1811603m,-0.13640236460342983,0
FAOXC182806m,-0.4368427656919997,0
FAOXC18280m,0.607690437216017,0
FAOXC183803m,0.535597030937761,0
FAOXC183806m,0.4866912031359252,0
FAOXC183806x,-0.2444455814657378,0
FAOXC18480m,0.15706178611644311,0
FAOXC18480x,0.40271803120789484,0
FAOXC200180m,-0.07033378650967381,0
FAOXC200180x,-0.4198413292198457,0
FAOXC2031836m,-0.12415288949638,0
FAOXC204,-0.2085648066349806,0
FAOXC204184m,0.5439514838012153,0
FAOXC2051843m,0.1471890323019704,0
FAOXC2051843x,0.04898476516432537,0
FAOXC2242046m,0.42795249483742365,0
FAOXC2242046x,0.08758004442283997,0
FAOXC2251836m,0.3469003778475308,0
FAOXC2251836x,0.6163357296885659,0
FAOXC2252053m,0.11887549678674027,0
FAOXC2252053x,0.382665794163289,0
FAOXC226,0.12250353701222863,0
FAOXC226205m,-0.04257799261169274,0
FAOXC226205x,0.272422465788438,0
FAOXC240200x,0.5477632004153524,0
FAOXC241181x,0.0855958827543269,0
FAOXC2442246x,0.13014300684949245,0
FAOXC2452253x,0.2671614247629664,0
FAOXC2452256x,0.2949586014240643,0
FAOXC246226x,0.4764101290022997,0
FAOXC260240x,0.4254960796159525,0
FAOXC80,0.28004249313499097,0
FAS100COA,0.6511160824326376,0
FAS120COA,0.4175006428088262,0
FAS140COA,0.23566385358489075,0
FAS160COA,0.5145450068045662,0
FAS180COA,0.24202393939773076,0
FAS80COA_L,0.48072024050198986,0
FATP1t,0.7561024370708026,0
FATP2t,0.006634686182260476,0
FATP3t,1,0.2888331776623144
FATP6t,1,0
FATP7t,1,0
FATP8t,NA,0
FATP9t,1,0
FBA4,0.1335199271050679,0
FBA5,0.040186394574102585,0
FBP26,0.22750175980565757,0
FCLTm,0.09151375937535679,0
FCOAH,0.30666561483836186,0
FDH,0.7760407131273928,0
FE3R2e,0.5971898126097092,0
FK,0.14365914350648984,0
FKYNH,0.719182955822814,0
FOLR2,NA,1
FOLt2,-0.01684191269263463,0
FORMCOAtx,0.30666561483836186,0
FORt2m,-0.27634820188167114,0
FORtr,-0.5935549600778732,0
FPGS2,0.3235834280526022,0
FPGS2m,0.3693098535680054,0
FPGS3,0.3235834280526022,0
FPGS3m,0.3693098535680054,0
FPGS4,0.2961427134242679,0
FPGS4m,-0.08475869683562434,0
FPGS5,0.2961427134242679,0
FPGS5m,-0.08475869683562434,0
FPGS6,0.2961427134242679,0
FPGS6m,-0.08475869683562434,0
FPGS7m,0.6251760744904667,0
FPGS8,0.47542714982931433,0
FPGS8m,0.6251760744904653,0
FPGS9,0.47542714982931433,0
FPGS9m,0.6251760744904653,0
FPGSm,0.3693098535680054,0
FRDPtr,0.3375847242755436,0
FRUt1r,1,0
FTHFLm,0.27634820188167114,0
FUC13GALACGLCGAL14ACGLCGALGLUSIDEte,-0.21164578283291735,0
FUC13GALACGLCGAL14ACGLCGALGLUSIDEtg,0.11679086828634958,0
FUC14GALACGLCGALGLUSIDEte,-0.2685561004952576,0
FUC14GALACGLCGALGLUSIDEtg,0.2685561004952576,0
FUCACGALFUCGALACGLCGALGLUSIDEte,-0.28457527049243264,0
FUCACGALFUCGALACGLCGALGLUSIDEtg,0.26791697429316896,0
FUCACNGAL14ACGLCGALGLUSIDEte,-0.2168002952558868,0
FUCACNGAL14ACGLCGALGLUSIDEtg,0.04995463163297251,0
FUCACNGALACGLCGALGLUSIDEte,-0.3231603263327183,0
FUCACNGALACGLCGALGLUSIDEtg,0.3231603263327183,0
FUCASE2e,0.053593828113790494,0
FUCASE2ly,0.17325620809996486,0
FUCASEe,0.22237086277649257,0
FUCASEly,0.10706638292710086,0
FUCFUC12GAL14ACGLCGALGLUSIDEte,0.0975041253540914,0
FUCFUC12GAL14ACGLCGALGLUSIDEtg,-0.0975041253540914,0
FUCFUC132GALACGLCGAL14ACGLCGALGLUSIDEte,-0.3030921227167048,0
FUCFUC132GALACGLCGAL14ACGLCGALGLUSIDEtg,0.30309212271670766,0
FUCFUCFUCGALACGLC13GALACGLCGAL14ACGLCGALGLUSIDEte,-0.31386132374599873,0
FUCFUCFUCGALACGLC13GALACGLCGAL14ACGLCGALGLUSIDEtg,0.31386132374599873,0
FUCFUCFUCGALACGLCGAL14ACGLCGALGLUSIDEte,-0.3901787816514405,0
FUCFUCFUCGALACGLCGAL14ACGLCGALGLUSIDEtg,0.3901787816514405,0
FUCFUCGALACGLCGALGLUSIDEte,-0.05344983395123844,0
FUCFUCGALACGLCGALGLUSIDEtg,0.05344983395123844,0
FUCGAL14ACGLCGALGLUSIDEte,-0.15881138530374833,0
FUCGAL14ACGLCGALGLUSIDEtg,0.15881138530374833,0
FUCGALFUCGALACGLCGALGLUSIDEte,-0.06158001673985111,0
FUCGALFUCGALACGLCGALGLUSIDEtg,0.36560786125393324,0
FUCtly,0.14365914350648984,0
FUMAC,0.5928834939274861,0
FUMm,0.17328285132785431,0
FUMSO3tm,-0.11967381346081175,0
FUMtm,1.8671523182784862,0
FUT12g,0.22713295831545657,0
FUT14g,0.03636211426290295,0
FUT15g,0.2948423202382791,0
FUT16g,0.2915435412073694,0
FUT17g,0.11152435306135977,0
FUT18g,0.6039529063904853,0
FUT32g,0.3231603263327168,0
FUT33g,0.26791697429316896,0
FUT34g,0.05344983395123844,0
FUT35g,0.36560786125393063,0
FUT910g,0.31386132374599873,0
FUT911g,0.31386132374599873,0
FUT91g,0.15881138530374833,0
FUT92g,0.04995463163297251,0
FUT93g,-0.0975041253540914,0
FUT94g,0.39017878165141956,0
FUT95g,0.3901787816514405,0
FUT96g,0.3030921227167048,0
FUT97g,0.3030921227167048,0
FUT98g,0.11679086828634967,0
FUT99g,0.31386132374599873,0
G14T18g,0.13459567934081612,0
G14T19g,0.13459567934081612,0
G14T20g,0.13459567934081612,0
G14T21g,0.13459567934081612,0
G14T2g,0.1174002759836881,0
G14T3g,0.1174002759836881,0
G14T4g,0.1174002759836881,0
G14T5g,0.1174002759836881,0
G3PD2m,0.09877718348935453,0
G5SADrm,-0.9922240120251034,0
G5SDym,0.21020122202741867,0
G6PDH1rer,0.01668881161135269,0
G6PDH2rer,0.29086213161169594,0
G6PPer,-0.7257928524753848,0
G6Pter,0.06004584682601933,0
GABAVESSEC,0.7294846781813383,0
GACMTRc,0.2449559870013772,0
GACPAILter,0.6165840011155642,0
GAL3ST11,0.22465872305775397,0
GALACGLCGALGBSIDEte,0.032602981815963425,0
GALACGLCGALGBSIDEtg,-0.032602981815963425,0
GALASE10ly,0.17325620809996486,0
GALASE11ly,0.17325620809996486,0
GALASE12ly,0.17325620809996486,0
GALASE13ly,0.17325620809996486,0
GALASE14ly,0.17325620809996486,0
GALASE15ly,0.17325620809996486,0
GALASE16ly,0.19285475345557773,0
GALASE17ly,0.3011668161836512,0
GALASE18ly,0.3011668161836512,0
GALASE19ly,0.29822754917773,0
GALASE1ly,0.10706638292731212,0
GALASE20ly,0.4125974928608718,0
GALASE3ly,0.17325620809996486,0
GALASE4ly,0.17325620809996486,0
GALASE5ly,0.17325620809996486,0
GALASE6ly,0.17325620809996486,0
GALASE7ly,0.17325620809996486,0
GALASE8ly,0.17325620809996486,0
GALASE9ly,0.17325620809996486,0
GALC,-0.1343675133829031,0
GALFUC12GAL14ACGLCGALGLUSIDEte,0.07894735190937491,0
GALFUC12GAL14ACGLCGALGLUSIDEtg,-0.07894735190937491,0
GALFUCGALACGLCGAL14ACGLCGALGLUSIDEte,-0.2717214660725766,0
GALFUCGALACGLCGAL14ACGLCGALGLUSIDEtg,0.2717214660725766,0
GALGALFUCFUCGALACGLCGALACGLCGAL14ACGLCGALGLUSIDEte,-0.6039529063904853,0
GALGALFUCFUCGALACGLCGALACGLCGAL14ACGLCGALGLUSIDEtg,0.6039529063904853,0
GALGALGALTHCRMte,0.015597320920103542,0
GALGALGALTHCRMtg,-0.015597320920103542,0
GALGLUSIDEtg,1.6919078202156665,0
GALGLUSIDEtl,-4.4919783213723425,0
GALGT1,0.15455920342006452,0
GALGT3,0.4509777400262219,0
GALGT4,0.04192593334040867,0
GALNACT1g,0.21152907802136842,0
GALNACT2g,0.36352930250188015,0
GALNACT3g,0.1982083783326974,0
GALNACT4g,0.3041631994643818,0
GALNACT5g,0.04211347190899557,0
GALNTg,0.2503970173344748,0
GALOR,-1.6375296707105471,0
GALSIDEtg,0.22465872305775397,0
GALt1r,-1,0.9999991809402433
GALT2g,0.21386301783563227,0
GALTg,0.21386301783563227,0
GALtly,0.2810849986972077,0
GAMt1r,0.0660063406279925,0
GAMYe,1,0
GAO1,-0.05075814925349045,0
GAO1g,0.6868129846266742,0
GAO2,0.6709741394744492,0
GAO2g,0.2692113675758082,0
GARFT,-0.16771343015981385,0
GASNASE2ly,0.26288272822505354,0
GASNASE3ly,0.17325620809996486,0
GASNASEly,0.10706638292710086,0
GBA,0.06278783565118863,0
GBAl,0.3105180891979786,0
GBGT1,0.5004368091079954,0
GBSIDEtl,-0.523494767202275,0
GCALDDm,-0.03298320749451372,0
GCC2cm,0.18428557548165334,0
GCHOLAt,0.9853558201659984,0
GCHOLAt2,0.8574546989166633,0
GCHOLAte,-1.0585756027310296,0
GCHOLAtx,-0.9775397095623902,0
GCNTg,0.6039529063904853,0
GD1B2te,-0.10285718452907713,0
GD1B2tg,0.10285718452857225,0
GD1Cte,0.19681603042568616,0
GD1Ctg,-0.3850212128342992,0
GDPFUCtg,0.21166381991707736,0
GDPtg,-0.21166381991707736,0
GFUCS,-0.13239883958659343,0
GGH_10FTHF5GLUe,0.024843528433760396,0
GGH_10FTHF5GLUl,0.5558010054104104,0
GGH_10FTHF6GLUe,0.024843528433760396,0
GGH_10FTHF6GLUl,0.5558010054104104,0
GGH_10FTHF7GLUe,0.024843528433760396,0
GGH_10FTHF7GLUl,0.5558010054104104,0
GGH_5DHFe,0.40153302160635573,0
GGH_5DHFl,0.14616812963807885,0
GGH_5THFe,0.3428799804156767,0
GGH_5THFl,0.8006808255552669,0
GGH_6DHFe,0.40153302160635573,0
GGH_6DHFl,0.14616812963807885,0
GGH_6THFe,0.3428799804156767,0
GGH_6THFl,0.8006808255552669,0
GGH_7DHFe,0.40153302160635573,0
GGH_7DHFl,0.14616812963807885,0
GGH_7THFe,0.3428799804156767,0
GGH_7THFl,0.8006808255552669,0
GGLUCT,-0.1351811657869604,0
GGNG,0.49851845976833575,0
GGT_L,0.2738433293711244,0
GGT5r,0.6978107344990235,0
GGT6,-1.000909614676803,0
GHMT2rm,-0.6082959101814637,0
GHMT3,0.8047919932660588,0
GLACO,0.7820378315772077,0
GLACter,-0.7820378315772077,0
GLAl,0.07040259568165079,0
GLB1,0.3105180891979786,0
GLBRAN,0.49851845976833575,0
GLCAASE1ly,0.27283855938708773,0
GLCAASE4ly,-0.10377718657515148,0
GLCAASE5ly,-0.056138489538926015,0
GLCAASE6ly,-0.40533888947194724,0
GLCAASE7ly,0.04211347190899557,0
GLCAASE8ly,0.4890026158229861,0
GLCAASE9ly,0.4890026158229861,0
GLCAE1g,0.36822864297279706,0
GLCAE2g,0.272838559387004,0
GLCAT2g,0.36352930250188015,0
GLCAT3g,0.1982083783326974,0
GLCAT4g,0.3041631994643818,0
GLCAT5g,0.04211347190899557,0
GLCAT6g,0.272838559387004,0
GLCAT7g,0.272838559387004,0
GLCAT8g,0.272838559387004,0
GLCAT9g,0.272838559387004,0
GLCATg,0.21386301783563227,0
GLCMter,1,0
GLCNACASE1ly,0.27283855938708773,0
GLCNACASE2ly,0.27283855938708773,0
GLCNACASE3ly,0.27283855938708773,0
GLCNACASE4ly,0.2728385593870883,0
GLCNACASE5ly,0.2728385593870883,0
GLCNACDASg,0.272838559387004,0
GLCNACT1g,0.2728385593870883,0
GLCNACT2g,0.272838559387004,0
GLCNACT3g,0.272838559387004,0
GLCNACT4g,0.272838559387004,0
GLCNACT5g,0.272838559387004,0
GLCt1r,0.531928833690754,0.9865950232449802
GLCt2_2,-0.21013653215879075,0
GLCtg,0.4355795833571566,0
GLCtly,0.3188448490712324,0
GLCURtly,0.11592376248179308,0
GLDBRAN,0.4985185713885571,0
GLGNS1,0.49851845976833575,0
GLNALANaEx,-0.7855095945892917,0
GLNASNNaEx,0.6098247026713275,0
GLNCYSNaEx,0.09075909045251673,0
GLNSERNaEx,0.38515909163268475,0
GLNTHRNaEx,0.10928837413574813,0
GLNtm,0.6304027232870913,0
GLNtN1,NA,1
GLPASE1,0.35034785424271825,0
GLPASE2,0.49851845976833575,0
GLU5Km,0.21020122202741867,0
GLUCYS,-0.3003899268862576,0
GLUDC,0.4128117127980208,0
GLUDxm,-2.72109175926082,0
GLUDym,-1.1624529071293819,0
GluForTx,-0.13544667462379292,0
GLUNm,0.8041317462614829,0
GLUt2m,0.02867803374706664,0
GLUt6,0.04365726111802438,0
GLUt7l,0.603180368600565,0
GLUTCOADHm,1,0
GLUtr,-0.6978107344990235,0
GLXO2p,0.5290450318104695,0
GLXtm,-2.3102321931749112,0
GLXtp,1,0
GLYAMDTRc,0.2449559870013772,0
GLYBt4_2_r,-0.5177906136531115,0
GLYBtm,0.4028133702821333,0
GLYCK2,1,0
GLYCLTDy,-0.48347762773402203,0
GLYCLTtp,0.26357591314399514,0
GLYC_St,0.6376025821110248,0
GLYCtm,-0.13579929460567447,0
GLYCTO1p,0.26357591314399514,0
GLYOXm,0.23969063949471506,0
GLYt4,0.9999936797644502,0
GLYt7_211_r,1,0.015131853517992067
GLYtp,-0.5185262757778192,0
GLYVESSEC,0.3222572378851499,0
GMPtg,0.21166381991707736,0
GNDer,0.6557011812511181,0
GNMT,0.4475824856789519,0
GP1CALPHAte,0.04192593334040867,0
GP1CALPHAtg,-0.04192593334040867,0
GPAM_hs,0.39808344905282506,0
GPIAT,0.6165840011155642,0
GPIDA2er,0.38864061043061016,0
GPIDAer,0.10414990801836062,0
GPIMTer_U,0.6165840011155642,0
GQ1Bte,-0.4560935955306254,0
GQ1Btg,-0.45097774002587765,0
GRTTx,0.3375847242755436,0
GSNt,0.8228355255403191,0
GSNtl,0.8251848770341906,0
GT1Ate,-0.08383999916223739,0
GT1Atg,-0.04896526230692581,0
GTHO,0.23804948398713038,0
GTHOm,0.46779140939871294,0
GTHP,0.8393606274193866,0
GTHPe,0.8736665310275566,0
GTHPm,0.5766928532754562,0
GTHRDtr,0.6684646314133951,0
GTHS,-0.6270079731687321,0
GTMLTe,-0.1351811657869604,0
GUACYC,0.3789908777679024,0
GUAD,1,0
GULN3D,-1,0
H2CO3Dm,0.13550690444557464,0
H2ETer,0.5697990892544872,0
H2MTer_U,0.6331017626341185,0
H2O2syn,0.178253924145059,0
H2O2t,0.5650374871843052,0
H2O2tly,0.2731364342119175,0
H2O2tn,-0.06773930633845733,0
H2O2tp,1.1523847192210122,0
H2Otg,0.31795332293464457,0
H2Otly,-0.9450308381731541,0
H2Otm,0.34337085409042656,0
H2Otn,1.1634193912026416,0
H3ETer,0.8356541476322674,0
H3MTer_U,0.5704825097304875,0
H4ET3er,0.14044372400929267,0
H4ETer,0.7954098251330824,0
H5MTer_U,0.5697990892544872,0
H6_ET2er,-0.2280376654673106,0
H6ET3er,0.3191597899188595,0
H6_ETer,0.15600769681605314,0
H6MTer_U,0.8172931525819525,0
H7ET2er,0.2158859988222362,0
H7_ETer,0.25274009327443436,0
H7_TAer,0.38864061043061016,0
H8TAer,0.10414990801836062,0
HACD1m,0.06565459798889828,0
HACD1x,0.2666929299831595,0
HACD9m,-0.5209417553960943,0
HAS1,0.4890026158229861,0
HAS2,0.4890026158229861,0
HAtly,0.4890026158229861,0
HBZOPT10m,0.3369485146127554,0
HCO3_CLt,-0.9997452562871044,0
HCOUMARINte,-0.08299704644695469,0
HDCEAtr,0.23027951141345981,0
HESTRATRIOLte,0.445434290699216,0
HESTRATRIOLtr,-0.445434290699216,0
HEX10,0.06754884470279822,0
HEX4,0.24618855015199775,0
HEXCCOAtx,0.3422675625756472,0
HEXCt,0.37106306636324127,0
HGNTOR,0.5928834939274861,0
HIBDm,-0.27244447031896923,0
HISDC,0.6660826102670351,0
HISt4,0.9905634146979816,0
HISTASE,0.33127388375209094,0
HISTAtu,0.48010444669740476,0
HISTAVESSEC,0.6307862321093376,0
HIStiDF,NA,1
HIStN1,NA,1
HKt,0.4673072795213569,0
HKYNH,1,0
HMGCOASi,-0.03159985069013634,0
HMGCOASim,-0.20669423211993504,0
HMGCOAtx,1,0
HMGLm,-0.4244991524452391,0
HMGLx,0.590997824375169,0
HOMt4,0.9818478479015065,0.04462933363472921
HOXG,0.692847431743972,0
HPACtr,-0.025092940437555104,8.243983273814592e-11
HPCLx,0.009119638874827023,0
HPDCACRNCPT1,22.597085387722796,0
HPDCACRNCPT2,22.59708538783275,0
HPDCACRNt,-0.7239906221802377,0
HPDCAt,0.23506177823143184,0
HPYRDCm,-0.03298320749451372,0
HPYRR2x,0.6376025821110248,0
HPYRRy,-0.7337295231119114,0
HPYRtp,0.575616056237812,0
HS1ly,0.27283855938708773,0
HS2ly,0.27283855938708773,0
HS3ly,0.27283855938708773,0
HS4ly,0.2728385593870883,0
HSAT1ly,0.27283855938708773,0
HSAT2ly,0.27283855938708773,0
HSAT3ly,0.27283855938708773,0
HSAT4ly,0.27283855938708773,0
HSD11B1r,1.0740105870895906,0
HSD11B2r,-0.999900928597608,0
HSD17B1,-0.005215165330270609,0
HSD17B2r,-0.8370085054961299,0
HSD17B42x,-0.030085506478749968,0
HSD17B4x,0.07290605500864358,1.554312234475219e-14
HSD17B8r,-0.33507637008392316,0
HSD17B9r,0.8515571123166235,0
HSD3A1r,1,0
HSD3A2r,-1.1475230389360531,0
HSD3B11,0.6529173919966443,0
HSD3B11r,0.4147924105362293,0
HSD3B12r,-0.3767534092316354,0
HSD3B13,0.4201441518774042,0
HSD3B13r,0.2864683374752087,0
HSD3B2r,0.730635867776507,0
HSD3B3r,0.9139845842513097,0
HSD3B7P,-0.46512538576816836,0
HSPASEly,0.2728385593870883,0
HSPGt,0.272838559387004,0
HSPGtly,0.272838559387004,0
HTAXOLte,-0.37600943479357496,0
Htg,0.057183875907303984,0
HXANtx,0.0925868177751671,0
HYPOE,0.6598949930753573,0
ICDHxm,1,0.8435631824210742
ICDHy,0.6781278669785665,0
ICDHyp,0.670907404603046,0
ICDHyrm,0.07774320006100761,0
IDHPOXOX2b,0.704821557970957,0
IDHPOXOX3,0.8190101706929922,0
IDHPOXOX4,0.9867892640574347,0
IDHPOXOXb,0.7659392748357704,0
IDOAASE1ly,0.27283855938708773,0
IDOAASE2ly,0.27283855938708773,0
IDOAASE3ly,0.2728385593870883,0
IDOAASE4ly,-0.16024365790130143,0
IDOURtly,0.13359234388833832,0
IDPtn,0.3631438031055999,0
ILEt4,0.8971276893885001,1
ILEt5m,0.8165866006968002,0
ILETAm,0.8165866006968002,0
ILEtec,0.2870516246762302,0.9470934682663219
INOSTO,0.2408856613357359,0
INSt,-1.3984405820303851,0
INSTt2r,-0.9999979096300109,2.7817703805044225e-4
INSTt4,1.0000002849870928,0
IPDDIx,0.3375847242755436,0
IPDPtx,0.33178398340542065,0
It,-1.170021646178658,1
ITCOAL1m,0.9997527700075283,0.03966601033199424
ITCOALm,0.697297859401358,0
ITPtn,-0.3631438031055999,0
KAS8,0.4368492194000057,0
KCC2t,-1,0
KCCt,NA,1
KDNH,0.4498887794390435,0
KHK,0.19914761892548694,0
KHK2,0.1335199271050679,0
KHK3,0.040186394574102585,0
KSII_CORE2t,0.11740027598368863,0
KSII_CORE2tly,0.19285475345557773,0
KSII_CORE4t,0.13459567934081612,0
KSII_CORE4tly,0.4125974928608718,0
KSItly,0.17325620809996486,0
Kt3g,0.49809052234989615,0
KYN,1,0
LACZe,0.9496854505095361,0
LALDO,0.2205682066522101,0
LAPCOAl,0.028279283908364407,0
LCADi_D,0.21634794145222877,0
LCADim,-0.36448344596465854,0
LCTStg,0.4355795833571566,0
LCYSTAT,0.5817653717934979,0
LDH_Lm,0.29111828317491706,0
LEUKTRA4t,1.969020600280149,0
LEUKTRA4tr,0.6978107344990235,0
LEUKTRB4t,0.6850545615571606,0
LEUKTRB4tr,-1,0
LEUKTRC4t,-1.000097322916846,0
LEUKTRD4tr,-0.6978107344990235,0
LEUKTRE4t,-0.999782873242399,0
LEUKTRF4t,-1.0000023295216331,0
LEUt4,0.9789759683209212,0.0028499528681386055
LEUt5m,0.5154124628708131,0
LEUTAm,0.5154124628708131,0
LEUtec,1,0
LFORKYNHYD,0.5385412482850463,0
LGNCt,0.19370020126907328,0
LIMNENte,0.10466758819539902,0
LINKDEG1ly,0.27283855938708773,0
LINKDEG2ly,-0.13301855256112324,0
LINKDEG3ly,-0.23214242977666655,0
LINKDEG4ly,0.04211347190899557,0
LIPOti,0.40819435739760074,0
L_LACtm,0.4558558312442901,0
LNELDCCPT1,-1.085760012308927,0
LNELDCCPT2,0.41589218630944186,0
LNELDCt,-1.0526461722549427,0
LNLCCPT1,0.13907416094604735,0
LNLCCPT2,0.17667526622246985,0
LNLNCACPT1,0.004097081989872162,0
LNLNCACPT2,0.004097081989872162,0
LNLNCACRNt,0.004097081989872162,0
LNLNCAt,0.4643360979929288,0
LNLNCGCPT1,-1.053644921114196,0
LNLNCGCPT2,-0.022434598961807366,0
LNLNCGCRNt,-1.560492696158579,0
LNS14DM,0.2047846567195629,0
LNSTLSr,0.18163067452222487,0
LPASE,-0.17727073421057513,0
LPS,0.34716103177880503,0
LPS2e,0.4731980371171932,0
LPS3,0.4666466619023873,0
LPS3e,0.1733224489845181,0
LPS4e,0.584383130233605,0
LRAT,-0.012435629253008982,0
LSTO1r,0.9246238192443466,0
LSTO2r,0.8852220544093374,0
LTA4H,-0.5479296149230245,0
LTC4CP,1.0009096146768028,0
LTC4Sr,0.6978107344990235,0
LTD4DP,-1,1
LTDCL,0.5701586362634259,0
LYSt4,0.9274334450674625,0
LYStiDF,-0.14215852865781392,1
LYStm,0.9853019895487795,0
LYStn,0.009096764409059736,0
M4BTAer,0.8172931525819525,0
M4CET3er,0.8172931525819525,0
MACACI,0.5928834939274861,0
MACOXO,-0.1266487344573309,0
MAGt,0.41728860929569417,0
MALTe,1,0
MALTly,0.3378079369663472,0
MALTSULtm,0.0017615724305142923,0
MALTt1r,0.3936478789077563,0
MANt1r,NA,1
MANtly,0.19635672313623528,0
MAOLNOR,-0.019629570248142637,0
MAOX,0.15627686565467253,0
MCCCrm,0.1818083006002049,0
MCDp,0.6374736291292202,0
MCLACCYSR,0.6170570941064436,0
MCLOR,-0.6170570941064436,0
MCPST,-0.8181407669097773,0
MDHm,0.2519381856488786,0
MDRPD,0.7522114686145591,0
ME1m,0.031967656248915954,0
ME2,0.7613901280142126,0
ME2m,-0.4828848050592863,0
MECOALm,-0.9993923472530492,0.02330809853328797
MECOAS1m,0.9993923472530492,0.02330809853328797
MELATN23DOX,1,0
MELATNOX,0.5906837164265196,0
MEOHtly,0.3570938637575121,0
MERCPLACCYSt,0.6170570941064436,0
METAT,0.0063820043990238835,0
METLEUex,NA,1
METS,0.052765654728383994,0
METt4,0.9995549430610354,0
METtec,-1,0
MEVK1x,0.33422688148174295,0
MHISOR,-0.1266487344573309,0
MI1345PP,0.42604309905766424,0
MI134PP,0.6497298792007302,0
MI145PK,0.5084347576454469,0
MI145PP,0.6316015626477928,0
MI14PP,0.2897507294471078,0
MI14Ptn,-0.13115201749148772,0
MI1P_Dtn,-0.5119699550319571,0
MI1PS,-0.15666771720587236,0
MI34PP,0.6497298792007302,0
MINOHPtn,0.31647003532933216,0
MLTG1,0.08024646099413009,0
MLTG1e,1,0
MLTG1ly,0.3378079369663472,0
MMMm,-0.22641361839588636,0
MMSAD1m,0.6684655839802289,0
MMSAD3m,0.7457753537096136,0
MMTSADm,-0.22641361839588636,0
MOGAT,0.07860653709112916,0
MTAP,0.7522114686145591,0
MTHFCm,1.7800770754325113,0
MTHFD2m,-0.3825213105510709,0
MTHFDm,1.6385750225924018,0
N2M2NMASNtly,0.26288272822505354,0
N3Tg,0.1926228045873778,0
N4Tg,0.2912787742773298,0
NABTNO,0.22538697506479244,0
NACHEX10ly,0.19599164298924796,0
NACHEX11ly,0.08965477353952718,0
NACHEX12ly,0.17246770755314492,0
NACHEX13ly,0.08611555897055323,0
NACHEX14ly,0.08818879514365739,0
NACHEX15ly,0.12480238049426544,0
NACHEX16ly,0.408572282991148,0
NACHEX17ly,0.20717853682702364,0
NACHEX18ly,0.24069972728549655,0
NACHEX19ly,0.0796220827170141,0
NACHEX1ly,0.1363667603305559,0
NACHEX20ly,0.256334867866266,0
NACHEX21ly,0.17325620809996486,0
NACHEX22ly,0.17325620809996486,0
NACHEX23ly,0.10007267975780498,0
NACHEX24ly,0.32163193408306223,0
NACHEX25ly,0.3011668161836512,0
NACHEX26ly,0.5263713793609011,0
NACHEX27ly,0.4890026158229861,0
NACHEX2ly,-0.13301855256112324,0
NACHEX3ly,-0.39113474019719224,0
NACHEX4ly,-0.6579065486393837,0
NACHEX5ly,-0.3263387194982402,0
NACHEX6ly,-0.46681605451233354,0
NACHEX7ly,-0.3856927022975242,0
NACHEX8ly,-0.02225705750354932,0
NACHEX9ly,-0.09404068595227377,0
NACHEXA10ly,0.23737122465717375,0
NACHEXA11ly,0.17380172155803433,0
NACHEXA12ly,0.2451779876495711,0
NACHEXA13ly,0.2414324433291932,0
NACHEXA14ly,0.21488431569970423,0
NACHEXA15ly,0.007738290663343226,0
NACHEXA16ly,0.14909171688827308,0
NACHEXA17ly,0.1274379936757805,0
NACHEXA18ly,0.24110860467206785,0
NACHEXA19ly,0.12918166060361636,0
NACHEXA1ly,-0.3618857858945845,0
NACHEXA20ly,0.26017984344572287,0
NACHEXA21ly,0.2861546686775565,0
NACHEXA22ly,0.3336319822319758,0
NACHEXA2ly,0.180489037416343,0
NACHEXA3ly,0.215777733913455,0
NACHEXA4ly,0.12157302660174847,0
NACHEXA5ly,-0.3480324754428958,0
NACHEXA6ly,-0.41681008036552375,0
NACHEXA7ly,0.11694673266969928,0
NACHEXA8ly,0.237805335814161,0
NACHEXA9ly,0.15024855738615195,0
NADPHtru,NA,0
NADPHtxu,-0.21259917130812045,0
NADPtru,NA,0
NADPtxu,-0.21259917130812045,0
NADtn,0.9374235041650253,0
NAGA2ly,0.2503970173344748,0
NAGAlby,0.2762265799798021,0
NAGAly,0.5004368091079954,0
NAGLCAly,0.29822754917773,0
NAIt,1,0.9992575577574787
NaKt,0.7369398311766854,0
NAt,NA,1
NAt3_1g,-0.059665948372647874,0
NAt5,-0.9041928783735818,0
NAtx,0.08781825876210357,0
NBAHH_ir,0.41159313411161474,0
NCCt,-0.7950057842969948,1
NCKt,1,0
NCNt,1,0
NDP10ex,0.3110749655992503,0
NDP3ex,0.8228355255403191,0
NDP6,0.38829873258212905,0
NDP7er,-0.6209129826704652,0
NDP7ex,0.854136845540026,0
NDP7g,0.23223933831076365,0
NDP8,0.9616775743340475,0
NDP8ex,0.854136845540026,0
NDPK10,-0.5954562180401413,0
NDPK10n,0.5954562180401413,0
NDPK1m,-0.9380782026829596,0
NDPK1n,-0.8083489063234991,0
NDPK2n,0.9860378483445473,0
NDPK3m,0.5778659225098426,0
NDPK3n,-0.2977877377482015,0
NDPK4m,0.4622432193576625,0
NDPK4n,-1.0027912826892436,0
NDPK5m,0.18944751535607854,0
NDPK5n,0.9959153533901386,0
NDPK6m,8.337891806206857,0
NDPK6n,0.3090193119949881,0
NDPK7m,0.016385518581418013,0
NDPK7n,-0.8308010901616898,1.1842238161841045e-4
NDPK8m,0.5487894105900948,0
NDPK8n,-0.978112632756936,0
NDPK9n,0.3631438031055999,0
NH4t3r,0.030144041860235064,0
NH4tn,-0.4438611470987636,0
NH4tp,-0.16219974549117558,0
NICRNS,0.2495218621810035,0
NIFEDIPINEte,0.5774286882014442,0
NKCC2t,-1,0.13577366237610733
NKCCt,0.9787899444725753,0
NMNATr,-1,0
NMNS,0.22398010066323396,0
NNMT,0.3052425744999568,0
NORANMT,0.3433343024965348,0
NOS1,0.4934502351311126,0
NOS2,0.06147175516545635,0
NOt,-0.3523378611209452,0
NP1,0.28945662004861156,0
NPTHLte,0.35595438228042675,0
NRPPHRSFt,-3.2867239841385536e-4,0
NRPPHRSULT,-3.2867239841385536e-4,0
NRPPHRt4_2_r,NA,1
NRPPHRtu,0.21137881286319518,0
NRPPHRVESSEC,0.0625922209716593,0
NRVNCCOAtx,1.8582575532354269,0
NS26T2g,0.12831971700659706,0
NS26Tg,0.3758821386865376,0
NTD12,0.18158221084778886,0
NTD1m,0.3970063436623912,0
NTD2e,0.46369972442059326,0
NTD2l,0.8722613256984548,0
NTD4e,0.9469703960135166,0
NTD4l,0.3091366805469196,0
NTD5l,-0.33567270570366764,0
NTD7e,0.9624001277138511,0
NTD7l,0.49328250941097257,0
NTD9e,0.8228355255403191,0
NTD9l,0.8251848770341906,0
NTP3e,0.8228355255403191,0
NTPP10,0.18158221084778886,0
NTPP9,-0.659746580223139,0
O16G1e,0.6443936639541945,0
O16G2e,-0.7593200846882853,0
O2St,-0.010288317859190885,0
O2Stm,0.10211792555807311,0
O2Stn,0.06773930633845733,0
O2Stx,-0.40598956857387086,0
O2ter,2.5816190614617565,0
O2tm,116.42515453782075,0
O2tp,-1.0543706912983968,0
OAGD3te,0.20006492397190698,0
OAGD3tg,-0.6868129846280725,0
OAGT3te,0.4958760925355209,0
OAGT3tg,-0.2692113675758082,0
OCBTm,0.21718597577290336,0
OCCOAtx,0.7345416216359333,0
OCDCAtr,0.7482997844430224,0
OCDCEAtr,-0.023600805407263913,0
OCOAT1m,0.06822323285284465,0
OCTAt,-0.41028234356587967,0
ODECOAtx,-0.2423048112208988,0
OIVD1m,0.5365111951831469,0
OIVD2m,-0.2469048665263776,0
OIVD3m,0.511948881175893,0
OMEPRAZOLEte,0.23529630030488702,0
ONPTHLte,-0.3559543822786471,0
OPAHir,0.5505686588253828,0
ORNt3m,-0.09699297461376288,0
ORNt4m,0.8406703169855828,0
ORNTArm,0.10970449146324217,0
ORNtiDF,NA,1
ORPT,-0.34959024905188946,0
OXAHCOtex,0.05640088037276475,0
OXAtp,0.529045031809291,0
P45011A1m,0.306466043178964,0
P45011B11m,0.370469616580607,0
P45011B12m,0.585456762835143,0
P45011B21m,0.336528703901936,0
P45017A1r,0.06551146506853985,0
P45017A2r,-0.19557776843242977,0
P45017A3r,0.48939896996845006,0
P45017A4r,0.39486932902661365,0
P45019A1r,0.8098506121472728,0
P45019A2r,0.5622172651162758,0
P4501B1r,0.445434290699216,0
P45021A1r,0.3252820997271384,0
P45021A2r,0.4041410746198382,0
P45027A11m,0.27954570526623973,0
P45027A12m,0.3706365292548742,0
P45027A13m,0.3706365292548742,0
P45027A14m,0.21287988155826032,0
P45027A15m,0.4293879050650707,0
P45027A16m,0.3183468142372872,0
P45027A1m,0.10184774204363596,0
P4502A6,0.08299704644828246,0
P4502C18,0.5158276691148145,0
P4502C19,0.23529630030488702,0
P4502C8,0.37600943479357496,0
P4502C9,0.5855806110145457,0
P4502C92,-0.12748788817005816,0
P4502C93,0.4759009620491759,0
P4502C94,0.4861778755172595,0
P4502D6,0.012166078622896296,0
P4502F1,0.35595438228042675,0
P45039A1r,0.48880570846643534,0
P4503A4,0.5774286882014442,0
P4503A43r,0.5977936447342626,0
P4503A5,0.14026295627472485,0
P4503A7r,0.49870857693292336,0
P45046A1r,0.48880570846643534,0
P4504B1r,0.4240939721618196,0
P4504F121r,0.35568920355499756,0
P4504F123r,0.35337390687151726,0
P4504F81r,0.2425425122217731,0
P4507A1r,0.19555158430509784,0
P4508B11r,0.6847984101521434,0
P4508B13r,0.4872727578917607,0
P450LTB4r,1,0
P450SCC1m,0.21287988155826032,0
P5CDm,1,0
P5CRm,-0.3588104723265697,0
P5CRxm,-0.054700806697555344,0
PA_HStg,-0.2762092757395543,0
PA_HStn,-1,0
PAFH,0.12448914971326165,0
PAFS,0.12448914971326165,0
PAIL_HStn,0.9041101784828895,0
PAIL45P_HStn,-1,0
PAN4PP,-0.08905073200163559,0
PAPStg,0.1897691679169117,0
PAPtg,0.1897691679169117,0
PCHOL_HStg,0.7188330827258878,0
PCHOLP_hs,0.641044340512375,0
PCHOLPg_hs,0.2762092757395428,0
PCHOLPm_hs,0.4028133702821333,0
PCHOLPr_hs,0.7731628617158854,0
PCm,0.32876255796423376,0
PCRNtc,1,0
PCt,0.32040804990774496,0
PDE1,0.33283634787923394,0
PDE4,0.3665115477798826,0
PDHm,0.05592272493625005,0
PDX5PO,0.0386645050610113,0
PDXPP,-0.22404952788533528,0
PE_HStm,0.4284229699306124,0
PEAMNO,0.3455444980284283,0
PEFLIP,0.25193839095828174,0
PEFLIPm,0.08385637571120341,0
PEPCK,0.8524810086458526,0
PEPCKm,0.4120789221393709,0
PERILLYLte,-0.4759009620505295,0
PEROXx,0.29684698483786603,0
PEt,0.34497429230408455,0
PETHCT,-0.02742143131072412,0
PETOHMm_hs,0.4028133702821333,0
PETOHMr_hs,0.32075519714790707,0
PFK26,0.22750175980565757,0
PGCD,0.2635270329707767,0
PGDI,-0.6757401267005511,0
PGDIr,0.9954473104200042,0
PGESr,0.42498973540425294,0
PGISr,1.1211774920974222,0
PGLer,0.6557011812511181,0
PGLYCt,-0.43113673509088646,0
PGPP_hs,0.35178125502198015,0
PGPPT,0.3948521735377567,0
PGS,0.6785227434303487,0
PGSr,0.34950793189267726,0
PHCDm,0.4494846779688045,0
PHCHGSm,-0.5290723996821679,1
PHEMEtm,0.09151375937535679,0
PHEt4,0.9897430710348214,0
PHETA1m,0.418961405830358,0
PHEtec,-1,0.5572781624773512
PHETHPTOX2,0.4153347371487396,0
PHYCBOXL,0.3455444980284283,0
PHYHx,0.30666561483836186,0
PHYTt,0.30666561483836186,0
PI345P3P,0.1648745234587593,0
PI345P3Pn,0.18486964415670262,0
PI345P5P,0.31233546394243245,0
PI34P5K,0.07050804584025311,0
PI3P4K,0.1524983754174085,0
PI3P5K,-0.4630996788217489,0
PI45P3K,0.24408534048308062,0
PI45P3Kn,0.18486964415670262,0
PI45P5P,0.01673831583860264,0
PI45PLC,0.6397346412546769,0
PI4P3K,0.4997914134526437,0
PI4P5K,0.24382346509902292,0
PI4PLC,0.23871009269428647,0
PI4PLCn,0.13115201749148772,0
PI5P3K,0.026314066945985447,0
PI5P4K,-0.16902532630345363,0
PIACGT,0.6165840011155642,0
PIK3,-0.7320845530098783,0
PIK4,0.5649272682648421,0
PIK5,0.16014987828277902,0
PIPLC,0.7543727448649882,0
PIPLCn,0.5119699550319571,0
PIter,-0.2979370352950123,0
PItg,0.2144761080785352,0
PItn,-1,0
PItx,-0.7324342638054375,0
PLA2_2,-0.4760504788036533,0
PLA2_2e,0.3944580033137133,0
PMEVKx,0.33422688148174295,0
PMI12346PH,0.36497430337610653,0
PMI12346PHn,-0.31647003532933216,0
PNTEH,-0.3072829391252951,0
PNTOt5,0.526447426932075,0
PPA2,0.23160650085309603,0
PPAer,0.29389686817315797,0
PPAm,-0.06499780317438868,0
PPAP,0.33667574472680906,0
PPDOy,NA,1
PPItr,1,0
PPItx,1,0
PPMI12346Ptn,-0.31647003532933216,0
PPOR,-0.04263773993814006,0
PRAGSr,-0.16771343015981385,0
PRASCS,-0.16771343015981385,0
PRDX,0.776720634072022,0
PRDXl,0.3570938637575121,0
PRGNLONESULT,0.11645503751630311,0
PRGNLONEtm,-0.32237157287540474,0
PRGNLONEtr,-0.4737106324840123,0
PRGSTRNt,0.20941665846312768,0
PRISTANALtx,0.009119638874827023,0
PROD2m,0.07656043622785513,0
PRODt2r,NA,1
PROSTGD2t,0.939516098988559,0
PROSTGE1t,0.9280204810906603,0
PROSTGE1t3,0.19455141403323353,0
PROSTGE2t,0.9999849950533617,0
PROSTGE2t2,0.9999786340125093,0
PROSTGE2t3,0.36483246917081824,0
PROSTGF2t,-0.9090988213954951,0
PROSTGI2tr,-1.1211774920974222,0
PROt4,0.996090061335304,0
PROtm,1,0
PSDm_hs,-0.0856787132607308,0
PSFLIP,0.8273394488138204,0
PSFLIPm,-0.0856787132607308,0
PSSA1_hs,-0.07872080916046309,0
PSSA2_hs,0.5122799329713377,0
PSt3,0.05223865401169971,0
PTDCACRNCPT1,-0.1460651529962888,0
PTDCACRNCPT2,-0.14606515299701595,0
PTDCACRNt,1.0094361208182105,0
PTDCAt,0.235457913297786,0
PTE2x,0.4135306711912766,0
PTE3x,0.7043632202979553,0
PTE4x,0.5077284671471988,0
PTHPS,0.23160650085309603,0
PTRCAT1,0.22538697506479244,0
PTRCOX1,0.44180513011007877,0
PYAM5POr,0.06972162983634746,2.220446049250313e-16
PYDXDH,0.28595419606001754,0
PYDXK,0.4266100787115723,0
PYDXPP,0.19021189774710678,0
PYNP2r,0.06216142430157822,0
PYRt2m,0.3713970346037081,0
PYRt2p,-0.04451456198345306,0
RADH2,1,0
RAI1,-1,0.8898134580348626
RAI2,-1,0
RAI3,0.7899551506446746,0
RDH1,-0.10754523978324657,0
RDH1a,0.2122903528492366,0
RDH2,0.25618454056919376,0
RDH2a,-0.25615812422613443,0
RDH3,0.1654592590454635,0
RDH3a,-0.1651457114819606,0
RDH4,1.0318753427490663,0.6398676131245755
RETI1,1,0.898172566965167
RETI2,1,0
RETI3,1.0318753427490663,0.6398676131245755
RETNGLCt,0.5462728742844408,0
RETNGLCt2,0.7977772063792542,0
RETNGLCt2r,0.8051802771459313,0
RETNGLCtr,0.5462728742844408,0
RIBFLVt3,0.3079167026269995,0
RTOTAL2t,0.4172126637329207,0
RTOTAL3CRNCPT1,0.5499374319990382,0
RTOTAL3CRNCPT2,0.5499374319990382,0
RTOTAL3CRNt,0.5499374319990382,0
RTOTALt,-0.010497245741261181,0
Rtotaltl,-0.30859734248557985,0
S23T2g,0.1174002759836881,0
S23T4g,0.13459567934081612,0
S23Tg,0.12831971700659706,0
S2L2FN2M2MASNtly,0.10706638292710086,0
S2T1g,0.3041631994643818,0
S2T2g,0.3041631994643818,0
S2T3g,0.36822864297279706,0
S2T4g,0.272838559387004,0
S2TASE1ly,0.27283855938708773,0
S2TASE2ly,0.2728385593870883,0
S2TASE3ly,-0.16024365790130143,0
S2TASE4ly,-0.40533888947194724,0
S2TASE5ly,-0.40533888947194724,0
S3T1g,0.2728385593870883,0
S3T2g,0.2728385593870883,0
S3T3g,0.27283855938708773,0
S3TASE1ly,0.27283855938708773,0
S3TASE2ly,0.2728385593870883,0
S3TASE3ly,0.2728385593870883,0
S4T1g,0.36352930250188015,0
S4T2g,0.36030591056570094,0
S4T3g,0.01607181147213038,0
S4T4g,0.04211347190899557,0
S4T5g,0.06954355137241768,0
S4T6g,0.36822864297279706,0
S4TASE1ly,0.1363667603305559,0
S4TASE2ly,-0.13301855256112324,0
S4TASE3ly,-0.39113474019719224,0
S4TASE4ly,-0.02225705750354932,0
S4TASE5ly,-0.09404068595227377,0
S6T16g,0.13459567934081612,0
S6T17g,0.13459567934081612,0
S6T18g,0.13459567934081612,0
S6T19g,0.13781718062033893,0
S6T1g,0.1174002759836881,0
S6T20g,0.1982083783326974,0
S6T21g,0.3041631994643818,0
S6T23g,0.01607181147213038,0
S6T24g,0.06954355137241768,0
S6T25g,0.272838559387004,0
S6T2g,0.1174002759836881,0
S6T3g,0.1174002759836881,0
S6TASE10ly,0.17325620809996486,0
S6TASE11ly,0.19599164298924796,0
S6TASE12ly,0.08965477353952718,0
S6TASE13ly,0.17246770755314492,0
S6TASE14ly,0.08611555897055323,0
S6TASE15ly,0.08818879514365739,0
S6TASE16ly,0.12480238049426544,0
S6TASE17ly,0.408572282991148,0
S6TASE18ly,0.20717853682702364,0
S6TASE19ly,0.24069972728549655,0
S6TASE1ly,0.27283855938708773,0
S6TASE20ly,0.0796220827170141,0
S6TASE21ly,0.256334867866266,0
S6TASE22ly,0.19285475345557773,0
S6TASE23ly,0.10007267975780498,0
S6TASE24ly,0.32163193408306223,0
S6TASE25ly,0.4125974928608718,0
S6TASE26ly,0.5263713793609011,0
S6TASE2ly,0.27283855938708773,0
S6TASE3ly,0.27283855938708773,0
S6TASE4ly,-0.6579065486393837,0
S6TASE5ly,-0.3263387194982402,0
S6TASE6ly,-0.46681605451233354,0
S6TASE7ly,-0.3856927022975242,0
S6TASE8ly,-0.02225705750354932,0
S6TASE9ly,-0.09404068595227377,0
SADT,0.1685240976717316,0
SALMCOM,-0.019629570248142637,0
SALMCOM2,0.6247648289734171,0
SAMHISTA,0.745849080482065,0
SARCStm,1,0
SARDHm,1,0
SBPP1er,-0.2328671413954876,0
SBPP3er,0.1478172371883762,0
SBTD_D2,0.07624565427006195,0
SBTR,0.07624565427006195,0
SCP21x,0.3835021532492131,0
SCP22x,-0.3293723366310548,0
SCP2x,-0.4350853295430673,0
SCPx,0.4465773030256805,0
Ser_Thrtg,-0.2503970173344748,0
SERALANaEx,0.6085305013879616,0
SERASNNaEx,0.41752176039067995,0
SERCYSNaEx,-0.20184736127880956,0
SERDGLNexR,0.21068015663260614,0
SERDGLYexR,-0.42383677465799263,0
SERGLNexR,NA,1
SERGLNNaEx,0.4055381335177812,0
SERGLYexR,NA,1
SERPT,0.7174820298839485,0
SERt4,0.9999931894322973,0
SERTHRNaEx,0.24599312776572668,0
SERtN1,NA,1
SERtp,-0.575616056237812,0
SFGTH,0.4945636801356957,0
SGALSIDEtg,-0.22465872305440857,0
SGALSIDEtl,0.22465872305775397,0
SGPL12r,0.4688948243136707,0
SIAASE2ly,0.17325620809996486,0
SIAASE3ly,0.19285475345557773,0
SIAASE4ly,0.4125974928608718,0
SIAASEly,0.10706638292710086,0
SIAT4Bg,0.24291882560495415,0
sink_citr[c],0.7204707772236677,0
sink_pre_prot[r],-0.6165840011155642,0
SLCBK1,-0.09966930257683115,0
SLDt,0.5817653717934979,0
SLDx,-0.5817653717934979,0
SMPD3g,0.794973365799668,0
SMPD3l,0.5848662458514755,0
SMPD4,1,0
SMS,0.13360369682938092,0
SO4CLtex2,-0.9115340160361617,0
SO4HCOtex,0.5981087574970221,0
SO4OXAtex2,0.4536838878204552,0
SO4tl,-0.08561066268604951,0
SOAT12,0.08809300445700478,0
SPC_HSt,-1,0
SPH1Ptr,-0.2328671413954876,0
SPHGNtr,0.015638573151137668,0
SPHINGStl,-0.30701882112525636,0
SPHINGStr,0.454886106520031,0
SPHK21c,0.22431972998952776,0
SPHS1Ptr,0.4027889799344622,0
SPODMe,-0.6471528851876506,0
SPODMm,0.10211792555807311,0
SPODMn,0.06773930633845733,0
SPODMx,-0.40598956857387086,0
SPR,0.3491314814425284,0
SPRMS,-0.021361829724145107,0
SPTix,-0.575616056237812,0
SQLEr,0.18163067452222487,0
SQLSr,0.17387115513234191,0
SR5AR2r,0.5640163984732798,0
SR5ARr,0.5101021138981852,0
SRTNACT,-0.6437174155186688,0
SRTNt6_2_r,-0.1424877174751733,0
SRTNtu,0.8032292678381711,0
ST3GAL21g,0.3850212128342922,0
ST3GAL22g,0.04896526230692581,0
ST3GAL23g,0.45097774002587765,0
ST3GAL31g,0.3231603263327183,0
ST3GAL61g,0.16493358839991745,0
ST6GALNAC23,-0.10285718452857225,0
ST6GALNAC24,-0.10285718452857225,0
ST6GALNAC27,0.04192593334040345,0
ST8SIA11,1,0
ST8SIA51g,0.24121311912259233,0
ST8SIA52g,0.45097774002587765,0
ST8SIA53g,0.04896526230692581,0
ST8SIA54g,0.3850212128342992,0
ST8SIA55g,0.04192593334040441,0
ST8SIA56g,0.22761795942330687,0
STCOAtx,0.8558540038430619,0
STRDNCCPT1,-0.04237148692488653,0
STRDNCCPT2,-0.09421964307932182,0
STRDNCt,-0.10360380370806166,0
STS1,-0.1297341679900625,0
STS1r,-0.16747913521661026,0
STS2,0.8552285231959603,0
STS2r,0.6634064218213435,0
SUCCt2m,1,0
SUCCt4_2,0.23340465686689488,0
SUCCtp,-0.4817378670837159,0
SUCOAS1m,0.07676595488698602,0
SUCOASm,-0.1297551318033417,0
SUCRe,1,0
SULFOX,0.7079970090817308,0
T4HCINNMFM,0.05782348940379843,0
TAGAT_Dt,0.2907019905702315,0
TAURt4_2_r,0.1119189526515257,0
TAURtcx,-0.08781825876210357,0
TAXOLte,0.37600943479357496,0
TCHOLAt,0.7387476874084952,0
TCHOLAt2,0.6217402033285239,0
TCHOLAte,-1,0
TCHOLAtx,-0.9970985439429972,0
TCYNTt,-0.7623146852336087,0
TCYNTtm,-0.0017615724305895494,0
TDCHOLAtx,0.1668084642778068,0
TETHEX3COAtx,0.4764101290022997,0
TETHEX3t,0.6165218989735692,0
TETPENT3COAtx,0.2671614247629664,0
TETPENT3CPT1,-0.8208358583798778,0
TETPENT3CPT2,-0.8208358583799,0
TETPENT3CRNt,-0.8208358583799,0
TETPENT3t,0.16627024972703208,0
TETPENT6COAtx,0.271404179784875,0
TETPENT6CPT1,-1.000063599157713,0
TETPENT6CPT2,-1.000063599157713,0
TETPENT6CRNt,-1.000063599157713,0
TETPENT6t,0.3199666932543128,0
TETTET6COAtx,0.13014300684949245,0
TETTET6CPT1,-0.9938950234040383,0
TETTET6CPT2,-0.9938950234040383,0
TETTET6CRNt,-0.9938950234055325,0
TETTET6t,0.4156822858095641,0
THBPT4ACAMDASE,0.13205132832572167,0
THCHOLSTOICtm,1,1
THD1m,-0.24049837233423393,0
THFt2,0.3428799804156767,0
THFtl,-0.8006808255552669,0
THMMPt4,0.556210969773119,0
THMTPt,0.019328698981264828,0
THRALANaEx,-0.45273402949156694,0
THRASNNaEx,-0.4173276792488124,0
THRCYSNaEx,0.25213701122465293,0
THRGLNexR,NA,1
THRGLNNaEx,-0.6956751688280743,0
THRGLYexR,NA,1
THRSERNaEx,0.19167057547779545,0
THRt4,0.9827645677968867,4.640852147019814e-10
THYMDt1,-1,0
THYMDtl,-0.33567270570366764,0
THYMDtm,0.23065908854427006,0
THYMt,2.4861984330592923,0
THYOXt,-0.8403515014104649,0
THYOXt2,-1.4010286015389855,0
THYPX,0.7465468227618974,0
TMABADH,0.8047919932660588,0
TMDK1m,0.23065908854427006,0
TMDPP,-1.1143351599350897,0
TMLYSOX,0.8047919932660588,0
TMNDNCCOAtx,-0.5706654188609107,0
TMNDNCCPT1,1.391982248991105,0
TMNDNCCPT2,0.6328333663041085,0
TMNDNCCRNt,1.1070803283405142,0
TMNDNCt,0.4136778756515474,0
TOLBUTAMIDEte,0.5855806110145457,0
TRDR,0.2030310927517806,0
TRDR2,0.5200169074095007,0
TRDR3,0.21769702939804284,0
TREH,-0.11418472270163756,0
TRIODTHYt,-0.9001395175059352,0
TRIODTHYt2,1.0511350999812894,0.9949836431869407
TRPHYDRO2,0.46105753810206035,0
TRPO2,0.6604273045600095,0
TRPt4,0.4634942733521543,9.8116714912444e-5
TRYPTAOX,0.18719293141982998,0
TSTSTERONEGLCte,0.44833023947209183,0
TSTSTERONEGLCtr,-0.4483302394570788,0
TSTSTERONESte,0.20977782761810507,0
TSTSTERONESULT,0.20977782761810507,0
TSTSTERONEtr,-0.4629183948393207,0
TSULt4_3,-1,0
TTDCAtr,-1,0
TTDCPT2,0.9552692592552277,0
TYR3MO2,0.6993495690887598,0
TYRASE,-0.0063255830758274754,0
TYRCBOX,-0.03619068522800409,0
TYRDOPO,0.8277330933069239,0
TYRDOPO3,-0.14461894069468123,0
TYROXDAc,-0.025092940437552506,8.243983273814592e-11
TYRt4,-0.663447352931354,1
TYRTAm,0.2909803682490422,0
UAG2EMAi,0.21868841346595205,0
UAGALDP,1,0
UDPACGALtl,-0.39168816148544106,0
UDPDOLPT_L,0.2738433293711244,0
UDPGALtg,0.2274903099277607,0
UDPGD,-0.5932081003978261,0
UDPGLCAter,0.7210011009427287,0
UDPGLCAtg,-0.20968888145140338,0
UDPGLCter,0.428122611539175,0
UDPGLDCg,0.17468182240404737,0
UDPGP,0.07711911287494315,0
UDPtl,0.39168816148544106,0
UDPXYLter,0.17468182240404737,0
UDPXYLtg,-0.17468182240404737,0
UGALGTg,0.4355795833571566,0
UGALNACtg,0.26324869430239456,0
UGCG,0.2522724289841767,0
UGLCNACtg,0.22129149703350193,0
UGT1A10r,-1.002474511951262,0
UGT1A1r,0.3596957446981119,0
UGT1A2r,0.7123263961507219,0
UGT1A3r,0.5640163984649004,0
UGT1A4r,0.44833023947209183,0
UGT1A5r,0.5462728742844408,0
UGT1A5r2,0.8051802771459313,0
UGT1A6r,0.7640153121711873,0
UGT1A7r,0.30979550789936783,0
UGT1A8r,0.4100427857981506,0
UGT1A9r,0.5101021138981852,0
UMPK2,-1.0517492561710327,0
UMPK2n,-1.000000001988623,0
UMPK3,-0.9805862411227089,0
UMPK3n,-1.0003875057452571,0.009629221177578584
UMPK4,-1.1523918520807916,0
UMPK4n,-0.754505432487965,0
UMPK5,-1.0201041299281115,0
UMPK5n,-0.8583966104493344,0
UMPK6,0.7823105496539747,0
UMPK6n,0.7433064439425648,0
UMPK7,-0.660839553377166,0
UMPK7n,0.9974086858731058,0
UMPKn,0.6053583620327756,0.9998350263618823
UPPN,0.26030198180835734,0
URAt,0.26701267881906904,0
URATEt,1,0
URATEtx,0.5589064526089128,0
UREAt5,0.3389911798695815,0
UREAtm,-0.4646033050590702,0
URIDK2m,0.13868439478507658,0
URIK1,-1,1
URIt,-0.5385026845401587,0
Uritl,0.8722613256984548,0
Uritn,-0.9485505945229502,0
UROLACer,0.7820378315772077,0
UTPtn,-0.5209114320670932,0
VACCt,1,0
VALt4,0.7254525991566694,0.9999999999977844
VALt5m,-0.03220352156897954,0
VALTAm,-0.03220352156897954,0
VALtec,0.9327071046075991,0
VLCS2p,0.46871528479172697,0
VLCS2r,1,0
VLCSp,1,0
VLCSr,1,0
WHDDCAte,-0.7199088247076076,0
WHTSTSTERONEte,0.4989758043290584,0
WHTTDCAte,-0.593487488256689,0
XANDp,0.6043359204644253,0
XANtx,1,0
XAO2x,0.09258681777516682,0
XAOx,0.43146959375391347,0
XOL7AONEtr,-1.6545510450648475,0
XOLDIOLONEt,-0.5945332977985301,0
XOLEST2te,-0.43845800652352757,0
XOLESTte,-0.08809300445700478,0
XOLTRI24tc,0.48880570846643534,0
XOLTRIOLtm,0.27954570526623973,0
XSERtg,0.21386301783563227,0
XYLTD_Dr,0.1335199271050679,0
XYLTer,0.21386301783563227,0
XYLtly,-0.1753961351955545,0
XYLUR,-0.8123302714251514,0
EX_4abutn[e],0.9249100416023764,0
EX_acmana[e],0.3568507819712035,0
EX_ahdt[e],1,0
EX_ctp[e],1.008775191686199,0
EX_dgmp[e],0.5495281702185376,0
EX_dgtp[e],-0.5495281702185376,0
EX_dha[e],-1,0
EX_dtmp[e],0.09107558167980326,0
EX_dttp[e],-0.05581794309066735,0
EX_HC00229[e],0.020660670015681865,0
EX_HC00250[e],-0.15258401112856737,0
EX_HC01361[e],-1,0
EX_HC01440[e],0.46901497177623325,0
EX_HC01441[e],-0.9692371180424281,0
EX_HC01444[e],0.656526560590846,0
EX_HC01446[e],-0.4690149717762359,0
EX_HC01577[e],0.4676370496974596,0
EX_HC01609[e],0.04634756175264483,0
EX_HC01610[e],-0.04634756175264483,0
EX_HC01700[e],0.9138163378886283,0
EX_HC02160[e],0.40547504552332414,0
EX_HC02161[e],-0.40547504552332414,0
EX_orot[e],-0.2092936859009874,0
EX_prpp[e],-1.004254191914787,0
r0009,0.7964686747841485,0
r0013,0.04372358187949013,0
r0016,0.8218929627573364,0
r0021,-0.0446135874204961,0
r0022,NA,1
r0023,0.2888692134848334,0
r0024,0.5573907547879866,0
r0027,0.9385094170411548,0
r0028,0.012891006932740093,3.133049375492192e-13
r0033,0.33592514778205407,0
r0034,-0.20722800492280904,0
r0047,-0.38602162583279287,0
r0051,-1.0042541919147874,0
r0062,-0.24125594077649995,0
r0068,0.12747203779627017,0
r0074,0.11762756416967053,0
r0081,0.37867339102188097,0
r0083,1,0.8435631824210742
r0084,-0.1262841665773086,0
r0085,0.5694273672279927,0
r0086,0.0187863318357961,3.842076656823679e-9
r0097,0.12747203779627017,0
r0113,0.3568507819712035,0
r0119,0.2002028194544201,0
r0129,0.9712706268726845,0
r0130,-0.013193742364178378,0
r0139,0.9469703960136133,0
r0142,0.6054987853875209,0
r0145,0.4307741141250232,0
r0149,-1.0087751916861998,0
r0156,0.5694273672279927,0
r0157,0.0187863318357961,3.842076656823679e-9
r0160,0.711023092726467,0
r0166,0.3921481692104146,0
r0170,1,1
r0173,-0.021219459614653543,0
r0178,0.10094620258681195,0
r0181,0.659746580223139,0
r0186,-0.06977434370418727,0
r0191,0.9416832362520196,0.5689132687962758
r0193,-0.4705639814937467,0
r0196,-1,0
r0202,-0.28130563444833906,0
r0205,-0.5315058378682608,0
r0208,0.6970410144274342,0
r0210,-0.5831544833070466,0
r0221,-0.3295398618956395,0
r0224,0.0709099025207597,0
r0226,0.0564798967910763,0
r0239,0.5385412482850463,0
r0245,0.09186388182605185,0
r0246,0.20998057075100623,0
r0249,-1.4889881510777894,0
r0276,2.4507648082788975,0
r0281,0.9249100416023764,0
r0287,0.3193358081549624,0
r0301,0.17800234629589287,0
r0308,0.02454644352955205,0
r0309,-1.0690720540105836,0
r0310,-0.3397930856439189,0
r0311,0.2613971736728905,0
r0317,-0.16734785217292042,0
r0319,-0.3295398618956395,0
r0321,0.6030768696132759,0
r0331,1,0
r0340,0.20998057075100623,0
r0354,-0.0799302077612197,0
r0355,0.3340491300463988,0
r0357,0.5557968547526171,0
r0358,-0.4792193259432226,0
r0360,-0.033855371068550445,1.2323475573339238e-14
r0361,0.3519870006213347,0
r0363,0.2157320324744028,0
r0364,-0.036026347125443,0
r0365,1,0
r0377,-0.6826796551810544,0
r0380,0.969237118042437,0
r0381,-0.3072829391252951,0
r0383,0.14542916080002127,0
r0385,0.3885851270252682,0
r0386,-0.10735939417134002,0
r0388,-0.71710090580490915,0
r0389,0.1718043808807372,0
r0390,-0.020660670015681865,0
r0391,0.41009863386687656,0
r0393,0.20998057075100623,0
r0394,-2.9826987200179884,0
r0395,-0.47496307306140606,0
r0399,0.7126161442030372,0
r0402,0.11438154369426902,0
r0403,0.7039406537676067,0
r0407,-0.18060329210672885,0
r0408,-0.9826506289548225,0
r0409,0.1971691337600621,0
r0410,0.5495281702185376,0
r0423,-0.09778287818610648,0
r0424,-0.1262841665773086,0
r0425,0.09778321529331613,0
r0426,-0.08567299635880801,0
r0431,-0.04233538842019657,0
r0432,0.08485537835906698,0
r0433,0.6374736291292202,0
r0434,-0.7133608886352721,0
r0437,-0.7989610302147852,0
r0438,0.907140879875055,0
r0440,-0.09949085766571568,0
r0441,0.027173677367637507,0
r0443,-0.6048341653093267,0
r0444,0.010277665068320495,0
r0450,-0.7577506378463091,0
r0451,0.1069253562626023,0
r0456,0.44153096043716017,0
r0463,0.14475538366634574,0
r0470,-0.7976685943639426,0
r0472,0.4897021367571968,0
r0474,-1.1788343507136425,0
r0475,0.8976572101376553,0
r0480,-0.6989185402264434,0
r0483,1.2657405284408358,0
r0488,0.27693560056037303,0
r0494,0.09107558167980326,0
r0497,0.05581794309066735,0
r0502,0.8367482637526414,0
r0504,0.2747984803919123,0
r0510,0.4439396827943481,0
r0511,0.03173927055231721,0
r0512,-0.9336064371011962,0
r0514,-0.705093493983469,0
r0517,-1,0
r0522,-0.11477567025381356,0
r0523,-0.11477567025381356,0
r0527,1,0
r0531,0.7009026106468709,0
r0537,0.0038149758624725022,0
r0539,-0.3072829391252951,0
r0541,-0.756051329827415,0
r0545,0.6004305211129416,0
r0546,0.4576123501410375,0
r0547,0.21115804198021393,0
r0548,-0.191214722106592,0
r0552,97.42957539380411,0
r0553,-0.44306760502680387,0
r0555,0.14542916080002127,0
r0557,0.1069253562626023,0
r0560,-0.825112108763619,0
r0561,0.3885851270252682,0
r0568,0.3616534160690564,0
r0575,1,1
r0578,0.10276058967409508,0
r0579,0.33592514778205407,0
r0584,-0.7951724386277096,0
r0590,0.33592514778205407,0
r0591,-0.4523521691541146,0
r0594,-0.9385174372516757,0
r0595,-0.09690940285915647,0
r0596,0.10944444899090015,0
r0603,0.630636550248027,0
r0604,-0.4846024722114228,0
r0610,-0.37953224037065514,0
r0611,0.37953224037065514,0
r0615,0.6546311241494829,0
r0616,0.06683415380232503,0
r0617,-0.6546311241494829,0
r0618,-0.04598421990896698,0
r0627,-0.656526560590846,0
r0629,-2.8424402182433868,0
r0630,0.11025594731447108,0
r0634,-0.4257818903932846,0
r0637,1,0
r0638,0.1695462896910662,0
r0639,0.5744556398170648,0
r0641,0.9730616344139433,0
r0642,0.895257237490892,0
r0643,-0.895257237490892,0
r0647,NA,0
r0648,0.4676370496974596,0
r0649,0.9138163378886283,0
r0650,1,0
r0653,-0.17450830189826866,0
r0655,0.9012649344995795,0
r0656,-0.10735939417134002,0
r0660,-0.4207821210352931,0
r0661,0.3052796958388977,0
r0666,-0.16771343015981385,0
r0669,-0.5677390234993945,0
r0670,-0.4846024722114228,0
r0672,1.5071279356126648,0
r0673,0.11438154369426902,0
r0686,NA,1
r0688,-0.24310146007025576,0
r0698,-0.36237318966527604,0
r0706,0.5391330728848918,0
r0707,-1,0
r0714,-0.17450830189826866,0
r0715,0.27961886896006105,0
r0716,-0.17450830189826866,0
r0717,0.27961886896006105,0
r0718,0.5744556398170648,0
r0719,0.2569399857149838,0
r0720,0.6617134316779119,0
r0721,0.2569399857149838,0
r0722,0.06671994710037153,0
r0723,0.3052796958388977,0
r0724,-0.06671994710037153,0
r0726,0.4257818903932846,0
r0727,0.3979637085238185,0
r0728,-0.20380115202287427,0
r0729,0.3979637085238185,0
r0730,-0.04427352270939124,0
r0731,-0.04427352270939124,0
r0732,-0.04427352270939124,0
r0733,0.3193358081549624,0
r0734,0.3193358081549624,0
r0735,-0.01176584976087218,0
r0737,0.46901497177623325,0
r0739,-0.1363284163922176,0
r0741,0.0452188001149077,0
r0743,0.5434481621410937,0
r0744,0.5625621678177581,0
r0747,-0.555068430558093,0
r0750,-0.6033327474310882,0
r0752,0.008380296224855133,0
r0753,-0.008380296224855133,0
r0754,0.0032339874615277325,0
r0755,-0.0032339874615277325,0
r0756,-0.05118167539726594,0
r0757,0.05118167539726594,0
r0758,-0.10281481167286095,0
r0774,-0.04634756175264483,0
r0779,-0.5677390234993945,0
r0781,0.18163067452222487,0
r0782,0.6151253620091187,0
r0783,-0.006794813690610592,0
r0786,0.0038149758624725022,0
r0787,0.034814596382312685,0
r0788,-0.6989185402264434,0
r0789,-0.6989185402264434,0
r0791,-0.8813574830822153,0
r0795,-0.09690940285915647,0
r0797,-0.365242360026613,0
r0801,0.11773717737218227,0
r0812,0.6594916881737786,0
r0813,-0.12603624323191387,0
r0822,-1,0
r0826,0.032382671454574276,0
r0829,1,0
r0838,-0.31960580628717006,0
r0840,-1.4889881510777894,0
r0841,1.0032389248176405,0
r0845,0.3568507819712035,0
r0853,-0.3385086891784191,0
r0859,1,0
r0860,-0.3342268814639798,0
r0885,-0.03744634017486216,0
r0892,-1.019349424931177,0
r0899,0.4911263203921987,0
r0907,0.5118317310052481,0
r0913,-0.8847677467844719,0
r0915,-0.034004328167312164,0
r0917,1.9733292174132713,0
r0921,1,0
r0924,0.03560667131150578,0
r0926,0.20998057075100623,0
r0927,0.1600587917376584,0
r0934,NA,1
r0940,-0.15258401112856737,0
r0942,0.3286797964272051,0
r0944,2.1723604421600555,0
r0946,-0.9999998574493982,1
r0950,0.11671464514664148,0
r0954,0.41473846244775747,0
r0960,0.5878319837949897,0
r0961,-0.9986198733472669,0
r0962,-0.705093493983469,0
r0968,0.3568507819712035,0
r0970,0.5770305155833932,0
r0973,-0.33592514778193305,0
r0975,1,0
r0987,-0.2767416194630513,0
r0990,-0.31623300834244694,0
r0994,0.4535664035493119,0
r0995,-1.0596364817528805,0
r0997,1,0
r0998,-0.7133608886352721,0
r0999,-0.7989610302146933,0
r1000,0.010277665068320495,0
r1001,1,0
r1002,0.907140879875055,0
r1003,-0.09949085766571568,0
r1005,0.08485537835906698,0
r1006,0.6374736291292202,0
r1007,0.02717367736766771,0
r1008,-0.6048341653093267,0
r1011,1,0
r1012,1,0
r1013,1,0
r1014,0.2492087601389767,0
r1015,0.9389306175265361,0
r1018,1,0
r1019,1.0168824437606634,0
r1020,0.9184377522026956,0
r1026,-0.06806268731802394,0
r1028,-0.36701111063973424,0
r1050,0.05594942177738479,0
r1051,1,0
r1078,0.2909803682490422,0
r1090,NA,1
r1106,0.43883756559253184,0
r1117,0.7824375806897081,0
r1134,0.07013254633410523,0
r1143,-0.9654758374532991,0
r1144,0.16453487492828958,0
r1147,0.2919828583826236,0
r1150,0.5805155237318882,0
r1154,0.9431670242641483,0
r1155,0.3566450105128062,0
r1156,-0.26466256420993695,0
r1163,0.6880459269057962,0
r1164,0.6316923161453861,0
r1165,0.09653741155495664,0
r1166,-0.30204074261939073,0
r1167,0.8815381034380267,0
r1168,0.02787651866861724,0
r1169,-0.5265226436738041,0
r1170,0.4487631607387426,0
r1171,0.1542988636809293,0
r1172,0.6316923161453861,0
r1174,0.09653741155495664,0
r1175,-0.30204074261939073,0
r1177,0.8815381034380267,0
r1179,0.02787651866861724,0
r1181,-0.5265226436738041,0
r1182,0.4487631607387426,0
r1183,0.1542988636809293,0
r1251,0.09653741155495664,0
r1252,0.14424797196874461,0
r1253,0.03570044779218453,0
r1254,-0.12303064949953982,0
r1255,0.1030515236865518,0
r1257,0.02787651866861724,0
r1259,-0.18379642990240938,0
r1260,-0.18918343856262343,0
r1262,0.32000969308419497,0
r1298,0.22381437710512408,0
r1318,0.907140879875055,0
r1374,0.04260502830495123,0
r1375,0.04372358187949013,0
r1377,0.478232347894106,0
r1378,0.4782323478932511,0
r1380,0.44725289322760575,0
r1382,0.3042269147649015,0
r1383,-0.04215816417432079,0
r1391,NA,1
r1392,NA,1
r1400,1,0
r1411,0.40547504552332414,0
r1418,-0.2780057714605161,0
r1427,-0.7649014136248415,0
r1428,0.28130563444833906,0
r1429,-0.28130563444833906,0
r1435,-0.6082959101814637,0
r1443,-0.22634342395472631,0
r1444,0.2569399857149838,0
r1445,0.48317480417939157,0
r1446,0.23475128094532277,0
r1447,-0.07534105064209436,0
r1448,0.36266140639862315,0
r1449,0.7186333041809926,0
r1450,0.41185731064967057,0
r1451,0.09699009927978189,0
r1454,-0.9554322818528074,0
r1455,0.418961405830358,0
r1457,0.0038149758624725022,0
r1459,-0.7712675802343338,0
r1467,1,0
r1468,1,1
r1472,-0.655819173028827,0
r1474,-0.655819173028827,0
r1477,-0.655819173028827,0
r1481,-0.04666062886397681,0
r1487,0.010277665068320495,0
r1495,0.12089579964006501,0
r1497,0.5155602641106293,0
r1498,-0.06806268731802437,0
r1499,0.5012073141314302,0
r1500,-0.8092507938669019,0
r1501,-0.5604571785979351,0
r1502,0.3096924801817029,0
r1503,-0.024146279458971097,7.221464260687149e-6
r1514,0.455171751821206,0
r1515,0.08463749737618892,0
r1516,0.27556802633063276,0
r1517,0.13075686533272088,0
r1518,0.5860021339096894,0
r1519,-0.2612215286555132,0
r1520,0.33945706082951577,0
r1521,0.4643360979929288,0
r1522,0.3216176837604288,0
r1523,0.23027951141345981,0
r1525,0.7995016706729892,0
r1527,0.12892199171312452,0
r1529,-0.25643881086857373,0
r1530,0.33960653935725904,0
r1531,0.014916784724097076,0
r1532,-0.002690339179083778,0
r1533,0.06035686782890025,0
r1536,-0.9051846622987618,0
r1538,-0.26618887209781966,0
r1540,NA,1
r1544,NA,1
r1546,NA,1
r1547,NA,1
r1548,NA,1
r1549,NA,1
r1551,NA,1
r1552,NA,1
r1553,NA,1
r1554,NA,1
r1556,NA,1
r1557,1,0.9999999999999981
r1559,NA,1
r1560,NA,1
r1561,NA,1
r1562,NA,1
r1563,NA,1
r1564,NA,1
r1565,NA,1
r1566,NA,1
r1567,NA,1
r1568,NA,1
r1569,NA,1
r1570,NA,1
r1571,1,1
r1573,NA,1
r1574,NA,1
r1575,NA,1
r1576,NA,1
r1578,NA,1
r1579,NA,1
r1580,NA,1
r1581,NA,1
r1583,NA,1
r1584,1,1
r1585,NA,1
r1586,NA,1
r1587,NA,1
r1588,NA,1
r1589,NA,1
r1590,NA,1
r1591,NA,1
r1592,NA,1
r1593,NA,1
r1594,NA,1
r1595,NA,1
r1596,1,1
r1597,NA,1
r1598,NA,1
r1599,NA,1
r1600,NA,1
r1602,NA,1
r1603,NA,1
r1604,NA,1
r1605,NA,1
r1606,NA,1
r1607,1,0.9999999999997281
r1608,NA,1
r1609,NA,1
r1610,NA,1
r1611,NA,1
r1612,NA,1
r1613,NA,1
r1614,NA,1
r1615,NA,1
r1616,NA,1
r1617,1,1
r1618,NA,1
r1619,NA,1
r1620,NA,1
r1621,NA,1
r1622,NA,1
r1623,NA,1
r1624,NA,1
r1625,NA,1
r1626,NA,1
r1627,NA,1
r1628,NA,1
r1629,NA,1
r1630,NA,1
r1631,NA,1
r1632,NA,1
r1633,NA,1
r1634,NA,1
r1635,NA,1
r1636,NA,1
r1637,NA,1
r1638,NA,1
r1639,NA,1
r1640,NA,1
r1641,1,1
r1642,NA,1
r1643,NA,1
r1644,NA,1
r1645,NA,1
r1646,NA,1
r1647,NA,1
r1648,NA,1
r1649,NA,1
r1650,NA,1
r1651,NA,1
r1652,1,1
r1653,NA,1
r1654,NA,1
r1655,NA,1
r1656,NA,1
r1657,NA,1
r1658,NA,1
r1659,1,1
r1660,NA,1
r1661,1,1
r1662,1,1
r1664,0.7920998797023966,0.9999999818884422
r1665,NA,1
r1666,NA,1
r1668,NA,1
r1669,1,1
r1670,NA,1
r1671,-0.9999973392137915,0.9999999999997281
r1672,0.7770634797497409,0
r1673,-0.07265983787682803,0
r1674,0.6720840671136286,0
r1675,-0.7034813448544193,0
r1676,0.10283390297281406,0
r1677,0.4510920994465531,0
r1678,0.5130611823950573,0
r1679,-0.5047667428306971,0
r1680,0.2920799654686682,0
r1681,0.8156645278995756,0
r1682,-0.43628550078149325,0
r1683,0.6496710104095775,0
r1684,0.13988433804048114,0
r1685,0.21427518027329173,0
r1686,0.5459999261754868,0
r1687,0.8051644389340594,0
r1690,-0.36123109408377174,0
r1691,-0.38070716544371835,0
r1692,-0.9312859813091815,0
r1693,0.05755321209954812,0
r1695,0.24844545686684394,0
r1696,-0.5680189336562581,0
r1698,-0.0809968715254089,0
r1700,0.34920392659572197,0
r1701,0.32985536964515066,0
r1702,0.8684106771369562,0
r1705,0.7481201582706563,0
r1706,-0.6056762622394244,0
r1707,-0.5321548863759965,0
r1708,0.7257045594451933,0
r1710,0.13426323630995135,0
r1711,-0.3326648514015242,0
r1713,0.22704794437272058,0
r1715,0.6292261007748251,0
r1716,0.808456781582757,0
r1717,0.9661284773128234,0
r1720,0.6866110584314922,0
r1721,0.46822804480011115,0
r1722,-0.1761812701441407,0
r1723,-0.4734491128545055,0
r1725,0.309905148065909,0
r1726,0.8607833118821517,0
r1728,-0.36235162749533767,0
r1730,-0.4452872999654957,0
r1731,-0.8044599198526183,0
r1732,-0.7245348277008177,0
r1733,0.5489485853853874,0
r1734,0.6955610332929798,0
r1735,0.8526979653968223,0
r1736,-0.7520929964799055,0
r1737,0.29208037917690716,0
r1738,0.6248535439611537,0
r1739,0.040214921117645665,0
r1740,0.7600124925499318,0
r1741,-0.13754079641527223,0
r1742,0.313736961444959,0
r1743,0.5454659658936192,0
r1744,-0.686840622049619,0
r1745,0.22799090137090997,0
r1746,0.14190150411466967,0
r1747,-0.421604131550366,0
r1748,0.7713483723682831,0
r1749,0.45602474404063326,0
r1750,0.31109545871092825,0
r1751,-0.9243068778045973,0
r1752,-0.19971281439593858,0
r1753,-0.09782557935588201,0
r1754,-0.49306497945039957,0
r1755,-0.09218664845510743,0
r1756,-0.6246027628035663,0
r1757,0.9250265187330333,0
r1758,0.7585290817877781,0
r1759,-0.895568535850464,0
r1760,0.3674917526794653,0
r1761,-0.5212573796110952,0
r1762,0.20622832168040056,0
r1763,-0.7980360875110899,0
r1764,-0.6512404861435159,0
r1765,0.8253108238097536,0
r1766,0.59039933355331,0
r1767,0.5501335072869405,0
r1768,0.7343381285160347,0
r1769,-0.4599290077560639,0
r1770,-0.10708461930760094,0
r1771,-0.6738558220387858,0
r1772,0.4456563311205906,0
r1773,0.5530038160376967,0
r1774,0.7778873597865807,0
r1775,0.631647843225652,0
r1776,-0.06936107699785182,0
r1777,-0.7054367542115675,0
r1778,-0.6353329321240373,0
r1779,0.5154627915346877,0
r1780,-0.16506951003888173,0
r1781,-0.8748612450003571,0
r1782,-0.5070860396402675,0
r1783,0.48333054629918415,0
r1784,-0.23730292523945073,0
r1785,-0.9867615916898207,0
r1786,0.9530725416341161,0
r1787,-0.15694440318367509,0
r1788,-0.4155778941634649,0
r1789,-0.056398279372409967,0
r1790,-0.615934397333581,0
r1791,0.12362437549045287,0
r1792,0.17489039395356198,0
r1796,0.5938173726057037,0
r1797,0.3707580189400297,0
r1798,0.285983975431758,0
r1799,0.24553277172682708,0
r1800,-0.9708810054028646,0
r1801,0.4225357396928759,0
r1803,0.9357451344986838,0
r1805,-0.5922602152399562,0
r1806,-0.13187912859113382,0
r1807,0.220102806728818,0
r1808,0.0394202095524536,0
r1809,0.7779459812616075,0
r1810,0.7215992624181464,0
r1811,-0.7134870800569543,0
r1812,0.2808415456916401,0
r1813,-0.8396933601303047,0
r1814,0.42329326251703775,0
r1815,0.9486725748711546,0
r1816,-0.4022956029441964,0
r1817,0.24806324723203085,0
r1818,0.30635494700831917,0
r1819,0.765440930103348,0
r1820,-0.7549232042330116,0
r1821,-0.10605827727748961,0
r1822,0.9672065234569427,0
r1823,-0.21390912625932418,0
r1824,-0.6971804805659984,0
r1825,-0.5867517951363905,0
r1826,0.3343141444207004,0
r1827,0.06551037337401594,0
r1828,-0.6901971885044933,0
r1829,-0.044254161154883176,0
r1830,0.7616788831144901,0
r1831,0.6326338830837173,0
r1832,0.5043055005287731,0
r1833,0.3644520649955746,0
r1834,0.1462881918071541,0
r1835,0.6568541745230557,0
r1836,0.3269648453378235,0
r1837,0.6447047380569059,0
r1841,-0.6878008941698605,0
r1842,0.4207545475939945,0
r1843,0.6949306406781003,0
r1844,0.1019445365406133,0
r1846,0.49095740295273876,0
r1847,0.9435094126260914,0
r1848,0.8806139440397512,0
r1850,0.1064328570299888,0
r1851,-0.675871801724007,0
r1852,0.816295299641381,0
r1853,0.26144502370710093,0
r1854,0.2615976003362436,0
r1855,-0.2120863391580436,0
r1856,0.5664578380475765,0
r1857,-0.19968557847456048,0
r1858,0.9063102578507847,0
r1859,-0.6334506928467096,0
r1860,0.8406946979800161,0
r1861,-0.5826903506486777,0
r1862,-0.22130758873122444,0
r1863,-0.5186085006375264,0
r1864,-0.557783658316035,0
r1865,0.8380343792940924,0
r1866,-0.30706562801102216,0
r1867,0.49778938146193574,0
r1871,0.7937744091434444,0
r1872,0.4002170147642743,0
r1873,-0.6571923042160513,0
r1874,-0.2115805633301907,0
r1876,0.3040516459683308,0
r1877,0.24368638186722752,0
r1879,0.7749954218866679,0
r1880,0.5905471095291053,0
r1881,-0.9216892900943602,0
r1882,-0.12604486003309714,0
r1883,0.7953392881100313,0
r1884,0.22335112041194385,0
r1885,-0.4598260357302977,0
r1886,0.48821612831860967,0
r1887,-0.9577007127247952,0
r1888,0.7491004139848221,0
r1889,-0.702791751698604,0
r1890,-0.3988369439360855,0
r1891,-0.7087984665788623,0
r1892,0.9554906250251654,0
r1893,-0.05361298446510642,0
r1894,0.52695644445115,0
r1895,0.8749550986819264,0
r1896,0.04616095026366308,0
r1897,0.5430584808918416,0
r1898,-0.8971494946085473,0
r1899,-0.5013080921088431,0
r1900,-0.8975906598437681,0
r1901,0.6435676961615437,0
r1902,-0.9306394318849384,0
r1903,-0.2530717504900499,0
r1904,-0.34854684896078586,0
r1905,-0.755948339567486,0
r1906,-0.44393194667614905,0
r1907,-0.4376356810333783,0
r1908,0.44642040195307214,0
r1909,-0.5672815972476152,0
r1910,-0.7520381182797221,0
r1911,-0.05148752151617604,0
r1912,1,0.9999928936505929
r1913,0.9294960458998173,0
r1914,0.8873751923168157,0
r1915,0.4840547204567999,0
r1916,0.9999394053017663,8.246292537705813e-12
r1917,1,0.9999999999999738
r1918,0.6350220725765675,0
r1919,0.9275623058918807,0
r1920,0.6559986103209814,4.586617533552939e-7
r1921,0.9999999125538994,1
r1922,1,0.9999999999999738
r1923,0.7677756505193927,0
r1924,0.8836280273103689,0
r1925,0.1400299906637576,0
r1926,0.9999306628626998,0.22343071964158767
r1928,0.11601802146674296,0
r1929,-0.3692850198992522,0
r1930,0.8070949850701109,0
r1931,0.9999997433856828,0.19824926708134705
r1932,1,0.9999998574564637
r1933,0.21059572677830468,0
r1934,0.06035945190436504,0
r1935,0.8518152104614705,0
r1936,0.9999872344026982,0.8232406684282509
r1937,1,1
r1938,0.7030950626155011,0.09030658401617853
r1939,0.9315805040936692,0.020517975996959148
r1940,0.7128210713365777,0.12710906795911414
r1941,0.9999973828600981,1
r1942,1,0.9626216458220573
r1943,0.8693068829051211,0
r1944,0.9956915355036978,0
r1945,0.7990861959319949,0
r1946,0.9999999570654248,0.898172566965167
r1947,NA,1
r1948,-0.9910031360915471,0
r1949,0.40732407640715634,0.018029363367459528
r1950,-0.9576961136985652,0.5228667779326279
r1951,-1,0.9998350263618823
r1952,1,1
r1953,0.061204594885537936,0
r1954,-0.2342768153104002,0
r1955,-0.6123423600735127,5.99852145732882e-9
r1956,0.9999905192941846,0.9992575577574787
r1957,1,1
r1958,0.5635974680194076,0
r1959,0.9477482995649436,0
r1960,0.6356706336728656,0
r1961,0.9999985409002646,0.06771201562313311
r1962,1,0.9999999818884422
r1963,0.6403847480656154,0
r1964,0.9446596188920966,0
r1965,-0.3481755929212174,0
r1966,0.9999973450328017,0.06525924453159848
r1967,1,1
r1968,0.6658014598689715,0
r1969,0.9363109952236958,0.1149632378245683
r1970,0.7753361811695231,4.0071279627795775e-12
r1971,0.9999950514092067,0.4358360068472745
r1972,1,0.9949836431869407
r1973,-0.9853505595347958,0
r1974,-0.6631080497714832,2.627671413790722e-10
r1975,-0.8297651580952703,0
r1976,0.9997488529752416,1.1102230246251565e-16
r1977,1,0.9986120073761862
r1978,0.7526186802106957,7.201057750094719e-8
r1979,0.9980281206601206,0
r1980,0.8204111454273292,3.2546187966886464e-12
r1981,0.9999996462429424,0.8533628500012153
r1982,1,0.999933522353927
r1983,0.0027581669323223407,0
r1984,0.9857758948313033,0
r1985,0.6965131202011476,0
r1986,0.9998490272925933,0.012659427644515331
r1987,NA,1
r1988,0.5499132791470257,0
r1989,-0.38559230485110185,1
r1990,0.22160928658554582,0.9526371059436776
r1991,-1,3.982750438336069e-5
r1992,-0.4920116365578522,5.466072039439496e-12
r1993,-0.4377534320775845,0
r1994,0.44243162589015256,0
r1995,-0.8983009080539053,0
r1996,-0.867484731909074,0
r1997,-0.48833439262740547,0.33935960149509925
r1998,-0.7971313687814572,0
r1999,0.8581214543333224,0
r2000,0.3905150781199774,4.7180121325296476e-4
r2001,0.5276366057605784,0.005723053182277504
r2002,-0.2275296965311146,0
r2003,-0.9333763430620645,0
r2004,0.9722539357282557,0
r2005,-0.8706898873685728,1.2323475573339238e-14
r2006,-0.44814226774509996,0
r2007,0.88347585023026165,0
r2008,NA,1
r2009,1,1
r2010,NA,1
r2011,NA,1
r2012,1,1
r2013,NA,1
r2014,NA,1
r2015,1,1
r2016,NA,1
r2017,1,1
r2018,1,1
r2019,NA,1
r2020,1,0.9999999999191685
r2021,1,1
r2022,NA,1
r2023,1,2.2153888168396918e-8
r2024,-1,0
r2026,-1,0
r2027,-1,0
r2028,-0.9933133724315379,0
r2029,-1,0.25096485004365243
r2030,-1,0
r2031,-0.38137863119916215,0
r2032,-0.6856440106463949,0
r2034,-0.9964827334667078,2.2731927451502543e-11
r2035,-1,0
r2036,-0.9981490425275891,0.04462933363472921
r2037,0.3640683095351527,0
r2038,-1,0
r2039,-0.6984877228564412,0
r2040,NA,1
r2041,NA,1
r2042,NA,1
r2043,NA,1
r2044,NA,1
r2045,NA,1
r2046,NA,1
r2047,1,1
r2048,NA,1
r2049,NA,1
r2050,NA,1
r2051,-1,1
r2052,1,1
r2053,NA,1
r2054,NA,1
r2055,1,5.09876363352646e-10
r2056,0.9999969511148442,0.27324262147595957
r2057,0.9999972212768402,1.1102230246251565e-16
r2058,0.9999984825701848,1.6137933932824922e-4
r2059,0.9999789318970703,0.006302222999698737
r2060,0.9999950392063576,0.02871155057771224
r2061,0.999997129321693,1
r2062,0.999989438493,1.7430501486614958e-14
r2063,0.9999992272245123,0
r2064,0.9999986988134397,3.4902474822851026e-5
r2065,0.999999182177907,7.890368445284679e-7
r2066,0.9999899818110163,0.15953988623507998
r2067,0.9999939974308815,9.925853635683879e-7
r2068,0.9999999563732476,0
r2069,0.9999838505175647,0.30504885199096776
r2070,0.9999992107542327,9.211683698251427e-5
r2071,0.9999999232115665,0
r2073,NA,1
r2079,NA,1
r2080,1.565900623157877,0.9999867965751421
r2081,0.5231589506459964,0
r2082,1.0053974609765888,0
r2083,-0.8955696047589131,0
r2084,-1,0.6042005621767512
r2085,1.005774125720355,0
r2086,-0.9999963250084419,0.003155990698111344
r2087,-0.99695895169970306,0
r2088,0.9487666194129296,0.07285375793750082
r2089,-1,0.9999999999977844
r2090,-1.907246420636663,0
r2091,-1.0517048995740303,0
r2092,-1,0
r2093,-0.9999989628480018,0
r2094,-0.13834933739400976,0
r2095,-1.0000024802638527,0.27324262147595957
r2096,-0.9999999875650912,9.834410906810476e-4
r2097,-0.7847876881781303,0.06771201562313311
r2098,-1.0008471648621968,0
r2099,-0.9999752592549527,0
r2100,-0.5663813792207479,5.022425697553956e-9
r2101,1.3420957046070632,0
r2102,0.9802811399946607,0
r2103,-1.0000004176296386,0.08118541043156102
r2104,1,0.9999999999853427
r2105,-1,0.6517935078494413
r2106,0.9908028673461136,1.4050982599655981e-12
r2107,-1.0000030893030596,0
r2108,-0.9919117361679665,0
r2109,-0.688711528124737,0.0014402294759188194
r2110,-1.0000000002326062,0
r2111,-1.322114876549763,0
r2112,0.0024293303717256034,0
r2113,0.9999171704524462,0
r2114,-1,2.1055100430933393e-6
r2115,-1,0
r2116,-0.9549486197885568,0
r2117,0.21493325322841625,0.10378927442529129
r2118,-1,1
r2119,-1.0000000213372362,0
r2120,1,0
r2121,0.9830288418144756,0
r2122,-0.37971066443777496,1.1102230246251565e-16
r2123,-1.0000994166554613,0
r2124,-0.9999591568318242,0
r2125,-0.9358748536147995,0
r2126,-1.1484877108032525,0
r2127,-44.75395238179183,2.4681960817296567e-4
r2128,0.9977108792548165,0
r2129,-1,0.9999867965751421
r2130,-1.0000028798163505,0
r2131,-0.9999867465160123,0
r2132,-0.9988702944159616,0
r2133,1.0001805558791126,0
r2136,NA,1
r2139,-1.0082671354578343,0
r2140,0.021517431773589724,0
r2141,-0.9270691174421029,0
r2142,0.8497721686863509,0
r2143,-0.2653195046693114,0
r2144,-0.6217209784666958,0
r2145,-0.20833568503271405,0
r2146,-0.7802733996987382,0
r2147,-0.22843330467068687,0
r2148,-0.0841983359139924,0
r2149,1.000000030650934,0
r2150,0.025523794346617824,0
r2151,-0.5883558055535125,0
r2152,-0.7234522463373065,0
r2153,-0.6028746488103632,0
r2154,NA,1
r2155,NA,1
r2156,NA,1
r2157,0.8617193535269451,0
r2158,-0.5636323265350377,0
r2159,0.6127151946698245,0
r2160,NA,1
r2161,NA,1
r2162,NA,1
r2163,0.9999735831656584,0
r2164,0.9986774548620926,0
r2165,0.9996202693759914,0
r2166,-0.9697585101789171,0
r2167,-0.956852743075728,0
r2168,-0.978077645723739,0
r2169,1,0.999933522353927
r2170,1,0.997576778882714
r2171,1,0.9999999999999738
r2172,1,1
r2173,1,1
r2174,NA,1
r2175,-0.9999916097526866,0
r2176,-0.999893397155523,0
r2177,-0.9983364522371279,0
r2178,0.014556788855138293,0
r2179,-0.09813981431232247,0
r2180,-0.02764345159416074,0
r2181,-0.9932591372525077,0
r2182,-0.11429665804774439,0
r2183,-0.47111722433182274,0
r2184,0.9999999912208518,0
r2185,0.9999999804000806,0
r2186,0.9999999996912438,0
r2187,0.9999926945904907,7.414208136324874e-10
r2188,0.9999997044731836,1.5188961199896767e-11
r2189,0.9999456237018918,8.137622797832478e-10
r2190,0.7520143291623292,0.01581410028530994
r2191,0.5980960745043901,0.08413544941169493
r2192,0.4326603881996971,0.898172566965167
r2193,-0.7884133060341842,0
r2194,-0.5840853872570771,0
r2195,-0.17584356260283882,0
r2196,4.2631728881534485,0
r2197,0.948429343185951,0
r2198,0.99375745114184455,0
r2199,1,0
r2200,0.44745215897808704,0
r2201,0.998291101674468,0
r2202,1.1512440785428266,0
r2203,NA,1
r2204,NA,1
r2205,NA,1
r2206,1,1
r2207,1,1
r2208,1,1
r2209,-1,0.42553069290732737
r2210,-1,0.4893400484717726
r2211,-1,0.6637192364251829
r2212,-0.39995979010110366,3.525025084928357e-4
r2213,-0.9975005840747984,1.7355006320940447e-12
r2214,0.042271412735578676,5.4893674050759955e-9
r2215,0.9491708947323203,0
r2216,0.8214646871524351,0
r2217,0.9674059970263301,0
r2218,-0.07773162851727292,0
r2219,0.0507697239805971,0
r2220,0.617602558736715,0
r2221,NA,1
r2222,NA,1
r2223,NA,1
r2224,1,1
r2225,1,1
r2226,1,1
r2227,-0.8614946144250806,0
r2228,-0.8357963088442,0
r2229,-0.9732806228939558,0
r2230,-1,0.9923358960893777
r2231,-1,0.9578124866418006
r2232,-1,0.9999597611242735
r2233,1,1
r2234,1,1
r2235,-0.9861748404262779,1
r2236,NA,1
r2237,NA,1
r2238,NA,1
r2239,-0.9990869745382109,0
r2240,-0.999625931413041,0
r2241,-0.9992961433273669,0
r2242,-0.9678069805423517,0
r2243,-0.9298635094166355,0
r2244,-0.912087413493238,1.1366463326112353e-12
r2245,NA,1
r2246,NA,1
r2247,NA,1
r2248,1,1
r2249,1,1
r2250,1,1
r2251,0.389986942667309,1
r2252,0.6257443504202047,1
r2253,0.4718552183962958,1
r2254,0.9602197968650774,0
r2255,0.9911748054502382,0
r2256,0.9958987965231404,0
r2257,-1,0
r2258,-1,0
r2259,-1,0
r2260,0.9999990974768783,0
r2261,0.9849112894214038,3.114996172115525e-8
r2262,0.996208966885164,2.1851241486348094e-5
r2263,-1,0
r2264,-1,0
r2265,-1,0
r2266,1,1
r2267,1,1
r2268,1,1
r2269,-1,0
r2270,-1,0
r2271,-1,0
r2272,-1,0.8127482964179291
r2273,-1,0.699374199935276
r2274,-1,0.7801332966662007
r2275,-1,0
r2276,-1,2.448591662762567e-9
r2277,-1,4.377850009729123e-6
r2278,-1,0.004481700042825332
r2279,-1,0.001690970220097232
r2280,-1,2.1882180843968424e-4
r2281,1,0
r2282,1,0
r2283,1,0
r2284,-0.9921541360410858,0
r2285,-0.9835394478763265,0
r2286,-0.9990229378877362,0
r2287,NA,1
r2288,NA,1
r2289,NA,1
r2290,0.4568100385068672,0
r2291,0.2067068509318482,1.3207872018305977e-8
r2292,0.07590679431268288,0.5923831806854307
r2293,-0.9715937683541872,0
r2294,-0.878485676250878,4.2232206620695933e-10
r2295,-0.9570750426676131,9.30533184400173e-4
r2296,0.9393002038387728,0
r2297,0.9028947030144596,0
r2298,0.907155885104045,0
r2299,1,0
r2300,1,0
r2301,1,0
r2302,0.999994188016299,2.1871393585115584e-14
r2303,0.9997525502834446,0
r2304,0.9999950857844212,0
r2305,0.9999801376778903,0
r2306,0.9867760546866747,0
r2307,1,0
r2308,0.9982619899713548,0.004481700042825332
r2309,1,0.15953988623507998
r2310,1,0.09353167453527556
r2311,-0.08559876871398364,0.7575978172547025
r2312,1,1.1795967532424179e-5
r2313,1.600260524517782,5.466072039439496e-12
r2314,-0.9492521606150998,0
r2315,-0.5475984309628631,0
r2316,-1.2058057118849455,0
r2317,0.12512107211203863,0
r2318,1.00000221886271,0
r2319,0.8504300328800413,0
r2320,-0.9000254267225476,0
r2321,0.9653713850012483,0
r2322,0.9965258469561642,0
r2323,0.9711746394268594,0
r2324,-0.37438600790497967,0
r2325,0.6728545330385189,0
r2326,-0.93863303324372,0
r2327,0.3032751356589638,0
r2328,-1.0115788632306075,0
r2329,1,0
r2330,0.7975040594346657,0
r2331,0.9045250842333953,0
r2332,-0.0033202070966414443,0
r2333,1.0231334209456453,0
r2334,-0.8449460834300845,0
r2335,0.042818997257693406,0
r2338,-0.29187606734493576,0
r2341,-0.9886729592995113,0
r2342,0.15449773852562979,0
r2343,-0.9608787030253023,0
r2344,-0.9917641096508784,0
r2346,2.3349246250403,0
r2347,1,1
r2352,1.1839389255295976,0
r2353,0.9998997398760607,0
r2354,-0.8504300074789823,0
r2355,-1.1134414906361978,0
r2356,-0.44775935817969836,0
r2357,-0.16055078741483017,0
r2358,1.5644685784998351,0
r2359,1.0133349584903446,0
r2360,-0.6728545240443994,0
r2361,0.935697579262516,0
r2362,-0.30327579877042027,0
r2363,0.37535607900888374,0
r2364,-4.528009835586605,0
r2365,-0.7975045638896818,0
r2366,0.0033195637944917005,0
r2367,0.2346820454199602,0
r2368,-1.0525805425581634,0
r2369,-0.695167594929083,0
r2370,NA,1
r2371,-1.334071150181802,0
r2372,-0.34074504625844604,0
r2373,0.7026164859244817,0
r2374,-2.529404400547038,0
r2375,-0.13400329439608305,0
r2376,1.0653597705471056,0
r2377,-0.439603063648347,0
r2378,0.634318133000317,0
r2379,-0.988558666612648,0
r2380,1.1301445739248774,0
r2381,-0.9999950204928623,0
r2382,-0.3901673555556523,0
r2384,-0.9749958716348919,0
r2385,-0.999996163907093,0
r2386,-0.11746412194630206,0
r2387,-0.957538346167097,0
r2388,-0.9608106916463555,0
r2389,-0.9999669378529753,0
r2390,-0.11110747958453944,0
r2391,-0.9948311719952401,0
r2392,-0.9998506549188017,0
r2393,1,0.8435631824210742
r2394,0.9935622773515357,0
r2395,-0.026059361685398186,0
r2396,-0.4659574126638846,0
r2397,-0.9065354664116497,0
r2398,-0.8355301173528847,0
r2399,-0.7755042614064861,0
r2400,-0.9999971927437779,0
r2401,-0.9999971361125939,0
r2402,-0.8280253460763844,0
r2403,-0.45774177732312493,0
r2404,-0.8148330212432587,0
r2405,-0.3233040945194574,0
r2406,-0.7934596782115035,0
r2407,0.20383307922107421,0
r2408,-0.8395925690894569,0
r2409,-0.983042851450275,0
r2410,-0.9901184413342631,0
r2411,0.15850161889459283,0
r2412,-0.7508644230812933,0
r2413,-0.8542342759713395,0
r2416,-0.9075622006068519,0
r2433,-0.8282899557090159,0
r2436,-22.59100910505518,0
r2437,-4.011819625024025,0
r2438,0.8613420089399713,0
r2439,-0.9071676230685349,0
r2465,NA,1
r2471,1,0.8721654123647457
r2472,-0.9101242333380722,0
r2473,-0.11616865936217019,0
r2482,-0.23400623864666342,0
r2483,0.12322257279652783,1.305622276959184e-13
r2484,0.9332379318651404,0
r2485,0.03973361106275818,0
r2486,-0.14714491401285648,0
r2487,-0.05622004253091518,0
r2488,-0.23282260842800598,0
r2489,-0.8727751340182858,0
r2490,-0.19628396397283399,0
r2491,-0.5223757157628834,0
r2492,-0.7349650572408072,0
r2493,0.9808802419648083,0
r2494,-0.587881597631902,0
r2495,0.026720640206025843,0
r2496,0.6515239362117574,0
r2497,0.033310394415158075,0
r2498,0.2283071246412683,0
r2499,0.9013801431753823,0
r2501,0.6495709718497407,0
r2502,-0.4146719261753467,0
r2503,0.18487593504392005,0
r2505,0.09900380018760171,0
r2506,-0.5878319837949897,0
r2507,1,1
r2508,-0.5663553918930695,0
r2509,0.8395644119822517,0
r2510,-0.014406534503809904,0
r2512,0.4652809984952824,0
r2514,0.010277665068320495,0
r2516,5.485954045256299,0
r2517,-0.10169055370453485,0
r2518,0.9446798248691658,0
r2520,-0.3093236431278266,0
r2525,1,0
r2526,1,0
r2532,-0.8006583545081607,0
r2534,0.9820573295633755,0
r2535,0.9177316827356242,0
r2537,1.6139307559206397,0
r2538,0.638533850892636,0
EX_sprm[e],-0.06584987539860827,0
RE0383C,0.9725701159435639,0
RE0453C,0.410781184090275,0
RE0453M,0.5487894105900948,0
RE0453N,0.5075516066345069,0
RE0456N,-0.5209114320670933,0
RE0512M,0.43191500876169425,0
RE0512X,-0.6470002450858595,0
RE0565C,0.47179542067570673,0
RE0566C,0.47179542067570673,0
RE0567C,0.47179542067570673,0
RE0568C,0.47179542067570673,0
RE0569C,0.4711065399613683,0
RE0569E,-0.14404974373529636,0
RE0570C,0.4711065399613683,0
RE0571C,0.4711065399613683,0
RE0574C,0.5730739493728565,0
RE0575C,0.5730739493728565,0
RE0576C,0.5730739493728565,0
RE0577C,0.5770746921107961,0
RE0578C,0.11637001823072962,0
RE0581C,0.7873170147029688,0
RE0583C,-0.6335137020134243,0
RE0688E,0.5188852873528446,0
RE0689E,0.9073787844546053,0
RE0690E,0.9073787844546053,0
RE0827E,0.5188852873528446,0
RE0828E,0.7360143738664369,0
RE0830C,-0.08244209886632212,0
RE0908C,0.29527522717350463,0
RE0912C,0.29527522717350463,0
RE0915C,0.11241309146010436,0
RE0915E,-1,0
RE0916C,0.1621111845681615,0
RE0918C,0.4023508521618865,0
RE0936E,0.1739058338564647,0
RE0937E,0.7072618601602944,0
RE0938E,4.132308321434198,0
RE1099C,0.04548177492264634,0
RE1100C,0.918150551916627,0
RE1100R,0.17753556217495037,0
RE1135C,-0.5000682166174139,0
RE1135R,0.504237887129411,0
RE1233C,0.9843272687769463,0
RE1234C,-0.11868592855197499,0
RE1235C,-0.024707462500757855,0
RE1303C,0.6987941077803543,0
RE1441R,0.3931013824154615,0
RE1447M,0.2974197048759864,0
RE1447N,-1,0
RE1448N,-0.9446809781221157,0
RE1448R,0.3931013824154615,0
RE1516M,0.43191500876169425,0
RE1516X,-0.6470002450858595,0
RE1517M,0.43191500876169425,0
RE1517X,-0.6470002450858595,0
RE1518M,-0.14419047928279088,0
RE1518X,-0.3391298300505095,0
RE1519X,0.5051688323183968,0
RE1520M,0.643501684237549,0
RE1520X,-0.3391298300505095,0
RE1521M,0.7144963458157397,0
RE1521X,-0.3391298300505095,0
RE1522M,0.643501684237549,0
RE1522X,-0.3391298300505095,0
RE1523M,0.43191500876169425,0
RE1523X,-0.6470002450858595,0
RE1525M,0.643501684237549,0
RE1525X,-0.3391298300505095,0
RE1526M,0.7144963458157397,0
RE1526X,-0.3391298300505095,0
RE1527M,0.643501684237549,0
RE1527X,-0.3391298300505095,0
RE1530M,0.18944751535607854,0
RE1531M,0.43191500876169425,0
RE1531X,-0.6470002450858595,0
RE1532M,0.643501684237549,0
RE1532X,-0.3391298300505095,0
RE1533M,0.7144963458157397,0
RE1533X,-0.3391298300505095,0
RE1534M,0.643501684237549,0
RE1534X,-0.3391298300505095,0
RE1573M,0.7144963458157397,0
RE1573X,-0.3391298300505095,0
RE1691M,-0.0017615724305895494,0
RE1711C,-0.11031552307643601,0
RE1796M,0.21287988155826032,0
RE1796R,0.4849786253170135,0
RE1803C,1,0
RE1804M,-0.13983437047722969,0
RE1807C,1,0
RE1807M,-0.7980892923977377,0
RE1810M,-0.21287988154469162,0
RE1834M,0.434126623328324,0
RE1834X,1,0
RE1835C,1,0
RE1836X,0.40417106689748733,0
RE1845C,0.9810757920928701,0
RE1845X,0.1668084642778068,0
RE1846C,0.08159044349871432,0
RE1860E,1.1324482920018142,0
RE1916C,0.45428004520876547,0
RE1918C,0.36445129600144877,0
RE1957R,0.40928825060626756,0
RE2080C,0.5839298883176561,0
RE2111M,0.16709148745454114,0
RE2112C,-0.05929942537764154,0
RE2112R,0.5762538964602184,0
RE2147C,0.7899551506446746,0
RE2235R,0.4100427857981506,0
RE2269E,0.2577023574280715,0
RE2270E,-0.13494351190027998,0
RE2273E,0.1217461436638421,0
RE2296C,0.673905207117108,0
RE2304E,-0.0467338119314122,0
RE2346C,-0.0796210829912227,0
RE2349C,-1,0
RE2404C,0.6210942829566549,0
RE2405C,0.5286350212394857,0
RE2407C,0.4482070369898045,0
RE2410C,0.2239366243899592,0
RE2426C,-0.5906837164265196,0
RE2427M,0.7707684311540962,0
RE2428M,0.309425381825164,0
RE2429M,-0.13255725952169295,0
RE2445E,0.4621475749628506,0
RE2526C,-0.7399073409595966,0
RE2541C,0.5286350212394857,0
RE2541E,-6.006011240448065,0
RE2562C,0.7781178263187519,0
RE2624M,-0.24160548430980636,0
RE2624X,-0.17853232850734546,0
RE2625C,0.05222528694858187,0
RE2625M,-0.7705356876699825,0
RE2626C,-0.6432592811738824,0
RE2626M,0.24920396794025512,0
RE2635C,0.08159044349871432,0
RE2636R,0.8809997973338125,0
RE2637C,0.061481699235144176,0
RE2637X,0.35549258741405815,0
RE2638C,0.2864902023092443,0
RE2640C,-0.00489365425365041,0
RE2649C,1,0
RE2649M,0.10761486569560416,0
RE2659R,0.8051802771459313,0
RE2666C,0.07040259568165079,0
RE2677C,0.10649582946239089,0
RE2677R,0.12766785332089944,0
RE2717L,0.2918305895320163,0
RE2759X,0.06013285272533856,0
RE2766C,-0.9931160161260418,0
RE2888C,-0.3016912667589623,0
RE2912M,0.018558707536538422,0
RE2954C,-0.0413912166764552,0
RE2972M,0.2974197048759864,0
RE2973N,0.9437308646143866,0
RE2985M,-0.21610592999979192,0
RE2985X,-0.25103984138974755,0
RE2986X,-0.25103984138974755,0
RE2987X,-0.25103984138974755,0
RE2988X,-0.25103984138974755,0
RE2989X,0.09546322095516435,0
RE2990X,0.09546322095516435,0
RE2991X,0.09546322095516435,0
RE2992M,0.8086060808269704,0
RE2992X,0.09546322095516435,0
RE2993X,0.09546322095516435,0
RE2994X,0.09546322095516435,0
RE2996X,-0.25103984138974755,0
RE2997X,0.09546322095516435,0
RE2998M,0.18206272391641812,0
RE2999M,0.5125328725491077,0
RE3000M,0.5125328725491077,0
RE3001M,0.5125328725491077,0
RE3002X,0.25103984138974755,0
RE3003M,-0.5125328725491077,0
RE3004M,0.5125328725491077,0
RE3005M,0.5125328725491077,0
RE3006M,0.5125328725491077,0
RE3009C,0.8195418083876255,0
RE3010C,-0.08832652060914215,0
RE3011M,0.10747686317463678,0
RE3011R,-0.3767280724224312,0
RE3012C,0.7453402348510972,0
RE3012M,0.10747686317463678,0
RE3012R,-0.3767280724224312,0
RE3033C,1,0
RE3038C,-2.254922059681787,0
RE3040C,2.1847336089639238,0
RE3051C,0.8861233230068062,0
RE3074X,0.22903778640711522,0
RE3079X,1,0
RE3081X,0.33613431139363154,0
RE3082X,0.33613431139363154,0
RE3086X,0.33613431139363154,0
RE3095C,0.6076487730445562,0
RE3103C,0.2846080434757361,0
RE3104C,0.2846080434757361,0
RE3106C,0.3111932679201755,0
RE3110C,0.3111932679201755,0
RE3112C,0.3111932679201755,0
RE3113C,0.3111932679201755,0
RE3114R,-0.649320609066496,0
RE3119C,0.296328163468926,0
RE3120C,0.296328163468926,0
RE3121C,0.296328163468926,0
RE3122C,0.296328163468926,0
RE3132R,0.05339725097195294,0
RE3134C,-0.23509142064815955,0
RE3136C,0.4482070369898045,0
RE3146R,0.08681400849544324,0
RE3151C,0.5631847065899314,0
RE3152C,0.5631847065899314,0
RE3153C,0.5631847065899314,0
RE3154C,0.03554731260576317,0
RE3156X,0.2527529842336547,0
RE3157X,0.2527529842336555,0
RE3158X,0.2527529842336547,0
RE3159X,0.2527529842336547,0
RE3160R,0.19941707199163924,0
RE3161C,0.7137735806323917,0
RE3162C,0.7137735806323917,0
RE3163C,0.7137735806323917,0
RE3165C,0.08179595594794055,0
RE3166C,0.08179595594794055,0
RE3167C,0.08179595594794055,0
RE3168C,0.08179595594794055,0
RE3169C,0.24623943301083653,0
RE3170C,0.24623943301083653,0
RE3171C,0.24623943301083653,0
RE3172C,0.24623943301083653,0
RE3173C,0.2448633341570635,0
RE3174C,0.400732270845969,0
RE3175C,0.400732270845969,0
RE3176C,0.2448633341570635,0
RE3177M,0.308072932258872,0
RE3178M,0.308072932258872,0
RE3179M,0.308072932258872,0
RE3180C,-0.23509142020769597,0
RE3181C,0.23509142020769597,0
RE3185M,0.308072932258872,0
RE3186M,0.308072932258872,0
RE3189M,0.308072932258872,0
RE3190M,0.308072932258872,0
RE3191M,0.308072932258872,0
RE3192M,0.308072932258872,0
RE3193M,0.308072932258872,0
RE3194M,0.308072932258872,0
RE3195M,-0.308072932258872,0
RE3218C,-0.027734678785316012,0
RE3220C,-0.27570719467025745,0
RE3224C,0.5223625565563167,0
RE3225C,0.6107354588218482,0
RE3226C,0.4457041562435487,0
RE3227C,0.5223625565563167,0
RE3228C,0.5223625565563167,0
RE3229C,0.5223625565563167,0
RE3230C,0.6107354588218482,0
RE3231C,0.6107354588218482,0
RE3232C,0.6107354588218482,0
RE3234C,0.4457041562435487,0
RE3235C,0.4457041562435487,0
RE3236C,0.4457041562435487,0
RE3237C,0.19615965909324737,0
RE3241C,0.19149701198360478,0
RE3242C,0.19149701198360478,0
RE3243C,0.19149701198360478,0
RE3244C,0.19149701198360478,0
RE3245C,-0.9076510260174824,0
RE3247M,0.24160548430891884,0
RE3247X,0.17853232850881076,0
RE3251M,0.34608727725406346,0
RE3258C,0.23734154858000447,0
RE3259C,0.20817585159447796,0
RE3268R,0.40928825060626756,0
RE3269C,-0.46491130035889267,0
RE3272N,-0.1311520174915221,0
RE3273C,-1.3455372829384198,0
RE3273R,-0.032382671454574276,0
RE3301C,0.24151444947214193,0
RE3307C,-0.09477095742433965,0
RE3346C,-0.6545392802572039,0
RE3346M,0.24947391468788516,0
RE3367E,0.7360143738664369,0
RE3381C,0.6210942829566549,0
RE3381E,-0.7758503793999075,0
RE3411C,-0.0796210829912227,0
RE3413C,0.0796210829914178,0
RE3417C,-0.0796210829912227,0
RE3420C,0.07962108298924517,0
RE3430C,-0.08832652060914215,0
RE3430M,0.08832652060914215,0
RE3431C,-0.17556583007486828,0
RE3432C,-0.17556583007486828,0
RE3432M,0.08832652060914215,0
RE3470C,-0.6544287368911197,0
RE3475C,-0.03678780037278887,0
RE3476C,0.44009070304744946,0
RE3485C,0.06061718491272143,0
RE3488R,0.48937220926727903,0
RE3493C,0.06061718491272143,0
RE3496C,0.17958465901393292,0
RE3520E,1.3580846375942617,0
RE3525M,0.09359603544870444,0
RE3526C,0.6544287368911041,0
RE3570C,0.48803667765735265,0
RE3587C,0.3662664854016276,0
RE3597C,-0.9747794322021985,0
RE3597M,0.10747686317463678,0
RE3597X,0.901683928111607,0
RE3624M,0.5125328725491077,0
RE3626M,0.4828990542780299,0
RE3628M,0.10619374597466345,0
EX_prostgh2[e],1,0
EX_prostgi2[e],1.1211774920974222,0
EX_cdp[e],-1,0
EX_dtdp[e],-0.789818127400193,0
EX_HC00955[e],-0.7425531187506067,0
EX_citr_L[e],-1,0
EX_HC00822[e],0.04259740055767829,0
EX_C02528[e],-0.5779171779912468,0
EX_HC02192[e],1,0
EX_HC02193[e],0.9538315132700462,0
EX_HC02195[e],0.23537785277085074,0
EX_HC02196[e],0.8650091562702824,0
EX_HC02194[e],-0.317651948615642,0
EX_HC02197[e],-1,0
EX_HC02198[e],1,0
EX_HC02187[e],-3.1574275642136995,0
EX_HC02180[e],0.1844479447143709,0
EX_HC02203[e],1,0
EX_HC02213[e],0.17958465901393292,0
EX_HC02217[e],-1,0
EX_malcoa[e],0.14404974373529636,0
EX_arachcoa[e],0.14404974373529636,0
EX_coa[e],-0.14404974373529636,0
EX_CE2250[e],-0.14404974373529636,0
EX_CE1943[e],0.8187926101455837,0
EX_CE1936[e],0.5188852873528446,0
EX_CE2915[e],-0.1739058338564647,0
EX_CE4722[e],0.1739058338564647,0
EX_CE2916[e],-0.7072618601602944,0
EX_CE4723[e],0.7072618601602944,0
EX_CE2917[e],-4.132308321434198,0
EX_CE4724[e],4.132308321434198,0
EX_23cump[e],-1.1324482920018142,0
EX_3ump[e],1.1324482920018142,0
EX_CE5786[e],-0.11467576083244424,0
EX_CE5788[e],0.2577023574280715,0
EX_CE5789[e],-0.13494351190027998,0
EX_CE5797[e],-0.1217461436638421,0
EX_CE5798[e],0.1217461436638421,0
EX_CE5787[e],-0.0467338119314122,0
EX_CE5791[e],-0.0467338119314122,0
EX_CE5867[e],-0.4621475749628506,0
EX_CE5868[e],0.4621475749628506,0
EX_CE5869[e],0.4621475749628506,0
EX_CE5854[e],6.006011240448065,0
EX_CE1926[e],-6.006011240448065,0
EX_crm_hs[e],1,0
EX_CE0074[e],-0.3016912667589623,0
EX_CE5853[e],0.7758503793999075,0
EX_CE1925[e],-0.7758503793999075,0
EX_C04849[e],1.3580846375942617,0
CITt4_4,1.0000081863447585,0
GLYt7_311_r,NA,1
HCO3_NAt,NA,1
INSTt4_2,0.9999999056122304,0
PIt8,-0.037149146799496165,0
PIt9,-0.0839270125748577,0
PROt4_2_r,NA,1
HSD17B3r,-0.004596577887633618,0
2MB2COAc,-0.3847060204973326,0
3HBCOARc,0.05134201131430787,0
ADPACDAc,0.5128368353035073,0
ADPACtx,0.2705682610158828,0
ADPCOACROT,-0.8995930461775897,0
ADPCOAPTE,0.2705682610158828,0
BCRNe,0.05134201131430787,0
C100CPT1,0.7587916138118447,0
sink_c101coa[c],0.1863800057600109,1.7912216154769567e-10
C101CPT1,-0.1863800057600109,1.7912216154769567e-10
C101CRNe,-0.1863800057600109,1.7912216154769567e-10
C102CPT1,0.30282839316823684,0
C10CRNe,0.7587916138118447,0
C10DCCACT,-0.017894370188100354,0
C10DCc,-0.12093680015325059,0
C10OHc,0.03975201147151023,0
C120CPT1,-0.07853438110424124,0
C121CPT1,0.4445760008397587,0
C12DCACOT,-0.011405419061022784,0
C12DCACT,-0.011405419061022784,0
C12DCTD,-0.011405419061022784,0
C12OHc,0.5506825605534803,0
C140CPT1,-48.30111717546515,0
C141ACBP,0.6331811779441889,0
C141CPT1,0.013105811495542647,0
C141OHc,0.6331811779441889,0
C141OHe,0.6331811779441889,0
C142ACBP,0.08411503104328322,0
C142CPT1,-0.022811477141425562,0
C142OHc,0.08411503104328322,0
C142OHe,0.08411503104328322,0
C14OHc,0.6317634874000987,0
C161OHc,0.4127246686834989,0
C162ACBP,0.38664927327217474,0
C162OHc,0.38664927327217474,0
C162OHe,0.38664927327217474,0
C16DCc,-0.25091920580959043,0
C16DCe,-0.25091920580959043,0
C16OHc,0.10067461311622916,0
C16txc,0.10531071226512184,0
C181OHc,0.2277794725042583,0
C182OHc,0.22495217893863217,0
C18OHc,0.23329281419820336,0
C30CPT1,-0.7143427693225958,0
C3DCe,0.5733020205608652,0
C40CPT1,1.9033107104847997,0
C4CRNCPT2,0.3959248257584522,0
C4CRNe,0.4786403565201115,0
C4DCe,0.8901359998845576,0
C4OHc,0.05134201131430787,0
C4tcx,-0.04578884788479429,0
C4x,-0.045788847884462164,0
C50CPT1,0.7765726064942944,0
C51CPT1,-0.3847060204973326,0
C5DCe,0.4889442988313009,0
C60CPT1,1.1535106072820396,0
C6CRNe,1,0
C6DCCACT,-0.8995930461783692,0
C6DCc,0.5128368353035073,0
C80CPT1,0.9186520612996991,0
sink_c81coa[c],-0.02543225129973473,0
C81CPT1,0.02543225129973473,0
C81CRNe,0.02543225129973473,0
C8CRNe,0.6669970430308366,0
C8DCc,-0.1430715400788094,0
C9BRxtc,0.5615675329965234,0
DCATDc,0.2945635174080759,0
DCATDr,-0.011487014151836158,0
DCSPTN1COAtxc,0.5762520670841834,0
sink_dd2coa[c],-0.4445760008397587,0
DDCRNe,0.5506825605534803,0
DDECCRNe,-0.07853438110424124,0
DDECE1CRNe,0.4445760008397587,0
DECCRNe,0.03975201147151023,0
sink_decdicoa[c],-0.30282839316823684,0
DECDICRNe,0.30282839316823684,0
DOCO13ECOAtxc,0.014349315479192234,0
DOCO13EFATP,0.014349315479192234,0
DOCOSACT,0.11744354197646961,0
DOCOSACTDe,-0.1024324715586749,0
DOCOSCOAtxc,0.2718676242700864,0
DOCOSDIACTD,0.5956120974000225,0
EX_3bcrn[e],0.05134201131430787,0
EX_3ddcrn[e],0.5506825605534803,0
EX_3deccrn[e],0.03975201147151023,0
EX_3hdececrn[e],0.4127246686834989,0
EX_3hexdcrn[e],0.10067461311622916,0
EX_3ivcrn[e],0.27288402038331167,0
EX_3octdec2crn[e],0.22495217893863217,0
EX_3octdeccrn[e],0.23329281419820336,0
EX_3octdece1crn[e],0.227779472499878,0
EX_3tdcrn[e],0.6317634874000987,0
EX_3tetd7ecoacrn[e],0.6331811779441889,0
EX_3thexddcoacrn[e],0.38664927327217474,0
EX_3ttetddcoacrn[e],0.08411503104328322,0
EX_c101crn[e],-0.18638000576001884,1.7912216154769567e-10
EX_c10crn[e],0.7587916138118447,0
EX_c16dc[e],-0.25091920580959043,0
EX_c3dc[e],0.5733020205608652,0
EX_c4crn[e],0.4786403565201115,0
EX_c4dc[e],0.8901359998845576,0
EX_c51crn[e],-0.3847060204973326,0
EX_c5dc[e],0.4889442988313009,0
EX_c6crn[e],1,0
EX_c81crn[e],0.02543225129973473,0
EX_c8crn[e],0.6669970430308366,0
EX_ddece1crn[e],0.4445760008398028,0
EX_ddecrn[e],-0.07853438110424124,0
EX_decdicrn[e],0.30282839316823684,0
EX_doco13ac[e],-0.031251745740738336,0
EX_docosac[e],0.11070740208507436,0
EX_docosdiac[e],0.5956120974000225,0
EX_ivcrn[e],0.7765726064942944,0
EX_tetdec2crn[e],-0.022811477141425562,0
EX_tetdece1crn[e],0.013105811495542647,0
EX_dca[e],-0.3827174681679275,0
FAOXC101C102m,-0.33182306869676875,0
FAOXC101C102x,0.2033280264867646,0
FAOXC101C8m,-0.2886146604528814,0
FAOXC101C8x,-0.4024913044456366,0
FAOXC101x,-0.27237699791506004,0
FAOXC102C101m,-0.7717505169543006,0
FAOXC102C101x,-0.637769069764079,0
FAOXC102C103m,-0.015407760014037913,0
FAOXC102C103x,-0.6074958374259255,0
FAOXC102C81m,-0.015407760014037913,0
FAOXC102C81x,-0.6074958374259255,0
FAOXC102m,-0.015407760014037913,0
FAOXC102x,-0.6074958374259255,0
FAOXC103C102m,-0.015407760014037913,0
FAOXC103C102x,-0.6074958374259255,0
FAOXC10C10OHm,-0.07389959933936817,0
FAOXC10C8m,0.33854351224136653,0
FAOXC10C8x,-0.2287444499199657,0
FAOXC10DCC8DCx,-0.11139768181305762,0
FAOXC11BRC9BRx,0.3120251493519589,0
FAOXC11C9m,0.02337023684667,0
FAOXC121C101m,-0.1886398478873202,0
FAOXC121C10x,-0.18989555196786184,0
FAOXC121x,0.21622041209544746,0
FAOXC122C101m,-0.5525218038319046,0
FAOXC122m,-0.5525218038319046,0
FAOXC122x,0.2412449960037497,0
FAOXC123C102m,-0.015407760014037913,0
FAOXC123C102x,-0.6074958374259255,0
FAOXC123m,-0.015407760014037913,0
FAOXC123x,-0.6074958374259255,0
FAOXC12C10m,0.09837663662571197,0
FAOXC12C10x,0.5150442181884487,0
FAOXC12C12OHm,0.05008168148048505,0
FAOXC12DCC10DCx,-0.12036336281934097,0
FAOXC12DCTc,-0.37489254391462296,0
FAOXC12DCc,-0.011405419061022784,0
FAOXC12DCx,-0.3748925439145923,0
FAOXC13BRC11BRx,0.3120251493519589,0
FAOXC13C11m,0.02337023684667,0
FAOXC141C121m,-0.1886398478873202,0
FAOXC141C121x,0.11875538914916531,0
FAOXC141C141OHm,0.6331811779441889,0
FAOXC142C122m,-0.5525218038319046,0
FAOXC142C122x,0.2412449960037497,0
FAOXC142C142OHm,0.08411503104328322,0
FAOXC143C123m,-0.015407760014037913,0
FAOXC143C123x,-0.6074958374259255,0
FAOXC14C12m,0.26192977340554224,0
FAOXC14C12x,0.17610803649645212,0
FAOXC14C14OHm,0.3831367169858184,0
FAOXC14DCC12DCx,-0.3024298165790722,0
FAOXC15ATPx,1,0
FAOXC15BRC13BRx,0.2637449311093424,0
FAOXC15C13m,0.02337023684667,0
FAOXC15NADPx,0.5815391266567979,0
FAOXC15NADx,0.35091363566844824,0
FAOXC161C141m,0.2189185382069371,0
FAOXC161C141x,0.11875538914916531,0
FAOXC161C161OHm,0.4127246686834989,0
FAOXC162C142m,0.2873901699575215,0
FAOXC162C162OHm,0.38664927327217474,0
FAOXC163C142x,0.24124499600382085,0
FAOXC163C143m,-0.6470601058671265,0
FAOXC163C164Gm,-0.6948846969095208,0
FAOXC163C164x,0.2412449960037497,0
FAOXC163GC142m,-0.6948846969095208,0
FAOXC163Gm,-0.6948846969095208,0
FAOXC163x,0.24124499600382085,0
FAOXC164C143m,0.33859688806354304,0
FAOXC164C143x,-0.6074958374259255,0
FAOXC164C163x,0.24124499600382085,0
FAOXC164C165m,0.33859688806354304,0
FAOXC164C165x,-0.6074958374259255,0
FAOXC164GC163m,-0.6948846969095208,0
FAOXC164m,0.33859688806354304,0
FAOXC164x,-0.6074958374259255,0
FAOXC165C164m,0.33859688806354304,0
FAOXC165C164x,-0.6074958374259255,0
FAOXC16BRx,0.5077284671471988,0
FAOXC16C14m,-0.46728235324049366,0
FAOXC16C14x,0.16359876083961053,0
FAOXC16C16OHm,0.10067461311622916,0
FAOXC16DCC14DCx,-0.3024298165790722,0
FAOXC16DCr,-0.28058241235280573,0
FAOXC17C15m,0.2439152212526257,0
FAOXC181C161m,-0.13807663260944864,0
FAOXC181C161x,0.11875538914916531,0
FAOXC181C181OHm,0.2277794725042583,0
FAOXC182C162m,0.2873901699575215,0
FAOXC182C182OHm,0.22495217893861746,0
FAOXC183C163Gm,-0.7712035352223796,0
FAOXC183C163m,-0.4498616705839404,0
FAOXC184C163m,0.1482040979787683,0
FAOXC184C163x,0.2412449960037497,0
FAOXC184C164m,0.567629139617306,0
FAOXC184C164x,-0.6074958374259255,0
FAOXC184m,0.1482040979787683,0
FAOXC184x,0.2412449960037497,0
FAOXC185C164m,0.15939795945324417,0
FAOXC185m,0.15939795945324417,0
FAOXC18C18OHm,0.23329281419820336,0
FAOXC201C181x,0.11875538914916531,0
FAOXC204C184m,0.1482040979787683,0
FAOXC204C205x,0.2412449960037497,0
FAOXC205C184x,0.2412449960037497,0
FAOXC205C185m,0.15939795945324417,0
FAOXC221C201x,0.11875538914916531,0
FAOXC225C204m,0.1482040979787683,0
FAOXC225C204x,0.2412449960037497,0
FAOXC225C226m,0.1482040979787683,0
FAOXC225C226x,0.2412449960037497,0
FAOXC225m,0.1482040979787683,0
FAOXC225x,0.24124499600382068,0
FAOXC226C205m,0.2007082546148174,0
FAOXC226C225m,0.1482040979787683,0
FAOXC226C225x,0.2412449960037497,0
FAOXC226C227m,0.2007082546148174,0
FAOXC226m,0.2007082546148174,0
FAOXC227C226m,0.2007082546148174,0
FAOXC22C20x,-0.030932174314972073,0
FAOXC22OHC22r,0.7396935961673888,0
FAOXC241C221x,0.1586653010881013,0
FAOXC24C22x,0.13128974940520177,0
FAOXC3DC,0.5733020205608652,0
FAOXC4C2m,0.39203992890313877,0
FAOXC4C4DCc,0.927854130762517,0
FAOXC5C3x,0.02337023684667,0
FAOXC5C5DCc,0.4889442988313009,0
FAOXC5C5OHm,0.27288402038331167,0
FAOXC5OHc,0.27288402038331167,0
FAOXC61C4m,0.5534651326601875,0
FAOXC61C4x,-0.5556887424719754,0
FAOXC61m,-0.015407760014037913,0
FAOXC61x,-0.6074958374259255,0
FAOXC6C4m,0.39150104003997,0
FAOXC6C4x,0.5824226664548083,0
FAOXC6DCC4DCx,0.38321417139812186,0
FAOXC7C5m,0.02337023684667,0
FAOXC81C61m,-0.015407760014037913,0
FAOXC81C61x,-0.6074958374259255,0
FAOXC8C6m,-0.07271165880428493,0
FAOXC8C6x,0.1144809055345548,0
FAOXC8DCC6DCx,-0.0639990315200994,0
FAOXC9C7m,0.02337023684667,0
FAOXMC10OHMC10r,-0.011487014151836158,0
FAOXOHC16C16DCc,-0.135831145234609,0
FAOXOHC22C22DCc,0.7396935961673888,0
FAOXOHMC10DC10c,-0.011487014151836158,0
FAOXTC101TC102m,0.6827122307514482,0
FAOXTC102C101m,0.6827122307514482,0
FAOXTC122TC101m,0.6827122307514482,0
FAOXTC122m,0.6827122307514482,0
FAOXTC142TC122m,0.6827122307514482,0
FAOXTC162TC142m,0.37124870402034776,0
FAOXTC182TC162m,0.37680163076924666,0
FOAXC122C101x,0.2412449960037497,0
GLUTCOAACBP,0.4889442988313009,0
HDCACBP,0.03975201147151023,0
HDDACBP,0.5506825605534803,0
HDECAACBP,0.10067461311622916,0
HDECEACBP,0.4127246686834989,0
HEDCECRNe,0.4127246686834989,0
HEXCOAACBP,-0.42625444381771993,0
HEXDCRNe,0.10067461311622916,0
HEXDIACtr,-0.28058241235280573,0
HEXDICOAACBP,-0.25091920580959043,0
HEXDICOAACBPx,-0.3024298165790719,0
HIVCACBP,0.27288402038331167,0
HIVCRNe,0.27288402038331167,0
HOCDACBP,0.23329281419820336,0
HOCTDACBP,0.2277794725042583,0
HOCTDEC2CRNe,0.22495217893863217,0
HOCTDECCRNe,0.23329281419820336,0
HTDCACBP,0.6317634874000987,0
HTDCRNe,0.6317634874000987,0
IVCOAACBP,0.7765726064942944,0
IVCRNe,0.7765726064942944,0
LGNCCOAtcx,0.15441663655353535,0
NRVNCCOAtxc,0.44900516376821115,0
OCD11COACPT1,-0.06591430131632367,0
OCD11CRNCACT,-0.06591430131632367,0
OCD11CRNCPT2,-0.06591430131632367,0
OCT11EFATP,0.5247038993028391,0
OCTDEC2ACBP,0.22495217893863217,0
OCTDECCACT,0.2277794725042583,0
OCTDECCPT1,0.2277794725042583,0
OCTDECCPT2,0.2277794725042583,0
OCTDECE1CRNe,0.227779472499878,0
sink_octdececoa[c],-0.2277794725042583,0
OMHDEACIDTD,-0.011487014151836158,0
OMHDOCOSACTD,0.7396935961673888,0
PRISTCOAtcx,0.009119638874827023,0
SBCOAACOTx,0.3542916109863802,0
SCP21cx,0.18848017174854434,0
SEBACACT,-0.12093680015325059,0
SEBACIDtx,0.0550320847849845,0
SEBCOACROT,-0.017894370188100354,0
SEBCOAPET,0.0550320847849845,0
STCOATxc,0.4242603623144801,0
STRDNCCOAtxc,-0.09098228983534562,0
SUBEACtx,0.3542916109863802,0
SUBERCACT,-0.08757837777446144,1.6264767310758543e-13
SUBERCROT,-0.08757837777446144,1.6264767310758543e-13
SUBERICACT,-0.08110246771610242,0
SUCCOAPET,1,0
sink_tetdec2coa[c],0.022811477141425562,0
TETDEC2CRNe,-0.022811477141425562,0
sink_tetdece1coa[c],-0.013105811495542647,0
TETDECE1CRNe,0.013105811495542647,0
TIGCRNe,-0.3847060204973326,0
34DHPHELAT1tc,-1,0
4OHPROIMINOtc,1,0.005452108634632857
ALAALACNc,0.36825614600962897,0
ALAALAPEPT1tc,0.36825614600962897,0
ALAATB0tc,0.999999798122438,2.3787638525618604e-12
ALAyLATthc,-0.8205450367273904,0
ARGATB0tc,0.9833097318519306,0
ASCBSVCTtc,-0.3786514087940711,0
ASNATB0tc,0.9999992729879795,0
BALABETAtc,-0.9996002945886322,1
BALAPAT1tc,NA,1
BTNTe,-1,4.440892098500626e-16
CARPEPT1tc,0.41159313411161474,0
CYSATB0tc,0.9999903286717812,0
CYSSNAT5tc,1,0
FOLTle,-0.8764459230972418,0
GALSGLT1le,0.15451189393997586,0
GLCSGLT1le,0.2311756786945627,0
GLNATB0tc,0.9999794946115057,0
GLNyLATthc,0.35722477627115296,0.9999999999999738
GLYGLYCNc,0.9078978619359765,0
GLYGLYPEPT1tc,0.9078978619359765,0
GLYPHEPEPT1tc,0.5347550331784433,0
GLYPROPEPT1tc,0.4260155134587042,0
GLYSARCNc,0.24550219242145377,0
GLYSARPEPT1tc,0.24550219242145377,0
GLYSNAT5tc,1,0
HISSNAT5tc,1,0
HISyLATtc,0.9012017759644398,0
HISyLATthc,-0.9740788064843214,0
HPETFABP1tc,-0.2250279799821132,0
ILEATB0tc,0.9999418610535198,0.699374199935276
LEUATB0tc,0.9999603959635507,0
LEUGLYPEPT1tc,-0.05803105051486026,0
LEULEULAPc,-0.450212490282209,0
LEULEUPEPT1tc,-0.450212490282209,0
LEUyLAThtc,-0.8288886809049404,2.055833281389141e-11
LINOFATPtc,0.5860021339096894,0
LYSATB0tc,0.9915712946394072,0
METATB0tc,0.9999976874945592,0
METyLATthc,-0.9235156681389954,0
NACHORCTL3le,-1,0
OCDEAFABP1tc,-0.8813877965762147,0
OLEICFATPtc,0.2553195488531636,0
PALFATPtc,-0.1004978020657085,2.6280126741440313e-8
PEHSFABPe,0.3674043420411311,0
PHEATB0tc,0.9991430389754309,0
PHEyLATthc,-0.1259642279441737,1
PMTCOAFABP1tc,2.275816197417385,0
PNTORDe,-0.6077855849334667,0
PROGLYPEPT1tc,0.8081410725857591,0
PROGLYPRO1c,0.8081410725857591,0
PROIMINOtc,0.9998210367843912,0
SERATB0tc,0.9999954936964345,0
TAUBETAtc,NA,1
TAUPAT1c,NA,1
THRATB0tc,0.9999995698014795,0
TRPATB0tc,0.11976247333227603,0
TYRATB0tc,0.9999960631250072,0.4358360068472745
VALATB0tc,0.9999880813004349,0
VITEtl,0.29044253747269905,0
1a25DHVITD3TRn,0.12280616501297156,0
3AIB_Dtm,0.5635513577744572,0
4HPROLTASCT1,-0.27542760717293685,0
5MTHFt2le,0.506079221195172,0
ASPPROASCT1,-0.15197934717029749,0
ASPte,0.12391395105534495,0
BIDGLCURr,0.7987912985905397,0
BTNt3ile,-0.007861215114854424,0
CHOLESACATc,0.43845802706341147,0
CHOLESTle,0.43845802706341147,0
DM_1a25dhvitd3[n],0.12280616501297156,0
DM_5hpet[r],-0.2250279799821132,0
DM_pmtcoa[r],0.8857004771698009,0
DPMVDc,0.12092154727140175,0
DSREDUCr,0.9653775224455728,0
DTMPKm,0.47401073494897483,0
EX_4hpro[e],-1,0
EX_alaala[e],-0.36825614600962897,0
EX_carn[e],-0.41159313411161474,0
EX_glygly[e],-0.9078978619358693,0
EX_glysar[e],-0.24550219242145377,0
EX_leugly[e],0.05803105051486057,0
EX_leuleu[e],0.450212490282209,0
EX_fmn[e],-0.433894471575433,0
EX_oh1[e],0.4149082897035986,0
EX_q10h2[e],0.3369485146127554,0
FADH2ETC,-0.04360165110936783,0
FE2DMT1,0.05366511514974219,0
FE3MTP1,-0.07914624205449626,0
FMNALKPle,0.43389447156565686,0
FOLt2le,1,0
FRDPtcr,-0.07578972486797755,0
G6PDH2c,0.6610451743832422,0
GLUPROASCT1,0.40421824207229373,0
GLYCTDle,-1,0
GNDc,0.43019901937645316,0
IPDDI,-0.7286787564872595,0.9999999999853427
LEUGLYHYc,-0.05803105051486026,0
MAL_Ltx,-0.9465990689810213,0
MDHx,0.9465990689810213,0
MEVK1c,0.12092154727140175,0
MTHFR3,1,0
P5CR,-0.9850750613316124,0
PGLc,0.8018042000184216,0
PHEMEe,0.6824257844470936,0
PMEVKc,0.12092154727140175,0
PNTOt5le,-0.02621816047442376,0
PPItm,-0.08704246213210903,0
PRO_Dtde,NA,1
PTCRTD,0.10414682968350189,0
Q10H2e,0.3369485146127554,0
RPEc,0.01751267964552273,0
RTOTAL2FATPc,0.39808344905282506,0
RTOTALFATPc,0.2505139856487972,0
sink_5hpet[c],-0.39951450650210824,0
SPRMTDe,0.05618600639054818,0
q10tm,-0.3369485146127554,0
34HPPte,1,0
3MOBte,1,0
3MOPte,1,0
4HPRO_LTte,0.4739160663512194,0
4MOPte,-0.09919058606321259,0
5MTAte,-0.07502564227034712,0
5OXPROt,0.1390207674307157,0
AHCYSte,-0.03603859396202003,0
AICARte,1.020968898050788,0
CBASPte,-0.2010757719900725,0
DM_Lcystin,0.004601529053032159,0
DM_anth,0.9637921646542833,0
EX_34hpp[e],-1,0
EX_3mob[e],-1,0
EX_3mop[e],-1,0
EX_4mop[e],0.09919058606321259,0
EX_5mta[e],0.07502564227034712,0
EX_5oxpro[e],-0.1390207674307157,0
EX_aicar[e],-1.020968898050788,0
EX_cbasp[e],0.2010757719900725,0
OROTGLUt,0.2092936859009874,0
IDOURte,0.13359234388833832,0
EX_idour[e],-0.13359234388833832,0
5HOXINDOAtr,0.10585008390487831,0
LKYNRtr,1.0000001002946968,0
LKYNRtr2,0.9999986214418375,0
LKYNRtr3,1.0000000034380598,0
CRTNtr,NA,1
KYNATEtr,0.3472375306850328,0
KYNATEtr2,-0.3472375306850328,0
3ANTHRNtr,-1,0
HKYNRtr,-0.4861866424642848,0
QULNtr,0.6583106516865146,0
CHOLPtr,1,0
CYST_Ltr,-0.11135508547099164,0
DHAPtr,1,0
DMGLYtr,0.12679280588294065,0
GLCURtr,-0.8521629871817576,0
UDPGLCURtr,-0.017151506089331237,0
OROT5Ptr,-0.43357212263375866,0
EX_5hoxindoa[e],-0.10585008390487831,0
EX_cholp[e],-1,0
EX_cyst_L[e],0.11135508547099164,0
EX_dmgly[e],-0.12679280588294065,0
EX_Lkynr[e],-1,0
EX_quln[e],-0.6583106516879653,0
EX_3hanthrn[e],1,0
EX_udpglcur[e],0.017151506089331237,0
EX_hLkynr[e],0.4861866424642848,0
EX_orot5p[e],0.43357212263375866,0
ALAB0AT3tc,NA,1
ARACHDFATPtc,0.1155207760361303,0
ARGB0AT3tc,NA,1
ASNB0AT3tc,NA,1
BUTSMCT1,-0.15093082914873798,0
CLCFTRte,-0.2693202760096047,0
CRNATBtc,-0.4917352907650075,0.5115845200421552
CYSB0AT3tc,NA,1
FOLABCCte,0.1355839460803709,0
FOLOAT1tc,NA,1
FOLOAT2tc,-0.7174897870744267,0
FOLOATPtc,-2.6824795133877646,0
GLNB0AT3tc,NA,1
GLUB0AT3tc,-0.17859640051484232,0
GLYB0AT3tc,NA,1
H2OGLYAQPt,0.9375604389528784,0
ILEB0AT3tc,NA,1
LEUB0AT3tc,NA,1
LGNCFATPtc,-0.13056038627508199,0
METB0AT3tc,NA,1
NACSMCTte,1,0
PGLYCABCte,0.3783834220778533,0
PHEB0AT3tc,NA,1
PPASMCT1,0.06528945379019424,0
PSHSABCtc,-0.012596078919595704,0
PYRSMCT1,0.9904325664311587,0
RETABCtc,0.11381839348576192,0
SERB0AT3tc,NA,1
TRPB0AT3tc,NA,1
TYRB0AT3tc,NA,1
VALB0AT3tc,NA,1
CAMPt,0.5048735042116975,0
CGMPt,0.39483104082171994,0
GALt4,-0.5740672546416491,0
GCHOLAt3,0.6358366829804019,0
GLCt4,0.11780486003697468,0
MANt4,NA,1
RIBFLVte,0.2822865586353611,0
TCHOLAt3,0.09048775312466491,0
CHSTEROLt,0.8875582490884079,0
RETt,-0.04624563100453264,0
AVITE1t,0.29044253747269905,0
L_LACt4r,-0.22984033816441532,0
r0295,-0.7342326114537173,0
ARGSUCte,1,0
ACRNte,1,0
PCRNte,1,0
LNELDCCRNte,NA,1
ODECRNte,NA,1
STCRNte,0.012737715594220447,0
PMTCRNte,NA,1
HDCECRNte,-0.04519767430772977,0
EX_argsuc[e],1,0
EX_acrn[e],1,0
EX_pcrn[e],1,0
EX_lneldccrn[e],-1,0
EX_stcrn[e],0.012737715594220447,0
EX_hdcecrn[e],-0.04519767430772977,0
HC00342te,-0.08826038141082274,0
biomass_maintenance,0.11755088333437831,0
15KPROSTGF2c,0.5202084755852714,0
AND19ONEc,0.8047660180770574,0
C14825c,0.20817585159447796,0
DESAT14_9,0.11648642544560354,0
21HPRGNLONE,0.4915183529051434,0
SMS1,0.4858789199816956,0
SMS10,0.1511105150935934,0
SMS11,0.3373052680757724,0
SMS12,-0.597562531302409,0
SMS16,0.16836914920761514,0
SMS13,0.29614350348056173,0
SMS14,0.443330416575365,0
SMS15,0.445554993707823,0
SMS2,0.3424427750983598,0
SMS3,0.23525982425922623,0
SMS4,0.43768591800839673,0
SMS5,0.2777637877141612,0
SMS6,0.4313936513921914,0
SMS7,0.10826571137698843,0
SMS8,0.1300594551483042,0
SMS9,0.018555293787566273,0
XOLEST183CEH,0.22381437710512408,0
XOLEST182CEH,-0.2767416194630513,0
XOLEST205CEH,-0.041525637568255926,0
XOLEST226CEH,-0.30850291306202027,0
PCHOLMYR_HSPLA2,0.34985242107494946,0
PCHOLOLE_HSPLA2,0.023629622745993693,0
PEOLE_HSPLA2,0.140192638118299,0
PCHOLPALME_HSPLA2,0.05786594157798173,0
PCHOLPALM_HSPLA2,0.32313638839350745,0
PEPALM_HSPLA2,0.027760895005337,9.18709552877317e-13
PAILPALM_HSPLA2,-0.44346190690933207,0
PCHOLSTE_HSPLA2,0.49278516836264646,0
PCHOL2LINL_HSPLA2,0.36427490176010574,0
PE2LINL_HSPLA2,0.06397337970750368,0
PCHOL2OLE_HSPLA2,-0.04160110599796497,0
PCHOL2PALM_HSPLA2,-0.9615185240420249,0
PCHOL2STE_HSPLA2,0.18141076975791615,0
PCHOLN15_HSPLA2,0.10774816472468161,0
PCHOLAR_HSPLA2,0.051551733768331984,0
PCHOLN183_HSPLA2,0.14042650233180423,0
PCHOLN1836_HSPLA2,0.09368496171346385,0
PCHOLN19_HSPLA2,0.3339242332214708,0
PCHOLN201_HSPLA2,0.17997122444141883,0
PCHOLN204_HSPLA2,-0.4252469110833384,0
PCHOLN205_HSPLA2,0.4648060016224467,0
PCHOLN224_HSPLA2,-0.08710840386097683,0
PCHOLN225_HSPLA2,0.28120484698515963,0
PCHOLN2254_HSPLA2,0.11503872024466874,0
PCHOLN226_HSPLA2,-0.07313963081851713,0
PEAR_HSPLA2,0.2615459560290549,0
PE203_HSPLA2,0.19597258240417928,0
PE226_HSPLA2,0.12533997924075105,0
PE224_HSPLA2,-0.30225294857579704,0
PEDH203_HSPLA2,0.06493828756062964,0
PEDH12_HSPLA2,0.4627933355886868,0
PEDH14_HSPLA2,0.8668400906231912,0
PEDH161_HSPLA2,-0.10734510642718369,0
PEDH13_HSPLA2,-0.0908646912948091,0
PEDH15_HSPLA2,0.4388195810013764,0
PEDH17_HSPLA2,0.05938755766040079,0
PCHOLN203_HSPLA2,0.3205493956524062,0
PAILAR_HSPLA2,-0.5815040098363685,0
PCHOLN24_HSPLA2,0.06315742774334387,0
PCHOLN261_HSPLA2,0.10479195072728162,0
PCHOLN281_HSPLA2,-0.055737683269361064,0
PCHOLN28_HSPLA2,0.12083921212681739,0
PCHOLDOC_HSPLA2,0.28855906468915726,0
PCHOLDEIC_HSPLA2,0.24670868903066445,0
PCHOLDET_HSPLA2,0.4320068199622716,0
PCHOLHEP_HSPLA2,0.06341663304374638,0
PCHOLLINL_HSPLA2,0.28758705356482117,0
PELINL_HSPLA2,0.2670286989713071,0
GPDDACHOL,-0.2507128243702467,0
GLYC2P3Pc,-0.2507128243702467,0
TTDCRNNAt,-1,0
15KPROSTGF2t,0.5202084755852714,0
21HPRGNLONEt2,0.4915183529051434,0
2OXOADPt,-1.0891390047587963,0
4AABUTNt,-0.22538697506596175,0
56DTHMt,-0.41880270673201647,0
56DURAtd,1,0
ADPACtd,-1,0
AND19ONEt,0.8047660180770574,0
ARACHETH,0.2615459560290549,0
BILIVERDt,-0.5118195599547024,0
C02712te,-0.740091485639928,0
C03990t,-0.2653201828940779,0
C03990tr,-0.6590095675507923,0
C03990tx,-0.3554925874146365,0
C06314t,2.1847336089639238,0
C06315t,-2.254922059681787,0
C14768td,0.3859362094451339,0
C14769td1,0.43487004215118086,0
EX_C14769[e],0.43487004215118086,0
C14770ATP,0.46274616161524473,0
C14771ATP,0.36112544690642906,0
CE2176t,0.49049373129651397,0
CE2445t,0.09477095742434016,0
CE2510t,-0.03161093799895987,0
CE2513td,-0.3650602448643797,0
CE2537ATP,0.4944891064364439,0
CE6031t,-0.27570719467025745,0
CE6247t,0.0831652846493397,0
CORTSNti,0.9638827639592633,0
DIDECAETH,-0.7524427804666537,0
DIHOLINETH,0.06493828756062964,0
DOCOHEXETHc,0.12533997924075105,0
DOCTETETH,-0.30225294857579704,0
EX_12HPET[e],-1.3580846375942617,0
EX_15kprostgf2[e],0.5202084755852714,0
EX_21hprgnlone[e],0.4915183529051434,0
EX_2oxoadp[e],-1.0891390047572815,0
EX_4aabutn[e],0.22538697506479244,0
EX_56dthm[e],-0.41880270673201647,0
EX_56dura[e],1,0
EX_adpac[e],-1,0
EX_amet[e],0.03603859396202003,0
EX_and19one[e],0.8047660180770574,0
EX_aracheth[e],0.2615459560290549,0
EX_biliverd[e],-0.5118195599546344,0
EX_C02712[e],-0.740091485639928,0
EX_C06314[e],2.1847336089639238,0
EX_C06315[e],-2.254922059681787,0
EX_C14768[e],0.3859362094451339,0
EX_C14770[e],0.46274616161524473,0
EX_C14771[e],0.36112544690642906,0
EX_CE2176[e],-0.49049373129651397,0
EX_CE2445[e],0.09477095742434016,0
EX_CE2537[e],0.48803667765735265,0
EX_CE6031[e],-0.27570719467025745,0
EX_CE6247[e],0.0831652846493397,0
EX_didecaeth[e],-0.7524427804666537,0
EX_diholineth[e],0.06493828756062964,0
EX_docohxeth[e],0.12533997924075105,0
EX_docteteth[e],-0.30225294857579704,0
EX_hepdeceth[e],0.35999027292705565,0
EX_hexdeceeth[e],-0.10734510642718369,0
EX_hxcoa[e],-3.9388705295444897,0
EX_leuktrB4wcooh[e],0.44637364737861385,0
EX_lineth[e],0.2670286989712432,0
EX_lnlccrn[e],0.4141042933753825,0
EX_lthstrl[e],-0.7656575152044718,0
EX_mev_R[e],-5.642898911598206,0
EX_nwharg[e],0.5697274682632408,0
EX_oleth[e],0.140192638118299,0
EX_pailar_hs[e],-0.5815040098363685,0
EX_pailpalm_hs[e],-0.44346190690933207,0
EX_pchol2linl_hs[e],0.36427490176039257,0
EX_pchol2ole_hs[e],-0.04160110599796497,0
EX_pchol2palm_hs[e],-0.9615185240420249,0
EX_pchol2ste_hs[e],0.18141076975791615,0
EX_pcholar_hs[e],0.051551733768331984,0
EX_pcholdoc_hs[e],0.28855906468915726,0
EX_pcholeic_hs[e],0.24670868903066445,0
EX_pcholet_hs[e],0.4320068199622716,0
EX_pcholhep_hs[e],0.06341663304583102,0
EX_pchollinl_hs[e],0.28758705356482117,0
EX_pcholmyr_hs[e],0.34985242107494946,0
EX_pcholn15_hs[e],0.10774816472468161,0
EX_pcholn183_hs[e],0.14042650233180423,0
EX_pcholn1836_hs[e],0.09368496171346385,0
EX_pcholn19_hs[e],0.3339242332214708,0
EX_pcholn201_hs[e],0.17997122444141883,0
EX_pcholn203_hs[e],0.3205493956524062,0
EX_pcholn204_hs[e],-0.4252469110833384,0
EX_pcholn205_hs[e],0.4648060016224467,0
EX_pcholn224_hs[e],-0.08710840386097683,0
EX_pcholn225_hs[e],0.28120484698515963,0
EX_pcholn2254_hs[e],0.11503872024466874,0
EX_pcholn226_hs[e],-0.07313963081851713,0
EX_pcholn24_hs[e],0.06315742774334387,0
EX_pcholn261_hs[e],0.10479195072728162,0
EX_pcholn28_hs[e],0.12083921212681753,0
EX_pcholn281_hs[e],-0.05573768326936118,0
EX_pcholole_hs[e],0.023629622745993693,0
EX_pcholpalm_hs[e],0.32313638839350745,0
EX_pcholpalme_hs[e],0.05786594157798173,0
EX_pcholste_hs[e],0.49278516836264646,0
EX_pcollg5hlys[e],-0.46203815231758455,0
EX_pe12_hs[e],-0.21853409772901408,0
EX_pe14_hs[e],0.8668400906231912,0
EX_pe15_hs[e],-0.4702167728812339,0
EX_pe17_hs[e],0.05938755766040079,0
EX_pe203_hs[e],0.19597258240417928,0
EX_pe2linl_hs[e],0.06397337970750368,0
EX_pendecaeth[e],0.7149711450343378,0
EX_peste_hs[e],0.3054480078563441,0
EX_pmeth[e],0.027760895005337,9.18709552877317e-13
EX_sphmyln180241_hs[e],0.29614350348056173,0
EX_sphmyln18114_hs[e],0.4858789199816956,0
EX_sphmyln18115_hs[e],0.3424427750983598,0
EX_sphmyln18116_hs[e],0.43768591800839673,0
EX_sphmyln181161_hs[e],0.23525982425922623,0
EX_sphmyln18117_hs[e],0.2777637877141612,0
EX_sphmyln18118_hs[e],0.4313936513921914,0
EX_sphmyln181181_hs[e],0.10826571137698843,0
EX_sphmyln18120_hs[e],0.018555293787566273,0
EX_sphmyln181201_hs[e],0.1300594551483042,0
EX_sphmyln18121_hs[e],0.1511105150935934,0
EX_sphmyln18122_hs[e],-0.597562531302409,0
EX_sphmyln181221_hs[e],0.3373052680757724,0
EX_sphmyln18123_hs[e],0.16836914920761514,0
EX_sphmyln1824_hs[e],0.443330416575365,0
EX_sphmyln1825_hs[e],0.445554993707823,0
EX_steeth[e],-0.3054480078563441,0
EX_subeac[e],0.30967837585720576,0
EX_tetdecaeth[e],0.7844239146087952,0
EX_trideceth[e],-0.0908646912948091,0
EX_ttdcrn[e],-1,0
EX_wharachd[e],0.35568920355499756,0
EX_xolest182_hs[e],0.27674161946305154,0
EX_xolest183_hs[e],-0.22381437710521887,0
EX_xolest205_hs[e],0.041525637568255926,0
EX_xolest226_hs[e],0.30850291306202027,0
GALTt,-1.6375296707105471,0
HC00900t3,1,0
HC00900t4,-1,0
HEPDECETH,0.35999027292705565,0
HEXDECEETH,-0.10734510642718369,0
HXCOAte,-3.9388705295444897,0
IND3ACt,0.18719293141982998,0
LEUKTRB4WCOOHt,0.44637364737861385,0
LNLCCRNtd,0.4141042933753825,0
LTHSTRLt,-0.7656575152043856,0
MEV_Rt,-5.642898911604703,0
NWHARGtd,0.5697274682632408,0
OLEETH,0.140192638118299,0
pac,1.045836791864708,0
PCOLLG5HLYStd,-0.4620381523175892,0
PELINETH,0.2670286989713071,0
PENDECAETH,0.7149711450343378,0
PEPALM,0.027760895005337,9.18709552877317e-13
STEETH,-0.3054480078563441,0
SUBEACtd,0.3096783758554227,0
TETDECAETH,0.7844239146087952,0
TRIDECETH,-0.0908646912948091,0
WHARACHDtr,0.35568920355499756,0
EX_5aop[e],-1,0
EX_CE2510[e],0.1499624158275078,0
EX_ddca[e],1,1
EX_pac[e],1.0458367918649378,0
HC02195c,0.2365008557858622,0
HC02196c,0.37455058078883613,0
HC02220c,0.2717524150150967,0
URSCHOLCOAc,0.33219862146213236,0
HC02197c,0.45654971891870033,0
HC02198c,0.404000115082116,0
HC02194te,0.12862218121668442,0
HC02220te,0.0994776210144553,0
XOL27OHtmc,1,0
GLYNATm,0.01824156270541408,0
PHEACGLYsec,0.01824156270541408,0
PCSF,0.3292312447916466,0
PCRESOLup,0.3292312447916466,0
PCSsec,0.3292312447916466,0
EX_pheacgly[e],0.01824156270541408,0
EX_bz[e],0.2735100498300604,0
EX_pcresol[e],-0.3292312447916466,0
EX_pcs[e],0.3292312447916466,0
TREt,-0.11418472270163756,0
RETINALt,0.11381839348576192,0
MALTTTRt,0.11241309146010436,0
1MNCAMt,-0.30524257450012643,0
DHBPTt,0.08465909840933801,0
EX_1mncam[e],0.30524257449995673,0
EX_progly[e],-0.8081410725857591,0
EX_dhbpt[e],0.08465909840933801,0
EX_alaglylys[e],1,0
EX_serglyglu[e],1,0
EX_tyrargser[e],1,0
ALAGLYLYSt,-1,0
SERGLYGLUt,-1,0
TYRARGSERt,-1,0
ALAGLYLYSr,-1,0
SERGLYGLUr,-1,0
TYRARGSERr,-1,0
HOMOVALte,0.7350832895950683,0
EX_homoval[e],0.7350832895950683,0
GLYCLTtm,-0.03298320749451372,0
PCHOL2PALM_HSte,0.9615185240420954,0
XOLEST183te,0.22381437710512408,0
XOLEST182_HSte,-0.2767416194630513,0
XOLEST205_HSte,-0.041525637568255926,0
XOLEST226_HSte,-0.30850291306202027,0
PE224_HSte,0.3022529485765429,0
PCHOLN261_HSte,-0.10479195073800421,0
PCHOLN281_HSte,0.05573768326954347,0
PCHOLN28_HSte,-0.12083921212502634,0
LNELDCCRNtr,1,0
ODECRNtr,NA,1
PMTCRNtr,NA,1
XOLEST183tl,0.22381437710512408,0
XOLEST182tl,-0.2767416194630513,0
XOLEST205tl,-0.041525637568255926,0
TMNDNCtl,-0.041525637568255926,0
XOLEST226tl,-0.30850291306202027,0
CRVNCtl,-0.30850291306202027,0
PHEACGLYtm,0.01824156270541408,0
TTDCEAc,0.11648642544560354,0
PACCOALm,0.01824156270541408,0
PACALDtm,0.01824156270541408,0
GNCORE1te,0.08963234517010363,0
LHCYSTIN,0.08793452621641142,0
LHCYSTINt,-0.08793452621641142,0
EX_Lhcystin[e],-0.08793452621641142,0
PA_HStm,0.7381889758032928,0
MALOAtm,-0.2893931074207751,0
2MOPtm,-0.895257237490892,0
MMALtm,-0.895257237490892,0
PGPP_hsc,1,0
CE2512te,-0.09934522460886923,0
r2514m,0.018558707536538422,0
5AOPt2,1,0
ACNAMt2,0.1180196433712182,0
ADRNLtu,-0.3776473771931427,0
ARGtD,0.999981702252188,0
PPPGOc,0.684298571557964,0
SPRMt2r,1,0.7689344254238255
THMMPtrbc,-0.556210969773119,0
THMtrbc,NA,1
UNK3r,0.7522114686145591,0
ACGALtr,0.25465533872420754,0
EX_f1a[e],-0.2980921194608459,0
EX_gncore1[e],0.08963234517010363,0
DDCAte,1,1
EX_lpam[e],0.28139812345093734,0
LPAMt,-0.28139812345093734,0
EX_acgal[e],0.26752734978770215,0
EX_HC00342[e],-0.08826038141082274,0
EX_pa_hs[e],0.09757165029483442,0
DM_C02712[c],1,0
F1Ate,0.2980921194608459,0
GNCORE1t,0.08963234517010363,0
LPAMtm,0.28139812345093734,0
C02592tx,-0.3554925874135123,0
PROSTGE2t2r,0.42498973540425294,0
ESTR2r,0.4100427857981506,0
LTHSTRLtr,1,0
PGLYCtm,1,0
sink_25hvitd2[c],-0.12577215586490825,0
sink_C02528[c],0.9328750009031241,0
sink_HC02191[c],-0.3499033747907087,0
sink_HC02192[c],-1.5973559117242992,0
sink_HC02193[c],-1,1
sink_HC02195[c],-0.23655478157841217,0
sink_HC02196[c],-0.8422483366803686,0
sink_HC02197[c],-1,1
sink_HC02198[c],-1.1112704788859522,0
sink_HC02220[c],0.2717524150150967,0
sink_c226coa[c],-0.40081068808663356,0
sink_chol[c],-0.1845709125922651,0
sink_coa[c],1,0
sink_dgchol[c],-0.49093183303578225,0
sink_fad[c],0.43389447156565686,0
sink_glygn2[c],-0.3492371825223263,0
sink_hdca[c],-1,0
sink_lnlc[c],0.7844468846120172,0
sink_lnlncacoa[c],-0.4027301039000416,0
sink_lnlncgcoa[c],0.7981318118342413,0
sink_pmtcoa[c],-1,0
sink_pydam[c],0.6834479671282728,0
sink_pydx[c],-0.6628414877256589,0
sink_pydxn[c],-0.1256872811487366,0
sink_retfa[c],-0.012435629253008982,0
sink_retinol[c],-1,0
sink_tag_hs[c],-0.549937431998715,0
sink_tchola[c],-0.19813390215887514,0
sink_thmtp[c],-0.019328698981264828,0
sink_tmndnc[c],0.13215689003942582,0
sink_tmndnccoa[c],-0.09086014142890966,0
sink_vitd3[c],-0.6987941077803543,0
DXTRNt,0.3492371825223263,0
EX_dxtrn[e],0.3492371825223263,0
DHCHOLESTANATEt,0.7067664928255203,0
EX_dhcholestanate[e],0.7067664928255203,0
sink_dhcholestanate[c],-1,0
THCHOLSTOICt,-1.0060633195141688,0
EX_thcholstoic[e],-1.0060633195141688,0
sink_thcholstoic[c],1,0
XOL7AH3t,0.0978335816637338,0
EX_xol7ah3[e],0.0978335816637338,0
XOL7AONEt,1.1184032669674608,0
EX_xol7aone[e],1.1184032669674608,0
sink_xoldiolone[c],6.818431294508519,0
7KILTCHOLt,0.8601041652223864,0
EX_7klitchol[e],0.8601041652223864,0
sink_7klitchol[c],-0.8601041652223864,0
ACACT1r,-0.04124559595269352,0
ACACt2,0.20918208007212435,0
ACCOAL,-0.6618259038796356,0
ACONT,1.0273406954739313,0
ACS,0.3343939907420103,0
ADNCNT3tc,-0.9612613289757728,0
ADPT,-0.3095660815182498,0
ADSS,0.4269526918236119,0
ALAR,-0.04045347211099764,0
AMPTASECG,0.9712706268726845,0
ARGN,0.3945863936906709,0
ASP1DC,0.6241380602415474,0
ASPTA,-1.0636477339826238,0
BPNT,0.1685240976717316,0
BUTt2r,0.09304076826553694,0
CBPS,0.184791743480544,0
CO2t,-1,0
CPPPGO,0.684298571557964,0
CTPS1,0.9722002079425245,0
CTPS2,0.24602771789549613,0
CYSTS,0.11135508547099164,0
DGK1,10.022063460293905,0
DHFR,0.44283890315021696,0
DHORTS,-0.07800732417494306,0
DHPR,0.6662731624661622,0
DMATT,0.1786560795794711,0
DPCOAK,0.44840143104576546,0
DTMPK,0.12171020815560543,0
DURIPP,-1.1452322092907223,0
ENO,0.001228559036649531,0
EX_acac[e],1,0
EX_adn[e],1,0
EX_asn_L[e],-1,0
EX_asp_L[e],0.7319481541361049,0
EX_but[e],0.05133780336555686,0
EX_cgly[e],-1,0
EX_dad_2[e],-1,0
EX_dcyt[e],1,0
EX_dgsn[e],-0.8419374889538115,0
EX_duri[e],-10.591966968136166,0
EX_fe2[e],-0.6824257844470936,0
EX_gal[e],0.652002491359571,0
EX_glyb[e],0.5177906136531115,0
EX_glyleu[e],-0.4855058059258053,0
EX_glyphe[e],-0.5347550331784433,0
EX_glypro[e],-0.4260155134587042,0
EX_ins[e],1.2057179200713584,0
EX_k[e],-0.49809052234989615,0
EX_na1[e],0.059665948372647874,0
EX_o2[e],-1,0
EX_ppi[e],1.301656006249044,0
EX_ser_L[e],-1,0
EX_so4[e],1.0679535086577043,0
EX_succ[e],-0.23340465679218117,0
EX_urea[e],-0.22754918158060203,0
EX_uri[e],0.64375295416778755,0
FBA,1,0
FBA2,0.19914761892548694,0
FBP,0.4245931981577488,0
FCLTc,0.7778157179704509,0
FERO,-0.07914624205449626,0
FMNAT,0.43389447156565686,0
FPGS7,0.47542714982931433,0
FT,0.18884787200304679,0
FUM,0.254818231762955,0
G3PD1,1.4096219577999223,0
G6PDH2r,NA,1
GALU,-0.19098907199371876,0
GALt2_2,-0.9730415502183954,0
GAPD,-0.006469494311371698,0
GF6PTA,-0.010043995047228462,0
GHMT2r,0.570506188993256,0
GK1,0.08083507791999207,0
GLNS,0.34776569753813996,0
GLYLEUHYDROc,0.48550580592524895,0
GLYLEUPEPT1tc,0.48550580592524895,0
GLYPHEHYc,0.5347550331784433,0
GLYPROPRO1c,0.4260155134587042,0
GMAND,0.21189856630773737,0
GMPS2,0.022691171568585328,0
GRTT,0.1786560795794711,0
GTPCI,0.23160650085309603,0
GUAPRT,0.17217465302768364,0
H2CO3D,-0.07912830265786863,0
H2Ot,-0.26379070411952066,0
HEX1,0.20253407565629164,0
HMBS,0.8339428101415194,0
ILETA,0.08902615324398623,0
IMPD,-0.11711472920385281,0
INSt2,-1.052387961725703,0
LEUTA,0.09919058606321259,0
L_LACt2r,0.9907575884964892,0
MAN1PT2,0.49608273817227355,0
MAN6PI,-0.5673774263132375,0
MTHFC,-1.4434110458861307,0
MTHFD,-0.10219683106561787,0
NADK,0.4532697053497043,0
NAt3_1,NA,1
NDPK1,-1.6457745044360668,0
NDPK2,-33.921619965072296,0
NDPK3,-0.9358477704531747,0
NDPK4,-0.7300120885177772,0
NDPK5,-1.0557561844586785,0
NDPK6,-0.0950935932239636,0
NDPK7,-0.9718846595478413,0
NDPK8,0.8882715031776812,0
NDPK9,-0.3688122634554916,0
NNDPR,0.6583106516865146,0
NTD1,0.0515391864645122,0
O2t,1,0
OMPDC,-0.8077387567565377,0
PGI,0.23331220323913412,0
PGK,0.03269757073484365,0
PGL,0.31800161974498814,0
PGM,0.02350183723072697,0
PGMT,1.7272691792843216,0
PMANM,-0.5443076352113871,0
PNP,0.5116349741584635,0
PNTK,0.2596220396130049,0
PPA,0.01006171710024791,0
PPBNGS,0.7617095123793247,0
PPCDC,0.2596220396130049,0
PPM,-0.37954902067303126,0
PPNCL3,0.19107975342421513,0
PRO1x,0.919573658703891,0
PROD2,-0.9852394358879281,0
PROt2r,1.0154600506775533,0
PRPPS,0.4686011692535251,0
PSERT,0.2635270329707767,0
PSP_L,0.2635270329707767,0
PTPAT,-0.016311105582168577,4.3659155957165297e-8
PUNP1,-10.221041746828433,0
PUNP2,1.100765334765811,0
PUNP3,-0.30990573886079553,0
PUNP4,0.8249154040636044,0
PUNP5,-4.03851500650627,0
PUNP6,-0.42753454804648405,0
PUNP7,1.056196282591985,0
RBFK,0.127628285785568,0
RNDR1,-0.3999992327645396,0
RNDR2,0.028244995061065783,0
RNDR3,0.9858271247830958,0
RNDR4,-0.18674120422911097,0
RPE,-0.9226480961120705,0
RPI,-0.3172157211486755,0
SPMS,0.24195282352069672,0
SPODM,-0.6746416071345184,0
TALA,0.04543881124228567,0
THMDt2r,NA,0
TKT1,-0.12593553609107294,0
TKT2,-0.12593553609107294,0
TMDK1,0.4039951673601518,0
TPI,7.788459999788171,0
UAG4E,0.09874324285120162,0
UAGDP,0.30095070333101615,0
UDPG4E,0.14699769553770967,0
UMPK,-1.0216140545332497,0
UPP3S,0.684298571557964,0
UPPDC1,0.684298571557964,0
UREAt,-1,0
URIt2r,-1,0
VALTA,-0.02358984815355386,0
r0082,0.38450634830642416,0
r0127,0.3195575171461574,0
r0220,-0.19338075822374529,0
r0318,-0.19338075822374529,0
r0345,0.9981301777321249,0
r0398,0.44046821695632515,0
r0422,0.38450634830642416,0
r0570,-0.10803805574991289,0
r0671,0.3580922979424482,0
ACCOAC,0.21364400235880213,0
FPGS,0.3235834280526022,0
EX_pnto_R[e],-2.4608294536472504,0
GLYt2r,1,0
ALAt2r,1,0
NTD2,0.952623886006534,0
NTD4,-0.40237850869320496,0
NTD5,-0.1556795292677974,0
NTD6,0.21318984182774375,0
NTD7,0.02784999012914163,0
NTD8,0.1382759319959816,0
NTD9,0.7618851346101974,0
NTD10,-0.1986348428084175,0
NTD11,0.4807015752065957,0
NADS2,0.14755153267259744,0
GUAt,0.12640007207261236,0
ADPRDP,-0.3346145225265034,0
EX_ind3ac[e],0.18719293141982998,0
EX_ac[e],0.5820818734015738,0
ALCD1,-0.7676136012365082,0
ADNK1,0.014597110365221017,0
GCALDD,0.1335199271050679,0
ABUTD,0.44180513011007877,0
AICART,1.0360351556558969,0
ALDD2x,0.2514684721595566,0
AMANK,0.21868841346595388,0
ARGSL,-1.176170952059315,0
CSND,0.5713378974928048,0
CYTK1,-0.9743117177429317,0
CYTK2,-0.9199037555926823,0
EX_acgam[e],0.4867024044157581,0
EX_csn[e],-0.5713378974928045,0
EX_galt[e],-1.6375296707105471,0
EX_glcr[e],0.7820378315772077,0
EX_glcur[e],-1.9706482383660973,0
EX_glyc[e],-1,0
EX_hxan[e],0.9488780620298389,0
EX_malt[e],-1,0
EX_malttr[e],-1,0
EX_spmd[e],2.3300548409155346,0
EX_trp_L[e],-0.581318670615728,0
EX_ura[e],-0.26701267881906904,0
EX_xyl_D[e],-0.8517410017375336,0
FACOAL161,0.5228461312971144,0
G6PDA,0.009323672765634809,0
GALK,0.15915782518432076,0
GALT,0.15915782518432076,0
GLUPRT,-0.16771343015981385,0
GLXO1,0.5341461744417202,0
GLYOX,-0.6606045618300106,0
GND,0.8538180042219721,0
HEX7,0.3876767290677564,0
HISD,-0.18310165541593523,0
HXPRT,-0.4759789831256823,0
HYXNt,-0.9488780620298389,0
IMACTD,0.33127388375209094,0
IMPC,-1.0360351556558969,0
IZPN,-0.18310165541593523,0
LCADi,-0.2329278859245592,0
LDH_L,0.2576552317135205,0
LGTHL,0.2168805312381381,0
MALT,0.3517249759875082,0
MDH,-1.0067965651076867,0
MI1PP,-0.03312222748668526,0
MI3PP,0.3979355065721443,0
MI4PP,0.2897507294471078,0
NT5C,-0.20447537027479923,0
NTD3,0.498644691491493,0
NTD5_a,0.5116349741584635,0
ORNDC,0.057977246879864795,0
PFK,-0.7391432848407906,0
PHETA1,0.2650485314833283,0
PIt7,-0.6505052298566727,0
PRFGS,-0.16771343015981385,0
PYDAMK,0.5655013422627987,0
PYDXNK,-0.11382401598168834,0
PYK,0.06161146846762168,0
TMDS,0.06769632654276872,0
TYRTA,-1.58112096189828,0
XYLt,0.8517410017375336,0
r0392,9.229913261132303,0
r0792,-0.9492370453215075,0
r1667,NA,1
EX_34dhpha[e],0.06826211364412028,0
EX_arab_L[e],-0.1389000732021014,0
EX_gam[e],-0.06600634062828868,0
URCN,-0.18310165541593523,0
PYRt2r,0.6865055076880403,0
EX_tre[e],0.11418472270163756,0
DCMPDA,0.12871525731918043,0
EX_lcts[e],1,0
FTHFL,0.1387372898866421,0
EX_etoh[e],-0.14425479978049788,0
ETOHt,0.14425479978049788,0
EX_sucr[e],-1,0
THMt3,NA,1
AACOAT,0.19040128646849994,0
EX_pheme[e],0.6824257844470936,0
FORTHFC,-0.13544667462379292,0
GLNt4,0.9998491814244711,9.30533184400173e-4
MTRI,0.7522114686145591,0
NADN,-0.3346145225265034,0
MTHFD2,-0.12858534356231832,0
EX_gua[e],-0.12640007207261236,0
AHC,-0.24096819601515884,0
ABUTt2r,0.7294846781813383,0
EX_taur[e],-0.11191895307405761,0
EX_phpyr[e],0.44078618170860856,0
EX_2hyoxplac[e],-0.04263773993814006,0
PHPYRte,-0.44078618170860856,0
PHPYRtm,0.418961405830358,0
CE4970tm,0.309425381825164,0
CE4970te,0.309425381825164,0
EX_CE4970[e],0.309425381825164,0
CE2026tm,0.16709148745454114,0
CE2026te,0.16709148745454114,0
EX_CE2026[e],0.16709148745454114,0
CE4968tm,0.7707684311540962,0
CE4968te,0.7707684311540962,0
EX_CE4968[e],0.7707684311540962,0
VANILPYRc,0.49049373129651397,0
VANILLACc,0.49049373129651397,0
VANILLACte,0.49049373129651397,0
EX_vanillac[e],0.49049373129651397,0
2H3MVc,0.6326885838270693,0
2H3MVte,0.6326885838270693,0
EX_2h3mv[e],0.6326885838270693,0
2HIVc,0.5735301719871355,0
2HIVte,0.5735301719871355,0
EX_2hiv[e],0.5735301719871355,0
2M3OVCOAm,-0.4484669659574701,0
2M3OVACm,-0.4484669659574701,0
2M3OVACtm,-0.4484669659574701,0
2M3HVACc,-0.4484669659574701,0
2M3HVACte,-0.4484669659574701,0
EX_2m3hvac[e],-0.4484669659574701,0
3MGLUTACc,1,0
3MGLUTACtm,1,0
3MGLUTACte,1,0
EX_3mglutac[e],1,0
PPIOGLYc,0.8438313034513544,0
PPIOGLYtm,0.8438313034513544,0
PPIOGLYte,0.8438313034513544,0
EX_ppiogly[e],0.8438313034513544,0
TIGGLYc,0.6940930516621253,0
TIGGLYtm,0.6940930516621253,0
TIGGLYte,0.6940930516621253,0
EX_tiggly[e],0.6940930516621253,0
TD2GLTRCOAm,0.22195778698020205,0
3HGLUTCOAm,0.22195778698020205,0
3OHGLUTACm,0.22195778698020205,0
3OHGLUTACtm,0.22195778698020205,0
3OHGLUTACOAT3t,0.22195778698020205,0
EX_3ohglutac[e],0.22195778698020205,0
3HADICOAx,0.39043249985097433,0
3HADPACx,0.39043249985097433,0
3HADPACtxc,0.39043249985097433,0
3HADPACte,0.39043249985097433,0
EX_3hadpac[e],0.39043249985097433,0
3OHSEBCOAx,0.346712250842778,0
3OHSEBACx,0.346712250842778,0
3OHSEBACtxc,0.346712250842778,0
3OHSEBACte,0.346712250842778,0
EX_3ohsebac[e],0.346712250842778,0
3OHSUBCOAx,-0.4315842466772416,0
3OHSUBACx,-0.4315842466772416,0
3OHSUBACtxc,-0.4315842466772416,0
3OHSUBACte,-0.4315842466772416,0
EX_3ohsubac[e],-0.4315842466772416,0
HEXGLYc,0.43372719340700716,0
HEXGLYte,0.43372719340700716,0
EX_hexgly[e],0.43372719340700716,0
SUBGLYc,-0.02318025609224182,0
SUBGLYte,-0.02318025609224182,0
EX_subgly[e],-0.02318025609224182,0
AK2LGCHOLABCt,0.17696755257000543,0
CE2510ABCt,0.059965716171946945,0
CE2537ABCt,0.503557315958411,0
NRVNCABCt,0.07680058081252289,0
PAFABCt,-0.2841504996279378,0
PAILPALM_HSSECt,-0.44346190690933207,0
PAILR_HSSECt,-0.5815040098363685,0
PCHLN225_HSABCt,-0.07313963081851713,0
PCHOL2LINL_HSABCt,0.36427490176039257,0
PCHOL2OLE_HSABCt,-0.04160110599796497,0
PCHOL2STE_HSABCt,0.18141076975791615,0
PCHOLAR_HSABCt,0.051551733768331984,0
PCHOLDOC_HSABCt,0.28855906468915726,0
PCHOLEIC_HSABCt,0.24670868903066445,0
PCHOLET_HSABCt,0.4320068199622716,0
PCHOLHEP_HSABCt,0.06341663304583102,0
PCHOLLINL_HSABCt,0.28758705356482117,0
PCHOLMYR_HsABCt,0.34985242107494946,0
PCHOLN15_HSABCt,0.10774816472468161,0
PCHOLN183_HSABCt,0.14042650233180423,0
PCHOLN1836_HSABCt,0.09368496171346385,0
PCHOLN19_HSABCt,0.3339242332214708,0
PCHOLN201_HSABCt,0.17997122444141883,0
PCHOLN203_HSABCt,0.3205493956524062,0
PCHOLN204_HSABCt,-0.4252469110833384,0
PCHOLN205_HSABCt,0.4648060016224467,0
PCHOLN224_HSABCt,-0.08710840386097683,0
PCHOLN225_HSABCt,0.28120484698515963,0
PCHOLN2254_HSABCt,0.11503872024466874,0
PCHOLN264_HSABCt,0.06315742774334387,0
PCHOLOLE_HSABCt,0.023629622745993693,0
PCHOLPALME-HSABCt,0.05786594157798173,0
PCHOLSTE_HSABCt,0.49278516836264646,0
PE12_HSABCt,0.4627933355886868,0
Pe13_HSABCt,-0.0908646912948091,0
PE14_HSABCt,0.8668400906231912,0
PE15_HSABCt,0.4388195810013764,0
PE161_HSABCt,-0.10734510642718369,0
PE17_HSABCt,0.05938755766040079,0
PE203_HSABCt,0.19597258240417928,0
PE226_HSABCt,0.12533997924075105,0
PE2LINL_HSABCt,0.06397337970750368,0
PEAR_HSABCt,0.2615459560290549,0
PEDH203_HSABCt,0.06493828756062964,0
PELINL_HSABCt,0.2670286989713071,0
PELPALM_HSABCt,0.027760895005337,9.18709552877317e-13
PEOLE_HSABCt,0.140192638118299,0
PEPALM_HSASBCt,0.32313638839350745,0
PESTE_HSABCt,-0.568251319643325,0
SPHMYLN180241_hs_SECt,0.29614350348056173,0
SPHMYLN18114_hs_SECt,0.4858789199816956,0
SPHMYLN18115_hs_SECt,0.3424427750983598,0
SPHMYLN18116_hs_SECt,0.43768591800839673,0
SPHMYLN181161_hs_SECt,0.23525982425922623,0
SPHMYLN18117_hs_SECt,0.2777637877141612,0
SPHMYLN18118_hs_SECt,0.4313936513921914,0
SPHMYLN181181_hs_SECt,0.10826571137698843,0
SPHMYLN18120_hs_SECt,0.018555293787566273,0
SPHMYLN181201_hs_SECt,0.1300594551483042,0
SPHMYLN18121_hs_SECt,0.1511105150935934,0
SPHMYLN18122_hs_SECt,-0.597562531302409,0
SPHMYLN181221_hs_SECt,0.3373052680757724,0
SPHMYLN18123_hs_SECt,0.16836914920761514,0
SPHMYLN1824_hs_SECt,0.443330416575365,0
SPHMYLN1825_hs_SECt,0.445554993707823,0
AK2LGCHOLt1,0.17696755257000543,0
APRGSTRNt1e,-0.6550446875969498,0
PAFt1,-0.2841504996279378,0
PESTE_HSt1e,-0.568251319643325,0
2HYDOGOAT3t,-0.8001392088015076,0
2HYDOGte,0.8001392088015074,0
GLUTAROAT3t,0.6274996351755243,0
GLUTARte,-0.6274996351755243,0
THEXDDm,0.3763887581230562,0
THEXDDtm,0.3763887581230562,0
THEXDDte,0.3763887581230562,0
EX_thexdd[e],0.3763887581230562,0
HEXDTRm,0.30675295842844624,0
HEXDTRtm,0.30675295842844624,0
HEXDTRte,0.30675295842844624,0
EX_hexdtr[e],0.30675295842844624,0
HPDECECOAm,0.19323448961507128,0
HPDECEm,0.19323448961507128,0
HPDECEtm,0.19323448961507128,0
HPDECEte,0.19323448961507128,0
EX_hpdece[e],0.19323448961507128,0
EIC21114TRc,0.7137735806323917,0
EIC21114TRte,0.7137735806323917,0
EX_eic21114tr[e],0.7137735806323917,0
5EIPENCm,0.29998859583375875,0
5EIPENCtm,0.29998859583375875,0
5EIPENCte,0.29998859583375875,0
EX_5eipenc[e],0.29998859583375875,0
T4HCINNMte,0.05720386603395656,0
AGRMte,-1.5455343707263194,0
11DOCRTSTRNte,0.43140032503899456,0
17AHPRGSTRNte,1,0
MMAt2e,-1,0
SAMHISTAe,-0.03603859396202003,0
CE2006te,-0.0796210829912227,0
GLCRt1,-0.7820378315772077,0
2HYOXPLCte,-0.04263773993814006,0
N8ASPMDte,-0.024707462500757855,0
MHISTAte,0.8660213291727581,0
CE4890te2,-1,0
C09642te,0.36445129600144877,0
MLTHFte,0.7174567363497022,0
TYMte2,-1,0
TRYPTAte,0.5937311246452559,0
CE4890te,-1,0
SELMETHte,NA,1
CE7090te,0.34364423427699614,0
CE7085te,0.06061718491272143,0
CE7096te,-0.03678780037278887,0
CE4877te,0.5839298883176561,0
CE1447te,-0.18444794471499323,0
C05769te3,NA,1
C05770te4,NA,1
CE2705t,0.08244209886632212,0
SPHS1Pt2e,0.37198269591182404,0
MMAte,-1,0
PTRCARGte,1,0.9999999999997281
MLTHFte2,-1,0
TYMte,1,0
13DAMPPte,-0.3415380083324252,0
HDD2CRNte2,1,0
MLTHFte1,0.21023983289574383,0
ARGN1ASPMDte,-0.11868592855197499,0
CE1918te,0.14643910102632823,0
34DHPHAte,0.06826211364412028,0
34DHOXMANDte,0.6936971289604202,0
CE6205te,0.7781178263187519,0
1A25DHVITD3te,0.12280616501297156,0
ISOBUTtm,-0.13255725952169295,0
ISOBUTte,-0.13255725952169295,0
EX_CE4969[e],-0.13255725952169295,0
AGRMtm,-1.5455343707263196,0
EX_agm[e],-1.5455343707262592,0
T4HCINNMtm,0.05720386603395656,0
EX_T4hcinnm[e],0.05720386603395656,0
CE7081tr,0.48937220926727903,0
CE7081tm,0.48937220926740005,0
EX_CE7081[e],0.48937220926740005,0
EGMEtr,-0.3946959362364607,0
EGMEte,0.2735100498300604,0
EX_egme[e],0.2735100498300604,0
12HARACHDtr,0.4240939721618196,0
12HARACHDte,0.4240939721618196,0
EX_12harachd[e],0.4240939721618196,0
18HARACHDtr,0.2425425122217731,0
18HARACHDte,0.2425425122217731,0
EX_18harachd[e],0.2425425122217731,0
EX_orn_D[e],-0.15922517917253384,0
5G2OXPTtx,-0.14823371721125897,0
5G2OXPTte,-0.14823371721125897,0
EX_5g2oxpt[e],-0.14823371721125897,0
EX_ahandrostan[e],-0.30979550789680727,0
EX_11docrtstrn[e],0.43140032503899456,0
EX_17ahprgstrn[e],1,0
35DIODTYRte,-1,0
EX_35diotyr[e],-1,0
EX_34dhoxmand[e],0.6936971289604202,0
FNA5MOXAMte,1,0
EX_fna5moxam[e],1,0
EX_CE7090[e],0.34364423427699614,0
EX_CE7085[e],0.06061718491272143,0
EX_CE7096[e],-0.03678780037278887,0
EX_CE4877[e],0.5839298883176561,0
EX_CE1447[e],-0.18444794471499323,0
EX_CE2006[e],-0.0796210829912227,0
EX_n8aspmd[e],-0.024707462500757855,0
EX_CE6205[e],0.7781178263187519,0
EX_trypta[e],0.5937311246452559,0
EX_C09642[e],0.36445129600144877,0
C05769te2,0.8861233175716656,0
EX_C05769[e],0.8861233230068062,0
C05770te3,NA,1
EX_mhista[e],0.13583544557550595,0
PPBNGte,-0.8504956630444076,0
EX_ppbng[e],-0.8504956630440172,0
EX_13dampp[e],-0.3415380083322969,0
12PPDRte,-0.20453143306978766,0
EX_12ppd_R[e],-0.20453143306978766,0
AMETAMte,-0.02275517769798524,0
EX_ametam[e],-0.02275517769798524,0
XYLULte,-1.3224948597175428,0
EX_xylu_L[e],-1.3224948597175428,0
SPHGNSte,0.5124764660828385,0
EX_sphings[e],0.5105205280453285,0
EX_hdd2crn[e],-1,0
IM4ACte,-0.33127388375163924,0
EX_im4ac[e],0.33127388375209094,0
EX_CE1918[e],-0.14643910102632823,0
EX_mlthf[e],1,1
AACTte,1,0
EX_aact[e],-1,0
EX_CE2705[e],-0.08244209886632212,0
SELMETHt2e,NA,1
EX_N1aspmd[e],-0.11868592855197499,0
EX_1a25dhvitd3[e],-0.12280616501297156,0
CE2049te,0.23734154858000447,0
EX_CE2049[e],0.23734154858000447,0
CE2047te,0.20817585159447796,0
EX_CE2047[e],0.20817585159447796,0
FDPte,-1,0
EX_fdp[e],-1,0
EX_coke[e],-0.2735100498300604,0
COKEte,0.2735100498300604,0
COKEtr,-0.3946959362364607,0
EX_5a2opntn[e],0.15922517917215032,0
5A2OPNTNte,0.1592251791725317,0
5A2OPNTNtx,0.1592251791725317,0
ARG_Dtx,-0.14823371721125897,0
ARG_Dte,-0.14823371721125897,0
EX_arg_D[e],0.1482337172116297,0
UDPG4DOPA,-0.020209633847765016,0
UDPG3DOPA,0.21650206913597617,0
TYRDOPOX,0.4467484928243557,0
34DHPEAR,-0.5410433064476713,0
DOPA4GLCURt,-0.020209633847742763,0
EX_dopa4glcur[e],-0.020209633847742763,0
DOPA3GLCURt,0.21650206913597617,0
EX_dopa3glcur[e],0.21650206913597617,0
CE5026t,0.45428004520876547,0
GGTe_1,-1.0067824397750182,0
DOPACCL,0.7399075495871167,0
NADPQNOXR,NA,1
NADQNOXR,-0.0029134944915009254,0.006006261043828176
DACT,7.572081604336946e-4,0.004058455372845882
TYRDHINDOX,0.617123726345492,0
CE5025t,0.673905207117108,0
EX_CE5025[e],0.673905207117108,0
ACER11r,-0.5847328596414592,0
ACER12r,0.06754432972215296,0
ACER21g,0.26624078170807924,0
ACER22g,0.3240197042123644,0
ACER23g,0.2757362663741743,0
ACER31r,0.42332129105620847,0
BGAL1e,0.3232334425825364,0
BGAL1l,-0.31726285712770247,0
BGAL2l,0.9330431774855934,0
BGAL3l,-0.07591531958952515,0
CRMte,1,0
DES21,0.35764343191957154,0
EX_gd3_hs[e],-0.21512077156760637,0
EX_gluside_hs[e],0.06653093748455921,0
GA1tl,0.9330431774855934,0
GALGLUSIDEtg2,-0.291110776504879,0
GBA2e,0.17393205782491197,0
GD3tg,0.6632189508212493,0
GD3tl,-0.02122841131165938,0
GLA2l,0.03815511824754229,0
GM2tg,0.04896526230692581,0
GM2tl,0.3009832740399592,0
HEXA1l,0.2812813964609962,0
HEXA2l,-0.07591531958952762,0
HEXA3e,0.4660513655472295,0
HEXAHBl,0.9330431774855934,0
NEU11l,0.14881727379211837,0
NEU21,0.3520065431282583,0
NEU22,0.6340155854664382,0
NEU23,0.3502904387772247,0
NEU24,-0.1926249108554397,0
NEU25,0.2742665781073278,0
NEU31e,0.4660513655472295,0
SMS1S2,0.794973365799668,0
SMS21e,-0.8128869711954672,0
SMSn,0.6036571645895736,0
SPHK11,0.35764343191957154,0
SPHK21n,0.8241481824606419,0
SPHK22n,0.12825323431314894,0
SPHMYLNtl2,1,0
SPMD3n,0.6036571645895736,0
NH4tr,0.5260507120038874,0
WHTSTSTERONEtr,-0.5977936447342626,0
TETTET6COAtm,0.9938950234040383,0
TETPENT6COAtm,1.000063599157713,0
TETPENT3COAtm,0.8208358583799,0
THCRMtl,0.2686377222607883,0
PCHOL_HStn,0.6036571645895736,0
CHOLPtn,-0.6036571645895736,0
DAG_HStg,0.794973365799668,0
PHCRMtg,0.2757362663741743,0
PHCRMter,0.42332129105620847,0
SPHGNtn,0.12825323431314894,0
SPHGNtg,-0.32401970421236503,0
SPHINGStn,0.8241481824606419,0
SPHINGStg,-0.26624078170807924,0
DHCRMtg,0.3240197042123644,0
DHCRMter,0.06754432972215296,0
PHSPHINGStg,0.2757362663741743,0
PHSPHINGStr,0.42332129105620847,0
sink_34dhpac[c],0.7610119485642369,0
34DHPEt,0.5410433064476713,0
EX_34dhpe[c],-0.5410433064476713,0
DM_sph1p[n],0.12825323431314894,0
DM_sphs1p[n],0.8241481824606419,0
GALSIDEter,-0.12766785332089944,0
Rtotalter,0.24067922642030018,0
Rtotaltg,-0.2945421113598583,0
DM_phsph1p[c],0.35764343191957154,0
ATPtg,-0.27297190351013734,0
GD1Btl,-0.07591531958952515,0
GD3tlc,-0.022105032014463535,0
DM_pail35p_hs[n],0.9437308646143866,0
CATr,-0.8810213085671622,0
DM_pcreat[c],0.10719691296740079,0
DM_k[g],0.49809052234989615,0
DM_na1[g],-0.059665948372647874,0
DM_15HPET[n],0.06773930633845733,0
DM_15HPET[x],0.3365758893555575,0
DM_15HPET[r],0.6478299544037275,0
EX_CE5026[e],1,0
EX_5cysgly34dhphe[e],-1.0067824397750182,0
EX_galgluside_hs[e],-0.15884242281198285,0
EX_ga1_hs[e],-1,0
EX_gm2_hs[e],-0.3584493489606095,0
HMR_0003,0.698663785883489,0
HMR_0019,NA,1
HMR_0020,NA,1
HMR_0155,1,0.004481700042825332
HMR_0156,-0.19642066473884418,0
HMR_0164,0.15472496986333856,0
HMR_0165,0.15472496986333856,0
HMR_0166,0.15472496986333856,0
HMR_0167,0.20782521344444072,0
HMR_0168,0.20782521344444072,0
HMR_0170,0.26864196195125145,0
HMR_0171,0.26864196195125145,0
HMR_0172,0.2686419619512796,0
HMR_0176,0.3319024453345568,2.220446049250313e-16
HMR_0177,0.18250083473853548,0
HMR_0178,0.18250083473853548,0
HMR_0180,0.6168391919370012,0
HMR_0182,-0.4782899555648225,0
HMR_0183,-0.05042882012238578,8.881784197001252e-16
HMR_0184,-0.05042882012238578,8.881784197001252e-16
HMR_0185,-0.05042882012238578,8.881784197001252e-16
HMR_0188,0.4937790094980142,0
HMR_0189,0.676798265053002,0
HMR_0191,0.031241267035293355,0
HMR_0192,0.39126258847555073,0
HMR_0193,0.39126258847555073,0
HMR_0194,0.031241267035293355,0
HMR_0197,0.8767963137051709,0
HMR_0200,0.12178993409559595,0
HMR_0201,-0.9800848118018289,0
HMR_0203,0.09584379070793274,0
HMR_0204,-0.12749811383035078,0
HMR_0206,0.28851798614074253,0
HMR_0207,0.30618748000527607,0
HMR_0208,-0.004873002777674189,0
HMR_0209,-0.1154374440837552,0
HMR_0210,0.04473954385909267,0
HMR_0211,0.09026611281132793,0
HMR_0214,0.27738733669004617,0
HMR_0215,0.1945312228496012,0
HMR_0230,0.11264365620451487,0
HMR_0232,0.20152306179358592,0
HMR_0233,0.30866762547415866,0
HMR_0234,0.30866762547415866,0
HMR_0235,0.20152306179358592,0
HMR_0238,-0.10506449803974524,0
HMR_0239,-0.06402167266435609,0
HMR_0240,0.04031399508105924,0
HMR_0241,0.27370695067070244,0
HMR_0242,0.27370695067070244,0
HMR_0243,0.04031399508105924,0
HMR_0244,0.1723271921093057,0
HMR_0245,0.10596345220152738,0
HMR_0246,0.10596345220152738,0
HMR_0247,0.1723271921093057,0
HMR_0253,0.3187096878544337,0
HMR_0254,0.3193562967948786,0
HMR_0255,-0.06357099551318451,0
HMR_0256,-0.06357099551318451,0
HMR_0257,0.3193562967948786,0
HMR_0259,0.574644451620604,0
HMR_0260,0.3817725322263755,0
HMR_0261,0.7024165391251169,0
HMR_0267,0.6464286657399536,0
HMR_0268,0.1445118940553076,0
HMR_0270,0.31164397976246927,0
HMR_0271,-0.9676210898220711,0
HMR_0272,-0.9676210898220711,0
HMR_0273,0.31164397976246927,0
HMR_0276,0.9913635797579581,0
HMR_0277,0.13752343119629873,0
HMR_0278,-0.01846172024331471,0
HMR_0279,-0.10313489400661185,0
HMR_0280,0.1562718303770144,0
HMR_0281,0.1536709071953515,0
HMR_0287,0.24040120019682068,0
HMR_0288,0.4534414463537463,0
HMR_0289,0.05362674289398967,0
HMR_0290,0.05362674289398967,0
HMR_0291,0.4534414463537463,0
HMR_0292,-0.10741158670522902,0
HMR_0293,-0.1499624158275078,0
HMR_0296,0.310906247076912,0
HMR_0297,-0.001600936598702545,0
HMR_0298,0.29980842753897224,0
HMR_0299,0.3903810167696882,0
HMR_0300,0.584821022139313,0
HMR_0301,0.21635459153763636,0
HMR_0302,0.21635459153763636,0
HMR_0303,0.584821022139313,0
HMR_0304,0.1737468890016477,0
HMR_0305,0.16566409236918023,0
HMR_0306,0.16566409236918023,0
HMR_0307,0.1737468890016477,0
HMR_0308,0.4779326690232716,0
HMR_0309,0.4216759610995777,0
HMR_0310,0.08995525490851952,0
HMR_0311,0.43491441959575045,0
HMR_0317,0.04604661908282562,0
HMR_0319,0.03638478007548551,0
HMR_0321,0.1528894298042416,0
HMR_0322,-0.014546645006313372,5.377920331284258e-13
HMR_0323,0.3794316292122883,0
HMR_0324,0.3794316292122883,0
HMR_0325,-0.014546645006313372,5.377920331284258e-13
HMR_0326,0.37603209594306525,0
HMR_0327,0.02824513749682515,0
HMR_0328,0.02824513749682515,0
HMR_0329,0.37603209594463,0
HMR_0342,0.10177533898219022,0
HMR_0343,0.37106306636324127,0
HMR_0344,0.34535292468761675,0
HMR_0345,0.061827970233150516,0
HMR_0346,0.061827970233150516,0
HMR_0347,0.34535292468761675,0
HMR_0350,0.2310140347613303,0
HMR_0354,0.12556122601002195,0
HMR_0358,0.5476568225833245,0
HMR_0359,0.25178600946771934,0
HMR_0362,0.3213820941563262,0
HMR_0363,0.4136778756515474,0
HMR_0366,0.3062130601117596,0
HMR_0367,0.3708118937776232,0
HMR_0370,-0.0368004687285631,0
HMR_0371,-0.07563822272109731,0
HMR_0374,0.32269816830620013,0
HMR_0375,0.6165218989735692,0
HMR_0378,0.8919500107241012,0
HMR_0380,0.194901259205967,0
HMR_0381,0.34592985162621104,0
HMR_0382,0.40043239436974526,0
HMR_0383,0.22681427676227375,0
HMR_0384,0.3285520758428651,0
HMR_0385,0.11894606941355595,0
HMR_0386,0.11894606941355595,0
HMR_0387,0.3285520758428651,0
HMR_0388,0.4314650214305125,0
HMR_0389,0.1321369566361468,0
HMR_0390,0.19243273379309542,0
HMR_0391,0.4718092558041606,0
HMR_0392,-0.20189868506913808,0
HMR_0393,-0.04834791450947219,0
HMR_0394,0.0794632897752176,0
HMR_0395,-0.033679001650053365,0
HMR_0398,0.8070061117767934,0
HMR_0402,0.15582051032112923,0
HMR_0406,0.3485683845963394,0
HMR_0410,0.6200334388235395,0
HMR_0414,0.39576981043606896,0
HMR_0415,-0.004694551579789404,0
HMR_0418,0.30046796715126384,0
HMR_0419,0.5770930265407643,0
HMR_0422,-0.09907493569108052,0
HMR_0423,0.3743923844633351,0
HMR_0426,-0.10219820153117168,0
HMR_0427,0.38594124430578997,0
HMR_0428,-0.271124772964805,0
HMR_0429,-0.10371722548161437,0
HMR_0430,-0.054792049448181036,0
HMR_0431,-0.38376578382959253,0
HMR_0432,-0.2252529149178376,0
HMR_0433,-0.053898768411642185,0
HMR_0434,-0.053898768411642185,0
HMR_0435,-0.2252529149178376,0
HMR_0436,0.2512061062189158,0
HMR_0437,0.1641691139501135,0
HMR_0438,0.1641691139501135,0
HMR_0439,0.2512061062189158,0
HMR_0467,-0.032382671454574276,0
HMR_0478,-0.9985897165007876,0.9992575577574787
HMR_0482,0.032428054976824515,0
HMR_0582,0.6055029610469654,0
HMR_0593,0.41981381438522436,0
HMR_0597,0.16858554036394963,0
HMR_0598,0.1376246516249616,0
HMR_0601,0.41981381438522436,0
HMR_0614,0.11396684937399414,0
HMR_0625,0.16858554036394963,0
HMR_0629,0.16858554036394963,0
HMR_0641,-0.58330778733077,0
HMR_0642,0.1376246516249616,0
HMR_0653,0.43914811861843966,0
HMR_0654,0.43914811861843966,0
HMR_0657,0.43914811861843966,0
HMR_0672,0.41981381438522436,0
HMR_0678,0.41981381438522436,0
HMR_0750,0.40982516778536826,0
HMR_0753,-0.41981381438522436,0
HMR_0758,0.4101821030279618,0
HMR_0761,0.1836692061862191,0
HMR_0765,0.08578034024238138,0
HMR_0767,0.2688545645690506,0
HMR_0770,-0.058344010884283815,0
HMR_0775,-0.007553318148915085,0
HMR_0783,0.37198269591182404,0
HMR_0793,0.3922897426475288,0
HMR_0795,0.41138873847984553,0
HMR_0803,-0.0713335880097182,0
HMR_0805,0.4700005212191641,0
HMR_0806,-0.005322700255069167,0
HMR_0807,0.525554839839152,0
HMR_0808,-0.2723065295285844,0
HMR_0809,-0.09151053983734281,0
HMR_0810,0.4584117991124683,0
HMR_0811,0.4584117991124683,0
HMR_0812,-0.09151053983734281,0
HMR_0814,-0.09151053983734281,0
HMR_0816,-0.037804807623974535,0
HMR_0817,0.24275388544982993,0
HMR_0819,-0.36301253233642944,0
HMR_0821,-0.39270598758215247,0
HMR_0822,0.04535188857699721,5.042910533603617e-11
HMR_0823,0.3560413604990078,0
HMR_0825,-0.4929902777455841,0
HMR_0828,-0.4929902777455841,0
HMR_0829,-0.4742090076596753,0
HMR_0830,-0.28684327661305786,0
HMR_0831,1.1682203974402656,0
HMR_0835,-0.156094256984365,0
HMR_0836,-0.156094256984365,0
HMR_0837,0.008887774638419627,0
HMR_0839,-0.14306622736559615,0
HMR_0842,0.3175079991743595,0
HMR_0843,0.3175079991743595,0
HMR_0844,0.10021472013331853,0
HMR_0846,0.4552863962367066,0
HMR_0847,0.4550830962039926,0
HMR_0855,0.6709741394744492,0
HMR_0859,0.21370286294368787,0
HMR_0860,0.13536615829549334,0
HMR_0864,0.13536615829549334,0
HMR_0867,0.29061115115916814,0
HMR_0868,0.01764619310079901,0
HMR_0870,0.29061115115916814,0
HMR_0873,-0.01764619310079901,0
HMR_0875,0.30222795615855247,0
HMR_0876,0.25345265129504574,0
HMR_0878,0.25345265129504574,0
HMR_0889,0.36062129999998765,0
HMR_0890,0.36062129999998765,0
HMR_0906,0.5573903141446624,0
HMR_0907,0.5573903141446624,0
HMR_0908,0.5573903141446624,0
HMR_0909,0.5573903141446624,0
HMR_0911,0.23113474339408555,0
HMR_0912,0.2918305895320163,0
HMR_0913,0.2918305895320163,0
HMR_0942,0.3859362094451339,0
HMR_0946,0.43487004215118086,0
HMR_0950,0.46274616161524473,0
HMR_0954,0.36112544690642906,0
HMR_0960,0.342221539418217,0
HMR_0962,0.09359603544870444,0
HMR_0963,0.09359603544870444,0
HMR_0979,0.09477095742433965,0
HMR_0981,0.0831652846493397,0
HMR_0984,0.06773930633845733,0
HMR_0985,0.06773930633845733,0
HMR_0986,0.6478299544037275,0
HMR_0987,0.3365758893555575,0
HMR_1033,0.5689906943675126,0
HMR_1039,0.5689906943675126,0
HMR_1077,0.5689906943675126,0
HMR_1081,0.9846416691030244,0
HMR_1084,0.12918347005139588,0
HMR_1095,-1.585248338451812,0
HMR_1102,0.08832652060914215,0
HMR_1126,0.01934571320166202,0
HMR_1127,0.10747686317463678,0
HMR_1129,0.7453402348510972,0
HMR_1135,0.901683928111607,0
HMR_1242,-0.901683928111607,0
HMR_1243,-0.10747686317488336,0
HMR_1280,-0.840401258189104,0
HMR_1284,-0.08832652060923778,0
HMR_1305,0.5246133004360607,0
HMR_1306,1,0
HMR_1307,0.9865449998411774,0
HMR_1311,-0.8364682881471788,0
HMR_1312,-0.2640841457941038,0
HMR_1317,0.18444794471499323,0
HMR_1321,-0.145388588535081,0
HMR_1325,-0.9641535440371062,0
HMR_1329,-0.5134767158853897,0
HMR_1331,-0.9954473104200042,0
HMR_1332,-0.5839298883174329,0
HMR_1388,0.48803667765735265,0
HMR_1390,0.3662664854016276,0
HMR_1392,0.3662664854016276,0
HMR_1465,-0.3172865227009635,0
HMR_1470,0.3172865227009635,0
HMR_1473,0.3172865227009635,0
HMR_1490,0.2239366243899592,0
HMR_1493,0.2239366243899592,0
HMR_1494,0.2239366243899592,0
HMR_1495,0.25373645036815734,0
HMR_1496,0.16425145274189204,0
HMR_1502,0.2239366243899592,0
HMR_1503,0.2239366243899592,0
HMR_1504,0.2239366243899592,0
HMR_1505,0.2239366243899592,0
HMR_1509,0.2239366243899592,0
HMR_1512,0.2239366243899592,0
HMR_1516,0.2239366243899592,0
HMR_1526,0.2239366243899592,0
HMR_1532,0.1838988629494669,0
HMR_1536,0.34807378228909525,0
HMR_1538,0.34807378228909525,0
HMR_1539,0.34807378228909525,0
HMR_1540,0.34807378228909525,0
HMR_1543,0.4482070369898045,0
HMR_1544,0.4482070369898045,0
HMR_1545,0.4482070369898045,0
HMR_1546,0.4482070369898045,0
HMR_1547,0.4482070369898045,0
HMR_1548,0.4482070369898045,0
HMR_1549,0.4482070369898045,0
HMR_1550,0.4482070369898045,0
HMR_1551,0.4482070369898045,0
HMR_1552,0.4482070369898045,0
HMR_1557,0.3757935884596005,0
HMR_1558,0.38085944237328306,0
HMR_1565,0.3771359766583965,0
HMR_1620,-0.27239830255787206,0
HMR_1623,3.1813073006009747,0
HMR_1627,0.11270684919866972,0
HMR_1629,-7.915217614001481,0
HMR_1630,0.5281664513944601,0
HMR_1631,-0.19236205561917413,0
HMR_1637,0.6566846248949592,0
HMR_1651,0.5281664513944601,0
HMR_1653,0.5281664513944601,0
HMR_1665,1,0
HMR_1666,0.434126623328324,0
HMR_1681,0.3040892203321962,0
HMR_1685,0.06918938131454698,0
HMR_1706,0.06205722236411146,0
HMR_1735,-0.37396544270493587,0
HMR_1737,-0.37396544270493587,0
HMR_1738,-0.08401652683137008,0
HMR_1739,0.45440483232164086,0
HMR_1740,0.45440483232164086,0
HMR_1741,-0.4149082897035986,0
HMR_1742,0.45440483232164086,0
HMR_1743,-0.4149082897035986,0
HMR_1744,0.45440483232164086,0
HMR_1745,-0.4149082897035986,0
HMR_1746,0.45440483232164086,0
HMR_1747,-0.4149082897035986,0
HMR_1748,0.45440483232164086,0
HMR_1749,-0.4149082897035986,0
HMR_1750,0.45440483232164086,0
HMR_1751,-0.4149082897035986,0
HMR_1752,0.45440483232164086,0
HMR_1753,-0.4149082897035986,0
HMR_1754,0.45440483232164086,0
HMR_1756,-0.4149082897035986,0
HMR_1758,0.45440483232164086,0
HMR_1759,-0.4149082897035986,0
HMR_1760,0.45440483232164086,0
HMR_1761,-0.4149082897035986,0
HMR_1762,0.13629821927533142,0
HMR_1764,-0.13629821927147365,0
HMR_1765,0.13629821927533142,0
HMR_1766,-0.8659771847637511,0
HMR_1767,0.07049673493151777,0
HMR_1768,0.07049673493151777,0
HMR_1769,-0.8991690908976906,0
HMR_1770,0.07049673493151777,0
HMR_1771,-0.8991690908976906,0
HMR_1781,0.7969387501851509,0
HMR_1783,0.7969387501851509,0
HMR_1807,-0.3460872772541918,0
HMR_1834,-0.49948675782031815,0
HMR_1838,-0.2079782840532179,0
HMR_1847,0.9896624067910011,0
HMR_1916,-0.8557185733608352,0
HMR_1927,0.4615004171205102,0
HMR_1928,0.4615004171205111,0
HMR_1929,0.4615004171205111,0
HMR_1940,0.4322065166416254,0
HMR_1941,0.4322065166416254,0
HMR_1944,0.2833628684652673,0
HMR_1948,0.22470724795174424,0
HMR_1949,0.22470724795174424,0
HMR_1958,0.04696677339747552,0
HMR_1962,0.04548177492264634,0
HMR_1967,0.3113451628295377,0
HMR_1968,-0.4179546407227561,0
HMR_1970,0.3113451628295377,0
HMR_1971,-0.4179546407227561,0
HMR_1976,-0.02859057233168174,0
HMR_1979,-0.11388236442476193,0
HMR_1980,-0.11388236442476193,0
HMR_1981,0.07033035225351046,0
HMR_1982,0.3706370800235163,0
HMR_1983,0.3706370800235163,0
HMR_1988,0.4484811407793691,0
HMR_1989,0.141395421982244,0
HMR_1990,0.585456762835143,0
HMR_1991,0.5313377552247804,0
HMR_1992,0.46577723129786247,0
HMR_1993,0.10328005273226856,0
HMR_1996,-0.9638827639592633,0
HMR_2007,0.4248531379345981,0
HMR_2010,0.37046961658061145,0
HMR_2011,0.37046961658061145,0
HMR_2014,-0.27570719467025745,0
HMR_2016,-0.22473771976869444,0
HMR_2018,-0.521343962975999,0
HMR_2029,0.23120201222593056,0
HMR_2041,0.10762119663894013,0
HMR_2087,0.2703194403234925,0
HMR_2088,0.2703194403234925,0
HMR_2089,-0.2703194403234925,0
HMR_2090,-0.2703194403234925,0
HMR_2190,0.7873170147029688,0
HMR_2193,0.7873170147029688,0
HMR_2210,0.4711065399613683,0
HMR_2211,0.5730739493728565,0
HMR_2215,0.3422675625756472,0
HMR_2217,0.3422675625756472,0
HMR_2218,0.3422675625756472,0
HMR_2219,0.3422675625756472,0
HMR_2259,0.07421862774075347,0
HMR_2260,0.07421862774075347,0
HMR_2261,0.07421862774075347,0
HMR_2262,0.07421862774075347,0
HMR_2263,0.19950444950230126,0
HMR_2264,0.19950444950230126,0
HMR_2265,0.19950444950230126,0
HMR_2266,0.19950444950230126,0
HMR_2267,0.3514613473868769,0
HMR_2268,0.3514613473868769,0
HMR_2269,0.3514613473868769,0
HMR_2270,0.3514613473868769,0
HMR_2281,0.5975194716060913,0
HMR_2282,0.5240507053975151,0
HMR_2284,0.4170751423328711,0
HMR_2286,0.42544545542064843,0
HMR_2287,0.37817314926044326,0
HMR_2288,-0.09204244740106979,0
HMR_2289,0.11402528699043012,0
HMR_2292,0.07809985032357832,0
HMR_2293,0.10113893574087615,0
HMR_2294,-0.148433049924449,0
HMR_2295,-0.9345593334566169,0
HMR_2296,-0.8849389415153727,0
HMR_2332,-0.6868551531824357,0
HMR_2334,-0.6868551531824357,0
HMR_2336,-0.6868551531824357,0
HMR_2338,-0.6868551531824357,0
HMR_2342,-0.9477248295144619,0
HMR_2343,-0.9477248295144619,0
HMR_2344,-0.9477248295144619,0
HMR_2345,-0.9477248295144619,0
HMR_2347,0.4947490352156512,0
HMR_2348,0.4947490352156512,0
HMR_2349,0.4947490352156512,0
HMR_2350,0.4947490352156512,0
HMR_2353,0.29194345381441184,0
HMR_2354,0.29194345381441184,0
HMR_2355,0.29194345381441184,0
HMR_2356,0.29194345381441184,0
HMR_2359,-0.14247407817423421,0
HMR_2361,0.10680367544751207,0
HMR_2362,0.10680367544751207,0
HMR_2363,0.10680367544751207,0
HMR_2364,0.10680367544751207,0
HMR_2365,0.06338510792105757,0
HMR_2368,0.6441979800137854,0
HMR_2374,0.2846080434757361,0
HMR_2376,0.2846080434757361,0
HMR_2380,0.6435726707538335,0
HMR_2391,0.5631847065899314,0
HMR_2395,0.03554731260576317,0
HMR_2433,0.0018991388401225317,0
HMR_2434,0.0018991388401225317,0
HMR_2435,0.0018991388401225317,0
HMR_2436,0.0018991388401225317,0
HMR_2440,0.17573500291044097,0
HMR_2457,0.23734154858000447,0
HMR_2472,0.274179388455245,0
HMR_2484,0.20178066820183405,0
HMR_2530,0.6095539684437106,0
HMR_2533,0.6095539684437106,0
HMR_2535,0.6095539684437106,0
HMR_2537,0.6095539684437106,0
HMR_2540,0.12989668755240558,0
HMR_2541,0.12989668755240558,0
HMR_2542,0.12989668755240558,0
HMR_2543,0.12989668755240558,0
HMR_2571,-0.48937220926727903,0
HMR_2581,0.17958465901393292,0
HMR_2585,0.34364423427699614,0
HMR_2602,-0.19037805778997846,0
HMR_2603,-0.19037805778997846,0
HMR_2604,0.19037805778997846,0
HMR_2608,-0.29046097356532224,0
HMR_2609,-0.29046097356532224,0
HMR_2610,0.29046097356532224,0
HMR_2611,1.39890113556456,0
HMR_2612,-1.2335017466775566,0
HMR_2613,-0.056754500644407194,0
HMR_2620,0.5531673351592499,0
HMR_2621,-0.5531673351611619,0
HMR_2622,-0.5531673351611619,0
HMR_2624,0.9901587331028316,0
HMR_2633,0.37817314926044326,0
HMR_2634,-0.9860517836411177,0
HMR_2635,-1.0667526094781177,0
HMR_2644,-0.8101496561220831,0
HMR_2648,-0.09204244740106979,0
HMR_2649,0.09204244740106979,0
HMR_2650,0.09204244740106979,0
HMR_2651,0.11402528699043012,0
HMR_2652,-0.11402528699043012,0
HMR_2653,-0.11402528699043012,0
HMR_2655,0.6695097094696485,0
HMR_2657,-0.8770511800056576,0
HMR_2659,-0.3381283097505632,0
HMR_2660,-0.9899637543220067,0
HMR_2661,-0.9899637543220066,0
HMR_2662,0.9899637543220066,0
HMR_2666,-0.9851410828817995,0
HMR_2667,-1.4184374612166748,0
HMR_2668,-0.08856831550960587,0
HMR_2669,0.021321903737374207,0
HMR_2670,-0.021321903737374207,0
HMR_2671,-0.021321903737374207,0
HMR_2673,0.4311633301100998,0
HMR_2675,0.34197957339228235,0
HMR_2676,0.341979573391717,0
HMR_2677,-0.341979573391717,0
HMR_2679,0.7310427753504417,0
HMR_2681,-0.9477248295144619,0
HMR_2682,0.9477248295144619,0
HMR_2683,0.9477248295144619,0
HMR_2684,-5.288993763124257,0
HMR_2685,5.28899376249795,0
HMR_2686,5.28899376249795,0
HMR_2687,0.31765955448350797,0
HMR_2688,-0.31765955448350797,0
HMR_2689,-0.31765955448350797,0
HMR_2690,0.14856256574701637,0
HMR_2691,0.14856256574701637,0
HMR_2692,-0.14856256574701637,0
HMR_2693,0.06338510792105757,0
HMR_2695,0.06338510792105757,0
HMR_2697,-0.06338510792105757,0
HMR_2699,-0.3806914973778581,0
HMR_2700,-0.3806914973789444,0
HMR_2701,0.3806914973789444,0
HMR_2702,0.12417072634339538,0
HMR_2703,0.19423214442347655,0
HMR_2704,-0.19423214442347655,0
HMR_2705,0.5474663181359313,0
HMR_2706,-0.5474663181359313,0
HMR_2707,-0.5474663181359313,0
HMR_2708,0.29194345381441184,0
HMR_2709,-0.29194345381441184,0
HMR_2710,-0.29194345381441184,0
HMR_2711,-0.5391995647627776,0
HMR_2712,0.984067089677214,0
HMR_2713,-0.984067089677214,0
HMR_2715,-0.6827589262837406,0
HMR_2718,1.7041405751475376,0
HMR_2722,-1.0093099796399378,0
HMR_2727,1.1115213347878683,0
HMR_2731,0.7137267522603227,0
HMR_2733,0.7691694557981857,0
HMR_2734,0.7691694557981857,0
HMR_2735,-0.7691694557981857,0
HMR_2736,0.12989668755240558,0
HMR_2737,0.12989668755240558,0
HMR_2738,-0.12989668755240558,0
HMR_2739,-0.2608690889367261,0
HMR_2740,-0.2608690889367261,0
HMR_2741,0.2608690889367261,0
HMR_2744,-17.652126217584243,0
HMR_2748,-0.842265675209081,0
HMR_2753,2.634612507469412,0
HMR_2757,-5.097262132992099,0
HMR_2760,0.7532110038993478,0
HMR_2764,0.19898760140730373,0
HMR_2768,-0.2551120186980205,0
HMR_2769,0.2551120186980205,0
HMR_2770,0.2551120186980205,0
HMR_2771,0.0018991388401225317,0
HMR_2772,0.0018991388401225317,0
HMR_2773,-0.0018991388401225317,0
HMR_2774,0.08179595594794055,0
HMR_2775,0.08179595594794055,0
HMR_2776,-0.08179595594794055,0
HMR_2817,0.03570044779218453,0
HMR_2819,-0.03570044779218453,0
HMR_2821,-0.8910139916932626,0
HMR_2827,0.8910139916932626,0
HMR_2851,-0.5647653219775234,0
HMR_2852,0.5647653219775234,0
HMR_2857,-0.649320609066496,0
HMR_2859,0.6493206090666261,0
HMR_2861,0.29433168588689945,0
HMR_2862,-0.2943316858848897,0
HMR_2865,0.18076446791406459,0
HMR_2866,-0.180764467915861,0
HMR_2884,5.888987862411754,0
HMR_2886,-5.888987862413324,0
HMR_2888,0.638533850892636,0
HMR_2890,-0.638533850892636,0
HMR_2942,0.23738284095018894,0
HMR_2943,-0.14159415304540082,0
HMR_2944,-0.08017797403443133,0
HMR_2945,0.5037728563842799,0
HMR_2946,-0.014743400686304886,0
HMR_2947,0.2999046239889709,0
HMR_2948,0.1606888150632162,0
HMR_2951,0.1964267142269609,0
HMR_2954,0.21620874678980914,0
HMR_2955,0.011195155360072331,0
HMR_2956,-0.02966428169401976,0
HMR_2961,-0.08775462575796511,0
HMR_2962,-4.6090948266181564e-4,0
HMR_2963,0.3182276501008433,0
HMR_2964,0.04880906950516567,0
HMR_2965,0.271027766690858,0
HMR_2966,0.13265804469619594,0
HMR_2967,0.061311838618855356,0
HMR_2968,-0.09263799511194121,0
HMR_2969,0.15407745430561656,0
HMR_2970,0.019596048118505707,0
HMR_2971,0.18761086185584142,0
HMR_2972,0.10469372870427526,0
HMR_2973,-0.2816123226648372,0
HMR_2974,0.09880095668123995,0
HMR_2975,0.1574906262416915,0
HMR_2976,0.07047295752501183,0
HMR_2977,0.08952526265517519,0
HMR_2978,0.2008086348010191,0
HMR_2979,0.20359743727615587,0
HMR_2980,0.3621630449558275,0
HMR_2982,0.013762276313956415,0
HMR_2983,-0.010323611732105744,0
HMR_2985,0.45860947987159156,0
HMR_2986,0.05306396377071888,0
HMR_2988,0.24565023801910138,0
HMR_2989,0.21905521231379135,0
HMR_2990,0.1463043242850263,0
HMR_2994,0.3368693855369989,0
HMR_2998,0.22362064251824426,0
HMR_2999,0.010272511093730887,0
HMR_3001,0.20103475887801003,0
HMR_3002,0.12356686967577825,0
HMR_3003,0.18011147937936975,0
HMR_3018,0.3514613473868769,0
HMR_3021,0.4879212179667562,0
HMR_3023,-0.6868551531824357,0
HMR_3053,0.4879212179667562,0
HMR_3056,0.3514613473868769,0
HMR_3057,0.23307114414971525,0
HMR_3058,0.2330711441497159,0
HMR_3059,0.2330711441497159,0
HMR_3062,-0.017586695270015905,0
HMR_3063,-0.017586695270015905,0
HMR_3064,-0.017586695270015905,0
HMR_3065,-0.017586695270015905,0
HMR_3066,0.4417372695255718,0
HMR_3067,0.4417372695255718,0
HMR_3068,0.4417372695255718,0
HMR_3069,0.4417372695268462,0
HMR_3070,-0.49889309871036924,0
HMR_3071,-0.498893098708383,0
HMR_3072,-0.498893098708383,0
HMR_3073,-0.498893098708383,0
HMR_3074,0.04851138071119799,0
HMR_3075,0.04851138071119799,0
HMR_3076,0.04851138071119799,0
HMR_3094,-0.25825693338343236,0
HMR_3095,-0.25825693338343236,0
HMR_3096,-0.25825693338343236,0
HMR_3097,-0.25825693338343236,0
HMR_3098,-0.5912623015371631,0
HMR_3099,-0.6611240637650656,0
HMR_3100,-0.6611240637650656,0
HMR_3101,-0.6611240637650656,0
HMR_3102,-0.2666929299831595,0
HMR_3106,-0.2157741075300532,0
HMR_3107,-0.19423214442347655,0
HMR_3108,-0.19423214442347655,0
HMR_3109,-0.19423214442347655,0
HMR_3110,-0.19423214442347655,0
HMR_3111,0.1084313402235261,0
HMR_3112,0.1084313402235261,0
HMR_3113,0.1084313402235261,0
HMR_3114,0.1084313402235261,0
HMR_3115,0.08803205967585642,0
HMR_3116,-0.6503097135908954,0
HMR_3117,-0.6503097135908954,0
HMR_3118,-0.6503097135908954,0
HMR_3121,0.31588304894050395,0
HMR_3128,0.13600021778229965,0
HMR_3135,0.4782605975449466,0
HMR_3142,-0.10085246842911225,0
HMR_3149,-0.1286590514174233,0
HMR_3156,-0.5221403741567415,0
HMR_3170,0.3806914973789444,0
HMR_3171,0.3806914973789444,0
HMR_3172,0.3806914973789444,0
HMR_3173,0.3806914973789444,0
HMR_3174,0.09568044808533431,0
HMR_3175,0.09568044808533431,0
HMR_3176,0.09568044808533431,0
HMR_3177,0.09568044808533431,0
HMR_3178,0.33526450611474484,0
HMR_3179,0.33526450611474484,0
HMR_3180,0.33526450611474484,0
HMR_3181,0.33526450611474484,0
HMR_3182,0.6636129053284854,0
HMR_3183,0.6636129053284854,0
HMR_3184,0.6636129053284854,0
HMR_3185,0.6636129053284854,0
HMR_3186,0.6636129053284854,0
HMR_3187,0.6636129053284854,0
HMR_3188,0.6636129053284854,0
HMR_3189,0.6636129053284854,0
HMR_3190,0.43558694726892644,0
HMR_3191,0.43558694726892644,0
HMR_3192,0.43558694726892644,0
HMR_3193,0.43558694726892644,0
HMR_3194,0.34635760943347943,0
HMR_3195,0.34635760943347943,0
HMR_3196,0.34635760943347943,0
HMR_3197,0.34635760943347943,0
HMR_3198,0.33754694867530527,0
HMR_3199,0.33754694867530527,0
HMR_3200,0.33754694867530527,0
HMR_3201,0.33754694867530527,0
HMR_3202,0.298594566620546,0
HMR_3203,0.298594566620546,0
HMR_3204,0.298594566620546,0
HMR_3205,0.298594566620546,0
HMR_3218,0.5474663181359313,0
HMR_3219,0.5474663181359313,0
HMR_3220,0.5474663181359313,0
HMR_3221,0.5474663181359313,0
HMR_3222,0.022593472999514617,0
HMR_3223,0.022593472999514617,0
HMR_3224,0.022593472999514617,0
HMR_3225,0.022593472999514617,0
HMR_3229,-0.8334492393089933,0
HMR_3230,0.3581127540393287,0
HMR_3231,0.3581127540393287,0
HMR_3232,0.3581127540393287,0
HMR_3233,0.3581127540393287,0
HMR_3234,0.3774997251491419,0
HMR_3235,0.3774997251491419,0
HMR_3236,0.3774997251491419,0
HMR_3237,0.3774997251491419,0
HMR_3240,-0.9477248295144619,0
HMR_3241,-0.9477248295144619,0
HMR_3242,-0.9477248295144619,0
HMR_3243,-0.9477248295144619,0
HMR_3244,0.021214151061139552,0
HMR_3245,0.021214151061139552,0
HMR_3246,0.021214151061139552,0
HMR_3247,0.021214151061139552,0
HMR_3296,0.6519276105366939,0
HMR_3321,-0.48857872562574356,0
HMR_3322,0.21207920843584457,0
HMR_3326,-0.6868551531824357,0
HMR_3327,-0.6868551531824357,0
HMR_3328,-0.6868551531824357,0
HMR_3329,-0.6868551531824357,0
HMR_3330,0.38938672857944445,0
HMR_3331,0.38938672857944445,0
HMR_3332,0.38938672857944445,0
HMR_3333,0.38938672857944445,0
HMR_3334,0.38938672857944445,0
HMR_3335,0.38938672857944445,0
HMR_3336,0.38938672857944445,0
HMR_3337,0.38938672857944445,0
HMR_3338,0.38938672857944445,0
HMR_3339,0.38938672857944445,0
HMR_3340,0.38938672857944445,0
HMR_3341,0.38938672857944445,0
HMR_3342,0.3173115779245457,0
HMR_3343,0.3173115779245457,0
HMR_3344,0.3173115779245457,0
HMR_3345,0.3173115779245457,0
HMR_3346,0.3173115779245457,0
HMR_3347,0.3173115779245457,0
HMR_3348,0.3173115779245457,0
HMR_3349,0.3173115779245457,0
HMR_3350,0.3173115779245457,0
HMR_3351,0.3173115779245457,0
HMR_3352,0.3173115779245457,0
HMR_3353,0.3173115779245457,0
HMR_3396,-0.09204244740106979,0
HMR_3397,0.11402528699043012,0
HMR_3398,0.056754500644407194,0
HMR_3406,0.3381283097505632,0
HMR_3407,0.08856831550960587,0
HMR_3408,0.021321903737374207,0
HMR_3409,0.40300741117143407,0
HMR_3411,0.31765955448350797,0
HMR_3413,0.14856256574701637,0
HMR_3414,0.06338510792105757,0
HMR_3416,0.29194345381441184,0
HMR_3421,0.022369005874559367,0
HMR_3422,-0.1712201442597225,0
HMR_3423,-0.2551120186980205,0
HMR_3424,0.0018991388401335435,0
HMR_3425,0.08179595594794055,0
HMR_3426,-0.18301641231583196,0
HMR_3427,0.06314113691290094,0
HMR_3428,0.12070880696108029,0
HMR_3429,0.153213840139593,0
HMR_3431,0.7691694557981857,0
HMR_3432,0.12989668755240558,0
HMR_3433,-0.2608690889367261,0
HMR_3446,-0.21610592999979192,0
HMR_3447,-0.21610592999979192,0
HMR_3448,-0.07903761379094304,0
HMR_3449,-0.20753740007253427,0
HMR_3450,-0.20753740007253427,0
HMR_3451,-0.20753740007253427,0
HMR_3452,0.8086060808269704,0
HMR_3453,0.8086060808269704,0
HMR_3454,0.8086060808269704,0
HMR_3455,-0.8086060808269704,0
HMR_3456,0.8086060808269704,0
HMR_3457,0.8086060808269704,0
HMR_3475,-0.6648061793286052,0
HMR_3491,0.5372036828178819,0
HMR_3505,0.33613431139363154,0
HMR_3520,1,0
HMR_3522,0.308072932258872,0
HMR_3597,NA,1
HMR_3625,0.23738284095018894,0
HMR_3626,-0.14159415304540082,0
HMR_3627,-0.08017797403443133,0
HMR_3628,-0.014743400686304886,0
HMR_3629,0.2999046239889709,0
HMR_3630,0.5037728563842799,0
HMR_3631,0.1606888150632162,0
HMR_3633,0.1964267142269609,0
HMR_3635,0.21620874678980914,0
HMR_3636,0.011195155360072331,0
HMR_3637,-0.02966428169401976,0
HMR_3639,-4.6090948266181564e-4,0
HMR_3640,0.3182276501008433,0
HMR_3642,-0.08775462575796511,0
HMR_3644,0.04880906950516567,0
HMR_3645,0.271027766690858,0
HMR_3646,0.13265804469619594,0
HMR_3647,-0.09263799511194121,0
HMR_3648,0.061311838618855356,0
HMR_3649,0.15407745430561656,0
HMR_3650,0.019596048118505707,0
HMR_3651,0.18761086185585232,0
HMR_3652,0.10469372870427526,0
HMR_3653,0.44912453193709734,0
HMR_3654,0.09880095668123995,0
HMR_3655,0.1574906262416915,0
HMR_3656,0.07047295752501183,0
HMR_3657,0.08952526265517519,0
HMR_3658,0.2008086348010191,0
HMR_3659,0.20359743727615587,0
HMR_3660,0.3621630449558275,0
HMR_3662,0.15972396244520654,0
HMR_3663,-0.010323611732105744,0
HMR_3664,0.1356903177778278,1.1102230246251565e-16
HMR_3665,0.45860947987159156,0
HMR_3666,0.05306396377071888,0
HMR_3667,0.08681400849544324,0
HMR_3668,0.24565023801910138,0
HMR_3669,0.21905521231379135,0
HMR_3670,0.1463043242850263,0
HMR_3675,0.3368693855369989,0
HMR_3677,0.22362064251824426,0
HMR_3678,0.010272511093730887,0
HMR_3679,0.19941707199163924,0
HMR_3680,0.20103475887801003,0
HMR_3681,0.12356686967577825,0
HMR_3682,0.18011147937936975,0
HMR_3684,0.23738284095018894,0
HMR_3685,-0.14159415304540082,0
HMR_3686,-0.08017797403443133,0
HMR_3687,-0.014743400686304886,0
HMR_3688,0.2999046239889709,0
HMR_3689,0.5037728563842799,0
HMR_3690,0.1606888150632162,0
HMR_3692,0.1964267142269609,0
HMR_3694,0.21620874678980914,0
HMR_3695,0.011195155360072331,0
HMR_3696,-0.02966428169401976,0
HMR_3698,-4.6090948266181564e-4,0
HMR_3699,0.3182276501008433,0
HMR_3701,-0.08775462575796511,0
HMR_3703,0.04880906950516567,0
HMR_3704,0.271027766690858,0
HMR_3705,0.13265804469619594,0
HMR_3706,-0.09263799511194121,0
HMR_3707,0.061311838618855356,0
HMR_3708,0.15407745430561656,0
HMR_3709,0.019596048118505707,0
HMR_3710,0.18761086185585232,0
HMR_3711,0.10469372870427526,0
HMR_3712,0.44912453193709734,0
HMR_3713,0.09880095668123995,0
HMR_3714,0.1574906262416915,0
HMR_3715,0.07047295752501183,0
HMR_3716,0.08952526265517519,0
HMR_3717,0.2008086348010191,0
HMR_3718,0.20359743727615587,0
HMR_3719,0.3621630449558275,0
HMR_3721,0.15972396244520654,0
HMR_3722,-0.010323611732105744,0
HMR_3723,0.1356903177778278,1.1102230246251565e-16
HMR_3724,0.45860947987159156,0
HMR_3725,0.05306396377071888,0
HMR_3726,0.08681400849544324,0
HMR_3727,0.24565023801910138,0
HMR_3728,0.21905521231379135,0
HMR_3729,0.1463043242850263,0
HMR_3734,0.3368693855369989,0
HMR_3736,0.22362064251824426,0
HMR_3737,0.010272511093730887,0
HMR_3738,0.19941707199163924,0
HMR_3739,0.20103475887801003,0
HMR_3740,0.12356686967577825,0
HMR_3741,0.18011147937936975,0
HMR_3831,-0.16251285851088962,0
HMR_3855,NA,1
HMR_3864,0.1940466207253811,0
HMR_3915,0.0702268263887895,0
HMR_3966,-0.1621556678345212,0
HMR_4078,0.4185944033437182,0
HMR_4079,0.4054954272605444,0
HMR_4124,0.24521361988473095,0
HMR_4182,0.02763816809168986,0
HMR_4261,-0.9548359908853473,0
HMR_4263,1,0
HMR_4270,0.45326970535120026,0
HMR_4278,0.9374235041650253,0
HMR_4422,0.26046516532539243,0
HMR_4592,0.7781713458223394,0
HMR_4630,-0.27972681388867726,0
HMR_4696,0.15599421146562661,0
HMR_4700,-0.8036106513376606,0
HMR_4756,0.09151375937535679,0
HMR_4764,0.5057686347191358,0
HMR_4771,-0.8861233230068062,0
HMR_4776,-0.29017250338039613,0
HMR_4777,0.38569829358356866,0
HMR_4790,1.0208475399691124,0
HMR_4938,NA,1
HMR_4964,-0.9771462383517847,0
HMR_5301,-1,1
HMR_5387,0.7522114686145591,0
HMR_5389,0.7522114686145591,0
HMR_5420,0.09151375937535679,0
HMR_5996,-0.084376825581142,0
HMR_6385,0.10261690476629114,0
HMR_6397,0.28139812345093734,0
HMR_6408,0.28139812345093734,0
HMR_6511,-0.45959282945196284,0
HMR_6515,-0.0017615724305895494,0
HMR_6533,-0.7766082660831308,0
HMR_6534,1,0
HMR_6545,0.17927256500648978,0
HMR_6549,0.37974403717267985,0
HMR_6550,0.45074314963401846,0
HMR_6558,0.43438293549120727,0
HMR_6564,0.371804834567976,0
HMR_6566,0.06321243393027008,0
HMR_6572,0.39522414968559993,0
HMR_6583,-0.084079047275347707,0
HMR_6584,-0.27297190351013734,0
HMR_6595,0.5300130761911276,0
HMR_6617,-0.5209114320670933,0
HMR_6619,0.5209114320670933,0
HMR_6629,0.6953338513957162,0
HMR_6632,0.6706847528067786,0
HMR_6633,0.7351191636406714,0
HMR_6647,0.6953338513957162,0
HMR_6728,0.4655091743446192,0
HMR_6729,0.5399404844484047,0
HMR_6747,0.6247648289734171,0
HMR_6755,-0.29550805759817106,0
HMR_6790,-0.04250900015284455,1.2212453270876722e-15
HMR_6826,3.157427564213654,0
HMR_6834,-3.157427564213654,0
HMR_6838,-0.03158902071867922,0
HMR_6839,-0.03158902071867922,0
HMR_6844,0.1621111845681615,0
HMR_6850,0.4023508521618865,0
HMR_6854,1.007755301335817,0
HMR_6874,0.08333622139442698,0
HMR_6907,0.3448426747065616,0
HMR_6908,0.3448426747065616,0
HMR_6909,0.3448426747065616,0
HMR_6910,0.3448426747065616,0
HMR_6975,0.8047919932660588,0
HMR_6976,0.8047919932660588,0
HMR_6977,0.8047919932660588,0
HMR_6978,0.8047919932660588,0
HMR_6986,0.365740033755858,0
HMR_6989,0.9139854150874623,0
HMR_7180,0.12905885871737557,0
HMR_7181,0.12905885871737557,0
HMR_7182,0.12905885871732445,0
HMR_7198,0.21386301783563227,0
HMR_7255,0.2738433289266652,0
HMR_7256,0.2738433293711244,0
HMR_7278,0.5893813742403781,0
HMR_7328,0.15347688868515194,0
HMR_7329,0.15347688868515194,0
HMR_7330,0.15347688868515194,0
HMR_7469,0.3120782090229986,0
HMR_7628,0.4069864619918743,0
HMR_7652,-0.10353461661598753,0
HMR_7700,-0.2212740856311562,0
HMR_7703,-0.4143396334562118,0
HMR_7711,0.49328250941097257,0
HMR_7712,-0.937423504165011,0
HMR_7715,0.8722613256984548,0
HMR_7720,0.3091366805469196,0
HMR_7724,-0.33567270570366764,0
HMR_7727,0.8251848770341906,0
HMR_7748,-0.06147420235404295,0
HMR_7749,0.06147420235404295,0
HMR_7755,0.9044893132027685,0
HMR_7756,0.4069864619918743,0
HMR_7757,-1.03660719468589,0
HMR_7758,0.34798338403179463,0
HMR_7898,0.6597465802231464,0
HMR_7900,-0.18158221084778886,0
HMR_7944,0.6634064218213435,0
HMR_7947,0.504237887129411,0
HMR_7949,0.17753556217495037,0
HMR_7977,-0.9987378892464698,0
HMR_8023,-0.8047919932645934,0
HMR_8056,0.5774286882014442,0
HMR_8090,0.4507947036530714,0
HMR_8271,0.28499415929600114,0
HMR_8287,0.24255963270111008,0
HMR_8374,-0.7325485324142385,0
HMR_8395,0.10020135756156845,0
HMR_8397,0.39486869045462863,0
HMR_8399,-0.3230450661664888,0
HMR_8475,-0.028070186540461665,0
HMR_8476,-0.6075760545067433,0
HMR_8501,NA,1
HMR_8505,-0.36448344596465854,0
HMR_8510,0.23969063949471506,0
HMR_8562,0.2114598388898791,0
HMR_8585,0.5060412972852458,0
HMR_8590,0.3378079369663472,0
HMR_8643,0.532606114154449,0
HMR_8670,-1,1
HMR_8761,0.489654707032634,0
HMR_8762,0.4896547070326346,0
HMR_8776,-0.03298320749451372,0
HMR_8877,-1,0.9865950232449802
HMR_8884,NA,1
HMR_9174,0.7234271070134797,0
HMR_9175,-0.7234271070137632,0
HMR_9177,0.30979550789936783,0
HMR_9178,-0.3097955078987543,0
HMR_9179,0.1592251791725317,0
HMR_9180,-1,0
HMR_9184,-0.011111897766277036,0
HMR_9187,0.5060412972852458,0
HMR_9188,-1,0
HMR_9191,0.6099049238244107,0
HMR_9561,-0.04624563100453264,0
HMR_9581,NA,1
HMR_9582,NA,1
HMR_9583,NA,1
HMR_9584,NA,1
HMR_9590,-0.316695281579104,0
HMR_9593,0.999994486464643,0
HMR_9605,-1,1
HMR_9607,-0.640238010017815,0
HMR_9608,0.2759712434524784,0
HMR_9609,0.17473002207387958,0
HMR_9610,NA,1
HMR_9614,0.13413176004726998,0
HMR_9615,0.04238662666201796,0
HMR_9617,NA,1
HMR_9619,NA,1
HMR_9620,0.7450537836376935,0
HMR_9621,-0.3498660668488958,0
HMR_9622,0.11425248278861884,0
HMR_9623,-0.2495518357768012,0
HMR_9624,-0.5838635634964335,0
HMR_9625,0.09240570326626354,0
HMR_9627,0.08578034024212108,0
HMR_9628,0.5689906943675126,0
HMR_9634,-1.0542232466559514,0
HMR_9639,-0.3016912667589623,0
HMR_9644,0.5573903141446624,0
HMR_9647,-0.09151053983734281,0
HMR_9648,-0.15347688868515194,0
HMR_9667,-0.15347688868515194,0
HMR_9674,0.3091736120913876,0
HMR_9676,0.2114598388898791,0
HMR_9678,0.388911134556387,0
HMR_9679,-0.6648061793286052,0
HMR_9719,0.6471460978023619,0
HMR_9720,0.2738433289266652,0
HMR_9726,-0.09619036829762288,0
HMR_9797,1,0
HMR_9801,0.46203815231758455,0
HMR_9803,0.10944444899098545,0
HMR_9804,-0.10944444899090015,0
HMR_9805,0.05823303626370199,0
HMR_9807,0.46203815231758455,0
HMR_2957,-0.30204074261939073,0
HMR_6580,-0.27297190351013734,0
HMR_1635,0.6566846248949592,0
HMR_1484,0.2239366243899592,0
HMR_0980,-0.0831652846493397,0
HMR_1467,0.3172865227009635,0
HMR_1644,0.5281664513944601,0
HMR_4772,0.8861233230068062,0
HMR_1500,0.2239366243899592,0
HMR_6672,1.0318753427490663,0.6398676131245755
EX_glc_D[e],1,0
12DHCHOLabc,0.027229543310675928,0
12DHCHOLt2,0.027229543310675928,0
3DHCAS,0.395772409850954,0
3DHCDCAS,0.33586564342507286,0
3DHCDCHOLabc,0.13332699792910327,0
3DHCDCHOLt2,0.13332699792910327,0
3DHCHOLabc,-0.03979739783736657,0
3DHCHOLt2,-0.03979739783736657,0
3DHDCAabc,-0.08332249002697038,0
3DHDCAS,0.01207193885138976,0
3DHDCAt2,-0.08332249002697038,0
3DHLCAabc,-0.11867144343021024,0
3DHLCAS,0.40193789907255917,0
3DHLCAt2,-0.11867144343021024,0
7DHCDCHOLabc,-0.22052746464684628,0
7DHCDCHOLt2,-0.22052746464684628,0
7DHCHOLabc,-0.1435657709006596,0
7DHCHOLt2,-0.1435657709006596,0
CA24GSc,0.1608145332277472,0
CA24GSr,0.6778061866764098,0
CA24Gte,0.2678381211729569,0
CA24Gtr,-0.6778061866764358,0
CA3Sabc,-0.14990272265880142,0
CA3St,-0.14990272265880142,0
CASULT,-0.09287615099561702,0
CDCA24GSc,0.40086107319413034,0
CDCA24GSr,0.4679367185065534,0
CDCA24Gte,0.15623808250052965,0
CDCA24Gtr,-0.46793671850463275,0
CDCA3GSc,0.29261446894396964,0
CDCA3GSr,0.13961260628202501,0
CDCA3Gte,-0.04568825996270291,0
CDCA3Gtr,-0.1396126062815522,0
HC02220t,0.955012708205398,0
CDCA6AH,0.5434824321301736,0
COPROSTabc,0.4139103649961754,0
COPROSTt2,0.4139103649961754,0
DCA24GSc,-0.5010898104768399,0
DCA24GSr,0.9195827078459288,0
DCA24Gte,0.30427121610426705,0
DCA24Gtr,-0.9195827078459273,0
DCA3GSc,0.7711617339445879,0
DCA3GSr,-0.4797985093762987,0
DCA3Gte,-0.3072876089806776,0
DCA3Gtr,0.4797985093762987,0
DCA3Sabc,-0.08932045656934952,0
DCA3St,-0.08932045656934952,0
DCASULT,-0.6082231866730627,0
DM_3dhcdchol[c],0.33586564342507286,0
DM_3dhchol[c],0.395772409850954,0
DM_3dhdchol[c],0.01207193885138976,0
DM_3dhlchol[c],0.40193789907255917,0
DM_ca24g[c],0.3147360020825743,0
DM_ca3s[c],-0.09287615099561702,0
DM_cdca24g[c],0.48585851008272074,0
DM_cdca3g[c],0.3283849847650823,0
DM_dca24g[c],-0.0043544104295238,0
DM_dca3g[c],0.4716156545189336,0
DM_dca3s[c],-0.6082231866730627,0
DM_gca3s[c],0.008975909370714798,1.0469403122215226e-13
DM_gcdca3s[c],0.2026487272969355,0
DM_gdca3s[c],-0.49948675782031815,0
DM_gudca3s[c],0.3278191895536912,0
DM_hca24g[c],0.6012184928050456,0
DM_hca6g[c],0.0011274815835198542,0
DM_hdca24g[c],0.7524498658129987,0
DM_hdca6g[c],0.5683993051333999,0
DM_lca24g[c],0.7026939309273107,0
DM_lca3g[c],-0.10193617990652416,0
DM_lca3s[c],0.023428252048088367,0
DM_tca3s[c],0.25731534599083783,0
DM_tcdca3s[c],0.1319349657749532,0
DM_tdca3s[c],0.08159044349872105,0
DM_thyochol[c],0.4864502539973541,0
DM_tudca3s[c],0.565238169849303,0
DM_udca3s[c],0.2539400020113808,0
EX_ca24g[e],0.2678381211729569,0
EX_cdca24g[e],0.15623808250052965,0
EX_cdca3g[e],-0.04568825996270291,0
EX_dca24g[e],0.30427121610426705,0
EX_dca3g[e],-0.3072876089806776,0
EX_hca24g[e],0.3546149813558905,0
EX_hca6g[e],0.4520075289993986,0
EX_hdca24g[e],0.4526169443627829,0
EX_hdca6g[e],0.7914901886291953,0
EX_hyochol[e],-0.3909512846979318,0
EX_lca24g[e],0.10512900324429887,0
EX_lca3g[e],0.5163859792111478,0
GCA3Sabc,-0.5358074502185363,0
GCA3St,-0.5358074502185319,0
GCASULT,0.008975909370710133,1.0469403122215226e-13
GCDCA3Sabc,0.6698976865000476,0
GCDCA3St,0.6698976865000476,0
GCDCASULT,0.2026487272969355,0
GDCA3Sabc,0.618964510775253,0
GDCA3St,0.618964510775253,0
GDCASULT,-0.49948675782031815,0
GUDCA3Sabc,0.4860531826145255,0
GUDCA3St,0.4860531826145255,0
GUDCASULT,0.3278191895536912,0
HCA24GSc,0.5758586013994743,0
HCA24GSr,0.4965298006740787,0
HCA24Gte,0.3546149813558905,0
HCA24Gtr,-0.4965298006740787,0
HCA6GSc,0.1744067470465336,0
HCA6GSr,0.20767136625879565,0
HCA6Gte,0.4520075289993986,0
HCA6Gtr,-0.20767136625636082,0
HDCA24GSc,0.7204250931628546,0
HDCA24GSr,0.6851841821470366,0
HDCA24Gte,0.4526169443627829,0
HDCA24Gtr,-0.6851841821470366,0
HDCA6GSc,0.176648002120302,0
HDCA6GSr,0.9125585153089173,0
HDCA6Gte,0.7914901886291953,0
HDCA6Gtr,-0.9125585153062391,0
HYOCHOLabc,0.2097524698371529,0
HYOCHOLt2,0.354588490269994,0
HYOCHOLtr,0.3799394829797924,0
ICDCHOLabc,0.23768764844622556,0
ICDCHOLt2,0.23768764844622556,0
ISOCHOLabc,-0.30819804615356844,0
ISOCHOLt2,-0.30819804615356844,0
LCA24GSc,0.6483888836942012,0
LCA24GSr,0.5223520928951998,0
LCA24Gte,0.10512900324429887,0
LCA24Gtr,-0.5223520928949278,0
LCA3GSc,0.1731893446453703,0
LCA3GSr,0.2235943647622757,0
LCA3Gte,0.5163859792111478,0
LCA3Gtr,-0.2235943647622757,0
LCA3Sabc,-0.007448141092636405,0
LCA3St,-0.007448141092636405,0
LCASULT,0.023428252048088367,0
M02155tr,0.8263318934216891,0
TCA3Sabc,0.15679366523598304,0
TCA3St,0.15679366523598304,0
TCASULT,0.25731534599083783,0
TCDCA3Sabc,0.09834727409288076,0
TCDCA3St,0.09834727409288076,0
TCDCA6AH,0.4864502539973541,0
TCDCASULT,0.1319349657749532,0
TDCA3Sabc,0.22822319956739137,0
TDCA3St,0.22822319956739137,0
TDCASULT,0.08159044349872105,0
THYOCHOLabc,0.4427657690959405,0
THYOCHOLt2,0.4427657690959405,0
TUDCA3Sabc,0.26351301737510213,0
TUDCA3St,0.26351301737510213,0
TUDCASULT,0.565238169849303,0
UCHOLabc,-0.14539966722039596,0
UCHOLt2,-0.14539966722039596,0
UDCA3Sabc,0.50818110769652,0
UDCA3St,0.50818110769652,0
UDCASULT,0.2539400020113808,0
UDCHOLt,-0.6805194754523726,0.9999998574564637
UDCHOLt2,0.8605637051105833,0
12HTACRhr,0.13511469614674845,0
12HTACRtep,0.13511469614674437,0
14HMDZALThr,-0.10081505134749258,0
14HMDZhr,0.4263236463479745,0
14MDZtev,0.16011554990856902,0
1HIBUPGLUC_Sthv,0.4828647670396503,0
1HIBUP_SGLUhep,0.4828647670396503,0
1HMDGLUChr,0.34396580918408165,0
1HMDZGLUChc,-0.34396580918296005,0
1OHMDZhr,0.13104526798147312,0
1OHMDZtep,-0.7822231846782612,0
2HATVACIDGLUChr,0.36875575462216065,0
2HATVACIDGLUCteb,0.36875575462216065,0
2HATVACIDOXDhc,0.36875575462216065,0
2HATVACIDhc,0.8725364173341025,0
2HATVACIDthc,-0.8725364173341025,0
2HATVLACGLUChr,0.24066387699824887,0
2HATVLACGLUCteb,0.24066387699693864,0
2HATVLACOXDhc,0.24066387699693864,0
2HATVLACtep,-0.8726807374694238,0
2HATVLACthc,-1,1
2HIBUPGLUC_Sthv,0.22600143832454078,0
2HIBUP_Rthv,0.025759593458674162,0
2HIBUP_SGLUhep,0.22600143832454078,0
35DHPVShc,-0.1356481012905607,0
35DHPVSthc,0.13564810129193858,0
35DSMVhep,0.19265007337173715,0
35DSMVteb,0.19265007337173715,0
3HIBUPGLUC_Sthv,0.005889646438077722,0
3HIBUP_SGLUhep,0.005889646438077722,0
3HIBUP_Sthv,0.11252997976293756,0
3HLVSTAChep,0.4132583716983948,0
3HLVSTACtbc,0.4132583716983948,0
3HPVSTETCOAhcm,-0.026985403321446878,0
3HPVSTETCOAhcx,0.3230219541252217,0
3HPVSTETtev,0.04629472073210081,0
3HPVStep,-0.1454841462279532,0
3HPVSthc,-0.07187082629815944,0
3HSMVACIDhep,0.5846125931525338,0
3HSMVACIDteb,0.5846125931525338,0
3HSMVhep,0.5846125931525331,0
3ISPVStep,-0.16943284175629528,0
3ISPVSthc,-1,1
3MEACMPhc,0.5075933162941569,0
3OHACMPhr,0.5075933162941569,0
4HATVACIDOXDhc,-0.09666074387027146,0
4HATVACIDhc,0.2984424146725209,0
4HATVACIDthc,-0.08297842595748021,0
4HATVLACOXDhc,0.2984424146725209,0
4HATVLACtep,-1,1
4HATVLACthc,-1,1
4HMDGLUCtev,-0.29548782543156127,0
4HMDZGLUChr,-0.29548782543156127,0
4OHMDZhr,0.13334021360628423,0
4OHMDZtev,0.3136437120450722,0
56DHPVShc,0.3964781450247468,0
56DHPVStev,0.39647814502699275,0
56EPPVShc,0.3402482597864246,0
56EPPVStev,0.3402482597864246,0
5OHFVShc,0.36627173841326893,0
5OHFVSteb,0.36627173841326893,0
6BHGLZhr,0.46964828595672126,0
6BHGLZtev,0.4696482859567199,0
6CSMVACIDhep,0.2711912429456718,0
6CSMVACIDteb,0.2711912429456718,0
6CSMVhep,0.2711912429456718,0
6EPVStep,-1,1
6EPVSthc,-1,1
6HLVSTAChep,0.3385891897733826,0
6HMSMVACIDhep,0.32444190710519144,0
6HMSMVACIDteb,0.32444190710519144,0
6HMSMVhep,0.32444190710519144,0
6HSMVACIDhep,0.4052162337042071,0
6HSMVACIDteb,0.4052162337042071,0
6HSMVhep,0.4931620321047371,0
6MELACAChep,0.3081760178540841,0
6MELVACtbc,0.24534529823460907,0
6MSMVhep,0.30551526832558,0
6OHFVShc,0.23101184236607153,0
6OHFVSteb,0.23101184236607153,0
7BHGLZhr,0.5844482668583442,0
7BHGLZtev,0.5844482668583442,0
7HPVShc,-0.012956332851537189,0
7HPVStev,-0.012956332851537189,0
ALLOP2tu,1,0
ACMPGLUChr,0.3502201720572297,0
ACMPGLUTtep,0.1878307916498861,0
ACMPGLUTthc,0.1878307916498861,0
ACMPGLUtep,0.3171847240741561,0
ACMPGLUthc,0.26796469053444316,0
ACMPShc,0.23653850308436847,0
ACMPdt,1.8226836041577332,0
ACMPthc,-0.6048743825604858,0
ALLOPOXDhep,-0.29352715729993956,0
ALLOPtepvb,-1,0
AM19CSALThr,0.10290941618428442,0
AM1CSAhr,0.10290941618428442,0
AM4N9CShc,0.596205588245261,0
AM4N9CStev,0.596205588245261,0
AM9CSAhr,0.596205588245261,0
ATVACIDMCTtu,0.6387522349261231,0
ATVACIDOATPtu,12.545060242067988,0
ATVACIDhc,-0.49553754490148116,0
ATVACIDhr,-0.35640087389676695,0
ATVACYLGLUChc,0.3261546375788877,0
ATVETHGLUChc,-0.35640087389676695,0
ATVLACGLCURhc,0.3178171373211862,0
ATVLACThc,-0.4900412531886145,0
ATVLACh2r,0.3261546375788877,0
ATVLAChr,0.3178171373211862,0
Am19CStev,0.10290941618428442,0
CARBIBUP_SGLUthv,-0.11252997976293756,0
CARIBUP_Rthv,0.183858548220771,0
CARIBUP_SGLUhep,-0.11252997976293756,0
CRVS1M24hc,0.14575992458772957,0
CRVS23M24hc,-0.10180288304270707,0
CRVSM1hc,0.14575992458772957,0
CRVSM1hr,0.5587806543326296,0
CRVSM23hc,-0.10180288304270707,0
CRVSM23hr,0.10020470955794557,0
CRVSM24tev,0.03226778841667888,0
CRVStu,1,0
CRVSthc,-1.2534886656212572,0
CSAtd,0.5253911944321001,0
CVM1GLUChc,0.5587806543326296,0
CVM23GLUChc,0.10020470955794557,0
DEOXFVShc,-0.26737195439167993,0
DEOXFVStev,-0.26737195439167993,0
DESFVShc,0.7487469579956294,0
DESFVSteb,0.7487469579956294,0
DSPVShc,0.4168102822343966,0
DSPVStev,0.4168102822343966,0
EX_12htacr[e],0.13511469614672317,0
EX_14hmdz[e],0.16011554990856902,0
EX_1hibupglu_S[e],0.4828647670396503,0
EX_1hmdgluc[e],0.34396580918408165,0
EX_1ohmdz[e],-0.7822231846777472,0
EX_2hatvacid[e],0.8725364173341025,0
EX_2hatvacidgluc[e],0.36875575462216065,0
EX_2hatvlac[e],-0.8725364173354665,0
EX_2hatvlacgluc[e],0.24066387699693864,0
EX_2hibup_R[e],0.025759593458674162,0
EX_2hibupglu_S[e],0.22600143832454078,0
EX_35dhpvs[e],-0.13564810129193858,0
EX_35dsmv[e],0.19265007337173715,0
EX_3hibup_S[e],0.11252997976293756,0
EX_3hibupglu_S[e],0.005889646438077722,0
EX_3hlvstacid[e],0.4132583716983948,0
EX_3hpvs[e],-0.14662678810964283,0
EX_3hpvstet[e],0.04629472073210081,0
EX_3hsmvacid[e],0.5846125931525338,0
EX_3ispvs[e],-0.15818238041335905,0
EX_4hatvacid[e],0.08297838639599094,0
EX_4hmdgluc[e],-0.29548782543156127,0
EX_4ohmdz[e],0.31364371204488023,0
EX_56dhpvs[e],0.39647814502699275,0
EX_56eppvs[e],0.34024825976870243,0
EX_5ohfvs[e],0.36627173841326893,0
EX_6bhglz[e],0.4696482859567199,0
EX_6csmvacid[e],0.2711912429456718,0
EX_6hmsmvacid[e],0.32444190710519144,0
EX_6hsmvacid[e],0.4052162337042071,0
EX_6melvacid[e],0.24534529823460907,0
EX_6ohfvs[e],0.23101184236607153,0
EX_7bhglz[e],0.5844482668578952,0
EX_7hpvs[e],-0.012956332851537296,0
EX_acmp[e],-0.3632550196959318,0
EX_acmpglu[e],0.3502201720572297,0
EX_allop[e],0.29352715730210927,0
EX_am19cs[e],0.10290941618428442,0
EX_am4n9cs[e],0.596205588245261,0
EX_atvacid[e],-0.6575917454978146,0
EX_atvlac[e],0.4900412531886145,0
EX_caribup_R[e],0.183858548220771,0
EX_caribupglu_S[e],-0.11252997976318024,0
EX_crvs[e],-0.03226778841667888,0
EX_crvsm24[e],0.03226778841667888,0
EX_csa[e],-0.5253911944321001,0
EX_deoxfvs[e],-0.26737195439167993,0
EX_desfvs[e],0.7487469579956294,0
EX_dspvs[e],0.4168102822343966,0
EX_fvs[e],0.25138775050599915,0
EX_glc3meacp[e],0.5075933162941569,0
EX_glz[e],-0.42647818534544507,0
EX_ibup_R[e],-0.18904341739206346,0
EX_ibup_S[e],-0.5952658160351262,0
EX_ibupgluc[e],0.6287703775582161,0
EX_isolvstacid[e],-0.12786723407479872,0
EX_lst4exp[e],0.3720226601254134,0
EX_lstn[e],-0.3154438012855372,0
EX_lstn1gluc[e],0.4327863250363185,0
EX_lstnm1[e],0.0733615559087839,0
EX_lstnm2[e],-0.02320991878899767,0
EX_lstnm5[e],0.3472294884838104,0
EX_lstnm7[e],0.6028485940188588,0
EX_lvst[e],-0.07196679308747025,0
EX_mdz[e],-0.13178563854117548,0
EX_mhglz[e],0.09255840265975028,0
EX_ndersv[e],0.3819844424196792,0
EX_nfdac[e],-0.25737950384484054,0
EX_nfdoh[e],1,0
EX_oxyp[e],-0.29352715729993956,0
EX_profvs[e],-0.05182450185949067,0
EX_ptvst[e],-0.5490080375278192,0
EX_ptvstm3[e],0.646018683533569,0
EX_pvs[e],-0.39812734114817216,0
EX_rsv[e],-0.3819844424106981,0
EX_smv[e],0.5284264958351635,0
EX_smvacid[e],-0.6955235572239644,0
EX_sulpacmp[e],0.23653850308436847,0
EX_tacr[e],-0.13511469614971225,0
EX_tmd[e],-0.19841982182356493,0
EX_tmdm5[e],0.19841982182356493,0
FVStep,0.24790360781833476,0
FVStu,-1.1510346177705213,0
GLC3MEACPhr,0.5075933162941569,0
GLC3MEACPtev,0.5075933162941569,0
GLZtd,0.42647818534544507,0
IBUPGLUCtchep,-0.6287703775582161,0
IBUPGT_HEP,0.6287703775582161,0
IBUP_RASCL1hep,0.2956568950811932,0
IBUP_RCYP2hep,0.025759593458674162,0
IBUP_RCYP3hep,0.183858548220771,0
IBUP_RCYPCARhep,0.183858548220771,0
IBUP_Rshep,0.2956568950811932,0
IBUP_Rtdhep,0.189043417389299,0
IBUP_SACOT2,0.2956568950811932,0
IBUP_SCYP1hep,0.4828647670396503,0
IBUP_SCYP2hep,0.22600143832454078,0
IBUP_SCYP3hep,0.005889646438077722,0
IBUP_SCYPCARhep,-0.11252997976293756,0
IBUP_Stdhep,0.5952658160339738,0
ISOLVSTAChep,-0.12786723407479872,0
ISOLVSTtbc,-0.12786723407479872,0
LST4EXPTDhc,-0.3720226601254134,0
LST4EXPhr,0.3720226601254134,0
LSTN1GLUChr,0.43278632503631814,0
LSTN1GLUCtev,0.4327863250363185,0
LSTNM1hr,0.0733615559087839,0
LSTNM1tev,0.0733615559087839,0
LSTNM2hr,-0.02320991878899767,0
LSTNM2tev,-0.02320991878899767,0
LSTNM5hr,0.3472294884838104,0
LSTNM5tev,0.3472294884838104,0
LSTNM7TDhc,-0.6028485940188357,0
LSTNM7hr,0.6028485940188588,0
LSTNtd,0.3154438012855372,0
LVSTACIDhep,-0.28544807258934796,0
LVSTACOXD6Hhep,-0.4805984873010871,0
LVSTACOXD6MEhep,0.16381438213314226,0
LVSTOXD3Hhep,0.4132583716983948,0
LVSTOXD6Hhep,0.3385891897733826,0
LVSTOXD6METhep,0.3081760178540841,0
LVSTtu,0.07196679309089427,0
MDZtd,0.1317856385522619,0
MERACMPtep,-0.026533371665254733,0
MERACMPthc,-0.026533371665254733,0
MHGLZhr,0.09255840266037545,0
MHGLZtev,0.09255840266003407,0
NDERSVhc,0.3819844424196792,0
NDERSVteb,0.3819844424196792,0
NFDACOXDhc,0.2573795038429889,0
NFDACtep,-0.2573795038429889,0
NFDOHtep,1,0
OXYPthc,0.2935271608570504,0
OXYPtepv,NA,1
PROFVSCOAhc,-0.051824501859493666,0
PROFVShc,-0.051824501859493666,0
PROFVStev,-0.05182450185955383,0
PTVSTGLUChc,0.41396631545141727,0
PTVSTLAChc,0.41396631545141727,0
PTVSTM13hr,0.2588365256822049,0
PTVSTM3eb,0.646018683533569,0
PTVSTM3hc,0.6460186835335756,0
PTVSThc,0.41396631545141727,0
PTVSTtep,-0.5585539032045251,0
PTVSTtu,-1,1
PVSHtu,NA,0
PVSOATPtu,0.3981273406902593,0
RSVGLUChc,0.7504396393035819,0
RSVLAChv,0.7504396393035819,0
RSVSPONhc,0.7504396393035819,0
RSVtev,-0.809045150179372,0
RSVtu,-1.2631320975916593,0
SMVACIDhep,0.19701113319608513,0
SMVACIDtev,-0.6955235572239644,0
SMVGLUChep,0.19701113319608513,0
SMVHYDROhep,-0.6955235572239644,0
SMVthep,-0.5284264958351482,0
SULPACMPtev,0.23653850308436847,0
TACRDtsc,0.13511469614672725,0
TMDM1hr,0.19841982182356493,0
TMDM5OATt,0.19841982182356493,0
TMDM5hr,0.19841982182356493,0
TMDOATthc,0.19841982182356493,0
TRIPVShc,0.39647814502699275,0
12HTACRitr,0.13511469614672725,0
14HMDZitr,0.16011554990856902,0
1HIBUPGLUitr,0.4828647670396503,0
1HMDGLUCitr,0.34396580918408165,0
2HATVACIDGLUCitr,0.36875575462216065,0
2HATVLACGLUCitr,0.24066387699824887,0
2HIBUP_Ritr,0.025759593458674162,0
2HIBUPGLUC_Sitr,0.22600143832454078,0
35DHPVSitr,-0.1356481012919388,0
35DSMVitr,0.19265007337173715,0
3HIBUP_Ritr,0.183858548220771,0
3HIBUPGLUC_Sitr,0.005889646438077722,0
3HLVSTitr,0.4132583716983948,0
3HPVSCOAitm,0.026985403321446878,0
3HPVSCOAitx,0.3230219541252217,0
3HPVSTETCOAitm,-0.026985403321446878,0
3HPVSTETCOAitx,0.3230219541252217,0
3HSMVitr,0.5846125931525338,0
3ISPVSitr,-0.15818238041335905,0
3MEACMPitr,0.5075933162941569,0
3OHACMPitr,-0.5075933162941569,0
4HATVACIDitr,-0.09666074387027146,0
4HATVLACitr,0.2984424146725209,0
4HMDGLUCitr,-0.29548782543156127,0
4OHMDZitr,0.3136437120448782,0
56DHPVSitr,0.39647814502699275,0
56EPPVSitr,0.34024825976870243,0
5OHFVSitr,0.36627173841326893,0
6CSMVitr,-0.2711912429456718,0
6HLVSTitr,0.3385891897733826,0
6HLVSTACIDitr,-0.4805984873010871,0
6HMSMVitr,-0.32444190710519144,0
6HSMVitr,0.4052162337042071,0
6MELVACIDitr,0.16381438213314226,0
6MELVSTitr,0.3081760178540841,0
6OHFVSitr,-0.23101184236607153,0
7HPVSitr,-0.012956332851537296,0
ACMPitr,0.42705321796657114,0
ACMPGLUitr,0.3502201720572297,0
AM19CSitr,0.10290941618428442,0
CARIBUP_Sitr,-0.11252997976293756,0
CARIBUPGLU_Sitr,0.11252997976293756,0
CRVSitr,0.03226778841667888,0
CRVSM24itr,0.03226778841667888,0
CSAitr,0.5253911944321001,0
DEOXFVSitx,0.26737195439167993,0
DESFVSitr,-0.7487469579956294,0
DSPVSitr,0.4168102822343966,0
FVSitx,-0.26737195439167993,0
FVSCOAitx,-0.051824501859493666,0
GLC3MEACPitr,-0.5075933162941569,0
GLZitr,0.42647818534544507,0
IBUP_Ritr,0.08881919903322875,0
IBUP_Sitr,0.4095209549892925,0
IBUPGLUCitr,0.6287703775582161,0
LSTN1GLUCitr,-0.4327863250363185,0
LSTNitr,0.3154438012855372,0
LSTNM1itr,-0.0733615559087839,0
LSTNM2itr,0.023209918790096047,0
LSTNM5itr,-0.3472294884763839,0
LSTNM7itr,0.6028485940188588,0
LVSTitr,0.35041921303541235,0
LVSTACIDitr,-0.28544807258934796,0
MDZitr,0.1317856385522619,0
NDERSVitr,-0.3819844424196792,0
NFDOHitr,0.2573795038429889,0
PROFVSCOAitx,-0.051824501859493666,0
PTVSTM13itr,0.2588365256822049,0
PTVSTM13te,0.2588365256822049,0
EX_ptvstm13[e],0.2588365256822049,0
PTVSTM3itr,-0.646018683533569,0
PVSitr,0.39812734114817216,0
RSVLACitr,-0.7504396393035819,0
TACRitr,0.13511469614672725,0
TMDitr,0.19841982182356493,0
TMDM5itr,-0.19841982182356493,0
3HPVSCOAhc,0.04629472073210081,0
3HPVSTEThc,0.04629472073210081,0
FVSCOAhc,-0.051824501859493666,0
1OHMDZitr,-0.7822231846777472,0
NFDACitr,-0.2573795038429889,0
ATVACIDitr,0.17300461490602068,0
ATVLACitr,-0.05347605519197269,0
SMVitr,0.38024682623572953,0
6BHGLZitr,0.46964828595672126,0
7BHGLZitr,0.5844482668578952,0
LST4EXPitr,0.3720226601254134,0
MHGLZitr,0.09255840266037545,0
RSVitr,0.5973073330683764,0
PTVSTitr,0.5490080375285109,0
FVSitr,0.5600137490892949,0
AM9CSAitr,0.596205588245261,0
EX_caproic[e],-0.20782521344434302,0
EX_M00234[e],-0.698663785883489,0
EX_M01807[e],0.698663785883489,0
EX_M00503[e],0.698663785883489,0
EX_M00008[e],0.1282617834767388,0
EX_M00010[e],1,1
EX_M00117[e],0.5240507053975151,0
EX_M00260[e],0.010407511295642331,0
EX_M00315[e],0.14530382062938074,0
EX_M01235[e],1,0
EX_M02053[e],-0.5311154126864146,0
EX_M02613[e],0.20369496952364288,0
EX_M02745[e],0.33308367483594276,0
EX_C01601[e],-0.3319024453346186,2.220446049250313e-16
EX_M02108[e],-0.2686419619535308,0
EX_M03117[e],0.05042882012865712,8.881784197001252e-16
EX_M03134[e],-0.1547249698624266,0
EX_M01111[e],0.12918347005139588,0
EX_M01872[e],0.12905885871732445,0
EX_M01870[e],0.15347688868515194,0
EX_ditp[e],-0.1815822108480307,0
EX_hnifedipine[e],0.5774286882014442,0
EX_itacon[e],-0.7234271070133738,0
EX_adpman[e],-0.011111897766429133,0
EX_M01966[e],0.5060412972852458,0
EX_M02155[e],-1,0
EX_M02837[e],0.04624563100453264,0
EX_M01881[e],0.5573903141446624,0
EX_M03131[e],-0.09151053983734281,0
EX_n5m2masn[e],-0.15347688868515194,0
EX_dolichol_L[e],0.2738433289266652,0
sink_his_L[c],-0.30403942450446847,0
sink_leu_L[c],-1,0
sink_thr_L[c],-1,0
sink_4abut[l],0.24077837791626713,0
DM_ind56qn[c],0.617123726345492,0
DM_4abut[c],0.08364824000925256,0
DM_kynate[c],0.9843272687769463,0
DM_btn[m],0.5934673726497075,0
DCMPtm,-0.028070186540461665,0
ATPS4mi,-0.0022743559085221915,0
CYOR_u10mi,0.009600122412585958,0
Htmi,0.16800004343750705,0
CYOOm2i,0.036502161207399034,0
2HCO3_NAt,NA,0
3DPHBH1,-1,0
3MOBt2im,-1,0
3MOPt2im,-1,0
ACN23ACNGALGBSIDEte,-1,0
ACN23ACNGALGBSIDEtg,1,0
ACRNtm,1,0
C161CRNt,1,0
CK,-1,0
CLPNDCRNt,-1,0
CREATtmdiffir,-1,0
CRNtx,-1,0
DCSPTN1CRNt,-1,0
DNDPt38m,-1,0
ELAIDCRNt,-1,1
EX_34dhphe[e],1,0
EX_ach[e],1,0
EX_acn23acngalgbside_hs[e],-1,0
EX_glygn5[e],-1,0
EX_retn[e],1,0
EX_triodthy[e],1,0
EX_xoltri27[e],1,0
GLYKm,-1,0
HMGCOAtm,-1,0
LNELDCCRNt,-1,0
MGCHrm,-1,0
NACASPAH,-1,0
OCCOAtm,-1,0
PCREATtmdiffir,-1,0
PCRNtm,-1,0
SPHMYLNtl,-1,0
ST6GALNAC22,-1,0
STRDNCCRNt,1,0
THFtm,1,0
TXA2tr,1,0
TXASr,-1,0
XOLTRI27te,1,0
r0330,-1,0
r0633,-1,0
r1044,NA,0
RE0344C,-1,0
RE2644C,1,0
RE3015R,-1,0
RE3016R,1,0
RE3565C,1,0
EX_HC02204[e],1,0
EX_HC02206[e],-1,0
C2tcx,1,0
C4tmc,-1,0
C6COAt,-1,1
C6CRNtcx,-1,1
SUCCACT,-1,0
3HCO3_NAt,1,0
CHSTEROLtrc,1,0
DHAPtc,-1,0
LACLt,-1,0
FRUt4,NA,0
HMCRNc,-1,0
CE1556td,-1,0
EX_CE1557[e],-1,0
EX_hmcr[e],-1,0
EX_Nacasp[e],1,0
HC00900t2,NA,0
HMCRNt,-1,0
HXCOAtx,1,1
NACASPt,1,0
EX_ttdcea[e],-1,0
TTDCEAt,-1,0
r0202m,-1,0
EX_maltttr[e],1,0
EX_sphmyln_hs[e],-1,0
PGP_hs_tm,-1,0
sink_crvnc[c],-1,0
sink_nad[c],-1,1
sink_stcoa[c],1,0
EX_orn[e],1,0
EX_thymd[e],1,0
r0339,-1,0
GLYK,-1,0
XOL25OHtr,-1,0
XOL25OHte,-1,0
EX_xol25oh[e],-1,0
EX_mma[e],-1,1
GM1tl,-1,0
EX_gm1_hs[e],1,0
HMR_0157,-1,0
HMR_2569,1,0
H2O2itr,1,0
DM_btn[n],-1,0
AACTtm,-1,0
ADA,-1,0
ADAe,-1,0
AOBUTDsm,-1,0
ARACHt,-1,0
C161CRN2t,-1,0
C181CRNt,-1,0
C204CRNt,-1,0
CYSGLTH,-1,0
CYSTSERex,-1,0
DATPtn,-1,0
DM_datp_n_,-1,0
DNDPt31m,-1,0
DSAT,-1,0
EBP1r,-1,0
EICOSTETCRNt,-1,0
EX_chol[e],1,0
EX_inost[e],-1,0
EX_mag_hs[e],1,0
EX_txa2[e],-1,0
FUMSO4tm,-1,0
GLCter,1,0
GLYATm,-1,0
GLYtm,1,0
GULNDer,-1,0
GULNter,-1,0
H2O2tm,-1,0
Htx,-1,0
LNLCCRNt,-1,0
P4504F122r,-1,0
PA_HSter,-1,0
PCHOL_HSter,1,0
PROSTGI2t,-1,0
SARCOXp,-1,0
SARCStp,-1,0
SERLYSNaex,NA,0
SUCD1m,1,0
TRIOK,-1,0
TTDCRNt,-1,0
TXA2te,1,0
UMPtr,1,0
XOL27OHtm,1,0
r0242,-1,0
r0525,-1,0
r0636,1,0
r0817,-1,0
r1030,-1,0
r1116,-1,0
r1292,-1,0
r1384,1,0
r2434,1,0
r2435,-1,0
r2519,-1,0
r2539,1,0
RE1096C,-1,0
RE1925C,-1,0
RE2814R,-1,0
RE3014R,-1,0
RE3566C,-1,0
RE3567C,-1,0
EX_C02470[e],-1,0
EX_HC02205[e],-1,0
EX_HC02207[e],-1,0
C10DCe,-1,0
C12DCe,-1,0
C4DCCACT,-1,0
C6DCe,-1,0
C8DCe,-1,0
DOCOSACTDr,1,0
DOCOSADIACTD,-1,0
EX_c10dc[e],-1,0
EX_c12dc[e],-1,0
EX_c6dc[e],-1,0
EX_c8dc[e],-1,0
FAOXC16OHC16r,-1,0
FAOXC22C22DCHYr,-1,0
OMHPALTD,-1,0
SUCCCROT,-1,0
CYSTALArBATtc,-1,0
CYSTLEUrBATtc,-1,0
ORNALArBATtc,-1,0
ORNLEUrBATtc,-1,0
CRNrtx,1,0
DM_fol,-1,0
DOPAENT4tc,-1,0
SRTNENT4tc,-1,0
15HPETATP,-1,0
3HPPt,-1,0
3MOXTYRt,1,0
C04717td,1,0
C06439t,1,0
EX_15HPET[e],-1,0
EX_3hpp[e],-1,0
EX_C04717[e],1,0
EX_hexdiac[e],1,0
EX_leuktrB4woh[e],-1,0
EX_saccrp_L[e],1,0
EX_sebacid[e],1,0
HC02149td,NA,0
HEXDIACtd,1,0
LEUKTRB4WOHt,-1,0
LEUKTRB4WOHtr,-1,0
SACCRP_Lte,-1,0
SACCRP_Ltm,1,0
SEBACIDtd,1,0
EX_3moxtyr[e],1,0
EX_glnproglu[e],1,1
GLNPROGLUt,-1,1
GLNPROGLUr,-1,1
ACRNtr,NA,0
DM_akg[c],-1,0
34HPLtm,-1,0
3HPPtm,1,0
sink_cholate[c],1,0
sink_gchola[c],-1,0
sink_lnlccoa[c],-1,0
sink_tdchola[c],1,0
sink_xol7aone[c],-1,0
EX_co2[e],1,0
EX_din[e],1,0
EX_ile_L[e],-1,1
EX_lac_L[e],-1,0
EX_leu_L[e],-1,0
URIDK3,1,0
EX_thr_L[e],1,0
EX_phe_L[e],1,0
EX_tyr_L[e],1,0
EX_nac[e],1,0
EX_ppa[e],1,0
EX_pyr[e],-1,0
EX_acald[e],-1,1
ACALDt,1,1
EX_tym[e],-1,1
11DOCRTSLte,-1,0
SUCSALtm,-1,0
SUCSALte,-1,0
EX_sucsal[e],-1,0
ORN_Dte,1,0
EX_11docrtsl[e],-1,0
CHSTEROLSte,-1,0
EX_chsterols[e],-1,0
MELATNte,-1,0
EX_melatn[e],-1,0
EX_CE4890[e],-1,0
HDD2CRNte,NA,0
DOPACHRMDC,-1,0
DOPAOQCYS,-1,0
NEU310e,-1,0
NEU39e,-1,0
HMR_1085,-1,0
HMR_3867,1,0
HMR_6782,-1,0
HMR_9626,1,0
HMR_9680,1,0
3HPVShc,-1,0
4HATVACIDtep,NA,0
EX_nfdlac[e],-1,0
NFDLAChc,-1,0
NFDLACtep,-1,0
3HPVSitr,-1,0
sink_val_L[c],1,0
sink_arg_L[c],-1,0
sink_asn_L[c],1,0
sink_tyr_L[c],-1,0
DM_5cysdopa[c],-1,0
