Reaction,fc,pval
10FTHF7GLUtl,0.6882472151076084,0
10FTHF7GLUtm,0.5951935544689395,0
10FTHFtl,-0.6882472151076084,0
10FTHFtm,-0.20700815231680064,0
11DOCRTSLtm,0.5171937564783707,0
11DOCRTSLtr,-0.3757762073576901,0
11DOCRTSTRNtm,0.6749761646952137,0
11DOCRTSTRNtr,-0.30330181539367096,0
13DAMPPOX,-0.014670796726879248,0
24_25DHVITD2t,-0.25198927351471734,0
24_25DHVITD2tm,-0.25198927351471734,0
24_25DHVITD3t,0.08963716529974948,0
24_25DHVITD3tm,0.08963716529974948,0
24_25VITD2Hm,-0.25198927351471734,0
24_25VITD3Hm,0.08963716529974948,0
25HVITD2tin_m,-0.25198927351471734,0
25HVITD3tin_m,0.08963716529974948,0
2AMACHYD,0.9639816747338691,0
2AMACSULT,0.24892973128680715,0
2AMADPTm,-0.6446941037696529,0
2HBO,0.8479089680560554,0
2HBt2,-0.32822867114462595,0
2OXOADOXm,0.16050057418780622,0
2OXOADPTm,1.0776886027005852,0
34DHOXPEGOX,-0.19386759897640357,0
34DHOXPEGt,-0.19386759897640357,0
34DHPHAMT,0.6738347381758569,0
34DHPLACOX,NA,1
34DHPLACOX_NADP_,0.5355731231652158,0
34DHXMANDACOX,1,0.699374199935276
34DHXMANDACOX_NADP_,0.19602379800984102,0
34HPLFM,0.20789765451311348,0
34HPPOR,0.28890351845794077,0
3AIBTm,-1,0
3AIBtmi,-1,0
3DSPHR,0.8263953560048451,0
3HBCDm,0.1829172114786562,0
3HBCOAHLm,-0.9272991290292885,0
3HKYNAKGAT,NA,0
3HLYTCL,0.5732588434721926,0
3M4HDXPAC,-0.33172870234851354,0
3MLDAt,0.44779219643637286,0
3MOX4HOXPGALDOX,0.0676801193788528,0
3MOX4HOXPGALDOX_NADP_,NA,1
3MOXTYROX,-0.33172870234851354,0
3SALAASPm,-0.30470740469962193,0
3SALATAi,0.3027376958841112,0
3SALATAim,-0.05655355796383944,0
3SPYRSP,0.3027376958841112,0
3SPYRSPm,-0.05655355796383944,0
41R1H2MAE12BOOX,-0.3488916174293923,0
41R2A1H12BOOX,0.1879501391756158,0
42A12BOOX,-0.018802850285127307,0
4ABUTtm,1,0
4HBZCOAFm,0.4033014330295306,0
4HBZFm,0.4033014330295306,0
4HDEBRISOQUINEte,-0.18561923110021472,0
4HGLSDm,-1,1
4HOXPACDOX_NADP_,NA,1
4MPTNLte,0.24417225863433972,0
4MPTNLtm,-0.24417225863433972,0
4MTOLBUTAMIDEte,-0.28875468711495716,0
4PYRDX,0.45348632608213496,0
5ADTSTSTERONEGLCte,0.7287774694742142,0
5ADTSTSTERONEGLCtr,-0.72877746947371,0
5ADTSTSTERONESte,-1,0
5ADTSTSTERONESULT,0.12920987510681956,0
5AOPtm,1,0
5FTHFt2,0.4050342183581983,0
5HLTDL,0.35955396944344453,0
5HOMEPRAZOLEte,-0.23279726278687873,0
5HOXINDACTO2OX,0.07989572032232489,0
5HOXINOXDA,0.25476125438207264,0
5HTRPVESSEC,-0.056154076402527765,0
5MTHFt,0.3414844191103488,0
5MTHFt2,-0.5157981594882565,0
6HTSTSTERONEte,0.2295325660406727,0
6HTSTSTERONEtr,-0.22953256604067204,0
7DHFtl,0.4634246397512479,0
7DHFtm,0.4765704481607728,0
7THFtl,0.652754461771595,0
7THFtm,0.2750920191283534,0
A_MANASEly,0.3821834792189065,0
A4GALTc,-1,0
A4GALTg,0.3761647192675649,0
A4GNT1g,0.21718014070537422,0
A4GNT2g,0.2970525257998984,0
AACTOOR,-0.8546999531059171,0
AATAi,1,0
ABO1g,-0.07989609796487153,0
ABO2g,0.32706434128228756,0
ABO3g,-0.2386981872013731,0
ABO4g,0.19800488895872528,0
ABO5g,0.19800488895872528,0
ABO6g,0.4014054610595417,0
ABO7g,0.4014054610594914,0
ABO8g,0.35825576760783445,0
ABO9g,0.24943241400779836,0
ABTArm,1,0
ABTti,-1,0
ABUTt2rL,0.3245500950400722,0
ACACT10m,-0.38855953711079605,0
ACACT1rm,-0.06408378717967446,0
ACACT1x,-0.09076077026422393,0
ACACt2m,-1.5966583904237055,0
ACACT4p,0.35910872753799633,0
ACACT5p,0.38025925331346255,0
ACACT6p,0.5911725381527585,0
ACACT7p,0.5256796036043728,0
ACACT8p,0.40174080015469465,0
ACACT9p,0.24157880015966293,0
ACACtx,-0.27531022716931897,0
ACALDtm,-0.5017924488939385,0
ACALDtr,0.12288360400413333,0
ACALDtx,-0.10938969736591563,0
ACCOACm,0.17587629464285662,0
ACCOAgt,0.7373301897017592,0
ACCOALm,0.24827425945603065,0
ACCOAtn,0.855318406943107,0
ACCOAtr,-1.0331745478823833,0
ACETONEt2,-1.2047502732398871,0
ACETONEt2m,-1.2047502732398871,0
ACGAGBSIDEtg,-0.45346225032159165,0
ACGAGBSIDEtl,0.45346225032159165,0
ACGALFUCGALACGALFUC12GAL14ACGLCGALGLUSIDEte,-0.1980048889587252,0
ACGALFUCGALACGALFUC12GAL14ACGLCGALGLUSIDEtg,0.19800488895872528,0
ACGALFUCGALACGALFUCGALACGLCGAL14ACGLCGALGLUSIDEte,-0.4014054610595453,0
ACGALFUCGALACGALFUCGALACGLCGAL14ACGLCGALGLUSIDEtg,0.4014054610595417,0
ACGALK,1,0
ACGALtlg,-0.27603180706947317,0
ACGALtly,0.39296982524462054,0
ACGAM6PSi,0.5037982350753059,0
ACGAMK,0.2591050154675144,0
ACGAMPM,0.3069525577918055,0
ACGAMtly,0.24318209590190393,0
ACGBGBSIDEtg,-0.27603180706947317,0
ACGBGBSIDEtl,0.27603180706947317,0
ACGPID,0.26114347944576316,0
ACHEe,0.341203805552915,0
ACHtn,0.855318406943107,0
ACHVESSEC,0.2931210232096032,0
ACITL,0.5823198669248663,0
ACNACNGAL14ACGLCGALGLUSIDEte,-0.15591999580622176,0
ACNACNGAL14ACGLCGALGLUSIDEtg,0.15591999580622176,0
ACNAM9PL,0.25667016688288535,0
ACNAM9PL2,0.07806253830898241,0
ACNAMlt,-0.37313976874060767,0
ACNAMPH,0.25667016688288535,0
ACNAMtn,0.6751482885437803,0
ACOAD10m,0.39551139235027233,0
ACOAD1fm,0.23787046150073937,0
ACOAD8m,0.3632273170907185,0
ACOAD9m,-0.9075138791309065,0
ACOAHi,0.3963166075776484,0
ACOAO7p,0.5256796036043728,0
ACONTm,-0.7412533520260214,0
ACP1_FMN_,-0.22243019793617924,0
ACS2,0.1356669802988016,0
ACSm,0.48713271743532643,0
ACSRTNMT,-0.569295609662609,0
ACt2m,-0.09704118304687818,0
ACtg,-0.3470063979177587,0
ADCim,1,0
ADEt,-1.0024311060822102,0
ADK1m,0.1115917091510697,0
ADK3,-0.25347761997173746,0
ADK3m,0.3533938285248816,7.890368445284679e-7
ADKd,-1.1040413416121697,0
ADMDC,0.5752602544201035,0
ADNCYC,0.6830663408841186,0
ADNK1m,-0.07514892158661722,0
ADNt,1.0156755587291209,0
ADNtl,0.8246322199374532,0
ADNtm,-0.08258730392216726,0
ADPMAN,-0.030148305604327276,0
ADRNCPT1,0.11015866188224385,0
ADRNCPT2,0.11015866188224385,0
ADRNCRNt,0.8394658534582256,0
ADRNLPVESSEC,0.10848137999721288,0
ADRNt,-1,0
ADSK,0.1521680660799749,0
ADSL1,0.12952280806348587,0
ADSL2,0.04003030973122788,0
AFLATOXINte,0.11460235543467516,0
AG13T16g,0.3485667887444521,0
AG13T17g,0.3485667887444521,0
AG13T18g,0.3485667887444521,0
AG13T1g,0.17363521233635298,0
AG13T2g,0.17363521233635298,0
AG13T3g,0.17363521233635298,0
AGMTm,0.22725793165496205,0
AGPAT1,0.4784190434055884,0
AGTim,-0.310891432234274,0
AGTix,0.5037551759701405,0
AHANDROSTANGLCte,0.04266891549379234,0
AHANDROSTANGLCtr,-0.042668915493808884,0
AHCYStr,1,0
AHEXASE2ly,0.48661190348477246,0
AHEXASEly,0.2356384070248345,0
AIRCr,0.04003030973122788,0
AKGDm,-0.7001832115041468,0
AKGMALtm,-0.6278564488481887,0
AKGtp,1,0
AKR1C1,-0.11401539334024932,0
AKR1C41,-0.38049770082823653,0
AKR1C42,-0.4196095030558267,0
AKR1D,0.11903264698484581,0
AKR1D2,0.3668985363027099,0
ALAASNNaEx,-0.24621040041656403,0
ALACYSNaEx,-0.3734320677351248,0
ALADGLNexR,1.442965222062708,0
ALADGLYexR,1.000004166678008,0
ALAGLNexR,NA,1
ALAGLNNaEx,-0.4473144624019478,0
ALAGLYexR,-1,0.9999597611242735
ALASERNaEx,0.18630865640974634,0
ALASm,-1,0
ALAt4,-1,1
ALATA_L,0.6977999652795728,0
ALATHRNaEx,-0.5265627920190574,0
ALAtN1,-1,1
ALCD21_D,-0.9999999766881074,0
ALCD21_L,-0.8309721839475122,0
ALCD22_D,-1,0
ALCD22_L,NA,1
ALCD2if,-0.3415477799849877,0
ALCD2yf,-0.34247092354595465,0
ALDD20x,0.1304345805586759,0
ALDD20xm,0.11175974186941483,0
ALDD21,0.9922301192651232,0
ALDD2xm,0.5017924488939385,0
ALDD2y,0.3783289861067794,0
ALDSTRNte,0.6749761646952137,0
ALDSTRNtm,-0.6749761646952137,0
ALOX15,0.5122109232460078,0
ALOX5,0.40126450550370685,0
ALOX52,0.5970667845990564,0
ALR2,-0.8309721839475122,0
ALR3,-0.8309721839475122,0
AMACR2p,-0.31461065645731723,0
AMETr,-1,0
AMETt2m,-1,0
AMPDA,0.8319736768200778,0
AMPTASECGe,0.9393754881277269,0
AMY1e,-0.25751087779652604,0
AMY2e,0.37292318255818246,0
ANDRSTRNGLCte,0.2994121749255881,0
ANDRSTRNGLCtr,-0.29941217493140504,0
ANTIPYRENEte,0.23010542130808428,0
APAT2rm,-1,0
APNNOXte,-0.42076638784607007,0
APOCF,0.19439756315664208,0
APOCFm,-0.14899216765921394,0
APOC_LYS_BTNP,0.19439756315664208,0
APOC_LYS_BTNPm,-0.14899216765921394,0
APPNNte,0.4207663878450313,0
APRTO2,0.43859856298507754,0
ARAB_Lt,-9.128045661960286e-4,0
ARABR,-9.128045661960286e-4,0
ARACHCOAtx,-1.268293056801701,0
ARACHCPT1,1.2108791984591516,0
ARACHCPT2,1.2108791984591516,0
ARACHCRNt,-1,0
ARACHDCOAtx,-1,0
ARACHDtr,0.14701755421172427,0
ARGDCm,-1,0
ARGLYSex,NA,1
ARGNm,-0.20176546024198655,0
ARGSS,0.5677241578163295,0
ARGt4,-0.4947559791511916,1
ARGtm,-0.9814307395792853,0
ARSA,0.3883689249036992,0
R_group_phosphotase_1,-0.23597992483725233,0
R_group_phosphotase_3,0.32211773891894735,0
ARTFR208,0.10953212339987214,0
ARTPLM3m,0.2802021789204428,0
ASAH1,0.3158562132897044,0
ASCBt4,-0.7945828982293849,0
ASNALANaEx,0.07714085983964579,0
ASNCYSNaEx,0.2521687131373101,0
ASNGLNNaEx,-0.549530238834244,0
ASNNm,-0.36075626071246136,0
ASNSERNaEx,-0.7868833838951308,0
ASNt4,-0.9921253775169092,1
ASNTHRNaEx,0.1423645168287616,0
ASNtm,-0.36075626071246136,0
ASNtN1,NA,1
ASPCTr,0.5118782167365385,0
ASPDt6,0.05884998353433712,0
ASPDxt,-0.05884998353433712,0
ASPGLUm,-0.5537863955920792,0
ASPt6,-0.9987200522151243,0
ASPTAm,-8.669341818859415,0
ATP1ter,0.22994120992646064,0
ATP2ter,0.24229573982300268,0
ATPasel,0.5788246793705609,0
ATPH1e,0.9851078736555033,0
ATPH2e,0.9425375339957055,0
ATPtm,-0.2839985854511706,0
ATPtn,0.27908402087220424,0
B_MANNASEly,0.3821834792189065,0
B3GALT3g,0.3624371151473375,0
B3GALT41g,0.2587986834907849,0
B3GALT42g,0.36645369581791876,0
B3GALT43g,0.7694354908928389,0
B3GALT44g,0.12075432987071726,0
B3GALT5g,0.48760731490850867,0
B3GALTg,0.19528358486963404,0
B3GNT11g,0.36457479065646853,0
B3GNT12g,0.14168703546020983,0
B3GNT310g,0.23787633853784504,0
B3GNT311g,0.19800488895465737,0
B3GNT312g,0.36457479065255016,0
B3GNT313g,0.4014054610594914,0
B3GNT314g,0.24943241400779836,0
B3GNT315g,0.14168703546020983,0
B3GNT31g,0.44682218053839534,0
B3GNT32g,0.44682218053839534,0
B3GNT33g,0.44682218053839534,0
B3GNT34g,0.2463514460820799,0
B3GNT35g,0.2463514460820799,0
B3GNT36g,0.27603180706947317,0
B3GNT37g,-0.09836636114610336,0
B3GNT39g,0.548582091263735,0
B3GNT51g,0.224236729900175,0
BAAT1x,-0.38053487468669683,0
BAAT2x,-0.9280819431763587,0
BAAT3x,-0.3145316386178283,0
BAAT4x,-0.5076255352235308,0
BACCL,0.19439756315664208,0
BACCLm,-0.14899216765921394,0
BALAtmr,-1,0
BALAVECSEC,0.2189340974420983,0
BAMPPALDOX,0.7205508630375635,0
BBHOX,0.2733939295407988,0
BCDO,0.5629758038312349,0
BDHm,1.0389243889420485,0
BETALDHxm,0.3235561671601101,0
BHBtm,1.0389243889420485,0
BHMT,-0.7266946631134007,0
BILDGLCURt,-1.8871715187841125,0
BILDGLCURtr,-2.0996008578710166,0
BILGLCURt,-0.5626034684589023,0
BILGLCURte,-0.01591440933842407,0
BILIRED,0.6266010959546745,0
BILIRUBt2,-1.0017918439580338,0
BILIRUBtr,-1,0
BIOCYTtn,0.35035854839478364,0
BMTer_U,0.3211023313227852,0
BPNT2,0.09829895880194955,0
BTND1,-0.08251943769036764,0
BTND1n,0.35035854839478364,0
BTNDe,-0.3727120899669906,0
BTNDm,-0.14899216765921394,0
BTNPL,0.19439756315664208,0
BTNPLm,-0.1489921676592045,0
BTNt2,-2.0163999842081832,2.6280910300213733e-6
BTNt2m,-0.3880545591199068,0
BTNt3i,-0.2114226813664435,0
BTNt4i,-0.5269783726459533,0
BTNtn,-0.966723135073544,0
BUP2,0.011984188986580763,0
BUTt2m,0.09570986929690022,0
BZt,-0.24523117796504476,0
BZtr,-0.1368800339228324,0
C14STRr,0.0807749845882856,0
C160CPT1,-0.993262606034887,0
C160CPT2,-0.6732902122190388,0
C160CRNt,-0.6731855554451057,0
C161CPT1,-0.8156077729605482,0
C161CPT12,0.17111369556534012,0
C161CPT2,-0.3606843056034289,0
C161CPT22,0.4835112377513326,0
C180CPT1,-5.160891155032764,0
C180CPT2,1.3631760266878727,0
C180CRNt,-1,0
C181CPT1,0.7839604426964575,0
C181CPT2,-1.0326536442599352,0
C204CPT1,1.0186232208229244,0
C204CPT2,-0.8511772019103019,0
C226COAtx,0.8933152260592606,0
C226CPT1,0.7246625793297078,0
C226CPT2,0.7246625793297078,0
C3STDH1Pr,0.22366852954418748,0
C3STDH1r,-0.0288351406629488,0
C3STKR2r,0.0807749845882856,0
C4STMO1r,0.4759724088143083,0
C4STMO2Pr,0.044202610669991545,0
C4STMO2r,0.1279516166618677,0
CAATPS,0.32373668851128257,0
CAROtr,0.5629758038312349,0
CARVEOLte,0.05592271903435937,0
CAT2p,-0.10938969736587803,0
CAt7r,0.9937297055588671,0
CATm,-0.2064899595950448,0
CATp,0.01995481830032986,0
CBPPer,-0.5347016228753049,0
CBPSam,0.3387804739120857,0
CBPter,-0.5347016228753049,0
CBR2,1,0
CDIPTr,-0.24941464587739984,0
CDPDAGtm,-0.4238155924583821,0
CDS,0.15733398202248775,0
CDSm,0.42248230613083365,0
CEPTC,0.34850926572479135,0
CEPTE,0.2782248846520033,0
CERK,0.056125382617446914,0
CERT1gt,-0.16903847389608825,0
CERT1rt,-0.4742228934762217,0
CERT2gt,0.548582091263735,0
CERT2rt,-0.3809565900505917,0
CHAT,8.517426167065729,0
CHATn,0.855318406943107,0
CHLPCTD,0.39232259989941354,0
CHOLATEt,0.8630764722807968,0
CHOLATEt2,0.44329569144663117,0
CHOLATEt3,0.38193021406187017,0
CHOLD2m,0.3235561671601101,0
CHOLK,0.2645165210114664,0
CHOLPtg,-0.0994872934761052,0
CHOLPtl,-0.5469862943751141,0
CHOLt4,1,0.9923358960893777
CHOLtg,0.060691254864622464,0
CHOLtn,0.855318406943107,0
CHOLtr,0.7849622744359537,0
CHOLtu,-0.6958444841866841,0
CHSTEROLSULT,0.43486285565775706,0
CHSTEROLt1,0.19690449829530574,0
CHSTEROLt3,-0.18717818350107776,0
CHSTEROLtg,-0.46011188551772986,0
CHTNASE,0.4294755663193456,0
CHTNASEe,0.4899683786803627,0
CITMCOAHm,-0.1072401272050262,0
CITMCOALm,-0.1072401272050262,0
CITRtm,0.6248404718723397,0
CITt4_2,0.33812513465925126,0
CITtam,0.9347718393001097,0
CITtbm,-0.008245738211862808,0
CKc,0.2953111681359002,0
CLFORtex,0.2804048399540205,0
CLHCO3tex2,1,0.5228667779326279
CLI2tex,1,0
CLOHtex2,1,1
CLOXAtex2,NA,1
CLPNDCPT1,-0.10397258846797416,0
CLPNDCPT2,-0.10397258846797416,0
CLS_hs,0.17229810294160444,0
CMPACNAtg,0.3622938494431835,0
CMPACNAtn,0.6751482885437803,0
CMPSAS,0.30358195518373743,0
CMPSASn,0.6751482885437803,0
CO2ter,0.31324821133775893,0
CO2tg,0.05020159114898734,0
CO2tp,-1.2904210777689464,0
COAtg,-0.7373301897017592,0
COAtl,0.018627525859847466,0
COAtm,-0.030137827569437357,0
COAtn,-0.855318406943107,0
COAtr,1,0
COKECBESr,0.1368800339228324,0
COQ3m,0.2667967776388299,0
COQ5m,0.2667967776388299,0
COQ6m,0.2667967776388299,0
COQ7m,0.2667967776388299,0
CORE2GTg,0.2670587639995828,0
CORE3GTg,0.3485667887444521,0
CORE4GTg,0.3485667887444521,0
CORE6GTg,0.3692823411507097,0
COt,0.5360133760243325,0
COUCOAFm,0.4033014330295306,0
COUMARINte,0.05836361174859079,0
CREATt4_2_r,0.6932317713438769,0
CRNCAR3tp,-0.5034835518100149,0
CRNCARtp,0.5571559599034306,0
CRNt,1.287339078665759,0
CRNtim,-1,0
CRNtuNa,0.9730282192132509,0
CRTSLtm,-0.5171937564783707,0
CRTSLtr,1,0
CRTSTRNt,-0.3041456402243997,0
CSAPASEly,0.01648118739870152,0
CSBPASEly,0.20100794891253138,0
CSCPASEly,0.026323712093078818,0
CSDPASEly,-0.3664119756810076,0
CSEPASEly,0.8700972872708984,0
CSm,-0.3089325007746269,0
CSNAT2m,-0.5324842949140354,0
CSNAT2x,-0.9959380889692547,0
CSNAT3x,-0.005612839981207458,0
CSNATer,-1.0331745478823833,0
CSNATm,-0.24248931761396608,0
CSNATp,0.7459946522188694,0
CSNATr,-0.0972832424221745,0
CSNt,0.7966526799280799,0
CSPG_At,0.3889118823544238,0
CSPG_Atly,0.01648118739870152,0
CSPG_Bt,0.5387773546816259,0
CSPG_Btly,0.20100794891253138,0
CSPG_Ct,0.25763589558838673,0
CSPG_Ctly,0.026323712093078818,0
CSPG_Dt,0.2679142009386415,0
CSPG_Dtly,-0.3664119756810076,0
CSPG_Et,-0.053681153167230086,0
CSPG_Etly,0.8700972872708984,0
CTPtn,0.6751482885437803,0
CYANt,-0.6010381233870685,0
CYANtm,0.13118537771536176,0
CYSALANaEx,-0.4793413774311048,0
CYSASNNaEx,-0.44546529349964714,0
CYSGLNNaEx,0.7511228435364155,0
CYSGLUexR,NA,1
CYSGLYexR,1,1
CYSO,0.16625532397133602,0
CYSSERNaEx,0.5142205989886172,0
CYSt4,0.31095717113656124,1
CYSTA,0.12734292133953815,0
CYStec,NA,1
CYSTGLUex,0.1614067586914707,0
CYSTHRNaEx,-0.1643109151736126,0
CYTD,-1,0
CYTDK1,-1,0
CYTDK2m,0.4238155924583821,0
CYTDn,0.8710459842833354,0
CYTDt,-1.0288395491237106,0
CYTDtl,0.44533180204192097,0
CYTDtm,0.4238155924583821,0
CYTDtn,0.8710459842833354,0
CYTK10,-3.4051966045843214,0
CYTK10n,-0.9999996083119808,8.536174989082213e-9
CYTK11,0.9478166218423162,0
CYTK11n,-0.640465203723471,0
CYTK12,1.4321547007905975,0
CYTK12n,0.9862094060509149,0
CYTK13,-0.742385498261417,0
CYTK13n,1.418568238525366,0
CYTK14,0.9990212391429152,0
CYTK14n,-0.7939193859223955,0
CYTK1m,0.42248230613083365,0
CYTK1n,-0.508713619737714,0
CYTK2n,-0.8446319067807182,0
CYTK3,0.7447296871713766,1.1098533869713378e-8
CYTK3n,1.000000186398938,0
CYTK4,-0.3949053020289368,0
CYTK4n,0.9815164267215414,0
CYTK5,-0.9936536787678556,0
CYTK5n,-0.9999999845090999,0
CYTK6,1.0236374107525943,0
CYTK6n,1.0358226972173379,0
CYTK7,0.9153962563809223,1.2108564595436633e-8
CYTK7n,-1.380072761269342,1.1102230246251565e-16
CYTK8,-7.431814120269766,0
CYTK8n,1.0188425945314636,0
CYTK9,0.37283402825400214,0
CYTK9n,-0.18820786264245618,0
D3AIBTm,-0.17058042050928315,0
DADA,0.60608887306069,0
DADAe,0.5137404239263408,0
DADNt4,-0.5137404239263408,0
DAG_HSter,0.2927435597179489,0
DAGK_hs,0.1909693278529512,0
DAGt,-1,0
DALAOXx,0.5009014732436082,0
DALAt2r,0.9980135317650444,0
DALAxt,0.5009014732436082,0
DARGOp,0.10831623991926806,0
DASCBR,0.8436514324145444,0
DASPO1p,0.05884998353433712,0
DCIm,-0.21643976455329875,0
DCK1m,0.2964524543843672,0
DCK1n,-0.9786289668957183,0
DCK2n,0.9922776355595809,0
DCSPTN1CPT1,0.3058757171269372,0
DCSPTN1CPT2,0.3058757171269372,0
DCSPTN1t,0.33667534930854776,0
DCT,0.0625850571552351,0
DCTPtn,0.5820466795873075,0
DCYTD,-1,0
DCYTDn,0.9452094709331329,0
DCYTt,-1,0
DDPGAm,0.4422331266980552,0
DEBRISOQUINEt,0.18561923110032583,0
DECDPtm,0.4033014330295306,0
DESAT16_2,0.24291179948174424,0
DESAT18_10,0.13900758068889202,0
DESAT18_3,0.316497850754348,0
DESAT18_4,-0.4227240044668279,0
DESAT18_5,0.5895985746562508,0
DESAT18_6,0.7073371916438971,0
DESAT18_7,0.32282567554810415,0
DESAT18_8,0.17095712945077424,0
DESAT18_9,0.6948407010153403,0
DESAT20_1,0.39684926368457535,0
DESAT20_2,0.5071050313937937,0
DESAT22_1p,0.41449461530690807,0
DESAT22_2p,0.3633630687453149,0
DESAT24_1,0.29491118725298215,0
DGAT,0.34697913151423704,0
DGCHOLtx,-0.38455480438146855,0
DGNSKm,-0.0544362237793847,0
DGSNt,-1,0
DGSNtm,-0.0544362237793847,0
DGULND,-1,0
DHAAt1r,0.8522984818788929,0
DHCHOLESTANATEtm,-1,1
DHCR241r,0.4428991485415495,0
DHCR242r,-0.014138351349555586,0
DHCR243r,0.6896125592642878,0
DHCR71r,0.8814879951318672,0
DHCR72r,0.7608210393524397,0
DHCRD1,0.7191023807305538,0
DHCRD2,-0.08364779492760596,0
DHDPBMTm,0.4033014330295306,0
DHEASt,0.9582086687931284,0
DHEAStr,0.3943467204270716,0
DHEASULT,0.5769777984174812,0
DHEAtr,0.7984422526347736,0
DHFtl,-0.4634246397512479,0
DHORD9,0.006007572199853909,0
DHPM1,-0.1626741602404555,0
DHPM2,0.011984188986580763,0
DIDPtn,0.7675319254090898,0
DIGALSIDEtl,0.13186060118485493,0
DINt,-1,0
DITPtn,-0.7675319254090898,0
D_LACt2,0.027283582096057555,0
D_LACtm,0.6868453509125612,0
DLNLCGCPT1,-0.8772654470417385,0
DLNLCGCPT2,0.3506280472074347,0
DLNLCGCRNt,-1,0
DLNLCGt,0.4894816948264324,0
DM_Asn_X_Ser_Thr_ly_,0.3821834792189065,0
DM_dctp_m_,-0.5500463068831719,0
DM_dem2emgacpail_prot_hs_r_,0.3814020066673494,0
DM_dgpi_prot_hs_r_,0.320331421878706,0
DM_dsT_antigen_g_,0.37627105091964835,0
DM_dttp_m_,0.6367365366162077,0
DM_dttp_n_,-1,0
DM_ethamp_r_,1,0
DM_gncore2_g_,0.2970525257998984,0
DM_gpi_sig_er_,0.26114347944576316,0
DM_kdn_c_,0.07806253830898241,0
DM_melanin_c_,0.0625850571552351,0
DM_mem2emgacpail_prot_hs_r_,0.005353572777275783,0
DM_Ser_Gly_Ala_X_Gly_ly_,9.550132327331455e-4,0
DM_sTn_antigen_g_,0.44239117145985674,0
DMANTIPYRINEte,-0.23010542130807798,0
DMATTx,0.4514470284261636,0
DMHPTCRNCPT2,-0.09943841419136691,0
DMHPTCRNt,-0.09943841419136691,0
DMHPTCRNte,0.09943841419136691,0
DMNONCOACRNCPT1,0.961346840061162,0
DMNONCRNCPT2,0.5377579039828607,0
DNADtn,0.27908402087162,0
DNDPt30m,1,0
DOLGLCP_Lter,0.4917540092492774,0
DOLGPP_Ler,0.4556999133006393,0
DOLICHOL_Lter,0.49175400924919627,0
DOLMANP_Uter,0.24249078251541134,0
DOLPGT3_Ler,0.49175400924919627,0
DOLPMT3_Uer,0.24249078251541134,0
DOLPMT4_Uer,0.24249078251541134,0
DOPABMO,-1,0
DOPACHRMISO,-0.1262367355320368,0
DOPAMT,-0.8455608052126311,0
DOPAQNISO1,-0.1262367355320368,0
DOPAt4_2_r,NA,1
DOPAtu,0.5904323797055724,0
DOPAVESSEC,0.3905786395002,0
DORNOp,0.07959053233294573,0
DPCOAtl,0.01862752586009294,0
DPGase,-0.1438184667478345,0
DPGM,-0.1438184667478345,0
DPHMBDCm,0.4033014330295306,0
DPMVDx,0.31208614461335465,0
DPPS,0.4033014330295306,0
DRPA,-0.03548405430101301,0
DTDPtn,-1.036371233322159,0
DUDPtn,0.85901241709696,0
DUMPtn,-0.3424879193882236,0
DURAD,0.1626741602404555,0
DURAD2,-0.050724642494936426,0
DURIK1,0.9758620773644728,0
DURIK1m,0.2542347653296847,0
DURIt,1,0
DURItn,-0.9452094709331329,0
DUTPDPm,0.06540686573364458,0
DUTPDPn,0.34248791938599427,0
EAFLATOXINte,-0.11460235543568609,0
EBASTINEOHte,-0.2512581736217983,0
EBASTINEOHtr,0.2512581736190686,0
EBASTINEte,0.2512581736190686,0
EBASTINEtr,-0.2512581736190686,0
EBP2r,0.26970338990827086,0
ECOAH12m,-0.9272991290292885,0
ECOAH1m,0.20344268424506615,0
ECOAH1x,0.15127119571964043,0
ECOAH9m,-0.38855953711079605,0
EHGLAT2m,0.5566145270276902,0
EHGLATm,0.3290023657581512,0
EICOSTETCPT1,0.2969685618326866,0
EICOSTETCPT2,0.29696856183377845,0
EICOSTETt,0.44670040195547656,0
ELAIDCPT1,2.649581243546981,0
ELAIDCPT2,-0.747604736367594,0
ELAIDt,-1,0
ENGASE2ly,0.48661190348477246,0
ENGASE3ly,0.3193061688912921,0
ENGASEly,0.2356384070248345,0
ESTRADIOLGLCt,-1.4442928456005328,0
ESTRADIOLGLCt2,0.4593667640235375,0
ESTRADIOLGLCtr,-0.69049803428834855,0
ESTRADIOLtr,-0.5998083431923744,0
ESTRIOLGLCte,0.4443148574540534,0
ESTRIOLGLCtr,-0.44431485743758953,0
ESTRONEGLCt,0.3824898279987226,0
ESTRONEGLCtr,-0.38248982799784864,0
ESTRONESt,-0.9159444305042019,0
ESTRONESt2,-0.02445076871019395,0
ESTRONEtr,0.5614392446049533,0
ETF,0.9272202122269606,0
ETFQO,0.9272202122269606,0
ETHAK,-0.024985696544176764,4.829470157119431e-13
ETOHtx,-0.10938969736587803,0
EX_10fthf[e],-0.35252124262643253,0
EX_10fthf7glu[e],0.35252124262643253,0
EX_13_cis_retnglc[e],0.7062001730979026,0
EX_1glyc_hs[e],0.37139293170347526,0
EX_2425dhvitd2[e],-0.25198927351471734,0
EX_2425dhvitd3[e],0.08963716529974948,0
EX_2hb[e],-0.8479089680560554,0
EX_34dhoxpeg[e],-0.19386759897640357,0
EX_35cgmp[e],0.22638162306869816,0
EX_3aib[e],-1,0
EX_3mlda[e],0.44779219643637286,0
EX_4hdebrisoquine[e],0.18561923110032583,0
EX_4hphac[e],-0.19051348166910623,0
EX_4mptnl[e],0.24417225863433972,0
EX_4mtolbutamide[e],0.2887546871210149,0
EX_4pyrdx[e],0.45348632608213496,0
EX_5adtststeroneglc[e],0.7287774694742142,0
EX_5adtststerones[e],-1,0
EX_5fthf[e],-0.4050342183581983,0
EX_5homeprazole[e],0.23279726278450086,0
EX_5htrp[e],-0.056154076402527765,0
EX_5mthf[e],1,0
EX_6htststerone[e],0.2295325660406727,0
EX_7dhf[e],0.3209541720607175,0
EX_7thf[e],-0.09861215419118341,0
EX_abt[e],-1,0
EX_acetone[e],1,0
EX_acgalfucgalacgalfuc12gal14acglcgalgluside_hs[e],0.1980048889587252,0
EX_acgalfucgalacgalfucgalacglcgal14acglcgalgluside_hs[e],0.4014054610595453,0
EX_acnacngal14acglcgalgluside_hs[e],0.15591999580622176,0
EX_adrn[e],0.7055873637016088,0
EX_adrnl[e],0.2976125401119312,0
EX_aflatoxin[e],-0.11460235543467516,0
EX_ahandrostanglc[e],0.04266891549379234,0
EX_ala_B[e],0.5561998947007731,0
EX_ala_D[e],-1,0
EX_aldstrn[e],0.6749761646952137,0
EX_andrstrnglc[e],0.2994121749255881,0
EX_antipyrene[e],-0.2301054213080814,0
EX_apnnox[e],0.4207663878450313,0
EX_appnn[e],-0.4207663878448706,0
EX_aprgstrn[e],-0.11401539334024932,0
EX_arach[e],1,0
EX_arachd[e],0.10280554805363509,0
EX_asp_D[e],-0.05884998353433712,0
EX_atp[e],-1,0
EX_bhb[e],-1.0389243889420485,0
EX_bildglcur[e],0.1849464318803605,0
EX_biocyt[e],0.3727120899669906,0
EX_camp[e],0.8320630802567854,0
EX_caro[e],-0.5629758038312349,0
EX_carveol[e],-0.05592271903353945,0
EX_cholate[e],-0.20122908395803651,0
EX_chsterol[e],-0.009224407323754949,0
EX_chtn[e],-0.15101682318626916,0
EX_clpnd[e],0.5308603282416631,0
EX_co[e],0.5360133760243325,0
EX_coumarin[e],-0.05836361174859031,0
EX_creat[e],-0.07328648810178141,0
EX_crn[e],-3.735588593528612,0
EX_crtstrn[e],0.3041456402243384,0
EX_cspg_a[e],0.02823035127307967,0
EX_cspg_b[e],-0.17588726248702255,0
EX_cspg_c[e],-0.005200375048605246,0
EX_cspg_d[e],0.40669228893470377,0
EX_cyan[e],0.6010381233870685,0
EX_dcsptn1[e],-0.3387136265909841,0
EX_debrisoquine[e],-0.18561923109634806,0
EX_dheas[e],0.37781934454370236,0
EX_dhf[e],-0.3209541720607175,0
EX_dlnlcg[e],0.013455211011516916,0
EX_dmantipyrine[e],0.23010542130808428,0
EX_dmhptcrn[e],0.09943841419136691,0
EX_dopa[e],-0.24467749188381782,0
EX_eaflatoxin[e],0.11460235543467516,0
EX_ebastine[e],-0.2512581736190686,0
EX_ebastineoh[e],0.2512581736190686,0
EX_eicostet[e],-1,0
EX_elaid[e],0.8789203545209101,0
EX_estradiolglc[e],0.6904980342872962,0
EX_estriolglc[e],0.4443148574540534,0
EX_estroneglc[e],0.3824898279987226,0
EX_estrones[e],-0.4086470562881704,0
EX_fuc13galacglcgal14acglcgalgluside_hs[e],0.23772897842899168,0
EX_fuc14galacglcgalgluside_hs[e],0.2553411270881045,0
EX_fucacgalfucgalacglcgalgluside_hs[e],0.36124698937196603,0
EX_fucacngal14acglcgalgluside_hs[e],0.15634598860449683,0
EX_fucacngalacglcgalgluside_hs[e],0.17994507187088143,0
EX_fucfuc12gal14acglcgalgluside_hs[e],0.0990551797837178,0
EX_fucfuc132galacglcgal14acglcgalgluside_hs[e],0.013094328776846263,0
EX_fucfucfucgalacglc13galacglcgal14acglcgalgluside_hs[e],0.14168703546020983,0
EX_fucfucfucgalacglcgal14acglcgalgluside_hs[e],0.6236898495161732,0
EX_fucfucgalacglcgalgluside_hs[e],0.3115819890481665,0
EX_fucgal14acglcgalgluside_hs[e],0.14841442258938592,0
EX_fucgalfucgalacglcgalgluside_hs[e],0.07806764318266175,0
EX_fuc_L[e],-0.5165813706470708,0
EX_galacglcgalgbside_hs[e],0.2463514460820708,0
EX_galfuc12gal14acglcgalgluside_hs[e],-0.2386981872013731,0
EX_galfucgalacglcgal14acglcgalgluside_hs[e],0.35825576760783445,0
EX_galgalfucfucgalacglcgalacglcgal14acglcgalgluside_hs[e],0.24943241400779836,0
EX_galgalgalthcrm_hs[e],0.4468221805406992,0
EX_gchola[e],-1,0
EX_gd1b2_hs[e],-0.09836636114610336,0
EX_gd1c_hs[e],0.9865225408670188,0
EX_glyc_S[e],0.19305462445441562,0
EX_glygn2[e],-0.37292318255818246,0
EX_gp1calpha_hs[e],0.12075432987072146,0
EX_gq1b_hs[e],0.7622884310736786,0
EX_gt1a_hs[e],0.23426420769715334,0
EX_gthox[e],0.4863867982215273,0
EX_gthrd[e],-1,0
EX_gtp[e],-0.7590485474040145,0
EX_hcoumarin[e],0.05836361174859031,0
EX_hdca[e],-1,0
EX_hestratriol[e],0.10412473402087101,0
EX_hista[e],0.603010541148958,0
EX_hpdca[e],-0.4228434560030269,0
EX_htaxol[e],0.5919245653474837,0
EX_i[e],0.531507662889841,0
EX_idp[e],1,0
EX_imp[e],0.7477087477298053,0
EX_ksi[e],-0.11622569626605761,0
EX_ksi_deg1[e],0.09599958058974174,0
EX_ksii_core2[e],-0.3421757871748718,0
EX_ksii_core4[e],-0.26744365926389274,0
EX_lac_D[e],-0.027283582096057555,0
EX_Lcystin[e],0.5256395721008098,0
EX_leuktrB4[e],0.1334744244051457,0
EX_leuktrD4[e],0.976975447363175,0
EX_lgnc[e],-0.10644265115477783,0
EX_limnen[e],0.0011331531069312907,0
EX_lipoate[e],-0.2804315758120472,0
EX_lnlncg[e],0.40034308942518154,0
EX_lpchol_hs[e],0.1626870000170685,0
EX_mercplaccys[e],0.8305836319514145,0
EX_n2m2nmasn[e],-0.48661190348477246,0
EX_nifedipine[e],0.0462792441893839,0
EX_no[e],0.21671098827439436,0
EX_npthl[e],-0.23141200396905431,0
EX_nrpphr[e],-0.24537727237834514,0
EX_nrpphrsf[e],0.3498435415239772,0
EX_nrvnc[e],9.83495515094813,0
EX_o2s[e],0.001233627129945397,0
EX_oagd3_hs[e],0.1654931288593056,0
EX_oagt3_hs[e],0.42215021267839636,0
EX_octa[e],-0.2889581064432858,0
EX_omeprazole[e],-0.23279726278450086,0
EX_onpthl[e],0.23141200397097927,0
EX_oxa[e],0.3362610482658884,0
EX_pchol_hs[e],-0.13066656944470348,0
EX_pe_hs[e],-0.2896160399470785,0
EX_peplys[e],-0.2733939295407988,0
EX_perillyl[e],0.1505004581962593,0
EX_pglyc_hs[e],0.20406219372300258,0
EX_phyt[e],-0.5377579039828607,0
EX_prgstrn[e],0.09076188844456362,0
EX_prostge1[e],0.41675543844563934,0
EX_ps_hs[e],-0.023000911903782336,0
EX_ptdca[e],-0.07448803373814461,0
EX_retnglc[e],0.25701418118311636,0
EX_Rtotal[e],0.18006120761288139,0
EX_Rtotal2[e],-0.13432055518043806,0
EX_s2l2fn2m2masn[e],0.6295287473064092,0
EX_s2l2n2m2masn[e],-0.6434072785385481,0
EX_sl_L[e],0.24892973128680715,0
EX_spc_hs[e],-1,0
EX_srtn[e],0.5988489323285453,0
EX_strch1[e],0.25751087779652604,0
EX_strdnc[e],-0.40050808583660924,0
EX_tagat_D[e],-0.81907294901384875,0
EX_taxol[e],-0.5919245653464025,0
EX_tcynt[e],-0.6010381233870685,0
EX_tetpent3[e],-0.33282930580109554,0
EX_tetpent6[e],-0.4829407564287889,0
EX_tettet6[e],-0.2817271022594056,0
EX_thmtp[e],0.0752251906920338,0
EX_thym[e],0.3761015186899232,0
EX_tolbutamide[e],-0.2887546871210149,0
EX_tststeroneglc[e],0.4679602764378948,0
EX_tststerones[e],0.27454400360147435,0
EX_ttdca[e],0.6162549491651529,0
EX_ump[e],-2.1572213618264002,0
EX_urate[e],-0.058791893275494285,0
EX_utp[e],-1,0
EX_vacc[e],-1,1
EX_whddca[e],0.46389655787272216,0
EX_whtststerone[e],0.5426008392579966,0
EX_whttdca[e],0.5053686354970113,0
EX_xolest_hs[e],0.10953212313697042,0
F1Atg,0.3692823411507097,0
F1PGT,0.28269682327938467,0
FACOAL140i,0.3572287245090095,0
FACOAL150,0.4194627205794454,0
FACOAL160i,0.2936679521301067,0
FACOAL170,0.31412147055662415,0
FACOAL180i,0.5454698285278446,0
FACOAL1812,0.46192894174227894,0
FACOAL1813,0.5749746549985658,0
FACOAL181i,0.7571244483303422,0
FACOAL1821,0.7038813633095419,0
FACOAL1822,0.7099618912568753,0
FACOAL1831,0.554270080174984,0
FACOAL1832,0.6443176086807982,0
FACOAL184,0.5745648821086075,0
FACOAL191,0.19614167523090692,0
FACOAL200,-0.19031302002261893,0
FACOAL203,0.06058423887319461,0
FACOAL204,0.00757691607155196,0
FACOAL2042,0.7989634474450612,0
FACOAL205,0.6297249966108801,0
FACOAL206,0.4718562028736535,0
FACOAL224,-0.12779705074692937,0
FACOAL2251,0.3361798111339274,0
FACOAL2252,0.5966478697512447,0
FACOAL226,0.3176253829612229,0
FACOAL240,0.13856194457437696,0
FACOAL241,0.33979162713940686,0
FACOAL244_1,0.2904863246856917,0
FACOAL245_1,0.41189738375569285,0
FACOAL245_2,0.32772046729989096,0
FACOAL246_1,0.1314691882225914,0
FACOAL260,0.10990201799494664,0
FACOAL40im,0.09570986929690022,0
FACOAL80i,0.2889581064430482,0
FADH2tru,-0.00959177821719528,0
FADtru,-0.00959177821719528,0
FAEL183,0.5064445949342996,0
FAEL184,0.41535094296110847,0
FAEL204,-0.4054956126036033,0
FAEL205,0.23443437666132527,0
FAH1,0.46389655787272216,0
FAH2,0.5053686354970113,0
FAH3,0.2957235289143335,0
FALDH,0.7651135199269377,1.4513187785447634e-5
FALDtly,0.627116919901671,0
FAOXC11,0.09943841419136691,0
FAOXC140,-0.07330212264091493,0
FAOXC150m,0.03434231819900425,0
FAOXC160,0.25812028075419297,0
FAOXC16080m,0.272999741370124,0
FAOXC16080x,0.4737739285716988,0
FAOXC161802m,-0.06593847901370294,0
FAOXC16180m,-0.28610198442543405,0
FAOXC170m,0.43379244574354536,0
FAOXC180,-0.45070327088826734,0
FAOXC180x,0.4121469006331817,0
FAOXC1811601m,-0.062089504166075275,0
FAOXC1811602m,-0.0548282497058296,0
FAOXC1811603m,-0.03829884140228139,0
FAOXC182806m,-0.004242670744837745,0
FAOXC18280m,0.6978218161731251,0
FAOXC183803m,0.8258640683684935,0
FAOXC183806m,0.7798330624394294,0
FAOXC183806x,0.5456955345757253,0
FAOXC18480m,0.26201754647168646,0
FAOXC18480x,0.26324343371745884,0
FAOXC200180m,-0.40741883968429304,0
FAOXC200180x,-0.3943620557762541,0
FAOXC2031836m,0.2779438833570692,0
FAOXC204,-0.3852020621204985,0
FAOXC204184m,0.35122346825881195,0
FAOXC2051843m,0.20686663058818533,0
FAOXC2051843x,-0.16102659673311295,0
FAOXC2242046m,0.12280133823314163,0
FAOXC2242046x,0.21171054499026726,0
FAOXC2251836m,0.06249388508157979,0
FAOXC2251836x,0.7518463167697644,0
FAOXC2252053m,0.5214779722718192,0
FAOXC2252053x,0.4259354714034376,0
FAOXC226,-0.0380777756414752,0
FAOXC226205m,0.7712610964324703,0
FAOXC226205x,0.8791727539739338,0
FAOXC240200x,0.45167621626579607,0
FAOXC241181x,0.019508261796548708,0
FAOXC2442246x,0.2817271022581766,0
FAOXC2452253x,0.3633630687453149,0
FAOXC2452256x,0.5928458485370119,0
FAOXC246226x,0.29491118725298215,0
FAOXC260240x,0.23044386803771322,0
FAOXC80,-0.3604438212327736,0
FAS100COA,0.4595454745931006,0
FAS120COA,0.2309189073293905,0
FAS140COA,0.29354454162159227,0
FAS160COA,-0.09086178290601692,0
FAS180COA,0.17771427989982144,0
FAS80COA_L,0.5605269074036764,0
FATP1t,-1.5294380835141537,0
FATP2t,0.9765994517720251,0
FATP3t,-0.9986713654615508,0
FATP6t,1,0
FATP7t,NA,0
FATP8t,NA,0
FATP9t,1,0
FBA4,0.30685035317193843,0
FBA5,0.6868482239887393,0
FBP26,0.5547235291457412,0
FCLTm,0.13914713861468436,0
FCOAH,0.5377579039828607,0
FDH,0.6259939868113761,0
FE3R2e,-0.4078004541181227,0
FK,0.28269682327938467,0
FKYNH,0.36633792893733536,0
FOLR2,NA,1
FOLt2,-0.1471185929327838,0
FORMCOAtx,0.5377579039828607,0
FORt2m,-0.10440275959167931,0
FORtr,-0.22577504307683327,0
FPGS2,-0.08427500862387548,0
FPGS2m,0.2750920191283534,0
FPGS3,-0.08427500862387548,0
FPGS3m,0.2750920191283534,0
FPGS4,0.4495887146365913,0
FPGS4m,0.4765704481607728,0
FPGS5,0.4495887146365913,0
FPGS5m,0.4765704481607728,0
FPGS6,0.4495887146365913,0
FPGS6m,0.4765704481607728,0
FPGS7m,0.5951935544689395,0
FPGS8,0.7380869815572108,0
FPGS8m,0.5951935544689395,0
FPGS9,0.7380869815572108,0
FPGS9m,0.5951935544689395,0
FPGSm,0.2750920191283534,0
FRDPtr,0.4514470284261636,0
FRUt1r,NA,1
FTHFLm,0.10440275959167931,0
FUC13GALACGLCGAL14ACGLCGALGLUSIDEte,-0.2377289784289926,0
FUC13GALACGLCGAL14ACGLCGALGLUSIDEtg,0.3820130838647588,0
FUC14GALACGLCGALGLUSIDEte,-0.2553411270881045,0
FUC14GALACGLCGALGLUSIDEtg,0.2553411270881045,0
FUCACGALFUCGALACGLCGALGLUSIDEte,-0.36124698937196603,0
FUCACGALFUCGALACGLCGALGLUSIDEtg,-0.07989609796487153,0
FUCACNGAL14ACGLCGALGLUSIDEte,-0.15634598860483545,0
FUCACNGAL14ACGLCGALGLUSIDEtg,0.4836379741431689,0
FUCACNGALACGLCGALGLUSIDEte,-0.17994507187088143,0
FUCACNGALACGLCGALGLUSIDEtg,0.17994507187088143,0
FUCASE2e,0.09599958058974174,0
FUCASE2ly,0.3193061688912921,0
FUCASEe,-0.6434072785385481,0
FUCASEly,0.2356384070248345,0
FUCFUC12GAL14ACGLCGALGLUSIDEte,-0.0990551797833985,0
FUCFUC12GAL14ACGLCGALGLUSIDEtg,0.0990551797837178,0
FUCFUC132GALACGLCGAL14ACGLCGALGLUSIDEte,-0.013094328776846263,0
FUCFUC132GALACGLCGAL14ACGLCGALGLUSIDEtg,0.013094328776834873,0
FUCFUCFUCGALACGLC13GALACGLCGAL14ACGLCGALGLUSIDEte,-0.14168703546708686,0
FUCFUCFUCGALACGLC13GALACGLCGAL14ACGLCGALGLUSIDEtg,0.14168703546020983,0
FUCFUCFUCGALACGLCGAL14ACGLCGALGLUSIDEte,-0.6236898495161732,0
FUCFUCFUCGALACGLCGAL14ACGLCGALGLUSIDEtg,0.6236898495161732,0
FUCFUCGALACGLCGALGLUSIDEte,-0.3115819890481665,0
FUCFUCGALACGLCGALGLUSIDEtg,0.31158198904224554,0
FUCGAL14ACGLCGALGLUSIDEte,-0.14841442259165225,0
FUCGAL14ACGLCGALGLUSIDEtg,0.1484144225893855,0
FUCGALFUCGALACGLCGALGLUSIDEte,-0.07806764318266175,0
FUCGALFUCGALACGLCGALGLUSIDEtg,0.32706434128228795,0
FUCtly,0.28269682327938467,0
FUMAC,0.28890351845794077,0
FUMm,0.9102664657118481,0
FUMSO3tm,-1,0
FUMtm,1,0
FUT12g,0.1985479403801999,0
FUT14g,0.10988748757579067,0
FUT15g,0.19800488895465737,0
FUT16g,0.5129129614287465,0
FUT17g,0.4014054610594914,0
FUT18g,0.24943241400779836,0
FUT32g,0.17994507187088143,0
FUT33g,-0.07989609796487153,0
FUT34g,0.31158198904816853,0
FUT35g,0.32706434128228795,0
FUT910g,0.14168703546020983,0
FUT911g,0.14168703546020983,0
FUT91g,0.14841442259165225,0
FUT92g,0.4836379741431689,0
FUT93g,0.0990551797837178,0
FUT94g,0.6236898495161732,0
FUT95g,0.6236898495161732,0
FUT96g,0.013094328773899822,0
FUT97g,0.013094328776834873,0
FUT98g,0.38201308386475885,0
FUT99g,0.14168703546020983,0
G14T18g,0.3485667887444521,0
G14T19g,0.3485667887444521,0
G14T20g,0.3485667887444521,0
G14T21g,0.3485667887444521,0
G14T2g,0.17363521233635298,0
G14T3g,0.17363521233635298,0
G14T4g,0.17363521233635298,0
G14T5g,0.17363521233635298,0
G3PD2m,0.22154644834336928,0
G5SADrm,-0.6175332525871251,0
G5SDym,0.31454486056947634,0
G6PDH1rer,2.191276073032667,0
G6PDH2rer,-0.17192648844776642,0
G6PPer,-0.6911366109144164,0
G6Pter,0.8906136869128141,0
GABAVESSEC,0.28725225158091766,0
GACMTRc,-0.05392393397755277,0
GACPAILter,0.26114347944576316,0
GAL3ST11,0.3883689249036992,0
GALACGLCGALGBSIDEte,0.2463514460820708,0
GALACGLCGALGBSIDEtg,-0.2463514460820799,0
GALASE10ly,0.3193061688912921,0
GALASE11ly,0.3193061688912921,0
GALASE12ly,0.3193061688912921,0
GALASE13ly,0.3193061688912921,0
GALASE14ly,0.3193061688912921,0
GALASE15ly,0.3193061688912921,0
GALASE16ly,0.3212642369121297,0
GALASE17ly,0.3065331063771604,0
GALASE18ly,0.3065331063771604,0
GALASE19ly,-0.0771385457736469,0
GALASE1ly,0.23563840702503636,0
GALASE20ly,0.2845829061816446,0
GALASE3ly,0.3193061688912921,0
GALASE4ly,0.3193061688912921,0
GALASE5ly,0.3193061688912921,0
GALASE6ly,0.3193061688912921,0
GALASE7ly,0.3193061688912921,0
GALASE8ly,0.3193061688912921,0
GALASE9ly,0.3193061688912921,0
GALC,-0.15947899475303068,0
GALFUC12GAL14ACGLCGALGLUSIDEte,0.2386981872013731,0
GALFUC12GAL14ACGLCGALGLUSIDEtg,-0.2386981872013731,0
GALFUCGALACGLCGAL14ACGLCGALGLUSIDEte,-0.35825576760783445,0
GALFUCGALACGLCGAL14ACGLCGALGLUSIDEtg,0.35825576760783445,0
GALGALFUCFUCGALACGLCGALACGLCGAL14ACGLCGALGLUSIDEte,-0.24943241400779836,0
GALGALFUCFUCGALACGLCGALACGLCGAL14ACGLCGALGLUSIDEtg,0.24943241400779836,0
GALGALGALTHCRMte,0.4468221805406992,0
GALGALGALTHCRMtg,-0.44682218053839534,0
GALGLUSIDEtg,1.7708193223217095,0
GALGLUSIDEtl,-0.25458413074924846,0
GALGT1,0.07306277247938818,0
GALGT3,0.7694354908928389,0
GALGT4,0.12075432987072146,0
GALNACT1g,0.23693114234835086,0
GALNACT2g,0.459798810595816,0
GALNACT3g,0.25763589558784805,0
GALNACT4g,0.2679142009386415,0
GALNACT5g,-0.053681153167230086,0
GALNTg,0.32402241467886533,0
GALOR,-0.1158234414562544,0
GALSIDEtg,0.3883689249036993,0
GALt1r,-0.7398674306353711,0.9999999818884422
GALT2g,0.2414337998384188,0
GALTg,0.2414337998384188,0
GALtly,0.2771768157045482,0
GAMt1r,0.44001095777287186,0
GAO1,-0.3188314224416335,0
GAO1g,0.7539067285291147,0
GAO2,0.5847565679299759,0
GAO2g,0.251265366155319,0
GARFT,0.04003030973122788,0
GASNASE2ly,0.48661190348477246,0
GASNASE3ly,0.3193061688912921,0
GASNASEly,0.2356384070248345,0
GBA,0.375166203711005,0
GBAl,0.31210355574250076,0
GBGT1,0.45346225032159165,0
GBSIDEtl,3.9783563295295252,0
GCALDDm,-0.2436305287864006,0
GCC2cm,0.3535285548678115,0
GCHOLAt,-1.132913550470084,0
GCHOLAt2,0.5183756243207662,0
GCHOLAte,-1,1
GCHOLAtx,-0.38053487468669683,0
GCNTg,0.24943241400779836,0
GD1B2te,-0.09836636114660871,0
GD1B2tg,0.09836636114610336,0
GD1Cte,0.33056743996056176,0
GD1Ctg,-0.2587986834907849,0
GDPFUCtg,0.2466836076113147,0
GDPtg,-0.2466836076113147,0
GFUCS,0.16066706212578635,0
GGH_10FTHF5GLUe,-0.35252124262643253,0
GGH_10FTHF5GLUl,0.6882472151076084,0
GGH_10FTHF6GLUe,-0.35252124262643253,0
GGH_10FTHF6GLUl,0.6882472151076084,0
GGH_10FTHF7GLUe,-0.35252124262643253,0
GGH_10FTHF7GLUl,0.6882472151076084,0
GGH_5DHFe,-0.3209541720607175,0
GGH_5DHFl,0.4634246397512479,0
GGH_5THFe,0.09861215419118341,0
GGH_5THFl,0.652754461771595,0
GGH_6DHFe,-0.3209541720607175,0
GGH_6DHFl,0.4634246397512479,0
GGH_6THFe,0.09861215419118341,0
GGH_6THFl,0.652754461771595,0
GGH_7DHFe,-0.3209541720607175,0
GGH_7DHFl,0.4634246397512479,0
GGH_7THFe,0.09861215419118341,0
GGH_7THFl,0.652754461771595,0
GGLUCT,0.008419658278990577,0
GGNG,0.8213096157797908,0
GGT_L,0.4917540092492774,0
GGT5r,0.9175060890337194,0
GGT6,-1,0
GHMT2rm,-0.26026117874578586,0
GHMT3,0.2733939295407988,0
GLACO,0.75873602320486,0
GLACter,-0.75873602320486,0
GLAl,0.13186060118485493,0
GLB1,0.31210355574250076,0
GLBRAN,0.8213096157797908,0
GLCAASE1ly,0.3470063979177583,0
GLCAASE4ly,0.01648118739870152,0
GLCAASE5ly,0.026323712093078818,0
GLCAASE6ly,-0.3664119756810076,0
GLCAASE7ly,0.8700972872708984,0
GLCAASE8ly,0.49281544366171987,0
GLCAASE9ly,0.49281544366171987,0
GLCAE1g,0.5387773546815865,0
GLCAE2g,0.3470063979177587,0
GLCAT2g,0.459798810595816,0
GLCAT3g,0.25763589558784805,0
GLCAT4g,0.2679142009386415,0
GLCAT5g,-0.053681153167230086,0
GLCAT6g,0.3470063979177587,0
GLCAT7g,0.3470063979177587,0
GLCAT8g,0.3470063979177587,0
GLCAT9g,0.3470063979177587,0
GLCATg,0.2414337998384188,0
GLCMter,1,0
GLCNACASE1ly,0.3470063979177583,0
GLCNACASE2ly,0.3470063979177583,0
GLCNACASE3ly,0.3470063979177583,0
GLCNACASE4ly,0.3470063979177587,0
GLCNACASE5ly,0.3470063979177587,0
GLCNACDASg,0.3470063979177587,0
GLCNACT1g,0.3470063979177587,0
GLCNACT2g,0.3470063979177587,0
GLCNACT3g,0.3470063979177587,0
GLCNACT4g,0.3470063979177587,0
GLCNACT5g,0.3470063979177587,0
GLCt1r,1.9200443933460636,1
GLCt2_2,-0.3531920543582814,0
GLCtg,0.4482044116979788,0
GLCtly,0.32308986058784417,0
GLCURtly,-0.1977566847213024,0
GLDBRAN,0.821309687552701,0
GLGNS1,0.8213096157797908,0
GLNALANaEx,0.0790064083774109,0
GLNASNNaEx,-0.28809949372325644,0
GLNCYSNaEx,0.11013496105307317,0
GLNSERNaEx,0.04001250628007242,0
GLNTHRNaEx,0.15288516601999455,0
GLNtm,0.9003346271757983,0
GLNtN1,NA,1
GLPASE1,0.741152093730275,0
GLPASE2,0.8213096157797908,0
GLU5Km,0.31454486056947634,0
GLUCYS,0.023670477311499596,0
GLUDC,0.5104977892137521,0
GLUDxm,-2.4562914695576037,0
GLUDym,-1.3159754927310148,0
GluForTx,0.13831870928847242,0
GLUNm,0.9562031180171996,0
GLUt2m,0.2515380074541013,0
GLUt6,-0.6492928000994822,0
GLUt7l,0.6239434309169497,0
GLUTCOADHm,1,0
GLUtr,-0.9175060890337194,0
GLXO2p,0.4515511296297559,0
GLXtm,-2.5755812313498265,0
GLXtp,1,0
GLYAMDTRc,-0.05392393397755277,0
GLYBt4_2_r,-0.6510371483817664,0
GLYBtm,0.3235561671601101,0
GLYCLTDy,-0.20179293615068417,0
GLYCLTtp,0.0995434125111419,0
GLYC_St,0.19305462445441562,0
GLYCtm,-0.15700976346320758,0
GLYCTO1p,0.0995434125111419,0
GLYOXm,-0.6868453509125612,0
GLYt4,0.989104336472959,1
GLYt7_211_r,1,0.015131853517992067
GLYtp,-0.4169952227297327,0
GLYVESSEC,0.5315964921810463,0
GMPtg,0.2466836076113147,0
GNDer,-0.16524814958812029,0
GNMT,0.1988245954475411,0
GP1CALPHAte,0.12075432987072146,0
GP1CALPHAtg,-0.12075432987072146,0
GPAM_hs,0.4784190434055797,0
GPIAT,0.26114347944576316,0
GPIDA2er,0.3814020066673494,0
GPIDAer,0.320331421878706,0
GPIMTer_U,0.26114347944576316,0
GQ1Bte,0.7622884310736786,0
GQ1Btg,-0.7694354908928389,0
GRTTx,0.4514470284261636,0
GSNt,-0.34458413568177126,0
GSNtl,0.5440166775803953,0
GT1Ate,0.23426420769715334,0
GT1Atg,-0.36645369581791876,0
GTHO,0.36235915692824794,0
GTHOm,0.006679384848369094,0
GTHP,0.3054292250106691,0
GTHPe,0.4863867982215273,0
GTHPm,-0.2242063997025665,0
GTHRDtr,0.8943582975716277,0
GTHS,-0.3984746898630411,0
GTMLTe,0.008419658278990577,0
GUACYC,0.21782380889523503,0
GUAD,1,0
GULN3D,-1,0
H2CO3Dm,0.1681106786240324,0
H2ETer,0.28115108171332637,0
H2MTer_U,0.2525311306423202,0
H2O2syn,0.46845093950992783,0
H2O2t,0.5135431561637354,0
H2O2tly,0.35605540105254774,0
H2O2tn,-0.31929809050619895,0
H2O2tp,1.7962362387419404,0
H2Otg,0.2190397514897542,0
H2Otly,-0.844106985355704,0
H2Otm,-0.45197484966544016,0
H2Otn,2.6994782517343157,0
H3ETer,0.44238628293633087,0
H3MTer_U,0.22116335394803271,0
H4ET3er,0.25434221557715364,0
H4ETer,0.13675614719921006,0
H5MTer_U,0.28115108171332637,0
H6_ET2er,0.012580102269080294,0
H6ET3er,0.45099497244151127,0
H6_ETer,0.43815195170153526,0
H6MTer_U,0.005353572777275783,0
H7ET2er,0.4490884052405533,0
H7_ETer,0.32925896214302836,0
H7_TAer,0.3814020066673494,0
H8TAer,0.320331421878706,0
HACD1m,0.20344268424506615,0
HACD1x,0.15127119571964043,0
HACD9m,-0.38855953711079605,0
HAS1,0.49281544366171987,0
HAS2,0.49281544366171987,0
HAtly,0.49281544366171987,0
HBZOPT10m,0.4033014330295306,0
HCO3_CLt,-0.6136425613121239,0
HCOUMARINte,-0.05836361174420862,0
HDCEAtr,0.981891975494287,0
HESTRATRIOLte,0.10412473402087101,0
HESTRATRIOLtr,-0.10412473402087101,0
HEX10,0.3413042824220425,0
HEX4,0.6593463504339938,0
HEXCCOAtx,0.2361001386821692,0
HEXCt,0.07306861896080341,0
HGNTOR,0.28890351845794077,0
HIBDm,-0.9056702290125836,0
HISDC,-0.08793073410546345,0
HISt4,-0.9996300990409374,1
HISTASE,0.18482219442000658,0
HISTAtu,0.5527034786789536,0
HISTAVESSEC,0.5367768768660781,0
HIStiDF,NA,1
HIStN1,NA,1
HKt,0.5179323065129466,0
HKYNH,1,0
HMGCOASi,0.0627501507264136,0
HMGCOASim,-0.3350149806542519,0
HMGCOAtx,1,0
HMGLm,-0.08683251186412257,0
HMGLx,0.27531022716931897,0
HOMt4,0.4657097571051917,1
HOXG,0.5360133760243325,0
HPACtr,-0.19051348166910623,0
HPCLx,0.46918579215215706,0
HPDCACRNCPT1,12.699862593696498,0
HPDCACRNCPT2,12.699862593697748,0
HPDCACRNt,-1,0
HPDCAt,0.3222407377576314,0
HPYRDCm,-0.2436305287864006,0
HPYRR2x,0.19305462445441562,0
HPYRRy,0.7935990388184724,0
HPYRtp,0.020682532326048688,0
HS1ly,0.3470063979177583,0
HS2ly,0.3470063979177583,0
HS3ly,0.3470063979177583,0
HS4ly,0.3470063979177587,0
HSAT1ly,0.3470063979177583,0
HSAT2ly,0.3470063979177583,0
HSAT3ly,0.3470063979177583,0
HSAT4ly,0.3470063979177583,0
HSD11B1r,0.9994190145554783,0
HSD11B2r,-0.9998029049934305,0
HSD17B1,0.5998083431923744,0
HSD17B2r,-0.8208159725020808,0
HSD17B42x,0.1681779499869197,0
HSD17B4x,0.07648958805338694,0
HSD17B8r,0.5972380699069839,0
HSD17B9r,0.7332461019698492,0
HSD3A1r,1,0
HSD3A2r,-1.1889577324750147,0
HSD3B11,0.3290728713104993,0
HSD3B11r,0.3952943787784296,0
HSD3B12r,-0.7502456671042377,0
HSD3B13,0.3284530519591173,0
HSD3B13r,0.23860639948314935,0
HSD3B2r,0.42201583963387906,0
HSD3B3r,0.8573941409580235,0
HSD3B7P,-0.13127068553407265,0
HSPASEly,0.3470063979177587,0
HSPGt,0.3470063979177587,0
HSPGtly,0.3470063979177587,0
HTAXOLte,-0.5919245653475144,0
Htg,0.07942755321803598,0
HXANtx,-0.042432237948386575,0
HYPOE,0.423912146280138,0
ICDHxm,1,0.42553069290732737
ICDHy,0.7111404196914713,0
ICDHyp,0.84448845601295,0
ICDHyrm,0.7534809732447405,0
IDHPOXOX2b,0.29713965124275493,0
IDHPOXOX3,0.9338983504339741,0
IDHPOXOX4,0.9368561209098557,0
IDHPOXOXb,0.33750760531778395,0
IDOAASE1ly,0.3470063979177583,0
IDOAASE2ly,0.3470063979177583,0
IDOAASE3ly,0.3470063979177654,0
IDOAASE4ly,0.20100794891253138,0
IDOURtly,-0.20799811865952628,0
IDPtn,-0.07072489444016467,0
ILEt4,-1,1
ILEt5m,0.7475089986871231,0
ILETAm,0.7475089986871231,0
ILEtec,-0.9768915999467893,0
INOSTO,-0.1951615028912868,0
INSt,-1.8358830825553814,0
INSTt2r,-0.9999991439686247,0.6637192364251829
INSTt4,1.0000003256643284,0
IPDDIx,0.4514470284261636,0
IPDPtx,0.1577699965218983,0
It,-1,1
ITCOAL1m,1,0.03812215213411585
ITCOALm,-0.15906890854881264,0
ITPtn,0.07072489444016467,0
KAS8,0.3612153905042646,0
KCC2t,-1,0
KCCt,1,0
KDNH,0.07806253830898241,0
KHK,0.7524602700755539,0
KHK2,0.30685035317193843,0
KHK3,0.6868482239887393,0
KSII_CORE2t,0.1736352123362128,0
KSII_CORE2tly,0.3212642369121297,0
KSII_CORE4t,0.3485667887444521,0
KSII_CORE4tly,0.2845829061816446,0
KSItly,0.3193061688912921,0
Kt3g,0.31533300712488926,0
KYN,1,0
LACZe,0.603244095609927,0
LALDO,-1.0697509939862793,0
LAPCOAl,0.018627525859847466,0
LCADi_D,-0.4377657690718812,0
LCADim,-0.5882877410987879,0
LCTStg,0.4482044116979788,0
LCYSTAT,0.24892973128680715,0
LDH_Lm,-0.2017870036503209,0
LEUKTRA4t,-0.9999979333995618,0
LEUKTRA4tr,0.9175060890337194,0
LEUKTRB4t,0.2342198584117058,0
LEUKTRB4tr,-1,0
LEUKTRC4t,-1.2053564541661836,0
LEUKTRD4tr,-0.9175060890337194,0
LEUKTRE4t,-0.3315201852301091,0
LEUKTRF4t,0.9018246958664586,0
LEUt4,-1,1
LEUt5m,0.18571887810448126,0
LEUTAm,0.18571887810448126,0
LEUtec,0.9845195021015322,0
LFORKYNHYD,0.2832526224007651,0
LGNCt,0.16517877160120084,0
LIMNENte,-0.0011331531042353465,0
LINKDEG1ly,0.3470063979177583,0
LINKDEG2ly,0.12379196222209529,0
LINKDEG3ly,-0.16639940279304355,0
LINKDEG4ly,0.8700972872708984,0
LIPOti,0.03749459448125991,0
L_LACtm,-0.0420146070713552,0
LNELDCCPT1,0.35805857101590627,0
LNELDCCPT2,0.36178327622938383,0
LNELDCt,-0.16345919027899983,0
LNLCCPT1,0.2618168955188423,0
LNLCCPT2,0.02445532680795291,0
LNLNCACPT1,-0.08800277739531243,0
LNLNCACPT2,-0.08800277739531243,0
LNLNCACRNt,-0.08800277739733173,0
LNLNCAt,-0.6411081004820602,0
LNLNCGCPT1,-1.01024424681259,0
LNLNCGCPT2,0.48961746246362037,0
LNLNCGCRNt,-1,0
LNS14DM,0.5171591465438325,0
LNSTLSr,0.0807749845882856,0
LPASE,-0.8136520367077195,0
LPS,0.32211773891894735,0
LPS2e,0.6621703294712814,0
LPS3,0.2841703943073343,0
LPS3e,0.4634087982812631,0
LPS4e,0.37139293170347526,0
LRAT,-0.8070048966606869,0
LSTO1r,0.8814879951318672,0
LSTO2r,0.7608210393524397,0
LTA4H,0.10557217927281093,0
LTC4CP,-0.6924359303061719,0
LTC4Sr,0.9175060890337194,0
LTDCL,-0.7538527103701199,0
LYSt4,-0.7140832009338635,3.728748466302889e-5
LYStiDF,-1,1
LYStm,-0.1220583676112858,0
LYStn,-0.3503585483947596,0
M4BTAer,0.005353572777275783,0
M4CET3er,0.005353572777275783,0
MACACI,0.28890351845794077,0
MACOXO,0.44779219643637286,0
MAGt,0.2595378690164338,0
MALTly,0.27042198881637536,0
MALTSULtm,1,0
MALTt1r,0.313612069197952,0
MANt1r,-1,0
MANtly,0.38218347949187975,0
MAOLNOR,-0.3858285510597562,0
MAOX,0.6068681099231583,0
MCCCrm,0.7752959927716956,0
MCDp,-0.09425700269514642,0
MCLACCYSR,0.8305836319514145,0
MCLOR,-0.8305836319514145,0
MCPST,-0.6575349019001926,0
MDHm,0.17591305322299527,0
MDRPD,0.5853513192604864,0
ME1m,0.14190750862964588,0
ME2,0.3894402841897041,0
ME2m,-0.5316262185254539,0
MECOALm,-1,0.02141306462506065
MECOAS1m,1,0.02141306462506065
MELATN23DOX,1,0
MELATNOX,0.11244003390290264,0
MEOHtly,0.627116919901671,0
MERCPLACCYSt,0.8305836319514145,0
METAT,0.06722505086806665,0
METLEUex,1,0
METS,0.22657360333512905,0
METt4,0.8776820517676482,1
METtec,NA,1
MEVK1x,0.31208614461335465,0
MHISOR,0.44779219643637286,0
MI1345PP,0.227006743770592,0
MI134PP,0.4692899884400792,0
MI145PK,0.2306930337409758,0
MI145PP,0.5511789644566212,0
MI14PP,0.2166263477755838,0
MI14Ptn,-0.11186567334040301,0
MI1P_Dtn,-0.35067720228955945,0
MI1PS,0.23031492194999437,0
MI34PP,0.4692899884400792,0
MINOHPtn,0.5016308707705112,0
MLTG1,0.3384010823266391,0
MLTG1ly,0.27042198881637536,0
MMMm,0.26974489079028374,0
MMSAD1m,0.8299143733149934,0
MMSAD3m,0.8843549385056925,0
MMTSADm,0.26974489079028374,0
MOGAT,0.1423091130185099,0
MTAP,0.5853513192604864,0
MTHFCm,0.20417315973388953,0
MTHFD2m,0.0044799816331246335,0
MTHFDm,0.7298510857116893,0
N2M2NMASNtly,0.48661190348477246,0
N3Tg,0.28802722423874194,0
N4Tg,0.3692823411507097,0
NABTNO,0.43859856298507754,0
NACHEX10ly,0.43938407462976725,0
NACHEX11ly,0.4776001255996534,0
NACHEX12ly,0.17505107597139996,0
NACHEX13ly,0.09051403794044825,0
NACHEX14ly,0.14877215215826925,0
NACHEX15ly,0.04542728041587396,0
NACHEX16ly,0.20001909176033533,0
NACHEX17ly,0.2630138160849357,0
NACHEX18ly,0.20090636586926439,0
NACHEX19ly,0.16390499909359693,0
NACHEX1ly,-0.032493129092400146,0
NACHEX20ly,0.28933000585496677,0
NACHEX21ly,0.3193061688912921,0
NACHEX22ly,0.3193061688912921,0
NACHEX23ly,0.1531915191272043,0
NACHEX24ly,0.12760977122915915,0
NACHEX25ly,0.3065331063771604,0
NACHEX26ly,0.41873033289417566,0
NACHEX27ly,0.49281544366171987,0
NACHEX2ly,0.12379196222209529,0
NACHEX3ly,-0.22715097367279893,0
NACHEX4ly,0.11584637293111275,0
NACHEX5ly,0.14149304945801777,0
NACHEX6ly,-0.4661312953706046,0
NACHEX7ly,-0.6108741998370144,0
NACHEX8ly,0.9064832986264777,0
NACHEX9ly,0.8928378590957916,0
NACHEXA10ly,0.05799877507798251,0
NACHEXA11ly,0.39287389480258134,0
NACHEXA12ly,0.45604564235805134,0
NACHEXA13ly,0.42942431896736705,0
NACHEXA14ly,0.46602915005089807,0
NACHEXA15ly,0.3593558881256501,0
NACHEXA16ly,0.3521496651648904,0
NACHEXA17ly,0.37412805693273105,0
NACHEXA18ly,0.4148841996063949,0
NACHEXA19ly,0.33207017897390173,0
NACHEXA1ly,0.047282199830194015,0
NACHEXA20ly,0.4224453111473277,0
NACHEXA21ly,0.393276575400592,0
NACHEXA22ly,0.19267049469353778,0
NACHEXA2ly,0.5736511388616514,0
NACHEXA3ly,-0.077938277261182,0
NACHEXA4ly,-0.12332664279032435,2.220446049250313e-16
NACHEXA5ly,-0.2782299386177357,0
NACHEXA6ly,-0.2574381244321489,0
NACHEXA7ly,0.7273060374140081,0
NACHEXA8ly,0.7689412322429272,0
NACHEXA9ly,0.14368905876536736,0
NADPHtru,1,0
NADPHtxu,-0.2641350133565548,0
NADPtru,1,0
NADPtxu,-0.2641350133565548,0
NADtn,0.27908402087162,0
NAGA2ly,0.32402241467886533,0
NAGAlby,0.27603180706947317,0
NAGAly,0.45346225032159165,0
NAGLCAly,-0.0771385457736469,0
NAIt,NA,1
NaKt,0.38995745873545185,0
NAt,NA,1
NAt3_1g,0.034078287001712525,0
NAt5,-1,0
NAtx,-0.9840749185309466,0
NBAHH_ir,0.8246211974423129,0
NCCt,0.9979213967136564,0
NCKt,1,1
NCNt,1,0
NDP10ex,0.7477087477298053,0
NDP3ex,0.7590485474046944,0
NDP6,0.3267804313891482,0
NDP7er,-0.10370077525737326,0
NDP7ex,0.512719491908869,0
NDP7g,0.31505722561279625,0
NDP8,0.9761423767333256,0
NDP8ex,0.512719491908869,0
NDPK10,-0.7675319254090898,0
NDPK10n,0.7675319254090898,0
NDPK1m,-0.9004168727959435,0
NDPK1n,0.7287877970858695,0
NDPK2n,0.335437123708971,0
NDPK3m,0.42248230613083365,0
NDPK3n,1.0000005627930524,0
NDPK4m,0.6511661324702303,0
NDPK4n,-1.0004667297171528,0
NDPK5m,0.24795833572727938,0
NDPK5n,-0.5804493140607302,0
NDPK6m,-0.9581247875174473,0
NDPK6n,0.8590124170889435,0
NDPK7m,-0.5500463068831719,0
NDPK7n,0.1473213453628242,0.9670684917555936
NDPK8m,0.47101526078500344,0
NDPK8n,-0.876419659165584,0
NDPK9n,-0.07072489444016467,0
NH4t3r,0.2807104373634572,0
NH4tn,-0.9604571240094384,0
NH4tp,-0.25530639679554035,0
NICRNS,0.49613779719763584,0
NIFEDIPINEte,-0.0462792442006489,0
NKCC2t,-1,2.1055100430933393e-6
NKCCt,1,0
NMNATr,-1,0
NMNS,-0.11853776620573808,0
NNMT,0.9839077849825125,0
NORANMT,0.2667899639477867,0
NOS1,0.21801196320085592,0
NOS2,-0.05389111826442303,0
NOt,-0.21671098826832308,0
NP1,0.5289355191136562,0
NPTHLte,0.23141200397097927,0
NRPPHRSFt,0.3498435415239772,0
NRPPHRSULT,0.3498435415239772,0
NRPPHRt4_2_r,NA,1
NRPPHRtu,0.16168245672203083,0
NRPPHRVESSEC,0.4419544574411196,0
NRVNCCOAtx,1.510666480155254,0
NS26T2g,0.37627105091964835,0
NS26Tg,0.44239117145985674,0
NTD12,0.24659323781647244,0
NTD1m,0.250765112644147,0
NTD2e,0.7762397861501389,0
NTD2l,0.6595034323179536,0
NTD4e,0.7290301516059846,0
NTD4l,0.44533180204192097,0
NTD5l,-0.25043541112578793,0
NTD7e,0.8728483207121146,0
NTD7l,0.8246322199374532,0
NTD9e,0.7590485474046944,0
NTD9l,0.5440166775803953,0
NTP3e,0.7590485474046944,0
NTPP10,0.24659323781647244,0
NTPP9,-0.5981496335224242,0
O16G1e,0.37292318255818246,0
O16G2e,-0.25751087779652604,0
O2St,-0.006388751857034987,0
O2Stm,0.02021692375403099,0
O2Stn,0.31929809050619895,0
O2Stx,-0.29658267491647555,0
O2ter,10.607048736621625,0
O2tm,40.24291698195607,0
O2tp,0.9204352263131026,0
OAGD3te,0.1654931288593056,0
OAGD3tg,-0.7539067285302572,0
OAGT3te,0.42215021267839636,0
OAGT3tg,-0.251265366155319,0
OCBTm,0.28403737619953606,0
OCCOAtx,1.5617319076392044,0
OCDCAtr,-1,0
OCDCEAtr,-1,0
OCOAT1m,-0.031611367065393,0
OCTAt,0.2889581064430482,0
ODECOAtx,-0.14656398783960214,0
OIVD1m,0.46289450579336494,0
OIVD2m,-0.7437977074774886,0
OIVD3m,0.47394114860482905,0
OMEPRAZOLEte,0.23279726278450086,0
ONPTHLte,-0.2314120039696674,0
OPAHir,0.25552039766667545,0
ORNt3m,-0.16219011440104036,0
ORNt4m,0.826531595163693,0
ORNTArm,0.05713969586337729,0
ORNtiDF,NA,1
ORPT,-1.004820229881572,0
OXAHCOtex,0.9603288467574231,0
OXAtp,0.4515511296284532,0
P45011A1m,0.22862128703844375,0
P45011B11m,0.29924557932518897,0
P45011B12m,0.5171937564783707,0
P45011B21m,0.7755077335258422,0
P45017A1r,0.02474119423155551,0
P45017A2r,-0.21615968130938798,0
P45017A3r,0.47207085409267097,0
P45017A4r,0.36514713672875054,0
P45019A1r,0.40300537778270223,0
P45019A2r,0.25032928163639284,0
P4501B1r,0.10412473402087101,0
P45021A1r,0.30330181539207135,0
P45021A2r,0.3757762073576901,0
P45027A11m,0.21265761552852402,0
P45027A12m,0.39356912110205605,0
P45027A13m,0.39356912110205605,0
P45027A14m,0.44212353777516394,0
P45027A15m,0.45581881200646207,0
P45027A16m,0.004306602846404796,0
P45027A1m,0.1470209051575273,0
P4502A6,0.05836361174859079,0
P4502C18,0.23010542130808428,0
P4502C19,0.23279726278450086,0
P4502C8,0.5919245653474837,0
P4502C9,0.2887546871210149,0
P4502C92,-0.05592271903353945,0
P4502C93,0.1505004581962593,0
P4502C94,0.4207663878450313,0
P4502D6,0.18561923110032583,0
P4502F1,0.2314120039710132,0
P45039A1r,0.48085673157503944,0
P4503A4,-0.0462792442006489,0
P4503A43r,0.5776540084442308,0
P4503A5,0.11460235543467516,0
P4503A7r,0.2295325660406727,0
P45046A1r,0.48085673157503944,0
P4504B1r,0.2990458978780506,0
P4504F121r,0.4208622576096007,0
P4504F123r,0.2512581736190686,0
P4504F81r,0.580927115473321,0
P4507A1r,0.4077719026570477,0
P4508B11r,0.3676187141607505,0
P4508B13r,0.125231461133086,0
P450SCC1m,0.052625507655972514,0
P5CDm,1,0
P5CRm,-0.17773777441299674,0
P5CRxm,0.22364137806776224,0
PA_HStg,-0.060691254864634885,0
PAFH,-0.38504606667347446,0
PAFS,-0.24641219913392895,0
PAIL_HStn,0.9154354676480411,0
PAIL45P_HStn,-1,0
PAN4PP,-0.16050395807939025,0
PAPStg,0.2439593196702914,0
PAPtg,0.2439593196702914,0
PCHOL_HStg,0.08521173950590448,0
PCHOLP_hs,0.4124114500818823,0
PCHOLPg_hs,0.060691254864622464,0
PCHOLPm_hs,0.3235561671601101,0
PCHOLPr_hs,0.7849622744359537,0
PCm,-0.1439492956085307,0
PCRNtc,1,0
PCt,0.16285001691299217,0
PDE1,-0.06492855500655369,0
PDE4,0.2112572010858034,0
PDHm,-0.23884830988606312,0
PDX5PO,0.10895070129778235,0
PDXPP,-0.12994498772550295,0
PE_HStm,-0.18799040982180779,0
PEAMNO,0.2303188056503069,0
PEFLIP,0.5341312015716869,0
PEFLIPm,0.14064103802529512,0
PEPCK,0.275196851825092,0
PEPCKm,-0.1158309231574498,0
PERILLYLte,-0.1505004581990396,0
PEROXx,0.2025773648106368,0
PEt,0.28359354079995897,0
PETHCT,0.25925779667492405,0
PETOHMm_hs,0.3235561671601101,0
PETOHMr_hs,0.3474267737057646,0
PFK26,0.5547235291457412,0
PGCD,0.4426148660049087,0
PGDI,1.058591050963218,0
PGDIr,0.9302239349268638,0
PGESr,-1.1331749516870402,0
PGISr,0.9996572346014436,0
PGLer,0.8525702031293771,0
PGLYCt,2.4778380366521247,0
PGPP_hs,0.2924924528202124,0
PGPPT,0.27565079865611497,0
PGS,0.49152181819459445,0
PGSr,0.15840695783609407,0
PHCDm,0.4422434580558434,0
PHCHGSm,-1,1
PHEMEtm,0.13914713861468436,0
PHEt4,0.11442484475620861,1
PHETA1m,0.5633977781380725,0
PHEtec,-1,0.9999998574564637
PHETHPTOX2,0.8540526990861731,0
PHYCBOXL,0.2303188056503069,0
PHYHx,0.5377579039828607,0
PHYTt,0.5377579039828607,0
PI345P3P,0.0885704180689656,0
PI345P3Pn,-0.389176209923844,0
PI345P5P,0.13075203153564494,0
PI34P5K,-0.11940206449677605,0
PI3P4K,-0.0706579699990679,0
PI3P5K,-0.4431537592234704,0
PI45P3K,0.1338552444955086,0
PI45P3Kn,-0.389176209923844,0
PI45P5P,-0.09441054223390363,0
PI45PLC,0.5187912963275134,0
PI4P3K,-0.2195690323532353,0
PI4P5K,0.05498521700287164,0
PI4PLC,0.1380662838237778,0
PI4PLCn,0.11186567334040301,0
PI5P3K,0.06142844955905277,0
PI5P4K,0.04428965563922806,0
PIACGT,0.26114347944576316,0
PIK3,-0.5391557858255784,0
PIK4,0.3590396883214753,0
PIK5,-0.02338846161552394,0
PIPLC,0.4707071514755441,0
PIPLCn,0.35067720228955945,0
PIter,-0.9657440252450864,0
PItg,0.30389549563018037,0
PItx,-0.5333203252625951,0
PLA2_2,-0.8219847779827781,0
PLA2_2e,0.1626870000170685,0
PMEVKx,0.31208614461335465,0
PMI12346PH,0.18147864691851337,0
PMI12346PHn,-0.5016308707705112,0
PNTEH,-0.49165355898047625,0
PNTOt5,0.6585462617713131,0
PPA2,0.44223436032067726,0
PPAer,-0.25436955517796755,0
PPAm,-0.17462027691744716,0
PPAP,0.5476891086330683,0
PPDOy,1,0
PPItr,-1,0
PPItx,-1,0
PPMI12346Ptn,-0.5016308707705112,0
PPOR,0.20577016675653315,0
PRAGSr,0.04003030973122788,0
PRASCS,0.04003030973122788,0
PRDX,0.4286840292683614,0
PRDXl,0.627116919901671,0
PRGNLONESULT,-1,0
PRGNLONEtm,-0.24417225863433972,0
PRGNLONEtr,-0.8640763160797287,0
PRGSTRNt,-0.09076188844456362,0
PRISTANALtx,0.9922301192651232,0
PROD2m,0.24635081057858166,0
PRODt2r,NA,1
PROSTGD2t,0.4558399461804223,0
PROSTGE1t,0.988164978454239,0
PROSTGE1t3,0.24403080997959578,0
PROSTGE2t,0.9928340449476362,0.06288271813477486
PROSTGE2t2,0.9998334946955211,0
PROSTGE2t3,0.6460030466541097,0
PROSTGF2t,0.9999973747704274,0
PROSTGI2tr,-0.9996572346014436,0
PROt4,-0.998319134634806,1
PROtm,1,0
PSDm_hs,0.28453657958542017,0
PSFLIP,0.8314033876141516,0
PSFLIPm,0.28453657958542017,0
PSSA1_hs,-0.004580777183344064,0
PSSA2_hs,0.9335989445349152,0
PSt3,-0.0230946457658564,0
PTDCACRNCPT1,0.07448803371828029,0
PTDCACRNCPT2,0.07448803373814461,0
PTDCACRNt,1,1
PTDCAt,0.14548994706389434,0
PTE2x,0.7543973453241167,0
PTE3x,0.7549323730279816,0
PTE4x,-1,0
PTHPS,0.44223436032067726,0
PTRCAT1,0.43859856298507754,0
PTRCOX1,0.5056566058458336,0
PYAM5POr,0.02104306258562631,0
PYDXDH,0.45348632608213496,0
PYDXK,0.525227059649643,0
PYDXPP,0.2567028478547211,0
PYNP2r,-0.26196641303373375,0
PYRt2m,0.013723524736060894,0
PYRt2p,0.0022213702442550054,0
RAI1,-1,0
RAI2,NA,0
RAI3,-1.1312768248095626,0
RDH1,-0.41093890059446647,0
RDH1a,0.3853426128766399,0
RDH2,0.06978802532350913,0
RDH2a,-0.06978802651400084,0
RDH3,0.4047179639722535,0
RDH3a,-0.40444837230901826,0
RDH4,1.0087167000970643,0
RETI1,1,0
RETI2,NA,0
RETI3,1.0087167000970643,0
RETNGLCt,0.2570141811831164,0
RETNGLCt2,0.7062001730979026,0
RETNGLCt2r,0.26272614160613267,0
RETNGLCtr,0.2570141811796184,0
RIBFLVt3,0.42978192976334595,0
RTOTAL2t,0.555910610328909,0
RTOTAL3CRNCPT1,0.2802021789204428,0
RTOTAL3CRNCPT2,0.2802021789204428,0
RTOTAL3CRNt,0.2802021789204428,0
RTOTALt,0.34157784652818907,0
Rtotaltl,-0.3158562132897044,0
S23T2g,0.17363521233635298,0
S23T4g,0.3485667887444521,0
S23Tg,0.37627105091964835,0
S2L2FN2M2MASNtly,0.2356384070248345,0
S2T1g,0.2679142009386415,0
S2T2g,0.2679142009386415,0
S2T3g,0.5387773546815865,0
S2T4g,0.3470063979177587,0
S2TASE1ly,0.3470063979177583,0
S2TASE2ly,0.3470063979177587,0
S2TASE3ly,0.20100794891253138,0
S2TASE4ly,-0.3664119756810076,0
S2TASE5ly,-0.3664119756810076,0
S3T1g,0.3470063979177587,0
S3T2g,0.3470063979177587,0
S3T3g,0.3470063979179209,0
S3TASE1ly,0.3470063979177583,0
S3TASE2ly,0.3470063979177587,0
S3TASE3ly,0.3470063979177654,0
S4T1g,0.6133553934758073,0
S4T2g,0.38891188235434787,0
S4T3g,0.2604694331911404,0
S4T4g,-1,0
S4T5g,-1,0
S4T6g,0.5387773546815865,0
S4TASE1ly,-0.032493129092400146,0
S4TASE2ly,0.12379196222209529,0
S4TASE3ly,-0.22715097367279893,0
S4TASE4ly,0.9064832986264777,0
S4TASE5ly,0.8928378590957916,0
S6T16g,0.3485667887444521,0
S6T17g,0.3485667887444521,0
S6T18g,0.3485667887444521,0
S6T19g,-0.17130008565737248,0
S6T1g,0.17363521233635298,0
S6T20g,0.25763589558784805,0
S6T21g,0.2679142009386415,0
S6T23g,0.2604694331911404,0
S6T24g,-1,0
S6T25g,0.3470063979177587,0
S6T2g,0.17363521233635298,0
S6T3g,0.17363521233635298,0
S6TASE10ly,0.3193061688912921,0
S6TASE11ly,0.43938407462976725,0
S6TASE12ly,0.4776001255996534,0
S6TASE13ly,0.17505107597139996,0
S6TASE14ly,0.09051403794044825,0
S6TASE15ly,0.14877215215826925,0
S6TASE16ly,0.04542728041587396,0
S6TASE17ly,0.20001909176033533,0
S6TASE18ly,0.2630138160849357,0
S6TASE19ly,0.20090636586926439,0
S6TASE1ly,0.3470063979177583,0
S6TASE20ly,0.16390499909359693,0
S6TASE21ly,0.28933000585496677,0
S6TASE22ly,0.3212642369121297,0
S6TASE23ly,0.1531915191272043,0
S6TASE24ly,0.12760977122915915,0
S6TASE25ly,0.2845829061816446,0
S6TASE26ly,0.41873033289417566,0
S6TASE2ly,0.3470063979177583,0
S6TASE3ly,0.3470063979177583,0
S6TASE4ly,0.11584637293111275,0
S6TASE5ly,0.14149304945801777,0
S6TASE6ly,-0.4661312953706046,0
S6TASE7ly,-0.6108741998370144,0
S6TASE8ly,0.9064832986264777,0
S6TASE9ly,0.8928378590957916,0
SADT,0.15396995269017788,0
SALMCOM,-0.3858285510597562,0
SALMCOM2,0.5167003491569884,0
SAMHISTA,0.24323987047528567,0
SARCStm,1,0
SARDHm,1,0
SBPP1er,0.3541257539097931,0
SBPP3er,0.5431907473221143,0
SBTD_D2,0.6792224184274849,0
SBTR,0.6792224184274849,0
SCP21x,0.5440458555897724,0
SCP22x,-0.961346840061162,0
SCP2x,-0.31453163868850215,0
SCPx,0.5830527651691608,0
Ser_Thrtg,-0.32402241467886533,0
SERALANaEx,-0.8469537319499334,0
SERASNNaEx,-0.24527783219196783,0
SERCYSNaEx,0.7965723437326231,0
SERDGLNexR,0.41880491891678706,0
SERDGLYexR,-0.44242641830349283,0
SERGLNexR,NA,1
SERGLNNaEx,-0.016104097027978683,0
SERGLYexR,-1,1
SERPT,0.8263953560048451,0
SERt4,0.9991315258369005,1
SERTHRNaEx,0.38342812667567744,0
SERtN1,NA,1
SERtp,-0.020682532326048688,0
SFGTH,0.26365148536750427,0
SGALSIDEtg,-0.3883689248993673,0
SGALSIDEtl,0.3883689249036992,0
SGPL12r,0.531406101642367,0
SIAASE2ly,0.3193061688912921,0
SIAASE3ly,0.3212642369121297,0
SIAASE4ly,0.2845829061816446,0
SIAASEly,0.2356384070248345,0
SIAT4Bg,0.6236976706230999,0
sink_citr[c],0.1346922343158578,0
sink_pre_prot[r],-0.26114347944576316,0
SLCBK1,0.49077104766077845,0
SLDt,0.24892973128680715,0
SLDx,-0.24892973128680715,0
SMPD3g,0.0994872934761052,0
SMPD3l,0.5469862943751141,0
SMPD4,1,0
SMS,0.4000428174413495,0
SO4CLtex2,0.41208254484435014,0
SO4HCOtex,0.29357562887269173,0
SO4OXAtex2,0.8659590293717738,0
SO4tl,0.25735265397880336,0
SOAT12,0.10953212313697042,0
SPC_HSt,-1,0
SPH1Ptr,0.3541257539097931,0
SPHGNtr,-0.11650343472670445,0
SPHINGStl,-0.30115035109884747,0
SPHINGStr,0.29512317501276214,0
SPHK21c,0.296460936944365,0
SPHS1Ptr,0.5349308969928551,0
SPODMe,-0.41182763144972545,0
SPODMm,0.02021692375403099,0
SPODMn,0.31929809050619895,0
SPODMx,-0.29658267491647555,0
SPR,0.5446901703674231,0
SPRMS,-0.1739646792013551,0
SPTix,-0.020682532326048688,0
SQLEr,0.0807749845882856,0
SQLSr,0.08077503166117259,0
SR5AR2r,0.2994121749255881,0
SR5ARr,0.7287774694742142,0
SRTNACT,-0.569295609662609,0
SRTNt6_2_r,0.17561051330475907,0
SRTNtu,0.8103524366940847,0
ST3GAL21g,0.2587986834907879,0
ST3GAL22g,0.36645369581791876,0
ST3GAL23g,0.7694354908928389,0
ST3GAL31g,0.17994507187088143,0
ST3GAL61g,0.327297501381591,0
ST6GALNAC23,-0.09836636114610336,0
ST6GALNAC24,-0.09836636114610336,0
ST6GALNAC27,0.12075432987071726,0
ST8SIA51g,0.23357048097111818,0
ST8SIA52g,0.7694354908928389,0
ST8SIA53g,0.36645369581791876,0
ST8SIA54g,0.2587986834907849,0
ST8SIA55g,0.12075432987071726,0
ST8SIA56g,0.15591999580622176,0
STCOAtx,2.207856025402553,0
STRDNCCPT1,-0.2244192423487308,0
STRDNCCPT2,-0.20435947242723726,0
STRDNCt,0.3852907750463419,0
STS1,-0.36507093320173517,0
STS1r,-0.3943467204270716,0
STS2,0.5211452199745611,0
STS2r,0.26320955068269636,0
SUCCt4_2,-0.042100014268995956,0
SUCCtp,-0.6558429540307101,0
SUCOAS1m,0.2127130706358618,0
SUCOASm,0.08071254096533455,0
SULFOX,0.2632652274255266,0
T4HCINNMFM,-0.03076618497483695,0
TAGAT_Dt,0.81907294901384875,0
TAURt4_2_r,0.9999999755478816,0
TAURtcx,0.9840749185309466,0
TAXOLte,0.5919245653474837,0
TCHOLAt,-10.844378596909038,0
TCHOLAt2,0.5855495854847756,0
TCHOLAtx,-0.9280819431763587,0
TCYNTt,-0.6010381233870685,0
TCYNTtm,0.13118537771536176,0
TDCHOLAtx,0.9872727847142462,0
TETHEX3COAtx,0.29491118725298215,0
TETHEX3t,0.29216770041265017,0
TETPENT3COAtx,0.3633630687453149,0
TETPENT3CPT1,-0.18280981591574808,4.0071279627795775e-12
TETPENT3CPT2,-0.18280981596230567,4.0071279627795775e-12
TETPENT3CRNt,-0.1828098159158138,4.0071279627795775e-12
TETPENT3t,0.07034351194304926,0
TETPENT6COAtx,0.4829407564287889,0
TETPENT6CPT1,-1.0001021727298651,0
TETPENT6CPT2,-1.0001021727298651,0
TETPENT6CRNt,-1.0001021727298647,0
TETPENT6t,0.39386294192007876,0
TETTET6COAtx,0.2817271022581766,0
TETTET6CPT1,-0.9600575250369722,0
TETTET6CPT2,-0.9600575250369722,0
TETTET6CRNt,-0.9600575250465817,0
TETTET6t,0.3876886550436998,0
THBPT4ACAMDASE,0.05072506075904093,0
THCHOLSTOICtm,-1,1
THD1m,0.1516423460230372,0
THFt2,0.09861215419118341,0
THFtl,-0.652754461771595,0
THMMPt4,0.12730523879247585,0
THMTPt,0.0752251906920338,0
THRALANaEx,-0.5428087086788455,0
THRASNNaEx,-0.551784151141475,0
THRCYSNaEx,0.8771988029339048,0
THRGLNexR,NA,1
THRGLNNaEx,0.20969881281880737,0
THRGLYexR,-1,1
THRSERNaEx,0.09837428322721539,0
THRt4,-0.10143411308475296,1
THYMDt1,0.05645274689057496,0
THYMDtl,-0.25043541112578793,0
THYMDtm,0.2979144009294498,0
THYMt,-0.3761015186899232,0
THYOXt,0.15615574843942864,0
THYOXt2,0.8615670286709808,0
THYPX,0.3231422089868737,0
TMABADH,0.2733939295407988,0
TMDK1m,0.2979144009294498,0
TMDPP,0.03868940085023326,0
TMLYSOX,0.2733939295407988,0
TMNDNCCOAtx,-0.9611586170758647,0
TMNDNCCPT1,-0.9180283445565544,0
TMNDNCCPT2,-0.8945688947975368,0
TMNDNCCRNt,1,0
TMNDNCt,-0.13163184502502082,0
TOLBUTAMIDEte,0.2887546871210149,0
TRDR,0.2054079971521022,0
TRDR2,0.4608098867563169,0
TRDR3,0.3767330412011704,0
TREH,-0.15105195303782673,0
TRIODTHYt,-0.3822246807982921,0
TRIODTHYt2,0.6181182012105112,0.9999928936505929
TRPHYDRO2,-0.4573361964960138,0
TRPO2,0.3321171284731188,0
TRPt4,-0.9350617660265466,1
TRYPTAOX,0.12281680051432609,0
TSTSTERONEGLCte,0.4679602764378948,0
TSTSTERONEGLCtr,-0.46796027642347365,0
TSTSTERONESte,0.27454400360147435,0
TSTSTERONESULT,0.27454400360147435,0
TSTSTERONEtr,-0.6991898847863224,0
TSULt4_3,1,0
TTDCAtr,-1,0
TTDCPT2,-1.0486443942335208,0
TYR3MO2,0.6492772424777715,0
TYRASE,0.0625850571552351,0
TYRCBOX,-0.20119554546407348,0
TYRDOPO,0.37435314140100956,0
TYRDOPO3,-0.013925366380586307,0
TYROXDAc,-0.1905134816691037,0
TYRt4,-0.1384222055827855,1
TYRTAm,0.20789765451311348,0
UAG2EMAi,0.25667016688288535,0
UAGALDP,1,0
UDPACGALtl,0.1479654000959182,0
UDPDOLPT_L,0.4917540092492774,0
UDPGALtg,0.32057737359732874,0
UDPGD,-0.3555763409972896,0
UDPGLCAter,0.024665674739969595,0
UDPGLCAtg,-0.20673846381695493,0
UDPGLCter,0.28288045089511704,0
UDPGLDCg,-0.05020159114898734,0
UDPGP,-0.03422404006188678,0
UDPtl,-0.1479654000959182,0
UDPXYLter,-0.05020159114898734,0
UDPXYLtg,0.05020159114898734,0
UGALGTg,0.4482044116979788,0
UGALNACtg,0.3342600250120231,0
UGCG,0.12052304065173995,0
UGLCNACtg,0.3015415097126286,0
UGT1A10r,0.6184314614951434,0
UGT1A1r,0.3824898279987226,0
UGT1A2r,-0.13754586562841145,0
UGT1A3r,0.29941217491440125,0
UGT1A4r,0.4679602764378948,0
UGT1A5r,0.2570141811796184,0
UGT1A5r2,0.26272614160613267,0
UGT1A6r,0.6904980342872962,0
UGT1A7r,0.04266891549379234,0
UGT1A8r,0.4443148574540534,0
UGT1A9r,0.7287774694742142,0
UMPK2,0.8969235221278191,0
UMPK2n,-1.0061758894210235,0
UMPK3,1.0242670562949576,0.2888331776623144
UMPK3n,-1.021733564609287,0
UMPK4,-0.8995322122412649,0
UMPK4n,0.968303224174801,0
UMPK5,-1.0410885652922444,0
UMPK5n,1.7047763684394583,0
UMPK6,-0.6796418669286083,0
UMPK6n,-1,0
UMPK7,0.11532840519218708,0
UMPK7n,1.0707363148862765,0
UMPKn,-0.9092709532586299,0.6517935078494413
UPPN,-0.1626741602404555,0
URAt,0.295709898786371,0
URATEtx,0.3573977899285073,0
UREAt5,-0.10409788609035624,0
UREAtm,-0.0962673212716278,0
URIDK2m,0.06540686573364458,0
URIK1,-1,1
URIt,-0.5603071630256857,0
Uritl,0.6595034323179536,0
Uritn,-0.8710459842833354,0
UROLACer,0.75873602320486,0
UTPtn,-0.9623972912573607,0
VACCt,1,1
VALt4,0.45194125549733094,1
VALt5m,-1.1787160096982197,0
VALTAm,-1.1787160096982197,0
VALtec,0.9882254633205425,0
VLCS2p,0.7468135223553306,0
VLCS2r,1,0
VLCSp,1,0
VLCSr,1,0
WHDDCAte,-0.46389655787332174,0
WHTSTSTERONEte,0.5426008392579966,0
WHTTDCAte,-0.5053686354963944,0
XANDp,0.4062450922142443,0
XANtx,1,0
XAO2x,-0.042432237948386575,0
XAOx,0.23444442189614964,0
XOL7AONEtr,-1,0
XOLDIOLONEt,-0.24705801554551618,0
XOLEST2te,-0.4936831855960081,0
XOLESTte,-0.10953212313697042,0
XOLTRI24tc,0.48085673157503944,0
XOLTRIOLtm,0.21265761552852402,0
XSERtg,0.2414337998384188,0
XYLTD_Dr,0.30685035317193843,0
XYLTer,0.2414337998384188,0
XYLtly,0.1794009085377724,0
XYLUR,-0.8176603612380603,0
EX_4abutn[e],0.8241605833355509,0
EX_acmana[e],0.2755359579242269,0
EX_ctp[e],1.0073635633471283,0
EX_dgmp[e],-0.6001496745064882,0
EX_dgtp[e],0.6001496745064882,0
EX_dha[e],-1,0
EX_dtmp[e],0.07078121237346134,0
EX_dttp[e],-0.07475985864884821,0
EX_HC00229[e],0.020285059180920086,0
EX_HC00250[e],-0.14996639896196098,0
EX_HC01440[e],0.5660207905866673,0
EX_HC01441[e],-0.6543096243651549,0
EX_HC01444[e],0.5025761463345341,0
EX_HC01446[e],-0.5660207905866697,0
EX_HC01577[e],0.5575240657859822,0
EX_HC01609[e],-0.18113860062545012,0
EX_HC01610[e],0.18113860062545012,0
EX_HC01700[e],0.3903691124446222,0
EX_HC02160[e],-0.2875951155510906,0
EX_HC02161[e],0.28759511555173983,0
EX_orot[e],-0.5982419946380911,0
EX_prpp[e],0.9907883773883962,0
r0009,0.6008445147974705,0
r0013,0.32740455426292503,0
r0016,-0.0591576441072529,0
r0021,-0.20929120872379806,0
r0022,NA,1
r0023,0.27120118759311546,0
r0024,0.3461095525067257,0
r0027,-1.1123396003360893,0
r0028,-0.27167408479266764,0
r0033,0.14800855290081905,0
r0034,0.2594378416717277,0
r0047,-0.07130095655690093,0
r0051,0.9907883773883953,0
r0062,-0.11256770818571091,0
r0068,0.14213701148661212,0
r0074,0.06564112332664326,0
r0081,0.0018449357608917051,0
r0083,1,0.004708184826046513
r0084,-0.48397480525196424,0
r0085,0.8117292287410157,0
r0086,0.037420943476852694,7.771561172376096e-16
r0097,0.14213701148661212,0
r0113,0.2755359579242269,0
r0119,0.3088803071202467,0
r0129,0.8311255954476588,0
r0130,0.034682806851481854,0
r0139,-1.0073635633471292,0
r0142,0.523499104218582,0
r0145,0.39877284037633653,0
r0149,-1.0073635633471292,0
r0156,0.8117292287410157,0
r0157,0.037420943476852694,7.771561172376096e-16
r0160,0.7771953174939382,0
r0166,0.6475377631235769,0
r0170,NA,1
r0173,-0.0420834523619805,0
r0178,0.46237035858047004,0
r0181,619.7001523066432,0
r0186,0.1662534177147447,0
r0191,0.9929590314321006,0
r0193,-0.4652603414642624,0
r0196,NA,1
r0202,-0.25461447441301227,0
r0205,-0.3714412456577981,0
r0208,0.7504237309149155,0
r0210,-0.5516052984141094,0
r0221,-0.12045500244321311,0
r0224,0.11193037677936485,0
r0226,-0.9210008899186526,0
r0239,0.2832526224007651,0
r0245,0.4046546134062365,0
r0246,-0.100401152921615,0
r0249,-0.40582988641485923,0
r0276,1.5530373285729129,0
r0281,0.8241605833355509,0
r0287,0.3306563295550562,0
r0301,0.4615920695274927,0
r0308,-0.6550505488529134,0
r0309,-1.1032260094053885,0
r0310,0.18800990599366801,0
r0311,0.31212603064599626,0
r0317,-1.1234252642587488,0
r0319,-0.12045500244321311,0
r0321,0.5904418123389165,0
r0340,-0.100401152921615,0
r0354,0.4530042357914943,0
r0355,0.5488986450736489,0
r0357,0.6167810391381844,0
r0358,0.34590432777911717,0
r0360,0.3174985619324862,0
r0361,0.717270666398049,0
r0363,0.2797669552896506,0
r0364,0.5541012279668122,0
r0365,1,0
r0377,-0.8114399202679637,0
r0380,0.6543096243652384,0
r0381,-0.49165355898047625,0
r0383,0.04612479659859153,0
r0385,0.19717055526992097,0
r0386,0.8919044992708565,0
r0388,-0.8751305197713339,0
r0389,0.7337291511827976,0
r0390,-0.020285059180920086,0
r0391,0.6208719307997691,0
r0393,-0.100401152921615,0
r0394,-5.2715666054983075,0
r0395,0.35010858134885153,0
r0399,0.47835841014890695,0
r0402,0.33205301803740506,0
r0403,0.4265215567123273,0
r0407,0.05966744728106049,0
r0408,-0.9600987064275817,0
r0409,0.28359036516557695,0
r0410,-0.6001496745064882,0
r0423,-0.3316721621723219,0
r0424,-0.48397480525196424,0
r0425,0.33364617943643804,0
r0426,-0.9959190183823452,0
r0431,-0.13934275082339245,0
r0432,0.13411107992848867,0
r0433,-0.09425700269514642,0
r0434,-0.81458602819656,0
r0437,-0.9363907908526612,0
r0438,0.7881055985117782,0
r0440,0.5257567463994777,0
r0441,-0.6641361986771678,0
r0443,-0.7141919673199724,0
r0444,0.13746762317004002,0
r0450,-0.9522979221795319,0
r0451,-0.01815891886068625,0
r0456,0.1430973732216048,0
r0463,0.09697752553275206,0
r0470,-0.9989488021977277,0
r0472,-0.931670215108592,0
r0474,-0.8766625978627625,0
r0475,0.9131700697955558,0
r0480,-0.26409160981892826,0
r0483,5.192402881339162,0
r0488,0.6598039829605288,0
r0494,0.07078121237346134,0
r0497,0.07475985864884821,0
r0502,0.5001174630361995,0
r0504,0.13387148509276076,0
r0510,0.30451727126157757,0
r0511,0.23636702326792888,0
r0512,-0.2308548156003376,0
r0514,-0.8728222834009435,0
r0517,NA,1
r0522,0.1687693177011767,0
r0523,0.1687693177011767,0
r0527,1,0
r0531,-0.29372277509158345,0
r0537,-0.04239652922434665,0
r0539,-0.4916535589805546,0
r0541,-0.7227682633636391,0
r0545,-1,0
r0546,0.2866814702983493,0
r0547,0.3381222709338887,0
r0548,-0.12111719848602068,0
r0552,4.97668862363705,0
r0553,-0.3919631905412345,0
r0555,0.04612479659859153,0
r0557,-0.01815891886068625,0
r0560,-0.8970373046766621,0
r0561,0.19717055526992097,0
r0568,0.6185474310654647,0
r0575,NA,1
r0578,0.35628548987627684,0
r0579,0.14800855290081905,0
r0584,-0.20251413142065158,0
r0590,0.14800855290081905,0
r0591,-1.0460611981525758,0
r0594,-0.9469869295978267,0
r0595,0.03789884332995464,0
r0596,0.48612721800349346,0
r0603,-0.3090052327930517,0
r0604,-0.1971589520764226,0
r0610,0.1223744146692984,0
r0611,-0.12237441466916237,0
r0615,0.5468870845276369,0
r0616,0.030126721165434443,0
r0617,-0.5468870845276369,0
r0618,-0.011912566579912574,0
r0627,-0.5025761463345341,0
r0629,-1.3451275130059819,0
r0630,0.8978658397198054,0
r0634,0.8449693765629533,0
r0637,1,0
r0638,-0.26684885788762297,0
r0639,0.33710050657568413,0
r0641,-1.039909810588964,0
r0642,-0.5887488465906522,0
r0643,-1.3569860620814551,0
r0647,NA,0
r0648,0.5575240657859822,0
r0649,0.3903691124446222,0
r0650,1,0
r0653,-0.3316751983295146,0
r0655,-0.31259195960778846,0
r0656,0.8919044992708565,0
r0660,0.31219389219290045,0
r0661,0.38025925331346255,0
r0666,0.04003030973122788,0
r0669,-0.8298078133016166,0
r0670,-0.1971589520764226,0
r0672,0.8052230591382933,0
r0673,0.33205301803740506,0
r0686,NA,1
r0688,0.28190532375596816,0
r0698,-0.3545827340277516,0
r0706,0.6368090995654889,0
r0714,-0.3316751983295146,0
r0715,0.5256796036043728,0
r0716,-0.3316751983295146,0
r0717,0.5256796036043728,0
r0718,0.33710050657568413,0
r0719,0.5911725381527585,0
r0720,0.19086765098390443,0
r0721,0.5911725381527585,0
r0722,-0.5079269759523611,0
r0723,0.38025925331346255,0
r0724,0.5079269759523611,0
r0726,-0.8449693765629533,0
r0727,0.35910872753799633,0
r0728,0.6570949343809271,0
r0729,0.35910872753799633,0
r0730,0.12402590624203091,0
r0731,0.12402590624203091,0
r0732,0.12402590624203091,0
r0733,0.3306563295550562,0
r0734,0.3306563295550562,0
r0735,-0.557635480193282,0
r0737,0.5660207905866673,0
r0739,0.28190532375596816,0
r0741,0.5123062164201542,0
r0743,0.6764727521805233,0
r0744,0.7122401498250203,0
r0747,-0.384834428986208,0
r0750,-0.45112426080208484,0
r0752,0.08738006159156539,0
r0753,-0.08738006159156539,0
r0754,0.009722992944685618,0
r0755,-0.009722992944685618,0
r0756,0.05924148731527522,0
r0757,-0.05924148731527522,0
r0758,0.29166034188634177,0
r0774,0.18113860062545012,0
r0779,-0.8298078133016166,0
r0781,0.0807749845882856,0
r0782,0.45922196063641835,0
r0783,0.005997946812235318,0
r0786,-0.04239652922434665,0
r0787,0.010089919678945387,0
r0788,-0.26409160981892826,0
r0789,-0.26409160981892826,0
r0791,-0.47283984055711026,0
r0795,0.03789884332995464,0
r0797,-0.9766862007705179,0
r0801,0.23164490421942113,0
r0812,-0.7012164914146236,0
r0813,-0.30890237039665946,0
r0826,0.062338671258771086,0
r0829,1,0
r0838,0.06660935960955332,0
r0840,-0.40582988641485923,0
r0841,0.27094401656306283,0
r0845,0.2755359579242269,0
r0853,-0.025106586754404848,0
r0859,1,0
r0860,-0.31208614440936233,0
r0885,1,0
r0892,-1.0199491865738717,0
r0899,0.572033383637624,0
r0907,0.22725793165496205,0
r0913,-0.6733018076525643,0
r0915,-1.0000337069225216,0
r0917,2.0587655090573294,0
r0924,-0.03130721372591491,0
r0926,-0.100401152921615,0
r0927,-1,0
r0934,1,0
r0940,-0.14996639896196098,0
r0942,-0.005622252570334587,0
r0944,28.219032431831252,0
r0946,1.000000002169079,0.3857357515268023
r0950,-0.0544362237793847,0
r0954,-0.20755712364942802,0
r0960,0.9188934912616934,0
r0961,-0.9362763454559038,0
r0962,-0.8728222834009435,0
r0968,0.2755359579242269,0
r0970,-0.6900664421563079,0
r0973,-0.14800855290070505,0
r0987,-0.3960706770134089,0
r0990,1,0
r0994,0.36460852405392985,0
r0995,-1.0331745478823833,0
r0997,1,0
r0998,-0.81458602819656,0
r0999,-0.93639079085263,0
r1000,0.13746762317004002,0
r1002,0.7881055985117782,0
r1003,0.5257567463994777,0
r1005,0.13411107992848867,0
r1006,-0.09425700269514642,0
r1007,-0.6641361986779436,0
r1008,-0.7141919673199724,0
r1011,1,0
r1012,1,0
r1013,1,0
r1014,-0.08391988982108148,0
r1015,0.8774813330122067,0
r1018,1,0
r1019,-0.9848815663557048,0
r1020,0.5019984591440213,0
r1026,0.22520478959325121,0
r1028,-0.7188875459096513,0
r1050,0.015637444473460937,0
r1078,0.20789765451311348,0
r1090,NA,1
r1106,-0.5384190474954613,0
r1117,-1,0
r1134,-0.02384231370392649,0
r1143,-1,0
r1144,-0.4905049910571745,0
r1147,0.18174781378783017,0
r1150,0.5029136168739183,0
r1154,0.8479089680560554,0
r1155,0.25646728379150574,0
r1156,-0.2466372004854657,0
r1163,0.709180108409942,0
r1164,0.23213335300906834,0
r1165,0.13747239464163544,0
r1166,0.09779443951887391,0
r1167,0.6546109407584999,0
r1168,0.40725837432949363,0
r1169,-0.6937380533426228,0
r1170,0.6716651191997636,0
r1171,0.5358533573355793,0
r1172,0.23213335300906834,0
r1174,0.13747239464163544,0
r1175,0.09779443951887391,0
r1177,0.6546109407584999,0
r1179,0.40725837432949363,0
r1181,-0.6937380533426228,0
r1182,0.6716651191997636,0
r1183,0.5358533573355793,0
r1251,0.13747239464163544,0
r1252,0.17111369556534012,0
r1253,0.47395395307393123,0
r1254,0.33523869600718403,0
r1255,0.3844874523313667,0
r1257,0.40725837432949363,0
r1259,0.03451970531278469,0
r1260,0.023857975044746977,0
r1262,0.01902975512204055,0
r1298,0.4306933336118441,0
r1318,0.7881055985117782,0
r1374,0.045577069377170806,0
r1375,0.32740455426292503,0
r1377,0.22001755410610913,0
r1378,0.22001755410610913,0
r1380,0.1132473482453577,0
r1382,0.37356399906282295,0
r1383,0.006692918081212249,0
r1391,NA,1
r1392,NA,1
r1411,-0.2875951155510906,0
r1418,-0.00835167227183355,0
r1427,0.12578780440832074,0
r1428,0.25461447441301227,0
r1429,-0.25461447441301227,0
r1435,-0.26026117874578586,0
r1443,0.1727641917655632,0
r1444,0.5911725381527585,0
r1445,0.6211883327469546,0
r1446,0.17764127021400794,0
r1447,-0.3616835147345044,0
r1448,-0.3811437657061736,0
r1449,0.17343447657108124,0
r1450,0.20932826158507495,0
r1451,0.44426762799418357,0
r1454,0.004858437220122127,0
r1455,0.5633977781380725,0
r1457,-0.04239652922434665,0
r1459,1.111771588206477,0
r1467,-1,0
r1472,-0.23669022993124894,0
r1474,-0.23669022993124894,0
r1477,-0.23669022993124894,0
r1481,0.39669522123446305,0
r1487,0.13746762317004002,0
r1495,0.8010549874115855,0
r1497,-0.7915221712967988,0
r1498,0.2252047895932508,0
r1499,0.8694869125349283,0
r1500,-0.7037823110578929,0
r1501,-0.4842691531833323,0
r1502,0.24152734442161747,0
r1503,0.7446505617830081,0
r1514,0.3952815939238701,0
r1515,0.7418352122450185,0
r1516,0.3923955490316209,0
r1517,-0.10854070297940192,0
r1518,0.346296984992794,0
r1519,-0.058699325933780334,0
r1520,0.40034308942518154,0
r1521,0.2869215172386144,0
r1522,0.19725766163695094,0
r1523,0.47631026520677117,0
r1525,0.8265316479066169,0
r1527,0.008609503299013081,0
r1529,0.21855695458851293,0
r1530,0.018589045954364364,0
r1531,-0.12154222684623725,0
r1532,-0.04548473186195997,0
r1533,0.008823309944169036,0
r1536,-0.07690550875830664,0
r1538,-0.3254400996974554,0
r1540,NA,1
r1544,1,1
r1546,1,0.9999999943970825
r1547,1,1
r1548,NA,1
r1549,1,0.9999999999999738
r1551,1,0.9999999996199687
r1552,NA,1
r1553,1,0.9999999999997281
r1554,1,1
r1556,1,1
r1557,1,0.9992575577574787
r1559,-1,1
r1560,NA,1
r1561,-1,1
r1562,NA,1
r1563,NA,1
r1564,-1,1
r1565,1,1.5616397064377452e-12
r1566,NA,1
r1567,NA,1
r1568,NA,1
r1569,NA,1
r1570,-1,1
r1571,NA,1
r1573,NA,1
r1574,NA,1
r1575,NA,1
r1576,NA,1
r1578,1,0
r1579,NA,1
r1580,NA,1
r1581,NA,1
r1583,NA,1
r1584,NA,1
r1585,NA,1
r1586,NA,1
r1587,NA,1
r1588,NA,1
r1589,NA,1
r1590,1,0
r1591,NA,1
r1592,NA,1
r1593,NA,1
r1594,NA,1
r1595,NA,1
r1596,NA,1
r1597,NA,1
r1598,NA,1
r1599,NA,1
r1600,NA,1
r1602,NA,1
r1603,NA,1
r1604,NA,1
r1605,NA,1
r1606,NA,1
r1607,NA,1
r1608,NA,1
r1609,NA,1
r1610,NA,1
r1611,NA,1
r1612,NA,1
r1613,NA,1
r1614,NA,1
r1615,NA,1
r1616,NA,1
r1617,NA,1
r1618,NA,1
r1619,NA,1
r1620,1,0
r1621,NA,1
r1622,NA,1
r1623,NA,1
r1624,NA,1
r1625,NA,1
r1626,NA,1
r1627,NA,1
r1628,NA,1
r1629,NA,1
r1630,NA,1
r1631,NA,1
r1632,NA,1
r1633,NA,1
r1634,NA,1
r1635,1,0
r1636,NA,1
r1637,NA,1
r1638,NA,1
r1639,NA,1
r1640,NA,1
r1641,NA,1
r1642,-1,2.5202062658991053e-13
r1643,-1,0
r1644,NA,1
r1645,-1,4.444999923691739e-12
r1646,-1,0
r1647,-1,0
r1648,NA,1
r1649,NA,1
r1650,NA,1
r1651,NA,1
r1652,NA,1
r1653,NA,1
r1654,NA,1
r1655,NA,1
r1656,NA,1
r1657,NA,1
r1658,NA,1
r1659,NA,1
r1660,NA,1
r1661,NA,1
r1662,NA,1
r1664,-1,1
r1665,NA,1
r1666,1,1
r1668,NA,1
r1669,-0.9999418887105448,0.9999999999999738
r1670,1,1
r1671,1,1
r1672,0.4942374110468289,0
r1673,-0.6095855995398726,0
r1674,0.4128719350582528,0
r1675,-0.63964987225974,0
r1676,0.3157879325754311,0
r1677,-0.6088680512614145,0
r1678,0.3840967666330031,0
r1679,-0.642953311449491,0
r1680,-0.4512022691431556,0
r1681,0.6002248924127167,0
r1682,-0.5249491015121605,0
r1683,0.6101823277076543,0
r1684,0.15933769310936524,0
r1685,-0.4006731421038173,0
r1686,0.8684959978204944,0
r1687,0.29039365379524407,0
r1690,0.003333693725761987,0
r1691,-0.9113176694848127,0
r1692,-0.9048873377210952,0
r1693,0.9102707928093817,0
r1695,-0.6393938851672337,0
r1696,-0.639744402701697,0
r1698,-0.821955302556465,0
r1700,-0.4746025207503288,0
r1701,0.771836612791049,0
r1702,0.7669835273497495,0
r1705,-0.39703021853702364,0
r1706,0.38824717050714497,0
r1707,-0.3260295897457795,0
r1708,0.5220682523523029,0
r1710,0.3993140973506085,0
r1711,-0.3888118331855236,0
r1713,0.07000058649200673,0
r1715,0.26432410284297314,0
r1716,0.984948912017619,0
r1717,0.3686018841046098,0
r1720,0.8555591584680877,0
r1721,0.004930202151381388,0
r1722,-0.41132428537251564,0
r1723,0.7253076520654899,0
r1725,0.8118282674196732,0
r1726,-0.4230241262807626,0
r1728,0.49505748968950375,0
r1730,-0.18338883748997634,0
r1731,-0.7884969267257226,0
r1732,-0.0470027903614754,0
r1733,0.3735773960587181,0
r1734,0.941513463259079,0
r1735,0.22296977462668574,0
r1736,-0.3219696052631049,0
r1737,0.7989278156703363,0
r1738,-0.3792703974269078,0
r1739,0.24808144783635533,0
r1740,0.8541428818391572,0
r1741,0.2961241628122434,0
r1742,-0.057558466545535744,0
r1743,0.3166936876502654,0
r1744,-0.3233808336261979,0
r1745,0.9254306889550579,0
r1746,0.950758942963101,0
r1747,-0.8564747664702625,0
r1748,-0.7352071980711549,0
r1749,0.04082443575985595,0
r1750,0.2670271444602004,0
r1751,-0.9041394505336466,0
r1752,-0.3499713379398656,0
r1753,0.8925352304081416,0
r1754,-0.9886526167613484,0
r1755,-0.905618141994677,0
r1756,0.291307545001817,0
r1757,0.8644191151889405,0
r1758,0.44070728551240446,0
r1759,-0.4752773541926678,0
r1760,-0.046570614020480246,0
r1761,0.6826275184782077,0
r1762,-0.8367573670208923,0
r1763,0.03267944853194281,0
r1764,-0.5728874734607092,0
r1765,0.39883574583051773,0
r1766,0.6140368888247716,0
r1767,0.4699198390986213,0
r1768,0.2843324293086669,0
r1769,-0.8151678053312891,0
r1770,0.26875763178038165,0
r1771,0.48367689635976296,0
r1772,-0.13305957898661264,0
r1773,0.6020317525605376,0
r1774,-0.219264964834143,0
r1775,0.903559637630669,0
r1776,0.7940959904907415,0
r1777,-0.8738252131981141,0
r1778,0.6893096729601462,0
r1779,0.6799660919946501,0
r1780,-0.35907005106096523,0
r1781,0.6261534253974869,0
r1782,-0.9293308905120949,0
r1783,0.8095021149670776,0
r1784,0.5415602833043208,0
r1785,-0.22386322802346184,0
r1786,0.9009192215441332,0
r1787,-0.2037758719060304,0
r1788,-0.9353637364360897,0
r1789,0.6901754142108213,0
r1790,-0.8016202740655113,0
r1791,-0.20042128288207384,0
r1792,-0.23835757061102378,0
r1796,0.926538612653855,0
r1797,0.005708988846188154,0
r1798,0.7604656217837477,0
r1799,0.02314801954327928,0
r1800,-0.9156998558856728,0
r1801,0.18007651077962242,0
r1803,0.5192969600877728,0
r1805,0.2622611759140579,0
r1806,0.2244045288413925,0
r1807,-0.9997775026684733,0
r1808,-0.9989447304945047,0
r1809,-0.9999953795306374,0
r1810,-0.9999979049931307,0
r1811,-0.998252178820749,0
r1812,-0.9999345051836497,0
r1813,-0.9999924532249828,0
r1814,-0.9997322865223056,0
r1815,-0.9999929210013162,0
r1816,-0.9994226990713057,0
r1817,-0.9996730497345393,0
r1818,-0.9999475040348141,0
r1819,-0.9728825679537265,0
r1820,-0.9998308700827846,0
r1821,-0.9827089792096435,0
r1822,0.9013224390461281,0
r1823,0.3424776598129106,0
r1824,0.04886940926919948,0
r1825,-0.40183011735177565,0
r1826,0.3767526379281849,0
r1827,-0.2568664845411129,0
r1828,-0.7179192954766139,0
r1829,-0.0755013362984035,0
r1830,0.8561715468902187,0
r1831,-0.5517531926743202,0
r1832,-0.4713142560973206,0
r1833,0.017808490726006328,0
r1834,0.48912897015244605,0
r1835,0.8722505127472375,0
r1836,0.6438234364873625,0
r1837,0.560886858622361,0
r1841,-0.6038174586700272,0
r1842,0.22122872018415057,0
r1843,-0.3921716882757526,0
r1844,-0.27263278992001727,0
r1846,-0.5844576226030674,0
r1847,0.7105385984510002,0
r1848,0.46613666553951094,0
r1850,0.211999120830449,0
r1851,-0.793666700694876,0
r1852,0.05328606333308727,0
r1853,-0.5403213495647017,0
r1854,0.9407090838503599,0
r1855,0.8208501642718389,0
r1856,0.8309560891642418,0
r1857,-0.0992020717207738,0
r1858,0.9083850067619967,0
r1859,-0.9433029359644866,0
r1860,0.4525049660207515,0
r1861,-0.20770720270617218,0
r1862,-0.4105949275933801,0
r1863,-0.1987456938876868,0
r1864,-0.8279168532386563,0
r1865,0.007471415332650488,0
r1866,-0.7665988257657943,0
r1867,-0.1296365042620377,0
r1871,0.9729009106765137,0
r1872,0.16446339400640278,0
r1873,-0.48810105940362186,0
r1874,-0.6685888516264042,0
r1876,0.21732596126147116,0
r1877,-0.45685838497344017,0
r1879,0.9585440623549963,0
r1880,0.4149833985525958,0
r1881,-0.9792140176729095,0
r1882,0.7779108555730886,0
r1883,-0.2109666826599421,0
r1884,0.9772643442948308,0
r1885,-0.3531844776050142,0
r1886,0.8674370691963066,0
r1887,0.10945226623026696,0
r1888,0.029424600374592956,0
r1889,-0.5847782565995754,0
r1890,0.25376823876981797,0
r1891,0.44884292246231505,0
r1892,0.629216079579884,0
r1893,0.287340137322712,0
r1894,-0.27783554594772847,0
r1895,-0.19932822811170167,0
r1896,0.20657343619689214,0
r1897,0.7952331407092718,0
r1898,-0.5091534306846923,0
r1899,-0.28752908679772887,0
r1900,0.0770174070746577,0
r1901,0.8759240784792738,0
r1902,-0.2868609235156802,0
r1903,-0.06437846723526575,0
r1904,-0.3229330343408084,0
r1905,0.5145726462821486,0
r1906,0.7082671035751594,0
r1907,0.2078089111870224,0
r1908,-0.23466784954230924,0
r1909,-0.22264242253198357,0
r1910,-0.848606702124783,0
r1911,0.4038829691849902,0
r1912,1,0
r1913,0.795705839336921,0
r1914,-0.9851496390477702,0.9887696399958092
r1915,-0.17903962614003777,0
r1916,0.9999997703874217,0
r1917,1,0.8533628500012153
r1918,0.3262466119323403,0
r1919,-1,0.0020886176974925785
r1920,-0.08563718659828995,0.10027098640812004
r1921,0.9999999870472266,0
r1922,1,0.28095995364725856
r1923,0.9130520856918253,0
r1924,-0.9999639116130649,3.430589146091734e-14
r1925,0.3092787037013236,0.1865108009526556
r1926,0.9999996849637698,3.8413716652030416e-14
r1928,0.8116479696112632,0
r1929,-0.9998855293903204,0
r1930,0.10541498951867104,0
r1931,0.9999999966815328,0
r1932,1,0.9999999984473757
r1933,0.13402080140175096,0
r1934,-0.9999858686389244,1.4267334813289345e-4
r1935,-0.07874277621718506,0.07832308504800756
r1936,0.9999996824159424,0
r1937,1,0.9212584163474415
r1938,0.9757553079512652,0
r1939,-1,1
r1940,0.40672915118991015,0.36672644388482334
r1941,0.9999999953192164,7.414208136324874e-10
r1942,1,0.699374199935276
r1943,0.7783469130219219,0
r1944,-0.999673175429188,0.8020558507255781
r1945,-0.34581075334978245,1.2108564595436633e-8
r1946,0.9999999966826489,0
r1947,1,0.9968699586506038
r1948,0.7873921771509085,0
r1949,-1,7.221464260687149e-6
r1950,0.04745894796758699,0.9999982209908774
r1951,0.9999998764565411,8.31663510492131e-6
r1952,1,0.8127482964179291
r1953,0.5093696430646816,0
r1954,-1,1.6137933932824922e-4
r1955,-0.19173985922534392,0.016523802143754818
r1956,0.9999998290299722,0
r1957,1,1
r1958,-0.9994078359856432,0
r1959,-1,0.02330809853328797
r1960,-1,0
r1961,-1,0.02871155057771224
r1962,1,1.2793380954612132e-7
r1963,0.41865130624898234,0
r1964,-0.9974680047283745,0.9813767772294375
r1965,-0.0947028492736564,0.06771201562313311
r1966,0.9999999348473663,0
r1967,1,0.06525924453159848
r1968,-0.10777701952281887,0
r1969,-0.9898496426330552,1
r1970,0.911187558308152,1.3877787807814457e-14
r1971,0.999999631639221,6.09962884645654e-8
r1972,1,0.9670684917555936
r1973,-0.49845220853176414,0
r1974,-1,4.829470157119431e-13
r1975,-0.8016510336827805,0
r1976,0.999999560755791,0
r1977,1,1.5049246515630443e-7
r1978,0.5813767966674471,0
r1979,-0.9993136099397041,1
r1980,0.7448289617551167,1.5705532208087902e-8
r1981,0.999999996436256,0
r1982,1,0.7229131195291536
r1983,-0.02521138890664425,0
r1984,-0.998746559139907,0.9999928936505929
r1985,0.28780963143639804,6.994405055138486e-15
r1986,0.999999733313626,0
r1987,1,0.9626216458220573
r1988,0.6233331111455984,0
r1989,-1,1
r1990,0.4654287632683184,0.020517975996959148
r1991,0.999999742610545,0
r1992,-0.891625263050453,0
r1993,-0.45794223173266296,0
r1994,0.10961032910800164,0
r1995,-0.7712894529873153,1.2212453270876722e-15
r1996,-0.4842023549461265,0
r1997,-0.7442103851734431,0.7911789679515764
r1998,-0.786738636541975,0
r1999,-0.28987741809226036,1.7688733733312034e-7
r2000,-0.5380607863818538,2.2674542774492323e-6
r2001,0.9220731085469278,0
r2002,-0.7322532670022384,5.612116515951726e-8
r2003,-0.7168777399694634,0
r2004,0.7607858911089457,0
r2005,-0.841840833239874,1.305622276959184e-13
r2006,0.16161731975632607,0
r2007,-0.7264389988526203,0
r2008,NA,1
r2009,NA,1
r2010,NA,1
r2011,NA,1
r2012,NA,1
r2013,NA,1
r2014,NA,1
r2015,NA,1
r2016,NA,1
r2017,1,0
r2018,NA,1
r2019,NA,1
r2020,NA,1
r2021,NA,1
r2022,NA,1
r2023,1,1
r2024,0.039097165665059296,0
r2026,0.6286301174806472,0
r2027,0.7755908051991623,0
r2028,0.8300472231727806,0
r2029,0.7119965387599911,0.0027074370707644846
r2030,0.32763455252644474,0
r2031,0.6994227340810902,0
r2032,0.9604759871788844,0
r2034,0.6313107839229614,1.4577228313328305e-13
r2035,0.9831415601691658,0
r2036,0.923529598001457,0
r2037,0.9272906287706572,0
r2038,-0.5559715940158135,0
r2039,0.5920826200453078,0
r2040,NA,1
r2041,1,0.9999999469178629
r2042,1,1
r2043,NA,1
r2044,1,1
r2045,NA,1
r2046,1,1
r2047,NA,1
r2048,1,1
r2049,1,0
r2050,1,1
r2051,0.9999505772920342,1
r2052,1,1
r2053,NA,1
r2054,1,1
r2055,1,0.9999999999997281
r2056,-0.9910656811432302,0.0028499528681386055
r2057,0.4839174333715451,1.120170622925798e-11
r2058,0.9994975370189507,0.22343071964158767
r2059,0.9947420145598899,1.7158139124129335e-4
r2060,0.9994641964841787,1.5545290616647556e-5
r2061,-1,1
r2062,0.998595301020832,0
r2063,0.9997061791204013,0.0042652570546004576
r2064,0.993548651803996,0.04823034729564779
r2065,0.9999999928625658,0
r2066,0.8605702129429005,0.03380124486439107
r2067,0.9970369519687498,0
r2068,0.9999537451761231,1
r2069,0.6194581251201943,0.11890111541894022
r2070,0.9996909827877,0.1149632378245683
r2071,0.9998278202908907,1.1690648449302898e-13
r2073,NA,1
r2079,1,0
r2080,-0.8330976066535926,8.646655904254175e-5
r2081,0.2339343937664175,0
r2082,1.0017063872992573,0
r2083,0.6526257398916211,0
r2084,-1,0.9999764961828577
r2085,1.2436511410545454,0.03966601033199424
r2086,-1.0000002877147396,0.9749003264660603
r2087,-0.996722469162115,0
r2088,-1,1
r2089,-0.14668516939225054,0.9999999999997281
r2090,-0.8663560186066025,0
r2091,-0.9266037770317466,0
r2092,1,1
r2093,-1,3.349271405772569e-7
r2094,0.5859050707307865,0
r2095,-1,1
r2096,-1.0000002223575444,9.834410906810476e-4
r2097,-0.8595734580322274,0.9960120762325497
r2098,-0.6266338749738526,0
r2099,0.8779230864671119,0
r2100,-1.0579967915710773,0.5115845200421552
r2101,1.4030067901312278,0
r2102,-0.23606858199438593,0
r2103,-1.00626572421007,0.08413544941169493
r2104,-0.6747367558628299,0.9949836431869407
r2105,-1,0
r2106,1,1.5543122344752192e-15
r2107,-1.0117108404189417,0.9999928936505929
r2108,-2.04842565992156,0
r2109,-0.8710454936633342,4.70515040007502e-6
r2110,-1,1
r2111,-1,2.4681960817296567e-4
r2112,1,0
r2113,0.31494729526213117,0
r2114,-4.890416215406713,0
r2115,NA,1
r2116,-0.1010714049209543,0
r2117,0.8716536406166886,0
r2118,0.9878820536230085,1
r2119,0.1852476440775401,0
r2120,1,0
r2121,0.9638122064139495,0
r2122,1.000000313566919,8.802955808805413e-4
r2123,-1,1
r2124,-1.0000000098682205,0
r2125,0.6642146174670753,0
r2126,-1.2328486928145854,0
r2127,0.5131874071296446,0.9999999996199687
r2128,1.0000684052648752,0
r2129,-1,1
r2130,0.47659273386119366,0
r2131,-1.0977118935135632,0
r2132,-1.0834283539440208,0
r2133,1.0132175114176225,0
r2136,NA,1
r2139,-0.9604910632621442,0
r2140,-0.21988298735784392,0
r2141,1.0074569233942405,6.142197861436216e-11
r2142,-0.583927868010053,0
r2143,1.0628173366846034,0
r2144,-0.9291859316258494,0
r2145,-0.0068074136279230955,0
r2146,0.508166921504247,0
r2147,-0.19885243629336177,0
r2148,0.9276286155227618,0
r2149,0.7323566823546627,0
r2150,0.037753206280328605,0
r2151,0.7424751870297235,0
r2152,-0.15648988799239363,0
r2153,0.3698609646915994,0
r2154,1,1
r2155,1,1
r2156,1,1
r2157,0.8553159143636915,0
r2158,0.5879009126469628,0
r2159,-0.35002792800468757,0
r2160,NA,1
r2161,NA,1
r2162,NA,1
r2163,0.4692251254389252,0.9996332921577278
r2164,-0.7936944275812153,0.8127482964179291
r2165,-0.6212490232188522,0.9998350263618823
r2166,0.9999999857979355,0
r2167,0.9999998650183535,0
r2168,0.9999999311780196,0
r2169,NA,1
r2170,NA,1
r2171,NA,1
r2172,1,0.8533628500012153
r2173,1,0.42553069290732737
r2174,1,0.9411813706744824
r2175,0.4954209230362016,0
r2176,-0.17096187982986466,0
r2177,-0.1958803992660474,0
r2178,-0.6453226319309562,0
r2179,-0.5242264975315225,0
r2180,0.037927893731287854,0
r2181,-0.9942599239906055,0
r2182,0.15376979300771637,0
r2183,-0.2610436748002476,0
r2184,-0.7122047726596284,0.6517935078494413
r2185,-0.8378584637060082,0.2888331776623144
r2186,-0.8074467733221605,0.11890111541894022
r2187,0.9999133701542724,0.9999999999191685
r2188,0.9999748880785335,0.9999928936505929
r2189,0.9987430387622658,0.9999999999999981
r2190,-0.6576774550595206,0.9999999999977844
r2191,-0.905922811769947,0.9923358960893777
r2192,-0.8980546182252548,0.5457204390668817
r2193,0.951412622753507,0
r2194,-0.24140853257604716,0
r2195,-0.36016329308154377,0
r2196,0.8922737675286759,0
r2197,-1.1221844558184184,0
r2198,-0.07849391824808474,0
r2199,0.8259349356734655,0
r2200,-1.0354909713451719,0
r2201,-0.5963092572794687,0
r2202,0.20255502231624922,0
r2203,NA,1
r2204,NA,1
r2205,NA,1
r2206,1,1
r2207,1,1
r2208,1,1
r2209,-0.9672378320524027,0.4893400484717726
r2210,-0.8032880632255345,0.8898134580348626
r2211,0.9950335375063007,0.8811403393762163
r2212,-0.3605242466791778,1.683807736463372e-6
r2213,-0.9192670160990802,3.6116665214080967e-12
r2214,-0.9801000138836424,2.64133159788571e-12
r2215,0.661503649940842,0
r2216,0.4591485662959936,0
r2217,0.2781543212087492,0
r2218,-0.5184860688832219,0
r2219,-0.22703304304945338,0
r2220,-0.19956466259217526,0
r2221,NA,1
r2222,NA,1
r2223,NA,1
r2224,NA,1
r2225,NA,1
r2226,NA,1
r2227,-0.9518311670795737,0
r2228,-0.9869545672913155,0
r2229,-0.9988614659053402,0
r2230,-0.2775301542320062,0.7461387505150421
r2231,0.22489243498597017,0.7461387505150421
r2232,0.782975353538189,0.14028231998179874
r2233,1,0
r2234,1,0
r2235,0.9999692468863332,0
r2236,NA,1
r2237,NA,1
r2238,NA,1
r2239,-1,0
r2240,-1,0
r2241,-1,0
r2242,0.9999945233235878,0
r2243,0.9959527478057177,0
r2244,0.9999998967649284,3.6892674804001047e-8
r2245,NA,1
r2246,NA,1
r2247,NA,1
r2248,NA,1
r2249,NA,1
r2250,NA,1
r2251,0.999999998520309,0
r2252,0.9999999999073466,0
r2253,0.9999999997486521,0
r2254,0.48699193687880854,0
r2255,0.25407215326447724,4.594284397363424e-9
r2256,0.6735672070297726,0
r2257,-0.46381164141686665,7.505107646466058e-14
r2258,-0.8520726209429956,3.430589146091734e-14
r2259,-0.8917031210777341,0
r2260,0.999999608391567,0
r2261,0.9999993893269277,0
r2262,0.9999997827782027,0
r2263,-0.32284805389239385,0
r2264,-0.9711547188549389,0
r2265,0.2416217996581396,0
r2266,NA,1
r2267,NA,1
r2268,NA,1
r2269,-0.1097716662435113,0
r2270,0.7409482570957471,0
r2271,0.3165728114657492,0
r2272,-1,0.8127482964179291
r2273,-1,0.699374199935276
r2274,-1,0.7801332966662007
r2275,0.5898650372705359,0
r2276,0.5969110538274712,1.3207872018305977e-8
r2277,0.7499327819673769,0
r2278,-0.9568532178651833,0.013846079552076729
r2279,-0.9568034418353208,0.006611446224942474
r2280,-0.9481881948847546,0.001690970220097232
r2281,1,0
r2282,1,0
r2283,1,0
r2284,-0.9999639598189914,0
r2285,-0.9999989093496819,0
r2286,-0.9999985464313894,0
r2287,NA,1
r2288,NA,1
r2289,NA,1
r2290,-1,0
r2291,-1,0
r2292,-1,0
r2293,-0.4893430254801748,2.0420876563398416e-5
r2294,-0.8642739601177907,5.360958755806777e-7
r2295,-0.8514543360035635,0.026430011182181135
r2296,0.8992154955741267,0
r2297,0.8098627668943273,0
r2298,0.9112127826475012,0
r2299,NA,1
r2300,NA,1
r2301,NA,1
r2302,0.26443296452337933,0
r2303,-0.776912975853896,0
r2304,-0.7935227915407185,0
r2305,-0.908333016917753,0
r2306,-0.9979047429750217,0
r2307,1,0
r2308,0.9630106983359651,1
r2309,1,1
r2310,1,1
r2311,-0.6188709084034091,0.9670684917555936
r2312,1,0.9999999984473757
r2313,1.017451912046976,0
r2314,1.44448515480785,0
r2315,-0.9104002519362095,0
r2316,-1.0000000009033438,0
r2317,-0.44846800991473756,0
r2318,1.0162250343060288,0
r2319,0.46955311935118077,0
r2320,0.14397537179811631,0
r2321,1.6083744894151706,0
r2322,0.5082068793368615,0
r2323,1.0430215764356487,0
r2324,-0.9852004232000635,0
r2325,0.3555373300880821,0
r2326,-0.6847336621898336,0
r2327,-0.22744925005522804,0
r2328,-1.0013648733643692,0
r2329,-0.09377690327650896,0
r2330,-0.7429750139537201,0
r2331,-0.9999970001411053,0
r2332,-0.5618058674685797,0
r2333,-0.9317177407495537,0
r2334,-0.6320593914364507,0
r2335,0.9999999374673562,0
r2338,-0.5553142379941689,0
r2341,-0.99705825878816,0
r2342,0.99248578539578,0
r2343,-1.0495890618839956,0
r2344,11.440154040616267,0
r2346,1.0616669405819075,0
r2347,1.0000000000005196,0
r2352,-0.5911806444185993,0
r2353,0.9970275208273462,0
r2354,-0.46955307836911436,0
r2355,0.005380669259967475,0
r2356,-1.0785790406431963,0
r2357,0.9853526208949548,0
r2358,0.1501024050508841,0
r2359,2.3580490954991267,0
r2360,-0.35553746376396583,0
r2361,0.8638332079972021,0
r2362,0.22744914976399785,0
r2363,1.108605932807994,0
r2364,0.06341307635304591,0
r2365,0.742975058712027,0
r2366,0.56180577101697,0
r2367,0.9317177412193963,0
r2368,0.6320595809368358,0
r2369,-1.0000001262856906,0
r2370,NA,1
r2371,-0.0542829780608096,0.14491126273853017
r2372,1.0393497222419765,0
r2373,0.10308085576910063,0
r2374,-1.1593156722780984,0
r2375,-0.8635095887520169,0
r2376,2.09387374333169,0
r2377,-0.7018170119156739,0
r2378,-0.35681022960259723,0
r2379,0.1561218291054274,0
r2380,-0.9160006069469211,0
r2381,-0.9670324338111422,0
r2382,0.4407186488054043,0
r2384,0.6189155611716707,0
r2385,-0.9293015802337207,0
r2386,0.32317551909027603,0
r2387,-0.9776851901624662,0
r2388,-0.6771579600070238,0
r2389,-0.9809252141308871,0
r2390,0.044771675226880005,0
r2391,-0.9009951594129989,0
r2392,0.0683472715789643,0
r2393,1,0
r2394,0.03745933818200729,0.9865950232449802
r2395,-0.2633068149029858,0
r2396,0.04469659202011853,0
r2397,-0.34590842100824654,0
r2398,-0.4235501800862167,0
r2399,0.6520250489076752,0
r2400,-0.7021633006292288,0
r2401,-0.9396427320183378,0
r2402,0.22150129369876537,0
r2403,0.39985827484078523,0
r2404,-0.49203317789030854,0
r2405,0.23917425841062442,0
r2406,0.2790746464382828,0
r2407,0.09621521057839587,0
r2408,0.08058882891162968,0
r2409,-0.827395405828414,0
r2410,-0.7326630612176432,0
r2411,-0.04960958255642786,0
r2412,0.41392404577097286,0
r2413,-0.15765881434212065,0
r2416,-0.5105060682384247,0
r2433,1,0
r2436,-1,0
r2437,-1,0
r2438,1,0
r2439,-0.18516401755918208,0
r2465,NA,1
r2471,NA,1
r2472,-0.6827139311445948,0
r2473,-0.35094918925792856,0
r2482,-0.008535406699264355,0
r2483,0.6365582600336321,0
r2484,0.7758938129246019,0
r2485,0.14011659919924602,0
r2486,0.32458644678350196,0
r2487,0.13272537728654588,0
r2488,-0.4726264265029522,0
r2489,0.024244975798881557,0
r2490,-0.2648466582312078,0
r2491,0.3693417514135285,0
r2492,-0.3266230458635007,0
r2493,0.9306541496428685,0
r2494,-0.31549721989631935,0
r2495,0.035104559985069436,0
r2496,0.6800316971976224,0
r2497,-0.5830782726785079,0
r2498,0.24907687795136146,0
r2499,0.8816991588459036,0
r2501,0.8681481614993215,0
r2502,0.08278942345824955,0
r2503,0.38742372949413356,0
r2505,0.0990878030524692,0
r2506,-0.9188934912616934,0
r2508,-0.47735740543621197,0
r2509,-1.266879502927617,0
r2510,0.5026687954417299,0
r2512,0.6635556090186746,0
r2514,0.13746762317004002,0
r2516,0.23840465179389927,0
r2517,-0.07564611791346834,0
r2518,0.7656557531999398,0
r2520,0.5689675499630017,0
r2525,-0.12895351537075408,0
r2526,-0.9470399266814693,0
r2532,-0.9830902850800313,0
r2534,-0.03595483416981951,0
r2535,0.2951765012936105,0
r2537,1.0694268628389034,0
r2538,0.8224196479482113,0
EX_sprm[e],-0.29351786800729246,0
RE0383C,0.9714429573513975,0
RE0453C,1,0
RE0453M,0.47101526078500344,0
RE0453N,-1.0449554769572074,0
RE0456N,-0.9623972912573607,0
RE0512M,0.20644283364989954,0
RE0512X,-0.69738222562702,0
RE0565C,0.7390675215878171,0
RE0566C,0.7390675215878171,0
RE0567C,0.7390675215878171,0
RE0568C,0.7390675215878171,0
RE0569C,0.4040178615117576,0
RE0569E,-0.12508079632749353,0
RE0570C,0.4040178615117576,0
RE0571C,0.4040178615117576,0
RE0574C,0.25096479872168254,0
RE0575C,0.25096479872168254,0
RE0576C,0.25096479872168254,0
RE0577C,0.6555147748627226,0
RE0578C,0.4170317823723643,0
RE0581C,0.7858851436247903,0
RE0583C,-1.6055997702725122,0
RE0688E,0.6776899120972288,0
RE0689E,0.8992032118662587,0
RE0690E,0.8992032118662587,0
RE0827E,0.6776899120972288,0
RE0828E,0.6102614030663612,0
RE0830C,0.1424754263120921,0
RE0908C,0.03562818690463575,0
RE0912C,0.03562818690463575,0
RE0915C,0.332607022079096,0
RE0916C,0.39813994319663726,0
RE0918C,0.21513861124310882,0
RE0936E,-0.02771567927550269,0
RE0937E,-0.36709828551966595,0
RE0938E,-0.23523519860005537,0
RE1099C,0.11944666514840313,0
RE1100C,0.930708562790361,0
RE1100R,0.0906359142738758,0
RE1135C,-0.9204948140277315,0
RE1135R,0.9201915824403291,0
RE1233C,0.9915429779895313,0
RE1234C,-0.11635059548840243,0
RE1235C,0.24841083619533436,0
RE1303C,0.08963716529974948,0
RE1441R,0.4634913466248402,0
RE1447M,0.45107934637183766,0
RE1447N,-1,0
RE1448N,-0.9521942210108189,0
RE1448R,0.4634913466248402,0
RE1516M,0.20644283364989865,0
RE1516X,-0.6973822256270017,0
RE1517M,0.20644283364989865,0
RE1517X,-0.6973822256270017,0
RE1518M,-0.002220688285969208,0
RE1518X,-0.4561742180662656,0
RE1519X,0.5894695325062768,0
RE1520M,0.4114129642376771,0
RE1520X,-0.4561742180662656,0
RE1521M,0.44692319946327896,0
RE1521X,-0.4561742180662656,0
RE1522M,0.4114129642376771,0
RE1522X,-0.4561742180662656,0
RE1523M,0.20644283364989865,0
RE1523X,-0.6973822256270017,0
RE1525M,0.4114129642376771,0
RE1525X,-0.4561742180662656,0
RE1526M,0.44692319946327896,0
RE1526X,-0.4561742180662656,0
RE1527M,0.4114129642376771,0
RE1527X,-0.4561742180662656,0
RE1530M,0.24795833572727938,0
RE1531M,0.20644283364989865,0
RE1531X,-0.69738222562702,0
RE1532M,0.4114129642376771,0
RE1532X,-0.4561742180662656,0
RE1533M,0.44692319946327896,0
RE1533X,-0.4561742180662656,0
RE1534M,0.4114129642376771,0
RE1534X,-0.4561742180662656,0
RE1573M,0.44692319946210757,0
RE1573X,-0.4561742180662656,0
RE1691M,0.13118537771536176,0
RE1711C,0.29193834016860565,0
RE1796M,0.052625507655972514,0
RE1796R,0.14828458311786655,0
RE1804M,0.13717098208545417,0
RE1807M,-0.06775420359472058,0
RE1810M,-0.4421235377641321,0
RE1834M,0.474944538345694,0
RE1834X,1,0
RE1835C,1,0
RE1836X,-0.2745027639252111,0
RE1845C,0.735031588846395,0
RE1845X,0.9872727847142462,0
RE1846C,0.24851260008629172,0
RE1860E,0.48799558161114126,0
RE1916C,0.5635686809298555,0
RE1918C,0.3236635711423376,0
RE1957R,0.09324191679476071,0
RE2080C,0.1771646474607631,0
RE2111M,0.3154353530909851,0
RE2112C,-3.341169012363685e-4,0
RE2112R,-0.7142264132937338,0
RE2147C,0.8151598124623146,0
RE2235R,0.4443148574540534,0
RE2269E,0.749388144350307,0
RE2270E,-1.7812968902524249,0
RE2273E,-0.08583195955293711,0
RE2296C,0.5628876236138569,0
RE2304E,0.18958814181038633,0
RE2346C,0.03415980533423069,0
RE2349C,-1,0
RE2404C,0.598277903819767,0
RE2405C,0.5260370065391761,0
RE2407C,0.28835346501474335,0
RE2410C,0.08468925521238638,0
RE2426C,-0.11244003390289334,0
RE2427M,0.7822301497797265,0
RE2428M,0.37163641426135485,0
RE2429M,-0.2954823635334321,0
RE2445E,0.7227864281670694,0
RE2526C,-0.5556784289746902,0
RE2541C,0.5260370065391761,0
RE2541E,-55.98487526927272,0
RE2562C,0.5577565574723482,0
RE2624M,0.08000175829534661,0
RE2624X,-0.5330460333439806,0
RE2625C,0.5171202537758134,0
RE2625M,-0.8935426686634128,0
RE2626C,-1,0
RE2626M,0.07990487990729317,0
RE2635C,0.24851260008629172,0
RE2636R,0.5536143524840624,0
RE2637C,0.1588224163650257,0
RE2637X,0.49410497771152245,0
RE2638C,-0.22186297933239546,0
RE2640C,-0.125122847426895,0
RE2649C,1,0
RE2649M,0.03905098283937942,0
RE2659R,0.26272614160613267,0
RE2666C,0.13186060118485493,0
RE2677C,0.3626415984943079,0
RE2677R,-0.18880191676105168,0
RE2717L,0.1243289827710811,0
RE2759X,-0.6128780483855503,0
RE2766C,-0.7860500542314373,0
RE2888C,0.07917689808332164,0
RE2912M,0.23333062451140948,0
RE2954C,0.4419046474396403,0
RE2972M,0.45107934637183766,0
RE2973N,0.951857110625609,0
RE2985M,-0.7089797781366817,0
RE2985X,-0.0661193652018537,0
RE2986X,-0.0661193652018537,0
RE2987X,-0.0661193652018537,0
RE2988X,-0.0661193652018537,0
RE2989X,-0.06659625636215324,0
RE2990X,-0.06659625636215324,0
RE2991X,-0.06659625636215324,0
RE2992M,0.6317255957946771,0
RE2992X,-0.06659625636215324,0
RE2993X,-0.06659625636215324,0
RE2994X,-0.06659625636215324,0
RE2996X,-0.0661193652018537,0
RE2997X,-0.06659625636215324,0
RE2998M,0.024637306445353096,0
RE2999M,0.36753861836464063,0
RE3000M,0.36753861836464063,0
RE3001M,0.36753861836464063,0
RE3002X,0.0661193652018537,0
RE3003M,-0.36753861836464063,0
RE3004M,0.36753861836464063,0
RE3005M,0.36753861836464063,0
RE3006M,0.36753861836464063,0
RE3009C,0.3288203174680002,0
RE3010C,-0.2756360006365614,0
RE3011M,0.11146760851655567,0
RE3011R,1,0
RE3012C,0.8055385535668615,0
RE3012M,0.11146760851655567,0
RE3012R,0.20836788074256798,0
RE3033C,1,0
RE3038C,-3.5968605196765346,0
RE3040C,2.8601173545199634,0
RE3051C,0.80825305009053106,0
RE3074X,0.4153323192434268,0
RE3079X,1,0
RE3081X,0.6281374768570552,0
RE3082X,0.6281374768570552,0
RE3086X,0.6281374768570552,0
RE3095C,-0.35271768096583056,0
RE3103C,0.5819387105176427,0
RE3104C,0.5819387105176427,0
RE3106C,0.38033732256766206,0
RE3110C,0.38033732256766206,0
RE3112C,0.38033732256766206,0
RE3113C,0.38033732256766206,0
RE3114R,-0.06569414904950806,0
RE3119C,0.405112489819424,0
RE3120C,0.40511248981942594,0
RE3121C,0.405112489819424,0
RE3122C,0.405112489819424,0
RE3132R,0.13645635048424629,0
RE3134C,1,0
RE3136C,0.28835346501474335,0
RE3146R,0.2849074527842718,0
RE3151C,0.5627890894492635,0
RE3152C,0.5627890894492635,0
RE3153C,0.5627890894492635,0
RE3154C,0.5207608287100137,0
RE3156X,0.3523230569907494,0
RE3157X,0.3523230569907494,0
RE3158X,0.3523230569907494,0
RE3159X,0.3523230569907494,0
RE3160R,0.6029141488594629,0
RE3161C,0.759426619357414,0
RE3162C,0.759426619357414,0
RE3163C,0.759426619357414,0
RE3165C,0.23275689195037666,0
RE3166C,0.23275689195037666,0
RE3167C,0.23275689195037666,0
RE3168C,0.23275689195037666,0
RE3169C,0.4568314095137664,0
RE3170C,0.4568314095137664,0
RE3171C,0.4568314095137664,0
RE3172C,0.4568314095137664,0
RE3173C,0.4743711294480002,0
RE3174C,0.40539210326513153,0
RE3175C,0.40539210326513153,0
RE3176C,0.4743711294480002,0
RE3177M,0.7079888624988988,0
RE3178M,0.7079888624988988,0
RE3179M,0.7079888624988988,0
RE3180C,1,0
RE3181C,-1,0
RE3185M,0.7079888624988988,0
RE3186M,0.7079888624988988,0
RE3189M,0.7079888624988988,0
RE3190M,0.7079888624988988,0
RE3191M,0.7079888624988988,0
RE3192M,0.7079888624988988,0
RE3193M,0.7079888624988988,0
RE3194M,0.7079888624988988,0
RE3195M,-0.7079888624988988,0
RE3218C,-1.035795162977426,0
RE3220C,0.133194124149274,0
RE3224C,0.6011435298424359,0
RE3225C,0.6157891292367658,0
RE3226C,0.6421096836033521,0
RE3227C,0.6011435298424359,0
RE3228C,0.6011435298424359,0
RE3229C,0.6011435298424359,0
RE3230C,0.6157891292367658,0
RE3231C,0.6157891292367658,0
RE3232C,0.6157891292367658,0
RE3234C,0.6421096836033521,0
RE3235C,0.6421096836033521,0
RE3236C,0.6421096836033521,0
RE3237C,5.193045329835,0
RE3241C,0.6203177147004658,0
RE3242C,0.6203177147004658,0
RE3243C,0.6203177147004658,0
RE3244C,0.6203177147004658,0
RE3245C,1,0
RE3247M,-0.08000175829119736,0
RE3247X,0.5330460333438366,0
RE3251M,0.42134303194329814,0
RE3258C,0.28010300194995663,0
RE3259C,0.23287281141786625,0
RE3268R,0.09324191679476071,0
RE3269C,-0.4192257817144173,0
RE3272N,-0.1118656733404166,0
RE3273C,-1.3884675706927485,0
RE3273R,-0.062338671258771086,0
RE3301C,0.433199311296556,0
RE3307C,-0.2174467086063397,0
RE3346C,-1.06013485562752,0
RE3346M,0.07978039294339981,0
RE3367E,0.6102614030663612,0
RE3381C,0.598277903819767,0
RE3381E,-0.7696462051761378,0
RE3411C,0.03415980533423069,0
RE3413C,-0.034159805345583084,0
RE3417C,0.03415980533423069,0
RE3420C,-0.034159805336327675,0
RE3430C,-0.2756360006365614,0
RE3430M,0.2756360006365614,0
RE3431C,-0.33182435793898835,0
RE3432C,-0.33182435793898835,0
RE3432M,0.2756360006365614,0
RE3470C,-0.5666684624997522,0
RE3475C,0.471628207909575,0
RE3476C,0.35278861868683714,0
RE3485C,-0.014374509883582841,0
RE3488R,0.8042293387079891,0
RE3493C,-0.014374509883583183,0
RE3496C,0.16338795486074242,0
RE3520E,1.5309781012951564,0
RE3525M,0.2374618240026259,0
RE3526C,0.5666684624997349,0
RE3570C,0.47565211470026203,0
RE3587C,0.41675543844563934,0
RE3597C,0.6350858719508317,0
RE3597M,0.11146760851655567,0
RE3597X,-0.6281394147441669,0
RE3624M,0.36753861836464063,0
RE3626M,0.597052410231393,0
RE3628M,0.17163557801839918,0
EX_prostgi2[e],1,0
EX_dtdp[e],1,0
EX_HC00955[e],-0.5309991542748504,0
EX_HC00822[e],0.04284513451043905,0
EX_C02528[e],-0.6472859788115968,0
EX_HC02192[e],1,0
EX_HC02193[e],0.9178781229454882,0
EX_HC02195[e],0.21860821758650306,0
EX_HC02196[e],0.20734406524495644,0
EX_HC02194[e],-0.33256715340464077,0
EX_HC02187[e],-0.1184711770265175,0
EX_HC02180[e],1,0
EX_HC02203[e],-1,0
EX_HC02213[e],0.16338795486074242,0
EX_malcoa[e],0.12508079632749353,0
EX_arachcoa[e],0.12508079632749353,0
EX_coa[e],-0.12508079632749353,0
EX_CE2250[e],-0.12508079632749353,0
EX_CE1943[e],0.771785438276097,0
EX_CE1936[e],0.6776899120972288,0
EX_CE2915[e],0.02771567927550269,0
EX_CE4722[e],-0.02771567927550269,0
EX_CE2916[e],0.36709828551966595,0
EX_CE4723[e],-0.36709828551966595,0
EX_CE2917[e],0.23523519860005537,0
EX_CE4724[e],-0.23523519860005537,0
EX_23cump[e],-0.48799558161114126,0
EX_3ump[e],0.4879955816112378,0
EX_CE5786[e],-0.22741654127141464,0
EX_CE5788[e],0.749388144350307,0
EX_CE5789[e],-1.7812968902524249,0
EX_CE5797[e],0.08583195955293711,0
EX_CE5798[e],-0.08583195955293711,0
EX_CE5787[e],0.18958814181038633,0
EX_CE5791[e],0.18958814181038633,0
EX_CE5867[e],-0.7227864281670694,0
EX_CE5868[e],0.7227864281670694,0
EX_CE5869[e],0.7227864281670694,0
EX_CE5854[e],55.98487526927272,0
EX_CE1926[e],-55.98487526927272,0
EX_CE0074[e],0.07917689808332164,0
EX_CE5853[e],0.7696462051761378,0
EX_CE1925[e],-0.7696462051761378,0
EX_C04849[e],1.5309781012951564,0
CITt4_4,-0.9377550198698114,0
GLYt7_311_r,NA,1
HCO3_NAt,NA,1
INSTt4_2,0.9999999026719909,0
PIt8,-0.04578579832410834,0
PIt9,-0.08746182833561107,0
PROt4_2_r,NA,1
HSD17B3r,-0.3825394110016482,0
2MB2COAc,0.18919543400865163,0
3HBCOARc,0.1829172114786562,0
ADPACDAc,0.7123848466281683,0
ADPACtx,0.40888771410013014,0
ADPCOACROT,-0.9463400847477491,0
ADPCOAPTE,0.40888771410013014,0
BCRNe,0.1829172114786562,0
C100CPT1,0.6930760368538306,0
sink_c101coa[c],-0.32595671435676504,0
C101CPT1,0.32595671435676504,0
C101CRNe,0.32595671435676504,0
C102CPT1,0.3325002845664567,0
C10CRNe,0.6930760368538306,0
C10DCCACT,-0.4591534796161061,0
C10DCc,0.34240127736066145,0
C10OHc,-0.1808640061251167,0
C120CPT1,0.4793087189578367,0
C121CPT1,0.2968760200402938,0
C12DCACOT,0.08839020011764316,0
C12DCACT,0.08839020011764316,0
C12DCTD,0.08839020011764316,0
C12OHc,0.7819731570486691,0
C140CPT1,-2.3451744455676473,0
C141ACBP,0.33654326832812315,0
C141CPT1,0.3146013550174403,0
C141OHc,0.33654326832812315,0
C141OHe,0.33654326832812315,0
C142ACBP,0.017211202765264742,0
C142CPT1,0.36022486702579776,0
C142OHc,0.017211202771510965,0
C142OHe,0.017211202765655135,0
C14OHc,0.6628439206001185,0
C161OHc,0.36099824343531445,0
C162ACBP,0.07047901231099632,0
C162OHc,0.07047901231099632,0
C162OHe,0.07047901231099632,0
C16DCc,-0.15860568666962746,0
C16DCe,-0.15860568666962746,0
C16OHc,0.48014674720130057,0
C16txc,0.34438795458766064,0
C181OHc,0.12728347440061555,0
C182OHc,-0.10018664135367901,0
C18OHc,0.22015874057830367,0
C30CPT1,0.028546900196757537,0
C3DCe,0.8439507711483611,0
C40CPT1,-0.9398721309825693,0
C4CRNCPT2,-0.935799363527439,0
C4CRNe,-1,0
C4DCe,0.9237372673797458,0
C4OHc,0.1829172114786562,0
C4tcx,-0.40322478235250403,0
C4x,-0.4032247823525037,0
C50CPT1,0.840696334928341,0
C51CPT1,0.18919543400865163,0
C5DCe,0.23273205107203537,0
C60CPT1,1.0270890926705873,0
C6DCCACT,-0.94634008474904,0
C6DCc,0.7123848466281683,0
C80CPT1,-0.243229241260985,0
sink_c81coa[c],-0.49011372285213733,0
C81CPT1,0.49011372285213733,0
C81CRNe,0.49011372285213733,0
C8CRNe,-1,0
C8DCc,0.01573075019283486,2.0250467969162855e-13
C9BRxtc,-0.961346840061162,0
DCATDc,0.36133211326970777,0
DCATDr,0.5175982975800454,0
DCSPTN1COAtxc,0.4497836964767477,0
sink_dd2coa[c],-0.2968760200402938,0
DDCRNe,0.7819731570486691,0
DDECCRNe,0.4793087189578367,0
DDECE1CRNe,0.2968760200402938,0
DECCRNe,-0.1808640061251167,0
sink_decdicoa[c],-0.3325002845664567,0
DECDICRNe,0.3325002845664567,0
DOCO13ECOAtxc,0.2941596046396578,0
DOCO13EFATP,0.2941596046396578,0
DOCOSACT,0.2608384852898608,0
DOCOSACTDe,-0.3523270023518893,0
DOCOSCOAtxc,0.15793082390127236,0
DOCOSDIACTD,0.6301768781252206,0
EX_3bcrn[e],0.1829172114786562,0
EX_3ddcrn[e],0.7819731570486691,0
EX_3deccrn[e],-0.1808640061251167,0
EX_3hdececrn[e],0.36099824343531445,0
EX_3hexdcrn[e],0.48014674720130057,0
EX_3ivcrn[e],-0.28362183549175707,0
EX_3octdec2crn[e],-0.10018664135367882,0
EX_3octdeccrn[e],0.22015874057830384,0
EX_3octdece1crn[e],0.12728347439607038,0
EX_3tdcrn[e],0.6628439206001185,0
EX_3tetd7ecoacrn[e],0.33654326832812315,0
EX_3thexddcoacrn[e],0.07047901231099632,0
EX_3ttetddcoacrn[e],0.017211202765655135,0
EX_c101crn[e],0.32595671435676504,0
EX_c10crn[e],0.6930760368538306,0
EX_c16dc[e],-0.15860568666962746,0
EX_c3dc[e],0.8439507711483611,0
EX_c4crn[e],-1,0
EX_c4dc[e],0.9237372673797458,0
EX_c51crn[e],0.18919543400865163,0
EX_c5dc[e],0.23273205107203537,0
EX_c81crn[e],0.49011372285213733,0
EX_c8crn[e],-1,0
EX_ddece1crn[e],0.2968760200403439,0
EX_ddecrn[e],0.4793087189578367,0
EX_decdicrn[e],0.3325002845664567,0
EX_doco13ac[e],-0.14052706670604226,0
EX_docosac[e],0.3977282178993477,0
EX_docosdiac[e],0.6301768781252206,0
EX_ivcrn[e],0.840696334928341,0
EX_tetdec2crn[e],0.36022486702579776,0
EX_tetdece1crn[e],0.3146013550174403,0
EX_dca[e],-0.49600016151312565,0
FAOXC101C102m,-0.6678949417416383,0
FAOXC101C102x,0.04372683465359678,0
FAOXC101C8m,-1,0
FAOXC101C8x,-0.21954863389314763,0
FAOXC101x,-0.40125915681539254,0
FAOXC102C101m,-0.691801536218826,0
FAOXC102C101x,-0.6844329533577113,0
FAOXC102C103m,-0.021917556542578095,0
FAOXC102C103x,-0.7106374680840013,0
FAOXC102C81m,-0.021917556542578095,0
FAOXC102C81x,-0.7106374680840013,0
FAOXC102m,-0.021917556542578095,0
FAOXC102x,-0.7106374680840024,0
FAOXC103C102m,-0.021917556542578095,0
FAOXC103C102x,-0.7106374680840013,0
FAOXC10C10OHm,0.09175050141230318,0
FAOXC10C8m,0.2568713622445332,0
FAOXC10C8x,0.04420976161663866,0
FAOXC10DCC8DCx,0.014699857199939067,0
FAOXC11BRC9BRx,0.6255634408456996,0
FAOXC11C9m,0.09314008663515741,0
FAOXC121C101m,0.08424917754380185,0
FAOXC121C10x,0.09852557775494226,0
FAOXC121x,0.2804638056357008,0
FAOXC122C101m,-0.472334426464896,0
FAOXC122m,-0.472334426464896,0
FAOXC122x,0.0733158767138687,0
FAOXC123C102m,-0.021917556542578095,0
FAOXC123C102x,-0.7106374680840013,0
FAOXC123m,-0.021917556542578095,0
FAOXC123x,-0.7106374680840013,0
FAOXC12C10m,0.18149675199195067,0
FAOXC12C10x,0.6950383375096488,0
FAOXC12C12OHm,0.16032859569521654,0
FAOXC12DCC10DCx,-0.03732745844446993,0
FAOXC12DCTc,-0.4574890260439154,0
FAOXC12DCc,0.08839020011764316,0
FAOXC12DCx,-0.4574890260444956,0
FAOXC13BRC11BRx,0.6255634408456996,0
FAOXC13C11m,0.09314008663515741,0
FAOXC141C121m,0.08424917754380185,0
FAOXC141C121x,0.3694797051549745,0
FAOXC141C141OHm,0.33654326832812315,0
FAOXC142C122m,-0.472334426464896,0
FAOXC142C122x,0.0733158767138687,0
FAOXC142C142OHm,0.017211202771510965,0
FAOXC143C123m,-0.021917556542578095,0
FAOXC143C123x,-0.7106374680840013,0
FAOXC14C12m,0.3440803591471417,0
FAOXC14C12x,0.3031703889136843,0
FAOXC14C14OHm,0.6469498790562265,0
FAOXC14DCC12DCx,-0.22468708709040458,0
FAOXC15ATPx,1,0
FAOXC15BRC13BRx,0.6208241660740309,0
FAOXC15C13m,0.09314008663515741,0
FAOXC15NADPx,0.6718868740804362,0
FAOXC15NADx,0.5052035851079638,0
FAOXC161C141m,0.15875415291942988,0
FAOXC161C141x,0.3694797051549745,0
FAOXC161C161OHm,0.36099824343531445,0
FAOXC162C142m,0.17183471610528286,0
FAOXC162C162OHm,0.07047901231099632,0
FAOXC163C142x,0.0733158767138687,0
FAOXC163C143m,-0.12028651130306123,0
FAOXC163C164Gm,-0.5587377885925832,0
FAOXC163C164x,0.0733158767138687,0
FAOXC163GC142m,-0.5587377885925832,0
FAOXC163Gm,-0.5587377885925832,0
FAOXC163x,0.0733158767138687,0
FAOXC164C143m,0.08964393384010876,0
FAOXC164C143x,-0.7106374680840013,0
FAOXC164C163x,0.0733158767138687,0
FAOXC164C165m,0.08964393384010876,0
FAOXC164C165x,-0.7106374680840013,0
FAOXC164GC163m,-0.5587377885925832,0
FAOXC164m,0.08964393384010876,0
FAOXC164x,-0.7106374680840013,0
FAOXC165C164m,0.08964393384010876,0
FAOXC165C164x,-0.7106374680840013,0
FAOXC16BRx,0.16956634556192507,0
FAOXC16C14m,0.18198249108658995,0
FAOXC16C14x,0.4698506275523436,0
FAOXC16C16OHm,0.48014674720130057,0
FAOXC16DCC14DCx,-0.22468708709040458,0
FAOXC16DCr,-0.19641548095322242,0
FAOXC17C15m,0.0982054340228574,0
FAOXC181C161m,-0.2502878225274582,0
FAOXC181C161x,0.3694797051549745,0
FAOXC181C181OHm,0.12728347440061555,0
FAOXC182C162m,0.17183471610528286,0
FAOXC182C182OHm,-0.10018664135369434,0
FAOXC183C163Gm,-0.6365650179996595,0
FAOXC183C163m,-0.022122729415191708,0
FAOXC184C163m,0.25503992678007253,0
FAOXC184C163x,0.0733158767138687,0
FAOXC184C164m,0.11831853322259427,0
FAOXC184C164x,-0.7106374680840013,0
FAOXC184m,0.25503992678007253,0
FAOXC184x,0.0733158767138687,0
FAOXC185C164m,0.07757070359189491,0
FAOXC185m,0.07757070359189491,0
FAOXC18C18OHm,0.22015874057830367,0
FAOXC201C181x,0.3694797051549745,0
FAOXC204C184m,0.25503992678007253,0
FAOXC204C205x,0.0733158767138687,0
FAOXC205C184x,0.0733158767138687,0
FAOXC205C185m,0.07757070359189491,0
FAOXC221C201x,0.3694797051549745,0
FAOXC225C204m,0.25503992678007253,0
FAOXC225C204x,0.0733158767138687,0
FAOXC225C226m,0.25503992678007253,0
FAOXC225C226x,0.0733158767138687,0
FAOXC225m,0.25503992678007253,0
FAOXC225x,0.0733158767138687,0
FAOXC226C205m,0.07076373826665756,0
FAOXC226C225m,0.25503992678007253,0
FAOXC226C225x,0.0733158767138687,0
FAOXC226C227m,0.07076373826665756,0
FAOXC226m,0.07076373826665756,0
FAOXC227C226m,0.07076373826665756,0
FAOXC22C20x,-0.32097366226239027,0
FAOXC22OHC22r,0.7637664091398372,0
FAOXC241C221x,0.3982364352506111,0
FAOXC24C22x,-0.016155949782835414,0
FAOXC3DC,0.8439507711483611,0
FAOXC4C2m,0.051745548299907,0
FAOXC4C4DCc,0.9502233234451704,0
FAOXC5C3x,0.09314008663515741,0
FAOXC5C5DCc,0.23273205107203537,0
FAOXC5C5OHm,-0.28362183549175707,0
FAOXC5OHc,-0.28362183549175707,0
FAOXC61C4m,0.061807224259587075,0
FAOXC61C4x,-0.7118820800705618,0
FAOXC61m,-0.021917556542578095,0
FAOXC61x,-0.7106374680840013,0
FAOXC6C4m,0.10997352938918933,0
FAOXC6C4x,0.4340522290661056,0
FAOXC6DCC4DCx,0.547166657662101,0
FAOXC7C5m,0.09314008663515741,0
FAOXC81C61m,-0.021917556542578095,0
FAOXC81C61x,-0.7106374680840013,0
FAOXC8C6m,-0.5929729847004757,0
FAOXC8C6x,-0.4167807464690816,0
FAOXC8DCC6DCx,-0.05780159723259561,0
FAOXC9C7m,0.09314008663515741,0
FAOXMC10OHMC10r,0.5175982975800454,0
FAOXOHC16C16DCc,-0.0473278048756574,0
FAOXOHC22C22DCc,0.7637664091398372,0
FAOXOHMC10DC10c,0.5175982975800454,0
FAOXTC101TC102m,0.6221496184433305,0
FAOXTC102C101m,0.6221496184433305,0
FAOXTC122TC101m,0.6221496184433305,0
FAOXTC122m,0.6221496184433305,0
FAOXTC142TC122m,0.6221496184433305,0
FAOXTC162TC142m,0.29170355360797956,0
FAOXTC182TC162m,0.25173071212688225,0
FOAXC122C101x,0.0733158767138687,0
GLUTCOAACBP,0.23273205107203537,0
HDCACBP,-0.1808640061251167,0
HDDACBP,0.7819731570486691,0
HDECAACBP,0.48014674720130057,0
HDECEACBP,0.36099824343531445,0
HEDCECRNe,0.36099824343531445,0
HEXCOAACBP,-0.4191376159402066,0
HEXDCRNe,0.48014674720130057,0
HEXDIACtr,-0.19641548095322242,0
HEXDICOAACBP,-0.15860568666962746,0
HEXDICOAACBPx,-0.22468708709040458,0
HIVCACBP,-0.28362183549175707,0
HIVCRNe,-0.28362183549175707,0
HOCDACBP,0.22015874057830367,0
HOCTDACBP,0.12728347440061555,0
HOCTDEC2CRNe,-0.10018664135367901,0
HOCTDECCRNe,0.22015874057830367,0
HTDCACBP,0.6628439206001185,0
HTDCRNe,0.6628439206001185,0
IVCOAACBP,0.840696334928341,0
IVCRNe,0.840696334928341,0
LGNCCOAtcx,0.026036139048855843,0
NRVNCCOAtxc,0.42686058914357,0
OCD11COACPT1,-0.22122988061709692,0
OCD11CRNCACT,-0.22122988061709692,0
OCD11CRNCPT2,-0.22122988061709692,0
OCT11EFATP,0.5321920925187659,0
OCTDEC2ACBP,-0.10018664135367901,0
OCTDECCACT,0.12728347440061555,0
OCTDECCPT1,0.12728347440061555,0
OCTDECCPT2,0.12728347440061555,0
OCTDECE1CRNe,0.12728347439607038,0
sink_octdececoa[c],-0.12728347440061555,0
OMHDEACIDTD,0.5175982975800454,0
OMHDOCOSACTD,0.7637664091398372,0
PRISTCOAtcx,0.19614167523090692,0
SBCOAACOTx,0.5545387263642118,0
SCP21cx,0.3519671827270071,0
SEBACACT,0.34240127736066145,0
SEBACIDtx,0.12131387239779375,0
SEBCOACROT,-0.4591534796161061,0
SEBCOAPET,0.12131387239779375,0
STCOATxc,0.2778192195212111,0
STRDNCCOAtxc,0.0836419839067341,0
SUBEACtx,0.5545387263642118,0
SUBERCACT,-0.24265685897357608,0
SUBERCROT,-0.24265685897357792,0
SUBERICACT,0.1666512210710021,0
SUCCOAPET,1,0
sink_tetdec2coa[c],-0.36022486702579776,0
TETDEC2CRNe,0.36022486702579776,0
sink_tetdece1coa[c],-0.3146013550174403,0
TETDECE1CRNe,0.3146013550174403,0
TIGCRNe,0.18919543400865163,0
34DHPHELAT1tc,0.3546392207357467,0
4OHPROIMINOtc,1,0.0541026226631558
ALAALACNc,-0.10165042567388446,0
ALAALAPEPT1tc,-0.10165042567388446,0
ALAATB0tc,0.9999948115065477,0.19231038473958983
ALAyLATthc,-1,0
ARGATB0tc,0.7719550568422993,0.031165093667891886
ASCBSVCTtc,-0.4284568411248752,0
ASNATB0tc,0.9935949741346188,0.03245966314269
BALABETAtc,0.9961226311717317,0
BALAPAT1tc,NA,1
BTNTe,-1,0
CARPEPT1tc,0.8246211974423129,0
CYSATB0tc,0.999659805735856,0.02141306462506065
CYSSNAT5tc,1.009862288497477,0
FOLTle,-0.6626516202752217,0
GALSGLT1le,5.17393664087359e-4,0
GLCSGLT1le,0.10061129940482542,0
GLNATB0tc,0.9991939089572944,0.009193551941572009
GLNyLATthc,-1,0.993764859699076
GLYGLYCNc,0.8147242717154813,0
GLYGLYPEPT1tc,0.8147242717154813,0
GLYPHEPEPT1tc,0.33441564654244604,0
GLYPROPEPT1tc,-1,0
GLYSARCNc,-0.21483844363473495,0
GLYSARPEPT1tc,-0.21483844363473495,0
GLYSNAT5tc,0.8100217979397508,0
HISSNAT5tc,-0.8288988884926707,0
HISyLATtc,0.654042034851999,0
HISyLATthc,-0.9991767489283171,0
HPETFABP1tc,0.17505948171618488,0
ILEATB0tc,0.9999893811905063,4.2532042733411934e-5
LEUATB0tc,0.8680734103569038,0.9626216458220573
LEUGLYPEPT1tc,0.594294378337892,0
LEULEULAPc,-0.015992567081609142,0
LEULEUPEPT1tc,-0.015992567081609142,0
LEUyLAThtc,-1,2.0250467969162855e-13
LINOFATPtc,0.346296984992794,0
LYSATB0tc,0.8534374858776044,0
METATB0tc,0.999934494730906,0.2105516327260113
METyLATthc,-1,0
NACHORCTL3le,-1,0
OCDEAFABP1tc,-0.23627999393593577,0
OLEICFATPtc,0.44170823520479385,0
PALFATPtc,0.16936498902503652,0
PEHSFABPe,0.3188184879919833,0
PHEATB0tc,-0.12899626078256665,0.0605805973111192
PHEyLATthc,-1,0.8629016839426614
PMTCOAFABP1tc,1.8368230416943765,0
PNTORDe,0.3081146113128329,0
PROGLYPEPT1tc,0.9311346030187794,0
PROGLYPRO1c,0.9311346030187794,0
PROIMINOtc,0.9996767053894883,0.008375429718799898
SERATB0tc,0.9999451076757644,0.02871155057771224
TAUBETAtc,1,0
TAUPAT1c,NA,1
THRATB0tc,0.9991031472685069,0.0038609082446795506
TRPATB0tc,-0.055331976485127755,0.005452108634632857
TYRATB0tc,0.9999695347998092,0.0605805973111192
VALATB0tc,0.9985215915023143,0.004708184826046513
VITEtl,-0.07039035729862388,0
1a25DHVITD3TRn,0.07342709779629406,0
3AIB_Dtm,0.011984188986580763,0
4HPROLTASCT1,-0.2750372394415198,0
5MTHFt2le,-1,0
ASPPROASCT1,-0.8524553152177974,0
ASPte,-0.3599278014139463,0
BIDGLCURr,0.6184314614951434,0
BTNt3ile,-0.05879163095257039,0
CHOLESACATc,0.49368319176518277,0
CHOLESTle,0.49368319176518277,0
DM_1a25dhvitd3[n],0.07342709779629406,0
DM_5hpet[r],0.17505948171618488,0
DM_pmtcoa[r],0.9204357983799426,0
DPMVDc,0.1940379856411914,0
DSREDUCr,0.9373964692127078,0
DTMPKm,0.20363797345363202,0
EX_4hpro[e],-1,0
EX_alaala[e],0.10165042567388446,0
EX_carn[e],-0.8246211974423129,0
EX_glygly[e],-0.8147242717152763,0
EX_glysar[e],0.21483844363473495,0
EX_leugly[e],-0.594294378337892,0
EX_leuleu[e],0.015992567081609142,0
EX_fmn[e],-0.40298428745110465,0
EX_oh1[e],0.30889181509818836,0
EX_q10h2[e],0.4033014330295306,0
FADH2ETC,0.10595742152699365,0
FE2DMT1,-0.570219843823463,0
FE3MTP1,-0.6830080803890599,0
FMNALKPle,0.4029842874412434,0
FRDPtcr,-1.9348009251229896,0
G6PDH2c,0.8811407306897072,0
GLUPROASCT1,-0.5241159654246788,0
GNDc,0.12754794078274223,0
IPDDI,-0.9916986110655893,0.9998350263618823
LEUGLYHYc,0.594294378337892,0
MAL_Ltx,-0.9686975411699295,0
MDHx,0.9686975411699295,0
MEVK1c,0.1940379856411914,0
MTHFR3,1,0
P5CR,0.9947162341977891,0
PGLc,0.9065181308473648,0
PHEMEe,0.24439981070314767,0
PMEVKc,0.1940379856411914,0
PNTOt5le,-0.16465057715668047,0
PPItm,-0.20834433206805378,0
PRO_Dtde,NA,1
PTCRTD,0.2615269991647849,0
Q10H2e,0.4033014330295306,0
RPEc,0.1575836912185145,0
RTOTAL2FATPc,0.47841904340557967,0
RTOTALFATPc,0.34258826125473335,0
sink_5hpet[c],-0.5748364913994983,0
SPRMTDe,0.2670898559677974,0
q10tm,-0.4033014330295306,0
34HPPte,1,0
4HPRO_LTte,0.5183426634744994,0
4MOPte,-1,0
5MTAte,-0.020058245816831115,0
5OXPROt,-0.013432341554220791,0
AHCYSte,-0.6188788651083037,0
AICARte,0.3213037812868475,0
CBASPte,-0.18502166031454842,0
DM_Lcystin,-1,0
DM_anth,0.8292024751583363,0
EX_34hpp[e],-1,0
EX_4mop[e],1,0
EX_5mta[e],0.020058245816831115,0
EX_5oxpro[e],0.013432341554220791,0
EX_aicar[e],-0.3213037812868475,0
EX_cbasp[e],0.18502166031454842,0
OROTGLUt,0.5982419946380911,0
IDOURte,-0.20799811865952628,0
EX_idour[e],0.20799811865952628,0
5HOXINDOAtr,-0.297908950824954,0
LKYNRtr,1.0000000122855932,0
LKYNRtr2,0.9999999877593778,0
LKYNRtr3,1.0000000121160268,0
CRTNtr,NA,1
KYNATEtr,-1.075120228810945,0
KYNATEtr2,1,0
3ANTHRNtr,-1,0
HKYNRtr,-0.03004044508190009,0
QULNtr,0.5718150466544881,0
CYST_Ltr,-0.6911416753363315,0
DHAPtr,1,0
DMGLYtr,1,0
GLCURtr,-0.849876839204264,0
UDPGLCURtr,-0.10324640839563065,0
OROT5Ptr,-0.9355984499284161,0
EX_5hoxindoa[e],0.297908950824954,0
EX_cyst_L[e],0.6911416753363315,0
EX_dmgly[e],-1,0
EX_Lkynr[e],-1,0
EX_quln[e],-0.5718150466562095,0
EX_3hanthrn[e],1,0
EX_udpglcur[e],0.10324640839563065,0
EX_hLkynr[e],0.03004044508190009,0
EX_orot5p[e],0.9355984499284161,0
ALAB0AT3tc,1,1
ARACHDFATPtc,0.34549445633232806,0
ARGB0AT3tc,1,1
ASNB0AT3tc,1,1
BUTSMCT1,-0.0992817060096432,0
CLCFTRte,-0.8404907678785745,0
CRNATBtc,0.9883149670790548,0
CYSB0AT3tc,1,1
FOLABCCte,-0.07613982164901896,0
FOLOAT1tc,-1,0
FOLOAT2tc,-1,0
FOLOATPtc,-1.415594106769883,0
GLNB0AT3tc,1,1
GLUB0AT3tc,-0.5597257290385852,0
GLYB0AT3tc,1,0.8721654123647457
H2OGLYAQPt,-1,0
ILEB0AT3tc,1,1
LEUB0AT3tc,NA,1
LGNCFATPtc,0.055085736694175706,0
METB0AT3tc,1,1
NACSMCTte,1,0
PGLYCABCte,0.9293332135961554,0
PHEB0AT3tc,1,1
PPASMCT1,0.4606763808371104,0
PSHSABCtc,0.15999793350166902,0
PYRSMCT1,0.8834733864451405,0
RETABCtc,0.252719889348353,0
SERB0AT3tc,1,1
TRPB0AT3tc,1,1
TYRB0AT3tc,1,1
VALB0AT3tc,1,1
CAMPt,0.8320630802567854,0
CGMPt,0.22638162306869816,0
GALt4,0.6774913747639522,0
GCHOLAt3,0.48589771741641125,0
GLCt4,0.17580905287306306,0
MANt4,1,0
RIBFLVte,0.002095361938708434,0
TCHOLAt3,0.21673659331176573,0
CHSTEROLt,0.5742445580906859,0
RETt,-0.05760469225586767,0
AVITE1t,-0.07039035729862388,0
L_LACt4r,0.2351528992933377,4.3298697960381105e-15
r0295,-0.1996555237213831,0
ACRNte,1,0
PCRNte,1,0
LNELDCCRNte,1,0
ODECRNte,1,0
STCRNte,-1,0
PMTCRNte,1,1
HDCECRNte,-0.710797278254017,0
EX_acrn[e],1,0
EX_pcrn[e],1,0
EX_lneldccrn[e],-1,1
EX_stcrn[e],-1,0
EX_hdcecrn[e],-11.502527810115073,0
HC00342te,-1,0
biomass_maintenance,0.17229810609407387,0
15KPROSTGF2c,1.0002426433552571,0
AND19ONEc,0.6492862513794749,0
C14825c,0.23287281141786625,0
DESAT14_9,0.2567299033739962,0
21HPRGNLONE,0.4855100617587368,0
SMS1,0.9711510640956139,0
SMS10,0.42025544849832097,0
SMS11,0.3374877054121213,0
SMS12,-0.5685354009601127,0
SMS16,0.26144978328657537,0
SMS13,-0.045635451445596636,0
SMS14,0.8166672121390408,0
SMS15,0.5076246219186835,0
SMS2,0.06461932712702521,0
SMS3,0.19945349660865438,0
SMS4,0.3019747142608561,0
SMS5,0.3874691829330402,0
SMS6,0.5036976474407366,0
SMS7,0.3011281170642996,0
SMS8,0.3226760287428147,0
SMS9,0.42521239681249207,0
XOLEST183CEH,0.4306933336118441,0
XOLEST182CEH,-0.3960706770134089,0
XOLEST205CEH,0.6003183698048408,0
XOLEST226CEH,-0.11985687132001589,0
PCHOLMYR_HSPLA2,0.28592684837451116,0
PCHOLOLE_HSPLA2,0.36076467422378045,0
PEOLE_HSPLA2,0.05401152519999521,0
PCHOLPALME_HSPLA2,-0.10946063986435912,0
PCHOLPALM_HSPLA2,0.19086746346730568,0
PEPALM_HSPLA2,0.3210842544321583,0
PAILPALM_HSPLA2,-0.7796011843916477,0
PCHOLSTE_HSPLA2,0.26320103001003664,0
PCHOL2LINL_HSPLA2,0.5493849938628326,0
PE2LINL_HSPLA2,0.3255600850755316,0
PCHOL2OLE_HSPLA2,0.1699545873739858,0
PCHOL2PALM_HSPLA2,-0.9265860792971983,0
PCHOL2STE_HSPLA2,0.09449145293422433,0
PCHOLN15_HSPLA2,0.09974656817932663,0
PCHOLAR_HSPLA2,0.39575027306531946,0
PCHOLN183_HSPLA2,0.3566016510977274,0
PCHOLN1836_HSPLA2,0.38788991813490015,0
PCHOLN19_HSPLA2,0.4124786912047305,0
PCHOLN201_HSPLA2,-0.04085228522245167,0
PCHOLN204_HSPLA2,-0.11200318684775905,0
PCHOLN205_HSPLA2,0.20072888379914874,0
PCHOLN224_HSPLA2,0.3021595759836732,0
PCHOLN225_HSPLA2,0.25547758974772733,0
PCHOLN2254_HSPLA2,0.0058986212997545005,0
PCHOLN226_HSPLA2,0.2599412951845761,0
PEAR_HSPLA2,0.23529659865366015,0
PE203_HSPLA2,0.26760855574250436,0
PE226_HSPLA2,0.2582236269595247,0
PE224_HSPLA2,-0.6320172680695968,0
PEDH203_HSPLA2,0.20600797412373958,0
PEDH12_HSPLA2,0.27990015331891516,0
PEDH14_HSPLA2,0.13785762740336066,0
PEDH161_HSPLA2,0.45708689279766607,0
PEDH13_HSPLA2,0.09924662712139218,0
PEDH15_HSPLA2,0.24779679629752516,0
PEDH17_HSPLA2,0.13194832014221655,0
PCHOLN203_HSPLA2,0.43919985512519566,0
PAILAR_HSPLA2,-0.721152246157892,0
PCHOLN24_HSPLA2,0.02322908172139779,0
PCHOLN261_HSPLA2,0.11261907457825003,0
PCHOLN281_HSPLA2,0.11461766071858719,0
PCHOLN28_HSPLA2,-0.1939244720359267,0
PCHOLDOC_HSPLA2,0.4295443794561478,0
PCHOLDEIC_HSPLA2,0.15359708443006265,0
PCHOLDET_HSPLA2,0.11844402967790862,0
PCHOLHEP_HSPLA2,0.18638524447886634,0
PCHOLLINL_HSPLA2,0.24993707914669286,0
PELINL_HSPLA2,0.3420560090567162,0
GPDDACHOL,-0.53290334680202,0
GLYC2P3Pc,-0.53290334680202,0
15KPROSTGF2t,1,0
21HPRGNLONEt2,0.4855100617587368,0
2OXOADPt,-1.0874518132885698,0
4AABUTNt,-0.4385985629850656,0
56DTHMt,-1,0
ADPACtd,-1,0
AND19ONEt,0.6492862513794749,0
ARACHETH,0.23529659865366015,0
BILIVERDt,-0.12200966767225589,0
C02712te,0.125122847426895,0
C03990t,-0.9249907286422561,0
C03990tr,-0.34304664548737335,0
C03990tx,-0.49410497771152245,0
C06314t,2.8601173545199634,0
C06315t,-3.5968605196765346,0
C14768td,0.40254799587377815,0
C14769td1,0.29152925873654345,0
EX_C14769[e],0.29152925873654345,0
C14770ATP,0.2107861890666694,0
C14771ATP,-0.012659883476030954,0
CE2176t,-0.8523497643343831,0
CE2445t,0.21744670860634122,0
CE2510t,-1,0
CE2513td,1,0
CE2537ATP,0.48725757026976174,0
CE6031t,0.133194124149274,0
CE6247t,-0.10187536729496534,0
CORTSNti,1,0
DIDECAETH,-0.5837549782029886,0
DIHOLINETH,0.20600797412373958,0
DOCOHEXETHc,0.2582236269595247,0
DOCTETETH,-0.6320172680695968,0
EX_12HPET[e],-1.5309781012951564,0
EX_15kprostgf2[e],1,0
EX_21hprgnlone[e],0.4855100617587368,0
EX_2oxoadp[e],-1.0874518132885698,0
EX_4aabutn[e],0.43859856298507754,0
EX_56dthm[e],-0.14198973600804046,0
EX_adpac[e],-1,0
EX_amet[e],0.6188788651083037,0
EX_and19one[e],0.6492862513794749,0
EX_aracheth[e],0.23529659865366015,0
EX_biliverd[e],-0.12200966767225589,0
EX_C02712[e],0.125122847426895,0
EX_C06314[e],2.8601173545199634,0
EX_C06315[e],-3.5968605196765346,0
EX_C14768[e],0.40254799587377815,0
EX_C14770[e],0.2107861890666694,0
EX_C14771[e],-0.012659883476030954,0
EX_CE2176[e],0.8523497643343825,0
EX_CE2445[e],0.2174467086063383,0
EX_CE2537[e],0.47565211470026203,0
EX_CE6031[e],0.133194124149274,0
EX_CE6247[e],-0.10187536729496534,0
EX_didecaeth[e],-0.5837549782029886,0
EX_diholineth[e],0.20600797412373958,0
EX_docohxeth[e],0.2582236269595247,0
EX_docteteth[e],-0.6320172680695968,0
EX_hepdeceth[e],0.3024814308621709,0
EX_hexdeceeth[e],0.45708689279766607,0
EX_hxcoa[e],-0.6463314396370079,0
EX_leuktrB4wcooh[e],0.5254264916596108,0
EX_lineth[e],0.3420560090567162,0
EX_lnlccrn[e],0.39380874751699485,0
EX_lthstrl[e],-0.6390688974220716,0
EX_mev_R[e],-2.233273824532036,0
EX_nwharg[e],0.27055613946146767,0
EX_oleth[e],0.05401152519999521,0
EX_pailar_hs[e],-0.721152246157892,0
EX_pailpalm_hs[e],-0.7796011843916477,0
EX_pchol2linl_hs[e],0.5493849938630635,0
EX_pchol2ole_hs[e],0.1699545873739858,0
EX_pchol2palm_hs[e],-0.9265860792971986,0
EX_pchol2ste_hs[e],0.09449145293422433,0
EX_pcholar_hs[e],0.39575027306531946,0
EX_pcholdoc_hs[e],0.4295443794561478,0
EX_pcholeic_hs[e],0.15359708443006265,0
EX_pcholet_hs[e],0.11844402967790862,0
EX_pcholhep_hs[e],0.1863852444808867,0
EX_pchollinl_hs[e],0.24993707914669286,0
EX_pcholmyr_hs[e],0.28592684837451116,0
EX_pcholn15_hs[e],0.09974656817932663,0
EX_pcholn183_hs[e],0.3566016510977274,0
EX_pcholn1836_hs[e],0.38788991813490015,0
EX_pcholn19_hs[e],0.4124786912047305,0
EX_pcholn201_hs[e],-0.04085228522245167,0
EX_pcholn203_hs[e],0.43919985512519566,0
EX_pcholn204_hs[e],-0.11200318684775905,0
EX_pcholn205_hs[e],0.20072888379914874,0
EX_pcholn224_hs[e],0.3021595759836732,0
EX_pcholn225_hs[e],0.25547758974772733,0
EX_pcholn2254_hs[e],0.0058986212997545005,0
EX_pcholn226_hs[e],0.2599412951845761,0
EX_pcholn24_hs[e],0.02322908172139779,0
EX_pcholn261_hs[e],0.11261907457824985,0
EX_pcholn28_hs[e],-0.19392447203592655,0
EX_pcholn281_hs[e],0.11461766071858713,0
EX_pcholole_hs[e],0.36076467422378045,0
EX_pcholpalm_hs[e],0.19086746346772834,0
EX_pcholpalme_hs[e],-0.10946063986435912,0
EX_pcholste_hs[e],0.26320103001003664,0
EX_pcollg5hlys[e],-0.3999691654557097,0
EX_pe12_hs[e],-0.5676821320868863,0
EX_pe14_hs[e],0.13785762740336066,0
EX_pe15_hs[e],-0.30738471879869234,0
EX_pe17_hs[e],0.13194832014221655,0
EX_pe203_hs[e],0.26760855574250436,0
EX_pe2linl_hs[e],0.3255600850755316,0
EX_pendecaeth[e],0.28466350835706783,0
EX_peste_hs[e],-0.05647360023352095,0
EX_pmeth[e],0.3210842544321583,0
EX_sphmyln180241_hs[e],-0.045635451445596636,0
EX_sphmyln18114_hs[e],0.9711510640956139,0
EX_sphmyln18115_hs[e],0.06461932712702521,0
EX_sphmyln18116_hs[e],0.3019747142608561,0
EX_sphmyln181161_hs[e],0.19945349660865438,0
EX_sphmyln18117_hs[e],0.3874691829330402,0
EX_sphmyln18118_hs[e],0.5036976474407366,0
EX_sphmyln181181_hs[e],0.3011281170642996,0
EX_sphmyln18120_hs[e],0.42521239681249207,0
EX_sphmyln181201_hs[e],0.3226760287428147,0
EX_sphmyln18121_hs[e],0.42025544849832097,0
EX_sphmyln18122_hs[e],-0.5685354009601127,0
EX_sphmyln181221_hs[e],0.3374877054121213,0
EX_sphmyln18123_hs[e],0.26144978328657537,0
EX_sphmyln1824_hs[e],0.8166672121390408,0
EX_sphmyln1825_hs[e],0.5076246219186835,0
EX_steeth[e],0.05647360023352095,0
EX_subeac[e],0.07581636655860377,0
EX_tetdecaeth[e],0.9007421128304898,0
EX_trideceth[e],0.09924662712139218,0
EX_wharachd[e],0.4208622576096007,0
EX_xolest182_hs[e],0.3960706770136592,0
EX_xolest183_hs[e],-0.43069333361178525,0
EX_xolest205_hs[e],-0.6003183698048408,0
EX_xolest226_hs[e],0.11985687132001589,0
GALTt,-0.11582344145557902,0
HC00900t3,-1,0
HEPDECETH,0.3024814308621709,0
HEXDECEETH,0.45708689279766607,0
HXCOAte,-0.6463314396370076,0
IND3ACt,0.12281680051432609,0
LEUKTRB4WCOOHt,0.5254264916596108,0
LNLCCRNtd,0.39380874751699485,0
LTHSTRLt,-0.6390688974219484,0
MEV_Rt,-2.2332738245328763,0
NWHARGtd,0.2705561394614926,0
OLEETH,0.05401152519999521,0
pac,1,1
PCOLLG5HLYStd,-0.3999691654475795,0
PELINETH,0.3420560090567162,0
PENDECAETH,0.28466350835706783,0
PEPALM,0.3210842544321583,0
STEETH,0.05647360023352095,0
SUBEACtd,0.07581636655871105,0
TETDECAETH,0.9007421128304898,0
TRIDECETH,0.09924662712139218,0
WHARACHDtr,0.4208622576096007,0
EX_5aop[e],-1,0
EX_CE2510[e],-0.96975798285703,0
EX_ddca[e],1,0
EX_pac[e],1,1
HC02195c,0.2999424795174551,0
HC02196c,0.23917260295425513,0
HC02220c,0.4063756525275111,0
URSCHOLCOAc,0.2616535208375434,0
HC02197c,0.35412713099774007,0
HC02198c,0.11639874771867699,0
HC02194te,0.43374034828722313,0
HC02220te,-0.19293739370373442,0
GLYNATm,-0.01738421315246833,0
PHEACGLYsec,-0.01738421315246833,0
PCSF,0.3850789843428396,0
PCRESOLup,0.3850789843428396,0
PCSsec,0.3850789843428396,0
EX_pheacgly[e],-0.01738421315246833,0
EX_bz[e],0.24523117796504476,0
EX_pcresol[e],-0.3850789843428396,0
EX_pcs[e],0.3850789843428396,0
TREt,-0.15105195303782673,0
RETINALt,-1,0
MALTTTRt,0.332607022079096,0
1MNCAMt,-0.9839077849825185,0
DHBPTt,-0.12772538515939058,0
EX_1mncam[e],0.9839077849825125,0
EX_progly[e],-0.9311346030187794,0
EX_dhbpt[e],-0.12772538515939058,0
HOMOVALte,0.5197410041082198,0
EX_homoval[e],0.5197410041082198,0
GLYCLTtm,-0.2436305287864006,0
PCHOL2PALM_HSte,0.9265860792971985,0
XOLEST183te,0.4306933336118441,0
XOLEST182_HSte,-0.39607067701343374,0
XOLEST205_HSte,0.6003183698048408,0
XOLEST226_HSte,-0.11985687132001589,0
PE224_HSte,0.6320172680684071,0
PCHOLN261_HSte,-0.11261907459223336,0
PCHOLN281_HSte,-0.11461766072018625,0
PCHOLN28_HSte,0.19392447203717453,0
LNELDCCRNtr,1,0
ODECRNtr,NA,0
PMTCRNtr,1,0
XOLEST183tl,0.4306933336118441,0
XOLEST182tl,-0.3960706770134089,0
XOLEST205tl,0.6003183698048408,0
TMNDNCtl,0.6003183698048408,0
XOLEST226tl,-0.11985687132001589,0
CRVNCtl,-0.11985687132001589,0
PHEACGLYtm,-0.01738421315246833,0
TTDCEAc,0.2567299033739962,0
PACCOALm,-0.01738421315246833,0
PACALDtm,-0.01738421315246833,0
GNCORE1te,0.2171801407037117,0
LHCYSTIN,0.35265323625913214,0
LHCYSTINt,-0.35265323625913214,0
EX_Lhcystin[e],-0.35265323625913214,0
PA_HStm,0.5576314344011228,0
MALOAtm,-0.13733505716846692,0
2MOPtm,0.5887488465906522,0
MMALtm,-1.3569860620814551,0
CE2512te,-0.23053465368246992,0
r2514m,0.23333062451140948,0
ACNAMt2,0.6316246826784164,0
ADRNLtu,-0.305850088292803,0
ARGtD,0.9977513862461432,0
PPPGOc,0.319207573896193,0
SPRMt2r,1,0.7689344254238255
THMMPtrbc,-0.12730523879247585,0
THMtrbc,NA,1
UNK3r,0.5853513192604864,0
ACGALtr,0.3619619515851882,0
EX_f1a[e],0.1803097977790768,0
EX_gncore1[e],0.2171801407037117,0
DDCAte,1,0
EX_lpam[e],0.2804315758120472,0
LPAMt,-0.2804315758120472,0
EX_acgal[e],0.42291602379336785,0
EX_HC00342[e],-1,0
EX_pa_hs[e],0.35909920814282714,0
F1Ate,-0.1803097977790768,0
GNCORE1t,0.21718014070366337,0
LPAMtm,0.2804315758120472,0
C02592tx,-0.494104977711606,0
PROSTGE2t2r,-1.1331749516870402,0
ESTR2r,0.4443148574540534,0
LTHSTRLtr,1,0
sink_25hvitd2[c],0.25198927351471734,0
sink_C02528[c],-1,1
sink_HC02191[c],1.2531969250447375,0
sink_HC02192[c],-1.037650674834044,0
sink_HC02193[c],-1,0
sink_HC02195[c],-0.21871992378554453,0
sink_HC02196[c],-0.2029627878875814,0
sink_HC02198[c],0.11639874771867699,0
sink_HC02220[c],0.4063756525275111,0
sink_c226coa[c],-0.8218444672997565,0
sink_chol[c],-0.08621010420329774,0
sink_coa[c],1,0
sink_dgchol[c],-1,0
sink_fad[c],0.4029842874412434,0
sink_glygn2[c],-0.7404796275009391,0
sink_hdca[c],1,0
sink_lnlc[c],0.8055714687679848,0
sink_lnlncacoa[c],-0.5645772426185042,0
sink_lnlncgcoa[c],0.6342278228527657,0
sink_pydam[c],0.8354184010111879,0
sink_pydx[c],-0.5233228958930198,0
sink_pydxn[c],-0.6367153940003522,0
sink_retfa[c],-1,0
sink_tag_hs[c],-0.2802021789200159,0
sink_tchola[c],1,0
sink_thmtp[c],-0.0752251906920338,0
sink_tmndnc[c],0.5658619707359002,0
sink_tmndnccoa[c],1,0
sink_vitd3[c],-0.08963716529974948,0
DXTRNt,0.7404796275009391,0
EX_dxtrn[e],0.7404796275009391,0
DHCHOLESTANATEt,0.24503110421630828,0
EX_dhcholestanate[e],0.24503110421630828,0
THCHOLSTOICt,-1.1593698985542191,0
EX_thcholstoic[e],-1.1593698985542151,0
XOL7AH3t,0.13311124507004288,0
EX_xol7ah3[e],0.13311124507004288,0
XOL7AONEt,0.9732715832160145,0
EX_xol7aone[e],0.9732715832161049,0
sink_xoldiolone[c],-0.4483149241189156,0
7KILTCHOLt,0.8179535161688999,0
EX_7klitchol[e],0.8179535161688999,0
sink_7klitchol[c],-0.8179535161688999,0
ACACT1r,0.06191190208382317,0
ACACt2,0.07028253243596654,0
ACCOAL,-0.695377764659924,0
ACONT,0.9801059052591277,0
ACS,0.26257543677997985,0
ADNCNT3tc,1,0
ADPT,-0.6562039574652488,0
ADSS,0.12952280806348587,0
ALAR,-0.9410152225233305,0
AMPTASECG,0.8311255954476588,0
ARGN,-0.2102957444601723,0
ASP1DC,0.5268647353875855,0
ASPTA,-1.7879043311603806,0
BPNT,0.15396995269017788,0
BUTt2r,1,0
CBPS,0.587199420610053,0
CPPPGO,0.319207573896193,0
CTPS1,0.9619240631523135,0
CTPS2,0.39146114798245046,0
CYSTS,0.6911416753363315,0
DGK1,-0.9307235569098907,0
DHFR,0.17199545522657556,0
DHORTS,-0.006007572199853909,0
DHPR,0.6634054886546957,0
DMATT,-0.13010951618791625,0
DPCOAK,0.5739533927693031,0
DTMPK,0.770425627238987,0
DURIPP,-0.7955289709075456,0
ENO,-0.02454197254738365,0
EX_acac[e],1,0
EX_asp_L[e],1,0
EX_but[e],0.1328647459610341,0
EX_dcyt[e],1,0
EX_dgsn[e],1,1
EX_duri[e],-1,0
EX_fe2[e],-0.24439981070305697,0
EX_gal[e],-1,0
EX_glyb[e],0.6510371483817664,0
EX_glyleu[e],-0.8927416086563683,0
EX_glyphe[e],-0.33441564654244604,0
EX_glypro[e],1.012894880539934,0
EX_ins[e],1.1835049588932707,0
EX_k[e],-0.31533300712488926,0
EX_na1[e],-0.034078287001712525,0
EX_o2[e],-1,0
EX_ppi[e],-0.7508114927182391,0
EX_ser_L[e],-1,0
EX_so4[e],-0.8699242267739986,0
EX_succ[e],0.04210001453941817,0
EX_urea[e],0.10409788609035624,0
EX_uri[e],0.6529489638444302,0
FBA,-1,1
FBA2,0.7524602700755539,0
FBP,0.09463995710236948,0
FCLTc,0.4001426131440886,0
FERO,-0.6830080803890599,0
FMNAT,0.4029842874412434,0
FPGS7,0.7380869815572108,0
FT,-0.06083390341639418,0
FUM,-0.19621579265566785,0
G3PD1,1.5905211431251935,0
G6PDH2r,1,0.42553069290732737
GALU,-0.2333398541648367,0
GALt2_2,-0.9696833784634402,0
GAPD,-0.005110386564443168,0
GF6PTA,0.4328195426395275,0
GHMT2r,0.903259962066806,0
GK1,0.7979820001574909,0
GLNS,-0.3734457773865585,0
GLYLEUHYDROc,0.8927416086563683,0
GLYLEUPEPT1tc,0.8927416086563683,0
GLYPHEHYc,0.33441564654244604,0
GLYPROPRO1c,-1.012894880539934,0
GMAND,0.25338191762757023,0
GMPS2,0.13832614475321237,0
GRTT,-0.13010951618791625,0
GTPCI,0.44223436032067726,0
GUAPRT,-0.5111727634626886,0
H2CO3D,0.002226666199854273,0
H2Ot,-0.1554250945270124,0
HEX1,0.22858923624419442,0
HMBS,0.7035949267253048,0
ILETA,0.025721590931359995,0
IMPD,0.9022928914057476,0
INSt2,-1.0701881668044622,0
LEUTA,2.1958524027575996,0
L_LACt2r,-0.16179471187757505,0
MAN1PT2,0.21774433150532252,0
MAN6PI,-0.15592029904097376,0
MTHFC,0.3536916303290136,0
MTHFD,0.2592153771776944,0
NADK,0.24746484810551928,0
NAt3_1,-1,8.536174989082213e-9
NDPK1,0.24037317409505757,0
NDPK2,-0.9722093454403035,0
NDPK3,-0.7711674651406678,0
NDPK4,-0.8891886036522216,0
NDPK5,-1.7348723226600435,0
NDPK6,-0.11187035023497532,0
NDPK7,-1.0363467210925876,0
NDPK8,0.9878112467586958,0
NDPK9,0.2511603460449449,0
NNDPR,0.5718150466544881,0
NTD1,0.01233678870433053,0
O2t,1,0
OMPDC,-0.7362036820469514,0
PGI,-0.22920347775347932,0
PGK,0.6325741577135449,0
PGL,0.85677612856463925,0
PGM,0.02454197254738365,0
PGMT,1.2020211672749948,0
PMANM,-0.28425415629338785,0
PNP,0.9840948374009145,0
PNTK,0.33145197198638643,0
PPA,-0.21577479779404987,0
PPBNGS,0.936183568360457,0
PPCDC,0.33145197198638643,0
PPM,0.0012238384065688724,0
PPNCL3,0.3619402069327373,0
PRO1x,-0.13422562141491398,0.9999982209908774
PROD2,0.9947162856820958,0
PROt2r,-0.4497746309584979,0
PRPPS,0.2469031842915514,0
PSERT,0.4426148660049087,0
PSP_L,-1,0
PTPAT,0.1433702011357449,0
PUNP1,0.19934229484802832,0
PUNP2,2.2237639903234507,0
PUNP3,-1.9769552052678223,0
PUNP4,0.4665223111962601,0
PUNP5,-3.5302293946358976,0
PUNP6,-0.05910151340551428,0
PUNP7,1.1268714405129854,0
RBFK,0.06334800580473506,0
RNDR1,0.17512857656505748,0
RNDR2,0.865724805694989,0
RNDR3,0.9387334715262848,0
RNDR4,0.01818186463479543,0
RPE,-0.9146713338666249,0
RPI,0.008660364904048043,0
SPMS,0.2507951722850352,0
SPODM,0.16354747737194741,0
TALA,-0.020214997667857077,0
TKT1,0.013668725822592515,0
TKT2,0.013668725822592515,0
TMDK1,0.32747256970919586,0
TPI,20.70384396177645,0
UAG4E,0.32026872190869593,0
UAGDP,0.3069525577918055,0
UDPG4E,0.20408967105421474,0
UMPK,-1.0517313327354014,0
UPP3S,0.319207573896193,0
UPPDC1,0.319207573896193,0
URIt2r,-1,0
VALTA,-0.2799970721844652,0
r0082,0.45841723389819095,0
r0127,-0.678672654036167,0
r0220,-0.2697244375918297,0
r0318,-0.2697244375918297,0
r0345,-0.31814024267469415,0
r0398,0.07402307379198281,0
r0422,0.45841723389819095,0
r0570,-0.03548405430101301,0
r0671,0.26814116671730226,0
ACCOAC,0.08096871042378972,0
FPGS,-0.08427500862387548,0
EX_pnto_R[e],-2697.50084273575,0
GLYt2r,-0.9681533237346088,0
ALAt2r,-0.8256338781147687,0
NTD2,0.8949608388549404,0
NTD4,-0.3429041804755279,0
NTD5,-0.0715038808602415,0
NTD6,0.7221613939028521,0
NTD7,0.1324391824979953,0
NTD8,0.7689960196588819,0
NTD9,0.5233842819679807,0
NTD10,0.18673666906947334,0
NTD11,0.6321295914637731,0
NADS2,0.8207247964704291,0
GUAt,4.787143485699024,0
ADPRDP,0.18910767392790373,0
EX_ind3ac[e],0.12281680051432609,0
EX_ac[e],0.5083138001835097,0
ALCD1,-0.5808253673937143,0
ADNK1,-0.15585273771228736,0
GCALDD,0.30685035317193843,0
ABUTD,0.5056566058458336,0
AICART,0.32635958216558186,0
ALDD2x,-0.15718477592097016,0
AMANK,0.2566701668828872,0
ARGSL,0.5677241578163295,0
CSND,0.7966526799280799,0
CYTK1,-5.363380676995929,0
CYTK2,-0.7145428665299313,0
EX_acgam[e],0.4899683784127122,0
EX_csn[e],-0.7966526799280795,0
EX_galt[e],-0.1158234414562544,0
EX_glcr[e],0.75873602320486,0
EX_glcur[e],-0.7605347588788474,0
EX_hxan[e],1.0251927839347745,0
EX_malt[e],-1,0
EX_spmd[e],8.686976517674731,0
EX_trp_L[e],1,0
EX_ura[e],-0.295709898786371,0
EX_xyl_D[e],-0.8088462368654104,0
FACOAL161,0.41174108308855023,0
G6PDA,0.26856402983354394,0
GALK,0.6924091576443446,0
GALT,0.8722509947378052,0
GLUPRT,0.04003030973122788,0
GLXO1,0.29479970869795674,0
GLYOX,-0.5913199963164778,0
GND,0.5206168544900979,0
HEX7,-0.10482056451906785,0
HISD,-0.7380274886668122,0
HXPRT,-0.7313149152012551,0
HYXNt,-1.0251927839347745,0
IMACTD,0.18482219442000658,0
IMPC,-0.32635958216558186,0
IZPN,-0.7380274886668566,0
LCADi,-0.877359265958278,0
LDH_L,0.2651217869227116,0
LGTHL,-0.3717525005336721,0
MALT,0.31845847034228586,0
MDH,-1.0105852920124285,0
MI1PP,0.24176225552470068,0
MI3PP,0.14229990512574037,0
MI4PP,0.2166263477755838,0
NT5C,0.054779534898413064,0
NTD3,0.6741774228104683,0
NTD5_a,0.9840948374009145,0
ORNDC,0.3453343035016756,0
PFK,-0.3221588674131616,0
PHETA1,0.05734061801473215,0
PIt7,-0.643006461939351,0
PRFGS,0.04003030973122788,0
PYDAMK,0.3294091352037425,0
PYDXNK,-0.029949634044521983,0
PYK,0.05077521767880724,0
TMDS,0.42874537841900223,0
TYRTA,-1.8634155446142588,0
XYLt,0.8088462368654104,0
r0392,-0.8465373924809122,0
r0792,-2.664113481804988,0
r1667,-1,0
EX_34dhpha[e],0.4808332228995386,0
EX_arab_L[e],9.128045661960286e-4,0
EX_gam[e],-0.4400109577731117,0
URCN,-0.7380274886668566,0
PYRt2r,0.027819324077545334,0
EX_tre[e],0.1510519530378252,0
DCMPDA,0.0222699725550308,0
FTHFL,0.10798584502803363,0
EX_etoh[e],0.30776435023006893,0
ETOHt,-0.30776435023006893,0
THMt3,NA,1
AACOAT,0.08690194250635937,0
EX_pheme[e],0.24439981070314767,0
FORTHFC,0.13831870928847242,0
GLNt4,-0.8699425176756745,1
MTRI,0.5853513192604864,0
NADN,-1,0
MTHFD2,-0.159667341652594,0
EX_gua[e],-4.787143485699024,0
AHC,-0.7971605269541728,0
ABUTt2r,0.28725225158091766,0
EX_taur[e],-1,0
EX_phpyr[e],0.23939494090536412,0
EX_2hyoxplac[e],0.20577016675653315,0
PHPYRte,-0.23939494090536412,0
PHPYRtm,0.5633977781380725,0
CE4970tm,0.37163641426135485,0
CE4970te,0.37163641426135485,0
EX_CE4970[e],0.37163641426135485,0
CE2026tm,0.3154353530909851,0
CE2026te,0.3154353530909851,0
EX_CE2026[e],0.3154353530909851,0
CE4968tm,0.7822301497797265,0
CE4968te,0.7822301497797265,0
EX_CE4968[e],0.7822301497797265,0
VANILPYRc,-0.8523497643343831,0
VANILLACc,-0.8523497643343831,0
VANILLACte,-0.8523497643343831,0
EX_vanillac[e],-0.8523497643343831,0
2H3MVc,0.03898708109068599,0
2H3MVte,0.03898708109068599,0
EX_2h3mv[e],0.03898708109068599,0
2HIVc,-0.14980634351691177,0
2HIVte,-0.14980634351691177,0
EX_2hiv[e],-0.14980634351691177,0
2M3OVCOAm,-0.384966203356171,0
2M3OVACm,-0.384966203356171,0
2M3OVACtm,-0.384966203356171,0
2M3HVACc,-0.384966203356171,0
2M3HVACte,-0.384966203356171,0
EX_2m3hvac[e],-0.384966203356171,0
PPIOGLYc,0.6737992890931314,0
PPIOGLYtm,0.6737992890931314,0
PPIOGLYte,0.6737992890931314,0
EX_ppiogly[e],0.6737992890931314,0
TIGGLYc,0.47869289244648944,0
TIGGLYtm,0.47869289244648944,0
TIGGLYte,0.47869289244648944,0
EX_tiggly[e],0.47869289244648944,0
TD2GLTRCOAm,0.6584510693962695,0
3HGLUTCOAm,0.6584510693962695,0
3OHGLUTACm,0.6584510693962695,0
3OHGLUTACtm,0.6584510693962695,0
3OHGLUTACOAT3t,0.6584510693962695,0
EX_3ohglutac[e],0.6584510693962695,0
3HADICOAx,0.6195156848778185,0
3HADPACx,0.6195156848778185,0
3HADPACtxc,0.6195156848778185,0
3HADPACte,0.6195156848778185,0
EX_3hadpac[e],0.6195156848778185,0
3OHSEBCOAx,0.872883509832311,0
3OHSEBACx,0.872883509832311,0
3OHSEBACtxc,0.872883509832311,0
3OHSEBACte,0.872883509832311,0
EX_3ohsebac[e],0.872883509832311,0
3OHSUBCOAx,-0.3261897002749565,0
3OHSUBACx,-0.3261897002749565,0
3OHSUBACtxc,-0.3261897002749565,0
3OHSUBACte,-0.3261897002749565,0
EX_3ohsubac[e],-0.3261897002749565,0
HEXGLYc,-0.3420197251641583,0
HEXGLYte,-0.3420197251641583,0
EX_hexgly[e],-0.3420197251641583,0
SUBGLYc,0.2816656364728418,0
SUBGLYte,0.2816656364728418,0
EX_subgly[e],0.2816656364728418,0
AK2LGCHOLABCt,0.4211157858407062,0
CE2510ABCt,0.4766181794074603,0
CE2537ABCt,0.5031942322496576,0
NRVNCABCt,0.7308046804399465,0
PAFABCt,0.5426772643096074,0
PAILPALM_HSSECt,-0.7796011843916477,0
PAILR_HSSECt,-0.721152246157892,0
PCHLN225_HSABCt,0.2599412951845761,0
PCHOL2LINL_HSABCt,0.5493849938630635,0
PCHOL2OLE_HSABCt,0.1699545873739858,0
PCHOL2STE_HSABCt,0.09449145293422433,0
PCHOLAR_HSABCt,0.39575027306531946,0
PCHOLDOC_HSABCt,0.4295443794561478,0
PCHOLEIC_HSABCt,0.15359708443006265,0
PCHOLET_HSABCt,0.11844402967790862,0
PCHOLHEP_HSABCt,0.1863852444808867,0
PCHOLLINL_HSABCt,0.24993707914669286,0
PCHOLMYR_HsABCt,0.28592684837451116,0
PCHOLN15_HSABCt,0.09974656817932663,0
PCHOLN183_HSABCt,0.3566016510977274,0
PCHOLN1836_HSABCt,0.38788991813490015,0
PCHOLN19_HSABCt,0.4124786912047305,0
PCHOLN201_HSABCt,-0.04085228522245167,0
PCHOLN203_HSABCt,0.43919985512519566,0
PCHOLN204_HSABCt,-0.11200318684775905,0
PCHOLN205_HSABCt,0.20072888379914874,0
PCHOLN224_HSABCt,0.3021595759836732,0
PCHOLN225_HSABCt,0.25547758974772733,0
PCHOLN2254_HSABCt,0.0058986212997545005,0
PCHOLN264_HSABCt,0.02322908172139779,0
PCHOLOLE_HSABCt,0.36076467422378045,0
PCHOLPALME-HSABCt,-0.10946063986435912,0
PCHOLSTE_HSABCt,0.26320103001003664,0
PE12_HSABCt,0.27990015331891516,0
Pe13_HSABCt,0.09924662712139218,0
PE14_HSABCt,0.13785762740336066,0
PE15_HSABCt,0.24779679629752516,0
PE161_HSABCt,0.45708689279766607,0
PE17_HSABCt,0.13194832014221655,0
PE203_HSABCt,0.26760855574250436,0
PE226_HSABCt,0.2582236269595247,0
PE2LINL_HSABCt,0.3255600850755316,0
PEAR_HSABCt,0.23529659865366015,0
PEDH203_HSABCt,0.20600797412373958,0
PELINL_HSABCt,0.3420560090567162,0
PELPALM_HSABCt,0.3210842544321583,0
PEOLE_HSABCt,0.05401152519999521,0
PEPALM_HSASBCt,0.19086746346772834,0
PESTE_HSABCt,-0.30284594275251037,0
SPHMYLN180241_hs_SECt,-0.045635451445596636,0
SPHMYLN18114_hs_SECt,0.9711510640956139,0
SPHMYLN18115_hs_SECt,0.06461932712702521,0
SPHMYLN18116_hs_SECt,0.3019747142608561,0
SPHMYLN181161_hs_SECt,0.19945349660865438,0
SPHMYLN18117_hs_SECt,0.3874691829330402,0
SPHMYLN18118_hs_SECt,0.5036976474407366,0
SPHMYLN181181_hs_SECt,0.3011281170642996,0
SPHMYLN18120_hs_SECt,0.42521239681249207,0
SPHMYLN181201_hs_SECt,0.3226760287428147,0
SPHMYLN18121_hs_SECt,0.42025544849832097,0
SPHMYLN18122_hs_SECt,-0.5685354009601127,0
SPHMYLN181221_hs_SECt,0.3374877054121213,0
SPHMYLN18123_hs_SECt,0.26144978328657537,0
SPHMYLN1824_hs_SECt,0.8166672121390408,0
SPHMYLN1825_hs_SECt,0.5076246219186835,0
AK2LGCHOLt1,0.8282561706140978,0
APRGSTRNt1e,1.4364119574086904,0
PAFt1,-1,0
PESTE_HSt1e,-0.30284594275251037,0
2HYDOGOAT3t,-0.9606553333993122,0
2HYDOGte,0.9606553333993122,0
GLUTAROAT3t,0.0433278102354649,0
GLUTARte,-0.0433278102354649,0
THEXDDm,0.32587081458311123,0
THEXDDtm,0.32587081458311123,0
THEXDDte,0.32587081458311123,0
EX_thexdd[e],0.32587081458311123,0
HEXDTRm,0.4317617496123473,0
HEXDTRtm,0.4317617496123473,0
HEXDTRte,0.4317617496123473,0
EX_hexdtr[e],0.4317617496123473,0
HPDECECOAm,0.48269599539197783,0
HPDECEm,0.48269599539197783,0
HPDECEtm,0.48269599539197783,0
HPDECEte,0.48269599539197783,0
EX_hpdece[e],0.48269599539197783,0
EIC21114TRc,0.759426619357414,0
EIC21114TRte,0.759426619357414,0
EX_eic21114tr[e],0.759426619357414,0
5EIPENCm,0.050543521396042436,0
5EIPENCtm,0.050543521396042436,0
5EIPENCte,0.050543521396042436,0
EX_5eipenc[e],0.050543521396042436,0
T4HCINNMte,-0.03193814940699834,0
AGRMte,-1.6676743446757172,0
11DOCRTSTRNte,0.16239990877995095,0
17AHPRGSTRNte,1,0
MMAt2e,-0.13815686311478784,0
SAMHISTAe,-0.6188788651083037,0
CE2006te,0.03415980533423069,0
GLCRt1,-0.75873602320486,0
2HYOXPLCte,0.20577016675653315,0
N8ASPMDte,0.24841083619533436,0
MHISTAte,-0.3254097438432937,0
CE4890te2,-1,0
C09642te,0.3236635711423376,0
MLTHFte,0.8397096902797345,0
TYMte2,-1,0
TRYPTAte,-1,0
CE4890te,-1,0
SELMETHte,NA,1
CE7090te,0.3391925097467474,0
CE7085te,-0.014374509883583183,0
CE7096te,0.471628207909575,0
CE4877te,0.1771646474607631,0
CE1447te,0.3184715700696671,0
C05769te3,NA,1
C05770te4,NA,1
CE2705t,-0.1424754263120921,0
SPHS1Pt2e,0.21652207779888186,0
MMAte,0.8175220536945239,0
PTRCARGte,NA,1
MLTHFte2,-1,0.9949836431869407
TYMte,1,0
13DAMPPte,0.01467079673123713,0
HDD2CRNte2,1,0
MLTHFte1,0.8352279657277598,0
ARGN1ASPMDte,-0.11635059548840243,0
CE1918te,0.5074589958128529,0
34DHPHAte,0.4808332228995386,0
34DHOXMANDte,0.20360120615476804,0
CE6205te,0.5577565574723482,0
1A25DHVITD3te,0.07342709779629406,0
ISOBUTtm,-0.2954823635334321,0
ISOBUTte,-0.2954823635334321,0
EX_CE4969[e],-0.2954823635334321,0
AGRMtm,-1.6676743446757174,0
EX_agm[e],-1.6676743446756401,0
T4HCINNMtm,-0.03193814940699834,0
EX_T4hcinnm[e],-0.03193814940699834,0
CE7081tr,0.8042293387079891,0
CE7081tm,-1,0
EX_CE7081[e],-1,0
EGMEtr,0.1368800339228324,0
EGMEte,0.24523117796504476,0
EX_egme[e],0.24523117796504476,0
12HARACHDtr,0.2990458978780506,0
12HARACHDte,0.2990458978780506,0
EX_12harachd[e],0.2990458978780506,0
18HARACHDtr,0.580927115473321,0
18HARACHDte,0.580927115473321,0
EX_18harachd[e],0.580927115473321,0
EX_orn_D[e],-0.07959053233303136,0
5G2OXPTtx,0.10831623991926806,0
5G2OXPTte,0.10831623991926806,0
EX_5g2oxpt[e],0.10831623991926806,0
EX_ahandrostan[e],-0.04266891549433228,0
EX_11docrtstrn[e],0.16239990877995095,0
EX_17ahprgstrn[e],1,0
35DIODTYRte,-1,0
EX_35diotyr[e],-1,0
EX_34dhoxmand[e],0.20360120615476804,0
FNA5MOXAMte,1,0
EX_fna5moxam[e],1,0
EX_CE7090[e],0.3391925097467474,0
EX_CE7085[e],-0.014374509883583183,0
EX_CE7096[e],0.471628207909575,0
EX_CE4877[e],0.1771646474607631,0
EX_CE1447[e],0.3184715700696671,0
EX_CE2006[e],0.03415980533423069,0
EX_n8aspmd[e],0.24841083619533436,0
EX_CE6205[e],0.5577565574723482,0
EX_trypta[e],-1,0
EX_C09642[e],0.3236635711423376,0
C05769te2,0.8082530400448695,0
EX_C05769[e],0.80825305009053106,0
C05770te3,NA,1
EX_mhista[e],-0.6083590195327817,0
PPBNGte,1.8949345562951472,0
EX_ppbng[e],1.894934556298804,0
EX_13dampp[e],0.014670796727605677,0
12PPDRte,1,0
EX_12ppd_R[e],1,0
AMETAMte,-0.004408461563519851,0
EX_ametam[e],-0.004408461563519851,0
XYLULte,-1,1
EX_xylu_L[e],-1,1
SPHGNSte,0.15957612561370235,0
EX_sphings[e],0.16066582370890753,0
EX_hdd2crn[e],-1,0
IM4ACte,-0.18482219442044945,0
EX_im4ac[e],0.18482219442000658,0
EX_CE1918[e],-0.5074589958128529,0
AACTte,1,0
EX_aact[e],-1,0
EX_CE2705[e],0.1424754263120921,0
SELMETHt2e,NA,1
EX_N1aspmd[e],-0.11635059548840243,0
EX_1a25dhvitd3[e],-0.07342709779629406,0
CE2049te,0.28010300194995685,0
EX_CE2049[e],0.28010300194995685,0
CE2047te,0.23287281141786625,0
EX_CE2047[e],0.23287281141786625,0
EX_coke[e],-0.24523117796504476,0
COKEte,0.24523117796504476,0
COKEtr,0.1368800339228324,0
EX_5a2opntn[e],0.07959053233255693,0
5A2OPNTNte,0.07959053233294573,0
5A2OPNTNtx,0.07959053233294573,0
ARG_Dtx,0.10831623991926806,0
ARG_Dte,0.10831623991926806,0
EX_arg_D[e],-0.1083162399184256,0
UDPG4DOPA,0.47038439921033987,0
UDPG3DOPA,0.10025412340390176,0
TYRDOPOX,0.4729247026513126,0
34DHPEAR,-0.5045360168195517,0
DOPA4GLCURt,0.47038439921033987,0
EX_dopa4glcur[e],0.47038439921033987,0
DOPA3GLCURt,0.10025412340390176,0
EX_dopa3glcur[e],0.10025412340390176,0
CE5026t,0.5635686809298555,0
GGTe_1,-1.0102403689058903,0
DOPACCL,0.555678697342724,0
NADPQNOXR,NA,1
NADQNOXR,-0.012765664290203723,0.6398676131245755
DACT,-0.0030012379052059422,0.31339171904952234
TYRDHINDOX,0.3770624617128497,0
CE5025t,0.5628876236139203,0
EX_CE5025[e],0.5628876236139203,0
ACER11r,-0.6448227095169216,0
ACER12r,-0.39778274939610314,0
ACER21g,-0.16903847389608825,0
ACER22g,-0.08984722788378305,0
ACER23g,0.30383202987611607,0
ACER31r,0.3322989683110162,0
BGAL1e,0.042719557475802195,0
BGAL1l,0.2523554718511578,0
BGAL2l,0.8508566096667778,0
BGAL3l,0.6313308449732395,0
DES21,0.31831245915308487,0
EX_gd3_hs[e],-0.15655613093867765,0
EX_gluside_hs[e],-0.38076690519646805,0
GA1tl,0.8508566096667778,0
GALGLUSIDEtg2,-0.29578586611326974,0
GBA2e,0.1181232254834978,0
GD3tg,0.7348012250314399,0
GD3tl,-0.3587889458390542,0
GLA2l,0.34227356595959535,0
GM2tg,0.36645369581791876,0
GM2tl,0.5041960775342212,0
HEXA1l,0.3720778524200631,0
HEXA2l,0.6313308449732395,0
HEXA3e,0.8112096488337941,0
HEXAHBl,0.8508566096667778,0
NEU11l,0.43121995009288183,0
NEU21,0.4272729163389033,0
NEU22,0.5729331447094926,0
NEU23,0.35021613276556934,0
NEU24,0.253277334597082,0
NEU25,0.14949656924850385,0
NEU31e,0.8112096488337941,0
SMS1S2,0.0994872934761052,0
SMS21e,0.1181232254834978,0
SMSn,0.49130393316420257,0
SPHK11,0.31831245915308487,0
SPHK21n,0.6271596861348017,0
SPHK22n,0.3198191443232416,0
SPHMYLNtl2,1,0
SPMD3n,0.49130393316420257,0
NH4tr,0.5347016228753049,0
WHTSTSTERONEtr,-0.5776540084442308,0
TETTET6COAtm,0.9600575250369722,0
TETPENT6COAtm,1.0001021727298651,0
TETPENT3COAtm,0.18280981596230567,4.0071279627795775e-12
THCRMtl,-1,0
PCHOL_HStn,0.49130393316420257,0
CHOLPtn,-0.49130393316420257,0
DAG_HStg,0.0994872934761052,0
PHCRMtg,0.30383202987611607,0
PHCRMter,0.3322989683110162,0
SPHGNtn,0.3198191443232416,0
SPHGNtg,0.08984722788378305,0
SPHINGStn,0.6271596861348017,0
SPHINGStg,0.16903847389608825,0
DHCRMtg,-0.08984722788378305,0
DHCRMter,-0.39778274939610314,0
PHSPHINGStg,0.30383202987611607,0
PHSPHINGStr,0.3322989683110162,0
sink_34dhpac[c],-1,0
34DHPEt,0.5045360168195517,0
EX_34dhpe[c],-0.5045360168195517,0
DM_sph1p[n],0.3198191443232416,0
DM_sphs1p[n],0.6271596861348017,0
GALSIDEter,0.18880191676105168,0
Rtotalter,0.488599573924331,0
Rtotaltg,0.10131299932074635,0
DM_phsph1p[c],0.31831245915308487,0
ATPtg,0.04681605677398098,0
GD1Btl,0.6313308449732395,0
GD3tlc,-0.29988207584818455,0
DM_pail35p_hs[n],0.951857110625609,0
CATr,0.02665275823883341,0
DM_pcreat[c],0.3473829065182575,0
DM_k[g],0.31533300712488926,0
DM_na1[g],0.034078287001712525,0
DM_15HPET[n],0.31929809050619895,0
DM_15HPET[x],0.507220111806586,0
DM_15HPET[r],0.10741930938461453,0
EX_CE5026[e],1,0
EX_5cysgly34dhphe[e],-1.0102403689058903,0
EX_galgluside_hs[e],0.2906932099181893,0
EX_ga1_hs[e],-1,0
EX_gm2_hs[e],-0.7050046018787122,0
HMR_0003,0.6927740207883903,0
HMR_0019,NA,1
HMR_0020,NA,1
HMR_0155,1,0.004481700042825332
HMR_0156,-0.3042103545776387,0
HMR_0164,0.20398298159741698,0
HMR_0165,0.2039829815974168,0
HMR_0166,0.20398298159741698,0
HMR_0167,0.032091456910619376,0
HMR_0168,0.032091456910619376,0
HMR_0170,0.5926143174664924,0
HMR_0171,0.5926143174664924,0
HMR_0172,0.592614317466512,0
HMR_0176,0.3604951476335306,0
HMR_0177,0.3522406500017927,0
HMR_0178,0.3522406500017927,0
HMR_0180,0.45795097300865656,0
HMR_0182,-0.43489335080319796,0
HMR_0183,0.0798894092052722,0
HMR_0184,0.0798894092052722,0
HMR_0185,0.0798894092052722,0
HMR_0188,0.6210154318069577,0
HMR_0189,0.7360854714884558,0
HMR_0191,-0.06162815544333608,0
HMR_0192,0.5181876735946642,0
HMR_0193,0.5181876735946642,0
HMR_0194,-0.06162815544333608,0
HMR_0197,0.5709652196106215,0
HMR_0200,0.34538125030778005,0
HMR_0201,-0.8872425129953598,0
HMR_0203,0.032250149095839904,0
HMR_0204,0.22493243533612148,0
HMR_0206,0.31463028079976,0
HMR_0207,0.201980848946187,0
HMR_0208,-0.019563979396415312,0
HMR_0209,-0.00534973415390534,0
HMR_0210,0.06969688319455186,0
HMR_0211,0.04770071759179383,0
HMR_0214,0.3093231992430906,0
HMR_0215,0.051207902706007384,0
HMR_0230,0.6239069223342171,0
HMR_0232,0.0999499109048072,0
HMR_0233,0.32073493260266644,0
HMR_0234,0.32073493260266644,0
HMR_0235,0.0999499109048072,0
HMR_0238,0.22938901338741163,0
HMR_0239,0.17399414639550287,0
HMR_0240,-0.10879981772764465,0
HMR_0241,0.6017297050468372,0
HMR_0242,0.6017297050468372,0
HMR_0243,-0.10879981772764465,0
HMR_0244,-0.304216428745165,0
HMR_0245,0.5417028215828514,0
HMR_0246,0.5417028215828514,0
HMR_0247,-0.304216428745165,0
HMR_0253,0.4970677707782806,0
HMR_0254,-0.057273911754013924,0
HMR_0255,0.47977871935664484,0
HMR_0256,0.47977871935664484,0
HMR_0257,-0.057273911754013924,0
HMR_0259,0.5787755120862854,0
HMR_0260,0.49177173775615934,0
HMR_0261,0.517900465691213,0
HMR_0267,0.5667385315238754,0
HMR_0268,0.842952936967385,0
HMR_0270,0.5109278619128723,0
HMR_0271,-0.9677453910992528,0
HMR_0272,-0.9677453910992533,0
HMR_0273,0.5109278619128723,0
HMR_0276,0.7099618912568753,0
HMR_0277,-0.16345919027899983,0
HMR_0278,0.027333986110710008,0
HMR_0279,0.30176481640132957,0
HMR_0280,0.6777435920986931,0
HMR_0281,0.08602968181574375,0
HMR_0287,0.38097469051389177,0
HMR_0288,0.1696886929680567,0
HMR_0289,0.46143784583207176,0
HMR_0290,0.46143784583207176,0
HMR_0291,0.1696886929680567,0
HMR_0292,0.9443134037838626,0
HMR_0293,-0.270740184721033,0
HMR_0296,-0.029103885126763988,0
HMR_0297,0.1274241322851316,0
HMR_0298,0.1274241322851316,0
HMR_0299,-0.029103885126763988,0
HMR_0300,0.13514776950748245,0
HMR_0301,0.2999600943001093,0
HMR_0302,0.2999600943001093,0
HMR_0303,0.13514776950748245,0
HMR_0304,0.1876308972605935,0
HMR_0305,0.4173527070435871,0
HMR_0306,0.4173527070435871,0
HMR_0307,0.1876308972605935,0
HMR_0308,0.09237925220411675,0
HMR_0309,0.3728901429502312,0
HMR_0310,0.5042596898555917,0
HMR_0311,-0.04974746436097481,0
HMR_0317,0.19437535433419634,0
HMR_0319,0.07820290356287779,0
HMR_0321,0.3365926917801624,0
HMR_0322,-0.09226559603160654,0
HMR_0323,0.16303167438643987,0
HMR_0324,0.16303167438643987,0
HMR_0325,-0.09226559603160654,0
HMR_0326,0.054480110388698405,0
HMR_0327,0.48851533393630875,0
HMR_0328,0.48851533393630875,0
HMR_0329,0.054480110388698405,0
HMR_0342,0.10990201799494664,0
HMR_0343,0.07306861896080341,0
HMR_0344,0.14696701775806836,0
HMR_0345,0.1738884541620297,0
HMR_0346,0.1738884541620297,0
HMR_0347,0.14696701775806836,0
HMR_0350,0.8900005734880002,0
HMR_0354,0.23252363488326233,0
HMR_0358,0.6531787555367774,0
HMR_0359,-0.18015302573858297,0
HMR_0362,0.5558607579973107,0
HMR_0363,-0.13163184502502082,0
HMR_0366,0.5563358220261336,0
HMR_0367,0.5308603282416631,0
HMR_0370,0.31640019745275805,0
HMR_0371,-0.24180166225217475,0
HMR_0374,0.1314691882225914,0
HMR_0375,0.29216770041265017,0
HMR_0378,0.15614732384936278,0
HMR_0380,-0.10521361197019352,0
HMR_0381,0.21937834646097004,0
HMR_0382,0.21937834646097004,0
HMR_0383,-0.10521361197019352,0
HMR_0384,-0.06986345213836694,0
HMR_0385,0.4542024200434722,0
HMR_0386,0.4542024200434722,0
HMR_0387,-0.06986345213836694,0
HMR_0388,-0.0907101868462524,0
HMR_0389,0.2433000346353081,0
HMR_0390,0.5185402888207397,0
HMR_0391,0.08715359991254067,0
HMR_0392,-0.06118691127841718,0
HMR_0393,0.16568828133348223,0
HMR_0394,0.3820714472192694,0
HMR_0395,0.2420691622709538,0
HMR_0398,0.8354969443945949,0
HMR_0402,-0.1759495289612491,0
HMR_0406,0.5903062643551172,0
HMR_0410,-0.07413636558104196,0
HMR_0414,0.359138108516136,0
HMR_0415,-0.25929180618839814,0
HMR_0418,0.3050500360149917,0
HMR_0419,0.47733839165117453,0
HMR_0422,0.14050858561423338,0
HMR_0423,0.21802658420102258,0
HMR_0426,0.3221558545321404,0
HMR_0427,0.327920209093609,0
HMR_0428,-0.1527497235117138,0
HMR_0429,0.15581101877814213,0
HMR_0430,0.42728500133388464,0
HMR_0431,-0.20055301210544052,0
HMR_0432,0.2079948626652902,0
HMR_0433,0.14585632960960265,0
HMR_0434,0.14585632960960265,0
HMR_0435,0.2079948626652902,0
HMR_0436,0.1993498179445672,0
HMR_0437,0.2919401307050856,0
HMR_0438,0.2919401307050856,0
HMR_0439,0.1993498179445672,0
HMR_0467,-0.062338671258771086,0
HMR_0478,-0.9274149053185361,0.9999991809402433
HMR_0482,-0.08039465845252253,0
HMR_0582,0.42045375195381807,0
HMR_0593,0.14500882629021128,0
HMR_0597,0.5356635742404634,0
HMR_0598,0.2751071707824087,0
HMR_0601,0.145008826293246,0
HMR_0614,0.20665192857870682,0
HMR_0625,0.5356635742404634,0
HMR_0629,0.5356635742404634,0
HMR_0641,-0.31289813171193714,0
HMR_0642,0.2751071707824087,0
HMR_0653,0.1861783404104771,0
HMR_0654,0.1861783404104771,0
HMR_0657,0.1861783404104771,0
HMR_0672,0.145008826293246,0
HMR_0678,0.145008826293246,0
HMR_0750,0.3656772505754142,0
HMR_0753,-0.145008826293246,0
HMR_0758,0.35986988958965754,0
HMR_0761,0.3941227047133585,0
HMR_0765,0.039781246926651116,0
HMR_0767,0.056125382617446914,0
HMR_0770,-0.37536793293592774,0
HMR_0775,-0.06049763704459904,0
HMR_0783,0.21652207779888186,0
HMR_0793,0.5303834195552807,0
HMR_0795,0.7470934486251799,0
HMR_0803,0.49982514057331984,0
HMR_0805,-0.0612080481275749,0
HMR_0806,0.20655053449541105,0
HMR_0807,0.391221104339325,0
HMR_0808,0.47918370088662937,0
HMR_0809,0.12718445502716538,0
HMR_0810,0.7498353979775624,0
HMR_0811,0.7498353979775624,0
HMR_0812,0.12718445502716538,0
HMR_0814,0.12718445502716538,0
HMR_0816,0.8137554592449823,0
HMR_0817,0.2844750443921205,0
HMR_0819,0.6852321036003934,0
HMR_0821,0.21591895468783062,0
HMR_0822,0.36256593645499957,0
HMR_0823,0.2012205479854191,0
HMR_0825,-0.2584535256482931,0
HMR_0828,-0.2584535256482931,0
HMR_0829,-0.001195926006102145,0
HMR_0830,0.47828188397005084,0
HMR_0831,-0.40719636000415754,0
HMR_0835,0.4987759668154959,0
HMR_0836,0.4987759668154959,0
HMR_0837,0.3250481494426522,0
HMR_0839,0.1700078147112381,0
HMR_0842,-1,0
HMR_0843,0.7186604325667877,0
HMR_0844,0.43399064709453217,0
HMR_0846,0.6350251038144415,0
HMR_0847,0.44001548582051403,0
HMR_0855,0.5847565679299759,0
HMR_0859,0.23379216182705673,0
HMR_0860,0.2396817473081586,0
HMR_0864,0.2396817473081586,0
HMR_0867,0.44588804868376186,0
HMR_0868,0.04509484619742208,0
HMR_0870,0.44588804868376186,0
HMR_0873,-0.04509484619742208,0
HMR_0875,0.22538997757891338,0
HMR_0876,-0.025340760939827473,1.1102230246251565e-15
HMR_0878,-0.025340760939827473,1.1102230246251565e-15
HMR_0889,0.4227183912462625,0
HMR_0890,0.4227183912462625,0
HMR_0906,0.6702711543269335,0
HMR_0907,0.6702711543269335,0
HMR_0908,0.6702711543269335,0
HMR_0909,0.6702711543269335,0
HMR_0911,0.19327540696297224,0
HMR_0912,0.1243289827710811,0
HMR_0913,0.1243289827710811,0
HMR_0942,0.40254799587377815,0
HMR_0946,0.29152925873654345,0
HMR_0950,0.2107861890666694,0
HMR_0954,-0.012659883476030954,0
HMR_0960,0.3966836132256724,0
HMR_0962,0.2374618240026259,0
HMR_0963,0.2374618240026259,0
HMR_0979,0.2174467086063397,0
HMR_0981,-0.10187536729496534,0
HMR_0984,0.31929809050619895,0
HMR_0985,0.31929809050619895,0
HMR_0986,0.10741930938461453,0
HMR_0987,0.507220111806586,0
HMR_1033,0.6828847549007759,0
HMR_1039,0.6828847549007759,0
HMR_1077,0.6828847549007759,0
HMR_1081,0.9777086705026107,0
HMR_1084,0.6996211188185874,0
HMR_1095,-1.2529722760783941,0
HMR_1102,0.2756360006365614,0
HMR_1126,0.1694982876501689,0
HMR_1127,0.11146760851655567,0
HMR_1129,0.8055385535668615,0
HMR_1135,-0.6281394147441669,0
HMR_1242,0.6281394147441669,0
HMR_1243,-0.11146760851655567,0
HMR_1280,-0.20934663444211504,0
HMR_1284,-0.2756360006365614,0
HMR_1305,0.24149210779483982,0
HMR_1307,0.24149210779483982,0
HMR_1311,0.9018758784644291,0
HMR_1312,-0.9795635684617156,0
HMR_1317,1,0
HMR_1321,1.0329176607875314,0
HMR_1325,-0.999999988859478,0
HMR_1329,0.7359806228652916,0
HMR_1331,-0.9302239349268638,0
HMR_1332,-0.17716464746043623,0
HMR_1388,0.47565211470026203,0
HMR_1390,0.41675543844563934,0
HMR_1392,0.41675543844563934,0
HMR_1465,-0.1650747219379126,0
HMR_1470,0.1650747219379126,0
HMR_1473,0.1650747219379126,0
HMR_1490,0.08468925521238638,0
HMR_1493,0.08468925521238638,0
HMR_1494,0.08468925521238638,0
HMR_1495,0.06389309887590831,0
HMR_1496,0.11966561474440374,0
HMR_1502,0.08468925521238638,0
HMR_1503,0.08468925521238638,0
HMR_1504,0.08468925521238638,0
HMR_1505,0.08468925521238638,0
HMR_1509,0.08468925521238638,0
HMR_1512,0.08468925521238638,0
HMR_1516,0.08468925521238638,0
HMR_1526,0.08468925521238638,0
HMR_1532,-0.12415742878203001,0
HMR_1536,-0.1035389282526877,0
HMR_1538,-0.1035389282526877,0
HMR_1539,-0.1035389282526877,0
HMR_1540,-0.1035389282526877,0
HMR_1543,0.28835346501476405,0
HMR_1544,0.28835346501476405,0
HMR_1545,0.28835346501476405,0
HMR_1546,0.28835346501476405,0
HMR_1547,0.28835346501476405,0
HMR_1548,0.28835346501476405,0
HMR_1549,0.28835346501476405,0
HMR_1550,0.28835346501476405,0
HMR_1551,0.28835346501476405,0
HMR_1552,0.28835346501476405,0
HMR_1557,-0.006951116558756123,0
HMR_1558,0.5773205639926865,0
HMR_1565,0.26182220856575533,0
HMR_1620,-0.23336092410666043,0
HMR_1623,2.3693982713014288,0
HMR_1627,-0.00239234586067493,0
HMR_1629,0.22401963295365498,0
HMR_1630,0.27318417266987555,0
HMR_1631,-7.173508479011185,0
HMR_1637,0.45104030194290673,0
HMR_1651,0.27318417266987555,0
HMR_1653,0.27318417266987555,0
HMR_1665,1,0
HMR_1666,0.474944538345694,0
HMR_1681,0.11903264698484581,0
HMR_1685,-0.14926102705502273,0
HMR_1706,0.26494947276180414,0
HMR_1735,-0.33657070387941596,0
HMR_1737,-0.33657070387941596,0
HMR_1738,-0.0696512867354589,0
HMR_1739,0.39612183742666307,0
HMR_1740,0.39612183742666307,0
HMR_1741,-0.30889181509818836,0
HMR_1742,0.39612183742666307,0
HMR_1743,-0.30889181509818836,0
HMR_1744,0.39612183742666307,0
HMR_1745,-0.30889181509818836,0
HMR_1746,0.39612183742666307,0
HMR_1747,-0.30889181509818836,0
HMR_1748,0.39612183742666307,0
HMR_1749,-0.30889181509818836,0
HMR_1750,0.39612183742666307,0
HMR_1751,-0.30889181509818836,0
HMR_1752,0.39612183742666307,0
HMR_1753,-0.30889181509818836,0
HMR_1754,0.39612183742666307,0
HMR_1756,-0.30889181509818836,0
HMR_1758,0.39612183742666307,0
HMR_1759,-0.30889181509818836,0
HMR_1760,0.39612183742666135,0
HMR_1761,-0.30889181509818836,0
HMR_1762,0.2891482109437337,0
HMR_1764,-0.2891482109411491,0
HMR_1765,0.2891482109437337,0
HMR_1766,0.24562707418607113,0
HMR_1767,0.5295594583403757,0
HMR_1768,0.5295594583403757,0
HMR_1769,0.23764545488870806,0
HMR_1770,0.5295594583403757,0
HMR_1771,0.23764545488870806,0
HMR_1781,0.5726416140325089,0
HMR_1783,0.5726416140325089,0
HMR_1807,-0.421343031943418,0
HMR_1834,-0.1552203128803493,0
HMR_1838,-0.03913480251513806,0
HMR_1847,0.35412713099774007,0
HMR_1916,-0.46011188551772986,0
HMR_1927,0.3840600081327009,0
HMR_1928,0.3840600081330993,0
HMR_1929,0.3840600081330993,0
HMR_1940,0.27736948127488587,0
HMR_1941,0.27736948127488587,0
HMR_1944,0.207576053719502,0
HMR_1948,-0.06120451671999281,0
HMR_1949,-0.06120451671999281,0
HMR_1958,0.22987154147451497,0
HMR_1962,0.11944666514840313,0
HMR_1967,0.11819170819973582,0
HMR_1968,-0.5450947367946879,0
HMR_1970,0.11819170819973582,0
HMR_1971,-0.5450947367946879,0
HMR_1976,-0.6178248512174563,0
HMR_1979,0.12334775724709121,0
HMR_1980,0.12334775724709121,0
HMR_1981,0.2716745036865119,0
HMR_1982,0.2061079234534743,0
HMR_1983,0.2061079234534743,0
HMR_1988,0.36747938683614706,0
HMR_1989,0.6159677445926437,0
HMR_1990,0.21099856402746167,0
HMR_1991,0.36136392682099194,0
HMR_1992,0.3041456402243384,0
HMR_1993,0.06104089813819981,0
HMR_1996,-0.8920691735934656,0
HMR_2007,0.6085626750367006,0
HMR_2010,0.29924557932518897,0
HMR_2011,0.29924557932518897,0
HMR_2014,-0.3667928901788666,0
HMR_2016,-0.4677712366507479,0
HMR_2018,-0.07883770832085722,0
HMR_2029,0.48160676627961624,0
HMR_2041,-0.9522303177887179,0
HMR_2087,0.3419131030188227,0
HMR_2088,0.3419131030188227,0
HMR_2089,-0.3419131030188227,0
HMR_2090,-0.3419131030188227,0
HMR_2190,0.7858851436247903,0
HMR_2193,0.7858851436247903,0
HMR_2210,0.4040178615117576,0
HMR_2211,0.25096479872168254,0
HMR_2215,0.2361001386821692,0
HMR_2217,0.2361001386821692,0
HMR_2218,0.2361001386821692,0
HMR_2219,0.2361001386821692,0
HMR_2259,0.03493886987119405,0
HMR_2260,0.03493886987119405,0
HMR_2261,0.03493886987119405,0
HMR_2262,0.03493886987119405,0
HMR_2263,0.06944327384790581,0
HMR_2264,0.06944327384790581,0
HMR_2265,0.06944327384790581,0
HMR_2266,0.06944327384790581,0
HMR_2267,0.20411035813222594,0
HMR_2268,0.20411035813222594,0
HMR_2269,0.20411035813222594,0
HMR_2270,0.20411035813222594,0
HMR_2281,0.5193906621120025,0
HMR_2282,0.4067176597658729,0
HMR_2284,0.4290152045341965,0
HMR_2286,0.3182952167833674,0
HMR_2287,0.4307372571871079,0
HMR_2288,0.021978915587163594,0
HMR_2289,0.13157227144978784,0
HMR_2292,0.24934980373038085,0
HMR_2293,0.3106785374818261,0
HMR_2294,-0.36212580065482236,0
HMR_2295,-0.8518186327660675,0
HMR_2296,-0.9153389078301136,0
HMR_2332,-0.6482715760617771,0
HMR_2334,-0.6482715760617771,0
HMR_2336,-0.6482715760617771,0
HMR_2338,-0.6482715760617771,0
HMR_2342,-0.9515574024206678,0
HMR_2343,-0.9515574024206678,0
HMR_2344,-0.9515574024206678,0
HMR_2345,-0.9515574024206678,0
HMR_2347,0.15374146816204737,0
HMR_2348,0.15374146816204737,0
HMR_2349,0.15374146816204737,0
HMR_2350,0.15374146816204737,0
HMR_2353,0.09077700311722117,0
HMR_2354,0.09077700311722117,0
HMR_2355,0.09077700311722117,0
HMR_2356,0.09077700311722117,0
HMR_2359,0.058282962583087225,0
HMR_2361,0.32513642111212754,0
HMR_2362,0.32513642111212754,0
HMR_2363,0.32513642111212754,0
HMR_2364,0.32513642111212754,0
HMR_2365,0.45157449232246333,0
HMR_2368,0.5910783763412469,0
HMR_2374,0.5819387105176427,0
HMR_2376,0.5819387105176427,0
HMR_2380,0.8270472145497401,0
HMR_2391,0.5627890894492635,0
HMR_2395,0.5207608287100137,0
HMR_2433,-0.10617144332804669,0
HMR_2434,-0.10617144332804669,0
HMR_2435,-0.10617144332804669,0
HMR_2436,-0.10617144332804669,0
HMR_2440,0.28355292225159745,0
HMR_2457,0.28010300194995663,0
HMR_2472,0.41711122396766837,0
HMR_2484,0.644858646552013,0
HMR_2530,0.07417185805340605,0
HMR_2533,0.07417185805340605,0
HMR_2535,0.07417185805340605,0
HMR_2537,0.07417185805340605,0
HMR_2540,-0.1057576873359337,0
HMR_2541,-0.1057576873359337,0
HMR_2542,-0.1057576873359337,0
HMR_2543,-0.1057576873359337,0
HMR_2571,-0.8042293387079891,0
HMR_2581,0.16338795486074242,0
HMR_2585,0.3391925097467474,0
HMR_2602,0.5450331387077049,0
HMR_2603,0.5450331387077049,0
HMR_2604,-0.5450331387077049,0
HMR_2608,-0.9879935978282562,0
HMR_2609,-0.9879935978282562,0
HMR_2610,0.9879935978282562,0
HMR_2611,1.2503858550003113,0
HMR_2612,0.7785230355692635,0
HMR_2613,-0.3330455667524593,0
HMR_2620,0.6432397293545704,0
HMR_2621,-0.6432397293561799,0
HMR_2622,-0.6432397293561799,0
HMR_2624,0.2506002304237508,0
HMR_2633,0.4307372571871079,0
HMR_2634,-0.9756315621778009,0
HMR_2635,-0.568881538181063,0
HMR_2644,-1.1279471952632767,0
HMR_2648,0.021978915587163594,0
HMR_2649,-0.021978915587163594,0
HMR_2650,-0.021978915587163594,0
HMR_2651,0.13157227144978784,0
HMR_2652,-0.13157227144978784,0
HMR_2653,-0.13157227144978784,0
HMR_2655,-1.9638118993356584,0
HMR_2657,-0.840785639382641,0
HMR_2659,-0.5762491691977905,0
HMR_2660,-1.016382553216355,0
HMR_2661,-1.016382553216401,0
HMR_2662,1.016382553216401,0
HMR_2666,-2.0296160906716083,0
HMR_2667,-1.2642484795065332,0
HMR_2668,0.1669185751440415,0
HMR_2669,0.14160403904329222,0
HMR_2670,-0.14160403904329222,0
HMR_2671,-0.14160403904329222,0
HMR_2673,-1.202561564292299,0
HMR_2675,0.043075241652656714,0
HMR_2676,0.043075241652021756,0
HMR_2677,-0.043075241652021756,0
HMR_2679,-1.1304557201166379,0
HMR_2681,-0.9515574024206678,0
HMR_2682,0.9515574024206678,0
HMR_2683,0.9515574024206678,0
HMR_2684,0.9741538684538434,0
HMR_2685,-0.9741538684526564,0
HMR_2686,-0.9741538684526564,0
HMR_2687,0.19926333440325025,0
HMR_2688,-0.19926333440325025,0
HMR_2689,-0.19926333440325025,0
HMR_2690,0.10742135179487416,0
HMR_2691,0.10742135179487416,0
HMR_2692,-0.10742135179487416,0
HMR_2693,0.45157449232246333,0
HMR_2695,0.45157449232246333,0
HMR_2697,-0.45157449232246333,0
HMR_2699,-0.1347382395098509,0
HMR_2700,-0.13473823951592,0
HMR_2701,0.13473823951592,0
HMR_2702,0.3856101151124678,0
HMR_2703,0.5255724026906574,0
HMR_2704,-0.5255724026906574,0
HMR_2705,0.056332965450868064,9.211683698251427e-5
HMR_2706,-0.056332965450868064,9.211683698251427e-5
HMR_2707,-0.056332965450868064,9.211683698251427e-5
HMR_2708,0.09077700311722117,0
HMR_2709,-0.09077700311722117,0
HMR_2710,-0.09077700311722117,0
HMR_2711,-3.776255460246205,0
HMR_2712,-0.7500393259820198,0
HMR_2713,0.7500393259820198,0
HMR_2715,-0.9878926982878483,0
HMR_2718,1.3956411551091135,0
HMR_2722,-1.0113572971959905,0
HMR_2727,-0.8411901338214989,0
HMR_2731,-0.7246625793297078,0
HMR_2733,0.24421426775631122,0
HMR_2734,0.24421426775631122,0
HMR_2735,-0.24421426775631122,0
HMR_2736,-0.1057576873359337,0
HMR_2737,-0.1057576873359337,0
HMR_2738,0.1057576873359337,0
HMR_2739,-0.09929214908779431,0
HMR_2740,-0.09929214908779431,0
HMR_2741,0.09929214908779431,0
HMR_2744,-10.301760379612398,0
HMR_2748,-0.8475875605192065,0
HMR_2753,-0.3506348806163885,0
HMR_2757,-1.665636047674068,0
HMR_2760,0.8808409506010904,0
HMR_2764,-15.825576979167929,0
HMR_2768,-0.0700306540385925,0
HMR_2769,0.0700306540385925,0
HMR_2770,0.0700306540385925,0
HMR_2771,-0.10617144332804669,0
HMR_2772,-0.10617144332804669,0
HMR_2773,0.10617144332804669,0
HMR_2774,0.23275689195037666,0
HMR_2775,0.23275689195037666,0
HMR_2776,-0.23275689195037666,0
HMR_2817,0.47395395307393123,0
HMR_2819,-0.47395395307393123,0
HMR_2821,-0.6691559600889109,0
HMR_2827,0.6691559600889109,0
HMR_2851,-0.601307906597228,0
HMR_2852,0.601307906597228,0
HMR_2857,-0.06569414904950806,0
HMR_2859,0.06569414904791557,0
HMR_2861,0.07968690956401729,0
HMR_2862,-0.07968690956194319,0
HMR_2865,-0.009318841608656593,0
HMR_2866,0.00931884160675747,0
HMR_2884,1.1830136904409478,0
HMR_2886,-1.1830136904409478,0
HMR_2888,0.8224196479482113,0
HMR_2890,-0.8224196479482113,0
HMR_2942,0.14663520364198962,0
HMR_2943,0.034731774973600395,0
HMR_2944,0.24392018637115184,0
HMR_2945,0.03456610377233917,0
HMR_2946,0.04114855092192058,0
HMR_2947,0.21744601489357382,0
HMR_2948,0.2476537046013095,0
HMR_2951,0.06501950265003943,0
HMR_2954,0.24883613597733573,0
HMR_2955,-0.09799554767631234,0
HMR_2956,0.015918857869347165,0
HMR_2961,0.02971951833972951,0
HMR_2962,0.09139174233694683,0
HMR_2963,0.0714947346250358,0
HMR_2964,0.17439812477478553,0
HMR_2965,0.44952470340866507,0
HMR_2966,0.03287334575628412,0
HMR_2967,0.1393198981884015,0
HMR_2968,0.03877874856391584,0
HMR_2969,0.030878190944595374,0
HMR_2970,0.055772227243501483,0
HMR_2971,0.03223747055578429,0
HMR_2972,0.17082420291868275,0
HMR_2973,-0.27056763578455706,0
HMR_2974,-0.017644165202545095,0
HMR_2975,0.3027387852451775,0
HMR_2976,-0.03998478234974874,0
HMR_2977,0.1278049216105133,0
HMR_2978,0.6128096163290381,0
HMR_2979,0.11250474084589093,0
HMR_2980,0.26955821197098173,0
HMR_2982,0.20261607518801417,0
HMR_2983,0.05726118577065438,0
HMR_2985,0.29170883103684686,0
HMR_2986,0.23578068544815992,0
HMR_2988,0.1829927084265467,0
HMR_2989,0.41580204143737876,0
HMR_2990,0.3890445149625358,0
HMR_2994,0.0261091458926131,0
HMR_2998,-0.0498326696443137,0
HMR_2999,0.05549074198651337,0
HMR_3001,0.11183404872933875,0
HMR_3002,0.06343000923825198,0
HMR_3003,0.15825113774699057,0
HMR_3018,0.20411035813222594,0
HMR_3021,0.4948958451268464,0
HMR_3023,-0.6482715760617771,0
HMR_3053,0.4948958451268464,0
HMR_3056,0.20411035813222594,0
HMR_3057,0.2415788001596623,0
HMR_3058,0.24157880015966293,0
HMR_3059,0.24157880015966293,0
HMR_3062,-0.05086171197751824,0
HMR_3063,-0.050861711977517494,0
HMR_3064,-0.05086171197751824,0
HMR_3065,-0.05086171197751824,0
HMR_3066,0.43626621204804905,0
HMR_3067,0.43626621204804905,0
HMR_3068,0.43626621204804905,0
HMR_3069,0.4362662120493311,0
HMR_3070,-0.4075130377561199,0
HMR_3071,-0.40751303775391456,0
HMR_3072,-0.40751303775391456,0
HMR_3073,-0.40751303775391456,0
HMR_3074,0.4017408001552885,0
HMR_3075,0.4017408001552885,0
HMR_3076,0.4017408001552885,0
HMR_3094,-0.18104704406493913,0
HMR_3095,-0.18104704406493913,0
HMR_3096,-0.18104704406493913,0
HMR_3097,-0.18104704406493913,0
HMR_3098,-0.12273068000434144,0
HMR_3099,-0.0699840435649559,0
HMR_3100,-0.0699840435649559,0
HMR_3101,-0.0699840435649559,0
HMR_3102,-0.15127119571964043,0
HMR_3106,0.0540152022078435,0
HMR_3107,-0.5255724026906574,0
HMR_3108,-0.5255724026906574,0
HMR_3109,-0.5255724026906574,0
HMR_3110,-0.5255724026906574,0
HMR_3111,0.3293037658901036,0
HMR_3112,0.3293037658901036,0
HMR_3113,0.3293037658901036,0
HMR_3114,0.3293037658901036,0
HMR_3115,-0.025882114263616893,0
HMR_3116,-0.44782223136073657,0
HMR_3117,-0.44782223136073657,0
HMR_3118,-0.44782223136073657,0
HMR_3121,0.6485820797139588,0
HMR_3128,0.2391347246534211,0
HMR_3135,0.18315383320086023,0
HMR_3142,0.6824849499629887,0
HMR_3149,-0.14043366653975353,0
HMR_3156,-0.44915738495295576,0
HMR_3170,0.13473823951592,0
HMR_3171,0.13473823951592,0
HMR_3172,0.13473823951592,0
HMR_3173,0.13473823951592,0
HMR_3174,0.038845122696888786,0
HMR_3175,0.038845122696888786,0
HMR_3176,0.038845122696888786,0
HMR_3177,0.038845122696888786,0
HMR_3178,0.08093044163674322,0
HMR_3179,0.08093044163674322,0
HMR_3180,0.08093044163674322,0
HMR_3181,0.08093044163674322,0
HMR_3182,0.24270901207140852,0
HMR_3183,0.24270901207140852,0
HMR_3184,0.24270901207140852,0
HMR_3185,0.24270901207140852,0
HMR_3186,0.24270901207140852,0
HMR_3187,0.24270901207140852,0
HMR_3188,0.24270901207140852,0
HMR_3189,0.24270901207140852,0
HMR_3190,0.15370290839474215,0
HMR_3191,0.15370290839474215,0
HMR_3192,0.15370290839474215,0
HMR_3193,0.15370290839474215,0
HMR_3194,0.25446228439608676,0
HMR_3195,0.25446228439608676,0
HMR_3196,0.25446228439608676,0
HMR_3197,0.25446228439608676,0
HMR_3198,0.3246278938053283,0
HMR_3199,0.3246278938053283,0
HMR_3200,0.3246278938053283,0
HMR_3201,0.3246278938053283,0
HMR_3202,0.29728133522662964,0
HMR_3203,0.29728133522662964,0
HMR_3204,0.29728133522662964,0
HMR_3205,0.29728133522662964,0
HMR_3218,0.056332965450868064,9.211683698251427e-5
HMR_3219,0.056332965450868064,9.211683698251427e-5
HMR_3220,0.056332965450868064,9.211683698251427e-5
HMR_3221,0.056332965450868064,9.211683698251427e-5
HMR_3222,0.9562066043171762,0
HMR_3223,0.9562066043171762,0
HMR_3224,0.9562066043171762,0
HMR_3225,0.9562066043171762,0
HMR_3229,-0.4985915825822442,0
HMR_3230,0.13713582321198994,0
HMR_3231,0.13713582321198994,0
HMR_3232,0.13713582321198994,0
HMR_3233,0.13713582321198994,0
HMR_3234,0.2164397645473431,0
HMR_3235,0.2164397645473431,0
HMR_3236,0.2164397645473431,0
HMR_3237,0.2164397645473431,0
HMR_3240,-0.9515574024206678,0
HMR_3241,-0.9515574024206678,0
HMR_3242,-0.9515574024206678,0
HMR_3243,-0.9515574024206678,0
HMR_3244,0.21918334128797645,0
HMR_3245,0.21918334128797645,0
HMR_3246,0.21918334128797645,0
HMR_3247,0.21918334128797645,0
HMR_3296,0.515915616533622,0
HMR_3321,-0.5773495231651927,0
HMR_3322,0.04239967209061094,0
HMR_3326,-0.6482715760617771,0
HMR_3327,-0.6482715760617771,0
HMR_3328,-0.6482715760617771,0
HMR_3329,-0.6482715760617771,0
HMR_3330,0.23295467153329097,0
HMR_3331,0.23295467153329097,0
HMR_3332,0.23295467153329097,0
HMR_3333,0.23295467153329097,0
HMR_3334,0.23295467153329097,0
HMR_3335,0.23295467153329097,0
HMR_3336,0.23295467153329097,0
HMR_3337,0.23295467153329097,0
HMR_3338,0.23295467153329097,0
HMR_3339,0.23295467153329097,0
HMR_3340,0.23295467153329097,0
HMR_3341,0.23295467153329097,0
HMR_3342,0.11275758935958681,0
HMR_3343,0.11275758935958681,0
HMR_3344,0.11275758935958681,0
HMR_3345,0.11275758935958681,0
HMR_3346,0.11275758935958681,0
HMR_3347,0.11275758935958681,0
HMR_3348,0.11275758935958681,0
HMR_3349,0.11275758935958681,0
HMR_3350,0.11275758935958681,0
HMR_3351,0.11275758935958681,0
HMR_3352,0.11275758935958681,0
HMR_3353,0.11275758935958681,0
HMR_3396,0.021978915587163594,0
HMR_3397,0.13157227144978784,0
HMR_3398,0.3330455667524593,0
HMR_3406,0.5762491691977905,0
HMR_3407,-0.1669185751440415,0
HMR_3408,0.14160403904329222,0
HMR_3409,0.37972343340107084,0
HMR_3411,0.19926333440325025,0
HMR_3413,0.10742135179487416,0
HMR_3414,0.45157449232246333,0
HMR_3416,0.09077700311722117,0
HMR_3421,0.03339895691352538,0
HMR_3422,-0.1140337100801078,0
HMR_3423,-0.0700306540385925,0
HMR_3424,-0.10617144332804669,0
HMR_3425,0.23275689195037666,0
HMR_3426,-0.21606147225676456,0
HMR_3427,-0.020606228339158598,0
HMR_3428,0.39020667495503203,0
HMR_3429,-0.10397258846797416,0
HMR_3431,0.24421426775631122,0
HMR_3432,-0.1057576873359337,0
HMR_3433,-0.09929214908779431,0
HMR_3446,-0.7089797781366817,0
HMR_3447,-0.7089797781366817,0
HMR_3448,0.5134051208056413,0
HMR_3449,-0.4986733098219512,0
HMR_3450,-0.4986733098219512,0
HMR_3451,-0.4986733098219512,0
HMR_3452,0.6317255957946771,0
HMR_3453,0.6317255957946771,0
HMR_3454,0.6317255957946771,0
HMR_3455,-0.6317255957946771,0
HMR_3456,0.6317255957946771,0
HMR_3457,0.6317255957946771,0
HMR_3475,-0.19830473251893874,0
HMR_3491,0.44620333527003053,0
HMR_3505,0.6281374768570552,0
HMR_3522,0.7079888624988988,0
HMR_3597,NA,1
HMR_3625,0.14663520364198962,0
HMR_3626,0.034731774973600395,0
HMR_3627,0.24392018637115184,0
HMR_3628,0.04114855092192058,0
HMR_3629,0.21744601489357382,0
HMR_3630,0.03456610377233917,0
HMR_3631,0.2476537046013095,0
HMR_3633,0.06501950265003943,0
HMR_3635,0.24883613597733573,0
HMR_3636,-0.09799554767631234,0
HMR_3637,0.015918857869347165,0
HMR_3639,0.09139174233694683,0
HMR_3640,0.0714947346250358,0
HMR_3642,0.02971951833972951,0
HMR_3644,0.17439812477478553,0
HMR_3645,0.44952470340866507,0
HMR_3646,0.03287334575628412,0
HMR_3647,0.03877874856391584,0
HMR_3648,0.1393198981884015,0
HMR_3649,0.030878190944595374,0
HMR_3650,0.055772227243501483,0
HMR_3651,0.03223747055678336,0
HMR_3652,0.17082420291868275,0
HMR_3653,0.49008160525541566,0
HMR_3654,-0.017644165202545095,0
HMR_3655,0.3027387852451775,0
HMR_3656,-0.03998478234974874,0
HMR_3657,0.1278049216105133,0
HMR_3658,0.6128096163290381,0
HMR_3659,0.11250474084589093,0
HMR_3660,0.26955821197098173,0
HMR_3662,0.15319889660364064,0
HMR_3663,0.05726118577065438,0
HMR_3664,0.05266402031678248,0
HMR_3665,0.29170883103684686,0
HMR_3666,0.23578068544815992,0
HMR_3667,0.2849074527842718,0
HMR_3668,0.1829927084265467,0
HMR_3669,0.41580204143737876,0
HMR_3670,0.3890445149625358,0
HMR_3675,0.0261091458926131,0
HMR_3677,-0.0498326696443137,0
HMR_3678,0.05549074198651337,0
HMR_3679,0.6029141488594629,0
HMR_3680,0.11183404872933875,0
HMR_3681,0.06343000923825198,0
HMR_3682,0.15825113774699057,0
HMR_3684,0.14663520364198962,0
HMR_3685,0.034731774973600395,0
HMR_3686,0.24392018637115184,0
HMR_3687,0.04114855092192058,0
HMR_3688,0.21744601489357382,0
HMR_3689,0.03456610377233917,0
HMR_3690,0.2476537046013095,0
HMR_3692,0.06501950265003943,0
HMR_3694,0.24883613597733573,0
HMR_3695,-0.09799554767631234,0
HMR_3696,0.015918857869347165,0
HMR_3698,0.09139174233694683,0
HMR_3699,0.0714947346250358,0
HMR_3701,0.02971951833972951,0
HMR_3703,0.17439812477478553,0
HMR_3704,0.44952470340866507,0
HMR_3705,0.03287334575628412,0
HMR_3706,0.03877874856391584,0
HMR_3707,0.1393198981884015,0
HMR_3708,0.030878190944595374,0
HMR_3709,0.055772227243501483,0
HMR_3710,0.03223747055578429,0
HMR_3711,0.17082420291868275,0
HMR_3712,0.49008160525541566,0
HMR_3713,-0.017644165202545095,0
HMR_3714,0.3027387852451775,0
HMR_3715,-0.03998478234974874,0
HMR_3716,0.1278049216105133,0
HMR_3717,0.6128096163290381,0
HMR_3718,0.11250474084589093,0
HMR_3719,0.26955821197098173,0
HMR_3721,0.15319889660364064,0
HMR_3722,0.05726118577065438,0
HMR_3723,0.05266402031678248,0
HMR_3724,0.29170883103684686,0
HMR_3725,0.23578068544815992,0
HMR_3726,0.2849074527842718,0
HMR_3727,0.1829927084265467,0
HMR_3728,0.41580204143737876,0
HMR_3729,0.3890445149625358,0
HMR_3734,0.0261091458926131,0
HMR_3736,-0.0498326696443137,0
HMR_3737,0.05549074198651337,0
HMR_3738,0.6029141488594629,0
HMR_3739,0.11183404872933875,0
HMR_3740,0.06343000923825198,0
HMR_3741,0.15825113774699057,0
HMR_3831,-0.16939862535626796,0
HMR_3855,NA,1
HMR_3864,0.3846647123483032,0
HMR_3915,-0.34344876963823334,0
HMR_3966,-0.3113635750948431,0
HMR_4078,0.5574242902884827,0
HMR_4079,0.3757949798418782,0
HMR_4124,0.3897094278163961,0
HMR_4182,-1,0
HMR_4261,-0.5309027368043875,0
HMR_4263,1,0
HMR_4270,0.24746484810730632,0
HMR_4278,0.27908402087162,0
HMR_4422,0.30461372346943905,0
HMR_4592,0.730346053677901,0
HMR_4630,0.21869094306433573,0
HMR_4696,0.1034501136457968,0
HMR_4700,-3.219253721293982,0
HMR_4756,0.13914713861468436,0
HMR_4764,-0.07612523089092371,0
HMR_4771,-0.80825305009053106,0
HMR_4776,-0.27693163779404334,0
HMR_4777,0.13774838179523693,0
HMR_4790,0.2277848074759562,0
HMR_4938,NA,1
HMR_4964,0.026520700840779562,0
HMR_5301,-1,1
HMR_5387,0.5853513192604864,0
HMR_5389,0.5853513192604864,0
HMR_5420,0.13914713861468436,0
HMR_5996,-0.03824307806237395,0
HMR_6385,-0.03821912025129841,0
HMR_6397,0.2804315758120472,0
HMR_6408,0.2804315758120472,0
HMR_6511,0.14678499774887319,0
HMR_6515,0.13118537771536176,0
HMR_6533,0.024750145833059865,0
HMR_6534,NA,1
HMR_6545,0.05961578770533163,0
HMR_6549,-0.007136203183192691,0
HMR_6550,-0.03834398501193093,0
HMR_6558,0.07695902139767495,0
HMR_6564,-0.015454316063631263,0
HMR_6566,-0.06896968898343357,0
HMR_6572,0.13899138222197163,0
HMR_6583,-0.38095355742114856,0
HMR_6584,0.04681605677398098,0
HMR_6595,0.22557819644228627,0
HMR_6617,-0.9623972912573607,0
HMR_6619,0.9623972912573607,0
HMR_6629,0.2591273202937144,0
HMR_6632,-0.24118790932054196,0
HMR_6633,0.5904267952174966,0
HMR_6647,0.2591273202937144,0
HMR_6728,0.23984201288844295,0
HMR_6729,0.5249732898101079,0
HMR_6747,0.5167003491569884,0
HMR_6755,-0.0676801186535927,0
HMR_6790,-0.1905134811033595,0
HMR_6826,0.11847117702652255,0
HMR_6834,-0.11847117702652255,0
HMR_6838,-0.09269444111460447,0
HMR_6839,-0.09269444111460447,0
HMR_6844,0.39813994319663726,0
HMR_6850,0.21513861124310882,0
HMR_6854,-0.9368561209098557,0
HMR_6874,-0.009696601307810379,0
HMR_6907,0.61751317815259,0
HMR_6908,0.61751317815259,0
HMR_6909,0.61751317815259,0
HMR_6910,0.61751317815259,0
HMR_6975,0.2733939295407988,0
HMR_6976,0.2733939295407988,0
HMR_6977,0.2733939295407988,0
HMR_6978,0.2733939295407988,0
HMR_6986,0.14967565854125406,0
HMR_6989,-0.06005358892407076,0
HMR_7180,0.010755381676354077,0
HMR_7181,0.010755381676354077,0
HMR_7182,0.010755381676352581,0
HMR_7198,0.2414337998384188,0
HMR_7255,0.49175400917945883,0
HMR_7256,0.4917540092492774,0
HMR_7278,0.4518570995280231,0
HMR_7328,0.5692606760940595,0
HMR_7329,0.5692606760940595,0
HMR_7330,0.5692606760940595,0
HMR_7469,-0.32531668107958706,0
HMR_7628,-0.27933133420715484,0
HMR_7652,-0.3056906970014852,0
HMR_7700,-0.2610739402402353,0
HMR_7703,-0.09622678779060613,0
HMR_7711,0.8246322199374532,0
HMR_7712,-0.2790840208722103,0
HMR_7715,0.6595034323179536,0
HMR_7720,0.44533180204192097,0
HMR_7724,-0.25043541112578793,0
HMR_7727,0.5440166775803953,0
HMR_7748,-0.06659186751238384,0
HMR_7749,0.06659186751238384,0
HMR_7755,0.9425375339957055,0
HMR_7756,-0.27933133420715484,0
HMR_7757,-1.027560020149962,0
HMR_7758,0.5565462615961884,0
HMR_7898,0.5981496335229961,0
HMR_7900,-0.24659323781647244,0
HMR_7944,0.26320955068269636,0
HMR_7947,0.9201915824403294,0
HMR_7949,0.0906359142738758,0
HMR_7977,0.1130977889326568,0
HMR_8023,-0.27339392951647196,0
HMR_8056,-0.0462792442006489,0
HMR_8090,-1,0
HMR_8271,0.15522761396143345,0
HMR_8287,0.3672818785706215,0
HMR_8374,-0.4294755663193456,0
HMR_8395,0.20098418694052397,0
HMR_8397,0.28835714113787986,0
HMR_8399,-0.06883794969157521,0
HMR_8475,0.2964524543843672,0
HMR_8476,-0.2737924625674651,0
HMR_8501,1,0
HMR_8505,-0.5882877410987879,0
HMR_8510,-0.6868453509125612,0
HMR_8562,0.11175974186941483,0
HMR_8585,0.9407388186727066,0
HMR_8590,0.27042198881637536,0
HMR_8643,0.3409558349590442,0
HMR_8670,0.9994656963216347,0.4053427599647532
HMR_8761,0.8890467745287125,0
HMR_8762,0.8890467745287127,0
HMR_8776,-0.2436305287864006,0
HMR_8877,0.9125106746260521,0
HMR_8884,1,1
HMR_9174,-0.1072401272050262,0
HMR_9175,0.1072401272051871,0
HMR_9177,0.042668915493808884,0
HMR_9178,-0.04266891549289391,0
HMR_9179,0.07959053233294573,0
HMR_9180,-1,0
HMR_9184,0.030148305600024097,0
HMR_9187,0.9407388186727066,0
HMR_9188,-1,0
HMR_9191,-0.524388600664738,0.012659427644515331
HMR_9561,-0.05760469225586767,0
HMR_9581,NA,1
HMR_9582,NA,1
HMR_9583,NA,1
HMR_9584,NA,1
HMR_9590,-0.5236886808090347,0
HMR_9593,0.9994846073348643,2.077453430393561e-7
HMR_9605,-1,1
HMR_9607,0.378217713206599,0
HMR_9608,0.28672970832514366,0
HMR_9609,-0.27579128757415344,0
HMR_9610,NA,1
HMR_9614,0.17544252457491954,0
HMR_9615,0.23061082301693567,0
HMR_9617,1,1
HMR_9619,NA,1
HMR_9620,0.9581143041146245,0
HMR_9621,-0.02091612769511311,0
HMR_9622,-0.13802420103510074,0
HMR_9623,-0.514198828483525,0
HMR_9624,-0.44538768244212606,0
HMR_9625,0.13599563295707118,0
HMR_9627,0.039781246926651116,0
HMR_9628,0.6828847549007759,0
HMR_9634,-1,0
HMR_9639,0.07917689808332164,0
HMR_9644,0.6702711543269335,0
HMR_9647,0.12718445502716538,0
HMR_9648,-0.5692606760940595,0
HMR_9667,-0.5692606760940595,0
HMR_9674,0.313865909339123,0
HMR_9676,0.11175974186941483,0
HMR_9678,0.723123498013749,0
HMR_9679,-0.19830473251893874,0
HMR_9719,0.3783243075591827,0
HMR_9720,0.49175400917945883,0
HMR_9726,0.4050342183581983,0
HMR_9801,0.3999691654557097,0
HMR_9803,0.48612721800349346,0
HMR_9804,-0.48612721800349346,0
HMR_9805,0.03382703340836888,0
HMR_9807,0.3999691654557097,0
HMR_2957,0.09779443951887391,0
HMR_6580,0.04681605677398098,0
HMR_1635,0.45104030194290673,0
HMR_1484,0.08468925521238638,0
HMR_0980,0.10187536729496534,0
HMR_1467,0.1650747219379126,0
HMR_1644,0.27318417266987555,0
HMR_4772,0.80825305009053106,0
HMR_1500,0.08468925521238638,0
HMR_6672,0.7298562447516446,0.7689344254238255
12DHCHOLabc,0.2537196828641655,0
12DHCHOLt2,0.2537196828645767,0
3DHCAS,0.02641119831234136,0
3DHCDCAS,0.5928670057000892,0
3DHCDCHOLabc,0.33528919061639195,0
3DHCDCHOLt2,0.33528919061639195,0
3DHCHOLabc,0.22910980963218205,0
3DHCHOLt2,0.22910980963218205,0
3DHDCAabc,0.1814421675620933,0
3DHDCAS,-0.6200615213822948,0
3DHDCAt2,0.1814421675620933,0
3DHLCAabc,-0.054402342434000384,0
3DHLCAS,0.41120869179253505,0
3DHLCAt2,-0.054402342434000384,0
7DHCDCHOLabc,0.2601502557072883,0
7DHCDCHOLt2,0.2601502557072883,0
7DHCHOLabc,0.1687336207213245,0
7DHCHOLt2,0.1687336207213245,0
CA24GSc,0.3744236843971842,0
CA24GSr,0.5036912620404234,0
CA24Gte,0.1165417754262229,0
CA24Gtr,-0.5036912620404593,0
CA3Sabc,-0.1700502721788835,0
CA3St,-0.1700502721788835,0
CASULT,-0.0295205604728992,0
CDCA24GSc,0.92603741411608,0
CDCA24GSr,-0.28921889316697097,0
CDCA24Gte,0.26890929982443024,0
CDCA24Gtr,0.2892188931692243,0
CDCA3GSc,0.1689468930647241,0
CDCA3GSr,0.03983361043941376,0
CDCA3Gte,0.12053254302905109,0
CDCA3Gtr,-0.03983361044093715,0
HC02220t,-0.9411187412927108,0
CDCA6AH,0.4880837275796512,0
COPROSTabc,0.6405446388932023,0
COPROSTt2,0.6405446388932023,0
DCA24GSc,-0.5925456578109063,0
DCA24GSr,-0.014892158089215662,0
DCA24Gte,-0.2894219023147902,0
DCA24Gtr,0.014892158089223288,0
DCA3GSc,-0.6595815467920813,0
DCA3GSr,-0.9083275740554865,0
DCA3Gte,0.04888105189486898,0
DCA3Gtr,0.9083275740554865,0
DCA3Sabc,-0.05023429178514398,0
DCA3St,-0.05023429178514398,0
DCASULT,-0.6354708924706777,0
DM_3dhcdchol[c],0.5928670057000892,0
DM_3dhchol[c],0.02641119831234136,0
DM_3dhdchol[c],-0.6200615213822948,0
DM_3dhlchol[c],0.41120869179253505,0
DM_ca24g[c],0.44399000909762626,0
DM_ca3s[c],-0.0295205604728992,0
DM_cdca24g[c],0.877435249788944,0
DM_cdca3g[c],0.10373715036697014,0
DM_dca24g[c],-0.5693316795312893,0
DM_dca3g[c],-0.8438436182966105,0
DM_dca3s[c],-0.6354708924706777,0
DM_gca3s[c],0.2090011772039695,0
DM_gcdca3s[c],0.1550186122015732,0
DM_gdca3s[c],-0.1552203128803493,0
DM_gudca3s[c],0.21127944229275383,0
DM_hca24g[c],0.8867669044870996,0
DM_hca6g[c],0.1600360091989848,0
DM_hdca24g[c],0.5812637918206639,0
DM_hdca6g[c],0.2862712575144402,0
DM_lca24g[c],0.9543464915016063,0
DM_lca3g[c],0.18948203932673285,0
DM_lca3s[c],0.427125740122,0
DM_tca3s[c],0.4199921453648676,0
DM_tcdca3s[c],0.023549970973435544,0
DM_tdca3s[c],0.24851260008629172,0
DM_thyochol[c],-0.39056991886925413,0
DM_tudca3s[c],0.5475223783356753,0
DM_udca3s[c],0.5151340264906006,0
EX_ca24g[e],0.1165417754262229,0
EX_cdca24g[e],0.26890929982443024,0
EX_cdca3g[e],0.12053254302905109,0
EX_dca24g[e],-0.2894219023147902,0
EX_dca3g[e],0.04888105189486898,0
EX_hca24g[e],0.19031668437644814,0
EX_hca6g[e],0.3983113786364485,0
EX_hdca24g[e],0.39555568008937936,0
EX_hdca6g[e],0.223797764313143,0
EX_hyochol[e],-0.8223296454812054,0
EX_lca24g[e],0.2701240452199011,0
EX_lca3g[e],0.4769100769228136,0
GCA3Sabc,-0.7013202545305856,0
GCA3St,-0.7013202545305856,0
GCASULT,0.2090011772039695,0
GCDCA3Sabc,0.47956647185815504,0
GCDCA3St,0.47956647185815504,0
GCDCASULT,0.1550186122015732,0
GDCA3Sabc,0.46991112286653314,0
GDCA3St,0.46991112286653314,0
GDCASULT,-0.1552203128803493,0
GUDCA3Sabc,0.4029523004586435,0
GUDCA3St,0.4029523004586435,0
GUDCASULT,0.21127944229275383,0
HCA24GSc,0.8922369973685427,0
HCA24GSr,0.2225149714771759,0
HCA24Gte,0.19031668437644814,0
HCA24Gtr,-0.2225149714771759,0
HCA6GSc,0.27170394650670937,0
HCA6GSr,0.21421456822532028,0
HCA6Gte,0.3983113786364485,0
HCA6Gtr,-0.21421456822289245,0
HDCA24GSc,0.6155904120842773,0
HDCA24GSr,0.31116616693605553,0
HDCA24Gte,0.39555568008937936,0
HDCA24Gtr,-0.31116616693605553,0
HDCA6GSc,0.14295230006606066,0
HDCA6GSr,0.5865333426602705,0
HDCA6Gte,0.223797764313143,0
HDCA6Gtr,-0.5865333426497505,0
HYOCHOLabc,0.5108056156146832,0
HYOCHOLt2,0.7893721480042597,0
HYOCHOLtr,0.2182559628626601,0
ICDCHOLabc,0.3763530193509942,0
ICDCHOLt2,0.3763530193509942,0
ISOCHOLabc,-0.11558561156296164,0
ISOCHOLt2,-0.11558561156296164,0
LCA24GSc,0.9511768094328955,0
LCA24GSr,0.37860082992187977,0
LCA24Gte,0.2701240452199011,0
LCA24Gtr,-0.3786008299215594,0
LCA3GSc,0.374803345709066,0
LCA3GSr,0.12730815603244552,0
LCA3Gte,0.4769100769228136,0
LCA3Gtr,-0.12730815603244552,0
LCA3Sabc,0.1409886969926879,0
LCA3St,0.1409886969926879,0
LCASULT,0.427125740122,0
M02155tr,0.4298497956504475,0
TCA3Sabc,0.13632650065851104,0
TCA3St,0.13632650065851104,0
TCASULT,0.4199921453648676,0
TCDCA3Sabc,0.3567341942263985,0
TCDCA3St,0.3567341942263985,0
TCDCA6AH,-0.39056991886925413,0
TCDCASULT,0.023549970973435544,0
TDCA3Sabc,0.5882977385642414,0
TDCA3St,0.5882977385642414,0
TDCASULT,0.24851260008629172,0
THYOCHOLabc,0.5115723439923514,0
THYOCHOLt2,0.5115723439923514,0
TUDCA3Sabc,0.5958729770223973,0
TUDCA3St,0.5958729770223973,0
TUDCASULT,0.5475223783356753,0
UCHOLabc,0.03510261799419408,0
UCHOLt2,0.03510261799419408,0
UDCA3Sabc,0.7000558959726557,0
UDCA3St,0.7000558959726557,0
UDCASULT,0.5151340264906006,0
UDCHOLt,-0.9951827883520411,0
UDCHOLt2,0.7016038616149243,0
12HTACRhr,0.35063601085636703,0
12HTACRtep,0.35063601085636703,0
14HMDZALThr,0.1326723567790103,0
14HMDZhr,0.009022824456777549,0
14MDZtev,0.09447100716453356,0
1HIBUPGLUC_Sthv,0.04278050365166198,0
1HIBUP_SGLUhep,0.04278050365166198,0
1HMDGLUChr,0.10423017340919567,0
1HMDZGLUChc,-0.10423017341025398,0
1OHMDZhr,0.09713681517222707,0
1OHMDZtep,0.26858548866588633,0
2HATVACIDGLUChr,0.20374606537435308,0
2HATVACIDGLUCteb,0.20374606537435308,0
2HATVACIDOXDhc,0.20374606537435308,0
2HATVACIDhc,0.38033875129014477,0
2HATVACIDthc,-0.38033875129014477,0
2HATVLACGLUChr,0.14174188092366868,0
2HATVLACGLUCteb,0.14174188092230583,0
2HATVLACOXDhc,0.14174188092230583,0
2HATVLACtep,1,0
2HATVLACthc,1,0
2HIBUPGLUC_Sthv,0.15222970689083518,0
2HIBUP_Rthv,0.10793601807640249,0
2HIBUP_SGLUhep,0.15222970689083518,0
35DHPVShc,0.08514173023331337,0
35DHPVSthc,-0.08514173023331337,0
35DSMVhep,0.17932067139029226,0
35DSMVteb,0.17932067139029226,0
3HIBUPGLUC_Sthv,0.017517794257342564,1.5188961199896767e-11
3HIBUP_SGLUhep,0.017517794257342564,1.5188961199896767e-11
3HIBUP_Sthv,0.05385245965449046,0
3HLVSTAChep,0.3294874892572912,0
3HLVSTACtbc,0.3294874892572912,0
3HPVSTETCOAhcm,0.1771155128832858,0
3HPVSTETCOAhcx,0.528834539027575,0
3HPVSTETtev,0.2592905179423882,0
3HPVStep,-0.3453807740543355,0
3HPVSthc,0.37280299726489863,0
3HSMVACIDhep,0.30310300966966486,0
3HSMVACIDteb,0.30310300966966486,0
3HSMVhep,0.30310300966966375,0
3ISPVStep,0.9921659069085487,0
3ISPVSthc,-1,1
3MEACMPhc,0.2985541340058923,0
3OHACMPhr,0.2985541340058923,0
4HATVACIDOXDhc,0.037449030331996654,0
4HATVACIDhc,0.21252848471453992,0
4HATVACIDthc,-0.10654422602262656,0
4HATVLACOXDhc,0.21252848471453992,0
4HATVLACtep,-1,1
4HATVLACthc,-1,1
4HMDGLUCtev,-0.45874125241350777,0
4HMDZGLUChr,-0.45874125241350777,0
4OHMDZhr,0.357762836774413,0
4OHMDZtev,0.3632426131389477,0
56DHPVShc,0.39095763358950497,0
56DHPVStev,0.39095763359176244,0
56EPPVShc,0.2276966319095234,0
56EPPVStev,0.2276966319095234,0
5OHFVShc,0.07131825301045983,0
5OHFVSteb,0.07131825301045983,0
6BHGLZhr,0.29271312830176205,0
6BHGLZtev,0.29271312830176033,0
6CSMVACIDhep,0.35236302040163375,0
6CSMVACIDteb,0.35236302040163375,0
6CSMVhep,0.35236302040163375,0
6EPVStep,-1,1
6EPVSthc,-1,1
6HLVSTAChep,0.017312000131757786,0
6HMSMVACIDhep,0.27028501114037273,0
6HMSMVACIDteb,0.27028501114037273,0
6HMSMVhep,0.27028501114037273,0
6HSMVACIDhep,0.2381679447286307,0
6HSMVACIDteb,0.2381679447286307,0
6HSMVhep,0.2656591653807412,0
6MELACAChep,0.2163149303355994,0
6MELVACtbc,0.32418755496650004,0
6MSMVhep,0.3032223662611712,0
6OHFVShc,-0.007217326961633584,3.3306690738754696e-16
6OHFVSteb,-0.007217326961633584,3.3306690738754696e-16
7BHGLZhr,0.22681363957634812,0
7BHGLZtev,0.22681363957634812,0
7HPVShc,-0.06532404944325183,0
7HPVStev,-0.06532404944325183,0
ACMPGLUChr,0.2906617888834252,0
ACMPGLUTtep,0.3565977586035596,0
ACMPGLUTthc,0.3565977586035596,0
ACMPGLUtep,0.2876787772810611,0
ACMPGLUthc,0.28369499573817,0
ACMPShc,0.0972328076978129,0
ACMPdt,1.5186012188308826,0
ACMPthc,-0.6807646387010283,0
ALLOPOXDhep,0.5016418719341708,0
ALLOPtepvb,0.5016418719341708,0
AM19CSALThr,0.09896520930945449,0
AM1CSAhr,0.09896520930945449,0
AM4N9CShc,0.06041924932618078,0
AM4N9CStev,0.06041924932618078,0
AM9CSAhr,0.06041924932618078,0
ATVACIDMCTtu,0.5337915694856395,0
ATVACIDOATPtu,72.56675589096234,0
ATVACIDhc,-0.4174300519416128,0
ATVACIDhr,-0.3795985763189059,0
ATVACYLGLUChc,0.289983204996969,0
ATVETHGLUChc,-0.3795985763189059,0
ATVLACGLCURhc,0.3312567260009592,0
ATVLACThc,-0.42185717505422926,0
ATVLACh2r,0.289983204996969,0
ATVLAChr,0.3312567260009592,0
Am19CStev,0.09896520930945449,0
CARBIBUP_SGLUthv,-0.05385245965449046,0
CARIBUP_Rthv,0.6432972476424254,0
CARIBUP_SGLUhep,-0.05385245965449046,0
CRVS1M24hc,-0.10923873468774847,0
CRVS23M24hc,0.18064735572802382,0
CRVSM1hc,-0.10923873468774847,0
CRVSM1hr,0.1571150501909648,0
CRVSM23hc,0.18064735572802382,0
CRVSM23hr,0.04899058443156142,0
CRVSM24tev,0.06366919408496365,0
CRVSthc,0.06366919408496365,0
CSAtd,0.07120060955377633,0
CVM1GLUChc,0.1571150501909648,0
CVM23GLUChc,0.04899058443156142,0
DEOXFVShc,-0.19796431930596708,0
DEOXFVStev,-0.19796431930596708,0
DESFVShc,0.2877942456995874,0
DESFVSteb,0.2877942456995874,0
DSPVShc,0.5667387820031805,0
DSPVStev,0.5667387820031805,0
EX_12htacr[e],0.35063601085603757,0
EX_14hmdz[e],0.09447100716453356,0
EX_1hibupglu_S[e],0.04278050365166198,0
EX_1hmdgluc[e],0.10423017340919567,0
EX_1ohmdz[e],0.26858548866988385,0
EX_2hatvacid[e],0.38033875129014477,0
EX_2hatvacidgluc[e],0.20374606537435308,0
EX_2hatvlac[e],-0.3803387512950331,0
EX_2hatvlacgluc[e],0.14174188092230583,0
EX_2hibup_R[e],0.10793601807640249,0
EX_2hibupglu_S[e],0.15222970689083518,0
EX_35dhpvs[e],0.08514173023331337,0
EX_35dsmv[e],0.17932067139029226,0
EX_3hibup_S[e],0.05385245965449046,0
EX_3hibupglu_S[e],0.017517794257342564,1.5188961199896767e-11
EX_3hlvstacid[e],0.3294874892572912,0
EX_3hpvs[e],-0.3511116479010847,0
EX_3hpvstet[e],0.2592905179423882,0
EX_3hsmvacid[e],0.30310300966966486,0
EX_3ispvs[e],1,0
EX_4hatvacid[e],0.10654418663905389,0
EX_4hmdgluc[e],-0.45874125241350777,0
EX_4ohmdz[e],0.3632426131353186,0
EX_56dhpvs[e],0.39095763359176244,0
EX_56eppvs[e],0.22769663189052003,0
EX_5ohfvs[e],0.07131825301045983,0
EX_6bhglz[e],0.29271312830176033,0
EX_6csmvacid[e],0.35236302040163375,0
EX_6hmsmvacid[e],0.27028501114037273,0
EX_6hsmvacid[e],0.2381679447286307,0
EX_6melvacid[e],0.32418755496650004,0
EX_6ohfvs[e],-0.007217326961633584,3.3306690738754696e-16
EX_7bhglz[e],0.2268136395757015,0
EX_7hpvs[e],-0.06532404944325194,0
EX_acmp[e],-0.2262856659069641,0
EX_acmpglu[e],0.2906617888834252,0
EX_allop[e],-0.501641871932394,0
EX_am19cs[e],0.09896520930945449,0
EX_am4n9cs[e],0.06041924932618078,0
EX_atvacid[e],-0.5488859829679832,0
EX_atvlac[e],0.4218571750542293,0
EX_caribup_R[e],0.6432972476424254,0
EX_caribupglu_S[e],-0.05385245965449046,0
EX_crvs[e],-0.06366919408496365,0
EX_crvsm24[e],0.06366919408496365,0
EX_csa[e],-0.07120060955377633,0
EX_deoxfvs[e],-0.19796431930596708,0
EX_desfvs[e],0.2877942456995874,0
EX_dspvs[e],0.5667387820031805,0
EX_fvs[e],0.18429128719330765,0
EX_glc3meacp[e],0.2985541340058923,0
EX_glz[e],-0.3121899324519724,0
EX_ibup_R[e],-0.3804471465518874,0
EX_ibup_S[e],1.0274813829312541,0
EX_ibupgluc[e],0.40043978886826676,0
EX_isolvstacid[e],-0.3678854529112824,0
EX_lst4exp[e],0.09185798930990673,0
EX_lstn[e],-0.16782150457848535,0
EX_lstn1gluc[e],0.3927598211624082,0
EX_lstnm1[e],-0.010838817651093983,0
EX_lstnm2[e],-0.09962450026271698,0
EX_lstnm5[e],0.17478802426869092,0
EX_lstnm7[e],0.4609440447650009,0
EX_lvst[e],0.0069953622183492,0
EX_mdz[e],-0.20148905401226913,0
EX_mhglz[e],0.37991580506044687,0
EX_ndersv[e],0.3899712021591925,0
EX_nfdac[e],-0.0781165043090238,0
EX_nfdoh[e],1,0
EX_oxyp[e],0.5016418719341708,0
EX_profvs[e],0.6083835420129491,0
EX_ptvst[e],-0.2596043697790878,0
EX_ptvstm3[e],0.25059957713165404,0
EX_pvs[e],-0.5573773924918839,0
EX_rsv[e],-0.3899712021473309,0
EX_smv[e],0.6251156809367979,0
EX_smvacid[e],-0.7665530555136104,0
EX_sulpacmp[e],0.0972328076978129,0
EX_tacr[e],-0.3506360108587043,0
EX_tmd[e],-0.3215719685213532,0
EX_tmdm5[e],0.3215719685213532,0
FVStep,0.1857886626869694,0
FVStu,0.004095596536275126,0
GLC3MEACPhr,0.2985541340058923,0
GLC3MEACPtev,0.2985541340058923,0
GLZtd,0.3121899324519724,0
IBUPGLUCtchep,-0.40043978886826676,0
IBUPGT_HEP,0.40043978886826676,0
IBUP_RASCL1hep,0.3176121986231718,0
IBUP_RCYP2hep,0.10793601807640249,0
IBUP_RCYP3hep,0.6432972476424254,0
IBUP_RCYPCARhep,0.6432972476424254,0
IBUP_Rshep,0.3176121986231718,0
IBUP_Rtdhep,0.38044714655188555,0
IBUP_SACOT2,0.3176121986231718,0
IBUP_SCYP1hep,0.04278050365166198,0
IBUP_SCYP2hep,0.15222970689083518,0
IBUP_SCYP3hep,0.017517794257342564,1.5188961199896767e-11
IBUP_SCYPCARhep,-0.05385245965449046,0
IBUP_Stdhep,-1,0
ISOLVSTAChep,-0.3678854529112824,0
ISOLVSTtbc,-0.3678854529112824,0
LST4EXPTDhc,-0.09185798930760206,0
LST4EXPhr,0.09185798930990673,0
LSTN1GLUChr,0.3927598211624078,0
LSTN1GLUCtev,0.3927598211624082,0
LSTNM1hr,-0.010838817651093983,0
LSTNM1tev,-0.010838817651093983,0
LSTNM2hr,-0.09962450026271698,0
LSTNM2tev,-0.09962450026271698,0
LSTNM5hr,0.17478802426869092,0
LSTNM5tev,0.17478802426869092,0
LSTNM7TDhc,-0.4609440447649192,0
LSTNM7hr,0.4609440447650009,0
LSTNtd,0.16782150457848535,0
LVSTACIDhep,-0.18500553526599173,0
LVSTACOXD6Hhep,-0.5766572873808333,0
LVSTACOXD6MEhep,0.41119988033688437,0
LVSTOXD3Hhep,0.3294874892572912,0
LVSTOXD6Hhep,0.017312000131757786,0
LVSTOXD6METhep,0.2163149303355994,0
LVSTtu,-0.006995362214441807,0
MDZtd,0.20148905401829675,0
MERACMPtep,-0.0588453034405896,0
MERACMPthc,-0.0588453034405896,0
MHGLZhr,0.3799158050609864,0
MHGLZtev,0.37991580506069167,0
NDERSVhc,0.3899712021591925,0
NDERSVteb,0.3899712021591925,0
NFDACOXDhc,0.07811650431080364,0
NFDACtep,-0.07811650431080364,0
NFDOHtep,1,0
OXYPthc,-0.5016418734046849,0
OXYPtepv,NA,0
PROFVSCOAhc,0.6083835420129471,0
PROFVShc,0.6083835420129471,0
PROFVStev,0.6083835420129092,0
PTVSTGLUChc,0.33451142121787364,0
PTVSTLAChc,0.33451142121787364,0
PTVSTM13hr,0.27209929439500574,0
PTVSTM3eb,0.25059957713165404,0
PTVSTM3hc,0.2505995771316647,0
PTVSThc,0.33451142121787364,0
PTVSTtep,-0.2605679844502364,0
PTVSTtu,-1,1
PVSOATPtu,0.5573773924918839,0
RSVGLUChc,0.7348310222083168,0
RSVLAChv,0.7348310222083168,0
RSVSPONhc,0.7348310222083168,0
RSVtev,-0.680816016044806,0
RSVtu,0.13326665003606744,0
SMVACIDhep,0.4744287593344697,0
SMVACIDtev,-0.7665530555136104,0
SMVGLUChep,0.4744287593344697,0
SMVHYDROhep,-0.7665530555136104,0
SMVthep,-1.0014874934245601,0
SULPACMPtev,0.0972328076978129,0
TACRDtsc,0.35063601085603757,0
TMDM1hr,0.3215719685213532,0
TMDM5OATt,0.3215719685213532,0
TMDM5hr,0.3215719685213532,0
TMDOATthc,0.3215719685213532,0
TRIPVShc,0.39095763359176244,0
12HTACRitr,0.3506360108560558,0
14HMDZitr,0.09447100716453356,0
1HIBUPGLUitr,0.04278050365166198,0
1HMDGLUCitr,0.10423017340919567,0
2HATVACIDGLUCitr,0.20374606537447149,0
2HATVLACGLUCitr,0.14174188092366868,0
2HIBUP_Ritr,0.10793601807640249,0
2HIBUPGLUC_Sitr,0.15222970689083518,0
35DHPVSitr,0.08514173023331337,0
35DSMVitr,0.17932067139029226,0
3HIBUP_Ritr,0.6432972476424254,0
3HIBUPGLUC_Sitr,0.017517794257342564,1.5188961199896767e-11
3HLVSTitr,0.3294874892572912,0
3HPVSCOAitm,-0.1771155128832858,0
3HPVSCOAitx,0.528834539027575,0
3HPVSTETCOAitm,0.1771155128832858,0
3HPVSTETCOAitx,0.528834539027575,0
3HSMVitr,0.30310300966966486,0
3ISPVSitr,-0.06883539675186974,0
3MEACMPitr,0.2985541340058923,0
3OHACMPitr,-0.2985541340058923,0
4HATVACIDitr,0.037449030331996654,0
4HATVLACitr,0.21252848471453992,0
4HMDGLUCitr,-0.45874125241350777,0
4OHMDZitr,0.3632426131353166,0
56DHPVSitr,0.39095763359176244,0
56EPPVSitr,0.22769663189052003,0
5OHFVSitr,0.07131825301045983,0
6CSMVitr,-0.35236302040163375,0
6HLVSTitr,0.017312000131757786,0
6HLVSTACIDitr,-0.5766572873808333,0
6HMSMVitr,-0.27028501114037273,0
6HSMVitr,0.2381679447286307,0
6MELVACIDitr,0.41119988033688437,0
6MELVSTitr,0.2163149303355994,0
6OHFVSitr,0.007217326961633584,3.3306690738754696e-16
7HPVSitr,-0.06532404944325187,0
ACMPitr,0.29399487746300096,0
ACMPGLUitr,0.2906617888834252,0
AM19CSitr,0.09896520930945449,0
CARIBUP_Sitr,-0.05385245965449046,0
CARIBUPGLU_Sitr,0.05385245965449046,0
CRVSitr,0.06366919408496365,0
CRVSM24itr,0.06366919408496365,0
CSAitr,0.07120060955377633,0
DEOXFVSitx,0.19796431930596708,0
DESFVSitr,-0.2877942456995874,0
DSPVSitr,0.5667387820031805,0
FVSitx,-0.19796431930596708,0
FVSCOAitx,0.6083835420129471,0
GLC3MEACPitr,-0.2985541340058923,0
GLZitr,0.3121899324519724,0
IBUP_Ritr,0.4193032855597099,0
IBUP_Sitr,0.1750435763361375,0
IBUPGLUCitr,0.40043978886826676,0
LSTN1GLUCitr,-0.3927598211624082,0
LSTNitr,0.16782150457848535,0
LSTNM1itr,0.010838817651093983,0
LSTNM2itr,0.09962450025969367,0
LSTNM5itr,-0.17478802426854873,0
LSTNM7itr,0.4609440447650009,0
LVSTitr,0.1823630853101893,0
LVSTACIDitr,-0.18500553526599173,0
MDZitr,0.20148905401829675,0
NDERSVitr,-0.3899712021591925,0
NFDOHitr,0.07811650431080364,0
PROFVSCOAitx,0.6083835420129471,0
PTVSTM13itr,0.27209929439500574,0
PTVSTM13te,0.27209929439500574,0
EX_ptvstm13[e],0.27209929439500574,0
PTVSTM3itr,-0.25059957713165404,0
PVSitr,0.550277958962131,0
RSVLACitr,-0.7348310222083168,0
TACRitr,0.3506360108560558,0
TMDitr,0.3215719685213532,0
TMDM5itr,-0.3215719685213532,0
3HPVSCOAhc,0.2592905179423882,0
3HPVSTEThc,0.2592905179423882,0
FVSCOAhc,0.6083835420129471,0
1OHMDZitr,0.26858548866988385,0
NFDACitr,-0.07811650431080364,0
ATVACIDitr,0.16709189361326957,0
ATVLACitr,-1.1948537315868257,0
SMVitr,0.2583229410120628,0
6BHGLZitr,0.29271312830176205,0
7BHGLZitr,0.2268136395757015,0
LST4EXPitr,0.09185798930990673,0
MHGLZitr,0.3799158050609864,0
RSVitr,0.5852984833751467,0
PTVSTitr,0.2596043697790878,0
FVSitr,0.1328281632681916,0
AM9CSAitr,0.06041924932618078,0
EX_caproic[e],-0.03209145691048962,0
EX_M00234[e],-0.6927740207883903,0
EX_M01807[e],0.6927740207883903,0
EX_M00503[e],0.6927740207883903,0
EX_M00008[e],0.08551579621850733,0
EX_M00117[e],0.4067176597658729,0
EX_M00260[e],10.437082330427533,0
EX_M00315[e],0.4690766154451991,0
EX_M02053[e],-0.2447343216601425,0
EX_M02613[e],0.0223422941757707,0
EX_M02745[e],0.24041358333224813,0
EX_C01601[e],-0.36049514763343476,0
EX_M02108[e],-0.5926143174668335,0
EX_M03117[e],-0.07988940920186649,0
EX_M03134[e],-0.20398298159761208,0
EX_M01111[e],0.6996211188185874,0
EX_M01872[e],0.010755381676352581,0
EX_M01870[e],0.5692606760940595,0
EX_ditp[e],-0.24659323781663717,0
EX_hnifedipine[e],-0.0462792442006489,0
EX_itacon[e],0.10724012720524619,0
EX_adpman[e],0.03014830560381459,0
EX_M01966[e],0.9407388186727066,0
EX_M02155[e],-1,0
EX_M02837[e],0.05760469225586767,0
EX_M01881[e],0.6702711543269335,0
EX_M03131[e],0.12718445502716538,0
EX_n5m2masn[e],-0.5692606760940595,0
EX_dolichol_L[e],0.49175400917945883,0
sink_his_L[c],1,0
sink_leu_L[c],-1,0
sink_4abut[l],-0.3245500950400722,0
DM_ind56qn[c],0.3770624617128497,0
DM_4abut[c],-0.41681269847542507,0
DM_kynate[c],-1,0
DM_btn[m],-0.3880545591199068,0
DCMPtm,0.2964524543843672,0
ATPS4mi,8.900655809133981e-4,0
CYOR_u10mi,0.014438540075179319,0
Htmi,0.12646707593002018,0
CYOOm2i,0.018309155118735595,0
2HCO3_NAt,1,0.026430011182181135
3DPHBH1,0.4033014330295306,0
3MOBt2im,-0.2352590399186242,0
3MOPt2im,-0.14931694137071738,0
4MOPt2im,1,0
5ADTSTSTERONEte,-1,0
ABTD,1,0
ACN23ACNGALGBSIDEte,0.6236976706230999,0
ACN23ACNGALGBSIDEtg,-0.6236976706230999,0
ACRNtm,-0.2783973289143167,0
ADPRIBt,1,0
AMPtp,-1,0
ANDRSTRNte,1,0
ASCBOX,1,0
ATPtx,1,0
C161CRNt,-0.3606843056034289,0
CK,0.40784331092774256,0
CLPNDCRNt,0.8359464554397326,0
CO2tm,-1,0
CREATtmdiffir,0.4078433109277403,0
CRNtx,0.5377579039828607,0
CRVNCtr,NA,0
DCSPTN1CRNt,0.9556935964517661,0
DHPR2,1,0
DNDPt20m,1,0
DNDPt38m,0.9212145277649675,0
DTTPtn,1,0
ELAIDCRNt,0.9987276482644635,0
EX_34dhphe[e],-0.3546392207356168,0
EX_5adtststerone[e],1,0
EX_ach[e],0.39888668406005745,0
EX_acn23acngalgbside_hs[e],0.6236976706230999,0
EX_adprbp[e],1,0
EX_amp[e],1,0
EX_andrstrn[e],-1,0
EX_ascb_L[e],1,0
EX_cmp[e],-1,0
EX_cspg_e[e],-1,0
EX_dag_hs[e],-1,0
EX_dhdascb[e],-1,0
EX_gbside_hs[e],-1,0
EX_glygn5[e],0.37292318255818246,0
EX_gsn[e],1,0
EX_hdcea[e],1,0
EX_leuktrA4[e],1,0
EX_leuktrC4[e],1,0
EX_leuktrF4[e],-1,0
EX_lnlnca[e],1,1
EX_nad[e],-1,0
EX_nadp[e],-1,0
EX_ncam[e],1,0
EX_ocdcea[e],1,0
EX_retn[e],1.131276824809563,0
EX_tchola[e],-1,0
EX_triodthy[e],0.45832639679418596,0
EX_xoltri27[e],-0.24463402064273732,0
FUMTSULtm,-1,0
GBSIDEte,-1,0
GLYKm,-0.21891502792315445,0
H2Oter,-1,0
HMGCOAtm,0.12989086730420604,0
LNELDCCRNt,0.9942219977249928,0
MGCHrm,0.7752959927716956,0
MGSA2,1,0
NACASPAH,-0.5326635119431087,0
NADNe,1,0
NADPNe,1,0
NCAMUP,1,0
OCCOAtm,-0.3335306661243413,0
PAFHe,1,0
PCREATtmdiffir,0.40784331092774256,0
PCRNtm,0.3091343106360675,0
PE_HSter,1,0
PPAn,1,0
PRISTtx,-1,0
RADH4,1,0
RETH,1,0
S6T22g,1,0
SPHMYLNtl,-1.9272178144652405,0
ST6GALNAC22,0.6236976706230999,0
STRDNCCRNt,1.0439938203287131,0
TDCHOLAte,1,0
THFtm,0.525576407762289,0
TXA2tr,0.8914192363469352,0
TXASr,-0.8914192363469358,0
XOLTRI27te,-0.24463402064273732,0
EX_itp[e],-1,0
r0002,-1,0
r0179,1,0
r0330,-0.10376359834236433,0
r0633,0.366787522616841,0
r0784,-1,0
r0830,1,0
r1044,NA,1
r1045,NA,0
r1148,-1,0
r1364,1,0
r1365,1,0
r2447,NA,0
r2449,1,0
RE0124C,-1,0
RE0344C,0.5454698285278446,0
RE1530C,1,0
RE2644C,1.1769170844606034,0
RE2814M,1,0
RE3015R,-0.20836788074258528,0
RE3016R,0.20836788074258528,0
RE3017R,1,0
RE3073X,-1,0
RE3238C,-1,0
RE3565C,2.3491810155070243,0
EX_HC02191[e],-1,0
EX_HC02204[e],2.3491810155070243,0
EX_HC02206[e],-2.3491810155070243,0
C2tcx,1.0128785381900178,0
C4tmc,-1.379519122190048,0
C6COAt,-1.0270890926705873,0
C6CRNtcx,-1.0270890926705465,0
SUCCACT,0.44389776779391993,0
3HCO3_NAt,1.0069053552127762,0
AHCYStd,1,0
AMETtd,1,0
CHSTEROLtrc,0.11068032895856222,0
DHAPtc,-0.6887575929971971,0
LACLt,-0.05839539581875611,0
GLYALDtr,-1,0
PEPtr,-1,0
G3PCtr,1,0
XMPtr,-1,0
EX_g3pc[e],-1,0
EX_glyald[e],1,0
EX_kynate[e],1,0
EX_pep[e],-1,0
EX_xmp[e],1,0
GSNt2r,-1,0
FRUt4,NA,1
EX_odecrn[e],1,0
EX_pmtcrn[e],-1,0
HMCRNc,-0.37766109333674525,0
56DTHMtd,1,0
5AOPt,-1,0
CE1556td,-1.1769170844606034,0
CORTSNt,1,0
EX_CE1557[e],-1.1769170844606034,0
EX_cortsn[e],1,0
EX_HC00900[e],-1,0
EX_hmcr[e],-0.37766109333674525,0
EX_Nacasp[e],0.5326635119407657,0
HC00900t2,-1,0
HMCRNt,-0.37766109333674525,0
HXCOAtx,1.0332702773933242,0
NACASPt,0.5326635119404269,0
PROSTGI2c,-1,0
PSERtr,1,0
TXB2c,1,0
EX_pser_L[e],1,0
EX_ttdcea[e],-0.9306306946356289,0
TTDCEAt,-0.9306306946356289,0
r0202m,-0.6887575929970866,0
GLYPROt,1,0
EX_retinal[e],-1,0
EX_maltttr[e],-0.332607022079096,0
EX_argvaltrp[e],1,0
EX_asnasnarg[e],-1,0
EX_histrphis[e],1,0
EX_proproarg[e],1,0
EX_protrpthr[e],-1,0
EX_thrthrarg[e],1,0
EX_trpglngln[e],-1,0
EX_trptyrtyr[e],1,0
EX_valtrpval[e],1,0
ARGVALTRPt,-1,0
ASNASNARGt,1,0
HISTRPHISt,-1,0
PROPROARGt,-1,0
PROTRPTHRt,1,0
THRTHRARGt,-1,0
TRPGLNGLNt,1,0
TRPTYRTYRt,-1,0
VALTRPVALt,-1,0
ARGVALTRPr,-1,0
ASNASNARGr,1,0
HISTRPHISr,-1,0
PROPROARGr,-1,0
PROTRPTHRr,1,0
THRTHRARGr,-1,0
TRPGLNGLNr,1,0
TRPTYRTYRr,-1,0
VALTRPVALr,-1,0
HDCECRNtr,1,0
STCRNtr,NA,0
EX_sphmyln_hs[e],0.043162523598662794,0
FldAct,1,0
MLTHFtm,-1,0
r2514e,1,0
ETHAt,-1,0
PGP_hs_tm,0.42045375195381807,0
sink_crvnc[c],-0.16623709736337935,0
sink_nad[c],-1.0044169305005242,0
sink_stcoa[c],1.1050840236312334,0
sink_xol7ah3[c],-1,0
sink_dchac[c],1,0
EX_glcn[e],1,0
ADK1,1,0
EX_cytd[e],1,0
EX_glu_L[e],-1,0
EX_met_L[e],-1,0
EX_orn[e],-0.46767091277765943,0
EX_pi[e],1,0
EX_thymd[e],-0.05645274689057496,0
EX_ala_L[e],1,0
EX_nh4[e],-1,1
r0339,0.25122275308468256,0
EX_etha[e],1,0
EX_fol[e],1,0
EX_man[e],-1,0
GLYK,-0.5099195062052236,0
LDH_D,-1,0
UGLT,-1,0
EX_ade[e],1,0
XOL25OHtr,-0.8052230591382933,0
XOL25OHte,-0.8052230591382933,0
EX_xol25oh[e],-0.8052230591382933,0
3ITYR_Lte,-1,0
EX_3ityr_L[e],-1,0
EX_mma[e],-1.0191195673757587,0
GLCNte,1,0
GM1tl,0.39076830294262993,0
RE3477C1,1,0
EX_gm1_hs[e],-0.39076830294262993,0
HMR_0157,0.9138586278630317,0
HMR_0851,1,0
HMR_2558,1,0
HMR_2560,1,0
HMR_2569,1.3299026750505258,0
HMR_3478,1,0
HMR_3953,-1,0
3ISPVShc,1,0
IBUP_Stdu,-1,1
SMVtv,1,0
H2O2itr,-0.018280904590225168,0
sink_ile_L[c],-1,0
sink_glu_L[c],-1,0
sink_ser_L[c],-1,0
DM_btn[n],-0.3202946449106181,0
AACTtm,-1,0
ADA,-1,0
ADAe,-1,0
AOBUTDsm,-1,0
ARACHt,-1,0
C161CRN2t,-1,0
C181CRNt,-1,0
C204CRNt,-1,0
CYSGLTH,-1,0
CYSTSERex,-1,0
DATPtn,-1,0
DM_datp_n_,-1,0
DNDPt31m,-1,0
DSAT,-1,0
EBP1r,-1,0
EICOSTETCRNt,-1,0
EX_chol[e],1,0
EX_inost[e],-1,0
EX_mag_hs[e],1,0
EX_txa2[e],-1,0
FUMSO4tm,-1,0
GLCter,1,0
GLYATm,-1,0
GLYtm,1,0
GULNDer,-1,0
GULNter,-1,0
H2O2tm,-1,0
Htx,-1,0
LNLCCRNt,-1,0
P4504F122r,-1,0
PA_HSter,-1,0
PCHOL_HSter,1,0
PROSTGI2t,-1,0
SARCOXp,-1,0
SARCStp,-1,0
SERLYSNaex,NA,0
SUCD1m,1,0
TRIOK,-1,0
TTDCRNt,-1,0
TXA2te,1,0
UMPtr,1,0
XOL27OHtm,1,0
r0242,-1,0
r0525,-1,0
r0636,1,0
r0817,-1,0
r1030,-1,0
r1116,-1,0
r1292,-1,0
r1384,1,0
r2434,1,0
r2435,-1,0
r2519,-1,0
r2539,1,0
RE1096C,-1,0
RE1925C,-1,0
RE2814R,-1,0
RE3014R,-1,0
RE3566C,-1,0
RE3567C,-1,0
EX_C02470[e],-1,0
EX_HC02205[e],-1,0
EX_HC02207[e],-1,0
C10DCe,-1,0
C12DCe,-1,0
C4DCCACT,-1,0
C6DCe,-1,0
C8DCe,-1,0
DOCOSACTDr,1,0
DOCOSADIACTD,-1,0
EX_c10dc[e],-1,0
EX_c12dc[e],-1,0
EX_c6dc[e],-1,0
EX_c8dc[e],-1,0
FAOXC16OHC16r,-1,0
FAOXC22C22DCHYr,-1,0
OMHPALTD,-1,0
SUCCCROT,-1,0
CYSTALArBATtc,-1,0
CYSTLEUrBATtc,-1,0
ORNALArBATtc,-1,0
ORNLEUrBATtc,-1,0
CRNrtx,1,0
DM_fol,-1,0
DOPAENT4tc,-1,0
SRTNENT4tc,-1,0
15HPETATP,-1,0
3HPPt,-1,0
3MOXTYRt,1,0
C04717td,1,0
C06439t,1,0
EX_15HPET[e],-1,0
EX_3hpp[e],-1,0
EX_C04717[e],1,0
EX_hexdiac[e],1,0
EX_leuktrB4woh[e],-1,0
EX_saccrp_L[e],1,0
EX_sebacid[e],1,0
HC02149td,NA,0
HEXDIACtd,1,0
LEUKTRB4WOHt,-1,0
LEUKTRB4WOHtr,-1,0
SACCRP_Lte,-1,0
SACCRP_Ltm,1,0
SEBACIDtd,1,0
EX_3moxtyr[e],1,0
EX_glnproglu[e],1,1
GLNPROGLUt,-1,1
GLNPROGLUr,-1,1
ACRNtr,NA,0
DM_akg[c],-1,0
34HPLtm,-1,0
3HPPtm,1,0
sink_cholate[c],1,0
sink_gchola[c],-1,0
sink_lnlccoa[c],-1,0
sink_tdchola[c],1,0
sink_xol7aone[c],-1,0
EX_co2[e],1,0
EX_din[e],1,0
EX_ile_L[e],-1,1
EX_lac_L[e],-1,0
EX_leu_L[e],-1,0
URIDK3,1,0
EX_thr_L[e],1,0
EX_phe_L[e],1,0
EX_tyr_L[e],1,0
EX_nac[e],1,0
EX_ppa[e],1,0
EX_pyr[e],-1,0
EX_acald[e],-1,1
ACALDt,1,1
EX_tym[e],-1,1
11DOCRTSLte,-1,0
SUCSALtm,-1,0
SUCSALte,-1,0
EX_sucsal[e],-1,0
ORN_Dte,1,0
EX_11docrtsl[e],-1,0
CHSTEROLSte,-1,0
EX_chsterols[e],-1,0
MELATNte,-1,0
EX_melatn[e],-1,0
EX_CE4890[e],-1,0
HDD2CRNte,NA,0
DOPACHRMDC,-1,0
DOPAOQCYS,-1,0
NEU310e,-1,0
NEU39e,-1,0
HMR_1085,-1,0
HMR_3867,1,0
HMR_6782,-1,0
HMR_9626,1,0
HMR_9680,1,0
3HPVShc,-1,0
4HATVACIDtep,NA,0
EX_nfdlac[e],-1,0
NFDLAChc,-1,0
NFDLACtep,-1,0
3HPVSitr,-1,0
sink_val_L[c],1,0
sink_arg_L[c],-1,0
sink_asn_L[c],1,0
sink_tyr_L[c],-1,0
DM_5cysdopa[c],-1,0
