Reaction,fc,pval,WT,mutant,rxnNames,subSystem,geneRules,kegg,source
10FTHFtm,-1.0108879601403884,0,948.7372670257569,-5.1369413671144635,10-Formyltetrahydrofolate Mitochondrial Transport via Diffusion,"Transport, mitochondrial",NA,NA,PMID:11375437
11DOCRTSTRNtr,0.7286323807740573,0,-4.374843840097702,-0.6867804691018151,11-Deoxycorticosterone Intracellular Transport,"Transport, endoplasmic reticular",NA,NA,NA
24_25DHVITD3t,0.5085708538933553,0,0.8432590636180132,2.588605205315756,"24, 25-Dihydroxyvitamin D3 Transport from Cytoplasm","Transport, extracellular",NA,NA,NA
24_25DHVITD3tm,0.5085708538933553,0,0.8432590636180132,2.588605205315756,"24, 25-Dihydroxyvitamin D3 Transport from Mitochondria","Transport, mitochondrial",NA,NA,NA
24_25VITD3Hm,0.5085708538933553,0,0.8432590636180132,2.588605205315756,24R-Vitamin D-25-Hydroxylase (D3),Vitamin D metabolism,1591.1,NA,"PMID:15358094,PMID:8266831"
25HVITD3tin_m,0.5085708538933553,0,0.8432590636180132,2.588605205315756,25-Hydroxyvitamin D3 Transport in Mitochondria,"Transport, mitochondrial",NA,NA,NA
2AMACHYD,0.8860484922803924,0,3.998891357370504,66.18695238258765,2-Aminoacrylate Hydrolysis,"Glycine, serine, alanine, and threonine metabolism",10993.1,NA,PMID:500639
2AMACSULT,-0.5011282529309096,0,0.48188941216204567,0.16014688449837694,2-Aminoacrylate Sulfotransferase,Methionine and cysteine metabolism,6818.1,NA,"PMID:3346220,PMID:6351723"
2AMADPTm,-0.8123067767066554,0,54.66539079853296,5.661471630212724,L-2-Aminoadipate Shuttle (Cytosol/Mitochondria),Lysine metabolism,89874.1,NA,PMID:11083877
2HBO,1.4689297060179511,0,-135.114038484478,711.3796780910492,2-Hydroxybutyrate:NAD+ Oxidoreductase,Propanoate metabolism,92483.1 or 3948.2 or 55293.1 or (3945.1 and 3939.1) or 3939.1 or 160287.1 or 3945.1 or 3948.1,NA,"PMID:10108,PMID:21765"
2OXOADPTm,0.9945457854268333,0,-806.5096223236084,-2.205452774068749,2-Oxoadipate Shuttle (Cytosol/Mitochondria),Tryptophan metabolism,89874.1,NA,PMID:11083877
34DHPHAMT,0.9693329736896613,0,1.6971082139500546,108.98256426397263,"3, 4-Dihydroxyphenylacetate:Amet O-Methyltransferase",Tyrosine metabolism,1312.1 or 1312.2,NA,PMID:1847521
34DHPHEt,-1,0,NA,-3.520232359695435,"3, 4-Dihydroxy-L-Phenylalanine Transport","Transport, extracellular",117247.1,NA,PMID:11827462
34DHXMANDACOX,1,4.0128762624810395e-4,0,4.887939257016778,"3, 4-Dihydroxymandelaldehyde:NAD+ Oxidoreductase",Tyrosine metabolism,221.1 or 218.1 or 220.1,NA,"PMID:10424772,PMID:12616643"
34HPLFM,-0.9665885906484861,0,175.93750949211122,2.989095013506808,3- (4-Hydroxyphenyl-)Lactate Formation,Ubiquinone synthesis,NA,NA,"PMID:11583838,PMID:12232327"
34HPPOR,0.6289976263792981,0,1.1580298110865692,5.084678556437209,4-Hydroxyphenylpyruvate:Oxygen Oxidoreductase,Tyrosine metabolism,3242.1,NA,NA
3AIBTm,-0.457117872652255,0,1.861941148907205,0.6937081693158818,"L-3-Aminoisobutyrate Transaminase, Mitochondrial","Valine, leucine, and isoleucine metabolism",18.1 or 18.2,NA,NA
3AIBtmi,-0.457117872652255,0,1.861941148907205,0.6937081693158818,"3-Amino-Isobutyrate Transport, Mitochondrial","Transport, mitochondrial",18.1 or 18.2,NA,"We show in this study that the product of Slc6a18 called XT2 is a Na+- and Cl dependent neutral amino acid transporter and displays, compared with B0AT1, a lower K0.5 and a different substrate selectivity. Because of its broad transport selectivity for neutral amino acids, we suggest that it be renamed B0AT3. Exclusive to kidney, responsible for re-absorption of neutral amino acids (gly, ala, val, leu, ile, met, ser, cys, asn, gln, phe, tyr, trp, arg, glu)."
3DPHBH2,1,0,NA,0.04238155834847967,Hydroxylation of 3-Decaprenyl-4-Hydroxybenzoate (NADPH),Ubiquinone synthesis,NA,NA,PMID:11051212
3DSPHR,0.4291259176382244,0,4.883364086399274,12.22501142855212,3-Dehydrosphinganine Reductase,Sphingolipid metabolism,2531.1,NA,NA
3HBCOAHLm,-0.4249356383978016,0,431.43770161333083,174.11624761407376,"3-Hydroxyisobutyryl Coenzyme A Hydrolase, Mitochondrial","Valine, leucine, and isoleucine metabolism",NA,NA,PMID:8824301
3HLYTCL,0.8851843601464616,0,3.7050434323476704,60.83395904281885,3-Hydroxy-L-Tyrosine Carboxy-Lyase,Tyrosine metabolism,1644.1,NA,NA
3M4HDXPAC,-0.5837766875435261,0,3.427291380174184,0.9007068876750436,3-Methoxy-4-Hydroxyphenylacetaldehyde:NAD+ Oxidoreductase,Tyrosine metabolism,218.1 or 221.1 or 222.1 or 220.1,NA,"PMID:6422947,PMID:9732974"
3MLDAt,-0.9365220130528196,0,42.76120997140635,1.4016858626520217,3Mlda Extracellular Transport via Diffusion,"Transport, extracellular",NA,NA,PMID:11411609
3MOX4HOXPGALDOX,0.515820998747793,0,3.0949965085983275,9.68951707251072,3-Methoxy-4-Hydroxyphenylglycolaldehyde:NAD+ Oxidoreductase,Tyrosine metabolism,222.1 or 220.1 or 221.1 or 218.1,NA,NA
3MOX4HOXPGALDOX_NADP_,-1,5.062219306978352e-4,0,-0.3200849106490612,3-Methoxy-4-Hydroxyphenylglycolaldehyde:NADP+ Oxidoreductase,Tyrosine metabolism,222.1 or 220.1 or 221.1 or 218.1,NA,NA
3MOXTYROX,-0.5837766875435261,0,3.427291380174184,0.9007068876750436,3-Methoxytyramine:Oxygen Oxidoreductase (Deaminating),Tyrosine metabolism,4128.1 or 4129.1,NA,PMID:10867119
3SALAASPm,-0.41477177412563615,0,-60.980131152409314,-147.41764754769207,Cysteinesulfinate-Aspartate Mitochondrial Shuttle,"Transport, mitochondrial",10165.1 or 8604.1,NA,PMID:14598172
3SALATAi,0.8732704004085559,0,29.337799758134782,433.66058187828065,3-Sulfino-Alanine Transaminase (Irreversible),Methionine and cysteine metabolism,2805.1,NA,PMID:3346220
3SALATAim,0.920371210691457,0,5.712589746715476,137.76792267400026,"3-Sulfino-Alanine Transaminase (Irreversible), Mitochondrial",Methionine and cysteine metabolism,2806.1,NA,PMID:3346220
3SPYRSP,0.8732704004085559,0,29.337799758134782,433.66058187828065,3-Sulfinopyruvate Hydrolase (Spotaneous Reaction),Methionine and cysteine metabolism,NA,NA,PMID:3346220
3SPYRSPm,0.920371210691457,0,5.712589746715476,137.76792267400026,"3-Sulfinopyruvate Hydrolase (Spotaneous Reaction), Mitochondrial",Methionine and cysteine metabolism,NA,NA,PMID:3346220
41R1H2MAE12BOOX,-0.5296015707703727,0,2.0700622231527115,0.6366063142104395,"4-[ (1R)-1-Hydroxy-2- (Methylamino)Ethyl]-1, 2-Benzenediol:Oxygen Oxidoreductase (Deaminating) (Flavin-Containing)",Tyrosine metabolism,4128.1 or 4129.1,NA,"PMID:15035803,PMID:8920635,PMID:9653080"
42A12BOOX,-0.5365738747670882,0,6.5989831511988655,1.9902337547557936,"4- (2-Aminoethyl)-1, 2-Benzenediol:Oxygen Oxidoreductase (Deaminating) (Flavin-Containing)",Tyrosine metabolism,4129.1 or 8639.1 or 26.1 or 314.2 or 314.1 or 4128.1,NA,"PMID:15035803,PMID:8920635,PMID:9653080"
4HBZCOAFm,-0.646605502451145,1.6373733772745877e-7,0.1974725346973275,0.04238155834847967,4-Hydroxybenzoyl Coenzyme A Formation,Ubiquinone synthesis,NA,NA,"PMID:11583838,PMID:12232327"
4HBZFm,-0.646605502451145,1.6373733772745877e-7,0.1974725346973275,0.04238155834847967,4-Hydroxybenzoate Formation,Ubiquinone synthesis,NA,NA,"PMID:11583838,PMID:12232327"
4HDEBRISOQUINEte,-0.3445454275334986,0,-1.1683596840914434,-2.3966766530413035,Transport of Xenobiotic,"Transport, extracellular",NA,NA,NA
4HGLSDm,-1,0,3.8069417116641997,0,"L-4-Hydroxyglutamate Semialdehyde Dehydrogenase, Mitochondrial",Arginine and proline metabolism,8659.1 or 8659.2,NA,PMID:15849464
4MTOLBUTAMIDEte,-0.67165294275083,0,-1.7511198765863374,-8.915154347138342,Transport of Xenobiotic,"Transport, extracellular",NA,NA,NA
5ADTSTSTERONEGLCte,0.46091125272498495,0,0.20413232256469868,0.5531913040053102,Glucuronidated Compound Transport,"Transport, extracellular",4363.1,NA,NA
5ADTSTSTERONEGLCtr,-0.46091125272498495,0,-0.20413232256469868,-0.5531913040053102,Glucuronidated Compound Transport,"Transport, endoplasmic reticular",NA,NA,NA
5AOPtm,1.0037209812285273,0,-1.7467785746263245,940.6273949209213,5-Aminolevulinate Mitochondrial Transport,Heme synthesis,NA,NA,PMID:10558864
5FTHFt2,-0.6927026228428755,0,108.79355296909809,19.750647885722483,5-Formyltetrahydrofolate Transport via Anion Exchange,"Transport, extracellular",6573.1 or 6573.2,NA,"PMID:11375437,PMID:14770311"
5HLTDL,0.928397283468133,0,1.1098734405771633,29.891001786920988,5-Hydroxy-L-Tryptophan Decarboxy-Lyase,Tryptophan metabolism,1644.1,NA,PMID:1540578
5HOMEPRAZOLEte,-0.8285061912161983,0,-1.0940481838318628,-11.66499182572445,Transport of Xenobiotic,"Transport, extracellular",NA,NA,NA
5HOXINDACTO2OX,0.3764646380882579,0,1.97048630780363,4.349881158645021,5-Hydroxyindoleacetaldehyde:Oxygen Oxidoreductase,Tryptophan metabolism,316.1,NA,PMID:11306106
5HOXINOXDA,-0.6746353469620323,0,4.849819244028383,0.9422706611876678,5-Hydroxytryptamine:Oxygen Oxidoreductase (Deaminating) (Flavin-Containing),Tryptophan metabolism,4128.1 or 4129.1,NA,"PMID:11134050,PMID:15035803,PMID:8920635,PMID:9653080"
5MTHFt,-0.347836090543106,0,506.3628041178703,245.00868336594255,5-Methyltetrahydrofolate Transport via Receptor Binding And Protolysis,"Transport, extracellular",2348.5 or 2348.3 or 2348.1 or 2348.6 or 2352.1 or 2348.4 or 2348.2,NA,PMID:15094208
6HTSTSTERONEte,0.5694008791897048,0,1.2087250680573867,4.405429767107281,Hydroxylated Testosterone Transport,"Transport, extracellular",NA,NA,NA
6HTSTSTERONEtr,-0.5694008791899371,0,-1.2087250680573867,-4.405429767110308,Hydroxylated Testosterone Transport,"Transport, endoplasmic reticular",NA,NA,NA
A_MANASEly,-0.369281584868915,0,0.37772006513662637,0.17398539750973868,"Alpha-Mannosidase, Lysosomal",N-glycan degradation,4125.1,NA,PMID:8910458
A4GALTg,-0.6665570397873812,0,2.5154321144395273,0.5032849824087694,Lactosylceramide 4-Alpha-Galactosyltransferase,Sphingolipid metabolism,53947.1,NA,"PMID:10747952,PMID:10748143"
AATAi,0.8296405542936687,0,-53.79260537244082,-5.008676929926397,"2-Aminoadipate Transaminase, Irreversible",Lysine metabolism,51166.1 or 51166.2,NA,PMID:12126930
ABO3g,-0.4257541314744273,0,0.17956285930513602,0.07232188763849463,"Abo Blood Group (Transferase A, Alpha 1-3-N-Acetylgalactosaminyltransferase",Blood group synthesis,28.1,NA,"PMID:11421346,PMID:12198488,PMID:2121736"
ABUTt2rL,-0.8031753644438223,0,102.20258730176687,11.155868361574104,"4-Aminobutyrate Reversible Transport in via Proton Symport, Lysosomal","Transport, lysosomal",206358.1,NA,"PMID:11390972,PMID:11959859"
ACACT10m,-0.9796657449547178,0,-4.952054395625624,-482.1131844929337,"Acetyl Coenzyme A C-Acetyltransferase, Mitochondrial","Valine, leucine, and isoleucine metabolism",38.1 or 3032.1 or 10449.1,NA,PMID:676035
ACACT1x,-0.5345448392542573,0,436.69745369033814,132.45822364074587,Acetyl Coenzyme A C-Acetyltransferase,Cholesterol metabolism,39.1,NA,PMID:11108725
ACACt2m,-1.4518742662940485,0,312.2744505164385,-57.55139655785673,Acetoacetate Mitochondrial Transport via H+ Symport,"Transport, mitochondrial",6566.1,NA,"PMID:28726,PMID:627555"
ACACT8p,-0.9033936611011814,0,62.50877505406141,3.1726195323825146,"Acetyl Coenzyme A Acyltransferase (Hexadecanoyl Coenzyme A), Peroxisomal",Fatty acid oxidation,30.1,NA,PMID:1679347
ACALDtm,-0.7758403211909218,0,-36.901563918757624,-292.3419834918141,Acetaldehyde Mitochondrial Diffusion,"Transport, mitochondrial",NA,NA,PMID:9028626
ACALDtr,0.7047463538637043,0,0.7857078795561742,4.536549033020437,"Acetaldehyde Reversible Transport, Endoplasmatic Reticulum","Transport, endoplasmic reticular",NA,NA,PMID:9028626
ACALDtx,0.3838860196490388,0,72.86195352407098,163.65906644228696,Acetaldehyde Peroxisomal Diffusion,"Transport, peroxisomal",NA,NA,NA
ACCOAgt,0.6001166469582457,0,80.55973038681745,322.3564189053774,Acetyl Coenzyme A Transport,"Transport, extracellular",9197.1,NA,PMID:12739170
ACCOAtn,0.6042330687639272,0,11.61780941994749,47.09255015285639,"Acetyl Coenzyme A Transport, Nuclear","Transport, nuclear",NA,NA,NA
ACCOAtr,0.5052640322879204,0,-329.70207999839783,-108.36336623068452,Acetyl Coenzyme A Transport,"Transport, endoplasmic reticular",9197.1,NA,NA
ACETONEt2,-3.534657033523064,0,16.942155502788303,-30.3105562597455,Acetone Transport via Proton Symport,"Transport, extracellular",6566.1 or 9123.1 or 9194.1,NA,"PMID:10510291,PMID:11101640,PMID:12739169,PMID:7835905,PMID:8476015,PMID:9425115,PMID:9508842,PMID:9649795,PMID:9786900,PMID:9824713"
ACETONEt2m,-3.534657033523064,0,16.942155502788303,-30.3105562597455,Acetone Mitochondrial Transport via Proton Symport,"Transport, mitochondrial",6566.1,NA,NA
ACGALK,1,0,NA,0.39959261489572573,N-Acetylgalactosamine Kinase,Aminosugar metabolism,NA,NA,NA
ACGALtlg,0.8178615058906987,0,-2.163748327544193,-0.21679421712454405,N-Acetyl-Galactosamine Intracellular Transport,"Transport, golgi apparatus",NA,NA,NA
ACGALtly,0.4571205491487084,0,31.31854058650136,84.06081494957805,N-Acetyl-Galactosamine Lysosomal Efflux,"Transport, lysosomal",NA,NA,"PMID:2784441,PMID:3753439"
ACGAM6PSi,-0.44042239532261673,0,1.9980120518924087,0.776190929650247,N-Acetylglucosamine-6-Phosphate Synthase,Aminosugar metabolism,64841.1,NA,NA
ACGBGBSIDEtg,0.8178615058906987,0,-2.163748327544193,-0.21679421712454405,Acgbgbside Hs Intracellular Transport,"Transport, golgi apparatus",NA,NA,PMID:15907394
ACGBGBSIDEtl,-0.8178615058906987,0,2.163748327544193,0.21679421712454405,Acgbgbside Hs Intracellular Transport,"Transport, lysosomal",NA,NA,PMID:15907394
ACGPID,0.44716914571976313,0,1.5406526594422758,4.0330328449536115,N-Acetylglucosaminylphosphatidylinositol Deacetylase,Phosphatidylinositol phosphate metabolism,9487.1,NA,"PMID:10085243,PMID:14742432"
ACHEe,-0.4788522073274134,0,274.3714432790279,96.68854759710283,Acetylcholinesterase,Glycerophospholipid metabolism,43.1 or 43.2,NA,"PMID:11283752,PMID:1517212"
ACHtn,0.6042330687639272,0,11.61780941994749,47.09255015285639,"Acetylcholin Transport, Nuclear through Pores","Transport, nuclear",NA,NA,NA
ACHVESSEC,-0.4118865785720651,0,0.39809794628294765,0.16582546275685017,Acetylcholine Secretion via Secretory Vesicle (ATP Driven),"Transport, extracellular",6572.1,NA,"PMID:12827358,PMID:15383652"
ACNACNGALGBSIDEte,1,0,NA,0.048749224895189944,Acnacngalgbside Hs Transport,"Transport, extracellular",NA,NA,PMID:8206147
ACNACNGALGBSIDEtg,-1,0,NA,-0.048749224895189944,Acnacngalgbside Hs Intracellular Transport,"Transport, golgi apparatus",NA,NA,PMID:8206147
ACNAM9PL,-0.37248188854747455,0,0.3051563343267097,0.139521787655159,N-Acetylneuraminate 9-Phosphate Pyruvate-Lyase (Pyruvate-Phosphorylating),Aminosugar metabolism,54187.1,NA,PMID:10749855
ACNAMPH,-0.37248188854747455,0,0.3051563343267097,0.139521787655159,N-Acetylneuraminate 9-Phosphate Phosphohydrolase,Aminosugar metabolism,140838.1 or 54.1 or 51205.1,NA,NA
ACNAMtn,-0.39313573970104,7.443529504229814e-13,0.5036112968125351,0.21937826186551246,N-Acetylneuraminate Nuclear Import,"Transport, nuclear",NA,NA,NA
ACOAD10m,0.7025832349277802,0,7.6822884551087425,43.9778017435275,"Acyl Coenzyme A Dehydrogenase (2-Methylbutanoyl Coenzyme A), Mitochondrial","Valine, leucine, and isoleucine metabolism",36.1 or 34.1,NA,PMID:11013134
ACOAD1fm,0.7725992276953132,0,4.1253438288556,32.15724032462463,"Acyl Coenzyme A Dehydrogenase (Butanoyl Coenzyme A), Mitochondrial",Butanoate metabolism,80724.1 or 36.1 or 35.1 or 34.1 or 84129.1 or 27034.1 or 28976.1,NA,PMID:2565344
ACOAD9m,-0.5220134102624475,0,409.3136421532631,128.544486288172,"Acyl Coenzyme A Dehydrogenase (Isobutyryl Coenzyme A), Mitochondrial","Valine, leucine, and isoleucine metabolism",34.1 or 27034.1,NA,PMID:11013134
ACONTm,-1.2843972279092766,0,12.341837067063153,-99.13478619524687,Aconitate Hydratase,Citric acid cycle,50.1 or 48.1,NA,"PMID:10419470,PMID:17244191,PMID:17244192"
ACP1_FMN_,0.8369643451275128,0,0.3378604673187927,3.806760138315466,Acid Phosphatase (FMN),Vitamin B2 metabolism,52.1 or 52.3 or 52.2 or 55.1 or 51205.1 or 54.1,NA,PMID:8522318
ADCim,1,0,NA,31.622277333553136,"Acetoacetate Decarboxylation (Irreversible), Mitochondrial",Propanoate metabolism,NA,NA,NA
ADEt,1.0754292535615,0,-4.466728321590499,122.90163548790962,"Adenine Reversible Transport, Cytosol","Transport, extracellular",3177.1,NA,"PMID:12006583,PMID:12838422"
ADK3m,0.4079730055087369,0,-6.358869962577149,-2.6737889558792114,Adentylate Kinase (GTP),Nucleotide interconversion,50808.1,NA,PMID:11485571
ADKd,0.5369820051027668,0,86.83134346850068,288.2354765058413,Adenylate Kinase (D Form),Nucleotide interconversion,26289.2 or 26289.1,NA,PMID:10215863
ADMDC,0.9102417524661729,0,4.045643055370616,86.09967877359986,Adenosylmethionine Decarboxylase,Arginine and proline metabolism,262.1,NA,PMID:2460457
ADNCYC,0.35789267617820014,0,0.5413417940259271,1.1447993663143103,Adenylate Cyclase,Nucleotide interconversion,112.1 or 55811.1 or 109.1 or 112.2 or 114.1 or 108.1 or 113.1 or 107.1 or 196883.1 or 115.1 or 111.1,NA,"PMID:10481931,PMID:11299302,PMID:11423534,PMID:11840511,PMID:12503609,PMID:12609998,PMID:12623444,PMID:1427768,PMID:14996950,PMID:15547246,PMID:7860067,PMID:7959689,PMID:8076676"
ADNK1m,-0.4689071288323026,0,3.400090688979105,1.2293247754035657,"Adenosine Kinase, Mitochondrial",Nucleotide interconversion,NA,NA,NA
ADNt,-0.8019642295269325,0,-9.497629881983995,-86.42069698690516,Adenosine Faciliated Transport in Cytosol,"Transport, extracellular",3177.1 or 2030.1,NA,"PMID:10722669,PMID:12838422"
ADNtm,-1.920058215292353,0,2.6757425564968913,-0.8430787126844493,Adenosine Faciliated Transport in Mitochondria,"Transport, mitochondrial",2030.1,NA,"PMID:10722669,PMID:12838422,PMID:14607828"
ADRNCPT1,-0.42155380529866393,0,2.38741850989277,0.9714673810161301,Carnitine O-Palmitoyltransferase,Fatty acid oxidation,1375.1 or 1375.3 or 1375.4 or 126129.1 or 1374.1 or 1375.2,NA,NA
ADRNCPT2,-0.42155380529866393,0,2.38741850989277,0.9714673810161301,Carnitine Transferase,Fatty acid oxidation,1376.1,NA,NA
ADRNCRNt,-0.47795447984659273,0,62.615214567929506,22.1170494114439,Transport into the Mitochondria (Carnitine),Fatty acid oxidation,788.1 or 788.1,NA,NA
ADRNt,-1.6877901856963704,0,0.3095654858790292,-1.209739673638344,Fatty Acid Transport via Diffusion,"Transport, extracellular",NA,NA,"PMID:11788354,PMID:12864740"
ADSL1,0.35368761337660154,0,0.29092268000530164,0.60933139535042935,Adenylosuccinate Lyase,Nucleotide interconversion,158.1 or 158.2,NA,"PMID:1302001,PMID:2004782"
ADSL2,-0.6687288458905489,0,1.0241613469407551,0.20331350550502003,Adenylosuccinate Lyase,Purine synthesis,158.1 or 158.2,NA,"PMID:1302001,PMID:2004782"
AFLATOXINte,0.6800410417595993,0,1.2259305066652144,6.437117988099002,Transport of Xenobiotic,"Transport, extracellular",NA,NA,NA
AG13T16g,0.6231705704287155,0,0.020138070266118708,0.08674355142160144,"N-Acetyllactosaminide Beta-1, 3-N-Acetylglucosaminyltransferase, Golgi Apparatus",Keratan sulfate synthesis,79369.1 or 10678.1 or 11041.1 or 146712.1 or 374907.1 or 93010.1 or 374907.2 or 10678.2 or 10331.1,NA,"PMID:10747980,PMID:11042166,PMID:12061784,PMID:12512857,PMID:15560372,PMID:15620693,PMID:9405606"
AG13T17g,0.6231705704287155,0,0.020138070266118708,0.08674355142160144,"N-Acetyllactosaminide Beta-1, 3-N-Acetylglucosaminyltransferase, Golgi Apparatus",Keratan sulfate synthesis,10678.2 or 11041.1 or 10678.1 or 374907.2 or 93010.1 or 374907.1 or 146712.1 or 79369.1 or 10331.1,NA,"PMID:10747980,PMID:11042166,PMID:12061784,PMID:12512857,PMID:15560372,PMID:15620693,PMID:9405606"
AG13T18g,0.6231705704287155,0,0.020138070266118708,0.08674355142160144,"N-Acetyllactosaminide Beta-1, 3-N-Acetylglucosaminyltransferase, Golgi Apparatus",Keratan sulfate synthesis,10678.2 or 11041.1 or 10678.1 or 374907.2 or 93010.1 or 374907.1 or 146712.1 or 79369.1 or 10331.1,NA,"PMID:10747980,PMID:11042166,PMID:12061784,PMID:12512857,PMID:15560372,PMID:15620693,PMID:9405606"
AG13T1g,-0.4468946308442453,0,0.046939097689145864,0.01794343997257381,"N-Acetyllactosaminide Beta-1, 3-N-Acetylglucosaminyltransferase, Golgi Apparatus",Keratan sulfate synthesis,11041.1 or 10678.1 or 93010.1 or 374907.2 or 374907.1 or 146712.1 or 10331.1 or 10678.2 or 79369.1,NA,"PMID:10747980,PMID:11042166,PMID:12061784,PMID:12512857,PMID:15560372,PMID:15620693,PMID:9405606"
AG13T2g,-0.4468946308442453,0,0.046939097689145864,0.01794343997257381,"N-Acetyllactosaminide Beta-1, 3-N-Acetylglucosaminyltransferase, Golgi Apparatus",Keratan sulfate synthesis,79369.1 or 374907.1 or 11041.1 or 146712.1 or 374907.2 or 93010.1 or 10331.1 or 10678.1 or 10678.2,NA,"PMID:10747980,PMID:11042166,PMID:12061784,PMID:12512857,PMID:15560372,PMID:15620693,PMID:9405606"
AG13T3g,-0.4468946308442453,0,0.046939097689145864,0.01794343997257381,"N-Acetyllactosaminide Beta-1, 3-N-Acetylglucosaminyltransferase, Golgi Apparatus",Keratan sulfate synthesis,10331.1 or 11041.1 or 374907.2 or 10678.1 or 79369.1 or 374907.1 or 10678.2 or 93010.1 or 146712.1,NA,"PMID:10747980,PMID:11042166,PMID:12061784,PMID:12512857,PMID:15560372,PMID:15620693,PMID:9405606"
AGMTm,0.8562591234168196,0,11.740966720928391,151.62198194084763,"Agmatinase, Mitochondrial",Arginine and proline metabolism,79814.1,NA,"PMID:11804860,PMID:11914032,PMID:15028567,PMID:15465778"
AHCYStr,1,0,NA,131.98026151571494,S-Adenosyl-L-Homocysteine Intracellular Diffusion,"Transport, endoplasmic reticular",NA,NA,NA
AIRCr,-0.6687288458905489,0,1.0241613469407551,0.20331350550502003,Phosphoribosylaminoimidazole Carboxylase,Purine synthesis,10606.1,NA,NA
AKGDm,-0.6605069709754682,0,962.8246493347168,196.85087887954117,2-Oxoglutarate Dehydrogenase,Citric acid cycle,(4967.2 and 1738.1 and 8050.1 and 1743.1) or (4967.1 and 1738.1 and 8050.1 and 1743.1),NA,PMID:1542694
AKGMALtm,2.320784180660572,0,-73.23657896702234,184.13521030949354,Alpha-Ketoglutarate/Malate Transporter,"Transport, mitochondrial",8402.1 or 1468.1,NA,PMID:14598172
AKGtp,-0.851461068155425,0,-0.6401728465208647,-7.9794238958431585,"Akg Transporter, Peroxisome","Transport, peroxisomal",NA,NA,NA
AKR1C41,-0.5413026024163244,0,506.7271796489239,150.80389679838717,"Aldo-Keto Reductase Family 1, Member C4 (Chlordecone Reductase",Bile acid synthesis,1109.1,NA,NA
AKR1C42,-0.5650660333083787,0,534.103193299818,148.4279995480418,"Aldo-Keto Reductase Family 1, Member C4 (Chlordecone Reductase",Bile acid synthesis,1109.1,NA,NA
AKR1D,-0.5216266835893659,0,14.98285008027628,4.710350941847265,"Aldo-Keto Reductase Family 1, Member D1 (Delta 4-3-Ketosteroid-5-Beta-Reductase)",Bile acid synthesis,6718.1,NA,NA
ALAASNNaEx,0.5482613415478869,0,15.856147966299952,54.3443879835397,L-Alanine/L-Asparagine Na-Dependent Exchange (Ala-L In),"Transport, extracellular",6510.1,NA,PMID:14530974
ALACYSNaEx,0.3577703398735301,0,75.7965366318509,160.24530739299468,L-Alanine/L-Cysteine Na-Dependent Exchange (Ala-L In),"Transport, extracellular",6509.1 or 6510.1,NA,PMID:14530974
ALADGLYexR,0.3904691579227249,0,-59.89032959189043,-26.253730850791932,D-Alanine/Glycine Reversible Antiport,"Transport, extracellular",56301.1 and 6520.1,NA,"PMID:10734121,PMID:10863037,PMID:14770310"
ALASm,-0.86331504893357,0,1.7467786180496216,0.12813632888793944,5-Aminolevulinate Synthase,"Glycine, serine, alanine, and threonine metabolism",212.1 or 23464.1 or 211.2 or 211.1,NA,PMID:2263504
ALAt4,0.9999671883269171,1.5667304781054317e-12,4.5388251543045047e-5,2.766546332219988,Alanine-Sodium Symporter,"Transport, extracellular",54407.1 or 6542.1 or 11254.1 or 6541.1 or 81539.1 or 55089.1 or 84889.1 or (340024.1 and 57393.1) or (340024.1 and 59272.1),NA,"PMID:10747860,PMID:10891391,PMID:10930503,PMID:11325958,PMID:11342143,PMID:11414754,PMID:11591158,PMID:11891586,PMID:12049641,PMID:1348489,PMID:14770310,PMID:7534987,PMID:8954799"
ALATHRNaEx,0.5284101897397745,0,28.597696233475954,92.68438243440539,L-Alanine/L-Threonine Na-Dependent Exchange (Ala-L In),"Transport, extracellular",6509.1 or 6510.1,NA,PMID:14530974
ALAtN1,1.031962965105492,1.865531519037361e-9,-0.2951234551906586,18.761711534026265,"Alanine Transport (Na, H Coupled)","Transport, extracellular",92745.1 or 10991.1,NA,"PMID:10823827,PMID:12845534"
ALCD22_D,-0.36321321928820377,0,455.3531012372017,212.70541638040544,Alcohol Dehydrogenase (D-Lactaldehyde),Pyruvate metabolism,126.1 or 137872.1 or (126.1 and 124.1) or 127.1 or 130.1 or 284273.1 or (125.1 and 124.1) or 128.1 or 124.1 or 125.1 or 284273.2 or 131.1 or (125.1 and 126.1),NA,"PMID:15987839,PMID:2296157"
ALCD22_L,1,0,0,17.153539441490175,Alcohol Dehydrogenase (L-Lactaldehyde),Pyruvate metabolism,126.1 or 137872.1 or (126.1 and 124.1) or 127.1 or 130.1 or 284273.1 or (125.1 and 124.1) or 128.1 or 124.1 or 125.1 or 284273.2 or 131.1 or (125.1 and 126.1),NA,"PMID:15987839,PMID:2296157"
ALDD21,-0.4940710321856711,0,0.3206748573715249,0.1085883442614133,"Aldehyde Dehydrogenase (Pristanal, NAD)",Fatty acid oxidation,224.1,NA,"PMID:11591435,PMID:8528251"
ALDD2xm,0.7758403211909218,0,36.901563918757624,292.3419834918141,"Aldehyde Dehydrogenase (Acetylaldehyde, NAD), Mitochondrial",Glycolysis/gluconeogenesis,219.1 or 217.1,NA,"PMID:18983992,PMID:18983993,PMID:19382904,PMID:19382905"
ALDD2y,0.6126535182255725,0,81.1590142793417,337.8922387876988,"Aldehyde Dehydrogenase (Acetaldehyde, NADP)",Glycolysis/gluconeogenesis,223.1 or 221.1 or 218.1 or 8854.1 or 8854.3 or 222.1 or 8854.2 or 224.1 or 219.1,NA,PMID:12616643
ALOX15,0.42912997926877833,0,0.4421647310182947,1.1069260075422285,Arachidonate 15-Lipoxygenase,Eicosanoid metabolism,247.1 or 246.1,NA,PMID:11839751
ALOX5,0.7915196819273747,0,3.988091971777263,34.270598427841065,Arachidonate 5-Lipoxygenase,Eicosanoid metabolism,240.1,NA,PMID:2829172
AMACR2p,-0.452296621194394,0,904.9361997989655,341.2778126728535,Alpha-Methylacyl Coenzyme A Racemase (Reductase),Bile acid synthesis,23600.1 or 23600.2,NA,NA
AMETr,-1,0,NA,-131.98026151571494,S-Adenosyl-L-Methionine Intracellular Diffusion,"Transport, endoplasmic reticular",NA,NA,NA
AMETt2m,-0.4529508048251296,0,4.368963746724278,1.6449545940967742,"S-Adenosyl-L-Methionine Reversible Transport, Mitochondrial","Transport, mitochondrial",115286.3 or 115286.2 or 115286.1,NA,PMID:14674884
AMPDA,-0.6062440176132117,0,17.285814583881198,4.237458834521253,Adenosine Monophosphate Deaminase,Nucleotide interconversion,271.2 or 270.1 or 271.1 or 272.1 or 271.3,NA,"PMID:1400401,PMID:2345176"
AMPTASECGe,0.993732499986379,0,0.23846504238824628,75.85728026913702,Alanyl Aminopeptidase (Cys-Gly) (E),Glutathione metabolism,290.1,NA,PMID:6126478
AMY1e,-0.7148467840151188,0,72.16506995325088,11.999965227658487,"Alpha-Amylase, Extracellular (Strch1 -> Strch2)",Starch and sucrose metabolism,6520.1 or 280.1 or 278.1 or 276.1 or 277.1 or (6519.1 and 11136.1) or 276.2 or 279.1,NA,NA
AMY2e,0.7730804082274909,0,8.39738026324883,65.61456553354562,"Alpha-Amylase, Extracellular (Glygn2 -> Glygn4)",Starch and sucrose metabolism,6520.1 or 280.1 or 278.1 or 276.1 or 277.1 or (6519.1 and 11136.1) or 276.2 or 279.1,NA,NA
ANDRSTRNGLCte,0.8177119963831494,0,0.18559188362962378,1.8506571283428557,Glucuronidated Compound Transport,"Transport, extracellular",4363.1,NA,NA
ANDRSTRNGLCtr,-0.8177119963831494,0,-0.18559188362962378,-1.8506571283428557,"Glucuronidated Compound Transport, Endoplasmatic Reticulum","Transport, endoplasmic reticular",NA,NA,NA
ANTIPYRENEte,0.8380445165034653,0,4.610631571134296,52.326391758896406,Transport of Antipyrine,"Transport, extracellular",NA,NA,NA
APAT2rm,-2.5428509645456185,0,2.371143819076789,-1.032592554682355,"3-Aminopropanoate:2-Oxoglutarate Aminotransferase, Mitochondrial",Beta-Alanine metabolism,18.1 or 18.2,NA,PMID:15304357
APNNOXte,-0.8795461572492336,0,-0.7916862656342164,-12.353369924433737,Transport of Alpha-Pinene Oxide,"Transport, extracellular",NA,NA,NA
APPNNte,0.8795461572492334,0,0.7916862656342193,12.353369924433737,Transport of (+)-Alpha-Pinene,"Transport, extracellular",NA,NA,NA
APRTO2,-0.3922449690067749,0,9.331037430324368,4.073266608182754,N-Acetylputrescine: Oxygen Oxireductase (Deaminating),Arginine and proline metabolism,4128.1 or 4129.1,NA,PMID:4156831
ARACHCOAtx,-0.619315145118756,0,68.56682575155497,16.119377497073916,Fatty Acid Intracellular Transport,"Transport, peroxisomal",NA,NA,NA
ARACHCPT1,0.6096492277717098,0,-68.63175126070976,-16.643661638681916,Carnitine Transferase,Fatty acid oxidation,1375.3 or 1374.1 or 1375.2 or 1375.4 or 1375.1 or 126129.1,NA,NA
ARACHCPT2,0.6096492277717098,0,-68.63175126070976,-16.643661638681916,Carnitine Transferase,Fatty acid oxidation,1376.1,NA,NA
ARACHCRNt,0.4687801730224457,0,59.783092666560414,165.29545158395916,Transport into the Mitochondria (Carnitine),Fatty acid oxidation,788.1,NA,NA
ARACHDtr,-1.0582462970015587,0,5.375969861771795,-189.97036087097024,Intracellular Transport,"Transport, endoplasmic reticular",NA,NA,NA
ARGDCm,0.9668600703239305,0,3.7608004095721714,223.2040994156599,"Arginine Decarboxylase, Mitochondrial",Arginine and proline metabolism,113451.1,NA,PMID:14752610
ARGNm,0.36850615644891627,0,49.989046604424715,108.33093423124254,"Arginase, Mitochondrial",Urea cycle,384.1,NA,PMID:9144563
ARGt4,0.7833932975346702,0,6.193092683249712,50.989742499248685,L-Arginine Transport in via Sodium Symport,"Transport, extracellular",11254.1,NA,"PMID:11133652,PMID:12719981"
ARGtm,0.7040746151634869,0,57.40516169358492,330.56535138219596,Arginine Mitochondrial Transport via Ornithine Carrier,"Transport, mitochondrial",83884.1 or 10166.1,NA,PMID:14598172
ARSA,-0.8529587081974512,0,1.5547003924654068,0.12337304283290206,Arylsulfatase A,Sphingolipid metabolism,410.1,NA,PMID:2562955
R_group_phosphotase_1,-0.4614133603830432,0,1.3556255578984886,0.49959979400765914,R Group Phosphotase 1,Miscellaneous,NA,NA,NA
ARTPLM3m,0.46819577346453556,0,0.13828606414403422,0.3817777384508567,R Group to Palmitate Conversion,R group synthesis,NA,NA,NA
ASCBt4,-0.49395218082840014,0,-46.24560667438507,-136.52607980413435,L-Ascorbate Transport via Proton Symport,"Transport, extracellular",9962.2 or 9963.1 or 9962.1 or 9963.2,NA,"PMID:10471399,PMID:10556483,PMID:10556521,PMID:10631088,PMID:15705056"
ASNGLNNaEx,0.6810849623008605,0,4.195946131528673,22.117934592321514,L-Glutamine/L-Asparagine Na-Dependent Exchange (Asn-L In),"Transport, extracellular",6510.1,NA,PMID:14530974
ASNtN1,0.7269969707815901,2.640067493938966e-6,2.968778944289684,18.780276022529602,"Asparagine Transport (Na, H Coupled)","Transport, extracellular",92745.1 or 10991.1,NA,"PMID:10823827,PMID:12845534"
ASPCTr,-1.187214201311645,0,67.70821706228777,-5.795472511082865,Aspartate Carbamoyltransferase (Reversible),Pyrimidine synthesis,790.1,NA,"PMID:2565865,PMID:8619816"
ASPGLUm,-0.823737386463855,0,7.07039473308092,0.6833474290952898,Aspartate-Glutamate Mitochondrial Shuttle,"Transport, mitochondrial",8604.1 or 10165.1,NA,PMID:14598172
ASPt6,-0.43020631114229313,0,61.79014708646685,24.617172759738565,"L-Aspartate Transport via Na, H Symport And K Antiport","Transport, extracellular",6511.1 or 6505.1 or 6507.1 or 6506.1 or 6512.1,NA,PMID:14530974
ATPasel,0.7191862656521739,2.5079985169630785e-16,0.2517607564128244,1.5413193220778119,"V-Type ATPase, H+ Transporting, Lysosomal","Transport, lysosomal",((50617.1 and 533.1 and 527.1 and 8992.1 and 245972.1) or (50617.1 and 533.1 and 527.1 and 8992.1 and 9114.1) or (533.1 and 527.1 and 8992.1 and 535.1 and 245972.1) or (533.1 and 527.1 and 8992.1 and 535.1 and 9114.1) or (533.1 and 527.1 and 8992.1 and 50617.3 and 245972.1) or (533.1 and 527.1 and 8992.1 and 10312.1 and 9114.1) or (533.1 and 527.1 and 8992.1 and 245972.1 and 50617.2) or (533.1 and 527.1 and 8992.1 and 9114.1 and 23545.1) or (533.1 and 527.1 and 8992.1 and 10312.2 and 245972.1) or (533.1 and 527.1 and 8992.1 and 50617.3 and 9114.1) or (533.1 and 527.1 and 8992.1 and 245972.1 and 23545.1) or (533.1 and 527.1 and 8992.1 and 9114.1 and 50617.2) or (533.1 and 527.1 and 8992.1 and 10312.1 and 245972.1) or (533.1 and 527.1 and 8992.1 and 10312.2 and 9114.1)) and ((51382.1 and 9296.1 and 529.1 and 245973.1 and 523.1 and 51606.1 and 9550.1 and 526.1) or (51382.1 and 9296.1 and 127124.1 and 245973.1 and 525.1 and 90423.1 and 51606.2 and 523.1) or (51382.1 and 51606.3 and 9296.1 and 534.2 and 90423.1 and 523.1 and 526.1 and 528.2) or (51382.1 and 9296.1 and 245973.1 and 534.2 and 523.1 and 90423.1 and 51606.1 and 526.1) or (51382.1 and 9296.1 and 534.1 and 51606.2 and 529.1 and 528.1 and 523.1 and 526.1) or (51382.1 and 51606.3 and 9296.1 and 534.1 and 529.1 and 523.1 and 528.2 and 526.1) or (51382.1 and 51606.3 and 9296.1 and 127124.1 and 529.1 and 525.1 and 523.1 and 528.2) or (51382.1 and 9296.1 and 245973.1 and 90423.1 and 127124.2 and 51606.2 and 523.1 and 526.1) or (51382.1 and 9296.1 and 127124.1 and 529.1 and 525.1 and 523.1 and 51606.1 and 528.2) or (51382.1 and 9296.1 and 51606.2 and 529.1 and 245973.1 and 534.2 and 525.1 and 523.1) or (51382.1 and 9296.1 and 534.1 and 528.1 and 523.1 and 90423.1 and 51606.1 and 526.1) or (51382.1 and 51606.3 and 9296.1 and 523.1 and 90423.1 and 9550.1 and 528.2 and 526.1) or (51382.1 and 51606.3 and 9296.1 and 534.1 and 245973.1 and 525.1 and 90423.1 and 523.1) or (51382.1 and 9296.1 and 534.1 and 525.1 and 529.1 and 528.1 and 523.1 and 51606.1) or (51382.1 and 9296.1 and 90423.1 and 127124.2 and 51606.2 and 523.1 and 526.1 and 528.2) or (51382.1 and 51606.3 and 9296.1 and 534.1 and 90423.1 and 528.1 and 523.1 and 526.1) or (51382.1 and 9296.1 and 51606.2 and 529.1 and 525.1 and 523.1 and 127124.2 and 528.2) or (51382.1 and 51606.3 and 9296.1 and 534.1 and 529.1 and 528.1 and 525.1 and 523.1) or (51382.1 and 9296.1 and 529.1 and 523.1 and 51606.1 and 127124.2 and 528.2 and 526.1) or (51382.1 and 51606.3 and 9296.1 and 534.2 and 525.1 and 90423.1 and 528.1 and 523.1) or (51382.1 and 9296.1 and 534.2 and 90423.1 and 51606.2 and 523.1 and 526.1 and 528.2) or (51382.1 and 51606.3 and 9296.1 and 525.1 and 523.1 and 90423.1 and 9550.1 and 528.2) or (51382.1 and 51606.3 and 9296.1 and 534.1 and 525.1 and 90423.1 and 528.1 and 523.1) or (51382.1 and 9296.1 and 127124.1 and 245973.1 and 525.1 and 523.1 and 90423.1 and 51606.1) or (51382.1 and 9296.1 and 245973.1 and 525.1 and 90423.1 and 127124.2 and 51606.2 and 523.1) or (51382.1 and 9296.1 and 534.1 and 525.1 and 51606.2 and 529.1 and 523.1 and 528.2) or (51382.1 and 51606.3 and 9296.1 and 127124.1 and 529.1 and 528.1 and 523.1 and 526.1) or (51382.1 and 51606.3 and 9296.1 and 127124.1 and 90423.1 and 523.1 and 526.1 and 528.2) or (51382.1 and 9296.1 and 127124.1 and 529.1 and 523.1 and 51606.1 and 528.2 and 526.1) or (51382.1 and 51606.3 and 9296.1 and 525.1 and 90423.1 and 127124.2 and 528.1 and 523.1) or (51382.1 and 9296.1 and 90423.1 and 127124.2 and 51606.2 and 528.1 and 523.1 and 526.1) or (51382.1 and 9296.1 and 245973.1 and 534.2 and 525.1 and 90423.1 and 51606.2 and 523.1) or (51382.1 and 51606.3 and 9296.1 and 127124.1 and 529.1 and 245973.1 and 523.1 and 526.1) or (51382.1 and 51606.3 and 9296.1 and 245973.1 and 523.1 and 90423.1 and 9550.1 and 526.1) or (51382.1 and 9296.1 and 528.1 and 534.2 and 523.1 and 90423.1 and 51606.1 and 526.1) or (51382.1 and 9296.1 and 127124.1 and 525.1 and 90423.1 and 51606.2 and 528.1 and 523.1) or (51382.1 and 51606.3 and 9296.1 and 529.1 and 534.2 and 525.1 and 523.1 and 528.2) or (51382.1 and 9296.1 and 51606.2 and 127124.1 and 529.1 and 245973.1 and 523.1 and 526.1) or (51382.1 and 51606.3 and 9296.1 and 529.1 and 528.1 and 523.1 and 127124.2 and 526.1) or (51382.1 and 51606.3 and 9296.1 and 534.2 and 90423.1 and 528.1 and 523.1 and 526.1) or (51382.1 and 9296.1 and 534.1 and 51606.2 and 529.1 and 523.1 and 526.1 and 528.2) or (51382.1 and 9296.1 and 534.2 and 529.1 and 528.1 and 523.1 and 51606.1 and 526.1) or (51382.1 and 9296.1 and 534.1 and 90423.1 and 51606.2 and 523.1 and 526.1 and 528.2) or (51382.1 and 9296.1 and 127124.1 and 529.1 and 528.1 and 523.1 and 51606.1 and 526.1) or (51382.1 and 9296.1 and 127124.1 and 90423.1 and 51606.2 and 528.1 and 523.1 and 526.1) or (51382.1 and 9296.1 and 529.1 and 528.1 and 523.1 and 51606.1 and 9550.1 and 526.1) or (51382.1 and 9296.1 and 534.2 and 525.1 and 51606.2 and 529.1 and 528.1 and 523.1) or (51382.1 and 9296.1 and 529.1 and 245973.1 and 523.1 and 51606.1 and 127124.2 and 526.1) or (51382.1 and 51606.3 and 9296.1 and 529.1 and 245973.1 and 523.1 and 9550.1 and 526.1) or (51382.1 and 9296.1 and 127124.1 and 525.1 and 90423.1 and 51606.2 and 523.1 and 528.2) or (51382.1 and 9296.1 and 51606.2 and 127124.1 and 529.1 and 525.1 and 523.1 and 528.2) or (51382.1 and 9296.1 and 51606.2 and 529.1 and 523.1 and 127124.2 and 528.2 and 526.1) or (51382.1 and 9296.1 and 523.1 and 90423.1 and 51606.1 and 9550.1 and 528.2 and 526.1) or (51382.1 and 9296.1 and 534.1 and 525.1 and 90423.1 and 51606.2 and 528.1 and 523.1) or (51382.1 and 9296.1 and 51606.2 and 127124.1 and 529.1 and 528.1 and 525.1 and 523.1) or (51382.1 and 51606.3 and 9296.1 and 529.1 and 245973.1 and 534.2 and 523.1 and 526.1) or (51382.1 and 9296.1 and 534.2 and 525.1 and 51606.2 and 529.1 and 523.1 and 528.2) or (51382.1 and 9296.1 and 245973.1 and 523.1 and 90423.1 and 51606.1 and 9550.1 and 526.1) or (51382.1 and 51606.3 and 9296.1 and 529.1 and 528.1 and 523.1 and 9550.1 and 526.1) or (51382.1 and 51606.3 and 9296.1 and 525.1 and 127124.2 and 529.1 and 528.1 and 523.1) or (51382.1 and 51606.3 and 9296.1 and 528.1 and 525.1 and 523.1 and 90423.1 and 9550.1) or (51382.1 and 9296.1 and 529.1 and 245973.1 and 525.1 and 523.1 and 51606.1 and 127124.2) or (51382.1 and 51606.3 and 9296.1 and 534.1 and 525.1 and 90423.1 and 523.1 and 528.2) or (51382.1 and 51606.3 and 9296.1 and 245973.1 and 525.1 and 523.1 and 90423.1 and 9550.1) or (51382.1 and 9296.1 and 51606.2 and 529.1 and 245973.1 and 523.1 and 127124.2 and 526.1) or (51382.1 and 9296.1 and 245973.1 and 523.1 and 90423.1 and 51606.1 and 127124.2 and 526.1) or (51382.1 and 9296.1 and 534.2 and 51606.2 and 529.1 and 523.1 and 526.1 and 528.2) or (51382.1 and 9296.1 and 534.1 and 51606.2 and 529.1 and 245973.1 and 523.1 and 526.1) or (51382.1 and 9296.1 and 127124.1 and 245973.1 and 523.1 and 90423.1 and 51606.1 and 526.1) or (51382.1 and 9296.1 and 529.1 and 528.1 and 523.1 and 51606.1 and 127124.2 and 526.1) or (51382.1 and 51606.3 and 9296.1 and 127124.1 and 525.1 and 90423.1 and 528.1 and 523.1) or (51382.1 and 9296.1 and 51606.2 and 245973.1 and 525.1 and 523.1 and 90423.1 and 9550.1) or (51382.1 and 51606.3 and 9296.1 and 90423.1 and 127124.2 and 523.1 and 526.1 and 528.2) or (51382.1 and 51606.3 and 9296.1 and 245973.1 and 90423.1 and 127124.2 and 523.1 and 526.1) or (51382.1 and 9296.1 and 525.1 and 9550.1 and 51606.2 and 529.1 and 528.1 and 523.1) or (51382.1 and 51606.3 and 9296.1 and 529.1 and 528.1 and 525.1 and 523.1 and 9550.1) or (51382.1 and 9296.1 and 534.1 and 525.1 and 523.1 and 90423.1 and 51606.1 and 528.2) or (51382.1 and 9296.1 and 51606.2 and 127124.1 and 529.1 and 245973.1 and 525.1 and 523.1) or (51382.1 and 9296.1 and 525.1 and 9550.1 and 51606.2 and 529.1 and 523.1 and 528.2) or (51382.1 and 9296.1 and 9550.1 and 51606.2 and 529.1 and 523.1 and 526.1 and 528.2) or (51382.1 and 9296.1 and 529.1 and 245973.1 and 525.1 and 523.1 and 51606.1 and 9550.1) or (51382.1 and 51606.3 and 9296.1 and 534.1 and 245973.1 and 90423.1 and 523.1 and 526.1) or (51382.1 and 9296.1 and 529.1 and 245973.1 and 534.2 and 525.1 and 523.1 and 51606.1) or (51382.1 and 9296.1 and 525.1 and 90423.1 and 127124.2 and 51606.2 and 523.1 and 528.2) or (51382.1 and 9296.1 and 525.1 and 127124.2 and 529.1 and 528.1 and 523.1 and 51606.1) or (51382.1 and 51606.3 and 9296.1 and 127124.1 and 245973.1 and 525.1 and 90423.1 and 523.1) or (51382.1 and 51606.3 and 9296.1 and 529.1 and 525.1 and 523.1 and 127124.2 and 528.2) or (51382.1 and 51606.3 and 9296.1 and 127124.1 and 90423.1 and 528.1 and 523.1 and 526.1) or (51382.1 and 9296.1 and 529.1 and 525.1 and 523.1 and 51606.1 and 9550.1 and 528.2) or (51382.1 and 9296.1 and 534.1 and 245973.1 and 525.1 and 90423.1 and 51606.2 and 523.1) or (51382.1 and 9296.1 and 51606.2 and 529.1 and 528.1 and 523.1 and 127124.2 and 526.1) or (51382.1 and 9296.1 and 245973.1 and 534.2 and 90423.1 and 51606.2 and 523.1 and 526.1) or (51382.1 and 9296.1 and 534.2 and 525.1 and 90423.1 and 51606.2 and 523.1 and 528.2) or (51382.1 and 51606.3 and 9296.1 and 529.1 and 523.1 and 9550.1 and 528.2 and 526.1) or (51382.1 and 9296.1 and 534.2 and 525.1 and 523.1 and 90423.1 and 51606.1 and 528.2) or (51382.1 and 9296.1 and 534.1 and 525.1 and 51606.2 and 529.1 and 528.1 and 523.1) or (51382.1 and 51606.3 and 9296.1 and 534.1 and 529.1 and 528.1 and 523.1 and 526.1) or (51382.1 and 9296.1 and 534.2 and 51606.2 and 529.1 and 528.1 and 523.1 and 526.1) or (51382.1 and 9296.1 and 127124.1 and 528.1 and 523.1 and 90423.1 and 51606.1 and 526.1) or (51382.1 and 51606.3 and 9296.1 and 127124.1 and 529.1 and 523.1 and 528.2 and 526.1) or (51382.1 and 9296.1 and 534.1 and 245973.1 and 523.1 and 90423.1 and 51606.1 and 526.1) or (51382.1 and 9296.1 and 127124.1 and 90423.1 and 51606.2 and 523.1 and 526.1 and 528.2) or (51382.1 and 9296.1 and 534.2 and 529.1 and 523.1 and 51606.1 and 526.1 and 528.2) or (51382.1 and 9296.1 and 534.1 and 525.1 and 529.1 and 523.1 and 51606.1 and 528.2) or (51382.1 and 9296.1 and 51606.2 and 245973.1 and 523.1 and 90423.1 and 9550.1 and 526.1) or (51382.1 and 9296.1 and 127124.1 and 528.1 and 525.1 and 523.1 and 90423.1 and 51606.1) or (51382.1 and 51606.3 and 9296.1 and 534.2 and 525.1 and 90423.1 and 523.1 and 528.2) or (51382.1 and 9296.1 and 127124.1 and 523.1 and 90423.1 and 51606.1 and 528.2 and 526.1) or (51382.1 and 9296.1 and 127124.1 and 529.1 and 528.1 and 525.1 and 523.1 and 51606.1) or (51382.1 and 51606.3 and 9296.1 and 127124.1 and 529.1 and 245973.1 and 525.1 and 523.1) or (51382.1 and 9296.1 and 51606.2 and 127124.1 and 529.1 and 523.1 and 528.2 and 526.1) or (51382.1 and 51606.3 and 9296.1 and 534.1 and 90423.1 and 523.1 and 526.1 and 528.2) or (51382.1 and 9296.1 and 51606.2 and 525.1 and 523.1 and 90423.1 and 9550.1 and 528.2) or (51382.1 and 9296.1 and 51606.2 and 127124.1 and 529.1 and 528.1 and 523.1 and 526.1) or (51382.1 and 9296.1 and 529.1 and 245973.1 and 534.2 and 523.1 and 51606.1 and 526.1) or (51382.1 and 9296.1 and 528.1 and 534.2 and 525.1 and 523.1 and 90423.1 and 51606.1) or (51382.1 and 51606.3 and 9296.1 and 127124.1 and 245973.1 and 90423.1 and 523.1 and 526.1) or (51382.1 and 9296.1 and 51606.2 and 529.1 and 245973.1 and 525.1 and 523.1 and 127124.2) or (51382.1 and 51606.3 and 9296.1 and 529.1 and 245973.1 and 525.1 and 523.1 and 9550.1) or (51382.1 and 9296.1 and 528.1 and 523.1 and 90423.1 and 51606.1 and 127124.2 and 526.1) or (51382.1 and 9296.1 and 529.1 and 523.1 and 51606.1 and 9550.1 and 528.2 and 526.1) or (51382.1 and 51606.3 and 9296.1 and 534.1 and 529.1 and 525.1 and 523.1 and 528.2) or (51382.1 and 9296.1 and 534.1 and 51606.2 and 529.1 and 245973.1 and 525.1 and 523.1) or (51382.1 and 9296.1 and 528.1 and 523.1 and 90423.1 and 51606.1 and 9550.1 and 526.1) or (51382.1 and 9296.1 and 525.1 and 523.1 and 90423.1 and 51606.1 and 9550.1 and 528.2) or (51382.1 and 9296.1 and 534.1 and 90423.1 and 51606.2 and 528.1 and 523.1 and 526.1) or (51382.1 and 51606.3 and 9296.1 and 529.1 and 245973.1 and 534.2 and 525.1 and 523.1) or (51382.1 and 51606.3 and 9296.1 and 90423.1 and 127124.2 and 528.1 and 523.1 and 526.1) or (51382.1 and 9296.1 and 529.1 and 525.1 and 523.1 and 51606.1 and 127124.2 and 528.2) or (51382.1 and 51606.3 and 9296.1 and 528.1 and 523.1 and 90423.1 and 9550.1 and 526.1) or (51382.1 and 9296.1 and 534.1 and 529.1 and 528.1 and 523.1 and 51606.1 and 526.1) or (51382.1 and 9296.1 and 9550.1 and 51606.2 and 529.1 and 528.1 and 523.1 and 526.1) or (51382.1 and 51606.3 and 9296.1 and 529.1 and 528.1 and 534.2 and 525.1 and 523.1) or (51382.1 and 9296.1 and 127124.1 and 525.1 and 523.1 and 90423.1 and 51606.1 and 528.2) or (51382.1 and 9296.1 and 127124.1 and 529.1 and 245973.1 and 523.1 and 51606.1 and 526.1) or (51382.1 and 9296.1 and 534.2 and 523.1 and 90423.1 and 51606.1 and 528.2 and 526.1) or (51382.1 and 9296.1 and 534.1 and 245973.1 and 90423.1 and 51606.2 and 523.1 and 526.1) or (51382.1 and 9296.1 and 51606.2 and 528.1 and 525.1 and 523.1 and 90423.1 and 9550.1) or (51382.1 and 51606.3 and 9296.1 and 529.1 and 245973.1 and 523.1 and 127124.2 and 526.1) or (51382.1 and 51606.3 and 9296.1 and 245973.1 and 534.2 and 525.1 and 90423.1 and 523.1) or (51382.1 and 9296.1 and 534.1 and 529.1 and 523.1 and 51606.1 and 526.1 and 528.2) or (51382.1 and 9296.1 and 534.1 and 245973.1 and 525.1 and 523.1 and 90423.1 and 51606.1) or (51382.1 and 9296.1 and 51606.2 and 529.1 and 245973.1 and 523.1 and 9550.1 and 526.1) or (51382.1 and 9296.1 and 245973.1 and 534.2 and 525.1 and 523.1 and 90423.1 and 51606.1) or (51382.1 and 51606.3 and 9296.1 and 245973.1 and 534.2 and 90423.1 and 523.1 and 526.1) or (51382.1 and 9296.1 and 525.1 and 90423.1 and 127124.2 and 51606.2 and 528.1 and 523.1) or (51382.1 and 9296.1 and 51606.2 and 529.1 and 245973.1 and 534.2 and 523.1 and 526.1) or (51382.1 and 9296.1 and 534.1 and 529.1 and 245973.1 and 525.1 and 523.1 and 51606.1) or (51382.1 and 51606.3 and 9296.1 and 529.1 and 528.1 and 534.2 and 523.1 and 526.1) or (51382.1 and 9296.1 and 51606.2 and 523.1 and 90423.1 and 9550.1 and 528.2 and 526.1) or (51382.1 and 9296.1 and 534.2 and 90423.1 and 51606.2 and 528.1 and 523.1 and 526.1) or (51382.1 and 9296.1 and 534.1 and 525.1 and 90423.1 and 51606.2 and 523.1 and 528.2) or (51382.1 and 9296.1 and 534.2 and 525.1 and 90423.1 and 51606.2 and 528.1 and 523.1) or (51382.1 and 9296.1 and 528.1 and 525.1 and 523.1 and 90423.1 and 51606.1 and 127124.2) or (51382.1 and 9296.1 and 534.1 and 529.1 and 245973.1 and 523.1 and 51606.1 and 526.1) or (51382.1 and 9296.1 and 51606.2 and 528.1 and 523.1 and 90423.1 and 9550.1 and 526.1) or (51382.1 and 9296.1 and 127124.1 and 245973.1 and 90423.1 and 51606.2 and 523.1 and 526.1) or (51382.1 and 9296.1 and 528.1 and 525.1 and 523.1 and 90423.1 and 51606.1 and 9550.1) or (51382.1 and 9296.1 and 529.1 and 528.1 and 525.1 and 523.1 and 51606.1 and 9550.1) or (51382.1 and 51606.3 and 9296.1 and 534.1 and 529.1 and 245973.1 and 525.1 and 523.1) or (51382.1 and 9296.1 and 245973.1 and 525.1 and 523.1 and 90423.1 and 51606.1 and 9550.1) or (51382.1 and 9296.1 and 127124.1 and 529.1 and 245973.1 and 525.1 and 523.1 and 51606.1) or (51382.1 and 9296.1 and 534.2 and 525.1 and 529.1 and 523.1 and 51606.1 and 528.2) or (51382.1 and 51606.3 and 9296.1 and 529.1 and 534.2 and 523.1 and 528.2 and 526.1) or (51382.1 and 51606.3 and 9296.1 and 525.1 and 90423.1 and 127124.2 and 523.1 and 528.2) or (51382.1 and 9296.1 and 534.1 and 523.1 and 90423.1 and 51606.1 and 528.2 and 526.1) or (51382.1 and 51606.3 and 9296.1 and 245973.1 and 525.1 and 90423.1 and 127124.2 and 523.1) or (51382.1 and 51606.3 and 9296.1 and 127124.1 and 525.1 and 90423.1 and 523.1 and 528.2) or (51382.1 and 9296.1 and 523.1 and 90423.1 and 51606.1 and 127124.2 and 528.2 and 526.1) or (51382.1 and 9296.1 and 534.1 and 528.1 and 525.1 and 523.1 and 90423.1 and 51606.1) or (51382.1 and 51606.3 and 9296.1 and 529.1 and 245973.1 and 525.1 and 523.1 and 127124.2) or (51382.1 and 51606.3 and 9296.1 and 529.1 and 525.1 and 523.1 and 9550.1 and 528.2) or (51382.1 and 51606.3 and 9296.1 and 529.1 and 523.1 and 127124.2 and 528.2 and 526.1) or (51382.1 and 9296.1 and 51606.2 and 529.1 and 245973.1 and 525.1 and 523.1 and 9550.1) or (51382.1 and 9296.1 and 525.1 and 523.1 and 90423.1 and 51606.1 and 127124.2 and 528.2) or (51382.1 and 9296.1 and 245973.1 and 525.1 and 523.1 and 90423.1 and 51606.1 and 127124.2) or (51382.1 and 51606.3 and 9296.1 and 127124.1 and 529.1 and 528.1 and 525.1 and 523.1) or (51382.1 and 9296.1 and 534.2 and 525.1 and 529.1 and 528.1 and 523.1 and 51606.1) or (51382.1 and 51606.3 and 9296.1 and 534.1 and 529.1 and 245973.1 and 523.1 and 526.1) or (51382.1 and 9296.1 and 525.1 and 127124.2 and 51606.2 and 529.1 and 528.1 and 523.1)),NA,"PMID:10224039,PMID:12628346"
ATPH1e,0.995607968953039,0,0.11021011449482321,50.0761903532736,ATP Diphosphohydrolase,Nucleotide interconversion,954.1 or 954.2 or 953.1 or 956.1 or 955.1 or 957.1,NA,"PMID:8955160,PMID:9676430"
ATPH2e,0.9985937777839574,0,0.21472313976104634,305.1753315918326,ATP Diphosphohydrolase,Nucleotide interconversion,954.2 or 954.1 or 953.1 or 956.1 or 955.1 or 957.1 or 377841.1,NA,"PMID:8955160,PMID:9676430"
ATPtn,0.9962012588512714,0,0.49543863871504384,260.3481510230079,ATP Diffusion in Nucleus,"Transport, nuclear",NA,NA,NA
B_MANNASEly,-0.369281584868915,0,0.37772006513662637,0.17398539750973868,"Beta-Mannosidase, Lysosomal",N-glycan degradation,4126.1,NA,PMID:9384606
B3GALT3g,-0.6926253746032607,0,2.457075135427341,0.44619592773187905,"Beta-1, 3-Galactosyltransferase 3",Sphingolipid metabolism,8706.4 or 8706.1 or 8706.3 or 8706.2,NA,NA
B3GALT42g,0.524761898524165,0,0.08801255595277543,0.2823809612313711,"Beta-1, 3-Galactosyltransferase 4",Sphingolipid metabolism,8705.1,NA,NA
B3GALT43g,-0.4554932320449904,0,0.1529137375334548,0.05720573834842017,"Beta-1, 3-Galactosyltransferase 4",Sphingolipid metabolism,8705.1,NA,NA
B3GALT5g,-0.36559076428600107,4.565201113501158e-11,0.2018085518554377,0.09375371633396862,"Beta-1, 3-Galactosyltransferase 5",Sphingolipid metabolism,10317.4 or 10317.1 or 10317.3 or 10317.2 or 10317.5,NA,NA
B3GNT12g,-0.5184698369065631,0,0.16254409568782363,0.051545235212498416,"UDP-GlcNac:Betagal Beta-1, 3-N-Acetylglucosaminyltransferase 1",Blood group synthesis,10678.1 or 10678.2,NA,PMID:12855703
B3GNT315g,-0.5184698369065631,0,0.16254409568782363,0.051545235212498416,"UDP-GlcNac:Betagal Beta-1, 3-N-Acetylglucosaminyltransferase 3, Golgi Apparatus",Blood group synthesis,10331.1,NA,PMID:10072769
B3GNT36g,-0.8178615058906987,0,2.163748327544193,0.21679421712454405,"UDP-GlcNac:Betagal Beta-1, 3-N-Acetylglucosaminyltransferase 3, Golgi Apparatus",Sphingolipid metabolism,10331.1,NA,NA
B3GNT37g,0.45665095298138053,0,0.06461693646636558,0.1732299386534919,"UDP-GlcNac:Betagal Beta-1, 3-N-Acetylglucosaminyltransferase 3, Golgi Apparatus",Sphingolipid metabolism,10331.1,NA,NA
BAAT1x,-0.7410576773986239,0,6.802503630294471,1.0117161036069737,Bile Acid Coenzyme A: Amino Acid N-Acyltransferase,Bile acid synthesis,570.1,NA,NA
BAAT3x,-0.4521433826444474,0,906.2216250566482,341.8942784932613,Bile Acid Coenzyme A: Amino Acid N-Acyltransferase,Bile acid synthesis,570.1,NA,NA
BAAT4x,0.8388869847151847,0,11.924589021396637,136.10304239393471,Bile Acid Coenzyme A: Amino Acid N-Acyltransferase,Bile acid synthesis,570.1,NA,NA
BALAtmr,-2.5428509645456185,0,2.371143819076789,-1.032592554682355,Beta-Alanine Reversible Mitochondrial Transport (Diffusion),"Transport, mitochondrial",NA,NA,PMID:15304357
BAMPPALDOX,0.6271417022065551,0,1.7681713775809087,7.716243415088855,Beta-Aminopropion Aldehyde:NAD+ Oxidoreductase,Beta-Alanine metabolism,8854.2 or 501.1 or 216.1 or 224.1 or 8854.3 or 223.1 or 8854.1,NA,PMID:12586697
BDHm,0.6406887716452682,0,-848.8110481903076,-185.88981995682715,(R)-3-Hydroxybutanoate:NAD+ Oxidoreductase,Butanoate metabolism,622.2 or 622.3 or 622.1,NA,"PMID:1639787,PMID:8679568"
BETALDHxm,-0.426630964258196,0,1.258848718165778,0.5059366393710821,"Betaine-Aldehyde Dehydrogenase, Mitochondrial","Glycine, serine, alanine, and threonine metabolism",NA,NA,PMID:15321791
BHBtm,0.6406887716452682,0,-848.8110481903076,-185.88981995682715,(R)-3-Hydroxybutanoate Mitochondrial Transport via H+ Symport,"Transport, mitochondrial",NA,NA,PMID:3427918
BILDGLCURt,0.5816420366532197,0,17.183278409214598,64.96301693916023,Bilirubin Beta-Diglucuronide Transport via Bicarbonate Antiport,"Transport, extracellular",10599.1,NA,"PMID:10358072,PMID:12507753,PMID:9334206"
BILDGLCURtr,-0.9217441000497159,0,-2.5409788365911656,-62.39927073450684,Glucuronidated Compound Transport,"Transport, endoplasmic reticular",NA,NA,NA
BILGLCURt,1.0012365075101437,0,-0.17598084676306464,284.8177566862583,Bilirubin Monoglucuronide Transport via Bicarbonate Antiport,"Transport, extracellular",10599.1 or 28234.1,NA,"PMID:10358072,PMID:12507753,PMID:9334206"
BILGLCURtr,1,0,NA,959.6894923341274,Glucuronidated Compound Transport,"Transport, endoplasmic reticular",NA,NA,NA
BILIRED,0.9814556401338935,0,0.10492866136018202,11.211575345009937,NAD (P)H Biliverdin Reductase,Heme degradation,645.1 or 644.1,NA,"PMID:12456881,PMID:7656592,PMID:8117274"
BILIRUBt2,-1.1878174094769036,0,35.05631630946325,-408.35841228767634,Bilirubin Transport via Bicarbonate Antiport,"Transport, extracellular",10599.1,NA,"PMID:10358072,PMID:12507753,PMID:9334206"
BILIRUBtr,-1,0,NA,-627.9732360023022,"Lipid, Flip-Flop Intracellular Transport","Transport, endoplasmic reticular",NA,NA,NA
BMTer_U,0.5763086329422916,0,0.6705572498175548,2.494752699611848,"B Mannosyltransferase, Endoplasmic Reticulum",Phosphatidylinositol phosphate metabolism,9488.1,NA,PMID:8861954
BTNt2,-1.1123866335504358,0,0.38075752571821214,-7.156608241939545,Biotin Reversible Transport via Proton Symport,"Transport, extracellular",6566.1,NA,"PMID:10510291,PMID:12739169,PMID:7835905,PMID:8476015,PMID:9508842,PMID:9649795,PMID:9824713"
BTNt3i,-0.3715496403315444,0,1.6474845561084428,0.7548850084524092,Biotin Transport via Sodium Symport,"Transport, extracellular",8884.1,NA,"PMID:10329687,PMID:10334869,PMID:12646417,PMID:15561972,PMID:9516450"
BTNtn,-1.011260250510578,0,51.82491279901564,-0.29014718540657924,"Biotin Transport, Nuclear","Transport, nuclear",NA,NA,"PMID:16011464,PMID:5867120,PMID:7758201,PMID:8593541"
BUTt2m,0.517308871951347,0,1.1318741182564707,3.5579743271965527,"Butyrate Mitochondrial Transport via Proton Symport, Reversible","Transport, mitochondrial",6566.1,NA,NA
BZtr,-0.5130785637034847,0,-67.36240050816221,-209.3245370007515,"Benzene Transporter, Endoplasmic Reticulum","Transport, endoplasmic reticular",NA,NA,NA
C160CPT1,0.3698167493247593,0,-113.6564745470602,-52.287582719119804,Production of Palmitoylcarnitine,Fatty acid oxidation,126129.1 or 1375.3 or 1374.1 or 1375.2 or 1375.1,NA,PMID:1988962
C160CPT2,-0.5941414466976308,0,-176.92180174565314,-694.9179084493637,C160 Transport into the Mitochondria,Fatty acid oxidation,1376.1 or 1374.1,NA,"PMID:1528846,PMID:1988962"
C160CRNt,-0.6105923555805332,0,-168.01665850241184,-694.9179084493637,C160 Transport into the Mitochondria,Fatty acid oxidation,788.1,NA,PMID:14598172
C161CPT1,-1.4826873548263495,0,4.554279370139443,-23.424793895127902,Production of Palmitoleoylcarnitine,Fatty acid oxidation,1375.1 or 1375.3 or 1375.4 or 126129.1 or 1374.1 or 1375.2,NA,NA
C161CPT2,-0.49499635134558795,0,-22.74481125118538,-67.33299833212828,Transport of Hexadecenoyl Coenzyme A into Mitochondrial Matrix,Fatty acid oxidation,1376.1,NA,NA
C161CPT22,0.961561139029982,0,16.18837067413181,826.1035321352958,C161 Transport into the Mitochondria,Fatty acid oxidation,1376.1,NA,NA
C180CPT1,-1.0317412512605455,0,81.70075518417154,-1.276385069638258,Production of Stearoylcarnitine,Fatty acid oxidation,1375.4 or 1375.2 or 126129.1 or 1375.1 or 1374.1 or 1375.3,NA,PMID:1988962
C180CPT2,-0.8371691109073626,0,-8.41231332699128,-94.9134545769764,Carnitine O-Stearoyl Transferase,Fatty acid oxidation,1376.1,NA,"PMID:1528846,PMID:1988962"
C180CRNt,0.38114169601942627,0,74.42227304631248,166.09247020789982,C180 Transport into the Mitochondria,Fatty acid oxidation,788.1,NA,PMID:14598172
C181CPT1,0.4243085795398366,0,91.26861609032154,225.80616684588566,Transport of Octadecenoyl Coenzyme A into Mitochondrial Matrix,Fatty acid oxidation,126129.1 or 1375.3 or 1374.1 or 1375.2 or 1375.1 or 1375.4,NA,PMID:1988962
C181CPT2,-41.41545594808173,0,37.8682320892781,-36.08264562119296,Transport of Octadecenoyl Coenzyme A into Mitochondrial Matrix,Fatty acid oxidation,1376.1,NA,"PMID:1528846,PMID:1988962"
C204CPT2,0.6196039954441125,0,0.14302832723917683,0.608968673392638,Arachidonic Acid Transport into the Mitochondria,Fatty acid oxidation,1376.1,NA,"PMID:1528846,PMID:1988962"
C226CRNt,1,0,NA,96.90236537041697,C226 Transport into the Mitochondria,Fatty acid oxidation,NA,NA,PMID:14598172
C4STMO1r,-0.42339762726176006,0,0.04511375129192861,0.018275073345520754,"C-4 Sterol Methyl Oxidase (4, 4-Dimethylzymosterol)",Cholesterol metabolism,6307.1,NA,NA
C4STMO2Pr,0.38803020742415084,0,0.08581836542184629,0.1946476525514501,C-4 Methyl Sterol Oxidase,Cholesterol metabolism,50814.1,NA,NA
CARVEOLte,-0.33707787440392406,0,-1.4026945192057876,-2.8291585599007054,Transport of Xenobiotic,"Transport, extracellular",NA,NA,NA
CAT2p,0.3838860196490388,0,72.86195352407098,163.65906644228696,"Catalase A, Peroxisomal (Ethanol)",Glycolysis/gluconeogenesis,847.1,NA,"PMID:19382904,PMID:19382905,PMID:8769411"
CAt7r,0.7001904269552823,0,-4.156267047610955,-0.7329112252652645,"Calcium / Sodium Antiporter (1:3), Reversible","Transport, extracellular",6547.6 or 6547.4 or 6547.2 or 6546.1 or 6547.1 or 6547.5 or 6543.1 or 6547.3,NA,"PMID:12406570,PMID:2484986"
CBPPer,0.4257802700326482,0,2.414938415577484,5.996261303090453,"Carbamoyl Phosphate Phosphotransferase, Endoplasmic Reticulum",Glycolysis/gluconeogenesis,2538.1 or 57818.1 or 92579.1,NA,"PMID:11946414,PMID:8384451"
CBPSam,-0.45193780531083305,0,1.1066399578847534,0.41772279902802256,"Carbamoyl-Phosphate Synthase (Ammonia), Mitochondrial",Glutamate metabolism,1373.1 or 1373.2,NA,"PMID:10347186,PMID:12853138"
CBPter,0.4257802700326482,0,2.414938415577484,5.996261303090453,"Carbamoyl Phosphate Transport, Endoplasmic Reticulum","Transport, endoplasmic reticular",NA,NA,"PMID:12192101,PMID:8384451"
CBR2,0.8341050691126458,0,16.921075939941407,187.07642837718726,Carbonyl Reductase [NADPH] 1,Eicosanoid metabolism,873.1,NA,"PMID:8740524,PMID:9740676"
CEPTC,0.7427396468978943,0,0.5314068839871441,3.599870070112584,Choline Phosphotransferase,Glycerophospholipid metabolism,10390.1 or 56994.1,NA,NA
CEPTE,-0.5991607669115879,0,2.635515705359105,0.6606078112889415,Ethanolamine Phosphotransferase,Glycerophospholipid metabolism,10390.1,NA,NA
CERT1gt,0.7419440809645679,0,2.190262192616554,14.784835304107185,Ceramide Transport Protein,"Transport, golgi apparatus",10087.1,NA,"PMID:12803919,PMID:14685229,PMID:15596449,PMID:15907394"
CERT2rt,0.9312410622129441,0,0.1141567771289242,3.20633597051834,Ceramide Transport Protein,"Transport, endoplasmic reticular",10087.1,NA,"PMID:12803919,PMID:14685229,PMID:15596449,PMID:15907394"
CH25H,1,0,NA,8.665805157833104,Cholesterol 25-Hydroxylase,Bile acid synthesis,9023.1,NA,NA
CHAT,1.4923491517691254,0,-253.80673893705605,50.13805250369795,Choline O-Acetyltransferase,Glycerophospholipid metabolism,1103.4 or 1103.2 or 1103.3 or 1103.1,NA,PMID:10861222
CHATn,0.6042330687639272,0,11.61780941994749,47.09255015285639,Choline O-Acetyltransferase,Glycerophospholipid metabolism,1103.4 or 1103.1 or 1103.3 or 1103.2,NA,PMID:10861222
CHLPCTD,0.7116036285503746,0,0.6310581257313955,3.7452668783550265,Choline Phosphate Cytididyltransferase,Glycerophospholipid metabolism,5130.1 or 9468.1,NA,NA
CHOLD2m,-0.426630964258196,0,1.258848718165778,0.5059366393710821,"Choline Dehydrogenase (FAD Acceptor), Mitochondrial","Glycine, serine, alanine, and threonine metabolism",55349.1,NA,PMID:15321791
CHOLPtg,-0.9174213598648648,0,-2.537100318343351,-58.90978992328644,Choline Phosphate Intracellular Transport,"Transport, golgi apparatus",NA,NA,NA
CHOLt4,1,0,-49.58373793964386,0,"Choline, Sodium Symport","Transport, extracellular",60482.1,NA,"PMID:11027560,PMID:11068039,PMID:12675135"
CHOLtg,-0.8617121323262648,0,24.78377235878967,1.8409371529022465,Choline Intracellular Transport,"Transport, golgi apparatus",NA,NA,NA
CHOLtn,0.6042330687639272,0,11.61780941994749,47.09255015285639,"Choline Transport, Nuclear Through Pores","Transport, nuclear",NA,NA,NA
CHOLtr,0.7967203334404938,0,38.11325316208601,336.870175403595,Choline Intracellular Transport,"Transport, endoplasmic reticular",NA,NA,NA
CHSTEROLt1,-2.9840621992902965,0,80.90076933902502,-162.45140758813173,Cholesterol Intracellular Transport,"Transport, mitochondrial",10948.1,NA,"PMID:12070139,PMID:12370263,PMID:12770731"
CHSTEROLt3,1.9886088533685085,0,-63.716225685468316,192.61700473143102,Cholesterol Intracellular Transport,"Transport, mitochondrial",NA,NA,"PMID:12370263,PMID:12770731"
CHTNASE,-0.4144929610718375,0,0.23672695367832067,0.09798938665459962,Chitinase,Aminosugar metabolism,27159.1 or 54682.1 or 1118.1,NA,PMID:11085997
CHTNASEe,0.33696282909133274,0,48.11590389090777,97.02197374864221,"Chitinase, Extracellular",Aminosugar metabolism,27159.2,NA,PMID:11085997
CITMCOAHm,-0.3618591070874239,0,2.72365865131038,1.2762538758164603,"L-Citramalyl Coenzyme A Hydro-Lyase, Mitochondrial",C5-branched dibasic acid metabolism,NA,NA,"PMID:13502348,PMID:13783048"
CITMCOALm,-0.3618591070874239,0,2.72365865131038,1.2762538758164603,L-Citramalyl Coenzyme A Pyruvate-Lyase,C5-branched dibasic acid metabolism,NA,NA,PMID:13783048
CITRtm,-0.6785793022876356,0,98.42851961082965,18.847464284226483,Citrulline Mitochondrial Transport via Proton Antiport,"Transport, mitochondrial",83884.1 or 10166.1,NA,PMID:14598172
CITt4_2,-0.9999890011229713,0,-5.9651993215084074e-6,-1.0846864640474319,Citrate Transport via Sodium Symport,"Transport, extracellular",9058.1,NA,"PMID:8946005,PMID:8967342"
CITtam,0.39852514366393976,0,-417.7775255663395,-179.67691057174946,"Citrate Transport, Mitochondrial","Transport, mitochondrial",6576.1,NA,PMID:14598172
CKc,0.38857385371726566,0,1.6470847771967054,3.7405970784466227,"ATP Creatine Kinase, Cytosolic",Urea cycle,1152.1 or 1158.1,NA,"PMID:2883200,PMID:3034271"
CLFORtex,-0.3388786036300724,0,304.110361984086,150.1658676300974,Chloride Transport via Formate Antiport,"Transport, extracellular",5172.1,NA,PMID:12759755
CLHCO3tex2,0.9642800812348901,1.9216110385271482e-7,0.055913681030273436,3.0747586700439458,Chloride Transport via Bicarbonate Antiport (2:1),"Transport, extracellular",65010.1 or 65010.3 or 65010.2,NA,PMID:12759755
CLI2tex,0.8806852215327353,0,0.977840805053711,15.413101165676117,Chloride Transport via Iodide Antiport,"Transport, extracellular",5172.1,NA,PMID:12759755
CLOXAtex2,-0.6896825930753345,3.1267176439687617e-15,1.8265540019273758,0.3354544242858887,Chloride Transport via Oxalate Antiport (2:1),"Transport, extracellular",65010.1 or 65010.3 or 65010.2,NA,PMID:12759755
CMPACNAtn,-0.39313573970104,7.443529504229814e-13,0.5036112968125351,0.21937826186551246,"Transport of Cytidine-5'-Monophosphate-N-Acetyl-Beta-Neuraminate, Nuclear","Transport, nuclear",NA,NA,NA
CMPSASn,-0.39313573970104,7.443529504229814e-13,0.5036112968125351,0.21937826186551246,"CMP Sialic Acid Synthase, Nuclear",Aminosugar metabolism,55907.1,NA,PMID:9689047
CO2ter,-0.9290840620260341,0,-13.61831923969239,-370.4510346675157,CO2 Endoplasmic Reticular Transport via Diffusion,"Transport, endoplasmic reticular",NA,NA,NA
CO2tp,-0.4808986742744129,0,384.00031550188066,134.60412675008774,CO2 Peroxisomal Transport,"Transport, peroxisomal",NA,NA,NA
COAtg,-0.6001166469582457,0,-80.55973038681745,-322.3564189053774,"Transport of Coenzyme A (Diffusion), Golgi Apparatus","Transport, golgi apparatus",NA,NA,NA
COAtm,2.521799629239572,0,-78.46265632676966,33.90438238333618,Transport of Coenzyme A,"Transport, mitochondrial",8034.1,NA,PMID:14598172
COAtn,-0.6042330687639272,0,-11.61780941994749,-47.09255015285639,"Transport of Coenzyme A, Nuclear","Transport, nuclear",NA,NA,NA
COAtr,1,0,NA,227.03637251091598,"Transport of Coenzyme A, Endoplasmatic Reticulum","Transport, endoplasmic reticular",NA,NA,NA
COKECBESr,0.5130785637034847,0,67.36240050816221,209.3245370007515,"Carboxylesterase (Cocaine), Endoplasmatic Reticulum",Alkaloid synthesis,8824.1,NA,PMID:9169443
COQ3m,-0.7238726517272537,0,0.19246929170227603,0.030829443862012022,Methyltransferase Coq3,Ubiquinone synthesis,51805.1,NA,"PMID:10777520,PMID:11051212,PMID:1965190,PMID:7380842"
COQ5m,-0.7238726517272537,0,0.19246929170227603,0.030829443862012022,Ubiquinone Biosynthesis Methyltransferase Coq5,Ubiquinone synthesis,NA,NA,"PMID:10777520,PMID:1965190,PMID:7380842"
COQ6m,-0.7238726517272537,0,0.19246929170227603,0.030829443862012022,Ubiquinone Biosynthesis Monooxgenase Coq6,Ubiquinone synthesis,51004.1 or 51004.2,NA,"PMID:11051212,PMID:1965190,PMID:7380842"
COQ7m,-0.7238726517272537,0,0.19246929170227603,0.030829443862012022,Ubiquinone Biosynthesis Coq7,Ubiquinone synthesis,10229.1,NA,"PMID:11051212,PMID:1965190,PMID:7380842"
CORE3GTg,0.6231705704287155,0,0.020138070266118708,0.08674355142160144,"Core 3 Beta-GlcNac-Transferase, Golgi Apparatus",O-glycan metabolism,192134.1,NA,PMID:11821425
CORE4GTg,0.6231705704287155,0,0.020138070266118708,0.08674355142160144,"Core 4 Beta6-Galnac-Transferase, Golgi Apparatus",O-glycan metabolism,9245.1,NA,PMID:9915862
CORE6GTg,-0.45271651052677014,0,0.1695939745772577,0.06389132465123548,"Core 6 Beta-GlcNac-Transferase A, Golgi Apparatus",O-glycan metabolism,2650.1,NA,PMID:9915862
COt,0.34320635366944185,0,0.15414873780610774,0.3152490362659213,Transporter of Carbon Monoxide via Diffusion,"Transport, extracellular",NA,NA,NA
COUCOAFm,-0.646605502451145,1.6373733772745877e-7,0.1974725346973275,0.04238155834847967,P-Coumaroyl Coenzyme A Formation,Ubiquinone synthesis,NA,NA,"PMID:11583838,PMID:12232327"
COUMARINte,0.7279706431324573,0,1.1481494817766564,7.293215045918175,Transport of Coumarin,"Transport, extracellular",NA,NA,NA
CRNCAR3tp,-0.6698704316249043,0,83.88333916738033,16.583544464729727,"Carnitine-Propcarnitine Carrier, Peroxisomal","Transport, peroxisomal",NA,NA,NA
CRNCARtp,0.8092444374029966,0,16.145919840141385,153.13794921537638,"Carnitine-Acetylcarnitine Carrier, Peroxisomal","Transport, peroxisomal",1384.1,NA,NA
CRNt,0.5554970605250845,0,-431.6553464520693,-123.35096941503583,L-Carnitine Reversible Transport,"Transport, extracellular",6584.1,NA,"PMID:12827517,PMID:12883891,PMID:9933568"
CRNtim,-0.49032977939101496,0,-32.68505062297387,-95.57455451510846,L-Carnitine Transport Out of Mitochondria via Diffusion,"Transport, mitochondrial",788.1,NA,PMID:14598172
CRNtuNa,0.5305809900150554,0,4.671116373348236,15.230576033604144,L-Carnitine Inward Transport by Na+ Symport,"Transport, extracellular",6584.1,NA,PMID:12883891
CRTSLtr,0.38190126827170434,0,-84.59844866005183,-37.839312419444326,Cortisol Intracellular Transport,"Transport, endoplasmic reticular",NA,NA,NA
CSAPASEly,-0.679282121172257,0,3.4018740706227253,0.6497072899267193,"Chondroitin Sulfate A Proteoglycan Protease, Lysosomal (Endosome)",Chondroitin sulfate degradation,NA,NA,PMID:8993162
CSBPASEly,-0.47541714572084004,0,2.037115210886905,0.7242939496276798,"Chondroitin Sulfate B Proteoglycan Protease, Lysosomal (Endosome)",Chondroitin sulfate degradation,NA,NA,PMID:8993162
CSCPASEly,-0.649892272513537,0,5.207250681479648,1.1049804480675374,"Chondroitin Sulfate C Proteoglycan Protease, Lysosomal (Endosome)",Chondroitin sulfate degradation,NA,NA,PMID:8993162
CSDPASEly,-0.6436228730268937,0,3.0401556020477787,0.6591791443092516,"Chondroitin Sulfate D Proteoglycan Protease, Lysosomal (Endosome)",Chondroitin sulfate degradation,NA,NA,PMID:8993162
CSm,0.42055448659781,0,13.098089044885567,32.11095560878925,Citrate Synthase,Citric acid cycle,1431.1 or 1431.2,NA,"PMID:16006620,PMID:9933076"
CSNAT2m,-0.501659983906482,0,136.6259750465393,45.340617272335294,"Carnitine O-Aceyltransferase, Mitochondrial",Fatty acid oxidation,1384.1,NA,"PMID:11257506,PMID:3759988"
CSNAT2x,0.4371154866165553,0,-120.66150818557487,-47.26028976213485,"Carnitine Dimethyl Nonanoyl Transferase, Revsible, Peroxisomal",Fatty acid oxidation,54677.1 or 1384.2,NA,"PMID:15464416,PMID:7829107"
CSNATer,0.5052640322879204,0,-329.70207999839783,-108.36336623068452,"Carnitine O-Acetyltransferase, Endolasmic Reticulum",Fatty acid oxidation,1384.3,NA,"PMID:11257506,PMID:3759988"
CSNATp,9.066494262988954,0,-122.71267002390809,153.13794921537638,"Carnitine O-Acetyltransferase, Reverse Direction, Peroxisomal",Fatty acid oxidation,1384.2,NA,PMID:7829107
CSNATr,0.45455389214072006,0,-278.91646014942825,-104.59144788543558,Carnitine O-Acetyltransferase,Fatty acid oxidation,1384.1,NA,"PMID:11257506,PMID:7829107"
CSNt,0.39177678000982247,0,2.9918731387921813,6.84620288481145,Cytosine Transport via Faciliated Diffusion,"Transport, extracellular",3177.1,NA,"PMID:12006583,PMID:12838422"
CSPG_Atly,-0.679282121172257,0,3.4018740706227253,0.6497072899267193,"Chondroitin Sulfate A Transport, Extracellular to Lysosome","Transport, lysosomal",NA,NA,NA
CSPG_Btly,-0.47541714572084004,0,2.037115210886905,0.7242939496276798,"Chondroitin Sulfate B Transport, Extracellular to Lysosome","Transport, lysosomal",NA,NA,NA
CSPG_Ctly,-0.649892272513537,0,5.207250681479648,1.1049804480675374,"Chondroitin Sulfate C Transport, Extracellular to Lysosome","Transport, lysosomal",NA,NA,NA
CSPG_Dtly,-0.6436228730268937,0,3.0401556020477787,0.6591791443092516,"Chondroitin Sulfate D Transport, Extracellular to Lysosome","Transport, lysosomal",NA,NA,NA
CTPtn,-0.3931357397011048,7.443529504229814e-13,0.5036112968125322,0.21937826186547754,"Transport of CTP (Diffusion), Nuclear","Transport, nuclear",NA,NA,NA
CYANt,-0.966057659430722,0,620.9919784833908,10.720906949685421,Transport of Cyanide via Diffusion,"Transport, extracellular",NA,NA,NA
CYANtm,-0.9034672670361236,0,148.7006584700227,7.541228159909774,"Transport of Cyanide via Diffusion, Mitochondrial","Transport, mitochondrial",NA,NA,NA
CYSALANaEx,-0.8919443588641064,0,28.953366345487836,1.6536292670797383,L-Alanine/L-Cysteine Na-Dependent Exchange (Cys-L In),"Transport, extracellular",6509.1 or 6510.1,NA,PMID:14530974
CYSGLNNaEx,0.8781830116070187,0,9.536523346682579,147.03479683597982,L-Cysteine/L-Glutamine Na-Dependent Exchange (Cys-L In),"Transport, extracellular",6510.1,NA,PMID:14530974
CYSO,0.8844134895227185,0,35.0503895211637,571.428504537201,Cysteine Oxidase,Taurine and hypotaurine metabolism,1036.1,NA,PMID:14514920
CYSSERNaEx,-0.8872787834057153,0,52.5199600576818,3.1368517705168606,L-Serine/L-Cysteine Na-Dependent Exchange (Cys-L In),"Transport, extracellular",6509.1 or 6510.1,NA,PMID:14530974
CYSt4,0.9647088155416912,7.331455989767985e-7,0.08660603036880493,4.821476919984818,"Transport of L-Cysteine   via Sodium Symport, Reversible","Transport, extracellular",11254.1 or 54407.1 or (340024.1 and 57393.1) or (340024.1 and 59272.1),NA,"PMID:11133652,PMID:12719981"
CYSTA,-0.4807468429613049,0,706.0548269264222,247.59208480955363,Cysteine Transaminase,Methionine and cysteine metabolism,2805.1,NA,"PMID:15189131,PMID:7113743"
CYStec,0.7552326047127289,0,-29.435449952080845,-4.104776993393898,Transport of L-Cysteine  via Diffusion,"Transport, extracellular",124935.1,NA,"PMID:14624363,PMID:15659399"
CYTD,-0.9590942382949387,0,783.2273460708618,16.353736616134643,Cytidine Deaminase,Pyrimidine catabolism,978.1 or 57379.1,NA,"PMID:14744791,PMID:15087440,PMID:7923172,PMID:8001985,PMID:8422236"
CYTDK1,1,0,0,4.171712175697088,ATPcytidine 5-Phosphotransferase,Nucleotide interconversion,7371.1 or 83549.1,NA,NA
CYTDt,0.9559150141505777,0,0.4980062851577071,22.095004716760666,Cytidine Faciliated Transport in Cytosol,"Transport, extracellular",3177.1 or 2030.1,NA,"PMID:10722669,PMID:12838422"
CYTK10,-0.46165834709337994,0,-82.95639407092952,-225.2359727022171,"Cytidylate Kinase (CMP, dGTP)",Nucleotide interconversion,51727.1,NA,"PMID:10462544,PMID:11912132"
CYTK10n,-1.6644650167995687,0,15.765700535830856,-63.21951717697531,"Cytidylate Kinase (CMP, dGTP), Nuclear",Nucleotide interconversion,51727.1,NA,"PMID:10462544,PMID:11912132"
CYTK11,-2.972157522787174,0,57.040814824964855,-114.8869190695703,"Cytidylate Kinase (dCMP, dGTP)",Nucleotide interconversion,51727.1,NA,"PMID:10462544,PMID:11912132"
CYTK12,-0.8798957890938235,0,16.40558898450434,1.0481327373921872,"Cytidylate Kinase (dCMP, dCTP)",Nucleotide interconversion,51727.1,NA,"PMID:10462544,PMID:11912132"
CYTK12n,0.6934507532457329,0,137.05498990359803,757.1242739812851,"Cytidylate Kinase (dCMP, dCTP), Nuclear",Nucleotide interconversion,51727.1,NA,"PMID:10462544,PMID:11912132"
CYTK13,-3.6879418449626473,0,83.74710164749953,-48.018372743795815,"Cytidylate Kinase (dCMP, dATP)",Nucleotide interconversion,51727.1,NA,"PMID:10462544,PMID:11912132"
CYTK13n,-0.9921380684743392,0,-0.744748816473654,-188.71220944952964,"Cytidylate Kinase (dCMP, dATP), Nuclear",Nucleotide interconversion,51727.1,NA,"PMID:10462544,PMID:11912132"
CYTK14,0.5337730019419976,0,129.10584133687317,424.72669892631995,"Cytidylate Kinase (dCMP, UTP)",Nucleotide interconversion,51727.1,NA,"PMID:10462544,PMID:11912132"
CYTK14n,27.69443967573377,0,-54.80800395339324,50.987890748691555,"Cytidylate Kinase (dCMP, CTP), Nuclear",Nucleotide interconversion,51727.1,NA,"PMID:10462544,PMID:11912132"
CYTK1n,0.6946571532356954,0,-216.1345331591025,-38.9430590800425,"Cytidylate Kinase (CMP), Nuclear",Nucleotide interconversion,51727.1,NA,"PMID:10462544,PMID:11912132"
CYTK2n,-0.4111858888251487,0,-290.32713491656483,-695.8147710145951,"Cytidylate Kinase (dCMP), Nuclear",Nucleotide interconversion,51727.1,NA,"PMID:10462544,PMID:11912132"
CYTK3,44.19959229156832,0,-97.91625605354756,102.44945883901268,Cytidylate Kinase (CMP) (GTP),Nucleotide interconversion,26289.1 or 26289.2,NA,PMID:10215863
CYTK3n,-1.0000000022377404,0,6.196141242980957e-7,-553.7854786346317,"Cytidylate Kinase (dCMP, CTP), Nuclear",Nucleotide interconversion,51727.1,NA,"PMID:10462544,PMID:11912132"
CYTK4n,-0.5924049910398672,0,-6.021598556305654,-23.525370488620176,"Cytidylate Kinase (dCMP, GTP), Nuclear",Nucleotide interconversion,51727.1,NA,"PMID:10462544,PMID:11912132"
CYTK5,-0.9323053180971702,0,556.5268226632834,19.496870332936197,Cytidylate Kinase (dCMP),Nucleotide interconversion,51727.1,NA,"PMID:10462544,PMID:11912132"
CYTK5n,-1.0037754488761528,0,0.127565004956536,-67.70363828317747,"Cytidylate Kinase (CMP), Nuclear",Nucleotide interconversion,51727.1,NA,PMID:10462544
CYTK6,-0.5470484366710315,0,317.918114112794,93.08144682777524,"Cytidylate Kinase (CMP, CTP)",Nucleotide interconversion,51727.1,NA,"PMID:10462544,PMID:11912132"
CYTK6n,0.7963770833872419,0,-15.088142324396594,-1.7102709530055522,"Cytidylate Kinase (CMP, CTP), Nuclear",Nucleotide interconversion,51727.1,NA,"PMID:10462544,PMID:11912132"
CYTK7,2.7485473932540843,0,-139.08466115127186,298.17061065182537,"Cytidylate Kinase (CMP, UTP)",Nucleotide interconversion,51727.1,NA,"PMID:10462544,PMID:11912132"
CYTK7n,0.9999678000937644,0,4.88871905207634e-4,30.364314157739283,"Cytidylate Kinase (CMP, UTP), Nuclear",Nucleotide interconversion,51727.1,NA,"PMID:10462544,PMID:11912132"
CYTK8,0.9446829470477982,4.0093070572112264e-12,-6.767113365602493,-0.19249244147837152,"Cytidylate Kinase (CMP, dATP)",Nucleotide interconversion,51727.1,NA,"PMID:10462544,PMID:11912132"
CYTK8n,1.1647501810468963,0,-2.4556748419442678,32.26656580837369,"Cytidylate Kinase (CMP, dATP), Nuclear",Nucleotide interconversion,51727.1,NA,"PMID:10462544,PMID:11912132"
CYTK9,0.45539121881651773,0,-422.40334311888665,-158.06373357870794,"Cytidylate Kinase (CMP, dCTP)",Nucleotide interconversion,51727.1,NA,"PMID:10462544,PMID:11912132"
CYTK9n,-0.3331157901629447,0,217.784595364061,108.94560612495074,"Cytidylate Kinase (CMP, dCTP), Nuclear",Nucleotide interconversion,51727.1,NA,"PMID:10462544,PMID:11912132"
DADAe,-0.648047862307152,0,10.28659807714021,2.1967749029863395,"Deoxyadenosine Deaminase, Extracellular",Nucleotide interconversion,100.1,NA,"PMID:12381379,PMID:15016824"
DADNt4,1.0505971173002968,0,-10.28659807714021,416.8946669158697,Deoxyadenosine Transport via Diffusion,"Transport, extracellular",3177.1,NA,PMID:10899995
DAG_HSter,0.4299047437349554,0,3.472511997259781,8.709704778265767,"Transport of Diacylglycerol, Endoplasmatic Reticulum","Transport, endoplasmic reticular",NA,NA,NA
DAGK_hs,-0.7002069035591022,0,18.87655152411461,3.328453625081841,Diacylglycerol Phosphate Kinase (Homo Sapiens),Glycerophospholipid metabolism,9162.1 or 1607.1 or 8525.2 or 160851.1 or 1608.1 or 1607.2 or 8525.1 or 8527.1 or 1606.1 or 160851.2 or 8526.1 or 8525.3 or 1607.1 or 8527.2 or 1609.1,NA,NA
DAGKn_hs,1,0,NA,0.4349146800999166,Diacylglycerol Phosphate Kinase (Homo Sapiens),Glycerophospholipid metabolism,8525.1 or 9162.1,NA,NA
DAGt,-1,0,NA,-295.3954945088387,Diacylglycerol Transport,"Transport, extracellular",NA,NA,NA
DASCBR,0.4802669014770464,0,50.1247082049191,142.76163421725929,Dehydroascorbate Reductase,Vitamin C metabolism,2745.1 or 51022.2 or 51022.1,NA,PMID:11297543
DCIm,-0.6861501829299348,0,-2.593022053705738,-13.930945224101283,Dodecenoyl-Coenzyme A Delta Isomerase,Fatty acid oxidation,1632.1 or 10455.1,NA,PMID:15351645
DCK2n,-0.8684370406107988,0,-16.04125526276653,-227.81545542906076,"Deoxycytidine Kinase, Nuclear (UTP)",Nucleotide interconversion,1633.1,NA,"PMID:10387103,PMID:12535661,PMID:9342341"
DCSPTN1CPT1,-0.5795770573243678,1.6813111735676023e-11,3.2742787381703966,0.8714876528870548,Carnitine O-Palmitoyltransferase,Fatty acid oxidation,1375.1 or 1375.3 or 1375.4 or 126129.1 or 1374.1 or 1375.2,NA,NA
DCSPTN1CPT2,-0.5795770573243678,1.6813111735676023e-11,3.2742787381703966,0.8714876528870548,Carnitine Transferase,Fatty acid oxidation,1376.1,NA,NA
DCSPTN1t,-0.4264506775884106,5.012015030459162e-16,4.199073954765312,1.6883696431645658,Fatty Acid Transport via Diffusion,"Transport, extracellular",NA,NA,"PMID:11788354,PMID:12864740"
DCT,-0.38573371788197297,0,16.296561472830177,7.223919067599601,Dopachrome Tautomerase,Tyrosine metabolism,1638.1,NA,PMID:8148378
DCTPtn,0.35236039812180303,0,426.45515859881766,890.4969158638,DCTP Diffusion in Nucleus,"Transport, nuclear",NA,NA,NA
DCYTDn,0.6534779483327616,0,0.5308450436485994,2.53300062559247,"Deoxycytidine Deaminase, Nuclear",Nucleotide interconversion,57379.1,NA,PMID:15087440
DCYTt,-1,0,0,-428.74709604115486,Deoxycytidine Transport via Diffusion,"Transport, extracellular",3177.1,NA,PMID:10899995
DEBRISOQUINEt,0.34454542753179795,0,1.1683596840974038,2.3966766530442802,Debrisoquine Uniport,"Transport, extracellular",6582.1 or 6582.2,NA,"PMID:12827517,PMID:12883891,PMID:9187257"
DECDPtm,-0.646605502451145,1.6373733772745877e-7,0.1974725346973275,0.04238155834847967,"Lipid, Flip-Flop Intracellular Transport","Transport, mitochondrial",NA,NA,PMID:12840657
DESAT16_2,0.5350119669208487,0,1.288048425071509,4.252087378175085,Palmitoyl Coenzyme A Desaturase (N-C16:0CoA -> N-C16:1CoA),Fatty acid synthesis,6319.1,NA,PMID:14967823
DESAT18_10,0.6775981857106979,0,4.221625215970981,21.96696944362838,Fatty Acyl Coenzyme A Desaturase (N-C18:2CoA -> N-C18:3CoA),Fatty acid synthesis,9415.1,NA,NA
DESAT18_4,0.4732202787021298,0,1.540791079813987,4.309058553796867,Stearoyl Coenzyme A Desaturase (N-C18:0CoA -> N-C18:1CoA),Fatty acid synthesis,6319.1,NA,PMID:14967823
DESAT18_6,0.5929037035932676,0,0.8040079514803452,3.145956509395299,Fatty Acyl Coenzyme A Desaturase (N-C18:1CoA -> N-C18:2CoA),Fatty acid synthesis,9415.1,NA,NA
DESAT18_7,0.8815775436597396,0,0.20326803685459569,3.2296625598651794,Fatty Acyl Coenzyme A Desaturase (N-C18:1CoA -> N-C18:2CoA),Fatty acid synthesis,9415.1,NA,NA
DESAT18_8,0.45501465829826504,0,3.0276306574448593,8.083239400054234,Fatty Acyl Coenzyme A Desaturase (N-C18:1CoA -> N-C18:2CoA),Fatty acid synthesis,9415.1,NA,NA
DESAT18_9,0.9095373175994007,0,2.6366624994911954,55.656159015908095,Fatty Acyl Coenzyme A Desaturase (N-C18:2CoA -> N-C18:3CoA),Fatty acid synthesis,9415.1 or 3992.1,NA,NA
DESAT22_1p,0.4210416250650182,0,0.5872629186049453,1.4414249595897388,Fatty Acyl Coenzyme A Desaturase (N-C22:4CoA -> N-C22:5CoA),Fatty acid synthesis,NA,NA,NA
DESAT22_2p,0.4278287179269885,1.79477813515144e-5,0.41839572754719745,1.0440884643588493,Fatty Acyl Coenzyme A Desaturase (N-C22:5CoA -> N-C22:6CoA),Fatty acid synthesis,NA,NA,NA
DESAT24_1,-0.7177471024593718,2.5079985169630785e-16,1.8588642334954726,0.3054406642791269,Fatty Acyl Coenzyme A Desaturase (N-C24:5CoA -> N-C24:6CoA),Fatty acid synthesis,9415.1,NA,NA
DGSNt,0.804334061996721,0,22.998611162848025,212.08176509009598,Deoyguanosine Transport via Diffusion,"Transport, extracellular",3177.1,NA,PMID:10899995
DGULND,-1,0,NA,-945.025335299921,Dehydro-L-Gulonate Decarboxylase,Pentose phosphate pathway,NA,NA,PMID:6821187
DHAAt1r,0.4940324067656103,0,46.04587828456163,135.96529753092528,Dehydroascorbate Transport (Uniport),"Transport, extracellular",6515.1 or 6513.1 or 6517.1,NA,"PMID:10421229,PMID:12750891,PMID:15705056,PMID:2656669,PMID:3170580,PMID:8504756,PMID:9230074"
DHCR241r,0.8455985034217948,0,0.008717219774579281,0.1041990403364612,24-Dehydrocholesterol Reductase [Precursor],Cholesterol metabolism,1718.1,NA,"PMID:17984220,PMID:19520779,PMID:19520780"
DHCR242r,-0.5368225171448887,0,706.6504519203186,212.9748711562003,24-Dehydrocholesterol Reductase [Precursor],Cholesterol metabolism,1718.1 or 1581.1,NA,"PMID:17984220,PMID:19520779,PMID:19520780"
DHCR243r,0.98510220359066,0,0.012698040682784859,1.6919890598637035,24-Dehydrocholesterol Reductase [Precursor],Cholesterol metabolism,1718.1,NA,"PMID:17984220,PMID:19520779,PMID:19520780"
DHCR71r,0.9988927749126136,0,0.03751194813199836,67.7209746673435,7-Dehydrocholesterol Reductase,Cholesterol metabolism,1717.1,NA,PMID:9465114
DHCR72r,0.9881629058279674,0,0.17240894194903397,28.95787243342139,7-Dehydrocholesterol Reductase,Cholesterol metabolism,1717.1,NA,PMID:15670717
DHCRD1,0.4263727949882598,0,3.697259021794984,9.193548769370757,Dihydroceramide Desaturase,Sphingolipid metabolism,8560.1 or 8560.2 or 123099.1,NA,PMID:9188692
DHCRD2,0.5031496785787112,0,0.5536303092721326,1.6749294215072266,Dihydroceramide Desaturase,Sphingolipid metabolism,8560.1 or 8560.2 or 123099.1,NA,PMID:9188692
DHDPBMTm,-0.646605502451145,1.6373733772745877e-7,0.1974725346973275,0.04238155834847967,Dihydroxydecaprenylbenzoate Methyltransferase,Ubiquinone synthesis,51805.1,NA,"PMID:10777520,PMID:1965190,PMID:7380842"
DHEASt,0.6301759519673326,0,56.17386616702676,247.613118296811,Dehydroepiandrosterone Sulfate Transport via Bicarbonate Antiport,"Transport, extracellular",11309.1 or 6579.1 or 28234.1 or 10599.1,NA,"PMID:12507753,PMID:9007731,PMID:9334206"
DHEAtr,0.3657254343463489,0,-583.3435813785314,-270.91828811315895,Dehydroepiandrosterone Transport,"Transport, endoplasmic reticular",NA,NA,"PMID:11535246,PMID:1588921"
DHFtm,1,0,NA,4.105052354536007,Dihydrofolate Reversible Mitochondrial Transport,"Transport, mitochondrial",NA,NA,PMID:11375437
DHORD9,-0.3825257962900589,0,211.56175560417176,94.48932304027379,Dihydoorotic Acid Dehydrogenase (Quinone 10),Pyrimidine synthesis,1723.1,NA,"PMID:10727948,PMID:9693067"
DIGALSIDEtl,0.6559191828686275,1.4096336836061537e-12,0.5121810994664622,2.4649165704155984,Digalside Hs Intracellular Transport,"Transport, lysosomal",NA,NA,NA
DINt,-0.9935408749774476,0,678.0114252220154,2.1967749029863395,Deoxyinosine Transport via Diffusion,"Transport, extracellular",3177.1,NA,PMID:10899995
DLNLCGCPT1,0.5093843956585146,0,-139.78416119692437,-45.43593462358304,Carnitine O-Palmitoyltransferase,Fatty acid oxidation,1375.1 or 1375.3 or 1375.4 or 126129.1 or 1374.1 or 1375.2,NA,NA
DLNLCGCRNt,0.5135854177462936,0,58.20066040300876,181.10409124875068,Transport into the Mitochondria (Carnitine),Fatty acid oxidation,788.1,NA,NA
DLNLCGt,0.41161744719360044,0,2.9083999926747843,6.977685102141954,Fatty Acid Transport via Diffusion,"Transport, extracellular",10998.1,NA,"PMID:11788354,PMID:12864740"
DM_Asn_X_Ser_Thr_ly_,-0.369281584868915,0,0.37772006513662637,0.17398539750973868,"Demand for Asn-X-Ser/Thr, Lysosomal",Exchange/demand reaction,NA,NA,NA
DM_dctp_m_,-0.4235646319668727,0,2.6987667936201243,1.0927952233307525,Demand for dCTP,Exchange/demand reaction,NA,NA,NA
DM_dttp_m_,0.36291700936781507,0,1.396701229865034,2.9879747084426924,Demand for dTTP,Exchange/demand reaction,NA,NA,NA
DM_ethamp_r_,1,0,NA,367.5096752868652,Demand for Ethanolamine Phosphate,Exchange/demand reaction,NA,NA,NA
DM_gpi_sig_er_,0.44716914571976313,0,1.5406526594422758,4.0330328449536115,"Demand for  Glycophosphatidylinositol (Gpi) Signal Sequence (C-Terminal Peptide),  Endoplasmatic Reticulum",Exchange/demand reaction,NA,NA,NA
DM_melanin_c_,-0.38573371788197297,0,16.296561472830177,7.223919067599601,"Demand for Melanin, Cytosolic",Exchange/demand reaction,NA,NA,NA
DM_mem2emgacpail_prot_hs_r_,0.7531219624865241,0,0.3531072793321514,2.5074734583357494,"Demand for  ({[(mannosyl),(phosphoethanolaminyl)]-dimannosyl},{phosphoethanolaminyl})-mannosyl-glucosaminyl-acylphosphatidylinositol-Protein (M4B),  Endoplasmatic Reticulum",Exchange/demand reaction,NA,NA,NA
DM_Ser_Gly_Ala_X_Gly_ly_,-0.3541753173019149,0,17.469281490382553,8.331338661502487,"Demand for Ser-Gly/Ala-X-Gly, Lysosomal",Exchange/demand reaction,NA,NA,NA
DMANTIPYRINEte,-0.8380445165034653,0,-4.610631571134296,-52.326391758896406,Transport of Demethylated Antipyrine,"Transport, extracellular",NA,NA,NA
DMHPTCRNCPT2,-0.363405694004038,0,-0.3865286061048566,-0.827835400812002,"2, 6 Dimethylheptanoly Coenzyme A Carnitine Transferase",Fatty acid oxidation,NA,NA,PMID:9819701
DMHPTCRNt,-0.363405694004038,0,-0.3865286061048566,-0.827835400812002,"Transport of 2, 6 Dimethylheptanoyl Carnitine, Mitochondrial",Fatty acid oxidation,NA,NA,NA
DMHPTCRNte,0.363405694004038,0,0.3865286061048566,0.827835400812002,"Transport of 2, 6 Dimethylheptanoyl Carnitine, Extracellular","Transport, extracellular",NA,NA,"PMID:9299016,PMID:9819701"
DMNONCOACRNCPT1,-0.4296296144380814,0,121.76124737468957,48.578323301520946,Dmnoncoacrncpt1,Fatty acid oxidation,NA,NA,"PMID:9299016,PMID:9819701"
DNADtn,0.9962012588512437,0,0.49543863871523014,260.3481510212198,"Transport of DNAD, Nuclear through Pore","Transport, nuclear",NA,NA,NA
DNDPt30m,1,0,NA,1.0927952233307525,Transport of dCDP via ADP Antiport,"Transport, mitochondrial",60386.1,NA,PMID:11226231
DOLMANP_Uter,0.49186421975766886,0,4.975065258323402,14.60657198025398,Dolichol-Phosphate Mannose Flippase (Uterus),N-glycan synthesis,NA,NA,PMID:12137737
DOLPMT3_Uer,0.49186421975766886,0,4.975065258323402,14.60657198025398,Dolichyl-Phosphate-Mannose-Glycolipid Alpha-Mannosyltransferase (Uterus),N-glycan synthesis,79087.1,NA,NA
DOLPMT4_Uer,0.49186421975766886,0,4.975065258323402,14.60657198025398,Dolichyl-Phosphate-Mannose-Glycolipid Alpha-Mannosyltransferase (Uterus),N-glycan synthesis,NA,NA,NA
DOPACHRMISO,-0.4322962043659988,0,9.112843652573227,3.6119595337998005,L-Dopachrome Isomerase 1,Tyrosine metabolism,7299.1,NA,PMID:5294951
DOPAMT,-0.8763398471116671,0,13.666748620622725,0.9007068876750436,Dopamine:Amet O-Methyltransferase,Tyrosine metabolism,1312.1 or 1312.2,NA,PMID:1847521
DOPAQNISO1,-0.4322962043659988,0,18.225687305146455,7.223919067599601,Dopaquinone Isomerase 1,Tyrosine metabolism,NA,NA,PMID:5294951
DOPAtu,0.7528460877680381,0,45.047902276562155,319.48528977166416,Transport of Dopamine via Uniport,"Transport, extracellular",6581.1 or 6582.2 or 6582.1 or 6584.1,NA,PMID:12883891
DOPAVESSEC,-0.6096026354834518,0,0.6945726670802069,0.16846352802590844,Secretion of Dopamine via Secretory Vesicle (ATP Driven),"Transport, extracellular",6570.1 or 6571.1,NA,"PMID:12827358,PMID:15383652"
DORNOp,0.34224325457350996,0,1.950492031155283,3.9802476981365307,"D-Ornithine Oxidase, Perixosomal",Arginine and proline metabolism,1610.1,NA,"PMID:8103425,PMID:9153402"
DPGase,0.6119334302895478,0,0.28708330053660464,1.192473677281948,Diphosphoglycerate Phosphatase,Glycolysis/gluconeogenesis,669.2 or 5223.1 or 5224.2 or 5224.1 or 669.1,NA,"PMID:15949708,PMID:17052986"
DPGM,0.6119334302895478,0,0.28708330053660464,1.192473677281948,Diphosphoglyceromutase,Glycolysis/gluconeogenesis,669.1 or 5223.1 or 5224.2 or 5224.1 or 669.2,NA,"PMID:15949708,PMID:17052986"
DPHMBDCm,-0.646605502451145,1.6373733772745877e-7,0.1974725346973275,0.04238155834847967,3-Decaprenyl-4-Hydroxy-5-Methoxybenzoate Decarboxylation,Ubiquinone synthesis,NA,NA,"PMID:11051212,PMID:7380842"
DPMVDx,-0.4402824759746548,0,1.0006529293201247,0.3888702316042238,Diphosphomevalonate Decarboxylase,Cholesterol metabolism,4597.1,NA,PMID:8188698
DPPS,-0.646605502451145,1.6373733772745877e-7,0.1974725346973275,0.04238155834847967,Decaprenyl Synthase,Miscellaneous,NA,NA,PMID:16262699
DUDPtn,9.119361459864601,0,-618.9143170788467,771.3682557631254,"Transport of dUDP, Nuclear","Transport, nuclear",NA,NA,NA
DUMPtn,-0.6608885064205098,0,-0.26195998155410505,-1.2830185079036676,"Transport of dUMP, Nuclear","Transport, nuclear",NA,NA,NA
DURAD,-0.985644398691863,0,-3.1428271803672234,-434.7109572634578,Dihydrouracil Dehydrogenase (NADP),Pyrimidine catabolism,1806.1,NA,"PMID:1512248,PMID:8221682"
DURIK1,0.9823664122486353,0,0.481993933852762,54.18571642083228,Deoxyuridine Kinase (ATP:Deoxyuridine),Nucleotide interconversion,7083.1 or 7084.1,NA,"PMID:12535661,PMID:9342341"
DURIt,147.05633715120797,0,-403.52464096345903,398.07368021800517,Transport of Deoxyuridine via_Diffusion,"Transport, extracellular",3177.1,NA,PMID:10899995
DURItn,-0.6534779483331018,0,-0.5308450436485994,-2.5330006255954776,"Transport of Deoxyuridine, Nuclear","Transport, nuclear",NA,NA,NA
DUTPDPn,0.6608885064205098,0,0.26195998155410505,1.2830185079036676,"DUTP Diphosphatase, Nuclear",Nucleotide interconversion,1854.1,NA,"PMID:12799180,PMID:8631816,PMID:9070952"
EAFLATOXINte,-0.6800410417588637,0,-1.2259305066685673,-6.43711798809899,"Transport of Aflatoxin B1 Exo-8,9-Epoxide","Transport, extracellular",NA,NA,NA
EBASTINEOHte,-0.8416498464580666,0,-0.8879523128501231,-10.327096021346543,Transport of Hydroxylated Ebastine,"Transport, extracellular",NA,NA,NA
EBASTINEOHtr,0.8416498464578602,0,0.8879523128516367,10.327096021349528,Transport of Hydroxylated Ebastine,"Transport, endoplasmic reticular",NA,NA,NA
EBASTINEte,0.8416498464578602,0,0.8879523128516367,10.327096021349528,Transport of Ebastine,"Transport, extracellular",NA,NA,NA
EBASTINEtr,-0.8416498464578602,0,-0.8879523128516367,-10.327096021349528,Transport of Ebastine,"Transport, endoplasmic reticular",NA,NA,NA
ECOAH12m,-0.4249356383978016,0,431.43770161333083,174.11624761407376,"3-Hydroxyacyl Coenzyme A Dehydratase (3-Hydroxyisobutyryl Coenzyme A), Mitochondrial","Valine, leucine, and isoleucine metabolism",1892.1 or (3030.1 and 3032.1),NA,PMID:9073515
ECOAH9m,-0.9796657449547178,0,-4.952054395625624,-482.1131844929337,"2-Methylprop-2-Enoyl Coenzyme A (2-Methylbut-2-Enoyl Coenzyme A), Mitochondrial","Valine, leucine, and isoleucine metabolism",1892.1 or (3030.1 and 3032.1),NA,PMID:9073515
EICOSTETt,-1.7111548954309657,0,0.5518546229653642,-2.103850191050249,Transport of Omega-3-Arachidonic Acid (Diffusion),"Transport, extracellular",NA,NA,"PMID:11788354,PMID:12864740"
ELAIDCPT1,-2.2036616279891286,0,48.88530845232196,-18.366911612137407,Carnitine O-Palmitoyltransferase,Fatty acid oxidation,1375.1 or 1375.3 or 1375.4 or 126129.1 or 1374.1 or 1375.2,NA,NA
ELAIDCPT2,-1.8702375639503144,0,52.83177454864217,-16.01825415423295,Carnitine Transferase,Fatty acid oxidation,1376.1,NA,NA
ENGASE3ly,-0.613430432345654,0,0.25632756664564366,0.06141475618012191,"Endo-Beta-N-Acetylglucosaminidase, Lysosomal",Keratan sulfate degradation,NA,NA,NA
ESTRADIOLGLCt,-0.976581329128427,0,-0.3313695517285945,-27.96823408895731,Estradiol Glucuronide Transport via Bicarbonate Antiport,"Transport, extracellular",28234.1 or 28231.1 or 10599.1 or 6579.1 or 53919.1,NA,"PMID:12507753,PMID:9007731,PMID:9334206"
ESTRADIOLGLCtr,-0.9603378145075131,0,-0.570933580160966,-28.21888589507267,Glucuronidated Compound Transport,"Transport, endoplasmic reticular",NA,NA,NA
ESTRIOLGLCte,0.37700080070357267,0,0.395488406213567,0.8741389276905682,Glucuronidated Compound Transport,"Transport, extracellular",4363.1,NA,NA
ESTRIOLGLCtr,-0.37700080070357267,0,-0.395488406213567,-0.8741389276905682,Glucuronidated Compound Transport,"Transport, endoplasmic reticular",NA,NA,NA
ESTRONEGLCt,0.3797580783444434,0,0.21415000295929784,0.4763870132671651,ABC Transporter,"Transport, extracellular",8714.1 or 8714.3 or 8714.2,NA,"PMID:11850532,PMID:9738950,PMID:9813153"
ESTRONEGLCtr,-0.3797580783444434,0,-0.21415000295929784,-0.4763870132671651,Glucuronidated Compound Transport,"Transport, endoplasmic reticular",NA,NA,NA
ESTRONESt,0.7179720810852315,0,-64.45505099500213,-10.58115210125111,Transport of Estrone 3-Sulfate  via Bicarbonate Antiport,"Transport, extracellular",11309.1 or 10599.1 or 53919.1 or 6579.1 or 28232.1 or 28231.1 or 28234.1,NA,"PMID:12507753,PMID:9007731,PMID:9334206"
ESTRONEtr,-0.3320855611346596,0,-349.5082757908821,-697.057737618351,"Transport of Estrone, Endoplasmatic Reticulum","Transport, endoplasmic reticular",NA,NA,NA
ETHAK,0.6682721752753402,0,0.3920683261796163,1.971726911708796,Ethanolamine Kinase,Glycerophospholipid metabolism,1119.2 or 55500.1 or 1119.1 or 55224.1 or 1120.1,NA,NA
ETOHtx,0.3838860196490388,0,72.86195352407098,163.65906644228696,"Transport of Ethanol, Reversible, Peroxisomal","Transport, peroxisomal",NA,NA,NA
EX_13_cis_retnglc[e],0.5089018535268771,0,9.494815422300249,29.17287449055463,Exchange of 13-Cis-Retinoyl Glucuronide,Exchange/demand reaction,NA,NA,NA
EX_2425dhvitd3[e],0.5085708538933553,0,0.8432590636180132,2.588605205315756,"Exchange of 24R, 25-Dihydroxyvitamin D3",Exchange/demand reaction,NA,NA,NA
EX_2hb[e],-1.4689297060179511,0,135.114038484478,-711.3796780910492,Exchange of 2-Hydroxybutyrate,Exchange/demand reaction,NA,NA,NA
EX_3aib[e],-0.457117872652255,0,1.861941148907205,0.6937081693158818,Exchange of L-3-Amino-Isobutanoate,Exchange/demand reaction,NA,NA,NA
EX_3mlda[e],-0.9365220130528196,0,42.76120997140635,1.4016858626520217,Exchange of 3-Methylimidazoleacetic Acid,Exchange/demand reaction,NA,NA,NA
EX_4hdebrisoquine[e],0.34454542753179795,0,1.1683596840974038,2.3966766530442802,Exchange of 4 Hydroxy Debrisoquine,Exchange/demand reaction,NA,NA,NA
EX_4mtolbutamide[e],0.6716529427507737,0,1.7511198765861105,8.915154347135362,Exchange of 4 Hydroxy Tolbutamide,Exchange/demand reaction,NA,NA,NA
EX_5adtststeroneglc[e],0.46091125272498495,0,0.20413232256469868,0.5531913040053102,Exchange of 5Alpha-Dihydrotestosterone Glucuronide,Exchange/demand reaction,NA,NA,NA
EX_5fthf[e],0.6927026228428755,0,-108.79355296909809,-19.750647885722483,Exchange of 5-Formyltetrahydrofolate,Exchange/demand reaction,NA,NA,NA
EX_5homeprazole[e],0.8285061912163026,0,1.0940481838311398,11.664991825724497,Exchange of 5 Hydroxy Omeprazole,Exchange/demand reaction,NA,NA,NA
EX_5mthf[e],1.2253869169677698,0,-491.1813654722214,49.74678910517145,Exchange of 5-Methyltetrahydrofolate,Exchange/demand reaction,NA,NA,NA
EX_6htststerone[e],0.5694008791897048,0,1.2087250680573867,4.405429767107281,Exchange of 6 Beta Hydroxy Testosterone,Exchange/demand reaction,NA,NA,NA
EX_7thf[e],-0.659223353910889,0,-19.52892848627046,-95.08531348360776,Exchange of Heptaglutamyl Folate (Thf),Exchange/demand reaction,NA,NA,NA
EX_acetone[e],1,0,NA,31.622277333553136,Exchange of Acetone,Exchange/demand reaction,NA,NA,NA
EX_acnacngalgbside_hs[e],1,0,NA,0.048749224895189944,Exchange of Disialyl Galactosylgloboside (Homo Sapiens),Exchange/demand reaction,NA,NA,NA
EX_adrn[e],2.2355156737837816,0,-0.10765522628140534,0.281922908295847,Exchange of Adrenic Acid,Exchange/demand reaction,NA,NA,NA
EX_adrnl[e],0.8495159924569211,0,10.15926208935896,124.86189072584212,Exchange of Adrenaline,Exchange/demand reaction,NA,NA,NA
EX_aflatoxin[e],-0.6800410417595993,0,-1.2259305066652144,-6.437117988099002,Exchange of Aflatoxin B1,Exchange/demand reaction,NA,NA,NA
EX_andrstrnglc[e],0.8177119963831494,0,0.18559188362962378,1.8506571283428557,Exchange of Androsterone Glucuronide,Exchange/demand reaction,NA,NA,NA
EX_antipyrene[e],-0.8380445165034653,0,-4.610631571134296,-52.326391758896406,Exchange of Antipyrene,Exchange/demand reaction,NA,NA,NA
EX_apnnox[e],0.8795461572492334,0,0.7916862656342193,12.353369924433737,Exchange of Alpha-Pinene-Oxide,Exchange/demand reaction,NA,NA,NA
EX_appnn[e],-0.8795461572488604,0,-0.7916862656368263,-12.353369924433737,Exchange of (+)-Alpha-Pinene,Exchange/demand reaction,NA,NA,NA
EX_arach[e],1,0,NA,0.3985107428568981,Exchange of Arachidate,Exchange/demand reaction,NA,NA,NA
EX_arachd[e],-0.3504294823087346,0,-25.92242801350206,-53.89162544950545,Exchange of Nc20:4,Exchange/demand reaction,NA,NA,NA
EX_atp[e],-1,0,NA,-355.2515218928099,Exchange of ATP,Exchange/demand reaction,NA,NA,NA
EX_bhb[e],-0.6406887716451927,0,848.8110481903076,185.88981995687485,Transport of (R)-3-Hydroxybutanoate  via H+ Symport,Exchange/demand reaction,NA,NA,NA
EX_bildglcur[e],0.9155579539036862,0,2.7652383167882917,62.72910827055723,Exchange of Bilirubin Beta-Diglucuronide,Exchange/demand reaction,NA,NA,NA
EX_bilglcur[e],-1,0,NA,-959.6894923341274,Exchange of Blirubin Mono-Glucuronide,Exchange/demand reaction,NA,NA,NA
EX_bilirub[e],1,0,NA,918.6619034160614,Exchange of Bilirubin,Exchange/demand reaction,NA,NA,NA
EX_camp[e],0.43798784751693176,0,0.3938038300742788,1.00760298411785,Exchange of CAMP,Exchange/demand reaction,NA,NA,NA
EX_carveol[e],0.3370778744041627,0,1.4026945192054006,2.829158559901448,Exchange of (E)-Carveol,Exchange/demand reaction,NA,NA,NA
EX_co[e],0.34320635366944185,0,0.15414873780610774,0.3152490362659213,Exchange of Carbon Monoxide,Exchange/demand reaction,NA,NA,NA
EX_coumarin[e],-0.7279706431324573,0,-1.1481494817766564,-7.293215045918175,Exchange of Coumarin,Exchange/demand reaction,NA,NA,NA
EX_creat[e],-0.39605408598348196,0,-241.8854428650856,-559.1314603090286,Exchange of Creatine,Exchange/demand reaction,NA,NA,NA
EX_crn[e],-0.6058812269545216,0,425.14278072009085,104.33944197997046,Exchange of L-Carnitine,Exchange/demand reaction,NA,NA,NA
EX_crvnc[e],1,0,NA,17.15407417354146,Exchange of Nc22:6,Exchange/demand reaction,NA,NA,NA
EX_cspg_a[e],0.6941559180002995,0,-3.36336862726768,-0.607185194292781,Exchange of Chondroitin Sulfate A (Galnac4S-Glca) Proteoglycan,Exchange/demand reaction,NA,NA,NA
EX_cspg_b[e],0.4836242959223699,0,-2.0101995060592888,-0.6996503010437242,Exchange of Chondroitin Sulfate B / Dermatan Sulfate (Idoa2S-Galnac4S) Proteoglycan,Exchange/demand reaction,NA,NA,NA
EX_cspg_c[e],0.6611846864818703,0,-5.168644578126446,-1.0541970122000668,Exchange of Chondroitin Sulfate C (Galnac6S-Glca) Proteoglycan,Exchange/demand reaction,NA,NA,NA
EX_cspg_d[e],0.6496229687001807,0,-3.015706771199522,-0.6405308399629197,Exchange of Chondroitin Sulfate D (GlcNac6S-Glca2S) Proteoglycan,Exchange/demand reaction,NA,NA,NA
EX_cyan[e],0.966057659430722,0,-620.9919784833908,-10.720906949685421,Exchange of Hydrogen Cyanide,Exchange/demand reaction,NA,NA,NA
EX_dcsptn1[e],0.40927343879323463,0,-3.3981509843667967,-1.4244063573463122,"Exchange of Docosa-4, 7, 10, 13, 16-Pentaenoic Acid (N-6)",Exchange/demand reaction,NA,NA,NA
EX_debrisoquine[e],-0.344545427533691,0,-1.1683596840923844,-2.3966766530442802,Exchange of Debrisoquine,Exchange/demand reaction,NA,NA,NA
EX_dlnlcg[e],-0.4260845712014269,0,-2.734323149235188,-6.7943391310564705,Exchange of Dihomo-Gamma-Linolenic Acid (N-6),Exchange/demand reaction,NA,NA,NA
EX_dmantipyrine[e],0.8380445165034653,0,4.610631571134296,52.326391758896406,Exchange of Demethylated Antipyrine,Exchange/demand reaction,NA,NA,NA
EX_dmhptcrn[e],0.363405694004038,0,0.3865286061048566,0.827835400812002,"Exchange of 2, 6 Dimethylheptanoyl Carnitine",Exchange/demand reaction,NA,NA,NA
EX_eaflatoxin[e],0.6800410417595993,0,1.2259305066652144,6.437117988099002,"Exchange of 8, 9 Epxoy Aflatoxin B1",Exchange/demand reaction,NA,NA,NA
EX_ebastine[e],-0.84164984645786,0,-0.8879523128516367,-10.327096021349513,Exchange of Ebastine,Exchange/demand reaction,NA,NA,NA
EX_ebastineoh[e],0.8416498464578602,0,0.8879523128516367,10.327096021349528,Exchange of Hydroxylated Ebastine,Exchange/demand reaction,NA,NA,NA
EX_eicostet[e],1,0,NA,2.5299839713409358,Exchange of Eicosatetranoic Acid,Exchange/demand reaction,NA,NA,NA
EX_elaid[e],0.8125286438416649,0,0.4370069692335339,4.225112921385331,Exchange of Elaidic Acid,Exchange/demand reaction,NA,NA,NA
EX_estradiolglc[e],0.9603378145075131,0,0.570933580160966,28.21888589507267,Exchange of Estradiol Glucuronide,Exchange/demand reaction,NA,NA,NA
EX_estriolglc[e],0.37700080070357267,0,0.395488406213567,0.8741389276905682,Exchange of 16-Glucuronide-Estriol,Exchange/demand reaction,NA,NA,NA
EX_estroneglc[e],0.3797580783444434,0,0.21415000295929784,0.4763870132671651,Exchange of Estrone Glucuronide,Exchange/demand reaction,NA,NA,NA
EX_estrones[e],-0.7085913930483133,0,-4.310363238643109,-25.27258754467219,Exchange of Estrone 3-Sulfate,Exchange/demand reaction,NA,NA,NA
EX_fucfucfucgalacglc13galacglcgal14acglcgalgluside_hs[e],-0.5184698369065631,0,0.16254409568782363,0.051545235212498416,Exchange of (Gal)4 (Glc)1 (GlcNac)3 (LFuc)3 (Cer)1,Exchange/demand reaction,NA,NA,NA
EX_fucfucgalacglcgalgluside_hs[e],0.3662292280592428,0,0.14762269500121403,0.31823247389260584,Exchange of Leb Glycolipid,Exchange/demand reaction,NA,NA,NA
EX_galfuc12gal14acglcgalgluside_hs[e],-0.4257541314744273,0,0.17956285930513602,0.07232188763849463,Exchange of (Gal)3 (Glc)1 (GlcNac)1 (LFuc)1 (Cer)1,Exchange/demand reaction,NA,NA,NA
EX_gchola[e],-1,0,NA,-409.45003237608523,Exchange of Glycocholate,Exchange/demand reaction,NA,NA,NA
EX_gd1b2_hs[e],0.45665095298138053,0,0.06461693646636558,0.1732299386534919,Exchange of Gd1Beta (Homo Sapiens),Exchange/demand reaction,NA,NA,NA
EX_gd1c_hs[e],0.6854920546991081,0,0.02454187139313799,0.13152332034412392,Exchange of Gd1C (Homo Sapiens),Exchange/demand reaction,NA,NA,NA
EX_glygn2[e],-0.7730804082274909,0,-8.39738026324883,-65.61456553354562,"Exchange of Glycogen, Structure 2 (Glycogenin-1, 6-{7[1, 4-Glc], 4[1, 4-Glc]})",Exchange/demand reaction,NA,NA,NA
EX_gthox[e],0.9940180601649459,0,0.09474933067608354,31.583713940001676,Exchange of Oxidized Glutathione,Exchange/demand reaction,NA,NA,NA
EX_gthrd[e],-1,0,NA,-739.1041698488713,Exchange of Reduced Glutathione,Exchange/demand reaction,NA,NA,NA
EX_gtp[e],-0.9800471150701041,0,-1.4322323643002692,-142.1291994118452,Exchange of GTP,Exchange/demand reaction,NA,NA,NA
EX_hcoumarin[e],0.7279706431324573,0,1.1481494817766564,7.293215045918175,Exchange of Hydroxy Coumarin,Exchange/demand reaction,NA,NA,NA
EX_hista[e],0.3333559563540559,0,-94.8784868982315,-47.43682874736451,Exchange of Histamine,Exchange/demand reaction,NA,NA,NA
EX_i[e],-0.43741979403643605,0,-13.442342297151871,-34.34583849789898,Exchange of Iodide,Exchange/demand reaction,NA,NA,NA
EX_idp[e],0.7873197413706772,0,-332.1107687913895,-39.5191764322862,Exchange of IDP,Exchange/demand reaction,NA,NA,NA
EX_imp[e],0.9689704427498734,0,0.5105419548308185,32.39627335776836,Exchange of IMP,Exchange/demand reaction,NA,NA,NA
EX_ksii_core4[e],0.4755651387690332,0,-0.08289886799486267,-0.029463325739288206,Exchange of Keratan Sulfate Ii (Core 4-Linked),Exchange/demand reaction,NA,NA,NA
EX_Lcystin[e],0.5751984397276544,0,-558.5627186389924,-150.63391913264692,Exchange of L-Cystine,Exchange/demand reaction,NA,NA,NA
EX_leuktrB4[e],-0.8283633219024783,0,799.6144864810943,75.06340374158472,Exchange of Leukotriene B4,Exchange/demand reaction,NA,NA,NA
EX_leuktrD4[e],0.9981919708819096,0,0.6147523151611691,679.4100426509857,Exchange of Leukotriene D4,Exchange/demand reaction,NA,NA,NA
EX_limnen[e],-0.45565950492973895,0,-2.19645702697942,-5.873701437699609,Exchange of Limonene,Exchange/demand reaction,NA,NA,NA
EX_lneldc[e],1,0,NA,109.20540029639304,Exchange of Linoelaidic Acid,Exchange/demand reaction,NA,NA,NA
EX_lpchol_hs[e],0.5811063264206486,0,8.91333535181647,33.6432173678942,Exchange of Lysophosphatidylcholine,Exchange/demand reaction,NA,NA,NA
EX_mercplaccys[e],0.4944584274402111,0,78.69106716029346,232.62286400403977,Exchange of 3-Mercaptolactate-Cysteine Disulfide,Exchange/demand reaction,NA,NA,NA
EX_nifedipine[e],-0.5551283358522073,0,-3.0915793992542793,-10.807167805410177,Exchange of Nifedipine,Exchange/demand reaction,NA,NA,NA
EX_no[e],0.416829181235464,0,8.256131716287136,20.058493949578608,Exchange of Nitric Oxide,Exchange/demand reaction,NA,NA,NA
EX_npthl[e],-0.33343653635636655,0,-1.2302697433813417,-2.461110929229553,Exchange of Naphthalene,Exchange/demand reaction,NA,NA,NA
EX_nrpphr[e],-0.8217097841939659,0,-12.672765733460556,-129.4860810228588,Exchange of Norepinephrine,Exchange/demand reaction,NA,NA,NA
EX_oagd3_hs[e],0.44828716891159975,0,161.48592467484474,423.9125492242336,Exchange of 9-O-Acetylated Gd3 (Homo Sapiens),Exchange/demand reaction,NA,NA,NA
EX_ocdca[e],-1,0,NA,-1.578362729398589,Exchange of Octadecanoate (N-C18:0),Exchange/demand reaction,NA,NA,NA
EX_octa[e],0.7579016585355776,0,-2.000877289863215,-0.27556096269529123,Exchange of Octanoate (N-C8:0),Exchange/demand reaction,NA,NA,NA
EX_omeprazole[e],-0.8285061912163026,0,-1.0940481838311398,-11.664991825724497,Exchange of Omeprazole,Exchange/demand reaction,NA,NA,NA
EX_onpthl[e],0.3334365363574091,0,1.230269743381435,2.461110929235513,Exchange of Naphthalene Epoxide,Exchange/demand reaction,NA,NA,NA
EX_oxa[e],-0.4734448680552078,0,6.272410043952148,2.2415292013364376,Exchange of Oxalate,Exchange/demand reaction,NA,NA,NA
EX_pchol_hs[e],0.4926503635343627,0,-98.02642073806524,-33.319034477520546,Exchange of Phosphatidylcholine (Homo Sapiens),Exchange/demand reaction,NA,NA,NA
EX_pe_hs[e],-0.43455582883852056,0,-215.39731070251466,-546.4721069627761,Exchange of Phosphatidylethanolamine,Exchange/demand reaction,NA,NA,NA
EX_perillyl[e],0.5863995034040724,0,0.7937625062893029,3.044542876911335,Exchange of Perillyl Alcohol,Exchange/demand reaction,NA,NA,NA
EX_prostge1[e],0.4363821632686408,0,2.6925388159997348,6.861945235160971,Exchange of Prostaglandin E1,Exchange/demand reaction,NA,NA,NA
EX_prostge2[e],-1,0,NA,-360.9753504267454,Exchange of Prostaglandin E2,Exchange/demand reaction,NA,NA,NA
EX_ptdca[e],0.962817100276222,0,-6.590091717027916,-0.12484032233582247,Exchange of Pentadecanoate,Exchange/demand reaction,NA,NA,NA
EX_retnglc[e],0.8805962584399024,0,0.9170294100841231,14.443115893613399,Exchange of Retinoyl Glucuronide,Exchange/demand reaction,NA,NA,NA
EX_Rtotal[e],0.3448886555828161,0,255.92843265538215,525.399611306572,Exchange of R Total,Exchange/demand reaction,NA,NA,NA
EX_sl_L[e],-0.5011282529309096,0,0.48188941216204567,0.16014688449837694,Exchange of L-Sulfolactate,Exchange/demand reaction,NA,NA,NA
EX_spc_hs[e],-1,0,NA,-86.97596977176369,Exchange of Sphingosylphosphorylcholine (Homo Sapiens),Exchange/demand reaction,NA,NA,NA
EX_srtn[e],5.3503300151988675,0,-12.752248620398785,18.614906660522593,Exchange of Serotonin,Exchange/demand reaction,NA,NA,NA
EX_strch1[e],0.7148467840151188,0,-72.16506995325088,-11.999965227658487,"Exchange of Starch, Structure 1 (1, 6-{7[1, 4-Glc], 4[1, 4-Glc]})",Exchange/demand reaction,NA,NA,NA
EX_strdnc[e],0.8389003383659374,0,3.8171315609699943,43.57131757979356,Exchange of Stearidonic Acid,Exchange/demand reaction,NA,NA,NA
EX_tcynt[e],-0.966057659430722,0,620.9919784833908,10.720906949685421,Exchange of Thiocyanate,Exchange/demand reaction,NA,NA,NA
EX_tdchola[e],-1,0,NA,-542.2912413042009,Exchange of Taurochenodeoxycholate,Exchange/demand reaction,NA,NA,NA
EX_thym[e],-1.3314124761398995,0,54.32977138841832,-382.19776248652096,Exchange of Thymine,Exchange/demand reaction,NA,NA,NA
EX_tolbutamide[e],-0.6716529427507737,0,-1.7511198765861105,-8.915154347135362,Exchange of Tolbutamide,Exchange/demand reaction,NA,NA,NA
EX_tststeroneglc[e],0.4238285784937557,0,0.20733931331819658,0.5123746661643818,Exchange of Testosterone Glucuronide,Exchange/demand reaction,NA,NA,NA
EX_tststerones[e],-0.3412300617533751,0,0.1721116261697287,0.08453580677660578,Exchange of Testosterone Sulfate,Exchange/demand reaction,NA,NA,NA
EX_ttdca[e],0.9927287808766012,0,0.4642421720721807,127.22883492919206,Exchange of Tetradecanoate (N-C14:0),Exchange/demand reaction,NA,NA,NA
EX_Tyr_ggn[e],1,0,NA,65.61456553354562,Exchange of Tyr-194 of Apo-Glycogenin Protein (Primer for Glycogen Synthesis),Exchange/demand reaction,NA,NA,NA
EX_ump[e],-0.9853507972381468,0,-0.14857653314556155,-20.136013087315856,Exchange of UMP,Exchange/demand reaction,NA,NA,NA
EX_urate[e],0.9912150099403501,0,4.238416283314204,960.6838555770875,Exchange of Urate,Exchange/demand reaction,NA,NA,NA
EX_utp[e],-1,0,NA,-998.9270647644043,Exchange of UTP,Exchange/demand reaction,NA,NA,NA
EX_vacc[e],1,0,NA,3.8864770165113387,Exchange of Vaccenic Acid,Exchange/demand reaction,NA,NA,NA
EX_whddca[e],0.89945735605227,0,1.0698748808183511,20.21213718511767,Exchange of Omega Hydroxy Dodecanoate (N-C12:0),Exchange/demand reaction,NA,NA,NA
EX_whtststerone[e],0.85618952087209,0,1.8962398119833321,24.475132058584595,Exchange of W Hydroxy Testosterone,Exchange/demand reaction,NA,NA,NA
EX_whttdca[e],0.7125266652783375,0,1.3591955785588874,8.09695505798546,Exchange of Omega Hydroxy Tetradecanoate (N-C14:0),Exchange/demand reaction,NA,NA,NA
F1Atg,-0.45271651052677014,0,0.1695939745772577,0.06389132465123548,Transport of F1Alpha  (from Golgi to Lysosome),"Transport, golgi apparatus",NA,NA,NA
F1PGT,-0.4959017666450254,0,0.29929372329903997,0.10085785078498448,Fucose-1-Phosphate Guanylyltransferase,Fructose and mannose metabolism,8790.1 or 51086.1,NA,NA
FACOAL140i,0.5906325213120643,0,0.12553126920795185,0.48776253522562113,Fatty-Acid- Coenzyme A Ligase (Tetradecanoate),Fatty acid oxidation,2181.1,NA,NA
FACOAL150,-0.8598876094522551,0,6.908753278090704,0.5204625981582504,Fatty-Acid- Coenzyme A Ligase,Fatty acid oxidation,2182.1 or 2180.1 or 2181.2 or 2181.1,NA,PMID:15292367
FACOAL180i,0.8134288303418762,0,0.16238684178919066,1.578362729398589,C180 Fatty Acid Activation,Fatty acid oxidation,2181.2 or 51703.1 or 2181.1 or 2180.1,NA,NA
FACOAL1812,0.6178996389085597,0,0.08306828859655652,0.3517299846072601,Fatty-Acid- Coenzyme A Ligase,Fatty acid oxidation,2180.1,NA,PMID:15292367
FACOAL1813,0.4721039123332154,0,0.17418440514449898,0.4857348828137275,Fatty-Acid- Coenzyme A Ligase,Fatty acid oxidation,2180.1,NA,PMID:15292367
FACOAL1821,-0.47631683488482635,0,1.0183302320625531,0.36122489865164387,Fatty-Acid- Coenzyme A Ligase,Fatty acid oxidation,2180.1 or 2182.1 or 81616.1 or 2181.1,NA,PMID:15292367
FACOAL184,-0.3853118264238217,0,0.6074643280216402,0.2695430235864198,Fatty-Acid- Coenzyme A Ligase,Fatty acid oxidation,2180.1,NA,PMID:15292367
FACOAL191,-0.4940710321856711,0,0.3206748573715249,0.1085883442614133,Fatty-Acid- Coenzyme A Ligase,Fatty acid oxidation,11001.1,NA,PMID:11591435
FACOAL200,-0.830625207241726,0,1.1085797080903441,0.10256903355807248,Fatty-Acid- Coenzyme A Ligase,Fatty acid oxidation,2180.1,NA,PMID:15292367
FACOAL204,0.47930796072720777,0,0.1275696980300396,0.36243087201211316,Fatty-Acid- Coenzyme A Ligase,Fatty acid oxidation,2181.2 or 2181.1 or 2180.1 or 2182.1 or 2182.2 or 81616.1,NA,PMID:15292367
FACOAL2042,0.33113974646885763,0,0.12223165455560665,0.2432607002683013,Fatty-Acid- Coenzyme A Ligase,Fatty acid oxidation,2180.1,NA,PMID:15292367
FACOAL224,-0.3940403650458168,0,0.44629607355732154,0.19399539109141334,Fatty-Acid- Coenzyme A Ligase,Fatty acid oxidation,2180.1,NA,PMID:15292367
FACOAL2251,-0.3906935811780916,3.932168936779796e-7,3.568685411986895,1.563552861470543,Fatty-Acid- Coenzyme A Ligase,Fatty acid oxidation,2180.1,NA,PMID:15292367
FACOAL241,0.5183994741504441,0,0.13338321406443102,0.4205331830538635,Fatty-Acid- Coenzyme A Ligase,Fatty acid oxidation,2180.1,NA,PMID:15292367
FACOAL40im,0.517308871951347,0,1.1318741182564707,3.5579743271965527,"Fatty-Acid- Coenzyme A Ligase (Butanoate), Mitochondrial",Fatty acid oxidation,116285.1,NA,"PMID:11470804,PMID:3297476"
FACOAL80i,-0.7579016585356493,0,2.000877289863215,0.27556096269519814,Fatty-Acid- Coenzyme A Ligase (Octanoate),Fatty acid oxidation,2181.1 or 2181.2,NA,NA
FADH2tru,-0.5338375207808082,0,706.6718669151306,214.77105952390386,"Transport of FADH2, Endoplasmic Reticulum","Transport, endoplasmic reticular",NA,NA,NA
FADtru,-0.5338375207808082,0,706.6718669151306,214.77105952390386,"Transport of FAD, Endoplasmic Reticulum","Transport, endoplasmic reticular",NA,NA,NA
FAH1,0.89945735605227,0,1.0698748808183511,20.21213718511767,Fatty Acid Omega-Hydroxylase,Cytochrome metabolism,1579.1,NA,"PMID:11996015,PMID:7679927,PMID:8274222"
FAH2,0.7125266652783375,0,1.3591955785588874,8.09695505798546,Fatty Acid Omega-Hydroxylase,Cytochrome metabolism,1579.1,NA,"PMID:11996015,PMID:7679927,PMID:8274222"
FAH3,-0.5151051608040714,0,2.3108055304193558,0.7395510919460561,Fatty Acid Omega-Hydroxylase,Cytochrome metabolism,1579.1,NA,"PMID:11996015,PMID:7679927,PMID:8274222"
FALDH,0.5653000373516556,0,1.5856383783847094,5.709684900340438,Formaldehyde Dehydrogenase,Tyrosine metabolism,128.1,NA,"PMID:4436331,PMID:8460164"
FAOXC11,0.363405694004038,0,0.3865286061048566,0.827835400812002,Beta Oxidation of Long Chain Fatty Acid,Fatty acid oxidation,34.1,NA,PMID:9819701
FAOXC16080x,-0.4607741519089396,0,3.6819118948266305,1.3591300622960472,Beta Oxidation of Long Chain Fatty Acid,Fatty acid oxidation,(51.1 and 3295.1 and 30.1) or (51.1 and 30.1 and 1962.1) or (30.1 and 51.2 and 1962.1) or (3295.1 and 30.1 and 51.2),NA,NA
FAOXC170m,-0.33542230131052636,0,0.17751583685107836,0.08834139299579766,Beta Oxidation of Long Chain Fatty Acid (Odd Chain),Fatty acid oxidation,34.1,NA,PMID:2565344
FAOXC180,-0.4356024145218268,0,120.05457029682398,47.19865954231918,Beta Oxidation of Long Chain Fatty Acid,Fatty acid oxidation,34.1 or 34.1 or 35.1 or 35.1,NA,"PMID:2565344,PMID:3035565"
FAOXC180x,-0.591879316426091,0,25.570918879798054,6.555786475237296,Beta Oxidation of Long Chain Fatty Acid,Fatty acid oxidation,(51.1 and 3295.1 and 30.1) or (51.1 and 30.1 and 1962.1) or (30.1 and 51.2 and 1962.1) or (3295.1 and 30.1 and 51.2),NA,NA
FAOXC1811601m,0.7159730346757657,0,0.9894037391435022,5.977566724481575,Beta Oxidation Fatty Acid,Fatty acid oxidation,35.1 or 34.1,NA,NA
FAOXC1811603m,-0.6134015444406575,0,2.0437323128154734,0.4897130280020294,Beta Oxidation Fatty Acid,Fatty acid oxidation,34.1 or 35.1,NA,NA
FAOXC18280m,0.3970424413679944,0,0.9378378209122283,2.172954331822374,Beta Oxidation of Fatty Acid,Fatty acid oxidation,34.1 or 35.1,NA,NA
FAOXC183803m,0.3327249646623139,0,1.0955566563427375,2.188116786612646,Beta Oxidation of Fatty Acid,Fatty acid oxidation,34.1 or 35.1,NA,NA
FAOXC200180x,-0.44862684565546684,0,21.738160934522863,8.273930860844766,Beta Oxidation of Long Chain Fatty Acid,Fatty acid oxidation,(3295.1 and 30.1 and 51.2) or (51.1 and 30.1 and 1962.1) or (51.1 and 3295.1 and 30.1) or (30.1 and 51.2 and 1962.1),NA,NA
FAOXC204,-0.350988033582602,0,0.35665086702919346,0.1713343677229057,Beta Oxidation of Long Chain Fatty Acid,Fatty acid oxidation,35.1 or 35.1 or 34.1 or 34.1,NA,"PMID:2565344,PMID:3035565"
FAOXC2051843m,0.4382922003663001,0,25.09362479801476,64.25398552314788,Beta Oxidation of Fatty Acid,Fatty acid oxidation,34.1 or 35.1,NA,NA
FAOXC2242046m,-0.4521529111728266,0,2.3020323669058853,0.8684772250167123,Beta Oxidation of Long Chain Fatty Acid,Fatty acid oxidation,34.1 or 35.1,NA,NA
FAOXC2251836m,-0.37205674424911,0,0.3874427756797864,0.17731925373879057,Beta Oxidation of Fatty Acid,Fatty acid oxidation,34.1 or 35.1,NA,NA
FAOXC2452253x,0.4278287179269885,1.79477813515144e-5,0.41839572754719745,1.0440884643588493,Beta Oxidation of Long Chain Fatty Acid,Fatty acid oxidation,(3295.1 and 30.1 and 51.2) or (30.1 and 51.2 and 1962.1) or (51.1 and 30.1 and 1962.1) or (51.1 and 3295.1 and 30.1),NA,NA
FAOXC2452256x,-0.34816192466293316,0,0.5473913479155211,0.26466444138053047,Beta Oxidation of Long Chain Fatty Acid,Fatty acid oxidation,(3295.1 and 30.1 and 51.2) or (51.1 and 3295.1 and 30.1) or (30.1 and 51.2 and 1962.1) or (51.1 and 30.1 and 1962.1),NA,NA
FAOXC246226x,-0.7177471024593718,2.5079985169630785e-16,1.8588642334954726,0.3054406642791269,Beta Oxidation of Long Chain Fatty Acid,Fatty acid oxidation,(3295.1 and 30.1 and 51.2) or (51.1 and 3295.1 and 30.1) or (30.1 and 51.2 and 1962.1) or (51.1 and 30.1 and 1962.1),NA,NA
FAS100COA,0.5703769464406617,0,1.6112795721459996,5.8896194545560405,Fatty Acyl Coenzyme A Synthase (N-C10:0CoA),Fatty acid synthesis,(2194.1) or (2194.1 and 79071.1) and (60481.1) and (54898.1),NA,"PMID:11756679,PMID:15507492,PMID:2669958"
FAS120COA,0.6323376816670081,0,1.2627094694260046,5.6061449465023,Fatty-Acyl Coenzyme A Synthase (N-C12:0CoA),Fatty acid synthesis,(2194.1) or (2194.1 and 79071.1) and (60481.1) and (54898.1),NA,"PMID:11756679,PMID:15507492"
FAS180COA,0.40336079366167726,0,0.6924564582275714,1.6287334698607807,Fatty-Acyl Coenzyme A Synthase (N-C18:0CoA),Fatty acid synthesis,(2194.1) or (2194.1 and 79071.1) and (60481.1) and (54898.1),NA,"PMID:11756679,PMID:15507492,PMID:2669958"
FATP2t,-46.21166023079492,0,0.8521681352987885,-0.8160682340823114,Fatty Acid Electroneutral Transport,"Transport, extracellular",376497.1 or 376497.2,NA,"PMID:12856180,PMID:15522816"
FATP3t,-0.9971643841779421,0,-0.001973791648633778,-1.3901694128572941,Fatty Acid Electroneutral Transport,"Transport, extracellular",376497.1 or 376497.2,NA,"PMID:12856180,PMID:15522816"
FATP7t,1,0,NA,17.15407417354146,Fatty Acid Electroneutral Transport,"Transport, extracellular",10998.1 or 11001.1,NA,"PMID:10479480,PMID:12856180,PMID:15522816"
FATP8t,-1,0,NA,-0.8344266151785851,Fatty Acid Electroneutral Transport,"Transport, extracellular",10998.1 or 11001.1,NA,"PMID:10479480,PMID:12856180,PMID:15522816"
FATP9t,-1,0,NA,-1.4774581697463989,Fatty Acid Electroneutral Transport,"Transport, extracellular",10998.1 or 11001.1,NA,"PMID:10479480,PMID:12856180,PMID:15522816"
FBA5,0.39105944701687617,0,0.32592718914115953,0.7445457414084085,D-Tagatose 1-Phosphate D-Glyceraldehyde-3-Phosphate-Lyase,Galactose metabolism,229.1,NA,"PMID:2996495,PMID:6284103,PMID:6298387"
FDH,0.5519961215435485,0,11.18693136850824,38.75429417200088,Formate Dehydrogenase,Fatty acid oxidation,10840.1,NA,NA
FE3R2e,0.4940324067656103,0,46.04587828456163,135.96529753092528,Fe3+ Reduction (Ascorbate),Heme synthesis,79901.1,NA,"PMID:11230685,PMID:12755454"
FK,-0.4959017666450254,0,0.29929372329903997,0.10085785078498448,Fucokinase,Fructose and mannose metabolism,197258.1,NA,NA
FKYNH,0.40011952283139096,0,2.3143213985002706,5.401620315168073,N-Formyl-L-Kynurenine Amidohydrolase,Tryptophan metabolism,125061.1,NA,NA
FOLR2,1,0.024864692407321958,0,2.740308095240593,Folate Reductase,Folate metabolism,1719.1,NA,NA
FORtr,-0.7429368897233092,0,-1.0448240360777825,-7.084106131717842,"Transport of Formate, Endoplasmatic Reticulum","Transport, endoplasmic reticular",NA,NA,NA
FPGS2,0.6033741745811553,0,0.11751498084266931,0.47505853964642725,Folylpolyglutamate Synthetase,Folate metabolism,2356.1,NA,PMID:10777604
FPGS3,0.6033741745811553,0,0.11751498084266931,0.47505853964642725,Folylpolyglutamate Synthetase,Folate metabolism,2356.1,NA,PMID:10777604
FRUt1r,1,0,0,0.4292352628100107,Transport of D-Fructose via Uniport,"Transport, extracellular",29988.1 or 6514.1 or 155184.1 or 6518.1 or 66035.1,NA,"PMID:10821868,PMID:10860996,PMID:11583593,PMID:11780753,PMID:11882499,PMID:12135767,PMID:12750891,PMID:15033637,PMID:1634504,PMID:1695905,PMID:1701966,PMID:2182619,PMID:3399500,PMID:8419132,PMID:9770484"
FUCASE2ly,-0.613430432345654,0,0.25632756664564366,0.06141475618012191,"Alpha-Fucosidase, Lysosomal",Keratan sulfate degradation,2517.1,NA,"PMID:11870229,PMID:1769200,PMID:2803312,PMID:2983333"
FUCFUCFUCGALACGLC13GALACGLCGAL14ACGLCGALGLUSIDEte,0.5184698369065631,0,-0.16254409568782363,-0.051545235212498416,Blood Group Intracellular Transport,"Transport, extracellular",NA,NA,NA
FUCFUCFUCGALACGLC13GALACGLCGAL14ACGLCGALGLUSIDEtg,-0.5184698369065631,0,0.16254409568782363,0.051545235212498416,Blood Group Intracellular Transport,"Transport, golgi apparatus",NA,NA,NA
FUCFUCGALACGLCGALGLUSIDEte,-0.3662292280592428,0,-0.14762269500121403,-0.31823247389260584,Blood Group Intracellular Transport,"Transport, extracellular",NA,NA,NA
FUCFUCGALACGLCGALGLUSIDEtg,0.3662292280592428,0,0.14762269500121403,0.31823247389260584,Blood Group Intracellular Transport,"Transport, golgi apparatus",NA,NA,NA
FUCtly,-0.4959017666450254,0,0.29929372329903997,0.10085785078498448,L-Fucose Efflux from Lysosome,"Transport, lysosomal",NA,NA,"PMID:1751541,PMID:8993166"
FUMAC,0.6289976263792981,0,1.1580298110865692,5.084678556437209,Fumarylacetoacetase,Tyrosine metabolism,2184.1,NA,NA
FUMm,0.44431567722237886,0,-678.3872527669906,-261.00191743384005,"Fumarase, Mitochondrial",Citric acid cycle,2271.1,NA,"PMID:16774737,PMID:17111171,PMID:17111172"
FUT34g,0.3662292280592428,0,0.14762269500121403,0.31823247389260584,"Fucosyltransferase 3 (Galactoside 3 (4)-L-Fucosyltransferase, Lewis Blood Group Included) 1",Blood group synthesis,2525.1,NA,"PMID:12424536,PMID:12493760,PMID:1977660"
FUT910g,-0.5184698369065631,0,0.16254409568782363,0.051545235212498416,"Alpha- (1, 3)-Fucosyltransferase",Blood group synthesis,10690.1,NA,PMID:10386598
FUT911g,-0.5184698369065631,0,0.16254409568782363,0.051545235212498416,"Alpha- (1, 3)-Fucosyltransferase",Blood group synthesis,10690.1,NA,PMID:10386598
FUT99g,-0.5184698369065631,0,0.16254409568782363,0.051545235212498416,"Alpha- (1, 3)-Fucosyltransferase",Blood group synthesis,10690.1,NA,PMID:10386598
G14T18g,0.6231705704287155,0,0.020138070266118708,0.08674355142160144,"Beta-N-Acetylglucosaminylglycopeptide Beta-1, 4-Galactosyltransferase, Golgi",Keratan sulfate synthesis,8703.1 or 8704.2 or 8704.1 or 2683.1 or 9334.1,NA,"PMID:10747980,PMID:12512857,PMID:1903938,PMID:3094506,PMID:3144273,PMID:9405390,PMID:9435216"
G14T19g,0.6231705704287155,0,0.020138070266118708,0.08674355142160144,"Beta-N-Acetylglucosaminylglycopeptide Beta-1, 4-Galactosyltransferase, Golgi",Keratan sulfate synthesis,9334.1 or 8704.1 or 8703.1 or 8704.2 or 2683.1,NA,"PMID:10747980,PMID:12512857,PMID:1903938,PMID:3094506,PMID:3144273,PMID:9405390,PMID:9435216"
G14T20g,0.6231705704287155,0,0.020138070266118708,0.08674355142160144,"Beta-N-Acetylglucosaminylglycopeptide Beta-1, 4-Galactosyltransferase, Golgi",Keratan sulfate synthesis,8703.1 or 2683.1 or 8704.2 or 8704.1 or 9334.1,NA,"PMID:10747980,PMID:12512857,PMID:1903938,PMID:3094506,PMID:3144273,PMID:9405390,PMID:9435216"
G14T21g,0.6231705704287155,0,0.020138070266118708,0.08674355142160144,"Beta-N-Acetylglucosaminylglycopeptide Beta-1, 4-Galactosyltransferase, Golgi",Keratan sulfate synthesis,8703.1 or 2683.1 or 8704.2 or 8704.1 or 9334.1,NA,"PMID:10747980,PMID:12512857,PMID:3094506,PMID:3144273,PMID:9405390,PMID:9435216"
G14T2g,-0.4468946308442453,0,0.046939097689145864,0.01794343997257381,"Beta-N-Acetylglucosaminylglycopeptide Beta-1, 4-Galactosyltransferase, Golgi",Keratan sulfate synthesis,8703.1 or 2683.1 or 8704.2 or 8704.1 or 9334.1,NA,"PMID:12512857,PMID:1903938,PMID:3094506,PMID:3144273,PMID:9405390,PMID:9435216"
G14T3g,-0.4468946308442453,0,0.046939097689145864,0.01794343997257381,"Beta-N-Acetylglucosaminylglycopeptide Beta-1, 4-Galactosyltransferase, Golgi",Keratan sulfate synthesis,8703.1 or 2683.1 or 8704.2 or 8704.1 or 9334.1,NA,"PMID:12512857,PMID:1903938,PMID:3094506,PMID:3144273,PMID:9405390,PMID:9435216"
G14T4g,-0.4468946308442453,0,0.046939097689145864,0.01794343997257381,"Beta-N-Acetylglucosaminylglycopeptide Beta-1, 4-Galactosyltransferase, Golgi",Keratan sulfate synthesis,8703.1 or 2683.1 or 8704.2 or 8704.1 or 9334.1,NA,"PMID:12512857,PMID:1903938,PMID:3094506,PMID:3144273,PMID:9405390,PMID:9435216"
G14T5g,-0.4468946308442453,0,0.046939097689145864,0.01794343997257381,"Beta-N-Acetylglucosaminylglycopeptide Beta-1, 4-Galactosyltransferase, Golgi",Keratan sulfate synthesis,9334.1 or 2683.1 or 8704.2 or 8704.1 or 8703.1,NA,"PMID:12512857,PMID:1903938,PMID:3094506,PMID:3144273,PMID:9405390,PMID:9435216"
G5SADrm,-2.094114311970742,0,8.901014855670928,-25.171736768883513,"L-Glutamate 5-Semialdehyde Dehydratase, Reversible, Mitochondrial",Arginine and proline metabolism,NA,NA,NA
G6PDH1rer,4.612787151629362,0,-74.29677989510968,115.4266758877933,"Glucose-6-Phosphate Dehydrogenase, Endoplasmic Reticulum",Pentose phosphate pathway,9563.1,NA,"PMID:10349511,PMID:12831846,PMID:2156506"
G6PDH2rer,0.49017430990988253,0,84.93938477188293,248.27012751012444,"Glucose 6-Phosphate Dehydrogenase, Endoplasmic Reticulum",Pentose phosphate pathway,9563.1 or 2539.1,NA,"PMID:10349511,PMID:12831846,PMID:2156506"
G6PPer,-0.550774471904904,0,392.3753161010742,113.66256782036722,"Glucose-6-Phosphate Phosphatase, Edoplasmic Reticular",Glycolysis/gluconeogenesis,57818.1 or 2538.1 or 92579.1,NA,"PMID:10078553,PMID:11297555,PMID:12370122,PMID:12965222,PMID:13129915,PMID:15044018,PMID:8211187,PMID:8407995,PMID:9497333"
G6Pter,18.13388996577441,0,-58.50946290426254,52.393669094543675,Glucose 6-Phosphate Endoplasmic Reticular Transport via Diffusion,"Transport, endoplasmic reticular",2542.1,NA,"PMID:11032333,PMID:11140953,PMID:11879177,PMID:9428641"
GACMTRc,-0.4007418704591308,0,-237.60444154019356,-555.3908632452011,"Guanidinoacetate N-Methyltransferase, Cytosolic",Urea cycle,2593.1 or 2593.2,NA,PMID:2001229
GACPAILter,0.44716914571976313,0,1.5406526594422758,4.0330328449536115,"Glucosaminyl-Acylphosphatidylinositol Flippase, Endoplasmatic Reticulum","Transport, endoplasmic reticular",NA,NA,PMID:14517336
GAL3ST11,-0.8529587081974512,0,1.554700392465407,0.12337304283290206,Galactosylceramide Sulfotransferase,Sphingolipid metabolism,9514.1,NA,PMID:9030544
GALASE10ly,-0.613430432345654,0,0.25632756664564366,0.06141475618012191,"Beta-Galactosidase, Lysosomal",Keratan sulfate degradation,(5476.1 and 2720.1 and 2588.1 and 4758.1) or (5476.1 and 2720.1),NA,"PMID:11550799,PMID:1755850,PMID:1794986,PMID:1953646,PMID:2111707,PMID:3143362,PMID:39554,PMID:7213753,PMID:7575473,PMID:8985184,PMID:9020182,PMID:9054950"
GALASE11ly,-0.613430432345654,0,0.25632756664564366,0.06141475618012191,"Beta-Galactosidase, Lysosomal",Keratan sulfate degradation,(5476.1 and 2720.1 and 2588.1 and 4758.1) or (5476.1 and 2720.1),NA,"PMID:11550799,PMID:1755850,PMID:1794986,PMID:1953646,PMID:2111707,PMID:3143362,PMID:39554,PMID:7213753,PMID:7575473,PMID:8985184,PMID:9020182,PMID:9054950"
GALASE12ly,-0.613430432345654,0,0.25632756664564366,0.06141475618012191,"Beta-Galactosidase, Lysosomal",Keratan sulfate degradation,(5476.1 and 2720.1 and 2588.1 and 4758.1) or (5476.1 and 2720.1),NA,"PMID:11550799,PMID:1755850,PMID:1794986,PMID:1953646,PMID:2111707,PMID:3143362,PMID:39554,PMID:7213753,PMID:7575473,PMID:8985184,PMID:9020182,PMID:9054950"
GALASE13ly,-0.613430432345654,0,0.25632756664564366,0.06141475618012191,"Beta-Galactosidase, Lysosomal",Keratan sulfate degradation,(5476.1 and 2720.1 and 2588.1 and 4758.1) or (5476.1 and 2720.1),NA,"PMID:11550799,PMID:1755850,PMID:1794986,PMID:1953646,PMID:2111707,PMID:3143362,PMID:39554,PMID:7213753,PMID:7575473,PMID:8985184,PMID:9020182,PMID:9054950"
GALASE14ly,-0.613430432345654,0,0.25632756664564366,0.06141475618012191,"Beta-Galactosidase, Lysosomal",Keratan sulfate degradation,(5476.1 and 2720.1 and 2588.1 and 4758.1) or (5476.1 and 2720.1),NA,"PMID:11550799,PMID:1755850,PMID:1794986,PMID:1953646,PMID:2111707,PMID:3143362,PMID:39554,PMID:7213753,PMID:7575473,PMID:8985184,PMID:9020182,PMID:9054950"
GALASE15ly,-0.613430432345654,0,0.25632756664564366,0.06141475618012191,"Beta-Galactosidase, Lysosomal",Keratan sulfate degradation,(5476.1 and 2720.1 and 2588.1 and 4758.1) or (5476.1 and 2720.1),NA,"PMID:11550799,PMID:1755850,PMID:1794986,PMID:1953646,PMID:2111707,PMID:3143362,PMID:39554,PMID:7213753,PMID:7575473,PMID:8985184,PMID:9020182,PMID:9054950"
GALASE3ly,-0.613430432345654,0,0.25632756664564366,0.06141475618012191,"Beta-Galactosidase, Lysosomal",Keratan sulfate degradation,(5476.1 and 2720.1 and 2588.1 and 4758.1) or (5476.1 and 2720.1),NA,"PMID:11550799,PMID:1755850,PMID:1794986,PMID:1953646,PMID:2111707,PMID:3143362,PMID:39554,PMID:7213753,PMID:7575473,PMID:8985184,PMID:9020182,PMID:9054950"
GALASE4ly,-0.613430432345654,0,0.25632756664564366,0.06141475618012191,"Beta-Galactosidase, Lysosomal",Keratan sulfate degradation,(5476.1 and 2720.1 and 2588.1 and 4758.1) or (5476.1 and 2720.1),NA,"PMID:11550799,PMID:1755850,PMID:1794986,PMID:1953646,PMID:2111707,PMID:3143362,PMID:39554,PMID:7213753,PMID:7575473,PMID:8985184,PMID:9020182,PMID:9054950"
GALASE5ly,-0.613430432345654,0,0.25632756664564366,0.06141475618012191,"Beta-Galactosidase, Lysosomal",Keratan sulfate degradation,(5476.1 and 2720.1 and 2588.1 and 4758.1) or (5476.1 and 2720.1),NA,"PMID:11550799,PMID:1755850,PMID:1794986,PMID:1953646,PMID:2111707,PMID:3143362,PMID:39554,PMID:7213753,PMID:7575473,PMID:8985184,PMID:9020182,PMID:9054950"
GALASE6ly,-0.613430432345654,0,0.25632756664564366,0.06141475618012191,"Beta-Galactosidase, Lysosomal",Keratan sulfate degradation,(5476.1 and 2720.1 and 2588.1 and 4758.1) or (5476.1 and 2720.1),NA,"PMID:11550799,PMID:1755850,PMID:1794986,PMID:1953646,PMID:2111707,PMID:3143362,PMID:39554,PMID:7213753,PMID:7575473,PMID:8985184,PMID:9020182,PMID:9054950"
GALASE7ly,-0.613430432345654,0,0.25632756664564366,0.06141475618012191,"Beta-Galactosidase, Lysosomal",Keratan sulfate degradation,(5476.1 and 2720.1 and 2588.1 and 4758.1) or (5476.1 and 2720.1),NA,"PMID:11550799,PMID:1755850,PMID:1794986,PMID:1953646,PMID:2111707,PMID:3143362,PMID:39554,PMID:7213753,PMID:7575473,PMID:8985184,PMID:9020182,PMID:9054950"
GALASE8ly,-0.613430432345654,0,0.25632756664564366,0.06141475618012191,"Beta-Galactosidase, Lysosomal",Keratan sulfate degradation,(5476.1 and 2720.1 and 2588.1 and 4758.1) or (5476.1 and 2720.1),NA,"PMID:11550799,PMID:1755850,PMID:1794986,PMID:1953646,PMID:2111707,PMID:3143362,PMID:39554,PMID:7213753,PMID:7575473,PMID:8985184,PMID:9020182,PMID:9054950"
GALASE9ly,-0.613430432345654,0,0.25632756664564366,0.06141475618012191,"Beta-Galactosidase, Lysosomal",Keratan sulfate degradation,(5476.1 and 2720.1 and 2588.1 and 4758.1) or (5476.1 and 2720.1),NA,"PMID:11550799,PMID:1755850,PMID:1794986,PMID:1953646,PMID:2111707,PMID:3143362,PMID:39554,PMID:7213753,PMID:7575473,PMID:8985184,PMID:9020182,PMID:9054950"
GALFUC12GAL14ACGLCGALGLUSIDEte,0.4257541314744273,0,-0.17956285930513602,-0.07232188763849463,Blood Group Intracellular Transport,"Transport, extracellular",NA,NA,NA
GALFUC12GAL14ACGLCGALGLUSIDEtg,-0.4257541314744273,0,0.17956285930513602,0.07232188763849463,Blood Group Intracellular Transport,"Transport, golgi apparatus",NA,NA,NA
GALGLUSIDEtg,0.5280989830607923,0,-51.69747590261698,-15.964994232748984,Transport of Galactosyl Glucosyl Ceramide,"Transport, golgi apparatus",NA,NA,NA
GALGLUSIDEtl,-0.47295118230377803,0,50.96580877149701,18.236496618941846,Transport of Galactosyl Glucosyl Ceramide,"Transport, lysosomal",NA,NA,NA
GALGT1,0.33946197801847783,0,0.1281698912798529,0.2599073639714377,"Beta-1, 4 N-Acetylgalactosaminyltransferase",Sphingolipid metabolism,2583.1,NA,"PMID:1601877,PMID:8702839"
GALGT3,-0.4554932320449904,0,0.1529137375334548,0.05720573834842017,"Beta-1, 4 N-Acetylgalactosaminyltransferase",Sphingolipid metabolism,2583.1,NA,PMID:1601877
GALOR,-4.792641653943339,0,111.14213805742254,-72.76857908480335,D-Galactose:NADP+ 1-Oxidoreductase,Galactose metabolism,231.1 or 10327.2 or 10327.1,NA,PMID:12704219
GALSIDEtg,-0.8529587081974512,0,1.5547003924654068,0.12337304283290206,Galactocerebroside Intracellular Transport,"Transport, golgi apparatus",NA,NA,NA
GALt1r,5.256976572223011,1.79477813515144e-5,-1.9239595821380624,1.308978988897801,Galactose Transport (Uniport),"Transport, extracellular",29988.1 or 6513.1 or 6515.1 or 6514.1 or 81031.1,NA,"PMID:10421229,PMID:10821868,PMID:10860996,PMID:11247674,PMID:11592815,PMID:11882499,PMID:12135767,PMID:12750891,PMID:1701966,PMID:2182619,PMID:3103217,PMID:3170580,PMID:3399500,PMID:3839598,PMID:7926364,PMID:8504756,PMID:9230074,PMID:9770484"
GAMYe,1,0,NA,65.61456553354562,"Glucoamylase, Extracellular (Glygn5 -> Malt)",Starch and sucrose metabolism,8972.1,NA,PMID:3143729
GAO1g,0.6010014944710999,0,80.22993938223124,321.9266515347242,Ganglioside O-Acetylation,Sphingolipid metabolism,9197.1,NA,NA
GARFT,-0.6687288458905489,0,1.0241613469407551,0.20331350550502003,Phosphoribosylglycinamide Formyltransferase,Purine synthesis,2618.1 or 2618.2,NA,"PMID:12450384,PMID:2183217,PMID:9328467,PMID:9473452"
GASNASE3ly,-0.613430432345654,0,0.25632756664564366,0.06141475618012191,"Glycosylasparaginase, Lysosomal",Keratan sulfate degradation,175.1,NA,"PMID:1703489,PMID:2401370,PMID:8002961"
GBSIDEtl,0.6843299229677908,0,-2.6511905323909435,-0.49687505290667267,Globoside Intracellular Transport,"Transport, lysosomal",NA,NA,NA
GCHOLAt,1.0053993680947608,0,-0.7086893211454153,263.2169342519045,Glycocholate Transport via Bicarbonate Antiport,"Transport, extracellular",6579.1 or 28234.1 or 10599.1,NA,"PMID:12507753,PMID:9007731,PMID:9334206"
GCHOLAte,7.87639945117649,0,-28.474480277767032,36.7562796351023,Bile Acid Intracellular Transport,"Transport, extracellular",NA,NA,NA
GCHOLAtx,-0.7410576773986239,0,6.802503630294471,1.0117161036069737,Bile Acid Intracellular Transport,"Transport, peroxisomal",NA,NA,NA
GD1B2te,0.45665095298138053,0,0.06461693646636558,0.1732299386534919,Transport of Gd1Beta,"Transport, extracellular",NA,NA,NA
GD1B2tg,-0.45665095298138053,0,-0.06461693646636558,-0.1732299386534919,Transport of Gd1Beta,"Transport, golgi apparatus",NA,NA,PMID:8206147
GGH_5THFe,0.659223353910889,0,19.52892848627046,95.08531348360776,"Gamma-Glutamyl Hydrolase (5Thf), Extracellular",Folate metabolism,8836.1,NA,"PMID:11375437,PMID:2867095,PMID:9614206"
GGH_6THFe,0.659223353910889,0,19.52892848627046,95.08531348360776,"Gamma-Glutamyl Hydrolase (6Thf), Extracellular",Folate metabolism,8836.1,NA,"PMID:11375437,PMID:2867095,PMID:9614206"
GGH_7THFe,0.659223353910889,0,19.52892848627046,95.08531348360776,"Gamma-Glutamyl Hydrolase (7Thf), Extracellular",Folate metabolism,8836.1,NA,"PMID:11375437,PMID:2867095,PMID:9614206"
GGT5r,0.992266048832688,0,0.37993362030286043,97.87091179715395,Gamma-Glutamyltransferase 5,Eicosanoid metabolism,2687.1,NA,"PMID:18357468,PMID:18357469,PMID:6120203"
GGT6,-1.0035824698492324,0,654.0711858095169,-1.169500301422924,Gamma-Glutamyltransferase,Eicosanoid metabolism,NA,NA,PMID:12729612
GLACO,0.7652723454975684,0,1.8618853817955823,14.002332967272402,D-Glucuronolactone:NAD+ Oxidoreductase,Vitamin C metabolism,223.1 or 220.1 or 224.1 or 8854.2 or 218.1 or 8854.1 or 216.1 or 221.1 or 8854.3 or 222.1,NA,PMID:3779687
GLACter,-0.7652723454975684,0,-1.8618853817955823,-14.002332967272402,"D-Glucurono-6, 3-Lactone Transport, Endoplasmic Reticulum","Transport, endoplasmic reticular",NA,NA,PMID:3779687
GLAl,0.6559191828686275,1.4096336836061537e-12,0.5121810994664622,2.4649165704155984,"Galactosidase, Alpha",Sphingolipid metabolism,2717.1,NA,"PMID:11775551,PMID:11828341,PMID:15003450,PMID:2836863"
GLCAASE4ly,-0.679282121172257,0,3.4018740706227253,0.6497072899267193,"Beta-Glucuronidase, Lysosomal",Chondroitin sulfate degradation,2990.1,NA,"PMID:3468507,PMID:3924735,PMID:3987656"
GLCAASE5ly,-0.649892272513537,0,5.207250681479648,1.1049804480675374,"Beta-Glucuronidase, Lysosomal",Chondroitin sulfate degradation,2990.1,NA,"PMID:3468507,PMID:3924735,PMID:3987656"
GLCAASE6ly,-0.6436228730268937,0,3.0401556020477787,0.6591791443092516,"Beta-Glucuronidase, Lysosomal",Chondroitin sulfate degradation,2990.1,NA,"PMID:3468507,PMID:3924735,PMID:3987656"
GLCAASE8ly,-0.419987275068004,1.159125012929023e-6,0.578452021789424,0.23627643662119321,"Beta-Glucuronidase, Lysosomal",Hyaluronan metabolism,2990.1 or 8372.1,NA,"PMID:3468507,PMID:3924735,PMID:3987656"
GLCAASE9ly,-0.419987275068004,1.159125012929023e-6,0.578452021789424,0.23627643662119321,"Beta-Glucuronidase, Lysosomal",Hyaluronan metabolism,2990.1,NA,"PMID:3468507,PMID:3924735,PMID:3987656"
GLCMter,1,0,NA,108.03128702637554,Glucose Transport via Membrane Vesicle,"Transport, extracellular",NA,NA,PMID:11882499
GLCt1r,51.930619275289246,0.002123172846353993,-1.0604474555969239,1.0203781168997288,Glucose Transport (Uniport),"Transport, extracellular",66035.1 or 6517.1 or 56606.1 or 154091.1 or 6513.1 or 11182.1 or 29988.1 or 6514.1 or 155184.1 or 56606.2 or 144195.1 or 6515.1 or 81031.1,NA,"PMID:10421229,PMID:10821868,PMID:10860667,PMID:10860996,PMID:10970791,PMID:11247674,PMID:11583593,PMID:11592815,PMID:11780753,PMID:11832379,PMID:11882499,PMID:12135767,PMID:12483288,PMID:12504846,PMID:12750891,PMID:12914765,PMID:14739288,PMID:15033637,PMID:1701966,PMID:2182619,PMID:2656669,PMID:3103217,PMID:3170580,PMID:3399500,PMID:3839598,PMID:7926364,PMID:8504756,PMID:9230074,PMID:9770484"
GLCt2_2,-0.41863960288275004,0,-244.13328149886132,-595.7356972256183,Transport of D-Glucose  via Proton Symport,"Transport, extracellular",6523.1,NA,"PMID:11024018,PMID:11034615,PMID:12748858,PMID:2490366,PMID:8063771"
GLCtg,0.6419020256617674,0,0.21677453183071413,0.9939250384827727,"Glucose Transport, Golgi Apparatus","Transport, golgi apparatus",6513.1,NA,PMID:15384581
GLCURtly,0.6251886468671842,0,-26.619287510254978,-6.139109567607939,Transport of Glucuronate  into Lysososme,"Transport, lysosomal",26503.1,NA,"PMID:10581036,PMID:2768261"
GLNCYSNaEx,0.39400342157603296,0,35.166164335708324,80.89443926428557,L-Cysteine/L-Glutamine Na-Dependent Exchange (Gln-L In),"Transport, extracellular",6510.1,NA,PMID:14530974
GLNtm,-0.7192879269136082,0,11.286545046828687,1.8427800303150899,L-Glutamine Transport via Electroneutral Transporter,"Transport, mitochondrial",NA,NA,NA
GLUDC,0.6140178074834289,0,1.2367514375481021,5.171582737065436,Glutamate Decarboxylase,Glutamate metabolism,2571.1 or 2572.1 or 2571.2,NA,"PMID:1924293,PMID:8088791"
GLUDym,-0.624207236883841,0,269.08395778450665,62.257944497327365,"Glutamate Dehydrogenase (NADP), Mitochondrial",Glutamate metabolism,2747.1 or 2746.1,NA,"PMID:12324473,PMID:3368458"
GluForTx,-0.8329588869971339,0,386.82320389056207,35.251951896788555,Glutamate Formimidoyltransferase,Histidine metabolism,10841.1 or 10841.2,NA,PMID:12815595
GLUNm,-0.7603236334405559,0,10.862872747187316,1.4790313672916913,"Glutaminase, Mitochondrial",Glutamate metabolism,2744.1 or 27165.2 or 27165.1,NA,"PMID:10719215,PMID:12579526"
GLUt2m,3.17812505709393,0,-367.1174215637505,704.2123191850662,"L-Glutamate Reversible Transport via Proton Symport, Mitochondrial","Transport, mitochondrial",83733.1 or 8604.1 or 79751.1 or 10165.1,NA,PMID:14598172
GLUTCOADHm,1,0,NA,1.0343762061040958,"Glutaryl Coenzyme A Dehydrogenase, Mitochondrial",Tryptophan metabolism,2639.1 or 2639.2,NA,NA
GLUtr,-0.992266048832688,0,-0.37993362030286043,-97.87091179715395,Intracellular Transport,"Transport, endoplasmic reticular",NA,NA,NA
GLXO2p,-0.5366187910895635,0,2.9668769368150154,0.8946884091499459,"Glyoxylate Oxidase, Peroxisomal",Glyoxylate and dicarboxylate metabolism,54363.1 or 51179.2 or 51179.1,NA,"PMID:10777549,PMID:4705431,PMID:9038835"
GLXtm,0.3643336084959756,0,-3.42192571715677,-1.5943337898256287,"Glyoxylate Transport, Mitochondrial","Transport, mitochondrial",NA,NA,PMID:15240345
GLXtp,-1,0,NA,-9.03787972397036,"Glyoxylate Transport, Peroxisomal","Transport, peroxisomal",NA,NA,PMID:15240345
GLYAMDTRc,-0.4007418704591308,0,-237.60444154019356,-555.3908632452011,"Glycine Amidinotransferase, Cytosolic",Urea cycle,2628.1,NA,PMID:8547310
GLYBt4_2_r,-0.4001634840348107,0,-51.65070959304329,-120.56524664940983,Betaine Transport (Sodium Symport) (2:1),"Transport, extracellular",6539.1,NA,PMID:12719981
GLYBtm,-0.426630964258196,0,1.258848718165778,0.5059366393710821,Glycine Betaine Transport via Diffusion (Mitochondria to Cytosol),"Transport, mitochondrial",NA,NA,PMID:8443213
GLYCK2,1,0,NA,2.8183358811960324,Glycerate Kinase,Glyoxylate and dicarboxylate metabolism,NA,NA,PMID:9038835
GLYCLTDy,0.61546457876824745,0,7.29775675464893,30.658469651088108,Glycolate Dehydrogenase (NADP),Glyoxylate and dicarboxylate metabolism,9380.1,NA,"PMID:1252411,PMID:15240345,PMID:2689175"
GLYCLTtp,0.39673070996789456,0,6.36883369106017,14.745563465543732,Transport of Glycolate  into Peroxisome,"Transport, peroxisomal",NA,NA,PMID:15240345
GLYCtm,-0.7127218335751744,0,6.10674321097713,1.0242959236496245,Transport of Glycerol,"Transport, mitochondrial",NA,NA,NA
GLYCTO1p,0.39673070996789456,0,6.36883369106017,14.745563465543732,"Glycolate Oxidase, Peroxisome",Glyoxylate and dicarboxylate metabolism,51179.1 or 54363.1 or 51179.2,NA,"PMID:10777549,PMID:4705431,PMID:9038835"
GLYt7_211_r,-0.5552699754704848,2.0303935122063963e-13,-8.816224978113175,-30.831311692881584,"Transport of Glycine   via Sodium And Chloride Symport (2:1:1), Reversible","Transport, extracellular",6536.1 or 6536.2,NA,PMID:12719981
GNDer,0.9431392764504235,0,10.642604803435452,363.6968034580946,"Phosphogluconate Dehydrogenase, Endoplasmic Reticulum",Pentose phosphate pathway,5226.1,NA,PMID:2156506
GPIAT,0.44716914571976313,0,1.5406526594422758,4.0330328449536115,Glucosaminylphosphatidyl Inositol Acetyltransferase,Phosphatidylinositol phosphate metabolism,284098.1,NA,PMID:14517336
GPIMTer_U,0.44716914571976313,0,1.5406526594422758,4.0330328449536115,"Glcn-Acylpi Mannosyltransferase, Endoplasmic Reticulum",Phosphatidylinositol phosphate metabolism,93183.1 and 54965.1,NA,"PMID:11226175,PMID:15635094"
GQ1Btg,0.4554932320449904,0,-0.1529137375334548,-0.05720573834842017,Transport of Gq1B,"Transport, golgi apparatus",NA,NA,PMID:8206147
GSNt,0.9800471150701041,0,1.4322323643002692,142.1291994118452,Guanosine Faciliated Transport in Cytosol,"Transport, extracellular",3177.1 or 2030.1,NA,"PMID:10722669,PMID:12838422"
GT1Atg,-0.524761898524165,0,-0.08801255595277543,-0.2823809612313711,Transport of Gt1A,"Transport, golgi apparatus",NA,NA,PMID:8206147
GTHO,0.4045829692318806,0,135.73405067925452,320.19530190963746,Glutathione Oxidoreductase,Glutamate metabolism,2936.1,NA,PMID:10708558
GTHOm,0.5052320956876316,0,13.04285484032631,39.680269382750986,Glutathione Oxidoreductase,Glutamate metabolism,2936.1,NA,"PMID:10708558,PMID:15149466"
GTHP,0.5330626317072024,0,14.426980549426354,47.367090900343655,Glutathione Peroxidase,Glutathione metabolism,7001.3 or 5052.3 or 2877.1 or 2876.2 or 5052.2 or 2876.1 or 5052.1 or 7001.1 or 2879.1 or 7001.2,NA,"PMID:15802613,PMID:17015272,PMID:17015273"
GTHPe,0.9940180601649459,0,0.09474933067608354,31.583713940001676,"Glutathione Peroxidase, Extracellular",Glutathione metabolism,2878.1 or 257202.1 or 2882.1 or 2877.1 or 2876.1,NA,PMID:3619451
GTHPm,0.8871104618702238,0,2.6269062429998216,43.91250363535345,"Glutathione Peroxidase, Mitochondria",Glutathione metabolism,10935.1 or 10935.2 or 2879.1 or 2876.1,NA,PMID:12427732
GTHRDtr,0.9856420383581626,0,0.7639496631514281,105.65083012360633,Glutathione Transport via Diffusion,"Transport, endoplasmic reticular",NA,NA,NA
GTHS,-0.7959554683304407,0,1.689024749630876,0.19189577363914714,Glutathione Synthetase,Glutathione metabolism,2937.1,NA,NA
GUAD,0.8062503685497509,0,2.047010657501221,19.08346213028162,Guanine Deaminase,Purine catabolism,9615.1,NA,PMID:10075721
GULN3D,-1,0,NA,-945.025335299921,L-Gulonate 3-Dehydrogenase,Pentose phosphate pathway,NA,NA,PMID:6821187
H2CO3Dm,0.5193335557217444,0,49.22361099089384,155.5903991271019,Carboxylic Acid Dissociation,Miscellaneous,763.1 or 11238.1,NA,PMID:10677517
H2ETer,0.6561339976922164,0,0.3919960775898584,1.8879389840856777,"H2 Phosphoethanolaminyl Transferase, Endoplasmic Reticulum",Phosphatidylinositol phosphate metabolism,23556.1 or 23556.2,NA,PMID:10574991
H2O2t,-26.44201549896673,0,20.242396378521622,-18.7671114178172,Hydrogen Peroxide Transport via Diffusion,"Transport, extracellular",NA,NA,PMID:2989289
H2O2tp,1.265725268895661,0,-78.36289874618873,668.1667895982742,Hydrogen Peroxide Peroxisomal Transport via Diffusion,"Transport, peroxisomal",NA,NA,PMID:2989289
H2Otly,1.5504550652293259,8.545189015899416e-8,-7.528500360213964,34.88223306527138,"H2O Transport, Lysosomal","Transport, lysosomal",NA,NA,NA
H2Otm,0.7190334440495929,0,-324.37535147335774,-53.017366040286795,"H2O Transport, Mitochondrial","Transport, mitochondrial",343.1,NA,PMID:15749715
H2Otn,-12.421858701909764,0,612.4771414333344,-719.7236338682175,"H2O Transport, Nuclear","Transport, nuclear",NA,NA,NA
H3ETer,0.3707497760152089,0,0.27856117295590394,0.6068137139750437,"H3 Phosphoethanolaminyl Transferase, Endoplasmic Reticulum",Phosphatidylinositol phosphate metabolism,23556.1 or 23556.2,NA,PMID:10574991
H4ETer,0.5515038501608083,0,0.1814139018765917,0.6275736532747184,"H4 Phosphoethanolaminyl Transferase, Endoplasmic Reticulum",Phosphatidylinositol phosphate metabolism,23556.1 or 23556.2,NA,PMID:10574991
H5MTer_U,0.6561339976922164,0,0.3919960775898584,1.8879389840856777,"H5 Mannosyltransferase, Endoplasmic Reticulum",Phosphatidylinositol phosphate metabolism,55650.1,NA,PMID:15623507
H6MTer_U,0.7531219624865241,0,0.3531072793321514,2.5074734583357494,"H6 Mannosyltransferase, Endoplasmic Reticulum",Phosphatidylinositol phosphate metabolism,80235.1,NA,PMID:15208306
H7ET2er,0.4300267414444939,0,0.259417626346643,0.650862364697463,"H7 Phosphoethanolaminyl Transferase, Endoplasmic Reticulum",Phosphatidylinositol phosphate metabolism,(5281.1 and 54872.1) or (5281.2 and 54872.1),NA,PMID:15632136
HACD9m,-0.9796657449547178,0,-4.952054395625624,-482.1131844929337,"3-Hydroxyacyl Coenzyme A Dehydrogenase (2-Methylacetoacetyl Coenzyme A), Mitochondrial","Valine, leucine, and isoleucine metabolism",3028.1 or 1962.1 or 3033.1,NA,PMID:12872843
HAS1,-0.419987275068004,1.159125012929023e-6,0.578452021789424,0.23627643662119321,Hyaluronan Synthase,Hyaluronan metabolism,3038.2 or 3036.1 or 3038.1 or 3037.1,NA,"PMID:12512858,PMID:8651928,PMID:8798477,PMID:8798544,PMID:9083017"
HAS2,-0.419987275068004,1.159125012929023e-6,0.578452021789424,0.23627643662119321,Hyaluronan Synthase,Hyaluronan metabolism,3038.2 or 3036.1 or 3038.1 or 3037.1,NA,"PMID:12512858,PMID:8651928,PMID:8798477,PMID:8798544,PMID:9083017"
HAtly,-0.419987275068004,1.159125012929023e-6,0.578452021789424,0.23627643662119321,"Hyaluronan Transport, Extracellular to Lysosome","Transport, lysosomal",NA,NA,NA
HBZOPT10m,-0.646605502451145,1.6373733772745877e-7,0.1974725346973275,0.04238155834847967,Hydroxybenzoate Decaprenyltransferase,Ubiquinone synthesis,27235.1,NA,"PMID:15153069,PMID:1965190,PMID:7380842"
HCO3_CLt,-0.9024791230647117,0,196.1833691975668,10.056338580707461,Bicarbonate Transport (Cl-/Hco3- Exchange),"Transport, extracellular",6522.1 or 83697.1 or 6521.1 or 6508.2 or 6508.1,NA,"PMID:11302728,PMID:12027221,PMID:14722772"
HCOUMARINte,-0.7279706431320802,0,-1.1481494817784987,-7.293215045918175,Transport of Xenobiotic,"Transport, extracellular",NA,NA,NA
HEX10,0.3629340200961346,0,0.31679880046524084,0.6777568985003403,Hexokinase (D-Glucosamine:ATP),Aminosugar metabolism,2645.1 or 3099.1 or 3098.3 or 2645.2 or 80201.1 or 3098.2 or 2645.3 or 3098.1 or 3098.4 or 3101.1 or 3098.5,NA,NA
HEX4,-0.480900485761924,0,0.6739149223888534,0.23622715517569523,Hexokinase (D-Mannose:ATP),Fructose and mannose metabolism,3098.2 or 2645.2 or 3098.3 or 2645.3 or 3098.4 or 3099.1 or 3098.5 or 3098.1 or 3101.1 or 80201.1 or 2645.1,NA,NA
HGNTOR,0.6289976263792981,0,1.1580298110865692,5.084678556437209,"Homogentisate:Oxygen 1, 2-Oxidoreductase (Decyclizing)",Tyrosine metabolism,3081.1,NA,NA
HIBDm,-0.5317976425904504,0,639.4285130844116,195.44483481167555,"3-Hydroxyisobutyrate Dehydrogenase, Mitochondrial","Valine, leucine, and isoleucine metabolism",11112.1,NA,PMID:7527207
HISDC,0.5101242567588066,0,15.52460384686522,47.85719882884547,Histidine Decarboxylase,Histidine metabolism,1644.1 or 3067.1,NA,PMID:14466899
HISt4,0.9928441951297523,0,0.189665771542117,52.820659406749996,L-Histidine Transport in via Sodium Symport,"Transport, extracellular",11254.1 or 54407.1,NA,"PMID:10747860,PMID:10930503"
HISTAtu,0.5884030324803539,0,64.48872546971738,248.8698780124098,Histamine Uniport,"Transport, extracellular",6581.1 or 6582.2 or 6582.1 or 6584.1,NA,PMID:12883891
HISTAVESSEC,-0.7952088106868274,0,2.9728854898819015,0.33913645674001613,Histamine Secretion via Secretory Vesicle (ATP Driven),"Transport, extracellular",6570.1 or 6571.1,NA,"PMID:12827358,PMID:15383652"
HKYNH,1,0,NA,13.137285248865373,3-Hydroxy-L-Kynurenine Hydrolase,Tryptophan metabolism,8942.1,NA,PMID:9180257
HMGCOASi,0.3385886944429646,0,95.30841590692997,192.88870169952511,Hydroxymethylglutaryl Coenzyme A Synthase (Ir),Cholesterol metabolism,3157.1 or 3157.2,NA,PMID:1358203
HMGCOAtx,1,0,NA,274.8471176316768,Hydroxymethylglutaryl Coenzyme A Reversible Peroxisomal Transport,"Transport, peroxisomal",NA,NA,PMID:14713247
HOMt4,0.9185653310493267,0,0.14290875511169435,3.366868025543168,L-Homoserine via Sodium Symport,"Transport, extracellular",6541.1 or 84889.1 or 6542.1,NA,"PMID:11591158,PMID:11891586,PMID:12049641,PMID:1348489,PMID:14770310,PMID:7534987,PMID:8954799"
HOXG,0.34320635366944185,0,0.15414873780610774,0.3152490362659213,Heme Oxygenase 1,Heme degradation,3162.1 or 3163.1,NA,PMID:16356137
HPCLx,-0.4940710321856711,0,0.3206748573715249,0.1085883442614133,2-Hydroxyphytanoyl Coenzyme A Lyase,Fatty acid oxidation,26062.1,NA,PMID:10468558
HPDCACRNCPT1,-0.9856459078974046,0,-0.12229185067639155,-16.91700952795671,Carnitine Fatty-Acyl Transferase,Fatty acid oxidation,1375.2 or 1375.3 or 1374.1 or 126129.1 or 1375.1,NA,PMID:1988962
HPDCACRNCPT2,-0.9856459078974046,0,-0.12229185067639155,-16.91700952795671,Carnitine Fatty-Acyl Transferase,Fatty acid oxidation,1376.1,NA,"PMID:11274214,PMID:1528846,PMID:1988962"
HPDCACRNt,0.4152236548338097,0,11.599112643537111,28.071139887764257,Heptadecanoate Transport into the Mitochondria,Fatty acid oxidation,788.1,NA,PMID:14598172
HSD11B1r,2.579207925336034,0,-68.62410127322971,30.27813048597127,11-Beta-Hydroxysteroid Dehydrogenase Type 1,Steroid metabolism,3290.2 or 3290.1,NA,"PMID:11673786,PMID:15466942,PMID:7859916"
HSD11B2r,-0.9059459308802921,0,153.2225497877121,7.561182116942481,11-Beta-Hydroxysteroid Dehydrogenase Type 2,Steroid metabolism,3291.1,NA,"PMID:11673786,PMID:15466942,PMID:7859916"
HSD17B8r,-0.614384732963842,0,147.48003602330684,35.22738558684289,17-Beta-Hydroxysteroid Dehydrogenase,Steroid metabolism,3294.1,NA,PMID:8099587
HSD17B9r,0.9462928154889556,0,2.4947789930280297,90.40821027147175,17-Beta-Hydroxysteroid Dehydrogenase (Type 7),Steroid metabolism,51478.1,NA,PMID:14643063
HSD3A1r,0.3831011466583208,0,62.833859201557935,140.87492988499403,3 Alpha-Hydroxysteroid Dehydrogenase (Type 3),Steroid metabolism,1109.1,NA,"PMID:14643063,PMID:7650035"
HSD3B11r,-0.378500416912956,0,4.813817167373793,2.170318794157449,3 Beta-Hydroxysteroid Dehydrogenase/Delta 5->4-Isomerase Type I,Steroid metabolism,3284.1,NA,PMID:16023337
HSD3B13r,0.6239842762784424,0,0.33814290154909177,1.4604143406979857,3 Beta-Hydroxysteroid Dehydrogenase/Delta 5->4-Isomerase Type I,Steroid metabolism,3284.1,NA,PMID:12205101
HSD3B2r,0.8856874501621592,0,1.086416966474771,17.92141669686176,3 Beta-Hydroxysteroid Dehydrogenase Type 1,Steroid metabolism,3284.1,NA,"PMID:11384872,PMID:14643063"
HSD3B3r,0.9618821554132122,0,1.4083620286825504,72.48679358411431,3 Beta-Hydroxysteroid Dehydrogenase Type 1,Steroid metabolism,3284.1,NA,"PMID:11384872,PMID:14643063"
HXANtx,-0.5357699579661622,0,3.641025848130882,1.100603364297175,Hypoxanthine Diffusion in Peroxisome,"Transport, peroxisomal",NA,NA,NA
ICDHy,0.6340353445772207,0,5.817582550947224,25.975556293165916,Isocitrate Dehydrogenase (NADP),Citric acid cycle,3417.1,NA,PMID:10521434
ICDHyp,0.713132809347895,0,1.4157676205717857,8.454776427030662,Isocitrate Dehydrogenase (NADP+),Citric acid cycle,3417.1,NA,PMID:10521434
IDHPOXOX2b,0.4921467589907791,0,5.018145301831886,14.744041474252008,Iodide:Hydrogen-Peroxide Oxidoreductase 2,Tyrosine metabolism,7173.4 or 7173.1 or 7173.3 or 7173.2 or 7173.5,NA,PMID:2997169
IDHPOXOX4,0.9831045935533289,0,0.5373645374837382,63.07336174837202,Iodide:Hydrogen-Peroxide Oxidoreductase 4,Tyrosine metabolism,7173.4 or 7173.1 or 7173.3 or 7173.2 or 7173.5,NA,"PMID:2997169,PMID:3153466,PMID:3475693"
IDHPOXOXb,0.33567230719879804,0,8.961561516077817,18.01777899068482,Iodide:Hydrogen-Peroxide Oxidoreductase,Tyrosine metabolism,7173.4 or 7173.1 or 7173.3 or 7173.2 or 7173.5,NA,"PMID:2997169,PMID:3153466,PMID:3475693"
IDOAASE4ly,-0.47541714572084004,0,2.037115210886905,0.7242939496276798,"Alpha-L-Iduronidase, Lysosomal",Chondroitin sulfate degradation,3425.1,NA,"PMID:1946389,PMID:2470345"
IDOURtly,0.46456029690745343,0,-2.067761748381844,-0.7559686951486859,"Transport of Iduronate, Lysososmal","Transport, lysosomal",26503.1,NA,"PMID:10581036,PMID:2768261,PMID:9852127"
ILEt4,0.9561752569730828,0,0.07789002343416214,3.476724016690254,Transport of L-Isoleucine  via Sodium Symport,"Transport, extracellular",11254.1 or (340024.1 and 57393.1) or (340024.1 and 59272.1),NA,"PMID:11133652,PMID:12719981"
ILEt5m,2.3510575384963044,0,-63.011695326183364,156.28928496357798,"Transport of Isoleucine, Mitochondrial","Transport, mitochondrial",NA,NA,PMID:11004451
ILETAm,2.3510575384963044,0,-63.011695326183364,156.28928496357798,"Isoleucine Transaminase, Mitochondrial","Valine, leucine, and isoleucine metabolism",587.1,NA,"PMID:6933702,PMID:9165094"
ILEtec,0.8234943250889929,0,-44.79608050214201,-4.336049919986725,Transport of L-Isoleucine  via Diffusion,"Transport, extracellular",8501.1 or 124935.1,NA,"PMID:12930836,PMID:14624363,PMID:15659399"
INSt,1.0357940448537337,0,-5.273532727666665,299.9333147789046,Transport of Inosine (Diffusion),"Transport, extracellular",3177.1 or 2030.1,NA,"PMID:10722669,PMID:12838422"
INSTt2r,-0.9999999926650593,0,130.4356848499775,4.783689975738526e-7,Transport of Inositol via Proton Symport,"Transport, extracellular",114134.1,NA,"PMID:11500374,PMID:12750891"
INSTt4,-1.3153877991785163,0,5.448266123532131,-0.7421290993453935,Transport of Inositol via Sodium Symport,"Transport, extracellular",6526.1,NA,"PMID:12748858,PMID:1372904,PMID:15546855,PMID:7537337,PMID:7789985"
IPDPtx,-2.7305347045521717,0,0.32858655938812686,-0.15242598970508905,"Isopentenyl Diphosphate Transport, Peroxisomal","Transport, peroxisomal",NA,NA,PMID:11111079
It,1.0044013045409605,0,-0.05156164360046387,23.481725641846655,Transport of Iodide via Uniport,"Transport, extracellular",160728.1,NA,PMID:1217270
ITCOAL1m,0.581998999344737,0,-80.8283232354164,-21.35672652617693,"Itaconate- Coenzyme A Ligase (GDP-Forming), Mitochondrial",C5-branched dibasic acid metabolism,8802.1 and 8801.1,NA,PMID:13783048
ITCOALm,-0.5737064822260233,0,83.55198220319748,22.63298068138361,"Itaconate- Coenzyme A Ligase (ADP-Forming), Mitochondrial",C5-branched dibasic acid metabolism,8802.1 and 8803.1,NA,PMID:13783048
KCC2t,-1.1187494675055691,5.678876674878732e-4,0.3167672436490655,-5.651818428349495,K+-Cl- Symporter (NH4+),"Transport, extracellular",6560.1 or 10723.1 or 9990.1,NA,"PMID:10187864,PMID:10347194,PMID:10600773,PMID:121106695,PMID:12657561,PMID:8663127"
KHK3,0.39105944701687617,0,0.32592718914115953,0.7445457414084085,Ketohexokinase (D-Tagatose),Galactose metabolism,3795.1 or 3795.2,NA,"PMID:2996495,PMID:6284103,PMID:6298387"
KSII_CORE2t,-0.4468946308442453,0,0.046939097689145864,0.01794343997257381,"Keratan Sulfate Ii (Core2) Transport, Golgi to Extracellular","Transport, extracellular",NA,NA,NA
KSII_CORE4t,0.6231705704287155,0,0.020138070266118708,0.08674355142160144,"Keratan Sulfate Ii (Core4) Transport, Golgi to Extracellular","Transport, extracellular",NA,NA,NA
KSItly,-0.613430432345654,0,0.25632756664564366,0.06141475618012191,"Keratan Sulfate I Transport, Extracellular to Lysosome","Transport, lysosomal",NA,NA,NA
Kt3g,0.3358335367198734,0,79.23454617808834,159.36390935600102,Potassium Transport via Proton Antiport,"Transport, golgi apparatus",84679.1 or 23315.1,NA,"PMID:11279194,PMID:15522866"
KYN,1,0,NA,84.54853181249946,Kynureninase,Tryptophan metabolism,8942.1,NA,PMID:9180257
LACZe,0.9787724926077784,0,1.248552529683552,116.38678793813438,"B-Galactosidase, Extracellular",Galactose metabolism,3938.1 or 2720.1,NA,PMID:5774109
LCADi_D,-0.7355891566602342,0,40.42421155261695,6.158485046392233,Lactaldehyde Dehydrogenase,Pyruvate metabolism,218.1 or 223.1 or 8854.2 or 224.1 or 222.1 or 8854.1 or 221.1 or 216.1 or 8854.3 or 501.1 or 220.1,NA,"PMID:15987839,PMID:2296157,PMID:6487654"
LCTStg,0.6419020256617674,0,0.21677453183071416,0.9939250384827727,Lactose Transport from Golgi to Extracellular (Via Vesicle),"Transport, extracellular",NA,NA,NA
LCYSTAT,-0.5011282529309096,0,0.48188941216204567,0.16014688449837694,L-Cysteate:2-Oxoglutarate Aminotransferase,Methionine and cysteine metabolism,2805.1,NA,PMID:3346220
LDH_Lm,0.5459331356071015,0,6.840649442615919,23.28993254451975,L-Lactate Dehydrogenase,Pyruvate metabolism,3939.1 or 3945.1 or 197257.1,NA,"PMID:15987839,PMID:9927705"
LEUKTRA4tr,0.992266048832688,0,0.37993362030286043,97.87091179715395,Transport of Leukotriene Intracellular,"Transport, endoplasmic reticular",NA,NA,NA
LEUKTRB4t,0.807820098472436,0,-386.9585666765213,-41.1355418063879,Transport of Leukotriene B4,"Transport, extracellular",387775.1,NA,NA
LEUKTRB4tr,-1,0,NA,-3.889959178590006,"Transport of Leukotriene B4, Endoplasmatic Reticulum","Transport, endoplasmic reticular",NA,NA,NA
LEUKTRC4t,3.767587752208653,0,-8.509710060417651,4.939892155555635,Transport of Leukotriene C4 via Bicarbonate Antiport,"Transport, extracellular",10599.1 or 28234.1,NA,"PMID:10358072,PMID:12507753,PMID:9334206"
LEUKTRD4tr,-0.992266048832688,0,-0.37993362030286043,-97.87091179715395,"Transport of Leukotriene D4, Endoplasmatic Reticulum","Transport, endoplasmic reticular",NA,NA,NA
LEUKTRE4t,-0.9884986926666263,0,137.67648379005195,0.7963090740201324,Transport of Leukotriene E4,"Transport, extracellular",387775.1,NA,NA
LEUKTRF4t,0.9999997147536809,0,1.3574716402217746e-6,9.517889321678194,Transport of Leukotriene F4,"Transport, extracellular",387775.1,NA,NA
LEUt4,0.9959680134279469,5.812020613501756e-7,0.012159918022155762,6.019565537831187,Transport of L-Leucine via Sodium Symport,"Transport, extracellular",81539.1 or 84889.1 or 6520.1 or 6542.1 or 6541.1 or 11254.1 or 55089.1 or (340024.1 and 57393.1) or (340024.1 and 59272.1),NA,"PMID:10391915,PMID:10891391,PMID:11325958,PMID:11342143,PMID:11414754,PMID:11591158,PMID:11891586,PMID:12049641,PMID:1348489,PMID:1376926,PMID:14770310,PMID:7534987,PMID:8954799"
LEUtec,0.9521931281157073,0,-39.01639318656027,-0.9554647455692291,Transport of L-Leucine  via Diffusion,"Transport, extracellular",8501.1 or 124935.1,NA,"PMID:12930836,PMID:14624363,PMID:15659399"
LFORKYNHYD,-0.4753654688990858,0,2.153136166147071,0.7656472967107606,L-Formylkynurenine Hydrolase,Tryptophan metabolism,8942.1,NA,NA
LGNCt,-13.245060030181197,0,0.41468574538277464,-0.4824168539866805,Fatty Acid Transport via Diffusion,"Transport, extracellular",11001.1,NA,"PMID:11788354,PMID:12864740"
LIMNENte,0.45565950492973895,0,2.19645702697942,5.873701437699609,Transport of Xenobiotic,"Transport, extracellular",NA,NA,NA
LINKDEG2ly,-0.5966525313012864,0,5.438989274852723,1.374001239019318,"Degradation of Proteoglycan Linkage Region, Lysosomal",Chondroitin sulfate degradation,NA,NA,PMID:8993162
LINKDEG3ly,-0.6475756911011662,0,8.247406278287619,1.764159591290634,"Degradation of Proteoglycan Linkage Region, Lysosomal",Chondroitin sulfate degradation,NA,NA,PMID:8993162
L_LACtm,0.6443272826674358,0,4.193389597948852,19.386656852608173,"Transport of L-Lactate, Mitochondrial","Transport, mitochondrial",6566.1,NA,NA
LNELDCCPT1,-1.0963708640887861,0,3.9505639001535253,-85.93725017732307,Carnitine O-Palmitoyltransferase,Fatty acid oxidation,1375.1 or 1375.3 or 1375.4 or 126129.1 or 1374.1 or 1375.2,NA,NA
LNELDCCPT2,0.460057905506881,0,3.9505639001535253,10.682723411376402,Carnitine Transferase,Fatty acid oxidation,1376.1,NA,NA
LNELDCt,-1.003523512868944,0,0.19152673595781672,-108.90504252636731,Fatty Acid Transport via Diffusion,"Transport, extracellular",NA,NA,"PMID:11788354,PMID:12864740"
LNLCCPT1,0.42376356454057423,0,-969.6178977352142,-392.4311417035699,Carnitine O-Palmitoyltransferase,Fatty acid oxidation,1375.1 or 1375.3 or 1375.4 or 126129.1 or 1374.1 or 1375.2,NA,NA
LNLNCGCPT1,0.9168060883222072,0,-136.0352528914988,-5.9042512871125314,Carnitine O-Palmitoyltransferase,Fatty acid oxidation,1375.1 or 1375.3 or 1375.4 or 126129.1 or 1374.1 or 1375.2,NA,NA
LPS2e,0.533761963145454,0,89.87209923957586,295.64813778738977,"Lipase, Extracellular",Fatty acid oxidation,3990.1,NA,PMID:14630921
LPS3,0.4797023383721514,0,8.097701375725121,23.029485897767312,Lipase,Triacylglycerol synthesis,11343.1 or 11343.2,NA,PMID:9495531
LPS3e,0.5548291090133574,0,77.81189164889454,271.77022714794873,"Lipase, Extracellular",Fatty acid oxidation,3990.1,NA,PMID:14630921
LSTO1r,0.9988927749126136,0,0.03751194813199836,67.7209746673435,Lathosterol Oxidase,Cholesterol metabolism,6309.1,NA,PMID:10344195
LSTO2r,0.9881629058279674,0,0.17240894194903397,28.95787243342139,Lathosterol Oxidase,Cholesterol metabolism,6309.1 or 1581.1,NA,PMID:10344195
LTA4H,-0.8404437680175232,0,780.2305914829254,67.64165002909749,Leukotriene A-4 Hydrolase,Eicosanoid metabolism,4048.1,NA,PMID:7918238
LTC4CP,1.0035824698496878,0,-654.0711858095169,1.1695003015712544,Leukotriene C4 Carboxypeptidase,Eicosanoid metabolism,NA,NA,PMID:12729612
LTC4Sr,0.992266048832688,0,0.37993362030286043,97.87091179715395,Leukotriene C4 Synthase,Eicosanoid metabolism,4056.1 or 4259.1 or 4056.2 or 4258.1,NA,PMID:11160764
LTDCL,0.6062484728366377,0,35.31993088707291,144.08219685334413,L-Tryptophan Decarboxy-Lyase,Tryptophan metabolism,1644.1,NA,PMID:9924972
LYSt4,0.49801248415029414,0,30.32400815539062,90.49177788686454,Transport of L-Lysine  via Sodium Symport,"Transport, extracellular",11254.1 or 6584.1,NA,"PMID:11133652,PMID:12719981"
LYStm,-0.6989367995885861,0,4.953463561059907,0.8777875628894195,"Transport of Lysine  via Ornithine Carrier, Mitochondrial","Transport, mitochondrial",83884.1 or 10166.1,NA,PMID:14598172
M4BTAer,0.7531219624865241,0,0.3531072793321514,2.5074734583357494,"M4B Transamidase, Endoplasmic Reticulum",Phosphatidylinositol phosphate metabolism,10026.1 and 128869.1 and 8733.1 and 94005.1 and 51604.1,NA,"PMID:10727241,PMID:11483512,PMID:12802054,PMID:15208306,PMID:9356492,PMID:9468317"
M4CET3er,0.7531219624865241,0,0.3531072793321514,2.5074734583357494,"M4C Phosphoethanolaminyl Transferase, Endoplasmic Reticulum",Phosphatidylinositol phosphate metabolism,(84720.2 and 5281.2) or (5281.1 and 84720.1) or (84720.1 and 5281.2) or (84720.2 and 5281.1),NA,"PMID:15208306,PMID:15632136"
MACACI,0.6289976263792981,0,1.1580298110865692,5.084678556437209,Maleylacetoacetate Isomerase,Tyrosine metabolism,2954.1 or 2954.3 or 2954.2,NA,PMID:10373324
MACOXO,-0.9365220130528196,0,42.76120997140635,1.4016858626520217,3-Methylimidazole Acetaldehyde:NAD+ Oxidoreductase,Histidine metabolism,218.1 or 221.1 or 4129.1 or 222.1 or 220.1,NA,PMID:10344773
MAGt,0.47316692286900836,0,8.539204116174579,23.877910476087035,Monoacylglycerol 2 Transport,"Transport, extracellular",NA,NA,PMID:10344773
MALTe,1,0,NA,18.522123140104114,"Alpha-Glucosidase, Extracellular",Starch and sucrose metabolism,8972.1,NA,PMID:3143729
MALTSULtm,0.9034672670361236,0,-148.7006584700227,-7.541228159909761,"Malate:Thiosulfate Antiport, Mitochondrial","Transport, mitochondrial",1468.1,NA,"PMID:14598172,PMID:4441366"
MALTt1r,0.4422269335777781,0,72.16506995325088,186.59633068642617,Maltose Transport (Uniport),"Transport, extracellular",6515.1,NA,"PMID:10421229,PMID:12750891,PMID:3170580,PMID:8504756,PMID:9230074"
MANtly,-0.36928158512280024,0,1.1331601958391722,0.5219561924200737,Mannose Efflux from Lysosome,"Transport, lysosomal",NA,NA,"PMID:1751541,PMID:8993166"
MAOLNOR,0.5016145253278947,0,1.6364895380039328,4.930674318770193,Monoamine Oxidase (L-Normetanephrine),Tyrosine metabolism,4128.1 or 4129.1,NA,"PMID:15035803,PMID:8920635,PMID:9653080"
MAOX,-0.8154163066795153,0,49.91718776212931,5.075364170413674,Methylamine Oxidase,Tyrosine metabolism,8639.1 or 26.1 or 314.2 or 314.1,NA,"PMID:11136547,PMID:14715500,PMID:9131641"
MCLACCYSR,0.4944584274402111,0,78.69106716029346,232.62286400403977,3-Mercaptolactate:Cysteine Reductase,Methionine and cysteine metabolism,NA,NA,PMID:6945862
MCLOR,-0.4944584274402111,0,-78.69106716029346,-232.62286400403977,3-Mercaptolactate:NAD+ Oxidoreductase,Methionine and cysteine metabolism,92483.1 or (3945.1 and 3939.1) or 55293.1 or 3948.2 or 3948.1 or 3945.1 or 160287.1 or 3939.1,NA,PMID:7054184
MCPST,-0.9866251409379962,0,472.29132013349533,3.179678799398779,3-Mercaptopyruvate Sulfurtransferase,Methionine and cysteine metabolism,4357.1,NA,PMID:4828222
MDRPD,0.5582113426050075,0,4.092289375325732,14.433715341300191,5-Methylthio-5-Deoxy-D-Ribulose 1-Phosphate Dehydratase,Arginine and proline metabolism,NA,NA,PMID:2543672
ME2,0.7118877017457494,0,4.482819466300191,26.635737384363882,Malic Enzyme (NADP),Pyruvate metabolism,4199.1,NA,PMID:1993674
ME2m,0.5503112338734781,0,2.4344600655289623,8.392850950036928,"Malic Enzyme (NADP), Mitochondrial",Pyruvate metabolism,4200.1 or 10873.1,NA,PMID:1993674
MELATN23DOX,1,0,NA,10.33382444582581,"Melatonin:Oxygen 2, 3-Dioxygenase (Indole-Decyclizing)",Tryptophan metabolism,3620.1,NA,PMID:4814344
MELATNOX,0.4078982893477819,0,28.412999499287597,67.56037462925464,Melatonin:NADP Oxidoreductase,Tryptophan metabolism,1557.1 or 1543.1 or 1545.1 or 1544.1,NA,PMID:15616152
MERCPLACCYSt,0.4944584274402111,0,78.69106716029346,232.62286400403977,"3-Mercaptolactate-Cysteine Disulfide Transport, Extracellular","Transport, extracellular",NA,NA,NA
METt4,0.9967046541173247,5.0394900645453134e-11,0.005802429032325745,3.5157878615838474,L-Methionine Transport in via Sodium Symport,"Transport, extracellular",81539.1 or 11254.1 or 54407.1 or 6584.1 or (340024.1 and 57393.1) or (340024.1 and 59272.1),NA,"PMID:10747860,PMID:10891391,PMID:10930503,PMID:11325958"
METtec,-0.9539388432487909,1.960931453918745e-4,-0.09260746564865112,-3.92845809937194,L-Methionine Transport via Diffusion (Extracellular to Cytosol),"Transport, extracellular",8501.1 or 124935.1,NA,"PMID:12930836,PMID:14624363,PMID:15659399"
MEVK1x,-0.4402824759746548,0,1.0006529293201247,0.3888702316042238,Mevalonate Kinase (ATP),Cholesterol metabolism,4598.1,NA,PMID:11111079
MHISOR,-0.9365220130528196,0,42.76120997140635,1.4016858626520217,N-Methylhistamine:Oxygen Oxidoreductase (Deaminating),Histidine metabolism,26.1 or 314.1 or 8639.1 or 314.2,NA,"PMID:12072962,PMID:15035803,PMID:8920635,PMID:9653080"
MI1345PP,0.34433859447652265,0,0.2483228506057989,0.5091499806874781,"Inositol-1, 3, 4, 5-Trisphosphate 5-Phosphatase",Inositol phosphate metabolism,3635.1 or 8867.2 or 3636.1 or 27124.2 or 8867.1 or 27124.1 or 3633.1 or 56623.1 or 3632.1,NA,"PMID:10593988,PMID:10764818,PMID:15261714,PMID:2906139,PMID:7721860,PMID:8006039,PMID:8013665,PMID:8530088,PMID:8769125,PMID:9428629,PMID:9824312"
MI134PP,0.560602671260059,0,0.050269978013627405,0.17854332933071418,"Inositol-1, 3, 4-Trisphosphate 1-Phosphatase",Inositol phosphate metabolism,3628.1,NA,"PMID:2906139,PMID:8390685"
MI145PP,0.7802883659721882,0,0.11817270102843831,0.9575345691061928,"Inositol-1, 4, 5-Trisphosphate 5-Phosphatase",Inositol phosphate metabolism,3635.1 or 8867.2 or 3636.1 or 27124.2 or 8867.1 or 27124.1 or 3633.1 or 56623.1 or 3632.1,NA,"PMID:10593988,PMID:10764818,PMID:15261714,PMID:2906139,PMID:7721860,PMID:8006039,PMID:8013665,PMID:8530088,PMID:8769125,PMID:9428629,PMID:9824312"
MI14PP,0.5983249251159466,0,0.5023389219355536,1.9988813595596702,"Inositol-1, 4-Bisphosphate 1-Phosphatase",Inositol phosphate metabolism,3628.1,NA,"PMID:2906139,PMID:8390685"
MI14Ptn,-0.39541482324910626,0,-0.2588496027844227,-0.5974386845848063,"Inositol 1, 4-Bisphosphate Nuclear Transport (Diffusion)","Transport, nuclear",NA,NA,NA
MI34PP,0.560602671260059,0,0.050269978013627405,0.17854332933071418,"Inositol-3, 4-Bisphosphate 4-Phosphatase",Inositol phosphate metabolism,3631.2 or 3631.1 or 8821.1,NA,"PMID:2906139,PMID:7608176,PMID:9295334"
MLTG1e,1,0,NA,61.83166630396396,"Maltodextrin Glucosidase (Maltotriose), Extracellular",Starch and sucrose metabolism,8972.1,NA,PMID:3143729
MMSAD1m,0.5711203654146555,0,2.244366017625382,8.221815337874565,Methylmalonate-Semialdehyde Dehydrogenase,"Valine, leucine, and isoleucine metabolism",4329.1,NA,"PMID:10947204,PMID:1527093"
MTAP,0.5582113426050075,0,4.092289375325732,14.433715341300191,5'-Methylthioadenosine Phosphorylase,Arginine and proline metabolism,4507.1,NA,"PMID:16000004,PMID:2543672,PMID:3091600"
MTHFCm,1.0052054767253442,0,-951.7491833496093,2.470723464401583,"Methenyltetrahydrifikate Cyclohydrolase, Mitochondrial",Folate metabolism,25902.1 or 10797.1,NA,PMID:12937168
MTHFDm,5.852920274953991,0,-350.6551318579033,495.16817225036175,"Methylenetetrahydrofolate Dehydrogenase (NADP), Mitochondrial",Folate metabolism,25902.1 or 10797.1 or 4522.1,NA,"PMID:12937168,PMID:8218174"
N4Tg,-0.45271651052677014,0,0.1695939745772577,0.06389132465123548,"N-Acetylgalactosamine 4-Beta-Galactosyltransferase, Golgi Apparatus",O-glycan metabolism,NA,NA,NA
NABTNO,-0.3922449690067749,0,9.331037430324368,4.073266608182754,N4-Acetylaminobutanal:NAD+ Oxidoreductase,Arginine and proline metabolism,8854.2 or 501.1 or 216.1 or 224.1 or 8854.3 or 223.1 or 8854.1,NA,NA
NACHEX10ly,-0.526455959653008,0,0.1454779583263109,0.04513082721556712,"Beta-N-Acetylhexosaminidase, Lysosomal",Keratan sulfate degradation,3073.1 or 3074.1 or (3073.1 and 3074.1),NA,"PMID:10336991,PMID:11707436,PMID:12706724,PMID:8993162"
NACHEX11ly,-0.5788401577821105,0,0.12119154881266832,0.032328170349926584,"Beta-N-Acetylhexosaminidase, Lysosomal",Keratan sulfate degradation,3073.1 or (3073.1 and 3074.1),NA,"PMID:10336991,PMID:11707436,PMID:12706724,PMID:8993162"
NACHEX12ly,-0.5719489930891928,0,0.11890486700833426,0.032378498458458034,"Beta-N-Acetylhexosaminidase, Lysosomal",Keratan sulfate degradation,3073.1 or 3074.1 or (3073.1 and 3074.1),NA,"PMID:10336991,PMID:11707436,PMID:12706724,PMID:8993162"
NACHEX16ly,-0.3313317060489962,0,0.05210958318388002,0.026172309971847562,"Beta-N-Acetylhexosaminidase, Lysosomal",Keratan sulfate degradation,(3073.1 and 3074.1) or 3073.1 or 3074.1,NA,"PMID:10336991,PMID:11707436,PMID:12706724,PMID:8993162"
NACHEX17ly,-0.3521675370755912,0,0.05049173190722322,0.02419092467603499,"Beta-N-Acetylhexosaminidase, Lysosomal",Keratan sulfate degradation,3073.1 or 3074.1 or (3073.1 and 3074.1),NA,"PMID:10336991,PMID:11707436,PMID:12706724,PMID:8993162"
NACHEX1ly,-0.7592592323947658,0,2.4973143033516187,0.3417377901277333,"Beta-N-Acetylhexosaminidase, Lysosomal",Chondroitin sulfate degradation,(3073.1 and 3074.1) or 3073.1 or 3074.1,NA,"PMID:10336991,PMID:11707436,PMID:12706724,PMID:8993162"
NACHEX21ly,-0.613430432345654,0,0.25632756664564366,0.06141475618012191,"Beta-N-Acetylhexosaminidase, Lysosomal",Keratan sulfate degradation,3073.1 or 3074.1 or (3073.1 and 3074.1),NA,"PMID:10336991,PMID:11707436,PMID:12706724,PMID:8993162"
NACHEX22ly,-0.613430432345654,0,0.25632756664564366,0.06141475618012191,"Beta-N-Acetylhexosaminidase, Lysosomal",Keratan sulfate degradation,(3073.1 and 3074.1) or 3073.1 or 3074.1,NA,"PMID:10336991,PMID:11707436,PMID:12706724,PMID:8993162"
NACHEX27ly,-0.419987275068004,1.159125012929023e-6,0.578452021789424,0.23627643662119321,"Beta-N-Acetylhexosaminidase, Lysosomal",Hyaluronan metabolism,(3073.1 and 3074.1) or 3073.1 or 3074.1,NA,"PMID:10336991,PMID:11707436,PMID:12562784"
NACHEX2ly,-0.5966525313012864,0,5.438989274852723,1.374001239019318,"Beta-N-Acetylhexosaminidase, Lysosomal",Chondroitin sulfate degradation,(3073.1 and 3074.1) or 3073.1 or 3074.1,NA,"PMID:10336991,PMID:11707436,PMID:12706724,PMID:8993162"
NACHEX4ly,-0.7273770392410431,0,2.4670306593324405,0.38935865613093806,"Beta-N-Acetylhexosaminidase, Lysosomal",Chondroitin sulfate degradation,3073.1 or (3073.1 and 3074.1),NA,"PMID:10336991,PMID:11707436,PMID:12706724,PMID:8993162"
NACHEX5ly,-0.7285383913870223,0,2.4846789844924233,0.3902111502863074,"Beta-N-Acetylhexosaminidase, Lysosomal",Chondroitin sulfate degradation,3073.1 or (3073.1 and 3074.1),NA,"PMID:10336991,PMID:11707436,PMID:12706724,PMID:8993162"
NACHEX6ly,-0.5245072978930172,0,1.2323502575762162,0.384369136656158,"Beta-N-Acetylhexosaminidase, Lysosomal",Chondroitin sulfate degradation,(3073.1 and 3074.1) or 3073.1 or 3074.1,NA,"PMID:10336991,PMID:11707436,PMID:12706724,PMID:8993162"
NACHEX7ly,-0.5206575002685373,0,1.2161502562065463,0.38335555755070383,"Beta-N-Acetylhexosaminidase, Lysosomal",Chondroitin sulfate degradation,(3073.1 and 3074.1) or 3073.1 or 3074.1,NA,"PMID:10336991,PMID:11707436,PMID:12706724,PMID:8993162"
NACHEXA10ly,-0.6457663543972605,0,0.1351360181428319,0.0290865858516745,"Beta-N-Acetylhexosaminidase A, Lysosomal",Keratan sulfate degradation,3073.1 or (3073.1 and 3074.1),NA,"PMID:10336991,PMID:11707436,PMID:12706724,PMID:8993162"
NACHEXA11ly,-0.651130127721293,0,0.13742270039661525,0.029036257730774558,"Beta-N-Acetylhexosaminidase A, Lysosomal",Keratan sulfate degradation,3073.1 or (3073.1 and 3074.1),NA,"PMID:10336991,PMID:11707436,PMID:12706724,PMID:8993162"
NACHEXA12ly,-0.7526590162498676,0,0.20181026603776603,0.02848012606551456,"Beta-N-Acetylhexosaminidase A, Lysosomal",Keratan sulfate degradation,3073.1 or (3073.1 and 3074.1),NA,"PMID:10336991,PMID:11707436,PMID:12706724,PMID:8993162"
NACHEXA13ly,-0.7412724699343447,0,0.20216955484809407,0.030039428339605365,"Beta-N-Acetylhexosaminidase A, Lysosomal",Keratan sulfate degradation,3073.1 or (3073.1 and 3074.1),NA,"PMID:10336991,PMID:11707436,PMID:12706724,PMID:8993162"
NACHEXA14ly,-0.7383749523507445,0,0.2039552390274497,0.030695218575667604,"Beta-N-Acetylhexosaminidase A, Lysosomal",Keratan sulfate degradation,3073.1 or (3073.1 and 3074.1),NA,"PMID:10336991,PMID:11707436,PMID:12706724,PMID:8993162"
NACHEXA15ly,-0.7056511904258524,0,0.2042179835573872,0.03524244622298284,"Beta-N-Acetylhexosaminidase A, Lysosomal",Keratan sulfate degradation,3073.1 or (3073.1 and 3074.1),NA,"PMID:10336991,PMID:11707436,PMID:12706724,PMID:8993162"
NACHEXA16ly,-0.6937062245545498,0,0.20583583527788665,0.037223831497586346,"Beta-N-Acetylhexosaminidase A, Lysosomal",Keratan sulfate degradation,3073.1 or (3073.1 and 3074.1),NA,"PMID:10336991,PMID:11707436,PMID:12706724,PMID:8993162"
NACHEXA17ly,-0.7022712051619352,0,0.21136516664187283,0.03696796147652931,"Beta-N-Acetylhexosaminidase A, Lysosomal",Keratan sulfate degradation,3073.1 or (3073.1 and 3074.1),NA,"PMID:10336991,PMID:11707436,PMID:12706724,PMID:8993162"
NACHEXA18ly,-0.6978875212968088,0,0.21218803254105897,0.037755535427441644,"Beta-N-Acetylhexosaminidase A, Lysosomal",Keratan sulfate degradation,3073.1 or (3073.1 and 3074.1),NA,"PMID:10336991,PMID:11707436,PMID:12706724,PMID:8993162"
NACHEXA19ly,-0.6997857003769838,0,0.21508374353433302,0.03798785659341374,"Beta-N-Acetylhexosaminidase A, Lysosomal",Keratan sulfate degradation,3073.1 or (3073.1 and 3074.1),NA,"PMID:10336991,PMID:11707436,PMID:12706724,PMID:8993162"
NACHEXA1ly,-0.49202133288614663,0,0.9045597650109499,0.30796949991742917,"Beta-N-Acetylhexosaminidase A, Lysosomal",Chondroitin sulfate degradation,3073.1 or (3073.1 and 3074.1),NA,"PMID:10336991,PMID:11707436,PMID:12706724,PMID:8993162"
NACHEXA2ly,-0.6514166294937856,0,1.1932648651925615,0.25187604459510005,"Beta-N-Acetylhexosaminidase A, Lysosomal",Chondroitin sulfate degradation,3073.1 or (3073.1 and 3074.1),NA,"PMID:10336991,PMID:11707436,PMID:12706724,PMID:8993162"
NACHEXA3ly,-0.5858480614449054,0,2.7402200149572926,0.7156217918052171,"Beta-N-Acetylhexosaminidase A, Lysosomal",Chondroitin sulfate degradation,3073.1 or (3073.1 and 3074.1),NA,"PMID:10336991,PMID:11707436,PMID:12706724,PMID:8993162"
NACHEXA4ly,-0.5841149886241825,0,2.7225716913948768,0.7147692983011473,"Beta-N-Acetylhexosaminidase A, Lysosomal",Chondroitin sulfate degradation,3073.1 or (3073.1 and 3074.1),NA,"PMID:10336991,PMID:11707436,PMID:12706724,PMID:8993162"
NACHEXA5ly,-0.736091442230429,0,1.8078053499785833,0.27481000771941944,"Beta-N-Acetylhexosaminidase A, Lysosomal",Chondroitin sulfate degradation,3073.1 or (3073.1 and 3074.1),NA,"PMID:10336991,PMID:11707436,PMID:12706724,PMID:8993162"
NACHEXA6ly,-0.7372894701756451,0,1.8240053508038283,0.2758235863040632,"Beta-N-Acetylhexosaminidase A, Lysosomal",Chondroitin sulfate degradation,3073.1 or (3073.1 and 3074.1),NA,"PMID:10336991,PMID:11707436,PMID:12706724,PMID:8993162"
NACHEXA9ly,-0.7438295308518456,0,0.11084960844952936,0.01628392896152743,"Beta-N-Acetylhexosaminidase A, Lysosomal",Keratan sulfate degradation,3073.1 or (3073.1 and 3074.1),NA,"PMID:10336991,PMID:11707436,PMID:12706724,PMID:8993162"
NADPHtru,1,0,NA,9.261769648361206,"Transport of NADPH, Endoplasmic Reticulum","Transport, endoplasmic reticular",NA,NA,NA
NADPHtxu,0.5727339821112502,0,37.75260840962529,138.96450378278493,"Transport of NADPH, Peroxisome","Transport, peroxisomal",NA,NA,PMID:10521434
NADPtru,1,0,NA,9.261769648361206,"Transport of NADP, Endoplasmic Reticulum","Transport, endoplasmic reticular",NA,NA,NA
NADPtxu,0.5727339821112502,0,37.75260840962529,138.96450378278493,"Transport of NADP, Peroxisome","Transport, peroxisomal",NA,NA,PMID:10521434
NADtn,0.9962012588512437,0,0.49543863871523014,260.3481510212198,"Transport of NAD, Nuclear Through Pores","Transport, nuclear",NA,NA,NA
NAGAlby,-0.8178615058906987,0,2.163748327544193,0.21679421712454405,"N-Acetylgalactosaminidase, Beta-",Sphingolipid metabolism,NA,NA,NA
NAIt,-1.0667186995421507,0,2.4091238494873046,-74.62647418813705,Na+ / Iodide Symport,"Transport, extracellular",6528.1,NA,"PMID:10893432,PMID:11034615,PMID:12679487,PMID:12748858,PMID:15546855,PMID:8559252,PMID:8806637,PMID:9341168"
NBAHH_ir,-0.5622727563223199,0,68.12028136948645,19.086361764770746,Nalpha- (Beta-Alanyl)-L-Histidine Hydrolase Ir,Beta-Alanine metabolism,84735.1 or 55748.1,NA,PMID:4026801
NCCt,0.48376716799228936,2.0821671214209118e-7,0.1309617023706436,0.37641285519599915,Na+-Cl- Symport,"Transport, extracellular",6559.1,NA,"PMID:12739168,PMID:8528245,PMID:8670281,PMID:8812482"
NCKt,1,0,NA,2.9517089039578104,Na+/Ca2+-K+ Antiport,"Transport, extracellular",123041.2 or 57419.1 or 9187.1 or 123041.3 or 25769.1 or 123041.1,NA,"PMID:10484410,PMID:10662833,PMID:11294880,PMID:12379639,PMID:14770312,PMID:9478004"
NDP10ex,0.9689704427498734,0,0.5105419548308185,32.39627335776836,"Nucleoside-Diphosphatase (IDP), Extracellular",Nucleotide interconversion,124583.1 or 953.1 or 377841.1 or 956.1,NA,"PMID:12234496,PMID:12600208"
NDP3ex,0.9800471150701041,0,1.4322323643002692,142.1291994118452,"Nucleoside-Diphosphatase (GDP), Extracellular",Nucleotide interconversion,124583.1 or 953.1 or 377841.1 or 956.1,NA,"PMID:12234496,PMID:12600208"
NDP6,0.3592815085119556,0,0.29304277528126926,0.6216889803160713,Nucleoside-Diphosphatase (dCDP),Nucleotide interconversion,79077.1,NA,NA
NDP7er,-0.4674866261504134,0,32.66855748595,11.85458419561727,"Nucleoside-Diphosphatase (UDP), Endoplasmic Reticulum",Nucleotide interconversion,124583.1 or 957.1 or 9583.1,NA,PMID:10369669
NDP7ex,0.7292497819413146,0,0.14930037647610225,0.953563935483501,"Nucleoside-Diphosphatase (UDP), Extracellular",Nucleotide interconversion,124583.1 or 953.1 or 377841.1 or 956.1,NA,PMID:12600208
NDP8,0.9920259310078633,0,0.22042477042259262,55.06496858144104,Nucleoside-Diphosphatase (dUDP),Nucleotide interconversion,1841.1,NA,NA
NDP8ex,0.7292497819413146,0,0.14930037647610225,0.953563935483501,"Nucleoside-Diphosphatase (UTP), Extracellular",Nucleotide interconversion,124583.1 or 953.1 or 377841.1 or 956.1,NA,"PMID:12234496,PMID:12600208"
NDPK1n,-0.8925258817041972,0,-7.699313859922718,-135.57823020388187,"Nucleoside-Diphosphate Kinase (ATP:GDP), Nuclear",Nucleotide interconversion,(4831.1 and 4830.1) or (4830.2 and 4831.1),NA,PMID:15242782
NDPK3n,-0.942113653358386,0,-16.97931541685313,-569.6638708244741,"Nucleoside-Diphosphate Kinase (ATP:CDP), Nuclear",Nucleotide interconversion,(4831.1 and 4830.1) or (4830.2 and 4831.1),NA,PMID:7050910
NDPK4m,0.4484040399949644,0,1.0203012412117847,2.679150223960187,"Nucleoside-Diphosphate Kinase (ATP:dTDP), Mitochondrial",Nucleotide interconversion,4833.1,NA,PMID:9099850
NDPK4n,-1.0002699281438097,0,0.008924635517597198,-66.13493425898254,"Nucleoside-Diphosphate Kinase (ATP:dTDP), Nuclear",Nucleotide interconversion,(4831.1 and 4830.1) or (4830.2 and 4831.1),NA,PMID:7050910
NDPK6m,1.1441556030643192,0,-2.891734118051885,0.19441670888702378,"Nucleoside-Diphosphate Kinase (ATP:dUDP), Mitochondrial",Nucleotide interconversion,4833.1 or 10201.1,NA,PMID:9099850
NDPK6n,9.119361459864601,0,-618.9143170788467,771.3682557631254,"Nucleoside-Diphosphate Kinase (ATP:dUDP), Nuclear",Nucleotide interconversion,(4831.1 and 4830.1) or (4830.2 and 4831.1),NA,PMID:7050910
NDPK7m,-0.4235646319668727,0,2.6987667936201243,1.0927952233307525,"Nucleoside-Diphosphate Kinase (ATP:dCDP), Mitochondrial",Nucleotide interconversion,4833.1,NA,PMID:9099850
NDPK7n,0.5890768597185405,0,-62.689024079426375,-16.21090287631564,"Nucleoside-Diphosphate Kinase (ATP:dCDP), Nuclear",Nucleotide interconversion,(4831.1 and 4830.1) or (4830.2 and 4831.1),NA,PMID:7050910
NDPK8n,-0.8918441577743138,0,-2.9086403139710426,-50.87745674959123,"Nucleoside-Diphosphate Kinase (ATP:dADP), Nuclear",Nucleotide interconversion,(4831.1 and 4830.1) or (4830.2 and 4831.1),NA,PMID:7050910
NH4tn,1.0321958915862648,0,-3.9993507198497653,252.4379261283934,"Transport of Ammonium ion, Nuclear","Transport, nuclear",NA,NA,NA
NIFEDIPINEte,0.5551283358518843,0,3.0915793992571663,10.807167805410177,Transport of Xenobiotic,"Transport, extracellular",NA,NA,NA
NKCC2t,-0.7604445643900385,0,-12.663649269652366,-93.06260350693688,Na+-K+-Cl- Symport (NH4+),"Transport, extracellular",6557.1 or 6558.1,NA,"PMID:10617769,PMID:12657561,PMID:12739168,PMID:7629105,PMID:8640224"
NMNATr,-1,0,NA,-260.2810086909771,Nicotinamide-Nucleotide Adenylyltransferase,NAD metabolism,349565.1 or 23057.1 or 23057.2,NA,NA
NORANMT,0.8093949839076601,0,13.687830905385594,129.9372550026834,Noradrenaline N-Methyltransferase,Tyrosine metabolism,5409.1,NA,NA
NOS1,0.7266065927915129,0,3.536107135640951,22.332162123276106,Nitric Oxide Synthase (Intermediate Forming),Arginine and proline metabolism,4846.1 or 201288.1 or 4842.1 or 4843.2 or 4843.1 or 645740.1,NA,"PMID:7545544,PMID:7558036"
NOt,-0.41682918123570956,0,-8.256131716287136,-20.05849394959053,Transport of Nitric Oxide (Diffusion),"Transport, extracellular",NA,NA,NA
NPTHLte,0.3334365363574091,0,1.230269743381435,2.461110929235513,Transport of Xenobiotic,"Transport, extracellular",NA,NA,NA
NRPPHRtu,0.5736236788252355,0,53.84201952279471,198.714310877766,Transport of Norepinephrine via Uniport,"Transport, extracellular",6581.1 or 6582.2 or 6582.1 or 6580.1,NA,PMID:12883891
NTD2e,0.949318466927657,0,0.5714817342543327,21.98039069780484,"5'-Nucleotidase (UMP), Extracellular",Nucleotide interconversion,4907.1,NA,PMID:2840110
NTD2l,0.9930769894567364,0,0.37346223488143043,107.51666231355667,"5'-Nucleotidase (UMP), Lysosomal",Pyrimidine catabolism,53.1 or 55.1 or 51205.1 or 54.1,NA,NA
NTD4e,0.9559150141505777,0,0.4980062851577071,22.095004716760666,"5'-Nucleotidase (CMP), Extracellular",Nucleotide interconversion,4907.1 or 30833.1,NA,PMID:8450671
NTD7e,0.9595881734554634,0,4.79166155141701,232.34988641282916,"5'-Nucleotidase (AMP), Extracellular",Nucleotide interconversion,4907.1 or 30833.1,NA,PMID:14578500
NTD9e,0.9800471150701041,0,1.4322323643002692,142.1291994118452,"5'-Nucleotidase (GMP), Extracellular",Nucleotide interconversion,4907.1 or 30833.1,NA,PMID:16325434
NTP3e,0.9800471150701041,0,1.4322323643002692,142.1291994118452,Nucleoside-Triphosphatase (GTP),Nucleotide interconversion,124583.1 or 953.1 or 377841.1 or 956.1,NA,"PMID:12234496,PMID:12600208"
NTPP9,-0.9579426234284567,0,331.60022678661346,7.122903113857967,Nucleoside Triphosphate Pyrophosphorylase (ITP),Nucleotide interconversion,3704.1 or 3704.2,NA,PMID:11278832
O16G1e,0.7730804082274909,0,8.39738026324883,65.61456553354562,"Oligo-1, 6-Glucosidase (Glygn4 -> Glygn5), Extracellular",Starch and sucrose metabolism,6476.1,NA,NA
O16G2e,-0.7148467840151188,0,72.16506995325088,11.999965227658487,"Oligo-1, 6-Glucosidase (Strch2 ->Strch3), Extracellular",Starch and sucrose metabolism,6476.1,NA,NA
O2ter,-7.220171848369586,0,83.53506567163467,-63.21065707956776,"Transport of Oxygen, Endoplasmic Reticulum","Transport, endoplasmic reticular",NA,NA,NA
O2tm,18.551924007146166,0,-99.17645345035419,110.47737446732931,"Transport of Oxygen, (Diffusion)","Transport, mitochondrial",NA,NA,PMID:2551143
O2tp,-1.6264887759829003,0,340.40912878180666,-81.19680555044869,"Transport of Oxygen, Peroxisomal","Transport, peroxisomal",NA,NA,NA
OAGD3te,0.44828716891159975,0,161.48592467484474,423.9125492242336,Transport of 9-O-Acetylated Gd3,"Transport, extracellular",NA,NA,PMID:8206147
OAGD3tg,-0.6010014944710999,0,-80.22993938223124,-321.9266515347242,"Transport of 9-O-Acetylated Gd3, Golgi Apparatus","Transport, golgi apparatus",NA,NA,PMID:8206147
OCCOAtx,0.40745021047453933,0,-33.714171560010314,-14.193983640226804,Fatty Acid Intracellular Transport,"Transport, peroxisomal",NA,NA,NA
OCDCAtr,0.522979736666404,0,0.11305477658957243,0.36094930784702295,Fatty Acid Transport via Diffusion,"Transport, extracellular",10998.1,NA,"PMID:11788354,PMID:12864740"
OCDCEAtr,-1.1989681282712947,0,0.06562335998117924,-0.7252602631509304,Fatty Acid Transport via Diffusion,"Transport, extracellular",10998.1,NA,"PMID:11788354,PMID:12864740"
OCTAt,-0.7579016585356493,0,2.000877289863215,0.27556096269519814,Octanoate Transport via Diffusion,"Transport, extracellular",NA,NA,NA
OIVD2m,-0.5043704123736937,0,634.9144237007141,209.17878429970742,2-Oxoisovalerate Dehydrogenase (Acylating,"Valine, leucine, and isoleucine metabolism",(1629.1) and (594.1 and 593.1) and (1738.1) or (1629.1) and (1738.1) and (594.2 and 593.1),NA,"PMID:1429740,PMID:2914958"
OIVD3m,0.8051604346634892,0,16.683224947991874,154.5676697989553,2-Oxoisovalerate Dehydrogenase (Acylating,"Valine, leucine, and isoleucine metabolism",(1629.1) and (594.1 and 593.1) and (1738.1) or (1629.1) and (1738.1) and (594.2 and 593.1),NA,"PMID:1429740,PMID:2914958"
OMEPRAZOLEte,0.8285061912163026,0,1.0940481838311398,11.664991825724497,Transport of Xenobiotic,"Transport, extracellular",NA,NA,NA
ONPTHLte,-0.33343653635744275,0,-1.2302697433813417,-2.461110929235513,Transport of Xenobiotic,"Transport, extracellular",NA,NA,NA
ORNt4m,-0.7029646511292039,0,93.34283271098639,16.2810900746011,Ornithine Mitochondrial Transport Exchange with Citruline,"Transport, mitochondrial",10166.1 or 83884.1,NA,PMID:14598172
ORPT,0.5738374540531872,0,117.1605908791542,432.67933284692765,Orotate Phosphoribosyltransferase,Pyrimidine synthesis,7372.1,NA,"PMID:3279416,PMID:6574608,PMID:6893554,PMID:9042911"
OXAHCOtex,0.9305975094495443,0,0.9573179537653923,26.630105672463774,Oxalate Transport via Bicarbonate Antiport,"Transport, extracellular",1836.1 or 10861.1 or 10861.3 or 10861.2 or 1811.1,NA,PMID:12759755
OXAtp,-0.5366187910895635,0,2.9668769368150154,0.8946884091499459,Oxalate Transport Out of Peroxisome,"Transport, peroxisomal",NA,NA,PMID:15240345
P45017A1r,0.7202091548906022,0,0.5374277556415648,3.3042115619810764,Cytochrome P450 17A1,Steroid metabolism,1586.1,NA,PMID:7893148
P45017A2r,0.8049174265031349,0,0.19928485407928093,1.8437972163188039,Cytochrome P450 17A1,Steroid metabolism,1586.1,NA,"PMID:12915666,PMID:7893148"
P45017A3r,0.5433335189679078,0,0.43897331201777123,1.4835383250337006,Cytochrome P450 17A1,Steroid metabolism,1586.1,NA,PMID:7893148
P45017A4r,0.6423350061364268,0,0.5864230247763248,2.692751816695629,Cytochrome P450 17A1,Steroid metabolism,1586.1,NA,PMID:12915666
P45019A1r,0.8720649385610105,0,0.28294134625385486,4.140261223415227,Aromatase,Steroid metabolism,1588.1 or 1588.2,NA,PMID:16322257
P45019A2r,0.6537610589500837,0,0.5519618005306256,2.6363670388361227,Aromatase,Steroid metabolism,1588.1 or 1588.2,NA,PMID:2208160
P45021A1r,-0.7286323807740573,0,4.374843840097702,0.6867804691018151,Steroid 21-Hydroxylase,Steroid metabolism,1589.1,NA,"PMID:16541276,PMID:18381579,PMID:18381580"
P45027A11m,-0.45107540445746125,0,3.2165830588448387,1.216795177687919,"5-Beta-Cholestane-3-Alpha, 7-Alpha, 12-Alpha-Triol 27-Hydroxylase",Bile acid synthesis,1593.1,NA,NA
P45027A15m,0.43495992884409723,0,8.046050957711477,20.433525512862253,"5-Beta-Cytochrome P450, Family 27, Subfamily A, Polypeptide 1",Bile acid synthesis,1593.1,NA,NA
P4502A6,0.7279706431324573,0,1.1481494817766564,7.293215045918175,Cytochrome P450 2A6,Cytochrome metabolism,1553.1 or 1548.1,NA,"PMID:15579107,PMID:9827545"
P4502C18,0.8380445165034653,0,4.610631571134296,52.326391758896406,Cytochrome P450 2C18,Cytochrome metabolism,1562.1,NA,"PMID:15579107,PMID:8110777"
P4502C19,0.8285061912163026,0,1.0940481838311398,11.664991825724497,Cytochrome P450 2C19,Cytochrome metabolism,1557.1,NA,"PMID:15579107,PMID:3442670"
P4502C9,0.6716529427507737,0,1.7511198765861105,8.915154347135362,Cytochrome P450 2C9,Cytochrome metabolism,1559.1,NA,"PMID:15579107,PMID:2827463,PMID:3032244"
P4502C92,0.3370778744041627,0,1.4026945192054006,2.829158559901448,Cytochrome P450 2C9,Limonene and pinene degradation,1559.1 or 1557.1,NA,"PMID:11950794,PMID:11996015"
P4502C93,0.5863995034040724,0,0.7937625062893029,3.044542876911335,Cytochrome P450 2C9,Limonene and pinene degradation,1559.1 or 1557.1,NA,"PMID:11950794,PMID:11996015"
P4502C94,0.8795461572492334,0,0.7916862656342193,12.353369924433737,Cytochrome P450 2C9,Limonene and pinene degradation,1559.1 or 1557.1,NA,"PMID:11950794,PMID:11996015"
P4502D6,0.34454542753179795,0,1.1683596840974038,2.3966766530442802,Cytochrome P450 2D6,Cytochrome metabolism,1565.1,NA,PMID:15579107
P4502F1,0.3334365363574091,0,1.230269743381435,2.461110929235513,Cytochrome P450 2F1,Cytochrome metabolism,1572.1,NA,"PMID:15579107,PMID:1974816"
P45039A1r,0.6051493715257981,0,0.21072263569400493,0.8566310443965548,Oxysterol 7-Alpha-Hydroxylase,Bile acid synthesis,51302.1,NA,NA
P4503A4,0.5551283358518843,0,3.0915793992571663,10.807167805410177,Cytochrome P450 3A4,Cytochrome metabolism,1576.1,NA,"PMID:11726664,PMID:15579107,PMID:3460094"
P4503A43r,0.7201320778162,0,0.9704385026870325,5.96453636056084,Cytochrome P450 P450 3A43,Steroid metabolism,64816.1 or 64816.3 or 64816.2,NA,PMID:15579107
P4503A5,0.6800410417595993,0,1.2259305066652144,6.437117988099002,Cytochrome P450 3A5,Cytochrome metabolism,1577.1,NA,PMID:15579107
P4503A7r,0.5694008791897048,0,1.2087250680573867,4.405429767107281,Cytochrome P450 P450 3A7,Steroid metabolism,1551.1,NA,"PMID:15579107,PMID:2722762"
P45046A1r,0.6051493715257981,0,0.21072263569400493,0.8566310443965548,"Cytochrome P450, Family 46, Subfamily A, Polypeptide 1",Bile acid synthesis,10858.1,NA,NA
P4504F123r,0.8416498464578602,0,0.8879523128516367,10.327096021349528,Cytochrome P450 4F12/4F2,Cytochrome metabolism,66002.1,NA,PMID:15579107
P4507A1r,0.7721177624246923,0,1.2480428419430727,9.705358837998181,"Cytochrome P450, Family 7, Subfamily A, Polypeptide 1",Bile acid synthesis,1581.1,NA,NA
P4508B11r,0.5873597932859411,0,2.142623723583848,8.242325143352861,Sterol 12-Alpha-Hydroxylase,Bile acid synthesis,1582.1,NA,NA
P4508B13r,0.7405407918836129,0,0.7488195722610468,5.023336888843579,Sterol 12-Alpha-Hydroxylase (NADH),Bile acid synthesis,1582.1,NA,NA
P450LTB4r,1,0,NA,46.99081033362448,Cytochrome P450 Leukotriene B4,Eicosanoid metabolism,NA,NA,"PMID:11160764,PMID:2172735,PMID:3001504"
P5CDm,0.9495377540722512,0,6.779597438049317,261.92019241102935,"1-Pyrroline-5-Carboxylate Dehydrogenase, Mitochondrial",Glutamate metabolism,8659.1 or 8659.2,NA,"PMID:8621661,PMID:9700195"
PA_HStg,0.8617121323262655,0,-24.78377235878967,-1.840937152902235,Phosphatidate Scramblase,"Transport, golgi apparatus",NA,NA,PMID:10856717
PA_HStn,-1,0,NA,-0.43491468010010287,"Phosphatidate Transport, Nuclear","Transport, nuclear",NA,NA,NA
PAIL_HStn,0.9441873971109801,0,1.9129083834826945,66.63463408775479,Phosphatidylinositol Nuclear Transport (Diffusion),"Transport, nuclear",NA,NA,NA
PAIL45P_HStn,-1,0,NA,-1.1659027708419278,"Phosphatidylinositol 4, 5-Bisphosphate Nuclear Transport (Diffusion)","Transport, nuclear",NA,NA,NA
PAPStg,-0.33775847000927556,0,2.658589157284051,1.316103161076852,3'-Phosphoadenylyl Sufate Golgi Transport,"Transport, golgi apparatus",347734.1,NA,PMID:12716889
PAPtg,-0.33775847000927556,0,2.658589157284051,1.316103161076852,"Adenosine 3', 5'-Bisphosphate Golgi Transport","Transport, golgi apparatus",NA,NA,NA
PCHOL_HStg,0.3795758736931956,0,27.320872663247584,60.75072708539665,Phosphatidylcholine Scramblase,"Transport, golgi apparatus",NA,NA,PMID:10856717
PCHOLP_hs,-0.8577293212931111,0,318.89835296592713,24.422225883473082,Choline Phosphatase,Glycerophospholipid metabolism,5338.1 or 5337.1,NA,"PMID:9395408,PMID:9582313"
PCHOLPg_hs,-0.8617121323262648,0,24.78377235878967,1.8409371529022465,Choline Phosphatase,Glycerophospholipid metabolism,5337.1,NA,"PMID:11481335,PMID:8530346"
PCHOLPm_hs,-0.426630964258196,0,1.258848718165778,0.5059366393710821,Choline Phosphatase,Glycerophospholipid metabolism,5337.1,NA,"PMID:11481335,PMID:8530346"
PCHOLPr_hs,0.7967203334404938,0,38.11325316208601,336.870175403595,Choline Phosphatase,Glycerophospholipid metabolism,5337.1,NA,"PMID:11481335,PMID:8530346"
PCm,0.7512742072201526,0,13.25467286489359,93.32593316518218,Pyruvate Carboxylase,Pyruvate metabolism,5091.1 or 5091.2,NA,PMID:6548474
PCRNtc,1,0,NA,41.288949287877976,Transport into the Cytosol from Peroxisome (Carnitine),Fatty acid oxidation,NA,NA,PMID:7654220
PDE4,-0.4840605549915254,0,0.36478253805397004,0.12681807329177536,"3', 5'-Cyclic-Nucleotide Phosphodiesterase",Nucleotide interconversion,(5139.1) or (5146.1) or (5152.17) or (50940.1) or (5152.6) or (5136.1) or (5152.11) or (5152.2) or (8654.2) or (10846.1) or (5152.10) or (5145.1 and 5158.1 and 5149.1) or (5140.1) or (5152.12) or (5152.15) or (5137.1) or (5136.2) or (5138.1) or (5152.5) or (5153.1) or (5152.20) or (5152.19) or (5152.16) or (8654.3) or (5152.14) or (5152.13) or (5152.7) or (5152.3) or (5140.2) or (8654.1) or (5152.18) or (5145.1 and 5146.1 and 5158.1 and 5147.1 and 5148.1) or (5152.4),NA,"PMID:10952971,PMID:12038792,PMID:12135876,PMID:12154085,PMID:12565835,PMID:14527714,PMID:14604994,PMID:15147193,PMID:15272012,PMID:15480303,PMID:8786098,PMID:8884271,PMID:9210593,PMID:9419816,PMID:9624146,PMID:9716380"
PDHm,0.6557550097204716,0,15.003864671999775,72.16582607537508,Pyruvate Dehydrogenase,Glycolysis/gluconeogenesis,(1738.1 and 8050.1) and (5161.1 and 5162.1) and (1737.1) or (1738.1 and 8050.1) and (5160.1 and 5162.1) and (1737.1),NA,"PMID:12372595,PMID:16436377"
PE_HStm,-3.635591344855934,0,0.7115732310568484,-0.4045689340337842,Phosphatidylethanolamine Scramblase,"Transport, mitochondrial",NA,NA,NA
PEPCK,0.5558730607319038,0,0.6731856541091791,2.3583154532929638,Phosphoenolpyruvate Carboxykinase (GTP),Glycolysis/gluconeogenesis,5105.1,NA,"PMID:17211624,PMID:17888579,PMID:17888580,PMID:8325643"
PERILLYLte,-0.5863995034039137,0,-0.793762506289687,-3.044542876911335,Transport of Xenobiotic,"Transport, extracellular",NA,NA,NA
PEROXx,0.4495060160043767,0,0.3972074305357437,1.045887106675045,Peroxisomal Lumped Long Chain Fatty Acid Oxidation,Fatty acid oxidation,3295.1 and 8310.1 and 30.1 and 1962.1,NA,"PMID:11591435,PMID:12814641,PMID:15599942,PMID:1679347,PMID:7487879,PMID:8188243"
PEt,0.4347971500456634,0,215.09074924793242,546.0191753227234,Phosphatidylethanolamine Transport,"Transport, extracellular",NA,NA,"PMID:11591435,PMID:12814641,PMID:15599942,PMID:1679347,PMID:7487879,PMID:8188243"
PETHCT,-0.46610810636878447,0,3.0354816170300825,1.1053884918574244,Phosphoethanolamine Cytidyltransferase,Glycerophospholipid metabolism,5833.1,NA,NA
PETOHMm_hs,-0.426630964258196,0,1.258848718165778,0.5059366393710821,Phosphatidylethanolamine N-Methyltransferase,Glycerophospholipid metabolism,10400.2 or 10400.1 or 10400.3,NA,PMID:9989271
PETOHMr_hs,0.3310343360479196,0,169.3078641559601,336.870175403595,Phosphatidylethanolamine N-Methyltransferase,Glycerophospholipid metabolism,10400.2 or 10400.1 or 10400.3,NA,PMID:9989271
PGDI,-0.3520801057951042,0,-75.82458234838796,-158.23084032523494,Prostaglandin-H2 D-Isomerase [Precursor],Eicosanoid metabolism,5730.1 or 27306.1,NA,"PMID:9065498,PMID:9353279"
PGESr,0.5658889341821508,0,101.8265621340096,367.3002127947619,Prostaglandin E Synthase,Eicosanoid metabolism,80142.4 or 80142.2 or 9536.1 or 80142.1 or 9536.2 or 80142.3,NA,PMID:11847219
PGISr,0.47139829115524234,0,-662.5259981292248,-238.0133080691727,Prostaglandin I2 Synthase,Eicosanoid metabolism,5740.1,NA,"PMID:2120373,PMID:2491846"
PGLer,0.9431392764504235,0,10.642604803435452,363.6968034580946,"6-Phosphogluconolactonase, Endoplasmic Reticulum",Pentose phosphate pathway,9563.1,NA,"PMID:10349511,PMID:12831846,PMID:2156506"
PGS,-0.6804303955198845,5.191056159920564e-8,8.429983845543005,1.6031408444385422,Prostaglandin G/H Synthase,Eicosanoid metabolism,5743.1 or 5742.1,NA,"PMID:14511332,PMID:1907252"
PGSr,0.3336828848416107,0,0.5601221308391509,1.1211257857958736,Prostaglandin G/H Synthase,Eicosanoid metabolism,5743.1 or 5742.1,NA,"PMID:14511332,PMID:1907252"
PHCDm,0.630763557045297,0,0.7363328909282499,3.2520756477087738,L-1-Pyrroline-3-Hydroxy-5-Carboxylate Dehydrogenase,Arginine and proline metabolism,8659.1 or 8659.2,NA,"PMID:12660328,PMID:15849464,PMID:500817"
PHCHGSm,-1,0,3.8069417116641997,0,"L-1-Pyrroline-3-Hydroxy-5-Carboxylate Spontaneous Conversion to L-4-Hydroxyglutamate Semialdehyde, Mitochondrial",Arginine and proline metabolism,NA,NA,"PMID:12660328,PMID:15849464"
PHEt4,0.9987105660576324,4.730562526347785e-6,0.0017997976303100588,2.7898090955018997,Transport of L-Phenylalanine  via Sodium Symport,"Transport, extracellular",(54407.1) or (84889.1) or (11254.1) or (6542.1) or (81539.1) or (6541.1) or (55089.1) or ((340024.1) and (57393.1 or 59272.1)),NA,"PMID:10747860,PMID:10891391,PMID:10930503,PMID:11325958,PMID:11342143,PMID:11414754,PMID:11591158,PMID:11891586,PMID:12049641,PMID:1348489,PMID:14770310,PMID:7534987,PMID:8954799"
PHETA1m,-0.540426341843003,0,30.215490124335886,9.014545487993816,"Phenylalanine Transaminase, Mitochondrial",Phenylalanine metabolism,6898.1 or 2806.1,NA,NA
PHETHPTOX2,0.6564475973474767,0,5.792072788752658,27.92664228372432,"L-Phenylalanine, Tetrahydrobiopterin:Oxygen Oxidoreductase (4-Hydroxylating)",Phenylalanine metabolism,5053.1,R01518,"PMID:10727395,PMID:9450897"
PI345P5P,0.8164823258331382,0,0.133408000541816,1.3204901174183739,"Phosphatidylinositol-3, 4, 5-Trisphosphate 5-Phosphatase",Inositol phosphate metabolism,3633.1 or 27124.1 or 3635.1 or 3636.1 or 8871.1 or 56623.1 or 8867.2 or 27124.2 or 8867.1 or 3632.1,NA,PMID:10358929
PI34P5K,0.7850738022703619,0,0.1589894601082211,1.3204901174183739,"Phosphatidylinositol 3, 4-Bisphosphate 5-Kinase",Inositol phosphate metabolism,8394.1 or 23396.1 or 8395.1,NA,"PMID:10358929,PMID:1850246,PMID:1851250,PMID:2174884,PMID:8042983"
PI45P5P,0.5281268590815548,0,0.16671973948663507,0.5399097548818507,"Phosphatidylinositol-4, 5-Bisphosphate 5-Phosphatase",Inositol phosphate metabolism,8867.1 or 56623.1 or 4952.1 or 8871.1 or 8867.2 or 4952.2 or 3633.1,NA,"PMID:10764818,PMID:12915445,PMID:7721860,PMID:7761412"
PI45PLC,0.7417554278231773,0,0.16844267912225333,1.1360778976503643,"Phosphatidylinositol 4, 5-Bisphosphate Phospholipase C",Inositol phosphate metabolism,23236.2 or 5336.1 or 9651.1 or 113026.1 or 89869.1 or 84812.1 or 5330.1 or 5335.1 or 51196.1 or 5333.1 or 5332.2 or 5331.1 or 5335.2 or 5334.1 or 5332.1 or 257068.1 or 23236.1 or 23007.1,NA,"PMID:10702670,PMID:10702683,PMID:10760467,PMID:11022047,PMID:11022048,PMID:11118617,PMID:12117804,PMID:12213492,PMID:12416999,PMID:13333955,PMID:15140260,PMID:1644792,PMID:2167438,PMID:7607669,PMID:7612006,PMID:7633416,PMID:7789993,PMID:7835906,PMID:7849701,PMID:7890667,PMID:8530101,PMID:9345909"
PI4P5K,0.38037521937733715,0,0.22303202396865127,0.4968617922358127,Phosphatidylinositol 4-Phosphate 5-Kinase,Glycerophospholipid metabolism,200576.2 or 8396.1 or 200576.3 or 79837.1 or 8394.1 or 23396.1 or 8395.1 or 8396.2 or 5305.1 or 200576.1,NA,"PMID:164238,PMID:7852364,PMID:8841185,PMID:8955136"
PI4PLC,0.5596936934187992,0,0.12531661775101674,0.4439081054833572,Phosphatidylinositol 4-Phosphate Phospholipase C,Inositol phosphate metabolism,23236.1 or 51196.1 or 9651.1 or 113026.1 or 89869.1 or 23007.1 or 5334.1 or 5331.1 or 5333.1 or 257068.1 or 5332.1 or 23236.2 or 5335.1 or 5335.2 or 5336.1 or 5330.1 or 5332.2 or 84812.1,NA,"PMID:10702670,PMID:10702683,PMID:10760467,PMID:11022047,PMID:11022048,PMID:11118617,PMID:12117804,PMID:12213492,PMID:12416999,PMID:13333955,PMID:15140260,PMID:1644792,PMID:2167438,PMID:7607669,PMID:7612006,PMID:7633416,PMID:7789993,PMID:7835906,PMID:7849701,PMID:7890667,PMID:8530101,PMID:9345909"
PI4PLCn,0.39541482324910626,0,0.2588496027844227,0.5974386845848063,"Phosphatidylinositol 4-Phosphate Phospholipase C, Nucleus",Inositol phosphate metabolism,23236.2 or 23236.1,NA,"PMID:10760467,PMID:11118617,PMID:12213492"
PIACGT,0.44716914571976313,0,1.5406526594422758,4.0330328449536115,Phosphatidylinositol N-Acetylglucosaminyltransferase,Phosphatidylinositol phosphate metabolism,(5279.1 and 51227.2 and 5283.1 and 5277.2 and 9091.1 and 8818.1) or (5279.1 and 51227.2 and 5283.1 and 9091.1 and 5277.2 and 8818.1) or (51227.1 and 9091.2 and 5277.3 and 5283.1 and 5279.2 and 8818.1) or (51227.2 and 5277.1 and 5283.1 and 9091.1 and 8818.2 and 5279.2) or (51227.3 and 9091.2 and 5277.3 and 5283.1 and 5279.2 and 8818.1) or (5279.1 and 51227.1 and 9091.2 and 5277.1 and 5283.1 and 8818.2) or (51227.3 and 9091.2 and 5277.1 and 5283.1 and 5279.2 and 8818.1) or (51227.1 and 9091.2 and 5277.1 and 5283.1 and 8818.1 and 5279.2) or (51227.3 and 9091.2 and 5277.3 and 5283.1 and 5279.2 and 8818.2) or (51227.1 and 5277.1 and 5283.1 and 9091.1 and 5279.2 and 8818.1) or (51227.2 and 5283.1 and 9091.1 and 5277.2 and 8818.1 and 5279.2) or (5279.1 and 51227.1 and 9091.2 and 5277.3 and 5283.1 and 8818.2) or (51227.3 and 9091.2 and 5277.1 and 5283.1 and 8818.2 and 5279.2) or (5279.1 and 51227.2 and 5277.3 and 5283.1 and 9091.1 and 8818.2) or (51227.1 and 5277.3 and 5283.1 and 9091.1 and 8818.1 and 5279.2) or (51227.2 and 5277.1 and 5283.1 and 9091.1 and 8818.1 and 5279.2) or (5279.1 and 51227.2 and 9091.2 and 5277.1 and 5283.1 and 8818.1) or (5279.1 and 51227.1 and 9091.2 and 5283.1 and 5277.2 and 8818.2) or (5279.1 and 9091.2 and 51227.2 and 5277.2 and 5283.1 and 8818.2) or (5279.1 and 9091.2 and 51227.2 and 5277.1 and 5283.1 and 8818.2) or (51227.3 and 5283.1 and 5277.2 and 9091.1 and 8818.1 and 5279.2) or (51227.2 and 5277.3 and 5283.1 and 9091.1 and 8818.1 and 5279.2) or (5279.1 and 51227.1 and 5283.1 and 5277.2 and 9091.1 and 8818.2) or (51227.3 and 9091.2 and 5283.1 and 5277.2 and 5279.2 and 8818.1) or (5279.1 and 51227.3 and 9091.2 and 5283.1 and 5277.2 and 8818.2) or (51227.1 and 9091.2 and 5277.3 and 5283.1 and 8818.2 and 5279.2) or (5279.1 and 51227.3 and 5277.3 and 5283.1 and 9091.1 and 8818.2) or (51227.1 and 5283.1 and 5277.2 and 9091.1 and 5279.2 and 8818.2) or (5279.1 and 51227.3 and 5277.1 and 5283.1 and 9091.1 and 8818.1) or (5279.1 and 51227.3 and 9091.2 and 5277.1 and 5283.1 and 8818.2) or (5279.1 and 51227.1 and 5277.3 and 5283.1 and 9091.1 and 8818.1) or (5279.1 and 51227.3 and 9091.2 and 5277.3 and 5283.1 and 8818.2) or (5279.1 and 51227.2 and 5277.3 and 9091.1 and 5283.1 and 8818.1) or (51227.2 and 5277.3 and 9091.1 and 5283.1 and 8818.2 and 5279.2) or (51227.2 and 9091.2 and 5277.2 and 5283.1 and 8818.1 and 5279.2) or (51227.1 and 9091.2 and 5277.1 and 5283.1 and 8818.2 and 5279.2) or (51227.1 and 5277.3 and 5283.1 and 9091.1 and 5279.2 and 8818.2) or (5279.1 and 51227.1 and 9091.2 and 5277.3 and 5283.1 and 8818.1) or (51227.2 and 9091.2 and 5277.3 and 5283.1 and 8818.1 and 5279.2) or (51227.3 and 5277.3 and 9091.1 and 5283.1 and 5279.2 and 8818.2) or (9091.2 and 51227.2 and 5277.3 and 5283.1 and 5279.2 and 8818.2) or (5279.1 and 9091.2 and 51227.2 and 5277.3 and 5283.1 and 8818.2) or (51227.1 and 5277.1 and 5283.1 and 9091.1 and 8818.2 and 5279.2) or (5279.1 and 9091.2 and 51227.2 and 5277.3 and 5283.1 and 8818.1) or (5279.1 and 51227.1 and 9091.2 and 5277.2 and 5283.1 and 8818.1) or (51227.3 and 5277.1 and 9091.1 and 5283.1 and 5279.2 and 8818.2) or (5279.1 and 51227.1 and 9091.1 and 5277.2 and 5283.1 and 8818.1) or (51227.1 and 5283.1 and 9091.1 and 5277.2 and 5279.2 and 8818.1) or (5279.1 and 51227.3 and 9091.2 and 5277.1 and 5283.1 and 8818.1) or (51227.3 and 5279.1 and 9091.2 and 5277.3 and 5283.1 and 8818.1) or (51227.3 and 5277.3 and 5283.1 and 9091.1 and 8818.1 and 5279.2) or (51227.3 and 9091.1 and 5283.1 and 5277.2 and 5279.2 and 8818.2) or (51227.3 and 5277.1 and 5283.1 and 9091.1 and 8818.1 and 5279.2) or (5279.1 and 51227.1 and 5277.3 and 5283.1 and 9091.1 and 8818.2) or (9091.2 and 51227.2 and 5277.1 and 5283.1 and 5279.2 and 8818.1) or (51227.1 and 9091.2 and 5277.2 and 5283.1 and 8818.1 and 5279.2) or (51227.2 and 5283.1 and 5277.2 and 9091.1 and 8818.2 and 5279.2) or (9091.2 and 51227.2 and 5277.1 and 5283.1 and 8818.2 and 5279.2) or (5279.1 and 51227.3 and 5277.1 and 5283.1 and 9091.1 and 8818.2) or (5279.1 and 51227.1 and 9091.2 and 5277.1 and 5283.1 and 8818.1) or (5279.1 and 51227.3 and 5277.3 and 5283.1 and 9091.1 and 8818.1) or (5279.1 and 51227.3 and 5283.1 and 5277.2 and 9091.1 and 8818.1) or (5279.1 and 51227.2 and 5277.1 and 9091.1 and 5283.1 and 8818.2) or (51227.3 and 9091.2 and 5283.1 and 5277.2 and 8818.2 and 5279.2) or (9091.2 and 51227.2 and 5283.1 and 5277.2 and 5279.2 and 8818.2) or (5279.1 and 51227.2 and 5277.1 and 9091.1 and 5283.1 and 8818.1) or (5279.1 and 51227.3 and 9091.2 and 5283.1 and 5277.2 and 8818.1) or (5279.1 and 51227.1 and 5277.1 and 5283.1 and 9091.1 and 8818.1) or (5279.1 and 9091.2 and 51227.2 and 5277.2 and 5283.1 and 8818.1) or (5279.1 and 51227.3 and 9091.1 and 5277.2 and 5283.1 and 8818.2) or (51227.1 and 9091.2 and 5283.1 and 5277.2 and 8818.2 and 5279.2) or (5279.1 and 51227.1 and 5277.1 and 9091.1 and 5283.1 and 8818.2),NA,"PMID:10814524,PMID:10907851,PMID:11331941,PMID:11418246,PMID:12655644,PMID:7680492,PMID:8193350,PMID:8407896,PMID:8806613,PMID:9325057,PMID:9463366"
PIK4,0.3763697225653938,0,0.1816289023874124,0.4008601426748937,Phosphatidylinositol 4-Kinase,Glycerophospholipid metabolism,5298.1 or 55361.1 or 5297.1,NA,"PMID:12324459,PMID:164238,PMID:8662589"
PIter,-2.3352308934032022,0,3.5597420925587415,-8.891766853438504,"Phosphate Transport, Endoplasmic Reticulum","Transport, endoplasmic reticular",2542.1,NA,PMID:11879177
PItn,-1,0,NA,-66.2216676393509,"Phosphate Transport, Nuclear","Transport, nuclear",NA,NA,NA
PItx,0.3513726346449189,0,-5.282811379766464,-2.5356263247302735,"Phosphate Transporter, Peroxisome","Transport, peroxisomal",NA,NA,NA
PLA2_2e,0.5811063264206486,0,8.91333535181647,33.6432173678942,Phospholipase A2,Glycerophospholipid metabolism,5322.1 or 5319.1 or 81579.1 or 64600.1 or 26279.1 or 5320.1 or 8399.1 or 30814.1,NA,"PMID:10455175,PMID:10681567,PMID:11031251,PMID:11112443,PMID:8300559,PMID:9188469,PMID:9272153,PMID:9886417"
PMEVKx,-0.4402824759746548,0,1.0006529293201247,0.3888702316042238,Phosphomevalonate Kinase,Cholesterol metabolism,10654.1,NA,PMID:11111079
PMI12346PH,0.3525157667496072,0,0.13549886270482092,0.2830406344644369,"5-Diphosphoinositol-1, 2, 3, 4, 6-Pentakisphosphate Diphosphohydrolase",Inositol phosphate metabolism,117283.1 or 9807.2 or 9807.1,NA,PMID:11502751
PNTEH,0.5216130032074942,0,0.8560728565649711,2.7229243248165353,(R)-Pantetheine Amidohydrolase,CoA catabolism,(8876.1 and 8875.2 and 55350.3) or (8876.1 and 8875.2 and 55350.2) or (8876.1 and 8875.1 and 55350.1) or (8876.1 and 55350.2 and 8875.1) or (8875.2 and 8876.1 and 55350.1) or (8876.1 and 55350.3 and 8875.1),NA,"PMID:10567687,PMID:11491533"
PPAer,-0.7832824790755986,0,17.3031616906777,2.1028066779984194,"Inorganic Diphosphatase, Endoplasmic Reticulum",Miscellaneous,2538.1 or 92579.1 or 57818.1,NA,NA
PPAm,-0.6288006838292217,0,447.0473438407898,101.88089308726191,Inorganic Diphosphatase,Oxidative phosphorylation,27068.4 or 27068.1 or 27068.3 or 27068.2,NA,"PMID:10542310,PMID:15533045"
PPAP,0.8688343026781334,0,0.22997694417077713,3.2766859847265324,Phosphatidic Acid Phosphatase,Triacylglycerol synthesis,8612.1 or 8611.1 or 8613.1 or 8611.2,NA,NA
PPDOy,1,0.011276282941780274,0,0.01451344926841557,"Propane-1, 2-Diol:NADP+ 1-Oxidoreductase",Pyruvate metabolism,8574.1 or 231.1 or 10327.2 or 10327.1,NA,"PMID:12071861,PMID:1537826,PMID:9823300"
PPItr,-1,0,NA,-27.306160926431044,"Diphosphate Transporter, Endoplasmic Reticulum","Transport, endoplasmic reticular",NA,NA,NA
PPItx,-1,0,NA,-4.452606062288047,"Diphosphate Transporter, Peroxisome","Transport, peroxisomal",NA,NA,NA
PRAGSr,-0.6687288458905489,0,1.0241613469407551,0.20331350550502003,Phosphoribosylglycinamide Synthase,Purine synthesis,2618.1 or 2618.2,NA,NA
PRASCS,-0.6687288458905489,0,1.0241613469407551,0.20331350550502003,Phosphoribosylaminoimidazolesuccinocarboxamide Synthase,Purine synthesis,10606.1,NA,NA
PRDX,0.7216052505952112,0,32.97426966378009,203.91431917835473,Peroxidase (Multiple Substrates),Miscellaneous,8288.1 or 9588.1,NA,PMID:10464338
PRGNLONEtr,-0.45107072949503546,0,87.00037319476381,32.91159446657749,"Transport of Pregnenolone, Endoplasmatic Reticulum","Transport, endoplasmic reticular",NA,NA,NA
PRISTANALtx,-0.4940710321856711,0,0.3206748573715249,0.1085883442614133,"Transport of Pristanal, Peroxisomal","Transport, peroxisomal",NA,NA,NA
PROD2m,0.5674123567807179,0,96.18188627938032,348.4997304381132,"Proline Dehydrogenase, Mitochondrial",Arginine and proline metabolism,5625.1,NA,PMID:10192398
PROSTGD2t,1.0350644693758264,0,-0.16387013686099286,9.510661334788852,Prostaglandin Transport via Bicarbonate Antiport,"Transport, extracellular",6578.1,NA,"PMID:12507753,PMID:8787677,PMID:9334206"
PROSTGE1t,1.0009408037027514,0,-0.007748739592055786,16.48034460501189,Prostaglandin Transport via Bicarbonate Antiport,"Transport, extracellular",6578.1,NA,"PMID:12507753,PMID:8787677,PMID:9334206"
PROSTGE1t3,0.8640438181036115,0,0.2539711600803421,3.482102573939233,Prostaglandine E1 Transport (ATP-Dependent),"Transport, extracellular",10257.1,NA,"PMID:11447229,PMID:12637526,PMID:12835412"
PROSTGE2t,0.9976710985936407,0,0.6508275370129384,558.2629463442981,Prostaglandin Transport via Bicarbonate Antiport,"Transport, extracellular",28231.1 or 6578.1 or 28232.1 or 6579.1,NA,"PMID:12507753,PMID:8787677,PMID:9334206"
PROSTGE2t2,1.7673145709101494,0,-2.749226877592504,9.91506728208661,Prostaglandin Uniport,"Transport, extracellular",6582.2 or 6582.1 or 6580.1,NA,"PMID:12827517,PMID:12883891,PMID:9187257"
PROSTGF2t,1.9065216460456968,0,-0.018568763480416237,0.0595358238069166,Prostaglandin Uniport,"Transport, extracellular",6582.2 or 6582.1 or 6580.1,NA,"PMID:12827517,PMID:12883891,PMID:9187257"
PROSTGI2tr,-0.47139829115524234,0,662.5259981292248,238.0133080691727,"Prostaglandin I2 Transport, Endoplasmatic Reticulum","Transport, endoplasmic reticular",NA,NA,"PMID:12827517,PMID:12883891,PMID:9187257"
PROt4,0.3643561020503571,1.1204028991108694e-11,1.5631412739619612,3.35515111900866,Na+/Proline-L Symporter,"Transport, extracellular",55089.1 or 81539.1 or 54407.1 or (340024.1 and 57393.1) or (340024.1 and 59272.1),NA,"PMID:10747860,PMID:10891391,PMID:10930503,PMID:11325958,PMID:11342143,PMID:11414754"
PROtm,1,0,NA,288.56022881639007,"Transport of L-Proline, Mitochondrial","Transport, mitochondrial",NA,NA,NA
PSDm_hs,0.36209172463319866,0,0.29401136580004095,0.6277868837397774,Phosphatidylserine Decarboxylase,Glycerophospholipid metabolism,23761.1,NA,"PMID:15052331,PMID:9370338"
PSFLIP,0.7954309367722247,0,0.23038561339973967,2.0220137451799016,Phosphatidylserine Flippase,"Transport, extracellular",10396.1 or 57194.1,NA,"PMID:10198212,PMID:10856717,PMID:11353404"
PSFLIPm,0.36209172463319866,0,0.29401136580004095,0.6277868837397774,Phosphatidylserine Flippase,"Transport, mitochondrial",10396.1 or 57194.1,NA,"PMID:10198212,PMID:10856717,PMID:11353404"
PSSA2_hs,0.8142627207926536,0,0.18543234542311313,1.8112841588184185,Phosphatidylserine Synthase Homo Sapiens,Glycerophospholipid metabolism,81490.1,NA,NA
PTDCACRNCPT1,-0.962817100276222,0,6.590091717027916,0.12484032233582247,Carnitine Fatty-Acyl Transferase,Fatty acid oxidation,1375.1 or 1375.4 or 1375.3 or 1374.1 or 126129.1 or 1375.2,NA,PMID:1988962
PTDCACRNCPT2,-0.9628171002762291,0,6.590091717027916,0.12484032233579846,Pentadecanoate Transport into the Mitochondria,Fatty acid oxidation,1376.1,NA,"PMID:11274214,PMID:1528846,PMID:1988962"
PTDCACRNt,0.9853748449639145,0,0.5251887095808982,71.29472817814725,Pentadecanoate Transport into the Mitochondria,Fatty acid oxidation,788.1,NA,PMID:14598172
PTDCAt,-0.9074596894823972,0,6.7971186618906065,0.32976186865948187,Fatty Acid Transport via Diffusion,"Transport, extracellular",NA,NA,NA
PTE3x,0.4084009414450823,0,0.18630923689654955,0.44354043646717034,Peroxisomal Acyl Coenzyme A Thioesterase,Fatty acid oxidation,10965.1,NA,PMID:10944470
PTRCAT1,-0.3922449690067749,0,9.331037430324368,4.073266608182754,Putrescine Acetyltransferase,Arginine and proline metabolism,6303.1 or 112483.1,NA,PMID:12803540
PTRCOX1,-0.683138278971798,0,6.238867850976507,1.1745074241526765,Putrescine:Oxygen Oxidoreductase (Deaminating),Arginine and proline metabolism,26.1 or 314.1 or 8639.1 or 314.2,NA,PMID:9119395
PYAM5POr,0.8181922948947715,0,0.20868845186389517,2.0870168015862642,Pyridoxamine 5'-Phosphate Oxidase,Vitamin B6 metabolism,55163.1,NA,PMID:6380540
PYDXPP,0.6473627928441629,0,0.5514472767501604,2.576114225893351,Pyridoxal 5-Phosphate Phosphatase,Vitamin B6 metabolism,57026.1,NA,"PMID:14522954,PMID:6380540"
RADH2,1,0,NA,9.662542486870109,Retinal Dehydrogenase (NADPH),Vitamin A metabolism,NA,NA,PMID:1503811
RAI1,-1.0000009473626101,0,0.8754947018146515,-4.147052765006265e-7,Retinal Isomerase (11-Cis),Vitamin A metabolism,NA,NA,PMID:1503811
RAI2,1,0,NA,0.3031804220587015,Retinal Isomerase (9-Cis),Vitamin A metabolism,NA,NA,PMID:1503811
RDH1,-0.4451727596725921,0,-87.32376248106361,-227.45444642422794,Retinol Dehydrogenase (All-Trans),Vitamin A metabolism,5959.1 or 8608.1,NA,"PMID:10329026,PMID:12226107,PMID:12534290,PMID:1503811"
RDH1a,0.46209484209434165,0,83.7402270714283,227.61662028609516,"Retinol Dehydrogenase (All-Trans, NADPH)",Vitamin A metabolism,157506.1 or 112724.1 or 145226.1 or 51109.1 or 195814.1 or 57665.1 or 50700.1,NA,"PMID:12226107,PMID:12372410,PMID:12407145,PMID:1503811,PMID:15258582,PMID:15322982"
RDH2,0.38239033137585887,0,-400.7062496795803,-179.02328196546136,"Retinol Dehydrogenase (9-Cis, NADH)",Vitamin A metabolism,5959.1,NA,"PMID:12226107,PMID:1503811,PMID:7836368,PMID:9115228"
RDH2a,-0.3831136575425496,0,400.7062496795803,178.72010114040376,"Retinol Dehydrogenase (9-Cis, NADPH)",Vitamin A metabolism,195814.1 or 112724.1 or 145226.1 or 51109.1 or 57665.1 or 50700.1,NA,"PMID:12226107,PMID:12372410,PMID:12435598,PMID:1503811,PMID:15258582,PMID:15322982"
RDH3,0.4346581363793099,0,-578.5826712711572,-227.99648037446588,"Retinol Dehydrogenase (11-Cis, NADH)",Vitamin A metabolism,5959.1,NA,"PMID:12226107,PMID:1503811,PMID:7836368"
RDH3a,-0.4340438221209913,0,577.7071763138056,227.99648127646296,"Retinol Dehydrogenase (11-Cis, NADPH)",Vitamin A metabolism,112724.1 or 145226.1 or 51109.1 or 57665.1 or 195814.1,NA,"PMID:12226107,PMID:12372410,PMID:1503811,PMID:15258582,PMID:15322982"
RDH4,2.005481239924082,0,-0.49187838339805606,1.4702723381876945,"Retinol Dehydrogenase (13-Cis, NADH)",Vitamin A metabolism,5959.1,NA,PMID:9115228
RETI1,1.0000009473626101,0,-0.8754947018146515,4.147052764892578e-7,Retinol Isomerase (11-Cis),Vitamin A metabolism,NA,NA,PMID:1503811
RETI2,-1,0,NA,-0.3031804220587015,Retinol Isomerase (9-Cis),Vitamin A metabolism,NA,NA,PMID:1503811
RETI3,2.0054812391400203,0,-0.49187838339805606,1.470272338950634,Retinol Isomerase (13-Cis),Vitamin A metabolism,NA,NA,PMID:11606944
RETNGLCt,0.8805962584399024,0,0.9170294100841231,14.443115893613399,Retinoyl Glucuronide Efflux,"Transport, extracellular",NA,NA,PMID:1503811
RETNGLCt2,0.5089018535268771,0,9.494815422300249,29.17287449055463,Retinoyl Glucuronide Efflux (13-Cis),"Transport, endoplasmic reticular",NA,NA,"PMID:14704335,PMID:2324641"
RETNGLCt2r,0.9703791326619486,0,0.2933003837934561,19.510331997806674,Retinoyl Glucuronide Efflux (13-Cis) from Er,"Transport, endoplasmic reticular",NA,NA,"PMID:14704335,PMID:2324641"
RETNGLCtr,0.8805962584399024,0,0.9170294100841231,14.443115893613399,Retinoyl Glucuronide Efflux from Er,"Transport, endoplasmic reticular",NA,NA,"PMID:14704335,PMID:2324641"
RTOTAL3CRNCPT1,0.46819577346453556,0,0.13828606414403422,0.3817777384508567,Carnitine Fatty-Acyl Transferase,Fatty acid oxidation,1375.1 or 1375.4 or 1375.1 or 1374.1 or 126129.1 or 1375.2,NA,PMID:1988962
RTOTAL3CRNCPT2,0.46819577346453556,0,0.13828606414403422,0.3817777384508567,R Group Transport into the Mitochondria,Fatty acid oxidation,1376.1,NA,"PMID:11274214,PMID:1528846,PMID:1988962"
RTOTAL3CRNt,0.46819577346453556,0,0.13828606414403422,0.3817777384508567,R Group Transport into the Mitochondria,Fatty acid oxidation,788.1,NA,PMID:14598172
S23T2g,-0.4468946308442453,0,0.046939097689145864,0.01794343997257381,"Beta-Galactoside Alpha-2, 3-Sialyltransferase (Core 2)",Keratan sulfate synthesis,6484.1 or 6482.1 or 6483.1 or 6482.2,NA,"PMID:10504389,PMID:7901202,PMID:8027041,PMID:8288606,PMID:8920913"
S23T4g,0.6231705704287155,0,0.020138070266118708,0.08674355142160144,"Beta-Galactoside Alpha-2, 3-Sialyltransferase",Keratan sulfate synthesis,6484.1 or 6482.1 or 6483.1 or 6482.2,NA,"PMID:10504389,PMID:7901202,PMID:8027041,PMID:8288606,PMID:8920913"
S2TASE3ly,-0.47541714572084004,0,2.037115210886905,0.7242939496276798,"Iduronate-2-Sulfatase, Lysosomal",Chondroitin sulfate degradation,3423.2 or 3423.1,NA,"PMID:2122463,PMID:8244397,PMID:8530090,PMID:8993162"
S2TASE4ly,-0.6436228730268937,0,3.0401556020477787,0.6591791443092516,"Glucuronate-2-Sulfatase, Lysosomal",Chondroitin sulfate degradation,NA,NA,"PMID:2497731,PMID:4019466,PMID:8993162"
S2TASE5ly,-0.6436228730268937,0,3.0401556020477787,0.6591791443092516,"Glucuronate-2-Sulfatase, Lysosomal",Chondroitin sulfate degradation,NA,NA,"PMID:2497731,PMID:4019466,PMID:8993162"
S4TASE1ly,-0.7592592323947658,0,2.4973143033516187,0.3417377901277333,"N-Acetylgalactosamine-4-Sulfatase, Lysosomal",Chondroitin sulfate degradation,411.2 or 411.1,NA,"PMID:1968043,PMID:2303452"
S4TASE2ly,-0.5966525313012864,0,5.438989274852723,1.374001239019318,"N-Acetylgalactosamine-4-Sulfatase, Lysosomal",Chondroitin sulfate degradation,411.2 or 411.1,NA,"PMID:1968043,PMID:2303452"
S6T16g,0.6231705704287155,0,0.020138070266118708,0.08674355142160144,"Galactose/N-Acetylglucosamine 6-O-Sulfotransferase, Golgi Apparatus",Keratan sulfate synthesis,23563.2 or 9435.1 or 23563.1 or 10164.1 or 4166.1,NA,"PMID:10330415,PMID:10491328,PMID:10913333,PMID:11278593,PMID:12403612,PMID:12855678,PMID:9722682"
S6T17g,0.6231705704287155,0,0.020138070266118708,0.08674355142160144,"Galactose/N-Acetylglucosamine 6-O-Sulfotransferase, Golgi Apparatus",Keratan sulfate synthesis,23563.2 or 9435.1 or 23563.1 or 10164.1 or 4166.1,NA,"PMID:10330415,PMID:10491328,PMID:10913333,PMID:11278593,PMID:12403612,PMID:12855678,PMID:9722682"
S6T18g,0.6231705704287155,0,0.020138070266118708,0.08674355142160144,"Galactose/N-Acetylglucosamine 6-O-Sulfotransferase, Golgi Apparatus",Keratan sulfate synthesis,8534.1 or 9469.1,NA,"PMID:12403612,PMID:8991509,PMID:9405439,PMID:9714738"
S6T1g,-0.4468946308442453,0,0.046939097689145864,0.01794343997257381,"Galactose/N-Acetylglucosamine 6-O-Sulfotransferase, Golgi Apparatus",Keratan sulfate synthesis,23563.2 or 9435.1 or 23563.1 or 10164.1 or 4166.1,NA,"PMID:10330415,PMID:10491328,PMID:10913333,PMID:11278593,PMID:12403612,PMID:12855678,PMID:9722682"
S6T2g,-0.4468946308442453,0,0.046939097689145864,0.01794343997257381,"Galactose/N-Acetylglucosamine 6-O-Sulfotransferase, Golgi Apparatus",Keratan sulfate synthesis,23563.2 or 9435.1 or 23563.1 or 10164.1 or 4166.1,NA,"PMID:10330415,PMID:10491328,PMID:10913333,PMID:11278593,PMID:12403612,PMID:12855678,PMID:9722682"
S6T3g,-0.4468946308442453,0,0.046939097689145864,0.01794343997257381,"Galactose/N-Acetylglucosamine 6-O-Sulfotransferase, Golgi Apparatus",Keratan sulfate synthesis,8534.1 or 9469.1,NA,"PMID:12403612,PMID:8991509,PMID:9405439,PMID:9714738"
S6TASE10ly,-0.613430432345654,0,0.25632756664564366,0.06141475618012191,"Galactose-6-Sulfate Sulfatase, Lysosomal",Keratan sulfate degradation,5476.1 and 2720.1 and 2588.1 and 4758.1,NA,"PMID:11550799,PMID:1755850,PMID:1794986,PMID:1953646,PMID:2111707,PMID:3143362,PMID:39554,PMID:7213753,PMID:7575473,PMID:8985184,PMID:9020182,PMID:9054950"
S6TASE11ly,-0.526455959653008,0,0.1454779583263109,0.04513082721556712,"N-Acetylglucosamine-6-Sulfatase, Lysosomal",Keratan sulfate degradation,2799.1,NA,"PMID:3196333,PMID:3689314,PMID:3689315"
S6TASE12ly,-0.5788401577821105,0,0.12119154881266832,0.032328170349926584,"N-Acetylglucosamine-6-Sulfatase, Lysosomal",Keratan sulfate degradation,2799.1,NA,"PMID:3196333,PMID:3689314,PMID:3689315"
S6TASE13ly,-0.5719489930891928,0,0.11890486700833426,0.032378498458458034,"N-Acetylglucosamine-6-Sulfatase, Lysosomal",Keratan sulfate degradation,2799.1,NA,"PMID:3196333,PMID:3689314,PMID:3689315"
S6TASE17ly,-0.3313317060489962,0,0.05210958318388002,0.026172309971847562,"N-Acetylglucosamine-6-Sulfatase, Lysosomal",Keratan sulfate degradation,2799.1,NA,"PMID:3196333,PMID:3689314,PMID:3689315"
S6TASE18ly,-0.3521675370755912,0,0.05049173190722322,0.02419092467603499,"N-Acetylglucosamine-6-Sulfatase, Lysosomal",Keratan sulfate degradation,2799.1,NA,"PMID:3196333,PMID:3689314,PMID:3689315"
S6TASE4ly,-0.7273770392410431,0,2.4670306593324405,0.38935865613093806,"N-Acetylgalactosamine-6-Sulfatase, Lysosomal",Chondroitin sulfate degradation,5476.1 and 2720.1 and 2588.1 and 4758.1,NA,"PMID:11550799,PMID:1755850,PMID:1794986,PMID:1953646,PMID:2111707,PMID:3143362,PMID:39554,PMID:7213753,PMID:7575473,PMID:8985184,PMID:9020182,PMID:9054950"
S6TASE5ly,-0.7285383913870223,0,2.4846789844924233,0.3902111502863074,"N-Acetylgalactosamine-6-Sulfatase, Lysosomal",Chondroitin sulfate degradation,5476.1 and 2720.1 and 2588.1 and 4758.1,NA,"PMID:11550799,PMID:1755850,PMID:1794986,PMID:1953646,PMID:2111707,PMID:3143362,PMID:39554,PMID:7213753,PMID:7575473,PMID:8985184,PMID:9020182,PMID:9054950"
S6TASE6ly,-0.5245072978930172,0,1.2323502575762162,0.384369136656158,"N-Acetylgalactosamine-6-Sulfatase, Lysosomal",Chondroitin sulfate degradation,5476.1 and 2720.1 and 2588.1 and 4758.1,NA,"PMID:11550799,PMID:1755850,PMID:1794986,PMID:1953646,PMID:2111707,PMID:3143362,PMID:39554,PMID:7213753,PMID:7575473,PMID:8985184,PMID:9020182,PMID:9054950"
S6TASE7ly,-0.5206575002685373,0,1.2161502562065463,0.38335555755070383,"N-Acetylgalactosamine-6-Sulfatase, Lysosomal",Chondroitin sulfate degradation,5476.1 and 2720.1 and 2588.1 and 4758.1,NA,"PMID:11550799,PMID:1755850,PMID:1794986,PMID:1953646,PMID:2111707,PMID:3143362,PMID:39554,PMID:7213753,PMID:7575473,PMID:8985184,PMID:9020182,PMID:9054950"
SALMCOM,0.5016145253278947,0,1.6364895380039328,4.930674318770193,S-Adenosyl-L-Methionine:Catechol O-Methyltransferase,Tyrosine metabolism,1312.1 or 118881.1 or 1312.2,NA,NA
SALMCOM2,0.5053616408362956,0,1.458506610869721,4.438757860634872,S-Adenosyl-L-Methionine:Catechol O-Methyltransferase,Tyrosine metabolism,118881.1,NA,PMID:7897657
SAMHISTA,0.6952021965040637,0,5.739077643176669,31.919183521118015,S-Adenosyl-L-Methionine:Histamine N-Tele-Methyltransferase,Histidine metabolism,3176.1,NA,PMID:7943261
SARCStm,1,0,NA,16.860818286180006,"Transport of Sarcosine, Mitochondrial","Transport, mitochondrial",NA,NA,NA
SARDHm,1,0,NA,16.860818286180006,"Sarcosine Dehydrogenase, Mitochondrial",Urea cycle,1757.1,NA,PMID:10444331
SCP22x,0.4296296144380814,0,-121.76124737468957,-48.578323301520946,Sterol Carrier Protein 2,"Transport, peroxisomal",6342.1,NA,PMID:1703300
SCP2x,-0.45214338235379514,0,129.4602321632862,48.84203982509375,Peroxisomal Thiolase 2,Bile acid synthesis,6342.1,NA,PMID:1703300
SERASNNaEx,-0.3831276149452143,0,92.8543438197419,41.41286741429865,L-Serine/L-Asparagine Na-Dependent Exchange (Ser-L In),"Transport, extracellular",6510.1,NA,PMID:14530974
SERGLNNaEx,0.983974712800926,0,0.987404783626832,122.24343299928456,L-Serine/L-Glutamine Na-Dependent Exchange (Ser-L In),"Transport, extracellular",6510.1,NA,PMID:14530974
SERPT,0.4291259176382244,0,4.883364086399274,12.22501142855212,Serine C-Palmitoyltransferase,Sphingolipid metabolism,10558.1 and 9517.1 and 55304.1,NA,NA
SERt4,0.9982162965426905,0,0.002924601715616882,3.2763219609707592,L-Serine via Sodium Symport,"Transport, extracellular",81539.1 or 11254.1 or 54407.1 or 55089.1 or (340024.1 and 57393.1) or (340024.1 and 59272.1),NA,"PMID:10747860,PMID:10891391,PMID:10930503,PMID:11325958,PMID:11342143,PMID:11414754"
SERtN1,1,0,0,30.59211757249064,"Serine Transport (Na, H Coupled)","Transport, extracellular",92745.1,NA,PMID:12845534
SFGTH,0.5393039364724824,0,3.77636106916719,12.61779276949102,S-Formylglutathione Hydralase,Tyrosine metabolism,2098.1,NA,"PMID:4436331,PMID:8460164"
SGALSIDEtg,0.8529587081974512,0,-1.5547003924654068,-0.12337304283290206,Transport of Sulfatide Galactocerebroside,"Transport, golgi apparatus",NA,NA,NA
SGALSIDEtl,-0.8529587081974512,0,1.554700392465407,0.12337304283290206,Transport of Sulfatide Galactocerebroside,"Transport, lysosomal",NA,NA,NA
SGPL12r,0.3734291611405443,0,0.571173988195312,1.2520005126640565,Sphingosine-1-Phosphate Lyase,Sphingolipid metabolism,8879.1,NA,"PMID:11018465,PMID:14570870"
SIAASE2ly,-0.613430432345654,0,0.25632756664564366,0.06141475618012191,"Sialidase, Lysosomal",Keratan sulfate degradation,5476.1 and 2720.1 and 2588.1 and 4758.1,NA,"PMID:11550799,PMID:1755850,PMID:1794986,PMID:1953646,PMID:2111707,PMID:3143362,PMID:39554,PMID:7213753,PMID:7575473,PMID:8985184,PMID:9020182,PMID:9054950"
SIAT4Bg,-0.5272987785439867,1.3093649064148334e-13,0.15750886238045825,0.048749224895189944,"Beta-Galactoside Alpha-2, 3-Sialyltransferase, Golgi Apparatus",Sphingolipid metabolism,6483.1,NA,PMID:9266697
sink_citr[c],-1.1293754290136602,0,9.553939028079435,-157.24719269946533,Citrulline Sink,Exchange/demand reaction,NA,NA,NA
sink_pre_prot[r],-0.44716914571976313,0,-1.5406526594422758,-4.0330328449536115,Glycophosphatidylinositol (Gpi)-Anchored Protein Precursor Sink,Exchange/demand reaction,NA,NA,NA
SLDt,-0.5011282529309096,0,0.48188941216204567,0.16014688449837694,L-Sulfolactate Transport (Cytosol to Extracellular),Methionine and cysteine metabolism,NA,NA,PMID:15758220
SLDx,0.5011282529309096,0,-0.48188941216204567,-0.16014688449837694,L-Sulfolactate Dehydrogenase (NAD+),Methionine and cysteine metabolism,4190.1 or 130752.1,NA,"PMID:15758220,PMID:3346220"
SMPD3g,0.9174213598648648,0,2.537100318343351,58.90978992328644,"Sphingomyelin Phosphodiesterase 3, Neutral Membrane (Neutral Sphingomyelinase Ii)",Sphingolipid metabolism,55512.1 or 55512.2 or 339221.1 or 55627.1,NA,NA
SMPD4,1,0,NA,86.97596977176369,Sphingomyelinase,Sphingolipid metabolism,6610.1,NA,"PMID:12069827,PMID:9972865"
SMS,0.613978991189304,0,6.193678974819183,25.89617537741661,Sphingomyelin Synthase (Homo Sapiens),Sphingolipid metabolism,259230.1,NA,PMID:14685263
SO4CLtex2,-0.7795694173297655,0,399.94820025653837,49.54053152517378,Sulfate Transport via Chloride Antiport (2:1),"Transport, extracellular",65010.1 or 65010.3 or 65010.2,NA,PMID:12759755
SO4HCOtex,-0.5938086760898827,0,146.23662585670948,37.269246649235484,Sulfate Transport via Bicarbonate Antiport,"Transport, extracellular",115111.1 or 115019.2 or 1836.1 or 115111.2 or 116369.2 or 284129.1 or 10861.2 or 116369.1 or 10861.1 or 10861.3 or 115019.1 or 1811.1,NA,PMID:12759755
SO4OXAtex2,0.6815983053587842,0,5.403173944121599,28.536180243110657,Sulfate Transport via Oxalate Antiport (2:1),"Transport, extracellular",65010.1 or 65010.3 or 65010.2,NA,PMID:12759755
SO4tl,-0.6069457578127727,0,55.055113448405265,13.466320060764625,"Sulfate Transport, Lysosomal","Transport, lysosomal",NA,NA,"PMID:10535998,PMID:15607730"
SPC_HSt,-1,0,NA,-86.97596977176369,Sphingosylphosphorylcholine Transport (Diffusion),"Transport, extracellular",NA,NA,PMID:12069827
SPHGNtr,-0.5569932967159434,0,12.36893356965594,3.519296130169823,Sphinganine Intracellular Transport,"Transport, endoplasmic reticular",NA,NA,NA
SPODMe,-0.9367923049143771,0,11.92460704627633,0.3891624952682912,"Superoxide Dismutase, Extracellular",ROS detoxification,6649.1,NA,"PMID:12126755,PMID:3476950,PMID:9228011"
SPR,-0.3533119863221146,0,0.42973739774780206,0.2053525180900027,Sepiapterin Reductase,Tetrahydrobiopterin metabolism,6697.1,NA,PMID:10727395
SR5AR2r,0.8177119963831494,0,0.18559188362962378,1.8506571283428557,3-Oxo-5-Alpha-Steroid 4-Dehydrogenase,Steroid metabolism,6715.1 or 6716.1,NA,PMID:14643063
SR5ARr,0.46091125272498495,0,0.20413232256469868,0.5531913040053102,3-Oxo-5-Alpha-Steroid 4-Dehydrogenase,Steroid metabolism,6716.1 or 6715.1,NA,PMID:2339109
SRTNtu,0.7807150343530143,0,36.303700156372784,294.80609616971014,Serotonin Uniport,"Transport, extracellular",6580.1 or 6582.2 or 6582.1,NA,PMID:12883891
ST3GAL22g,0.524761898524165,0,0.08801255595277543,0.2823809612313711,"CMP-N-Acetylneuraminate-Beta-Galactosamide-Alpha-2, 3-Sialyltransferase, Golgi Apparatus",Sphingolipid metabolism,6483.1,NA,PMID:9266697
ST3GAL23g,-0.4554932320449904,0,0.1529137375334548,0.05720573834842017,"CMP-N-Acetylneuraminate-Beta-Galactosamide-Alpha-2, 3-Sialyltransferase, Golgi Apparatus",Sphingolipid metabolism,6483.1,NA,PMID:9266697
ST6GALNAC23,0.45665095298138053,0,0.06461693646636558,0.1732299386534919,"Alpha-N-Acetylgalactosaminide Alpha-2, 6-Sialyltransferase 2",Sphingolipid metabolism,10610.1,NA,NA
ST6GALNAC24,0.45665095298138053,0,0.06461693646636558,0.1732299386534919,"Alpha-N-Acetylgalactosaminide Alpha-2, 6-Sialyltransferase 2",Sphingolipid metabolism,10610.1,NA,NA
ST8SIA11,1,0,NA,0.048749224895189944,"Beta-Galactoside Alpha-2, 3-Sialyltransferase",Sphingolipid metabolism,6489.1,NA,PMID:9199191
ST8SIA52g,-0.4554932320449904,0,0.1529137375334548,0.05720573834842017,"Beta-Galactoside Alpha-2, 3-Sialyltransferase",Sphingolipid metabolism,29906.1,NA,PMID:9199191
ST8SIA53g,0.524761898524165,0,0.08801255595277543,0.2823809612313711,"Beta-Galactoside Alpha-2, 3-Sialyltransferase",Sphingolipid metabolism,29906.1,NA,PMID:9199191
STCOAtx,-4.402878017579186,0,16.83726965407016,-10.604565676935296,Fatty Acid Intracellular Transport,"Transport, peroxisomal",NA,NA,NA
STRDNCCPT1,-1.2507177300124563,0,0.9349257752896941,-8.392920670531003,Carnitine O-Palmitoyltransferase,Fatty acid oxidation,1375.1 or 1375.3 or 1375.4 or 126129.1 or 1374.1 or 1375.2,NA,NA
STRDNCCPT2,-0.9085883482280731,0,-1.2059964176046913,-25.180058187636778,Carnitine Transferase,Fatty acid oxidation,1376.1,NA,NA
STRDNCt,-0.8412949061923453,0,-3.5557200175052013,-41.253427971337736,Fatty Acid Transport via Diffusion,"Transport, extracellular",NA,NA,"PMID:11788354,PMID:12864740"
STS2,0.6157748530875268,0,3.036818120828943,12.770674674642526,Steryl-Sulfatase,Steroid metabolism,412.1,NA,"PMID:2668275,PMID:6957717"
STS2r,0.8150994167566206,0,1.2735451109395843,12.501912906553562,Steryl-Sulfatase,Steroid metabolism,412.1,NA,"PMID:2668275,PMID:6957717"
SUCCt2m,-1,0,NA,-788.1838081115723,"Succinate Transport, Mitochondrial","Transport, mitochondrial",1468.1,NA,PMID:14598172
SUCRe,1,0,NA,0.4292352628100107,"Sucrose Hydrolyzing Enxyme, Extracellular",Galactose metabolism,6476.1 or 8972.1,NA,"PMID:1560017,PMID:3143729"
SULFOX,0.9157211706745735,0,24.772478902201915,563.0970750648498,Sulfite Oxidase,Methionine and cysteine metabolism,6821.1,NA,PMID:14729666
T4HCINNMFM,-0.980400426165543,0,302.027232254982,2.989095013506808,4-Hydroxycinnamate Formation,Ubiquinone synthesis,NA,NA,"PMID:11583838,PMID:12232327"
TCHOLAt,1.11705678363605,0,-7.2170525954358284,130.5256276520494,Taurocholate Transport via Bicarbonate Antiport,"Transport, extracellular",28231.1 or 6579.1 or 28234.1 or 10599.1,NA,"PMID:12507753,PMID:9007731,PMID:9334206"
TCHOLAt2,-0.9592259596456973,0,37.620878280601836,0.7829394060575623,Taurocholate Transport via Sodium Symport,"Transport, extracellular",6554.1 or 6555.1,NA,"PMID:12851823,PMID:7592981,PMID:8132774,PMID:9109432"
TCHOLAte,-1,0,NA,-2.6324051452871178,Bile Acid Intracellular Transport,"Transport, extracellular",NA,NA,NA
TCYNTt,-0.966057659430722,0,620.9919784833908,10.720906949685421,Thiocyanate Transport via Diffusion (Cytosol to Extracellular),"Transport, extracellular",NA,NA,PMID:6351723
TCYNTtm,-0.9034672670361236,0,148.7006584700227,7.541228159909774,"Thiocyanate Transport via Diffusion, Mitochondrial","Transport, mitochondrial",NA,NA,PMID:6351723
TETHEX3COAtx,-0.7177471024593718,2.5079985169630785e-16,1.8588642334954726,0.3054406642791269,Fatty Acid Intracellular Transport,"Transport, peroxisomal",NA,NA,NA
TETPENT3COAtx,0.4278287179269885,1.79477813515144e-5,0.41839572754719745,1.0440884643588493,Fatty Acid Intracellular Transport,"Transport, peroxisomal",NA,NA,NA
TETPENT3CPT1,-0.9230352394036838,0,-3.2529259165763853,-81.27734199754447,Carnitine O-Palmitoyltransferase,Fatty acid oxidation,1375.1 or 1375.3 or 1375.4 or 126129.1 or 1374.1 or 1375.2,NA,NA
TETPENT3CPT2,-0.9230352394036838,0,-3.2529259165763853,-81.27734199754447,Carnitine Transferase,Fatty acid oxidation,1376.1,NA,NA
TETPENT3CRNt,-0.9230352394036838,0,-3.2529259165763853,-81.27734199754447,Transport into the Mitochondria (Carnitine),Fatty acid oxidation,788.1,NA,NA
TETPENT6CPT1,-1.003752336807573,0,0.18650987813414022,-99.59649767972752,Carnitine O-Palmitoyltransferase,Fatty acid oxidation,1375.1 or 1375.3 or 1375.4 or 126129.1 or 1374.1 or 1375.2,NA,NA
TETPENT6CPT2,-1.003752336807573,0,0.18650987813414022,-99.59649767972752,Carnitine Transferase,Fatty acid oxidation,1376.1,NA,NA
TETPENT6CRNt,-1.003752336807558,0,0.18650987813340072,-99.59649767972752,Transport into the Mitochondria (Carnitine),Fatty acid oxidation,788.1,NA,NA
TETTET6CPT1,-1.141275466099123,0,3.737720928581525,-56.65166319735497,Carnitine O-Palmitoyltransferase,Fatty acid oxidation,1375.1 or 1375.3 or 1375.4 or 126129.1 or 1374.1 or 1375.2,NA,NA
TETTET6CPT2,-1.141275466099123,0,3.737720928581525,-56.65166319735497,Carnitine Transferase,Fatty acid oxidation,1376.1,NA,NA
TETTET6CRNt,-1.141275466099123,0,3.737720928581525,-56.65166319735497,Transport into the Mitochondria (Carnitine),Fatty acid oxidation,788.1,NA,NA
THCHOLSTOICtm,1,0,NA,1.0364142277449369,"Lipid, Flip-Flop Intracellular Transport","Transport, peroxisomal",NA,NA,PMID:12840657
THD1m,-0.5914284770639513,0,80.21876653615236,20.594770097487732,NAD (P) Transhydrogenase,NAD metabolism,23530.2 or 23530.1,NA,"PMID:12223207,PMID:8647343,PMID:9524818"
THFt2,0.659223353910889,0,19.52892848627046,95.08531348360776,Tetrahydrofolate Transport via Anion Antiport,"Transport, extracellular",6573.1 or 6573.2,NA,"PMID:11375437,PMID:14770311"
THRALANaEx,0.979793880772507,0,0.6156795410438505,60.32423020730019,L-Alanine/L-Threonine Na-Dependent Exchange (Thr-L In),"Transport, extracellular",6509.1 or 6510.1,NA,PMID:14530974
THRCYSNaEx,0.8533114673601109,0,10.41839980367981,131.62951104776096,L-Cysteine/L-Threonine Na-Dependent Exchange (Thr-L In),"Transport, extracellular",6509.1 or 6510.1,NA,PMID:14530974
THRGLNNaEx,0.9900463394176521,0,0.29166215817065094,58.31233699524477,L-Threonine/L-Glutamine Na-Dependent Exchange (Thr-L In),"Transport, extracellular",6510.1,NA,PMID:14530974
THRSERNaEx,-0.5012747143845163,0,71.05588982310296,23.604853000683338,L-Serine/L-Threonine Na-Dependent Exchange (Thr-L In),"Transport, extracellular",6509.1 or 6510.1,NA,PMID:14530974
THRt4,0.9686242333402875,4.973791960489012e-7,0.22999867078214883,14.430912935082988,L-Threonine via Sodium Symport,"Transport, extracellular",11254.1 or 81539.1 or 54407.1 or (340024.1 and 57393.1) or (340024.1 and 59272.1),NA,"PMID:10747860,PMID:10891391,PMID:10930503,PMID:11325958"
THYMDt1,-1,0,689.6650291082382,0,Thymd Transport,"Transport, extracellular",3177.1 or 2030.1,NA,"PMID:10722669,PMID:12838422,PMID:9693094"
THYMDtm,0.3608996245054228,0,1.2875241249533196,2.741652431098459,Thymd Transport,"Transport, mitochondrial",2030.1,NA,"PMID:10722669,PMID:12838422,PMID:14607828"
THYMt,1.3314124761398967,0,-54.329771388417946,382.19776248652096,Thymine Reversible Transport via Faciliated Diffusion,"Transport, extracellular",3177.1,NA,"PMID:12006583,PMID:12838422"
THYOXt2,-0.9989589089057325,0,-0.023412424175819617,-44.95329385010004,T4 Transport via Facilitated Diffusion,"Transport, extracellular",6567.1,NA,"PMID:12871948,PMID:7981683"
THYPX,0.40182926762647114,0,13.979706820664182,32.76182051950842,Thyroid Peroxidase,Tyrosine metabolism,7173.4 or 7173.1 or 7173.3 or 7173.2 or 7173.5,NA,"PMID:3153466,PMID:3475693"
TMDK1m,0.3608996245054228,0,1.2875241249533196,2.741652431098459,Thymidine Kinase (ATP:Thymidine),Nucleotide interconversion,7084.1,NA,"PMID:12535661,PMID:9342341"
TMDPP,-1.006502258783497,0,689.0708304777146,-2.232998662379669,Thymidine Phosphorylase,Pyrimidine catabolism,1890.1,NA,"PMID:7028324,PMID:718961,PMID:9693094"
TMNDNCCOAtx,0.4231281348894995,0,-15.309370935357977,-6.205727473608115,Fatty Acid Intracellular Transport,"Transport, peroxisomal",NA,NA,NA
TMNDNCCPT1,0.8071226417045289,0,2.6735974749643763,25.049692584500853,Carnitine O-Palmitoyltransferase,Fatty acid oxidation,1375.1 or 1375.3 or 1375.4 or 126129.1 or 1374.1 or 1375.2,NA,NA
TMNDNCCPT2,1.5870994459474068,0,-5.626925400194735,24.79548513580996,Carnitine Transferase,Fatty acid oxidation,1376.1,NA,NA
TMNDNCCRNt,-0.572572073990155,0,62.50682733040061,16.989468406047695,Transport into the Mitochondria (Carnitine),Fatty acid oxidation,788.1,NA,NA
TOLBUTAMIDEte,0.6716529427507737,0,1.7511198765861105,8.915154347135362,Transport of Xenobiotic,"Transport, extracellular",NA,NA,NA
TRDR,0.876620760729473,0,26.42188405658351,401.8816816454172,Thioredoxin Reductase (NADPH),Nucleotide interconversion,7296.3 or 7296.1 or 7296.4 or 7296.2,NA,"PMID:8577704,PMID:8999974"
TRDR3,-0.681401315372024,1.859700553040944e-11,0.19377304722493535,0.03671689643501886,Thioredoxin (Ubiquinone 10) Reductase (NADH),Miscellaneous,7296.4 or 7296.1 or 7296.3 or 7296.2,NA,"PMID:12435734,PMID:8577704,PMID:8999974"
TRIODTHYt,-0.6157291561183441,0,134.61590466293916,32.01586546163143,T3 Transport via Bicarbonate Antiport,"Transport, extracellular",28234.1 or 28231.1 or 10599.1 or 6579.1 or 53919.1,NA,"PMID:12507753,PMID:9007731,PMID:9334206"
TRPHYDRO2,0.9426362022518467,0,0.43758967567491147,14.819059739207965,"L-Tryptophan, Tetrahydrobiopterin:Oxygen Oxidoreductase (5-Hydroxylating)",Tryptophan metabolism,7166.1 or 121278.1,NA,"PMID:10727395,PMID:12379098"
TRPt4,0.4023177175530274,0.0058322656951866406,2.765384480071068,6.488309535248577,L-Tryptophan Transport in via Sodium Symport,"Transport, extracellular",11254.1 or (340024.1 and 57393.1) or (340024.1 and 59272.1),NA,"PMID:11133652,PMID:12719981"
TSTSTERONEGLCte,0.4238285784937557,0,0.20733931331819658,0.5123746661643818,Glucuronidated Compound Transport,"Transport, extracellular",4363.1,NA,NA
TSTSTERONEGLCtr,-0.4238285784937557,0,-0.20733931331819658,-0.5123746661643818,Glucuronidated Compound Transport,"Transport, endoplasmic reticular",NA,NA,NA
TSTSTERONESte,-0.34123006175337517,0,0.1721116261697287,0.08453580677660577,Sulfonated Testosterone Transport,"Transport, extracellular",NA,NA,NA
TSTSTERONESULT,-0.34123006175337517,0,0.1721116261697287,0.08453580677660577,Testosterone Sulfotransferase,Steroid metabolism,6822.1 or 6822.1 or 6818.1,NA,"PMID:1588921,PMID:16399349"
TSULt4_3,-1.0132390564450287,0,6.550361700081825,-996.1015018859863,Thiosulfate Transport via Sodium Symport,"Transport, extracellular",6561.1,NA,"PMID:10811962,PMID:11161786"
TTDCAtr,-1,0,NA,-126.78062914090752,Tetradecanoate (Transport),"Transport, extracellular",11001.1,NA,"PMID:10811962,PMID:11161786"
TTDCPT2,1.2741165101372782,0,-5.898785785222054,48.93731551309526,Carnitine Transferase,Fatty acid oxidation,1376.1,NA,NA
TYR3MO2,0.5293238142727261,0,1.5143930680353603,4.920574809913972,Tyrosine 3-Monooxygenase,Tyrosine metabolism,7054.1 or 7054.3 or 7054.2,NA,"PMID:10727395,PMID:9920892"
TYRASE,-0.38573371788197297,0,16.296561472830177,7.223919067599601,Tyrosinase,Tyrosine metabolism,7306.1,NA,PMID:9434945
TYRDOPO,0.7168667397065566,0,0.9575213127287061,5.80622881494133,Tyrosine:Dopa Oxidase,Tyrosine metabolism,7299.1,NA,PMID:5294951
TYRDOPO3,-0.4784673530443869,0,8.495862077347189,2.9969342429136945,Tyrosine:Dopa Oxidase (Dopaquinone Producing 2),Tyrosine metabolism,7299.1,NA,PMID:5294951
TYRTAm,-0.9665885906484861,0,175.93750949211122,2.989095013506808,"Tyrosine Transaminase, Mitochondrial",Tyrosine metabolism,6898.1 or 2806.1,NA,PMID:1973834
UAG2EMAi,-0.37248188854747455,0,0.3051563343267097,0.139521787655159,UDP-N-Acetyl-D-Glucosamine 2-Epimerase (Hydrolysis),Aminosugar metabolism,10020.1,NA,"PMID:10330343,PMID:10431835"
UAGALDP,1,0,NA,0.39959261489572573,UDP-N-Acetylgalactosamine Diphosphorylase,Aminosugar metabolism,NA,NA,NA
UDPGLCAter,0.4230040095770851,0,-13.843425809838623,-5.613196542129128,UDPglca Endoplasmic Reticulum Transport via UMP Antiport,"Transport, endoplasmic reticular",23169.1,NA,PMID:11322953
UDPGLCter,0.3426280611452173,0,0.4529915413051378,0.9251979265760165,UDP-Glc Endoplasmic Reticulum Transport via CMP Antiport,"Transport, endoplasmic reticular",NA,NA,PMID:10369669
UGALGTg,0.6419020256617674,0,0.21677453183071413,0.9939250384827727,"UDPgalactose:D-Glucose 4-Beta-D-Galactosyltransferase, Golgi Apparatus",Galactose metabolism,(3906.1 and 2683.1) or 8704.2 or 8704.1,NA,PMID:11419947
UGALNACtg,-0.33579922078939134,0,3.9254795193796976,1.9518700976681895,UDP-Galnac Golgi Transport via CMP Antiport,"Transport, golgi apparatus",7355.1,NA,"PMID:11784306,PMID:8889805,PMID:9010752,PMID:9399569,PMID:9562625"
UGCG,0.4089501017568559,0,0.2411518709485943,0.574860014563617,Ceramide Glucosyltransferase,Sphingolipid metabolism,7357.1,NA,PMID:8643456
UGT1A10r,-1.0054858206172659,0,2.502995433137041,-915.0357258177758,"UDP-Glucuronosyltransferase 1-10 Precursor, Microsomal",Steroid metabolism,54576.1,NA,PMID:7945246
UGT1A1r,0.3797580783444434,0,0.21415000295929784,0.4763870132671651,"UDP-Glucuronosyltransferase 1-10 Precursor, Microsomal",Steroid metabolism,54575.1 or 54576.1,NA,"PMID:15117964,PMID:9295054"
UGT1A2r,0.9713983172087326,0,0.26224288254259226,18.07534126985967,"UDP-Glucuronosyltransferase 1-10 Precursor, Microsomal",Steroid metabolism,54575.1 or 54576.1 or 54578.1 or 54579.1 or 54600.1 or 54658.1 or 54659.1 or 54577.1 or 54657.1,NA,"PMID:15117964,PMID:9295054"
UGT1A3r,0.8177119963831494,0,0.18559188362962378,1.8506571283428557,"UDP-Glucuronosyltransferase 1-10 Precursor, Microsomal",Steroid metabolism,7364.1 or 54575.1 or 54490.1 or 54576.1 or 7367.1,NA,"PMID:11300766,PMID:14643063,PMID:15117964,PMID:9295054"
UGT1A4r,0.4238285784937557,0,0.20733931331819658,0.5123746661643818,"UDP-Glucuronosyltransferase 1-10 Precursor, Microsomal",Steroid metabolism,54575.1 or 54490.1 or 54576.1,NA,"PMID:11300766,PMID:15117964,PMID:9295054"
UGT1A5r,0.8805962584399024,0,0.9170294100841231,14.443115893613399,"UDP-Glucuronosyltransferase 1-10 Precursor, Microsomal",Vitamin A metabolism,54575.1 or 54576.1,NA,"PMID:15117964,PMID:9295054"
UGT1A5r2,0.9703791326619486,0,0.2933003837934561,19.510331997806674,"UDP-Glucuronosyltransferase 1-10 Precursor, Microsomal (13-Cis)",Vitamin A metabolism,54576.1 or 54575.1 or 54600.1 or 10720.1 or 7367.1 or 7363.1 or 54578.1 or 54657.1 or 54659.1 or 54579.1 or 7365.1 or 7366.1 or 54490.1 or 54577.1 or 54658.1,NA,"PMID:14704335,PMID:1503811"
UGT1A6r,0.9603378145075131,0,0.570933580160966,28.21888589507267,"UDP-Glucuronosyltransferase 1-10 Precursor, Microsomal",Steroid metabolism,54575.1 or 54576.1,NA,"PMID:15117964,PMID:9295054"
UGT1A8r,0.37700080070357267,0,0.395488406213567,0.8741389276905682,"UDP-Glucuronosyltransferase 1-10 Precursor, Microsomal",Steroid metabolism,7363.1 or 54575.1 or 54490.1 or 54576.1,NA,"PMID:11300766,PMID:15117964,PMID:8333863,PMID:9295054"
UGT1A9r,0.46091125272498495,0,0.20413232256469868,0.5531913040053102,"UDP-Glucuronosyltransferase 1-10 Precursor, Microsomal",Steroid metabolism,54490.1,NA,PMID:11300766
UMPK2,0.7792704845905629,0,14.587268998327852,117.58598360243589,UMP Kinase (CTP),Nucleotide interconversion,51727.1,NA,"PMID:10462544,PMID:11912132"
UMPK2n,-0.7644761181626308,0,-1.8911737521342933,-14.168121274602413,"UMP Kinase (CTP), Nuclear",Nucleotide interconversion,51727.1,NA,"PMID:10462544,PMID:11912132"
UMPK3,-0.7033304822372833,0,117.46912084452435,20.45962765087215,UMP Kinase (UTP),Nucleotide interconversion,51727.1,NA,"PMID:10462544,PMID:11912132"
UMPK3n,1.1415942226299376,0,-3.928384959179163,59.41631216714382,"UMP Kinase (UTP), Nuclear",Nucleotide interconversion,51727.1,NA,"PMID:10462544,PMID:11912132"
UMPK4,-0.7164295217843226,0,203.99304864255936,33.70159136863947,UMP Kinase (GTP),Nucleotide interconversion,51727.1,NA,"PMID:10462544,PMID:11912132"
UMPK4n,-0.9217723019640333,0,-1.805280215038173,-44.349221588355306,"UMP Kinase (GTP), Nuclear",Nucleotide interconversion,51727.1,NA,"PMID:10462544,PMID:11912132"
UMPK5,-0.9768567950701368,0,-5.803133389415592,-495.6946848256752,UMP Kinase (dATP),Nucleotide interconversion,51727.1,NA,"PMID:10462544,PMID:11912132"
UMPK5n,0.9999985380056208,0,2.8563007712364195e-5,39.074003616005186,"UMP Kinase (dATP), Nuclear",Nucleotide interconversion,51727.1,NA,"PMID:10462544,PMID:11912132"
UMPK7,-3.493629463981882,0,26.104764942809382,-47.041929280870036,UMP Kinase (dGTP),Nucleotide interconversion,51727.1,NA,"PMID:10462544,PMID:11912132"
UMPK7n,-1.312562321626977,0,1.4733109109271318,-0.19913040807209909,"UMP Kinase (dGTP), Nuclear",Nucleotide interconversion,51727.1,NA,"PMID:10462544,PMID:11912132"
UMPKn,-0.890670794915005,0,-2.7750499716192483,-47.98997606990114,"UMP Kinase, Nuclear",Nucleotide interconversion,51727.1,NA,"PMID:10462544,PMID:11912132"
URATEt,1,0,NA,957.1922157531739,Urate Export from Cytosol,"Transport, extracellular",NA,NA,NA
UREAt5,1.2393767374416553,0,-101.56324633909463,950.1272916557313,"Urea, Water Symport","Transport, extracellular",6523.1,NA,"PMID:11024018,PMID:11034615,PMID:12748858,PMID:2490366,PMID:8063771"
UREAtm,-0.6162058499514906,0,-61.7300132635355,-259.95291627425553,Urea Transport via Diffusion,Urea cycle,366.1,NA,"PMID:12096044,PMID:16126913,PMID:9733774"
URIt,0.4273299902727804,0,-881.2788219266891,-353.58463352171185,Uridine Faciliated Transport in Cytosol,"Transport, extracellular",3177.1 or 2030.1,NA,"PMID:10722669,PMID:12838422"
Uritl,0.9930769894567364,0,0.37346223488143043,107.51666231355667,Uridine Faciliated Transport from Lysosome,"Transport, lysosomal",55315.1,NA,"PMID:12838422,PMID:15701636,PMID:2925670"
UROLACer,0.7652723454975684,0,1.8618853817955823,14.002332967272402,"Uronolactonase, Endoplasmic Reticulum",Vitamin C metabolism,NA,NA,PMID:13587494
UTPtn,-9.2059577625733,0,619.1762773608864,-770.0852377225638,UTP Diffusion in Nucleus,"Transport, nuclear",NA,NA,NA
VACCt,-1,0,NA,-3.867687573333163,Fatty Acid Transport via Diffusion,"Transport, extracellular",NA,NA,"PMID:11788354,PMID:12864740"
VALt4,1,1.461981995965639e-5,0,5.153363054469228,L-Valine Transport in via Sodium Symport,"Transport, extracellular",11254.1 or (340024.1 and 57393.1) or (340024.1 and 59272.1),NA,"PMID:11133652,PMID:12719981"
VALtec,0.6389723159361067,0,-156.17588258360848,-34.401933850597594,L-Valine Transport via Diffusion (Extracellular to Cytosol),"Transport, extracellular",8501.1 or 124935.1,NA,"PMID:12930836,PMID:14624363,PMID:15659399"
VLCS2p,0.6945664841152737,0,0.3784792454600249,2.099829294869693,Very-Long-Chain-Fatty-Acid Coenzyme A Ligase,Bile acid synthesis,11001.1 or 10998.1,NA,PMID:10479480
VLCS2r,1,0,NA,0.26834126943718656,Very-Long-Chain-Fatty-Acid Coenzyme A Ligase,Bile acid synthesis,11001.1 or 10998.1,NA,NA
VLCSp,1,0,NA,0.8840957242629477,Very-Long-Chain-Fatty-Acid Coenzyme A Ligase,Bile acid synthesis,11001.1,NA,NA
VLCSr,1,0,NA,0.29973416910114103,Very-Long-Chain-Fatty-Acid Coenzyme A Ligase,Bile acid synthesis,11001.1,NA,NA
WHDDCAte,-0.89945735605227,0,-1.0698748808183511,-20.212137185117665,Transport of Xenobiotic,"Transport, extracellular",NA,NA,NA
WHTSTSTERONEte,0.85618952087209,0,1.8962398119833321,24.475132058584595,Omega Hydroxy Testosterone Transport,"Transport, extracellular",NA,NA,NA
WHTTDCAte,-0.7125266652783719,0,-1.3591955785586978,-8.09695505798546,Transport of Xenobiotic,"Transport, extracellular",NA,NA,NA
XANtx,1,0,NA,1.6495555881746113,Xanthine Diffusion in Peroxisome,"Transport, peroxisomal",NA,NA,NA
XAO2x,-0.5357699579661622,0,3.641025848130882,1.100603364297175,Xanthine Oxidase,Purine catabolism,7498.1,NA,"PMID:18538891,PMID:18538892"
XOL7AONEtr,-1.2256405148325462,0,178.77385622475148,-18.124501548349787,"Lipid, Flip-Flop Intracellular Transport","Transport, endoplasmic reticular",NA,NA,PMID:12840657
XOLDIOLONEt,-0.642083994901133,0,-2.891443297533039,-13.265662036352976,"Lipid, Flip-Flop Intracellular Transport","Transport, endoplasmic reticular",NA,NA,PMID:12840657
XOLEST2te,0.4874120925072275,0,-0.4391840320587158,-0.15135040593743324,Cholesterol Ester Transporter,"Transport, extracellular",NA,NA,PMID:12840657
XOLTRI24tc,0.6051493715257981,0,0.21072263569400493,0.8566310443965548,24 Trihydroxy Cholesterol Transport,"Transport, endoplasmic reticular",NA,NA,NA
XOLTRIOLtm,-0.45107540445746125,0,3.2165830588448387,1.216795177687919,"Lipid, Flip-Flop Intracellular Transport","Transport, mitochondrial",NA,NA,PMID:12840657
XYLtly,-0.622851296070831,0,13.749749314558507,3.1954253269489854,Xylose Efflux from Lysosome,"Transport, lysosomal",NA,NA,"PMID:1751541,PMID:8993166"
XYLUR,-1.5534499576702823,0,101.93473838890995,-470.2959135094166,Xylulose Reductase,Pentose phosphate pathway,51181.1,NA,"PMID:11882650,PMID:6821187"
EX_acmana[e],0.44034027095145917,0,0.23109062450047496,0.5947348280234883,Exchange of N-Acetyl-D-Mannosamine,Exchange/demand reaction,NA,NA,NA
EX_ahdt[e],1,0,NA,867.0064084106446,"Exchange of 7, 8-Dihydroneopterin 3-Triphosphate",Exchange/demand reaction,NA,NA,NA
EX_ctp[e],1.0012395468776338,0,-0.4980062851577071,804.027576878357,Exchange of CTP,Exchange/demand reaction,NA,NA,NA
EX_dgmp[e],-3.8213946142072723,0,160.85852839204074,-94.13155776904439,Exchange of dGMP,Exchange/demand reaction,NA,NA,NA
EX_dgtp[e],3.8213946142072723,0,-160.85852839204074,94.13155776904439,Exchange of dGTP,Exchange/demand reaction,NA,NA,NA
EX_dha[e],-1,0,NA,-305.1753315918326,Exchange of Glycerone,Exchange/demand reaction,NA,NA,NA
EX_HC01361[e],-1,0,NA,-867.0064084106446,Exchange of Dihydroneopterin,Exchange/demand reaction,NA,NA,NA
EX_HC01440[e],0.6732178090160167,0,23.713547510714587,121.4201113298118,Exchange of 3-Keto-Beta-D-Galactose,Exchange/demand reaction,NA,NA,NA
EX_HC01441[e],-0.9064830386348315,0,-1.0317779968951724,-21.03433668076737,Exchange of Lactose-6P,Exchange/demand reaction,NA,NA,NA
EX_HC01444[e],0.7922995280451143,0,84.43695286870003,728.6276692188263,Exchange of Galactosylglycerol,Exchange/demand reaction,NA,NA,NA
EX_HC01446[e],-0.6732178090160167,0,-23.713547510714587,-121.4201113298118,Exchange of 3-Ketolactose,Exchange/demand reaction,NA,NA,NA
EX_HC01577[e],0.8076785329238513,0,18.04462037720522,169.60599035841824,Exchange of Gamma-Glutamyl-Beta-Cyanoalanine,Exchange/demand reaction,NA,NA,NA
EX_HC01700[e],0.6066956454511139,0,18.3282280133734,74.87301830588281,Exchange of Gamma-Glutamyl-3-Aminopropiononitrile,Exchange/demand reaction,NA,NA,NA
EX_HC02160[e],0.4731188016882929,0,54.089722872956095,151.23065312936305,Exchange of Gm2-Pool,Exchange/demand reaction,NA,NA,NA
EX_HC02161[e],-0.4731188016882929,0,-54.089722872956095,-151.23065312936305,Exchange of Gm1-Pool,Exchange/demand reaction,NA,NA,NA
EX_prpp[e],1.0754292535615542,0,-4.4667283215935925,122.90163548790962,Exchange of 5-O-Phosphonato-Alpha-D-Ribofuranosyl Diphosphate,Exchange/demand reaction,NA,NA,NA
r0009,-0.3321559709572639,0,2.1410792228844016,1.0733780472291867,Pyrophosphate Phosphohydrolase,Purine catabolism,64077.1 or 27068.1 or 5464.1,NA,"PMID:10542310,PMID:16300924"
r0013,0.3999313158027683,0,0.1897082352334599,0.4425801685090231,Beta-N-Acetylhexosaminidase,Aminosugar metabolism,3074.1 and 10724.1 and 3073.1,NA,"PMID:10481922,PMID:2423070,PMID:6219664,PMID:758959"
r0016,0.7819328307886054,0,3.5120683913776682,28.698817860583215,Fe (II):Oxygen Oxidoreductase,Miscellaneous,1356.1 or (2512.1 and 2495.1 and 1356.1) or (94033.1),NA,"PMID:16405854,PMID:2154449,PMID:9162052,PMID:9722559"
r0024,0.508951165213194,0,0.9433302694793063,2.8987734181869644,"N- (Omega)-Hydroxyarginine, NADPH:Oxygen Oxidoreductase (Nitric-Oxide-Forming)",Arginine and proline metabolism,4843.1 or 4842.1 or 4846.1,NA,"PMID:11125020,PMID:7515853"
r0027,2.750423267689408,0,-47.01941432110667,21.945223508465524,NADPH:Coa-Glutathione Oxidoreductase,Methionine and cysteine metabolism,10587.1 or 7296.1,NA,PMID:18042542
r0033,-0.5011427423265502,0,0.6564834363934376,0.21816148295112112,ATP:Dephospho Coenzyme A 3-Phosphotransferase,CoA synthesis,80347.1,NA,"PMID:11923312,PMID:11994049,PMID:13163064,PMID:15893380"
r0034,0.5214561277573225,0,0.553585189661106,1.760038374534797,"Carbon-Dioxide:Ammonia Ligase (ADP-Forming, Carbamate-Phosphorylating)",Urea cycle,1373.1,NA,"PMID:15897806,PMID:175068,PMID:2893372,PMID:3886433,PMID:4347313,PMID:7248316"
r0047,0.4820075371856374,0,0.7243481279712214,2.072403485114748,Adenosine 5-Monophosphate Phosphohydrolase,Purine catabolism,22978.1 or 84618.1 or 51251.1 or 30833.1 or 4907.1 or 93034.1 or 56953.1 or 100526794.1,NA,PMID:1550832
r0051,1.0754292535615315,0,-4.466728321592295,122.90163548790962,AMP:Pyrophosphate Phosphoribosyltransferase,Purine catabolism,3251.1 and 353.1,NA,"PMID:6778226,PMID:692402"
r0068,0.4609616450746354,3.852412508710175e-14,0.28965252247344414,0.7850484513136605,Acetyl Adenylate:Coa Ligase (AMP-Forming),Miscellaneous,55902.1 or 84532.1,NA,"PMID:10843999,PMID:14086739,PMID:238571,PMID:2901103"
r0084,0.4443995844367661,0,0.32414430290050295,0.8426809687181483,Oxalosuccinate:NADP+ Oxidoreductase (Decarboxylating),Miscellaneous,3417.1 or 3418.1,NA,"PMID:16489927,PMID:9866202"
r0097,0.4609616450746354,3.852412508710175e-14,0.28965252247344414,0.7850484513136605,Acetate:Coa Ligase (AMP-Forming),Miscellaneous,55902.1 or 84532.1,NA,"PMID:10843999,PMID:14086739,PMID:238571,PMID:2901103"
r0113,0.44034027095145917,0,0.23109062450047496,0.5947348280234883,UDP-N-Acetyl-D-Glucosamine 2-Epimerase,Aminosugar metabolism,10020.1,NA,"PMID:10431835,PMID:15748884,PMID:3740419,PMID:4337336,PMID:5063602,PMID:5417402,PMID:9305887,PMID:9305888"
r0119,-0.668331631535678,0,0.5399041137342283,0.10733424526907548,Guanosine 5-Triphosphate Pyrophosphohydrolase,Purine catabolism,3704.1,NA,"PMID:11278832,PMID:4310599"
r0129,0.9948425196744535,0,0.10884476064700867,42.09965775476545,Gamma-Glutamyltranspeptidase,Glutathione metabolism,(2687.1 or 2678.1 or 92086.1 or 728441.1 or 102724197.1 or 2686.1 or 124975.1) or ((2687.1 or 2678.1 or 92086.1 or 728441.1 or 102724197.1 or 2686.1 or 124975.1) and 91227.1),NA,"PMID:1968061,PMID:3511062"
r0139,0.9559150141505777,0,0.4980062851577071,22.095004716760666,CDP Diphosphohydrolase,Pyrimidine catabolism,953.1 or 956.1 or 377841.1,NA,"PMID:15652174,PMID:16752921,PMID:17095758"
r0145,0.8373647351028056,0,0.47399719546292507,5.3549624187086975,"L-Arginine, NADPH:Oxygen Oxidoreductase (Nitric-Oxide-Forming)",Arginine and proline metabolism,4843.1 or 4842.1 or 4846.1,NA,"PMID:11125020,PMID:7515853"
r0149,-1.0012395468776338,0,0.4980062851577071,-804.027576878357,CTP Diphosphohydrolase,Pyrimidine catabolism,953.1 or 956.1 or 377841.1,NA,"PMID:15652174,PMID:16752921,PMID:17095758"
r0160,0.7887758582414105,0,16.877213633574407,142.92661838164628,L-Serine:Pyruvate Aminotransferase,"Glycine, serine, alanine, and threonine metabolism",189.1,NA,"PMID:10347152,PMID:6469715"
r0166,0.5300575880275076,0,0.2736048238357471,0.8908136958179431,Uridine Triphosphate Pyrophosphohydrolase,Pyrimidine catabolism,3704.1,NA,"PMID:15652174,PMID:16752921,PMID:17095758"
r0181,0.9579426234284567,0,-331.60022678661346,-7.122903113857967,ITP Diphosphohydrolase,Purine catabolism,953.1 or 956.1 or 377841.1,NA,"PMID:15652174,PMID:16752921,PMID:17095758"
r0186,-0.6793221241896499,0,10.474032677106559,2.0000871194878687,Ethanolamine-Phosphate Phospho-Lyase (Deaminating),Glycerophospholipid metabolism,64850.1,NA,PMID:5498429
r0191,0.5499104216893338,0,0.5188412659883499,1.7866609761907792,UTP:D-Fructose-6-Phosphate 1-Phosphotransferase,Fructose and mannose metabolism,5211.1,NA,"PMID:11945275,PMID:4276999"
r0196,-1,0,0,-940.7555315185547,Succinyl Coenzyme A:Glycine C-Succinyl-Transferase (Decarboxylating),Miscellaneous,211.1 or 212.1,NA,PMID:7592562
r0210,-0.8133168324746305,0,80.32918815862537,8.269987363283027,L-Serine Hydro-Lyase (Adding Homocysteine),Methionine and cysteine metabolism,875.1 or 102724560.1,NA,PMID:681363
r0239,-0.4753654688990858,0,2.153136166147071,0.7656472967107606,N-Formylanthranilate Amidohydrolase,Tryptophan metabolism,125061.1,NA,"PMID:4140137,PMID:4190298"
r0245,-0.5474440793856131,0,2.217377688375784,0.6484805586713815,Glycerol:NADP+ Oxidoreductase,Glycerophospholipid metabolism,231.1 or 10327.1,NA,"PMID:11716357,PMID:6753936,PMID:6815419,PMID:8916913,PMID:9693960"
r0249,-2.9860624169098853,0,220.8079504454337,-110.01793897511125,D-Ribose-5-Phosphate Ketol-Isomerase,Pentose phosphate pathway,22934.1,NA,"PMID:14690456,PMID:14988808,PMID:15234337,PMID:2843500"
r0276,0.9527754949394651,0,0.478261218045844,19.776528850490973,NADH:Guanosine-5-Phosphate Oxidoreductase (Deaminating),Purine catabolism,51292.1 or 2766.1,NA,"PMID:12009299,PMID:12669231"
r0287,0.6582840423254948,0,12.506466399604212,60.69155739018321,Acetyl Coenzyme A:Acetyl Coenzyme A C-Acetyltransferase,Fatty acid oxidation,(10449.1 and 3032.1) or (3032.1 and 30.1),NA,"PMID:10806397,PMID:1121274,PMID:1679347,PMID:1735445,PMID:1979337,PMID:2048733,PMID:3194209,PMID:6378901,PMID:8241273"
r0309,-1.020113885258394,0,7.2604498623265075,-729.1945534981728,Trans-Hexadec-2-Enoyl Coenzyme A Reductase,Fatty acid oxidation,55825.1 or 51102.1,NA,PMID:12654921
r0310,-0.33488506955260827,0,9.656450898328423,4.811387747233503,Palmitoyl Coenzyme A:Oxygen 2-Oxidoreductase,Fatty acid oxidation,37.1 or 8310.1 or 33.1 or 34.1 or 51.1,NA,"PMID:17603022,PMID:1774065,PMID:3597357,PMID:6240978,PMID:7876265"
r0311,0.7170570419555601,0,0.2526619894820571,1.5332950898411422,Palmitate:Coa Ligase (AMP-Forming),Fatty acid oxidation,2182.1 or 2181.1 or 81616.1 or 11001.1 or 2180.1 or 23305.1 or 51703.1,NA,PMID:8584017
r0317,0.6550858032781284,0,51.39294494627416,246.61128587241768,Citrate Hydro-Lyase,Miscellaneous,50.1 or 48.1,NA,"PMID:15263083,PMID:16511074"
r0331,1,0,NA,289.2949034550309,"5, 6-Dihydrothymine:NAD+ Oxidoreductase",Pyrimidine catabolism,NA,NA,"PMID:1260500,PMID:8615641"
r0365,1,0,NA,3.0375986704163953,3-Hydroxypropanoate:NAD+ Oxidoreductase,Propanoate metabolism,NA,NA,PMID:13672942
r0380,0.9064830386350243,0,1.0317779968929413,21.03433668076737,Lactose 6-Phosphate Galactohydrolase,Miscellaneous,2720.1,NA,PMID:3109378
r0381,0.5216130032074942,0,0.8560728565649711,2.7229243248165353,Hypotaurine:NAD+ Oxidoreductase,Taurine and hypotaurine metabolism,NA,NA,"PMID:13979247,PMID:16680556,PMID:7295801"
r0383,0.4137553145537631,0,13.115352707485453,31.62826043930948,"Pyruvate:[Dihydrolipoyllysine-Residue Acetyltransferase]-Lipoyllysine 2-Oxidoreductase (Decarboxylating, Acceptor-Acetylating)",Miscellaneous,(5160.1 and 5162.1) or 5161.1,NA,"PMID:18032470,PMID:2323578,PMID:2748588"
r0385,0.6656623528898692,0,4.818846881949221,24.007382671325654,"3-Methyl-2-Oxobutanoate:[Dihydrolipoyllysine-Residue (2-Methylpropanoyl)Transferase] Lipoyllysine 2-Oxidoreductase (Decarboxylating, Acceptor-2-Methylpropanoylating)",Miscellaneous,593.1 and 594.1 and 641649.1,NA,"PMID:11839747,PMID:12387880,PMID:15576032"
r0386,0.6714480462369288,0,0.6994205634260084,3.5581743491300846,"4-Methyl-2-Oxopentanoate:[Dihydrolipoyllysine-Residue (2-Methylpropanoyl)Transferase] Lipoyllysine 2-Oxidoreductase (Decarboxylating, Acceptor-2-Methylpropanoylating)",Miscellaneous,593.1 and 594.1 and 641649.1,NA,"PMID:11839747,PMID:12387880,PMID:15576032"
r0388,-0.4264825111569425,0,13.73557099035189,5.5223881965598585,Pyridoxamine:Oxygen Oxidoreductase (Deaminating),Vitamin B6 metabolism,55163.1,NA,"PMID:6088736,PMID:9601034"
r0391,0.46716327054358736,0,1.1275294959717692,3.1046468298684107,Nicotinate D-Ribonucleotide:Pyrophosphate Phosphoribosyltransferase,NAD metabolism,93100.1 or 23475.1,NA,PMID:17604275
r0394,-1.0728894553436505,0,706.512332433019,-24.84324428003689,Xanthine:NAD+ Oxidoreductase,Nucleotide interconversion,7498.1,NA,"PMID:2713424,PMID:8248161"
r0399,0.4648213571049024,0,5.333228654487198,14.597419645066054,"L-Phenylalanine, Tetrahydrobiopterin:Oxygen Oxidoreductase (4-Hydroxylating) Phenylalanine, Tyrosine And Tryptophan Biosynthesis",Tetrahydrobiopterin metabolism,5053.1,NA,"PMID:3298976,PMID:4074362"
r0403,0.8537046848392399,0,1.2181823740958941,15.43556177016826,"L-Tryptophan, Tetrahydrobiopterin:Oxygen Oxidoreductase (5-Hydroxylating)",Tetrahydrobiopterin metabolism,7166.1 or 121278.1,NA,NA
r0408,0.37344746098744774,0,-144.5479954161197,-65.9413018041702,ATP:Sedoheptulose 7-Phosphate 1-Phosphotransferase,Miscellaneous,5211.1,NA,"PMID:4084320,PMID:4272358"
r0410,-3.8213946142072723,0,160.85852839204074,-94.13155776904439,2-Deoxyguanosine 5-Triphosphate Pyrophosphohydrolase,Pyrimidine catabolism,3704.1,NA,"PMID:15652174,PMID:16752921,PMID:17095758"
r0424,0.4443995844367661,0,0.32414430290050295,0.8426809687181483,Isocitrate:NADP+ Oxidoreductase (Decarboxylating),Miscellaneous,3417.1 or 3418.1,NA,"PMID:10521434,PMID:16489927,PMID:9866202"
r0434,-1.2170155781394378,0,31.75398047971176,-324.3963866327763,Palmitoyl Coenzyme A:L-Carnitine O-Palmitoyltransferase,Fatty acid oxidation,1374.1 and 1376.1,NA,"PMID:1735445,PMID:1988962,PMID:2355017,PMID:6361812,PMID:7892212"
r0437,-0.5401400543404768,0,-95.01930779307038,-318.2339389396727,Palmitoyl Coenzyme A:L-Carnitine O-Palmitoyltransferase,Fatty acid oxidation,1374.1 and 1376.1,NA,"PMID:1735445,PMID:1988962,PMID:2355017,PMID:6361812,PMID:7892212"
r0438,0.868723017815288,0,8.934497951341234,127.18225005205274,Palmitoyl Coenzyme A:L-Carnitine O-Palmitoyltransferase,Fatty acid oxidation,1374.1 and 1376.1,NA,"PMID:1735445,PMID:1988962,PMID:2355017,PMID:6361812,PMID:7892212"
r0440,-0.6431855907978234,3.80683262687924e-6,2.9195693658589588,0.6339785501027516,Palmitoyl Coenzyme A:L-Carnitine O-Palmitoyltransferase,Fatty acid oxidation,1374.1 and 1376.1,NA,"PMID:1735445,PMID:1988962,PMID:2355017,PMID:6361812,PMID:7892212"
r0444,-0.7165717535773743,0,2.032497267848727,0.33559164380085205,Palmitoyl Coenzyme A:L-Carnitine O-Palmitoyltransferase,Fatty acid oxidation,1374.1 and 1376.1,NA,"PMID:1735445,PMID:1988962,PMID:2355017,PMID:6361812,PMID:7892212"
r0450,-0.986141852235446,0,811.3988926261902,5.661471630212724,L-2-Aminoadipate:2-Oxoglutarate Aminotransferase Lysine Biosynthesis Lysine Degradation,Lysine metabolism,51166.1,NA,PMID:8087205
r0463,0.47431032181863064,0,-452.0971834302902,-161.20271244591476,"(S)-3-Hydroxy-3-Methylglutaryl Coenzyme A Acetoacetyl Coenzyme A-Lyase (Coa-Acetylating) Synthesis And Degradation of Ketone Bodies Valine, Leucine And Isoleucine Degradation",Cholesterol metabolism,3157.1,NA,"PMID:11087424,PMID:11108725,PMID:1358203,PMID:7893153"
r0472,-0.9042854796685161,0,7.560966610449553,0.38003455893993376,2-Deoxyadenosine 5-Diphosphate:Oxidized-Thioredoxin 2-Oxidoreductase,Nucleotide interconversion,50484.1 and 6240.1 and 6241.1,NA,"PMID:6121703,PMID:8074691"
r0474,-1.0253112697418854,0,798.745996836853,-9.982305279802903,2-Deoxyadenosine 5-Diphosphate:Oxidized-Thioredoxin 2-Oxidoreductase,Nucleotide interconversion,50484.1 and 6240.1 and 6241.1,NA,"PMID:6121703,PMID:8074691"
r0475,-0.916038222446883,0,779.4771302062989,34.1570876026392,2-Deoxyadenosine 5-Diphosphate:Oxidized-Thioredoxin 2-Oxidoreductase,Nucleotide interconversion,50484.1 and 6240.1 and 6241.1,NA,"PMID:6121703,PMID:8074691"
r0480,-0.9339561611307972,0,-12.546271967032482,-367.3914234137535,S-Adenosyl-L-Methionine:Ethanolamine-Phosphate N-Methyltransferase,Glycerophospholipid metabolism,NA,NA,PMID:2403362
r0483,0.3622622663119006,0,204.25602683217525,436.308318171978,(R)-3-Amino-2-Methylpropanoate:2-Oxoglutarate Aminotransferase,Pyrimidine catabolism,18.1,NA,PMID:5773299
r0488,-0.5630157250572484,0,293.1508069735691,81.95841588832103,(R)-Mevalonate:NADP+ Oxidoreductase (Coa Acylating),Cholesterol metabolism,3156.1,NA,"PMID:10698924,PMID:11108725,PMID:12454262,PMID:3745272,PMID:3883347"
r0502,0.6020713663625066,0,2.540107939006944,10.226542783197388,Xanthine:NAD+ Oxidoreductase,Purine catabolism,7498.1,NA,"PMID:11246119,PMID:12632927"
r0504,0.3414622372754131,0,0.8270448211769551,1.6847164413972644,Xanthine:Oxygen Oxidoreductase,Purine catabolism,7498.1,NA,"PMID:16087479,PMID:1643670,PMID:16756494,PMID:18600557,PMID:8343533"
r0511,-0.642575513777459,0,6.34008541836316,1.379602797106163,"Steroyl Coenzyme A, Hydrogen-Donor:Oxygen Oxidoreductase Polyunsaturated Fatty Acid Biosynthesis",Miscellaneous,6319.1 or 79966.1,NA,"PMID:15907797,PMID:17530838,PMID:18286258"
r0512,-0.985286542093483,0,624.5628652605056,4.628792485690117,Dihydrofolate:NAD+ Oxidoreductase,Folate metabolism,1719.1,NA,"PMID:15153070,PMID:1631094,PMID:6882460"
r0514,-0.4563558492562923,0,5.059017825943558,1.8884845012205254,Dihydrofolate:NADP+ Oxidoreductase,Folate metabolism,1719.1,NA,"PMID:15153070,PMID:16171773,PMID:1631094,PMID:4396284,PMID:6882460,PMID:962851"
r0517,-1,0,0,-940.7555315185547,Succinyl Coenzyme A:Glycine C-Succinyl-Transferase (Decarboxylating),Miscellaneous,211.1 or 212.1,NA,PMID:7592562
r0522,0.4911167940514069,0,0.14854246644993546,0.43525540588519945,S-Aminomethyldihydrolipoylprotein: (6S)-Tetrahydrofolate Aminomethyltransferase (Ammonia-Forming),Folate metabolism,275.1,NA,PMID:7916605
r0523,0.4911167940514069,0,0.14854246644993546,0.43525540588519945,5-Formyltetrahydrofolate Cyclo-Ligase (ADP-Forming),Folate metabolism,10588.1,NA,"PMID:12207015,PMID:12764149,PMID:8522195"
r0527,1,0,NA,258.9501590329826,Nicotinamide-D-Ribonucleotide Amidohydrolase,NAD metabolism,NA,NA,PMID:7021549
r0531,0.9839878590422515,0,-787.3646370437622,-6.354571927459899,DUTP:Cytidine 5-Phosphotransferase,Nucleotide interconversion,83549.1 or 7371.1,NA,"PMID:11306702,PMID:9923963"
r0539,0.5216130032074942,0,0.8560728565649711,2.7229243248165353,Cysteamine:Oxygen Oxidoreductase,Taurine and hypotaurine metabolism,84890.1,NA,"PMID:17153586,PMID:17581819,PMID:3657558"
r0541,-0.7138384701502485,0,1.971716224935239,0.3292196675382016,"Glutaryl Coenzyme A: (Acceptor) 2, 3-Oxidoreductase (Decarboxylating)",Tryptophan metabolism,2639.1,NA,PMID:3081514
r0545,0.3598350729104426,0,0.8686813351989374,1.8452484614498914,Phenylacetaldehyde:NAD+ Oxidoreductase Phenylalanine Metabolism Styrene Degradation,Phenylalanine metabolism,221.1 or 218.1 or 222.1 or 220.1,NA,PMID:15230339
r0546,0.5769085491909277,0,0.08071732427328243,0.3008423792798276,Phenylacetaldehyde:NAD+ Oxidoreductase Phenylalanine Metabolism Styrene Degradation,Miscellaneous,221.1 or 218.1 or 222.1 or 220.1,NA,PMID:15230339
r0547,-0.8253666414805031,0,-0.15103517094339478,-1.5787050370424986,Aldehyde:NADP+ Oxidoreductase Phenylalanine Metabolism,Phenylalanine metabolism,221.1 or 218.1 or 222.1 or 220.1,NA,"PMID:17379813,PMID:18621017"
r0552,0.9527953553174675,0,2.8367648555478544,117.35330858430424,P-Cumic Alcohol:NAD+ Oxidoreductase,"Glycine, serine, alanine, and threonine metabolism",501.1,NA,"PMID:10505788,PMID:7646513"
r0555,0.4137553145537631,0,13.115352707485453,31.62826043930948,Acetyl Coenzyme A:Enzyme N6- (Dihydrolipoyl)Lysine S-Acetyltransferase,Miscellaneous,1737.1,NA,"PMID:12108679,PMID:14741190"
r0560,-0.5495156881511745,0,230.11487137737274,66.90034845810682,"2-Methylpropanoyl Coenzyme A:Oxygen 2, 3-Oxidoreductase Valine, Leucine And Isoleucine Degradation","Valine, leucine, and isoleucine metabolism",35.1,NA,"PMID:12855692,PMID:3597357,PMID:6401712,PMID:6874697"
r0561,0.6656623528898692,0,4.818846881949221,24.007382671325654,"2-Methylpropanoyl Coenzyme A:Enzyme N6- (Dihydrolipoyl)Lysine S- (2-Methylpropanoyl)Transferase Valine, Leucine And Isoleucine Degradation","Valine, leucine, and isoleucine metabolism",1629.1,NA,"PMID:10966480,PMID:1429740,PMID:1943690,PMID:7963542"
r0568,0.49295241735132256,0,0.30661663575550663,0.902802938454178,(5-L-Glutamyl)-L-Amino-Acid 5-Glutamyltransferase (Cyclizing),Glutathione metabolism,79017.1,NA,PMID:6137189
r0579,-0.5011427423265502,0,0.6564834363934376,0.21816148295112112,ATP:Pantothenate 4-Phosphotransferase,CoA synthesis,79646.1 or 80025.1 or 53354.1 or 55229.1,NA,"PMID:13163064,PMID:15105273,PMID:15659606"
r0584,-0.983571853662145,0,-2.1585499274306,-260.6282408691317,Deamino-NAD+ Nucleotidohydrolase,NAD metabolism,(5169.1 and 83594.1) or (5167.1 and 83594.1),NA,"PMID:11579996,PMID:11946484"
r0590,-0.5011427423265502,0,0.6564834363934376,0.21816148295112112,ATP:Pantetheine-4-Phosphate Adenylyltransferase,CoA synthesis,80347.1,NA,"PMID:11923312,PMID:11994049,PMID:13163064,PMID:15893380"
r0594,-0.9982781750673996,0,757.6062874950409,0.6527946965440635,L-2-Aminoadipate-6-Semialdehyde:NAD+ 6-Oxidoreductase Lysine Degradation,Lysine metabolism,501.1,NA,PMID:2160277
r0603,0.8478687843260817,0,1.2570297233506658,15.268569152359548,"(S)-2-Methylbutanoyl Coenzyme A:Acceptor 2, 3-Oxidoreductase Valine, Leucine And Isoleucine Degradation","Valine, leucine, and isoleucine metabolism",(34.1 and 36.1) or (36.1 and 35.1),NA,PMID:6401712
r0615,0.34379247051370254,0,-167.27272941786646,-81.68346447109282,Trans-4-Hydroxy-L-Proline:NAD+ 5-Oxidoreductase,Arginine and proline metabolism,29920.1 or 5831.1,NA,"PMID:12514185,PMID:3768405,PMID:6250440,PMID:675382"
r0617,-0.34379247051370254,0,167.27272941786646,81.68346447109282,Trans-4-Hydroxy-L-Proline:NADP+ 5-Oxidoreductase,Arginine and proline metabolism,29920.1 or 5831.1,NA,"PMID:12514185,PMID:3768405,PMID:6250440,PMID:675382"
r0627,-0.7922995280451143,0,-84.43695286870003,-728.6276692188263,Galactosylglycerol Galactohydrolase,Miscellaneous,2717.1,NA,PMID:3569296
r0629,-14.043709649727312,0,355.4939091424942,-410.0020082475561,Choloyl Coenzyme A:Glycine N-Choloyltransferase Bile Acid Biosynthesis,Bile acid synthesis,570.1,NA,"PMID:10884298,PMID:12239217,PMID:12543708,PMID:15026425,PMID:3741411,PMID:6884990"
r0634,-0.5419844811344339,0,5.855145919418335,1.7391534928698091,Octanoyl Coenzyme A:Acetyl Coenzyme A C-Acyltransferase,Fatty acid oxidation,(10449.1 and 3032.1) or (3032.1 and 30.1),NA,"PMID:1121274,PMID:1679347,PMID:3194209,PMID:6378901,PMID:8241273"
r0637,1,0,NA,15.72573842860032,Octanoyl Coenzyme A:L-Carnitine O-Octanoyltransferase,Fatty acid oxidation,54677.1,NA,"PMID:1735445,PMID:1988962,PMID:2355017,PMID:6361812,PMID:7892212"
r0638,0.39244457161926344,0,-9.741884710726305,-4.250607212162287,Trans-Dodec-2-Enoyl Coenzyme A Reductase,Fatty acid oxidation,55825.1 or 51102.1,NA,PMID:12654921
r0639,0.7891424211729232,0,6.151301271904632,52.19425411312878,Lauroyl Coenzyme A:Acetyl Coenzyme A C-Acyltransferase,Fatty acid oxidation,(10449.1 and 3032.1) or (3032.1 and 30.1),NA,"PMID:1121274,PMID:1679347,PMID:3194209,PMID:6378901,PMID:8241273"
r0641,-0.47804889307845727,0,515.6076961575985,182.0792322953552,(5-Glutamyl)-Peptide:Amino-Acid 5-Glutamyltransferase Arachidonic Acid Metabolism,Fatty acid oxidation,(2687.1 or 2678.1 or 92086.1 or 728441.1 or 102724197.1 or 2686.1 or 124975.1) or ((2687.1 or 2678.1 or 92086.1 or 728441.1 or 102724197.1 or 2686.1 or 124975.1) and 91227.1),NA,PMID:1968061
r0642,0.9425733201260761,0,-62.68061415991187,-1.8529748794390817,"(S)-Methylmalonate Semialdehyde:NAD+ Oxidoreductase Valine, Leucine And Isoleucine Degradation",Miscellaneous,224.1 or 217.1 or 219.1 or 223.1 or 501.1,NA,"PMID:10947204,PMID:10989432,PMID:1527093,PMID:16683190,PMID:8120000,PMID:8155713,PMID:8634152,PMID:9787093"
r0643,-0.9425733201260761,0,62.68061415991187,1.8529748794390817,"(S)-Methylmalonate Semialdehyde:NAD+ Oxidoreductase Valine, Leucine And Isoleucine Degradation","Valine, leucine, and isoleucine metabolism",224.1 or 217.1 or 219.1 or 223.1 or 501.1,NA,"PMID:10947204,PMID:10989432,PMID:1527093,PMID:16683190,PMID:8120000,PMID:8155713,PMID:8634152,PMID:9787093"
r0648,0.8076785329238513,0,18.04462037720522,169.60599035841824,(5-Glutamyl)-Peptide:Amino-Acid 5-Glutamyltransferase Cyanoamino Acid Metabolism,Miscellaneous,(2687.1 or 2678.1 or 92086.1 or 728441.1 or 102724197.1 or 2686.1 or 124975.1) or ((2687.1 or 2678.1 or 92086.1 or 728441.1 or 102724197.1 or 2686.1 or 124975.1) and 91227.1),NA,PMID:1968061
r0649,0.6066956454511139,0,18.3282280133734,74.87301830588281,(5-Glutamyl)-Peptide:Amino-Acid 5-Glutamyltransferase Cyanoamino Acid Metabolism,Miscellaneous,(2687.1 or 2678.1 or 92086.1 or 728441.1 or 102724197.1 or 2686.1 or 124975.1) or ((2687.1 or 2678.1 or 92086.1 or 728441.1 or 102724197.1 or 2686.1 or 124975.1) and 91227.1),NA,PMID:1968061
r0650,1,0,NA,0.16838745317563772,Chenodeoxycholate:Coa Ligase (AMP-Forming) Bile Acid Biosynthesis,Bile acid synthesis,10998.1 or 11001.1,NA,"PMID:10749848,PMID:10884298,PMID:15026425,PMID:438652,PMID:6173037"
r0653,0.5228018411318283,0,34.18263995328545,109.08128224775791,Myristoyl Coenzyme A:Acetylcoa C-Myristoyltransferase,Fatty acid oxidation,(10449.1 and 3032.1) or (3032.1 and 30.1),NA,"PMID:10706581,PMID:1121274,PMID:1679347,PMID:3194209,PMID:6378901,PMID:8241273"
r0655,0.7611840179130684,0,0.7237531505712773,5.337425370620187,"3-Methylbutanoyl Coenzyme A: (Acceptor) 2, 3-Oxidoreductase Valine, Leucine And Isoleucine Degradation","Valine, leucine, and isoleucine metabolism",34.1 or 3712.1,NA,"PMID:3597357,PMID:9214289"
r0656,0.6714480462369288,0,0.6994205634260084,3.5581743491300846,"3-Methylbutanoyl Coenzyme A:Enzyme N6- (Dihydrolipoyl)Lysine S- (3-Methylbutanoyl)Transferase Valine, Leucine And Isoleucine Degradation",Miscellaneous,1629.1,NA,PMID:1943690
r0660,-1.0561879582205227,0,0.8501021189668246,-31.109330106230622,(S)-3-Hydroxydodecanoyl Coenzyme A Hydro-Lyase,Fatty acid oxidation,3030.1 and 1962.1 and 1892.1,NA,"PMID:8012501,PMID:8188243"
r0666,-0.6687288458905489,0,1.0241613469407551,0.20331350550502003,2- (Formamido)-N1- (5-Phosphoribosyl)Acetamidine Cyclo-Ligase (ADP-Forming),Purine synthesis,2618.1,NA,PMID:4084560
r0669,-0.8139835780418126,0,207.9908116297245,21.328587010311335,"(S)-3-Hydroxyisobutyryl Coenzyme A Hydro-Lyase Valine, Leucine And Isoleucine Degradation","Valine, leucine, and isoleucine metabolism",3030.1 and 1962.1 and 1892.1,NA,"PMID:10671535,PMID:12467702"
r0672,1.1004221103643212,0,-181.2533981967449,8.665805157833104,"Cholest-5-Ene-3Beta, 7Alpha-Diol:NAD+ 3-Oxidoreductase Bile Acid Biosynthesis",Bile acid synthesis,80270.1,NA,PMID:12679481
r0698,-0.44204888591163227,0,908.7279002784729,351.60094038214686,Propanoyl Coenzyme A:Acetyl Coenzyme A C-Acyltransferase Bile Acid Biosynthesis,Bile acid synthesis,(10449.1 and 3032.1) or (3032.1 and 30.1),NA,"PMID:1121274,PMID:12543708,PMID:3746130,PMID:6378901"
r0707,-1,0,NA,-867.0064084106446,"2-Amino-4-Hydroxy-6- (Erythro-1, 2, 3-Trihydroxypropyl) Dihydropteridine Triphosphate Phosphohydrolase (Alkaline Optimum)",Miscellaneous,249.1,NA,PMID:1730777
r0714,0.5228018411318283,0,34.18263995328545,109.08128224775791,(S)-3-Hydroxyhexadecanoyl Coenzyme A:NAD+ Oxidoreductase,Fatty acid oxidation,3030.1 and 1962.1 and 3033.1,NA,"PMID:10231530,PMID:10329704,PMID:1550553,PMID:1651711,PMID:7150615,PMID:8188243,PMID:8687463,PMID:9553139"
r0716,0.5228018411318283,0,34.18263995328545,109.08128224775791,(S)-3-Hydroxyhexadecanoyl Coenzyme A Hydro-Lyase,Miscellaneous,3030.1 and 1962.1 and 1892.1,NA,"PMID:8012501,PMID:8188243"
r0718,0.7891424211729232,0,6.151301271904632,52.19425411312878,(S)-3-Hydroxytetradecanoyl Coenzyme A:NAD+ Oxidoreductase,Fatty acid oxidation,3030.1 and 1962.1 and 3033.1,NA,"PMID:10231530,PMID:10329704,PMID:1550553,PMID:1651711,PMID:7150615,PMID:8188243,PMID:8687463,PMID:9553139"
r0720,0.491649670626449,0,3.3480577323041856,9.824188015741482,(S)-3-Hydroxytetradecanoyl Coenzyme A Hydro-Lyase,Fatty acid oxidation,3030.1 and 1962.1 and 1892.1,NA,"PMID:8012501,PMID:8188243"
r0722,1.29676721001819,0,-7.354332336564758,56.91730350250986,(S)-3-Hydroxydodecanoyl Coenzyme A:NAD+ Oxidoreductase,Fatty acid oxidation,3030.1 and 1962.1 and 3033.1,NA,"PMID:10231530,PMID:10329704,PMID:1550553,PMID:1651711,PMID:7150615,PMID:8188243,PMID:8687463,PMID:9553139"
r0724,-1.29676721001819,0,7.354332336564758,-56.91730350250986,Decanoyl Coenzyme A:Acetyl Coenzyme A C-Acyltransferase,Fatty acid oxidation,(10449.1 and 3032.1) or (3032.1 and 30.1),NA,"PMID:1121274,PMID:1679347,PMID:3194209,PMID:6378901,PMID:8241273"
r0726,0.5419844811344339,0,-5.855145919418335,-1.7391534928698091,(S)-Hydroxydecanoyl Coenzyme A:NAD+ Oxidoreductase,Fatty acid oxidation,3030.1 and 1962.1 and 3033.1,NA,"PMID:10231530,PMID:10329704,PMID:1550553,PMID:1651711,PMID:7150615,PMID:8188243,PMID:8687463,PMID:9553139"
r0728,-2.6486270533908423,0,4.495504483413696,-2.0312874408766626,(S)-Hydroxydecanoyl Coenzyme A Hydro-Lyase,Fatty acid oxidation,3030.1 and 1962.1 and 1892.1,NA,"PMID:8012501,PMID:8188243"
r0730,-0.5277734466935092,0,54.62475237618685,16.884217090992628,(S)-Hydroxyoctanoyl Coenzyme A:NAD+ Oxidoreductase,Fatty acid oxidation,3030.1 and 1962.1 and 3033.1,NA,"PMID:10231530,PMID:10329704,PMID:1550553,PMID:1651711,PMID:7150615,PMID:8188243,PMID:8687463,PMID:9553139"
r0731,-0.5277734466935092,0,54.62475237618685,16.884217090992628,(S)-Hydroxyoctanoyl Coenzyme A Hydro-Lyase,Fatty acid oxidation,3030.1 and 1962.1 and 1892.1,NA,"PMID:8012501,PMID:8188243"
r0732,-0.5277734466935092,0,54.62475237618685,16.884217090992628,Hexanoyl Coenzyme A:Acetyl Coenzyme A C-Acyltransferase,Fatty acid oxidation,(10449.1 and 3032.1) or (3032.1 and 30.1),NA,"PMID:1121274,PMID:1679347,PMID:3194209,PMID:6378901,PMID:8241273"
r0733,0.6582840423254948,0,12.506466399604212,60.69155739018321,(S)-Hydroxyhexanoyl Coenzyme A:NAD+ Oxidoreductase,Fatty acid oxidation,3030.1 and 1962.1 and 3033.1,NA,"PMID:10231530,PMID:10329704,PMID:1550553,PMID:1651711,PMID:7150615,PMID:8188243,PMID:8687463,PMID:9553139"
r0734,0.6582840423254948,0,12.506466399604212,60.69155739018321,(S)-Hydroxyhexanoyl Coenzyme A Hydro-Lyase,Fatty acid oxidation,3030.1 and 1962.1 and 1892.1,NA,"PMID:8012501,PMID:8188243"
r0735,14.352707207414694,0,-24.166926914838584,27.78670626586319,Trans-Dec-2-Enoyl Coenzyme A Reductase,Fatty acid oxidation,55825.1 or 51102.1,NA,PMID:12654921
r0737,0.6732178090160167,0,23.713547510714587,121.4201113298118,3-Ketolactose Galactohydrolase,Miscellaneous,2720.1,NA,PMID:3109378
r0747,-0.541910094914894,0,491.74432916815283,146.09354580249487,"3Alpha, 7Alpha-Dihydroxy-5Beta-Cholestane:NADP+ Oxidoreductase (B-Specific)",Bile acid synthesis,1109.1,NA,"PMID:1554355,PMID:1591235,PMID:3459552"
r0750,-0.5808005801727765,0,523.2358399890602,138.7525810069293,"3Alpha, 7Alpha, 12Alpha-Trihydroxy-5Beta-Cholestane:NADP+ Oxidoreductase (B-Specific)",Bile acid synthesis,1109.1,NA,"PMID:1591235,PMID:3459552"
r0779,-0.8139835780418126,0,207.9908116297245,21.328587010311335,3-Hydroxy-2-Methylpropanoyl Coenzyme A Hydrolase,Miscellaneous,26275.1,NA,"PMID:11580916,PMID:8188708"
r0783,-0.4314085803891789,0,706.6417617771149,280.6958460287422,Lanosterol D24-Reductase,Cholesterol metabolism,1718.1,NA,PMID:7946524
r0788,-0.9339561611307972,0,-12.546271967032482,-367.3914234137535,S-Adenosyl-L-Methionine:Methylethanolamine Phosphate N-Methyltransferase,Sphingolipid metabolism,NA,NA,PMID:2403362
r0789,-0.9339561611307972,0,-12.546271967032482,-367.3914234137535,S-Adenosyl-L-Methionine:Phosphodimethylethanolamine N-Methyltransferase,Sphingolipid metabolism,NA,NA,PMID:2403362
r0791,-1.0862401988167427,0,75.60776668964736,-3.125444920054404,Trans-Hex-2-Enoyl Coenzyme A Reductase,Fatty acid oxidation,55825.1 or 51102.1,NA,PMID:12654921
r0797,0.95673797425178,0,-416.81183662667274,-9.21540065434724,Glycine N-Choloyltransferase,Bile acid synthesis,570.1,NA,"PMID:12810727,PMID:6884990"
r0812,0.5062710048587602,0,1.6930349728705363,5.1651199644801205,Mitochondrial Carrier (Mc) Tcdb:2.A.29.20.1,Purine catabolism,10478.1,NA,"PMID:14598172,PMID:18406340,PMID:9759482"
r0822,1,0,NA,477.283904227829,Mitochondrial Carrier (Mc) Tcdb:2.A.29.2.2,"Transport, mitochondrial",1468.1,NA,"PMID:10585886,PMID:14598172,PMID:17173541,PMID:18406340,PMID:4424886,PMID:4441366,PMID:5099217,PMID:8329439"
r0829,1,0,NA,4.400627903163526,Mitochondrial Carrier (Mc) Tcdb:2.A.29.2.2,"Transport, mitochondrial",1468.1,NA,"PMID:10585886,PMID:14598172,PMID:4424886,PMID:4441366,PMID:5099217,PMID:8329439"
r0838,-0.9423595117229386,0,-17.497649697649432,-589.632866391778,Free Diffusion,"Transport, mitochondrial",NA,NA,PMID:3888072
r0840,-2.9860624169098853,0,220.8079504454337,-110.01793897511125,Free Diffusion,"Transport, endoplasmic reticular",NA,NA,PMID:7419607
r0845,0.44034027095145917,0,0.23109062450047496,0.5947348280234883,DrugMetabolite Transporter (Dmt) Tcdb:2.A.7.12.7,"Transport, endoplasmic reticular",23443.1,NA,"PMID:12759756,PMID:17466261,PMID:9759482"
r0853,0.5203830335375432,0,0.6795076703235231,2.1540354185935087,Facilitated Diffusion,Purine catabolism,NA,NA,PMID:8132483
r0859,1,0,NA,0.2526431289126895,Postulated Transport Reaction,Purine catabolism,NA,NA,"PMID:1459,PMID:14598172,PMID:18406340,PMID:8132483"
r0860,0.44028247816243987,0,-3.0019588024376556,-1.1666106941067362,Utilized Transport,Purine catabolism,NA,NA,"PMID:1459,PMID:14598172,PMID:18406340,PMID:8132483"
r0892,-1.0008486450610687,0,0.42290520066100873,-997.082686920166,Facilitated Diffusion,"Transport, extracellular",NA,NA,"PMID:179827,PMID:9305892"
r0907,0.8562591234168196,0,11.740966720928391,151.62198194084763,Active Transport,"Transport, mitochondrial",NA,NA,PMID:1526979
r0913,-0.7151689321565036,0,299.4549855561405,49.72926089546932,Mitochondrial Carrier (Mc) Tcdb:2.A.29.7.2,"Transport, mitochondrial",6576.1,NA,"PMID:14598172,PMID:16919238,PMID:17173541,PMID:18406340,PMID:8132483"
r0915,-0.819416515276601,0,406.53423846108916,40.349952209549954,Mitochondrial Carrier (Mc) Tcdb:2.A.29.7.2,"Transport, mitochondrial",6576.1,NA,"PMID:14598172,PMID:16919238,PMID:17173541,PMID:18406340,PMID:8132483"
r0917,0.7386020659116126,0,-95.53631610167622,-14.363836411467195,Mitochondrial Carrier (Mc) Tcdb:2.A.29.7.2,"Transport, mitochondrial",6576.1,NA,PMID:14598172
r0921,1,0,NA,289.2949034550309,Postulated Transport Reaction,"Transport, mitochondrial",NA,NA,"PMID:12006583,PMID:1260500,PMID:12838422,PMID:14747464,PMID:16595656,PMID:168203,PMID:17187757,PMID:17279066,PMID:3728675,PMID:6778226,PMID:7419607,PMID:7479738,PMID:8438778"
r0924,0.5957726469661894,0,0.23577724752117066,0.9307803629503287,ATP-Binding Cassette (ABC) Tcdb:3.A.1.204.5,"Transport, extracellular",64240.1 and 64241.1,NA,PMID:15209530
r0927,-0.8562802766544243,0,16.942155502788303,1.3117210436168185,Free Diffusion,"Transport, mitochondrial",NA,NA,PMID:4358819
r0942,-0.6307917554568253,0,-100.15551409951448,-442.3866180429459,Neurotransmitter:Sodium Symporter (Nss) Tcdb:2.A.22.3.4,"Transport, extracellular",6535.1,NA,"PMID:11165387,PMID:12110547,PMID:12145274,PMID:15918910,PMID:3896131,PMID:9386672"
r0944,0.9691884785256855,0,6.613809502961671,422.69374731309165,Active Transport,"Transport, extracellular",NA,NA,PMID:1526979
r0960,-1.02077393491168,0,2.7652383167882917,-268.98714846954755,Resistance-Nodulation-Cell Division (Rnd) Tcdb:2.A.65.1.1,"Transport, endoplasmic reticular",1356.1,NA,"PMID:11023036,PMID:1554704,PMID:18021224,PMID:4553030,PMID:8725559"
r0961,-0.8111180113644824,0,25.54067130387394,2.6636435376882552,Resistance-Nodulation-Cell Division (Rnd) Tcdb:2.A.65.1.1,"Transport, extracellular",1356.1,NA,"PMID:11023036,PMID:1554704,PMID:18021224,PMID:4553030,PMID:8725559"
r0962,-0.4563558492562923,0,5.059017825943558,1.8884845012205254,Facilitated Diffusion,"Transport, mitochondrial",NA,NA,"PMID:14739191,PMID:14977409,PMID:14998787,PMID:16109384,PMID:16171773,PMID:16750224"
r0968,0.44034027095145917,0,0.23109062450047496,0.5947348280234883,Postulated Transport Reaction,"Transport, endoplasmic reticular",NA,NA,"PMID:14739191,PMID:14977409,PMID:14998787,PMID:16109384,PMID:16171773,PMID:16750224"
r0970,0.9876454080872074,0,3.875083185801795,623.4355092084885,Active Transport,"Transport, endoplasmic reticular",NA,NA,PMID:15975683
r0973,0.5011427423265502,0,-0.6564834363934376,-0.21816148295112112,Facilitated Diffusion,"Transport, mitochondrial",NA,NA,PMID:15975683
r0975,1,0,NA,289.2949034550309,Facilitated Diffusion,"Transport, mitochondrial",NA,NA,PMID:1260500
r0987,-0.5826733811400934,0,7.833310153794498,2.0655233606122465,Vesicular Transport,"Transport, lysosomal",NA,NA,"PMID:11023036,PMID:12739169,PMID:12856180,PMID:12883891,PMID:1554704,PMID:18021224,PMID:4553030,PMID:793184,PMID:8725559,PMID:8781017"
r0990,-0.9533510798835269,0,-15.90455581549406,-665.97857355957035,Postulated Transport Reaction,"Transport, peroxisomal",NA,NA,"PMID:10884298,PMID:6469982"
r0994,0.9108728211727857,0,0.5940773018402978,12.73692474843217,Facilitated Diffusion,"Transport, endoplasmic reticular",NA,NA,PMID:15975683
r0995,0.5052640322879204,0,-329.70207999839783,-108.36336623068452,Mitochondrial Carrier (Mc) Tcdb:2.A.29.8.3,"Transport, endoplasmic reticular",788.1,NA,"PMID:14598172,PMID:1735445,PMID:18406340,PMID:1988962,PMID:2351134,PMID:2355017,PMID:6361812,PMID:7892212,PMID:8132483"
r0997,1,0,NA,15.72573842860032,Cot Facilitated Diffusion,"Transport, peroxisomal",54677.1,NA,"PMID:14598172,PMID:1735445,PMID:18406340,PMID:1988962,PMID:2351134,PMID:2355017,PMID:6361812,PMID:7892212,PMID:8132483"
r0998,-1.2170155781394378,0,31.75398047971176,-324.3963866327763,Facilitated Diffusion,"Transport, endoplasmic reticular",NA,NA,"PMID:14598172,PMID:1735445,PMID:18406340,PMID:1988962,PMID:2351134,PMID:2355017,PMID:6361812,PMID:7892212,PMID:8132483"
r0999,-0.5401400543404768,0,-95.01930779307038,-318.2339389396727,Facilitated Diffusion,"Transport, peroxisomal",NA,NA,"PMID:14598172,PMID:1735445,PMID:18406340,PMID:1988962,PMID:2351134,PMID:2355017,PMID:6361812,PMID:7892212,PMID:8132483"
r1000,-0.7165717535773743,0,2.032497267848727,0.33559164380085205,Facilitated Diffusion,"Transport, endoplasmic reticular",NA,NA,"PMID:14598172,PMID:1735445,PMID:18406340,PMID:1988962,PMID:2351134,PMID:2355017,PMID:6361812,PMID:7892212,PMID:8132483"
r1001,1,0,NA,67.33299833212828,Facilitated Diffusion,"Transport, mitochondrial",NA,NA,"PMID:14598172,PMID:1735445,PMID:18406340,PMID:1988962,PMID:2351134,PMID:2355017,PMID:6361812,PMID:7892212,PMID:8132483"
r1002,0.868723017815288,0,8.934497951341234,127.18225005205274,Facilitated Diffusion,"Transport, endoplasmic reticular",NA,NA,"PMID:14598172,PMID:1735445,PMID:18406340,PMID:1988962,PMID:2351134,PMID:2355017,PMID:6361812,PMID:7892212,PMID:8132483"
r1003,-0.6431855907978234,3.80683262687924e-6,2.9195693658589588,0.6339785501027516,Facilitated Diffusion,"Transport, peroxisomal",NA,NA,"PMID:14598172,PMID:1735445,PMID:18406340,PMID:1988962,PMID:2351134,PMID:2355017,PMID:6361812,PMID:7892212,PMID:8132483"
r1011,1,0,NA,0.26834126943718656,Transport Reaction,"Transport, endoplasmic reticular",NA,NA,PMID:12543708
r1012,1,0,NA,0.26834126943718656,Postulated Transport Reaction,"Transport, peroxisomal",NA,NA,"PMID:12543708,PMID:17034878"
r1013,1,0,NA,0.29973416910114103,Transport Reaction,"Transport, endoplasmic reticular",NA,NA,PMID:12543708
r1018,1,0,NA,0.16838745317563772,Transport Reaction,"Transport, endoplasmic reticular",NA,NA,"PMID:10884298,PMID:6469982"
r1019,2.8421482252966705,0,-93.73281085540056,195.49748925450743,Postulated Transport Reaction,"Transport, peroxisomal",NA,NA,"PMID:10884298,PMID:6469982"
r1051,1,0,NA,171.50433947920297,Vesicular Transport,"Transport, endoplasmic reticular",NA,NA,"PMID:10772724,PMID:12856181"
r1078,-0.9665885906484861,0,175.93750949211122,2.989095013506808,Vesicular Transport,"Transport, mitochondrial",NA,NA,"PMID:10049700,PMID:10574970,PMID:11389679,PMID:11557028,PMID:11564694,PMID:12824232,PMID:12930836,PMID:14574404,PMID:16288981,PMID:911815"
r1117,0.38578175491758027,0,0.1091771042703338,0.24632228098704717,Facilitated Diffusion,"Transport, mitochondrial",NA,NA,PMID:17124168
r1143,0.5211584414390881,0,19.410104553961755,61.66098966056705,Major Facilitator (Mfs) Tcdb:2.A.18.6.3,"Transport, extracellular",10991.1,NA,PMID:10823827
r1150,0.9409469173119399,0,3.441275727156177,113.10727925122679,Facilitated Diffusion,"Transport, lysosomal",NA,NA,PMID:8691743
r1154,1.4689297060179511,0,-135.114038484478,711.3796780910492,Ec:1.2.7.2,Propanoate metabolism,593.1 and 594.1 and 1738.1 and 1629.1,NA,"PMID:2649080,PMID:283398,PMID:3718468,PMID:9381974"
r1155,0.812747601551199,0,73.97898410540819,716.1736090602875,Tcdb:2.A.1.13.5 Tcdb:2.A.1.13.1,"Transport, mitochondrial",9194.1 or 6566.1,NA,"PMID:12107270,PMID:12739169,PMID:12829793,PMID:17245649,PMID:18375207,PMID:8476015,PMID:8557697,PMID:9786900"
r1163,0.9904944823611347,0,0.45053559133410453,94.34400552697181,Glycoside-Pentoside-Hexuronide (Gph):Cation Symporter Tcdb:2.A.28.1.1,"Transport, extracellular",6554.1,NA,PMID:15297262
r1164,0.5706356890646664,0,3.5652175540352617,13.041740515063395,Sterol O-Acyltransferase,Miscellaneous,6646.1 or 8435.1,NA,"PMID:2760547,PMID:7822296,PMID:9242919"
r1165,-0.5766958759020903,0,0.6679443773845531,0.17932666276121453,Sterol O-Acyltransferase,Miscellaneous,6646.1 or 8435.1,NA,"PMID:2760547,PMID:7822296,PMID:9242919"
r1167,0.6543423090610122,0,54.90411995782852,262.77502560771705,Sterol O-Acyltransferase,Miscellaneous,6646.1 or 8435.1,NA,"PMID:2760547,PMID:7822296,PMID:9242919"
r1169,0.6913169046873207,0,0.30882174364858656,1.6920765778857807,Sterol O-Acyltransferase,Miscellaneous,6646.1 or 8435.1,NA,"PMID:2760547,PMID:7822296,PMID:9242919"
r1172,0.5706356890646664,0,3.5652175540352617,13.041740515063395,Sterol Esterase,Miscellaneous,3988.1 or 1056.1,NA,"PMID:11230747,PMID:8112342"
r1174,-0.5766958759020903,0,0.6679443773845531,0.17932666276121453,Sterol Esterase,Miscellaneous,3988.1 or 1056.1,NA,"PMID:11230747,PMID:8112342"
r1177,0.6543423090610122,0,54.90411995782852,262.77502560771705,Sterol Esterase,Miscellaneous,3988.1 or 1056.1,NA,"PMID:11230747,PMID:8112342"
r1181,0.6913169046873207,0,0.30882174364858656,1.6920765778857807,Sterol Esterase,Miscellaneous,3988.1 or 1056.1,NA,"PMID:11230747,PMID:8112342"
r1251,-0.5766958759020903,0,0.6679443773845531,0.17932666276121453,Long-Chain-Fatty-Acid---Coa Ligase,Fatty acid oxidation,2182.1 or 2181.1 or 81616.1 or 11001.1 or 2180.1 or 23305.1 or 51703.1,NA,PMID:8584017
r1255,0.5368487622810144,0,0.3010530593315789,0.9989674731159287,Long-Chain-Fatty-Acid---Coa Ligase,Fatty acid oxidation,2182.1 or 2181.1 or 81616.1 or 11001.1 or 2180.1 or 23305.1 or 51703.1,NA,PMID:8584017
r1259,0.8365339492953022,0,0.12858934605075883,1.444695693826494,Long-Chain-Fatty-Acid---Coa Ligase,Fatty acid oxidation,2182.1 or 2181.1 or 81616.1 or 11001.1 or 2180.1 or 23305.1 or 51703.1,NA,PMID:8584017
r1298,-0.3624506784958172,0,0.7243020462306958,0.3389321062603802,Vesicular Transport,"Transport, lysosomal",NA,NA,"PMID:11023036,PMID:12739169,PMID:12856180,PMID:12883891,PMID:1554704,PMID:18021224,PMID:4553030,PMID:793184,PMID:8725559,PMID:8781017"
r1318,0.868723017815288,0,8.934497951341234,127.18225005205274,Transport Reaction,"Transport, endoplasmic reticular",NA,NA,PMID:17466261
r1375,0.3999313158027683,0,0.1897082352334599,0.4425801685090231,Transport Reaction,Aminosugar metabolism,NA,NA,PMID:17267599
r1377,0.5184605925181441,0,2.190722763844207,6.908107902166248,S- (Hydroxymethyl)Glutathione Synthase,Miscellaneous,NA,NA,NA
r1378,0.5184605925181441,0,2.190722763844207,6.908107902166248,S- (Hydroxymethyl)Glutathione Dehydrogenase,Miscellaneous,128.1,NA,PMID:18288723
r1382,0.3537622391696242,0,0.016320378219753913,0.03418851868773484,Folylpolyglutamyl Synthetase,Folate metabolism,2356.1,NA,"PMID:16859665,PMID:2645826,PMID:2695555,PMID:7027025,PMID:7142207"
r1400,1,0,NA,4.785260531903804,Active Transport,Fatty acid oxidation,NA,NA,"PMID:12133002,PMID:4475632,PMID:5810070"
r1411,0.4731188016882929,0,54.089722872956095,151.23065312936305,D-Galactosyl-N-Acetyl-D-Galactosaminyl- (N-Acetylneuraminyl)-D- Galactosyl-D-Glucosylceramide Galactohydrolase,Miscellaneous,2720.1,NA,"PMID:12133002,PMID:4475632,PMID:5810070"
r1427,-0.4742333337007448,0,2.642821815722925,0.9425289633002175,Mitochondrial Carrier (Mc) Tcdb:2.A.29.19.1,"Transport, mitochondrial",83884.1,NA,"PMID:10938543,PMID:11493685,PMID:12713833,PMID:12747791,PMID:14640555,PMID:17259996,PMID:17504134,PMID:17826101,PMID:7011879,PMID:7672338"
r1449,0.5209187117166769,0,2.609405667632098,8.28396767609543,Acyl-CoA Oxidase,Fatty acid oxidation,8310.1 or 51.1,NA,"PMID:17603022,PMID:1774065,PMID:3597357,PMID:6240978,PMID:7876265"
r1450,0.5271578725121352,0,8.790850380466805,28.39217485956922,Acyl-CoA Oxidase,Fatty acid oxidation,8310.1 or 51.1,NA,"PMID:17603022,PMID:1774065,PMID:3597357,PMID:6240978,PMID:7876265"
r1451,-0.5150571838300612,0,13.899180936259008,4.448880225527519,Acyl-CoA Oxidase,Fatty acid oxidation,8310.1 or 51.1,NA,"PMID:17603022,PMID:1774065,PMID:3597357,PMID:6240978,PMID:7876265"
r1454,-0.9551732270500327,0,209.09302256765366,4.7939309511743575,Tcdb:2.A.1.13.5 Tcdb:2.A.1.13.1,"Transport, mitochondrial",9194.1 or 6566.1,NA,"PMID:17603022,PMID:6240978,PMID:7876265"
r1455,-0.540426341843003,0,30.215490124335886,9.014545487993816,Transport Reaction,"Transport, mitochondrial",NA,NA,"PMID:17603022,PMID:6240978,PMID:7876265"
r1459,-0.9904146368308595,0,-1.2610099177881842,-261.85054788899424,Transport Reaction,"Transport, nuclear",NA,NA,NA
r1467,1,0,NA,47.29151847465479,Postulated Transport Reaction,"Transport, mitochondrial",NA,NA,NA
r1468,1,0,NA,64.51519234016627,Postulated Transport Reaction,"Transport, mitochondrial",NA,NA,NA
r1472,-0.5160480760241073,0,37.27383636618406,11.898530863668025,Long-Chain-Acyl Coenzyme A Dehydrogenase,Fatty acid oxidation,33.1,NA,NA
r1474,-0.5160480760241073,0,37.27383636618406,11.898530863668025,Long-Chain-Acyl Coenzyme A Dehydrogenase,Fatty acid oxidation,3030.1 and 1962.1 and 1892.1,NA,NA
r1477,-0.5160480760241073,0,37.27383636618406,11.898530863668025,Long-Chain-Acyl Coenzyme A Dehydrogenase,Fatty acid oxidation,(3028.1 and 1962.1 and 3295.1) or (3033.1 and 1962.1 and 3295.1),NA,NA
r1481,-0.492257566510727,0,23.218057168996545,7.899971903271717,Long-Chain-Acyl Coenzyme A Dehydrogenase,Fatty acid oxidation,(10449.1 and 3032.1) or (3032.1 and 30.1),NA,NA
r1487,-0.7165717535773743,0,2.032497267848727,0.33559164380085205,Long-Chain-Fatty-Acid Coenzyme A Ligase,Fatty acid oxidation,2182.1 or 2181.1 or 81616.1 or 11001.1 or 2180.1 or 23305.1 or 51703.1,NA,PMID:8584017
r1495,-0.5802345899498941,0,74.09575776656865,19.682416990279407,Glycoside-Pentoside-Hexuronide (Gph):Cation Symporter Tcdb:2.A.28.1.1,"Transport, extracellular",6554.1,NA,"PMID:11076396,PMID:11819755,PMID:17404808,PMID:6384004"
r1499,0.6174721819892767,0,13.789644698034794,58.30782925690897,Glycoside-Pentoside-Hexuronide (Gph):Cation Symporter Tcdb:2.A.28.1.1,"Transport, extracellular",6554.1,NA,"PMID:11076396,PMID:11819755,PMID:17404808,PMID:6384004"
r1501,-0.3395577050232978,0,86.1636575417757,42.48127834813003,Glycoside-Pentoside-Hexuronide (Gph):Cation Symporter Tcdb:2.A.28.1.1,"Transport, extracellular",6554.1,NA,"PMID:11076396,PMID:11819755,PMID:17404808,PMID:6384004"
r1502,-0.37364752742821306,0,32.42081962213514,14.783166807825443,Glycoside-Pentoside-Hexuronide (Gph):Cation Symporter Tcdb:2.A.28.1.1,"Transport, extracellular",6554.1,NA,"PMID:11076396,PMID:11819755,PMID:17404808,PMID:6384004"
r1503,-0.4346496846411754,0,2.864598283454962,1.128848080660659,Glycoside-Pentoside-Hexuronide (Gph):Cation Symporter Tcdb:2.A.28.1.1,"Transport, extracellular",6554.1,NA,"PMID:11076396,PMID:11819755,PMID:17404808,PMID:6384004"
r1514,0.5429880980222593,0,0.2463250928399095,0.83165599156479,ATP-Binding Cassette (ABC) Tcdb:3.A.1.211.1,"Transport, extracellular",19.1,NA,PMID:16858612
r1515,0.37887905218688206,0,0.21363980326460463,0.4742771121664438,ATP-Binding Cassette (ABC) Tcdb:3.A.1.211.1,"Transport, extracellular",19.1,NA,PMID:16858612
r1517,0.7973005004038667,0,0.26141152805088785,2.3178896401486857,ATP-Binding Cassette (ABC) Tcdb:3.A.1.211.1,"Transport, extracellular",19.1,NA,PMID:16858612
r1519,0.46446999877480816,0,0.4370069692335339,1.195047138785603,ATP-Binding Cassette (ABC) Tcdb:3.A.1.211.1,"Transport, extracellular",19.1,NA,PMID:16858612
r1533,0.4781334276239825,0,0.28300086269424607,0.8015708561102957,ATP-Binding Cassette (ABC) Tcdb:3.A.1.208.15,"Transport, extracellular",10057.1,NA,PMID:16858612
r1538,-0.5660654467114831,0,55.60655691254735,15.407789300522207,Anion Exchanger (Ae) Tcdb:2.A.31.2.8,"Transport, extracellular",57835.1,NA,PMID:14722772
r1557,-1,3.3646090710535525e-4,2.94823239287436,0,Amino Acid-Polyamine-Organocation (Apc) Tcdb:2.A.3.8.1,"Transport, extracellular",8140.1,NA,"PMID:14770309,PMID:14770310"
r1566,0.9875676447205837,1.0068384729007942e-7,-15.199258414459228,-0.09507227645516395,Amino Acid-Polyamine-Organocation (Apc) Tcdb:2.A.3.8.1,"Transport, extracellular",8140.1,NA,"PMID:14770309,PMID:14770310"
r1587,0.8680532850475104,3.17639641435384e-10,1.2188807752668858,17.25646778806448,Amino Acid-Polyamine-Organocation (Apc) Tcdb:2.A.3.8.1,"Transport, extracellular",8140.1,NA,"PMID:14770309,PMID:14770310"
r1592,1,0.016878663092304028,0,0.8993278705522417,Amino Acid-Polyamine-Organocation (Apc) Tcdb:2.A.3.8.1,"Transport, extracellular",8140.1,NA,"PMID:14770309,PMID:14770310"
r1618,0.9971564827033299,0,-17.418575564932823,-0.024800270450115205,Amino Acid-Polyamine-Organocation (Apc) Tcdb:2.A.3.8.1,"Transport, extracellular",8140.1,NA,"PMID:14770309,PMID:14770310"
r1621,1.0266472185141085,0,-6.067693893188238,0.0797806167602539,Amino Acid-Polyamine-Organocation (Apc) Tcdb:2.A.3.8.1,"Transport, extracellular",8140.1,NA,"PMID:14770309,PMID:14770310"
r1624,0.6405069772374214,1.074443773573855e-9,-7.193493480239809,-1.57634850160107,Amino Acid-Polyamine-Organocation (Apc) Tcdb:2.A.3.8.1,"Transport, extracellular",8140.1,NA,"PMID:14770309,PMID:14770310"
r1626,0.9363355427237711,3.0722038991861466e-11,-2.7463077801167963,-0.0902954010174688,Amino Acid-Polyamine-Organocation (Apc) Tcdb:2.A.3.8.1,"Transport, extracellular",8140.1,NA,"PMID:14770309,PMID:14770310"
r1664,-0.896938074603075,0.005556433253205336,1.1071153094008566,0.06015032169520855,Y+Lat2 Utilized Transport,"Transport, extracellular",9057.1,NA,"PMID:14770309,PMID:14770310"
r1673,-0.38877854502429077,0,18.16156250517771,7.99316543218404,Y+Lat2 Utilized Transport,"Transport, extracellular",9057.1,NA,"PMID:14770309,PMID:14770310"
r1676,0.6879254463254082,0,53.344534228312966,288.5259169199513,Y+Lat2 Utilized Transport,"Transport, extracellular",9057.1,NA,"PMID:14770309,PMID:14770310"
r1677,0.8365751834793342,0,1.882611729741247,21.156872356241266,Y+Lat2 Utilized Transport,"Transport, extracellular",9057.1,NA,"PMID:14770309,PMID:14770310"
r1679,-0.8347528282920782,0,53.011281199467184,4.774465612885682,Y+Lat2 Utilized Transport,"Transport, extracellular",9057.1,NA,"PMID:14770309,PMID:14770310"
r1680,-0.9492877234143167,0,219.40124162445068,5.707898487665501,Y+Lat2 Utilized Transport,"Transport, extracellular",9057.1,NA,"PMID:14770309,PMID:14770310"
r1681,-0.3745578314918729,0,60.561978845626115,27.556509090083836,Y+Lat2 Utilized Transport,"Transport, extracellular",9057.1,NA,"PMID:14770309,PMID:14770310"
r1682,0.34558834353632933,0,12.2536759673547,25.195766891201586,Y+Lat2 Utilized Transport,"Transport, extracellular",9057.1,NA,"PMID:14770309,PMID:14770310"
r1683,0.5504515589623662,0,2.7858368383873313,9.608097092101444,Y+Lat2 Utilized Transport,"Transport, extracellular",9057.1,NA,"PMID:14770309,PMID:14770310"
r1684,-0.8716248134336904,0,40.41522282766849,2.7720896481931208,Y+Lat2 Utilized Transport,"Transport, extracellular",9057.1,NA,"PMID:14770309,PMID:14770310"
r1685,-0.35275154401578274,0,4.170751760923304,1.9955716550411626,Y+Lat2 Utilized Transport,"Transport, extracellular",9057.1,NA,"PMID:14770309,PMID:14770310"
r1686,0.7070738185409643,0,5.721629062283411,33.343701552990076,Y+Lat2 Utilized Transport,"Transport, extracellular",9057.1,NA,"PMID:14770309,PMID:14770310"
r1687,-0.3391034090637287,0,34.549043658238276,17.051218762711272,Y+Lat2 Utilized Transport,"Transport, extracellular",9057.1,NA,"PMID:14770309,PMID:14770310"
r1692,0.3489713625218417,0,3.998298205692321,8.284719700187317,Y+Lat2 Utilized Transport,"Transport, extracellular",9057.1,NA,"PMID:14770309,PMID:14770310"
r1693,0.8269349404353515,0,0.7207701401011894,7.6087001979822295,Y+Lat2 Utilized Transport,"Transport, extracellular",9057.1,NA,"PMID:14770309,PMID:14770310"
r1695,-0.632075309356262,0,4.5464408543661525,1.0249207467837367,Y+Lat2 Utilized Transport,"Transport, extracellular",9057.1,NA,"PMID:14770309,PMID:14770310"
r1698,-0.6724302517908356,0,6.045418555976043,1.1840830026122668,Y+Lat2 Utilized Transport,"Transport, extracellular",9057.1,NA,"PMID:14770309,PMID:14770310"
r1701,0.7388725523591666,0,5.8192172059645175,38.750721791551634,Y+Lat2 Utilized Transport,"Transport, extracellular",9057.1,NA,"PMID:14770309,PMID:14770310"
r1702,-0.4889544016469759,0,7.679395291507011,2.635756445863331,Y+Lat2 Utilized Transport,"Transport, extracellular",9057.1,NA,"PMID:14770309,PMID:14770310"
r1705,0.8789239893841653,0,4.605564975459827,71.47168520869016,Y+Lat2 Utilized Transport,"Transport, extracellular",9057.1,NA,"PMID:14770309,PMID:14770310"
r1706,-0.37498098516024314,0,180.10956214330048,81.8716057232648,Y+Lat2 Utilized Transport,"Transport, extracellular",9057.1,NA,"PMID:14770309,PMID:14770310"
r1707,-0.7130165816459038,0,23.405775071500987,3.9211934147143737,Y+Lat2 Utilized Transport,"Transport, extracellular",9057.1,NA,"PMID:14770309,PMID:14770310"
r1710,0.696196807752079,0,6.894209439719119,38.49181424691184,Y+Lat2 Utilized Transport,"Transport, extracellular",9057.1,NA,"PMID:14770309,PMID:14770310"
r1711,0.9085237629032178,0,4.560988479790923,95.15864635751396,Y+Lat2 Utilized Transport,"Transport, extracellular",9057.1,NA,"PMID:14770309,PMID:14770310"
r1713,0.6910942928686244,0,7.599768473094702,41.60468646345697,Y+Lat2 Utilized Transport,"Transport, extracellular",9057.1,NA,"PMID:14770309,PMID:14770310"
r1716,-0.38718126078871357,0,22.984979993764313,10.15413548231367,Y+Lat2 Utilized Transport,"Transport, extracellular",9057.1,NA,"PMID:14770309,PMID:14770310"
r1721,0.5558494453844847,0,110.89980272564627,388.47952517656984,Y+Lat2 Utilized Transport,"Transport, extracellular",9057.1,NA,"PMID:14770309,PMID:14770310"
r1722,-0.9443255525827519,0,72.369711057055,2.0722577386772145,Y+Lat2 Utilized Transport,"Transport, extracellular",9057.1,NA,"PMID:14770309,PMID:14770310"
r1723,0.8030750554725083,0,4.84614322795968,44.37203214934133,Y+Lat2 Utilized Transport,"Transport, extracellular",9057.1,NA,"PMID:14770309,PMID:14770310"
r1731,0.5483130129730722,0,49.61310973262638,170.0660537482053,Y+Lat2 Utilized Transport,"Transport, extracellular",9057.1,NA,"PMID:14770309,PMID:14770310"
r1733,-0.7886751564313946,0,17.119591098090783,2.022611483004228,Y+Lat2 Utilized Transport,"Transport, extracellular",9057.1,NA,"PMID:14770309,PMID:14770310"
r1734,0.3949270339025628,0,2.0997733233176947,4.8407890252555195,Y+Lat2 Utilized Transport,"Transport, extracellular",9057.1,NA,"PMID:14770309,PMID:14770310"
r1735,-0.8866390501709626,0,16.342175757388027,0.9819390550421929,Y+Lat2 Utilized Transport,"Transport, extracellular",9057.1,NA,"PMID:14770309,PMID:14770310"
r1736,0.4012271269015568,0,96.49223745810241,225.8077256607622,Y+Lat2 Utilized Transport,"Transport, extracellular",9057.1,NA,"PMID:14770309,PMID:14770310"
r1737,0.9825234408683097,0,0.6300845327572301,71.47616109710336,Y+Lat2 Utilized Transport,"Transport, extracellular",9057.1,NA,"PMID:14770309,PMID:14770310"
r1739,0.7742530915141442,0,0.2921044649499876,2.295788914491702,Y+Lat2 Utilized Transport,"Transport, extracellular",9057.1,NA,"PMID:14770309,PMID:14770310"
r1740,0.4487665751370228,0,0.2652904687533315,0.6972435750386466,Y+Lat2 Utilized Transport,"Transport, extracellular",9057.1,NA,"PMID:14770309,PMID:14770310"
r1741,-0.723675319505209,0,4.239572256031074,0.6796514609367688,Y+Lat2 Utilized Transport,"Transport, extracellular",9057.1,NA,"PMID:14770309,PMID:14770310"
r1742,-0.8237945074057105,0,27.121379643122854,2.6203259415728155,Y+Lat2 Utilized Transport,"Transport, extracellular",9057.1,NA,"PMID:14770309,PMID:14770310"
r1743,0.9748437729916571,0,2.6367416195173208,206.99259736226796,Y+Lat2 Utilized Transport,"Transport, extracellular",9057.1,NA,"PMID:14770309,PMID:14770310"
r1744,0.8696703215873762,0,3.234245140682906,46.39750689116493,Y+Lat2 Utilized Transport,"Transport, extracellular",9057.1,NA,"PMID:14770309,PMID:14770310"
r1745,-0.41819480903572126,0,2.120514659588199,0.8699273390396324,Y+Lat2 Utilized Transport,"Transport, extracellular",9057.1,NA,"PMID:14770309,PMID:14770310"
r1746,0.9562958245789404,0,2.1054296320766808,94.24370002394878,Y+Lat2 Utilized Transport,"Transport, extracellular",9057.1,NA,"PMID:14770309,PMID:14770310"
r1747,0.9812263112712302,0,1.1631594996101688,122.75063457834125,Y+Lat2 Utilized Transport,"Transport, extracellular",9057.1,NA,"PMID:14770309,PMID:14770310"
r1750,-0.9693562349548077,0,86.67622963042446,1.3487077495955455,Y+Lat2 Utilized Transport,"Transport, extracellular",9057.1,NA,"PMID:14770309,PMID:14770310"
r1751,0.8642717946771415,0,11.597244035990537,159.29198283331095,Y+Lat2 Utilized Transport,"Transport, extracellular",9057.1,NA,"PMID:14770309,PMID:14770310"
r1756,0.8794812684561024,0,11.99588083126843,187.07493044588267,Y+Lat2 Utilized Transport,"Transport, extracellular",9057.1,NA,"PMID:14770309,PMID:14770310"
r1758,0.34971039170799356,0,62.96012675291896,130.6770648924604,Y+Lat2 Utilized Transport,"Transport, extracellular",9057.1,NA,"PMID:14770309,PMID:14770310"
r1759,0.36602907134642615,0,80.8879244869616,174.29073065658324,Y+Lat2 Utilized Transport,"Transport, extracellular",9057.1,NA,"PMID:14770309,PMID:14770310"
r1761,-0.4029237473688471,0,377.96447576058506,160.85950019598306,Y+Lat2 Utilized Transport,"Transport, extracellular",9057.1,NA,"PMID:14770309,PMID:14770310"
r1762,-0.8893583896301348,0,18.979973203748465,1.111475097348109,Y+Lat2 Utilized Transport,"Transport, extracellular",9057.1,NA,"PMID:14770309,PMID:14770310"
r1764,0.9077295309497657,0,1.0545982544678845,21.804248466983903,Y+Lat2 Utilized Transport,"Transport, extracellular",9057.1,NA,"PMID:14770309,PMID:14770310"
r1767,0.8620965441543412,0,7.491666097218543,101.15921652610302,Y+Lat2 Utilized Transport,"Transport, extracellular",9057.1,NA,"PMID:14770309,PMID:14770310"
r1768,-0.9191905840508099,0,59.73525372375399,2.5152118841707765,Y+Lat2 Utilized Transport,"Transport, extracellular",9057.1,NA,"PMID:14770309,PMID:14770310"
r1770,0.9464670089594225,0,2.4971450940452518,90.79654335883558,Y+Lat2 Utilized Transport,"Transport, extracellular",9057.1,NA,"PMID:14770309,PMID:14770310"
r1771,0.8002163137369879,0,3.225542730239709,29.06480880520381,Y+Lat2 Utilized Transport,"Transport, extracellular",9057.1,NA,"PMID:14770309,PMID:14770310"
r1772,0.47427048410210887,0,5.599542122436501,15.702446649767271,Y+Lat2 Utilized Transport,"Transport, extracellular",9057.1,NA,"PMID:14770309,PMID:14770310"
r1773,0.9830846849752213,0,1.2540649040482006,147.02161334505976,Y+Lat2 Utilized Transport,"Transport, extracellular",9057.1,NA,"PMID:14770309,PMID:14770310"
r1774,0.9611198434039943,0,0.8067081811806682,40.690459104588065,Y+Lat2 Utilized Transport,"Transport, extracellular",9057.1,NA,"PMID:14770309,PMID:14770310"
r1775,-0.33372091861274494,6.990921887726664e-15,3.744745435703412,1.8707403581288804,Y+Lat2 Utilized Transport,"Transport, extracellular",9057.1,NA,"PMID:14770309,PMID:14770310"
r1777,0.8655383151411856,0,0.5838893935495391,8.100954830477946,Y+Lat2 Utilized Transport,"Transport, extracellular",9057.1,NA,"PMID:14770309,PMID:14770310"
r1779,-0.9211467472462235,0,85.67161806129515,3.5163819539010523,Y+Lat2 Utilized Transport,"Transport, extracellular",9057.1,NA,"PMID:14770309,PMID:14770310"
r1780,0.9931919867413658,0,0.2558526764454328,74.90636182745396,Y+Lat2 Utilized Transport,"Transport, extracellular",9057.1,NA,"PMID:14770309,PMID:14770310"
r1781,0.45167338529386036,0,0.6372627877790772,1.6871284443357473,Y+Lat2 Utilized Transport,"Transport, extracellular",9057.1,NA,"PMID:14770309,PMID:14770310"
r1783,-0.747034172042007,0,7.4869578665815295,1.0840912707464012,Y+Lat2 Utilized Transport,"Transport, extracellular",9057.1,NA,"PMID:14770309,PMID:14770310"
r1784,0.4547828348741813,0,15.425464258237183,41.159196845297515,Y+Lat2 Utilized Transport,"Transport, extracellular",9057.1,NA,"PMID:14770309,PMID:14770310"
r1785,-0.8827577309718251,0,9.451146537727118,0.588537678944465,Y+Lat2 Utilized Transport,"Transport, extracellular",9057.1,NA,"PMID:14770309,PMID:14770310"
r1786,-0.99308356020972,0,149.31415273388922,0.518153060834023,Y+Lat2 Utilized Transport,"Transport, extracellular",9057.1,NA,"PMID:14770309,PMID:14770310"
r1787,-0.881619957160619,0,9.389021097334847,0.5906998995692907,Y+Lat2 Utilized Transport,"Transport, extracellular",9057.1,NA,"PMID:14770309,PMID:14770310"
r1788,0.9713016944128369,0,0.6119146284799019,42.032737448374,Y+Lat2 Utilized Transport,"Transport, extracellular",9057.1,NA,"PMID:14770309,PMID:14770310"
r1789,-0.7740512586652296,0,22.38352723744083,2.8508363449078225,Y+Lat2 Utilized Transport,"Transport, extracellular",9057.1,NA,"PMID:14770309,PMID:14770310"
r1791,0.5529860213253132,0,6.536194452456384,22.707608937473314,Y+Lat2 Utilized Transport,"Transport, extracellular",9057.1,NA,"PMID:14770309,PMID:14770310"
r1792,0.8958190253083298,0,1.008005855098217,18.343048559231683,Y+Lat2 Utilized Transport,"Transport, extracellular",9057.1,NA,"PMID:14770309,PMID:14770310"
r1796,-0.5370094099002669,0,8.596286209842562,2.589443889754364,Y+Lat2 Utilized Transport,"Transport, extracellular",9057.1,NA,"PMID:14770309,PMID:14770310"
r1798,0.7695225114304951,0,1.3293589304203577,10.206335411541057,Y+Lat2 Utilized Transport,"Transport, extracellular",9057.1,NA,"PMID:14770309,PMID:14770310"
r1799,-0.5822802194249794,0,6.477250959841162,1.709985258273322,Y+Lat2 Utilized Transport,"Transport, extracellular",9057.1,NA,"PMID:14770309,PMID:14770310"
r1801,0.7986416181775123,0,0.8887224675956066,7.938548188354354,Y+Lat2 Utilized Transport,"Transport, extracellular",9057.1,NA,"PMID:14770309,PMID:14770310"
r1803,0.9729718462153376,0,0.5366183420967762,39.171483541006,Y+Lat2 Utilized Transport,"Transport, extracellular",9057.1,NA,"PMID:14770309,PMID:14770310"
r1805,0.5774935113419445,0,1.1939739707241155,4.457887019701652,Y+Lat2 Utilized Transport,"Transport, extracellular",9057.1,NA,"PMID:14770309,PMID:14770310"
r1806,0.9760397970962732,0,1.7820333680231764,146.96740545630306,Y+Lat2 Utilized Transport,"Transport, extracellular",9057.1,NA,"PMID:14770309,PMID:14770310"
r1807,-0.3884855385286326,0,10.707788198330439,4.715906037156377,Y+Lat2 Utilized Transport,"Transport, extracellular",9057.1,NA,"PMID:14770309,PMID:14770310"
r1809,-0.4933643490304004,0,76.6873446909219,26.016787412824716,Y+Lat2 Utilized Transport,"Transport, extracellular",9057.1,NA,"PMID:14770309,PMID:14770310"
r1810,0.5448404764653731,0,5.213406284063123,17.694633708497882,Y+Lat2 Utilized Transport,"Transport, extracellular",9057.1,NA,"PMID:14770309,PMID:14770310"
r1812,0.42303614111024923,0,48.9684325580135,120.77680123268962,Y+Lat2 Utilized Transport,"Transport, extracellular",9057.1,NA,"PMID:14770309,PMID:14770310"
r1813,-0.6682577669581401,0,66.55752134851738,13.235329213031893,Y+Lat2 Utilized Transport,"Transport, extracellular",9057.1,NA,"PMID:14770309,PMID:14770310"
r1817,0.38836219731934185,0,16.376797702467442,37.17384168146849,Y+Lat2 Utilized Transport,"Transport, extracellular",9057.1,NA,"PMID:14770309,PMID:14770310"
r1818,0.6975373795755339,0,6.23565374126453,34.996904070432116,Y+Lat2 Utilized Transport,"Transport, extracellular",9057.1,NA,"PMID:14770309,PMID:14770310"
r1819,0.5728481500335522,0,7.693273563127779,28.327984749259603,Y+Lat2 Utilized Transport,"Transport, extracellular",9057.1,NA,"PMID:14770309,PMID:14770310"
r1820,-0.981919411296284,0,95.13813881656453,0.8679230589170451,Y+Lat2 Utilized Transport,"Transport, extracellular",9057.1,NA,"PMID:14770309,PMID:14770310"
r1821,-0.8926046664024704,0,189.7544787821889,10.767565943486325,Y+Lat2 Utilized Transport,"Transport, extracellular",9057.1,NA,"PMID:14770309,PMID:14770310"
r1822,0.33000658463691296,0,53.61600309537649,106.43334027412683,Y+Lat2 Utilized Transport,"Transport, extracellular",9057.1,NA,"PMID:14770309,PMID:14770310"
r1823,0.6913216247256175,0,13.625140109324455,74.65535636026561,Y+Lat2 Utilized Transport,"Transport, extracellular",9057.1,NA,"PMID:14770309,PMID:14770310"
r1825,0.6020767716733134,0,8.000499714164773,32.21077293663174,Y+Lat2 Utilized Transport,"Transport, extracellular",9057.1,NA,"PMID:14770309,PMID:14770310"
r1826,0.9310704190607852,0,1.3796733791424127,38.65171402647868,Y+Lat2 Utilized Transport,"Transport, extracellular",9057.1,NA,"PMID:14770309,PMID:14770310"
r1828,0.33623764752211055,0,6.498849825317047,13.083007449522986,Y+Lat2 Utilized Transport,"Transport, extracellular",9057.1,NA,"PMID:14770309,PMID:14770310"
r1829,-0.6799574916810079,0,3.9119521954656813,0.7452515907459366,Y+Lat2 Utilized Transport,"Transport, extracellular",9057.1,NA,"PMID:14770309,PMID:14770310"
r1830,0.6548889331954229,0,0.5972361914384353,2.863888350108804,Y+Lat2 Utilized Transport,"Transport, extracellular",9057.1,NA,"PMID:14770309,PMID:14770310"
r1832,0.7736624731063376,0,5.317838316208759,41.67249854213446,Y+Lat2 Utilized Transport,"Transport, extracellular",9057.1,NA,"PMID:14770309,PMID:14770310"
r1833,0.9300519078645415,0,11.401663999366574,314.6019095444724,Y+Lat2 Utilized Transport,"Transport, extracellular",9057.1,NA,"PMID:14770309,PMID:14770310"
r1834,0.7250470926389943,0,5.739090352921933,36.00689740916901,Y+Lat2 Utilized Transport,"Transport, extracellular",9057.1,NA,"PMID:14770309,PMID:14770310"
r1835,0.5679040328841686,0,6.7697941752712705,24.56488464831747,Y+Lat2 Utilized Transport,"Transport, extracellular",9057.1,NA,"PMID:14770309,PMID:14770310"
r1836,0.8447963678034519,0,2.2916076569401542,27.238727741887235,Y+Lat2 Utilized Transport,"Transport, extracellular",9057.1,NA,"PMID:14770309,PMID:14770310"
r1837,0.761251065132533,0,14.818182263013721,109.31374126778245,Y+Lat2 Utilized Transport,"Transport, extracellular",9057.1,NA,"PMID:14770309,PMID:14770310"
r1841,-0.7070735018088703,0,24.216478104738147,4.1554438764508115,Y+Lat2 Utilized Transport,"Transport, extracellular",9057.1,NA,"PMID:14770309,PMID:14770310"
r1847,0.8905912597222502,0,1.0044954844611231,17.35775751125142,Y+Lat2 Utilized Transport,"Transport, extracellular",9057.1,NA,"PMID:14770309,PMID:14770310"
r1848,0.8502010274957309,0,5.344463900789618,66.01068375400901,Y+Lat2 Utilized Transport,"Transport, extracellular",9057.1,NA,"PMID:14770309,PMID:14770310"
r1850,0.7026695256225066,0,1.8258917859218229,10.456009621894546,Y+Lat2 Utilized Transport,"Transport, extracellular",9057.1,NA,"PMID:14770309,PMID:14770310"
r1851,0.9578212605907082,0,3.9796469983222194,184.7242855542712,Y+Lat2 Utilized Transport,"Transport, extracellular",9057.1,NA,"PMID:14770309,PMID:14770310"
r1852,0.9940274216026701,0,0.20817174586734036,69.50099974375665,Y+Lat2 Utilized Transport,"Transport, extracellular",9057.1,NA,"PMID:14770309,PMID:14770310"
r1853,0.4697194451903735,0,8.602926263442077,23.843770811960102,Y+Lat2 Utilized Transport,"Transport, extracellular",9057.1,NA,"PMID:14770309,PMID:14770310"
r1854,-0.9323616009425145,0,15.1146766360268,0.5290586034382941,Y+Lat2 Utilized Transport,"Transport, extracellular",9057.1,NA,"PMID:14770309,PMID:14770310"
r1855,0.9100266866695509,0,4.245871719678538,90.13481878761723,Y+Lat2 Utilized Transport,"Transport, extracellular",9057.1,NA,"PMID:14770309,PMID:14770310"
r1856,0.6693164877184193,1.6322362498384149e-13,8.102720353872423,40.903172307463926,Y+Lat2 Utilized Transport,"Transport, extracellular",9057.1,NA,"PMID:14770309,PMID:14770310"
r1858,-0.9257344075816115,0,60.30987688238919,2.3258392838166553,Y+Lat2 Utilized Transport,"Transport, extracellular",9057.1,NA,"PMID:14770309,PMID:14770310"
r1859,0.8052613948551637,0,4.80551044483264,44.54793379144045,Y+Lat2 Utilized Transport,"Transport, extracellular",9057.1,NA,"PMID:14770309,PMID:14770310"
r1860,0.3748075132468065,0,3.325255816321948,7.312286658287653,Y+Lat2 Utilized Transport,"Transport, extracellular",9057.1,NA,"PMID:14770309,PMID:14770310"
r1861,0.9562695391862771,0,8.863993410958955,396.5281861371398,Y+Lat2 Utilized Transport,"Transport, extracellular",9057.1,NA,"PMID:14770309,PMID:14770310"
r1862,0.7459310928102314,0,7.38283835635744,50.73398072251603,Y+Lat2 Utilized Transport,"Transport, extracellular",9057.1,NA,"PMID:14770309,PMID:14770310"
r1863,0.717437125552693,0,15.85720599719882,96.38121901327372,Y+Lat2 Utilized Transport,"Transport, extracellular",9057.1,NA,"PMID:14770309,PMID:14770310"
r1864,0.5848136733933821,0,11.241404193857312,42.90972494247551,Y+Lat2 Utilized Transport,"Transport, extracellular",9057.1,NA,"PMID:14770309,PMID:14770310"
r1865,0.34990712727474776,0,17.86994465335086,37.10664531736616,Y+Lat2 Utilized Transport,"Transport, extracellular",9057.1,NA,"PMID:14770309,PMID:14770310"
r1866,0.6640195209937457,0,3.3233289381935465,16.45954028101298,Y+Lat2 Utilized Transport,"Transport, extracellular",9057.1,NA,"PMID:14770309,PMID:14770310"
r1867,0.9793393901114555,0,0.4440359655398031,42.53978377019856,Y+Lat2 Utilized Transport,"Transport, extracellular",9057.1,NA,"PMID:14770309,PMID:14770310"
r1871,0.8606914546668192,0,17.79847572362423,237.72749622671157,Y+Lat2 Utilized Transport,"Transport, extracellular",9057.1,NA,"PMID:14770309,PMID:14770310"
r1873,0.4830752697366845,0,12.73073683399558,36.52493266168008,Y+Lat2 Utilized Transport,"Transport, extracellular",9057.1,NA,"PMID:14770309,PMID:14770310"
r1874,0.95969596788173706,0,1.0442870327356795,50.77618738885373,Y+Lat2 Utilized Transport,"Transport, extracellular",9057.1,NA,"PMID:14770309,PMID:14770310"
r1876,-0.5067354418436738,0,22.046893417578936,7.21755846337222,Y+Lat2 Utilized Transport,"Transport, extracellular",9057.1,NA,"PMID:14770309,PMID:14770310"
r1877,0.8497140198732253,0,0.8213241224244529,10.108825472788885,Y+Lat2 Utilized Transport,"Transport, extracellular",9057.1,NA,"PMID:14770309,PMID:14770310"
r1879,-0.45523739731153534,0,4.916758150237426,1.8405697734688293,Y+Lat2 Utilized Transport,"Transport, extracellular",9057.1,NA,"PMID:14770309,PMID:14770310"
r1882,-0.34578349995161384,0,0.8268332613467357,0.40194278082715573,Y+Lat2 Utilized Transport,"Transport, extracellular",9057.1,NA,"PMID:14770309,PMID:14770310"
r1883,0.657995880209268,0,7.537275855707377,36.53982976699297,Y+Lat2 Utilized Transport,"Transport, extracellular",9057.1,NA,"PMID:14770309,PMID:14770310"
r1884,0.3845146239382363,0,0.30149355002556694,0.6782000763435906,Y+Lat2 Utilized Transport,"Transport, extracellular",9057.1,NA,"PMID:14770309,PMID:14770310"
r1885,-0.9093357279320368,0,3.692874366316083,0.17535510458557038,Y+Lat2 Utilized Transport,"Transport, extracellular",9057.1,NA,"PMID:14770309,PMID:14770310"
r1886,0.8501638072963379,0,0.6525545296354219,8.05768453691653,Y+Lat2 Utilized Transport,"Transport, extracellular",9057.1,NA,"PMID:14770309,PMID:14770310"
r1888,-0.9656357580469523,0,16.05371592307985,0.2806592096057255,Y+Lat2 Utilized Transport,"Transport, extracellular",9057.1,NA,"PMID:14770309,PMID:14770310"
r1889,0.599427319041703,0,0.5320598223816633,2.1244359781247883,Y+Lat2 Utilized Transport,"Transport, extracellular",9057.1,NA,"PMID:14770309,PMID:14770310"
r1892,0.5274370193648606,0,1.5364911649415387,4.9663083682611955,Y+Lat2 Utilized Transport,"Transport, extracellular",9057.1,NA,"PMID:14770309,PMID:14770310"
r1894,-0.35746022244752323,0,16.661136796249448,7.886377039860081,Y+Lat2 Utilized Transport,"Transport, extracellular",9057.1,NA,"PMID:14770309,PMID:14770310"
r1895,-0.6775671420353406,0,4.4519267841812225,0.8556721459931447,Y+Lat2 Utilized Transport,"Transport, extracellular",9057.1,NA,"PMID:14770309,PMID:14770310"
r1898,0.5270064311538515,0,1.0925512923715797,3.5271787180673395,Y+Lat2 Utilized Transport,"Transport, extracellular",9057.1,NA,"PMID:14770309,PMID:14770310"
r1900,-0.909767243462678,0,5.279939421103895,0.24946678185371565,Y+Lat2 Utilized Transport,"Transport, extracellular",9057.1,NA,"PMID:14770309,PMID:14770310"
r1901,-0.9175940630127106,0,14.413545697660744,0.6194020733766608,Y+Lat2 Utilized Transport,"Transport, extracellular",9057.1,NA,"PMID:14770309,PMID:14770310"
r1902,0.6297665065426145,0,56.224073320635036,247.49816853054165,Y+Lat2 Utilized Transport,"Transport, extracellular",9057.1,NA,"PMID:14770309,PMID:14770310"
r1903,-0.504783178783141,0,3.64627148262267,1.1999702006094168,Y+Lat2 Utilized Transport,"Transport, extracellular",9057.1,NA,"PMID:14770309,PMID:14770310"
r1904,0.9832363633671274,0,0.5380057441157289,63.64922950777821,Y+Lat2 Utilized Transport,"Transport, extracellular",9057.1,NA,"PMID:14770309,PMID:14770310"
r1907,-0.9507646667994069,0,20.799363764692842,0.524954969066137,Y+Lat2 Utilized Transport,"Transport, extracellular",9057.1,NA,"PMID:14770309,PMID:14770310"
r1909,0.438218778526926,0,6.797260999236669,17.40170023130514,Y+Lat2 Utilized Transport,"Transport, extracellular",9057.1,NA,"PMID:14770309,PMID:14770310"
r1910,0.3395773065435469,0,19.89405527867973,40.352376213733855,Y+Lat2 Utilized Transport,"Transport, extracellular",9057.1,NA,"PMID:14770309,PMID:14770310"
r1911,0.6843205228312201,0,1.1839203081599226,6.316854330585015,Y+Lat2 Utilized Transport,"Transport, extracellular",9057.1,NA,"PMID:14770309,PMID:14770310"
r1912,-0.6244502954977165,0,1.863489570698142,0.43081217046678066,Y+Lat2 Utilized Transport,"Transport, extracellular",9057.1,NA,"PMID:14770309,PMID:14770310"
r1913,-0.8012608651322904,0,65.04664305290952,7.1768136512722815,Y+Lat2 Utilized Transport,"Transport, extracellular",9057.1,NA,"PMID:14770309,PMID:14770310"
r1914,-0.6016647007346895,0,46.5938321868442,11.587923539521546,Y+Lat2 Utilized Transport,"Transport, extracellular",9057.1,NA,"PMID:14770309,PMID:14770310"
r1915,-0.6113531687644395,0,11.714303405666426,2.825405992303445,Y+Lat2 Utilized Transport,"Transport, extracellular",9057.1,NA,"PMID:14770309,PMID:14770310"
r1916,-0.6136733888548859,0,11.621506915624332,2.7822838339663574,Y+Lat2 Utilized Transport,"Transport, extracellular",9057.1,NA,"PMID:14770309,PMID:14770310"
r1917,0.9974978345015066,4.373938822932706e-15,0.009102244641631842,7.266391440418363,Y+Lat2 Utilized Transport,"Transport, extracellular",9057.1,NA,"PMID:14770309,PMID:14770310"
r1918,0.41589177182764053,0,10.535993811514974,25.53949118715208,Y+Lat2 Utilized Transport,"Transport, extracellular",9057.1,NA,"PMID:14770309,PMID:14770310"
r1919,0.529057545610516,0,4.608125735094398,14.96167814282626,Y+Lat2 Utilized Transport,"Transport, extracellular",9057.1,NA,"PMID:14770309,PMID:14770310"
r1920,0.45930517672633825,8.737449325043483e-5,0.26780371438314904,0.7227872913221363,Y+Lat2 Utilized Transport,"Transport, extracellular",9057.1,NA,"PMID:14770309,PMID:14770310"
r1921,0.9778597079586517,0,0.03450370738427155,3.0823212486582112,Y+Lat2 Utilized Transport,"Transport, extracellular",9057.1,NA,"PMID:14770309,PMID:14770310"
r1922,0.9360416941525206,3.4065278651468495e-8,0.003230463678948581,0.09778733646892361,Y+Lat2 Utilized Transport,"Transport, extracellular",9057.1,NA,"PMID:14770309,PMID:14770310"
r1923,0.8587844275701211,0,1.3684521624929271,18.01258548011463,Y+Lat2 Utilized Transport,"Transport, extracellular",9057.1,NA,"PMID:14770309,PMID:14770310"
r1924,-0.8077844524640386,0,19.22454976706803,2.0440807279720903,Y+Lat2 Utilized Transport,"Transport, extracellular",9057.1,NA,"PMID:14770309,PMID:14770310"
r1925,0.9365856237039477,6.263361375696154e-16,0.13659326775157823,4.171365770239686,Y+Lat2 Utilized Transport,"Transport, extracellular",9057.1,NA,"PMID:14770309,PMID:14770310"
r1929,-0.7598987611818138,0,18.84214553967882,2.570615188700659,Y+Lat2 Utilized Transport,"Transport, extracellular",9057.1,NA,"PMID:14770309,PMID:14770310"
r1930,-0.5391105856672066,0,9.73518585443818,2.9152187949690793,Y+Lat2 Utilized Transport,"Transport, extracellular",9057.1,NA,"PMID:14770309,PMID:14770310"
r1931,0.8461353029900986,0,1.6103533613096923,19.321717381416477,Y+Lat2 Utilized Transport,"Transport, extracellular",9057.1,NA,"PMID:14770309,PMID:14770310"
r1932,0.8949773802695534,9.137552006577108e-12,0.011938941298425198,0.21542048525307328,Y+Lat2 Utilized Transport,"Transport, extracellular",9057.1,NA,"PMID:14770309,PMID:14770310"
r1934,-0.46663730535609177,0,3.3828085046974876,1.2302045317821204,Y+Lat2 Utilized Transport,"Transport, extracellular",9057.1,NA,"PMID:14770309,PMID:14770310"
r1935,-0.5214106251816595,3.520590263583888e-5,0.44857105919130846,0.14110677237733615,Y+Lat2 Utilized Transport,"Transport, extracellular",9057.1,NA,"PMID:14770309,PMID:14770310"
r1936,0.9900684090884658,0,0.02520235533430241,5.049987623550865,Y+Lat2 Utilized Transport,"Transport, extracellular",9057.1,NA,"PMID:14770309,PMID:14770310"
r1937,0.43773057104234586,0.04570424481584671,1.2349352758094667,3.1577462829187515,Y+Lat2 Utilized Transport,"Transport, extracellular",9057.1,NA,"PMID:14770309,PMID:14770310"
r1939,-0.7642449757898083,0,18.07357092819307,2.4151607119262217,Y+Lat2 Utilized Transport,"Transport, extracellular",9057.1,NA,"PMID:14770309,PMID:14770310"
r1941,0.94048325092665,0,1.4737471647541038,48.05003186214864,Y+Lat2 Utilized Transport,"Transport, extracellular",9057.1,NA,"PMID:14770309,PMID:14770310"
r1942,0.6958238658188273,3.3646090710535525e-4,0.11380305807590484,0.6344677316904068,Y+Lat2 Utilized Transport,"Transport, extracellular",9057.1,NA,"PMID:14770309,PMID:14770310"
r1943,0.6435416556781097,0,0.28443775148116257,1.31147243556896,Y+Lat2 Utilized Transport,"Transport, extracellular",9057.1,NA,"PMID:14770309,PMID:14770310"
r1945,-0.8010650474122957,1.020381351328764e-8,0.6493629454365931,0.07172477581986458,Y+Lat2 Utilized Transport,"Transport, extracellular",9057.1,NA,"PMID:14770309,PMID:14770310"
r1946,0.9957293748860673,0,0.034954143458371986,16.33461355487928,Y+Lat2 Utilized Transport,"Transport, extracellular",9057.1,NA,"PMID:14770309,PMID:14770310"
r1949,-0.5658295424150498,0,17.98982955881059,4.988188254116941,Y+Lat2 Utilized Transport,"Transport, extracellular",9057.1,NA,"PMID:14770309,PMID:14770310"
r1951,0.854305916138882,1.4096336836061537e-12,0.7450222910618409,9.482191763450205,Y+Lat2 Utilized Transport,"Transport, extracellular",9057.1,NA,"PMID:14770309,PMID:14770310"
r1952,-0.6099039821228195,8.368581037417284e-6,1.0095412878245116,0.2446220648163464,Y+Lat2 Utilized Transport,"Transport, extracellular",9057.1,NA,"PMID:14770309,PMID:14770310"
r1953,-0.5533567704578237,0,15.068703367257118,4.332767890135851,Y+Lat2 Utilized Transport,"Transport, extracellular",9057.1,NA,"PMID:14770309,PMID:14770310"
r1954,-0.4223064478583281,0,14.32821201975942,5.819642953877896,Y+Lat2 Utilized Transport,"Transport, extracellular",9057.1,NA,"PMID:14770309,PMID:14770310"
r1955,0.8780752380027513,0,0.3136941642235928,4.832006497151026,Y+Lat2 Utilized Transport,"Transport, extracellular",9057.1,NA,"PMID:14770309,PMID:14770310"
r1957,0.9886588919963569,1.174434621679325e-13,0.002025264831632376,0.35512940312176944,Y+Lat2 Utilized Transport,"Transport, extracellular",9057.1,NA,"PMID:14770309,PMID:14770310"
r1958,-0.8807835598671916,0,13.91170237006694,0.8818152540974188,Y+Lat2 Utilized Transport,"Transport, extracellular",9057.1,NA,"PMID:14770309,PMID:14770310"
r1959,-0.7972902073211581,0,52.86432012173533,5.962373426580429,Y+Lat2 Utilized Transport,"Transport, extracellular",9057.1,NA,"PMID:14770309,PMID:14770310"
r1960,0.5376439724181944,5.062219306978352e-4,1.145995824644901,3.8112049309660443,Y+Lat2 Utilized Transport,"Transport, extracellular",9057.1,NA,"PMID:14770309,PMID:14770310"
r1961,0.9991403963206077,0,0.011998933112761005,27.905362056414038,Y+Lat2 Utilized Transport,"Transport, extracellular",9057.1,NA,"PMID:14770309,PMID:14770310"
r1962,0.497981803230483,1.1878513834959672e-5,0.014756724599865266,0.044032875836233144,Y+Lat2 Utilized Transport,"Transport, extracellular",9057.1,NA,"PMID:14770309,PMID:14770310"
r1964,-0.5555520758054825,0,27.989879334326087,7.997188883666694,Y+Lat2 Utilized Transport,"Transport, extracellular",9057.1,NA,"PMID:14770309,PMID:14770310"
r1965,0.7137744700258343,0,1.3406317455945769,8.02702840488592,Y+Lat2 Utilized Transport,"Transport, extracellular",9057.1,NA,"PMID:14770309,PMID:14770310"
r1966,0.7966093043566786,0,0.5088379806906916,4.494714213093253,Y+Lat2 Utilized Transport,"Transport, extracellular",9057.1,NA,"PMID:14770309,PMID:14770310"
r1968,-0.7971508051151779,0,2.7945309960412095,0.3154261517810184,Y+Lat2 Utilized Transport,"Transport, extracellular",9057.1,NA,"PMID:14770309,PMID:14770310"
r1969,-0.4499606107354158,0,31.850680988369508,12.082486233621347,Y+Lat2 Utilized Transport,"Transport, extracellular",9057.1,NA,"PMID:14770309,PMID:14770310"
r1970,-0.9176521363396182,0,3.9634092760627624,0.17019681542372636,Y+Lat2 Utilized Transport,"Transport, extracellular",9057.1,NA,"PMID:14770309,PMID:14770310"
r1971,0.8738808162260265,0,2.646980499586137,39.32887789686471,Y+Lat2 Utilized Transport,"Transport, extracellular",9057.1,NA,"PMID:14770309,PMID:14770310"
r1972,0.40319802957586426,0,0.20362182335853576,0.4787546882800758,Y+Lat2 Utilized Transport,"Transport, extracellular",9057.1,NA,"PMID:14770309,PMID:14770310"
r1973,0.3672599162061074,0,12.220576682254672,26.406900840523466,Y+Lat2 Utilized Transport,"Transport, extracellular",9057.1,NA,"PMID:14770309,PMID:14770310"
r1974,-0.7870030292113825,0,10.103328557869046,1.204238796762377,Y+Lat2 Utilized Transport,"Transport, extracellular",9057.1,NA,"PMID:14770309,PMID:14770310"
r1975,0.5656622594975586,2.8159947098139885e-4,1.750997053232044,6.311839260308165,Y+Lat2 Utilized Transport,"Transport, extracellular",9057.1,NA,"PMID:14770309,PMID:14770310"
r1976,0.9651397759955799,0,0.23708137183496727,13.36474584562108,Y+Lat2 Utilized Transport,"Transport, extracellular",9057.1,NA,"PMID:14770309,PMID:14770310"
r1977,0.991100153507412,1.2146586336753287e-8,0.020252664457052014,4.530986387569085,Y+Lat2 Utilized Transport,"Transport, extracellular",9057.1,NA,"PMID:14770309,PMID:14770310"
r1979,-0.7012645719722779,0,39.24950104240924,6.892059405072779,Y+Lat2 Utilized Transport,"Transport, extracellular",9057.1,NA,"PMID:14770309,PMID:14770310"
r1981,0.705441190690768,0,2.260451417903951,13.087596893432737,Y+Lat2 Utilized Transport,"Transport, extracellular",9057.1,NA,"PMID:14770309,PMID:14770310"
r1982,0.6348836973574485,0,0.6298081308424472,2.8200960574075578,Y+Lat2 Utilized Transport,"Transport, extracellular",9057.1,NA,"PMID:14770309,PMID:14770310"
r1983,0.36764516118306534,0,1.5754968233818385,3.407454920387268,Y+Lat2 Utilized Transport,"Transport, extracellular",9057.1,NA,"PMID:14770309,PMID:14770310"
r1985,0.44160510782022216,0.0016285056590742359,1.3975863077640533,3.6081410989046097,Y+Lat2 Utilized Transport,"Transport, extracellular",9057.1,NA,"PMID:14770309,PMID:14770310"
r1986,0.9570081528130154,0,0.7658052619352121,34.859798755705356,Y+Lat2 Utilized Transport,"Transport, extracellular",9057.1,NA,"PMID:14770309,PMID:14770310"
r1988,0.9376867766835708,0,0.45603584321659874,14.18085241084881,Y+Lat2 Utilized Transport,"Transport, extracellular",9057.1,NA,"PMID:14770309,PMID:14770310"
r1990,0.8260446550692668,0,0.9016321407577023,9.464616060661116,Y+Lat2 Utilized Transport,"Transport, extracellular",9057.1,NA,"PMID:14770309,PMID:14770310"
r1991,0.8509288806322031,0,0.3535044275770429,4.389257672502938,Y+Lat2 Utilized Transport,"Transport, extracellular",9057.1,NA,"PMID:14770309,PMID:14770310"
r1992,-0.9704451070936431,1.0119218738560085e-11,1.7272207311719656,0.02590674744079588,Amino Acid-Polyamine-Organocation (Apc) Tcdb:2.A.3.8.15,"Transport, extracellular",11136.1,NA,"PMID:14770309,PMID:14770310"
r1993,-0.3353459694343961,0,9.788285307874089,4.872013269310444,Amino Acid-Polyamine-Organocation (Apc) Tcdb:2.A.3.8.15,"Transport, extracellular",11136.1,NA,"PMID:14770309,PMID:14770310"
r1994,-0.7426585365982997,0,8.493787642610446,1.254292620078847,Amino Acid-Polyamine-Organocation (Apc) Tcdb:2.A.3.8.15,"Transport, extracellular",11136.1,NA,"PMID:14770309,PMID:14770310"
r1995,0.6571153785776697,0.008952683646787361,1.7535379017561674,8.474613448294251,Amino Acid-Polyamine-Organocation (Apc) Tcdb:2.A.3.8.15,"Transport, extracellular",11136.1,NA,"PMID:14770309,PMID:14770310"
r1996,-0.41110668041854465,0,4.581437767918035,1.9119589844226836,Amino Acid-Polyamine-Organocation (Apc) Tcdb:2.A.3.8.15,"Transport, extracellular",11136.1,NA,"PMID:14770309,PMID:14770310"
r1998,0.35493202894223214,0,6.325297290442663,13.28596097764522,Amino Acid-Polyamine-Organocation (Apc) Tcdb:2.A.3.8.15,"Transport, extracellular",11136.1,NA,"PMID:14770309,PMID:14770310"
r2001,-0.7277891026214115,0,27.250267260035873,4.293243714413046,Amino Acid-Polyamine-Organocation (Apc) Tcdb:2.A.3.8.15,"Transport, extracellular",11136.1,NA,"PMID:14770309,PMID:14770310"
r2002,-0.9925424533620313,0,7.671064144361764,0.028710715057990454,Amino Acid-Polyamine-Organocation (Apc) Tcdb:2.A.3.8.15,"Transport, extracellular",11136.1,NA,"PMID:14770309,PMID:14770310"
r2003,0.3312224522955935,0.011800610138666843,0.2206162231972441,0.4391434351660311,Amino Acid-Polyamine-Organocation (Apc) Tcdb:2.A.3.8.15,"Transport, extracellular",11136.1,NA,"PMID:14770309,PMID:14770310"
r2004,-0.44458564564889924,2.8884068504684097e-10,6.268852727147564,2.4102487799584864,Amino Acid-Polyamine-Organocation (Apc) Tcdb:2.A.3.8.15,"Transport, extracellular",11136.1,NA,"PMID:14770309,PMID:14770310"
r2005,0.8884324287063928,1.0979944811655172e-14,0.17467607093742119,2.956629359701276,Amino Acid-Polyamine-Organocation (Apc) Tcdb:2.A.3.8.15,"Transport, extracellular",11136.1,NA,"PMID:14770309,PMID:14770310"
r2014,-0.9317938046986004,0,36.46636453190148,1.2875245666205883,Amino Acid-Polyamine-Organocation (Apc) Tcdb:2.A.3.8.15,"Transport, extracellular",11136.1,NA,"PMID:14770309,PMID:14770310"
r2015,-0.9983534678027369,0.0016285056590742359,3.8918165218025447,0.003206640522927046,Amino Acid-Polyamine-Organocation (Apc) Tcdb:2.A.3.8.15,"Transport, extracellular",11136.1,NA,"PMID:14770309,PMID:14770310"
r2017,-0.8794712532085744,6.148556331600164e-10,7.080946558648348,0.45409452970027925,Amino Acid-Polyamine-Organocation (Apc) Tcdb:2.A.3.8.15,"Transport, extracellular",11136.1,NA,"PMID:14770309,PMID:14770310"
r2018,-0.9953939500839765,0.023840818307088184,1.0775171608282252,0.002487277175486088,Amino Acid-Polyamine-Organocation (Apc) Tcdb:2.A.3.8.15,"Transport, extracellular",11136.1,NA,"PMID:14770309,PMID:14770310"
r2023,-0.9989000817370536,7.868949860147061e-8,2.4834419597268105,0.0013665431261062622,Amino Acid-Polyamine-Organocation (Apc) Tcdb:2.A.3.8.15,"Transport, extracellular",11136.1,NA,"PMID:14770309,PMID:14770310"
r2030,-0.9425166429906962,0,11.107155340598524,0.32868525379449126,Amino Acid-Polyamine-Organocation (Apc) Tcdb:2.A.3.8.15,"Transport, extracellular",11136.1,NA,"PMID:14770309,PMID:14770310"
r2039,-0.9947982637263324,0.029367766542902102,3.43238632007204,0.00895046318769455,Amino Acid-Polyamine-Organocation (Apc) Tcdb:2.A.3.8.15,"Transport, extracellular",11136.1,NA,"PMID:14770309,PMID:14770310"
r2041,-0.41260280500619945,2.934430649904286e-12,0.5184074499175884,0.2155673773733899,Amino Acid-Polyamine-Organocation (Apc) Tcdb:2.A.3.8.15,"Transport, extracellular",11136.1,NA,"PMID:14770309,PMID:14770310"
r2049,-0.8457449176895508,0,3.3041998044326903,0.2761430400907993,Amino Acid-Polyamine-Organocation (Apc) Tcdb:2.A.3.8.15,"Transport, extracellular",11136.1,NA,"PMID:14770309,PMID:14770310"
r2050,-0.6536057392673672,0.005292587798542504,0.020410898157348856,0.004275637057982385,Amino Acid-Polyamine-Organocation (Apc) Tcdb:2.A.3.8.15,"Transport, extracellular",11136.1,NA,"PMID:14770309,PMID:14770310"
r2055,-1,0,2.1558244906749575,0,Amino Acid-Polyamine-Organocation (Apc) Tcdb:2.A.3.8.15,"Transport, extracellular",11136.1,NA,"PMID:14770309,PMID:14770310"
r2056,0.7363750454699148,0.028180999423000633,0.31226367736174726,2.0567357060112057,Amino Acid-Polyamine-Organocation (Apc) Tcdb:2.A.3.8.15,"Transport, extracellular",11136.1,NA,"PMID:14770309,PMID:14770310"
r2057,-0.829248815271112,3.5000748046656863e-15,1.1941959739589598,0.1114721932028362,Amino Acid-Polyamine-Organocation (Apc) Tcdb:2.A.3.8.15,"Transport, extracellular",11136.1,NA,"PMID:14770309,PMID:14770310"
r2058,-0.8557773208350071,2.5079985169630785e-16,0.4505163997736294,0.03501211134204641,Amino Acid-Polyamine-Organocation (Apc) Tcdb:2.A.3.8.15,"Transport, extracellular",11136.1,NA,"PMID:14770309,PMID:14770310"
r2060,-0.7773561983589429,2.1149088417350985e-6,1.754688294629939,0.2198042648807168,Amino Acid-Polyamine-Organocation (Apc) Tcdb:2.A.3.8.15,"Transport, extracellular",11136.1,NA,"PMID:14770309,PMID:14770310"
r2061,0.8685408179473488,0.010773098573036762,0.1372809051759541,1.9512899049021304,Amino Acid-Polyamine-Organocation (Apc) Tcdb:2.A.3.8.15,"Transport, extracellular",11136.1,NA,"PMID:14770309,PMID:14770310"
r2062,0.8197469362115947,0,2.786473438028933,28.130875531971455,Amino Acid-Polyamine-Organocation (Apc) Tcdb:2.A.3.8.15,"Transport, extracellular",11136.1,NA,"PMID:14770309,PMID:14770310"
r2063,0.6048935305354842,1.0068384729007942e-7,1.5967453124873923,6.485862469923497,Amino Acid-Polyamine-Organocation (Apc) Tcdb:2.A.3.8.15,"Transport, extracellular",11136.1,NA,"PMID:14770309,PMID:14770310"
r2064,0.4995721595371894,6.148556331600164e-10,0.30613449327647685,0.917356561870873,Amino Acid-Polyamine-Organocation (Apc) Tcdb:2.A.3.8.15,"Transport, extracellular",11136.1,NA,"PMID:14770309,PMID:14770310"
r2065,-0.9988253088913399,0,10.802387255917816,0.0063484628723599595,Amino Acid-Polyamine-Organocation (Apc) Tcdb:2.A.3.8.15,"Transport, extracellular",11136.1,NA,"PMID:14770309,PMID:14770310"
r2066,0.6709766948272977,2.0835382787790367e-4,0.8641971992198029,4.388909104397148,Amino Acid-Polyamine-Organocation (Apc) Tcdb:2.A.3.8.15,"Transport, extracellular",11136.1,NA,"PMID:14770309,PMID:14770310"
r2067,0.9770075442281322,2.3863445206307293e-10,0.15220364044853485,13.087238197231294,Amino Acid-Polyamine-Organocation (Apc) Tcdb:2.A.3.8.15,"Transport, extracellular",11136.1,NA,"PMID:14770309,PMID:14770310"
r2069,0.529011318010703,0.003932240361899488,0.5321582998187979,1.7275915420293808,Amino Acid-Polyamine-Organocation (Apc) Tcdb:2.A.3.8.15,"Transport, extracellular",11136.1,NA,"PMID:14770309,PMID:14770310"
r2071,-0.4373977272923764,0,4.991531053113798,1.9537019305452705,Amino Acid-Polyamine-Organocation (Apc) Tcdb:2.A.3.8.15,"Transport, extracellular",11136.1,NA,"PMID:14770309,PMID:14770310"
r2073,-1,0.043953928071791826,0.21514240198135373,0,"Zinc (Zn2+)-Iron (Fe2+) Permease (Zip), Tcdb:2.A.55.2.3","Transport, extracellular",6556.1,NA,PMID:14530970
r2079,1.5726249917055823,0,-5.909123081272468,26.547841847884282,Major Facilitator (Mfs) Tcdb:2.A.1.13.1,"Transport, extracellular",6566.1,NA,PMID:12739169
r2080,-0.41143284404536773,0,-21.002278374238312,-50.36520505311489,Major Facilitator (Mfs) Tcdb:2.A.1.13.1,"Transport, extracellular",6566.1,NA,PMID:12739169
r2081,0.9888501397000773,0,0.849039817559719,151.44700600206423,Major Facilitator (Mfs) Tcdb:2.A.1.13.1,"Transport, extracellular",6566.1,NA,PMID:12739169
r2082,1.7301715827303998,0,-3.4289857304427773,12.821259578242898,Major Facilitator (Mfs) Tcdb:2.A.1.13.1,"Transport, extracellular",6566.1,NA,PMID:12739169
r2083,1.120641079244918,0,-1.2989551351785658,22.833164598631857,Major Facilitator (Mfs) Tcdb:2.A.1.13.1,"Transport, extracellular",6566.1,NA,PMID:12739169
r2084,1.0046663193089411,0,-0.02293723300099374,9.853911704483629,Major Facilitator (Mfs) Tcdb:2.A.1.13.1,"Transport, extracellular",6566.1,NA,PMID:12739169
r2085,1.4711601202538058,0,-11.009851444348321,57.74492502577752,Major Facilitator (Mfs) Tcdb:2.A.1.13.1,"Transport, extracellular",6566.1,NA,PMID:12739169
r2086,-3.706135036140929,0,7.525545177078247,-13.087385274910183,Major Facilitator (Mfs) Tcdb:2.A.1.13.1,"Transport, extracellular",6566.1,NA,PMID:12739169
r2087,-0.8514408209086048,0,-24.39620058852434,-304.04127110099716,Major Facilitator (Mfs) Tcdb:2.A.1.13.1,"Transport, extracellular",6566.1,NA,PMID:12739169
r2088,-7.150172979419852,0,8.039068864679336,-10.653326672250031,Major Facilitator (Mfs) Tcdb:2.A.1.13.1,"Transport, extracellular",6566.1,NA,PMID:12739169
r2089,-0.8387738273692696,0,-8.521875704008341,-97.19142834528759,Major Facilitator (Mfs) Tcdb:2.A.1.13.1,"Transport, extracellular",6566.1,NA,PMID:12739169
r2090,-1.3105073823767706,0,5.902781772252918,-43.92301644152376,Major Facilitator (Mfs) Tcdb:2.A.1.13.1,"Transport, extracellular",6566.1,NA,PMID:12739169
r2091,-0.9815631514870559,0,29.197346541303396,0.27165778428912163,Major Facilitator (Mfs) Tcdb:2.A.1.13.1,"Transport, extracellular",6566.1,NA,PMID:12739169
r2092,-1.0082540735880765,0,0.1814197243064642,-44.14025347362873,Major Facilitator (Mfs) Tcdb:2.A.1.13.1,"Transport, extracellular",6566.1,NA,PMID:12739169
r2093,-0.8625742638870048,0,46.43617493021488,3.4261858148619533,Major Facilitator (Mfs) Tcdb:2.A.1.13.1,"Transport, extracellular",6566.1,NA,PMID:12739169
r2094,0.554931636091147,1.3958498278695507e-7,2.3961630247592924,8.371454802375286,Major Facilitator (Mfs) Tcdb:2.A.1.13.1,"Transport, extracellular",6566.1,NA,PMID:12739169
r2095,0.9938829951748301,0,-49.49296352578401,-0.15183874752521515,Major Facilitator (Mfs) Tcdb:2.A.1.13.1,"Transport, extracellular",6566.1,NA,PMID:12739169
r2096,1.2199511444994544,1.2146586336753287e-8,-0.10766383376121522,1.0866433612942696,Major Facilitator (Mfs) Tcdb:2.A.1.13.1,"Transport, extracellular",6566.1,NA,PMID:12739169
r2097,0.9999999288997549,0,-42.90664378406405,-1.5253365039825438e-6,Major Facilitator (Mfs) Tcdb:2.A.1.13.1,"Transport, extracellular",6566.1,NA,PMID:12739169
r2098,-0.75376186932641,2.443179028975791e-7,-0.25816380258500554,-1.8386991152644157,Major Facilitator (Mfs) Tcdb:2.A.1.13.1,"Transport, extracellular",6566.1,NA,PMID:12739169
r2100,-0.9031622957309632,0,392.558880585289,19.97438729822135,Major Facilitator (Mfs) Tcdb:2.A.1.13.1,"Transport, extracellular",6566.1,NA,PMID:12739169
r2101,2.333080368200318,0,-15.424499013285805,38.56563795918319,Major Facilitator (Mfs) Tcdb:2.A.1.13.1,"Transport, extracellular",6566.1,NA,PMID:12739169
r2102,1.0027128202172664,0,-245.73686244675517,0.3328684581451118,Major Facilitator (Mfs) Tcdb:2.A.1.13.1,"Transport, extracellular",6566.1,NA,PMID:12739169
r2104,0.9271860382264807,0,-124.9249683217369,-4.7199811992764475,Major Facilitator (Mfs) Tcdb:2.A.1.13.1,"Transport, extracellular",6566.1,NA,PMID:12739169
r2105,1.1945490834805135,0,-69.61723813222088,6.171641352212429,Major Facilitator (Mfs) Tcdb:2.A.1.13.1,"Transport, extracellular",6566.1,NA,PMID:12739169
r2106,0.8343330550048565,0,-82.21448217172642,-7.425163090522587,Major Facilitator (Mfs) Tcdb:2.A.1.13.1,"Transport, extracellular",6566.1,NA,PMID:12739169
r2107,25.208910241237618,0.028180999423000633,-1.5903331376314163,1.721717253792286,Major Facilitator (Mfs) Tcdb:2.A.1.13.1,"Transport, extracellular",6566.1,NA,PMID:12739169
r2108,-0.3611967474981055,0,62.79212685092688,29.46805077047795,Major Facilitator (Mfs) Tcdb:2.A.1.13.1,"Transport, extracellular",6566.1,NA,PMID:12739169
r2109,-0.9716606975296809,0,-3.0642156334519384,-213.18779950779677,Major Facilitator (Mfs) Tcdb:2.A.1.13.1,"Transport, extracellular",6566.1,NA,PMID:12739169
r2111,-1.0100521921493226,0,0.498576324146986,-99.69610791541935,Major Facilitator (Mfs) Tcdb:2.A.1.13.1,"Transport, extracellular",6566.1,NA,PMID:12739169
r2112,0.8889366467932281,0,-37.93720641694069,-2.2305847912453114,Major Facilitator (Mfs) Tcdb:2.A.1.13.1,"Transport, extracellular",6566.1,NA,PMID:12739169
r2113,1.0069990593953297,0,-32.56008587827906,0.11354762420654298,Major Facilitator (Mfs) Tcdb:2.A.1.13.1,"Transport, extracellular",6566.1,NA,PMID:12739169
r2114,-0.802018685651875,0,-4.5889479538738724,-41.76843651933745,Major Facilitator (Mfs) Tcdb:2.A.1.13.1,"Transport, extracellular",6566.1,NA,PMID:12739169
r2115,-1.7946176122967055,0,69.20549495322854,-19.67779238045812,Major Facilitator (Mfs) Tcdb:2.A.1.13.1,"Transport, extracellular",6566.1,NA,PMID:12739169
r2116,-0.6228909626446063,0,33.36596522878297,7.753205432455987,Major Facilitator (Mfs) Tcdb:2.A.1.13.1,"Transport, extracellular",6566.1,NA,PMID:12739169
r2117,1.0994463538260766,0,-1.1593989765167236,24.476472592798622,Major Facilitator (Mfs) Tcdb:2.A.1.13.1,"Transport, extracellular",6566.1,NA,PMID:12739169
r2118,1.9325772958045953,6.134207314334728e-8,-2.9960723911762237,0.952769119707495,Major Facilitator (Mfs) Tcdb:2.A.1.13.1,"Transport, extracellular",6566.1,NA,PMID:12739169
r2119,-0.5230385670415567,0,20.264689066433906,6.346178845857084,Major Facilitator (Mfs) Tcdb:2.A.1.13.1,"Transport, extracellular",6566.1,NA,PMID:12739169
r2120,-1.0380061392878739,0,93.66660687144957,-1.7467592657119035,Major Facilitator (Mfs) Tcdb:2.A.1.13.1,"Transport, extracellular",6566.1,NA,PMID:12739169
r2121,1.546138891958085,0,-14.744607348141074,3.162672525408864,Major Facilitator (Mfs) Tcdb:2.A.1.13.1,"Transport, extracellular",6566.1,NA,PMID:12739169
r2122,-1,0,0,-7.153885625610408,Major Facilitator (Mfs) Tcdb:2.A.1.13.1,"Transport, extracellular",6566.1,NA,PMID:12739169
r2123,2.2017144063343874,0,-1.584127588891983,0.5945779989860952,Major Facilitator (Mfs) Tcdb:2.A.1.13.1,"Transport, extracellular",6566.1,NA,PMID:12739169
r2124,-0.8059908311877179,0,60.42039038076699,6.490680636167526,Major Facilitator (Mfs) Tcdb:2.A.1.13.1,"Transport, extracellular",6566.1,NA,PMID:12739169
r2125,-0.7284857426717848,0,-1.7511084869384765,-11.147724187042844,Major Facilitator (Mfs) Tcdb:2.A.1.13.1,"Transport, extracellular",6566.1,NA,PMID:12739169
r2126,-1.0576724166758733,0,0.08986559219360354,-3.206280591712706,Major Facilitator (Mfs) Tcdb:2.A.1.13.1,"Transport, extracellular",6566.1,NA,PMID:12739169
r2127,-0.3428109425250979,0,-9.407494460308552,-19.221997626655547,Major Facilitator (Mfs) Tcdb:2.A.1.13.1,"Transport, extracellular",6566.1,NA,PMID:12739169
r2128,-1.9273518632397686,9.349457197851987e-9,3.586929792650044,-1.1362986692152919,Major Facilitator (Mfs) Tcdb:2.A.1.13.1,"Transport, extracellular",6566.1,NA,PMID:12739169
r2129,1.0039685476780542,0,-0.051135787200927735,25.821665134097636,Major Facilitator (Mfs) Tcdb:2.A.1.13.1,"Transport, extracellular",6566.1,NA,PMID:12739169
r2130,0.8074825545716804,0,0.9560614146471024,8.976144079977274,Major Facilitator (Mfs) Tcdb:2.A.1.13.1,"Transport, extracellular",6566.1,NA,PMID:12739169
r2132,-0.37522747100018256,0,31.804702992031537,14.44903126314655,Major Facilitator (Mfs) Tcdb:2.A.1.13.1,"Transport, extracellular",6566.1,NA,PMID:12739169
r2140,-0.6683937401680984,0,-7.990233384148777,-40.20085557900406,Resistance-Nodulation-Cell Division (Rnd) Tcdb:2.A.60.1.14,"Transport, extracellular",6579.1,NA,"PMID:11076394,PMID:11076396,PMID:14579113"
r2141,-0.5801490358988773,0,-35.7159682656575,-134.42044355430045,Resistance-Nodulation-Cell Division (Rnd) Tcdb:2.A.60.1.14,"Transport, extracellular",6579.1,NA,"PMID:11076394,PMID:11076396,PMID:14579113"
r2142,2.432923971443905,0,-136.08195943797304,326.01800929112505,Resistance-Nodulation-Cell Division (Rnd) Tcdb:2.A.60.1.14,"Transport, extracellular",6579.1,NA,"PMID:11076394,PMID:11076396,PMID:14579113"
r2143,-0.999999974995532,0,-3.2572395866736767e-7,-26.053260146159307,Resistance-Nodulation-Cell Division (Rnd) Tcdb:2.A.60.1.14,"Transport, extracellular",6579.1,NA,"PMID:11076394,PMID:11076396,PMID:14579113"
r2144,-0.8124919441706232,0,-13.789644647025318,-133.29357890869454,Resistance-Nodulation-Cell Division (Rnd) Tcdb:2.A.60.1.14,"Transport, extracellular",6579.1,NA,"PMID:11076394,PMID:11076396,PMID:14579113"
r2146,-0.7401209757789686,0,0.583599021914741,0.08715781630277633,Resistance-Nodulation-Cell Division (Rnd) Tcdb:2.A.60.1.14,"Transport, extracellular",6579.1,NA,"PMID:11076394,PMID:11076396,PMID:14579113"
r2147,-0.9910763292214015,0,267.29322329497336,1.1979634788624607,Resistance-Nodulation-Cell Division (Rnd) Tcdb:2.A.60.1.14,"Transport, extracellular",6579.1,NA,"PMID:11076394,PMID:11076396,PMID:14579113"
r2148,0.8850249404810476,0,4.138381357271037,67.84908052508383,Resistance-Nodulation-Cell Division (Rnd) Tcdb:2.A.60.1.14,"Transport, extracellular",6579.1,NA,"PMID:11076394,PMID:11076396,PMID:14579113"
r2149,-0.999999995436963,0,-1.0460428065925953e-7,-45.848536682123225,Resistance-Nodulation-Cell Division (Rnd) Tcdb:2.A.60.1.14,"Transport, extracellular",6579.1,NA,"PMID:11076394,PMID:11076396,PMID:14579113"
r2151,0.4407944033182019,0,33.06595273699165,85.1944972055614,Resistance-Nodulation-Cell Division (Rnd) Tcdb:2.A.60.1.14,"Transport, extracellular",6579.1,NA,"PMID:11076394,PMID:11076396,PMID:14579113"
r2152,0.4394503975826724,0,10.20566543233618,26.2074027005285,Resistance-Nodulation-Cell Division (Rnd) Tcdb:2.A.60.1.14,"Transport, extracellular",6579.1,NA,"PMID:11076394,PMID:11076396,PMID:14579113"
r2153,0.9507459594989811,0,1.2224906478603836,48.4177271058524,Resistance-Nodulation-Cell Division (Rnd) Tcdb:2.A.60.1.14,"Transport, extracellular",6579.1,NA,"PMID:11076394,PMID:11076396,PMID:14579113"
r2154,0.9976797822472981,3.7600062467122494e-16,0.004594691789150238,3.9559747709691524,Resistance-Nodulation-Cell Division (Rnd) Tcdb:2.A.60.1.14,"Transport, extracellular",6579.1,NA,"PMID:11076394,PMID:11076396,PMID:14579113"
r2155,0.9977230143209029,0,0.0021854400396347047,1.91740506041646,Resistance-Nodulation-Cell Division (Rnd) Tcdb:2.A.60.1.14,"Transport, extracellular",6579.1,NA,"PMID:11076394,PMID:11076396,PMID:14579113"
r2156,0.9904847317603256,0,0.017966690826416016,3.7584251825004817,Resistance-Nodulation-Cell Division (Rnd) Tcdb:2.A.60.1.14,"Transport, extracellular",6579.1,NA,"PMID:11076394,PMID:11076396,PMID:14579113"
r2157,0.9654636150353024,0,0.6486249727627786,36.91320863696756,Resistance-Nodulation-Cell Division (Rnd) Tcdb:2.A.60.1.14,"Transport, extracellular",6579.1,NA,"PMID:11076394,PMID:11076396,PMID:14579113"
r2158,0.7850238451592118,0,0.506085681266182,4.20221028431186,Resistance-Nodulation-Cell Division (Rnd) Tcdb:2.A.60.1.14,"Transport, extracellular",6579.1,NA,"PMID:11076394,PMID:11076396,PMID:14579113"
r2159,-0.9098442271494852,0,22.491681353562505,1.0617383796606492,Resistance-Nodulation-Cell Division (Rnd) Tcdb:2.A.60.1.14,"Transport, extracellular",6579.1,NA,"PMID:11076394,PMID:11076396,PMID:14579113"
r2163,1,0,0,29.962737567256323,Resistance-Nodulation-Cell Division (Rnd) Tcdb:2.A.60.1.14,"Transport, extracellular",6579.1,NA,"PMID:11076394,PMID:11076396,PMID:14579113"
r2164,1,0,0,26.793267916576564,Resistance-Nodulation-Cell Division (Rnd) Tcdb:2.A.60.1.14,"Transport, extracellular",6579.1,NA,"PMID:11076394,PMID:11076396,PMID:14579113"
r2165,1,0,0,61.109871038553116,Resistance-Nodulation-Cell Division (Rnd) Tcdb:2.A.60.1.14,"Transport, extracellular",6579.1,NA,"PMID:11076394,PMID:11076396,PMID:14579113"
r2166,-0.3407693941225948,1.1265109912830196e-15,1.0800960706546902e-6,5.310625303536654e-7,Resistance-Nodulation-Cell Division (Rnd) Tcdb:2.A.60.1.14,"Transport, extracellular",6579.1,NA,"PMID:11076394,PMID:11076396,PMID:14579113"
r2167,-0.4428034532887389,3.3583359104806135e-7,1.2970633571967482e-6,5.009131506085396e-7,Resistance-Nodulation-Cell Division (Rnd) Tcdb:2.A.60.1.14,"Transport, extracellular",6579.1,NA,"PMID:11076394,PMID:11076396,PMID:14579113"
r2169,1,0,0,52.83811933851391,Resistance-Nodulation-Cell Division (Rnd) Tcdb:2.A.60.1.14,"Transport, extracellular",6579.1,NA,"PMID:11076394,PMID:11076396,PMID:14579113"
r2170,1,0,0,0.7227810244186316,Resistance-Nodulation-Cell Division (Rnd) Tcdb:2.A.60.1.14,"Transport, extracellular",6579.1,NA,"PMID:11076394,PMID:11076396,PMID:14579113"
r2171,1,0,0,91.5411622952316,Resistance-Nodulation-Cell Division (Rnd) Tcdb:2.A.60.1.14,"Transport, extracellular",6579.1,NA,"PMID:11076394,PMID:11076396,PMID:14579113"
r2172,1,0,0,0.8920384511406534,Resistance-Nodulation-Cell Division (Rnd) Tcdb:2.A.60.1.14,"Transport, extracellular",6579.1,NA,"PMID:11076394,PMID:11076396,PMID:14579113"
r2173,1,0,0,0.6024468125523301,Resistance-Nodulation-Cell Division (Rnd) Tcdb:2.A.60.1.14,"Transport, extracellular",6579.1,NA,"PMID:11076394,PMID:11076396,PMID:14579113"
r2174,1,0,0,6.4447326606341635,Resistance-Nodulation-Cell Division (Rnd) Tcdb:2.A.60.1.14,"Transport, extracellular",6579.1,NA,"PMID:11076394,PMID:11076396,PMID:14579113"
r2178,0.9987515895415514,0,0.17148541985991178,274.55453709840776,Resistance-Nodulation-Cell Division (Rnd) Tcdb:2.A.60.1.14,"Transport, extracellular",6579.1,NA,"PMID:11076394,PMID:11076396,PMID:14579113"
r2179,-0.8324971472011646,0,3.2975550612902014,0.30141923051338426,Resistance-Nodulation-Cell Division (Rnd) Tcdb:2.A.60.1.14,"Transport, extracellular",6579.1,NA,"PMID:11076394,PMID:11076396,PMID:14579113"
r2180,-0.7290451691979069,0,7.3708222512073815,1.1550651952456916,Resistance-Nodulation-Cell Division (Rnd) Tcdb:2.A.60.1.14,"Transport, extracellular",6579.1,NA,"PMID:11076394,PMID:11076396,PMID:14579113"
r2182,-0.9985596792351262,0,220.4361496436596,0.1588637892374907,Resistance-Nodulation-Cell Division (Rnd) Tcdb:2.A.60.1.14,"Transport, extracellular",6579.1,NA,"PMID:11076394,PMID:11076396,PMID:14579113"
r2183,-0.3781751700911025,0,7.97152306902539,3.596706053109269,Resistance-Nodulation-Cell Division (Rnd) Tcdb:2.A.60.1.14,"Transport, extracellular",6579.1,NA,"PMID:11076394,PMID:11076396,PMID:14579113"
r2184,0.9999998884083379,0,4.011206328868866e-8,0.7189078528735321,Resistance-Nodulation-Cell Division (Rnd) Tcdb:2.A.60.1.14,"Transport, extracellular",6579.1,NA,"PMID:11076394,PMID:11076396,PMID:14579113"
r2185,0.9999999992952038,0,2.8803199529647826e-8,81.73483390663834,Resistance-Nodulation-Cell Division (Rnd) Tcdb:2.A.60.1.14,"Transport, extracellular",6579.1,NA,"PMID:11076394,PMID:11076396,PMID:14579113"
r2186,0.999999971600742,0,2.096835523843765e-8,1.4766832980473525,Resistance-Nodulation-Cell Division (Rnd) Tcdb:2.A.60.1.14,"Transport, extracellular",6579.1,NA,"PMID:11076394,PMID:11076396,PMID:14579113"
r2187,0.9995753572013266,0,1.6851729378104208e-4,0.7935211169472197,Resistance-Nodulation-Cell Division (Rnd) Tcdb:2.A.60.1.14,"Transport, extracellular",6579.1,NA,"PMID:11076394,PMID:11076396,PMID:14579113"
r2188,0.9999845510535597,0,6.815428137779236e-5,8.823094207114261,Resistance-Nodulation-Cell Division (Rnd) Tcdb:2.A.60.1.14,"Transport, extracellular",6579.1,NA,"PMID:11076394,PMID:11076396,PMID:14579113"
r2189,0.9998636985046954,0,8.678441643714905e-5,1.2733316214965802,Resistance-Nodulation-Cell Division (Rnd) Tcdb:2.A.60.1.14,"Transport, extracellular",6579.1,NA,"PMID:11076394,PMID:11076396,PMID:14579113"
r2193,-0.7887002149060918,0,-60.59698792521367,-512.967134710145,Resistance-Nodulation-Cell Division (Rnd) Tcdb:2.A.60.1.14,"Transport, extracellular",6579.1,NA,"PMID:11076394,PMID:11076396,PMID:14579113"
r2194,-0.558954607509626,0,-15.90954543309973,-56.235162136640774,Resistance-Nodulation-Cell Division (Rnd) Tcdb:2.A.60.1.14,"Transport, extracellular",6579.1,NA,"PMID:11076394,PMID:11076396,PMID:14579113"
r2195,0.5721935136061775,0,-77.01147053268382,-20.955439858697684,Resistance-Nodulation-Cell Division (Rnd) Tcdb:2.A.60.1.14,"Transport, extracellular",6579.1,NA,"PMID:11076394,PMID:11076396,PMID:14579113"
r2196,0.701403448407302,0,-164.46189159573316,-28.863085792419312,Resistance-Nodulation-Cell Division (Rnd) Tcdb:2.A.60.1.14,"Transport, extracellular",6579.1,NA,"PMID:11076394,PMID:11076396,PMID:14579113"
r2197,-1.0229959284037937,0,2.3613157813763244,-207.72947834590897,Resistance-Nodulation-Cell Division (Rnd) Tcdb:2.A.60.1.14,"Transport, extracellular",6579.1,NA,"PMID:11076394,PMID:11076396,PMID:14579113"
r2198,-0.3482440233816966,0,-38.428069857119766,-79.49357945864834,Resistance-Nodulation-Cell Division (Rnd) Tcdb:2.A.60.1.5,"Transport, extracellular",10599.1,NA,"PMID:11076394,PMID:11076396,PMID:14579113"
r2199,-0.7307364546559703,0,-17.329078095857753,-111.3855466315031,Resistance-Nodulation-Cell Division (Rnd) Tcdb:2.A.60.1.5,"Transport, extracellular",10599.1,NA,"PMID:11076394,PMID:11076396,PMID:14579113"
r2200,-0.9452375565810678,0,-1.2263556588761158,-43.561845243501665,Resistance-Nodulation-Cell Division (Rnd) Tcdb:2.A.60.1.5,"Transport, extracellular",10599.1,NA,"PMID:11076394,PMID:11076396,PMID:14579113"
r2201,-1.005053342168708,0,316.2075618882865,-0.796938900800579,Resistance-Nodulation-Cell Division (Rnd) Tcdb:2.A.60.1.5,"Transport, extracellular",10599.1,NA,"PMID:11076394,PMID:11076396,PMID:14579113"
r2202,0.9977500090944003,0,0.312528372518497,277.49159229364653,Resistance-Nodulation-Cell Division (Rnd) Tcdb:2.A.60.1.5,"Transport, extracellular",10599.1,NA,"PMID:11076394,PMID:11076396,PMID:14579113"
r2206,0.9919259107224689,0,0.003807641923427582,0.9393679392591119,Resistance-Nodulation-Cell Division (Rnd) Tcdb:2.A.60.1.14,"Transport, extracellular",6579.1,NA,"PMID:11076396,PMID:14579113"
r2207,0.9924141418717438,0,0.01805378657896072,4.741799686481059,Resistance-Nodulation-Cell Division (Rnd) Tcdb:2.A.60.1.14,"Transport, extracellular",6579.1,NA,"PMID:11076396,PMID:14579113"
r2208,0.9959654259219393,0,0.001547467073239386,0.7655555992227746,Resistance-Nodulation-Cell Division (Rnd) Tcdb:2.A.60.1.14,"Transport, extracellular",6579.1,NA,"PMID:11076396,PMID:14579113"
r2209,-0.9562525186945373,5.9487194582503784e-5,0.06907142698415555,0.001544637480005622,Resistance-Nodulation-Cell Division (Rnd) Tcdb:2.A.60.1.14,"Transport, extracellular",6579.1,NA,"PMID:11076396,PMID:14579113"
r2210,-0.9973341969755922,4.3503354406532514e-13,0.5365941343158483,7.161817327840254e-4,Resistance-Nodulation-Cell Division (Rnd) Tcdb:2.A.60.1.14,"Transport, extracellular",6579.1,NA,"PMID:11076396,PMID:14579113"
r2211,-0.9383003083979241,4.2530518608995564e-7,0.12217116898931563,0.003888934762403369,Resistance-Nodulation-Cell Division (Rnd) Tcdb:2.A.60.1.14,"Transport, extracellular",6579.1,NA,"PMID:11076396,PMID:14579113"
r2212,-0.7282462903484227,0,110.95908050898313,17.447479515066743,Resistance-Nodulation-Cell Division (Rnd) Tcdb:2.A.60.1.14,"Transport, extracellular",6579.1,NA,"PMID:11076396,PMID:14579113"
r2213,0.5932902465431649,0,4.10564062436372,16.083895473395287,Resistance-Nodulation-Cell Division (Rnd) Tcdb:2.A.60.1.14,"Transport, extracellular",6579.1,NA,"PMID:11076396,PMID:14579113"
r2214,0.9044407813070224,0,1.8609283652008861,37.087242008185385,Resistance-Nodulation-Cell Division (Rnd) Tcdb:2.A.60.1.14,"Transport, extracellular",6579.1,NA,"PMID:11076396,PMID:14579113"
r2218,0.454265140445955,0,4.78971451968695,12.763551268028841,Resistance-Nodulation-Cell Division (Rnd) Tcdb:2.A.60.1.5,"Transport, extracellular",10599.1,NA,"PMID:11076396,PMID:14579113"
r2219,0.7484668716333146,0,3.284529668026132,22.831550463080408,Resistance-Nodulation-Cell Division (Rnd) Tcdb:2.A.60.1.5,"Transport, extracellular",10599.1,NA,"PMID:11076396,PMID:14579113"
r2227,-0.7891451849240535,0,200.3881526590824,23.616197963350267,Resistance-Nodulation-Cell Division (Rnd) Tcdb:2.A.60.1.5,"Transport, extracellular",10599.1,NA,"PMID:11076396,PMID:14579113"
r2228,0.980066749471277,0,1.0413243466637447,103.43981335470974,Resistance-Nodulation-Cell Division (Rnd) Tcdb:2.A.60.1.5,"Transport, extracellular",10599.1,NA,"PMID:11076396,PMID:14579113"
r2229,-0.5555894037074965,0,69.34296855127812,19.810336795248837,Resistance-Nodulation-Cell Division (Rnd) Tcdb:2.A.60.1.5,"Transport, extracellular",10599.1,NA,"PMID:11076396,PMID:14579113"
r2233,0.9590217939547984,2.5079985169630785e-16,0.15802211537361147,7.55447340965271,Resistance-Nodulation-Cell Division (Rnd) Tcdb:2.A.60.1.5,"Transport, extracellular",10599.1,NA,"PMID:11076396,PMID:14579113"
r2234,0.957045083967938,2.2645056604215935e-13,0.1053510318517685,4.799839879155159,Resistance-Nodulation-Cell Division (Rnd) Tcdb:2.A.60.1.5,"Transport, extracellular",10599.1,NA,"PMID:11076396,PMID:14579113"
r2235,0.8083913025877378,2.5149590293296588e-11,0.07326670240163803,0.6914867079719901,Resistance-Nodulation-Cell Division (Rnd) Tcdb:2.A.60.1.5,"Transport, extracellular",10599.1,NA,"PMID:11076396,PMID:14579113"
r2242,-0.9085792678772358,0,0.01621637003617361,7.767622995976125e-4,Resistance-Nodulation-Cell Division (Rnd) Tcdb:2.A.60.1.5,"Transport, extracellular",10599.1,NA,"PMID:11076396,PMID:14579113"
r2243,0.9588785477572814,5.461867683828791e-6,5.470544782467186e-4,0.026059713931474833,Resistance-Nodulation-Cell Division (Rnd) Tcdb:2.A.60.1.5,"Transport, extracellular",10599.1,NA,"PMID:11076396,PMID:14579113"
r2248,-0.9999996119809909,0,144.53744630865046,2.804164377885172e-5,Resistance-Nodulation-Cell Division (Rnd) Tcdb:2.A.60.1.5,"Transport, extracellular",10599.1,NA,"PMID:11076396,PMID:14579113"
r2249,-0.9995281531898659,0,2.5478456242023384,6.012382614248053e-4,Resistance-Nodulation-Cell Division (Rnd) Tcdb:2.A.60.1.5,"Transport, extracellular",10599.1,NA,"PMID:11076396,PMID:14579113"
r2250,-0.999999980195474,0,53.101848544861376,5.258284756564536e-7,Resistance-Nodulation-Cell Division (Rnd) Tcdb:2.A.60.1.5,"Transport, extracellular",10599.1,NA,"PMID:11076396,PMID:14579113"
r2254,0.9994677298328852,0,4.065997117810184e-4,1.5273878809934598,Resistance-Nodulation-Cell Division (Rnd) Tcdb:2.A.60.1.5,"Transport, extracellular",10599.1,NA,"PMID:11076396,PMID:14579113"
r2255,0.9999869694361143,0,4.2967324652709067e-4,65.94809723623843,Resistance-Nodulation-Cell Division (Rnd) Tcdb:2.A.60.1.5,"Transport, extracellular",10599.1,NA,"PMID:11076396,PMID:14579113"
r2256,0.9944508104897438,0,0.003815273721283302,1.3712589472011911,Resistance-Nodulation-Cell Division (Rnd) Tcdb:2.A.60.1.5,"Transport, extracellular",10599.1,NA,"PMID:11076396,PMID:14579113"
r2260,0.9654149803655855,0,0.006328835797251668,0.3596582802519202,Resistance-Nodulation-Cell Division (Rnd) Tcdb:2.A.60.1.5,"Transport, extracellular",10599.1,NA,"PMID:11076396,PMID:14579113"
r2261,0.620878151967313,0,7.216268480522559e-4,0.0030852065053768455,Resistance-Nodulation-Cell Division (Rnd) Tcdb:2.A.60.1.5,"Transport, extracellular",10599.1,NA,"PMID:11076396,PMID:14579113"
r2263,-0.999556772075484,0,76.99805017009973,0.017067625408433377,Resistance-Nodulation-Cell Division (Rnd) Tcdb:2.A.60.1.5,"Transport, extracellular",10599.1,NA,"PMID:11076396,PMID:14579113"
r2264,-0.9928896905128188,0,0.5905480681631714,0.0021069804072380064,Resistance-Nodulation-Cell Division (Rnd) Tcdb:2.A.60.1.5,"Transport, extracellular",10599.1,NA,"PMID:11076396,PMID:14579113"
r2265,-0.999999806420855,0,1.0781488548374036,1.0435357689857483e-7,Resistance-Nodulation-Cell Division (Rnd) Tcdb:2.A.60.1.5,"Transport, extracellular",10599.1,NA,"PMID:11076396,PMID:14579113"
r2266,-0.9979445833210234,0,5.04343053856637,0.005188507896949886,Resistance-Nodulation-Cell Division (Rnd) Tcdb:2.A.60.1.5,"Transport, extracellular",10599.1,NA,"PMID:11076396,PMID:14579113"
r2267,-0.9998013550207966,0,39.036069395834204,0.003877544724056497,Resistance-Nodulation-Cell Division (Rnd) Tcdb:2.A.60.1.5,"Transport, extracellular",10599.1,NA,"PMID:11076396,PMID:14579113"
r2268,-0.9994219670914255,0,3.0197039695980843,8.729964446276427e-4,Resistance-Nodulation-Cell Division (Rnd) Tcdb:2.A.60.1.5,"Transport, extracellular",10599.1,NA,"PMID:11076396,PMID:14579113"
r2269,-0.9548202945957251,0,0.11436694893495587,0.002643243000470102,Resistance-Nodulation-Cell Division (Rnd) Tcdb:2.A.60.1.5,"Transport, extracellular",10599.1,NA,"PMID:11076396,PMID:14579113"
r2270,-0.9993490740550223,0,2.083697266384639,6.78387095965445e-4,Resistance-Nodulation-Cell Division (Rnd) Tcdb:2.A.60.1.5,"Transport, extracellular",10599.1,NA,"PMID:11076396,PMID:14579113"
r2271,-0.9999584594595121,0,207.99561960249542,0.004320214960724115,Resistance-Nodulation-Cell Division (Rnd) Tcdb:2.A.60.1.5,"Transport, extracellular",10599.1,NA,"PMID:11076396,PMID:14579113"
r2275,0.997523461209052,0,0.004743654485512525,3.8261307116668672,Resistance-Nodulation-Cell Division (Rnd) Tcdb:2.A.60.1.5,"Transport, extracellular",10599.1,NA,"PMID:11076396,PMID:14579113"
r2276,0.9999852387700817,0,1.6465593129396438e-6,0.22309078165479004,Resistance-Nodulation-Cell Division (Rnd) Tcdb:2.A.60.1.5,"Transport, extracellular",10599.1,NA,"PMID:11076396,PMID:14579113"
r2277,0.8312173523598115,1.3093649064148334e-13,6.676252487814053e-4,0.0072434397583827385,Resistance-Nodulation-Cell Division (Rnd) Tcdb:2.A.60.1.5,"Transport, extracellular",10599.1,NA,"PMID:11076396,PMID:14579113"
r2290,-0.9657134798945742,8.202371816408283e-5,0.19739228670299053,0.0034429710514377802,Resistance-Nodulation-Cell Division (Rnd) Tcdb:2.A.60.1.5,"Transport, extracellular",10599.1,NA,"PMID:11076396,PMID:14579113"
r2291,-0.4503848615487781,4.0128762624810395e-4,9.843138698488474e-4,3.730001727119088e-4,Resistance-Nodulation-Cell Division (Rnd) Tcdb:2.A.60.1.5,"Transport, extracellular",10599.1,NA,"PMID:11076396,PMID:14579113"
r2292,0.9992782777320034,0.0032125352774578213,7.61692225933075e-7,0.002110001019993797,Resistance-Nodulation-Cell Division (Rnd) Tcdb:2.A.60.1.5,"Transport, extracellular",10599.1,NA,"PMID:11076396,PMID:14579113"
r2294,-0.8838001657831388,8.926733629245073e-4,0.01765118445053522,0.0010887910215416922,Resistance-Nodulation-Cell Division (Rnd) Tcdb:2.A.60.1.5,"Transport, extracellular",10599.1,NA,"PMID:11076396,PMID:14579113"
r2295,-0.36224621853589595,8.737449325043483e-5,1.5782620537793264e-4,7.388844830275047e-5,Resistance-Nodulation-Cell Division (Rnd) Tcdb:2.A.60.1.5,"Transport, extracellular",10599.1,NA,"PMID:11076396,PMID:14579113"
r2298,0.9977092326416911,0.008952683646787361,7.991111939016263e-4,0.6968808090329752,Resistance-Nodulation-Cell Division (Rnd) Tcdb:2.A.60.1.5,"Transport, extracellular",10599.1,NA,"PMID:11076396,PMID:14579113"
r2299,0.9999945241025691,0,4.123913161456585e-4,150.62012838198834,Resistance-Nodulation-Cell Division (Rnd) Tcdb:2.A.60.1.5,"Transport, extracellular",10599.1,NA,"PMID:11076396,PMID:14579113"
r2300,0.9999983252827593,0,5.226572956889867e-5,62.417325787551704,Resistance-Nodulation-Cell Division (Rnd) Tcdb:2.A.60.1.5,"Transport, extracellular",10599.1,NA,"PMID:11076396,PMID:14579113"
r2301,0.9999762808511812,0,1.6840692795813084e-4,14.199913496946055,Resistance-Nodulation-Cell Division (Rnd) Tcdb:2.A.60.1.5,"Transport, extracellular",10599.1,NA,"PMID:11076396,PMID:14579113"
r2302,0.9999944152565237,1.717981402090149e-8,2.461629110039212e-5,8.815524819111824,Resistance-Nodulation-Cell Division (Rnd) Tcdb:2.A.60.1.5,"Transport, extracellular",10599.1,NA,"PMID:11076396,PMID:14579113"
r2303,0.9997869724365328,5.5518878228754334e-11,4.124476571101696e-4,3.8718344146490096,Resistance-Nodulation-Cell Division (Rnd) Tcdb:2.A.60.1.5,"Transport, extracellular",10599.1,NA,"PMID:11076396,PMID:14579113"
r2304,0.9908857943415522,9.859593958937194e-15,0.06183707581518683,13.507546397087257,Resistance-Nodulation-Cell Division (Rnd) Tcdb:2.A.60.1.5,"Transport, extracellular",10599.1,NA,"PMID:11076396,PMID:14579113"
r2306,-0.8037724771020198,0,0.836256569986936,0.09097408754087373,Resistance-Nodulation-Cell Division (Rnd) Tcdb:2.A.60.1.5,"Transport, extracellular",10599.1,NA,"PMID:11076396,PMID:14579113"
r2307,-0.9896627704451172,0,36.845479065567254,0.19142951298987462,Resistance-Nodulation-Cell Division (Rnd) Tcdb:2.A.60.1.5,"Transport, extracellular",10599.1,NA,"PMID:11076396,PMID:14579113"
r2310,-0.3634066808446695,2.443179028975791e-7,42.15025450665951,19.680533179588615,Resistance-Nodulation-Cell Division (Rnd) Tcdb:2.A.60.1.14,"Transport, extracellular",6579.1,NA,PMID:14579113
r2311,-0.7965303255512866,0,121.8617388023302,13.801697621917725,Resistance-Nodulation-Cell Division (Rnd) Tcdb:2.A.60.1.14,"Transport, extracellular",6579.1,NA,PMID:14579113
r2312,0.6642060750341552,0,13.847869023378939,68.63050830156803,Resistance-Nodulation-Cell Division (Rnd) Tcdb:2.A.60.1.14,"Transport, extracellular",6579.1,NA,PMID:14579113
r2315,-0.7127855449625168,0,-0.5502579718776979,-3.281429202821682,Resistance-Nodulation-Cell Division (Rnd) Tcdb:2.A.60.1.2,"Transport, extracellular",6578.1,NA,"PMID:11076394,PMID:11076396,PMID:14579113"
r2317,0.8479422333439233,0,-412.6559198159486,-33.955356629886666,Resistance-Nodulation-Cell Division (Rnd) Tcdb:2.A.60.1.2,"Transport, extracellular",6578.1,NA,"PMID:11076394,PMID:11076396,PMID:14579113"
r2318,-0.9999995272700941,0,-2.271005278453231e-6,-9.608043467830827,Resistance-Nodulation-Cell Division (Rnd) Tcdb:2.A.60.1.2,"Transport, extracellular",6578.1,NA,"PMID:11076394,PMID:11076396,PMID:14579113"
r2319,-0.9588446409288146,0,-0.5923140454533583,-28.19198325244393,Resistance-Nodulation-Cell Division (Rnd) Tcdb:2.A.60.1.2,"Transport, extracellular",6578.1,NA,"PMID:11076394,PMID:11076396,PMID:14579113"
r2320,-0.9893000590683241,0,-2.326903033577319,-432.61064446049926,Resistance-Nodulation-Cell Division (Rnd) Tcdb:2.A.60.1.2,"Transport, extracellular",6578.1,NA,"PMID:11076394,PMID:11076396,PMID:14579113"
r2322,-2.712600869930818,0,46.05704074040424,-21.245841069881898,Resistance-Nodulation-Cell Division (Rnd) Tcdb:2.A.60.1.2,"Transport, extracellular",6578.1,NA,"PMID:11076394,PMID:11076396,PMID:14579113"
r2324,0.8586919616309869,0,-352.5410913295805,-26.802122723197353,Resistance-Nodulation-Cell Division (Rnd) Tcdb:2.A.60.1.2,"Transport, extracellular",6578.1,NA,"PMID:11076394,PMID:11076396,PMID:14579113"
r2325,-0.8939866875344303,0,-1.3471839717587806,-24.068189634198696,Resistance-Nodulation-Cell Division (Rnd) Tcdb:2.A.60.1.2,"Transport, extracellular",6578.1,NA,"PMID:11076394,PMID:11076396,PMID:14579113"
r2327,-0.9720805298521477,0,-0.39649939426454894,-28.00657503120397,Resistance-Nodulation-Cell Division (Rnd) Tcdb:2.A.60.1.2,"Transport, extracellular",6578.1,NA,"PMID:11076394,PMID:11076396,PMID:14579113"
r2328,-0.9127799118762643,0,-0.4678040848209522,-10.259176244694368,Resistance-Nodulation-Cell Division (Rnd) Tcdb:2.A.60.1.2,"Transport, extracellular",6578.1,NA,"PMID:11076394,PMID:11076396,PMID:14579113"
r2329,-0.9469872468124331,0,-0.047185622593294826,-1.7329755558440927,Resistance-Nodulation-Cell Division (Rnd) Tcdb:2.A.60.1.2,"Transport, extracellular",6578.1,NA,"PMID:11076394,PMID:11076396,PMID:14579113"
r2330,-0.9488001454437929,0,-0.6913374935721047,-26.31411006343818,Resistance-Nodulation-Cell Division (Rnd) Tcdb:2.A.60.1.2,"Transport, extracellular",6578.1,NA,"PMID:11076394,PMID:11076396,PMID:14579113"
r2331,-1.0233038416824503,0,6.995031389553333e-4,-0.06073279279884155,Resistance-Nodulation-Cell Division (Rnd) Tcdb:2.A.60.1.2,"Transport, extracellular",6578.1,NA,"PMID:11076394,PMID:11076396,PMID:14579113"
r2332,-0.9652760830835496,0,-0.48579423786513215,-27.49458821921811,Resistance-Nodulation-Cell Division (Rnd) Tcdb:2.A.60.1.2,"Transport, extracellular",6578.1,NA,"PMID:11076394,PMID:11076396,PMID:14579113"
r2333,3.416594538929204,0,-1.9660023704792344,3.5930873769283287,Resistance-Nodulation-Cell Division (Rnd) Tcdb:2.A.60.1.2,"Transport, extracellular",6578.1,NA,"PMID:11076394,PMID:11076396,PMID:14579113"
r2334,-0.9732600790871141,0,-2.0822781476484087,-153.6607514919758,Resistance-Nodulation-Cell Division (Rnd) Tcdb:2.A.60.1.2,"Transport, extracellular",6578.1,NA,"PMID:11076394,PMID:11076396,PMID:14579113"
r2335,-1.1831696443082558,0,170.72848070747742,-14.324253346966207,Resistance-Nodulation-Cell Division (Rnd) Tcdb:2.A.60.1.2,"Transport, extracellular",6578.1,NA,"PMID:11076394,PMID:11076396,PMID:14579113"
r2341,-0.5579576369205596,0,-91.85575295389704,-323.74130572615263,Organic Anion Transporter 5 Utilized Transport,"Transport, extracellular",387775.1,NA,"PMID:11023036,PMID:12739169,PMID:12856180,PMID:12883891,PMID:1554704,PMID:18021224,PMID:4553030,PMID:793184,PMID:8725559,PMID:8781017"
r2342,0.40440640770563147,0,-382.65045524811745,-162.27792609307951,Organic Anion Transporter 5 Utilized Transport,"Transport, extracellular",387775.1,NA,"PMID:11023036,PMID:12739169,PMID:12856180,PMID:12883891,PMID:1554704,PMID:18021224,PMID:4553030,PMID:793184,PMID:8725559,PMID:8781017"
r2343,0.8124404993077403,0,30.320287290549278,292.99351103628277,Organic Anion Transporter 5 Utilized Transport,"Transport, extracellular",387775.1,NA,"PMID:11023036,PMID:12739169,PMID:12856180,PMID:12883891,PMID:1554704,PMID:18021224,PMID:4553030,PMID:793184,PMID:8725559,PMID:8781017"
r2344,-0.7378382661551472,0,-2.4120098384149604,-15.988920023014675,Organic Anion Transporter 5 Utilized Transport,"Transport, extracellular",387775.1,NA,"PMID:11023036,PMID:12739169,PMID:12856180,PMID:12883891,PMID:1554704,PMID:18021224,PMID:4553030,PMID:793184,PMID:8725559,PMID:8781017"
r2346,1.411582111431109,0,-0.4885817027635407,2.8627456384345886,Organic Anion Transporter 5 Utilized Transport,"Transport, extracellular",387775.1,NA,"PMID:11023036,PMID:12739169,PMID:12856180,PMID:12883891,PMID:1554704,PMID:18021224,PMID:4553030,PMID:793184,PMID:8725559,PMID:8781017"
r2347,0.9301624382069195,0,1.6761918608217967,46.326396367791645,Organic Anion Transporter 5 Utilized Transport,"Transport, extracellular",387775.1,NA,"PMID:11023036,PMID:12739169,PMID:12856180,PMID:12883891,PMID:1554704,PMID:18021224,PMID:4553030,PMID:793184,PMID:8725559,PMID:8781017"
r2352,-1.16229091441601,0,3.2607867262608377,-43.44525100134984,Organic Anion Transporter 5 Utilized Transport,"Transport, extracellular",387775.1,NA,"PMID:11023036,PMID:12739169,PMID:12856180,PMID:12883891,PMID:1554704,PMID:18021224,PMID:4553030,PMID:793184,PMID:8725559,PMID:8781017"
r2353,1.0000408332837014,0,-0.006711000142153352,328.70915830931364,Organic Anion Transporter 5 Utilized Transport,"Transport, extracellular",387775.1,NA,"PMID:11023036,PMID:12739169,PMID:12856180,PMID:12883891,PMID:1554704,PMID:18021224,PMID:4553030,PMID:793184,PMID:8725559,PMID:8781017"
r2354,0.9774889996736775,0,0.3207681870609151,28.17802639434507,Organic Anion Transporter 5 Utilized Transport,"Transport, extracellular",387775.1,NA,"PMID:11023036,PMID:12739169,PMID:12856180,PMID:12883891,PMID:1554704,PMID:18021224,PMID:4553030,PMID:793184,PMID:8725559,PMID:8781017"
r2355,-1.016796721396913,0,2.3054875970812456,-276.82187000311166,Organic Anion Transporter 5 Utilized Transport,"Transport, extracellular",387775.1,NA,"PMID:11023036,PMID:12739169,PMID:12856180,PMID:12883891,PMID:1554704,PMID:18021224,PMID:4553030,PMID:793184,PMID:8725559,PMID:8781017"
r2356,1.2447708885790156,0,-273.65877685990336,29.8398835802112,Organic Anion Transporter 5 Utilized Transport,"Transport, extracellular",387775.1,NA,"PMID:11023036,PMID:12739169,PMID:12856180,PMID:12883891,PMID:1554704,PMID:18021224,PMID:4553030,PMID:793184,PMID:8725559,PMID:8781017"
r2359,1.105219510850743,0,-536.0936941154957,26.794125730957848,Organic Anion Transporter 5 Utilized Transport,"Transport, extracellular",387775.1,NA,"PMID:11023036,PMID:12739169,PMID:12856180,PMID:12883891,PMID:1554704,PMID:18021224,PMID:4553030,PMID:793184,PMID:8725559,PMID:8781017"
r2360,0.8743277139658328,0,1.341771307718265,20.011724360427213,Organic Anion Transporter 5 Utilized Transport,"Transport, extracellular",387775.1,NA,"PMID:11023036,PMID:12739169,PMID:12856180,PMID:12883891,PMID:1554704,PMID:18021224,PMID:4553030,PMID:793184,PMID:8725559,PMID:8781017"
r2361,-0.8030306016268856,0,-1.2002215876490228,-10.986662238593594,Organic Anion Transporter 5 Utilized Transport,"Transport, extracellular",387775.1,NA,"PMID:11023036,PMID:12739169,PMID:12856180,PMID:12883891,PMID:1554704,PMID:18021224,PMID:4553030,PMID:793184,PMID:8725559,PMID:8781017"
r2362,0.9750438277403759,0,0.35371238961822526,27.992973627650986,Organic Anion Transporter 5 Utilized Transport,"Transport, extracellular",387775.1,NA,"PMID:11023036,PMID:12739169,PMID:12856180,PMID:12883891,PMID:1554704,PMID:18021224,PMID:4553030,PMID:793184,PMID:8725559,PMID:8781017"
r2363,-0.6602429457003791,0,-1.9661243146720662,-9.607582778621744,Organic Anion Transporter 5 Utilized Transport,"Transport, extracellular",387775.1,NA,"PMID:11023036,PMID:12739169,PMID:12856180,PMID:12883891,PMID:1554704,PMID:18021224,PMID:4553030,PMID:793184,PMID:8725559,PMID:8781017"
r2364,1.0005150767503426,0,-116.39428646278104,0.029968277433374917,Organic Anion Transporter 5 Utilized Transport,"Transport, extracellular",387775.1,NA,"PMID:11023036,PMID:12739169,PMID:12856180,PMID:12883891,PMID:1554704,PMID:18021224,PMID:4553030,PMID:793184,PMID:8725559,PMID:8781017"
r2365,0.963213482676166,0,0.49296038318686186,26.30818411479871,Organic Anion Transporter 5 Utilized Transport,"Transport, extracellular",387775.1,NA,"PMID:11023036,PMID:12739169,PMID:12856180,PMID:12883891,PMID:1554704,PMID:18021224,PMID:4553030,PMID:793184,PMID:8725559,PMID:8781017"
r2366,0.9644906125562542,0,0.48431929529542356,26.794061446286626,Organic Anion Transporter 5 Utilized Transport,"Transport, extracellular",387775.1,NA,"PMID:11023036,PMID:12739169,PMID:12856180,PMID:12883891,PMID:1554704,PMID:18021224,PMID:4553030,PMID:793184,PMID:8725559,PMID:8781017"
r2367,0.9842306750796295,0,1.9653691214114166,247.29947022153138,Organic Anion Transporter 5 Utilized Transport,"Transport, extracellular",387775.1,NA,"PMID:11023036,PMID:12739169,PMID:12856180,PMID:12883891,PMID:1554704,PMID:18021224,PMID:4553030,PMID:793184,PMID:8725559,PMID:8781017"
r2368,-1.0391317356011092,0,2.0200038212736895,-105.26121151339728,Organic Anion Transporter 5 Utilized Transport,"Transport, extracellular",387775.1,NA,"PMID:11023036,PMID:12739169,PMID:12856180,PMID:12883891,PMID:1554704,PMID:18021224,PMID:4553030,PMID:793184,PMID:8725559,PMID:8781017"
r2371,0.40973280965971753,0,-133.72720307988172,-55.99272421919405,Mitochondrial Carrier (Mc) Tcdb:2.A.29.7.2,"Transport, mitochondrial",6576.1,NA,PMID:14598172
r2372,0.8787093699644543,0,-137.62605389190912,-8.885222511117533,Mitochondrial Carrier (Mc) Tcdb:2.A.29.7.2,"Transport, mitochondrial",6576.1,NA,PMID:14598172
r2377,-0.3796041882531878,0,600.907388304329,270.22274223721325,Mitochondrial Carrier (Mc) Tcdb:2.A.29.7.2,"Transport, mitochondrial",6576.1,NA,"PMID:14598172,PMID:16919238,PMID:17173541,PMID:18406340,PMID:8132483"
r2378,0.9303842903781956,0,-312.34430296709985,-11.264114821988345,Mitochondrial Carrier (Mc) Tcdb:2.A.29.7.2,"Transport, mitochondrial",6576.1,NA,"PMID:14598172,PMID:16919238,PMID:17173541,PMID:18406340,PMID:8132483"
r2381,-0.5152275649521473,0,4.299943527234788,1.3756970520343537,Mitochondrial Carrier (Mc) Tcdb:2.A.29.7.2,"Transport, mitochondrial",6576.1,NA,PMID:14598172
r2382,-0.5082033493682927,0,11.637448398050852,3.794752310063434,Mitochondrial Carrier (Mc) Tcdb:2.A.29.7.2,"Transport, mitochondrial",6576.1,NA,PMID:14598172
r2384,-0.3704743771575323,0,1.820619696076217,0.8362992896728202,Mitochondrial Carrier (Mc) Tcdb:2.A.29.7.2,"Transport, mitochondrial",6576.1,NA,PMID:14598172
r2385,-0.3763420689902988,0,5.684856535910303,2.5759627240586704,Mitochondrial Carrier (Mc) Tcdb:2.A.29.7.2,"Transport, mitochondrial",6576.1,NA,PMID:14598172
r2386,-0.782771523892961,0,27.466889025237737,3.34680600760582,Mitochondrial Carrier (Mc) Tcdb:2.A.29.7.2,"Transport, mitochondrial",6576.1,NA,PMID:14598172
r2387,-0.6474315425841634,0,5.414941829414672,1.158857068378419,Mitochondrial Carrier (Mc) Tcdb:2.A.29.7.2,"Transport, mitochondrial",6576.1,NA,PMID:14598172
r2390,0.46158300896191096,0,1.0516620206403722,2.854834386958974,Mitochondrial Carrier (Mc) Tcdb:2.A.29.7.2,"Transport, mitochondrial",6576.1,NA,PMID:14598172
r2392,-0.827744127155325,0,10.937980709346876,1.0308507554496698,Mitochondrial Carrier (Mc) Tcdb:2.A.29.7.2,"Transport, mitochondrial",6576.1,NA,PMID:14598172
r2393,-0.5916928809919464,0,13.18362085161209,3.381912624162494,Mitochondrial Carrier (Mc) Tcdb:2.A.29.7.2,"Transport, mitochondrial",6576.1,NA,PMID:14598172
r2394,0.7231666852076919,0,30.96749801404476,192.7591733027935,Mitochondrial Carrier (Mc) Tcdb:2.A.29.7.2,"Transport, mitochondrial",6576.1,NA,PMID:14598172
r2396,-0.8671352464014801,0,4.519362511134334,0.3215964069134905,Mitochondrial Carrier (Mc) Tcdb:2.A.29.19.1,"Transport, mitochondrial",83884.1,NA,PMID:14598172
r2397,-0.7465338876197469,0,3.2467184183537663,0.4711807204697427,Mitochondrial Carrier (Mc) Tcdb:2.A.29.19.1,"Transport, mitochondrial",83884.1,NA,PMID:14598172
r2398,-0.6662781397918008,0,2.605213788740337,0.5217717084898613,Mitochondrial Carrier (Mc) Tcdb:2.A.29.19.1,"Transport, mitochondrial",83884.1,NA,PMID:14598172
r2399,-0.6289301354437674,0,2.0100221130345863,0.45788251872176405,Mitochondrial Carrier (Mc) Tcdb:2.A.29.19.1,"Transport, mitochondrial",83884.1,NA,PMID:14598172
r2400,-0.4496041933124734,0,4.016478152473734,1.5250043722087137,Mitochondrial Carrier (Mc) Tcdb:2.A.29.19.1,"Transport, mitochondrial",83884.1,NA,PMID:14598172
r2401,-0.7974373668995652,0,6.2406742102010355,0.7032942697306975,Mitochondrial Carrier (Mc) Tcdb:2.A.29.19.1,"Transport, mitochondrial",83884.1,NA,PMID:14598172
r2402,-0.9655033557684155,0,6.6803533620268105,0.11724720418043434,Mitochondrial Carrier (Mc) Tcdb:2.A.29.19.1,"Transport, mitochondrial",83884.1,NA,PMID:14598172
r2403,-0.6193624132454684,0,4.902759633049087,1.1524131842860408,Mitochondrial Carrier (Mc) Tcdb:2.A.29.19.1,"Transport, mitochondrial",83884.1,NA,PMID:14598172
r2404,-0.508521775913489,0,2.8448754976111728,0.9268638873088115,Mitochondrial Carrier (Mc) Tcdb:2.A.29.19.1,"Transport, mitochondrial",83884.1,NA,PMID:14598172
r2405,-0.8303004146597321,0,10.794284479327672,1.0008114435833413,Mitochondrial Carrier (Mc) Tcdb:2.A.29.19.1,"Transport, mitochondrial",83884.1,NA,PMID:14598172
r2407,-0.9014076979258215,0,5.936096080685848,0.3078000465480174,Mitochondrial Carrier (Mc) Tcdb:2.A.29.19.1,"Transport, mitochondrial",83884.1,NA,PMID:14598172
r2408,-0.8663415479563461,0,3.654342928247669,0.2617065561022819,Mitochondrial Carrier (Mc) Tcdb:2.A.29.19.1,"Transport, mitochondrial",83884.1,NA,PMID:14598172
r2409,-0.512124280372471,0,6.704052757319772,2.163013057757821,Mitochondrial Carrier (Mc) Tcdb:2.A.29.19.1,"Transport, mitochondrial",83884.1,NA,PMID:14598172
r2410,-0.5351029413235621,0,0.5663319694368052,0.17151036568179626,Mitochondrial Carrier (Mc) Tcdb:2.A.29.19.1,"Transport, mitochondrial",83884.1,NA,PMID:14598172
r2411,-0.6702259737040185,0,4.111963929681081,0.8118775078485736,Mitochondrial Carrier (Mc) Tcdb:2.A.29.19.1,"Transport, mitochondrial",83884.1,NA,PMID:14598172
r2412,-0.8125712333860861,0,7.418551197125763,0.7671146244233066,Mitochondrial Carrier (Mc) Tcdb:2.A.29.19.1,"Transport, mitochondrial",83884.1,NA,PMID:14598172
r2416,-0.8204452523397464,0,6.759323126879846,0.6666877550100154,Mitochondrial Carrier (Mc) Tcdb:2.A.29.19.1,"Transport, mitochondrial",83884.1,NA,"PMID:14598172,PMID:8132483"
r2433,-0.5137040420280242,0,-181.63483459241343,-565.3787139054775,Mitochondrial Carrier (Mc) Tcdb:2.A.29.8.3,"Transport, mitochondrial",788.1,NA,"PMID:14598172,PMID:1735445,PMID:18406340,PMID:1988962,PMID:2351134,PMID:2355017,PMID:6361812,PMID:7892212,PMID:8132483"
r2436,-301.6119638450478,0,35.30430812646672,-35.07097757550051,Mitochondrial Carrier (Mc) Tcdb:2.A.29.8.3,"Transport, mitochondrial",788.1,NA,"PMID:14598172,PMID:1735445,PMID:18406340,PMID:1988962,PMID:2351134,PMID:2355017,PMID:6361812,PMID:7892212,PMID:8132483"
r2437,-0.4486827082062874,0,119.14041006790809,45.340617272335294,Mitochondrial Carrier (Mc) Tcdb:2.A.29.8.3,"Transport, mitochondrial",788.1,NA,"PMID:14598172,PMID:1735445,PMID:18406340,PMID:1988962,PMID:2351134,PMID:2355017,PMID:6361812,PMID:7892212,PMID:8132483"
r2438,-0.47877533584413273,0,-9.478053095494914,-26.89034520677956,Mitochondrial Carrier (Mc) Tcdb:2.A.29.8.3,"Transport, mitochondrial",788.1,NA,"PMID:14598172,PMID:1735445,PMID:18406340,PMID:1988962,PMID:2351134,PMID:2355017,PMID:6361812,PMID:7892212,PMID:8132483"
r2439,0.9417168513765221,0,3.7489077211260793,124.89574548197538,"Zinc (Zn2+)-Iron (Fe2+) Permease (Zip), Tcdb:2.A.53.2.2","Transport, extracellular",10861.1,NA,PMID:12759755
r2465,-1,0.043953928071791826,0.21514240198135373,0,Cation Diffusion Facilitator (Cdf) Tcdb:2.A.4.2.3,"Transport, extracellular",7779.1,NA,PMID:12748859
r2471,-0.4086706437400992,0.009378339576657629,1.5691177539229393,0.6586815700650215,Major Facilitator (Mfs) Tcdb:2.A.18.8.1,"Transport, extracellular",206358.1,NA,PMID:12748860
r2472,-0.848458575794219,0,3.98741362081465,0.3268985017617466,Major Facilitator (Mfs) Tcdb:2.A.1.4.7,"Transport, mitochondrial",54020.1,NA,PMID:12811562
r2482,0.48457249492545945,0,61.77182974487543,177.91980151931978,Resistance-Nodulation-Cell Division (Rnd) Tcdb:2.A.60.1.14,"Transport, extracellular",6579.1,NA,PMID:14579113
r2483,0.6287920602828074,0,13.528028611433506,59.35849758593142,Resistance-Nodulation-Cell Division (Rnd) Tcdb:2.A.60.1.14,"Transport, extracellular",6579.1,NA,PMID:14579113
r2484,0.3930938027859961,0,18.76348493975252,43.0697440695609,Resistance-Nodulation-Cell Division (Rnd) Tcdb:2.A.60.1.14,"Transport, extracellular",6579.1,NA,PMID:14579113
r2485,0.34921957006962007,0,110.67048508068667,229.44571998874397,Resistance-Nodulation-Cell Division (Rnd) Tcdb:2.A.60.1.14,"Transport, extracellular",6579.1,NA,PMID:14579113
r2488,-0.9031627975933778,0,207.21054736830703,10.543338563398551,Resistance-Nodulation-Cell Division (Rnd) Tcdb:2.A.60.1.14,"Transport, extracellular",6579.1,NA,PMID:14579113
r2491,0.7099772769094758,0,32.95094390956312,194.27914039854258,Resistance-Nodulation-Cell Division (Rnd) Tcdb:2.A.60.1.14,"Transport, extracellular",6579.1,NA,PMID:14579113
r2492,0.5409755344511691,0,15.036382300162316,50.4781313203007,Resistance-Nodulation-Cell Division (Rnd) Tcdb:2.A.60.1.14,"Transport, extracellular",6579.1,NA,PMID:14579113
r2493,0.46416320402306704,0,30.29663664627522,82.7849466781348,Resistance-Nodulation-Cell Division (Rnd) Tcdb:2.A.60.1.14,"Transport, extracellular",6579.1,NA,PMID:14579113
r2496,-0.4029904172140584,0,152.1117722562151,64.72758799866959,Resistance-Nodulation-Cell Division (Rnd) Tcdb:2.A.60.1.14,"Transport, extracellular",6579.1,NA,PMID:14579113
r2499,0.4358768732142017,0,0.2799818816042491,0.7126449699113077,ATP-Binding Cassette (ABC) Tcdb:3.A.1.203.3,"Transport, peroxisomal",215.1,NA,PMID:18619829
r2501,0.6975461666606148,0,0.2962446818808829,1.6626968108425033,ATP-Binding Cassette (ABC) Tcdb:3.A.1.203.3,"Transport, peroxisomal",215.1,NA,PMID:18619829
r2502,-0.5255710140203896,8.76406885250768e-16,2.8434066974180845,0.8842554976373358,ATP-Binding Cassette (ABC) Tcdb:3.A.1.203.3,"Transport, peroxisomal",215.1,NA,PMID:18619829
r2506,1.02077393491168,0,-2.7652383167882917,268.98714846954755,Utilized Transport,"Transport, endoplasmic reticular",NA,NA,PMID:17466261
r2507,1,0,NA,199.59032037548124,Utilized Transport,"Transport, endoplasmic reticular",NA,NA,PMID:17466261
r2508,-0.8736838969308348,0,-0.9631040333899064,-14.286005304040387,Utilized Transport,"Transport, endoplasmic reticular",NA,NA,PMID:17466261
r2509,-1.026425893066445,0,2.1992282532704945,-168.64418038720862,Utilized Transport,"Transport, endoplasmic reticular",NA,NA,PMID:17466261
r2510,-0.8441115497065002,0,-1.2904648798724447,-15.265795413212958,Utilized Transport,"Transport, endoplasmic reticular",NA,NA,PMID:17466261
r2514,-0.7165717535773743,0,2.032497267848727,0.33559164380085205,Utilized Transport,"Transport, endoplasmic reticular",NA,NA,PMID:17466261
r2516,8.306701970363376,0,-649.8824778915405,510.22344938476084,Major Facilitator (Mfs) Tcdb:2.A.1.13.1,"Transport, peroxisomal",6566.1,NA,"PMID:12739169,PMID:18305372"
r2518,0.7041843944870828,0,0.3784792454600249,2.1804070229217705,ATP-Binding Cassette (ABC) Tcdb:3.A.1.203.1,"Transport, peroxisomal",5825.1,NA,PMID:17173541
r2520,-3.7480415312905206,0,113.55080948314071,-65.72022134071663,Mitochondrial Carrier (Mc) Tcdb:2.A.29.2.1,"Transport, mitochondrial",8402.1,NA,PMID:15845418
r2532,0.8301612218495708,0,-154.2909174248323,-14.318181689293915,Major Facilitator (Mfs) Tcdb:2.A.1.44.1,"Transport, extracellular",8501.1,NA,"PMID:10049700,PMID:10574970,PMID:11389679,PMID:11557028,PMID:11564694,PMID:12824232,PMID:12930836,PMID:14574404,PMID:16288981,PMID:911815"
r2534,-0.6946844259516571,1.0562034051024071e-4,-0.3606686185956001,-2.0019269988719373,Major Facilitator (Mfs) Tcdb:2.A.1.44.1,"Transport, extracellular",8501.1,NA,"PMID:10049700,PMID:10574970,PMID:11389679,PMID:11557028,PMID:11564694,PMID:12824232,PMID:12930836,PMID:14574404,PMID:16288981,PMID:911815"
r2535,0.9662493902652175,0,-33.46541618212722,-0.5744328297147993,Major Facilitator (Mfs) Tcdb:2.A.1.44.1,"Transport, extracellular",8501.1,NA,"PMID:10049700,PMID:10574970,PMID:11389679,PMID:11557028,PMID:11564694,PMID:12824232,PMID:12930836,PMID:14574404,PMID:16288981,PMID:911815"
r2537,-0.7372405454084333,0,145.98931755180956,22.081037400085478,Utilized Transport,"Transport, endoplasmic reticular",NA,NA,"PMID:10049700,PMID:10574970,PMID:11389679,PMID:11557028,PMID:11564694,PMID:12824232,PMID:12930836,PMID:14574404,PMID:16288981,PMID:911815"
r2538,-0.5032457839625231,0,140.4964153674543,46.4276616748359,Utilized Transport,"Transport, endoplasmic reticular",NA,NA,"PMID:10049700,PMID:10574970,PMID:11389679,PMID:11557028,PMID:11564694,PMID:12824232,PMID:12930836,PMID:14574404,PMID:16288981,PMID:911815"
RE0383C,0.9969724412405779,0,1.4327287010458705,945.025335299921,Alcohol Dehydrogenase (NADP+),Miscellaneous,10327.1,NA,PMID:1748675
RE0453N,0.9912629987978773,0,0.29175441166758537,66.4941839024298,Nucleoside-Diphosphate Kinase,Pyrimidine synthesis,4830.1 or 4831.1,NA,PMID:3026468
RE0456N,-9.2059577625733,0,619.1762773608864,-770.0852377225638,Ribonucleoside-Diphosphate Reductase,Pyrimidine synthesis,50484.1,NA,"PMID:6997299,PMID:8483833"
RE0512X,1.8748582086136103,0,-0.07616265780152318,0.2502769475267537,3-Hydroxyacyl Coenzyme A Dehydrogenase,Fatty acid oxidation,3295.1 or 1962.1,NA,PMID:7846063
RE0565C,0.4957858066182591,0,0.5342093011489877,1.5847683403413124,RE0565C,Fatty acid synthesis,6785.1 or 79071.1 or 60481.1 or 54898.1,NA,PMID:10479480
RE0566C,0.4957858066182591,0,0.5342093011489877,1.5847683403413124,RE0566C,Fatty acid synthesis,NA,NA,PMID:10479480
RE0567C,0.4957858066182591,0,0.5342093011489877,1.5847683403413124,RE0567C,Fatty acid synthesis,NA,NA,PMID:10479480
RE0568C,0.4957858066182591,0,0.5342093011489877,1.5847683403413124,RE0568C,Fatty acid synthesis,9045.1,NA,PMID:10479480
RE0569C,0.48119589579205824,0,0.5991348419030281,1.7105417278986979,RE0569C,Fatty acid synthesis,6785.1 or 79071.1 or 60481.1 or 54898.1,NA,PMID:10479480
RE0570C,0.48119589579205824,0,0.5991348419030281,1.7105417278986979,RE0570C,Fatty acid synthesis,NA,NA,PMID:10479480
RE0571C,0.48119589579205824,0,0.5991348419030281,1.7105417278986979,RE0571C,Fatty acid synthesis,NA,NA,PMID:10479480
RE0577C,-0.37740897186951167,0,1.1085797080903441,0.5010797768274948,Palmitoyl Coenzyme A Hydrolase,Fatty acid synthesis,641372.1 or 641371.1 or 570.1,NA,"PMID:10092594,PMID:10578051,PMID:16103133,PMID:16940157,PMID:9153233"
RE0581C,0.7931869832527564,0,0.5624564850802655,4.876818991159912,RE0581C,Fatty acid synthesis,NA,NA,PMID:10479480
RE0583C,102.25212957121278,0,-34.24222300951576,34.918598373758,RE0583C,Fatty acid synthesis,NA,NA,PMID:10479480
RE0828E,0.43437183939965013,0,0.250122306593885,0.6342831173807936,RE0828E,Urea cycle,26.1,NA,"PMID:10047787,PMID:7040832"
RE0915E,-1,0,NA,-1.3072388378310658,Alpha-Amylase,Starch and sucrose metabolism,280.1 or 84569.1 or 276.1 or 277.1 or 278.1 or 279.1 or 276.1 or 277.1 or 278.1 or 279.1,NA,"PMID:385176,PMID:8528071,PMID:890964"
RE0936E,0.47804690084476525,0,-658.8885193202973,-232.6779376625158,RE0936E,Miscellaneous,59272.1,NA,"PMID:10969042,PMID:11815627"
RE0937E,0.5774831852421433,0,-714.7168328017354,-191.43144121872783,RE0937E,Miscellaneous,59272.1,NA,"PMID:10969042,PMID:11815627"
RE0938E,1.2339170182211643,0,-610.681816191864,63.94546814421713,RE0938E,Miscellaneous,59272.1,NA,"PMID:10969042,PMID:11384769,PMID:11815627"
RE1100C,2.2394345224570507,0,-89.97017325519174,235.14956212171316,Steryl-Sulfatase,Steroid metabolism,412.1,NA,"PMID:10049998,PMID:1606923"
RE1100R,-0.8384868816030397,0,-20.645504475132377,-235.005611422348,Steryl-Sulfatase,Steroid metabolism,412.1,NA,"PMID:10049998,PMID:1606923"
RE1135C,-0.49607853892966397,0,81.73616786911488,27.53104737693925,Steryl-Sulfatase,Steroid metabolism,412.1,NA,"PMID:10049998,PMID:1606923"
RE1135R,0.49696540725943955,0,-81.64912814848424,-27.43706416101327,Steryl-Sulfatase,Steroid metabolism,412.1,NA,"PMID:10049998,PMID:1606923"
RE1233C,0.9943204326116685,0,2.3143213985002706,812.6496504191399,Kynurenine-Oxoglutarate Transaminase,Tryptophan metabolism,883.1,NA,PMID:10756023
RE1234C,-0.4161547739179478,0,312.202830316782,128.7134255427927,Diamine N-Acetyltransferase,Urea cycle,NA,NA,PMID:10978316
RE1235C,-0.5072726432698025,0,-129.52705737526418,-396.22843643300536,RE1235C,Urea cycle,NA,NA,PMID:0
RE1303C,0.5085708538933553,0,0.8432590636180132,2.588605205315756,RE1303C,Vitamin D metabolism,NA,NA,PMID:7937829
RE1441R,0.591774427087666,0,0.28283496763752153,1.102844844725728,1-Phosphatidylinositol-4-Phosphate 5-Kinase,Phosphatidylinositol phosphate metabolism,5305.1 or 8396.1 or 79837.1,NA,"PMID:10231032,PMID:10358929,PMID:11493657,PMID:9211928"
RE1447N,-1,0,NA,-1.1659027708419278,"Phosphatidylinositol-3,4-Bisphosphate 4-Phosphatase",Phosphatidylinositol phosphate metabolism,NA,NA,"PMID:11756679,PMID:7556092,PMID:7567999,PMID:9295334,PMID:9356448"
RE1448N,-0.9667465907568946,0,-1.1060372049388854,-65.41569576102495,"Phosphatidylinositol-3,4,5-Trisphosphate 3-Phosphatase",Phosphatidylinositol phosphate metabolism,NA,NA,"PMID:7556092,PMID:9367831"
RE1448R,0.591774427087666,0,0.28283496763752153,1.102844844725728,"Phosphatidylinositol-3,4,5-Trisphosphate 3-Phosphatase",Phosphatidylinositol phosphate metabolism,93492.1,NA,"PMID:7556092,PMID:9367831"
RE1516X,1.8748582086136103,0,-0.07616265780152318,0.2502769475267537,RE1516X,Fatty acid oxidation,51.1 or 8310.1,NA,"PMID:10407780,PMID:11356167,PMID:8973539"
RE1517X,1.8748582086136103,0,-0.07616265780152318,0.2502769475267537,RE1517X,Fatty acid oxidation,51.1 or 8310.1,NA,"PMID:10407780,PMID:11356167,PMID:8973539"
RE1521M,0.43266310512010714,0,1.146961897618184,2.896356659554092,Enoyl Coenzyme A Hydratase,Fatty acid oxidation,1892.1 or 3030.1 or 1962.1 or 3032.1,NA,"PMID:10407780,PMID:7923814,PMID:9568246,PMID:9920399"
RE1523X,1.8748582086136103,0,-0.07616265780152318,0.2502769475267537,Enoyl Coenzyme A Hydratase,Fatty acid oxidation,1962.1,NA,"PMID:10407780,PMID:7923814,PMID:9568246,PMID:9920399"
RE1526M,0.43266310512010714,0,1.146961897618184,2.896356659554092,3-Hydroxyacyl Coenzyme A Dehydrogenase,Fatty acid oxidation,3295.1 or 1962.1 or 3033.1 or 3028.1,NA,PMID:11451959
RE1531X,1.8748582086136103,0,-0.07616265780152318,0.2502769475267537,Acetyl Coenzyme A C-Acyltransferase,Fatty acid oxidation,30.1,NA,"PMID:10407780,PMID:7923814,PMID:9568246,PMID:9920399"
RE1533M,0.43266310512010714,0,1.146961897618184,2.896356659554092,Acetyl Coenzyme A C-Acyltransferase,Fatty acid oxidation,10449.1 or 3032.1 or 3030.1,NA,"PMID:10407780,PMID:7923814,PMID:9568246,PMID:9920399"
RE1573M,0.43266310511997513,0,1.1469618976185563,2.896356659554092,Dodecenoyl Coenzyme A Isomerase,Fatty acid oxidation,1632.1 or 10455.1 or 1962.1,NA,PMID:10407780
RE1691M,-0.9034672670361236,0,148.7006584700227,7.541228159909774,Thiosulfate Sulfurtransferase,Miscellaneous,7263.1,NA,"PMID:1953758,PMID:9070219"
RE1803C,1,0,NA,5.120052849418426,RE1803C,Bile acid synthesis,NA,NA,"PMID:11067870,PMID:11181760,PMID:11454857"
RE1807C,-1,0,NA,-65.40873266533072,RE1807C,Bile acid synthesis,NA,NA,PMID:9660774
RE1834M,-0.5162229931567192,0,15.343489812330715,4.8956041488895226,Palmitoyl Coenzyme A Hydrolase,Bile acid synthesis,10965.1 or 11332.1,NA,"PMID:10817395,PMID:10944470,PMID:11454857,PMID:11673457"
RE1834X,1,0,NA,650.0521442350388,Palmitoyl Coenzyme A Hydrolase,Bile acid synthesis,10005.1 or 122970.1 or 570.1,NA,"PMID:10817395,PMID:10944470,PMID:11454857,PMID:11673457"
RE1835C,1,0,NA,57.58610288674682,Palmitoyl Coenzyme A Hydrolase,Bile acid synthesis,641372.1 or 641371.1 or 570.1,NA,"PMID:10817395,PMID:10944470,PMID:11454857,PMID:11673457"
RE1836X,0.5053601034056437,0,4.170179843191997,12.691298059840454,Propionyl Coenzyme A C2-Trimethyltridecanoyltransferase,Bile acid synthesis,6342.1,NA,PMID:10706581
RE1845C,-0.3737106572080155,0,323.0790259362221,147.29517439627125,Bile Acid-CoA:Amino Acid N-Acyltransferase,Bile acid synthesis,570.1,NA,PMID:11980911
RE1860E,-1.8345555203640007,0,197.13655678617954,-669.5714085745811,"2',3'-Cyclic-Nucleotide 3'-Phosphodiesterase",Miscellaneous,1267.1,NA,PMID:12225906
RE1957R,0.3507604575036327,0,0.24428950327167986,0.508250929901479,1-Phosphatidylinositol-4-Phosphate 5-Kinase,Phosphatidylinositol phosphate metabolism,5305.1 or 8396.1 or 79837.1,NA,"PMID:10231032,PMID:10358929,PMID:11493657,PMID:9211928"
RE2080C,-0.5828026354536062,0,1.9660178765796126,0.5182057815597777,RE2080C,Eicosanoid metabolism,NA,NA,"PMID:10200320,PMID:11786541,PMID:8521498"
RE2111M,0.8287224156811364,0,0.467953092373925,4.996312348254281,Glycine N-Acyltransferase,"Glycine, serine, alanine, and threonine metabolism",10249.1,NA,"PMID:11406611,PMID:657530"
RE2112R,0.9883089912920056,0,3.6598649927166553,622.4392311809063,RE2112R,Bile acid synthesis,1581.1,NA,"PMID:11344576,PMID:12393855"
RE2235R,0.37700080070357267,0,0.395488406213567,0.8741389276905682,Unspecific Monooxygenase,Androgen and estrogen synthesis and metabolism,1543.1 or 1544.1 or 1571.1 or 1576.1 or 1558.1 or 1565.1 or 1548.1 or 1588.1 or 1559.1 or 1580.1 or 1555.1 or 1577.1 or 1549.1 or 1551.1 or 1572.1 or 1562.1 or 1573.1 or 11283.1 or 1545.1 or 1553.1 or 199974.1 or 260293.1 or 29785.1 or 64816.1 or 57834.1 or 66002.1,NA,"PMID:10337002,PMID:12038704"
RE2269E,0.5876450458088128,0,-840.0977628593445,-218.19642585380524,Chymase,Miscellaneous,1215.1,NA,PMID:1800960
RE2270E,-1.0636399629236164,0,784.2484223646164,-24.185197718055708,Carboxypeptidase A,Miscellaneous,1357.1 or 1358.1 or 57094.1 or 93979.1,NA,PMID:1800960
RE2296C,0.44299574281392545,0,0.14064410430184143,0.3643577964461359,Glutathione Transferase,Tyrosine metabolism,NA,NA,"PMID:10903891,PMID:9164836"
RE2349C,-1,0,308.76563443888426,0,Kynurenine-Oxoglutarate Transaminase,Tryptophan metabolism,883.1,NA,"PMID:10559215,PMID:8908429"
RE2404C,0.338032842436138,0,5.168084671730077,10.446238826581835,Glucuronosyltransferase,Miscellaneous,54658.1,NA,PMID:10191290
RE2426C,-0.4078982893477819,0,-28.412999499287597,-67.56037462925464,RE2426C,Tryptophan metabolism,NA,NA,PMID:12044950
RE2428M,0.8357104557106313,0,8.684995002348,97.04291409758628,Glycine N-Acyltransferase,"Glycine, serine, alanine, and threonine metabolism",10249.1,NA,PMID:3707752
RE2429M,0.948128367698027,0,1.017967769464005,38.231530435561204,Glycine N-Acyltransferase,"Glycine, serine, alanine, and threonine metabolism",10249.1,NA,PMID:3707752
RE2541E,-1.2780611281631686,0,78.7641984829992,-645.2885379568696,Beta-Glucuronidase,Miscellaneous,9365.1,NA,PMID:10191290
RE2562C,0.9816526324670555,0,3.848859235619192,415.7055241066456,Catechol O-Methyltransferase,Tryptophan metabolism,NA,NA,"PMID:11821057,PMID:7743212"
RE2624M,-0.33858274322052684,0,-0.1870316780585228,-0.37851654778972443,Alpha-Methylacyl Coenzyme A Racemase,Fatty acid oxidation,23600.1,NA,"PMID:10709654,PMID:11060344,PMID:11864182"
RE2625M,-0.42859029296161244,0,-18.52848825681609,-46.323361575589146,RE2625M,Bile acid synthesis,1593.1,NA,PMID:9660774
RE2626C,-0.6667738143025548,0,650.930407948494,130.1358679467384,RE2626C,Bile acid synthesis,NA,NA,"PMID:9210654,PMID:9660774"
RE2636R,0.9787175377418406,0,0.16044095102920902,14.91685124223642,RE2636R,Bile acid synthesis,1582.1,NA,PMID:11980911
RE2637C,-0.6048946999355136,0,0.9512312143605225,0.23418140417294758,Bile Acid-CoA:Amino Acid N-Acyltransferase,Bile acid synthesis,570.1,NA,PMID:11980911
RE2637X,0.4321251444790529,0,0.1458151047891186,0.3677315098267136,Bile Acid-CoA:Amino Acid N-Acyltransferase,Bile acid synthesis,570.1,NA,PMID:11980911
RE2649C,1,0,NA,0.5780310752721911,Palmitoyl Coenzyme A Hydrolase,Bile acid synthesis,641372.1 or 641371.1 or 570.1,NA,PMID:11013297
RE2659R,0.9703791326619486,0,0.2933003837934561,19.510331997806674,RE2659R,Vitamin A metabolism,NA,NA,PMID:9647871
RE2666C,0.6559191828686275,1.4096336836061537e-12,0.5121810994664622,2.4649165704155984,RE2666C,Glycosphingolipid metabolism,NA,NA,PMID:7930586
RE2677R,0.8113262576969266,0,0.09264402753324757,0.8894113067424694,N-Acylsphingosine Galactosyltransferase,Glycosphingolipid metabolism,7368.1 or 9331.1,NA,"PMID:423891,PMID:9125199"
RE2759X,-0.6920230511408831,0,0.6914131990701814,0.12584895182543565,Alpha-Methylacyl Coenzyme A Racemase,Fatty acid oxidation,23600.1,NA,"PMID:11060344,PMID:11060359"
RE2766C,-0.673754039921686,0,361.6519611552954,70.49272979609059,17Beta-Estradiol 17-Dehydrogenase,Steroid metabolism,50700.1,NA,PMID:10049998
RE2888C,-1.005872789765904,0,2.769762329072322,-946.022437625885,Peroxidase,Purine catabolism,7173.1 or 9588.1,NA,PMID:10600166
RE2973N,0.966153372998136,0,1.1060372049388854,64.24979307486862,Phosphatidylinositol 3-Kinase,Phosphatidylinositol phosphate metabolism,5286.1 or 5287.1 or 5288.1,NA,"PMID:10358929,PMID:11493657,PMID:9043658,PMID:9211928"
RE2989X,-0.3428353158396063,5.5518878228754334e-11,2.955804469698481,1.4465290626905858,Acetyl Coenzyme A C-Acyltransferase,Fatty acid oxidation,30.1,NA,"PMID:10407780,PMID:7775433"
RE2990X,-0.3428353158396063,5.5518878228754334e-11,2.955804469698481,1.4465290626905858,Enoyl Coenzyme A Hydratase,Fatty acid oxidation,1962.1,NA,"PMID:10407780,PMID:7775433"
RE2991X,-0.3428353158396063,5.5518878228754334e-11,2.955804469698481,1.4465290626905858,3-Hydroxyacyl Coenzyme A Dehydrogenase,Fatty acid oxidation,3295.1 or 1962.1,NA,"PMID:10407780,PMID:7775433"
RE2992X,-0.3428353158396063,5.5518878228754334e-11,2.955804469698481,1.4465290626905858,Dodecenoyl Coenzyme A Isomerase,Fatty acid oxidation,10455.1 or 1962.1,NA,"PMID:10407780,PMID:7775433"
RE2993X,-0.3428353158396063,5.5518878228754334e-11,2.955804469698481,1.4465290626905858,"2,4-Dienoyl Coenzyme A Reductase (NADPH)",Fatty acid oxidation,26063.1,NA,"PMID:10407780,PMID:7775433"
RE2994X,-0.3428353158396063,5.5518878228754334e-11,2.955804469698481,1.4465290626905858,Acyl Coenzyme A Oxidase,Fatty acid oxidation,8310.1 or 8309.1 or 51.1,NA,"PMID:10407780,PMID:7775433"
RE2997X,-0.3428353158396063,5.5518878228754334e-11,2.955804469698481,1.4465290626905858,Acyl Coenzyme A Oxidase,Fatty acid oxidation,8310.1 or 8309.1 or 51.1,NA,"PMID:10407780,PMID:7775433"
RE3010C,0.4962113915453138,0,-10.185447719201445,-3.429537137559648,Carbonyl Reductase (NADPH),Eicosanoid metabolism,874.1 or 873.1,NA,"PMID:11368003,PMID:9799565,PMID:9862787"
RE3011R,-0.39812035939622237,0,-20.229168286696076,-46.99081033362448,Alcohol Dehydrogenase,Eicosanoid metabolism,NA,NA,"PMID:11368003,PMID:9799565,PMID:9862787"
RE3012C,0.9771399457315663,0,0.04763566499996689,4.119954178891563,Aldehyde Dehydrogenase (NAD+),Eicosanoid metabolism,223.1 or 218.1,NA,"PMID:11368003,PMID:9799565,PMID:9862787"
RE3012R,-0.39812035939622237,0,-20.229168286696076,-46.99081033362448,Aldehyde Dehydrogenase (NAD+),Eicosanoid metabolism,224.1 or 218.1,NA,"PMID:11368003,PMID:9799565,PMID:9862787"
RE3033C,1,0,NA,1.1069260075422285,Arachidonate 5-Lipoxygenase,Arachidonic acid metabolism,NA,NA,"PMID:11323741,PMID:9870464"
RE3051C,0.7113728808313088,0,0.5355338069216348,3.175370479994221,RE3051C,Heme synthesis,NA,NA,PMID:11281297
RE3074X,-0.518988645217714,0,0.9653734605826204,0.305700505140481,Long-Chain-Fatty-Acid- Coenzyme A Ligase,Fatty acid oxidation,11001.1 or 2182.1 or 2181.1 or 2180.1 or 51703.1 or 23305.1,NA,"PMID:11060359,PMID:11356164"
RE3079X,1,0,NA,0.13806495138195218,RE3079X,Fatty acid oxidation,11001.1,NA,PMID:11356164
RE3106C,0.48190590952311757,0,1.4594327674341272,4.17441943918257,RE3106C,Fatty acid oxidation,NA,NA,PMID:10970790
RE3110C,0.48190590952311757,0,1.4594327674341272,4.17441943918257,RE3110C,Fatty acid oxidation,6785.1 or 79071.1 or 60481.1 or 54898.1,NA,PMID:10970790
RE3112C,0.48190590952311757,0,1.4594327674341272,4.17441943918257,RE3112C,Fatty acid oxidation,NA,NA,PMID:10970790
RE3113C,0.48190590952311757,0,1.4594327674341272,4.17441943918257,RE3113C,Fatty acid oxidation,NA,NA,PMID:10970790
RE3146R,0.8586546979619777,0,0.11991872215289623,1.5769006333377817,Long-Chain-Fatty-Acid- Coenzyme A Ligase,Fatty acid oxidation,11001.1 or 2182.1 or 2181.1 or 2180.1 or 51703.1 or 23305.1,NA,PMID:9784915
RE3156X,0.5722608795072782,0,0.3267247676879619,1.2009576538385083,3-Hydroxyacyl Coenzyme A Dehydrogenase,Fatty acid oxidation,3295.1 or 1962.1,NA,PMID:11734209
RE3157X,0.5722608795072782,0,0.3267247676879619,1.2009576538385083,Acyl Coenzyme A Oxidase,Fatty acid oxidation,8310.1 or 8309.1 or 51.1,NA,PMID:11734209
RE3158X,0.5722608795072782,0,0.3267247676879619,1.2009576538385083,Acetyl Coenzyme A C-Acyltransferase,Fatty acid oxidation,30.1,NA,PMID:11734209
RE3159X,0.5722608795072782,0,0.3267247676879619,1.2009576538385083,Enoyl Coenzyme A Hydratase,Fatty acid oxidation,1962.1,NA,PMID:11734209
RE3169C,0.41509056010135453,0,0.17411252168796054,0.4212361248243309,RE3169C,Fatty acid oxidation,NA,NA,PMID:10970790
RE3170C,0.41509056010135453,0,0.17411252168796054,0.4212361248243309,RE3170C,Fatty acid oxidation,6785.1 or 79071.1 or 60481.1 or 54898.1,NA,PMID:10970790
RE3171C,0.41509056010135453,0,0.17411252168796054,0.4212361248243309,RE3171C,Fatty acid oxidation,NA,NA,PMID:10970790
RE3172C,0.41509056010135453,0,0.17411252168796054,0.4212361248243309,RE3172C,Fatty acid oxidation,NA,NA,PMID:10970790
RE3225C,0.532787738756109,0,0.7345044973899683,2.4096959370525988,RE3225C,Fatty acid synthesis,6785.1 or 79071.1 or 60481.1 or 54898.1,NA,PMID:10970790
RE3230C,0.532787738756109,0,0.7345044973899683,2.4096959370525988,RE3230C,Fatty acid synthesis,NA,NA,PMID:10970790
RE3231C,0.532787738756109,0,0.7345044973899683,2.4096959370525988,RE3231C,Fatty acid synthesis,NA,NA,PMID:10970790
RE3232C,0.532787738756109,0,0.7345044973899683,2.4096959370525988,RE3232C,Fatty acid synthesis,NA,NA,PMID:10970790
RE3245C,-0.6603037745592953,0,-53.522373512578014,-261.59666228560206,RE3245C,Fatty acid synthesis,NA,NA,PMID:0
RE3247M,0.33858274322052684,0,0.1870316780585228,0.37851654778972443,Acyl Coenzyme A Oxidase,Fatty acid oxidation,51.1,NA,PMID:10709654
RE3251M,0.37532258788322403,0,20.954859420985727,46.135318691836666,RE3251M,Bile acid synthesis,1593.1,NA,"PMID:9210654,PMID:9660774"
RE3268R,0.3507604575036327,0,0.24428950327167986,0.508250929901479,"Phosphatidylinositol-3,4,5-Trisphosphate 3-Phosphatase",Phosphatidylinositol phosphate metabolism,93492.1,NA,PMID:7556092
RE3269C,0.3891813546577463,0,0.23921185225322406,0.5440381486343191,"Phosphatidylinositol-3,4-Bisphosphate 4-Phosphatase",Phosphatidylinositol phosphate metabolism,8897.1 or 8897.3 or 8897.2 or 8898.1,NA,PMID:7556092
RE3272N,-0.39541482324893157,0,-0.2588496027844227,-0.5974386845845588,"Phosphatidylinositol-3,4-Bisphosphate 4-Phosphatase",Phosphatidylinositol phosphate metabolism,NA,NA,PMID:7556092
RE3273C,0.6885140539225396,0,-199.59666704111322,-36.82027787851691,Phospholipase D,Phosphatidylinositol phosphate metabolism,5338.1,NA,PMID:3135804
RE3301C,-0.425479744792198,0,26.680076123329997,10.753042405084217,Phospholipase D,Glycerophospholipid metabolism,5338.1,NA,PMID:11182251
RE3346C,-0.6835299619184533,0,642.8527850174487,120.8434954869872,Aldehyde Dehydrogenase (NAD+),Bile acid synthesis,223.1 or 218.1,NA,PMID:1591235
RE3367E,0.43437183939965013,0,0.250122306593885,0.6342831173807936,RE3367E,Urea cycle,26.1,NA,"PMID:10047787,PMID:7040832"
RE3381C,0.338032842436138,0,5.168084671730077,10.446238826581835,Beta-Glucuronidase,Miscellaneous,9365.1,NA,"PMID:10191290,PMID:10690708,PMID:11087858,PMID:11818531"
RE3381E,-1.3694705491949328,0,109.37788506860258,-701.4569306484699,Beta-Glucuronidase,Miscellaneous,9365.1,NA,"PMID:10191290,PMID:10690708,PMID:11087858,PMID:11818531"
RE3430C,0.4962113915453138,0,-10.185447719201445,-3.429537137559648,RE3430C,Eicosanoid metabolism,873.1,NA,"PMID:8244977,PMID:9862787"
RE3430M,-0.4962113915453138,0,10.185447719201445,3.429537137559648,RE3430M,Eicosanoid metabolism,NA,NA,"PMID:8244977,PMID:9862787"
RE3431C,0.5241433936284436,0,-7.884641787789517,-2.4616836573760956,RE3431C,Eicosanoid metabolism,NA,NA,"PMID:8244977,PMID:9862787"
RE3432C,0.5241433936284436,0,-7.884641787789517,-2.4616836573760956,Carbonyl Reductase (NADPH),Eicosanoid metabolism,874.1 or 873.1,NA,"PMID:8244977,PMID:9862787"
RE3432M,-0.4962113915453138,0,10.185447719201445,3.429537137559648,Carbonyl Reductase (NADPH),Eicosanoid metabolism,10901.1,NA,"PMID:8244977,PMID:9862787"
RE3470C,0.3981752061802653,0,-9.809153057425474,-4.222211558492039,Carbonyl Reductase (NADPH),Arachidonic acid metabolism,874.1 or 873.1,NA,"PMID:1326548,PMID:7929234"
RE3476C,-0.34711525484578226,0,10.680188433237747,5.176195636082906,Carbonyl Reductase (NADPH),Arachidonic acid metabolism,874.1 or 873.1,NA,"PMID:1326548,PMID:7929234"
RE3525M,-0.47256376644620274,0,5.393092861362023,1.9316736231174785,Arachidonate 12-Lipoxygenase,Arachidonic acid metabolism,NA,NA,"PMID:1326548,PMID:7929234"
RE3526C,-0.3981752061802653,0,4.904576528712737,2.1111057792460195,Arachidonate 12-Lipoxygenase,Arachidonic acid metabolism,239.1,NA,"PMID:1326548,PMID:7929234"
RE3587C,0.4363821632686408,0,2.6925388159997348,6.861945235160971,Prostaglandin-E Synthase,Eicosanoid metabolism,NA,NA,"PMID:9115911,PMID:9732298"
RE3597C,-0.34895421708318813,0,340.35220881414415,164.2641888425231,Carbonyl Reductase (NADPH),Eicosanoid metabolism,874.1 or 873.1,NA,"PMID:8847485,PMID:9862787"
RE3597X,0.3485703906640649,0,-340.95294697732925,-164.69799914708733,Carbonyl Reductase (NADPH),Eicosanoid metabolism,10901.1,NA,"PMID:8847485,PMID:9862787"
RE3628M,-0.3760032430855569,0,-15.100120568668842,-33.2979533038184,Dodecenoyl Coenzyme A Isomerase,Fatty acid oxidation,1632.1 or 10455.1 or 1962.1,NA,"PMID:11356164,PMID:7775433"
EX_prostgh2[e],1,0,NA,232.72705755497296,Exchange of Prostaglandin H2,Exchange/demand reaction,NA,NA,NA
EX_prostgi2[e],0.47139829115524234,0,-662.5259981292248,-238.0133080691727,Exchange of Prostaglandin I2,Exchange/demand reaction,NA,NA,NA
EX_cdp[e],-1,0,NA,-826.1225815357208,Exchange of CDP,Exchange/demand reaction,NA,NA,NA
EX_dtdp[e],-0.8928388758309111,0,-2.960881016251137,-52.29947649136855,"Exchange of ({[ (2R, 3S, 5R)-3-Hydroxy-5- (5-Methyl-2, 4-Dioxo-1, 2, 3, 4-Tetrahydropyrimidin-1-Yl)Oxolan-2-Yl]Methyl Phosphonato}Oxy)Phosphonate",Exchange/demand reaction,NA,NA,NA
EX_HC00955[e],-0.7409819626509777,0,-36.372848379156,-244.4790085140705,Exchange of L-3-Cyanoalanine,Exchange/demand reaction,NA,NA,NA
EX_citr_L[e],1,0,NA,178.9408247802455,Exchange of L-Citrulline,Exchange/demand reaction,NA,NA,NA
EX_HC02193[e],-1.0142673395249358,0,0.11931823872042586,-16.845385283229547,Exchange of Glycolithocholate,Exchange/demand reaction,NA,NA,NA
EX_HC02196[e],0.5073725353067158,0,-265.1789375066519,-86.66366449842452,Exchange of Glycoursodeoxycholate,Exchange/demand reaction,NA,NA,NA
EX_HC02187[e],-0.926478262914174,0,44.2754553081911,1.6897197581663508,Exchange of Reverse-Triiodthyronine,Exchange/demand reaction,NA,NA,NA
EX_HC02180[e],-0.6682074351707901,0,-0.5553776223252836,-2.792362388733518,Exchange of Thromboxane-B2,Exchange/demand reaction,NA,NA,NA
EX_HC02203[e],1,0,NA,709.062164992857,Exchange of Prostaglandin-A2,Exchange/demand reaction,NA,NA,NA
EX_HC02217[e],-1,0,NA,-478.1299250951767,Exchange of Prostaglandin-G2,Exchange/demand reaction,NA,NA,NA
EX_CE2915[e],-0.47804690084476525,0,658.8885193202973,232.6779376625158,Exchange of Beta-Casomorphin,Exchange/demand reaction,NA,NA,NA
EX_CE4722[e],0.47804690084476525,0,-658.8885193202973,-232.6779376625158,Exchange of Beta-Casomorphin (1-6),Exchange/demand reaction,NA,NA,NA
EX_CE2916[e],-0.5774831852421433,0,714.7168328017354,191.43144121872783,Exchange of Neocasomorphin,Exchange/demand reaction,NA,NA,NA
EX_CE4723[e],0.5774831852421433,0,-714.7168328017354,-191.43144121872783,Exchange of Neocasomorphin (1-5),Exchange/demand reaction,NA,NA,NA
EX_CE2917[e],-1.2339170182211643,0,610.681816191864,-63.94546814421713,Exchange of Apelin-13,Exchange/demand reaction,NA,NA,NA
EX_CE4724[e],1.2339170182211643,0,-610.681816191864,63.94546814421713,Exchange of Apelin (1-12),Exchange/demand reaction,NA,NA,NA
EX_23cump[e],1.8345555203640007,0,-197.13655678617954,669.5714085745811,"Exchange of 2',3'-Cyclic UMP",Exchange/demand reaction,NA,NA,NA
EX_3ump[e],-1.8345555203640007,0,197.13655678617954,-669.5714085745811,Exchange of 3'-UMP,Exchange/demand reaction,NA,NA,NA
EX_CE5788[e],0.5876450458088128,0,-840.0977628593445,-218.19642585380524,Exchange of Kinetensin 1-7,Exchange/demand reaction,NA,NA,NA
EX_CE5789[e],-1.0636399629236153,0,784.2484223646164,-24.185197718055335,Exchange of Kinetensin 1-8,Exchange/demand reaction,NA,NA,NA
EX_CE5854[e],1.2780611281631686,0,-78.7641984829992,645.2885379568696,Exchange of Gama-Cehc-Glucuronide,Exchange/demand reaction,NA,NA,NA
EX_CE1926[e],-1.2780611281631686,0,78.7641984829992,-645.2885379568696,Exchange of Gama-Carboxyethyl-Hydroxychroman,Exchange/demand reaction,NA,NA,NA
EX_crm_hs[e],-1,0,NA,-128.0408784204204,Exchange of N-Acylsphingosine,Exchange/demand reaction,NA,NA,NA
EX_CE0074[e],-1.005872789765904,0,2.769762329072322,-946.022437625885,Exchange of Alloxan,Exchange/demand reaction,NA,NA,NA
EX_CE5853[e],1.3694705491949328,0,-109.37788506860258,701.4569306484699,Exchange of Alpha-Cehc-Glucuronide,Exchange/demand reaction,NA,NA,NA
EX_CE1925[e],-1.3694705491949328,0,109.37788506860258,-701.4569306484699,Exchange of 3'-Carboxy-Alpha-Chromanol,Exchange/demand reaction,NA,NA,NA
CITt4_4,0.5818430450713231,0,-3.2394874840974808e-6,-8.563518524169922e-7,Citrate Transport via Sodium Symport,"Transport, extracellular",284111.1,NA,"PMID:12177002,PMID:12445824"
INSTt4_2,1.1913901576642496,0,-8.497264841747285,0.7421283937454224,Inositol Transport via Sodium Symport,"Transport, extracellular",115584.1,NA,"PMID:12039040,PMID:12133831"
PROt4_2_r,1,0.008153560744398495,0,9.48950792427063,Proline Transport (Sodium Symport) (2:1),"Transport, extracellular",6534.1,NA,PMID:12719981
2MB2COAc,-0.8245882354861361,0,10.233920105652535,0.9838658107691487,Transport of 2-Methylcrotonoyl Coenzyme A into Cytosol,Fatty acid oxidation,1622.1,NA,"PMID: 20511713, PMID: 11859412, PMID: 16908521, PMID: 8001684"
ADPACDAc,0.3387954212186186,0,0.30307324331653757,0.6136573814928371,Activation of Adipic Acid for Formation of Adipoyl Carnitine,Fatty acid oxidation,NA,NA,"Hunt MC, Alexson SEH. (2008). Progress in Lipid Research 47: 405-21"
ADPCOACROT,-0.8216376490316829,0,-0.06008515102347901,-0.6136573814928371,Production of Adipoyl Carnitine,Fatty acid oxidation,54677.1,NA,"PMID: 15060085, Westin M, Hunt M, Alexson S. (2008). Cellular and Molecular Life Sciences 65: 982-90, PMID: 20560540"
C100CPT1,0.6592847230957373,0,3.4036244831465883,16.575664464927023,Production of Decanoylcarnitine,Fatty acid oxidation,1374.1 or 1375.1 or 126129.1,NA,"PMID: 18767270, PMID: 18075239"
sink_c101coa[c],-0.5901560740123023,0,-0.9707665642234656,-3.766483411527572,Sink for Decenoyl Coenzyme A,Fatty acid oxidation,NA,NA,NA
C101CPT1,0.5901560740123023,0,0.9707665642234656,3.766483411527572,Production of Decenoylcarnitine,Fatty acid oxidation,1374.1 or 1375.1 or 126129.1,NA,PMID: 7551818
C101CRNe,0.5901560740123023,0,0.9707665642234656,3.766483411527572,Transport of Decenoyl Carnitine into Extra Cellular Space,Fatty acid oxidation,NA,NA,"Jones LL, McDonald DA, Borum PR. (2010). Progress in Lipid Research 49: 61-75"
C10CRNe,0.6592847230957373,0,3.4036244831465883,16.575664464927023,Transport of Decanoyl Carnitine into Extra Cellular Space,Fatty acid oxidation,NA,NA,"Jones LL, McDonald DA, Borum PR. (2010). Progress in Lipid Research 49: 61-75"
C10OHc,0.3721029539112014,0,4.0396808988550825,8.827654356242716,Production of 3-Ohdecanoylcarnitinec,Fatty acid oxidation,1374.1 or 1375.1 or 126129.1,NA,"clinical chemistry 46:2, 149-155(2000), Biochemistry 2005,  44, 5234-5245"
C140CPT1,-4.243419644698819,0,7.236368075045943,-11.698552354452012,Production of Myristoylcarnitine,Fatty acid oxidation,1374.1 or 1375.1 or 126129.1,NA,"PMID: 19137688, PMID: 15653102, PMID: 12403251"
C141CPT1,0.6943362614572504,0,1.5421714310312586,8.548468946421123,Production of Tetradecenoylcarnitine,Fatty acid oxidation,1374.1 or 1375.1 or 126129.1,NA,"PMID: 19327992 , PMID: 18670371, PMID: 15466478, PMID: 11433098"
C142CPT1,0.8849682315873002,0,0.7062844284450752,11.573530759845115,Production of Tetradecadienoylcarnitine,Fatty acid oxidation,1374.1 or 1375.1 or 126129.1,NA,PMID: 11433098
C14OHc,0.6822158116301271,0,1.258982433859089,6.66452339138193,Production of 3-Hydroxytetradecanoylcarnitine,Fatty acid oxidation,1374.1 or 1375.1 or 126129.1,NA,"molecular genetics and metabolism,Volume 85, Issue 2, June 2005, Pages 108-114"
C161OHc,0.4184647453889346,0,0.7556866293947182,1.8432499729962284,Production of 3-Hydroxyhexadecenoylcarnitine,Fatty acid oxidation,1374.1 or 1375.1 or 126129.1,NA,"Biochemistry 2005, 44, 5234-5245"
C16OHc,0.4219571671785404,0,0.9118407273448084,2.243083702369379,Production of 3-Hydroxyhexadecanoylcarnitinec,Fatty acid oxidation,1374.1 or 1375.1 or 126129.1,NA,"Biochemistry 2005, 44, 5234-5245"
C181OHc,0.8585115356350638,0,1.0465445004898843,13.746809928611407,Production of 3-Hydroxyoctadecenoylcarnitinec,Fatty acid oxidation,1374.1 or 1375.1 or 126129.1,NA,"Biochemistry 2005, 44, 5234-5245"
C182OHc,0.4887917571774217,0,4.48842918981376,13.071652255788166,Production of 3-Hydroxyoctadecadienoylcarnitine,Fatty acid oxidation,1374.1 or 1375.1 or 126129.1,NA,"Biochemistry 2005, 44, 5234-5245"
C30CPT1,-1.2327415378944078,0,52.74263584643926,-5.4979055887863035,Production of Propionylcarnitine,Fatty acid oxidation,1374.1 or 1375.1 or 126129.1,NA,"PMID: 20056909, PMCID: PMC2914534"
C3DCe,-0.4904623901751208,0,2.248755278193668,0.7687717563924946,Transport of Malonyl Carnitine into Extra Cellular Space,Fatty acid oxidation,NA,NA,"Jones LL, McDonald DA, Borum PR. (2010). Progress in Lipid Research 49: 61-75"
C40CPT1,1.0172338033108412,0,-56.60918258186356,0.4836283809056327,Production of Butyrylcarnitine,Fatty acid oxidation,1374.1 or 1375.1 or 126129.1,NA,"PMID: 20591710, PMID: 18175080"
C4CRNCPT2,0.40746378370186864,0,-63.87320465613659,-26.89034520677956,Transport of Butyryl Carnitine in the Mitochondrial Matrix for Final Hydrolysis,Fatty acid oxidation,1376.1,NA,"Biochemica et Biophysica Acta 1486(2000) 1-17, Eur. J. Biochem. 244, 1-14 (1997) FEBS 1997, Biochemica et Biophysica Acta 1546(2001) 21-43."
C4CRNe,0.6521440204759321,0,7.57894746493355,35.996255556172876,Transport of Butyryl Carnitine into the Extra Cellular Space,Fatty acid oxidation,NA,NA,"Jones LL, McDonald DA, Borum PR. (2010). Progress in Lipid Research 49: 61-75"
C4DCe,0.67862235928519,0,0.7041041827283198,3.6776828088137625,Transport of Succinyl Carnitine into the Extra Cellular Space,Fatty acid oxidation,NA,NA,"Vianey-Saban C, Guffon N, Delolne F, Guibaud P, Mathieu M, Divry P. (1997). Journal of Inherited Metabolic Disease 20: 411-4"
C4tcx,0.9295249069539558,0,0.31492525705773733,8.622282015644526,Transport of Bytyrylcarnitine from Peroxisomes,"Transport, peroxisomal",788.1,NA,biochimica et biophysica acta 1546(2001)21-43
C4x,0.9295249069555376,0,0.31492525705019375,8.622282015638566,Esterification of Butyrylcoa to Butyrylcarnitine for Transport,"Transport, peroxisomal",54677.1,NA,"PMID: 11356164, the journal of biological chemistry volume280,no.1,issue of january,pp.738-744,2005"
C51CPT1,-0.8245882354861361,0,10.233920105652535,0.9838658107691487,Production of Tiglylcarnitine,Fatty acid oxidation,1374.1 or 1375.1 or 126129.1,NA,"PMID: 8930414, PMID: 14518824"
C60CPT1,-0.34160704082151,0,145.2654063465327,71.28892279232144,Production of Hexanoylcarnitine,Fatty acid oxidation,1374.1 or 1375.1 or 126129.1,NA,"PMID: 8214594, PMID: 8496747, PMID: 8491807"
C6CRNe,1,0,NA,71.28892279232144,Transport of Hexanoyl Carnitine into the Extra Cellular Fluid,Fatty acid oxidation,NA,NA,"Jones LL, McDonald DA, Borum PR. (2010). Progress in Lipid Research 49: 61-75"
C6DCCACT,-0.8216376490316829,0,-0.06008515102347901,-0.6136573814928371,Transport of Adipoyl Carnitine into Cytosol,Fatty acid oxidation,788.1,NA,"Westin M, Hunt M, Alexson S. (2008). Cellular and Molecular Life Sciences 65: 982-90. doi:10.1006/mgme.2000.3055,doi:10.1006/bbrc.1999.1340,biochimica et biophysica acta 1546 (2001) 21-43"
C6DCc,0.3387954212186186,0,0.30307324331653757,0.6136573814928371,Production of Adipoylcarnitine,Fatty acid oxidation,1374.1 or 1375.1 or 126129.1,NA,doi:10.1016/j.physletb.2003.10.071
C80CPT1,1.851427718164166,0,-31.00111995745897,9.256840935426869,Production of Octanoylcarnitine,Fatty acid oxidation,1374.1 or 1375.1 or 126129.1,NA,"PMID: 21083904, PMID: 20413428"
sink_c81coa[c],-0.49959481324234717,0,-1.8732542217349568,-5.613695439488988,Sink for Octenoyl Coenzyme A,Fatty acid oxidation,NA,NA,NA
C81CPT1,0.49959481324234717,0,1.8732542217349568,5.613695439488988,Production of Ocetenoylcarnitine,Fatty acid oxidation,1374.1 or 1375.1 or 126129.1,NA,"Go Tajimaa et al,journal of chromatography B,volume 823,issue 2,5 September 2005, Pages 122-130"
C81CRNe,0.49959481324234717,0,1.8732542217349568,5.613695439488988,Transport of Octenoyl Carnitine into the Extra Cellular Space,Fatty acid oxidation,NA,NA,"Shigematsu Y, Hirano S, Hata I, Tanaka Y, Sudo M, et al. (2003). Journal of Chromatography B 792: 63-72"
C8CRNe,0.6250636112232685,0,5.764007035466377,24.982579361613094,Transport of Octanoyl Carnitine into the Extra Cellular Space,Fatty acid oxidation,NA,NA,"Jones LL, McDonald DA, Borum PR. (2010). Progress in Lipid Research 49: 61-75"
C9BRxtc,0.44077789656027994,0,-121.76124737468957,-47.26028976213485,Transport of Dimethylnonanoylcarnitine from Peroxisomes to Cytosol,"Transport, peroxisomal",788.1,NA,"doi:10.1006/mgme.2000.3055,doi:10.1006/bbrc.1999.1340,biochimica et biophysica acta 1546 (2001) 21-43"
DCATDr,-0.6572566954715469,0,3.2736372249106642,0.677032860002405,Transport of Decanoate (N-C10:0) into the E.R. by Diffusion,Fatty acid oxidation,NA,NA,"Glatz JFC, Luiken JJFP, Bonen A. (2010). Physiological Reviews 90: 367-417, Kamp F, Hamilton JA. (2006). Prostaglandins, Leukotrienes and Essential Fatty Acids 75: 149-59, PMCID: PMC2785172, Evtodienko VY, Bondarenko DI, Antonenko YN. (1999). Biochimica et Biophysica Acta (BBA) - Biomembranes 1420: 95-103"
DCSPTN1COAtxc,0.63394235637025,0,0.12387225110549799,0.5529187038774769,Transport of Docosapentenoylcoa into Peroxisomes.,"Transport, peroxisomal",215.1 and 225.1,NA,PMID:18854420
DECCRNe,0.3721029539112014,0,4.0396808988550825,8.827654356242716,Transport of 3-Hydroxydecanoyl Carnitine into Extra Cellular Space,Fatty acid oxidation,NA,NA,"Jones LL, McDonald DA, Borum PR. (2010). Progress in Lipid Research 49: 61-75"
DOCOSDIACTD,0.8135917878795232,0,2.275994089910714,22.143467520929967,Excretion of Docosanedioic Acid,Fatty acid oxidation,NA,NA,PMID: 15716582
EX_3deccrn[e],0.3721029539112014,0,4.0396808988550825,8.827654356242716,Exchange of 3-Hydroxydecanoyl Carnitine,Exchange/demand reaction,NA,NA,NA
EX_3hdececrn[e],0.4184647453889346,0,0.7556866293947182,1.8432499729962284,Exchange of 3-Hydroxyhexadecenoyl Carnitine,Exchange/demand reaction,NA,NA,NA
EX_3hexdcrn[e],0.4219571671785404,0,0.9118407273448084,2.243083702369379,Exchange of 3-Hydroxyhexadecanoyl Carnitine,Exchange/demand reaction,NA,NA,NA
EX_3ivcrn[e],0.4709459803557125,1.9216110385271482e-7,0.9085622003796389,2.5261048341531143,Exchange of 3-Hydroxy-Isovaleryl Carnitine,Exchange/demand reaction,NA,NA,NA
EX_3octdec2crn[e],0.4887917571774217,0,4.48842918981376,13.071652255788166,Exchange of 3-Hydroxyoctadecadienoyl Carnitine,Exchange/demand reaction,NA,NA,NA
EX_3octdece1crn[e],0.8585115356350638,0,1.0465445004898843,13.746809928611407,Exchange of 3-Hydroxy-Octadecenoyl Carnitine,Exchange/demand reaction,NA,NA,NA
EX_3tdcrn[e],0.6822158116301271,0,1.258982433859089,6.66452339138193,Exchange of 3-Hydroxy-Tetradecanoyl Carnitine,Exchange/demand reaction,NA,NA,NA
EX_c101crn[e],0.5901560740123023,0,0.9707665642234656,3.766483411527572,Exchange of Decenoyl Carnitine,Exchange/demand reaction,NA,NA,NA
EX_c10crn[e],0.6592847230957373,0,3.4036244831465883,16.575664464927023,Exchange of Decanoyl Carnitine,Exchange/demand reaction,NA,NA,NA
EX_c3dc[e],-0.4904623901751208,0,2.248755278193668,0.7687717563924946,Exchange of Malonyl Carnitine,Exchange/demand reaction,NA,NA,NA
EX_c4crn[e],0.6521440204759321,0,7.57894746493355,35.996255556172876,Exchange of Butyryl Carnitine,Exchange/demand reaction,NA,NA,NA
EX_c4dc[e],0.67862235928519,0,0.7041041827283198,3.6776828088137625,Exchange of Succinyl Carnitine,Exchange/demand reaction,NA,NA,NA
EX_c51crn[e],-0.8245882354861361,0,10.233920105652535,0.9838658107691487,Exchange of Tiglyl Carnitine,Exchange/demand reaction,NA,NA,NA
EX_c6crn[e],1,0,NA,71.28892279232144,Exchange of Hexanoyl Carnitine,Exchange/demand reaction,NA,NA,NA
EX_c81crn[e],0.49959481324234717,0,1.8732542217349568,5.613695439488988,Exchange of Octenoyl Carnitine,Exchange/demand reaction,NA,NA,NA
EX_c8crn[e],0.6250636112232685,0,5.764007035466377,24.982579361613094,Exchange of Octanoyl Carnitine,Exchange/demand reaction,NA,NA,NA
EX_docosdiac[e],0.8135917878795232,0,2.275994089910714,22.143467520929967,Exchange of Docosanedioic Acid,Exchange/demand reaction,NA,NA,NA
EX_tetdec2crn[e],0.8849682315873002,0,0.7062844284450752,11.573530759845115,Exchange of Tetradecadienoyl Carnitine,Exchange/demand reaction,NA,NA,NA
EX_tetdece1crn[e],0.6943362614572504,0,1.5421714310312586,8.548468946421123,Exchange of Tetradecenoyl Carnitine,Exchange/demand reaction,NA,NA,NA
EX_dca[e],0.34864965089056926,0,-4.340969950186182,-2.0965358131818794,Exchange of Decanoate (N-C10:0),Fatty acid oxidation,NA,NA,NA
FAOXC101C8m,0.741606055785613,0,11.17912628288269,75.34864677984416,"Fatty Acid Beta Oxidation (C10:1->C8), Mitochondrial",Fatty acid oxidation,1892.1 and 3033.1 and 10449.1,NA,"PMID:20195903, PMID:20490924, international journal of molecular medicine 19: 81-87, 2007."
FAOXC102C101m,0.6952164558728634,0,1.220692425949713,6.789532859970035,"Reduction (C10:2->C10:1), Mitochondrial",Fatty acid oxidation,1666.1,NA,PMID: 7818482
FAOXC10C8m,0.6228283409835554,0,2.58256560691458,11.111812245595177,"Fatty Acid Beta Oxidation (C10->C8), Mitochondrial",Fatty acid oxidation,34.1 and 1892.1 and 3033.1 and 10449.1,NA,"PMID:20195903, PMID:20490924, international journal of molecular medicine 19: 81-87, 2007."
FAOXC10C8x,0.46038887331772876,0,2.0585027372379496,5.571075807201583,"Fatty Acid Beta Oxidation (C10->C8), Peroxisomal",Fatty acid oxidation,51.1 and 1962.1 and 3295.1 and 30.1,NA,"PMID: 11411544, HMDB01070"
FAOXC11BRC9BRx,-0.44156657904666785,0,0.7025316502942588,0.27214639858067385,"Fatty Acid Beta Oxidation (C11Br->C9Br), Peroxisomal",Fatty acid oxidation,8310.1 and 1962.1 and 3295.1 and 30.1,NA,"HMDB06202,PMID:11591435"
FAOXC11C9m,-0.8319740234736598,8.249511030399238e-12,6.804725846199648,0.6241194965929393,"Fatty Acid Beta Oxidation (C11->C9), Mitochondrial",Fatty acid oxidation,34.1 and 1892.1 and 3033.1 and 10449.1,NA,"J. Oleo Sci. 57, (5) 293-299 (2008), HMDB00847"
FAOXC121C101m,0.6514374836024674,0,1.9448067117547965,9.214205633317679,"Fatty Acid Beta Oxidation (C12:1->C10:1), Mitochondrial",Fatty acid oxidation,34.1 and 1892.1 and 3033.1 and 10449.1,NA,"PMID:20195903, PMID:20490924, international journal of molecular medicine 19: 81-87, 2007."
FAOXC122x,0.45935793958267684,2.5079985169630785e-16,0.5600500207378267,1.5117459483198616,"Isomerization (C12:2), Peroxisomal",Fatty acid oxidation,1962.1 or 10455.1,NA,"PNAS August 1, 1992 vol. 89 no. 15 6673-6677,PMID: 2303409,PMID: 10419495,  FEBS LETTERS vol.215 no.2 228-232"
FAOXC12C10m,0.49266042911198427,0,6.18816039231498,18.206390111536347,"Fatty Acid Beta Oxidation (C12->C10), Mitochondrial",Fatty acid oxidation,34.1 and 1892.1 and 3033.1 and 10449.1,NA,"PMID:20195903, PMID:20490924, international journal of molecular medicine 19: 81-87, 2007."
FAOXC12C12OHm,0.9602875159521892,0,0.7232749808007933,35.702297387325395,"Fatty Acid Beta Oxidation (C12->Ohc12), Mitochondrial",Fatty acid oxidation,34.1 and 1892.1,NA,"PMID: 1730577, HMDB00387"
FAOXC12DCTc,-0.5135850873972566,0,-0.10487062394670138,-0.32632760303837277,Transport of Dodecanedioyl Carnitine into Cytosol,Fatty acid oxidation,788.1,NA,"Westin M, Hunt M, Alexson S. (2008). Cellular and Molecular Life Sciences 65: 982-90. doi:10.1006/mgme.2000.3055,doi:10.1006/bbrc.1999.1340,biochimica et biophysica acta 1546 (2001) 21-43"
FAOXC12DCx,-0.5135850873972566,0,-0.10487062394670138,-0.32632760303837277,Production of Dodecanedioyl Carnitine,Fatty acid oxidation,54677.1,NA,"PMID: 15060085, Westin M, Hunt M, Alexson S. (2008). Cellular and Molecular Life Sciences 65: 982-90, PMID: 20560540"
FAOXC13BRC11BRx,-0.44156657904666785,0,0.7025316502942588,0.27214639858067385,"Fatty Acid Beta Oxidation (C13Br->C11Br), Peroxisomal",Fatty acid oxidation,8310.1 and 1962.1 and 3295.1 and 30.1,NA,"HMDB02221,PMID:11591435"
FAOXC13C11m,-0.8319740234736598,8.249511030399238e-12,6.804725846199648,0.6241194965929393,"Fatty Acid Beta Oxidation (C13->C11), Mitochondrial",Fatty acid oxidation,37.1 and 3030.1 and 3032.1,NA,"J. Oleo Sci. 57, (5) 293-299 (2008)"
FAOXC141C121m,0.6514374836024674,0,1.9448067117547965,9.214205633317679,"Fatty Acid Beta Oxidation (C14:1->C12:1), Mitochondrial",Fatty acid oxidation,37.1 and 3030.1 and 3032.1,NA,"PMID:20195903, PMID:20490924, international journal of molecular medicine 19: 81-87, 2007."
FAOXC142C122x,0.45935793958267684,2.5079985169630785e-16,0.5600500207378267,1.5117459483198616,"Fatty Acid Beta Oxidation (C14:2->C12:2), Peroxisomal",Fatty acid oxidation,51.1 and 1962.1 and 3295.1 and 30.1,NA,PMID:20558530
FAOXC14C12m,0.5462104620349783,0,8.948832454838092,30.491620469521173,"Fatty Acid Beta Oxidation (C14->C12), Mitochondrial",Fatty acid oxidation,37.1 and 3030.1 and 3032.1,NA,"PMID:20195903, PMID:20490924, international journal of molecular medicine 19: 81-87, 2007."
FAOXC14C12x,0.6117393581163454,0,1.5233213600616378,6.323579385124441,"Fatty Acid Beta Oxidation (C14->C12), Peroxisomal",Fatty acid oxidation,51.1 and 1962.1 and 3295.1 and 30.1,NA,PMID: 11411544
FAOXC14C14OHm,0.8469879619006334,0,4.062225976015208,49.034589496466516,"Fatty Acid Beta Oxidation (C14->C14Oh), Mitochondrial",Fatty acid oxidation,37.1 and 3030.1,NA,PMID: 11427448
FAOXC15ATPx,1,0,NA,1.2092201390214377,"Fatty Acid Activation (C15), Peroxisomal",Fatty acid oxidation,11001.1,NA,"PMID:11591435,PMID: 10198260"
FAOXC15BRC13BRx,-0.6456101813377558,0,0.4285713905507779,0.09229484546434205,"Fatty Acid Beta Oxidation (C15Br->C13Br), Peroxisomal",Fatty acid oxidation,8310.1 and 1962.1 and 3295.1 and 30.1,NA,"HMDB02396,PMID:11591435"
FAOXC15C13m,-0.8319740234736598,8.249511030399238e-12,6.804725846199648,0.6241194965929394,"Fatty Acid Beta Oxidation (C15->C13), Mitochondrial",Fatty acid oxidation,37.1 and 3030.1 and 3032.1,NA,"J. Oleo Sci. 57, (5) 293-299 (2008)"
FAOXC161C141m,0.5655126452900336,0,2.8685290790108966,10.335671447956003,"Fatty Acid Beta Oxidation (C16:1->C14:1), Mitochondrial",Fatty acid oxidation,37.1 and 3030.1 and 3032.1,NA,"PMID:20195903, PMID:20490924, international journal of molecular medicine 19: 81-87, 2007."
FAOXC161C161OHm,0.4184647453889346,0,0.7556866293947182,1.8432499729962284,Production of 3-Hydroxyhexadecenoylcoa,Fatty acid oxidation,37.1 and 3030.1,NA,"PMID: 9510849, clinical chemistry 46:2, 149-155(2000)"
FAOXC162C142m,0.48397079230965084,0,1.4004100448743615,4.027228639154151,"Fatty Acid Beta Oxidation (C16:2->C14:2), Mitochondrial",Fatty acid oxidation,37.1 and 3030.1 and 3032.1,NA,"PMID:20195903, PMID:20490924, international journal of molecular medicine 19: 81-87, 2007."
FAOXC163C142x,0.45935793958267684,2.5079985169630785e-16,0.5600500207378267,1.5117459483198616,"Fatty Acid Beta Oxidation (C16:3->C14:2), Peroxisomal",Fatty acid oxidation,1962.1 and 3295.1 and 30.1,NA,PMID:20558530
FAOXC163C164x,0.45935793958267684,2.5079985169630785e-16,0.5600500207378267,1.5117459483198616,"Fatty Acid Beta Oxidation (C16:3->C16:4), Peroxisomal",Fatty acid oxidation,51.1,NA,"PMID: 18536048, PMID: 17458872"
FAOXC163x,0.45935793958267684,2.5079985169630785e-16,0.5600500207378267,1.5117459483198616,"Isomerization (C16:3), Peroxisomal",Fatty acid oxidation,1962.1 or 10455.1,NA,"PNAS August 1, 1992 vol. 89 no. 15 6673-6677,PMID: 2303409,PMID: 10419495,  FEBS LETTERS vol.215 no.2 228-232"
FAOXC164C143m,0.3476733469329472,0,15.580888155199588,32.18931434056759,"Fatty Acid Beta Oxidation (C16:4->C14:3), Mitochondrial",Fatty acid oxidation,3030.1 and 3032.1,NA,"PMID:20195903, PMID:20490924, international journal of molecular medicine 19: 81-87, 2007."
FAOXC164C163x,0.45935793958267684,2.5079985169630785e-16,0.5600500207378267,1.5117459483198616,"Fatty Acid Beta Oxidation (C16:4->C16:3), Peroxisomal",Fatty acid oxidation,26063.1,NA,PMID: 11514237
FAOXC164C165m,0.3476733469329472,0,15.580888155199588,32.18931434056759,"Fatty Acid Beta Oxidation (C16:4->C16:5), Mitochondrial",Fatty acid oxidation,37.1,NA,PMCID: PMC2702680
FAOXC164m,0.3476733469329472,0,15.580888155199588,32.18931434056759,"Isomerization (C16:4), Mitochondrial",Fatty acid oxidation,1632.1,NA,"""Journal of Molecular Biology, Volume 342, Issue 4, 24 September 2004, Pages 1197-1208"""
FAOXC165C164m,0.3476733469329472,0,15.580888155199588,32.18931434056759,"Fatty Acid Beta Oxidation (C16:5->C16:4), Mitochondrial",Fatty acid oxidation,1666.1,NA,PMID: 7818482
FAOXC16C14m,0.7416355280647476,0,9.215088167398552,62.11893154803589,"Fatty Acid Beta Oxidation (C16->C14), Mitochondrial",Fatty acid oxidation,37.1 and 3030.1 and 3032.1,NA,"PMID:20195903, PMID:20490924, international journal of molecular medicine 19: 81-87, 2007."
FAOXC16C14x,0.5307734628698388,0,2.1130231057610036,6.893386116890702,"Fatty Acid Beta Oxidation (C16->C14), Peroxisomal",Fatty acid oxidation,51.1 and 1962.1 and 3295.1 and 30.1,NA,"PMID: 11411544, PMID:7876265, HMDB01521"
FAOXC16C16OHm,0.4219571671785404,0,0.9118407273448084,2.243083702369379,"Fatty Acid Beta Oxidation (C16->C16Oh), Mitochondrial",Fatty acid oxidation,37.1 and 3030.1,NA,"PMID: 9510849, clinical chemistry 46:2, 149-155(2000)"
FAOXC181C181OHm,0.8585115356350638,0,1.0465445004898843,13.746809928611407,"Fatty Acid Beta Oxidation (C18:1->C18:1Oh), Mitochondrial",Fatty acid oxidation,37.1 and 3030.1,NA,PMID:9510849
FAOXC182C162m,0.48397079230965084,0,1.4004100448743615,4.027228639154151,"Fatty Acid Beta Oxidation (C18:2->C16:2), Mitochondrial",Fatty acid oxidation,37.1 and 3030.1 and 3032.1,NA,harpers biochemistry-25th edition-page no.242.
FAOXC182C182OHm,0.4887917571774217,0,4.48842918981376,13.071652255788166,"Fatty Acid Beta Oxidation (C18:2->C18:2Oh), Mitochondrial",Fatty acid oxidation,37.1 and 3030.1,NA,PMID:9510849
FAOXC183C163Gm,0.3429760051494503,0,4.777482306741671,9.765311698303407,"Fatty Acid Beta Oxidation (C18:3->C16:3), Mitochondrial",Fatty acid oxidation,37.1 and 3030.1 and 3032.1,NA,"PMID:20195903, PMID:20490924, international journal of molecular medicine 19: 81-87, 2007."
FAOXC184C163m,-0.8008525272369628,4.565201113501158e-11,2.5975574551523155,0.28725117394485133,"Fatty Acid Beta Oxidation (C18:4->C16:3), Mitochondrial",Fatty acid oxidation,3030.1 and 3032.1,NA,"PMID:20195903, PMID:20490924, international journal of molecular medicine 19: 81-87, 2007."
FAOXC184C163x,0.45935793958267684,2.5079985169630785e-16,0.5600500207378267,1.5117459483198616,"Fatty Acid Beta Oxidation (C18:4->C16:3), Peroxisomal",Fatty acid oxidation,1962.1 and 3295.1 and 30.1,NA,"PMID:20064629, journal of lipid research 1998 vol 39 pages 2161-2171"
FAOXC184m,-0.8008525272369628,4.565201113501158e-11,2.5975574551523155,0.28725117394485133,"Isomerization of (C18:4), Mitochondrial",Fatty acid oxidation,1632.1,NA,"""Journal of Molecular Biology, Volume 342, Issue 4, 24 September 2004, Pages 1197-1208 5.3.3.8"
FAOXC184x,0.45935793958267684,2.5079985169630785e-16,0.5600500207378267,1.5117459483198616,"Isomerization (C18:4), Peroxisomal",Fatty acid oxidation,1962.1 or 10455.1,NA,"PNAS August 1, 1992 vol. 89 no. 15 6673-6677,PMID: 2303409,PMID: 10419495,  FEBS LETTERS vol.215 no.2 228-232"
FAOXC185C164m,0.5062137971448378,0,7.2602145987825235,22.146093462490292,"Fatty Acid Beta Oxidation (C18:5->C16:4), Mitochondrial",Fatty acid oxidation,37.1 and 3030.1 and 3032.1,NA,"PMID:20195903, PMID:20490924, international journal of molecular medicine 19: 81-87, 2007."
FAOXC185m,0.5062137971448378,0,7.2602145987825235,22.146093462490292,"Isomerization (C18:5), Mitochondrial",Fatty acid oxidation,1632.1,NA,"""Journal of Molecular Biology, Volume 342, Issue 4, 24 September 2004, Pages 1197-1208"""
FAOXC204C184m,-0.8008525272369628,4.565201113501158e-11,2.5975574551523155,0.28725117394485133,"Fatty Acid Beta Oxidation (C20:4->C18:4), Mitochondrial",Fatty acid oxidation,37.1 and 3030.1 and 3032.1,NA,"PMID:20195903, PMID:20490924, international journal of molecular medicine 19: 81-87, 2007."
FAOXC204C205x,0.45935793958267684,2.5079985169630785e-16,0.5600500207378267,1.5117459483198616,"Fatty Acid Beta Oxidation (C20:4->C20:5), Peroxisomal",Fatty acid oxidation,51.1,NA,"PMID: 18536048, PMID: 17458872"
FAOXC205C184x,0.45935793958267684,2.5079985169630785e-16,0.5600500207378267,1.5117459483198616,"Fatty Acid Beta Oxidation (C20:5->C18:4), Peroxisomal",Fatty acid oxidation,1962.1 and 3295.1 and 30.1,NA,"PMID:20064629, journal of lipid research 1998 vol 39 pages 2161-2171"
FAOXC205C185m,0.5062137971448378,0,7.2602145987825235,22.146093462490292,"Fatty Acid Beta Oxidation (C20:5->C18:5), Mitochondrial",Fatty acid oxidation,37.1 and 3030.1 and 3032.1,NA,"PMID:20195903, PMID:20490924, international journal of molecular medicine 19: 81-87, 2007."
FAOXC225C204m,-0.8008525272369628,4.565201113501158e-11,2.5975574551523155,0.28725117394485133,"Fatty Acid Beta Oxidation (C22:5->C20:4), Mitochondrial",Fatty acid oxidation,3030.1 and 3032.1,NA,"PMID:20195903, PMID:20490924, international journal of molecular medicine 19: 81-87, 2007."
FAOXC225C204x,0.45935793958267684,2.5079985169630785e-16,0.5600500207378267,1.5117459483198616,"Fatty Acid Beta Oxidation (C22:5->C20:4), Peroxisomal",Fatty acid oxidation,1962.1 and 3295.1 and 30.1,NA,"PMID:20064629, journal of lipid research 1998 vol 39 pages 2161-2171"
FAOXC225C226m,-0.8008525272369628,4.565201113501158e-11,2.5975574551523155,0.28725117394485133,"Fatty Acid Beta Oxidation (C22:5->C22:6), Mitochondrial",Fatty acid oxidation,37.1,NA,PMCID: PMC2702680
FAOXC225C226x,0.45935793958267684,2.5079985169630785e-16,0.5600500207378267,1.5117459483198616,"Fatty Acid Beta Oxidation (C22:5->C22:6), Peroxisomal",Fatty acid oxidation,51.1,NA,"PMID: 18536048, PMID: 17458872"
FAOXC225m,-0.8008525272369628,4.565201113501158e-11,2.5975574551523155,0.28725117394485133,"Isomerization (C22:5), Mitochondrial",Fatty acid oxidation,1632.1,NA,"""Journal of Molecular Biology, Volume 342, Issue 4, 24 September 2004, Pages 1197-1208"""
FAOXC225x,0.45935793958267684,2.5079985169630785e-16,0.5600500207378267,1.5117459483198616,"Isomerization (C22:5), Peroxisomal",Fatty acid oxidation,1962.1 or 10455.1,NA,"PNAS August 1, 1992 vol. 89 no. 15 6673-6677,PMID: 2303409,PMID: 10419495,  FEBS LETTERS vol.215 no.2 228-232"
FAOXC226C205m,0.4949801458618975,0,7.66243118434567,22.682637911691515,"Fatty Acid Beta Oxidation (C22:6->C20:5), Mitochondrial",Fatty acid oxidation,37.1 and 3030.1 and 3032.1,NA,"PMID:20195903, PMID:20490924, international journal of molecular medicine 19: 81-87, 2007."
FAOXC226C225m,-0.8008525272369628,4.565201113501158e-11,2.5975574551523155,0.28725117394485133,"Fatty Acid Beta Oxidation (C22:6->C22:5), Mitochondrial",Fatty acid oxidation,1666.1,NA,PMID: 7818482
FAOXC226C225x,0.45935793958267684,2.5079985169630785e-16,0.5600500207378267,1.5117459483198616,"Fatty Acid Beta Oxidation (C22:6->C22:5), Peroxisomal",Fatty acid oxidation,26063.1,NA,PMID: 11514237
FAOXC226C227m,0.4949801458618975,0,7.66243118434567,22.682637911691515,"Fatty Acid Beta Oxidation (C22:6->C22:7), Mitochondrial",Fatty acid oxidation,37.1,NA,PMCID: PMC2702680
FAOXC226m,0.4949801458618975,0,7.66243118434567,22.682637911691515,"Isomerization (C22:6), Mitochondrial",Fatty acid oxidation,1632.1,NA,"""Journal of Molecular Biology, Volume 342, Issue 4, 24 September 2004, Pages 1197-1208"""
FAOXC227C226m,0.4949801458618975,0,7.66243118434567,22.682637911691515,"Fatty Acid Beta Oxidation (C22:7->C22:6), Mitochondrial",Fatty acid oxidation,1666.1,NA,PMID: 7818482
FAOXC22OHC22r,0.8562391231324131,0,1.7149537837161177,22.143467520929967,"Fatty Acid Omega Oxidation (C22->W-Ohc22), Endoplasmatic Reticulum",Fatty acid oxidation,8529.1 and 4051.1,NA,"PMID: 15716582,PMID: 19783438"
FAOXC3DC,-0.4904623901751208,0,2.248755278193668,0.7687717563924946,Malonylcoa->Malonylcarnitine,Fatty acid oxidation,1374.1 or 1375.1 or 126129.1,NA,"PMID: 12651823,PMID: 18192268"
FAOXC4C2m,0.477715858099649,0,17.913651692563295,50.68368931566179,"Fatty Acid Beta Oxidation (C4->C2), Mitochondrial",Fatty acid oxidation,35.1 and 1892.1 and 3033.1 and 10449.1,NA,"PMID:20195903, PMID:20490924, international journal of molecular medicine 19: 81-87, 2007."
FAOXC4C4DCc,1.3310546402959609,0,-0.5223017677697586,3.6776828088137625,Succ->C4Dcc,Fatty acid oxidation,1374.1 or 1375.1 or 126129.1,NA,PMID:15060085
FAOXC5C3x,-0.8319740234736598,8.249511030399238e-12,6.804725846199648,0.6241194965929393,"Fatty Acid Beta Oxidation (C5->C3), Mitochondrial",Fatty acid oxidation,35.1 and 1892.1 and 3033.1 and 10449.1,NA,"PEDIATRICS INTERNATIONAL ,FEB 1999 ,Volume: 41    Issue: 1    Pages: 52-60"
FAOXC5C5OHm,0.4709459803557125,1.9216110385271482e-7,0.9085622003796389,2.5261048341531143,"Fatty Acid Beta Oxidation (C5->C5Oh), Mitochondrial",Fatty acid oxidation,NA,NA,clinica chimica acta 240 (1995) 35-51
FAOXC5OHc,0.4709459803557125,1.9216110385271482e-7,0.9085622003796389,2.5261048341531143,(3-Hydroxyisovalerylcoa->3-Hydroxyisovalerylcarnitine),Fatty acid oxidation,1374.1 or 1375.1 or 126129.1,NA,"clinica chimica acta 240 (1995) 35-51, http://www.perkinelmergenetics.com/3Hydroxy3MethylglutarylCoALyaseDeficiency.html"
FAOXC61C4m,0.5740684870628034,0,10.071384075002836,37.219712118144336,"Fatty Acid Beta Oxidation (C6:1->C4:0), Mitochondrial",Fatty acid oxidation,1892.1 and 3033.1 and 10449.1,NA,"PMID:20195903, PMID:20490924, international journal of molecular medicine 19: 81-87, 2007."
FAOXC61C4x,0.5458266224167625,0,2.9333634091698793,9.984009356177971,"Fatty Acid Beta Oxidation (C6:1->C4:0), Peroxisomal",Fatty acid oxidation,1962.1 and 3295.1 and 30.1,NA,PMID:20064629
FAOXC6C4x,0.6239159175869483,0,4.495205226968591,19.41011508399062,"Fatty Acid Beta Oxidation (C6->C4), Peroxisomal",Fatty acid oxidation,51.1 and 1962.1 and 3295.1 and 30.1,NA,"PMID: 11356164, HMDB01088"
FAOXC6DCC4DCx,-0.5681967411367828,0,1.2264059521691946,0.3376911027451974,"Fatty Acid Beta Oxidation (C6Dc->C4Dc), Peroxisomal",Fatty acid oxidation,51.1 and 1962.1 and 3295.1 and 30.1,NA,"PMID:15060085,PMID:9827430"
FAOXC7C5m,-0.8319740234736598,8.249511030399238e-12,6.804725846199648,0.6241194965929393,"Fatty Acid Beta Oxidation (C7->C5), Mitochondrial",Fatty acid oxidation,34.1 and 1892.1 and 3033.1 and 10449.1,NA,"J. Oleo Sci. 57, (5) 293-299 (2008)"
FAOXC8C6m,0.686055033651045,0,20.888074032627884,112.18030591655373,"Fatty Acid Beta Oxidation (C8->C6), Mitochondrial",Fatty acid oxidation,34.1 and 1892.1 and 3033.1 and 10449.1,NA,"PMID:20195903, PMID:20490924, international journal of molecular medicine 19: 81-87, 2007."
FAOXC8DCC6DCx,-0.5295697550834196,0,1.5441567933664657,0.47491659408064735,"Fatty Acid Beta Oxidation (C8Dc->C6Dc), Peroxisomal",Fatty acid oxidation,51.1 and 1962.1 and 3295.1 and 30.1,NA,"PMID:15060085,PMID:9827430"
FAOXC9C7m,-0.8319740234736598,8.249511030399238e-12,6.804725846199648,0.6241194965929393,"Fatty Acid Beta Oxidation (C9->C7), Mitochondrial",Fatty acid oxidation,34.1 and 1892.1 and 3033.1 and 10449.1,NA,"J. Oleo Sci. 57, (5) 293-299 (2008), HMDB00666"
FAOXMC10OHMC10r,-0.6572566954715469,0,3.2736372249106642,0.677032860002405,"Fatty Acid Omega Oxidation (Mc10->W-Ohmc10), Endoplasmatic Reticulum",Fatty acid oxidation,8529.1 and 4051.1,NA,"metabolism,vol45,1996-kou-yi tserng"
FAOXOHC16C16DCc,-0.7933789907313175,0,6.418976441760548,0.7395510919460561,Fatty Acid Omega Oxidation (W-Ohc16->C16Dc),Fatty acid oxidation,128.1 and 224.1,NA,"PMID:15060085,PMCID:PMC1152672"
FAOXOHC22C22DCc,0.8562391231324131,0,1.7149537837161177,22.143467520929967,Fatty Acid Omega Oxidation (W-Ohc22->C22Dc),Fatty acid oxidation,128.1 and 224.1,NA,PMID:15716582
FAOXOHMC10DC10c,-0.6572566954715469,0,3.2736372249106642,0.677032860002405,Fatty Acid Omega Oxidation (W-Ohmc10->Dc10),Fatty acid oxidation,128.1 and 224.1,NA,doi:10.1016/j.physletb.2003.10.071
FAOXTC101TC102m,0.7894406523832954,0,0.6565080945997405,5.579340392115998,"Fatty Acid Beta Oxidation Trans (C10:1->C10:2), Mitochondrial",Fatty acid oxidation,34.1,NA,PMID: 15337167
FAOXTC102C101m,0.7894406523832954,0,0.6565080945997405,5.579340392115998,"Fatty Acid Beta Oxidation Trans (C10:2->C10:1), Mitochondrial",Fatty acid oxidation,1666.1,NA,PMID: 7818482
FAOXTC122TC101m,0.7894406523832954,0,0.6565080945997405,5.579340392115998,"Fatty Acid Beta Oxidation Trans (C12:2->C10:1), Mitochondrial",Fatty acid oxidation,1892.1 and 3033.1 and 10449.1,NA,"PMID:20195903, PMID:20490924, international journal of molecular medicine 19: 81-87, 2007."
FAOXTC122m,0.7894406523832954,0,0.6565080945997405,5.579340392115998,"Isomerization Trans (C12:2), Mitochondrial",Fatty acid oxidation,1632.1,NA,"""Journal of Molecular Biology, Volume 342, Issue 4, 24 September 2004, Pages 1197-1208"""
FAOXTC142TC122m,0.7894406523832954,0,0.6565080945997405,5.579340392115998,"Fatty Acid Beta Oxidation Trans (C14:2->C12:2), Mitochondrial",Fatty acid oxidation,37.1 and 3030.1 and 3032.1,NA,"PMID:20195903, PMID:20490924, international journal of molecular medicine 19: 81-87, 2007."
FAOXTC162TC142m,0.6774430350375026,0,1.2480963367160642,6.490669042981603,"Fatty Acid Beta Oxidation Trans (C16:2->C14:2), Mitochondrial",Fatty acid oxidation,37.1 and 3030.1 and 3032.1,NA,"PMID:20195903, PMID:20490924, international journal of molecular medicine 19: 81-87, 2007."
FAOXTC182TC162m,0.4747664392003557,0,2.882207201527804,8.092747244032658,"Fatty Acid Beta Oxidation Trans (C18:2->C16:2), Mitochondrial",Fatty acid oxidation,37.1 and 3030.1 and 3032.1,NA,"PMID:20195903, PMID:20490924, international journal of molecular medicine 19: 81-87, 2007."
FOAXC122C101x,0.45935793958267684,2.5079985169630785e-16,0.5600500207378267,1.5117459483198616,"Fatty Acid Beta Oxidation (C12:2->C10:1), Peroxisomal",Fatty acid oxidation,1962.1 and 3295.1 and 30.1,NA,PMID:20558530
HDCACBP,0.3721029539112014,0,4.0396808988550825,8.827654356242716,Transport of (S)-3-Hydroxydecanoyl Coenzyme A from Mitochondria into the Cytosol,Fatty acid oxidation,1622.1,NA,"PMID: 20511713, PMID: 11859412, PMID: 16908521, PMID: 8001684"
HDECAACBP,0.4219571671785404,0,0.9118407273448084,2.243083702369379,Transport of 3-Hydroxyhexadecanoylcoa from Mitochondria into the Cytosol,Fatty acid oxidation,1622.1,NA,"PMID: 20511713, PMID: 11859412, PMID: 16908521, PMID: 8001684"
HDECEACBP,0.4184647453889346,0,0.7556866293947182,1.8432499729962284,Transport of 3-Hydroxyhexadecenoylcoa from Mitochondria into the Cytosol,Fatty acid oxidation,1622.1,NA,"PMID: 20511713, PMID: 11859412, PMID: 16908521, PMID: 8001684"
HEDCECRNe,0.4184647453889346,0,0.7556866293947182,1.8432499729962284,Transport of 3-Hydroxyhexadecenoyl Carnitine into Extra Cellular Space,Fatty acid oxidation,NA,NA,"Jones LL, McDonald DA, Borum PR. (2010). Progress in Lipid Research 49: 61-75"
HEXDCRNe,0.4219571671785404,0,0.9118407273448084,2.243083702369379,Transport of 3-Hydroxyhexadecanoyl Carnitine into Extra Cellular Space,Fatty acid oxidation,NA,NA,"Jones LL, McDonald DA, Borum PR. (2010). Progress in Lipid Research 49: 61-75"
HIVCACBP,0.4709459803557125,1.9216110385271482e-7,0.9085622003796389,2.5261048341531143,Transport of 3-Hydroxyisovalerylcoa from Mitochondria into the Cytosol,Fatty acid oxidation,1622.1,NA,"PMID: 20511713, PMID: 11859412, PMID: 16908521, PMID: 8001684"
HIVCRNe,0.4709459803557125,1.9216110385271482e-7,0.9085622003796389,2.5261048341531143,Transport of 3-Hydroxy-Isovaleryl Carnitine into Extra Cellular Space,Fatty acid oxidation,NA,NA,"Jones LL, McDonald DA, Borum PR. (2010). Progress in Lipid Research 49: 61-75"
HOCTDACBP,0.8585115356350638,0,1.0465445004898843,13.746809928611407,Transport of 3-Hydroxyoctadecenoylcoa from Mitochondria into the Cytosol,Fatty acid oxidation,1622.1,NA,"PMID: 20511713, PMID: 11859412, PMID: 16908521, PMID: 8001684"
HOCTDEC2CRNe,0.4887917571774217,0,4.48842918981376,13.071652255788166,Transport of 3-Hydroxyoctadecadienoyl Carnitine into Extra Cellular Space,Fatty acid oxidation,NA,NA,"Bodamer OA, Muhl A. (2005). Monatshefte fur Chemie / Chemical Monthly 136: 1293-7, http://www.childrensmn.org/Manuals/Lab/Chemistry/051465.pdf"
HTDCACBP,0.6822158116301271,0,1.258982433859089,6.66452339138193,Transport of (S)-3-Hydroxytetradecanoyl Coenzyme A from Mitochondria into the Cytosol,Fatty acid oxidation,1622.1,NA,"PMID: 20511713, PMID: 11859412, PMID: 16908521, PMID: 8001684"
HTDCRNe,0.6822158116301271,0,1.258982433859089,6.66452339138193,Transport of 3-Hydroxy-Tetradecanoyl Carnitine into Extra Cellular Space,Fatty acid oxidation,NA,NA,PMID: 20583174
OCT11EFATP,0.534162207576253,0,0.08531367905789229,0.2809669467110325,Uptake of Vaccenic Acid,Fatty acid oxidation,376497.1 or 11001.1 or 11000.1 or 10999.1 or 10998.1 or 28965.1,NA,"PMID: 16868315, PMID: 17901542, journal of lipid research (2006) vol 47 page 665-672, 16357361, PMID: 17495600"
OCTDEC2ACBP,0.4887917571774217,0,4.48842918981376,13.071652255788166,Transport of 3-Hydroxyoctadecadienoyl Coenzyme A from Mitochondria into Cytosol,Fatty acid oxidation,1622.1,NA,"PMID: 20511713, PMID: 11859412, PMID: 16908521, PMID: 8001684"
OCTDECCACT,0.8585115356350638,0,1.0465445004898843,13.746809928611407,Transport of Octadecenoyl Coenzyme A into Mitochondrial Matrix,Fatty acid oxidation,788.1,NA,"Biochemica et Biophysica Acta 1486(2000) 1-17, Eur. J. Biochem. 244, 1-14 (1997) FEBS 1997, Biochemica et Biophysica Acta 1546(2001) 21-43."
OCTDECCPT1,0.8585115356350638,0,1.0465445004898843,13.746809928611407,Transport of Octadecenoyl Coenzyme A into Mitochondrial Matrix,Fatty acid oxidation,1374.1 or 1375.1 or 126129.1,NA,"Biochemica et Biophysica Acta 1486(2000) 1-17, Eur. J. Biochem. 244, 1-14 (1997) FEBS 1997, Biochemica et Biophysica Acta 1546(2001) 21-43."
OCTDECCPT2,0.8585115356350638,0,1.0465445004898843,13.746809928611407,Transport of Octadecenoyl Coenzyme A into Mitochondrial Matrix,Fatty acid oxidation,1376.1,NA,"Biochemica et Biophysica Acta 1486(2000) 1-17, Eur. J. Biochem. 244, 1-14 (1997) FEBS 1997, Biochemica et Biophysica Acta 1546(2001) 21-43."
OCTDECE1CRNe,0.8585115356350638,0,1.0465445004898843,13.746809928611407,Transport of 3-Hydroxy-Octadecenoyl Carnitine into Extra Cellular Space,Fatty acid oxidation,NA,NA,"Jones LL, McDonald DA, Borum PR. (2010). Progress in Lipid Research 49: 61-75"
sink_octdececoa[c],-0.8585115356350638,0,-1.0465445004898843,-13.746809928611407,Sink for Octadecenoyl Coenzyme A,Fatty acid oxidation,NA,NA,NA
OMHDEACIDTD,-0.6572566954715469,0,3.2736372249106642,0.677032860002405,Transport of W-Hydroxydecanoic Acid by Diffusion,Fatty acid oxidation,NA,NA,"PMID: 10331655, PMID: 11478366"
OMHDOCOSACTD,0.8562391231324131,0,1.7149537837161177,22.143467520929967,Transport of W-Hydroxydocosanoic Acid by Diffusion,Fatty acid oxidation,NA,NA,"PMID: 10331655, PMID: 11478366"
PRISTCOAtcx,-0.4940710321856711,0,0.3206748573715249,0.1085883442614133,Transport of Pristanoylcoa from Cytosol to Peroxisomes.,"Transport, peroxisomal",5825.1,NA,PMID:11356164
SBCOAACOTx,0.5340208354753007,0,0.30899664137772337,1.017228498722269,Thioesterification of Suberyl Coenzyme A for Release into Cytosol,Fatty acid oxidation,10005.1,NA,"PMID: 15007068, PMID: 18538142, Westin MAK, Hunt MC, Alexson SEH. (2005). Journal of Biological Chemistry 280: 38125-32"
STCOATxc,0.4849422366788714,0,0.2952949925185225,0.8513530673590325,Transport of Stearoyl Coenzyme A from Cytosol to Peroxisomes,"Transport, peroxisomal",215.1,NA,"Biochemica et Biophysica Acta 1486(2000) 1-17, Eur. J. Biochem. 244, 1-14 (1997) FEBS 1997, Biochemica et Biophysica Acta 1546(2001) 21-43."
SUBEACtx,0.5340208354753007,0,0.30899664137772337,1.017228498722269,Transport of Suberic Acid into Cytosol (Diffusion),Fatty acid oxidation,NA,NA,"Glatz JFC, Luiken JJFP, Bonen A. (2010). Physiological Reviews 90: 367-417, Kamp F, Hamilton JA. (2006). Prostaglandins, Leukotrienes and Essential Fatty Acids 75: 149-59, PMCID: PMC2785172, Evtodienko VY, Bondarenko DI, Antonenko YN. (1999). Biochimica et Biophysica Acta (BBA) - Biomembranes 1420: 95-103"
SUCCOAPET,1,0,NA,0.3376911027451974,Thioesterification of Succinyl Coenzyme A for Release into Cytosol,Fatty acid oxidation,122970.1 or 10005.1,NA,"PMID: 15007068, PMID: 18538142, Westin MAK, Hunt MC, Alexson SEH. (2005). Journal of Biological Chemistry 280: 38125-32"
sink_tetdec2coa[c],-0.8849682315873002,0,-0.7062844284450752,-11.573530759845115,Sink for Tetradecadienoyl Coenzyme A,Fatty acid oxidation,NA,NA,NA
TETDEC2CRNe,0.8849682315873002,0,0.7062844284450752,11.573530759845115,Transport of Tetradecadienoyl Carnitine into Extra Cellular Space,Fatty acid oxidation,NA,NA,"Jones LL, McDonald DA, Borum PR. (2010). Progress in Lipid Research 49: 61-75"
sink_tetdece1coa[c],-0.6943362614572504,0,-1.5421714310312586,-8.548468946421123,Sink for Tetradecenoyl Coenzyme A,Fatty acid oxidation,NA,NA,NA
TETDECE1CRNe,0.6943362614572504,0,1.5421714310312586,8.548468946421123,Transport of Tetradecenoyl Carnitine into Extra Cellular Space,Fatty acid oxidation,NA,NA,"Jones LL, McDonald DA, Borum PR. (2010). Progress in Lipid Research 49: 61-75"
TIGCRNe,-0.8245882354861361,0,10.233920105652535,0.9838658107691487,Transport of Tiglyl Carnitine into the Extra Cellular Fluid,Fatty acid oxidation,NA,NA,PMID: 20157782
34DHPHELAT1tc,-0.5002358258802503,0,10.567341508102231,3.520232359695435,"Transport of 3, 4-Dihydroxy-L-Phenylalanine by Lat1 in Association with 4F2Hc, Across the Apical Surface of the Membranes","Transport, extracellular",8140.1 and 6520.1,NA,"Hans Gerhard Vogel, Franz J. Hock, Jochen Maas, Dieter Mayer (2006),  Drug discovery and evaluation: Safety and pharmacokinetic assays, Springer publication, Chapter II D, page 456, table 3, PMID: 19035290, PMID: 12634921, European Journal of Pharmacology 441 (2002) 127-132. Am J Physiol Cell Physiol 281:C1077-C1093, 2001. Amino Acids (2005) 29: 229-233 DOI 10.1007/s00726-005-0221-x. PMID: 11901210"
4OHPROIMINOtc,0.8277413044713342,1.251348097258534e-15,0.006134249323606491,0.06508711113985628,Transport of L-Oh-Proline by the Apical Imino Amino Acid Transporters in Kidney And Intestine,"Transport, extracellular",54716.1 and 57393.1,NA,"PMID: 19657969, PMID: 15632147, PMID: 18195088, PMID: 18400692, PMID:19184091"
ALAATB0tc,0.9872349733198499,4.0093070572112264e-12,0.003868899538181722,0.6023028907954693,Transport of L-Alanine by Atb0 Transporter,"Transport, extracellular",11254.1,NA,PMID:18195088
ALAyLATthc,-0.917755657242292,0,10.347311483073234,0.44375196027755737,Transport of Alanine by Y+Lat1 Or Y+Lat2 with Symporter of H,"Transport, extracellular",(6520.1 and 9057.1) or (9056.1 and 6520.1),NA,"PMID: 11546643, PMID:18195088"
ARGATB0tc,0.8622464966119897,0,0.41933710499703886,5.668887073460221,Transport of L-Arginine by Atb0 Transporter,"Transport, extracellular",11254.1,NA,PMID:18195088
ASNATB0tc,0.8628521236058276,5.600367472827801e-10,0.015225589381717145,0.2068061296943808,Transport of L-Asparagine by Atb0 Transporter,"Transport, extracellular",11254.1,NA,PMID:18195088
BALAPAT1tc,-1,0.0043447068687720095,11.70165031992197,0,Transport of Beta Alanine by Pat1 in Renal And Intestinal Cells,"Transport, extracellular",206358.1,NA,"PMID: 17123464, PMID: 18400692, PMCID: PMC34647, PMID: 15345686, PMID: 18195088"
CARPEPT1tc,-0.5622727563223199,0,68.12028136948645,19.086361764770746,Transport of L-Carnosine by the Apical Pept1 Amino Acid Transporters,"Transport, extracellular",6564.1,NA,"PMID: 7858848, PMID: 14965252, PMID: 14977407, PMID: 10330047"
CYSATB0tc,0.668066440558507,9.277687481506161e-8,0.0033628957184962927,0.016899567192181712,Transport of L-Cysteine by Atb0 Transporter,"Transport, extracellular",11254.1,NA,PMID:18195088
CYSSNAT5tc,0.8515183773216437,0,-77.55302240560353,-6.2193272027105095,Transport of L-Cysteine with Symport of Sodium And Antiport of Proton by Snat5 Transporter,"Transport, extracellular",92745.1,NA,"PMID: 12845534, PMCID: PMC1665133, PMID:18195088"
FOLTle,-0.7376229167782538,0,253.1784726140678,38.22936986937374,Transport of Folate,"Transport, extracellular",113235.1,NA,"G.F.M. Ball (2006) Vitamins their role in the human body, Blackwell publishing, chapter 17, page 353, PMID: 19762432."
GALSGLT1le,0.6361483508407884,0,0.12258198179411228,0.5512200035885277,Transport of D-Galactose from Extracellular Space to Cytosol of Mucosal Cells in Small Intestine,"Transport, extracellular",6523.1,NA,"PMID: 20522896, PMID: 14642859, Sareen S. Gropper, Jack L. Smith, James L. Groff (2009) Advanced nutrition and human metabolism, Wadsworth cengage learning, 5th edition, page 71-72"
GLNATB0tc,0.8982391517241944,3.4924018225413914e-10,9.962667474523188e-4,0.018584284404246136,Transport of L-Glutamine by Atb0 Transporter,"Transport, extracellular",11254.1,NA,PMID:18195088
GLNyLATthc,-0.6693473780041423,0,10.673672743374109,2.1141662456989287,Transport of Glutamine by Y+Lat1 Or Y+Lat2 with Symporter of H,"Transport, extracellular",(6520.1 and 9057.1) or (9056.1 and 6520.1),NA,"PMID: 11546643, PMID:18195088"
GLYPHEPEPT1tc,0.35732458394470246,0,21.459603523213417,45.32248580869585,Transport of Glycylphenylalanine by the Apical Pept1 Amino Acid Transporters,"Transport, extracellular",6564.1,NA,"PMID: 7858848, PMID: 14965252, PMID: 14977407, PMID: 10330047"
GLYPROPEPT1tc,0.9895040191806069,0,0.9211224021348462,174.59794875182808,Transport of Glycylproline by the Apical Pept1 Amino Acid Transporters,"Transport, extracellular",6564.1,NA,"PMID: 7858848, PMID: 14965252, PMID: 14977407, PMID: 10330047"
GLYSARCNc,-0.6638750634804473,0,33.70722661572993,6.809308977059228,Hydrolysis of Glycylsarcosine for Uptake,"Transport, extracellular",1200.1,NA,"PMID:6746633, PMID: 4778946, PMID: 7171621, PMID: 3293467"
GLYSARPEPT1tc,-0.6638750634804473,0,33.70722661572993,6.809308977059228,Transport of Glycylsarcosine by the Apical Pept1 Amino Acid Transporters,"Transport, extracellular",6564.1,NA,"PMID: 7858848, PMID: 14965252, PMID: 14977407, PMID: 10330047"
GLYSNAT5tc,4.919568383047519,0,-46.72049586232304,30.93539369300902,Transport of Glycine with Symport of Sodium And Antiport of Proton by Snat5 Transporter,"Transport, extracellular",92745.1,NA,"PMID: 12845534, PMCID: PMC1665133, PMID:18195088"
HISSNAT5tc,2.209586540910621,2.640067493938966e-6,-3.698798237638868,1.393954177201446,Transport of L-Histidine with Symport of Sodium And Antiport of Proton by Snat5 Transporter,"Transport, extracellular",92745.1,NA,"PMID: 12845534, PMCID: PMC1665133, PMID:18195088"
HISyLATtc,-0.9749949486639229,0,36.30424394114432,0.45964142038940137,Transport of L-Histidine by Y+Lat1 Or Y+Lat2 Transporters,"Transport, extracellular",(6520.1 and 9057.1) or (9056.1 and 6520.1),NA,"PMID: 11546643, PMID:18195088"
HISyLATthc,-0.8801512171673243,0,5.562201658969873,0.35455823585391044,Transport of Histidine by Y+Lat1 Or Y+Lat2 with Symporter of H,"Transport, extracellular",(6520.1 and 9057.1) or (9056.1 and 6520.1),NA,"PMID: 11546643, PMID:18195088"
ILEATB0tc,0.8839076088878808,3.5000748046656863e-15,0.01642014951854944,0.2664605692133308,Transport of L-Isoleucine by Atb0 Transporter,"Transport, extracellular",11254.1,NA,PMID:18195088
LEUATB0tc,0.901665355273233,2.5079985169630785e-16,0.0013689432656392455,0.026473599297930195,Transport of L-Leucine by Atb0 Transporter,"Transport, extracellular",11254.1,NA,PMID:18195088
LEUyLAThtc,-0.9293297034212445,0,4.370355682352558,0.160083749127388,Transport of Leucine by Y+Lat1 Or Y+Lat2 with Symporter of H,"Transport, extracellular",(6520.1 and 9057.1) or (9056.1 and 6520.1),NA,"PMID: 11546643, PMID:18195088"
METATB0tc,0.9635347383086621,4.1422375569055515e-11,4.7964872559532525e-4,0.02582751065558987,Transport of L-Methionine by Atb0 Transporter,"Transport, extracellular",11254.1,NA,PMID:18195088
METyLATthc,-0.9930176229183174,0,9.31035975015387,0.03261809719800949,Transport of Methionine by Y+Lat1 Or Y+Lat2 with Symporter of H,"Transport, extracellular",(6520.1 and 9057.1) or (9056.1 and 6520.1),NA,"PMID: 11546643, PMID:18195088"
NACHORCTL3le,-1,0,1.3451724106788636,0,Transport of Nicotinate,"Transport, extracellular",9390.1,NA,"PMID: 18411268, PMID: 15728713"
OLEICFATPtc,-0.8369405211450442,0,0.9241225292102899,0.08203147367952006,Uptake of Octadecenoate,"Transport, extracellular",10999.1,NA,"PMID: 10518211, PMID: 20086080, PMID: 12856180, Immun., Endoc. & Metab. Agents in Med. Chem., 2009, 9, 11-17,"
PEHSFABPe,0.3332264350689579,0,86.48685305540562,172.93210895563365,Transport of Lysophosphatidylethanolamine,"Transport, endoplasmic reticular",2168.1,NA,"PMID: 9555061, PMCID: PMC2821027, PMID: 9054409, PMID: 9082452, PMCID: PMC2670638, http://mss3.libraries.rutgers.edu/dlr/TMP/rutgers-lib_26338-PDF-1.pdf"
PHEATB0tc,0.9955805200578657,1.33894054815167e-10,0.0013229252710938455,0.5973562353610993,Transport of L-Phenylalanine by Atb0 Transporter,"Transport, extracellular",11254.1,NA,PMID:18195088
PHEyLATthc,-0.9550457978720739,0,7.837749555426836,0.18022072839736938,Transport of Phenylalanine by Y+Lat1 Or Y+Lat2 with Symport of H,"Transport, extracellular",(6520.1 and 9057.1) or (9056.1 and 6520.1),NA,"PMID: 11546643, PMID:18195088"
PMTCOAFABP1tc,-0.48707397923715307,0,48.10849763975616,16.593727416236153,Transport of Palmitoyl Coenzyme A,"Transport, endoplasmic reticular",2168.1,NA,"PMID: 9555061, PMCID: PMC2821027, PMID: 9054409, PMID: 9082452, PMCID: PMC2670638, http://mss3.libraries.rutgers.edu/dlr/TMP/rutgers-lib_26338-PDF-1.pdf"
PNTORDe,0.5129048629973346,0,3.1455114763905176,9.769877068633306,Release of Pantothenate,"Transport, extracellular",NA,NA,PMID: 21749321
PROGLYPEPT1tc,0.948924471505194,0,7.151042727689445,272.8673119885683,Transport of Prolylglycine by the Apical Pept1 Amino Acid Transporters,"Transport, extracellular",6564.1,NA,"PMID: 7858848, PMID: 14965252, PMID: 14977407, PMID: 10330047"
PROGLYPRO1c,0.948924471505194,0,7.151042727689445,272.8673119885683,Hydrolysis of Glycylproline,"Transport, extracellular",5184.1,NA,PMID: 15552267
PROIMINOtc,0.5687739671341994,2.9374211243980478e-9,0.005544802578310919,0.020171653088624588,Transport of L-Proline by the Apical Imino Amino Acid Transporters,"Transport, extracellular",54716.1 and 57393.1,NA,"PMID: 19657969, PMID: 15632147, PMID: 18195088, PMID: 18400692"
SERATB0tc,-0.9603742202131609,0,7.816680743473769,0.15800150124971404,Transport of L-Serine by Atb0,"Transport, extracellular",11254.1,NA,PMID:18195088
THRATB0tc,0.8805479581315739,6.010699741333166e-13,0.051394471644982696,0.8091093898393213,Transport of L-Threonine by Atb0 Transporter,"Transport, extracellular",11254.1,NA,PMID:18195088
TYRATB0tc,-0.4265393429506328,1.0927082840361539e-7,0.045318788419663907,0.018217893752630335,Transport of L-Tyrosine by Atb0 Transporter,"Transport, extracellular",11254.1,NA,PMID:18195088
4HPROLTASCT1,-0.7462559590896319,0,2.7044382877547295,0.3929750939177058,Transport of Hydroxy-Proline,"Transport, extracellular",6509.1,NA,"PMID: 14502423, PMID: 17475673."
ASPte,-0.5708120705069688,0,139.42919798899442,38.095791291224955,Diffusion of Aspartate into Blood,"Transport, extracellular",NA,NA,added during gap-filling. no such transporter could be found so diffusion reaction is assumed.
BIDGLCURr,0.893843626848038,0,2.502995433137041,44.653766969700904,Bilirubin Di-Glucuronide Production,Heme degradation,54576.1,NA,"PMID: 6806320, PMID: 19880533."
CHOLESACATc,-0.48741232688620323,0,0.43918392487101665,0.1513502759452673,Esterification of Cholesterol to Cholesterol Ester,Cholesterol metabolism,8435.1 or 6646.1,NA,"Sareen S. Gropper, jack L. Smith, James L. Groff (2009) Wadaworth cengage learning, Advanced nutrition and human metabolism, 5th edition, page 143-144. charasuraisin, c. in short dissertation 19 (2008)"
CHOLESTle,-0.48741232688620323,0,0.43918392487101665,0.1513502759452673,Hydrolysis of Cholesterol Ester by Cholesterol Esterase,"Transport, extracellular",3988.1,NA,NA
DM_pmtcoa[r],0.6996730021931012,0,61.15045926617384,346.0753959697366,Demand for Palmitoyl Coenzyme A,Exchange/demand reaction,NA,NA,NA
DSREDUCr,0.999248675848906,0,0.02481390742524643,66.02898561201543,Desmosterol Reductase,Squalene and cholesterol synthesis,1718.1,NA,"Davidson, N. O., Magun, A. M. and Glickman, R. M. 2011. Enterocyte Lipid Absorption and Secretion. Comprehensive Physiology. 505?526, PMID: 17015489, PMID: 18216769, PMID: 6833883, PMID: 11229876."
DTMPKm,0.36291700936781507,0,1.396701229865034,2.9879747084426924,DTMP Kinase in Mitochondria,Pyrimidine synthesis,1841.1,NA,PMID: 17403938
EX_carn[e],0.5622727563223199,0,-68.12028136948645,-19.086361764770746,Exchange of Carnosine,Exchange/demand reaction,NA,NA,NA
EX_glysar[e],0.6638750634804473,0,-33.70722661572993,-6.809308977059228,Exchange of Glycylsarcosine,Exchange/demand reaction,NA,NA,NA
EX_oh1[e],0.3517337026356587,0,-1.285425361715,-0.6164660525608026,Exchange of Hydroxide Ion,Exchange/demand reaction,NA,NA,NA
EX_q10h2[e],-0.646605502451145,1.6373733772745877e-7,0.1974725346973275,0.04238155834847967,Exchange of Ubiquinol,Exchange/demand reaction,NA,NA,NA
FE2DMT1,0.330103047521181,0,80.1095373311162,159.06019477376043,Uptake of Food Iron by Dmt1 Transporter,"Transport, extracellular",4891.1,NA,"Sareen S. Gropper, Jack L. Smith, James L. Groff (2009) Advanced nutrition and human metabolism, Wadsworth cengage learning, 5th edition, page 472-476."
FE3MTP1,0.3363051371351476,0,78.0434830202341,157.13532394945622,Transport of Ferrous Iron into Blood,"Transport, extracellular",30061.1,NA,"Sareen S. Gropper, Jack L. Smith, James L. Groff (2009) Advanced nutrition and human metabolism, Wadsworth cengage learning, 5th edition, page 472-476."
FOLt2le,1,0,NA,93.68399947583825,Folate Transport via Anion Antiport,"Transport, extracellular",NA,NA,NA
FRDPtcr,0.3786888646534931,0,0.1958196550149769,0.4345236428104121,Transport of Farnesyl Diphosphate into the Endoplasmic Reticulum,"Transport, endoplasmic reticular",NA,NA,required for cholesterol synthesis in E.R.
G6PDH2c,0.9212067642601177,0,14.641908846588432,357.0120461940527,Glucose 6-Phosphate Dehydrogenase,Pentose phosphate pathway,2539.1,NA,"PMID: 4382012, PMID: 13575411, Harpers illustrated Biochemistry (2009) 28th edition pages 174-183"
GLYCTDle,-1,0,NA,-862.1067819705486,Difussion of Glycerol Accross the Brush Border Membrane,"Transport, extracellular",NA,NA,NA
GNDc,0.9357393690793436,0,7.086127927529439,213.45723823639153,Phosphogluconate Dehydrogenase,Pentose phosphate pathway,5226.1,NA,"PMID: 4382012, PMID: 13575411, Harpers illustrated Biochemistry (2009) 28th edition pages 174-183"
MAL_Ltx,-0.9235386103491289,0,638.5967138043881,25.384461690166265,Transport Reaction for Malate,"Transport, peroxisomal",NA,NA,PMID: 17173541
MDHx,0.9235386103491289,0,-638.5967138043881,-25.384461690166265,"Malate Dehydrogenase, Peroxisomal",Citric acid cycle,NA,NA,PMID: 17173541
MTHFR3,0.864914714905781,0,8.561132406330108,118.19038461284637,"5, 10-Methylenetetrahydrofolatereductase (NADPH)",Folate metabolism,4524.1,NA,"Sareen S. Gropper, Jack L. Smith, James L. Groff (2009) Advanced nutrition and human metabolism, Wadsworth cengage learning, 5th edition, page 350."
P5CR,-0.7876109105212911,0,29.03464818431139,3.449655881436899,Pyrroline-5-Carboxylate Reductase,Arginine and proline metabolism,29920.1 or 65263.1 or 5831.1,NA,"PMID: 11458019, Sareen S. Gropper, jack L. Smith, James L. Groff (2009) Wadaworth cengage learning, Advanced nutrition and human metabolism, 5th edition, page 194-196"
PGLc,0.9422404923208237,0,9.164920672453404,308.18268288953306,6-Phosphogluconolactonase,Pentose phosphate pathway,25796.1,NA,"PMID: 4382012, PMID: 13575411, Harpers illustrated Biochemistry (2009) 28th edition pages 174-183"
PNTOt5le,0.3903752557240611,0,0.1043624226872821,0.23802007955591353,Pantothenate Sodium Symporter Ii,"Transport, extracellular",8884.1,NA,NA
PPItm,-0.6500611552494031,0,439.86462780647275,93.28485748031736,"Diphopshate Transporter, Mitochondrial","Transport, mitochondrial",NA,NA,added during gap-filling.
PTCRTD,-0.5535417136892393,0,330.60142950544355,95.00855134322643,Diffusion of Putriscine into the Endothelial Cells,"Transport, extracellular",NA,NA,"PMID: 9505881, PMID: 11564949"
Q10H2e,-0.646605502451145,1.6373733772745877e-7,0.1974725346973275,0.04238155834847967,Transport of Ubiquinol into Lymph,"Transport, extracellular",NA,NA,PMID: 17482886.
RPEc,0.34126905491800125,0,326.047648575449,663.8789702047349,Ribulose 5-Phosphate 3-Epimerase,Pentose phosphate pathway,6120.1 or 6120.2,NA,"PMID: 4382012, PMID: 13575411, Harpers illustrated Biochemistry (2009) 28th edition pages 174-183"
q10tm,0.646605502451145,1.6373733772745877e-7,-0.1974725346973275,-0.04238155834847967,Transport of Ubiquinone into Mitochondria,"Transport, mitochondrial",NA,NA,NA
3MOBte,1,0,NA,63.94927042288631,Transport of 3-Methyl-2-Oxobutanoate,"Transport, extracellular",NA,NA,NA
3MOPte,1,0,NA,296.3190068296108,Transport of 3-Methyl-2-Oxopentanoate,"Transport, extracellular",NA,NA,NA
DM_Lcystin,-0.5084483861249331,0,529.6020235652924,172.57914277317525,Demand for L-Cystine,Exchange/demand reaction,NA,NA,NA
DM_anth,0.9507670686106152,0,2.153136166147071,85.31417911995054,Demand for Anthranilate,Exchange/demand reaction,NA,NA,NA
EX_3mob[e],-1,0,NA,-63.94927042288631,Exchange of 3-Methyl-2-Oxobutanoate,Exchange/demand reaction,NA,NA,NA
EX_3mop[e],-1,0,NA,-296.3190068296108,Exchange of 3-Methyl-2-Oxopentanoate,Exchange/demand reaction,NA,NA,NA
IDOURte,0.46456029690745343,0,-2.067761748381844,-0.7559686951486859,Transport of L-Iduronate,"Transport, extracellular",NA,NA,NA
EX_idour[e],-0.46456029690745343,0,2.067761748381844,0.7559686951486859,Exchange of L-Iduronate,Exchange/demand reaction,NA,NA,NA
LKYNRtr,0.9999999954138378,0,8.348308387212456e-7,364.0651000064373,Transport of L-Kynurenine,"Transport, extracellular",8501.1 or 124935.1,NA,NA
LKYNRtr2,0.9999997824983216,0,2.87174220502493e-6,26.406618216232957,Transport of L-Kynurenine,"Transport, extracellular",23428.1,NA,NA
LKYNRtr3,1.0000000143256862,0,-3.5909111342334653e-6,501.32484289176466,Transport of L-Kynurenine,"Transport, extracellular",8501.1,NA,NA
KYNATEtr,-0.583993883497801,0,165.06167894380334,43.35033661185205,Transport of Kynurenic Acid,"Transport, extracellular",9356.1 or 9376.1,NA,NA
KYNATEtr2,0.583993883497801,0,-165.06167894380334,-43.35033661185205,Transport of Kynurenic Acid,"Transport, extracellular",NA,NA,NA
3ANTHRNtr,-1,0,NA,-13.137285248865373,Transport of 3-Hydroxyanthranilate,"Transport, extracellular",NA,NA,NA
HKYNRtr,-0.9183773464272474,0,308.76563443888426,13.137285248865373,Transport of 3-Hydroxy-L-Kynurenine,"Transport, extracellular",8140.1,NA,NA
CHOLPtr,1,0,NA,155.53196185623855,Transport of Choline Phosphate,"Transport, extracellular",NA,NA,NA
DHAPtr,1,0,NA,305.1753315918326,Transport of Dihydroxyacetone Phosphate,"Transport, extracellular",NA,NA,NA
GLCURtr,-0.91368351904965,0,-43.67025376547277,-968.1933737749576,Transport of D-Glucuronate,"Transport, extracellular",NA,NA,NA
OROT5Ptr,-0.3711475350537958,0,949.6565683929443,435.5431188977241,Transport of Orotidylic Acid,"Transport, extracellular",NA,NA,NA
EX_cholp[e],-1,0,NA,-155.53196185623855,Exchange of Choline Phosphate,Exchange/demand reaction,NA,NA,NA
EX_Lkynr[e],-1,0,NA,-891.7965613226891,Exchange of L-Kynurenine,Exchange/demand reaction,NA,NA,NA
EX_3hanthrn[e],1,0,NA,13.137285248865373,Exchange,Exchange/demand reaction,NA,NA,NA
EX_hLkynr[e],0.9183773464272474,0,-308.76563443888426,-13.137285248865373,Exchange,Exchange/demand reaction,NA,NA,NA
EX_orot5p[e],0.3711475350537958,0,-949.6565683929443,-435.5431188977241,Exchange,Exchange/demand reaction,NA,NA,NA
ALAB0AT3tc,1,0.03188217440418007,0,0.029625876164436342,Alanine Transport by B0At3,"Transport, extracellular",348932.1 and 57393.1,NA,NA
ARGB0AT3tc,0.6621047933503513,7.265503047064546e-6,0.0013654205776751042,0.006716496838163584,Arginine Transport by B0At3,"Transport, extracellular",348932.1 and 57393.1,NA,NA
BUTSMCT1,0.5729836501999432,0,-75.5847646420002,-20.518922935925424,Butyrate Transport by Smct1,"Transport, extracellular",160728.1,NA,NA
CRNATBtc,0.3449597887266503,0,1.8414494235754013,3.7809517416775225,Carnitine Transport by Atb0,"Transport, extracellular",11254.1,NA,NA
FOLABCCte,0.7226977857111814,0,0.5500305316357762,3.4169809330682375,Folate Transport by ABCa11,"Transport, extracellular",85320.1 or 4363.1 or 1244.1 or 5244.1 or 10257.1 or 10057.1 or 9429.1,NA,NA
FOLOAT1tc,-58.326751345279376,0,5.792468808022142,-5.994554873326421,Folate Transport by Oat1,"Transport, extracellular",9356.1,NA,NA
FOLOATPtc,-0.43185266581431475,0,294.635723522377,116.90902623693366,Folate Transport by OATP,"Transport, extracellular",10599.1 or 6579.1,NA,NA
H2OGLYAQPt,1.016745895150782,0,-6.625061124974751,797.8710429398536,Water And Glycerol Transport by Aqp,"Transport, extracellular",360.1 or 364.1 or 366.1 or 89872.1,NA,NA
ILEB0AT3tc,1,1.445140435045536e-8,0,14.957574948120117,Iso-Leucine Transport by B0At3,"Transport, extracellular",348932.1 and 57393.1,NA,NA
NACSMCTte,1,0,-0.7562643156051636,0,Nicotinate Transport by Smct1,"Transport, extracellular",160728.1,NA,NA
PGLYCABCte,0.3558835981084976,0,0.27003455643961705,0.5684305273453563,Phosphatidylglycerol Transport by ABCa3,"Transport, extracellular",21.1,NA,NA
PPASMCT1,-0.9276798032098581,0,-0.520326921081543,-13.869205856087804,Propionate Transport by Smct1,"Transport, extracellular",160728.1,NA,NA
PSHSABCtc,0.4193980538609566,0,0.12465212989813299,0.3047371641855665,Phosphatidylserine Transport by ABCa1,"Transport, extracellular",19.1,NA,NA
PYRSMCT1,0.8987120932871673,0,-206.0850619376775,-10.993728118260204,Pyruvate Transport by Smct1,"Transport, extracellular",160728.1,NA,NA
CAMPt,0.43798784751693176,0,0.3938038300742788,1.00760298411785,CAMP Transport (ATP-Dependent),"Transport, extracellular",10257.1 or 10057.2 or 10057.1 or 85320.1,NA,"PMID:11447229,PMID:12637526,PMID:12835412,PMID:14507663,PMID:15631998"
GALt4,0.44338191220673767,0,-26.971436717631295,-10.401120731693506,Galactose Transport via Sodium Symport,"Transport, extracellular",6524.1 or 200010.1 or 125206.1,NA,"PMID:12748858,PMID:15607332"
GLCt4,0.8152775840021462,0,-485.89471204301714,-49.44458407913744,Glucose Transport via Sodium Symport,"Transport, extracellular",115584.1 or 6526.1 or 6524.1 or 125206.1 or 159963.1 or 200010.1,NA,"PMID:11133510,PMID:12436245,PMID:12748858,PMID:1372904,PMID:1415574,PMID:15546855,PMID:7537337,PMID:7789985,PMID:8282810"
TCHOLAt3,0.3560231289176251,0,0.18620795464126363,0.3920983883436684,ABC Bile Acid Transporter,"Transport, extracellular",8714.3 or 8647.1 or 8714.2 or 8714.1 or 85320.1,NA,"PMID:9738950,PMID:9806540,PMID:9813153"
CHSTEROLt,0.8787743009312476,0,0.1944468135577019,3.013566257126636,Cholesterol Efflux (ATP Depedent),"Transport, extracellular",19.1 or (64240.1 and 64241.1),NA,"PMID:10655069,PMID:12600718"
RETt,0.5405660771278805,0,20.17476184969077,67.64967098090928,Retinol Trasnport by Stra6,"Transport, extracellular",(5950.1 and 64220.1 and 5947.1) or (5950.1 and 64220.1 and 5948.1),NA,PMID:1503811
r0295,-0.8942113945159089,0,980.571906640625,54.763335750547796,Glycine Synthase (Ec 2.1.2.10),"Transport, extracellular",275.1,NA,PMID:7916605
ARGSUCte,1,0,NA,171.37859101267458,Transport of L-Arginosuccinic Acid,"Transport, extracellular",NA,NA,NA
ACRNte,1,0,0,505.5618490237713,Transport of O-Acetylcarnitine,"Transport, extracellular",6584.1,NA,NA
PCRNte,1,0,0,7.033970909189133,Transport of O-Propanoylcarnitine,"Transport, extracellular",6584.1,NA,NA
EX_argsuc[e],1,0,NA,171.37859101267458,Exchange of L-Arginosuccinic Acid,Exchange/demand reaction,NA,NA,NA
EX_acrn[e],1,0,NA,505.5618490237713,Exchange of O-Acetylcarnitine,Exchange/demand reaction,NA,NA,NA
EX_pcrn[e],1,0,NA,7.033970909189133,Exchange of O-Propanoylcarnitine,Exchange/demand reaction,NA,NA,NA
EX_lneldccrn[e],-1,0,NA,-96.61997358137965,"Exchange of 6Z,9Z-Octadecadienoylcarnitine",Exchange/demand reaction,NA,NA,NA
15KPROSTGF2c,2.6987515225995353,0,-304.84103617105484,140.00647818116954,Formation of 15-Keto-Prostaglandin F2A,Eicosanoid metabolism,3248.1,NA,PMID: 21962087
AND19ONEc,0.561506685682251,6.739515257075044e-14,0.9048811587129575,3.2223478282140645,"Hydroxylation of Androst-4-Ene-3, 17-Dione",Steroid metabolism,1565.1,NA,PMID: 21962087
DESAT14_9,-0.8488875473779353,0,1.655675546637597,0.13532093552882943,Desaturation of Myristic Acid to 9-Tetradecenoic Acid,Fatty acid synthesis,9415.1,NA,NA
SMS1,0.9884382808353663,0,0.8572042090747461,147.42597009546458,"Sphingomyelin Synthase, Formation of Sm (D18:1/14:0)",Glycerophospholipid metabolism,259230.1 or 166929.1,NA,HMDB01348
SMS10,0.8044018268960528,0,0.37174002723268934,3.429318247837544,"Sphingomyelin Synthase, Formation of Sm (D18:1/21:0)",Glycerophospholipid metabolism,259230.1 or 166929.1,NA,HMDB01348
SMS11,0.6802045349301088,0,0.33583570088413833,1.764479891838488,"Sphingomyelin Synthase, Formation of Sm (D18:1/22:1)",Glycerophospholipid metabolism,259230.1 or 166929.1,NA,HMDB01348
SMS12,0.4015555493111059,0,0.4319322347255953,1.0115843163206388,"Sphingomyelin Synthase, Formation of Sm (D18:1/22:0)",Glycerophospholipid metabolism,259230.1 or 166929.1,NA,HMDB01348
SMS13,0.9362225771960206,0,0.42280289459348425,12.835898257159663,"Sphingomyelin Synthase, Formation of Sm (D18:0/24:1)",Glycerophospholipid metabolism,259230.1 or 166929.1,NA,HMDB01348
SMS15,0.9444196581026464,0,0.4396997949692908,15.382433713361197,"Sphingomyelin Synthase, Formation of Sm (D18:0/24:0)",Glycerophospholipid metabolism,259230.1 or 166929.1,NA,HMDB01348
SMS6,0.6927238485345933,0,0.3765503212867072,2.0743416173875464,"Sphingomyelin Synthase, Formation of Sm (D18:1/18:0)",Glycerophospholipid metabolism,259230.1 or 166929.1,NA,HMDB01348
SMS7,0.7937982052708814,0,0.4023769976046098,3.5003727154442132,"Sphingomyelin Synthase, Formation of Sm (D18:1/18:1)",Glycerophospholipid metabolism,259230.1 or 166929.1,NA,HMDB01348
SMS8,0.5910598632334579,0,0.4236172703152057,1.648164060149026,"Sphingomyelin Synthase, Formation of Sm (D18:1/20:1)",Glycerophospholipid metabolism,259230.1 or 166929.1,NA,HMDB01348
SMS9,0.8212767937216165,0,0.47072677222012865,4.796935799666743,"Sphingomyelin Synthase, Formation of Sm (D18:1/20:0)",Glycerophospholipid metabolism,259230.1 or 166929.1,NA,HMDB01348
XOLEST183CEH,-0.3624506784958172,0,0.7243020462306958,0.3389321062603802,"Hydrolysis of 1-Gamma-Linolenoyl-Cholesterol, Cholesterol-Ester (18:3, Delta 6, 9, 12)",Cholesterol metabolism,3988.1 or 1056.1,NA,PMID: 377822
XOLEST182CEH,-0.5826733811400934,0,7.833310153794498,2.0655233606122465,"Hydrolysis of 1-Linoleoyl-Cholesterol, Cholesterol-Ester (18:2, Delta 9, 12)",Cholesterol metabolism,3988.1 or 1056.1,NA,PMID: 377822
XOLEST205CEH,-0.9757212459132014,0,58.46974831269831,0.7185085668018204,"Hydrolysis of 1-Timnodnoyl-Cholesterol, Cholesterol-Ester (20:5, Delta 5, 8, 11, 14, 17)",Cholesterol metabolism,3988.1 or 1056.1,NA,PMID: 377822
XOLEST226CEH,-0.4011154933350474,0,13.873408808593359,5.929967679051866,"Hydrolysis of Cholesteryl Docosahexanoate, Cholesterol-Ester (22:6, Delta 4, 7, 10, 13, 16, 19)",Cholesterol metabolism,3988.1 or 1056.1,NA,PMID: 377822
PCHOLMYR_HSPLA2,0.5506203293218009,0,0.23862810582401042,0.8234052766112715,Formation of 1-Myristoylglycerophosphocholine by Phospholipase A2,Glycerophospholipid metabolism,8398.1 or 5320.1 or 8398.2 or 50487.1 or 5321.1 or 81579.1 or 5322.1 or 64600.1 or 100137049.1 or 123745.1,NA,"PMID: 19570538, PMID: 18220755"
PCHOLOLE_HSPLA2,0.4318779378930626,0,0.3005641118653526,0.75753284268938,Formation of 1-Oleoylglycerophosphocholine (Delta 9) by Phospholipase A2,Glycerophospholipid metabolism,8398.1 or 5320.1 or 8398.2 or 50487.1 or 5321.1 or 81579.1 or 5322.1 or 64600.1 or 100137049.1 or 123745.1,NA,"PMID: 19570538, PMID: 18220755"
PCHOL2PALM_HSPLA2,-0.8720733084378397,0,298.48041914086343,20.396430174329073,Formation of 2-Palmitoylglycerophosphocholine by Phospholipase A2,Glycerophospholipid metabolism,8398.1 or 5320.1 or 8398.2 or 50487.1 or 5321.1 or 81579.1 or 5322.1 or 64600.1 or 100137049.1 or 123745.1,NA,"PMID: 19570538, PMID: 18220755"
PCHOLAR_HSPLA2,-0.49423145090984344,0,0.980490479072457,0.33187713101289157,Formation of 1-Arachidonoyl-Glycero-3-Phosphocholine by Phospholipase A2,Glycerophospholipid metabolism,8398.1 or 5320.1 or 8398.2 or 50487.1 or 5321.1 or 81579.1 or 5322.1 or 64600.1 or 100137049.1 or 123745.1,NA,"PMID: 19570538, PMID: 18220755"
PCHOLN205_HSPLA2,0.3709560702320221,0,0.24238401605712134,0.5282585562240368,"Formation of 1-Eicosapentenoylglycerophosphocholine (Delta 5, 8, 11, 14, 17), Sn1-Lpc (20:5) by Phospholipase A2",Glycerophospholipid metabolism,8398.1 or 5320.1 or 8398.2 or 50487.1 or 5321.1 or 81579.1 or 5322.1 or 64600.1 or 100137049.1 or 123745.1,NA,"PMID: 19570538, PMID: 18220755"
PE224_HSPLA2,0.7819888196552834,0,4.869144161959656,39.79961231429651,"Formation of 1-Docosatetraenoyglycerophosphoethanolamine (22:4, Delta 7, 10, 13, 16) by Phospholipase A2",Glycerophospholipid metabolism,8398.1 or 5320.1 or 8398.2 or 50487.1 or 5321.1 or 81579.1 or 5322.1 or 64600.1 or 100137049.1 or 123745.1,NA,PMID: 8171289
PEDH13_HSPLA2,0.4976335539843406,0,0.27316287964801433,0.8143415976693242,Formation of 1-Tridecanoylglycerophosphoethanolamine (C13:0 Pe) by Phospholipase A2,Glycerophospholipid metabolism,8398.1 or 5320.1 or 8398.2 or 50487.1 or 5321.1 or 81579.1 or 5322.1 or 64600.1 or 100137049.1 or 123745.1,NA,PMID: 8171289
PAILAR_HSPLA2,-0.8928264404813328,0,119.31186117153167,6.75554640461301,Formation of 1-Arachidonoylglycerophosphoinositol by Phospholipase A2,Glycerophospholipid metabolism,8398.1 or 5320.1 or 8398.2 or 50487.1 or 5321.1 or 81579.1 or 5322.1 or 64600.1 or 100137049.1 or 123745.1,NA,PMID: 1464738
PCHOLN261_HSPLA2,-0.9467278473724992,0,18.179676550432156,0.4974863359664596,Formation of Lysopc A C26:1 (Delta 5) by Phospholipase A2,Glycerophospholipid metabolism,8398.1 or 5320.1 or 8398.2 or 50487.1 or 5321.1 or 81579.1 or 5322.1 or 64600.1 or 100137049.1 or 123745.1,NA,"PMID: 19570538, PMID: 18220755"
PCHOLN281_HSPLA2,-0.38905333977354745,0,1.2472184560232054,0.5485634917406366,Formation of Lysopc A C28:1 (Delta 5) by Phospholipase A2,Glycerophospholipid metabolism,8398.1 or 5320.1 or 8398.2 or 50487.1 or 5321.1 or 81579.1 or 5322.1 or 64600.1 or 100137049.1 or 123745.1,NA,"PMID: 19570538, PMID: 18220755"
PCHOLDET_HSPLA2,0.3764117698213754,0,0.3595881480968398,0.7936990074154991,"Formation of 1-Eicosatrienoylglycerophosphocholine (Delta 11, 14, 17) by Phospholipase A2",Glycerophospholipid metabolism,8398.1 or 5320.1 or 8398.2 or 50487.1 or 5321.1 or 81579.1 or 5322.1 or 64600.1 or 100137049.1 or 123745.1,NA,"PMID: 19570538, PMID: 18220755"
TTDCRNNAt,-1,0,NA,-59.557893033222804,"Transport of Tetradecanoyl Carnitine, Sodium Symport","Transport, extracellular",NA,NA,NA
15KPROSTGF2t,2.6987515225995353,0,-304.84103617105484,140.00647818116954,"Transport of 15-Keto-Prostaglandin F2A, Lactate Antiport","Transport, extracellular",NA,NA,PMID: 11997326
2OXOADPt,-1.0074761237461476,0,752.7170166442871,-2.803224155793345,Transport of 2-Oxoadipate by Alpha-Ketoglutarate Antiport,"Transport, extracellular",NA,NA,NA
4AABUTNt,0.39224496900674116,0,-9.331037430323624,-4.073266608182754,Diffusion of 4-Acetamidobutanoate,"Transport, extracellular",NA,NA,NA
56DTHMt,-10.924590613774066,0,310.56136951280234,-258.47381706398727,"Transport of 5, 6-Dihydrothymine, Sodium Symport","Transport, extracellular",NA,NA,NA
56DURAtd,1,0,NA,430.428814844507,"Transport of 5, 6-Dihydrouracil, Diffusion","Transport, extracellular",NA,NA,NA
AND19ONEt,0.561506685682251,6.739515257075044e-14,0.9048811587129575,3.2223478282140645,"Secretion of 19-Hydroxyandrost-4-Ene-3, 17-Dione","Transport, extracellular",NA,NA,NA
BILIVERDt,-0.7823852637501816,0,-2.6110895817761697,-21.386270401958377,Transport of Biliverdin,"Transport, extracellular",NA,NA,NA
C02712te,-0.5434892550240417,0,690.9802523358345,204.36806328955888,"Transport of N-Acetylmethionine, Extracellular","Transport, extracellular",64849.1,NA,"PMID: 15337171, PMID: 21554324"
C03990t,-1.0000002356564408,0,3.0698087415657935e-6,-26.05325864681604,"Transport of Lithocholate, Sodium Symport","Transport, extracellular",6554.1,NA,PMID: 19498215
C03990tr,-0.8212046928297381,0,-1.9909470467103179,-20.27973866893202,"Transport of Lithocholate, Intracellular","Transport, endoplasmic reticular",NA,NA,NA
C03990tx,-0.4321251444790529,0,-0.1458151047891186,-0.3677315098267136,"Transport of Lithocholate, Intracellular","Transport, peroxisomal",NA,NA,NA
C14769td1,0.5061323552285536,0,1.088008512966294,3.3180647517433477,"Transport of 8, 9-EET, Diffusion","Transport, extracellular",NA,NA,NA
EX_C14769[e],0.5061323552285536,0,1.088008512966294,3.3180647517433477,"Exchange of 8, 9-EET",Exchange/demand reaction,NA,NA,NA
C14770ATP,-0.5677761617740688,0,1.1318938171979913,0.3120544259200309,"Transport of 11, 12-EET, FATP","Transport, extracellular",NA,NA,PMID: 23104810
CORTSNti,0.38190126827170434,0,-84.59844866005183,-37.839312419444326,Intracellular Transport of Cortisone,"Transport, endoplasmic reticular",NA,NA,"PMID: 20649839, PMID: 16317684"
DIDECAETH,-0.7450440120480368,0,9.413725130519085,1.37537252607337,Formation of C12:0-Ethanolamide,Glycerophospholipid metabolism,5337.1 or 5338.1,NA,PMID: 19126434
DOCTETETH,0.7819888196552834,0,4.869144161959656,39.79961231429651,"Formation of Docosatetraenoyl Ethanolamide (22:4, Delta 7, 10, 13, 16)",Glycerophospholipid metabolism,5337.1 or 5338.1,NA,PMID: 19126434
EX_15kprostgf2[e],2.6987515225995353,0,-304.84103617105484,140.00647818116954,Exchange of 15-Keto-Prostaglandin F2A,Exchange/demand reaction,NA,NA,NA
EX_2oxoadp[e],-1.0074761237461478,0,752.7170166442871,-2.803224155793438,Exchange of 2-Oxoadipate,Exchange/demand reaction,NA,NA,NA
EX_4aabutn[e],-0.3922449690067749,0,9.331037430324368,4.073266608182754,Exchange of 4-Acetamidobutanoate,Exchange/demand reaction,NA,NA,NA
EX_56dthm[e],-10.924590613774066,0,310.56136951280234,-258.47381706398727,"Exchange of 5, 6-Dihydrothymine",Exchange/demand reaction,NA,NA,NA
EX_56dura[e],1,0,NA,430.428814844507,"Exchange of 5, 6-Dihydrouracil",Exchange/demand reaction,NA,NA,NA
EX_and19one[e],0.5615066856822511,6.739515257075044e-14,0.9048811587129574,3.2223478282140645,"Exchange of 19-Hydroxyandrost-4-Ene-3, 17-Dione",Exchange/demand reaction,NA,NA,NA
EX_biliverd[e],-0.7823852637501816,0,-2.6110895817761697,-21.386270401958377,Exchange of Biliverdin,Exchange/demand reaction,NA,NA,NA
EX_C02712[e],-0.5434892550240417,0,690.9802523358345,204.36806328955888,Exchange of N-Acetylmethionine,Exchange/demand reaction,NA,NA,NA
EX_C14770[e],-0.5677761617740688,0,1.1318938171979913,0.3120544259200309,"Exchange of 11, 12-EET",Exchange/demand reaction,NA,NA,NA
EX_didecaeth[e],-0.7450440120480368,0,9.413725130519085,1.37537252607337,"Exchange of C12:0-Ethanolamide, Didecanoyl Ethanolamide",Exchange/demand reaction,NA,NA,NA
EX_docteteth[e],0.7819888196552834,0,4.869144161959656,39.79961231429651,"Exchange of Docosatetraenoyl Ethanolamide (22:4, Delta 7, 10, 13, 16)",Exchange/demand reaction,NA,NA,NA
EX_hepdeceth[e],0.7080516340581733,0,1.7851561800986204,10.444103431200789,Exchange of Heptadecanoyl Thanolamide (C17:0),Exchange/demand reaction,NA,NA,NA
EX_hxcoa[e],-0.7210994903064669,0,-14.460377472517825,-89.23521984573343,Exchange of Hexanoate,Exchange/demand reaction,NA,NA,NA
EX_leuktrB4wcooh[e],0.7507280037359262,0,0.6483736570875015,4.553764303091765,Exchange of W-Carboxy Leukotriene B4,Exchange/demand reaction,NA,NA,NA
EX_lnlccrn[e],0.5443123770509474,0,-970.4558580123901,-286.35704128664133,Exchange of Linoleyl Carnitine,Exchange/demand reaction,NA,NA,NA
EX_lthstrl[e],-0.9407699935319314,0,-3.1718230208252556,-103.93007380355597,Exchange of Lathosterol,"Transport, extracellular",NA,NA,NA
EX_mev_R[e],0.8370558570577613,0,-158.211108367181,-14.033091785309505,Exchange of (R)-Mevalonate,Exchange/demand reaction,NA,NA,NA
EX_nwharg[e],3.510508700349045,0,-4.246027386100034,7.628630589593967,Exchange of N- (Omega)-Hydroxyarginine,Exchange/demand reaction,NA,NA,NA
EX_pailar_hs[e],-0.8928264404813328,0,119.31186117153167,6.75554640461301,Exchange of 1-Arachidonoylglycerophosphoinositol,Exchange/demand reaction,NA,NA,NA
EX_pchol2palm_hs[e],-0.8720733084378397,0,298.48041914086343,20.396430174329073,Exchange of 2-Palmitoylglycerophosphocholine,Exchange/demand reaction,NA,NA,NA
EX_pcholar_hs[e],-0.49423145090984344,0,0.980490479072457,0.33187713101289157,Exchange of 1-Arachidonoyl-Glycero-3-Phosphocholine,Exchange/demand reaction,NA,NA,NA
EX_pcholet_hs[e],0.3764117698213754,0,0.3595881480968398,0.7936990074154991,"Exchange of 1-Eicosatrienoylglycerophosphocholine (Delta 11, 14, 17)",Exchange/demand reaction,NA,NA,NA
EX_pcholmyr_hs[e],0.5506203293218009,0,0.23862810582401042,0.8234052766112715,Exchange of 1-Myristoylglycerophosphocholine,Exchange/demand reaction,NA,NA,NA
EX_pcholn205_hs[e],0.3709560702320221,0,0.24238401605712134,0.5282585562240368,"Exchange of 1-Eicosapentenoylglycerophosphocholine (Delta 5, 8, 11, 14, 17), Sn1-Lpc (20:5)",Exchange/demand reaction,NA,NA,NA
EX_pcholn261_hs[e],-0.9467278473724992,0,18.179676550432156,0.4974863359664596,Exchange of Lysopc A C26:1 (Delta 5),Exchange/demand reaction,NA,NA,NA
EX_pcholn281_hs[e],-0.38905333977354745,0,1.2472184560232054,0.5485634917406366,Exchange of Lysopc A C28:1 (Delta 5),Exchange/demand reaction,NA,NA,NA
EX_pcholole_hs[e],0.4318779378930626,0,0.3005641118653526,0.75753284268938,Exchange of 1-Oleoylglycerophosphocholine (Delta 9),Exchange/demand reaction,NA,NA,NA
EX_pe15_hs[e],-0.540355003493171,0,-3.8154551989988423,-12.786292793452786,Exchange of 1-Pentadecanoylglycerophosphoethanolamine (C15:0 Pe),Exchange/demand reaction,NA,NA,NA
EX_sphmyln180241_hs[e],0.9362225771960206,0,0.42280289459348425,12.835898257159663,Exchange of Sphingomyelin (D18:0/24:1),Exchange/demand reaction,NA,NA,NA
EX_sphmyln18114_hs[e],0.9884382808353663,0,0.8572042090747461,147.42597009546458,Exchange of Sphingomyelin (D18:1/14:0),Exchange/demand reaction,NA,NA,NA
EX_sphmyln18118_hs[e],0.6927238485345933,0,0.3765503212867072,2.0743416173875464,Exchange of Sphingomyelin (D18:1/18:0),Exchange/demand reaction,NA,NA,NA
EX_sphmyln181181_hs[e],0.7937982052708814,0,0.4023769976046098,3.5003727154442132,Exchange of Sphingomyelin (D18:1/18:1),Exchange/demand reaction,NA,NA,NA
EX_sphmyln18120_hs[e],0.8212767937216165,0,0.47072677222012865,4.796935799666743,Exchange of Sphingomyelin (D18:1/20:0),Exchange/demand reaction,NA,NA,NA
EX_sphmyln181201_hs[e],0.5910598632334579,0,0.4236172703152057,1.648164060149026,Exchange of Sphingomyelin (D18:1/20:1),Exchange/demand reaction,NA,NA,NA
EX_sphmyln18121_hs[e],0.8044018268960528,0,0.37174002723268934,3.429318247837544,Exchange of Sphingomyelin (D18:1/21:0),Exchange/demand reaction,NA,NA,NA
EX_sphmyln18122_hs[e],0.4015555493111059,0,0.4319322347255953,1.0115843163206388,Exchange of Sphingomyelin (D18:1/22:0),Exchange/demand reaction,NA,NA,NA
EX_sphmyln181221_hs[e],0.6802045349301088,0,0.33583570088413833,1.764479891838488,Exchange of Sphingomyelin (D18:1/22:1),Exchange/demand reaction,NA,NA,NA
EX_sphmyln1825_hs[e],0.9444196581026464,0,0.4396997949692908,15.382433713361197,Exchange of Sphingomyelin (D18:0/25:0),Exchange/demand reaction,NA,NA,NA
EX_subeac[e],0.6186749711106286,0,-0.7565036947223042,-0.17821600901567472,Exchange of Suberic Acid,Exchange/demand reaction,NA,NA,NA
EX_tetdecaeth[e],0.67079477046925,0,5.345767857469956,27.131042216840385,"Exchange of C14:0-Ethanolamide, Tetradecanoyl Ethanolamide",Exchange/demand reaction,NA,NA,NA
EX_trideceth[e],0.4976335539843406,0,0.27316287964801433,0.8143415976693242,Exchange of Tridecanoyl Thanolamide (C13:0),Exchange/demand reaction,NA,NA,NA
EX_ttdcrn[e],-1,0,NA,-59.557893033222804,Exchange of Tetradecanoyl Carnitine,Exchange/demand reaction,NA,NA,NA
EX_xolest182_hs[e],0.5826733811400934,0,-7.833310153794498,-2.0655233606122465,"Exchange of 1-Linoleoyl-Cholesterol, Cholesterol-Ester (18:2, Delta 9, 12)",Exchange/demand reaction,NA,NA,NA
EX_xolest183_hs[e],0.3624506784958172,0,-0.7243020462306958,-0.3389321062603802,"Exchange of 1-Gamma-Linolenoyl-Cholesterol, Cholesterol-Ester (18:3, Delta 6, 9, 12)",Exchange/demand reaction,NA,NA,NA
EX_xolest205_hs[e],0.9757212459132014,0,-58.46974831269831,-0.7185085668018204,"Exchange of 1-Timnodnoyl-Cholesterol, Cholesterol-Ester (20:5, Delta 5, 8, 11, 14, 17)",Exchange/demand reaction,NA,NA,NA
EX_xolest226_hs[e],0.4011154933350474,0,-13.873408808593359,-5.929967679051866,"Exchange of Cholesteryl Docosahexanoate, Cholesterol-Ester (22:6, Delta 4, 7, 10, 13, 16, 19)",Exchange/demand reaction,NA,NA,NA
GALTt,-4.792641653943339,0,111.14213805742254,-72.76857908480335,Transport of Galactitol,"Transport, extracellular",NA,NA,NA
HC00900t3,1.0132390564450287,0,-6.550361700081825,996.1015018859863,"Transport of Methylmalonate, Antiport with Thio-Sulphate","Transport, extracellular",NA,NA,PMID: 18213522.
HC00900t4,-1,0,NA,-996.1015018859863,"Transport of Methylmalonate, Antiport with Phsophate","Transport, extracellular",NA,NA,PMID: 18213522.
HEPDECETH,0.7080516340581733,0,1.7851561800986204,10.444103431200789,Formation of Heptadecanoyl Thanolamide (C17:0),Glycerophospholipid metabolism,5337.1 or 5338.1,NA,PMID: 19126434
HXCOAte,-0.7210994903064669,0,-14.460377472517825,-89.23521984573343,"Transport of Hexanoate, Cytosol","Transport, extracellular",NA,NA,NA
LEUKTRB4WCOOHt,0.7507280037359262,0,0.6483736570875015,4.553764303091765,"Transport of W-Carboxy Leukotriene B4, Active Transport","Transport, extracellular",NA,NA,PMID: 7966417
LNLCCRNtd,0.5443123770509474,0,-970.4558580123901,-286.35704128664133,"Transport of Linoleyl Carnitine, Diffusion","Transport, extracellular",NA,NA,NA
LTHSTRLt,-0.9407699935319298,0,-3.1718230208252556,-103.93007380355299,"Transport of Lathosterol, Diffusion","Transport, extracellular",NA,NA,NA
MEV_Rt,0.8370558570577613,0,-158.211108367181,-14.033091785309505,Transport of (R)-Mevalonate,"Transport, extracellular",NA,NA,PMID: 3643925
NWHARGtd,3.510508700349045,0,-4.246027386100034,7.628630589593967,"Transport of N- (Omega)-Hydroxyarginine, Diffusion","Transport, extracellular",NA,NA,NA
SUBEACtd,0.6186749711106286,0,-0.7565036947223042,-0.17821600901567472,Transport of Suberic Acid by Diffusion,"Transport, extracellular",NA,NA,"Glatz JFC, Luiken JJFP, Bonen A. (2010). Physiological Reviews 90: 367-417, Kamp F, Hamilton JA. (2006). Prostaglandins, Leukotrienes and Essential Fatty Acids 75: 149-59, PMCID: PMC2785172, Evtodienko VY, Bondarenko DI, Antonenko YN. (1999). Biochimica et Biophysica Acta (BBA) - Biomembranes 1420: 95-103"
TETDECAETH,0.67079477046925,0,5.345767857469956,27.131042216840385,Formation of C14:0-Ethanolamide,Glycerophospholipid metabolism,5337.1 or 5338.1,NA,PMID: 19126434
TRIDECETH,0.4976335539843406,0,0.27316287964801433,0.8143415976693242,Formation of C13:0-Ethanolamide,Glycerophospholipid metabolism,5337.1 or 5338.1,NA,PMID: 19126434
EX_5aop[e],-1,0,NA,-977.626778137207,Exchange of 5-Amino-4-Oxopentanoate,Exchange/demand reaction,NA,NA,NA
EX_CE2510[e],0.38261087691588846,0,-0.5289407890362386,-0.2361924785626925,Exchange of 11-Cis-Eicosenoate,Exchange/demand reaction,NA,NA,NA
HC02220c,-0.365922498104384,0,0.3269787000998491,0.1517874093296792,Formation of Sulfochenodeoxycholate,"Transport, extracellular",6822.1,NA,"PMID: 19131563, PMID: 16949895"
HC02198c,-0.7955192019039277,0,0.5597446481530991,0.06374592500207364,Taurolithocholic Acid 3-Sulfate,Bile acid synthesis,6822.1,NA,"PMID: 19131563, PMID: 16949895"
XOL27OHtmc,1,0,NA,5.120052849418426,"Transport of 26-Hydroxycholesterol, Intracellular","Transport, mitochondrial",NA,NA,NA
EX_progly[e],-0.948924471505194,0,-7.151042727689445,-272.8673119885683,Exchange of L-Prolinylglycine,Exchange/demand reaction,NA,NA,NA
EX_alaglylys[e],-1,0,NA,-91.07586846852526,Exchange of AlaGlyLys,Exchange/demand reaction,NA,NA,NA
EX_serglyglu[e],1,0,NA,662.1553632594347,Exchange of SerGlyGlu,Exchange/demand reaction,NA,NA,NA
EX_tyrargser[e],-1,0,NA,-127.17245507204197,Exchange of TyrArgSer,Exchange/demand reaction,NA,NA,NA
ALAGLYLYSt,1,0,NA,91.07586846852526,"Transport of AlaGlyLys, Extracellular","Transport, extracellular",6564.1 or 6565.1,NA,NA
SERGLYGLUt,-1,0,NA,-662.1553632594347,"Transport of SerGlyGlu, Extracellular","Transport, extracellular",6564.1 or 6565.1,NA,NA
TYRARGSERt,1,0,NA,127.17245507204197,"Transport of TyrArgSer, Extracellular","Transport, extracellular",6564.1 or 6565.1,NA,NA
ALAGLYLYSr,1,0,NA,91.07586846852526,Metabolism (Formation/Degradation) of AlaGlyLys,Peptide metabolism,NA,NA,NA
SERGLYGLUr,-1,0,NA,-662.1553632594347,Metabolism (Formation/Degradation) of SerGlyGlu,Peptide metabolism,NA,NA,NA
TYRARGSERr,1,0,NA,127.17245507204197,Metabolism (Formation/Degradation) of TyrArgSer,Peptide metabolism,NA,NA,NA
HOMOVALte,0.9108859512532598,0,5.124399593084771,109.8832712545991,Transport of Homovanillate by Oat3,"Transport, extracellular",9376.1,NA,"PMID: 11967025, PMID: 12679720, PMID: 21865262"
EX_homoval[e],0.9108859512532598,0,5.124399593084771,109.8832712545991,Exchange of Homovanillate,Exchange/demand reaction,NA,NA,NA
PCHOL2PALM_HSte,0.8720733084378397,0,-298.48041914086343,-20.39643017432905,Transport of 2-Palmitoylglycerophosphocholine,"Transport, extracellular",NA,NA,NA
XOLEST183te,-0.3624506784958172,0,0.7243020462306958,0.3389321062603802,"Transport of 1-Gamma-Linolenoyl-Cholesterol, Cholesterol-Ester (18:3, Delta 6, 9, 12)","Transport, extracellular",NA,NA,NA
XOLEST182_HSte,-0.5826733811400934,0,7.833310153794498,2.0655233606122465,"Transport of 1-Gamma-Linolenoyl-Cholesterol, Cholesterol-Ester (18:2, Delta 9, 12)","Transport, extracellular",NA,NA,NA
XOLEST205_HSte,-0.9757212459132014,0,58.46974831269831,0.7185085668018204,"Transport of 1-Timnodnoyl-Cholesterol, Cholesterol-Ester (20:5, Delta 5, 8, 11, 14, 17)","Transport, extracellular",NA,NA,NA
XOLEST226_HSte,-0.4011154933350474,0,13.873408808593359,5.929967679051866,"Transport of Cholesteryl Docosahexanoate, Cholesterol-Ester (22:6, Delta 4, 7, 10, 13, 16, 19)","Transport, extracellular",NA,NA,NA
PE224_HSte,-0.7819888196552834,0,-4.869144161959656,-39.79961231429651,"Transport of 1-Docosatetraenoyglycerophosphoethanolamine (22:4, Delta 7, 10, 13, 16)","Transport, extracellular",NA,NA,NA
PCHOLN261_HSte,0.9467278473730476,0,-18.179676550432156,-0.4974863359611976,Transport of Lysopc A C26:1 (Delta 5),"Transport, extracellular",NA,NA,NA
PCHOLN281_HSte,0.3890533397712784,0,-1.2472184560165887,-0.5485634917406598,Transport of Lysopc A C28:1 (Delta 5),"Transport, extracellular",NA,NA,NA
LNELDCCRNtr,1,0,0,96.63097764721215,"Transport of 6Z,9Z-Octadecadienoylcarnitine","Transport, extracellular",NA,NA,NA
XOLEST183tl,-0.3624506784958172,0,0.7243020462306958,0.3389321062603802,"Intracellular Transport of 1-Gamma-Linolenoyl-Cholesterol, Cholesterol-Ester (18:3, Delta 6, 9, 12)","Transport, lysosomal",NA,NA,NA
XOLEST182tl,-0.5826733811400934,0,7.833310153794498,2.0655233606122465,"Intracellular Transport of 1-Linoleoyl-Cholesterol, Cholesterol-Ester (18:2, Delta 9, 12)","Transport, lysosomal",NA,NA,NA
XOLEST205tl,-0.9757212459132014,0,58.46974831269831,0.7185085668018204,"Intracellular Transport of 1-Timnodnoyl-Cholesterol, Cholesterol-Ester (20:5, Delta 5, 8, 11, 14, 17)","Transport, lysosomal",NA,NA,NA
TMNDNCtl,-0.9757212459132014,0,58.46974831269831,0.7185085668018204,Intracellular Transport of Timnodonic Acid,"Transport, lysosomal",NA,NA,NA
XOLEST226tl,-0.4011154933350474,0,13.873408808593359,5.929967679051866,"Intracellular Transport of Cholesteryl Docosahexanoate, Cholesterol-Ester (22:6, Delta 4, 7, 10, 13, 16, 19)","Transport, lysosomal",NA,NA,NA
CRVNCtl,-0.4011154933350474,0,13.873408808593359,5.929967679051866,"Intracellular Transport of Cervonic Acid, C22:6 N-3","Transport, lysosomal",NA,NA,NA
TTDCEAc,-0.8488875473779353,0,1.655675546637597,0.13532093552882943,Hydrolysis of Fatty Acyl Coenzyme A (14:1),Fatty acid oxidation,641371.1,NA,NA
PA_HStm,0.7792018391514072,0,0.11732733066041386,0.9454290818884059,"Transport of Phosphatidate, Mitochondrial","Transport, mitochondrial",NA,NA,PMID: 22041191.
2MOPtm,-0.9425733201260761,0,62.68061415991187,1.8529748794390817,"Transport of 2-Methyl-3-Oxopropanoate, Mitochondrial","Transport, mitochondrial",NA,NA,PMID: 22041191.
MMALtm,-0.9425733201260761,0,62.68061415991187,1.8529748794390817,"Transport of Methylmalonate, Mitochondrial","Transport, mitochondrial",NA,NA,PMID: 22041191.
PGPP_hsc,1,0,NA,0.3268985017617466,"Transport of Phosphatidyl Glycerol Phosphate, Mitochondrial",Glycerophospholipid metabolism,NA,NA,PMID: 22041191.
5AOPt2,1,0,NA,977.626778137207,5-Aminolevulinate Transport in via Proton Symport,"Transport, extracellular",NA,NA,PMID: 21749716.
ADRNLtu,-0.8522275490077404,0,-9.932762329128154,-124.50044578824192,"Adrenaline (Epinephrine) Transport, Uniport","Transport, extracellular",NA,NA,PMID: 21749716.
ARGtD,0.9172527607209192,0,-72.65847480365485,-3.1358871002331377,L-Arginine Transport via Diffusion,"Transport, extracellular",6541.1 or 6542.1 or 84889.1,NA,PMID: 21749716.
UNK3r,0.5582113426050075,0,4.092289375325732,14.433715341300191,"2-Keto-4-Methylthiobutyrate Transamination, Reversible",Methionine and cysteine metabolism,NA,NA,NA
ACGALtr,0.39180723235442766,0,38.01058673737347,86.98460807403326,N-Acetylgalactosamine Export,"Transport, extracellular",NA,NA,PMID: 25901891.
EX_acgal[e],0.3899809394732736,0,38.39917917997837,87.49583513915539,Exchange of N-Acetylgalactosamine,Exchange/demand reaction,NA,NA,NA
EX_pa_hs[e],0.5180893227087653,0,27.425720762372016,86.39504335320592,Exchange of Phosphatidate,Exchange/demand reaction,NA,NA,NA
DM_C02712[c],1,0,NA,625.9245403948784,Demand for N-Acetylmethionine,Exchange/demand reaction,NA,NA,NA
C02592tx,-0.4321251444790529,0,-0.1458151047891186,-0.3677315098267136,"Transprot of Taurolithocholate, Peroxisomal","Transport, peroxisomal",NA,NA,NA
PROSTGE2t2r,0.5658889341821508,0,101.8265621340096,367.3002127947619,"Transport of Prostaglandin E2, Endoplasmatic Reticulum","Transport, endoplasmic reticular",NA,NA,NA
ESTR2r,0.37700080070357267,0,0.395488406213567,0.8741389276905682,ESTR2r,Steroid metabolism,NA,NA,NA
LTHSTRLtr,1,0,NA,96.37136930495798,"Transport of 5Alpha-Cholest-7-En-3Beta-Ol, Endoplasmatic Reticulum","Transport, endoplasmic reticular",NA,NA,NA
PGLYCtm,1,0,NA,0.3268985017617466,"Transport of Phosphatidylglycerol, Endoplasmatic Reticulum","Transport, mitochondrial",NA,NA,NA
sink_C02528[c],-0.44462114300800837,0,86.41638361723125,33.22243523224781,Sink for Chenodeoxycholate,Exchange/demand reaction,NA,NA,NA
sink_HC02191[c],-0.5411338744718751,0,-18.928436290679127,-63.57247296207398,Sink for Lithocholate,Exchange/demand reaction,NA,NA,NA
sink_HC02192[c],0.9849055140193,0,0.5373016737526631,70.65447980720234,Sink for Taurolithocholate,Exchange/demand reaction,NA,NA,NA
sink_HC02193[c],1,0,NA,93.03169444504431,Sink for Glycolithocholate,Exchange/demand reaction,NA,NA,NA
sink_HC02196[c],-0.5067488432900171,0,265.3808040574074,86.87538679911643,Sink for Glycoursodeoxycholate,Exchange/demand reaction,NA,NA,NA
sink_HC02198[c],-1.0614433293467715,0,0.5597446481530991,-18.779611771369492,Sink for Sulfotaurolithocholate,Exchange/demand reaction,NA,NA,NA
sink_HC02220[c],-0.365922498104384,0,0.3269787000998491,0.1517874093296792,Sink for Sulfochenodeoxycholate,Exchange/demand reaction,NA,NA,NA
sink_coa[c],1,0,NA,713.7947639129638,sink_coa[c],Exchange/demand reaction,NA,NA,NA
sink_hdca[c],1,0,NA,75.72005961673494,sink_hdca[c],Exchange/demand reaction,NA,NA,NA
sink_lnlc[c],0.6709340806619627,0,28.173363736969232,143.05897654089333,sink_lnlc[c],Exchange/demand reaction,NA,NA,NA
sink_lnlncacoa[c],-0.4040968460752935,0,-16.036947093051673,-37.787057654800265,sink_lnlncacoa[c],Exchange/demand reaction,NA,NA,NA
sink_lnlncgcoa[c],1.2187760634890177,0,-9.90797644128408,100.4843976756066,sink_lnlncgcoa[c],Exchange/demand reaction,NA,NA,NA
sink_tag_hs[c],-0.46819577346453556,0,-0.13828606414403422,-0.3817777384508567,sink_tag_hs[c],Exchange/demand reaction,NA,NA,NA
sink_tmndnc[c],-0.8234972177411166,0,76.27766542165577,7.383186571467447,sink_tmndnc[c],Exchange/demand reaction,NA,NA,NA
sink_vitd3[c],-0.5085708538933553,0,-0.8432590636180132,-2.588605205315756,sink_vitd3[c],Exchange/demand reaction,NA,NA,NA
DHCHOLESTANATEt,0.4653834657785458,0,-684.1156702134132,-249.5862394774381,"Transport of 3Alpha, 7Alpha-Dihydroxy-5Beta-Cholestanate, Sodium Symport","Transport, extracellular",6554.1,NA,PMID: 19498215
EX_dhcholestanate[e],0.4653834657785458,0,-684.1156702134132,-249.5862394774381,"Exchange of 3Alpha, 7Alpha-Dihydroxy-5Beta-Cholestanate",Exchange/demand reaction,NA,NA,NA
sink_dhcholestanate[c],-1,0,NA,-611.5025914247512,"Sink for 3Alpha, 7Alpha-Dihydroxy-5Beta-Cholestanate",Exchange/demand reaction,NA,NA,NA
THCHOLSTOICt,0.9666558019581515,0,9.317281299427489,549.5374428558112,"Transport of 3Alpha, 7Alpha, 12Alpha-Trihydroxy-5Beta-Cholestanoate, Sodium Symport","Transport, extracellular",6554.1,NA,PMID: 19498215
EX_thcholstoic[e],0.9666558019581515,0,9.317281299427489,549.5374428558112,"Exchange of 3Alpha, 7Alpha, 12Alpha-Trihydroxy-5Beta-Cholestanoate",Exchange/demand reaction,NA,NA,NA
sink_thcholstoic[c],-1,0,NA,-541.4843010678529,"Sink for 3Alpha, 7Alpha, 12Alpha-Trihydroxy-5Beta-Cholestanoate",Exchange/demand reaction,NA,NA,NA
XOL7AONEt,1.124383774145882,0,-229.1038689821601,13.414150607924885,"Transport of 7Alpha-Hydroxycholest-4-En-3-One, Sodium Symport","Transport, extracellular",6554.1,NA,PMID: 19498215
EX_xol7aone[e],1.124383774145882,0,-229.1038689821601,13.414150607924885,Exchange of 7Alpha-Hydroxycholest-4-En-3-One,Exchange/demand reaction,NA,NA,NA
sink_xoldiolone[c],2.6372622458906863,0,-7.975910127168955,3.5902433327661067,"Sink for 7Alpha, 12Alpha-Dihydroxycholest-4-En-3-One",Exchange/demand reaction,NA,NA,NA
ACACT1r,0.33820368101625553,0,94.26062774012088,190.6023279344216,Acetyl Coenzyme A C-Acetyltransferase,Tryptophan metabolism,39.1,NA,NA
ACONT,-0.3892499755931135,0,-51.0453267360311,-116.11087366069388,Aconitase,Citric acid cycle,3658.1 or 48.1,NA,"PMID:10419470,PMID:17244191,PMID:17244192"
ADNCNT3tc,-0.922966207379461,0,-15.98217095351517,-398.95705012941363,Adenosine Transport Cnt3,"Transport, extracellular",64078.1 or 222962.1,NA,NA
ADSS,0.35368761337660154,0,0.29092268000530164,0.60933139535042935,Adenylosuccinate Synthase,Nucleotide interconversion,159.1 or 122622.1 or 122622.2,NA,PMID:1592113
AMPTASECG,0.9948425196744713,0,0.10884476064663613,42.09965775476545,Alanyl Aminopeptidase (Cys-Gly),Glutathione metabolism,290.1,NA,PMID:12675513
ARGN,-0.4407051939729305,0,37.06347067764478,14.388375033326074,Arginase,Urea cycle,383.1 or 384.1,NA,PMID:1008818
ASP1DC,0.8962926015666112,0,1.705254220832337,31.180619816932083,Aspartate 1-Decarboxylase,Beta-Alanine metabolism,2571.1 or 2571.2,NA,NA
ASPTA,1.419259499970678,0,-37.4096797635571,215.86564684920907,Aspartate Transaminase,Alanine and aspartate metabolism,2805.1,NA,"PMID:2225456,PMID:6930651"
BUTt2r,0.34703665009489026,0,-136.58564470412583,-66.20860695117135,"Butyrate Transport via Proton Symport, Reversible","Transport, extracellular",6566.1,NA,"PMID:10510291,PMID:11827462,PMID:12739169,PMID:7835905,PMID:8476015,PMID:9508842,PMID:9649795,PMID:9824713"
CO2t,-1,0,NA,-963.9576386886597,CO2 Transporter via Diffusion,"Transport, extracellular",NA,NA,NA
CTPS1,0.9981856672699475,0,0.31981953248839634,352.228009419632,CTP Synthase (NH3),Nucleotide interconversion,1503.1 or 56474.1,NA,NA
DGK1,-1.143437772539806,0,0.4019217322847399,-6.006048527731199,Deoxyguanylate Kinase (dGMP:ATP),Nucleotide interconversion,2987.1,NA,NA
DHFR,0.68437896302591394,0,-779.3582300615311,-146.03711999846698,Dihydrofolate Reductase,Folate metabolism,1719.1,NA,PMID:6504041
DHORTS,0.3825257962900589,0,-211.56175560417176,-94.48932304027379,Dihydroorotase,Pyrimidine synthesis,790.1,NA,"PMID:2565865,PMID:8619816"
DHPR,0.5524521353784624,0,11.487377707497776,39.84736708996389,"6, 7-Dihydropteridine Reductase",Tetrahydrobiopterin metabolism,5860.1,NA,PMID:10727395
DURIPP,35.48365626695112,0,-382.34556257505415,361.38573553483485,Deoxyuridine Phosphorylase,Nucleotide interconversion,4860.1 or 151531.1,NA,"PMID:11278417,PMID:12849978,PMID:6087295,PMID:9305963"
EX_acac[e],1,0,NA,423.8026731952727,Exchange of Acetoacetate,Exchange/demand reaction,NA,NA,NA
EX_adn[e],1,0,NA,717.7276332903862,Exchange of Adenosine,Exchange/demand reaction,NA,NA,NA
EX_asn_L[e],-1,0,NA,-479.7351498413086,Exchange of L-Asparagine,Exchange/demand reaction,NA,NA,NA
EX_asp_L[e],-0.43076862760915763,0,-97.63239346488007,-245.3999768516466,Exchange of L-Aspartate,Exchange/demand reaction,NA,NA,NA
EX_cgly[e],-1,0,NA,-122.1831840472877,Exchange of Cysteinyl-Glycine,Exchange/demand reaction,NA,NA,NA
EX_dad_2[e],-1,0,NA,-419.09144177236556,Exchange of 2-Deoxyadenosine,Exchange/demand reaction,NA,NA,NA
EX_dcyt[e],1,0,NA,428.74709604115486,Exchange of Deoxycytidine,Exchange/demand reaction,NA,NA,NA
EX_dgsn[e],-0.804334061996721,0,-22.998611162848025,-212.08176509009598,Exchange of Deoxyguanosine,Exchange/demand reaction,NA,NA,NA
EX_duri[e],-147.05633715120797,0,403.52464096345903,-398.07368021800517,Exchange of Deoxyuridine,Exchange/demand reaction,NA,NA,NA
EX_gal[e],-1.388695977065013,0,18.052136674669203,-110.9377734696691,Exchange of D-Galactose,Exchange/demand reaction,NA,NA,NA
EX_glyb[e],0.4001634840348107,0,51.65070959304329,120.56524664940983,Exchange of Glycine Betaine,Exchange/demand reaction,NA,NA,NA
EX_glyphe[e],-0.35732458394470246,0,-21.459603523213417,-45.32248580869585,Exchange of Glycylphenylalaine,Exchange/demand reaction,NA,NA,NA
EX_glypro[e],-0.9895040191806069,0,-0.9211224021348462,-174.59794875182808,Exchange of Glypro,Exchange/demand reaction,NA,NA,NA
EX_ins[e],-1.083730591381785,0,12.109371683088177,-301.3554281900406,Exchange of Inosine,Exchange/demand reaction,NA,NA,NA
EX_k[e],-0.3358335367198734,0,-79.23454617808834,-159.36390935600102,Exchange of Kalium,Exchange/demand reaction,NA,NA,NA
EX_o2[e],-1,0,NA,-995.1914975219727,Exchange of Oxugen,Exchange/demand reaction,NA,NA,NA
EX_ppi[e],-7.552724019236497,0,165.5988616188932,-216.142379439193,Exchange of Ppi,Exchange/demand reaction,NA,NA,NA
EX_ser_L[e],-1,0,NA,-611.5634848678588,Exchange of L-Serine,Exchange/demand reaction,NA,NA,NA
EX_so4[e],1.0663841704264625,0,-22.885124492639104,712.3604721733093,Exchange of Sulfate,Exchange/demand reaction,NA,NA,NA
EX_urea[e],-1.3562885725095333,0,101.56324633909463,-671.6811461287499,Exchange of Urea,Exchange/demand reaction,NA,NA,NA
FBA,-1.0001480265312874,0,0.03068121337890625,-414.5673607136406,Fructose-Bisphosphate Aldolase,Glycolysis/gluconeogenesis,226.2 or 226.1 or 226.3 or 230.1 or 229.1,NA,"PMID:12626877,PMID:6765112"
FERO,0.3363051371351476,0,19.510870755058527,39.283830987364055,Ferroxidase,Vitamin B2 metabolism,9843.1,NA,"Sareen S. Gropper, Jack L. Smith, James L. Groff (2009) Advanced nutrition and human metabolism, Wadsworth cengage learning, 5th edition, page 472-476."
FUM,-0.7620776228666343,0,893.9554819351197,120.70524621236008,Fumarase,Citric acid cycle,2271.1,NA,NA
G3PD1,0.7076868188445894,0,76.97493824870773,449.68580242985485,Glycerol-3-Phosphate Dehydrogenase (NAD),Glycerophospholipid metabolism,2819.1,NA,"PMID:11385633,PMID:7772607"
G6PDH2r,1,0,0,141.38108278186246,Glucose 6-Phosphate Dehydrogenase,Pentose phosphate pathway,2539.1,NA,NA
GALt2_2,-0.8981473501951781,0,-26.536890859222414,-494.54706542614696,D-Galactose Transport via Proton Symport,"Transport, extracellular",6523.1,NA,"PMID:11024018,PMID:11034615,PMID:12748858,PMID:2490366,PMID:8063771"
GF6PTA,-0.7659847395535361,0,6.827737012328953,0.9047613036588669,Glutamine-Fructose-6-Phosphate Transaminase,Aminosugar metabolism,2673.1 or 9945.1,NA,"PMID:10198162,PMID:11842094,PMID:1460020"
GLNS,0.9786561867823536,0,1.4107415406172858,130.78133924942017,Glutamine Synthetase,Glutamate metabolism,2752.1 or 51557.1,NA,NA
GLYPHEHYc,0.35732458394470246,0,21.459603523213417,45.32248580869585,Hydrolysis of Glycylphenylalanine,Pentose phosphate pathway,NA,NA,most probable reaction. added during gap filling.
GLYPROPRO1c,0.9895040191806069,0,0.9211224021348462,174.59794875182808,Hydrolysis of Prolylglycine,"Transport, extracellular",5184.1,NA,"PMID: 14580160, PMID: 2317925, PMID: 18340504, Rubino A, Pierro M, Torretta GL, Vetrella M, Martino DD, Auricch S. (1969). Pediatric Research 3: 313-9"
HEX1,0.44028777724794316,0,0.3373521088259748,0.8680963166782727,Hexokinase (D-Glucose:ATP),Glycolysis/gluconeogenesis,3098.3 or 80201.1 or 2645.3 or 3098.4 or 3099.1 or 2645.2 or 3098.5 or 2645.1 or 3098.1 or 3101.1 or 3098.2,NA,NA
IMPD,0.49069532106374353,0,0.9622213745160494,2.816347385251732,IMP Dehydrogenase,Nucleotide interconversion,3614.1 or 3615.1 or 3614.2,NA,PMID:16464785
INSt2,-0.8855798469076375,0,23.435623516883144,1.422113009435497,"Inosine Transport in via Proton Symport, Reversible","Transport, extracellular",64078.1,NA,NA
L_LACt2r,0.8017101457153083,0,-148.65945150584878,-16.360934108762443,L-Lactate Reversible Transport via Proton Symport,"Transport, extracellular",9194.1 or 23539.1 or 6566.1 or 9123.1 or 682.1,NA,"PMID:10493836,PMID:10510291,PMID:11101640,PMID:11827462,PMID:12739169,PMID:7835905,PMID:8476015,PMID:9425115,PMID:9508842,PMID:9649795,PMID:9786900,PMID:9824713"
MAN1PT2,0.3690394267048138,0,8.9808440146029,19.48636739196889,Mannose-1-Phosphate Guanylyltransferase (GDP),Fructose and mannose metabolism,29926.2 or 29926.1 or 29925.2 or 29925.1,NA,NA
MAN6PI,-0.4071156919684996,0,-8.0790347601749,-19.174291565829517,Mannose-6-Phosphate Isomerase,Fructose and mannose metabolism,4351.1,NA,NA
MTHFC,-6.288896942920675,0,533.3078551018536,-386.9735443609595,Methenyltetrahydrofolate Cyclohydrolase,Folate metabolism,4522.1 or 100287639.1 or 441024.1,NA,PMID:2786332
MTHFD,-0.6902022854328794,0,255.24337825796007,46.78363999635428,Methylenetetrahydrofolate Dehydrogenase (NADP),Folate metabolism,4522.1 or 4524.1,NA,PMID:2786332
NAt3_1,-1.0246772940809787,0,0.3938152490653098,-32.31103014086038,Sodium Proton Antiporter (H:Na Is 1:1),"Transport, extracellular",389015.1 or 6548.1 or 6550.1 or 6549.1 or 6553.1,NA,"PMID:10444453,PMID:12845533,PMID:2536298,PMID:2581505,PMID:7631746,PMID:7759094,PMID:8199403,PMID:8595899,PMID:9933641"
NDPK2,-0.8506117140843399,0,-60.09140903359651,-744.4082030380249,Nucleoside-Diphosphate Kinase (ATP:UDP),Nucleotide interconversion,4832.1 or (4831.1 and 4830.2) or 10201.1 or 29922.2 or 29922.1 or (4831.1 and 4830.1),NA,NA
NDPK3,-0.3794532839846669,0,-275.2240718314469,-611.813325123036,Nucleoside-Diphosphate Kinase (ATP:CDP),Nucleotide interconversion,4832.1 or (4831.1 and 4830.2) or 10201.1 or 29922.2 or 29922.1 or (4831.1 and 4830.1),NA,NA
NDPK5,-1.0408941637218638,0,7.7501522040959445,-386.7847869166469,Nucleoside-Diphosphate Kinase (ATP:dGDP),Nucleotide interconversion,4832.1 or (4831.1 and 4830.2) or 10201.1 or 29922.2 or 29922.1 or (4831.1 and 4830.1),NA,NA
NDPK7,-1.00118621653961,0,328.87139920214713,-0.19494072561264036,Nucleoside-Diphosphate Kinase (ATP:dCDP),Nucleotide interconversion,(4832.1) or (4831.1 and 4830.1) or (10201.1) or (29922.2) or (29922.1) or (4831.1 and 4830.2),NA,NA
NDPK8,-0.4876102395759812,0,-106.19128063088357,-308.3028753140241,Nucleoside-Diphosphate Kinase (ATP:dADP),Nucleotide interconversion,(4832.1) or (4831.1 and 4830.1) or (10201.1) or (29922.2) or (29922.1) or (4831.1 and 4830.2),NA,NA
O2t,1,0,NA,954.4544018493652,O2 Transport (Diffusion),"Transport, extracellular",NA,NA,NA
OMPDC,-0.9931435862665202,0,832.4959777606964,2.8637860785920037,Orotidine-5'-Phosphate Decarboxylase,Pyrimidine synthesis,7372.1,NA,"PMID:3279416,PMID:6574608,PMID:6893554,PMID:9042911"
PGI,-0.5200358932140368,0,-226.76043196343483,-718.1453589379549,Glucose-6-Phosphate Isomerase,Glycolysis/gluconeogenesis,2821.1,NA,"PMID:19064002,PMID:2241164,PMID:8530082"
PGL,0.8920081667343998,0,16.430964850980416,287.86917255976795,6-Phosphogluconolactonase,Pentose phosphate pathway,25796.1,NA,NA
PGMT,1.3237804782383982,0,-64.2807395596047,461.3444532790899,Phosphoglucomutase,Glycolysis/gluconeogenesis,5236.1 or 55276.1,NA,PMID:4829444
PMANM,-0.37118806335735777,0,-8.637391403618874,-18.83470605603084,Phosphomannomutase,Fructose and mannose metabolism,5372.1 or 55276.1 or 5373.1,NA,NA
PNP,0.641337330551638,0,0.4989980578021728,2.2835500036933403,Purine-Nucleoside Phosphorylase,NAD metabolism,4860.1,NA,"PMID:14704851,PMID:9030766"
PPA,0.3571666911434366,0,27.198370697702725,57.42191989079118,Inorganic Diphosphatase,Oxidative phosphorylation,5464.1 or 64077.1,NA,"PMID:10542310,PMID:15533045"
PPBNGS,0.9098347563539702,0,0.8733892873131622,18.499691780196823,Porphobilinogen Synthase,Heme synthesis,210.1 or 210.2,NA,NA
PRO1x,0.9999997805233685,0,3.783583641052246e-7,3.447823306249828,L-ProlineNAD+ 5-Oxidoreductase,"Transport, extracellular",58510.1,NA,"PMID: 11458019, Sareen S. Gropper, jack L. Smith, James L. Groff (2009) Wadaworth cengage learning, Advanced nutrition and human metabolism, 5th edition, page 194-196"
PROD2,-0.9998737801903178,0,29.034647723156215,0.0018324895031400959,Proline Dehydrogenase,Arginine and proline metabolism,58510.1,NA,PMID:10192398
PROt2r,-0.6986726301856562,0,-12.124088410168886,-68.34711749216169,L-Proline Reversible Transport via Proton Symport,"Transport, extracellular",153201.1 or 206358.1,NA,"PMID:11390972,PMID:11959859"
PTPAT,-0.7889679773739449,0,1.1317638508707677,0.13350625478210404,Phosphopantetheine Adenylyltransferase (Ec 2.7.7.3),CoA synthesis,80347.1,NA,NA
PUNP1,-1.2172977724638299,0,49.49804420218468,-505.0760617856264,Purine-Nucleoside Phosphorylase (Adenosine),Nucleotide interconversion,4860.1,NA,"PMID:6087295,PMID:9305963"
PUNP2,1.0757736516397167,0,-15.00025887162704,410.9230776094437,Purine-Nucleoside Phosphorylase (Deoxyadenosine),Purine catabolism,4860.1,NA,"PMID:6087295,PMID:9305963"
PUNP3,-0.6586990054581363,0,726.5490324827194,149.49783327403068,Purine-Nucleoside Phosphorylase (Guanosine),Purine catabolism,4860.1,NA,"PMID:6087295,PMID:9305963"
PUNP4,0.8122297929645005,0,22.59668947640599,218.0878134930551,Purine-Nucleoside Phosphorylase (Deoxyguanosine),Purine catabolism,4860.1,NA,"PMID:6087295,PMID:9305963"
PUNP5,0.7598056428143327,0,41.96202854321255,307.43859047946034,Purine-Nucleoside Phosphorylase (Inosine),Purine catabolism,4860.1,NA,"PMID:14706628,PMID:6087295,PMID:9305963"
PUNP6,-0.9713239624868898,0,684.4364628139496,9.956215242386236,Purine-Nucleoside Phosphorylase (Deoxyinosine),Purine catabolism,4860.1,NA,"PMID:14706628,PMID:6087295,PMID:9305963"
PUNP7,1.0073486943361065,0,-722.4511203048706,2.644818247511332,Purine-Nucleoside Phosphorylase (Xanthosine),Nucleotide interconversion,4860.1,NA,"PMID:6087295,PMID:9305963"
RBFK,0.7861152277688996,0,0.4814066651895875,4.020144896128977,Riboflavin Kinase,Vitamin B2 metabolism,55312.1,NA,NA
RNDR3,1,0,0,327.9358800328493,Ribonucleoside-Diphosphate Reductase (CDP),Nucleotide interconversion,(6240.1 and 6241.1) or 50484.1,NA,PMID:14729598
RPE,0.728663034983598,0,44.287345152842995,282.15063317543866,Ribulose 5-Phosphate 3-Epimerase,Pentose phosphate pathway,6120.1 or 6120.2,NA,NA
RPI,-0.4907659741714813,0,421.00635992091895,143.81248785953224,Ribose-5-Phosphate Isomerase,Pentose phosphate pathway,22934.1,NA,NA
SPODM,-0.961036253963292,0,67.78878757469654,1.3468925410525747,Superoxide Dismutase,ROS detoxification,6647.1,NA,"PMID:1332049,PMID:3889846"
TKT1,0.3961017262422977,0,348.1913209442139,804.9542867675781,Transketolase,Pentose phosphate pathway,7086.1 or 84076.1 or 8277.1,NA,NA
TKT2,0.3961017262422977,0,348.1913209442139,804.9542867675781,Transketolase,Pentose phosphate pathway,7086.1 or 84076.1 or 8277.1,NA,NA
TMDK1,0.44315461692149244,0,0.4302866489015476,1.1151572462160422,Thymidine Kinase (ATP:Thymidine),Nucleotide interconversion,7084.1 or 7083.1,NA,NA
UAG4E,-1.243062698579479,0,6.273056149716052,-0.6797607383227383,UDP-N-Acetylglucosamine 4-Epimerase,Aminosugar metabolism,2582.1 or 2582.2,NA,NA
UMPK,-1.1203594290555265,0,24.89313340870887,-438.5397185420543,UMP Kinase,Nucleotide interconversion,51727.1,NA,NA
UREAt,-1,0,NA,-278.44614525304735,Urea Transport via Facilitate Diffusion,"Transport, extracellular",6523.1 or 6563.1 or 6528.1 or 8170.1,NA,"PMID:10893432,PMID:11024018,PMID:11034615,PMID:12679487,PMID:12748858,PMID:12856182,PMID:2490366,PMID:8063771,PMID:8559252,PMID:8806637,PMID:9341168"
URIt2r,-1,0,NA,-342.1157852016896,Uridine Transport in via Proton Symport Reversible,"Transport, extracellular",64078.1,NA,NA
r0082,0.7617998965647057,0,1.646583430489563,12.178628286404996,Oxalosuccinate:NADP+ Oxidoreductase (Decarboxylating) Ec:1.1.1.42,Miscellaneous,3417.1,NA,"PMID:16489927,PMID:9866202"
r0127,-0.5753295947526788,0,34.52575513658523,9.307300817658621,L-Asparagine Amidohydrolase / Cyanoamino Acid Metabolism / Nitrogen Metabolism Ec:3.5.1.1 Ec:3.5.1.38,Alanine and aspartate metabolism,374569.1,NA,"PMID:4311065,PMID:4894450"
r0345,-0.5332797850561967,0,-88.13023115714654,-289.5274246945851,ATP:AMP Phosphotransferase Ec:2.7.4.11,Nucleotide interconversion,204.1 or 203.1 or 122481.1 or 26289.1 or 205.1 or 100507855.1,NA,PMID:11768308
r0398,0.81597543547731,0,4.602349391517602,45.41650981301144,"NADPH:6, 7-Dihydropteridine Oxidoreductase Ec:1.5.1.34",Tetrahydrobiopterin metabolism,5860.1,NA,PMID:7317032
r0422,0.7617998965647057,0,1.646583430489563,12.178628286404996,Isocitrate:NADP+ Oxidoreductase (Decarboxylating) Ec:1.1.1.42,Miscellaneous,3417.1 or 3418.1,NA,"PMID:10521434,PMID:16489927,PMID:9866202"
ACCOAC,0.8294449626079734,0,1.4404113057692474,15.45045662513111,Acetyl Coenzyme A Carboxylase,Fatty acid oxidation,31.5 or 31.4 or (31.2 and 32.1) or (31.4 and 32.1) or 31.2 or (32.1 and 31.3) or (31.1 and 32.1) or 31.1 or (31.5 and 32.1) or 31.3,NA,NA
FPGS,0.6033741745811553,0,0.11751498084266931,0.47505853964642725,Folylpolyglutamate Synthetase,Folate metabolism,2356.1,NA,PMID:10777604
EX_pnto_R[e],0.6804728874614122,0,0.41693622969103017,2.1927717627140204,Exchange of (R)-Pantothenate,Exchange/demand reaction,NA,NA,NA
GLYt2r,-0.9550764130544681,0,-1.7195554779484867,-74.835127478841315,Glycine Reversible Transport via Proton Symport,"Transport, extracellular",153201.1 or 206358.1,NA,"PMID:11390972,PMID:11959859"
ALAt2r,-0.9067579421043303,0,-4.927240692713856,-100.75984524069689,L-Alanine Reversible Transport via Proton Symport,"Transport, extracellular",153201.1 or 206358.1,NA,"PMID:11390972,PMID:11959859"
NTD2,0.9934560910148063,0,1.491685133610716,454.4086450775146,5'-Nucleotidase (UMP),Pyrimidine catabolism,51251.1,NA,PMID:11795870
NTD4,0.566879823400259,0,0.24322707650974007,0.8799119026956239,5'-Nucleotidase (CMP),Pyrimidine catabolism,51251.1 or 22978.1 or 84618.1 or 30833.1 or 4907.1 or 93034.1,NA,PMID:11795870
NTD7,0.5307199329164293,0,0.899746086595241,2.9348343684702485,5'-Nucleotidase (AMP),Nucleotide interconversion,22978.1 or 93034.2 or 93034.1 or 30833.1 or 84618.1 or 51251.1,NA,PMID:11133996
NTD8,0.691234828620191,0,1.368962667568779,7.498375973322368,5'-Nucleotidase (dGMP),Nucleotide interconversion,22978.1 or 30833.1 or 93034.1 or 93034.2 or 84618.1 or 51251.1 or 4907.1,NA,PMID:10899995
NTD9,0.643111213484703,0,1.421486227480779,6.544503633732477,5'-Nucleotidase (GMP),Nucleotide interconversion,22978.1 or 84618.1 or 51251.1 or 4907.1 or 93034.1,NA,PMID:8450671
NTD10,0.565408233093342,0,0.7342597355972786,2.644818247511332,5'-Nucleotidase (XMP),Nucleotide interconversion,22978.1 or 30833.1 or 93034.1 or 93034.2 or 84618.1 or 51251.1 or 4907.1,NA,PMID:15699053
NTD11,0.6528591168058276,0,1.2776130895103242,6.083162614892632,5'-Nucleotidase (IMP),Purine catabolism,22978.1 or 93034.2 or 93034.1 or 84618.1 or 51251.1 or 4907.1,NA,PMID:11133996
GUAt,0.36594466952599525,0,-733.8593571990967,-340.648818089962,Transport of Guanine,"Transport, extracellular",3177.1,NA,"PMID:12006583,PMID:12838422"
ADPRDP,-0.7582819317936228,0,1.4085659359808749,0.19364120783478972,ADPribose Diphosphatase,Nucleotide interconversion,11164.1,NA,"PMID:10567213,PMID:10722730,PMID:12717453"
ALCD1,-0.4839506304435177,0,-72.13203316395878,-207.42274364335537,Alcohol Dehydrogenase (Methanol),Miscellaneous,124.1 or 131.1 or 130.1 or (125.1 and 124.1) or (125.1 and 126.1) or 128.1 or 127.1 or (126.1 and 124.1) or 125.1 or 137872.1 or 284273.1 or 126.1 or 284273.2,NA,"PMID:11128434,PMID:11762128,PMID:12592711,PMID:9806434"
ABUTD,-0.683138278971798,0,6.238867850976507,1.1745074241526765,Aminobutyraldehyde Dehydrogenase,Beta-Alanine metabolism,223.1,NA,PMID:8786138
ALDD2x,0.8996044610182803,0,16.182115547854455,306.1851073782742,"Aldehyde Dehydrogenase (Acetaldehyde, NAD)",Glycolysis/gluconeogenesis,218.1 or 501.1 or 8854.2 or 224.1 or 222.1 or 8854.1 or 221.1 or 216.1 or 8854.3 or 223.1 or 220.1 or 219.1,NA,PMID:12616643
AMANK,-0.37248188854747455,0,0.3051563343267097,0.139521787655159,N-Acetyl-D-Mannosamine Kinase,Aminosugar metabolism,10020.1 or 55577.1,NA,"PMID:10330343,PMID:10431835,PMID:11308027"
ARGSL,-1.0042518952926305,0,0.36241784272015864,-170.8359680020213,Argininosuccinate Lyase,Alanine and aspartate metabolism,435.1,NA,"PMID:11747432,PMID:12408190,PMID:3463959"
CSND,0.39177678000982247,0,2.9918731387921813,6.84620288481145,Cytosine Deaminase,Pyrimidine catabolism,NA,NA,NA
CYTK1,0.554094190355279,0,-345.5245618946675,-99.13904220217,Cytidylate Kinase (CMP),Nucleotide interconversion,51727.1,NA,NA
CYTK2,-3.8127053329743386,0,113.03780441164821,-193.41437502959818,Cytidylate Kinase (dCMP),Nucleotide interconversion,51727.1,NA,NA
EX_acgam[e],0.33696282892040985,0,144.34771164894104,291.0659210857272,Exchange of N-Acetyl-D-Glucosamine,Exchange/demand reaction,NA,NA,NA
EX_csn[e],-0.39177678001066635,0,-2.9918731387862207,-6.846202884811461,Exchange of Cytosine,Exchange/demand reaction,NA,NA,NA
EX_galt[e],-4.792641653943339,0,111.14213805742254,-72.76857908480335,Exchange of Galactitol,Exchange/demand reaction,NA,NA,NA
EX_glcr[e],0.7652723454975684,0,1.8618853817955823,14.002332967272402,Exchange of Glcr,Exchange/demand reaction,NA,NA,NA
EX_glcur[e],-4.159502788942687,0,231.81233730519116,-378.55209529272315,Exchange of D-Glucuronate,Exchange/demand reaction,NA,NA,NA
EX_glyc[e],-1,0,NA,-392.62170296996834,Exchange of Glycerol,Exchange/demand reaction,NA,NA,NA
EX_malt[e],-1,0,NA,-65.67225682881963,Exchange of Maltose,Exchange/demand reaction,NA,NA,NA
EX_malttr[e],-1,0,NA,-63.13890513665825,Exchange of Maltotriose,Exchange/demand reaction,NA,NA,NA
EX_spmd[e],0.9742310518708878,0,5.496528332613293,421.10437947888215,Exchange of Spermidine,Exchange/demand reaction,NA,NA,NA
EX_trp_L[e],-0.6046067763816869,0,-45.73875307660103,-185.61955224809645,Exchange of L-Tryptophan,Exchange/demand reaction,NA,NA,NA
EX_xyl_D[e],-1.6500043434688025,0,114.88871860285457,-468.3901059620261,Exchange of D-Xylose,Exchange/demand reaction,NA,NA,NA
FACOAL161,0.5251810250100254,0,0.1106871424884157,0.3555416660412046,Fatty-Acid- Coenzyme A Ligase (Hexadecenoate),Fatty acid oxidation,2180.1 or 81616.1,NA,NA
G6PDA,-0.6553394670186083,0,5.38776102502076,1.121793217317853,Glucosamine-6-Phosphate Deaminase,Aminosugar metabolism,132789.1 or 10007.1,NA,PMID:9714720
GALK,-0.3360770121318405,8.22535699968757e-11,1.1653854837417255,0.579103004810652,Galactokinase,Galactose metabolism,2584.1 or 2585.2 or 2585.1,NA,PMID:4371022
GALT,-0.3360770121318405,8.22535699968757e-11,1.1653854837417255,0.579103004810652,Galactose-1-Phosphate Uridylyltransferase,Galactose metabolism,2592.1 or 2592.3 or 2592.2,NA,PMID:1427861
GLUPRT,-0.6687288458905489,0,1.0241613469407551,0.20331350550502003,Glutamine Phosphoribosyldiphosphate Amidotransferase,Purine synthesis,5471.1,NA,"PMID:8106516,PMID:8380692,PMID:9108165"
GLXO1,-0.4210092233709882,0,3.305533120102599,1.3468407923777863,Glyoxylate Oxidase,Glyoxylate and dicarboxylate metabolism,3939.1 or 55293.1 or (3945.1 and 3939.1) or 197257.1 or 92483.1 or 3945.1 or 160287.1 or 3948.1 or 197257.2 or 3948.2,NA,"PMID:12768081,PMID:9038835,PMID:9604807,PMID:9783918"
GLYOX,-0.8772884033141729,0,15.414714061722346,1.007604463773411,Hydroxyacylglutathione Hydrolase,Pyruvate metabolism,3029.1 or 84264.2 or 84264.1,NA,"PMID:15117945,PMID:8550579"
GND,0.9237704613798083,0,22.667343076357383,572.0455067362547,Phosphogluconate Dehydrogenase,Pentose phosphate pathway,5226.1,NA,PMID:8978909
HISD,-0.8943804476410544,0,278.0296509862423,15.501304036497814,Histidase,Histidine metabolism,3034.1,NA,PMID:8530107
HXPRT,0.7035541022209593,0,69.43564285075665,399.0184215904474,Hypoxanthine Phosphoribosyltransferase (Hypoxanthine),Nucleotide salvage pathway,3251.1,NA,"PMID:3008106,PMID:6853490"
IZPN,-0.8943804476410544,0,278.0296509862423,15.501304036497814,Imidazolonepropionase,Histidine metabolism,144193.1,NA,NA
LCADi,-0.7760423930544684,0,31.15115802061558,3.9281375439922877,Lactaldehyde Dehydrogenase,Pyruvate metabolism,218.1 or 223.1 or 8854.2 or 224.1 or 222.1 or 8854.1 or 221.1 or 216.1 or 8854.3 or 501.1 or 220.1,NA,"PMID:15987839,PMID:2296157,PMID:6487654"
LDH_L,1.4631717157279147,0,-93.03497605520934,494.76493017814977,L-Lactate Dehydrogenase,Glycolysis/gluconeogenesis,(3945.1 and 3939.1) or 160287.1 or 3948.2 or 3939.1 or 3948.1 or 55293.1 or 3945.1 or 92483.1,NA,"PMID:11377399,PMID:15240094,PMID:2440048"
LGTHL,-0.34504484773948807,0,424.9236009964943,206.91198680658937,Lactoylglutathione Lyase,Pyruvate metabolism,2739.1,NA,"PMID:7684374,PMID:8449929"
MALT,0.4372817454738287,0,73.42748181895017,187.54674899138212,Alpha-Glucosidase,Starch and sucrose metabolism,8972.1 or 2548.1 or 2595.1,NA,"PMID:12370436,PMID:7018580"
MDH,-34.97578562492886,0,372.4026146913856,-394.32426317377684,Malate Dehydrogenase,Citric acid cycle,130752.1 or 4190.1,NA,"PMID:15565635,PMID:9933076"
MI4PP,0.5983249251159466,0,0.5023389219355536,1.9988813595596702,Myo-Inositol 4-Phosphatase,Inositol phosphate metabolism,3612.1 or 3613.1,NA,"PMID:1377913,PMID:2906139,PMID:9322233"
NTD3,-0.7247425344146561,0,2.2941852432153698,0.3661367439083159,5'-Nucleotidase (dCMP),Pyrimidine catabolism,93034.1 or 30833.1 or 93034.2 or 2978.1 or 84618.1 or 51251.1 or 4907.1,NA,PMID:11133996
NTD5_a,0.641337330551638,0,0.4989980578021728,2.2835500036933403,5-Nucleotidase (dTMP),Vitamin B2 metabolism,NA,NA,PMID: 21749716.
ORNDC,0.9265940738875786,0,3.2488432666715847,85.26834979199171,Ornithine Decarboxylase,Urea cycle,4953.1,NA,PMID:2317811
PFK,0.9951774550154306,0,0.15194969124794006,62.864441751085224,Phosphofructokinase,Glycolysis/gluconeogenesis,5214.1 or 5211.2 or (5214.1 and 5211.1) or (5214.1 and 5213.1) or 5213.1 or (5214.1 and 5211.2) or 5211.1 or (5211.1 and 5213.1) or (5213.1 and 5211.2),NA,NA
PHETA1,0.5071295692263947,0,-801.6399116760253,-262.1570279427823,Phenylalanine Transaminase,Phenylalanine metabolism,2805.1,NA,NA
PIt7,-0.4776067630038465,0,-353.2572549835205,-999.199974420166,Phosphate Transport In/Out via Three Na+ Symporter,"Transport, extracellular",10050.1 or 10786.1 or 10246.1 or 6568.1 or 6569.1 or 10568.1,NA,"PMID:12750889,PMID:12811560,PMID:8815811"
PRFGS,-0.6687288458905489,0,1.0241613469407551,0.20331350550502003,Phosphoribosylformylglycinamidine Synthase,Purine synthesis,5198.1,NA,NA
PYDAMK,0.6480606158315948,0,0.5102596930481959,2.389442448864022,Pyridoxamine Kinase,Vitamin B6 metabolism,8566.1,NA,NA
TYRTA,-0.7536317198144477,0,127.24775258142948,17.877077385598724,Tyrosine Transaminase,Tyrosine metabolism,2805.1 or 6898.1,NA,NA
XYLt,1.6500043434688025,0,-114.88871860285457,468.3901059620261,D-Xylose Reversible Transport,"Transport, extracellular",6515.1,NA,"PMID:10421229,PMID:12750891,PMID:3170580,PMID:8504756,PMID:9230074"
r0392,4.939161268937515,0,-1.255778851156128,1.8933657715285663,D-Glyceraldehyde:NAD+ Oxidoreductase Ec:1.2.1.3,Miscellaneous,224.1 or 217.1 or 219.1 or 223.1 or 501.1,NA,"PMID:12705826,PMID:170276,PMID:6189823,PMID:6285247,PMID:8155713"
r0792,-0.8924613497842466,0,302.9373877413988,17.21434246533513,5-Methyltetrahydrofolate:NAD+ Oxidoreductase / Ec:1.5.1.20,Folate metabolism,4524.1,NA,"PMID:1119805,PMID:2383427"
URCN,-0.8943804476410544,0,278.0296509862423,15.501304036497814,Urocanase,Histidine metabolism,131669.1,NA,NA
PYRt2r,0.7109767506706268,0,-229.47542711870446,-38.763667338611,Transport of Pyruvate Reversible via Proton Symport,"Transport, extracellular",9123.1 or 9194.1 or 6566.1,NA,"PMID:10510291,PMID:11101640,PMID:12739169,PMID:7835905,PMID:8476015,PMID:9425115,PMID:9508842,PMID:9649795,PMID:9786900,PMID:9824713"
DCMPDA,0.7660028981846928,0,-822.7081550567627,-109.00963080014587,DCMP Deaminase,Pyrimidine catabolism,1635.1,NA,"PMID:7642519,PMID:7685356"
EX_lcts[e],-1,0,NA,-94.35852613628266,Exchange of Lactose,Exchange/demand reaction,NA,NA,NA
EX_sucr[e],-1,0,NA,-0.4292352628100107,Exchange of Sucrose,Exchange/demand reaction,NA,NA,NA
AACOAT,0.3714833375421733,0,1.047788148692239,2.2863737320599524,Acetoacetyl Coenzyme A:Acetate Coa-Transferase,Propanoate metabolism,65985.1,NA,PMID:12623130
FORTHFC,-0.8329588869971339,0,386.82320389056207,35.251951896788555,Formiminotetrahydrofolate Cyclodeaminase (Ec 4.3.1.4),"Transport, mitochondrial",10841.1 or 10841.2,NA,PMID: 22041191.
GLNt4,0.9619062100852388,6.01391009058544e-9,0.040349181938171386,2.0780634007140995,"Transport of L-Glutamine  via Sodium Symport, Reversible","Transport, extracellular",81539.1 or 11254.1 or 54407.1 or 55089.1 or (340024.1 and 57393.1) or (340024.1 and 59272.1),NA,"PMID:10747860,PMID:10891391,PMID:10930503,PMID:11325958,PMID:11342143,PMID:11414754"
MTRI,0.5582113426050075,0,4.092289375325732,14.433715341300191,5-Methylthioribose-1-Phosphate Isomerase,Arginine and proline metabolism,NA,NA,PMID:2543672
NADN,-0.7582819317936228,0,1.4085659359808749,0.19364120783478972,NAD Nucleosidase,NAD metabolism,NA,NA,PMID:8382685
MTHFD2,-0.6235210233304922,0,-108.7587269939966,-469.0091364661217,Methylenetetrahydrofolate Dehydrogenase (NAD),Folate metabolism,100287639.1 or 441024.1 or 10797.1,NA,PMID:2786332
EX_gua[e],-0.36594466952599525,0,733.8593571990967,340.648818089962,Exchange of Guanine,Exchange/demand reaction,NA,NA,NA
AHC,-1.5973032128737201,0,100.28331181402207,-23.062207002723472,Adenosylhomocysteinase,Methionine and cysteine metabolism,191.1 or 10768.2 or 10768.1,NA,"PMID:12590576,PMID:2596825"
EX_phpyr[e],0.5022060871076742,0,-772.9745180290222,-256.14462169873127,Exchange of Phenylpyruvate,Exchange/demand reaction,NA,NA,NA
PHPYRte,-0.5022060871076742,0,772.9745180290222,256.14462169873127,Transport of Phenylpyruvate via Proton Symport,"Transport, extracellular",6566.1 or 9194.1 or 9123.1,NA,PMID: 4418160
PHPYRtm,-0.540426341843003,0,30.215490124335886,9.014545487993816,"Transport of Phenylpyruvate via Proton Symport, Mitochondrial","Transport, mitochondrial",51660.1 and 25874.1,NA,"PMID: 22883228, PMID: 25748677"
CE4970tm,0.8357104557106313,0,8.684995002348,97.04291409758628,"2-Methylbutyrylglycine Transport, Mitochondrial","Transport, mitochondrial",NA,NA,NA
CE4970te,0.8357104557106313,0,8.684995002348,97.04291409758628,"2-Methylbutyrylglycine Transport, Extracellular","Transport, extracellular",9152.1,NA,"PMID: 16899062, PMID: 2345678, PMID: 15817498, PMID: 12719981"
EX_CE4970[e],0.8357104557106313,0,8.684995002348,97.04291409758628,Exchange of 2-Methylbutyrylglycine,Exchange/demand reaction,NA,NA,NA
CE2026tm,0.8287224156811364,0,0.467953092373925,4.996312348254281,"3-Methyl-Crotonyl-Glycine Transport, Mitochondrial","Transport, mitochondrial",NA,NA,NA
CE2026te,0.8287224156811364,0,0.467953092373925,4.996312348254281,"3-Methyl-Crotonyl-Glycine Transport, Extracellular","Transport, extracellular",9152.1,NA,"PMID: 20649585, PMID: 12719981"
EX_CE2026[e],0.8287224156811364,0,0.467953092373925,4.996312348254281,Exchange of 3-Methyl-Crotonyl-Glycine,Exchange/demand reaction,NA,NA,NA
2HIVc,0.3713163429934876,0,-664.8388041866302,-304.797133696723,Formation of 2-Hydroxy-Isovalerate,"Valine, leucine, and isoleucine metabolism",(3945.1 and 3939.1) or 160287.1 or 3948.2 or 3939.1 or 3948.1 or 55293.1 or 3945.1 or 92483.1,NA,"PMID: 1429566, Chalmers, R. A. and A. M. Lawson (1982). Organic Acids in Man: Analytical Chemistry, Biochemistry and Diagnosis of the Organic Acidurias. London, Chapman and Hall Ltd."
2HIVte,0.3713163429934876,0,-664.8388041866302,-304.797133696723,Transport of 2-Hydroxy-Isovalerate,"Transport, extracellular",NA,NA,NA
EX_2hiv[e],0.3713163429934876,0,-664.8388041866302,-304.797133696723,Exchange of 2-Hydroxy-Isovalerate,Exchange/demand reaction,NA,NA,NA
2M3OVCOAm,-0.6138284585070684,0,4.547831689469679,1.0882465014885085,Formation of 2-Methyl-3-Oxo-Valeryl Coa,Propanoate metabolism,38.1,NA,NA
2M3OVACm,-0.6138284585070684,0,4.547831689469679,1.0882465014885085,Formation of 2-Methyl-3-Oxo-Valerate,Propanoate metabolism,NA,NA,NA
2M3OVACtm,-0.6138284585070684,0,4.547831689469679,1.0882465014885085,"Transport of 2-Methyl-3-Oxo-Valerate, Mitochondrial","Transport, mitochondrial",NA,NA,NA
2M3HVACc,-0.6138284585070684,0,4.547831689469679,1.0882465014885085,Formation of 2-Methyl-3-Hydroxy-Valerate,Propanoate metabolism,NA,NA,NA
2M3HVACte,-0.6138284585070684,0,4.547831689469679,1.0882465014885085,Transport of 2-Methyl-3-Hydroxy-Valerate,"Transport, extracellular",NA,NA,NA
EX_2m3hvac[e],-0.6138284585070684,0,4.547831689469679,1.0882465014885085,Exchange of 2-Methyl-3-Hydroxy-Valerate,Exchange/demand reaction,NA,NA,NA
3MGLUTACc,1,0,NA,0.8877683531853392,Formation of 3-Methyl-Glutaconate,"Valine, leucine, and isoleucine metabolism",NA,NA,"PMID: 7603789, Chalmers, R. A. and A. M. Lawson (1982). Organic Acids in Man: Analytical Chemistry, Biochemistry and Diagnosis of the Organic Acidurias. London, Chapman and Hall Ltd."
3MGLUTACtm,1,0,NA,0.8877683531853392,"Transport of 3-Methyl-Glutaconate, Mitochondrial","Transport, mitochondrial",NA,NA,NA
3MGLUTACte,1,0,NA,0.8877683531853392,"Transport of 3-Methyl-Glutaconate, Extracellular","Transport, extracellular",NA,NA,NA
EX_3mglutac[e],1,0,NA,0.8877683531853392,Exchange of 3-Methyl-Glutaconate,Exchange/demand reaction,NA,NA,NA
PPIOGLYc,0.9961390232162252,0,0.5606466724285943,289.85636634078026,Formation of Propionyl-Glycine,"Glycine, serine, alanine, and threonine metabolism",10249.1,NA,"Chalmers, R. A. and A. M. Lawson (1982). Organic Acids in Man: Analytical Chemistry, Biochemistry and Diagnosis of the Organic Acidurias. London, Chapman and Hall Ltd."
PPIOGLYtm,0.9961390232162252,0,0.5606466724285943,289.85636634078026,"Transport of Propionyl-Glycine, Mitochondrial","Transport, mitochondrial",NA,NA,NA
PPIOGLYte,0.9961390232162252,0,0.5606466724285943,289.85636634078026,"Transport of Propionyl-Glycine, Extracellular","Transport, extracellular",NA,NA,NA
EX_ppiogly[e],0.9961390232162252,0,0.5606466724285943,289.85636634078026,Exchange of Propionyl-Glycine,Exchange/demand reaction,NA,NA,NA
TIGGLYc,0.9865543026695541,0,3.657452481791139,540.3756894080401,Formation of Tiglylglycine,"Glycine, serine, alanine, and threonine metabolism",10249.1,NA,"Chalmers, R. A. and A. M. Lawson (1982). Organic Acids in Man: Analytical Chemistry, Biochemistry and Diagnosis of the Organic Acidurias. London, Chapman and Hall Ltd."
TIGGLYtm,0.9865543026695541,0,3.657452481791139,540.3756894080401,"Transport of Tiglylglycine, Mitochondrial","Transport, mitochondrial",NA,NA,NA
TIGGLYte,0.9865543026695541,0,3.657452481791139,540.3756894080401,"Transport of Tiglylglycine, Extracellular","Transport, extracellular",NA,NA,NA
EX_tiggly[e],0.9865543026695541,0,3.657452481791139,540.3756894080401,Exchange of Tiglylglycine,Exchange/demand reaction,NA,NA,NA
3HADICOAx,0.6138366212271162,0,0.07476274765429407,0.3124451118370363,Formation of 3-Hydroxy-Adipoyl Coa,Fatty acid oxidation,(51.1 and 1891.1) or (51.1 and 1962.1) or (51.2 and 1891.1) or (51.2 and 1962.1),NA,"PMID: 2739576, Chalmers, R. A. and A. M. Lawson (1982). Organic Acids in Man: Analytical Chemistry, Biochemistry and Diagnosis of the Organic Acidurias. London, Chapman and Hall Ltd"
3HADPACx,0.6138366212271162,0,0.07476274765429407,0.3124451118370363,Formation of 3-Hydroxy-Adipate,Fatty acid oxidation,NA,NA,"PMID: 2739576, Chalmers, R. A. and A. M. Lawson (1982). Organic Acids in Man: Analytical Chemistry, Biochemistry and Diagnosis of the Organic Acidurias. London, Chapman and Hall Ltd"
3HADPACtxc,0.6138366212271162,0,0.07476274765429407,0.3124451118370363,"Transport of 3-Hydroxy-Adipate, Peroxisomal","Transport, peroxisomal",NA,NA,"PMID: 2739576, Chalmers, R. A. and A. M. Lawson (1982). Organic Acids in Man: Analytical Chemistry, Biochemistry and Diagnosis of the Organic Acidurias. London, Chapman and Hall Ltd"
3HADPACte,0.6138366212271162,0,0.07476274765429407,0.3124451118370363,"Transport of 3-Hydroxy-Adipate, Extracellular","Transport, extracellular",NA,NA,"PMID: 2739576, Chalmers, R. A. and A. M. Lawson (1982). Organic Acids in Man: Analytical Chemistry, Biochemistry and Diagnosis of the Organic Acidurias. London, Chapman and Hall Ltd"
EX_3hadpac[e],0.6138366212271162,0,0.07476274765429407,0.3124451118370363,Exchange of 3-Hydroxy-Adipate,Exchange/demand reaction,NA,NA,NA
3OHSEBCOAx,0.4351793429362986,0,0.10793669679272268,0.27426142377123325,Formation of 3-Hydroxy-Sebacoyl Coa,Fatty acid oxidation,(51.1 and 1891.1) or (51.1 and 1962.1) or (51.2 and 1891.1) or (51.2 and 1962.1),NA,"PMID: 8295400, PMID: 14708889, PMID: 1444166."
3OHSEBACx,0.4351793429362986,0,0.10793669679272268,0.27426142377123325,Formation of 3-Hydroxy-Sebacic Acid,Fatty acid oxidation,NA,NA,"PMID: 8295400, PMID: 14708889, PMID: 1444166."
3OHSEBACtxc,0.4351793429362986,0,0.10793669679272268,0.27426142377123325,"Transportof 3-Hydroxy-Sebacic Acid, Peroxisomal","Transport, peroxisomal",NA,NA,"PMID: 8295400, PMID: 14708889, PMID: 1444166."
3OHSEBACte,0.4351793429362986,0,0.10793669679272268,0.27426142377123325,"Transport of 3-Hydroxy-Sebacic Acid, Extracellular","Transport, extracellular",NA,NA,"PMID: 8295400, PMID: 14708889, PMID: 1444166."
EX_3ohsebac[e],0.4351793429362986,0,0.10793669679272268,0.27426142377123325,Exchange of 3-Hydroxy-Sebacic Acid,Exchange/demand reaction,NA,NA,NA
SUBGLYc,0.34960148093548077,0,0.2084125255488936,0.4324638585137804,Formation of Suberyl-Glycine,"Glycine, serine, alanine, and threonine metabolism",10249.1,NA,"PMID: 2775902, PMID: 947635."
SUBGLYte,0.34960148093548077,0,0.2084125255488936,0.4324638585137804,Transport of Suberyl-Glycine,"Transport, extracellular",NA,NA,"PMID: 2775902, PMID: 947635."
EX_subgly[e],0.34960148093548077,0,0.2084125255488936,0.4324638585137804,Exchange of Suberyl-Glycine,Exchange/demand reaction,NA,NA,NA
CE2537ABCt,0.38133347839472825,0,0.06177380640640622,0.13792604561118788,"Transport of 15-Hydroxy- (8Z, 11Z, 13E)-Eicosatrienoate, Active","Transport, extracellular",376497.1 or 11001.1 or 11000.1 or 10999.1 or 10998.1 or 28965.1,NA,"PMID: 16868315, PMID: 17901542, journal of lipid research (2006) vol 47 page 665-672, 16357361, PMID: 17495600"
PAFABCt,-0.44773875767235577,0,0.6666540083226311,0.2543049765628237,Transport of 1-Alkyl 2-Acteylglycerol 3-Phosphocholine,"Transport, extracellular",5244.1 or 19.1 or 5205.1 or 57198.1 or 57194.1,NA,"PMID: 9070263, OMIM:171060, PMID: 11355874, PMID: 25947375"
PAILR_HSSECt,-0.8928264404813328,0,119.31186117153167,6.75554640461301,Transport of 1-Arachidonoylglycerophosphoinositol,"Transport, extracellular",NA,NA,PMID: 8145081
PCHOLAR_HSABCt,-0.49423145090984344,0,0.980490479072457,0.33187713101289157,Transport of 1-Arachidonoyl-Glycero-3-Phosphocholine,"Transport, extracellular",5244.1 or 19.1 or 5205.1 or 57198.1 or 57194.1,NA,"PMID: 9070263, OMIM:171060, PMID: 11355874, PMID: 25947375"
PCHOLET_HSABCt,0.3764117698213754,0,0.3595881480968398,0.7936990074154991,"Transport of 1-Eicosatrienoylglycerophosphocholine (Delta 11, 14, 17)","Transport, extracellular",5244.1 or 19.1 or 5205.1 or 57198.1 or 57194.1,NA,"PMID: 9070263, OMIM:171060, PMID: 11355874, PMID: 25947375"
PCHOLMYR_HsABCt,0.5506203293218009,0,0.23862810582401042,0.8234052766112715,Transport of 1-Myristoylglycerophosphocholine,"Transport, extracellular",5244.1 or 19.1 or 5205.1 or 57198.1 or 57194.1,NA,"PMID: 9070263, OMIM:171060, PMID: 11355874, PMID: 25947375"
PCHOLN205_HSABCt,0.3709560702320221,0,0.24238401605712134,0.5282585562240368,"Transport of 1-Eicosapentenoylglycerophosphocholine (Delta 5, 8, 11, 14, 17), Sn1-Lpc (20:5)","Transport, extracellular",5244.1 or 19.1 or 5205.1 or 57198.1 or 57194.1,NA,"PMID: 9070263, OMIM:171060, PMID: 11355874, PMID: 25947375"
PCHOLOLE_HSABCt,0.4318779378930626,0,0.3005641118653526,0.75753284268938,Transport of 1-Oleoylglycerophosphocholine (Delta 9),"Transport, extracellular",5244.1 or 19.1 or 5205.1 or 57198.1 or 57194.1,NA,"PMID: 9070263, OMIM:171060, PMID: 11355874, PMID: 25947375"
Pe13_HSABCt,0.4976335539843406,0,0.27316287964801433,0.8143415976693242,Transport of 1-Tridecanoylglycerophosphoethanolamine (C13:0 Pe),"Transport, extracellular",23250.1 or 286410.1,NA,PMID: 25947375
SPHMYLN180241_hs_SECt,0.9362225771960206,0,0.42280289459348425,12.835898257159663,Transport of Sphingomyelin (D18:0/24:1),"Transport, extracellular",NA,NA,NA
SPHMYLN18114_hs_SECt,0.9884382808353663,0,0.8572042090747461,147.42597009546458,Transport of Sphingomyelin (D18:1/14:0),"Transport, extracellular",NA,NA,NA
SPHMYLN18118_hs_SECt,0.6927238485345933,0,0.3765503212867072,2.0743416173875464,Transport of Sphingomyelin (D18:1/18:0),"Transport, extracellular",NA,NA,NA
SPHMYLN181181_hs_SECt,0.7937982052708814,0,0.4023769976046098,3.5003727154442132,Transport of Sphingomyelin (D18:1/18:1),"Transport, extracellular",NA,NA,NA
SPHMYLN18120_hs_SECt,0.8212767937216165,0,0.47072677222012865,4.796935799666743,Transport of Sphingomyelin (D18:1/20:0),"Transport, extracellular",NA,NA,NA
SPHMYLN181201_hs_SECt,0.5910598632334579,0,0.4236172703152057,1.648164060149026,Transport of Sphingomyelin (D18:1/20:1),"Transport, extracellular",NA,NA,NA
SPHMYLN18121_hs_SECt,0.8044018268960528,0,0.37174002723268934,3.429318247837544,Transport of Sphingomyelin (D18:1/21:0),"Transport, extracellular",NA,NA,NA
SPHMYLN18122_hs_SECt,0.4015555493111059,0,0.4319322347255953,1.0115843163206388,Transport of Sphingomyelin (D18:1/22:0),"Transport, extracellular",NA,NA,NA
SPHMYLN181221_hs_SECt,0.6802045349301088,0,0.33583570088413833,1.764479891838488,Transport of Sphingomyelin (D18:1/22:1),"Transport, extracellular",NA,NA,NA
SPHMYLN1825_hs_SECt,0.9444196581026464,0,0.4396997949692908,15.382433713361197,Transport of Sphingomyelin (D18:0/25:0),"Transport, extracellular",NA,NA,NA
PAFt1,-0.44773875767235577,0,0.6666540083226311,0.2543049765628237,"1-Alkyl 2-Acteylglycerol 3-Phosphocholine Transport, Vescicular","Transport, extracellular",NA,NA,PMID:10856719
2HYDOGOAT3t,-0.843011119058464,0,-3.85977845781713,-45.312856376805904,"Transport of 2-Hydroxy-Glutarate, Extracellular, Antiport","Transport, extracellular",9376.1,NA,NA
2HYDOGte,0.843011119058464,0,3.85977845781713,45.312856376805904,"Transport of 2-Hydroxy-Glutarate, Extracellular","Transport, extracellular",NA,NA,PMID: 16573641
GLUTAROAT3t,0.5933644788992897,0,-175.79453646615744,-44.863748306950924,"Transport of Glutarate, Extracellular, Antiport","Transport, extracellular",9376.1,NA,NA
GLUTARte,-0.5933644788992897,0,175.79453646615744,44.863748306950924,"Transport of Glutarate, Extracellular","Transport, extracellular",NA,NA,NA
T4HCINNMte,-0.9806631173208579,0,301.8297596711159,2.946713452072915,"Transport of Trans-4-Coumarate, Extracellular","Transport, extracellular",55867.1,NA,"PMID: 21538853, PMID: 17229912"
AGRMte,1.2509409279320989,0,-7.980166314360339,71.58211741991818,Transport of Agmatinium into Extracellular Space,"Transport, extracellular",6582.1,NA,PMID: 12538837
11DOCRTSTRNte,-0.7027067752324243,0,4.3489400631354,0.7593265232141577,"Transport of 11-Deoxycorticosterone, Extracellular","Transport, extracellular",5243.1,NA,PMID: 15290871
17AHPRGSTRNte,1,0,NA,0.35858718575458914,"Transport of 17Alpha-Hydroxyprogesterone, Extracellular","Transport, extracellular",5243.1,NA,PMID: 15290871
MMAt2e,1,0,-20.384962522776423,0,Facilitated Diffusion via Aquaporin into Extracellular Space,"Transport, extracellular",343.1,NA,PMID:15948717
GLCRt1,-0.7652723454975684,0,-1.8618853817955823,-14.002332967272402,Transport by Glut-5 Transporter into Extracellular Space,"Transport, extracellular",6518.1,NA,PMID:23084044
N8ASPMDte,-0.5072726432698025,0,-129.52705737526418,-396.22843643300536,"N (8)-Acetylspermidinium Transport, Cytosol","Transport, extracellular",6580.1,NA,PMID: 23851697
MHISTAte,10.383308699324449,0,-37.02213232494863,30.517497635186462,Facilitated Diffusion Through Uniport Oct1 into Extracellular Space,"Transport, extracellular",6581.1,NA,"PMID:12883891, PMID:16648665"
CE4890te2,-1,0,537.6757520744324,0,Facilitated Diffusion Through Uniport Oct2 into Extracellular Space,"Transport, extracellular",6582.1,NA,PMID:17460754
TYMte2,-1,0,0.5855858186721802,0,"Tyraminium Proton Symport, Cytosol","Transport, extracellular",222962.1,NA,PMID: 16099839
TRYPTAte,0.6299810792792307,0,32.06007472928129,141.2287650242679,"Tryptaminium Transport, Cytosol","Transport, extracellular",222962.1,NA,"PMID: 16099839, PMID: 22396231"
CE4890te,-1,0,394.2186228925705,0,Transport by Pmat Transporter into Extracellular Space,"Transport, extracellular",222962.1,NA,PMID:26376205
CE4877te,-0.5828026354536062,0,1.9660178765796126,0.5182057815597777,Transport (ATP-Dependent) into Extracellular Space,"Transport, extracellular",10257.1 or 4363.1,NA,"PMID:12835412, PMID: 18353444"
CE1447te,0.6682074351707901,0,0.5553776223252836,2.792362388733518,Transport (ATP-Dependent) into Extracellular Space,"Transport, extracellular",10257.1 or 4363.1,NA,"PMID:12835412, PMID: 18353444"
C05769te3,0.9498871978090051,8.926687559865102e-10,0.06920842877030373,2.692897290503979,Transport by OATP1B Carriers into Extracellular Space,"Transport, extracellular",10599.1 or 28234.1,NA,PMID:26383540
C05770te4,0.9587597584570372,8.135219372633287e-10,0.05876669266223907,2.7912017102152107,Transport by OATP1B Carriers into Extracellular Space,"Transport, extracellular",10599.1 or 28234.1 or 11309.1,NA,PMID:26383540
MMAte,-1,0,26.003656261062623,0,Transport via Proton Antiport (Ammonium Transporter Rh Type C Or Type B) into Extracellular Space,"Transport, extracellular",57127.1 or 51458.1,NA,NA
TYMte,1,0,-0.431359731388092,0,"Tyraminium Transport, Cytosol","Transport, extracellular",6580.1 or 6582.1 or 6581.1,NA,PMID: 16722235
HDD2CRNte2,1,0,0,830.6165807156563,Uptake via Octn2 Transporter into Extracellular Space,"Transport, extracellular",6584.1 or 6510.1,NA,"PMID:9685390, PMID:11306651"
ARGN1ASPMDte,-0.4161547739179478,0,312.202830316782,128.7134255427927,Transport by Y+Lat-2 into Extracellular Space,"Transport, extracellular",9057.1 and 6520.1,NA,PMID: 18660501
CE1918te,0.4309771978576292,0,-932.8810879623413,-370.95672211456747,Transport by Oat1/Oat3 into Extracellular Space,"Transport, extracellular",9356.1 or 9376.1,NA,PMID:14737013
CE6205te,0.9816526324670555,0,3.848859235619192,415.7055241066456,"5-Methoxytryptophol Transport, Cytosol","Transport, extracellular",9376.1 or 9356.1,NA,PMID: 14737013
ISOBUTtm,0.948128367698027,0,1.017967769464005,38.231530435561204,Transport of Isobutyrylglycine into Cytosol,"Transport, mitochondrial",NA,NA,PMID: 20836999
ISOBUTte,0.948128367698027,0,1.017967769464005,38.231530435561204,Transport of Isobutyrylglycine into Extracellular Space,"Transport, extracellular",NA,NA,PMID: 20836999
EX_CE4969[e],0.948128367698027,0,1.017967769464005,38.231530435561204,Exchange of Isobutyrylglycine,Exchange/demand reaction,NA,NA,NA
AGRMtm,1.2509409279320989,0,-7.980166314360339,71.58211741991818,Transport of Agmatinium into Cytosol,"Transport, mitochondrial",NA,NA,PMID: 12538837
EX_agm[e],1.2509409279320989,0,-7.980166314360339,71.58211741991818,Exchange of Agmatinium,Exchange/demand reaction,NA,NA,NA
T4HCINNMtm,-0.9806631173208579,0,301.8297596711159,2.946713452072915,"Transport of Trans-4-Coumarate, Mitochondrial","Transport, mitochondrial",NA,NA,NA
EX_T4hcinnm[e],-0.9806631173208579,0,301.8297596711159,2.946713452072915,Exchange of Trans-4-Coumarate,Exchange/demand reaction,NA,NA,NA
EGMEtr,0.5130785637034847,0,67.36240050816221,209.3245370007515,"Transport of Succinic Semialdehyde, Mitochondrial","Transport, endoplasmic reticular",NA,NA,NA
EX_orn_D[e],-0.34224325457301635,0,-1.950492031155283,-3.9802476981320796,Exchange of Ornithine,Exchange/demand reaction,NA,NA,NA
EX_11docrtstrn[e],-0.7027067752324243,0,4.3489400631354,0.7593265232141577,Exchange of 11-Deoxycorticosterone,Exchange/demand reaction,NA,NA,NA
EX_17ahprgstrn[e],1,0,NA,0.35858718575458914,Exchange of 17Alpha-Hydroxyprogesterone,Exchange/demand reaction,NA,NA,NA
35DIODTYRte,-1,0,NA,-114.6764195241563,"Transport of 3, 5-Diiodo-L-Tyrosine","Transport, extracellular",NA,NA,NA
EX_35diotyr[e],-1,0,NA,-114.6764195241563,"Exchange of 3, 5-Diiodo-L-Tyrosine",Exchange/demand reaction,NA,NA,NA
FNA5MOXAMte,1,0,NA,10.33382444582581,"Formyl-N-Acetyl-5-Methoxykynurenamine Diffusion, Cytosol","Transport, extracellular",NA,NA,NA
EX_fna5moxam[e],1,0,NA,10.33382444582581,Exchange of Formyl-N-Acetyl-5-Methoxykynurenamine,Exchange/demand reaction,NA,NA,NA
EX_CE4877[e],-0.5828026354536062,0,1.9660178765796126,0.5182057815597777,Exchange of 15-Deoxy-Prostaglandin J2,Exchange/demand reaction,NA,NA,NA
EX_CE1447[e],0.6682074351707901,0,0.5553776223252836,2.792362388733518,Exchange of 11-Dehydrothromboxane B2,Exchange/demand reaction,NA,NA,NA
EX_n8aspmd[e],-0.5072726432698025,0,-129.52705737526418,-396.22843643300536,Exchange of N(8)-Acetylspermidine,Exchange/demand reaction,NA,NA,NA
EX_CE6205[e],0.9816526324670555,0,3.848859235619192,415.7055241066456,Exchange of 5-Methoxytryptophol,Exchange/demand reaction,NA,NA,NA
EX_trypta[e],0.6299810792792307,0,32.06007472928129,141.2287650242679,Exchange of Tryptamine,Exchange/demand reaction,NA,NA,NA
C05769te2,0.8131495870700891,0,0.6047422940135002,5.868267687937617,Passive Diffusion into Extracellular Space,"Transport, extracellular",NA,NA,PMID:5080415
EX_C05769[e],0.7113728808313088,0,0.5355338069216348,3.175370479994221,Exchange of Coproporphyrin I,Exchange/demand reaction,NA,NA,NA
C05770te3,0.9587597584570372,8.135219372633287e-10,0.05876669266223907,2.7912017102152107,Passive Diffusion into Extracellular Space,"Transport, extracellular",NA,NA,PMID:5080415
PPBNGte,0.5248931285436708,0,-10.149558174426025,-3.1622706802547325,Assumed Passive Diffusion into Extracellular Space,"Transport, extracellular",NA,NA,NA
EX_ppbng[e],0.5248931285434135,0,-10.149558174437958,-3.162270680260696,Exchange of Porphobilinogen,Exchange/demand reaction,NA,NA,NA
XYLULte,-0.6464675790623216,0,-101.93473838890995,-474.72942224760055,Assumed Passive Diffusion into Extracellular Space,"Transport, extracellular",NA,NA,NA
EX_xylu_L[e],-0.6464675790623216,0,-101.93473838890995,-474.72942224760055,Exchange of L-Xylulose,Exchange/demand reaction,NA,NA,NA
SPHGNSte,0.42562714935913964,0,92.00346805807352,228.35801126818657,Passive Diffusion into Extracellular Space,"Transport, extracellular",NA,NA,"PMID:16009329, PMID:25133174"
EX_sphings[e],0.4253248767751661,0,92.14016555513442,228.5285456223488,Exchange of Sphingosine,Exchange/demand reaction,NA,NA,NA
EX_hdd2crn[e],-1,0,NA,-830.6165807156563,Exchange of Trans-Hexadec-2-Enoyl Carnitine,Exchange/demand reaction,NA,NA,NA
EX_CE1918[e],-0.4309771978576292,0,932.8810879623413,370.95672211456747,Exchange of 5-Hydroxytryptophol,Exchange/demand reaction,NA,NA,NA
EX_mlthf[e],1,0,NA,65.08917214284301,"Exchange of 5,10-Methylenetetrahydrofolate",Exchange/demand reaction,NA,NA,NA
AACTte,1,0,NA,3.619600573989727,Assumed Passive Diffusion into Extracellular Space,"Transport, extracellular",NA,NA,NA
EX_aact[e],-1,0,NA,-3.619600573942049,Exchange of Ammonioacetone,Exchange/demand reaction,NA,NA,NA
EX_N1aspmd[e],-0.4161547739179478,0,312.202830316782,128.7134255427927,Exchange of N(1)-Acetylspermidine,Exchange/demand reaction,NA,NA,NA
FDPte,1,0,NA,478.06464370727537,Transport to Extracellular Space,"Transport, extracellular",NA,NA,NA
EX_fdp[e],1,0,NA,478.06464370727537,"Exchange of D-Fructose 1,6-Bisphosphate",Exchange/demand reaction,NA,NA,NA
COKEtr,0.5130785637034847,0,67.36240050816221,209.3245370007515,"Transport of Cocaine, Endoplasmic Reticulum","Transport, endoplasmic reticular",NA,NA,NA
EX_5a2opntn[e],0.34224325457350996,0,1.950492031155283,3.9802476981365307,Exchange of 5-Amino-2-Oxopentanoic Acid,Exchange/demand reaction,NA,NA,NA
5A2OPNTNte,0.34224325457350996,0,1.950492031155283,3.9802476981365307,"Transport of 5-Amino-2-Oxopentanoic Acid, Extracellular","Transport, extracellular",NA,NA,NA
5A2OPNTNtx,0.34224325457350996,0,1.950492031155283,3.9802476981365307,"Transport of 5-Amino-2-Oxopentanoic Acid, Peroxisome","Transport, peroxisomal",NA,NA,NA
UDPG4DOPA,-0.3452901785711724,6.2435406118490146e-15,0.636969426141501,0.30999270334943724,Dopamine 4-O-Glucuronidation,Tyrosine metabolism,(79586.1 and 22856.1) or 337876.1 or 55454.1 or 55790.1,NA,PMID: 19116261
TYRDOPOX,0.3466378079335942,0,8.684116577580944,17.898739556519686,Tyrosinase: Dopamine Oxidation,Tyrosine metabolism,7299.1,NA,PMID: 10563835
34DHPEAR,-0.4391534019581038,0,857.1490005699158,334.0360383615613,"3, 4-Dihydroxyphenylethanol:NADP+ Reductase",Tyrosine metabolism,10327.1,NA,PMID: 10797558
DOPA4GLCURt,-0.3452901785711724,6.2435406118490146e-15,0.636969426141501,0.30999270334943724,Dopamine 4-O-Glucuronide Transport,"Transport, extracellular",4363.1,NA,NA
EX_dopa4glcur[e],-0.3452901785711724,6.2435406118490146e-15,0.636969426141501,0.30999270334943724,Exchange of Dopamine 4-O-Glucuronide,Exchange/demand reaction,NA,NA,NA
GGTe_1,-1.0015075888388065,0,0.3968198642570067,-526.8266448173523,Gamma-Glutamyltransferase,Tyrosine metabolism,2687.1,NA,PMID: 9195564
NADPQNOXR,1,2.3863445206307293e-10,0,8.214093744754791e-7,Dt-Diaphorase: NADP Quinone Oxireductase,Tyrosine metabolism,1728.1,NA,PMID: 22966478
NADQNOXR,-0.9999990875726752,0,17.558891431325673,8.010609820485116e-6,Dt-Diaphorase: NAD Quinone Oxireductase,Tyrosine metabolism,1728.1,NA,PMID: 22966478
DACT,0.9999990179518128,0,-17.558891503563522,-8.621843019500374e-6,"2, 3-Dihydro-1H-Indole-5, 6-Dione Tautomerization",Tyrosine metabolism,NA,NA,NA
CE5025t,0.44299574281392545,0,0.14064410430184143,0.3643577964461359,Transport of 5-S-Glutathionyl-Dopamine,"Transport, extracellular",10928.1 or 4363.1,NA,NA
EX_CE5025[e],0.44299574281392545,0,0.14064410430184143,0.3643577964461359,Exchange of 5-S-Glutathionyl-Dopamine,Exchange/demand reaction,NA,NA,NA
ACER12r,-0.5960097393448414,0,11.943984396553551,3.0233232609254452,Alkaline Ceramidase 1 (Acer1) Or Alkaline Ceramidase 3 (Acer3),Exchange/demand reaction,125981.1 or 55331.1,NA,NA
ACER21g,0.7419440809645679,0,2.190262192616554,14.784835304107185,Alkaline Ceramidase 2 (Acer2) Or Alkaline Ceramidase 3 (Acer3),Exchange/demand reaction,340485.1 or 55331.1,NA,NA
ACER22g,-0.4119740156588321,0,16.202077505424764,6.747463103316279,Alkaline Ceramidase 2 (Acer2) Or Alkaline Ceramidase 3 (Acer3),Sphingolipid metabolism,340485.1 or 55331.1,NA,NA
BGAL1l,-0.5363272455284159,0,0.26226283232437564,0.0791524919012531,"Beta-Galactosidase, Lysosomal",Sphingolipid metabolism,(5476.1) and (2720.1) and (2588.1) and (4758.1) and (5660.1) or (5476.1) and (2720.1) and (2588.1) and (4758.1) and (2760.1) or (5476.1) and (2720.1) and (5660.1) or (5476.1) and (2720.1) and (2760.1),NA,NA
BGAL2l,0.99549323705061,0,0.17262899509051693,76.43623507391214,"Beta-Galactosidase, Lysosomal",Sphingolipid metabolism,(5476.1) and (2720.1) and (2588.1) and (4758.1) and (5660.1) or (5476.1) and (2720.1) and (2588.1) and (4758.1) and (2760.1) or (5476.1) and (2720.1) and (5660.1) or (5476.1) and (2720.1) and (2760.1),NA,NA
BGAL3l,-0.4208794146133881,0,0.8744107142486973,0.3563914287841352,"Beta-Galactosidase, Lysosomal",Sphingolipid metabolism,2720.1,NA,NA
CRMte,1,0,NA,188.35352894075214,Ceramide Diffusion,Sphingolipid metabolism,NA,NA,NA
EX_gd3_hs[e],-0.4475240274913396,0,-162.40200608682633,-425.50412619037627,Exchange/Demand Reaction,Exchange/demand reaction,NA,NA,NA
EX_gluside_hs[e],0.4249333805514553,0,-83.51222708936409,-33.70339608179708,Exchange/Demand Reaction,Exchange/demand reaction,NA,NA,NA
GA1tl,0.99549323705061,0,0.17262899509051693,76.43623507391214,Ganglioside Ga1 (Asialo Gm1) Endocytosis,"Transport, extracellular",NA,NA,NA
GALGLUSIDEtg2,-0.5086942536702695,0,55.89383885268271,18.201808713690937,Lactosylceramide Endocytosis,"Transport, extracellular",NA,NA,NA
GD3tg,0.5994176789094435,0,80.7671084497273,322.48138354485036,Ganglioside Gd3 Endocytosis,"Transport, extracellular",NA,NA,NA
GLA2l,-0.5750680898388053,0,3.052197837443417,0.8234413900083731,"Alpha-Galactosidase, Lysosomal",Sphingolipid metabolism,2717.1 and 5660.1,NA,NA
GM2tg,0.524761898524165,0,0.08801255595277543,0.2823809612313711,Ganglioside Gm2 Endocytosis,"Transport, extracellular",NA,NA,NA
HEXA2l,-0.4208794146133881,0,0.8744107142486973,0.3563914287841352,"Hexosaminidase A, Lysosomal",Sphingolipid metabolism,3073.1 and 3074.1,NA,NA
HEXAHBl,0.99549323705061,0,0.17262899509051693,76.43623507391214,Hexosaminidase A;Lysosomal Or Hexosaminidase B;Lysosomal,Sphingolipid metabolism,(3073.1 and 3074.1 and 2760.1) or (3074.1 and 2760.1),NA,NA
NEU24,-0.35596181025031776,0,0.7347146589696466,0.348965800783146,"Sialidase, Cytosol (Neu2)",Sphingolipid metabolism,4759.1,NA,NA
SMS1S2,0.9174213598648648,0,2.537100318343351,58.90978992328644,Sphingomyelin Synthase 1 Or Sphingomyelin Synthase 2,Sphingolipid metabolism,166929.1 or 259230.1,NA,NA
SMS21e,-0.9943934790319905,0,89.87209923957586,0.2526431289126895,Sphingomyelin Synthase 2,Sphingolipid metabolism,166929.1,NA,NA
SMSn,0.7010917015167751,0,0.9062943364789796,5.1577349399102275,Sphingomyelin Synthase,Sphingolipid metabolism,NA,NA,NA
SPHK21n,-0.6422834700377078,0,3.987155459147476,0.868468471666281,Sphingosine Kinase 2,Sphingolipid metabolism,56848.1,NA,NA
SPHMYLNtl2,1,0,NA,0.2526431289126895,Endocytosis of Sphingomyelin,"Transport, extracellular",NA,NA,NA
SPMD3n,0.7010917015167751,0,0.9062943364789796,5.1577349399102275,Neutral Sphingomyelinase,Sphingolipid metabolism,55512.1,NA,NA
NH4tr,-0.4257802700326482,0,-2.414938415577484,-5.996261303090453,"Ammonia Er Transport, Diffusion","Transport, endoplasmic reticular",NA,NA,NA
WHTSTSTERONEtr,-0.7201320778162,0,-0.9704385026870325,-5.96453636056084,Omega Hydroxy Testosterone Transport,"Transport, endoplasmic reticular",NA,NA,NA
TETTET6COAtm,1.141275466099123,0,-3.737720928581525,56.65166319735497,"Fatty Acid Intracellular Transport, Mitochondrial","Transport, mitochondrial",NA,NA,NA
TETPENT6COAtm,1.003752336807573,0,-0.18650987813414022,99.59649767972752,"Fatty Acid Intracellular Transport, Mitochondrial","Transport, mitochondrial",NA,NA,NA
TETPENT3COAtm,0.9230352394036838,0,3.2529259165763853,81.27734199754447,"Fatty Acid Intracellular Transport, Mitochondrial","Transport, mitochondrial",NA,NA,NA
THCRMtl,-0.5616507678290149,8.76406885250768e-16,3.4481217822882173,0.9678742308047077,"Trihexosyl Ceramide Transport, Lysosomal","Transport, lysosomal",NA,NA,NA
PCHOL_HStn,0.7010917015167751,0,0.9062943364789796,5.1577349399102275,Phosphatidylcholine Scramblase,"Transport, nuclear",NA,NA,NA
CHOLPtn,-0.7010917015167751,0,-0.9062943364789796,-5.1577349399102275,Choline Phosphate Intracellular Transport,"Transport, nuclear",NA,NA,NA
DAG_HStg,0.9174213598648648,0,2.537100318343351,58.90978992328644,Diacylglycerol Golgi Export,"Transport, golgi apparatus",NA,NA,NA
SPHGNtg,0.4119740156588321,0,-16.202077505424764,-6.747463103316279,Sphinganine Intracellular Transport,"Transport, golgi apparatus",NA,NA,NA
SPHINGStn,-0.6422834700377078,0,3.987155459147476,0.868468471666281,Sphingosine Intracellular Transport,"Transport, nuclear",NA,NA,NA
SPHINGStg,-0.7419440809645681,0,-2.1902621926165513,-14.784835304107185,Sphingosine Intracellular Transport,"Transport, golgi apparatus",NA,NA,NA
DHCRMtg,-0.4119740156588321,0,16.202077505424764,6.747463103316279,"Dihydroceramide Transport, Golgi Apparatus","Transport, golgi apparatus",NA,NA,NA
DHCRMter,-0.5960097393448414,0,11.943984396553551,3.0233232609254452,"Dihydroceramide Transport, Endoplasmatic Reticulum","Transport, endoplasmic reticular",NA,NA,NA
sink_34dhpac[c],0.8383157922330641,0,26.50104028442707,301.31131257847846,"Sink for 3, 4-Dihydroxyphenylacetaldehyde",Exchange/demand reaction,NA,NA,NA
34DHPEt,0.4391534019581038,0,-857.1490005699158,-334.0360383615613,"Transport of 3, 4-Dihydroxyphenylethanol via Passive Diffusion","Transport, extracellular",NA,NA,NA
EX_34dhpe[c],-0.4391534019581038,0,857.1490005699158,334.0360383615613,"Exchange of 3, 4-Dihydroxyphenylethanol",Exchange/demand reaction,NA,NA,NA
DM_sphs1p[n],-0.6422834700377078,0,3.987155459147476,0.868468471666281,Demand for  Sphingosine 1-Phosphate,Exchange/demand reaction,NA,NA,NA
GALSIDEter,-0.8113262576974991,0,-0.09264402753324757,-0.8894113067454497,Galactocerebroside Intracellular Transport,"Transport, endoplasmic reticular",NA,NA,NA
GD1Btl,-0.4208794146133881,0,0.8744107142486973,0.3563914287841352,Transport of Gd1B,"Transport, lysosomal",NA,NA,NA
DM_pail35p_hs[n],0.966153372998136,0,1.1060372049388854,64.24979307486862,"Demand for 1-Phosphatidyl-1D-Myo-Inositol 3, 5-Bisphosphate",Exchange/demand reaction,NA,NA,NA
CATr,-0.8618811434536408,0,70.53917944605351,5.232767323017866,Catalase,ROS detoxification,NA,NA,NA
DM_k[g],0.3358335367198734,0,79.23454617808834,159.36390935600102,"Demand for  Potassium,  Golgi Apparatus",Exchange/demand reaction,NA,NA,NA
EX_CE5026[e],1,0,NA,527.407127866745,Exchange of 5-S-Glutathionyl-L-Dopa,Miscellaneous,NA,NA,NA
EX_5cysgly34dhphe[e],-1.0015075888388065,0,0.3968198642570067,-526.8266448173523,Exchange of 5-S-Cysteinylglycine Dopa,Miscellaneous,NA,NA,NA
EX_ga1_hs[e],-1,0,NA,-76.43623507391214,Exchange of Gibberellin A1,Miscellaneous,NA,NA,NA
HMR_0003,0.8846371600353362,0,13.183279219155759,215.37002656273842,Triacylglycerol Lipase,Glycerophospholipid metabolism,8228.1 or 3991.1 or 80339.1 or 9388.1 or 13.1 or 747.1 or 221955.1 or 5408.1 or 3990.1 or 1056.1 or 5406.1 or 57104.1 or 8513.1 or 5407.1 or 119548.1,NA,PMID-11040182;PMID-1379598;PMID-11812220;PMID-15224187
HMR_0156,-0.6254753327731268,3.7600062467122494e-16,2.0989966007096292,0.4836283809056327,Carboxylic Acid:Coa Ligase (AMP-Forming),Fatty acid synthesis,6296.1 or 348158.1 or 116285.1 or 54988.1 or 123876.1 or 341392.1,R00389,NA
HMR_0176,0.7338277232124009,0,-0.6121599209945301,-0.09397704151790749,HMR_0176,"Transport, extracellular",28965.1 or 2170.1 or 376497.1 or 948.1 or 11000.1 or 2169.1 or 2168.1 or 2173.1 or 2171.1 or 10999.1 or 2172.1 or 2167.1 or 646486.1 or 646480.1,NA,NA
HMR_0177,0.3546131763664846,0,0.23541789069744895,0.4941225401779469,Butyrate Coenzyme A Ligase,Fatty acid synthesis,6296.1 or 348158.1 or 116285.1 or 54988.1 or 123876.1 or 341392.1,NA,NA
HMR_0178,0.3546131763664846,0,0.23541789069744895,0.4941225401779469,HMR_0178,"Transport, mitochondrial",NA,NA,NA
HMR_0182,-0.7642142995017219,0,-1.9877216332252778,-14.872687026203112,HMR_0182,"Transport, mitochondrial",NA,NA,NA
HMR_0189,0.6700275364089991,0,1.2059979001595638,6.103690229783254,Palmitoyl Coenzyme A Hydrolase,Fatty acid oxidation,11332.1 or 10965.1 or 570.1 or 122970.1 or 641371.1 or 641372.1 or 344967.1,NA,NA
HMR_0197,0.9717053811736517,0,1.9489690177842043,135.81355252354146,Palmitoyl Coenzyme A Hydrolase,Fatty acid oxidation,11332.1 or 10965.1 or 570.1 or 122970.1 or 641371.1 or 641372.1 or 344967.1,NA,NA
HMR_0200,-0.7361451233515384,0,1.4915080701274288,0.22667556563701655,Long-Chain-Fatty-Acid Coenzyme A Ligase,Fatty acid synthesis,2182.1 or 23205.1 or 2181.1 or 81616.1 or 11001.1 or 2180.1 or 23305.1 or 51703.1,NA,NA
HMR_0201,-0.9907495627869715,0,19.66006425006818,0.0913546301096576,Palmitoyl Coenzyme A Hydrolase,Fatty acid oxidation,11332.1 or 10965.1 or 570.1 or 122970.1 or 641371.1 or 641372.1 or 344967.1,NA,NA
HMR_0208,0.40957875397295507,0,0.23802126889591965,0.5682548280351072,HMR_0208,"Transport, extracellular",28965.1 or 2170.1 or 376497.1 or 948.1 or 11000.1 or 2169.1 or 2168.1 or 2173.1 or 2171.1 or 10999.1 or 2172.1 or 2167.1 or 646486.1 or 646480.1,NA,NA
HMR_0240,0.9228814346410276,0,0.21213836693887134,5.289477643457777,HMR_0240,"Transport, extracellular",28965.1 or 2170.1 or 376497.1 or 948.1 or 11000.1 or 2169.1 or 2168.1 or 2173.1 or 2171.1 or 10999.1 or 2172.1 or 2167.1 or 646486.1 or 646480.1,NA,NA
HMR_0243,0.9228814346410276,0,0.21213836693887134,5.289477643457777,HMR_0243,"Transport, extracellular",19.1,NA,NA
HMR_0260,0.8975719845912445,0,0.2495531158943777,4.623198052787268,Palmitoyl Coenzyme A Hydrolase,Fatty acid oxidation,11332.1 or 10965.1 or 570.1 or 122970.1 or 641371.1 or 641372.1 or 344967.1,NA,NA
HMR_0261,0.5568926989827493,0,0.08531367905789229,0.29975638799826265,HMR_0261,"Transport, extracellular",19.1,NA,NA
HMR_0268,0.7373728989615714,0,0.7465611831804737,4.938771215711853,Palmitoyl Coenzyme A Hydrolase,Fatty acid oxidation,11332.1 or 10965.1 or 570.1 or 122970.1 or 641371.1 or 641372.1 or 344967.1,NA,NA
HMR_0270,-0.5785016210557763,0,1.1083791609171925,0.2959642317438251,HMR_0270,"Transport, extracellular",28965.1 or 2170.1 or 376497.1 or 948.1 or 11000.1 or 2169.1 or 2168.1 or 2173.1 or 2171.1 or 10999.1 or 2172.1 or 2167.1 or 646486.1 or 646480.1,NA,NA
HMR_0273,-0.5785016210557763,0,1.1083791609171925,0.2959642317438251,HMR_0273,"Transport, extracellular",19.1,NA,NA
HMR_0276,0.9973370788262653,0,0.14593761128931074,109.46122066943497,Palmitoyl Coenzyme A Hydrolase,Fatty acid oxidation,11332.1 or 10965.1 or 570.1 or 122970.1 or 641371.1 or 641372.1 or 344967.1,NA,NA
HMR_0293,-0.38261087691588846,0,0.5289407890362386,0.2361924785626925,Long-Chain-Fatty-Acid Coenzyme A Ligase,Fatty acid synthesis,2182.1 or 23205.1 or 2181.1 or 81616.1 or 11001.1 or 2180.1 or 23305.1 or 51703.1,NA,NA
HMR_0297,0.48032419737439724,0,0.06421763862355874,0.18292736331459747,Long-Chain-Fatty-Acid Coenzyme A Ligase,Fatty acid synthesis,2182.1 or 23205.1 or 2181.1 or 81616.1 or 11001.1 or 2180.1 or 23305.1 or 51703.1,NA,NA
HMR_0298,0.513790648878239,0,0.06421763862355874,0.199938690231074,Palmitoyl Coenzyme A Hydrolase,Fatty acid oxidation,11332.1 or 10965.1 or 570.1 or 122970.1 or 641371.1 or 641372.1 or 344967.1,NA,NA
HMR_0308,-0.34318529347179627,0,1.0591281530223786,0.5179113785597438,HMR_0308,"Transport, extracellular",28965.1 or 2170.1 or 376497.1 or 948.1 or 11000.1 or 2169.1 or 2168.1 or 2173.1 or 2171.1 or 10999.1 or 2172.1 or 2167.1 or 646486.1 or 646480.1,NA,NA
HMR_0309,0.37246796503701146,0,0.3958898979881487,0.8658461598738155,Long-Chain-Fatty-Acid Coenzyme A Ligase,Fatty acid synthesis,2182.1 or 23205.1 or 2181.1 or 81616.1 or 11001.1 or 2180.1 or 23305.1 or 51703.1,NA,NA
HMR_0310,0.6469013054540267,0,0.10973332256969297,0.5118114424756263,Palmitoyl Coenzyme A Hydrolase,Fatty acid oxidation,11332.1 or 10965.1 or 570.1 or 122970.1 or 641371.1 or 641372.1 or 344967.1,NA,NA
HMR_0311,-0.6501532347592575,0,0.7729715768625487,0.16387666314386298,HMR_0311,"Transport, extracellular",19.1,NA,NA
HMR_0327,0.4813033381877773,0,0.07883827113811276,0.22514776518094726,Long-Chain-Fatty-Acid Coenzyme A Ligase,Fatty acid synthesis,2182.1 or 23205.1 or 2181.1 or 81616.1 or 11001.1 or 2180.1 or 23305.1 or 51703.1,NA,NA
HMR_0328,0.4813033381877773,0,0.07883827113811276,0.22514776518094726,Palmitoyl Coenzyme A Hydrolase,Fatty acid oxidation,11332.1 or 10965.1 or 570.1 or 122970.1 or 641371.1 or 641372.1 or 344967.1,NA,NA
HMR_0354,0.6146217488361989,0,7.898209854521416,33.0911808579522,Palmitoyl Coenzyme A Hydrolase,Fatty acid oxidation,11332.1 or 10965.1 or 570.1 or 122970.1 or 641371.1 or 641372.1 or 344967.1,NA,NA
HMR_0358,0.9155706069575205,0,0.12223165455560665,2.773244675449692,Palmitoyl Coenzyme A Hydrolase,Fatty acid oxidation,11332.1 or 10965.1 or 570.1 or 122970.1 or 641371.1 or 641372.1 or 344967.1,NA,NA
HMR_0378,0.5777522282065173,0,3.0812880368040636,11.513403718306444,Palmitoyl Coenzyme A Hydrolase,Fatty acid oxidation,11332.1 or 10965.1 or 570.1 or 122970.1 or 641371.1 or 641372.1 or 344967.1,NA,NA
HMR_0390,0.4793699303591387,4.0093070572112264e-12,0.13902543319955077,0.3950406582786178,Palmitoyl Coenzyme A Hydrolase,Fatty acid oxidation,11332.1 or 10965.1 or 570.1 or 122970.1 or 641371.1 or 641372.1 or 344967.1,NA,NA
HMR_0393,0.3535390410050614,0,0.12591108500947484,0.2636285561940109,Long-Chain-Fatty-Acid Coenzyme A Ligase,Fatty acid synthesis,2182.1 or 23205.1 or 2181.1 or 81616.1 or 11001.1 or 2180.1 or 23305.1 or 51703.1,NA,NA
HMR_0398,0.7096838374349936,0,24.244360264979303,142.77603605588078,Palmitoyl Coenzyme A Hydrolase,Fatty acid oxidation,11332.1 or 10965.1 or 570.1 or 122970.1 or 641371.1 or 641372.1 or 344967.1,NA,NA
HMR_0427,-0.5042413546036815,1.7463492307789277e-14,0.8009229811063677,0.26396328685212067,HMR_0427,"Transport, extracellular",19.1,NA,NA
HMR_0478,-0.8669551300212834,0,50.05311173734665,3.56693614969179,Glycerol-3-Phosphate Dehydrogenase [NAD (P)+],Glycerophospholipid metabolism,2819.1,NA,PMID:16460752
HMR_0482,-0.6667059897749252,0,558.183681214714,111.62093296332955,Sn-Glycerol-3-Phosphate: (Acceptor) 2-Oxidoreductase,Glycerophospholipid metabolism,2820.1,R00848,NA
HMR_0641,-0.9679472135162275,0,33.280600549945234,0.5420551812327947,Acetylcholinesterase,Glycerophospholipid metabolism,43.1 or 590.1,NA,NA
HMR_0653,0.7754628370276215,0,16.77477582052946,132.6417002627015,S-Adenosyl-L-Methionine:Phosphatidylethanolamine N-Methyltransferase,Glycerophospholipid metabolism,10400.1,R02056,NA
HMR_0654,0.7754628370276215,0,16.77477582052946,132.6417002627015,S-Adenosyl-L-Methionine:Phosphatidyl-N-Methylethanolamine N-Methyltransferase,Glycerophospholipid metabolism,10400.1,R03424,PMID:12431977
HMR_0657,0.7754628370276215,0,16.77477582052946,132.6417002627015,S-Adenosyl-L-Methionine:Phosphatidyl-N-Dimethylethanolamine N-Methyltransferase,Glycerophospholipid metabolism,10400.1,R01320,PMID:12431977
HMR_0765,0.8282082673662687,0,0.3553086483701145,3.7811959775847415,HMR_0765,Sphingolipid metabolism,55830.1 or 11285.1 or 55650.1 or 9488.1 or 55624.1 or 2683.1 or 55757.1 or 168391.1 or 51809.1 or 8704.1 or 51146.1 or 9331.1 or 80235.1 or 83468.1 or 8702.1 or 140687.1 or 3703.1 or 56886.1 or 283358.1 or 93183.1 or 8473.1 or 26301.1 or 93010.1 or 9334.1 or 8703.1 or 8707.1 or 148789.1 or 56983.1 or 201595.1 or 124872.1 or 146664.1 or 10678.1 or 8708.1 or 10690.1 or 84750.1 or 146712.1 or 79369.1 or 84002.1 or 374907.1 or 10331.1 or 2529.1 or 338707.1 or 10317.1 or 145173.1 or 200810.1 or 2526.1 or 170384.1 or 192134.1 or 360203.1 or 152586.1 or 644378.1 or 84752.1 or 644974.1,NA,PMID:10856719
HMR_0775,-0.688866987375076,0,0.9682508621136018,0.17837687038593286,Phosphatidate Phosphatase,Sphingolipid metabolism,8611.1 or 9663.1 or 23175.1 or 64900.1 or 8612.1 or 8613.1,NA,PMID:9705349
HMR_0795,0.9818295840317899,0,0.17579432821837498,19.173716274723876,Sphingomyelin Phosphodiesterase,Sphingolipid metabolism,55512.1 or 6610.1 or 55627.1 or 6609.1 or 339221.1,NA,PMID:10823942;PMID:12885774;PMID:37279
HMR_0805,-0.3571452525225216,0,3.826693180301013,1.812634184530939,Globotriaosylceramide 3-Beta-N-Acetylgalactosaminyltransferase,Glycosphingolipid metabolism,8706.1,R05962,NA
HMR_0806,-0.6358821436201331,0,2.4301808178762774,0.5409144133466727,Globotriaosylceramide 3-Beta-N-Acetylgalactosaminyltransferase,Glycosphingolipid metabolism,8706.1,R05962,NA
HMR_0807,-0.4825644742953331,0,6.400019740059454,2.233695489224454,Beta-N-Acetylhexosaminidase,Glycosphingolipid metabolism,3074.1 or 284004.1 or 3073.1,R05963,NA
HMR_0808,-0.6737768509050113,2.043346702897041e-9,2.034256856171293,0.39648157239685244,Beta-N-Acetylhexosaminidase,Glycosphingolipid metabolism,3074.1 or 284004.1 or 3073.1,NA,NA
HMR_0816,0.6059130950629089,0,0.3417452494014124,1.3926196590492546,Ganglioside Galactosyltransferase,Glycosphingolipid metabolism,8705.1 or 8705.1,R05956,NA
HMR_0821,-0.3910897908612505,0,0.6409158545385791,0.2805427870948639,Beta-N-Acetylhexosaminidase,Glycosphingolipid metabolism,3074.1 or 284004.1 or 3073.1,R06001,NA
HMR_0822,-0.49742308371567723,0,0.13361791153615113,0.044845894704359304,HMR_0822,Glycosphingolipid metabolism,29906.1,R05958,NA
HMR_0831,1.1174403701657232,0,-1.427113023523541,0.0791524919012531,HMR_0831,"Transport, lysosomal",NA,NA,NA
HMR_0837,-0.3430893970417426,0,1.2493901566373637,0.6110819152727286,"Beta-Galactoside Alpha-2, 3-Sialyltransferase",Glycosphingolipid metabolism,6482.1 or 6484.1 or 6483.1,R05942,NA
HMR_0839,-0.4624207261762755,0,1.0729203989896232,0.39440070742677596,HMR_0839,Glycosphingolipid metabolism,29906.1,R05943,NA
HMR_0875,0.44546594241868925,0,0.3388522964153672,0.8832630697474465,HMR_0875,Glycosphingolipid metabolism,2683.1 or 8704.1 or 8702.1 or 8703.1,R05977,NA
HMR_0889,0.5625136100068099,0,0.21734975273348392,0.7762800273237525,"N-Acetyllactosaminide Beta-1, 3-N-Acetylglucosaminyltransferase",Glycosphingolipid metabolism,10678.1 or 11041.1 or 79369.1 or 10331.1,R05975,NA
HMR_0890,0.5625136100068099,0,0.21734975273348392,0.7762800273237525,HMR_0890,Glycosphingolipid metabolism,2683.1 or 8704.1 or 8702.1 or 8703.1,R06033,NA
HMR_0906,0.798356276168103,1.928585251662611e-12,0.07502561039187901,0.6691146878147257,HMR_0906,Glycosphingolipid metabolism,2651.1,R06189,NA
HMR_0907,0.798356276168103,1.928585251662611e-12,0.07502561039187901,0.6691146878147257,HMR_0907,Glycosphingolipid metabolism,NA,R06021,NA
HMR_0908,0.798356276168103,1.928585251662611e-12,0.07502561039187901,0.6691146878147257,Galactoside 2-Alpha-L-Fucosyltransferase,Glycosphingolipid metabolism,2523.1 or 2524.1,R06085,NA
HMR_0909,0.798356276168103,1.928585251662611e-12,0.07502561039187901,0.6691146878147257,Galactoside 2-Alpha-L-Fucosyltransferase,Glycosphingolipid metabolism,2523.1 or 2524.1,R06086,NA
HMR_0946,0.5061323552285536,0,1.088008512966294,3.3180647517433477,Unspecific Monooxygenase,Arachidonic acid metabolism,64816.1 or 1565.1 or 1577.1 or 1562.1 or 1571.1 or 1573.1 or 1588.1 or 1545.1 or 1559.1 or 1558.1 or 1543.1 or 1544.1 or 1580.1 or 113612.1 or 1576.1 or 1551.1 or 1557.1 or 29785.1 or 57834.1 or 199974.1 or 66002.1 or 260293.1 or 11283.1 or 1555.1 or 1572.1 or 1553.1 or 1549.1 or 1548.1,R07051,NA
HMR_0950,-0.5677761617740688,0,1.1318938171979913,0.3120544259200309,HMR_0950,Arachidonic acid metabolism,64816.1 or 1565.1 or 1577.1 or 1562.1 or 1571.1 or 1573.1 or 1588.1 or 1545.1 or 1559.1 or 1558.1 or 1543.1 or 1544.1 or 1580.1 or 113612.1 or 1576.1 or 1551.1 or 1557.1 or 29785.1 or 57834.1 or 199974.1 or 66002.1 or 260293.1 or 11283.1 or 1555.1 or 1572.1 or 1553.1 or 1549.1 or 1548.1,R07050,NA
HMR_0960,-0.33414632664059496,0,11.105814717125147,5.542755976150744,Glutathione Peroxidase,Arachidonic acid metabolism,2882.1 or 9588.1 or 493869.1 or 2879.1 or 2877.1 or 257202.1 or 2878.1 or 2880.1 or 2876.1,R07034,NA
HMR_0962,-0.47256376644620274,0,10.786185722724046,3.863347246234957,HMR_0962,"Transport, mitochondrial",NA,NA,NA
HMR_0963,-0.47256376644620274,0,10.786185722724046,3.863347246234957,Glutathione Peroxidase,Arachidonic acid metabolism,2882.1 or 9588.1 or 493869.1 or 2879.1 or 2877.1 or 257202.1 or 2878.1 or 2880.1 or 2876.1,R07034,NA
HMR_1033,0.9059237803186607,0,0.19200802152502147,3.889959178590006,Arachidonate:Oxygen 12-Oxidoreductase,Arachidonic acid metabolism,239.1,R01596,NA
HMR_1039,0.9059237803186607,0,0.19200802152502147,3.889959178590006,Arachidonate 12-Lipoxygenase,Arachidonic acid metabolism,239.1,NA,NA
HMR_1077,0.9059237803186607,0,0.19200802152502147,3.889959178590006,Arachidonate 5-Lipoxygenase,Arachidonic acid metabolism,240.1,NA,PMID:9837935;PMID:2377602;PMID:10224163
HMR_1081,0.9991927493657983,0,0.2348186948928974,581.5391309163093,Leukotriene-C4 Synthase,Leukotriene metabolism,4056.1,NA,PMID:8052639;PMID:7937884
HMR_1084,0.4834218799476061,0,138.69830823777914,398.2903982281923,Gamma-Glutamyltransferase,Leukotriene metabolism,2687.1 or 2678.1 or 2686.1 or 124975.1 or 2679.1,NA,PMID:6122208
HMR_1102,-0.4962113915453138,0,10.185447719201445,3.429537137559648,Carbonyl Reductase (NADPH),Leukotriene metabolism,10901.1 or 873.1 or 874.1,R03864,PMID:7929234;PMID:1326548
HMR_1126,0.7418095564949099,0,0.6107055692180493,4.119954178891563,Leukotriene-B4 20-Monooxygenase,Leukotriene metabolism,57834.1 or 126410.1 or 8529.1 or 11283.1 or 4051.1,R03866,NA
HMR_1129,0.9771399457315663,0,0.04763566499996689,4.119954178891563,Alcohol Dehydrogenase,Leukotriene metabolism,137872.1 or 130.1 or 124.1 or 131.1 or 125.1 or 128.1 or 127.1 or 126.1,NA,PMID:9862787;PMID:11368003;PMID:9799565
HMR_1135,0.3485703906640649,0,-340.95294697732925,-164.69799914708733,HMR_1135,"Transport, peroxisomal",NA,NA,NA
HMR_1242,-0.3485703906640649,0,340.95294697732925,164.69799914708733,HMR_1242,"Transport, peroxisomal",NA,NA,NA
HMR_1280,-0.4077979723431793,0,2.3008059549840167,0.9678533273624257,Carbonyl Reductase (NADPH),Leukotriene metabolism,10901.1 or 873.1 or 874.1,NA,NA
HMR_1284,0.49621139154531374,0,-10.185447719201445,-3.429537137559649,HMR_1284,"Transport, mitochondrial",NA,NA,NA
HMR_1305,0.420607888489855,0,1.0078153635405085,2.471056176196918,Prostaglandin-Endoperoxide Synthase,Eicosanoid metabolism,5743.1 or 5742.1,NA,PMID:4521806;PMID:4776443
HMR_1306,1,0,NA,478.1299250951767,HMR_1306,"Transport, endoplasmic reticular",NA,NA,NA
HMR_1307,0.9958147966950165,0,1.0078153635405085,480.60098119859697,Prostaglandin-Endoperoxide Synthase,Eicosanoid metabolism,5743.1 or 5742.1,NA,PMID:4514999
HMR_1312,-0.6010726992727369,0,673.7090037786484,167.86302987687588,Prostaglandin-E Synthase,Eicosanoid metabolism,10728.1 or 80142.1 or 9536.1,NA,PMID:10922363
HMR_1317,-0.6682074351707901,0,-0.5553776223252836,-2.792362388733518,HMR_1317,Eicosanoid metabolism,NA,R05060,NA
HMR_1325,-0.6348687950124047,0,372.9193835284233,83.28772577124833,HMR_1325,Eicosanoid metabolism,8644.1,R02264,NA
HMR_1332,0.5828026354536062,0,-1.9660178765796126,-0.5182057815597777,HMR_1332,Eicosanoid metabolism,NA,R02801,PMID:9755286;PMID:10200320;PMID:10200320;PMID:11786541;PMID:8521498;PMID:8521498;PMID:11786541
HMR_1390,0.4363821632686408,0,2.6925388159997348,6.861945235160971,Prostaglandin-Endoperoxide Synthase,Eicosanoid metabolism,5743.1 or 5742.1,NA,PMID:9115911;PMID:9732298
HMR_1392,0.4363821632686408,0,2.6925388159997348,6.861945235160971,Prostaglandin-Endoperoxide Synthase,"Transport, endoplasmic reticular",5743.1 or 5742.1,NA,NA
HMR_1557,0.3369841784605725,0,2.098277150932346,4.231216302362473,HMR_1557,Cholesterol metabolism,6309.1,R07215,PMID:11731337;PMID:7946524
HMR_1558,0.49697152583075743,0,1.2062923976703206,3.5898273435134236,HMR_1558,Cholesterol metabolism,6309.1,R07215,PMID:11731337;PMID:7946524
HMR_1565,0.40595282441669994,0,3.3045695449352266,7.821043641224411,Cholesterol:NADP+ Delta7-Oxidoreductase,Cholesterol metabolism,1717.1,R01456,PMID:15670717;PMID:7946524;PMID:9465114
HMR_1620,0.893798700061338,0,-3.2165830588448387,-0.18038099941611288,Cholate Coenzyme A Ligase,"Transport, mitochondrial",10998.1 or 11001.1,NA,PMID:12543708
HMR_1623,-0.4256578242618156,0,-0.16744709337798414,-0.4156446608111262,HMR_1623,"Transport, peroxisomal",NA,NA,NA
HMR_1629,-0.5651785184972641,0,0.8108019088717541,0.22524848319497215,7Alpha-Hydroxycholest-4-En-3-One 12Alpha-Hydroxylase,"Transport, peroxisomal",1582.1,NA,PMID:12543708
HMR_1631,-0.41292529198745376,0,0.3686400043453512,0.15317103044306787,7Alpha-Hydroxycholest-4-En-3-One 12Alpha-Hydroxylase,"Transport, endoplasmic reticular",1582.1,NA,PMID:12543708
HMR_1665,1,0,NA,650.0521442350388,Cholate Coenzyme A Ligase,"Transport, peroxisomal",10998.1 or 11001.1,NA,PMID:12543708
HMR_1666,-0.5162229931567192,0,15.343489812330715,4.8956041488895226,Cholate Coenzyme A Ligase,"Transport, mitochondrial",10998.1 or 11001.1,NA,PMID:12543708
HMR_1681,-0.5216266835893659,0,14.98285008027628,4.710350941847265,Cholestanetriol 26-Monooxygenase,Bile acid synthesis,1593.1,NA,PMID:1708392;PMID:2019602;PMID:9660774
HMR_1735,-0.4559125854222464,0,2.0493286342941985,0.7658522423789,Cholesterol 24-Hydroxylase,Bile acid synthesis,10858.1,NA,PMID:14640697;PMID:10377398
HMR_1737,-0.4559125854222464,0,2.0493286342941985,0.7658522423789,24-Hydroxycholesterol 7Alpha-Hydroxylase,Bile acid synthesis,51302.1,NA,PMID:10748047
HMR_1741,-0.3517337026356587,0,1.285425361715,0.6164660525608026,Delta4-3-Oxosteroid 5Beta-Reductase,Bile acid synthesis,6718.1,NA,PMID:7508385
HMR_1743,-0.3517337026356587,0,1.285425361715,0.6164660525608026,3Alpha-Hydroxysteroid 3-Dehydrogenase (Si-Specific),Bile acid synthesis,1109.1,NA,PMID:11158055
HMR_1745,-0.3517337026356587,0,1.285425361715,0.6164660525608026,HMR_1745,"Transport, mitochondrial",NA,NA,PMID:12543708
HMR_1747,-0.3517337026356587,0,1.285425361715,0.6164660525608026,Cholestanetriol 26-Monooxygenase,Bile acid synthesis,1593.1,NA,PMID:1708392;PMID:2019602;PMID:9660774
HMR_1749,-0.3517337026356587,0,1.285425361715,0.6164660525608026,Cholestanetriol 26-Monooxygenase,Bile acid synthesis,1593.1,NA,PMID:1708392;PMID:9660774
HMR_1751,-0.3517337026356587,0,1.285425361715,0.6164660525608026,Cholestanetriol 26-Monooxygenase,Bile acid synthesis,1593.1,NA,PMID:1708392;PMID:9660774
HMR_1753,-0.3517337026356587,0,1.285425361715,0.6164660525608026,HMR_1753,"Transport, mitochondrial",NA,NA,PMID:12543708
HMR_1756,-0.3517337026356587,0,1.285425361715,0.6164660525608026,Cholate Coenzyme A Ligase,Bile acid synthesis,10998.1 or 11001.1,NA,PMID:10479480;PMID:10749848;PMID:11980911
HMR_1759,-0.3517337026356587,0,1.285425361715,0.6164660525608026,HMR_1759,"Transport, peroxisomal",NA,NA,PMID:12543708
HMR_1761,-0.3517337026356587,0,1.285425361715,0.6164660525608026,Alpha-Methylacyl Coenzyme A Racemase,Bile acid synthesis,23600.1,NA,PMID:7649182;PMID:11060344;PMID:10655068
HMR_1766,-0.9440112780098018,0,258.133241135025,7.434396311287675,"Cholest-5-Ene-3Beta, 7Alpha-Diol 3Beta-Dehydrogenase",Bile acid synthesis,80270.1,NA,PMID:12679481;PMID:11067870
HMR_1769,-0.9500531855624115,0,257.706388881588,6.600647243955769,Delta4-3-Oxosteroid 5Beta-Reductase,Bile acid synthesis,6718.1,NA,PMID:7508385
HMR_1771,-0.9500531855624115,0,257.706388881588,6.600647243955769,3Alpha-Hydroxysteroid 3-Dehydrogenase (Si-Specific),Bile acid synthesis,1109.1,NA,PMID:11158055
HMR_1781,0.8324893874233726,0,1.1900863445148628,13.018999589911662,Cholesterol 25-Hydroxylase,Bile acid synthesis,9023.1,NA,PMID:9852097
HMR_1783,0.8324893874233726,0,1.1900863445148628,13.018999589911662,3Beta-Hydroxy-Delta5-Steroid Dehydrogenase,Bile acid synthesis,3283.1 or 3284.1,NA,PMID:11067870;PMID:11454857;PMID:10599696;PMID:1401999
HMR_1807,-0.37532258788322403,0,-20.954859420985727,-46.135318691836666,Cholestanetriol 26-Monooxygenase,Bile acid synthesis,1593.1,NA,PMID:9210654;PMID:9660774
HMR_1834,-0.4352955866116774,2.0303935122063963e-13,0.5353681315517426,0.2106358784175122,Glycodeoxycholate Amidohydrolase,Bile acid synthesis,NA,R04486,NA
HMR_1838,0.47920647091056395,0,7.223016152464226,20.515485764382035,Lithocholic acid 1beta-hydroxylase,Bile acid synthesis,1576.1,R07206,"PMID:10216279, PMID:17263554"
HMR_1847,0.9977573253536471,0,0.08546863790093921,76.13480525687784,Steryl-Sulfatase,Bile acid synthesis,412.1,NA,PMID:1606923;PMID:10049998
HMR_1927,0.8144116697247662,0,0.5978068719032162,5.8444825868860155,HMR_1927,Steroid metabolism,51004.1 or 1571.1 or 285440.1,R02723,PMID:9578606;PMID:3024157
HMR_1928,0.8144116697247662,0,0.5978068719032162,5.8444825868860155,22Beta-Hydroxycholesterol:Oxygen Oxidoreductase (Side-Chain-Cleaving),Steroid metabolism,1583.1,R04855,PMID:3024157;PMID:9578606
HMR_1929,0.8144116697247662,0,0.5978068719032162,5.8444825868860155,"20Alpha, 22Beta-Dihydroxycholesterol, Ferredoxin:Oxygen Oxidoreductase (Side-Chain-Cleaving)",Steroid metabolism,1583.1,R03933,PMID:9578606;PMID:3024157
HMR_1940,0.3439791792930124,0,0.14112908825852555,0.2891288663790484,"Pregnenolone, Hydrogen-Donor:Oxygen Oxidoreductase (21-Hydroxylating)",Steroid metabolism,1589.1 or 1589.1 or 1589.1,R03784,NA
HMR_1941,0.3439791792930124,0,0.14112908825852555,0.2891288663790484,3Beta-Hydroxy-Delta5-Steroid Dehydrogenase,Steroid metabolism,3283.1 or 3284.1,R04163,NA
HMR_1944,0.7828801297379256,0,1.0197264067697338,8.373484869000409,Steroid 17Alpha-Monooxygenase,Androgen and estrogen synthesis and metabolism,1586.1,NA,PMID:10406467
HMR_1948,0.5004321089072403,0,0.3153118696038729,0.947026544156694,"17Alpha-Hydroxypregnenolone, Hydrogen-Donor:Oxygen Oxidoreductase (21-Hydroxylating)",Steroid metabolism,1589.1 or 1589.1 or 1589.1,R04675,NA
HMR_1949,0.5004321089072403,0,0.3153118696038729,0.947026544156694,3Beta-Hydroxy-Delta5-Steroid Dehydrogenase,Steroid metabolism,3283.1 or 3284.1,R04849,NA
HMR_1958,0.8894075251586783,0,0.3965986511713156,6.775655188709858,17Alpha-Hydroxypregnenolone Acetaldehyde-Lyase,Androgen and estrogen synthesis and metabolism,1586.1,R08516,PMID:10406467;PMID:9536209
HMR_1967,0.5773853632201943,0,90.4446691118002,337.57964069895746,3Beta-Hydroxy-Delta5-Steroid Dehydrogenase,Androgen and estrogen synthesis and metabolism,3283.1 or 3284.1,NA,NA
HMR_1970,0.5773853632201943,0,90.4446691118002,337.57964069895746,Steroid Delta-Isomerase,Androgen and estrogen synthesis and metabolism,3283.1 or 3284.1,NA,PMID:2243100;PMID:9536209
HMR_1979,0.33850969404243614,0,0.498783412456857,1.0092762158239392,3Beta-Hydroxy-Delta5-Steroid Dehydrogenase,Steroid metabolism,3283.1 or 3284.1,NA,PMID:2243100;PMID:2770297;PMID:1944309;PMID:12832414
HMR_1980,0.33850969404243614,0,0.498783412456857,1.0092762158239392,Steroid Delta-Isomerase,Steroid metabolism,3283.1 or 3284.1,NA,PMID:2243100;PMID:2770297;PMID:1944309;PMID:12832414
HMR_1982,0.510572536562122,0,0.10943727406778399,0.3377680106502634,3Beta-Hydroxy-Delta5-Steroid Dehydrogenase,Androgen and estrogen synthesis and metabolism,3283.1 or 3284.1,NA,PMID:2243100;PMID:2770297;PMID:1944309;PMID:12832414
HMR_1983,0.510572536562122,0,0.10943727406778399,0.3377680106502634,Steroid Delta-Isomerase,Androgen and estrogen synthesis and metabolism,3283.1 or 3284.1,NA,PMID:2243100
HMR_1989,0.4320115057249557,0,0.7055495126707959,1.778830082276206,"Steroid, Reduced-Adrenal-Ferredoxin:Oxygen Oxidoreductase (11-Hydroxylating)",Steroid metabolism,1584.1 or 1585.1,R03329,NA
HMR_1993,0.345430919714983,0,0.2768592512071598,0.5690690382458277,"Progesterone, Reduced Ferredoxin:Oxygen Oxidoreductase (11-Hydroxylating)",Steroid metabolism,1584.1 or 1585.1,R02218,NA
HMR_1996,-0.38190126827170434,0,84.59844866005183,37.839312419444326,11Beta-Hydroxysteroid Dehydrogenase,Steroid metabolism,3290.1,NA,PMID:1885595
HMR_2029,0.9047352958021319,0,0.9258013100866216,18.5105957874932,Unspecific Monooxygenase,Androgen and estrogen synthesis and metabolism,64816.1 or 1565.1 or 1577.1 or 1562.1 or 1571.1 or 1573.1 or 1588.1 or 1545.1 or 1559.1 or 1558.1 or 1543.1 or 1544.1 or 1580.1 or 113612.1 or 1576.1 or 1551.1 or 1557.1 or 29785.1 or 57834.1 or 199974.1 or 66002.1 or 260293.1 or 11283.1 or 1555.1 or 1572.1 or 1553.1 or 1549.1 or 1548.1,NA,NA
HMR_2041,0.5387438710156741,0,202.9750877946377,677.1219994422675,17Beta-Estradiol 17-Dehydrogenase,Steroid metabolism,8630.1 or 3294.1 or 158160.1 or 3292.1 or 7923.1 or 51478.1 or 51144.1 or 51170.1 or 7923.1 or 7923.1 or 7923.1 or 7923.1 or 7923.1,NA,PMID:19027824
HMR_2190,0.7931869832527564,0,0.5624564850802655,4.876818991159912,Very-Long-Chain 3-Oxoacyl Coenzyme A Synthase,Fatty acid synthesis,60481.1 or 64834.1 or 6785.1 or 83401.1 or 79993.1 or 79071.1 or 54898.1,NA,PMID:16564093;PMID:19505953;PMID:17583696;PMID:12032166;PMID:11567032
HMR_2193,0.7931869832527564,0,0.5624564850802655,4.876818991159912,Very-Long-Chain (3R)-3-Hydroxyacyl Coenzyme A Dehydratase,Fatty acid synthesis,51495.1 or 192286.1 or 9200.1 or 401494.1 or 201562.1,NA,PMID:16564093;PMID:4379659
HMR_2210,0.48119589579205824,0,0.5991348419030281,1.7105417278986979,Very-Long-Chain Enoyl Coenzyme A Reductase,Fatty acid synthesis,9524.1 or 253017.1,NA,PMID:10479480
HMR_2259,0.9423651838133705,1.3093649064148334e-13,0.511464790243077,17.237001296189302,Very-Long-Chain 3-Oxoacyl Coenzyme A Synthase,Fatty acid synthesis,60481.1 or 64834.1 or 6785.1 or 83401.1 or 79993.1 or 79071.1 or 54898.1,NA,PMID:10479480
HMR_2260,0.9423651838133705,1.3093649064148334e-13,0.511464790243077,17.237001296189302,Very-Long-Chain 3-Oxoacyl Coenzyme A Reductase,Fatty acid synthesis,51144.1,NA,PMID:10479480
HMR_2261,0.9423651838133705,1.3093649064148334e-13,0.511464790243077,17.237001296189302,Very-Long-Chain (3R)-3-Hydroxyacyl Coenzyme A Dehydratase,Fatty acid synthesis,51495.1 or 192286.1 or 9200.1 or 401494.1 or 201562.1,NA,PMID:10479480
HMR_2262,0.9423651838133705,1.3093649064148334e-13,0.511464790243077,17.237001296189302,Very-Long-Chain Enoyl Coenzyme A Reductase,Fatty acid synthesis,9524.1 or 253017.1,NA,PMID:10479480
HMR_2281,-0.6767708040799163,0,7.190004157099873,1.386008902771119,Stearoyl Coenzyme A 9-Desaturase,Fatty acid synthesis,6319.1 or 79966.1,NA,NA
HMR_2284,0.6053599052611305,0,0.9496677608738348,3.86316181997361,Stearoyl Coenzyme A 9-Desaturase,Fatty acid synthesis,6319.1 or 79966.1,NA,NA
HMR_2286,0.8875901797610637,0,1.8635196311797866,31.292295887761934,Stearoyl Coenzyme A 9-Desaturase,Fatty acid synthesis,6319.1 or 79966.1,NA,NA
HMR_2287,-0.37225231514959123,0,3.9969478986656366,1.8284354576450772,Stearoyl Coenzyme A 9-Desaturase,Fatty acid synthesis,6319.1 or 79966.1,NA,NA
HMR_2288,-0.3331874917330885,0,0.4896065340606816,0.2448836064434322,Stearoyl Coenzyme A 9-Desaturase,Fatty acid synthesis,6319.1 or 79966.1,NA,NA
HMR_2293,0.5290990073646208,0,3.2944197292722763,10.697564916311856,Stearoyl Coenzyme A 9-Desaturase,Fatty acid synthesis,6319.1 or 79966.1,NA,NA
HMR_2332,0.6978988606027403,0,0.44698208136274337,2.512173135691681,Very-Long-Chain 3-Oxoacyl Coenzyme A Synthase,Fatty acid synthesis,60481.1 or 64834.1 or 6785.1 or 83401.1 or 79993.1 or 79071.1 or 54898.1,NA,PMID:10970790
HMR_2334,0.6978988606027403,0,0.44698208136274337,2.512173135691681,Very-Long-Chain 3-Oxoacyl Coenzyme A Reductase,Fatty acid synthesis,51144.1,NA,PMID:10970790
HMR_2336,0.6978988606027403,0,0.44698208136274337,2.512173135691681,Very-Long-Chain (3R)-3-Hydroxyacyl Coenzyme A Dehydratase,Fatty acid synthesis,51495.1 or 192286.1 or 9200.1 or 401494.1 or 201562.1,NA,PMID:10970790
HMR_2338,0.6978988606027403,0,0.44698208136274337,2.512173135691681,Very-Long-Chain Enoyl Coenzyme A Reductase,Fatty acid synthesis,9524.1 or 253017.1,NA,PMID:10970790
HMR_2342,0.560691430228837,0,0.4859424984327645,1.7263635291318389,Very-Long-Chain 3-Oxoacyl Coenzyme A Synthase,Fatty acid synthesis,60481.1 or 64834.1 or 6785.1 or 83401.1 or 79993.1 or 79071.1 or 54898.1,NA,PMID:10970790
HMR_2343,0.560691430228837,0,0.4859424984327645,1.7263635291318389,Very-Long-Chain 3-Oxoacyl Coenzyme A Reductase,Fatty acid synthesis,51144.1,NA,PMID:10970790
HMR_2344,0.560691430228837,0,0.4859424984327645,1.7263635291318389,Very-Long-Chain (3R)-3-Hydroxyacyl Coenzyme A Dehydratase,Fatty acid synthesis,51495.1 or 192286.1 or 9200.1 or 401494.1 or 201562.1,NA,PMID:10970790
HMR_2345,0.560691430228837,0,0.4859424984327645,1.7263635291318389,Very-Long-Chain Enoyl Coenzyme A Reductase,Fatty acid synthesis,9524.1 or 253017.1,NA,PMID:10970790
HMR_2359,0.8694503948624378,0,0.6628722521853371,9.492229350563418,HMR_2359,Fatty acid synthesis,9415.1 or 3992.1 or 3995.1,NA,NA
HMR_2365,0.4191594359628772,0,0.18091849584066805,0.4420355712210296,HMR_2365,Fatty acid synthesis,9415.1 or 3992.1 or 3995.1,NA,NA
HMR_2368,0.9553271523300709,0,1.5138434848240911,66.26081444651335,"Linoleoyl Coenzyme A, Ferrocytochrome B5:Oxygen Oxidoreductase (6, 7 Cis-Dehydrogenating)",Fatty acid synthesis,9415.1 or 3992.1 or 3995.1,R03814,NA
HMR_2440,-0.5750107160517415,0,2.179497650194126,0.5880995832491113,Linoleate 13S-Lipoxygenase,Linoleate metabolism,246.1 or 247.1,R03626,NA
HMR_2608,0.7303209118080447,0,20.187072789111735,129.52474153401255,Carnitine O-Palmitoyltransferase,Fatty acid oxidation,1374.1 or 126129.1 or 1375.1,NA,NA
HMR_2609,0.7303209118080447,0,20.187072789111735,129.52474153401255,HMR_2609,"Transport, mitochondrial",114571.1 or 6580.1 or 788.1 or 123096.1 or 6583.1,NA,NA
HMR_2610,-0.7303209118080447,0,-20.187072789111735,-129.52474153401255,Carnitine O-Acetyltransferase,"Transport, mitochondrial",1384.1 or 1376.1,NA,NA
HMR_2611,1.3217286874577563,0,-10.978552016059826,1.5213298390094074,Carnitine O-Palmitoyltransferase,Fatty acid oxidation,1374.1 or 126129.1 or 1375.1,NA,NA
HMR_2612,-2.944117290834776,0,24.340507174224918,-49.38067042875104,HMR_2612,"Transport, mitochondrial",114571.1 or 6580.1 or 788.1 or 123096.1 or 6583.1,NA,NA
HMR_2613,0.6589520833503034,0,-2.15660169055384,-0.44335488709307835,Carnitine O-Acetyltransferase,"Transport, mitochondrial",1384.1 or 1376.1,NA,NA
HMR_2620,0.7092818709395626,0,0.5686161553049635,3.3431877431492265,Carnitine O-Palmitoyltransferase,Fatty acid oxidation,1374.1 or 126129.1 or 1375.1,NA,NA
HMR_2621,-0.7092818709395626,0,-0.5686161553049635,-3.3431877431492265,HMR_2621,"Transport, mitochondrial",114571.1 or 6580.1 or 788.1 or 123096.1 or 6583.1,NA,NA
HMR_2622,-0.7092818709395626,0,-0.5686161553049635,-3.3431877431492265,Carnitine O-Acetyltransferase,"Transport, mitochondrial",1384.1 or 1376.1,NA,NA
HMR_2624,1.1863114834810806,0,-6.064903160715104,71.16988807519544,HMR_2624,"Transport, mitochondrial",114571.1 or 6580.1 or 788.1 or 123096.1 or 6583.1,NA,NA
HMR_2633,-0.37225231514959123,0,3.9969478986656366,1.8284354576450772,Carnitine O-Palmitoyltransferase,Fatty acid oxidation,1374.1 or 126129.1 or 1375.1,NA,NA
HMR_2634,-1.0097910804046755,0,4.056621384018659,-832.6927302411079,HMR_2634,"Transport, mitochondrial",114571.1 or 6580.1 or 788.1 or 123096.1 or 6583.1,NA,NA
HMR_2635,-3.4215314160790515,0,12.03137331764293,-6.589198566202546,Carnitine O-Acetyltransferase,"Transport, mitochondrial",1384.1 or 1376.1,NA,NA
HMR_2644,0.5866162370702619,0,11.721404393164814,44.98814950944977,HMR_2644,"Transport, mitochondrial",114571.1 or 6580.1 or 788.1 or 123096.1 or 6583.1,NA,NA
HMR_2648,-0.3331874917330885,0,0.4896065340606816,0.2448836064434322,Carnitine O-Palmitoyltransferase,Fatty acid oxidation,1374.1 or 126129.1 or 1375.1,NA,NA
HMR_2649,0.3331874917330885,0,-0.4896065340606816,-0.2448836064434322,HMR_2649,"Transport, mitochondrial",114571.1 or 6580.1 or 788.1 or 123096.1 or 6583.1,NA,NA
HMR_2650,0.3331874917330885,0,-0.4896065340606816,-0.2448836064434322,Carnitine O-Acetyltransferase,"Transport, mitochondrial",1384.1 or 1376.1,NA,NA
HMR_2655,0.518180179953696,0,82.83458670232669,261.0059248580575,HMR_2655,"Transport, mitochondrial",114571.1 or 6580.1 or 788.1 or 123096.1 or 6583.1,NA,NA
HMR_2659,-0.4800035887133219,0,-0.3554476249664731,-1.0116680598781749,Carnitine O-Acetyltransferase,"Transport, mitochondrial",1384.1 or 1376.1,NA,NA
HMR_2667,-3.185678181982576,0,7.7290535199109405,-14.80150689719643,HMR_2667,"Transport, mitochondrial",114571.1 or 6580.1 or 788.1 or 123096.1 or 6583.1,NA,NA
HMR_2668,-0.6894674306690253,0,-0.22364423179694276,-1.216747236825958,Carnitine O-Acetyltransferase,"Transport, mitochondrial",1384.1 or 1376.1,NA,NA
HMR_2669,0.35107435379779256,0,0.44669614350004466,0.9300290517956044,Carnitine O-Palmitoyltransferase,Fatty acid oxidation,1374.1 or 126129.1 or 1375.1,NA,NA
HMR_2670,-0.35107435379779256,0,-0.44669614350004466,-0.9300290517956044,HMR_2670,"Transport, mitochondrial",114571.1 or 6580.1 or 788.1 or 123096.1 or 6583.1,NA,NA
HMR_2671,-0.35107435379779256,0,-0.44669614350004466,-0.9300290517956044,Carnitine O-Acetyltransferase,"Transport, mitochondrial",1384.1 or 1376.1,NA,NA
HMR_2673,0.7104153707342107,0,1.8086556935608387,10.682723411376402,HMR_2673,"Transport, mitochondrial",114571.1 or 6580.1 or 788.1 or 123096.1 or 6583.1,NA,NA
HMR_2675,-0.9767129545067069,0,-0.20576590982491613,-17.466369431189335,Carnitine O-Palmitoyltransferase,Fatty acid oxidation,1374.1 or 126129.1 or 1375.1,NA,NA
HMR_2676,-0.9767129545067069,0,-0.20576590982491613,-17.466369431189335,HMR_2676,"Transport, mitochondrial",114571.1 or 6580.1 or 788.1 or 123096.1 or 6583.1,NA,NA
HMR_2677,0.9767129545067069,0,0.20576590982491613,17.466369431189335,Carnitine O-Acetyltransferase,"Transport, mitochondrial",1384.1 or 1376.1,NA,NA
HMR_2681,0.560691430228837,0,0.4859424984327645,1.7263635291318389,Carnitine O-Palmitoyltransferase,Fatty acid oxidation,1374.1 or 126129.1 or 1375.1,NA,NA
HMR_2682,-0.560691430228837,0,-0.4859424984327645,-1.7263635291318389,HMR_2682,"Transport, mitochondrial",114571.1 or 6580.1 or 788.1 or 123096.1 or 6583.1,NA,NA
HMR_2683,-0.560691430228837,0,-0.4859424984327645,-1.7263635291318389,Carnitine O-Acetyltransferase,"Transport, mitochondrial",1384.1 or 1376.1,NA,NA
HMR_2684,-3.5658622212525,0,0.754995260855589,-1.343487701799706,Carnitine O-Palmitoyltransferase,Fatty acid oxidation,1374.1 or 126129.1 or 1375.1,NA,NA
HMR_2685,3.5658622212525,0,-0.754995260855589,1.343487701799706,HMR_2685,"Transport, mitochondrial",114571.1 or 6580.1 or 788.1 or 123096.1 or 6583.1,NA,NA
HMR_2686,3.5658622212525,0,-0.754995260855589,1.343487701799706,Carnitine O-Acetyltransferase,"Transport, mitochondrial",1384.1 or 1376.1,NA,NA
HMR_2690,-0.4031156701852631,1.960931453918745e-4,0.5662965018856896,0.240902097515481,Carnitine O-Palmitoyltransferase,Fatty acid oxidation,1374.1 or 126129.1 or 1375.1,NA,NA
HMR_2691,-0.4031156701852631,1.960931453918745e-4,0.5662965018856896,0.240902097515481,HMR_2691,"Transport, mitochondrial",114571.1 or 6580.1 or 788.1 or 123096.1 or 6583.1,NA,NA
HMR_2692,0.4031156701852631,1.960931453918745e-4,-0.5662965018856896,-0.240902097515481,Carnitine O-Acetyltransferase,"Transport, mitochondrial",1384.1 or 1376.1,NA,NA
HMR_2693,0.4191594359628772,0,0.18091849584066805,0.4420355712210296,Carnitine O-Palmitoyltransferase,Fatty acid oxidation,1374.1 or 126129.1 or 1375.1,NA,NA
HMR_2695,0.4191594359628772,0,0.18091849584066805,0.4420355712210296,HMR_2695,"Transport, mitochondrial",114571.1 or 6580.1 or 788.1 or 123096.1 or 6583.1,NA,NA
HMR_2697,-0.4191594359628772,0,-0.18091849584066805,-0.4420355712210296,Carnitine O-Acetyltransferase,"Transport, mitochondrial",1384.1 or 1376.1,NA,NA
HMR_2705,0.5683567306588421,1.7380984728488998e-12,0.6943413720858749,2.522858669724985,Carnitine O-Palmitoyltransferase,Fatty acid oxidation,1374.1 or 126129.1 or 1375.1,NA,NA
HMR_2706,-0.5683567306588421,1.7380984728488998e-12,-0.6943413720858749,-2.522858669724985,HMR_2706,"Transport, mitochondrial",114571.1 or 6580.1 or 788.1 or 123096.1 or 6583.1,NA,NA
HMR_2707,-0.5683567306588421,1.7380984728488998e-12,-0.6943413720858749,-2.522858669724985,Carnitine O-Acetyltransferase,"Transport, mitochondrial",1384.1 or 1376.1,NA,NA
HMR_2718,1.0165493666327292,0,-62.83564555187076,0.5156779958124942,HMR_2718,"Transport, mitochondrial",114571.1 or 6580.1 or 788.1 or 123096.1 or 6583.1,NA,NA
HMR_2722,1.2587869955485067,0,-68.13375290631875,7.806016789019503,HMR_2722,"Transport, mitochondrial",114571.1 or 6580.1 or 788.1 or 123096.1 or 6583.1,NA,NA
HMR_2727,1.0192568589846838,0,-58.339600474687295,0.5563618390424752,HMR_2727,"Transport, mitochondrial",114571.1 or 6580.1 or 788.1 or 123096.1 or 6583.1,NA,NA
HMR_2731,14.949688869722072,0,-38.98021431894898,34.09231780418415,HMR_2731,"Transport, mitochondrial",114571.1 or 6580.1 or 788.1 or 123096.1 or 6583.1,NA,NA
HMR_2733,0.39412892356724855,0,0.2255435139717414,0.5189829133325519,Carnitine O-Palmitoyltransferase,Fatty acid oxidation,1374.1 or 126129.1 or 1375.1,NA,NA
HMR_2734,0.39412892356724855,0,0.2255435139717414,0.5189829133325519,HMR_2734,"Transport, mitochondrial",114571.1 or 6580.1 or 788.1 or 123096.1 or 6583.1,NA,NA
HMR_2735,-0.39412892356724855,0,-0.2255435139717414,-0.5189829133325519,Carnitine O-Acetyltransferase,"Transport, mitochondrial",1384.1 or 1376.1,NA,NA
HMR_2744,-3.0755690519502594,0,42.69265088453609,-21.74212822605893,HMR_2744,"Transport, mitochondrial",114571.1 or 6580.1 or 788.1 or 123096.1 or 6583.1,NA,NA
HMR_2753,0.5160924258251591,0,57.48840620791912,180.1123641703844,HMR_2753,"Transport, mitochondrial",114571.1 or 6580.1 or 788.1 or 123096.1 or 6583.1,NA,NA
HMR_2757,-1.0192907077776587,0,63.74492826715205,-0.608968673392638,HMR_2757,"Transport, mitochondrial",114571.1 or 6580.1 or 788.1 or 123096.1 or 6583.1,NA,NA
HMR_2760,-0.48028256014341375,0,60.2277962630853,21.145581880679728,HMR_2760,"Transport, mitochondrial",114571.1 or 6580.1 or 788.1 or 123096.1 or 6583.1,NA,NA
HMR_2764,0.6173172986960802,0,0.2062076807245611,0.8714876528870548,HMR_2764,"Transport, mitochondrial",114571.1 or 6580.1 or 788.1 or 123096.1 or 6583.1,NA,NA
HMR_2821,-0.654825097025571,0,-54.60306693288088,-261.7760583300352,HMR_2821,"Transport, endoplasmic reticular",6584.1,NA,NA
HMR_2827,0.654825097025571,0,54.60306693288088,261.7760583300352,Carnitine O-Acetyltransferase,"Transport, endoplasmic reticular",1384.1,NA,PMID:1735445;PMID:1988962;PMID:2355017;PMID:6361812;PMID:7892212
HMR_2861,0.7737832367840383,0,2.1409221984942994,16.78713749132127,HMR_2861,"Transport, endoplasmic reticular",6584.1,NA,NA
HMR_2862,-0.7737832367840426,0,-2.1409221984942532,-16.78713749132127,Carnitine O-Acetyltransferase,"Transport, endoplasmic reticular",1384.1,NA,NA
HMR_2865,-0.9405691529879519,0,8.30052288050633,0.2542074342838125,HMR_2865,"Transport, endoplasmic reticular",6584.1,NA,NA
HMR_2866,0.9405691529879519,0,-8.30052288050633,-0.2542074342838125,Carnitine O-Acetyltransferase,"Transport, endoplasmic reticular",1384.1,NA,NA
HMR_2884,-0.7522070395996632,0,144.55523076682687,20.4426576103985,HMR_2884,"Transport, endoplasmic reticular",6584.1,NA,NA
HMR_2886,0.7522070395996632,0,-144.55523076682687,-20.4426576103985,Carnitine O-Acetyltransferase,"Transport, endoplasmic reticular",1384.1,NA,NA
HMR_2888,-0.5032457839625231,0,140.4964153674543,46.4276616748359,HMR_2888,"Transport, endoplasmic reticular",6584.1,NA,NA
HMR_2890,0.5032457839625231,0,-140.4964153674543,-46.4276616748359,Carnitine O-Acetyltransferase,"Transport, endoplasmic reticular",1384.1,NA,NA
HMR_2962,0.6156501813591155,0,0.12343392297102218,0.5188659662679115,Long-Chain-Fatty-Acid Coenzyme A Ligase,Fatty acid synthesis,2182.1 or 23205.1 or 2181.1 or 81616.1 or 11001.1 or 2180.1 or 23305.1 or 51703.1,NA,NA
HMR_2964,0.5211436298624419,0,0.1051926387417794,0.33415680005366305,Long-Chain-Fatty-Acid Coenzyme A Ligase,Fatty acid synthesis,2182.1 or 23205.1 or 2181.1 or 81616.1 or 11001.1 or 2180.1 or 23305.1 or 51703.1,NA,NA
HMR_2975,-0.3969110271616455,0,0.5057557304609531,0.21835012972197873,Long-Chain-Fatty-Acid Coenzyme A Ligase,Fatty acid synthesis,2182.1 or 23205.1 or 2181.1 or 81616.1 or 11001.1 or 2180.1 or 23305.1 or 51703.1,NA,NA
HMR_2982,-0.7144048756366942,0,1.5629231792253384,0.2603604586550093,Long-Chain-Fatty-Acid Coenzyme A Ligase,Fatty acid synthesis,2182.1 or 23205.1 or 2181.1 or 81616.1 or 11001.1 or 2180.1 or 23305.1 or 51703.1,NA,NA
HMR_2994,0.8671864983708194,0,0.13619904694718715,1.9147828980580608,Long-Chain-Fatty-Acid Coenzyme A Ligase,Fatty acid synthesis,2182.1 or 23205.1 or 2181.1 or 81616.1 or 11001.1 or 2180.1 or 23305.1 or 51703.1,NA,NA
HMR_2998,0.8738208263676596,0,0.16912248789635195,2.511549496675989,Long-Chain-Fatty-Acid Coenzyme A Ligase,Fatty acid synthesis,2182.1 or 23205.1 or 2181.1 or 81616.1 or 11001.1 or 2180.1 or 23305.1 or 51703.1,NA,NA
HMR_3023,0.6978988606027403,0,0.44698208136274337,2.512173135691681,HMR_3023,"Transport, peroxisomal",215.1,NA,NA
HMR_3070,-0.6289868226350451,0,49.20896834272146,11.207687776228786,Acyl Coenzyme A Oxidase,Fatty acid oxidation,8310.1 or 51.1,NA,NA
HMR_3071,-0.6289868226350451,0,49.20896834272146,11.207687776228786,Enoyl Coenzyme A Hydratase,Fatty acid oxidation,1962.1,NA,NA
HMR_3072,-0.6289868226350451,0,49.20896834272146,11.207687776228786,3-Hydroxyacyl Coenzyme A Dehydrogenase,Fatty acid oxidation,1962.1 or 3295.1,NA,NA
HMR_3073,-0.6289868226350451,0,49.20896834272146,11.207687776228786,Acetyl Coenzyme A C-Acyltransferase,Fatty acid oxidation,30.1 or 4645.1,NA,NA
HMR_3074,-0.9033936611011814,0,62.50877505406141,3.1726195323825146,Acyl Coenzyme A Oxidase,Fatty acid oxidation,8310.1 or 51.1,NA,NA
HMR_3075,-0.9033936611011814,0,62.50877505406141,3.1726195323825146,Enoyl Coenzyme A Hydratase,Fatty acid oxidation,1962.1,NA,NA
HMR_3076,-0.9033936611011814,0,62.50877505406141,3.1726195323825146,3-Hydroxyacyl Coenzyme A Dehydrogenase,Fatty acid oxidation,1962.1 or 3295.1,NA,NA
HMR_3094,0.35573711546645215,0,5.968021825509519,12.558644753554463,Acyl Coenzyme A Oxidase,Fatty acid oxidation,8310.1 or 51.1,NA,PMID:13295225;PMID:3597357
HMR_3095,0.35573711546645215,0,5.968021825509519,12.558644753554463,Enoyl Coenzyme A Hydratase,Fatty acid oxidation,1962.1,NA,PMID:8012501;PMID:8188243;PMID:13295248
HMR_3096,0.35573711546645215,0,5.968021825509519,12.558644753554463,3-Hydroxyacyl Coenzyme A Dehydrogenase,Fatty acid oxidation,1962.1 or 3295.1,NA,PMID:10231530;PMID:10329704;PMID:1550553;PMID:1651711;PMID:7150615;PMID:8188243;PMID:8687463;PMID:9553139;PMID:8687463
HMR_3097,0.35573711546645215,0,5.968021825509519,12.558644753554463,Acetyl Coenzyme A C-Acyltransferase,Fatty acid oxidation,30.1 or 4645.1,NA,PMID:1121274;PMID:1679347;PMID:3194209;PMID:6378901;PMID:8241273;PMID:1550553
HMR_3106,-1.3303486566444664,0,107.84725610961578,-760.7771466384887,HMR_3106,"Transport, peroxisomal",NA,NA,NA
HMR_3116,-0.8761561527730113,0,99.5771245449841,6.573021217463573,Enoyl Coenzyme A Hydratase,Fatty acid oxidation,3030.1 or 1892.1,NA,NA
HMR_3117,-0.8761561527730113,0,99.5771245449841,6.573021217463573,3-Hydroxyacyl Coenzyme A Dehydrogenase,Fatty acid oxidation,3028.1 or 3030.1 or 3033.1,NA,NA
HMR_3118,-0.8761561527730113,0,99.5771245449841,6.573021217463573,Acetyl Coenzyme A C-Acyltransferase,Fatty acid oxidation,3030.1 or 3032.1 or 10449.1,NA,NA
HMR_3121,0.3770065583880858,0,5.209124492322782,11.513762602105858,Medium-Chain Acyl Coenzyme A Dehydrogenase,Fatty acid oxidation,37.1 or 33.1 or 34.1 or 28976.1,NA,PMID:13295225;PMID:1540149
HMR_3128,0.3517389911740543,0,0.7386520630287938,1.5402203447581677,Medium-Chain Acyl Coenzyme A Dehydrogenase,Fatty acid oxidation,37.1 or 33.1 or 34.1 or 28976.1,NA,PMID:13295225;PMID:1540149
HMR_3135,0.8272291732357604,0,1.223180894912839,12.936395901949677,Medium-Chain Acyl Coenzyme A Dehydrogenase,Fatty acid oxidation,37.1 or 33.1 or 34.1 or 28976.1,NA,PMID:13295225;PMID:1540149
HMR_3142,0.7296983903761053,0,1.8512472935274533,11.84639436020396,Medium-Chain Acyl Coenzyme A Dehydrogenase,Fatty acid oxidation,34.1 or 28976.1,NA,PMID:13295225;PMID:3597357
HMR_3156,-0.414761973096464,0,70.09935538086891,28.99767537610531,2-Methyl-Branched-Chain-Enoyl Coenzyme A Reductase,Fatty acid oxidation,36.1,NA,PMID:13295225;PMID:3597357
HMR_3174,0.8783531795621501,0,1.1891788468263111,18.36215578807886,Medium-Chain Acyl Coenzyme A Dehydrogenase,Fatty acid oxidation,37.1 or 33.1 or 34.1 or 28976.1,NA,NA
HMR_3175,0.8783531795621501,0,1.1891788468263111,18.36215578807886,Enoyl Coenzyme A Hydratase,Fatty acid oxidation,3030.1 or 1892.1,NA,NA
HMR_3176,0.8783531795621501,0,1.1891788468263111,18.36215578807886,3-Hydroxyacyl Coenzyme A Dehydrogenase,Fatty acid oxidation,3028.1 or 3030.1 or 3033.1,NA,NA
HMR_3177,0.8783531795621501,0,1.1891788468263111,18.36215578807886,Acetyl Coenzyme A C-Acyltransferase,Fatty acid oxidation,3030.1 or 3032.1 or 10449.1,NA,NA
HMR_3178,0.40710849329200594,0,0.26162105204979014,0.6209048370540372,Medium-Chain Acyl Coenzyme A Dehydrogenase,Fatty acid oxidation,37.1 or 33.1 or 34.1 or 28976.1,NA,NA
HMR_3179,0.40710849329200594,0,0.26162105204979014,0.6209048370540372,Enoyl Coenzyme A Hydratase,Fatty acid oxidation,3030.1 or 1892.1,NA,NA
HMR_3180,0.40710849329200594,0,0.26162105204979014,0.6209048370540372,3-Hydroxyacyl Coenzyme A Dehydrogenase,Fatty acid oxidation,3028.1 or 3030.1 or 3033.1,NA,NA
HMR_3181,0.40710849329200594,0,0.26162105204979014,0.6209048370540372,Acetyl Coenzyme A C-Acyltransferase,Fatty acid oxidation,3030.1 or 3032.1 or 10449.1,NA,NA
HMR_3218,0.5683567306588421,1.7380984728488998e-12,0.6943413720858749,2.522858669724985,Medium-Chain Acyl Coenzyme A Dehydrogenase,Fatty acid oxidation,37.1 or 33.1 or 34.1 or 28976.1,NA,NA
HMR_3219,0.5683567306588421,1.7380984728488998e-12,0.6943413720858749,2.522858669724985,Enoyl Coenzyme A Hydratase,Fatty acid oxidation,3030.1 or 1892.1,NA,NA
HMR_3220,0.5683567306588421,1.7380984728488998e-12,0.6943413720858749,2.522858669724985,3-Hydroxyacyl Coenzyme A Dehydrogenase,Fatty acid oxidation,3028.1 or 3030.1 or 3033.1,NA,NA
HMR_3221,0.5683567306588421,1.7380984728488998e-12,0.6943413720858749,2.522858669724985,Acetyl Coenzyme A C-Acyltransferase,Fatty acid oxidation,3030.1 or 3032.1 or 10449.1,NA,NA
HMR_3229,-0.5570528342463826,0,14.055779208891094,3.998558960942591,Acetyl Coenzyme A C-Acyltransferase,Fatty acid oxidation,3030.1 or 3032.1 or 10449.1,NA,NA
HMR_3230,0.6789756313281452,0,2.024405897223874,10.587757507063879,Medium-Chain Acyl Coenzyme A Dehydrogenase,Fatty acid oxidation,37.1 or 33.1 or 34.1 or 28976.1,NA,PMID:1047780;PMID:8973539;PMID:11135616
HMR_3231,0.6789756313281452,0,2.024405897223874,10.587757507063879,Enoyl Coenzyme A Hydratase,Fatty acid oxidation,3030.1 or 1892.1,NA,PMID:9920399;PMID:10407780;PMID:9568246;PMID:7923814
HMR_3232,0.6789756313281452,0,2.024405897223874,10.587757507063879,3-Hydroxyacyl Coenzyme A Dehydrogenase,Fatty acid oxidation,3028.1 or 3030.1 or 3033.1,NA,PMID:7923814;PMID:8319713;PMID:11427448;PMID:9920399
HMR_3233,0.6789756313281452,0,2.024405897223874,10.587757507063879,Acetyl Coenzyme A C-Acyltransferase,Fatty acid oxidation,3030.1 or 3032.1 or 10449.1,NA,PMID:7923814;PMID:9920399;PMID:9568246
HMR_3234,0.6861501829299348,0,2.593022053705738,13.930945224101283,Medium-Chain Acyl Coenzyme A Dehydrogenase,Fatty acid oxidation,37.1 or 33.1 or 34.1 or 28976.1,NA,PMID:1047780;PMID:8973539;PMID:11135616
HMR_3235,0.6861501829299348,0,2.593022053705738,13.930945224101283,Enoyl Coenzyme A Hydratase,Fatty acid oxidation,3030.1 or 1892.1,NA,PMID:9568246;PMID:7923814;PMID:9920399;PMID:10407780
HMR_3236,0.6861501829299348,0,2.593022053705738,13.930945224101283,3-Hydroxyacyl Coenzyme A Dehydrogenase,Fatty acid oxidation,3028.1 or 3030.1 or 3033.1,NA,PMID:8319713;PMID:11427448;PMID:9920399;PMID:7923814
HMR_3237,0.6861501829299348,0,2.593022053705738,13.930945224101283,Acetyl Coenzyme A C-Acyltransferase,Fatty acid oxidation,3030.1 or 3032.1 or 10449.1,NA,PMID:9920399;PMID:9568246;PMID:7923814
HMR_3240,0.560691430228837,0,0.4859424984327645,1.7263635291318389,Medium-Chain Acyl Coenzyme A Dehydrogenase,Fatty acid oxidation,37.1 or 33.1 or 34.1 or 28976.1,NA,NA
HMR_3241,0.560691430228837,0,0.4859424984327645,1.7263635291318389,Enoyl Coenzyme A Hydratase,Fatty acid oxidation,3030.1 or 1892.1,NA,NA
HMR_3242,0.560691430228837,0,0.4859424984327645,1.7263635291318389,3-Hydroxyacyl Coenzyme A Dehydrogenase,Fatty acid oxidation,3028.1 or 3030.1 or 3033.1,NA,NA
HMR_3243,0.560691430228837,0,0.4859424984327645,1.7263635291318389,Acetyl Coenzyme A C-Acyltransferase,Fatty acid oxidation,3030.1 or 3032.1 or 10449.1,NA,NA
HMR_3326,0.6978988606027403,0,0.44698208136274337,2.512173135691681,Acyl Coenzyme A Oxidase,Fatty acid oxidation,8310.1 or 51.1,NA,NA
HMR_3327,0.6978988606027403,0,0.44698208136274337,2.512173135691681,Enoyl Coenzyme A Hydratase,Fatty acid oxidation,1962.1,NA,NA
HMR_3328,0.6978988606027403,0,0.44698208136274337,2.512173135691681,3-Hydroxyacyl Coenzyme A Dehydrogenase,Fatty acid oxidation,1962.1 or 3295.1,NA,NA
HMR_3329,0.6978988606027403,0,0.44698208136274337,2.512173135691681,Acetyl Coenzyme A C-Acyltransferase,Fatty acid oxidation,30.1 or 4645.1,NA,NA
HMR_3330,-0.33176286497489554,0,21.571466263527974,10.823890043294124,Acyl Coenzyme A Oxidase,Fatty acid oxidation,8310.1 or 51.1,NA,NA
HMR_3331,-0.33176286497489554,0,21.571466263527974,10.823890043294124,Enoyl Coenzyme A Hydratase,Fatty acid oxidation,1962.1,NA,NA
HMR_3332,-0.33176286497489554,0,21.571466263527974,10.823890043294124,3-Hydroxyacyl Coenzyme A Dehydrogenase,Fatty acid oxidation,1962.1 or 3295.1,NA,NA
HMR_3333,-0.33176286497489554,0,21.571466263527974,10.823890043294124,Acetyl Coenzyme A C-Acyltransferase,Fatty acid oxidation,30.1 or 4645.1,NA,NA
HMR_3334,-0.33176286497489554,0,21.571466263527974,10.823890043294124,Acyl Coenzyme A Oxidase,Fatty acid oxidation,8310.1 or 51.1,NA,NA
HMR_3335,-0.33176286497489554,0,21.571466263527974,10.823890043294124,Enoyl Coenzyme A Hydratase,Fatty acid oxidation,1962.1,NA,NA
HMR_3336,-0.33176286497489554,0,21.571466263527974,10.823890043294124,3-Hydroxyacyl Coenzyme A Dehydrogenase,Fatty acid oxidation,1962.1 or 3295.1,NA,NA
HMR_3337,-0.33176286497489554,0,21.571466263527974,10.823890043294124,Acetyl Coenzyme A C-Acyltransferase,Fatty acid oxidation,30.1 or 4645.1,NA,NA
HMR_3338,-0.33176286497489554,0,21.571466263527974,10.823890043294124,Acyl Coenzyme A Oxidase,Fatty acid oxidation,8310.1 or 51.1,NA,NA
HMR_3339,-0.33176286497489554,0,21.571466263527974,10.823890043294124,Enoyl Coenzyme A Hydratase,Fatty acid oxidation,1962.1,NA,NA
HMR_3340,-0.33176286497489554,0,21.571466263527974,10.823890043294124,3-Hydroxyacyl Coenzyme A Dehydrogenase,Fatty acid oxidation,1962.1 or 3295.1,NA,NA
HMR_3341,-0.33176286497489554,0,21.571466263527974,10.823890043294124,Acetyl Coenzyme A C-Acyltransferase,Fatty acid oxidation,30.1 or 4645.1,NA,NA
HMR_3396,-0.3331874917330885,0,0.4896065340606816,0.2448836064434322,HMR_3396,Fatty acid oxidation,NA,NA,NA
HMR_3398,-0.6589520833503034,0,2.15660169055384,0.44335488709307835,Enoyl Coenzyme A Hydratase,Fatty acid oxidation,30.1 or 3028.1 or 37.1 or 3030.1 or 33.1 or 34.1 or 1892.1 or 3032.1 or 3033.1 or 10449.1 or 28976.1,NA,NA
HMR_3406,0.4800035887133219,0,0.3554476249664731,1.0116680598781749,Enoyl Coenzyme A Hydratase,Fatty acid oxidation,30.1 or 3028.1 or 37.1 or 3030.1 or 33.1 or 34.1 or 1892.1 or 3032.1 or 3033.1 or 10449.1 or 28976.1,NA,NA
HMR_3407,0.6894674306690253,0,0.22364423179694276,1.216747236825958,Enoyl Coenzyme A Hydratase,Fatty acid oxidation,30.1 or 3028.1 or 37.1 or 3030.1 or 33.1 or 34.1 or 1892.1 or 3032.1 or 3033.1 or 10449.1 or 28976.1,NA,NA
HMR_3408,0.35107435379779256,0,0.44669614350004466,0.9300290517956044,Enoyl Coenzyme A Hydratase,Fatty acid oxidation,30.1 or 3028.1 or 37.1 or 3030.1 or 33.1 or 34.1 or 1892.1 or 3032.1 or 3033.1 or 10449.1 or 28976.1,NA,NA
HMR_3409,0.5232541626926638,0,0.13051887674135215,0.41702183165171397,Enoyl Coenzyme A Hydratase,Fatty acid oxidation,30.1 or 3028.1 or 37.1 or 3030.1 or 33.1 or 34.1 or 1892.1 or 3032.1 or 3033.1 or 10449.1 or 28976.1,NA,NA
HMR_3413,-0.4031156701852631,1.960931453918745e-4,0.5662965018856896,0.240902097515481,Enoyl Coenzyme A Hydratase,Fatty acid oxidation,30.1 or 3028.1 or 37.1 or 3030.1 or 33.1 or 34.1 or 1892.1 or 3032.1 or 3033.1 or 10449.1 or 28976.1,NA,NA
HMR_3414,0.4191594359628772,0,0.18091849584066805,0.4420355712210296,Enoyl Coenzyme A Hydratase,Fatty acid oxidation,30.1 or 3028.1 or 37.1 or 3030.1 or 33.1 or 34.1 or 1892.1 or 3032.1 or 3033.1 or 10449.1 or 28976.1,NA,NA
HMR_3431,0.39412892356724855,0,0.2255435139717414,0.5189829133325519,Enoyl Coenzyme A Hydratase,Fatty acid oxidation,30.1 or 3028.1 or 37.1 or 3030.1 or 33.1 or 34.1 or 1892.1 or 3032.1 or 3033.1 or 10449.1 or 28976.1,NA,NA
HMR_3475,-0.5473679032136112,0,843.4010386926651,246.70951218675972,Choloyl Coenzyme A Hydrolase,Fatty acid oxidation,10005.1,NA,PMID:10092594;PMID:16756494
HMR_3491,-0.4474899690715359,0,0.6914131990701814,0.2639139034916068,Alpha-Methylacyl Coenzyme A Racemase,Fatty acid oxidation,23600.1,NA,PMID:11060344;PMID:11060359;PMID:7649182
HMR_3520,1,0,NA,1.3180335032384027,HMR_3520,"Transport, mitochondrial",NA,NA,NA
HMR_3639,0.6156501813591155,0,0.12343392297102218,0.5188659662679115,Acyl Coenzyme A:Cholesterol O-Acyltransferase,Cholesterol metabolism,6646.1 or 8435.1,R01461,NA
HMR_3644,0.5211436298624419,0,0.1051926387417794,0.33415680005366305,Acyl Coenzyme A:Cholesterol O-Acyltransferase,Cholesterol metabolism,6646.1 or 8435.1,R01461,NA
HMR_3655,-0.3969110271616455,0,0.5057557304609531,0.21835012972197873,Acyl Coenzyme A:Cholesterol O-Acyltransferase,Cholesterol metabolism,6646.1 or 8435.1,R01461,NA
HMR_3662,0.6430259659474336,0,3.703845380174182,17.04749800537173,Acyl Coenzyme A:Cholesterol O-Acyltransferase,Cholesterol metabolism,6646.1 or 8435.1,R01461,NA
HMR_3664,-0.8975576245981308,0,8.594973861840554,0.4640120160305523,Acyl Coenzyme A:Cholesterol O-Acyltransferase,Cholesterol metabolism,6646.1 or 8435.1,R01461,NA
HMR_3667,0.8586546979619777,0,0.11991872215289623,1.5769006333377817,Acyl Coenzyme A:Cholesterol O-Acyltransferase,Cholesterol metabolism,6646.1 or 8435.1,R01461,NA
HMR_3675,0.8671864983708194,0,0.13619904694718715,1.9147828980580608,Acyl Coenzyme A:Cholesterol O-Acyltransferase,Cholesterol metabolism,6646.1 or 8435.1,R01461,NA
HMR_3677,0.8738208263676596,0,0.16912248789635195,2.511549496675989,Acyl Coenzyme A:Cholesterol O-Acyltransferase,Cholesterol metabolism,6646.1 or 8435.1,R01461,NA
HMR_3698,0.6156501813591155,0,0.12343392297102218,0.5188659662679115,Steryl-Ester Acylhydrolase,Cholesterol metabolism,3988.1 or 1056.1,R02115,NA
HMR_3703,0.5211436298624419,0,0.1051926387417794,0.33415680005366305,Steryl-Ester Acylhydrolase,Cholesterol metabolism,3988.1 or 1056.1,R02115,NA
HMR_3714,-0.3969110271616455,0,0.5057557304609531,0.21835012972197873,Steryl-Ester Acylhydrolase,Cholesterol metabolism,3988.1 or 1056.1,R02115,NA
HMR_3721,0.6430259659474336,0,3.703845380174182,17.04749800537173,Steryl-Ester Acylhydrolase,Cholesterol metabolism,3988.1 or 1056.1,R02115,NA
HMR_3723,-0.8975576245981308,0,8.594973861840554,0.4640120160305523,Steryl-Ester Acylhydrolase,Cholesterol metabolism,3988.1 or 1056.1,R02115,NA
HMR_3726,0.8586546979619777,0,0.11991872215289623,1.5769006333377817,Steryl-Ester Acylhydrolase,Cholesterol metabolism,3988.1 or 1056.1,R02115,NA
HMR_3734,0.8671864983708194,0,0.13619904694718715,1.9147828980580608,Steryl-Ester Acylhydrolase,Cholesterol metabolism,3988.1 or 1056.1,R02115,NA
HMR_3736,0.8738208263676596,0,0.16912248789635195,2.511549496675989,Steryl-Ester Acylhydrolase,Cholesterol metabolism,3988.1 or 1056.1,R02115,NA
HMR_3831,-0.500184775221146,0,73.96235867335797,24.64197313297568,Aspartate Ammonia-Lyase,Glutamate metabolism,2271.1,NA,NA
HMR_3855,1,0,0,0.02061837734052624,"Propane-1, 2-Diol:NAD+ 1-Oxidoreductase",Pyruvate metabolism,231.1 or 57016.1,R02577,NA
HMR_3864,-0.7027069870065163,0,55.267541398769616,9.649724837312501,HMR_3864,"Transport, mitochondrial",10165.1 or 8604.1,NA,NA
HMR_3915,0.6628437356997616,0,112.19236901810169,553.3291169964314,Histamine N-Methyltransferase,Methionine and cysteine metabolism,3176.1,NA,NA
HMR_4182,1,0,0,2.7347334596084782,HMR_4182,Pyrimidine synthesis,9917.1 or 79672.1 or 79707.1 or 64122.1 or 55277.1,NA,NA
HMR_4261,-0.9184762350669317,0,1.3134335840371445,0.05581307122968137,Deamido-NAD+:Ammonia Ligase (AMP-Forming),NAD metabolism,55191.1,R00189,NA
HMR_4263,1,0,NA,0.15359101637831482,NAD+ Diphosphatase,NAD metabolism,83594.1,NA,NA
HMR_4278,0.9962012588512437,0,0.49543863871523014,260.3481510212198,Deamido-NAD+:Ammonia Ligase (AMP-Forming),NAD metabolism,55191.1,R00189,NA
HMR_4422,-0.548847797891421,0,332.8506294063568,96.95355130074024,L-Ornithine Carboxy-Lyase (Putrescine-Forming),Arginine and proline metabolism,4953.1,R00670,PMID:10623504;PMID:15670771;PMID:6853503;PMID:8608396
HMR_4592,1.5460381046430527,0,-101.13896923827333,471.58553103779553,Xylitol:NADP+ Oxidoreductase,Pentose phosphate pathway,231.1 or 57016.1,R01431,NA
HMR_4764,0.595397974760351,0,2.6603096500253165,10.489944100927085,Bilirubin:NAD+ Oxidoreductase,Heme synthesis,645.1 or 644.1,R02391,NA
HMR_4771,-0.7113728808313088,0,-0.5355338069216348,-3.175370479994221,HMR_4771,Heme synthesis,NA,R03166,NA
HMR_4776,-0.7832999549860516,0,2.6983040552794972,0.3278879745415346,"L-Proline, 2-Oxoglutarate:Oxygen Oxidoreductase (4-Hydroxylating)",Arginine and proline metabolism,8974.1 or 5033.1 or 283208.1,R01252,NA
HMR_5387,0.5582113426050075,0,4.092289375325732,14.433715341300191,"5- (Methylthio)-2, 3-Dioxopentyl-Phosphate Phosphohydrolase (Isomerizing)",Methionine and cysteine metabolism,58478.1,R07395,NA
HMR_5389,0.5582113426050075,0,4.092289375325732,14.433715341300191,"1, 2-Dihydroxy-5- (Methylthio)Pent-1-En-3-One:Oxygen Oxidoreductase (Formate-Forming)",Methionine and cysteine metabolism,55256.1,R07364,NA
HMR_5996,0.9999827695931274,1.2613482152440843e-16,9.3448830768466e-6,1.0846873945474624,HMR_5996,"Transport, extracellular",9057.1 or 64849.1,NA,PMID:12739168;PMID:12915942
HMR_6385,0.8249692576204724,0,0.4479526758842636,4.670607295859966,HMR_6385,"Transport, endoplasmic reticular",7355.1,NA,PMID:12759756
HMR_6515,-0.9034672670361236,0,148.7006584700227,7.541228159909774,3-Mercaptopyruvate:Cyanide Sulfurtransferase,Methionine and cysteine metabolism,4357.1 or 7263.1,R03105,NA
HMR_6533,-0.8289788912985558,0,54.27641419429779,5.075188443130255,HMR_6533,"Transport, extracellular",65010.1,NA,NA
HMR_6534,0.9873839170199951,0,0.9579326258182526,150.901028247609,HMR_6534,"Transport, extracellular",116369.1 or 115111.1 or 1836.1 or 115019.1,NA,NA
HMR_6617,-9.2059577625733,0,619.1762773608864,-770.0852377225638,HMR_6617,"Transport, nuclear",NA,NA,NA
HMR_6619,9.2059577625733,0,-619.1762773608864,770.0852377225638,HMR_6619,"Transport, nuclear",NA,NA,NA
HMR_6629,0.9311604229066249,0,1.210329793140199,33.95344791277125,HMR_6629,"Transport, endoplasmic reticular",NA,NA,NA
HMR_6632,0.9090672588990835,0,0.6798001846751104,14.271914158141707,NADP-Retinol Dehydrogenase,Vitamin A metabolism,51109.1 or 10170.1 or 50700.1 or 157506.1 or 145226.1 or 9249.1,R08379,NA
HMR_6633,0.9475036664385761,0,0.5305296091648801,19.681533716900645,Alcohol Dehydrogenase,Vitamin A metabolism,8630.1 or 5959.1 or 137872.1 or 195814.1 or 130.1 or 124.1 or 131.1 or 125.1 or 128.1 or 127.1 or 126.1,R02124,NA
HMR_6647,0.9311604229066249,0,1.210329793140199,33.95344791277125,Retinal:NAD+ Oxidoreductase,Vitamin A metabolism,8854.1 or 216.1,R02123,NA
HMR_6728,0.5294461831252179,0,2.449906094884464,7.962956396193372,"L-Tyrosine, Tetrahydrobiopterin:Oxygen Oxidoreductase (3-Hydroxylating)",Phenylalanine metabolism,7054.1,R01815,NA
HMR_6729,0.8175221613334017,0,4.250084308466985,42.3318386200726,L-Tyrosine:Oxygen Oxidoreductase,Phenylalanine metabolism,7299.1,R00731,NA
HMR_6747,0.5053616408362956,0,1.458506610869721,4.438757860634872,L-Metanephrine:Oxygen Oxidoreductase (Deaminating) (Flavin-Containing),Phenylalanine metabolism,4129.1 or 4128.1,R04894,NA
HMR_6755,-0.5033873881875874,0,-3.0949961487311985,-9.369432160633941,Catechol O-Methyltransferase,Phenylalanine metabolism,1312.1 or 220074.1,R04887,NA
HMR_6790,0.43344222435078916,0,1.3974928917884826,3.5357829429209233,Aldehyde Dehydrogenase [NAD (P)+],Phenylalanine metabolism,221.1 or 218.1 or 222.1 or 220.1,NA,NA
HMR_6826,0.9264782629141779,0,-44.2754553081911,-1.6897197581662529,Thyroxine 5'-Deiodinase,Phenylalanine metabolism,1735.1 or 1734.1 or 1733.1,NA,NA
HMR_6834,-0.9264782629141779,0,44.2754553081911,1.6897197581662529,Thyroxine 5'-Deiodinase,Phenylalanine metabolism,1734.1 or 1733.1,NA,NA
HMR_6854,2.026824481149305,0,-0.5373645374837382,1.584017684830355,L-Thyroxine Iodohydrolase (Reducing),Phenylalanine metabolism,1734.1 or 1733.1,R03734,NA
HMR_6907,0.3955741433140545,0,0.005003243092352451,0.01155211448214024,HMR_6907,Ubiquinone synthesis,51004.1,NA,NA
HMR_6908,0.3955741433140545,0,0.005003243092352451,0.01155211448214024,"2-Methoxy-6-Polyprenyl-1, 4-Benzoquinol Methylase",Ubiquinone synthesis,84274.1,NA,NA
HMR_6909,0.3955741433140545,0,0.005003243092352451,0.01155211448214024,HMR_6909,Ubiquinone synthesis,10229.1,NA,NA
HMR_6910,0.3955741433140545,0,0.005003243092352451,0.01155211448214024,3-Demethylubiquinol 3-O-Methyltransferase,Ubiquinone synthesis,51805.1,NA,NA
HMR_6986,0.6847234382891719,0,1.7399119269570802,9.297457406910043,HMR_6986,"Transport, peroxisomal",NA,NA,NA
HMR_6989,0.7983806639290488,0,13.040461462497712,116.31678885508775,HMR_6989,"Transport, extracellular",6528.1,NA,NA
HMR_7628,0.5259394683447783,0,0.3179468764013898,1.023429826237203,L-Phenylalanine:Oxygen Oxidoreductase (Decarboxylating),Phenylalanine metabolism,9588.1 or 8288.1 or 7837.1 or 137902.1 or 4025.1,R00698,NA
HMR_7700,-0.5100349005148682,0,82.84385324610471,26.88056864355877,HMR_7700,"Transport, extracellular",6561.1,NA,NA
HMR_7703,0.4970058006938325,0,7.181364148164238,21.3730969492808,Glycolate:Oxygen 2-Oxidoreductase,"Glycine, serine, alanine, and threonine metabolism",54363.1 or 51179.1,R00475,NA
HMR_7712,-0.9962012588512437,0,-0.49543863871523014,-260.3481510212198,HMR_7712,"Transport, nuclear",NA,NA,NA
HMR_7715,0.9930769894567364,0,0.37346223488143043,107.51666231355667,HMR_7715,"Transport, lysosomal",NA,NA,NA
HMR_7755,0.9985937777839574,0,0.21472313976104634,305.1753315918326,ATP:Glycerone Phosphotransferase,Glycerophospholipid metabolism,26007.1,R01011,NA
HMR_7756,0.5259394683447783,0,0.3179468764013898,1.023429826237203,2-Phenylacetamide Amidohydrolase,Phenylalanine metabolism,158584.1,R02540,NA
HMR_7757,-1.9096578664628596,0,1.1497685470008734,-3.6776828088137625,HMR_7757,"Transport, mitochondrial",1622.1,NA,NA
HMR_7758,-0.5684857743961748,0,14.54600753519701,4.001827290779445,HMR_7758,"Transport, mitochondrial",1622.1,NA,NA
HMR_7898,0.9579426234284567,0,-331.60022678661346,-7.122903113857967,HMR_7898,"Transport, extracellular",NA,NA,NA
HMR_7944,0.8150994167566206,0,1.2735451109395843,12.501912906553562,HMR_7944,"Transport, endoplasmic reticular",NA,NA,NA
HMR_7947,0.49696540725943955,0,-81.64912814848424,-27.437064161013268,HMR_7947,"Transport, endoplasmic reticular",NA,NA,NA
HMR_7949,-0.8384868816030397,0,-20.645504475132377,-235.005611422348,HMR_7949,"Transport, endoplasmic reticular",NA,NA,NA
HMR_8056,0.5551283358518843,0,3.0915793992571663,10.807167805410177,HMR_8056,"Transport, extracellular",NA,NA,NA
HMR_8090,-0.457117872652255,0,1.861941148907205,0.6937081693158818,HMR_8090,"Transport, extracellular",NA,NA,NA
HMR_8374,0.4144929610718375,0,-0.23672695367832067,-0.09798938665459962,HMR_8374,"Transport, extracellular",NA,NA,NA
HMR_8476,-0.35165822460945406,0,-425.9243135509491,-887.9639155220032,HMR_8476,"Transport, nuclear",2030.1 or 3177.1,NA,PMID:12838422;PMID:12006583;PMID:14747464;PMID:16595656;PMID:17187757;PMID:17279066;PMID:7479738
HMR_8501,1,0.013515008486572687,0,1.5609983567476273,Glyoxylate Reductase (NADP+),Pyruvate metabolism,9380.1,NA,NA
HMR_8585,-0.9928529956911005,0,489.5683106437683,1.7557475805977316,3-Phospho-D-Glyceroyl-Phosphate:Alpha-D-Glucose-1-Phosphate 6-Phosphotransferase,Starch and sucrose metabolism,283209.1,R01660,NA
HMR_8670,-0.780668820630412,0,9.448648534306884,1.163822942519188,HMR_8670,"Transport, extracellular",65010.1,NA,NA
HMR_8877,0.5655987812077596,0,65.54094171953797,236.21208697481305,HMR_8877,"Transport, extracellular",6523.1,NA,NA
HMR_8884,0.9914858731373827,0,0.14119624590873717,33.026325964426995,HMR_8884,"Transport, extracellular",6523.1,NA,NA
HMR_9174,-0.3618591070874239,0,2.72365865131038,1.2762538758164603,HMR_9174,"Transport, mitochondrial",NA,NA,NA
HMR_9175,0.3618591070874239,0,-2.72365865131038,-1.2762538758164603,HMR_9175,"Transport, extracellular",NA,NA,NA
HMR_9179,0.34224325457350996,0,1.950492031155283,3.9802476981365307,HMR_9179,"Transport, peroxisomal",NA,NA,NA
HMR_9180,-1,0,NA,-3.9802476981365307,HMR_9180,"Transport, extracellular",NA,NA,NA
HMR_9187,-0.9928529956911005,0,489.5683106437683,1.7557475805977316,HMR_9187,"Transport, extracellular",NA,NA,NA
HMR_9188,-1,0,NA,-35.49811499474998,HMR_9188,"Transport, extracellular",NA,NA,NA
HMR_9561,0.5405660771278805,0,20.17476184969077,67.64967098090928,HMR_9561,Miscellaneous,1208.1,NA,PMID:10769148;PMID:8017323
HMR_9590,-0.9660860059109315,0,80.12165730261505,1.3820582639813423,HMR_9590,"Transport, extracellular",10861.1 or 1836.1,NA,NA
HMR_9593,0.5764684584521107,0,0.027197673452492747,0.10123513867334259,HMR_9593,"Transport, extracellular",11254.1 or 6536.1,NA,NA
HMR_9605,0.9907368939542452,0,0.32286867179870604,69.38780293314774,HMR_9605,"Transport, extracellular",92745.1,NA,NA
HMR_9607,0.49427457042342565,0,2.39169381494016,7.066773863628581,HMR_9607,"Transport, extracellular",8884.1,NA,NA
HMR_9609,0.4233249714354361,0,26.080122310924438,64.36985737986267,HMR_9609,"Transport, extracellular",8884.1,NA,NA
HMR_9620,-0.6765612612294934,0,56.80829541405216,10.9593391218815,HMR_9620,"Transport, extracellular",60482.1,NA,NA
HMR_9623,-0.4847077549756986,0,473.0796098988533,164.19005925108195,HMR_9623,"Transport, extracellular",10864.1 or 55867.1,NA,NA
HMR_9624,-0.8611977060680328,0,337.37194705600143,25.16014285155982,HMR_9624,"Transport, extracellular",10864.1 or 55867.1,NA,NA
HMR_9627,0.8282082673662687,0,0.3553086483701145,3.7811959775847415,HMR_9627,"Transport, endoplasmic reticular",NA,NA,NA
HMR_9628,0.9059237803186607,0,0.19200802152502147,3.889959178590006,HMR_9628,"Transport, endoplasmic reticular",NA,NA,NA
HMR_9634,-1.0031238450823465,0,0.571173988195312,-366.25767452762125,HMR_9634,"Transport, endoplasmic reticular",NA,NA,NA
HMR_9639,-1.005872789765904,0,2.769762329072322,-946.022437625885,HMR_9639,"Transport, extracellular",NA,NA,NA
HMR_9644,0.798356276168103,1.928585251662611e-12,0.07502561039187901,0.6691146878147257,HMR_9644,"Transport, extracellular",NA,NA,NA
HMR_9674,0.552401697528608,0,1.713165514997486,5.941758578942669,HMR_9674,"Transport, nuclear",NA,NA,NA
HMR_9679,-0.5473679032136112,0,843.4010386926651,246.70951218675972,HMR_9679,"Transport, peroxisomal",NA,NA,NA
HMR_9719,0.34126506561004916,0,0.5367537932740645,1.0928965114305065,Enoyl Coenzyme A Hydratase,Fatty acid oxidation,30.1 or 3028.1 or 37.1 or 3030.1 or 33.1 or 34.1 or 1892.1 or 3032.1 or 3033.1 or 10449.1 or 28976.1,NA,NA
HMR_9726,-0.6927026228428755,0,108.79355296909809,19.750647885722483,5-Formyltetrahydrofolate:L-Glutamate N-Formiminotransferase,Folate metabolism,10841.1,R03189,NA
HMR_9797,1,0,NA,15.778377080049566,HMR_9797,Purine catabolism,NA,NA,NA
HMR_9805,0.7026566414256596,0,7.488177203360784,42.879029511892796,Sn-Glycero-3-Phosphocholine Cholinephosphohydrolase,Glycerophospholipid metabolism,133121.1,R02591,NA
HMR_4772,0.7113728808306217,0,0.5355338069231249,3.175370479994221,Uroporphyrinogen Decarboxylase,Heme synthesis,7389.1,R04972,PMID:17360334;UNIPROT:P06132
HMR_6672,2.005481239924082,0,-0.49187838339805606,1.4702723381876945,HMR_6672,Vitamin A metabolism,NA,NA,PMID:9647871
EX_glc_D[e],-1,0,NA,-90.29432328297587,Exchange of D-Glucose,Exchange/demand reaction,NA,NA,NA
12DHCHOLabc,-0.5835138424143492,0,1.582940875251847,0.41633545925543003,12-Dehydrocholic acid ABC bile acid transporter,"Transport, extracellular",(8714.3 or 8647.1 or 8714.2 or 8714.1 or 1244.1 or 10257.1),NA,"PMID:25210150, PMID:26579438, PMID:23506869"
12DHCHOLt2,-0.5835138424143492,0,1.582940875251847,0.41633545925543003,12-Dehydrocholic acid transport via sodium cotransport,"Transport, extracellular",(6554.1 or 6555.1),NA,"PMID:25210150, PMID:26579438"
3DHCAS,0.488778932052811,0,9.223396394848981,26.860391903961077,3-dehydrocholic acid formation,Bile acid synthesis,(1576.1),NA,"PMID:15708356 , PMID:17263554"
3DHCDCAS,0.8165138293900148,0,3.5837068858251637,35.47871262962297,3-dehydro-chenodehydroxycholic acid formation,Bile acid synthesis,(1576.1),NA,"PMID:15708356 , PMID:17263554"
3DHCDCHOLabc,0.4497185337195026,0,0.08838294515175803,0.23284519196564288,3-Dehydrochenodeoxycholic acid ABC bile acid transporter,"Transport, extracellular",(8714.3 or 8647.1 or 8714.2 or 8714.1 or 1244.1 or 10257.1),NA,"PMID:25210150, PMID:26579438, PMID:23506869"
3DHCDCHOLt2,0.4497185337195026,0,0.08838294515175803,0.23284519196564288,3-Dehydrochenodeoxycholic acid transport via sodium cotransport,"Transport, extracellular",(6554.1) or (6555.1),NA,"PMID:25210150, PMID:26579438"
CA24GSc,0.7999754583406852,0,2.263887174417579,20.37220693320917,UDP-Glucuronosyltransferase (UGT) cytosolic (cholic acid),Bile acid synthesis,(10941.1),NA,"PMID:10529008, PMID:8244999, PMID:21995321, PMID:23756265"
CA24GSr,0.6447069290450856,0,0.21521820447298814,0.9962785685687734,UDP-Glucuronosyltransferase (UGT) (cholic acid),Bile acid synthesis,(10941.1),NA,"PMID:10529008, PMID:8244999, PMID:21995321, PMID:23756265"
CA24Gte,0.34673200241187313,0,0.16988355074332212,0.35022014749548397,Glucuronidated bile acid excretion (CA-24G),"Transport, extracellular",(8714.3 or 8714.2 or 8714.1 or 1244.1 or 9429.1),NA,"Geoffrey J. Dutton, CRC Press, 1980, PMID:10529008, PMID:25210150"
CA24Gtr,-0.644706929048568,0,-0.21521820447298814,-0.9962785685806477,Glucuronidated Compound Transport (CA-24G),"Transport, extracellular",NA,NA,NA
CDCA24GSc,0.7143115030388697,0,4.86275098402726,29.179578586483004,UDP-Glucuronosyltransferase (UGT) cytosolic (chenodeoxycholic acid),Bile acid synthesis,(54659.1 or 10941.1 or 79799.1),NA,"PMID:17058234, PMID:23756265, PMID:25210150"
CDCA24GSr,0.5376001021264729,0,0.3450594140127786,1.147412429513265,UDP-Glucuronosyltransferase (UGT) (chenodeoxycholic acid),Bile acid synthesis,(54659.1 or 10941.1 or 79799.1),NA,"PMID:17058234, PMID:23756265, PMID:25210150"
CDCA24Gtr,-0.5376001021264729,0,-0.3450594140127786,-1.147412429513265,Glucuronidated Compound Transport (CDCA-24G),"Transport, extracellular",NA,NA,NA
CDCA3GSr,0.9573239346190819,0,0.24901788783885423,11.421124877955931,UDP-Glucuronosyltransferase (UGT) ER (chenodeoxycholic acid),Bile acid synthesis,(7364.1 or 10941.1 or 79799.1),NA,"PMID:17058234, PMID:23756265, PMID:25210150, PMID:16749861, PMID:10529008"
CDCA3Gtr,-0.9573239346191037,0,-0.24901788783885423,-11.42112487796189,Glucuronidated Compound Transport (CDCA-3G),"Transport, extracellular",NA,NA,NA
HC02220t,0.5661767569658954,0,-2.4980610794931652,-0.6919506077350117,Chenodeoxycholic acid 3-sulfate transport via bicarbonate countertransport,"Transport, extracellular",(28234.1 or 10599.1),NA,PMID:19131563
CDCA6AH,0.7253627793530423,0,1.2257213542190613,7.7003910738899375,Chenodeoxycholic acid 6alpha-hydroxylase,Bile acid synthesis,(1576.1),NA,"PMID:10216279, PMID:17263554"
COPROSTabc,0.7332586934432805,0,0.10022615651965025,0.651259676802819,Coprostanol ABC bile acid transporter,"Transport, extracellular",(8714.3 or 8647.1 or 8714.2 or 8714.1 or 1244.1 or 10257.1),NA,"PMID:25210150, PMID:26579438, PMID:23506869"
COPROSTt2,0.7332586934432805,0,0.10022615651965025,0.651259676802819,Coprostanol transport via sodium cotransport,"Transport, extracellular",(6554.1) or (6555.1),NA,"PMID:25210150, PMID:26579438"
DCA24GSr,0.9804540643560334,0,2.51201368023847,254.52491982812285,UDP-Glucuronosyltransferase (UGT) ER (deoxycholic acid),Bile acid synthesis,(7364.1 or 10941.1),NA,"PMID:23756265, PMID:21995321"
DCA24Gte,0.679524339964131,0,0.19181916554088238,1.005271218917102,Glucuronidated bile acid excretion (DCA-24g),"Transport, extracellular",(8714.3 or 8647.1 or 8714.2 or 8714.1 or 1244.1 or 9429.1),NA,"Geoffrey J. Dutton, CRC Press, 1980, PMID:10529008, PMID:25210150"
DCA24Gtr,-0.9804540643560334,0,-2.51201368023847,-254.52491982812285,Glucuronidated Compound Transport (DCA-24g),"Transport, extracellular",NA,NA,NA
DCA3GSc,0.9792344355590062,0,2.2697288936258353,216.3353468388796,UDP-Glucuronosyltransferase (UGT) cytosolic (deoxycholic acid),Bile acid synthesis,(7364.1 or 10941.1),NA,"PMID:23756265, PMID:21995321"
DCA3GSr,0.9931884514992847,0,1.3082922623521989,382.8311621406555,UDP-Glucuronosyltransferase (UGT) ER (deoxycholic acid),Bile acid synthesis,(7364.1 or 10941.1),NA,"PMID:23756265, PMID:21995321"
DCA3Gte,0.41769754672327497,0,0.188836777760569,0.4597498002211966,Glucuronidated bile acid excretion (DCA-3G),"Transport, extracellular",(8714.3 or 8647.1 or 8714.2 or 8714.1 or 1244.1 or 9429.1),NA,"Geoffrey J. Dutton, CRC Press, 1980, PMID:10529008, PMID:25210150"
DCA3Gtr,-0.9931884514992847,0,-1.3082922623521989,-382.8311621406555,Glucuronidated Compound Transport (DCA-3G),"Transport, extracellular",NA,NA,NA
DCASULT,-0.4321576851155177,0,0.37153156863382136,0.14731013782792715,Deoxycholic acid sulfotransferase,Bile acid synthesis,(6822.1),NA,"PMID:16949895, PMID:19131563, PMID:25210150"
DM_3dhcdchol[c],0.8165138293900148,0,3.5837068858251637,35.47871262962297,DM_3dhcdchol(c),Exchange/demand reaction,NA,NA,NA
DM_3dhchol[c],0.488778932052811,0,9.223396394848981,26.860391903961077,DM_3dhchol(c),Exchange/demand reaction,NA,NA,NA
DM_ca24g[c],0.8020170957603519,0,2.3092218322278537,21.018265367703886,DM_ca24g(c),Exchange/demand reaction,NA,NA,NA
DM_cdca24g[c],0.7131967632906459,0,5.021307395716943,29.994388056880236,DM_cdca24g(c),Exchange/demand reaction,NA,NA,NA
DM_cdca3g[c],0.8810859975093039,0,0.7600590308603481,12.02328044036494,DM_cdca3g(c),Exchange/demand reaction,NA,NA,NA
DM_dca3g[c],0.9887420454724734,0,3.3891843763207437,598.7067590801715,DM_dca3g(c),Exchange/demand reaction,NA,NA,NA
DM_dca3s[c],-0.4321576851155177,0,0.37153156863382136,0.14731013782792715,DM_dca3s(c),Exchange/demand reaction,NA,NA,NA
DM_gca3s[c],0.5901347193345836,0,0.1185003930596955,0.45974030528542936,DM_gca3s(c),Exchange/demand reaction,NA,NA,NA
DM_gcdca3s[c],0.43987640580421367,0,0.09897377954471777,0.2544260078247903,DM_gcdca3s(c),Exchange/demand reaction,NA,NA,NA
DM_gdca3s[c],-0.4352955866116774,2.0303935122063963e-13,0.5353681315517426,0.2106358784175122,DM_gdca3s(c),Exchange/demand reaction,NA,NA,NA
DM_hca24g[c],0.7972064603021282,0,3.8758657471315447,34.34888000074513,DM_hca24g(c),Exchange/demand reaction,NA,NA,NA
DM_hca6g[c],0.8323847925241274,0,0.6778869949621876,7.410722686349289,DM_hca6g(c),Exchange/demand reaction,NA,NA,NA
DM_hdca24g[c],0.819483493326583,0,4.55516253006733,45.912937191232295,DM_hdca24g(c),Exchange/demand reaction,NA,NA,NA
DM_hdca6g[c],0.6086471521891708,0,2.255510175230502,9.271224268366861,DM_hdca6g(c),Exchange/demand reaction,NA,NA,NA
DM_lca24g[c],0.8237320057359109,0,1.4483904274130377,14.985567801475897,DM_lca24g(c),Exchange/demand reaction,NA,NA,NA
DM_tcdca3s[c],0.4883008298084389,0,0.07084996560704385,0.20607041939385526,DM_tcdca3s(c),Exchange/demand reaction,NA,NA,NA
DM_thyochol[c],0.3863034773116795,0,8.3535523143642,18.87017148244388,DM_thyochol(c),Exchange/demand reaction,NA,NA,NA
EX_ca24g[e],0.34673200241187313,0,0.16988355074332212,0.35022014749548397,EX_ca24g(e),Exchange/demand reaction,NA,NA,NA
EX_dca24g[e],0.679524339964131,0,0.19181916554088238,1.005271218917102,EX_dca24g(e),Exchange/demand reaction,NA,NA,NA
EX_dca3g[e],0.41769754672327497,0,0.188836777760569,0.4597498002211966,EX_dca3g(e),Exchange/demand reaction,NA,NA,NA
EX_hdca6g[e],0.3762454043176956,0,0.1940006421845331,0.42804092200569865,EX_hdca6g(e),Exchange/demand reaction,NA,NA,NA
EX_hyochol[e],-0.8030361549456742,0,-3.7875340000737285,-34.671646150771345,EX_hyochol(e),Exchange/demand reaction,NA,NA,NA
EX_lca24g[e],0.8762128976745245,0,0.2369563655328384,3.5914936277436027,EX_lca24g(e),Exchange/demand reaction,NA,NA,NA
EX_lca3g[e],-0.7555856594184801,0,2.9269744649797866,0.4074962277795941,EX_lca3g(e),Exchange/demand reaction,NA,NA,NA
GCASULT,0.5901347193345836,0,0.1185003930596955,0.45974030528542936,Glycocholic acid sulfotransferase,Bile acid synthesis,(6822.1),NA,"PMID:16949895, PMID:19131563, PMID:25210150"
GCDCASULT,0.43987640580421367,0,0.09897377954471777,0.2544260078247903,Glycochenodeoxycholic acid sulfotransferase,Bile acid synthesis,(6822.1),NA,"PMID:16949895, PMID:19131563, PMID:25210150"
GDCASULT,-0.4352955866116774,2.0303935122063963e-13,0.5353681315517426,0.2106358784175122,Glycodeoxycholic acid sulfotransferase,Bile acid synthesis,(6822.1),NA,"PMID:16949895, PMID:19131563, PMID:25210150"
GUDCA3Sabc,0.43449762026319383,0,0.08949536698739975,0.22702095617662418,Glycoursodeoxycholic acid 3-sulfate ABC bile acid transporter,"Transport, extracellular",(8714.3 or 8714.2 or 8714.1 or 10257.1 or 1244.1 or 9429.1),NA,"PMID:19131563, PMID:25210150"
GUDCA3St,0.43449762026319383,0,0.08949536698739975,0.22702095617662418,Glycoursodeoxycholic acid 3-sulfate via bicarbonate countertransport,"Transport, extracellular",(28234.1 or 10599.1),NA,PMID:19131563
HCA24GSc,0.7637869717606085,0,3.7947446653778023,28.335106034745277,UDP-Glucuronosyltransferase (UGT) cytosolic (hyocholic acid),Bile acid synthesis,(7364.1 or 10941.1 or 79799.1),NA,"PMID:10529008, PMID:8244999, PMID:21995321, PMID:23756265"
HCA24GSr,0.9118635281208097,0,0.2898318109405227,6.287055254332506,UDP-Glucuronosyltransferase (UGT) (hyocholic acid),Bile acid synthesis,(7364.1 or 10941.1 or 79799.1),NA,"PMID:10529008, PMID:8244999, PMID:21995321, PMID:23756265"
HCA24Gtr,-0.9118635281208097,0,-0.2898318109405227,-6.287055254332506,Glucuronidated Compound Transport (HCA-24G),"Transport, extracellular",NA,NA,NA
HCA6GSc,0.811472293975865,0,0.6862014459451893,6.593380536104104,UDP-Glucuronosyltransferase (UGT) cytosolic (hyocholic acid),Bile acid synthesis,(7363.1 or 7364.1),NA,"PMID:10529008, PMID:8244999, PMID:23756265"
HCA6GSr,0.6533493508796283,0,0.24247742974866415,1.1564954575887878,UDP-Glucuronosyltransferase (UGT) ER (hyocholic acid),Bile acid synthesis,(7363.1 or 7364.1),NA,"PMID:10529008, PMID:8244999, PMID:23756265"
HCA6Gtr,-0.6533493508796283,0,-0.24247742974866415,-1.1564954575887878,Glucuronidated Compound Transport (HCA-6G),"Transport, extracellular",NA,NA,NA
HDCA24GSc,0.4826276715463848,0,4.435608650197326,12.71107046754756,UDP-Glucuronosyltransferase (UGT) cytosolic (hyodeoxycholic acid),Bile acid synthesis,(54659.1 or 10941.1 or 79799.1),NA,"PMID:10529008, PMID:8244999, PMID:21995321, PMID:23756265"
HDCA24GSr,0.9800892681292455,0,0.33789668572870213,33.60326508793905,UDP-Glucuronosyltransferase (UGT) (hyodeoxycholic acid),Bile acid synthesis,(54659.1 or 10941.1 or 79799.1),NA,"PMID:10529008, PMID:8244999, PMID:21995321, PMID:23756265"
HDCA24Gtr,-0.9800892681292455,0,-0.33789668572870213,-33.60326508793905,Glucuronidated Compound Transport (HDCA-24G),"Transport, extracellular",0,NA,NA
HDCA6GSc,0.3438200105222903,0,2.1942221127132595,4.493644472367347,UDP-Glucuronosyltransferase (UGT) cytosolic (hyodeoxycholic acid),Bile acid synthesis,(7363.1 or 7364.1 or 10941.1 or 79799.1),NA,"PMID:10529008, PMID:8244999, PMID:23756265"
HDCA6GSr,0.9065032263293834,0,0.2552887061756119,5.205620716752243,UDP-Glucuronosyltransferase (UGT) ER (hyodeoxycholic acid),Bile acid synthesis,(7363.1 or 7364.1 or 10941.1 or 79799.1),NA,"PMID:10529008, PMID:8244999, PMID:23756265"
HDCA6Gte,0.3762454043176956,0,0.1940006421845331,0.42804092200569865,Glucuronidated bile acid excretion (HDCA-6G),"Transport, extracellular",(8714.3 or 8647.1 or 8714.2 or 8714.1 or 1244.1 or 9429.1),NA,"Geoffrey J. Dutton, CRC Press, 1980, PMID:10529008, PMID:25210150"
HDCA6Gtr,-0.9065032263293834,0,-0.2552887061756119,-5.205620716752243,Glucuronidated Compound Transport (HDCA-6G),"Transport, extracellular",NA,NA,NA
HYOCHOLt2,0.7795735295191999,0,4.3471120634733555,35.09562867443636,hyocholic acid transport via sodium cotransport,"Transport, extracellular",(6554.1) or (6555.1),NA,"PMID:25210150, PMID:26579438"
HYOCHOLtr,0.86651991276666,0,0.5323092406986282,7.443550705633056,Bile salt transport (hyocholic acid),"Transport, extracellular",NA,NA,PMID:15975683
ICDCHOLabc,0.8760590250808665,0,0.11473727492952021,1.7367452554343337,Isochenodeoxycholic acid ABC bile acid transporter,"Transport, extracellular",(8714.3 or 8647.1 or 8714.2 or 8714.1 or 1244.1 or 10257.1),NA,"PMID:25210150, PMID:26579438, PMID:23506869"
ICDCHOLt2,0.8760590250808665,0,0.11473727492952021,1.7367452554343337,Isochenodeoxycholic acid transport via sodium cotransport,"Transport, extracellular",(6554.1) or (6555.1),NA,"PMID:25210150, PMID:26579438"
LCA24GSc,0.8134378888838503,0,1.4432203610967895,14.028520952961035,UDP-Glucuronosyltransferase (UGT) cytosolic (lithocholic acid),Bile acid synthesis,(54659.1 or 7364.1 or 10941.1 or 79799.1),NA,"PMID:17058234, PMID:23756265, PMID:25210150"
LCA24GSr,0.8989174431934781,0,0.24212643037375528,4.548540486316921,UDP-Glucuronosyltransferase (UGT) ER (lithocholic acid),Bile acid synthesis,(54659.1 or 7364.1 or 10941.1 or 79799.1),NA,"PMID:17058234, PMID:23756265, PMID:25210150"
LCA24Gte,0.8762128976745245,0,0.2369563655328384,3.5914936277436027,Glucuronidated bile acid excretion (LCA-24G),"Transport, extracellular",(8714.3 or 8647.1 or 8714.2 or 8714.1 or 1244.1 or 9429.1),NA,"Geoffrey J. Dutton, CRC Press, 1980, PMID:10529008, PMID:25210150"
LCA24Gtr,-0.8989174431934781,0,-0.24212643037375528,-4.548540486316921,Glucuronidated Compound Transport (LCA-24G),"Transport, extracellular",NA,NA,NA
LCA3Gte,-0.7555856594184801,0,2.9269744649797866,0.4074962277795941,Glucuronidated bile acid excretion (LCA-3G),"Transport, extracellular",(8714.3 or 8647.1 or 8714.2 or 8714.1 or 1244.1 or 9429.1),NA,"Geoffrey J. Dutton, CRC Press, 1980, PMID:10529008, PMID:25210150"
LCA3Sabc,0.41178170319042146,0,0.1066702936405316,0.256019184803433,Lithocholic acid 3-sulfate ABC bile acid transporter,"Transport, extracellular",(8714.3 or 8714.2 or 8714.1 or 10257.1 or 1244.1 or 9429.1),NA,"PMID:19131563, PMID:25210150"
LCA3St,0.41178170319042146,0,0.1066702936405316,0.256019184803433,Lithocholic acid 3-sulfate transport via bicarbonate countertransport,"Transport, extracellular",(28234.1 or 10599.1),NA,PMID:19131563
M02155tr,0.9698906492256019,0,0.5931853919163347,38.80888583578467,Bile salt transport (hyodeoxycholic acid),"Transport, extracellular",NA,NA,PMID:15975683
TCDCA6AH,0.3863034773116795,0,8.3535523143642,18.87017148244388,Taurochenodeoxycholic acid 6alpha-hydroxylase,Bile acid synthesis,(1576.1),NA,"PMID:10216279, PMID:17263554"
TCDCASULT,0.4883008298084389,0,0.07084996560704385,0.20607041939385526,Taurochenodeoxycholic acid sulfotransferase,Bile acid synthesis,(6822.1),NA,"PMID:16949895, PMID:19131563, PMID:25210150"
THYOCHOLabc,0.9560592331120082,0,0.1265383867576893,5.632959943357704,taurohyocholic acid ABC bile acid transporter,"Transport, extracellular",(8714.3 or 8647.1 or 8714.2 or 8714.1 or 1244.1),NA,"PMID:25210150, PMID:26579438"
THYOCHOLt2,0.9560592331120082,0,0.1265383867576893,5.632959943357704,taurohyocholic acid transport via sodium cotransport,"Transport, extracellular",(6554.1) or (6555.1),NA,"PMID:25210150, PMID:26579438"
14HMDZALThr,0.36672271030378195,0,1.3986770741164103,3.0185887804268754,"oxidation of 4-OH-midazolam to 1,4-Dihydroxy-midazolam in hepatocytes",Drug metabolism,(1576.1 or 1577.1),NA,"PMID: 8689807, PMID: 3196361, PMID: 8185679, PMID: 18256203, PMID: 17635335"
14HMDZhr,0.5445228746977993,0,0.4186944756173325,1.4197929142358305,"oxidation of 1-OH-midazolam to 1,4-Dihydroxy-midazolam in hepatocytes",Drug metabolism,(1576.1 or 1577.1),NA,"PMID: 8689807, PMID: 3196361, PMID: 8185679, PMID: 18256203, PMID: 17635335"
14MDZtev,0.41897594615509315,0,1.8173715549125335,4.438381689333171,"efflux of 1,4-Dihydroxy-midazolam into hepatic vein",Drug metabolism,NA,NA,"PMID: 18256203, PMID: 7199324"
1HIBUPGLUC_Sthv,0.5321517271846169,0,0.3147412099837003,1.030742906435812,release of 1-hydroxy S-ibuprofen-glucuronide into hepatic vein,Drug metabolism,NA,NA,"PMID: 9515184, Graham, G. ; K. Williams (2004). Metabolism ; Pharmacokinetics of Ibuprofen. Aspirin ; Related Drugs, CRC Press."
1HIBUP_SGLUhep,0.5321517271846169,0,0.3147412099837003,1.030742906435812,glucuronidation of 1-hydroxy ibuprofen,Drug metabolism,(54659.1 or 54600.1 or 7364.1),NA,PMID: 9515184.
1HMDGLUChr,0.8950668085723352,0,0.5552060760221023,10.026880839819604,glucuronidation of 1-OH-midazolam in enterocytes,Drug metabolism,(54657.1 or 7363.1 or 7364.1),NA,PMID: 17998299
1HMDZGLUChc,-0.8950668085723389,0,-0.5552060760221023,-10.026880839819976,uptake of 1-OH-midazolam-glucuronide into hepatocytes,Drug metabolism,NA,NA,PMID: 17498391
1OHMDZhr,-0.8103253743080417,0,14.238677881973743,1.4918400503799087,oxidation of midazolam to 1-OH-midazolam in hepatocytes,Drug metabolism,(1576.1 or 1577.1),NA,"PMID: 8689807, PMID: 3196361, PMID: 8185679, PMID: 18256203, PMID: 17635335"
1OHMDZtep,-7.015107717973055,0,13.264777317699076,-9.954833700109464,efflux of 1-OH-midazolam into portal blood,Drug metabolism,NA,NA,PMID: 17498391
2HATVACIDGLUChr,0.7212328366999108,0,0.16973116026794086,1.0479959081474124,glucuronidation of 2-hydroxy-atorvastatin-acid in hepatocytes,Drug metabolism,(54659.1 or 54657.1),NA,"PMID: 17470524, PMID: 16258024."
2HATVACIDGLUCteb,0.7212328366999108,0,0.16973116026794086,1.0479959081474124,efflux of 2-hydroxy-atorvastatin-acyl-glucuronide into bile,Drug metabolism,(1244.1 or 5243.1),NA,"PMID: 17470524, PMID: 16258024."
2HATVACIDOXDhc,0.7212328366999108,0,0.16973116026794086,1.0479959081474124,oxidation of atorvastatin acid to 2-hydroxy-atorvastatin-acid in hepatocytes,Drug metabolism,(1576.1 or 1577.1 or 1558.1),NA,"PMID: 14531725, PMID: 9804052, PMID: 12036392, PMID: 15998357, PMID: 16388406, PMID: 18720283."
2HATVACIDhc,0.7525307951879233,0,17.0189825998202,120.52526346299052,conversion of 2-hydroxy-atorvastatin-lactone to its acid form in hepatocytes,Drug metabolism,5446.1,NA,"PMID: 11038166, PMID: 14531725, PMID: 11950779"
2HATVACIDthc,-0.7525307951879233,0,-17.0189825998202,-120.52526346299052,uptake of 2-hydroxy-atorvastatin-acid into hepatocytes,Drug metabolism,(10599.1 or 11309.1),NA,"Russel, F. G. M. (2010). Transporters: Importance in Drug Absorption, Distribution, ; Removal, Enzyme- ; Transporter-Based Drug-Drug Interactions. K. S. Pang, A. D. Rodrigues ; R. M. Peter, Springer New York: 27-49, PMID: 21942630."
2HATVLACGLUChr,-0.5784811307482598,0,4.42600298046158,1.181923391598993,glucuronidation of 2-hydroxy-atorvastatin-lactone in hepatocytes,Drug metabolism,(54659.1 or 54657.1),NA,"PMID: 17470524, PMID: 16258024."
2HATVLACGLUCteb,-0.5784811307483122,0,4.42600298046158,1.1819233915988068,efflux of 2-hydroxy-atorvastatin-lactone-glucuronide into bile,Drug metabolism,(1244.1 or 5243.1),NA,"PMID: 17470524, PMID: 16258024"
2HATVLACOXDhc,-0.5784811307483122,0,4.42600298046158,1.1819233915988068,oxidation of atorvastatin lactone to 2-hydroxy-atorvastatin-lactone in hepatocytes,Drug metabolism,(1576.1 or 1577.1),NA,"PMID: 14531725, PMID: 9804052, PMID: 12036392, PMID: 15998357, PMID: 16388406, PMID: 18720283."
2HATVLACtep,-0.7559859563961249,0,-16.581859797286988,-119.32720143859386,efflux of 2-hydroxy-atorvastatin-lactone into portal blood,Drug metabolism,NA,NA,"PMID: 14531725, PMID: 9804052, PMID: 12036392, PMID: 18720283."
2HATVLACthc,0.4653533949357559,7.545881873339084e-4,0.43712307205200196,1.1980619937896728,uptake of 2-hydroxy-atorvastatin-lactone into hepatocytes,Drug metabolism,(10599.1 or 11309.1),NA,"Russel, F. G. M. (2010). Transporters: Importance in Drug Absorption, Distribution, ; Removal, Enzyme- ; Transporter-Based Drug-Drug Interactions. K. S. Pang, A. D. Rodrigues ; R. M. Peter, Springer New York: 27-49, PMID: 21942630."
2HIBUP_Rthv,-0.6334163437731255,0,3.6739678661065844,0.8245396700918937,release of R-2-hydroxy-ibuprofen into hepatic vein,Drug metabolism,NA,NA,"PMID: 9515184, Graham, G. ; K. Williams (2004). Metabolism ; Pharmacokinetics of Ibuprofen. Aspirin ; Related Drugs, CRC Press."
3HIBUPGLUC_Sthv,0.6595523922101363,0,0.29450133967885617,1.4355818387033688,release of 3-hydroxy S-ibuprofen-glucuronide into hepatic vein,Drug metabolism,NA,NA,"PMID: 9515184, Graham, G. ; K. Williams (2004). Metabolism ; Pharmacokinetics of Ibuprofen. Aspirin ; Related Drugs, CRC Press."
3HIBUP_SGLUhep,0.6595523922101363,0,0.29450133967885617,1.4355818387033688,glucuronidation of S-3-hydroxy ibuprofen,Drug metabolism,(54659.1 or 54600.1 or 7364.1),NA,PMID: 9515184.
3HIBUP_Sthv,-0.8173080673411901,0,-0.5898024181483604,-5.86699520356007,release of S-3-hydroxy-ibuprofen into hepatic vein,Drug metabolism,NA,NA,"PMID: 9515184, Graham, G. ; K. Williams (2004). Metabolism ; Pharmacokinetics of Ibuprofen. Aspirin ; Related Drugs, CRC Press."
3HPVSthc,1.5991836624339106,0,-0.70991432762146,0.16365487094521522,uptake of 3-hydroxy pravastatin by hepatocytes,Drug metabolism,(10599.1 or 11309.1),NA,PMID: 17177112
3ISPVStep,-0.996413233566325,0,-0.01562608860433102,-8.697563851851225,3-alpha-iso-pravastatin exit into portal blood,Drug metabolism,NA,NA,PMID: 11192473
3ISPVSthc,-0.9608294836494236,0,5.680827325446904,0.11348306494355202,uptake of 3-alpha-iso-pravastatin by hepatocytes,Drug metabolism,(10599.1 or 11309.1),NA,PMID: 17177112
4HATVACIDOXDhc,0.764363636287511,0,0.617749314149277,4.625493319683098,oxidation of atorvastatin acid to 4-hydroxy-atorvastatin-acid in hepatocytes,Drug metabolism,(1576.1 or 1577.1 or 1558.1),NA,"PMID: 14531725, PMID: 9804052, PMID: 12036392, PMID: 15998357, PMID: 16388406, PMID: 18720283."
4HATVACIDthc,-0.6016146830627536,0,-1.4614579875946045,-5.875448898583698,uptake of 4-hydroxy-atorvastatin-acid into hepatocytes,Drug metabolism,(10599.1 or 11309.1),NA,"Russel, F. G. M. (2010). Transporters: Importance in Drug Absorption, Distribution, ; Removal, Enzyme- ; Transporter-Based Drug-Drug Interactions. K. S. Pang, A. D. Rodrigues ; R. M. Peter, Springer New York: 27-49, PMID: 21942630."
4HMDGLUCtev,0.9337478849421907,0,0.886643833098968,25.879107941778376,efflux of 4-OH-midazolam-glucuronide into hepatic vein,Drug metabolism,NA,NA,"PMID: 18256203, PMID: 7199324"
4HMDZGLUChr,0.9337478849421907,0,0.886643833098968,25.879107941778376,glucuronidation of 4-OH-midazolam in enterocytes,Drug metabolism,(54657.1 or 7363.1 or 7364.1),NA,"PMID: 8689807, PMID: 3196361, PMID: 8185679, PMID: 18256203, PMID: 17998299"
4OHMDZhr,0.85679393396334,0,0.6978919209642154,9.04878907208197,oxidation of midazolam to 4-OH-midazolam in hepatocytes,Drug metabolism,(1576.1 or 1577.1),NA,"PMID: 8689807, PMID: 3196361, PMID: 8185679, PMID: 18256203, PMID: 17635335"
4OHMDZtev,-0.8518936302735157,0,-1.587429001573666,-19.848907659776618,efflux of 4-OH-midazolam into hepatic vein,Drug metabolism,NA,NA,"PMID: 18256203, PMID: 7199324"
56DHPVShc,0.5830657854556566,0,0.4282047657751944,1.625859164877119,"oxidation of triol metabolite to 3-keto-5,6,-dihydroxy-pravastatin in hepatocytes",Drug metabolism,1576.1,NA,"PMID: 9929499, PMID: 1680649, PMID: 9804052, PMID: 11192474"
56DHPVStev,0.5830657854556566,0,0.4282047657751944,1.625859164877119,"exit of 3-keto-5,6,-dihydroxy-pravastatin into hepatic vein",Drug metabolism,NA,NA,"PMID: 1680649, PMID: 11192473, PMID: 9804052, PMID: 16714062, PMID: 18563955"
56EPPVShc,0.8220126966381661,0,0.7566317514551018,7.745455050960571,"oxidation of 3-alpha-iso-pravastatin to 5,6-epoxy-3-alpha-iso-pravastatin in hepatocytes",Drug metabolism,1576.1,NA,"PMID: 9929499, PMID: 1680649, PMID: 9804052, PMID: 11192474"
56EPPVStev,0.8220126966381661,0,0.7566317514551018,7.745455050960571,"exit of 5,6-epoxy-3-alpha-iso-pravastatin into hepatic vein",Drug metabolism,NA,NA,"PMID: 1680649, PMID: 11192473, PMID: 9804052, PMID: 16714062, PMID: 18563955"
6BHGLZhr,0.8252085532438785,0,0.670245269387052,6.998840167295837,oxidation of gliclazide to 6-beta-OH-gliclazide in hepatocytes,Drug metabolism,(1559.1 or 1558.1 or 1565.1 or 1557.1),NA,"PMID: 18204476, PMID: 1794262, PMID: 17517049, PMID: 8825191, PMID: 3984386"
6BHGLZtev,0.8252085532438785,0,0.670245269387052,6.998840167295837,excretion of 6-beta-OH-gliclazide into hepatic vein,Drug metabolism,NA,NA,PMID: 8825191.
6HMSMVACIDhep,0.8439265333199787,0,0.31925916198542253,3.771880335030574,conversion of 6-beta-hydroxy-methyl simvastatin lactone to acid form,Drug metabolism,5446.1,NA,"PMID: 1976071, PMID: 9321523."
6HMSMVACIDteb,0.8439265333199787,0,0.31925916198542253,3.771880335030574,efflux of 6-beta-hydroxy-methyl-simvastatin-acid into bile,Drug metabolism,NA,NA,"Brunton, L., Lazo, J., Parker, K. (2006). Goodman & Gilmans: The pharmacological basis of therapeutics, The McGraw-Hill companies, PMID: 19482594, PMID: 16321621, PMID: 15497697."
6HMSMVhep,0.8439265333199787,0,0.31925916198542253,3.771880335030574,oxidation of 6-exomethylene simvastatin to 6-beta-hydroxy methyl simvastatin,Drug metabolism,(1576.1 or 1577.1 or 1558.1 or 1565.1),NA,"PMID: 9321523, PMID: 9804052, PMID: 1976071, PMID: 1971563, PMID: 15998357, PMID: 9217719, PMID: 16388406."
6MSMVhep,0.6261474690176294,0,0.9588795725855511,4.170841336704043,oxidation of simvastatin to 6-exomethylene lactone form,Drug metabolism,(1576.1 or 1577.1 or 1558.1 or 1565.1),NA,"PMID: 9321523, PMID: 9804052, PMID: 1976071, PMID: 1971563, PMID: 15998357, PMID: 9217719, PMID: 16388406."
7BHGLZhr,0.5350553435070999,0,0.516367666262915,1.7048328962208064,oxidation of gliclazide to 7-beta-OH-gliclazide in hepatocytes,Drug metabolism,(1557.1 or 1558.1 or 1559.1),NA,"PMID: 18204476, PMID: 1794262, PMID: 17517049, PMID: 8825191, PMID: 3984386"
7BHGLZtev,0.5350553435070999,0,0.516367666262915,1.7048328962208064,excretion of 7-beta-OH-gliclazide into hepatic vein,Drug metabolism,NA,NA,PMID: 8825191.
7HPVShc,-0.6451228942001725,0,4.939821611953387,1.0655918794867576,oxidation of 3-alpha-iso-pravastatin to 7-hydroxy-3-alpha-iso-pravastatin in hepatocytes,Drug metabolism,1576.1,NA,"PMID: 9929499, PMID: 1680649, PMID: 9804052, PMID: 11192474"
7HPVStev,-0.6451228942001725,0,4.939821611953387,1.0655918794867576,exit of 7-hydroxy-3-alpha-iso-pravastatin into hepatic vein,Drug metabolism,NA,NA,"PMID: 1680649, PMID: 11192473, PMID: 9804052, PMID: 16714062, PMID: 18563955"
ALLOP2tu,1,0,NA,6.974921345748799,uptake of allopurinol by the enterocytes,Drug metabolism,64078.1,NA,PMID: 17655371
ACMPGLUChr,0.7265647976765788,0,0.3249016645662465,2.0515419082108273,glucuronidation of acetaminophen in hepatocytes,Drug metabolism,(54600.1 or 54578.1 or 54658.1),NA,"Graham, G. ; M. Hicks (2004). Pharmacokinetics ; Metabolism of Paracetamol (Acetaminophen). Aspirin ; Related Drugs, CRC Press., PMID: 11714888, PMID: 11215692"
ACMPGLUTtep,0.4063432667770827,0,0.043424802807316885,0.10287119748081909,efflux of acetaminophen-glutathione-conjugate from enterocytes into portal blood,Drug metabolism,8714.1,NA,"Russel, F. G. M. (2010). Transporters: Importance in Drug Absorption, Distribution, ; Removal. Enzyme- ; Transporter-Based Drug-Drug Interactions. K. S. Pang, A. D. Rodrigues ; R. M. Peter, Springer New York: 27-49."
ACMPGLUTthc,0.4063432667770827,0,0.043424802807316885,0.10287119748081909,uptake of acetaminophen-glutathione-conjugate by the hepatocytes,Drug metabolism,8714.1,NA,"Russel, F. G. M. (2010). Transporters: Importance in Drug Absorption, Distribution, ; Removal. Enzyme- ; Transporter-Based Drug-Drug Interactions. K. S. Pang, A. D. Rodrigues ; R. M. Peter, Springer New York: 27-49."
ACMPGLUtep,0.6949955795526891,0,0.3797725337163254,2.110503070547781,efflux of acetaminophen-glucuronide-conjugate from enterocytes into portal blood,Drug metabolism,8714.1,NA,"Russel, F. G. M. (2010). Transporters: Importance in Drug Absorption, Distribution, ; Removal. Enzyme- ; Transporter-Based Drug-Drug Interactions. K. S. Pang, A. D. Rodrigues ; R. M. Peter, Springer New York: 27-49."
ACMPShc,-0.3896765101863781,0,0.2857429407546977,0.1254936868491969,sulphation of acetaminophen in hepatocytes,Drug metabolism,6817.1,NA,"PMID: 2088871, PMID: 11535246, PMID: 9194521, PMID: 11215692, Graham, G. ; M. Hicks (2004). Pharmacokinetics ; Metabolism of Paracetamol (Acetaminophen). Aspirin ; Related Drugs, CRC Press."
ALLOPOXDhep,0.8426150846544606,0,1.0051965207557894,11.768537461930851,oxidation of allopurinol to oxypurinol in hepatocytes,Drug metabolism,(7498.1 or 316.1),NA,PMID: 17655371
ALLOPtepvb,0.6533095362579424,0,1.0051965207557894,4.793616114042664,uptake of allopurinol by the hepatocytes,Drug metabolism,10864.1,NA,"Pang, K. S., Rodrigues, A. D., Peter, R. M. (2010). Enzyme ; Transporter-Based Drug-Drug Interactions: Progress ; Future Challenges, American Association of Pharmaceutical Scientists 2010, Springer Publications., PMID: 17655371"
AM19CSALThr,0.688186293493726,0,0.46905281563091555,2.539492388404096,alternative pathway for formation of AM19 from AM1 in hepatocytes,Drug metabolism,(1576.1 or 1577.1),NA,PMID: 8595701
AM1CSAhr,0.688186293493726,0,0.46905281563091555,2.539492388404096,oxidation of cyclosporine to AM1 in hepatocytes,Drug metabolism,(1576.1 or 1577.1),NA,"PMID: 8361996, PMID: 2568911, PMID: 10503812"
AM4N9CShc,0.37340098708236075,0,4.552642511022343,9.97863639994762,demethylation of AM9 to AM4N9 in hepatocytes,Drug metabolism,NA,NA,"PMID: 8361996, PMID: 2568911, PMID: 10503812"
AM4N9CStev,0.37340098708236075,0,4.552642511022343,9.97863639994762,efflux of AM4N9-cyclosporine into hepatic vein,Drug metabolism,NA,NA,"PMID: 8361996, PMID: 8595701, PMID: 3276417, PMID: 1788988, Russel, F. G. M. (2010). Transporters: Importance in Drug Absorption, Distribution, ; Removal, Enzyme- ; Transporter-Based Drug-Drug Interactions. K. S. Pang, A. D. Rodrigues ; R. M. Peter, Springer New York: 27-49."
AM9CSAhr,0.37340098708236075,0,4.552642511022343,9.97863639994762,oxidation of cyclosporine to AM9 in hepatocytes,Drug metabolism,(1576.1 or 1577.1),NA,"PMID: 8361996, PMID: 2568911, PMID: 10503812"
ATVACIDOATPtu,1.2699916033470227,2.1267297331690087e-15,-1.4889017988204956,12.518147007656097,uptake of atorvastatin by enterocytes,Drug metabolism,11309.1,NA,"Russel, F. G. M. (2010). Transporters: Importance in Drug Absorption, Distribution, ; Removal, Enzyme- ; Transporter-Based Drug-Drug Interactions. K. S. Pang, A. D. Rodrigues ; R. M. Peter, Springer New York: 27-49, PMID: 21710988."
ATVACIDhr,0.5511251321879798,0,0.4720101382436427,1.6310710190703863,spontaneous conversion of atorvastatin ether glucuronide (G1) to atorvastatin-acid,Drug metabolism,NA,NA,PMID: 17470524
ATVACYLGLUChc,0.4915956163995774,0,0.5108493866274512,1.4987689530481962,glucuronidation of atorvastatin to atorvastatin acyl glucuronide (G2) in hepatocytes,Drug metabolism,(54659.1 or 54657.1 or 54658.1 or 54576.1 or 7364.1),NA,PMID: 17470524
ATVETHGLUChc,0.5511251321879798,0,0.4720101382436427,1.6310710190703863,glucuronidation of atorvastatin to atorvastatin ether glucuronide (G1) in hepatocytes,Drug metabolism,(54659.1 or 54657.1 or 54600.1),NA,PMID: 17470524
ATVLACGLCURhc,0.3621332324411248,0,0.25721779952096113,0.5492760095399408,glucuronidation of atorvastatin lactone to atorvastain lactone ether glucuronide (G3) in hepatocytes,Drug metabolism,(54659.1 or 54657.1 or 54658.1 or 54576.1 or 7364.1),NA,PMID: 17470524
ATVLACh2r,0.4915956163995774,0,0.5108493866274512,1.4987689530481962,spontaneous conversion of glucuronide (G2) to lactone form of atorvastatin,Drug metabolism,NA,NA,PMID: 17470524
ATVLAChr,0.3621332324411248,0,0.25721779952096113,0.5492760095399408,spontaneous conversion of atorvastain lactone ether glucuronide (G3) to atorvastatin-lactone in hepatocytes,Drug metabolism,NA,NA,PMID: 17470524
Am19CStev,0.688186293493726,0,0.46905281563091555,2.539492388404096,efflux of AM19-cyclosporine into hepatic vein,Drug metabolism,NA,NA,"PMID: 8361996, PMID: 8595701, PMID: 3276417, PMID: 1788988, Russel, F. G. M. (2010). Transporters: Importance in Drug Absorption, Distribution, ; Removal, Enzyme- ; Transporter-Based Drug-Drug Interactions. K. S. Pang, A. D. Rodrigues ; R. M. Peter, Springer New York: 27-49."
CARBIBUP_SGLUthv,0.8173080673411901,0,0.5898024181483604,5.86699520356007,release of S-carboxy ibuprofen glucuronide into hepatic vein,Drug metabolism,NA,NA,"PMID: 9515184, Graham, G. ; K. Williams (2004). Metabolism ; Pharmacokinetics of Ibuprofen. Aspirin ; Related Drugs, CRC Press."
CARIBUP_Rthv,-0.40832609520824853,0,3.189426688759803,1.3399599349939577,release of R-carboxy ibuprofen into hepatic vein,Drug metabolism,NA,NA,"PMID: 9515184, Graham, G. ; K. Williams (2004). Metabolism ; Pharmacokinetics of Ibuprofen. Aspirin ; Related Drugs, CRC Press."
CARIBUP_SGLUhep,0.8173080673411901,0,0.5898024181483604,5.86699520356007,glucuronidation of S-carboxy ibuprofen,Drug metabolism,(54659.1 or 54600.1 or 7364.1),NA,PMID: 9515184.
CRVS1M24hc,0.5995810905179277,0,0.5197130336874719,2.0761335728561714,hydroxylation of cerivastatin-M1 to M24 in hepatocytes,Drug metabolism,(1558.1 or 1576.1),NA,"PMID: 10976657, PMID: 12433802, PMID: 9172950, PMID: 10976657, PMID: 20739906, PMID: 9804052, PMID: 11129127"
CRVSM1hc,0.5995810905179277,0,0.5197130336874719,2.0761335728561714,demethylation of cerivastatin to M1 in hepatocytes,Drug metabolism,(1558.1 or 1576.1),NA,"PMID: 12433802, PMID: 9172950, PMID: 10976657, PMID: 20739906, PMID: 9804052, PMID: 11129127"
CRVSM1hr,0.5692465299940512,0,0.3735175095299499,1.360734379490429,beta-glucuronidase of cerivastatin-M1-glucuronide to M1 form,Drug metabolism,2990.1,NA,"PMID: 9172950, PMID: 11950779, PMID: 15801541"
CRVSM24tev,0.42990038192777713,0,1.1155087942215964,2.7978732143251226,exit of cerivastatin-M24 into hepatic vein,Drug metabolism,NA,NA,PMID: 10976657
CRVStu,1,0,NA,2.811193353843689,cerivastatin uptake by enterocytes,Drug metabolism,NA,NA,PMID: 10976657
CRVSthc,-1.0241708158967175,0,1.1155087942215964,-0.013320396423339846,cerivastatin uptake by hepatocytes,Drug metabolism,10599.1,NA,"Russel, F. G. M. (2010). Transporters: Importance in Drug Absorption, Distribution, ; Removal, Enzyme- ; Transporter-Based Drug-Drug Interactions. K. S. Pang, A. D. Rodrigues ; R. M. Peter, Springer New York: 27-49, PMID: 20516252"
CSAtd,0.42739501879274183,0,5.021695329388604,12.518128787408479,uptake of cyclosporine by the enterocytes,Drug metabolism,NA,NA,PMID: 1540489
CVM1GLUChc,0.5692465299940512,0,0.3735175095299499,1.360734379490429,glucuronidation of cerivastatin-M1,Drug metabolism,(54658.1 or 54659.1),NA,"PMID: 9172950, PMID: 11950779, PMID: 15801541"
DSPVShc,0.3866412235239956,0,100.49573738751411,227.1941604073882,oxidation of pravastatin to desacyl pravastatin in hepatocytes,Drug metabolism,1576.1,NA,"PMID: 9929499, PMID: 1680649, PMID: 9804052, PMID: 11192474"
DSPVStev,0.3866412235239956,0,100.49573738751411,227.1941604073882,exit of desacyl dehydro-pravastatin into hepatic vein,Drug metabolism,NA,NA,"PMID: 1680649, PMID: 11192473, PMID: 9804052, PMID: 16714062, PMID: 18563955"
EX_14hmdz[e],0.41897594615509315,0,1.8173715549125335,4.438381689333171,"exchange reaction for 1,4-Dihydroxy-midazolam in hepatic vein",Exchange/demand reaction,NA,NA,NA
EX_1hibupglu_S[e],0.5321517271846169,0,0.3147412099837003,1.030742906435812,exchange reaction for 1-hydroxy S-ibuprofen-glucuronide in hepatic vein,Exchange/demand reaction,NA,NA,NA
EX_1hmdgluc[e],0.8950668085723352,0,0.5552060760221023,10.026880839819604,exchange reaction for 1-OH-midazolam-glucuronide in portal blood,Exchange/demand reaction,NA,NA,NA
EX_1ohmdz[e],-7.015107717973727,0,13.264777317698716,-9.954833700109472,exchange reaction for 1-OH-midazolam in portal blood,Exchange/demand reaction,NA,NA,NA
EX_2hatvacid[e],0.7525307951879233,0,17.0189825998202,120.52526346299052,exchange reaction for 2-hydroxy-atorvastatin-acid in portal blood,Exchange/demand reaction,NA,NA,NA
EX_2hatvacidgluc[e],0.7212328366999108,0,0.16973116026794086,1.0479959081474124,exchange reaction for 2-hydroxy-atorvastatin-acyl-glucuronide in bile,Exchange/demand reaction,NA,NA,NA
EX_2hatvlac[e],-0.7525307951879233,0,-17.0189825998202,-120.52526346299052,exchange reaction for 2-hydroxy-atorvastatin-lactone in portal blood,Exchange/demand reaction,NA,NA,NA
EX_2hatvlacgluc[e],-0.5784811307483122,0,4.42600298046158,1.1819233915988068,exchange reaction for 2-hydroxy-atorvastatin-lactone-glucuronide in bile,Exchange/demand reaction,NA,NA,NA
EX_2hibup_R[e],-0.6334163437731255,0,3.6739678661065844,0.8245396700918937,exchange reaction for R-2-hydroxy-ibuprofen in hepatic vein,Exchange/demand reaction,NA,NA,NA
EX_3hibup_S[e],-0.8173080673411901,0,-0.5898024181483604,-5.86699520356007,exchange reaction for S-3-hydroxy-ibuprofen in hepatic vein,Exchange/demand reaction,NA,NA,NA
EX_3hibupglu_S[e],0.6595523922101363,0,0.29450133967885617,1.4355818387033688,exchange reaction for 3-hydroxy S-ibuprofen-glucuronide in hepatic vein,Exchange/demand reaction,NA,NA,NA
EX_4hatvacid[e],0.5965691659271822,0,1.4846442611406092,5.875448898583698,exchange reaction for 4-hydroxy-atorvastatin-acid in portal blood,Exchange/demand reaction,NA,NA,NA
EX_4hmdgluc[e],0.9337478849421907,0,0.886643833098968,25.879107941778376,exchange reaction for 4-OH-midazolam-glucuronide in hepatic vein,Exchange/demand reaction,NA,NA,NA
EX_4ohmdz[e],-0.851893630273774,0,-1.5874290015706845,-19.848907659776675,exchange reaction for 4-OH-midazolam in hepatic vein,Exchange/demand reaction,NA,NA,NA
EX_56dhpvs[e],0.5830657854556566,0,0.4282047657751944,1.625859164877119,"exchange reaction of 3-keto-5,6,-dihydroxy-pravastatin in hepatic vein",Exchange/demand reaction,NA,NA,NA
EX_56eppvs[e],0.8220126966381661,0,0.7566317514551018,7.745455050960571,"exchange reaction of 5,6-epoxy-3-alpha-iso-pravastatin in hepatic vein",Exchange/demand reaction,NA,NA,NA
EX_6bhglz[e],0.8252085532438785,0,0.670245269387052,6.998840167295837,exchange reaction for 6-beta-OH-gliclazide in hepatic vein,Exchange/demand reaction,NA,NA,NA
EX_6hmsmvacid[e],0.8439265333199787,0,0.31925916198542253,3.771880335030574,exchange reaction for6-beta-hydroxy-methyl-simvastatin-acid form in bile,Exchange/demand reaction,NA,NA,NA
EX_7bhglz[e],0.5350553435070999,0,0.516367666262915,1.7048328962208064,exchange reaction for 7-beta-OH-gliclazide in hepatic vein,Exchange/demand reaction,NA,NA,NA
EX_7hpvs[e],-0.6451228942001725,0,4.939821611953387,1.0655918794867576,exchange reaction of 7-hydroxy-3-alpha-iso-pravastatin in hepatic vein,Exchange/demand reaction,NA,NA,NA
EX_acmpglu[e],0.7265647976765788,0,0.3249016645662465,2.0515419082108273,exchange reaction for acetaminophen-glucuronide-conjugate in portal blood,Exchange/demand reaction,NA,NA,NA
EX_allop[e],-0.8426150846544606,0,-1.0051965207557894,-11.768537461930851,exchange reaction for allopurinol in intestinal lumen,Exchange/demand reaction,NA,NA,NA
EX_am19cs[e],0.688186293493726,0,0.46905281563091555,2.539492388404096,exchange reaction for AM19-cyclosporine in hepatic vein,Exchange/demand reaction,NA,NA,NA
EX_am4n9cs[e],0.37340098708236075,0,4.552642511022343,9.97863639994762,exchange reaction for AM4N9-cyclosporine in hepatic vein,Exchange/demand reaction,NA,NA,NA
EX_caribup_R[e],-0.40832609520824853,0,3.189426688759803,1.3399599349939577,exchange reaction for R-carboxy ibuprofen in hepatic vein,Exchange/demand reaction,NA,NA,NA
EX_caribupglu_S[e],0.8173080673411901,0,0.5898024181483604,5.86699520356007,exchange reaction for S-carboxy ibuprofen glucuronide in hepatic vein,Exchange/demand reaction,NA,NA,NA
EX_crvs[e],-0.42990038192777713,0,-1.1155087942215964,-2.7978732143251226,exchange reaction for cerivastatin in intestinal lumen,Exchange/demand reaction,NA,NA,NA
EX_crvsm24[e],0.42990038192777713,0,1.1155087942215964,2.7978732143251226,exchange reaction for cerivastatin-M24 in hepatic vein,Exchange/demand reaction,NA,NA,NA
EX_csa[e],-0.42739501879274183,0,-5.021695329388604,-12.518128787408479,exchange reaction for cyclosporine in intestinal lumen,Exchange/demand reaction,NA,NA,NA
EX_dspvs[e],0.3866412235239956,0,100.49573738751411,227.1941604073882,exchange reaction of desacyl dehydro-pravastatin in hepatic vein,Exchange/demand reaction,NA,NA,NA
EX_glz[e],-0.688839026291303,0,-1.8536764676934108,-10.060905528882984,exchange reaction for gliclazide in intestinal lumen,Exchange/demand reaction,NA,NA,NA
EX_ibup_R[e],0.45818984881696984,0,-7.079405734349601,-2.630448905076296,exchange reaction for ibuprofen_R in intestinal lumen,Exchange/demand reaction,NA,NA,NA
EX_ibup_S[e],-0.5981479144721215,0,-1.2915514033435145,-5.136442626583762,exchange reaction for ibuprofen_S in intestinal lumen,Exchange/demand reaction,NA,NA,NA
EX_ibupgluc[e],0.6938655777441949,0,0.46848125781521305,2.592143250615604,exchange reaction for ibuprofen acyl glucuronide in portal blood,Exchange/demand reaction,NA,NA,NA
EX_lst4exp[e],0.36088403572476796,0,1.1274580932073202,2.4007219436843448,exchange reaction for Losartan-E3174 in portal blood,Exchange/demand reaction,NA,NA,NA
EX_lstn[e],-0.35241973253414804,0,-3.5443193396553396,-7.402028218231723,exchange reaction for losartan in intestinal lumen,Exchange/demand reaction,NA,NA,NA
EX_lstn1gluc[e],0.34784289576790944,0,0.30357756927358803,0.6274176381804442,exchange reaction for Losartan-N1-glucuronide in hepatic vein,Exchange/demand reaction,NA,NA,NA
EX_lstnm7[e],0.6996827107383382,0,0.4395887148325304,2.487906508058375,exchange reaction for Losartan-N2-glucuronide / Losartan-M7 in portal blood,Exchange/demand reaction,NA,NA,NA
EX_mhglz[e],0.3409426949724861,0,0.6670635307922457,1.3572324619952025,exchange reaction for Methyl-hydroxy-gliclazide in hepatic vein,Exchange/demand reaction,NA,NA,NA
EX_nfdoh[e],1,0,NA,1.632886211146781,exchange reaction of hydroxy metabolite of nifedipine in portal vein,Exchange/demand reaction,NA,NA,NA
EX_oxyp[e],0.8426150846544606,0,1.0051965207557894,11.768537461930851,exchange reaction for oxypurinol in portal blood,Exchange/demand reaction,NA,NA,NA
EX_pvs[e],-0.37444112720161493,0,-104.78133261566163,-230.21937530150413,exchange reaction for pravastatin in intestinal lumen,Exchange/demand reaction,NA,NA,NA
EX_smv[e],0.4370350790285874,0,-43.14987219249606,-16.90415546793472,exchange reaction for simvastatin in intestinal lumen,Exchange/demand reaction,NA,NA,NA
EX_smvacid[e],-0.565404140918423,0,41.077062375074625,11.404033466379717,exchange reaction for simvastatin dihydroxy acid form in hepatic vein,Exchange/demand reaction,NA,NA,NA
EX_sulpacmp[e],-0.3896765101863781,0,0.2857429407546977,0.1254936868491969,exchange reaction for acetaminophen-sulphate in hepatic vein,Exchange/demand reaction,NA,NA,NA
EX_tmd[e],-0.7139324753746021,0,-0.7791717984679555,-4.66829588936744,exchange reaction for torasemide in intestinal lumen,Exchange/demand reaction,NA,NA,NA
EX_tmdm5[e],0.7139324753746021,0,0.7791717984679555,4.66829588936744,exchange reaction for Torasemide-M5 in hepatic vein,Exchange/demand reaction,NA,NA,NA
FVStu,-0.8566191765647434,0,187.24855770020486,14.460613532924652,uptake of fluvastatin by enterocytes,Drug metabolism,11309.1,NA,"Russel, F. G. M. (2010). Transporters: Importance in Drug Absorption, Distribution, ; Removal, Enzyme- ; Transporter-Based Drug-Drug Interactions. K. S. Pang, A. D. Rodrigues ; R. M. Peter, Springer New York: 27-49."
GLZtd,0.6888390262911498,0,1.8536764676934108,10.060905528877116,uptake of gliclazide into enterocytes,Drug metabolism,NA,NA,"PMID: 18844675, PMID: 1794262"
IBUPGLUCtchep,-0.6938655777441949,0,-0.46848125781521305,-2.592143250615604,uptake of ibuprofen acyl glucuronide into hepatocytes,Drug metabolism,NA,NA,NA
IBUPGT_HEP,0.6938655777441949,0,0.46848125781521305,2.592143250615604,glucuronidation of ibuprofen in hepatocytes,Drug metabolism,(54659.1 or 54600.1 or 7364.1),NA,"PMID: 21862693, PMID: 11154740, Davies, N. M. (2004). Chirality in Drug Design ; Development, CRC Press 2004, PMID: 10836148, PMID: 20926620"
IBUP_RASCL1hep,0.3664994034639242,0,0.21601118644450326,0.4659492967046302,thioesterification of ibuprofen_R in hepatocytes,Drug metabolism,2180.1,NA,"PMID: 10725307, PMID: 1859831, PMID: 8381432, PMID: 18988084, Graham, G. G., Williams, K. M. (2004). Aspirin ; Related Drugs, CRC Press 2004."
IBUP_RCYP2hep,-0.6334163437731255,0,3.6739678661065844,0.8245396700918937,oxidation of R-ibuprofen to 2-hydroxy-ibuprofen in heaptocytes,Drug metabolism,(1559.1 or 1558.1 or 1576.1 or 1557.1),NA,"PMID: 9296349, PMID: 18787056."
IBUP_RCYP3hep,-0.40832609520824853,0,3.189426688759803,1.3399599349939577,oxidation of R-ibuprofen to 3-hydroxy-ibuprofen in heaptocytes,Drug metabolism,(1559.1 or 1558.1 or 1576.1 or 1557.1),NA,"PMID: 9296349, PMID: 18787056"
IBUP_RCYPCARhep,-0.40832609520824853,0,3.189426688759803,1.3399599349939577,oxidation of R-3-hydroxy ibuprofen to R-carboxy ibuprofen,Drug metabolism,1559.1,NA,"PMID: 9515184, PMID: 12296989, PMID: 9296349."
IBUP_Rshep,0.3664994034639242,0,0.21601118644450326,0.4659492967046302,chiral conversion of R to S form of iburpofen in hepatocytes,Drug metabolism,23600.1,NA,"PMID: 8381432, Davies, N. M. (2004). Chirality in Drug Design ; Development, CRC Press 2004., PMID: 19949916"
IBUP_Rtdhep,-0.45818984881696984,0,7.079405734349601,2.630448905076296,uptake of ibuprofen-R into hepatocytes,Drug metabolism,NA,NA,"PMID: 9918568, PMID: 21389119, PMID: 10462545, PMID: 18309312, PMID: 12883891."
IBUP_SACOT2,0.3664994034639242,0,0.21601118644450326,0.4659492967046302,hydrolysis of ibuprofen-CoA in hepatocytes,Drug metabolism,(10965.1 or 122970.1 or 10005.1 or 26027.1),NA,"OMIM:609972, OMIM:614314, PMID: 9299485, OMIM:606803,"
IBUP_SCYP1hep,0.5321517271846169,0,0.3147412099837003,1.030742906435812,oxidation of S-ibuprofen to 1-hydroxy ibuprofen,Drug metabolism,1559.1,NA,PMID: 12296989
IBUP_SCYP3hep,0.659552392210132,0,0.29450133967885617,1.4355818387033454,oxidation of S-ibuprofen to 3-hydroxy-ibuprofen in heaptocytes,Drug metabolism,(1559.1 or 1558.1 or 1576.1 or 1557.1),NA,"PMID: 9296349, PMID: 18787056."
IBUP_SCYPCARhep,0.8173080673411901,0,0.5898024181483604,5.86699520356007,oxidation of S-3-hydroxy ibuprofen to S-carboxy ibuprofen,Drug metabolism,1559.1,NA,"PMID: 9515184, PMID: 12296989, PMID: 9296349."
IBUP_Stdhep,0.5981479144721215,0,1.2915514033435145,5.136442626583762,uptake of ibuprofen-S into hepatocytes,Drug metabolism,NA,NA,"PMID: 9918568, PMID: 21389119, PMID: 10462545, PMID: 18309312, PMID: 12883891."
LST4EXPTDhc,-0.36088403572476796,0,-1.1274580932073202,-2.4007219436843448,uptake of Losartan-E3174 into hepatocytes via diffusion,Drug metabolism,NA,NA,PMID: 16029066
LST4EXPhr,0.36088403572476796,0,1.1274580932073202,2.4007219436843448,oxidation of losartan to active metabolite EXP3174 (M6) in hepatocytes,Drug metabolism,(1559.1 or 1576.1),NA,"PMID: 16029066, PMID: 7736913, PMID: 1352222, PMID: 8529329, PMID: 7736926, PMID: 11408373"
LSTN1GLUChr,0.34784289576790944,0,0.30357756927358803,0.6274176381804442,formation of losartan-N1-glucuronide in hepatocytes,Drug metabolism,54575.1,NA,PMID: 18378273
LSTN1GLUCtev,0.34784289576790944,0,0.30357756927358803,0.6274176381804442,efflux of Losartan-N1-glucuronide into hepatic vein,Drug metabolism,NA,NA,"PMID: 9918907, PMID: 16029066, PMID: 9518174, PMID: 1352222."
LSTNM7TDhc,-0.6996827107383382,0,-0.4395887148325304,-2.487906508058375,uptake of Losartan-N2-glucuronide / Losartan-M7 into hepatocytes via diffusion,Drug metabolism,NA,NA,PMID: 16029066
LSTNM7hr,0.6996827107383382,0,0.4395887148325304,2.487906508058375,glucuronidation of losartan to losartan-M7/Losartan-N2-glucuronide in hepatocytes,Drug metabolism,(54658.1 or 54659.1 or 54657.1 or 54577.1 or 54576.1 or 54600.1 or 54575.1 or 7364.1 or 7367.1),NA,"PMID: 16029066, PMID: 1352222, PMID: 18378273"
LSTNtd,0.35241973253414804,0,3.5443193396553396,7.402028218231723,uptake of losartan via diffusion into enterocytes,Drug metabolism,NA,NA,"PMID: 10725273, PMID: 18824524"
MHGLZhr,0.3409426949724861,0,0.6670635307922457,1.3572324619952025,oxidation of gliclazide to methyl-hydroxy-gliclazide in hepatocytes,Drug metabolism,(1559.1 or 1562.1 or 1557.1),NA,"PMID: 18204476, PMID: 1794262, PMID: 17517049, PMID: 8825191, PMID: 3984386"
MHGLZtev,0.3409426949724861,0,0.6670635307922457,1.3572324619952025,excretion of Methyl-hydroxy-gliclazide into hepatic vein,Drug metabolism,NA,NA,PMID: 8825191.
NFDOHtep,1,0,NA,1.632886211146781,exit of hydroxy metabolite of nifedipine into portal vein,Drug metabolism,NA,NA,PMID: 3203042
OXYPtepv,1.269667696016879,0,-1.1296234615206717,9.507515794979595,release of oxypurinol into portal blood,Drug metabolism,NA,NA,PMID: 17655371
PTVSTGLUChc,0.525381905153524,0,0.13243849981280945,0.4256459948613734,glucuronidation of pitavastatin in hepatocytes,Drug metabolism,(54658.1 or 54659.1 or 7364.1 or 54657.1 or 54578.1),NA,"PMID: 12519692, PMID: 15801541, PMID: 11950779"
PTVSTLAChc,0.525381905153524,0,0.13243849981280945,0.4256459948613734,spontaneous conversion of glucuronide to lactone form of pitavastatin in hepatocytes,Drug metabolism,NA,NA,"PMID: 12519692, PMID: 15801541, PMID: 11950779"
PTVSThc,0.525381905153524,0,0.13243849981280945,0.4256459948613734,hydrolysis of latone to free acid form of pitavastatin in hepatocytes,Drug metabolism,5446.1,NA,"PMID: 12519692, PMID: 15801541, PMID: 11950779"
PVSOATPtu,0.39651241143590604,0,104.78133261566163,242.47131880993842,uptake of pravastatin by enterocytes,Drug metabolism,11309.1,NA,"PMID: 12724351, Russel, F. G. M. (2010). Transporters: Importance in Drug Absorption, Distribution, ; Removal, Enzyme- ; Transporter-Based Drug-Drug Interactions. K. S. Pang, A. D. Rodrigues ; R. M. Peter, Springer New York: 27-49."
RSVGLUChc,0.8801733885250499,0,0.15686872973668506,2.461393237380338,glucuronidation of rosuvastatin in hepatocytes,Drug metabolism,NA,NA,"PMID: 14693307, PMID: 11256847, PMID: 22108655"
RSVLAChv,0.8801733885250499,0,0.15686872973668506,2.461393237380338,spontaneous conversion to rosuvastatin-5S-lactone in hepatocytes,Drug metabolism,NA,NA,"PMID: 14693307, PMID: 11256847, PMID: 22108655, PMID: 11950779, PMID: 15801541"
RSVSPONhc,0.8801733885250499,0,0.15686872973668506,2.461393237380338,conversion of lactone to open acid form of rosuvastatin,Drug metabolism,5446.1,NA,"PMID: 14693307, PMID: 11256847, PMID: 22108655, PMID: 11950779, PMID: 15801541"
SMVACIDhep,0.5014483192082244,0,0.3175108235384045,0.956222014084966,beta-glucuronidation of simvastatin-acyl-glucuronide to simvastatin dihydroxy acid form,Drug metabolism,2990.1,NA,PMID: 11950779
SMVACIDtev,-0.565404140918423,0,41.077062375074625,11.404033466379717,efflux of simvastatin dihydroxy acid form into hepatic vein,Drug metabolism,NA,NA,PMID: 1971563.
SMVGLUChep,0.5014483192082244,0,0.3175108235384045,0.956222014084966,glucuronidation of the open acid form of simvastatin,Drug metabolism,(54658.1 or 54659.1),NA,PMID: 11950779
SMVHYDROhep,-0.565404140918423,0,41.077062375074625,11.404033466379717,conversion of simvastatin pro-drug to active form,Drug metabolism,5446.1,NA,"PMID: 1976071, PMID: 9321523, PMID: 1971563, PMID: 11950779"
SMVthep,-0.4370350790285874,0,43.14987219249606,16.90415546793472,uptake of simvastatin by hepatocytes,Drug metabolism,10599.1,NA,"PMID: 21245207, PMID: 19785645, PMID: 21942630, Russel, F. G. M. (2010). Transporters: Importance in Drug Absorption, Distribution, ; Removal, Enzyme- ; Transporter-Based Drug-Drug Interactions. K. S. Pang, A. D. Rodrigues ; R. M. Peter, Springer New York: 27-49, PMID: 21436344."
SULPACMPtev,-0.3896765101863781,0,0.2857429407546977,0.1254936868491969,efflux of acetaminophen-sulphate into hepatic vein,Drug metabolism,(8714.1 or 10257.1),NA,"PMID: 17640958, Graham, G. ; M. Hicks (2004). Pharmacokinetics ; Metabolism of Paracetamol (Acetaminophen). Aspirin ; Related Drugs, CRC Press."
TMDM1hr,0.7139324753746021,0,0.7791717984679555,4.66829588936744,tolyl methylhydroxylation of torasemide in hepatocytes,Drug metabolism,1559.1,NA,"PMID: 7891318, PMID: 9474471, PMID: 15592327, PMID: 16969365, PMID: 19442083"
TMDM5OATt,0.7139324753746021,0,0.7791717984679555,4.66829588936744,efflux of Torasemide-M5 into hepatic vein,Drug metabolism,NA,NA,"PMID: 9474471, Russel, F. G. M. (2010). Transporters: Importance in Drug Absorption, Distribution, ; Removal, Enzyme- ; Transporter-Based Drug-Drug Interactions. K. S. Pang, A. D. Rodrigues ; R. M. Peter, Springer New York: 27-49, PMID: 16934049, PMID: 10919840."
TMDM5hr,0.7139324753746021,0,0.7791717984679555,4.66829588936744,oxidation of torasemide-M1 to M5 in hepatocytes,Drug metabolism,1559.1,NA,"PMID: 7891318, PMID: 9474471, PMID: 15592327, PMID: 16969365, PMID: 19442083"
TMDOATthc,0.7139324753746021,0,0.7791717984679555,4.66829588936744,uptake of torasemide into hepatocytes via OAT1,Drug metabolism,9356.1,NA,"PMID: 15039295, PMID: 16934049, PMID: 15592327, PMID: 10919840"
TRIPVShc,0.5830657854556566,0,0.4282047657751944,1.625859164877119,formation of triol metabolite of pravastatin in hepatocytes,Drug metabolism,1576.1,NA,"PMID: 9929499, PMID: 1680649, PMID: 9804052, PMID: 11192474"
14HMDZitr,0.41897594615509315,0,1.8173715549125335,4.438381689333171,14HMDZitr,Drug metabolism,NA,NA,NA
1HIBUPGLUitr,0.5321517271846169,0,0.3147412099837003,1.030742906435812,1HIBUPGLUitr,Drug metabolism,NA,NA,NA
1HMDGLUCitr,0.8950668085723352,0,0.5552060760221023,10.026880839819604,1HMDGLUCitr,Drug metabolism,NA,NA,NA
2HATVACIDGLUCitr,0.7212328366999108,0,0.16973116026794086,1.0479959081474124,2HATVACIDGLUCitr,Drug metabolism,NA,NA,NA
2HATVLACGLUCitr,-0.5784811307483122,0,4.42600298046158,1.1819233915988068,2HATVLACGLUCitr,Drug metabolism,NA,NA,NA
2HIBUP_Ritr,-0.6334163437731255,0,3.6739678661065844,0.8245396700918937,2HIBUP_Ritr,Drug metabolism,NA,NA,NA
3HIBUP_Ritr,-0.40832609520824853,0,3.189426688759803,1.3399599349939577,3HIBUP_Ritr,Drug metabolism,NA,NA,NA
3HIBUPGLUC_Sitr,0.6595523922101363,0,0.29450133967885617,1.4355818387033688,3HIBUPGLUC_Sitr,Drug metabolism,NA,NA,NA
4HATVACIDitr,0.764363636287511,0,0.617749314149277,4.625493319683098,4HATVACIDitr,Drug metabolism,NA,NA,NA
4HMDGLUCitr,0.9337478849421907,0,0.886643833098968,25.879107941778376,4HMDGLUCitr,Drug metabolism,NA,NA,NA
4OHMDZitr,-0.851893630273774,0,-1.5874290015706845,-19.848907659776675,4OHMDZitr,Drug metabolism,NA,NA,NA
56DHPVSitr,0.5830657854556566,0,0.4282047657751944,1.625859164877119,56DHPVSitr,Drug metabolism,NA,NA,NA
56EPPVSitr,0.8220126966381661,0,0.7566317514551018,7.745455050960571,56EPPVSitr,Drug metabolism,NA,NA,NA
6HMSMVitr,-0.8439265333199787,0,-0.31925916198542253,-3.771880335030574,6HMSMVitr,Drug metabolism,NA,NA,NA
7HPVSitr,-0.6451228942001725,0,4.939821611953387,1.0655918794867576,7HPVSitr,Drug metabolism,NA,NA,NA
ACMPGLUitr,0.7265647976765788,0,0.3249016645662465,2.0515419082108273,ACMPGLUitr,Drug metabolism,NA,NA,NA
AM19CSitr,0.688186293493726,0,0.46905281563091555,2.539492388404096,AM19CSitr,Drug metabolism,NA,NA,NA
CARIBUP_Sitr,0.8173080673411901,0,0.5898024181483604,5.86699520356007,CARIBUP_Sitr,Drug metabolism,NA,NA,NA
CARIBUPGLU_Sitr,-0.8173080673411901,0,-0.5898024181483604,-5.86699520356007,CARIBUPGLU_Sitr,Drug metabolism,NA,NA,NA
CRVSitr,0.42990038192777713,0,1.1155087942215964,2.7978732143251226,CRVSitr,Drug metabolism,NA,NA,NA
CRVSM24itr,0.42990038192777713,0,1.1155087942215964,2.7978732143251226,CRVSM24itr,Drug metabolism,NA,NA,NA
CSAitr,0.42739501879274183,0,5.021695329388604,12.518128787408479,CSAitr,Drug metabolism,NA,NA,NA
DSPVSitr,0.3866412235239956,0,100.49573738751411,227.1941604073882,DSPVSitr,Drug metabolism,NA,NA,NA
GLZitr,0.6888390262911498,0,1.8536764676934108,10.060905528877116,GLZitr,Drug metabolism,NA,NA,NA
IBUP_Ritr,-0.5204862685300338,0,6.863394546673074,2.1644996063052675,IBUP_Ritr,Drug metabolism,NA,NA,NA
IBUP_Sitr,0.5759290477929926,0,1.5075625885739923,5.602391916577239,IBUP_Sitr,Drug metabolism,NA,NA,NA
IBUPGLUCitr,0.6938655777441949,0,0.46848125781521305,2.592143250615604,IBUPGLUCitr,Drug metabolism,NA,NA,NA
LSTN1GLUCitr,-0.34784289576790944,0,-0.30357756927358803,-0.6274176381804442,LSTN1GLUCitr,Drug metabolism,NA,NA,NA
LSTNitr,0.35241973253414804,0,3.5443193396553396,7.402028218231723,LSTNitr,Drug metabolism,NA,NA,NA
LSTNM7itr,0.6996827107383382,0,0.4395887148325304,2.487906508058375,LSTNM7itr,Drug metabolism,NA,NA,NA
PVSitr,0.37444112720161493,0,104.78133261566163,230.21937530150413,PVSitr,Drug metabolism,NA,NA,NA
RSVLACitr,-0.8801733885250499,0,-0.15686872973668506,-2.461393237380338,RSVLACitr,Drug metabolism,NA,NA,NA
TMDitr,0.7139324753746021,0,0.7791717984679555,4.66829588936744,TMDitr,Drug metabolism,NA,NA,NA
TMDM5itr,-0.7139324753746021,0,-0.7791717984679555,-4.66829588936744,TMDM5itr,Drug metabolism,NA,NA,NA
1OHMDZitr,-7.015107717973727,0,13.264777317698716,-9.954833700109472,1OHMDZitr,Drug metabolism,NA,NA,NA
ATVACIDitr,0.693449888384321,0,1.2983298609407619,7.1722582207134,ATVACIDitr,Drug metabolism,NA,NA,NA
ATVLACitr,-0.6734613803141809,0,4.782048536125843,0.9331099878528177,ATVLACitr,Drug metabolism,NA,NA,NA
SMVitr,0.45257401885969956,0,2.0728098179863768,5.5001220098697585,SMVitr,Drug metabolism,NA,NA,NA
6BHGLZitr,0.8252085532438785,0,0.670245269387052,6.998840167295837,6BHGLZitr,Drug metabolism,NA,NA,NA
7BHGLZitr,0.5350553435070999,0,0.516367666262915,1.7048328962208064,7BHGLZitr,Drug metabolism,NA,NA,NA
LST4EXPitr,0.36088403572476796,0,1.1274580932073202,2.4007219436843448,LST4EXPitr,Drug metabolism,NA,NA,NA
MHGLZitr,0.3409426949724861,0,0.6670635307922457,1.3572324619952025,MHGLZitr,Drug metabolism,NA,NA,NA
RSVitr,0.6261006165717937,0,0.695653980774479,3.025421857308864,RSVitr,Drug metabolism,NA,NA,NA
AM9CSAitr,0.37340098708236075,0,4.552642511022343,9.97863639994762,AM9CSAitr,Drug metabolism,NA,NA,NA
EX_M00234[e],-0.8846371600353362,0,-13.183279219155759,-215.37002656273842,EX_M00234[e],Exchange/demand reaction,NA,NA,NA
EX_M01807[e],0.8846371600353362,0,13.183279219155759,215.37002656273842,EX_M01807[e],Exchange/demand reaction,NA,NA,NA
EX_M00503[e],0.8846371600353362,0,13.183279219155759,215.37002656273842,EX_M00503[e],Exchange/demand reaction,NA,NA,NA
EX_M00260[e],0.5624501011206201,0,-0.4512332778341031,-0.12636376351841072,EX_M00260[e],Exchange/demand reaction,NA,NA,NA
EX_M00315[e],-1.69948598531124,0,0.034255703440856454,-0.008876276670536023,EX_M00315[e],Exchange/demand reaction,NA,NA,NA
EX_C01601[e],-0.7338277232124009,0,0.6121599209945301,0.09397704151790749,EX_C01601[e],Exchange/demand reaction,NA,NA,NA
EX_M01111[e],0.4834218799476061,0,138.69830823777914,398.2903982281923,EX_M01111[e],Exchange/demand reaction,NA,NA,NA
EX_hnifedipine[e],0.5551283358518843,0,3.0915793992571663,10.807167805410177,EX_hnifedipine[e],Exchange/demand reaction,NA,NA,NA
EX_itacon[e],0.3618591070874239,0,-2.72365865131038,-1.2762538758164603,EX_itacon[e],Exchange/demand reaction,NA,NA,NA
EX_M01966[e],-0.9928529956911005,0,489.5683106437683,1.7557475805977316,EX_M01966[e],Exchange/demand reaction,NA,NA,NA
EX_M02155[e],-1,0,NA,-35.49811499474998,EX_M02155[e],Exchange/demand reaction,NA,NA,NA
EX_M02837[e],-0.5405660771278805,0,-20.17476184969077,-67.64967098090928,EX_M02837[e],Exchange/demand reaction,NA,NA,NA
EX_M01881[e],0.798356276168103,1.928585251662611e-12,0.07502561039187901,0.6691146878147257,EX_M01881[e],Exchange/demand reaction,NA,NA,NA
sink_his_L[c],0.482780368630031,0,-266.2430715023041,-92.87022286682911,Sink_his_L[c],Exchange/demand reaction,NA,NA,NA
sink_leu_L[c],-1,0,NA,-736.7940924663544,Sink_leu_L[c],Exchange/demand reaction,NA,NA,NA
sink_thr_L[c],-1,0,NA,-120.21307008666992,Sink_thr_L[c],Exchange/demand reaction,NA,NA,NA
sink_4abut[l],0.8031753644438223,0,-102.20258730176687,-11.155868361574104,sink_4abut[l],Exchange/demand reaction,NA,NA,NA
DM_kynate[c],0.9943204326116685,0,2.3143213985002706,812.6496504191399,DM_kynate[c],Exchange/demand reaction,NA,NA,NA
2HCO3_NAt,1,0,-33.0699899731636,NA,Bicarbonate Transport (Na/Hco3 1:2 Symport),"Transport, extracellular",57835.3 or 8671.1 or 57835.2 or 57835.1 or 57835.4,NA,PMID:14722772
3DPHBH1,-1,0,0.1974725346973275,NA,Hydroxylation of 3-Decaprenyl-4-Hydroxybenzoate (NADH),Ubiquinone synthesis,NA,NA,PMID:11051212
3MOBt2im,-1,0,263.84163759169576,NA,3-Methyl-2-Oxobutanoate Mitochondrial Transport via Proton Symport,"Transport, mitochondrial",NA,NA,PMID:8428987
3MOPt2im,-1,0,80.6360084937036,NA,3-Methyl-2-Oxopentanoate Mitochondrial Transport via Proton Symport,"Transport, mitochondrial",NA,NA,PMID:8428987
ACN23ACNGALGBSIDEte,-1,0,0.15750886238045825,NA,Acn23Acngalgbside Transport,"Transport, extracellular",NA,NA,PMID:8206147
ACN23ACNGALGBSIDEtg,1,0,-0.15750886238045825,NA,Acn23Acngalgbside Intracellular Transport,"Transport, golgi apparatus",NA,NA,NA
ACRNtm,1,0,-549.6963758168816,NA,O-Acetylcarnintine Transport into Mitochondria via Diffusion,"Transport, mitochondrial",788.1,NA,"PMID:14598172,PMID:977593"
C161CRNt,1,0,-22.74481125118538,NA,C161 Transport into the Mitochondria,Fatty acid oxidation,788.1,NA,NA
CK,-1,0,2.633916632367368,NA,ATP Creatine Kinase,Urea cycle,1159.1 or 1160.1 or 548596.1,NA,"PMID:1917943,PMID:2914937"
CLPNDCRNt,-1,0,58.659687057983874,NA,Transport into the Mitochondria (Carnitine),Fatty acid oxidation,788.1,NA,NA
CREATtmdiffir,-1,0,2.633916632367368,NA,Creatine Transport To/from Mitochondria via Diffusion,Urea cycle,NA,NA,"PMID:14977199,PMID:3896131"
CRNtx,-1,0,1.0997390794596635,NA,Carnitine Transport Peroxisome to Mitochondria,"Transport, peroxisomal",NA,NA,"PMID:12814641,PMID:15464416"
DCSPTN1CRNt,-1,0,3.068071345093846,NA,Transport into the Mitochondria (Carnitine),Fatty acid oxidation,788.1,NA,NA
DNDPt38m,-1,0,3.095216831129881,NA,Transport of dUTP via dUDP Antiport,"Transport, mitochondrial",60386.1,NA,PMID:11226231
ELAIDCRNt,-1,0,45.32636517874023,NA,"Transport of (9E)-Octadecenoylcarnitine, Mitochondrial",Fatty acid oxidation,788.1,NA,NA
EX_34dhphe[e],1,0,-10.567341508102231,NA,"Exchange of 3, 4-Dihydroxy-L-Phenylalanine",Exchange/demand reaction,NA,NA,NA
EX_ach[e],1,0,-549.8409731408119,NA,Exchange of Acetylcholine,Exchange/demand reaction,NA,NA,NA
EX_acn23acngalgbside_hs[e],-1,0,0.15750886238045825,NA,"Exchange of Sialyl (2, 3) Sialyl (2, 6) Galactosylgloboside (Homo Sapiens)",Exchange/demand reaction,NA,NA,NA
EX_glygn5[e],-1,0,8.39738026324883,NA,"Exchange of Glycogen, Structure 5 (Glycogenin-2[1, 4-Glc])",Exchange/demand reaction,NA,NA,NA
EX_retn[e],1,0,-9.201515041171245,NA,Exchange of Retinoate,Exchange/demand reaction,NA,NA,NA
EX_xoltri27[e],1,0,-256.59348591699603,NA,"Exchange of 7-Alpha, 27-Dihydroxycholesterol",Exchange/demand reaction,NA,NA,NA
GLYKm,-1,0,4.771273496130359,NA,Glycerol Kinase,Glycerophospholipid metabolism,2710.2 or 2712.1 or 2710.1 or 2713.1,NA,PMID:7987308
HMGCOAtm,-1,0,388.4592229270935,NA,Hydroxymethylglutaryl Coenzyme A Reversible Mitochondrial Transport,"Transport, mitochondrial",NA,NA,PMID:14713247
LNELDCCRNt,-1,0,2.1419085518836978,NA,Transport into the Mitochondria (Carnitine),Fatty acid oxidation,788.1,NA,NA
MGCHrm,-1,0,0.9876368314853186,NA,"Methylglutaconyl Coenzyme A Hydratase (Reversible), Mitochondrial","Valine, leucine, and isoleucine metabolism",549.1,NA,"PMID:12434311,PMID:3082934"
NACASPAH,-1,0,21.26850394835996,NA,N-Acetyl-L-Aspartate Amidohydrolase,Alanine and aspartate metabolism,443.1 or 91703.1,NA,PMID:8252036
OCCOAtm,-1,0,65.75999382455349,NA,"Octanoyl Coenzyme A Transport, Diffusion","Transport, mitochondrial",NA,NA,NA
PCREATtmdiffir,-1,0,2.633916632367368,NA,Phosphocreatine Transport To/from Mitochondria via Diffusion,Urea cycle,NA,NA,"PMID:14977199,PMID:3896131"
PCRNtm,-1,0,17.48556495251432,NA,Transport into the Mitochondria from Cytosol (Carnitine),Fatty acid oxidation,788.1,NA,PMID:7654220
SPHMYLNtl,-1,0,0.372857440950487,NA,Sphingomyelin Intracellular Transport,"Transport, lysosomal",NA,NA,PMID:15907394
ST6GALNAC22,-1,0,0.15750886238045825,NA,"Alpha-N-Acetylgalactosaminide Alpha-2, 6-Sialyltransferase 2",Sphingolipid metabolism,10610.1,NA,NA
STRDNCCRNt,-1,0,25.345142162566027,NA,Transport into the Mitochondria (Carnitine),Fatty acid oxidation,788.1,NA,NA
THFtm,1,0,-952.4489222854614,NA,"5, 6, 7, 8-Tetrahydrofolate Transport, Diffusion, Mitochondrial","Transport, mitochondrial",NA,NA,PMID:11375437
TXA2tr,1,0,-216.78444788948298,NA,Thromboxane A2 Intracellular Transport,"Transport, endoplasmic reticular",NA,NA,NA
TXASr,-1,0,216.78444788948298,NA,Thromboxane-A Synthase,Eicosanoid metabolism,6916.1,NA,"PMID:10903770,PMID:2491846,PMID:7811713"
XOLTRI27te,1,0,-256.59348591699603,NA,27 Trihydroxy Cholesterol Transport,"Transport, extracellular",NA,NA,NA
r0330,-1,0,559.299375155449,NA,"5, 6-Dihydrothymine:NAD+ Oxidoreductase",Pyrimidine catabolism,NA,NA,"PMID:1260500,PMID:8615641"
r0633,-1,0,43.39660888322443,NA,Trans-Oct-2-Enoyl Coenzyme A Reductase,Fatty acid oxidation,55825.1 or 51102.1,NA,PMID:12654921
RE0344C,-1,0,0.16238684178919066,NA,Palmitoyl Coenzyme A Hydrolase,Fatty acid synthesis,641372.1 or 641371.1 or 570.1,NA,"PMID:10092594,PMID:10578051,PMID:16103133,PMID:16940157,PMID:9153233"
RE2644C,1,0,-466.2764292704582,NA,Aspartoacylase,Urea cycle,91703.1,NA,"PMID:10837925,PMID:8252036"
RE3015R,-1,0,20.229168286696076,NA,Leukotriene-B4 20-Monooxygenase,Eicosanoid metabolism,8529.1 or 4051.1 or 126410.1,NA,"PMID:11368003,PMID:9799565,PMID:9862787"
RE3016R,1,0,-20.229168286696076,NA,RE3016R,Eicosanoid metabolism,NA,NA,"PMID:11368003,PMID:9799565,PMID:9862787"
RE3565C,-1,0,217.99661593010313,NA,Prostaglandin-A1 Delta-Isomerase,Eicosanoid metabolism,NA,NA,PMID:234423
EX_HC02204[e],-1,0,217.99661593010313,NA,Exchange of Prostaglandin-B1,Exchange/demand reaction,NA,NA,NA
EX_HC02206[e],1,0,-217.99661593010313,NA,Exchange of Prostaglandin C1,Exchange/demand reaction,NA,NA,NA
C2tcx,1,0,-138.85858992632535,NA,Transport of Acetylcarnitine from Peroxisomes to Cytosol,"Transport, peroxisomal",788.1,NA,"biochemical and biophysical research communications 263,213-218(1999),biochimica et biophysica acta 1546(2001)21-43"
C4tmc,1,0,-54.395151996215894,NA,Transport of Bytyrylcarnitine into Mitochondrial Matrix,"Transport, mitochondrial",788.1,NA,biochimica et biophysica acta 1546(2001)21-43
C6COAt,1,0,-145.2654063465327,NA,Esterification of Of Hexanoylcoa for Transport into Cytosol,"Transport, peroxisomal",54677.1,NA,"the journal of biological chemistry,vol 280, no1,issue of january 7,pp 738-744,2005"
C6CRNtcx,1,0,-145.2654063465327,NA,Transport of Hexanoylcarnitine into Cytosol,"Transport, peroxisomal",788.1,NA,biochimica et biophysica acta 1546(2001)21-43
SUCCACT,-1,0,0.6274667778695489,NA,Activation of Succinate,Fatty acid oxidation,NA,NA,"Hunt MC, Alexson SEH. (2008). Progress in Lipid Research 47: 405-21"
3HCO3_NAt,1,0,-87.5804946856787,NA,Symport of Bicarbonate and Sodium,"Transport, extracellular",57835.3 or 8671.1 or 57835.2 or 57835.1 or 57835.4,NA,"PMID: 11875267, PMID: 18077606."
DHAPtc,-1,0,8.560282315911724,NA,Transport of Dihydroxyacetone Phosphate into Cytosol,"Transport, mitochondrial",NA,NA,NA
LACLt,-1,0,977.6908707660675,NA,Lactate Transport,"Transport, peroxisomal",NA,NA,PMCID: PMC1820816.
HMCRNc,1,0,-69.92330198674277,NA,Formation of Homocitrulline,Lysine metabolism,NA,NA,PMID: 21962087
CE1556td,-1,0,466.2764292704582,NA,Transport of N-Acetyl-L-Asparagine,"Transport, extracellular",NA,NA,NA
EX_CE1557[e],-1,0,466.2764292704582,NA,Exchange of N-Acetyl-L-Asparagine,Exchange/demand reaction,NA,NA,NA
EX_hmcr[e],1,0,-69.92330198674277,NA,Exchange of Homocitrulline,Exchange/demand reaction,NA,NA,NA
EX_Nacasp[e],1,0,-21.26850394835996,NA,Exchange of N-Acetyl-L-Aspartate,Exchange/demand reaction,NA,NA,NA
HC00900t2,-1,0,6.550361700081825,NA,"Transport of Methylmalonate, Antiport with Sulphate","Transport, extracellular",NA,NA,PMID: 18213522.
HMCRNt,1,0,-69.92330198674277,NA,Transport of Homocitrulline,"Transport, extracellular",NA,NA,NA
HXCOAtx,-1,0,149.4778572952658,NA,"Transport of Hexanoate, Peroxisome","Transport, peroxisomal",NA,NA,NA
NACASPt,1,0,-21.26850394835996,NA,Transport of N-Acetyl-L-Aspartate,"Transport, extracellular",NA,NA,PMID: 15836629
EX_ttdcea[e],-1,0,19.824231752836145,NA,Exchange of Tetradecenoate (N-C14:1),Exchange/demand reaction,NA,NA,NA
TTDCEAt,-1,0,19.824231752836145,NA,"Transport of Tetradecenoate (N-C14:1), Diffusion","Transport, extracellular",NA,NA,NA
r0202m,-1,0,8.560282315911724,NA,Mitochondrial Glycerol-3-Phosphate-Dehydrogenase,Glycerophospholipid metabolism,NA,NA,PMID: 8549872
EX_maltttr[e],1,0,-1.763121102058678,NA,Exchange of Maltotetraose,Exchange/demand reaction,NA,NA,NA
EX_sphmyln_hs[e],-1,0,89.87209923957586,NA,Exchange of Sphingomyelin,Exchange/demand reaction,NA,NA,NA
PGP_hs_tm,-1,0,0.19840479687864096,NA,"Transport of Phosphatidyl Glycerol Phosphate, Mitochondrial","Transport, mitochondrial",NA,NA,NA
sink_crvnc[c],-1,0,16.509337761680783,NA,"Sink for Cervonic Acid, C22:6 N-3",Exchange/demand reaction,NA,NA,NA
sink_stcoa[c],1,0,-169.88576232013702,NA,sink_stcoa[c],Exchange/demand reaction,NA,NA,NA
EX_thymd[e],1,0,-689.6650291082382,NA,Exchange of Thymidine,Exchange/demand reaction,NA,NA,NA
r0339,-1,0,0.5506415430360343,NA,ATP:(R)-Glycerate 3-Phosphotransferase Ec:2.7.1.31,Miscellaneous,132158.1,NA,"PMID:16753811,PMID:216417,PMID:2537226,PMID:6252205"
GLYK,-1,0,0.6366965469380919,NA,Glycerol Kinase,Glycerophospholipid metabolism,2710.2 or 2712.1 or 2710.1 or 2713.1,NA,NA
XOL25OHtr,-1,0,181.2533981967449,NA,"Transport of 25-Hydroxycholesterol, Endoplasmatic Reticulum, within Lipoproteins","Transport, endoplasmic reticular",NA,NA,PMID: 10998465
XOL25OHte,-1,0,181.2533981967449,NA,"Transport of 25-Hydroxycholesterol, Extracellular Space, within Lipoproteins","Transport, extracellular",NA,NA,PMID: 10998465
EX_xol25oh[e],-1,0,181.2533981967449,NA,Exchange of 25-Hydroxycholesterol,Exchange/demand reaction,NA,NA,NA
EX_mma[e],1,0,-46.388618904066085,NA,Exchange of Methylammonium,Exchange/demand reaction,NA,NA,NA
GM1tl,-1,0,1.6893758554487954,NA,Ganglioside Gm1 Endocytosis,"Transport, extracellular",NA,NA,NA
EX_gm1_hs[e],1,0,-1.6893758554487954,NA,Exchange of Ganglioside Gm1,Miscellaneous,NA,NA,NA
HMR_0157,-1,0,58.708179283061625,NA,HMR_0157,"Transport, mitochondrial",NA,NA,NA
HMR_2569,1,0,-8.11163955997667,NA,HMR_2569,"Transport, endoplasmic reticular",NA,NA,NA
H2O2itr,1,0,-136.93266075701715,NA,H2O2itr,Drug metabolism,NA,NA,NA
DM_btn[n],-1,0,52.054133513250946,NA,DM_btn[n],Exchange/demand reaction,NA,NA,NA
AACTtm,-1,0,3.368917452490304,NA,"Aminoacetone Transport, Mitochondrial","Transport, mitochondrial",NA,NA,NA
ADA,-1,0,22.522324672648566,NA,Adenosine Deaminase,Purine catabolism,100.1,NA,"PMID:12381379,PMID:15016824"
ADAe,-1,0,30.271462462458015,NA,"Adenosine Deaminase, Extracellular",Purine catabolism,100.1,NA,"PMID:12381379,PMID:15016824"
AOBUTDsm,-1,0,3.368917452490304,NA,"L-2-Amino-3-Oxobutanoate Decarboxylation, Mitochondrial (Spontaneous)","Glycine, serine, alanine, and threonine metabolism",NA,NA,PMID:12097150
ARACHt,-1,0,0.22647350616506884,NA,Fatty Acid Transport via Diffusion,"Transport, extracellular",NA,NA,"PMID:11788354,PMID:12864740"
C161CRN2t,-1,0,8.21361872034073,NA,C161 Transport into the Mitochondria,Fatty acid oxidation,788.1,NA,NA
C181CRNt,-1,0,2.9193712781965733,NA,C181 Transport into the Mitochondria,Fatty acid oxidation,788.1,NA,PMID:14598172
C204CRNt,-1,0,63.887956667026224,NA,Arachidonic Acid Transport into the Mitochondria,Fatty acid oxidation,788.1,NA,PMID:14598172
CYSTSERex,-1,0,159.11817675111294,NA,L-Cystine/Glycine Exchanger (Cystine In),"Transport, extracellular",6519.1 and 11136.1,NA,NA
DATPtn,-1,0,0.25271697640906443,NA,DATP Diffusion in Nucleus,"Transport, nuclear",NA,NA,NA
DM_datp_n_,-1,0,0.252716976409111,NA,"Demand for dATP, Nuclear",Exchange/demand reaction,NA,NA,NA
DNDPt31m,-1,0,2.6987667936201243,NA,Transport of dCDP via ATP Antiport,"Transport, mitochondrial",60386.1,NA,PMID:11226231
DSAT,-1,0,0.7590121068117542,NA,Dihydrosphingosine N-Acyltransferase,Sphingolipid metabolism,NA,NA,NA
EBP1r,-1,0,0.046201749402208496,NA,"3-Beta-Hydroxysteroid-Delta (8), Delta (7)-Isomerase",Cholesterol metabolism,10682.1,NA,PMID:10391219
EICOSTETCRNt,-1,0,63.372686024576424,NA,"Transport of 8Z,11Z,14Z,17Z-Eicosatetraenoylcarnitine, Mitochondrial",Fatty acid oxidation,788.1,NA,NA
EX_chol[e],-1,0,156.366652273719,NA,Exchange of Choline,Exchange/demand reaction,NA,NA,NA
EX_inost[e],1,0,-127.38668615637603,NA,Exchange of Myo-Inositol,Exchange/demand reaction,NA,NA,NA
EX_txa2[e],-1,0,216.78444788948298,NA,Exchange of Thromboxane A2,Exchange/demand reaction,NA,NA,NA
FUMSO4tm,-1,0,4.19730340971165,NA,"Fumarate:Sulfate Antiport, Mitochondrial","Transport, mitochondrial",1468.1,NA,"PMID:14598172,PMID:4441366"
GLCter,1,0,-390.1971432085991,NA,"Glucose Transport, Endoplasmic Reticulum","Transport, endoplasmic reticular",NA,NA,PMID:11879177
GLYATm,-1,0,3.368917452490304,NA,Glycine C-Acetyltransferase,"Glycine, serine, alanine, and threonine metabolism",23464.1,NA,PMID:10712613
GLYtm,1,0,-945.0627508012772,NA,"Transport of Glycine, Passive, Mitochondrial","Transport, mitochondrial",NA,NA,PMID:7388024
GULNDer,-1,0,1.4327287010458705,NA,"Gulonate Dehydrogenase, Endoplasmic Reticulum",Pentose phosphate pathway,NA,NA,PMID:9296457
GULNter,-1,0,1.4327287010458705,NA,L-Gulonate Endoplasmic Reticular Export,"Transport, endoplasmic reticular",NA,NA,NA
H2O2tm,-1,0,126.48358999173641,NA,Hydrogen Peroxide Mitochondrial Transport,"Transport, mitochondrial",NA,NA,PMID:2989289
Htx,-1,0,844.6538372070848,NA,"H Transporter, Peroxisome","Transport, peroxisomal",NA,NA,NA
LNLCCRNt,-1,0,55.38467814864926,NA,Transport into the Mitochondria (Carnitine),Fatty acid oxidation,788.1,NA,NA
P4504F122r,-1,0,0.19200802152502147,NA,Cytochrome P450 4F12/4F2,Eicosanoid metabolism,4051.1 or 8529.1 or 66002.1,NA,"PMID:15145985,PMID:15579107,PMID:8026587,PMID:8486631"
PA_HSter,-1,0,189.4778724236369,NA,Phosphatidate Scramblase,"Transport, endoplasmic reticular",NA,NA,PMID:10856717
PCHOL_HSter,1,0,-131.1946109205002,NA,Phosphatidylcholine Scramblase,"Transport, endoplasmic reticular",NA,NA,PMID:10856717
PROSTGI2t,-1,0,281.39915370225236,NA,Prostaglandin I2 Transport,"Transport, extracellular",NA,NA,"PMID:12827517,PMID:12883891,PMID:9187257"
SARCOXp,-1,0,18.02216280292049,NA,"Sarcosine Oxidase, Peroxisomal","Glycine, serine, alanine, and threonine metabolism",51268.1,NA,PMID:10642506
SARCStp,-1,0,18.02216280292049,NA,"Transport of Sarcosine, Peroxisomal","Transport, peroxisomal",NA,NA,NA
SERLYSNaex,-1,0,7.189350508064032,NA,Serine/Lysine Na-Dependent Exchange (Ser In),"Transport, extracellular",9056.1 and 6519.1,NA,PMID:14770310
SUCD1m,-1,0,138.77033875342607,NA,Succinate Dehydrogenase,Citric acid cycle,6389.1 and 6392.1 and 6391.1 and 6390.1,NA,PMID:6945861
TRIOK,-1,0,4.321740644488391,NA,Triokinase,Fructose and mannose metabolism,NA,NA,NA
TTDCRNt,-1,0,20.5983230885759,NA,Transport into the Mitochondria (Carnitine),Fatty acid oxidation,788.1,NA,NA
TXA2te,1,0,-216.78444788948298,NA,Thromboxane A2 Transport,"Transport, extracellular",NA,NA,NA
UMPtr,1,0,-17.642201072940974,NA,"UMP Transport, Endoplasmatic Reticulum","Transport, endoplasmic reticular",NA,NA,"PMID:10462544,PMID:11912132"
XOL27OHtm,1,0,-2.932856033366307,NA,27 Hydroxy Cholesterol Transport,"Transport, mitochondrial",NA,NA,NA
r0242,-1,0,0.21472313976104634,NA,Glycerone Phosphate Phosphohydrolase (Alkaline Optimum),Miscellaneous,249.1,NA,"PMID:1730777,PMID:3042787"
r0525,-1,0,756.7335020565033,NA,"N6- (L-1, 3-Dicarboxypropyl)-L-Lysine:NAD+ Oxidoreductase",Lysine metabolism,10157.1,NA,"PMID:235294,PMID:4774398"
r0636,1,0,-36.765127049827576,NA,Octanoyl Coenzyme A:L-Carnitine O-Octanoyltransferase,Fatty acid oxidation,54677.1,NA,"PMID:1735445,PMID:1988962,PMID:2355017,PMID:6361812,PMID:7892212"
r0817,-1,0,3.6376128864838275,NA,Amino Acid-Polyamine-Organocation (Apc) Tcdb:2.A.3.3.2,"Transport, extracellular",6542.1,NA,"PMID:10049700,PMID:10072483,PMID:10391915,PMID:10574970,PMID:11004451,PMID:11311135,PMID:11389679,PMID:11557028,PMID:11564694,PMID:11742812,PMID:11827462,PMID:12117417,PMID:12824232,PMID:12883891,PMID:14574404,PMID:14770310,PMID:15465786,PMID:16082501,PMID:16288981,PMID:17466261,PMID:1904693,PMID:4424190,PMID:6432599,PMID:7690540,PMID:7718542,PMID:9751058,PMID:9759917,PMID:9868191"
r1030,-1,0,308.76563443888426,NA,Transport Reaction,"Transport, extracellular",NA,NA,"PMID:18124509,PMID:6027578"
r1116,-1,0,0.3249332545257406,NA,ATP Exporter (ATP-E) Tcdb:9.A.6.1.1,"Transport, extracellular",NA,NA,"PMID:10913128,PMID:11147574,PMID:11557556,PMID:12269403,PMID:14613890,PMID:15210701,PMID:15958381,PMID:17124168,PMID:179827,PMID:18697206,PMID:3031070,PMID:3244197,PMID:9305892"
r1292,1,0,-52.01669181456738,NA,Postulated Transport Reaction,"Transport, peroxisomal",NA,NA,PMID:8584017
r1384,1,0,-723.1853800521851,NA,Guanosine Aminohydrolase,Nucleotide interconversion,NA,NA,"PMID:10348987,PMID:14725335"
r2434,1,0,-36.765127049827576,NA,Mitochondrial Carrier (Mc) Tcdb:2.A.29.8.3,"Transport, mitochondrial",788.1,NA,"PMID:14598172,PMID:1735445,PMID:18406340,PMID:1988962,PMID:2351134,PMID:2355017,PMID:6361812,PMID:7892212,PMID:8132483"
r2519,-1,0,17.642201072940974,NA,Utilized Transport,"Transport, endoplasmic reticular",NA,NA,"PMID:16611737,PMID:18307097"
r2539,1,0,-756.7335020565033,NA,Postulated Transport Reaction,"Transport, mitochondrial",NA,NA,"PMID:10049700,PMID:10574970,PMID:11389679,PMID:11557028,PMID:11564694,PMID:12824232,PMID:12930836,PMID:14574404,PMID:16288981,PMID:911815"
RE1096C,-1,0,4.0845014283551775,NA,RE1096C,Steroid metabolism,NA,NA,"PMID:10049998,PMID:7578007"
RE1925C,-1,0,931.894374810791,NA,RE1925C,Tyrosine metabolism,NA,NA,"PMID:10556560,PMID:8891913"
RE2814R,-1,0,2.932856033366307,NA,RE2814R,Bile acid synthesis,NA,NA,PMID:0
RE3014R,-1,0,20.229168286696076,NA,Leukotriene-B4 20-Monooxygenase,Eicosanoid metabolism,8529.1 or 4051.1 or 126410.1,NA,"PMID:11368003,PMID:9799565,PMID:9862787"
RE3566C,-1,0,758.6144902239799,NA,RE3566C,Eicosanoid metabolism,NA,NA,PMID:234423
RE3567C,1,0,-127.52994761457443,NA,Prostaglandin-A1 Delta-Isomerase,Eicosanoid metabolism,NA,NA,PMID:234423
EX_C02470[e],-1,0,308.76563443888426,NA,Exchange of Xanthurenic Acid,Exchange/demand reaction,NA,NA,NA
EX_HC02205[e],1,0,-127.52994761457443,NA,Exchange of Prostaglandin-B2,Exchange/demand reaction,NA,NA,NA
EX_HC02207[e],-1,0,886.144438248825,NA,Exchange of Prostaglandin-C2,Exchange/demand reaction,NA,NA,NA
C10DCe,-1,0,0.35959285316351336,NA,Transport of Sebacoyl Carnitine into Extra Cellular Space,Fatty acid oxidation,NA,NA,"PMID: 6959231, PMID: 3119938"
C12DCe,-1,0,0.1861022075188137,NA,Excretion of Dodecanedioyl Carnitine,Fatty acid oxidation,NA,NA,"Korman SH, Waterham HR, Gutman A, Jakobs C, Wanders RJA. (2005). Molecular Genetics and Metabolism 86: 337-44"
C4DCCACT,-1,0,1.2264059521691946,NA,Transport of Succinyl Carnitine into Cytosol,Fatty acid oxidation,788.1,NA,"Westin M, Hunt M, Alexson S. (2008). Cellular and Molecular Life Sciences 65: 982-90. doi:10.1006/mgme.2000.3055,doi:10.1006/bbrc.1999.1340,biochimica et biophysica acta 1546 (2001) 21-43"
C6DCe,-1,0,0.24298809244085132,NA,Transport of Adipoyl Carnitine into the Extra Cellular Fluid,Fatty acid oxidation,NA,NA,"Jones LL, McDonald DA, Borum PR. (2010). Progress in Lipid Research 49: 61-75"
C8DCe,-1,0,0.23401889507301094,NA,Transport of Suberyl Carnitine into the Extra Cellular Space,Fatty acid oxidation,NA,NA,PMID: 6959231
DOCOSACTDr,1,0,-40.56667296245098,NA,Transport of Docosanoic Acid by Diffusion,Fatty acid oxidation,NA,NA,"PMID: 10331655, PMID: 11478365"
DOCOSADIACTD,-1,0,0.5610403052574567,NA,Transport of Docosanedioic Acid by Diffusion,Fatty acid oxidation,NA,NA,"PMID: 10331655, PMID: 11478366"
EX_c10dc[e],-1,0,0.35959285316351336,NA,Exchange of Sebacoyl Carnitine,Exchange/demand reaction,NA,NA,NA
EX_c12dc[e],-1,0,0.1861022075188137,NA,Exchange of Dodecanedioyl Carnitine,Exchange/demand reaction,NA,NA,NA
EX_c6dc[e],-1,0,0.24298809244085132,NA,Exchange of Adipoyl Carnitine,Exchange/demand reaction,NA,NA,NA
EX_c8dc[e],-1,0,0.23401889507301094,NA,Exchange of Suberyl Carnitine,Exchange/demand reaction,NA,NA,NA
FAOXC16OHC16r,-1,0,4.108170922696161,NA,"Fatty Acid Omega Oxidation (C16->W-Ohc16), Endoplasmatic Reticulum",Fatty acid oxidation,8529.1 and 4051.1,NA,"PMID: 4703570,PMID: 9827430,PMID:15060085"
FAOXC22C22DCHYr,-1,0,0.5610403052574567,NA,"Fatty Acid Omega Oxidation by Hydroxylases (C22->C22Dc), Endoplasmatic Reticulum",Fatty acid oxidation,8529.1 and 4051.1,NA,"PMID: 15716582,PMID: 19783438"
OMHPALTD,-1,0,4.108170922696161,NA,Transport of W-Hydroxypalmitic Acid by Diffusion,Fatty acid oxidation,NA,NA,"PMID: 10331655, PMID: 11478366"
SUCCCROT,-1,0,1.2264059521691946,NA,Production of Succinyl Carnitine,Fatty acid oxidation,54677.1,NA,"PMID: 15060085, Westin M, Hunt M, Alexson S. (2008). Cellular and Molecular Life Sciences 65: 982-90, PMID: 20560540"
CYSTALArBATtc,-1,0,4.400103978204108,NA,"Transport of L-Cystine in Exchange of L-Alanine by B0, +At Transporter","Transport, extracellular",11136.1 and 6519.1,NA,"PMID: 10958334, PMID: 19184091, PMID: 18195088, PMID: 11546643"
CYSTLEUrBATtc,-1,0,297.5842379611015,NA,"Transport of L-Cystine in Exchange of L-Leucine by B0, +At Transporter","Transport, extracellular",11136.1 and 6519.1,NA,"PMID: 10958334, PMID: 19184091, PMID: 18195088, PMID: 11546643"
ORNALArBATtc,-1,0,1.8491385462448002,NA,"Antiport of L-Ornithine and L-Alanine by B0, +At Transporter","Transport, extracellular",11136.1 and 6519.1,NA,"PMID: 10958334, PMID: 19184091, PMID: 18195088, PMID: 11546643"
ORNLEUrBATtc,-1,0,7.344612892746926,NA,"Antiport of L-Ornithine and L-Leucine by B0, +At Transporter","Transport, extracellular",11136.1 and 6519.1,NA,"PMID: 10958334, PMID: 19184091, PMID: 18195088, PMID: 11546643"
CRNrtx,1,0,-405.1588131676674,NA,Reversible Transport of L-Carnitine in Peroxisome,"Transport, peroxisomal",NA,NA,added during gap filling.
DM_fol,-1,0,619.5038466545105,NA,Demand for Folic Aicd,Exchange/demand reaction,NA,NA,NA
DOPAENT4tc,-1,0,388.9381937964529,NA,Dopa Transport by Ent4,"Transport, extracellular",222962.1,NA,NA
SRTNENT4tc,-1,0,526.6724196374655,NA,Serotonin Transport by Ent4,"Transport, extracellular",222962.1,NA,NA
15HPETATP,-1,0,0.4421647310182947,NA,"Transport of 15(S)-HPETE, Active Transport","Transport, extracellular",NA,NA,PMID: 23104810
3HPPt,-1,0,1.9954633580290873,NA,Transpot of 3-Hydroxypropionate,"Transport, extracellular",NA,NA,NA
3MOXTYRt,1,0,-921.6549180358887,NA,"Transport of 3-Methoxytyramine, Diffusion","Transport, extracellular",NA,NA,NA
C04717td,-1,0,1.3319198384768307,NA,"Transport of 13(S)-HPODE, Diffusion","Transport, extracellular",NA,NA,NA
C06439t,1,0,-115.53195161135471,NA,"Transport of Prostaglandin E3, Lactate Antiport","Transport, extracellular",NA,NA,PMID: 11997326
EX_15HPET[e],-1,0,0.4421647310182947,NA,Exchange of 15(S)-HPETE,Exchange/demand reaction,NA,NA,NA
EX_3hpp[e],-1,0,1.9954633580290873,NA,Exchange of 3-Hydroxypropionate,Exchange/demand reaction,NA,NA,NA
EX_C04717[e],-1,0,1.3319198384768307,NA,Exchange of 13(S)-HPODE,Exchange/demand reaction,NA,NA,NA
EX_hexdiac[e],-1,0,5.634289354697602,NA,Exchange of Hexadecanediocacid,Exchange/demand reaction,NA,NA,NA
EX_leuktrB4woh[e],-1,0,0.7550779257842368,NA,Exchnage for W-Hydroxyl Leukotriene B4,Exchange/demand reaction,NA,NA,NA
EX_saccrp_L[e],1,0,-756.7335020565033,NA,Exchange of L-Saccharopinate,Exchange/demand reaction,NA,NA,NA
EX_sebacid[e],-1,0,1.933961995021539,NA,Exchange of Sebacic Acid,Exchange/demand reaction,NA,NA,NA
HEXDIACtd,-1,0,5.634289354697602,NA,Transport of Hexadecanediocacid by Diffusion,"Transport, extracellular",NA,NA,"PMID: 10331655, PMID: 11478366"
LEUKTRB4WOHt,-1,0,0.7550779257842368,NA,"Transport of W-Hydroxyl Leukotriene B4, Active Transport","Transport, extracellular",NA,NA,PMID: 7966417
LEUKTRB4WOHtr,-1,0,0.19200802152502147,NA,"Transport of W-Hydroxyl Leukotriene B4, Intracellular Transport","Transport, extracellular",NA,NA,PMID: 7966417
SACCRP_Lte,-1,0,756.7335020565033,NA,"Transport of L-Saccharopinate, Intracellular","Transport, mitochondrial",NA,NA,NA
SACCRP_Ltm,1,0,-756.7335020565033,NA,"Transport of L-Saccharopinate, Extracellular","Transport, extracellular",NA,NA,NA
SEBACIDtd,-1,0,1.933961995021539,NA,Transport of Sebacic Acid by Diffusion,"Transport, extracellular",NA,NA,"Glatz JFC, Luiken JJFP, Bonen A. (2010). Physiological Reviews 90: 367-417, Kamp F, Hamilton JA. (2006). Prostaglandins, Leukotrienes and Essential Fatty Acids 75: 149-59, PMCID: PMC2785172, Evtodienko VY, Bondarenko DI, Antonenko YN. (1999). Biochimica et Biophysica Acta (BBA) - Biomembranes 1420: 95-103"
EX_3moxtyr[e],1,0,-921.6549180358887,NA,Exchange of 3-Methoxytyramine,Exchange/demand reaction,NA,NA,NA
EX_glnproglu[e],1,0,-127.78757210760116,NA,Exchange of GlnProGlu,Exchange/demand reaction,NA,NA,NA
GLNPROGLUt,-1,0,127.78757210760116,NA,"Transport of GlnProGlu, Extracellular","Transport, extracellular",6564.1 or 6565.1,NA,NA
GLNPROGLUr,-1,0,127.78757210760116,NA,Metabolism (Formation/Degradation) of GlnProGlu,Peptide metabolism,NA,NA,NA
DM_akg[c],-1,0,85.3281649144411,NA,Demand for 2-Oxoglutarate,Exchange/demand reaction,NA,NA,NA
34HPLtm,-1,0,126.08972276856899,NA,"Transport of 3-(4-Hydroxyphenyl)Lactate, Mitochondrial","Transport, mitochondrial",NA,NA,NA
3HPPtm,1,0,-1.9954633580290873,NA,"Transport of 3-Hydroxypropionate, Mitochondrial","Transport, mitochondrial",NA,NA,NA
sink_cholate[c],1,0,-413.4921806511879,NA,Sink for Cholate,Exchange/demand reaction,NA,NA,NA
sink_gchola[c],-1,0,362.17791237253647,NA,Sink for Glycocholate,Exchange/demand reaction,NA,NA,NA
sink_lnlccoa[c],-1,0,930.3858007013321,NA,sink_lnlccoa[c],Exchange/demand reaction,NA,NA,NA
sink_tdchola[c],1,0,-508.09487513809205,NA,Sink for Taurochenodeoxycholate,Exchange/demand reaction,NA,NA,NA
EX_co2[e],1,0,-917.581567873764,NA,Exchange of Carbon Dioxide,Exchange/demand reaction,NA,NA,NA
EX_din[e],1,0,-667.7248274114609,NA,Exchange of Deoxyinosine,Exchange/demand reaction,NA,NA,NA
EX_ile_L[e],1,0,-799.3573364866256,NA,Exchange of L-Isoleucine,Exchange/demand reaction,NA,NA,NA
EX_lac_L[e],-1,0,447.801137681365,NA,Exchange of L-Lactate,Exchange/demand reaction,NA,NA,NA
EX_leu_L[e],1,0,-648.4371523014069,NA,Exchange of L-Leucine,Exchange/demand reaction,NA,NA,NA
URIDK3,1,0,-823.2446386413574,NA,ATP:dUMP Phosphotransferase,Nucleotide interconversion,NA,NA,PMID: 22041191.
EX_thr_L[e],1,0,-100.94610292282104,NA,Exchange of L-Threonine,Exchange/demand reaction,NA,NA,NA
EX_phe_L[e],1,0,-754.4260617868423,NA,Exchange of L-Phenylalanine,Exchange/demand reaction,NA,NA,NA
EX_tyr_L[e],1,0,-276.992984479353,NA,Exchange of L-Tyrosine,Exchange/demand reaction,NA,NA,NA
EX_ppa[e],1,0,-1.0059258588137803,NA,Exchange of Propionate,Exchange/demand reaction,NA,NA,NA
EX_pyr[e],-1,0,79.60088408075161,NA,Exchange of Pyruvate,Exchange/demand reaction,NA,NA,NA
11DOCRTSLte,-1,0,0.2161846503977169,NA,"Transport of 11-Deoxycortisol, Extracellular","Transport, extracellular",5243.1,NA,PMID: 15290871
SUCSALtm,-1,0,76.03895927754007,NA,"Transport of Succinic Semialdehyde, Mitochondrial","Transport, mitochondrial",NA,NA,NA
SUCSALte,-1,0,76.03895927754007,NA,"Transport of Succinic Semialdehyde, Extracellular Space","Transport, extracellular",NA,NA,NA
EX_sucsal[e],-1,0,76.03895927754007,NA,Exchange of Succinic Semialdehyde,Exchange/demand reaction,NA,NA,NA
ORN_Dte,1,0,-1.950492031155283,NA,"Transport of Ornithine, Extracellular Space","Transport, extracellular",NA,NA,PMID: 12807890
EX_11docrtsl[e],-1,0,0.2161846503977169,NA,Exchange of 11-Deoxycortisol,Exchange/demand reaction,NA,NA,NA
CHSTEROLSte,-1,0,110.70948060235978,NA,"Transport of Cholesterol Sulfate, Extracellular Space, within Lipoproteins","Transport, extracellular",NA,NA,PMID: 10998465
EX_chsterols[e],-1,0,110.70948060235978,NA,Exchange of Cholesterol Sulfate,Exchange/demand reaction,NA,NA,NA
MELATNte,-1,0,9.012302831406332,NA,"Melatonin Diffusion, Cytosol","Transport, extracellular",NA,NA,PMID: 15649735
EX_melatn[e],-1,0,9.012302831406332,NA,Exchange of Melatonine,Exchange/demand reaction,NA,NA,NA
EX_CE4890[e],-1,0,931.894374810791,NA,Exchange of N-Methylsalsolinol,Exchange/demand reaction,NA,NA,NA
DOPACHRMDC,-1,0,1.929125836615425,NA,L-Dopachrome Decarboxylation,Tyrosine metabolism,NA,NA,PMID: 23683503
DOPAOQCYS,-1,0,2.205682891579402,NA,Dopamine-O-Quinone Cysteine Addition,Tyrosine metabolism,NA,NA,PMID: 9952424
NEU310e,-1,0,0.17262899509051693,NA,"Sialidase, Plasma Membrane (Neu3)",Sphingolipid metabolism,NA,NA,NA
NEU39e,-1,0,0.17262899509051693,NA,"Sialidase, Plasma Membrane (Neu3)",Sphingolipid metabolism,10825.1,NA,NA
HMR_1085,-1,0,654.0711858064651,NA,Membrane Dipeptidase,Leukotriene metabolism,1800.1 or 64180.1 or 64174.1,NA,PMID:3563417;PMID:6293969
HMR_3867,1,0,-18.02216280292049,NA,HMR_3867,"Transport, peroxisomal",NA,NA,NA
HMR_6782,-1,0,126.08972276856899,NA,(R)-4-Hydroxyphenyllactate Dehydrogenase,Phenylalanine metabolism,NA,R03336,NA
HMR_9626,-1,0,55.93346970100868,NA,HMR_9626,"Transport, endoplasmic reticular",NA,NA,NA
HMR_9680,1,0,-614.2155764420032,NA,HMR_9680,"Transport, peroxisomal",NA,NA,NA
3HPVShc,-1,0,1.8166429212574127,NA,oxidation of pravastatin to 3-hydroxy pravastatin in hepatocytes,Drug metabolism,(1576.1 or (4051.1 or 8529.1)),NA,"PMID: 9929499, PMID: 1680649, PMID: 9804052, PMID: 11192473"
4HATVACIDtep,-1,0,0.02318620834350586,NA,efflux of 4-hydroxy-atorvastatin-acid into portal blood,Drug metabolism,NA,NA,"PMID: 14531725, PMID: 9804052, PMID: 12036392, PMID: 18720283."
EX_nfdlac[e],-1,0,1.0543859632547887,NA,exchange reaction of lactone form of nifedipine in portal vein,Exchange/demand reaction,NA,NA,NA
NFDLAChc,-1,0,1.0543859632547887,NA,lactonization of hydroxy metabolite of nifedipine in hepatocytes,Drug metabolism,NA,NA,"PMID: 3203042, PMID: 12814972, PMID: 3609112"
NFDLACtep,-1,0,1.0543859632547887,NA,exit of lactone form of nifedipine into portal vein,Drug metabolism,NA,NA,PMID: 3203042
3HPVSitr,-1,0,1.8166429212574127,NA,3HPVSitr,Drug metabolism,NA,NA,NA
sink_val_L[c],1,0,-88.7279923648864,NA,Sink_val_L[c],Exchange/demand reaction,NA,NA,NA
sink_asn_L[c],1,0,-890.121938986206,NA,Sink_asn_L[c],Exchange/demand reaction,NA,NA,NA
sink_tyr_L[c],1,0,-88.8869314452052,NA,Sink_tyr_L[c],Exchange/demand reaction,NA,NA,NA
DM_5cysdopa[c],-1,0,2.205682891579402,NA,DM_5cysdopa[c],Exchange/demand reaction,NA,NA,NA
