Reaction,fc,pval,Truncating,WT,rxnNames,subSystem,geneRules,kegg,source
10FTHFtm,-0.8162776688981558,0,95.96782765429616,948.7372670257569,10-Formyltetrahydrofolate Mitochondrial Transport via Diffusion,"Transport, mitochondrial",NA,NA,PMID:11375437
11DOCRTSLtm,0.6611696809307664,0,12.179001711826212,2.4841622642971926,11-Deoxycortisol Intracellular Transport,"Transport, mitochondrial",NA,NA,NA
11DOCRTSLtr,-0.7945144318593883,0,-1.665331936397709,-0.19069318865204987,11-Deoxycortisol Intracellular Transport,"Transport, endoplasmic reticular",NA,NA,NA
11DOCRTSTRNtr,0.6532448376833322,0,-0.9175892471008119,-4.374843840097702,11-Deoxycorticosterone Intracellular Transport,"Transport, endoplasmic reticular",NA,NA,NA
13DAMPPOX,-0.44777889412367555,0,1.636015694082429,4.289204029224676,"1, 3-Diaminopropane:Oxygen Oxidoreductase (Deaminating)",Beta-Alanine metabolism,8639.1 or 26.1 or 314.2 or 314.1,NA,"PMID:15035803,PMID:8920635,PMID:9653080"
24_25DHVITD2t,0.45334434396621764,0,5.865636993658167,2.2062793667147345,"24, 25-Dihydroxyvitamin D2 Transport from Cytoplasm","Transport, extracellular",NA,NA,NA
24_25DHVITD2tm,0.45334434396621764,0,5.865636993658167,2.2062793667147345,"24, 25-Dihydroxyvitamin D2 Transport from Mitochondria","Transport, mitochondrial",NA,NA,NA
24_25DHVITD3t,0.6010072039413937,0,3.3836797279994206,0.8432590636180132,"24, 25-Dihydroxyvitamin D3 Transport from Cytoplasm","Transport, extracellular",NA,NA,NA
24_25DHVITD3tm,0.6010072039413937,0,3.3836797279994206,0.8432590636180132,"24, 25-Dihydroxyvitamin D3 Transport from Mitochondria","Transport, mitochondrial",NA,NA,NA
24_25VITD2Hm,0.45334434396621764,0,5.865636993658167,2.2062793667147345,24R-Vitamin D-25-Hydroxylase (D2),Vitamin D metabolism,1591.1,NA,"PMID:15358094,PMID:8266831"
24_25VITD3Hm,0.6010072039413937,0,3.3836797279994206,0.8432590636180132,24R-Vitamin D-25-Hydroxylase (D3),Vitamin D metabolism,1591.1,NA,"PMID:15358094,PMID:8266831"
25HVITD2tin_m,0.45334434396621764,0,5.865636993658167,2.2062793667147345,25-Hydroxyvitamin D2 Transport in Mitochondria,"Transport, mitochondrial",NA,NA,NA
25HVITD3tin_m,0.6010072039413937,0,3.3836797279994206,0.8432590636180132,25-Hydroxyvitamin D3 Transport in Mitochondria,"Transport, mitochondrial",NA,NA,NA
2AMACHYD,0.9067677935713769,0,81.78458434385061,3.998891357370504,2-Aminoacrylate Hydrolysis,"Glycine, serine, alanine, and threonine metabolism",10993.1,NA,PMID:500639
2AMADPTm,-0.9445677720806429,0,1.5583022847296997,54.66539079853296,L-2-Aminoadipate Shuttle (Cytosol/Mitochondria),Lysine metabolism,89874.1,NA,PMID:11083877
2HBO,3.303743092076703,0,252.41360973370075,-135.114038484478,2-Hydroxybutyrate:NAD+ Oxidoreductase,Propanoate metabolism,92483.1 or 3948.2 or 55293.1 or (3945.1 and 3939.1) or 3939.1 or 160287.1 or 3945.1 or 3948.1,NA,"PMID:10108,PMID:21765"
2HBt2,0.6276904597559972,0,-34.240165956920386,-149.69369689537288,2-Hydroxybutyrate Symport with Proton,"Transport, extracellular",9123.1 or 9194.1 or 6566.1,NA,"PMID:10510291,PMID:11101640,PMID:12739169,PMID:7835905,PMID:8476015,PMID:9425115,PMID:9508842,PMID:9649795,PMID:9786900,PMID:9824713"
2OXOADOXm,0.6041186012426332,0,17.555982119631768,4.332651434061828,"2-Oxoadipate:Lipoamde 2-Oxidoreductase (Decarboxylating And Acceptor-Succinylating), Mitochondrial",Lysine metabolism,(4967.2 and 1738.1 and 8050.1 and 1743.1) or (4967.1 and 1738.1 and 8050.1 and 1743.1),NA,NA
2OXOADPTm,1.0446331043312813,0,17.605617380006706,-806.5096223236084,2-Oxoadipate Shuttle (Cytosol/Mitochondria),Tryptophan metabolism,89874.1,NA,PMID:11083877
34DHPHAMT,0.8658436687892753,0,23.603348330055177,1.6971082139500546,"3, 4-Dihydroxyphenylacetate:Amet O-Methyltransferase",Tyrosine metabolism,1312.1 or 1312.2,NA,PMID:1847521
34HPPOR,0.6748440914103906,0,5.964890489575468,1.1580298110865692,4-Hydroxyphenylpyruvate:Oxygen Oxidoreductase,Tyrosine metabolism,3242.1,NA,NA
3AIBTm,-1,0,NA,1.861941148907205,"L-3-Aminoisobutyrate Transaminase, Mitochondrial","Valine, leucine, and isoleucine metabolism",18.1 or 18.2,NA,NA
3AIBtmi,-1,0,NA,1.861941148907205,"3-Amino-Isobutyrate Transport, Mitochondrial","Transport, mitochondrial",18.1 or 18.2,NA,"We show in this study that the product of Slc6a18 called XT2 is a Na+- and Cl dependent neutral amino acid transporter and displays, compared with B0AT1, a lower K0.5 and a different substrate selectivity. Because of its broad transport selectivity for neutral amino acids, we suggest that it be renamed B0AT3. Exclusive to kidney, responsible for re-absorption of neutral amino acids (gly, ala, val, leu, ile, met, ser, cys, asn, gln, phe, tyr, trp, arg, glu)."
3DSPHR,0.5887049987833287,0,18.86292056064755,4.883364086399274,3-Dehydrosphinganine Reductase,Sphingolipid metabolism,2531.1,NA,NA
3HBCOAHLm,-0.8647922669008936,0,31.2816149251692,431.43770161333083,"3-Hydroxyisobutyryl Coenzyme A Hydrolase, Mitochondrial","Valine, leucine, and isoleucine metabolism",NA,NA,PMID:8824301
3HLYTCL,0.8506496840088417,0,45.91043153681159,3.7050434323476704,3-Hydroxy-L-Tyrosine Carboxy-Lyase,Tyrosine metabolism,1644.1,NA,NA
3M4HDXPAC,-0.39802824318289765,0,1.4757445876418211,3.427291380174184,3-Methoxy-4-Hydroxyphenylacetaldehyde:NAD+ Oxidoreductase,Tyrosine metabolism,218.1 or 221.1 or 222.1 or 220.1,NA,"PMID:6422947,PMID:9732974"
3MLDAt,-0.7006895988176716,2.359990291402241e-10,7.525697176299112,42.76120997140635,3Mlda Extracellular Transport via Diffusion,"Transport, extracellular",NA,NA,PMID:11411609
3MOXTYROX,-0.39802824318289765,0,1.4757445876418211,3.427291380174184,3-Methoxytyramine:Oxygen Oxidoreductase (Deaminating),Tyrosine metabolism,4128.1 or 4129.1,NA,PMID:10867119
41R2A1H12BOOX,0.3765208018735821,0,2.9484927706363173,1.3354857447963948,"4-[ (1R)-2-Amino-1-Hydroxyethyl]-1, 2-Benzenediol:Oxygen Oxidoreductase (Deaminating) (Flavin-Containing)",Tyrosine metabolism,4128.1 or 4129.1,NA,"PMID:15035803,PMID:8920635,PMID:9653080"
4ABUTtm,1,0,NA,-789.719201877594,4-Aminobutanoate Mitochondrial Transport via Diffusion,"Transport, mitochondrial",NA,NA,PMID:10407778
4HGLSDm,-0.35426426339895284,0,1.8152131580352784,3.8069417116641997,"L-4-Hydroxyglutamate Semialdehyde Dehydrogenase, Mitochondrial",Arginine and proline metabolism,8659.1 or 8659.2,NA,PMID:15849464
4MPTNLte,0.338271084314094,0,21.292285721952467,10.528301260042191,4-Methylpentanal Transport,"Transport, extracellular",NA,NA,PMID:8428987
4MPTNLtm,-0.338271084314094,0,-21.292285721952467,-10.528301260042191,"4-Methylpentanal Transport, Mitochondrial","Transport, mitochondrial",NA,NA,PMID:8428987
5ADTSTSTERONESte,-1,0,NA,374.7228419424057,Sulfonated Testosterone Transport,"Transport, extracellular",NA,NA,NA
5AOPtm,1,0,NA,-1.7467785746263245,5-Aminolevulinate Mitochondrial Transport,Heme synthesis,NA,NA,PMID:10558864
5HLTDL,0.5848680929956603,0,4.237214662508881,1.1098734405771633,5-Hydroxy-L-Tryptophan Decarboxy-Lyase,Tryptophan metabolism,1644.1,NA,PMID:1540578
5HOMEPRAZOLEte,-0.7881353007095802,0,-9.233752412454955,-1.0940481838318628,Transport of Xenobiotic,"Transport, extracellular",NA,NA,NA
5HOXINDACTO2OX,0.42834411058421196,0,4.923473307717507,1.97048630780363,5-Hydroxyindoleacetaldehyde:Oxygen Oxidoreductase,Tryptophan metabolism,316.1,NA,PMID:11306106
5HTRPVESSEC,0.5113369868449277,3.665601031607697e-16,1.6883552441423217,0.5458986103430871,5-Hydroxy-L-Tryptophan Secretion via Secretory Vesicle (ATP Driven),"Transport, extracellular",6570.1 or 6571.1,NA,"PMID:12827358,PMID:15383652"
6HTSTSTERONEte,0.7824797934167353,0,9.904955697915025,1.2087250680573867,Hydroxylated Testosterone Transport,"Transport, extracellular",NA,NA,NA
6HTSTSTERONEtr,-0.7824797934167353,0,-9.904955697915025,-1.2087250680573867,Hydroxylated Testosterone Transport,"Transport, endoplasmic reticular",NA,NA,NA
7THFtl,0.8801267224697434,0,2.6825108597411895,0.1710317527667914,"7-Glutamyl-Thf Transport, Lysosomal","Transport, lysosomal",NA,NA,PMID:11375437
7THFtm,0.36393382738328134,0,2.207001196897201,1.0292279405989364,"7-Glutamyl-Thf Transport, M Mitochondrial","Transport, mitochondrial",NA,NA,PMID:11375437
A4GALTc,-1,0,NA,3.674654075794769,Lactosylceramide 4-Alpha-Galactosyltransferase,Sphingolipid metabolism,53947.1,NA,PMID:10748143
A4GNT2g,0.34167281036151165,0,0.1087501311940517,0.05336112328497311,"Alpha 1, 4-N-Acetylglucosaminyltransferase, Golgi Apparatus",O-glycan metabolism,51146.1,NA,PMID:10430883
AACTOOR,0.7758614391605739,0,26.692107655133306,3.368917452490304,Aminoacetone:Oxygen Oxidoreductase (Deaminating) (Flavin-Containing),"Glycine, serine, alanine, and threonine metabolism",8639.1,NA,"PMID:10328770,PMID:12878330"
AATAi,1,0,NA,-53.79260537244082,"2-Aminoadipate Transaminase, Irreversible",Lysine metabolism,51166.1 or 51166.2,NA,PMID:12126930
ABO2g,0.390962546705797,0,0.12173375385979525,0.05330151815108111,"Abo Blood Group (Transferase A, Alpha 1-3-N-Acetylgalactosaminyltransferase",Blood group synthesis,28.1,NA,"PMID:11421346,PMID:12198488,PMID:2121736"
ABO6g,0.33513638325715067,0,0.07217083269674404,0.03593922048101249,"Abo Blood Group (Transferase A, Alpha 1-3-N-Acetylgalactosaminyltransferase",Blood group synthesis,28.1,NA,"PMID:11421346,PMID:12198488,PMID:2121736"
ABO7g,0.33513638325715067,0,0.07217083269674404,0.03593922048101249,"Abo Blood Group (Transferase A, Alpha 1-3-N-Acetylgalactosaminyltransferase",Blood group synthesis,28.1,NA,"PMID:11421346,PMID:12198488,PMID:2121736"
ABTArm,1,0,NA,-789.719201877594,"4-Aminobutyrate Transaminase, Reversible, Mitochondrial",Glutamate metabolism,18.1 or 18.2,NA,"PMID:10407778,PMID:7721088"
ABTti,-1,0,NA,352.4789665848255,L-Arabinitol Transport via Passive Diffusion,"Transport, extracellular",NA,NA,PMID:15234337
ABUTt2rL,0.5193064484497504,0,323.02711246083976,102.20258730176687,"4-Aminobutyrate Reversible Transport in via Proton Symport, Lysosomal","Transport, lysosomal",206358.1,NA,"PMID:11390972,PMID:11959859"
ACACT10m,-0.962831840631855,0,-261.51550707688517,-4.952054395625624,"Acetyl Coenzyme A C-Acetyltransferase, Mitochondrial","Valine, leucine, and isoleucine metabolism",38.1 or 3032.1 or 10449.1,NA,PMID:676035
ACACt2m,-2.067844600409994,0,-108.69539669167474,312.2744505164385,Acetoacetate Mitochondrial Transport via H+ Symport,"Transport, mitochondrial",6566.1,NA,"PMID:28726,PMID:627555"
ACACT5p,0.4400974929887578,0,14.03485856782198,5.4566809094036,"Acetyl Coenzyme A C-Acyltransferase (Decanoyl Coenzyme A), Peroxisomal",Fatty acid oxidation,30.1,NA,PMID:1679347
ACACT8p,-0.46025168307067094,0,23.10492534944117,62.50877505406141,"Acetyl Coenzyme A Acyltransferase (Hexadecanoyl Coenzyme A), Peroxisomal",Fatty acid oxidation,30.1,NA,PMID:1679347
ACACT9p,0.455992741598361,0,1.072104644087339,0.40057391186535485,"Acetyl Coenzyme A Acyltransferase (Tetracosanoyl Coenzyme A), Peroxisomal",Fatty acid oxidation,30.1,NA,PMID:1679347
ACALDtm,-0.6972228444871869,0,-206.85238677978515,-36.901563918757624,Acetaldehyde Mitochondrial Diffusion,"Transport, mitochondrial",NA,NA,PMID:9028626
ACALDtr,0.726085310746508,0,4.951172327178903,0.7857078795561742,"Acetaldehyde Reversible Transport, Endoplasmatic Reticulum","Transport, endoplasmic reticular",NA,NA,PMID:9028626
ACCOAgt,0.42109208443645846,0,197.7564861340642,80.55973038681745,Acetyl Coenzyme A Transport,"Transport, extracellular",9197.1,NA,PMID:12739170
ACCOALm,0.9119751079955258,0,8.13809212116041,0.37466736731662675,Acetate Coenzyme A Ligase (AMP-Forming),Propanoate metabolism,84532.1 or 79611.1,NA,PMID:11150295
ACCOAtn,0.8719478914019879,0,169.8365929658614,11.61780941994749,"Acetyl Coenzyme A Transport, Nuclear","Transport, nuclear",NA,NA,NA
ACETONEt2,-1.774717145814614,0,-60.679810192161796,16.942155502788303,Acetone Transport via Proton Symport,"Transport, extracellular",6566.1 or 9123.1 or 9194.1,NA,"PMID:10510291,PMID:11101640,PMID:12739169,PMID:7835905,PMID:8476015,PMID:9425115,PMID:9508842,PMID:9649795,PMID:9786900,PMID:9824713"
ACETONEt2m,-1.774717145814614,0,-60.679810192161796,16.942155502788303,Acetone Mitochondrial Transport via Proton Symport,"Transport, mitochondrial",6566.1,NA,NA
ACGAGBSIDEtg,-0.33421618726783786,0,-0.1834005884443177,-0.09151825933233704,Acgagbside Hs Intracellular Transport,"Transport, golgi apparatus",NA,NA,PMID:15907394
ACGAGBSIDEtl,0.33421618726783786,0,0.1834005884443177,0.09151825933233704,Acgagbside Hs Intracellular Transport,"Transport, lysosomal",NA,NA,PMID:15907394
ACGALFUCGALACGALFUCGALACGLCGAL14ACGLCGALGLUSIDEte,-0.33513638325715067,0,-0.07217083269674404,-0.03593922048101249,Blood Group Intracellular Transport,"Transport, extracellular",NA,NA,NA
ACGALFUCGALACGALFUCGALACGLCGAL14ACGLCGALGLUSIDEtg,0.33513638325715067,0,0.07217083269674404,0.03593922048101249,Blood Group Intracellular Transport,"Transport, golgi apparatus",NA,NA,NA
ACGALK,1,0,0.736359855059441,NA,N-Acetylgalactosamine Kinase,Aminosugar metabolism,NA,NA,NA
ACGALtly,0.42234477612971005,0,77.11479228173495,31.31854058650136,N-Acetyl-Galactosamine Lysosomal Efflux,"Transport, lysosomal",NA,NA,"PMID:2784441,PMID:3753439"
ACGAM6PSi,0.9763996230544032,0,167.32233876268864,1.9980120518924087,N-Acetylglucosamine-6-Phosphate Synthase,Aminosugar metabolism,64841.1,NA,NA
ACGAMPM,0.8556561476071202,0,185.22262639722825,14.407705586500466,Phosphoacetylglucosamine Mutase,Aminosugar metabolism,5238.1,NA,PMID:11004509
ACGPID,0.5333741526726955,0,5.062722049724311,1.5406526594422758,N-Acetylglucosaminylphosphatidylinositol Deacetylase,Phosphatidylinositol phosphate metabolism,9487.1,NA,"PMID:10085243,PMID:14742432"
ACHtn,0.8719478914019879,0,169.8365929658614,11.61780941994749,"Acetylcholin Transport, Nuclear through Pores","Transport, nuclear",NA,NA,NA
ACITL,0.8811743381332847,0,6.469238619000601,0.4086338757093958,ATP-Citrate Lyase,Citric acid cycle,47.1 or 47.2,NA,PMID:2295639
ACNACNGAL14ACGLCGALGLUSIDEte,-0.5009949190022175,0,-0.17306758903860464,-0.05753624159081665,Blood Group Intracellular Transport,"Transport, extracellular",NA,NA,NA
ACNACNGAL14ACGLCGALGLUSIDEtg,0.5009949190022175,0,0.17306758903860464,0.05753624159081665,Blood Group Intracellular Transport,"Transport, golgi apparatus",NA,NA,NA
ACNAM9PL2,0.4010821906037291,0,1.3446703436317253,0.574803549691127,N-Acetylneuraminate 9-Phosphate Pyruvate-Lyase (Pyruvate-Phosphorylating),Aminosugar metabolism,54187.1,NA,PMID:10749855
ACNAMlt,-0.7078239885123233,0,-8.00354899134813,-1.3692541138711385,N-Acetylneuraminate Transport into Lysososme,"Transport, lysosomal",26503.1,NA,"PMID:10581036,PMID:2768261"
ACOAD10m,0.6478103714364198,0,35.943575750156306,7.6822884551087425,"Acyl Coenzyme A Dehydrogenase (2-Methylbutanoyl Coenzyme A), Mitochondrial","Valine, leucine, and isoleucine metabolism",36.1 or 34.1,NA,PMID:11013134
ACOAD1fm,0.5621686093741369,0,14.719096826523542,4.1253438288556,"Acyl Coenzyme A Dehydrogenase (Butanoyl Coenzyme A), Mitochondrial",Butanoate metabolism,80724.1 or 36.1 or 35.1 or 34.1 or 84129.1 or 27034.1 or 28976.1,NA,PMID:2565344
ACOAD8m,0.9656716970809835,0,93.93082552880048,1.6403989725111834,"Acyl Coenzyme A Dehydrogenase (Isovaleryl Coenzyme A), Mitochondrial","Valine, leucine, and isoleucine metabolism",3712.1,NA,PMID:9214289
ACOAD9m,-0.8404503958502234,0,35.48361299272478,409.3136421532631,"Acyl Coenzyme A Dehydrogenase (Isobutyryl Coenzyme A), Mitochondrial","Valine, leucine, and isoleucine metabolism",34.1 or 27034.1,NA,PMID:11013134
ACONTm,0.45823312162801694,0,33.21959372453689,12.341837067063153,Aconitate Hydratase,Citric acid cycle,50.1 or 48.1,NA,"PMID:10419470,PMID:17244191,PMID:17244192"
ACSm,0.36326823820920073,0,0.5900084855136313,0.2755709638963701,Acetyl Coenzyme A Synthetase,Glycolysis/gluconeogenesis,84532.1,NA,"PMID:11150295,PMID:4326157"
ACSRTNMT,-0.3952211554432948,0,3.9065133666506853,9.012302831406332,S-Adenosyl-L-Homocysteine:N-Acetylserotonin O-Methyltransferase,Tryptophan metabolism,438.1,NA,PMID:8397829
ADCim,1,0,60.679810192161796,NA,"Acetoacetate Decarboxylation (Irreversible), Mitochondrial",Propanoate metabolism,NA,NA,NA
ADEt,-0.9620150866697195,0,-230.71760829921962,-4.466728321590499,"Adenine Reversible Transport, Cytosol","Transport, extracellular",3177.1,NA,"PMID:12006583,PMID:12838422"
ADK3,-5.007341833257637,0,-170.16505569438934,113.51269249696732,Adentylate Kinase (GTP),Nucleotide interconversion,26289.1 or 26289.2,NA,PMID:9434148
ADK3m,3.56392866386386,0,3.5722926819438112,-6.358869962577149,Adentylate Kinase (GTP),Nucleotide interconversion,50808.1,NA,PMID:11485571
ADKd,-0.3433233771652857,0,42.447049127829075,86.83134346850068,Adenylate Kinase (D Form),Nucleotide interconversion,26289.2 or 26289.1,NA,PMID:10215863
ADMDC,0.6381705419725185,0,18.316511078930645,4.045643055370616,Adenosylmethionine Decarboxylase,Arginine and proline metabolism,262.1,NA,PMID:2460457
ADNCYC,0.43083550574352264,0,1.3608913898380939,0.5413417940259271,Adenylate Cyclase,Nucleotide interconversion,112.1 or 55811.1 or 109.1 or 112.2 or 114.1 or 108.1 or 113.1 or 107.1 or 196883.1 or 115.1 or 111.1,NA,"PMID:10481931,PMID:11299302,PMID:11423534,PMID:11840511,PMID:12503609,PMID:12609998,PMID:12623444,PMID:1427768,PMID:14996950,PMID:15547246,PMID:7860067,PMID:7959689,PMID:8076676"
ADNK1m,-0.47015672169011985,0,1.2253898993357202,3.400090688979105,"Adenosine Kinase, Mitochondrial",Nucleotide interconversion,NA,NA,NA
ADNt,1.0939787475910796,0,211.62055927683116,-9.497629881983995,Adenosine Faciliated Transport in Cytosol,"Transport, extracellular",3177.1 or 2030.1,NA,"PMID:10722669,PMID:12838422"
ADNtm,-1.821241053804824,0,-0.778887587022878,2.6757425564968913,Adenosine Faciliated Transport in Mitochondria,"Transport, mitochondrial",2030.1,NA,"PMID:10722669,PMID:12838422,PMID:14607828"
ADRNCRNt,0.4653102907727061,0,171.59619248689413,62.615214567929506,Transport into the Mitochondria (Carnitine),Fatty acid oxidation,788.1 or 788.1,NA,NA
ADRNt,-1,0,NA,0.3095654858790292,Fatty Acid Transport via Diffusion,"Transport, extracellular",NA,NA,"PMID:11788354,PMID:12864740"
ADSL2,-0.34449922149750895,0,0.4993223867278146,1.0241613469407551,Adenylosuccinate Lyase,Purine synthesis,158.1 or 158.2,NA,"PMID:1302001,PMID:2004782"
AFLATOXINte,0.6245736450022378,0,5.3049402771534755,1.2259305066652144,Transport of Xenobiotic,"Transport, extracellular",NA,NA,NA
AGMTm,0.3816898366128251,0,26.236629043016396,11.740966720928391,"Agmatinase, Mitochondrial",Arginine and proline metabolism,79814.1,NA,"PMID:11804860,PMID:11914032,PMID:15028567,PMID:15465778"
AGTim,0.34202872480465635,0,2.8510089501871203,1.3977957102378773,"Alanine-Glyoxylate Transaminase (Irreversible), Mitochondrial",Alanine and aspartate metabolism,64902.1 or 64850.1,NA,"PMID:15240345,PMID:9038835,PMID:9783918"
AGTix,0.5786505212927459,0,12.745953395501338,3.401956763947716,"Alanine-Glyoxylate Transaminase (Irreversible),, Peroxisomal",Alanine and aspartate metabolism,189.1,NA,"PMID:1703535,PMID:9038835,PMID:9783918"
AHANDROSTANGLCte,-0.39159069767794924,0,0.2524391687670672,0.5773941944100229,Glucuronidated Compound Transport,"Transport, extracellular",4363.1,NA,NA
AHANDROSTANGLCtr,0.39159069767794924,0,-0.2524391687670672,-0.5773941944100229,Glucuronidated Compound Transport,"Transport, endoplasmic reticular",NA,NA,NA
AHCYStr,1,0,786.5313896060467,NA,S-Adenosyl-L-Homocysteine Intracellular Diffusion,"Transport, endoplasmic reticular",NA,NA,NA
AHEXASEly,0.6298804701801117,0,0.1892083335258609,0.04296615655187129,"Beta-N-Acetylhexosaminidase, Lysosomal",N-glycan degradation,3073.1 or 3074.1 or (3073.1 and 3074.1),NA,"PMID:10336991,PMID:11707436,PMID:12706724"
AIRCr,-0.34449922149750895,0,0.4993223867278146,1.0241613469407551,Phosphoribosylaminoimidazole Carboxylase,Purine synthesis,10606.1,NA,NA
AKGDm,-0.7663996252883577,0,127.33030263719559,962.8246493347168,2-Oxoglutarate Dehydrogenase,Citric acid cycle,(4967.2 and 1738.1 and 8050.1 and 1743.1) or (4967.1 and 1738.1 and 8050.1 and 1743.1),NA,PMID:1542694
AKR1D,-0.7973120184337565,0,1.6896585621940292,14.98285008027628,"Aldo-Keto Reductase Family 1, Member D1 (Delta 4-3-Ketosteroid-5-Beta-Reductase)",Bile acid synthesis,6718.1,NA,NA
ALACYSNaEx,-0.9437360641968119,0,2.1940280626118183,75.7965366318509,L-Alanine/L-Cysteine Na-Dependent Exchange (Ala-L In),"Transport, extracellular",6509.1 or 6510.1,NA,PMID:14530974
ALADGLNexR,1.0003343935282336,0,0.03423498713970184,-204.79290553047656,L-Alanine/Glutamine Reversible Antiport,"Transport, extracellular",56301.1 and 6520.1,NA,"PMID:10734121,PMID:10863037,PMID:14770310"
ALADGLYexR,1.0002072813301446,0,0.0062064303517341615,-59.89032959189043,D-Alanine/Glycine Reversible Antiport,"Transport, extracellular",56301.1 and 6520.1,NA,"PMID:10734121,PMID:10863037,PMID:14770310"
ALAGLNNaEx,-0.7715467837039224,0,7.727009804403782,59.91931122081215,L-Alanine/L-Glutamine Na-Dependent Exchange (Ala-L In),"Transport, extracellular",6510.1,NA,PMID:14530974
ALASm,-1,0,0,1.7467786180496216,5-Aminolevulinate Synthase,"Glycine, serine, alanine, and threonine metabolism",212.1 or 23464.1 or 211.2 or 211.1,NA,PMID:2263504
ALATA_L,1.0323483481426965,0,7.251372507610265,-455.58168449897767,L-Alanine Transaminase,Glutamate metabolism,2875.1 or 84706.1,NA,PMID:11863375
ALCD21_D,-0.9935869936931858,0,3.0968489660382272,962.7057147232056,"Alcohol Dehydrogenase (D-1, 2-Propanediol)",Pyruvate metabolism,127.1 or 284273.2 or 125.1 or 128.1 or 131.1 or (125.1 and 124.1) or 124.1 or 130.1 or 137872.1 or (125.1 and 126.1) or (126.1 and 124.1) or 284273.1 or 126.1,NA,"PMID:15987839,PMID:2296157"
ALCD21_L,-0.5983468262216329,0,8.493301613748073,33.79841755207479,"Alcohol Dehydrogenase (L-1, 2-Propanediol)",Pyruvate metabolism,130.1 or 125.1 or 125.1 and 124.1 or 128.1 or 126.1 or 284273.2 or 137872.1 or 127.1 or 124.1 or (126.1 and 124.1) or 284273.1 or (125.1 and 126.1) or 131.1,NA,"PMID:15987839,PMID:2296157"
ALCD22_D,-0.9904992627989414,0,2.1734196185827255,455.3531012372017,Alcohol Dehydrogenase (D-Lactaldehyde),Pyruvate metabolism,126.1 or 137872.1 or (126.1 and 124.1) or 127.1 or 130.1 or 284273.1 or (125.1 and 124.1) or 128.1 or 124.1 or 125.1 or 284273.2 or 131.1 or (125.1 and 126.1),NA,"PMID:15987839,PMID:2296157"
ALCD22_L,1,0.005810573074912605,1.0044601298809053,0,Alcohol Dehydrogenase (L-Lactaldehyde),Pyruvate metabolism,126.1 or 137872.1 or (126.1 and 124.1) or 127.1 or 130.1 or 284273.1 or (125.1 and 124.1) or 128.1 or 124.1 or 125.1 or 284273.2 or 131.1 or (125.1 and 126.1),NA,"PMID:15987839,PMID:2296157"
ALDD21,0.9985358218366358,0,437.7064251161575,0.3206748573715249,"Aldehyde Dehydrogenase (Pristanal, NAD)",Fatty acid oxidation,224.1,NA,"PMID:11591435,PMID:8528251"
ALDD2xm,0.6972228444871869,0,206.85238677978515,36.901563918757624,"Aldehyde Dehydrogenase (Acetylaldehyde, NAD), Mitochondrial",Glycolysis/gluconeogenesis,219.1 or 217.1,NA,"PMID:18983992,PMID:18983993,PMID:19382904,PMID:19382905"
ALDD2y,0.6418791718780951,0,372.0903245260239,81.1590142793417,"Aldehyde Dehydrogenase (Acetaldehyde, NADP)",Glycolysis/gluconeogenesis,223.1 or 221.1 or 218.1 or 8854.1 or 8854.3 or 222.1 or 8854.2 or 224.1 or 219.1,NA,PMID:12616643
ALOX15,0.8514481983867024,0,5.510839220684898,0.4421647310182947,Arachidonate 15-Lipoxygenase,Eicosanoid metabolism,247.1 or 246.1,NA,PMID:11839751
ALOX5,0.647029584868558,0,18.60922384174294,3.988091971777263,Arachidonate 5-Lipoxygenase,Eicosanoid metabolism,240.1,NA,PMID:2829172
ALR2,-0.5983468262216329,0,8.493301613748073,33.79841755207479,Aldose Reductase (Methylglyoxal),Pyruvate metabolism,10327.2 or 8574.1 or 10327.1 or 231.1,NA,"PMID:12071861,PMID:1537826,PMID:9823300"
ALR3,-0.5983468262216329,0,8.493301613748073,33.79841755207479,Aldose Reductase (Acetol),Pyruvate metabolism,10327.2 or 8574.1 or 10327.1 or 231.1,NA,"PMID:12071861,PMID:1537826,PMID:9823300"
AMACR2p,-0.5966307377673784,0,228.62108228664397,904.9361997989655,Alpha-Methylacyl Coenzyme A Racemase (Reductase),Bile acid synthesis,23600.1 or 23600.2,NA,NA
AMETr,-1,0,-786.5313896060467,NA,S-Adenosyl-L-Methionine Intracellular Diffusion,"Transport, endoplasmic reticular",NA,NA,NA
AMETt2m,-0.9733453563651252,0,0.0590130720641464,4.368963746724278,"S-Adenosyl-L-Methionine Reversible Transport, Mitochondrial","Transport, mitochondrial",115286.3 or 115286.2 or 115286.1,NA,PMID:14674884
AMPDA,0.960815830134099,0,864.9997942749023,17.285814583881198,Adenosine Monophosphate Deaminase,Nucleotide interconversion,271.2 or 270.1 or 271.1 or 272.1 or 271.3,NA,"PMID:1400401,PMID:2345176"
AMPTASECGe,0.9942324313454638,0,82.45323978914023,0.23846504238824628,Alanyl Aminopeptidase (Cys-Gly) (E),Glutathione metabolism,290.1,NA,PMID:6126478
ANTIPYRENEte,0.3783901437918392,0,10.223855125261704,4.610631571134296,Transport of Antipyrine,"Transport, extracellular",NA,NA,NA
APAT2rm,-1,0,NA,2.371143819076789,"3-Aminopropanoate:2-Oxoglutarate Aminotransferase, Mitochondrial",Beta-Alanine metabolism,18.1 or 18.2,NA,PMID:15304357
APOCF,0.3545324838757331,0,1.0707695190501167,0.5102475946721272,Apocarboxylase Formation,Biotin metabolism,NA,NA,PMID:10191093
APOC_LYS_BTNP,0.3545324838757331,0,1.0707695190501167,0.5102475946721272,Proteolysis of ApoC-Lys-Biotin,Biotin metabolism,NA,NA,NA
ARACHCOAtx,-0.7129547163029074,0,11.489961621719733,68.56682575155497,Fatty Acid Intracellular Transport,"Transport, peroxisomal",NA,NA,NA
ARACHCPT1,0.7155805098810717,0,-11.378193904110843,-68.63175126070976,Carnitine Transferase,Fatty acid oxidation,1375.3 or 1374.1 or 1375.2 or 1375.4 or 1375.1 or 126129.1,NA,NA
ARACHCPT2,0.7155805098810717,0,-11.378193904110844,-68.63175126070976,Carnitine Transferase,Fatty acid oxidation,1376.1,NA,NA
ARACHCRNt,-1,0,NA,59.783092666560414,Transport into the Mitochondria (Carnitine),Fatty acid oxidation,788.1,NA,NA
ARACHDCOAtx,-1,0,NA,5.2187220539510255,Fatty Acid Intracellular Transport,"Transport, peroxisomal",NA,NA,NA
ARACHDtr,0.5693978215049892,0,19.5935733976759,5.375969861771795,Intracellular Transport,"Transport, endoplasmic reticular",NA,NA,NA
ARGDCm,-1,0,NA,3.7608004095721714,"Arginine Decarboxylase, Mitochondrial",Arginine and proline metabolism,113451.1,NA,PMID:14752610
ARGSS,0.8358117352780554,0,4.052244110543295,0.36241784272015864,Argininosuccinate Synthase,Alanine and aspartate metabolism,445.1 or 445.2,NA,NA
ARGt4,0.5949189522729967,0,24.38396204691101,6.193092683249712,L-Arginine Transport in via Sodium Symport,"Transport, extracellular",11254.1,NA,"PMID:11133652,PMID:12719981"
ARGtm,-6.072358602099546,0,-41.171493430060146,57.40516169358492,Arginine Mitochondrial Transport via Ornithine Carrier,"Transport, mitochondrial",83884.1 or 10166.1,NA,PMID:14598172
ARSA,-0.5392809186568435,0,0.46533425309106263,1.5547003924654068,Arylsulfatase A,Sphingolipid metabolism,410.1,NA,PMID:2562955
R_group_phosphotase_1,0.4406809106454244,0,3.491788319796293,1.3556255578984886,R Group Phosphotase 1,Miscellaneous,NA,NA,NA
R_group_phosphotase_3,0.6146437527529881,0,1.4561872897407273,0.34753850086529275,R Group Phosphotase 3,Miscellaneous,NA,NA,NA
ARTPLM3m,0.7536249903342135,0,0.9842796078502357,0.13828606414403422,R Group to Palmitate Conversion,R group synthesis,NA,NA,NA
ASCBt4,-0.8447457568066599,0,-549.494718655014,-46.24560667438507,L-Ascorbate Transport via Proton Symport,"Transport, extracellular",9962.2 or 9963.1 or 9962.1 or 9963.2,NA,"PMID:10471399,PMID:10556483,PMID:10556521,PMID:10631088,PMID:15705056"
ASNALANaEx,0.4870657827452605,0,113.49082630018592,39.146437790003,L-Alanine/L-Asparagine Na-Dependent Exchange (Asn-L In),"Transport, extracellular",6510.1,NA,PMID:14530974
ASNGLNNaEx,0.7338232870954758,0,27.331576210620998,4.195946131528673,L-Glutamine/L-Asparagine Na-Dependent Exchange (Asn-L In),"Transport, extracellular",6510.1,NA,PMID:14530974
ASNNm,-0.4895695786771079,0,102.49740162672997,299.1142474637985,"L-Asparaginase, Mitochondrial",Alanine and aspartate metabolism,80150.1,NA,PMID:11984834
ASNSERNaEx,-0.5846389929202085,0,16.341358843863198,62.34372986367643,L-Serine/L-Asparagine Na-Dependent Exchange (Asn-L In),"Transport, extracellular",6510.1,NA,PMID:14530974
ASNtm,-0.4895695786771079,0,102.49740162672997,299.1142474637985,"L-Asparagine Transport, Mitochondrial","Transport, mitochondrial",NA,NA,NA
ASNtN1,0.46571166820444276,0.005272639992729316,8.144242874145508,2.968778944289684,"Asparagine Transport (Na, H Coupled)","Transport, extracellular",92745.1 or 10991.1,NA,"PMID:10823827,PMID:12845534"
ASPCTr,-0.7178852880204704,0,11.119184900398995,67.70821706228777,Aspartate Carbamoyltransferase (Reversible),Pyrimidine synthesis,790.1,NA,"PMID:2565865,PMID:8619816"
ASPt6,-0.5741333868258688,0,16.71672863778472,61.79014708646685,"L-Aspartate Transport via Na, H Symport And K Antiport","Transport, extracellular",6511.1 or 6505.1 or 6507.1 or 6506.1 or 6512.1,NA,PMID:14530974
ASPTAm,-0.9684945918125363,0,3.724724158543436,232.72510289213656,Aspartate Transaminase,Alanine and aspartate metabolism,2806.1,NA,PMID:6930651
ATP1ter,0.4717753468986945,0,7.351878977723792,2.6386117492958903,"ADP/ATP Transporter, Endoplasmic Reticulum","Transport, endoplasmic reticular",NA,NA,NA
ATP2ter,0.5578323085094473,0,50.97457952320278,14.468381499958783,"AMP/ATP Transporter, Endoplasmic Reticulum","Transport, endoplasmic reticular",NA,NA,NA
ATPasel,0.3437208880298631,0,0.5154760848056736,0.2517607564128244,"V-Type ATPase, H+ Transporting, Lysosomal","Transport, lysosomal",((50617.1 and 533.1 and 527.1 and 8992.1 and 245972.1) or (50617.1 and 533.1 and 527.1 and 8992.1 and 9114.1) or (533.1 and 527.1 and 8992.1 and 535.1 and 245972.1) or (533.1 and 527.1 and 8992.1 and 535.1 and 9114.1) or (533.1 and 527.1 and 8992.1 and 50617.3 and 245972.1) or (533.1 and 527.1 and 8992.1 and 10312.1 and 9114.1) or (533.1 and 527.1 and 8992.1 and 245972.1 and 50617.2) or (533.1 and 527.1 and 8992.1 and 9114.1 and 23545.1) or (533.1 and 527.1 and 8992.1 and 10312.2 and 245972.1) or (533.1 and 527.1 and 8992.1 and 50617.3 and 9114.1) or (533.1 and 527.1 and 8992.1 and 245972.1 and 23545.1) or (533.1 and 527.1 and 8992.1 and 9114.1 and 50617.2) or (533.1 and 527.1 and 8992.1 and 10312.1 and 245972.1) or (533.1 and 527.1 and 8992.1 and 10312.2 and 9114.1)) and ((51382.1 and 9296.1 and 529.1 and 245973.1 and 523.1 and 51606.1 and 9550.1 and 526.1) or (51382.1 and 9296.1 and 127124.1 and 245973.1 and 525.1 and 90423.1 and 51606.2 and 523.1) or (51382.1 and 51606.3 and 9296.1 and 534.2 and 90423.1 and 523.1 and 526.1 and 528.2) or (51382.1 and 9296.1 and 245973.1 and 534.2 and 523.1 and 90423.1 and 51606.1 and 526.1) or (51382.1 and 9296.1 and 534.1 and 51606.2 and 529.1 and 528.1 and 523.1 and 526.1) or (51382.1 and 51606.3 and 9296.1 and 534.1 and 529.1 and 523.1 and 528.2 and 526.1) or (51382.1 and 51606.3 and 9296.1 and 127124.1 and 529.1 and 525.1 and 523.1 and 528.2) or (51382.1 and 9296.1 and 245973.1 and 90423.1 and 127124.2 and 51606.2 and 523.1 and 526.1) or (51382.1 and 9296.1 and 127124.1 and 529.1 and 525.1 and 523.1 and 51606.1 and 528.2) or (51382.1 and 9296.1 and 51606.2 and 529.1 and 245973.1 and 534.2 and 525.1 and 523.1) or (51382.1 and 9296.1 and 534.1 and 528.1 and 523.1 and 90423.1 and 51606.1 and 526.1) or (51382.1 and 51606.3 and 9296.1 and 523.1 and 90423.1 and 9550.1 and 528.2 and 526.1) or (51382.1 and 51606.3 and 9296.1 and 534.1 and 245973.1 and 525.1 and 90423.1 and 523.1) or (51382.1 and 9296.1 and 534.1 and 525.1 and 529.1 and 528.1 and 523.1 and 51606.1) or (51382.1 and 9296.1 and 90423.1 and 127124.2 and 51606.2 and 523.1 and 526.1 and 528.2) or (51382.1 and 51606.3 and 9296.1 and 534.1 and 90423.1 and 528.1 and 523.1 and 526.1) or (51382.1 and 9296.1 and 51606.2 and 529.1 and 525.1 and 523.1 and 127124.2 and 528.2) or (51382.1 and 51606.3 and 9296.1 and 534.1 and 529.1 and 528.1 and 525.1 and 523.1) or (51382.1 and 9296.1 and 529.1 and 523.1 and 51606.1 and 127124.2 and 528.2 and 526.1) or (51382.1 and 51606.3 and 9296.1 and 534.2 and 525.1 and 90423.1 and 528.1 and 523.1) or (51382.1 and 9296.1 and 534.2 and 90423.1 and 51606.2 and 523.1 and 526.1 and 528.2) or (51382.1 and 51606.3 and 9296.1 and 525.1 and 523.1 and 90423.1 and 9550.1 and 528.2) or (51382.1 and 51606.3 and 9296.1 and 534.1 and 525.1 and 90423.1 and 528.1 and 523.1) or (51382.1 and 9296.1 and 127124.1 and 245973.1 and 525.1 and 523.1 and 90423.1 and 51606.1) or (51382.1 and 9296.1 and 245973.1 and 525.1 and 90423.1 and 127124.2 and 51606.2 and 523.1) or (51382.1 and 9296.1 and 534.1 and 525.1 and 51606.2 and 529.1 and 523.1 and 528.2) or (51382.1 and 51606.3 and 9296.1 and 127124.1 and 529.1 and 528.1 and 523.1 and 526.1) or (51382.1 and 51606.3 and 9296.1 and 127124.1 and 90423.1 and 523.1 and 526.1 and 528.2) or (51382.1 and 9296.1 and 127124.1 and 529.1 and 523.1 and 51606.1 and 528.2 and 526.1) or (51382.1 and 51606.3 and 9296.1 and 525.1 and 90423.1 and 127124.2 and 528.1 and 523.1) or (51382.1 and 9296.1 and 90423.1 and 127124.2 and 51606.2 and 528.1 and 523.1 and 526.1) or (51382.1 and 9296.1 and 245973.1 and 534.2 and 525.1 and 90423.1 and 51606.2 and 523.1) or (51382.1 and 51606.3 and 9296.1 and 127124.1 and 529.1 and 245973.1 and 523.1 and 526.1) or (51382.1 and 51606.3 and 9296.1 and 245973.1 and 523.1 and 90423.1 and 9550.1 and 526.1) or (51382.1 and 9296.1 and 528.1 and 534.2 and 523.1 and 90423.1 and 51606.1 and 526.1) or (51382.1 and 9296.1 and 127124.1 and 525.1 and 90423.1 and 51606.2 and 528.1 and 523.1) or (51382.1 and 51606.3 and 9296.1 and 529.1 and 534.2 and 525.1 and 523.1 and 528.2) or (51382.1 and 9296.1 and 51606.2 and 127124.1 and 529.1 and 245973.1 and 523.1 and 526.1) or (51382.1 and 51606.3 and 9296.1 and 529.1 and 528.1 and 523.1 and 127124.2 and 526.1) or (51382.1 and 51606.3 and 9296.1 and 534.2 and 90423.1 and 528.1 and 523.1 and 526.1) or (51382.1 and 9296.1 and 534.1 and 51606.2 and 529.1 and 523.1 and 526.1 and 528.2) or (51382.1 and 9296.1 and 534.2 and 529.1 and 528.1 and 523.1 and 51606.1 and 526.1) or (51382.1 and 9296.1 and 534.1 and 90423.1 and 51606.2 and 523.1 and 526.1 and 528.2) or (51382.1 and 9296.1 and 127124.1 and 529.1 and 528.1 and 523.1 and 51606.1 and 526.1) or (51382.1 and 9296.1 and 127124.1 and 90423.1 and 51606.2 and 528.1 and 523.1 and 526.1) or (51382.1 and 9296.1 and 529.1 and 528.1 and 523.1 and 51606.1 and 9550.1 and 526.1) or (51382.1 and 9296.1 and 534.2 and 525.1 and 51606.2 and 529.1 and 528.1 and 523.1) or (51382.1 and 9296.1 and 529.1 and 245973.1 and 523.1 and 51606.1 and 127124.2 and 526.1) or (51382.1 and 51606.3 and 9296.1 and 529.1 and 245973.1 and 523.1 and 9550.1 and 526.1) or (51382.1 and 9296.1 and 127124.1 and 525.1 and 90423.1 and 51606.2 and 523.1 and 528.2) or (51382.1 and 9296.1 and 51606.2 and 127124.1 and 529.1 and 525.1 and 523.1 and 528.2) or (51382.1 and 9296.1 and 51606.2 and 529.1 and 523.1 and 127124.2 and 528.2 and 526.1) or (51382.1 and 9296.1 and 523.1 and 90423.1 and 51606.1 and 9550.1 and 528.2 and 526.1) or (51382.1 and 9296.1 and 534.1 and 525.1 and 90423.1 and 51606.2 and 528.1 and 523.1) or (51382.1 and 9296.1 and 51606.2 and 127124.1 and 529.1 and 528.1 and 525.1 and 523.1) or (51382.1 and 51606.3 and 9296.1 and 529.1 and 245973.1 and 534.2 and 523.1 and 526.1) or (51382.1 and 9296.1 and 534.2 and 525.1 and 51606.2 and 529.1 and 523.1 and 528.2) or (51382.1 and 9296.1 and 245973.1 and 523.1 and 90423.1 and 51606.1 and 9550.1 and 526.1) or (51382.1 and 51606.3 and 9296.1 and 529.1 and 528.1 and 523.1 and 9550.1 and 526.1) or (51382.1 and 51606.3 and 9296.1 and 525.1 and 127124.2 and 529.1 and 528.1 and 523.1) or (51382.1 and 51606.3 and 9296.1 and 528.1 and 525.1 and 523.1 and 90423.1 and 9550.1) or (51382.1 and 9296.1 and 529.1 and 245973.1 and 525.1 and 523.1 and 51606.1 and 127124.2) or (51382.1 and 51606.3 and 9296.1 and 534.1 and 525.1 and 90423.1 and 523.1 and 528.2) or (51382.1 and 51606.3 and 9296.1 and 245973.1 and 525.1 and 523.1 and 90423.1 and 9550.1) or (51382.1 and 9296.1 and 51606.2 and 529.1 and 245973.1 and 523.1 and 127124.2 and 526.1) or (51382.1 and 9296.1 and 245973.1 and 523.1 and 90423.1 and 51606.1 and 127124.2 and 526.1) or (51382.1 and 9296.1 and 534.2 and 51606.2 and 529.1 and 523.1 and 526.1 and 528.2) or (51382.1 and 9296.1 and 534.1 and 51606.2 and 529.1 and 245973.1 and 523.1 and 526.1) or (51382.1 and 9296.1 and 127124.1 and 245973.1 and 523.1 and 90423.1 and 51606.1 and 526.1) or (51382.1 and 9296.1 and 529.1 and 528.1 and 523.1 and 51606.1 and 127124.2 and 526.1) or (51382.1 and 51606.3 and 9296.1 and 127124.1 and 525.1 and 90423.1 and 528.1 and 523.1) or (51382.1 and 9296.1 and 51606.2 and 245973.1 and 525.1 and 523.1 and 90423.1 and 9550.1) or (51382.1 and 51606.3 and 9296.1 and 90423.1 and 127124.2 and 523.1 and 526.1 and 528.2) or (51382.1 and 51606.3 and 9296.1 and 245973.1 and 90423.1 and 127124.2 and 523.1 and 526.1) or (51382.1 and 9296.1 and 525.1 and 9550.1 and 51606.2 and 529.1 and 528.1 and 523.1) or (51382.1 and 51606.3 and 9296.1 and 529.1 and 528.1 and 525.1 and 523.1 and 9550.1) or (51382.1 and 9296.1 and 534.1 and 525.1 and 523.1 and 90423.1 and 51606.1 and 528.2) or (51382.1 and 9296.1 and 51606.2 and 127124.1 and 529.1 and 245973.1 and 525.1 and 523.1) or (51382.1 and 9296.1 and 525.1 and 9550.1 and 51606.2 and 529.1 and 523.1 and 528.2) or (51382.1 and 9296.1 and 9550.1 and 51606.2 and 529.1 and 523.1 and 526.1 and 528.2) or (51382.1 and 9296.1 and 529.1 and 245973.1 and 525.1 and 523.1 and 51606.1 and 9550.1) or (51382.1 and 51606.3 and 9296.1 and 534.1 and 245973.1 and 90423.1 and 523.1 and 526.1) or (51382.1 and 9296.1 and 529.1 and 245973.1 and 534.2 and 525.1 and 523.1 and 51606.1) or (51382.1 and 9296.1 and 525.1 and 90423.1 and 127124.2 and 51606.2 and 523.1 and 528.2) or (51382.1 and 9296.1 and 525.1 and 127124.2 and 529.1 and 528.1 and 523.1 and 51606.1) or (51382.1 and 51606.3 and 9296.1 and 127124.1 and 245973.1 and 525.1 and 90423.1 and 523.1) or (51382.1 and 51606.3 and 9296.1 and 529.1 and 525.1 and 523.1 and 127124.2 and 528.2) or (51382.1 and 51606.3 and 9296.1 and 127124.1 and 90423.1 and 528.1 and 523.1 and 526.1) or (51382.1 and 9296.1 and 529.1 and 525.1 and 523.1 and 51606.1 and 9550.1 and 528.2) or (51382.1 and 9296.1 and 534.1 and 245973.1 and 525.1 and 90423.1 and 51606.2 and 523.1) or (51382.1 and 9296.1 and 51606.2 and 529.1 and 528.1 and 523.1 and 127124.2 and 526.1) or (51382.1 and 9296.1 and 245973.1 and 534.2 and 90423.1 and 51606.2 and 523.1 and 526.1) or (51382.1 and 9296.1 and 534.2 and 525.1 and 90423.1 and 51606.2 and 523.1 and 528.2) or (51382.1 and 51606.3 and 9296.1 and 529.1 and 523.1 and 9550.1 and 528.2 and 526.1) or (51382.1 and 9296.1 and 534.2 and 525.1 and 523.1 and 90423.1 and 51606.1 and 528.2) or (51382.1 and 9296.1 and 534.1 and 525.1 and 51606.2 and 529.1 and 528.1 and 523.1) or (51382.1 and 51606.3 and 9296.1 and 534.1 and 529.1 and 528.1 and 523.1 and 526.1) or (51382.1 and 9296.1 and 534.2 and 51606.2 and 529.1 and 528.1 and 523.1 and 526.1) or (51382.1 and 9296.1 and 127124.1 and 528.1 and 523.1 and 90423.1 and 51606.1 and 526.1) or (51382.1 and 51606.3 and 9296.1 and 127124.1 and 529.1 and 523.1 and 528.2 and 526.1) or (51382.1 and 9296.1 and 534.1 and 245973.1 and 523.1 and 90423.1 and 51606.1 and 526.1) or (51382.1 and 9296.1 and 127124.1 and 90423.1 and 51606.2 and 523.1 and 526.1 and 528.2) or (51382.1 and 9296.1 and 534.2 and 529.1 and 523.1 and 51606.1 and 526.1 and 528.2) or (51382.1 and 9296.1 and 534.1 and 525.1 and 529.1 and 523.1 and 51606.1 and 528.2) or (51382.1 and 9296.1 and 51606.2 and 245973.1 and 523.1 and 90423.1 and 9550.1 and 526.1) or (51382.1 and 9296.1 and 127124.1 and 528.1 and 525.1 and 523.1 and 90423.1 and 51606.1) or (51382.1 and 51606.3 and 9296.1 and 534.2 and 525.1 and 90423.1 and 523.1 and 528.2) or (51382.1 and 9296.1 and 127124.1 and 523.1 and 90423.1 and 51606.1 and 528.2 and 526.1) or (51382.1 and 9296.1 and 127124.1 and 529.1 and 528.1 and 525.1 and 523.1 and 51606.1) or (51382.1 and 51606.3 and 9296.1 and 127124.1 and 529.1 and 245973.1 and 525.1 and 523.1) or (51382.1 and 9296.1 and 51606.2 and 127124.1 and 529.1 and 523.1 and 528.2 and 526.1) or (51382.1 and 51606.3 and 9296.1 and 534.1 and 90423.1 and 523.1 and 526.1 and 528.2) or (51382.1 and 9296.1 and 51606.2 and 525.1 and 523.1 and 90423.1 and 9550.1 and 528.2) or (51382.1 and 9296.1 and 51606.2 and 127124.1 and 529.1 and 528.1 and 523.1 and 526.1) or (51382.1 and 9296.1 and 529.1 and 245973.1 and 534.2 and 523.1 and 51606.1 and 526.1) or (51382.1 and 9296.1 and 528.1 and 534.2 and 525.1 and 523.1 and 90423.1 and 51606.1) or (51382.1 and 51606.3 and 9296.1 and 127124.1 and 245973.1 and 90423.1 and 523.1 and 526.1) or (51382.1 and 9296.1 and 51606.2 and 529.1 and 245973.1 and 525.1 and 523.1 and 127124.2) or (51382.1 and 51606.3 and 9296.1 and 529.1 and 245973.1 and 525.1 and 523.1 and 9550.1) or (51382.1 and 9296.1 and 528.1 and 523.1 and 90423.1 and 51606.1 and 127124.2 and 526.1) or (51382.1 and 9296.1 and 529.1 and 523.1 and 51606.1 and 9550.1 and 528.2 and 526.1) or (51382.1 and 51606.3 and 9296.1 and 534.1 and 529.1 and 525.1 and 523.1 and 528.2) or (51382.1 and 9296.1 and 534.1 and 51606.2 and 529.1 and 245973.1 and 525.1 and 523.1) or (51382.1 and 9296.1 and 528.1 and 523.1 and 90423.1 and 51606.1 and 9550.1 and 526.1) or (51382.1 and 9296.1 and 525.1 and 523.1 and 90423.1 and 51606.1 and 9550.1 and 528.2) or (51382.1 and 9296.1 and 534.1 and 90423.1 and 51606.2 and 528.1 and 523.1 and 526.1) or (51382.1 and 51606.3 and 9296.1 and 529.1 and 245973.1 and 534.2 and 525.1 and 523.1) or (51382.1 and 51606.3 and 9296.1 and 90423.1 and 127124.2 and 528.1 and 523.1 and 526.1) or (51382.1 and 9296.1 and 529.1 and 525.1 and 523.1 and 51606.1 and 127124.2 and 528.2) or (51382.1 and 51606.3 and 9296.1 and 528.1 and 523.1 and 90423.1 and 9550.1 and 526.1) or (51382.1 and 9296.1 and 534.1 and 529.1 and 528.1 and 523.1 and 51606.1 and 526.1) or (51382.1 and 9296.1 and 9550.1 and 51606.2 and 529.1 and 528.1 and 523.1 and 526.1) or (51382.1 and 51606.3 and 9296.1 and 529.1 and 528.1 and 534.2 and 525.1 and 523.1) or (51382.1 and 9296.1 and 127124.1 and 525.1 and 523.1 and 90423.1 and 51606.1 and 528.2) or (51382.1 and 9296.1 and 127124.1 and 529.1 and 245973.1 and 523.1 and 51606.1 and 526.1) or (51382.1 and 9296.1 and 534.2 and 523.1 and 90423.1 and 51606.1 and 528.2 and 526.1) or (51382.1 and 9296.1 and 534.1 and 245973.1 and 90423.1 and 51606.2 and 523.1 and 526.1) or (51382.1 and 9296.1 and 51606.2 and 528.1 and 525.1 and 523.1 and 90423.1 and 9550.1) or (51382.1 and 51606.3 and 9296.1 and 529.1 and 245973.1 and 523.1 and 127124.2 and 526.1) or (51382.1 and 51606.3 and 9296.1 and 245973.1 and 534.2 and 525.1 and 90423.1 and 523.1) or (51382.1 and 9296.1 and 534.1 and 529.1 and 523.1 and 51606.1 and 526.1 and 528.2) or (51382.1 and 9296.1 and 534.1 and 245973.1 and 525.1 and 523.1 and 90423.1 and 51606.1) or (51382.1 and 9296.1 and 51606.2 and 529.1 and 245973.1 and 523.1 and 9550.1 and 526.1) or (51382.1 and 9296.1 and 245973.1 and 534.2 and 525.1 and 523.1 and 90423.1 and 51606.1) or (51382.1 and 51606.3 and 9296.1 and 245973.1 and 534.2 and 90423.1 and 523.1 and 526.1) or (51382.1 and 9296.1 and 525.1 and 90423.1 and 127124.2 and 51606.2 and 528.1 and 523.1) or (51382.1 and 9296.1 and 51606.2 and 529.1 and 245973.1 and 534.2 and 523.1 and 526.1) or (51382.1 and 9296.1 and 534.1 and 529.1 and 245973.1 and 525.1 and 523.1 and 51606.1) or (51382.1 and 51606.3 and 9296.1 and 529.1 and 528.1 and 534.2 and 523.1 and 526.1) or (51382.1 and 9296.1 and 51606.2 and 523.1 and 90423.1 and 9550.1 and 528.2 and 526.1) or (51382.1 and 9296.1 and 534.2 and 90423.1 and 51606.2 and 528.1 and 523.1 and 526.1) or (51382.1 and 9296.1 and 534.1 and 525.1 and 90423.1 and 51606.2 and 523.1 and 528.2) or (51382.1 and 9296.1 and 534.2 and 525.1 and 90423.1 and 51606.2 and 528.1 and 523.1) or (51382.1 and 9296.1 and 528.1 and 525.1 and 523.1 and 90423.1 and 51606.1 and 127124.2) or (51382.1 and 9296.1 and 534.1 and 529.1 and 245973.1 and 523.1 and 51606.1 and 526.1) or (51382.1 and 9296.1 and 51606.2 and 528.1 and 523.1 and 90423.1 and 9550.1 and 526.1) or (51382.1 and 9296.1 and 127124.1 and 245973.1 and 90423.1 and 51606.2 and 523.1 and 526.1) or (51382.1 and 9296.1 and 528.1 and 525.1 and 523.1 and 90423.1 and 51606.1 and 9550.1) or (51382.1 and 9296.1 and 529.1 and 528.1 and 525.1 and 523.1 and 51606.1 and 9550.1) or (51382.1 and 51606.3 and 9296.1 and 534.1 and 529.1 and 245973.1 and 525.1 and 523.1) or (51382.1 and 9296.1 and 245973.1 and 525.1 and 523.1 and 90423.1 and 51606.1 and 9550.1) or (51382.1 and 9296.1 and 127124.1 and 529.1 and 245973.1 and 525.1 and 523.1 and 51606.1) or (51382.1 and 9296.1 and 534.2 and 525.1 and 529.1 and 523.1 and 51606.1 and 528.2) or (51382.1 and 51606.3 and 9296.1 and 529.1 and 534.2 and 523.1 and 528.2 and 526.1) or (51382.1 and 51606.3 and 9296.1 and 525.1 and 90423.1 and 127124.2 and 523.1 and 528.2) or (51382.1 and 9296.1 and 534.1 and 523.1 and 90423.1 and 51606.1 and 528.2 and 526.1) or (51382.1 and 51606.3 and 9296.1 and 245973.1 and 525.1 and 90423.1 and 127124.2 and 523.1) or (51382.1 and 51606.3 and 9296.1 and 127124.1 and 525.1 and 90423.1 and 523.1 and 528.2) or (51382.1 and 9296.1 and 523.1 and 90423.1 and 51606.1 and 127124.2 and 528.2 and 526.1) or (51382.1 and 9296.1 and 534.1 and 528.1 and 525.1 and 523.1 and 90423.1 and 51606.1) or (51382.1 and 51606.3 and 9296.1 and 529.1 and 245973.1 and 525.1 and 523.1 and 127124.2) or (51382.1 and 51606.3 and 9296.1 and 529.1 and 525.1 and 523.1 and 9550.1 and 528.2) or (51382.1 and 51606.3 and 9296.1 and 529.1 and 523.1 and 127124.2 and 528.2 and 526.1) or (51382.1 and 9296.1 and 51606.2 and 529.1 and 245973.1 and 525.1 and 523.1 and 9550.1) or (51382.1 and 9296.1 and 525.1 and 523.1 and 90423.1 and 51606.1 and 127124.2 and 528.2) or (51382.1 and 9296.1 and 245973.1 and 525.1 and 523.1 and 90423.1 and 51606.1 and 127124.2) or (51382.1 and 51606.3 and 9296.1 and 127124.1 and 529.1 and 528.1 and 525.1 and 523.1) or (51382.1 and 9296.1 and 534.2 and 525.1 and 529.1 and 528.1 and 523.1 and 51606.1) or (51382.1 and 51606.3 and 9296.1 and 534.1 and 529.1 and 245973.1 and 523.1 and 526.1) or (51382.1 and 9296.1 and 525.1 and 127124.2 and 51606.2 and 529.1 and 528.1 and 523.1)),NA,"PMID:10224039,PMID:12628346"
ATPH1e,0.9609484262486596,0,5.534126536139659,0.11021011449482321,ATP Diphosphohydrolase,Nucleotide interconversion,954.1 or 954.2 or 953.1 or 956.1 or 955.1 or 957.1,NA,"PMID:8955160,PMID:9676430"
ATPH2e,0.9675687487476676,0,13.027019406056032,0.21472313976104634,ATP Diphosphohydrolase,Nucleotide interconversion,954.2 or 954.1 or 953.1 or 956.1 or 955.1 or 957.1 or 377841.1,NA,"PMID:8955160,PMID:9676430"
B3GALT41g,0.5292033783249079,0,0.20642755027931745,0.06355295487159132,"Beta-1, 3-Galactosyltransferase 4",Sphingolipid metabolism,8705.1,NA,NA
B3GALT42g,0.5447472047860871,0,0.29864099951378825,0.08801255595277543,"Beta-1, 3-Galactosyltransferase 4",Sphingolipid metabolism,8705.1,NA,NA
B3GALT44g,0.3531416901810567,0,0.11393228783152967,0.05446439768672526,"Beta-1, 3-Galactosyltransferase 4",Sphingolipid metabolism,8705.1,NA,NA
B3GNT313g,0.33513638325715067,0,0.07217083269674404,0.03593922048101249,"UDP-GlcNac:Betagal Beta-1, 3-N-Acetylglucosaminyltransferase 3, Golgi Apparatus",Blood group synthesis,10331.1,NA,PMID:10072769
B3GNT31g,0.37043421994894427,0,0.12703104688536968,0.05835697836417821,"UDP-GlcNac:Betagal Beta-1, 3-N-Acetylglucosaminyltransferase 3, Golgi Apparatus",Sphingolipid metabolism,10331.1,NA,NA
B3GNT32g,0.37043421994894427,0,0.12703104688536968,0.05835697836417821,"UDP-GlcNac:Betagal Beta-1, 3-N-Acetylglucosaminyltransferase 3, Golgi Apparatus",Sphingolipid metabolism,10331.1,NA,NA
B3GNT33g,0.37043421994894427,0,0.12703104688536968,0.05835697836417821,"UDP-GlcNac:Betagal Beta-1, 3-N-Acetylglucosaminyltransferase 3, Golgi Apparatus",Sphingolipid metabolism,10331.1,NA,NA
B3GNT34g,0.37320731867977786,0,0.09705387125254515,0.04429968830444032,"UDP-GlcNac:Betagal Beta-1, 3-N-Acetylglucosaminyltransferase 3, Golgi Apparatus",Sphingolipid metabolism,10331.1,NA,NA
B3GNT35g,0.37320731867977786,0,0.09705387125254515,0.04429968830444032,"UDP-GlcNac:Betagal Beta-1, 3-N-Acetylglucosaminyltransferase 3, Golgi Apparatus",Sphingolipid metabolism,10331.1,NA,NA
B3GNT37g,0.7118415590290901,0,0.383865060095302,0.06461693646636558,"UDP-GlcNac:Betagal Beta-1, 3-N-Acetylglucosaminyltransferase 3, Golgi Apparatus",Sphingolipid metabolism,10331.1,NA,NA
B3GNT39g,0.4747117190571608,0,0.420959362371007,0.14994457353877516,"UDP-GlcNac:Betagal Beta-1, 3-N-Acetylglucosaminyltransferase 3, Golgi Apparatus",Sphingolipid metabolism,10331.1,NA,NA
BAAT1x,-0.6361882190975068,0,1.512558843442951,6.802503630294471,Bile Acid Coenzyme A: Amino Acid N-Acyltransferase,Bile acid synthesis,570.1,NA,NA
BAAT2x,-0.8801076801695464,0,0.736681104955443,11.552364698766171,Bile Acid Coenzyme A: Amino Acid N-Acyltransferase,Bile acid synthesis,570.1,NA,NA
BAAT3x,-0.5918307919104028,0,232.3687699300766,906.2216250566482,Bile Acid Coenzyme A: Amino Acid N-Acyltransferase,Bile acid synthesis,570.1,NA,NA
BAAT4x,0.8686209177962679,0,169.60490290951728,11.924589021396637,Bile Acid Coenzyme A: Amino Acid N-Acyltransferase,Bile acid synthesis,570.1,NA,NA
BACCL,0.3545324838757331,0,1.0707695190501167,0.5102475946721272,Biotin-[Acetyl Coenzyme A-Carboxylase] Ligase,Biotin metabolism,3141.1,NA,"PMID:12459313,PMID:7842009"
BALAtmr,-1,0,NA,2.371143819076789,Beta-Alanine Reversible Mitochondrial Transport (Diffusion),"Transport, mitochondrial",NA,NA,PMID:15304357
BALAVECSEC,0.5118601589160999,0,1.4690091377714183,0.47430437453728236,B-Alanine Secretion via Secretory Vesicle (ATP Driven),"Transport, extracellular",140679.1,NA,"PMID:12750892,PMID:15383652"
BAMPPALDOX,-0.7279887027112495,0,0.2783366520220763,1.7681713775809087,Beta-Aminopropion Aldehyde:NAD+ Oxidoreductase,Beta-Alanine metabolism,8854.2 or 501.1 or 216.1 or 224.1 or 8854.3 or 223.1 or 8854.1,NA,PMID:12586697
BCDO,0.3478139633859448,0,5.115797427323245,2.4754541345339502,Beta-Carotene Dioxygenase,Vitamin A metabolism,53630.1,NA,"PMID:10799297,PMID:11401432,PMID:1503811"
BDHm,0.335646562217778,0,-422.20041876678465,-848.8110481903076,(R)-3-Hydroxybutanoate:NAD+ Oxidoreductase,Butanoate metabolism,622.2 or 622.3 or 622.1,NA,"PMID:1639787,PMID:8679568"
BHBtm,0.335646562217778,0,-422.20041876678465,-848.8110481903076,(R)-3-Hydroxybutanoate Mitochondrial Transport via H+ Symport,"Transport, mitochondrial",NA,NA,PMID:3427918
BHMT,-0.8529201267743226,0,33.958606314730645,427.81234262571337,Betaine-Homocysteine S-Methyltransferase,"Glycine, serine, alanine, and threonine metabolism",23743.1 or 635.1,NA,PMID:9281325
BILDGLCURt,-1.1262987881235962,0,-1.0206595851890274,17.183278409214598,Bilirubin Beta-Diglucuronide Transport via Bicarbonate Antiport,"Transport, extracellular",10599.1,NA,"PMID:10358072,PMID:12507753,PMID:9334206"
BILDGLCURtr,0.7224866479342611,0,-0.4093823051204448,-2.5409788365911656,Glucuronidated Compound Transport,"Transport, endoplasmic reticular",NA,NA,NA
BILGLCURt,-0.8768009723059016,0,-2.6808736277709833,-0.17598084676306464,Bilirubin Monoglucuronide Transport via Bicarbonate Antiport,"Transport, extracellular",10599.1 or 28234.1,NA,"PMID:10358072,PMID:12507753,PMID:9334206"
BILIRED,0.6553307671488428,0,0.5039371807818385,0.10492866136018202,NAD (P)H Biliverdin Reductase,Heme degradation,645.1 or 644.1,NA,"PMID:12456881,PMID:7656592,PMID:8117274"
BILIRUBt2,-2.345413540761231,0,-87.16864496884106,35.05631630946325,Bilirubin Transport via Bicarbonate Antiport,"Transport, extracellular",10599.1,NA,"PMID:10358072,PMID:12507753,PMID:9334206"
BILIRUBtr,1,0,79.13998099809587,NA,"Lipid, Flip-Flop Intracellular Transport","Transport, endoplasmic reticular",NA,NA,NA
BIOCYTtn,0.41899689280617336,0,0.5598308870846231,0.22922071679523506,"Biocytin Transport, Nuclear","Transport, nuclear",NA,NA,"PMID:16011464,PMID:5867120,PMID:7758201,PMID:8593541"
BMTer_U,0.6636885124077373,0,3.3171581542457456,0.6705572498175548,"B Mannosyltransferase, Endoplasmic Reticulum",Phosphatidylinositol phosphate metabolism,9488.1,NA,PMID:8861954
BTND1n,0.41899689280617336,0,0.5598308870846231,0.22922071679523506,"Biotinidase (Biotin), Nuclear",Biotin metabolism,686.1,NA,"PMID:16011464,PMID:5867120,PMID:7758201,PMID:8593541"
BTNPL,0.3545324838757331,0,1.0707695190501167,0.5102475946721272,Holocarboxylase Synthestase (Biotin Protein Ligase),Biotin metabolism,3141.1,NA,NA
BTNt2,-1.1240042988060048,2.0506242092645752e-5,-6.521795044326782,0.38075752571821214,Biotin Reversible Transport via Proton Symport,"Transport, extracellular",6566.1,NA,"PMID:10510291,PMID:12739169,PMID:7835905,PMID:8476015,PMID:9508842,PMID:9649795,PMID:9824713"
BTNt3i,-0.7180351969387567,0,0.27038599630396054,1.6474845561084428,Biotin Transport via Sodium Symport,"Transport, extracellular",8884.1,NA,"PMID:10329687,PMID:10334869,PMID:12646417,PMID:15561972,PMID:9516450"
BUP2,-0.9748674862436624,0,4.125568199393337,324.1796892365456,Beta-Ureidopropionase (D-3-Amino-Isobutanoate Forming),Pyrimidine catabolism,51733.1,NA,"PMID:11508704,PMID:5773299"
BZtr,-0.5638985886449024,0,-241.56758116214274,-67.36240050816221,"Benzene Transporter, Endoplasmic Reticulum","Transport, endoplasmic reticular",NA,NA,NA
C161CPT1,-1.2123688593188118,0,-47.44455419430733,4.554279370139443,Production of Palmitoleoylcarnitine,Fatty acid oxidation,1375.1 or 1375.3 or 1375.4 or 126129.1 or 1374.1 or 1375.2,NA,NA
C161CPT12,0.4805602876819287,0,0.4561893684557726,0.16004945984620136,Carnitine O-Palmitoyltransferase,Fatty acid oxidation,126129.1 or 1375.3 or 1375.1 or 1375.2 or 1374.1 or 1375.4,NA,NA
C161CPT2,2.880624203726733,0,11.022567582580445,-22.74481125118538,Transport of Hexadecenoyl Coenzyme A into Mitochondrial Matrix,Fatty acid oxidation,1376.1,NA,NA
C161CPT22,0.89567731170709,0,294.16349887660743,16.18837067413181,C161 Transport into the Mitochondria,Fatty acid oxidation,1376.1,NA,NA
C180CPT2,1.4469738087990762,0,46.05350465134822,-8.41231332699128,Carnitine O-Stearoyl Transferase,Fatty acid oxidation,1376.1,NA,"PMID:1528846,PMID:1988962"
C180CRNt,-1,0,NA,74.42227304631248,C180 Transport into the Mitochondria,Fatty acid oxidation,788.1,NA,PMID:14598172
C181CPT1,0.34973519042272666,0,189.44353300983906,91.26861609032154,Transport of Octadecenoyl Coenzyme A into Mitochondrial Matrix,Fatty acid oxidation,126129.1 or 1375.3 or 1374.1 or 1375.2 or 1375.1 or 1375.4,NA,PMID:1988962
C181CPT2,-1.0966431286792575,0,-1.7455066036753004,37.8682320892781,Transport of Octadecenoyl Coenzyme A into Mitochondrial Matrix,Fatty acid oxidation,1376.1,NA,"PMID:1528846,PMID:1988962"
C204CPT1,1.301602809356745,0,0.8009671738094944,-6.112371106138825,Carnitine C20:4 Transferase,Fatty acid oxidation,1374.1 or 1375.4 or 1375.1 or 1375.3 or 1375.2 or 126129.1,NA,PMID:1988962
C204CPT2,0.6725818318430734,0,0.7306454095867252,0.14302832723917683,Arachidonic Acid Transport into the Mitochondria,Fatty acid oxidation,1376.1,NA,"PMID:1528846,PMID:1988962"
C226COAtx,0.6660417875109903,0,203.11617166426183,40.71465321283862,Fatty Acid Intracellular Transport,"Transport, peroxisomal",NA,NA,NA
C226CPT1,0.8093477047914329,0,369.93397448015213,38.98021431894898,Carnitine C22:6 Transferase,Fatty acid oxidation,126129.1 or 1375.3 or 1374.1 or 1375.2 or 1375.1 or 1375.4,NA,PMID:1988962
C226CPT2,0.8093477047914329,0,369.93397448015213,38.98021431894898,C226 Transport into the Mitochondria,Fatty acid oxidation,1376.1,NA,"PMID:11274214,PMID:1528846,PMID:1988962"
C3STDH1Pr,0.7440657464993153,0,0.2501468576631948,0.03670799074523129,C-3 Sterol Dehydrogenase (4-Methylzymosterol),Cholesterol metabolism,50814.1,NA,"PMID:10710235,PMID:14506130"
C4STMO2Pr,0.5304627469981316,0,0.2797260716731366,0.08581836542184629,C-4 Methyl Sterol Oxidase,Cholesterol metabolism,50814.1,NA,NA
CAATPS,0.5473103983936397,0,14.2062799729635,4.156267047610955,Ca ATPase,"Transport, extracellular",492.1 or 491.1 or 490.1 or 493.1,NA,"PMID:7876199,PMID:8396145"
CAROtr,0.3478139633859448,0,5.115797427323245,2.4754541345339502,Beta-Carotene Transport via Diffusion,"Transport, extracellular",NA,NA,PMID:1503811
CARVEOLte,-0.7057652278748056,0,-8.13183132268861,-1.4026945192057876,Transport of Xenobiotic,"Transport, extracellular",NA,NA,NA
CAt7r,-0.8260959827574333,0,-43.643284837538005,-4.156267047610955,"Calcium / Sodium Antiporter (1:3), Reversible","Transport, extracellular",6547.6 or 6547.4 or 6547.2 or 6546.1 or 6547.1 or 6547.5 or 6543.1 or 6547.3,NA,"PMID:12406570,PMID:2484986"
CBPPer,0.8846807433520609,0,39.46771823300123,2.414938415577484,"Carbamoyl Phosphate Phosphotransferase, Endoplasmic Reticulum",Glycolysis/gluconeogenesis,2538.1 or 57818.1 or 92579.1,NA,"PMID:11946414,PMID:8384451"
CBPSam,0.5909709949767444,0,4.304418643310703,1.1066399578847534,"Carbamoyl-Phosphate Synthase (Ammonia), Mitochondrial",Glutamate metabolism,1373.1 or 1373.2,NA,"PMID:10347186,PMID:12853138"
CBPter,0.8846807433520609,0,39.46771823300123,2.414938415577484,"Carbamoyl Phosphate Transport, Endoplasmic Reticulum","Transport, endoplasmic reticular",NA,NA,"PMID:12192101,PMID:8384451"
CBR2,-0.9890140801541495,0,0.09346016493123024,16.921075939941407,Carbonyl Reductase [NADPH] 1,Eicosanoid metabolism,873.1,NA,"PMID:8740524,PMID:9740676"
CDS,0.5920761335655773,0,0.5755205010211081,0.14746062894807946,Phosphatidate Cytidylyltransferase,Glycerophospholipid metabolism,1040.1 or 8760.1,NA,NA
CEPTC,0.7649550814565761,0,3.9903405954332025,0.5314068839871441,Choline Phosphotransferase,Glycerophospholipid metabolism,10390.1 or 56994.1,NA,NA
CEPTE,-0.3888594116169877,0,1.1597074587921037,2.635515705359105,Ethanolamine Phosphotransferase,Glycerophospholipid metabolism,10390.1,NA,NA
CERK,0.3556585844459005,0,0.36406736708485987,0.17304038447142958,Ceramide Kinase,Sphingolipid metabolism,64781.1 or 64781.2,NA,PMID:11956206
CERT1gt,0.8092910488110164,0,20.77942201949059,2.190262192616554,Ceramide Transport Protein,"Transport, golgi apparatus",10087.1,NA,"PMID:12803919,PMID:14685229,PMID:15596449,PMID:15907394"
CERT1rt,0.48445531958834237,0,16.157252429549022,5.611341365553718,Ceramide Transport Protein,"Transport, endoplasmic reticular",10087.1,NA,"PMID:12803919,PMID:14685229,PMID:15596449,PMID:15907394"
CERT2gt,0.4747117190571608,0,0.420959362371007,0.14994457353877516,Ceramide Transport Protein,"Transport, golgi apparatus",10087.1,NA,"PMID:12803919,PMID:14685229,PMID:15596449,PMID:15907394"
CERT2rt,0.7271313742435696,0,0.7225592565482015,0.1141567771289242,Ceramide Transport Protein,"Transport, endoplasmic reticular",10087.1,NA,"PMID:12803919,PMID:14685229,PMID:15596449,PMID:15907394"
CHAT,0.9642126921305535,0,-4.624275131746754,-253.80673893705605,Choline O-Acetyltransferase,Glycerophospholipid metabolism,1103.4 or 1103.2 or 1103.3 or 1103.1,NA,PMID:10861222
CHATn,0.8719478914019879,0,169.8365929658614,11.61780941994749,Choline O-Acetyltransferase,Glycerophospholipid metabolism,1103.4 or 1103.1 or 1103.3 or 1103.2,NA,PMID:10861222
CHLPCTD,0.7373053274338107,0,4.173440721289511,0.6310581257313955,Choline Phosphate Cytididyltransferase,Glycerophospholipid metabolism,5130.1 or 9468.1,NA,NA
CHOLPtg,0.47676390219787945,0,-0.8989266790221241,-2.537100318343351,Choline Phosphate Intracellular Transport,"Transport, golgi apparatus",NA,NA,NA
CHOLPtl,-0.7546823191712947,0,-2.6669352041694316,-0.372857440950487,Choline Phosphate Intracellular Transport,"Transport, lysosomal",NA,NA,NA
CHOLt4,1.5335335565194068,0,10.441775274848938,-49.58373793964386,"Choline, Sodium Symport","Transport, extracellular",60482.1,NA,"PMID:11027560,PMID:11068039,PMID:12675135"
CHOLtg,-0.7206418358213714,0,4.023817742562021,24.78377235878967,Choline Intracellular Transport,"Transport, golgi apparatus",NA,NA,NA
CHOLtn,0.8719478914019879,0,169.8365929658614,11.61780941994749,"Choline Transport, Nuclear Through Pores","Transport, nuclear",NA,NA,NA
CHSTEROLSULT,0.5208041288509939,0,0.29769869659126924,0.0938029977343349,Steroid Sulfotransferase,Steroid metabolism,6820.1 or 6818.1,NA,"PMID:12145317,PMID:9799594"
CHSTEROLt1,0.5632560746493771,0,289.5715584630251,80.90076933902502,Cholesterol Intracellular Transport,"Transport, mitochondrial",10948.1,NA,"PMID:12070139,PMID:12370263,PMID:12770731"
CHSTEROLt3,-0.6020406075033699,0,-256.49848409051896,-63.716225685468316,Cholesterol Intracellular Transport,"Transport, mitochondrial",NA,NA,"PMID:12370263,PMID:12770731"
CHTNASE,0.38803250808711237,0,0.5369316370365543,0.23672695367832067,Chitinase,Aminosugar metabolism,27159.1 or 54682.1 or 1118.1,NA,PMID:11085997
CITMCOAHm,-0.5556005587592804,0,0.778086878381024,2.72365865131038,"L-Citramalyl Coenzyme A Hydro-Lyase, Mitochondrial",C5-branched dibasic acid metabolism,NA,NA,"PMID:13502348,PMID:13783048"
CITMCOALm,-0.5556005587592804,0,0.778086878381024,2.72365865131038,L-Citramalyl Coenzyme A Pyruvate-Lyase,C5-branched dibasic acid metabolism,NA,NA,PMID:13783048
CITRtm,0.46237264924518295,0,267.730380127579,98.42851961082965,Citrulline Mitochondrial Transport via Proton Antiport,"Transport, mitochondrial",83884.1 or 10166.1,NA,PMID:14598172
CITt4_2,-0.9999997090267032,0,-41.00168997241072,-5.9651993215084074e-6,Citrate Transport via Sodium Symport,"Transport, extracellular",9058.1,NA,"PMID:8946005,PMID:8967342"
CITtam,0.9626509741135872,0,-7.950259023607522,-417.7775255663395,"Citrate Transport, Mitochondrial","Transport, mitochondrial",6576.1,NA,PMID:14598172
CITtbm,-0.9574926100004076,0,10.192965171818994,469.39259262962344,"Citrate Transport, Mitochondrial","Transport, mitochondrial",6576.1,NA,PMID:14598172
CKc,0.45540799907317414,0,4.4017913516982405,1.6470847771967054,"ATP Creatine Kinase, Cytosolic",Urea cycle,1152.1 or 1158.1,NA,"PMID:2883200,PMID:3034271"
CLI2tex,0.8205708911519055,0,9.921625968551636,0.977840805053711,Chloride Transport via Iodide Antiport,"Transport, extracellular",5172.1,NA,PMID:12759755
CMPACNAtg,0.3866534256592927,0,5.044469235374965,2.2312770210864024,"Transport of Cytidine-5'-Monophosphate-N-Acetyl-Beta-Neuraminate via CMP Antiport, Golgi Apparatus","Transport, golgi apparatus",10559.1,NA,"PMID:12759756,PMID:9010752,PMID:9644260"
CMPSAS,0.6895368309073759,0,30.015160933548955,5.515477267962321,CMP Sialic Acid Synthase,Aminosugar metabolism,55907.1,NA,PMID:9689047
CO2ter,-0.713227783600196,0,-81.35824027963281,-13.61831923969239,CO2 Endoplasmic Reticular Transport via Diffusion,"Transport, endoplasmic reticular",NA,NA,NA
CO2tp,-0.6490499582758044,0,81.7227677494958,384.00031550188066,CO2 Peroxisomal Transport,"Transport, peroxisomal",NA,NA,NA
COAtg,-0.42109208443645846,0,-197.7564861340642,-80.55973038681745,"Transport of Coenzyme A (Diffusion), Golgi Apparatus","Transport, golgi apparatus",NA,NA,NA
COAtm,4.339656049456499,0,49.074000727967174,-78.46265632676966,Transport of Coenzyme A,"Transport, mitochondrial",8034.1,NA,PMID:14598172
COAtn,-0.8719478914019879,0,-169.8365929658614,-11.61780941994749,"Transport of Coenzyme A, Nuclear","Transport, nuclear",NA,NA,NA
COAtr,1,0,197.57469770927204,NA,"Transport of Coenzyme A, Endoplasmatic Reticulum","Transport, endoplasmic reticular",NA,NA,NA
COKECBESr,0.5638985886449024,0,241.56758116214274,67.36240050816221,"Carboxylesterase (Cocaine), Endoplasmatic Reticulum",Alkaloid synthesis,8824.1,NA,PMID:9169443
COt,0.6786545190848696,0,0.8052469715539344,0.15414873780610774,Transporter of Carbon Monoxide via Diffusion,"Transport, extracellular",NA,NA,NA
COUMARINte,0.5925572731993544,0,4.487732109691413,1.1481494817766564,Transport of Coumarin,"Transport, extracellular",NA,NA,NA
CRNCAR3tp,-0.41487652756919347,0,34.690031063723566,83.88333916738033,"Carnitine-Propcarnitine Carrier, Peroxisomal","Transport, peroxisomal",NA,NA,NA
CRNCARtp,0.8341796910827066,0,178.5940362673402,16.145919840141385,"Carnitine-Acetylcarnitine Carrier, Peroxisomal","Transport, peroxisomal",1384.1,NA,NA
CRNt,0.6183800121005454,0,-101.78592596183121,-431.6553464520693,L-Carnitine Reversible Transport,"Transport, extracellular",6584.1,NA,"PMID:12827517,PMID:12883891,PMID:9933568"
CRNtim,1,0,NA,-32.68505062297387,L-Carnitine Transport Out of Mitochondria via Diffusion,"Transport, mitochondrial",788.1,NA,PMID:14598172
CRNtuNa,0.9028929829806418,0,91.53442091376782,4.671116373348236,L-Carnitine Inward Transport by Na+ Symport,"Transport, extracellular",6584.1,NA,PMID:12883891
CRTSLtm,-0.6611696809307664,0,-12.179001711826212,-2.4841622642971926,Cortisol Intracellular Transport,"Transport, mitochondrial",NA,NA,NA
CRTSLtr,1,0,NA,-84.59844866005183,Cortisol Intracellular Transport,"Transport, endoplasmic reticular",NA,NA,NA
CRTSTRNt,-0.5278959744469282,0,-11.219052644669265,-3.4665710264453433,Corticosterone Transport,"Transport, extracellular",NA,NA,NA
CSCPASEly,-0.47059133634569345,0,1.8745953117372933,5.207250681479648,"Chondroitin Sulfate C Proteoglycan Protease, Lysosomal (Endosome)",Chondroitin sulfate degradation,NA,NA,PMID:8993162
CSEPASEly,0.97509101043837,0,4.213454215855151,0.05313825364323275,"Chondroitin Sulfate E Proteoglycan Protease, Lysosomal (Endosome)",Chondroitin sulfate degradation,NA,NA,PMID:8993162
CSm,0.4240379868768947,0,32.38438634915054,13.098089044885567,Citrate Synthase,Citric acid cycle,1431.1 or 1431.2,NA,"PMID:16006620,PMID:9933076"
CSNAT2m,-0.978249530721967,0,1.502176053466089,136.6259750465393,"Carnitine O-Aceyltransferase, Mitochondrial",Fatty acid oxidation,1384.1,NA,"PMID:11257506,PMID:3759988"
CSNATp,1.6527597084393346,0,498.6938111310959,-122.71267002390809,"Carnitine O-Acetyltransferase, Reverse Direction, Peroxisomal",Fatty acid oxidation,1384.2,NA,PMID:7829107
CSNt,0.4722217281055602,0,8.345740772644406,2.9918731387921813,Cytosine Transport via Faciliated Diffusion,"Transport, extracellular",3177.1,NA,"PMID:12006583,PMID:12838422"
CSPG_At,0.8874945879113552,0,0.6460027761562452,0.038505439436672034,"Chondroitin Sulfate A Transport, Golgi to Extracellular","Transport, extracellular",NA,NA,NA
CSPG_Bt,0.3537593047679536,0,0.05638361161342109,0.02691570372991573,"Chondroitin Sulfate B Transport, Golgi to Extracellular","Transport, extracellular",NA,NA,NA
CSPG_Ct,0.6261171840832566,0,0.167908316355219,0.038606094781613504,"Chondroitin Sulfate C Transport, Golgi to Extracellular","Transport, extracellular",NA,NA,NA
CSPG_Ctly,-0.47059133634569345,0,1.8745953117372933,5.207250681479648,"Chondroitin Sulfate C Transport, Extracellular to Lysosome","Transport, lysosomal",NA,NA,NA
CSPG_Dt,0.35968106558519186,0,0.051915715255677515,0.02444883312219308,"Chondroitin Sulfate D Transport, Golgi to Extracellular","Transport, extracellular",NA,NA,NA
CSPG_Et,0.5678034715862179,0,0.19276031402114482,0.05313825364323275,"Chondroitin Sulfate E Transport, Golgi to Extracellular","Transport, extracellular",NA,NA,NA
CSPG_Etly,0.97509101043837,0,4.213454215855151,0.05313825364323275,"Chondroitin Sulfate E Transport, Extracellular to Lysosome","Transport, lysosomal",NA,NA,NA
CYANt,-0.6893877452503189,0,114.17610856980086,620.9919784833908,Transport of Cyanide via Diffusion,"Transport, extracellular",NA,NA,NA
CYANtm,-0.6484042043216207,0,31.717054710002245,148.7006584700227,"Transport of Cyanide via Diffusion, Mitochondrial","Transport, mitochondrial",NA,NA,NA
CYSASNNaEx,0.7096975665923235,0,112.01431223215312,19.01975416757157,L-Cysteine/L-Asparagine Na-Dependent Exchange (Cys-L In),"Transport, extracellular",6510.1,NA,PMID:14530974
CYSGLNNaEx,0.881320506178802,0,151.17402638064027,9.536523346682579,L-Cysteine/L-Glutamine Na-Dependent Exchange (Cys-L In),"Transport, extracellular",6510.1,NA,PMID:14530974
CYSt4,-0.9054182754504494,0.004549800435673984,0.004298976143039181,0.08660603036880493,"Transport of L-Cysteine   via Sodium Symport, Reversible","Transport, extracellular",11254.1 or 54407.1 or (340024.1 and 57393.1) or (340024.1 and 59272.1),NA,"PMID:11133652,PMID:12719981"
CYTD,-1,0,NA,783.2273460708618,Cytidine Deaminase,Pyrimidine catabolism,978.1 or 57379.1,NA,"PMID:14744791,PMID:15087440,PMID:7923172,PMID:8001985,PMID:8422236"
CYTDK1,1,0,48.15730836224556,0,ATPcytidine 5-Phosphotransferase,Nucleotide interconversion,7371.1 or 83549.1,NA,NA
CYTDn,0.4813526356791849,0,11.321756855780235,3.963944310963666,"Cytidine Deaminase, Nuclear",Nucleotide interconversion,57379.1,NA,PMID:15087440
CYTDt,0.9942000409955238,0,171.2295127450198,0.4980062851577071,Cytidine Faciliated Transport in Cytosol,"Transport, extracellular",3177.1 or 2030.1,NA,"PMID:10722669,PMID:12838422"
CYTDtn,0.4813526356791849,0,11.321756855780235,3.963944310963666,Cytidine Transport in Nucleus,"Transport, nuclear",NA,NA,NA
CYTK10,4.598902915134473,0,53.32330511463098,-82.95639407092952,"Cytidylate Kinase (CMP, dGTP)",Nucleotide interconversion,51727.1,NA,"PMID:10462544,PMID:11912132"
CYTK10n,-1.0047341880790805,0,-0.03723076704079285,15.765700535830856,"Cytidylate Kinase (CMP, dGTP), Nuclear",Nucleotide interconversion,51727.1,NA,"PMID:10462544,PMID:11912132"
CYTK11,-3.9816935594536464,0,-34.140644774673504,57.040814824964855,"Cytidylate Kinase (dCMP, dGTP)",Nucleotide interconversion,51727.1,NA,"PMID:10462544,PMID:11912132"
CYTK11n,0.7767856895401268,0,-26.584006202700735,-211.60866296740323,"Cytidylate Kinase (dCMP, dGTP), Nuclear",Nucleotide interconversion,51727.1,NA,"PMID:10462544,PMID:11912132"
CYTK12,-0.772624083832442,0,2.104358086772263,16.40558898450434,"Cytidylate Kinase (dCMP, dCTP)",Nucleotide interconversion,51727.1,NA,"PMID:10462544,PMID:11912132"
CYTK12n,-1.0754233689620856,0,-4.980742351746559,137.05498990359803,"Cytidylate Kinase (dCMP, dCTP), Nuclear",Nucleotide interconversion,51727.1,NA,"PMID:10462544,PMID:11912132"
CYTK13,-2.419426257906495,0,-34.763970951899886,83.74710164749953,"Cytidylate Kinase (dCMP, dATP)",Nucleotide interconversion,51727.1,NA,"PMID:10462544,PMID:11912132"
CYTK13n,-0.9158297477780324,0,-16.951498891318774,-0.744748816473654,"Cytidylate Kinase (dCMP, dATP), Nuclear",Nucleotide interconversion,51727.1,NA,"PMID:10462544,PMID:11912132"
CYTK14,-0.9525290768013124,0,3.138889736098051,129.10584133687317,"Cytidylate Kinase (dCMP, UTP)",Nucleotide interconversion,51727.1,NA,"PMID:10462544,PMID:11912132"
CYTK14n,0.9016377504123532,0,-2.834945069372654,-54.80800395339324,"Cytidylate Kinase (dCMP, CTP), Nuclear",Nucleotide interconversion,51727.1,NA,"PMID:10462544,PMID:11912132"
CYTK2n,0.4800344477774683,0,-101.99769962028265,-290.32713491656483,"Cytidylate Kinase (dCMP), Nuclear",Nucleotide interconversion,51727.1,NA,"PMID:10462544,PMID:11912132"
CYTK3,1.5220417935596777,0,20.26785521928072,-97.91625605354756,Cytidylate Kinase (CMP) (GTP),Nucleotide interconversion,26289.1 or 26289.2,NA,PMID:10215863
CYTK3n,-1.0000016820283473,0,-0.7367469715110958,6.196141242980957e-7,"Cytidylate Kinase (dCMP, CTP), Nuclear",Nucleotide interconversion,51727.1,NA,"PMID:10462544,PMID:11912132"
CYTK4n,0.7069803804249717,1.7842071489499546e-13,-1.0336653768468882,-6.021598556305654,"Cytidylate Kinase (dCMP, GTP), Nuclear",Nucleotide interconversion,51727.1,NA,"PMID:10462544,PMID:11912132"
CYTK5,-1.0031463509601277,0,-0.8741391770921649,556.5268226632834,Cytidylate Kinase (dCMP),Nucleotide interconversion,51727.1,NA,"PMID:10462544,PMID:11912132"
CYTK5n,-1.306665331532186,0,-0.016959445309266446,0.127565004956536,"Cytidylate Kinase (CMP), Nuclear",Nucleotide interconversion,51727.1,NA,PMID:10462544
CYTK6,-0.5497759936626936,0,92.35810053089261,317.918114112794,"Cytidylate Kinase (CMP, CTP)",Nucleotide interconversion,51727.1,NA,"PMID:10462544,PMID:11912132"
CYTK6n,1.0000000592807416,0,4.4721812009811396e-7,-15.088142324396594,"Cytidylate Kinase (CMP, CTP), Nuclear",Nucleotide interconversion,51727.1,NA,"PMID:10462544,PMID:11912132"
CYTK7,0.7326249273534904,0,-21.463255429517105,-139.08466115127186,"Cytidylate Kinase (CMP, UTP)",Nucleotide interconversion,51727.1,NA,"PMID:10462544,PMID:11912132"
CYTK7n,0.9999271188956579,0,13.415112047466636,4.88871905207634e-4,"Cytidylate Kinase (CMP, UTP), Nuclear",Nucleotide interconversion,51727.1,NA,"PMID:10462544,PMID:11912132"
CYTK8,1.3692337232778409,0,43.422017503437026,-6.767113365602493,"Cytidylate Kinase (CMP, dATP)",Nucleotide interconversion,51727.1,NA,"PMID:10462544,PMID:11912132"
CYTK8n,0.9975838917942487,0,-0.0029701762016862633,-2.4556748419442678,"Cytidylate Kinase (CMP, dATP), Nuclear",Nucleotide interconversion,51727.1,NA,"PMID:10462544,PMID:11912132"
CYTK9,1.2553057385827842,0,47.817019063043595,-422.40334311888665,"Cytidylate Kinase (CMP, dCTP)",Nucleotide interconversion,51727.1,NA,"PMID:10462544,PMID:11912132"
CYTK9n,-0.35375537781913985,0,103.96422119821273,217.784595364061,"Cytidylate Kinase (CMP, dCTP), Nuclear",Nucleotide interconversion,51727.1,NA,"PMID:10462544,PMID:11912132"
D3AIBTm,-0.9690555555398364,0,1.8846452022433282,119.92366224173307,"D-3-Amino-Isobutanoate:Pyruvate Aminotransferase, Mitochondrial",Pyrimidine catabolism,64902.1,NA,PMID:5773299
DADA,0.5500254560677241,0,20.71140075505357,6.012548421363881,Deoxyadenosine Deaminase,Nucleotide interconversion,100.1,NA,"PMID:12381379,PMID:15016824"
DADAe,0.45541599956727646,0,27.491221575903335,10.28659807714021,"Deoxyadenosine Deaminase, Extracellular",Nucleotide interconversion,100.1,NA,"PMID:12381379,PMID:15016824"
DADNt4,-0.45541599956727646,0,-27.491221575903335,-10.28659807714021,Deoxyadenosine Transport via Diffusion,"Transport, extracellular",3177.1,NA,PMID:10899995
DAG_HSter,0.5264879502265352,0,11.194536070138216,3.472511997259781,"Transport of Diacylglycerol, Endoplasmatic Reticulum","Transport, endoplasmic reticular",NA,NA,NA
DAGK_hs,-0.7427802809051726,0,2.786020322647883,18.87655152411461,Diacylglycerol Phosphate Kinase (Homo Sapiens),Glycerophospholipid metabolism,9162.1 or 1607.1 or 8525.2 or 160851.1 or 1608.1 or 1607.2 or 8525.1 or 8527.1 or 1606.1 or 160851.2 or 8526.1 or 8525.3 or 1607.1 or 8527.2 or 1609.1,NA,NA
DAGt,-1,0,-168.75905741462708,NA,Diacylglycerol Transport,"Transport, extracellular",NA,NA,NA
DALAOXx,0.7730198812289516,0,31.452598547045888,4.026528201656808,"D-Alanine Oxidase, Peroxisomal",D-alanine metabolism,1610.1,NA,PMID:9153402
DALAt2r,0.9998468285437481,0,-0.04044185008406639,-528.0194339741915,D-Alanine Transport via Proton Symport,"Transport, extracellular",206358.1,NA,"PMID:11390972,PMID:11959859"
DALAxt,0.7730198812289516,0,31.452598547045888,4.026528201656808,D-Alanine Transport to Perixosome,D-alanine metabolism,NA,NA,NA
DARGOp,0.7190935283833452,0,11.402780301888654,1.8632580068146039,"D-Arginine Oxidase, Perixosomal",Arginine and proline metabolism,1610.1,NA,"PMID:8103425,PMID:9153402"
DASCBR,0.8341743265650582,0,554.4223099573136,50.1247082049191,Dehydroascorbate Reductase,Vitamin C metabolism,2745.1 or 51022.2 or 51022.1,NA,PMID:11297543
DCK1m,-0.9456841493009199,0,11.37534737354552,407.48387059459685,"Deoxycytidine Kinase, Mitochondrial (ATP)",Nucleotide interconversion,NA,NA,PMID:265735
DCK1n,0.8591425383541301,0,-31.094905009138586,-410.41390319747774,"Deoxycytidine Kinase, Nuclear (ATP)",Nucleotide interconversion,1633.1,NA,"PMID:10387103,PMID:12535661,PMID:9342341"
DCK2n,-0.7709466273735185,0,-124.02439912011027,-16.04125526276653,"Deoxycytidine Kinase, Nuclear (UTP)",Nucleotide interconversion,1633.1,NA,"PMID:10387103,PMID:12535661,PMID:9342341"
DCTPtn,-0.466553935093439,0,155.11930435695052,426.45515859881766,DCTP Diffusion in Nucleus,"Transport, nuclear",NA,NA,NA
DCYTD,-1,0,NA,20.732546291958077,Deoxycytidine Deaminase,Pyrimidine catabolism,978.1 or 57379.1,NA,"PMID:14744791,PMID:15087440,PMID:7923172,PMID:8001985,PMID:8422236"
DCYTDn,0.9479778521549191,0,19.87757966151461,0.5308450436485994,"Deoxycytidine Deaminase, Nuclear",Nucleotide interconversion,57379.1,NA,PMID:15087440
DCYTt,-1,0,-119.89451487938166,0,Deoxycytidine Transport via Diffusion,"Transport, extracellular",3177.1,NA,PMID:10899995
DESAT16_2,0.8599590812979022,0,17.107266844339296,1.288048425071509,Palmitoyl Coenzyme A Desaturase (N-C16:0CoA -> N-C16:1CoA),Fatty acid synthesis,6319.1,NA,PMID:14967823
DESAT18_10,0.49077881101883236,0,12.359087870291061,4.221625215970981,Fatty Acyl Coenzyme A Desaturase (N-C18:2CoA -> N-C18:3CoA),Fatty acid synthesis,9415.1,NA,NA
DESAT18_3,0.6124022576196685,0,11.453407093278276,2.7532302878756427,Stearoyl Coenzyme A Desaturase (N-C18:0CoA -> N-C18:1CoA),Fatty acid synthesis,6319.1,NA,PMID:14967823
DESAT18_4,0.4317121403725995,0,3.8817814904471857,1.540791079813987,Stearoyl Coenzyme A Desaturase (N-C18:0CoA -> N-C18:1CoA),Fatty acid synthesis,6319.1,NA,PMID:14967823
DESAT18_7,0.7646367208189135,0,1.5240025684992915,0.20326803685459569,Fatty Acyl Coenzyme A Desaturase (N-C18:1CoA -> N-C18:2CoA),Fatty acid synthesis,9415.1,NA,NA
DESAT18_8,0.5541987564806115,0,10.555241537092586,3.0276306574448593,Fatty Acyl Coenzyme A Desaturase (N-C18:1CoA -> N-C18:2CoA),Fatty acid synthesis,9415.1,NA,NA
DESAT18_9,0.9019096156943642,0,51.123194150182606,2.6366624994911954,Fatty Acyl Coenzyme A Desaturase (N-C18:2CoA -> N-C18:3CoA),Fatty acid synthesis,9415.1 or 3992.1,NA,NA
DESAT20_2,0.387570278875376,0,1.3506365302088452,0.5961283303119992,Fatty Acyl Coenzyme A Desaturase (N-C20:4CoA -> N-C20:5CoA),Fatty acid synthesis,3992.1,NA,NA
DESAT22_2p,0.33323362492553193,0,0.8366037540942358,0.41839572754719745,Fatty Acyl Coenzyme A Desaturase (N-C22:5CoA -> N-C22:6CoA),Fatty acid synthesis,NA,NA,NA
DGAT,0.3855998568794471,0,0.47190767979160303,0.2092524364549461,Diacylglycerol Acyltransferase,Triacylglycerol synthesis,8694.1 or 84649.1,NA,PMID:11481335
DGCHOLtx,-0.3910042921408823,0,401.9736725761414,918.146214604187,Bile Acid Intracellular Transport,"Transport, peroxisomal",NA,NA,NA
DGNSKm,-0.40948789471639613,0,0.5107300140996726,1.2190567575174325,Deoxyguanosine Kinase,Nucleotide interconversion,1716.5 or 1716.1 or 1716.4 or 1716.2 or 1716.3,NA,"PMID:12535661,PMID:8692979"
DGSNt,-1.012482346833165,0,-0.14264802951812744,22.998611162848025,Deoyguanosine Transport via Diffusion,"Transport, extracellular",3177.1,NA,PMID:10899995
DGSNtm,-0.40948789471639613,0,0.5107300140996726,1.2190567575174325,Deoyguanosine Transport in Mitochondria,"Transport, mitochondrial",NA,NA,PMID:3696164
DGULND,-1,0,-951.0358530212402,NA,Dehydro-L-Gulonate Decarboxylase,Pentose phosphate pathway,NA,NA,PMID:6821187
DHAAt1r,0.8452633425721222,0,549.1056397844314,46.04587828456163,Dehydroascorbate Transport (Uniport),"Transport, extracellular",6515.1 or 6513.1 or 6517.1,NA,"PMID:10421229,PMID:12750891,PMID:15705056,PMID:2656669,PMID:3170580,PMID:8504756,PMID:9230074"
DHCHOLESTANATEtm,1,0,1.0999775569408405,NA,"Lipid, Flip-Flop Intracellular Transport","Transport, peroxisomal",NA,NA,PMID:12840657
DHCR241r,0.8183863227160042,0,0.0872801732075346,0.008717219774579281,24-Dehydrocholesterol Reductase [Precursor],Cholesterol metabolism,1718.1,NA,"PMID:17984220,PMID:19520779,PMID:19520780"
DHCR243r,0.9557610826029155,0,0.5613684794722372,0.012698040682784859,24-Dehydrocholesterol Reductase [Precursor],Cholesterol metabolism,1718.1,NA,"PMID:17984220,PMID:19520779,PMID:19520780"
DHCR71r,0.987524952411478,0,5.976404690793203,0.03751194813199836,7-Dehydrocholesterol Reductase,Cholesterol metabolism,1717.1,NA,PMID:9465114
DHCR72r,0.9939954458008061,0,57.25365008910596,0.17240894194903397,7-Dehydrocholesterol Reductase,Cholesterol metabolism,1717.1,NA,PMID:15670717
DHCRD1,0.5738089995561008,0,13.652985436413205,3.697259021794984,Dihydroceramide Desaturase,Sphingolipid metabolism,8560.1 or 8560.2 or 123099.1,NA,PMID:9188692
DHCRD2,0.7513424756062683,0,3.8993240955621906,0.5536303092721326,Dihydroceramide Desaturase,Sphingolipid metabolism,8560.1 or 8560.2 or 123099.1,NA,PMID:9188692
DHEASt,0.5704323597176385,0,205.36290196617244,56.17386616702676,Dehydroepiandrosterone Sulfate Transport via Bicarbonate Antiport,"Transport, extracellular",11309.1 or 6579.1 or 28234.1 or 10599.1,NA,"PMID:12507753,PMID:9007731,PMID:9334206"
DHEAStr,0.5121174726477595,0,-50.64116210933789,-156.95455722978116,Dheas Intracellular Transport,"Transport, extracellular",NA,NA,NA
DHEASULT,0.5374173280047447,0,0.35320657409832973,0.10627383849298676,Dehydroepiandrosterone Sulfotransferase,Steroid metabolism,6783.1 or 6822.1 or 6818.1,NA,"PMID:11535246,PMID:1588921"
DHEAtr,0.509286763547824,0,-189.66204679949283,-583.3435813785314,Dehydroepiandrosterone Transport,"Transport, endoplasmic reticular",NA,NA,"PMID:11535246,PMID:1588921"
DHPM1,0.6536489772341381,0,15.005392248975486,3.1428271803658254,"Dihydropyrimidinase (5, 6-Dihydrouracil)",Pyrimidine catabolism,1807.1 or 1809.1 or 1808.1,NA,PMID:8973361
DHPM2,-0.9748674862436624,0,4.125568199393337,324.1796892365456,Dihydropyrimidinase (Dihydrothymine),Pyrimidine catabolism,1807.1,NA,NA
DIDPtn,-0.4840736924039427,0,342.9405046388328,986.4761178115845,"Transport of dIDP, Nuclear","Transport, nuclear",NA,NA,NA
DIGALSIDEtl,0.9456478070367951,0,18.334569014671445,0.5121810994664622,Digalside Hs Intracellular Transport,"Transport, lysosomal",NA,NA,NA
DINt,-0.9954235119664754,0,1.555013838171959,678.0114252220154,Deoxyinosine Transport via Diffusion,"Transport, extracellular",3177.1,NA,PMID:10899995
DITPtn,0.4840736924039427,0,-342.9405046388328,-986.4761178115845,"Transport of dITP, Nuclear","Transport, nuclear",NA,NA,NA
D_LACt2,0.33415153073998055,0,-465.28049922709465,-932.2762143722534,D-Lactate Transport via Proton Symport,"Transport, extracellular",9194.1 or 23539.1 or 6566.1 or 9123.1,NA,"PMID:10493836,PMID:10510291,PMID:11101640,PMID:12739169,PMID:7835905,PMID:8476015,PMID:9425115,PMID:9508842,PMID:9649795,PMID:9786900,PMID:9824713"
D_LACtm,0.9484448184462936,0,-23.190230033967364,-876.437288872528,"D-Lactate Transport, Mitochondrial","Transport, mitochondrial",6566.1,NA,NA
DLNLCGCPT1,-0.4647965254629809,0,-382.574783942008,-139.78416119692437,Carnitine O-Palmitoyltransferase,Fatty acid oxidation,1375.1 or 1375.3 or 1375.4 or 126129.1 or 1374.1 or 1375.2,NA,NA
DLNLCGCRNt,-1,0,NA,58.20066040300876,Transport into the Mitochondria (Carnitine),Fatty acid oxidation,788.1,NA,NA
DLNLCGt,0.6525973876367523,0,13.83528522540718,2.9083999926747843,Fatty Acid Transport via Diffusion,"Transport, extracellular",10998.1,NA,"PMID:11788354,PMID:12864740"
DM_dctp_m_,-0.7256470576788915,0,0.4290649163590214,2.6987667936201243,Demand for dCTP,Exchange/demand reaction,NA,NA,NA
DM_dem2emgacpail_prot_hs_r_,0.4526593651371388,0,1.6004043624439845,0.6030087719117051,"Demand for  Deacylated-(Phosphoethanolaminyl-Dimannosyl),(Phosphoethanolaminyl)-Mannosyl-Glucosaminyl-Acylphosphatidylinositol,  Endoplasmatic Reticulum",Exchange/demand reaction,NA,NA,NA
DM_dgpi_prot_hs_r_,0.4065025391161698,0,1.3852666245724075,0.5845366086914204,"Demand for  Deacylated-Glycophosphatidylinositol (Gpi)-Anchored Protein,  Endoplasmatic Reticulum",Exchange/demand reaction,NA,NA,NA
DM_dsT_antigen_g_,0.5724787289909802,0,0.13850741569172015,0.03765702219622108,"Demand for  Disialyl-T Antigen,  Golgi Apparatus",Exchange/demand reaction,NA,NA,NA
DM_dttp_m_,0.4542363728016171,0,3.72163630770538,1.396701229865034,Demand for dTTP,Exchange/demand reaction,NA,NA,NA
DM_dttp_n_,-1,0,NA,0.3006792964542152,"Demand for dTTP, Nuclear",Exchange/demand reaction,NA,NA,NA
DM_ethamp_r_,1,0,6.095686471772166,NA,Demand for Ethanolamine Phosphate,Exchange/demand reaction,NA,NA,NA
DM_gncore2_g_,0.34167281036151165,0,0.1087501311940517,0.05336112328497311,"Demand for gncore  2, Golgi Apparatus",Exchange/demand reaction,NA,NA,NA
DM_gpi_sig_er_,0.5333741526726955,0,5.062722049724311,1.5406526594422758,"Demand for  Glycophosphatidylinositol (Gpi) Signal Sequence (C-Terminal Peptide),  Endoplasmatic Reticulum",Exchange/demand reaction,NA,NA,NA
DM_kdn_c_,0.4010821906037291,0,1.3446703436317253,0.574803549691127,"Demand for  2-Keto-3-Deoxy-D-Glycero-D-Galactononic Acid,  Cytosolic",Exchange/demand reaction,NA,NA,NA
DM_mem2emgacpail_prot_hs_r_,0.709395660921742,0,2.077051062089321,0.3531072793321514,"Demand for  ({[(mannosyl),(phosphoethanolaminyl)]-dimannosyl},{phosphoethanolaminyl})-mannosyl-glucosaminyl-acylphosphatidylinositol-Protein (M4B),  Endoplasmatic Reticulum",Exchange/demand reaction,NA,NA,NA
DMANTIPYRINEte,-0.3783901437918392,0,-10.223855125261704,-4.610631571134296,Transport of Demethylated Antipyrine,"Transport, extracellular",NA,NA,NA
DMATTx,0.38472838567852513,0,0.5041834986524686,0.2240221247274778,Dimethylallyltranstransferase,Cholesterol metabolism,2224.1,NA,PMID:8188698
DMHPTCRNCPT2,-0.5100357393886321,0,-1.1912542534961832,-0.3865286061048566,"2, 6 Dimethylheptanoly Coenzyme A Carnitine Transferase",Fatty acid oxidation,NA,NA,PMID:9819701
DMHPTCRNt,-0.5100357393886321,0,-1.1912542534961832,-0.3865286061048566,"Transport of 2, 6 Dimethylheptanoyl Carnitine, Mitochondrial",Fatty acid oxidation,NA,NA,NA
DMHPTCRNte,0.5100357393886321,0,1.1912542534961832,0.3865286061048566,"Transport of 2, 6 Dimethylheptanoyl Carnitine, Extracellular","Transport, extracellular",NA,NA,"PMID:9299016,PMID:9819701"
DMNONCRNCPT2,0.45545832898894195,0,2.9393974568416366,1.0997390794596635,Dmnoncrncpt2,Fatty acid oxidation,NA,NA,"PMID:9299016,PMID:9819701"
DNDPt30m,1,0,0.4290649163590214,NA,Transport of dCDP via ADP Antiport,"Transport, mitochondrial",60386.1,NA,PMID:11226231
DOLGLCP_Lter,0.3348545674850494,0,0.05002257523998995,0.02492577712507054,Dolichyl Beta-D-Glucosyl Phosphate Flippase (Liver),N-glycan synthesis,NA,NA,PMID:12137737
DOLGPP_Ler,0.6497975409211126,0,1.1153978015017811,0.23676544742515543,Dolichyl-Beta-D-Glucosyl-Phosphate Dolichylphosphohydrolase (Liver),N-glycan synthesis,NA,NA,PMID:12137737
DOLICHOL_Lter,0.334854567481732,0,0.05002257523998995,0.024925777125256805,"Dolichol Diffusion, Human (Liver)",N-glycan synthesis,NA,NA,NA
DOLMANP_Uter,0.5526077275708466,0,17.26521721821949,4.975065258323402,Dolichol-Phosphate Mannose Flippase (Uterus),N-glycan synthesis,NA,NA,PMID:12137737
DOLPGT3_Ler,0.334854567481732,0,0.05002257523998995,0.024925777125256805,Dolichyl-Phosphate-Glucose-Glycolipid Alpha-Glucosyltransferase (Liver),N-glycan synthesis,84920.1,NA,NA
DOLPMT3_Uer,0.5526077275708466,0,17.26521721821949,4.975065258323402,Dolichyl-Phosphate-Mannose-Glycolipid Alpha-Mannosyltransferase (Uterus),N-glycan synthesis,79087.1,NA,NA
DOLPMT4_Uer,0.5526077275708466,0,17.26521721821949,4.975065258323402,Dolichyl-Phosphate-Mannose-Glycolipid Alpha-Mannosyltransferase (Uterus),N-glycan synthesis,NA,NA,NA
DOPABMO,-1,0,NA,4.078829924370688,Dopamine Beta-Monooxygenase,Tyrosine metabolism,26002.1 or 1621.1,NA,NA
DOPAMT,-0.8050856530235876,0,1.4757445876418211,13.666748620622725,Dopamine:Amet O-Methyltransferase,Tyrosine metabolism,1312.1 or 1312.2,NA,PMID:1847521
DOPAt4_2_r,0.42065583718353505,9.641501714411378e-15,58.27518656538352,23.764650304487347,"Transport of Dopamine  via Sodium Symport (1:2), Reversible","Transport, extracellular",6530.1 or 6531.1,NA,PMID:12719981
DOPAtu,0.8076076382331646,0,423.24410124025866,45.047902276562155,Transport of Dopamine via Uniport,"Transport, extracellular",6581.1 or 6582.2 or 6582.1 or 6584.1,NA,PMID:12883891
DORNOp,0.9400063923314171,0,63.07283651845318,1.950492031155283,"D-Ornithine Oxidase, Perixosomal",Arginine and proline metabolism,1610.1,NA,"PMID:8103425,PMID:9153402"
DPMVDx,0.44880076533418123,0,2.630168256151226,1.0006529293201247,Diphosphomevalonate Decarboxylase,Cholesterol metabolism,4597.1,NA,PMID:8188698
DTDPtn,-1.0271127185646887,0,-22.480623792748155,0.3006792964542152,"Transport of dTDP, Nuclear","Transport, nuclear",NA,NA,NA
DUDPtn,0.8443043056003475,0,-52.24858722005226,-618.9143170788467,"Transport of dUDP, Nuclear","Transport, nuclear",NA,NA,NA
DUMPtn,-0.9884264215653398,0,-45.0066633803606,-0.26195998155410505,"Transport of dUMP, Nuclear","Transport, nuclear",NA,NA,NA
DURAD,-0.6536489772340106,0,-15.005392248975486,-3.1428271803672234,Dihydrouracil Dehydrogenase (NADP),Pyrimidine catabolism,1806.1,NA,"PMID:1512248,PMID:8221682"
DURAD2,2.2267536671130483,0,198.4357052247286,-75.44168355695903,Dihydrothymin Dehydrogenase (NADP),Pyrimidine catabolism,1806.1,NA,"PMID:1512248,PMID:8221682"
DURIK1m,0.5679958585334596,0,0.456928460154598,0.12588999267213513,"Deoxyuridine Kinase (ATP:Deoxyuridine), Mitochondrial",Nucleotide interconversion,7084.1,NA,"PMID:12535661,PMID:9342341"
DURIt,0.9988770704034933,0,-0.22669216079711912,-403.52464096345903,Transport of Deoxyuridine via_Diffusion,"Transport, extracellular",3177.1,NA,PMID:10899995
DURItn,-0.9479778521549191,0,-19.87757966151461,-0.5308450436485994,"Transport of Deoxyuridine, Nuclear","Transport, nuclear",NA,NA,NA
DUTPDPm,0.6253668146243649,0,0.8828210121327619,0.20348271228133452,DUTP Diphosphatase,Nucleotide interconversion,1854.1 or 3704.1,NA,"PMID:12799180,PMID:8631816,PMID:9070952"
DUTPDPn,0.9884264215653398,0,45.0066633803606,0.26195998155410505,"DUTP Diphosphatase, Nuclear",Nucleotide interconversion,1854.1,NA,"PMID:12799180,PMID:8631816,PMID:9070952"
EAFLATOXINte,-0.6245736450014355,0,-5.304940277154029,-1.2259305066685673,"Transport of Aflatoxin B1 Exo-8,9-Epoxide","Transport, extracellular",NA,NA,NA
EBASTINEOHte,-0.7009300901152609,0,-5.050139641585132,-0.8879523128501231,Transport of Hydroxylated Ebastine,"Transport, extracellular",NA,NA,NA
EBASTINEOHtr,0.7009300901148274,0,5.050139641585132,0.8879523128516367,Transport of Hydroxylated Ebastine,"Transport, endoplasmic reticular",NA,NA,NA
EBASTINEte,0.7009300901148274,0,5.050139641585132,0.8879523128516367,Transport of Ebastine,"Transport, extracellular",NA,NA,NA
EBASTINEtr,-0.7009300901148274,0,-5.050139641585132,-0.8879523128516367,Transport of Ebastine,"Transport, endoplasmic reticular",NA,NA,NA
EBP2r,0.3864995507332544,0,0.37000219821061764,0.1637191405592952,"3-Beta-Hydroxysteroid-Delta (8), Delta (7)-Isomerase",Cholesterol metabolism,10682.1,NA,PMID:10391219
ECOAH12m,-0.8647922669008936,0,31.2816149251692,431.43770161333083,"3-Hydroxyacyl Coenzyme A Dehydratase (3-Hydroxyisobutyryl Coenzyme A), Mitochondrial","Valine, leucine, and isoleucine metabolism",1892.1 or (3030.1 and 3032.1),NA,PMID:9073515
ECOAH9m,-0.962831840631855,0,-261.51550707688517,-4.952054395625624,"2-Methylprop-2-Enoyl Coenzyme A (2-Methylbut-2-Enoyl Coenzyme A), Mitochondrial","Valine, leucine, and isoleucine metabolism",1892.1 or (3030.1 and 3032.1),NA,PMID:9073515
EICOSTETCPT1,0.3722686793912323,0,1.1740120321762049,0.537040693587414,Carnitine O-Palmitoyltransferase,Fatty acid oxidation,1375.1 or 1375.3 or 1375.4 or 126129.1 or 1374.1 or 1375.2,NA,NA
EICOSTETCPT2,0.3722686793912323,0,1.1740120321762049,0.537040693587414,Carnitine Transferase,Fatty acid oxidation,1376.1,NA,NA
ELAIDCPT1,-2.956966504890374,0,-24.17683119232741,48.88530845232196,Carnitine O-Palmitoyltransferase,Fatty acid oxidation,1375.1 or 1375.3 or 1375.4 or 126129.1 or 1374.1 or 1375.2,NA,NA
ELAIDCPT2,-3.0941998160777775,0,-27.023667019950647,52.83177454864217,Carnitine Transferase,Fatty acid oxidation,1376.1,NA,NA
ELAIDt,-1,0,-10.464860320123057,NA,Fatty Acid Transport via Diffusion,"Transport, extracellular",11001.1,NA,"PMID:11788354,PMID:12864740"
ENGASEly,0.6298804701801117,0,0.1892083335258609,0.04296615655187129,"Endo-Beta-N-Acetylglucosaminidase, Lysosomal",N-glycan degradation,NA,NA,NA
ESTRONEGLCt,0.38449702049099593,0,0.48170366497949435,0.21415000295929784,ABC Transporter,"Transport, extracellular",8714.1 or 8714.3 or 8714.2,NA,"PMID:11850532,PMID:9738950,PMID:9813153"
ESTRONEGLCtr,-0.38449702049099593,0,-0.48170366497949435,-0.21415000295929784,Glucuronidated Compound Transport,"Transport, endoplasmic reticular",NA,NA,NA
ESTRONESt2,-0.8032824534104502,0,12.440797739697993,114.04306661690325,Transport of Estrone-3-Sulfate  via Sodium Symport,"Transport, extracellular",6554.1,NA,"PMID:12851823,PMID:8132774"
EX_13_cis_retnglc[e],0.5363763910380902,0,31.464338679277525,9.494815422300249,Exchange of 13-Cis-Retinoyl Glucuronide,Exchange/demand reaction,NA,NA,NA
EX_2425dhvitd2[e],0.45334434396621764,0,5.865636993658167,2.2062793667147345,"Exchange of 24R, 25-Dihyoxyvitamin D2",Exchange/demand reaction,NA,NA,NA
EX_2425dhvitd3[e],0.6010072039413937,0,3.3836797279994206,0.8432590636180132,"Exchange of 24R, 25-Dihydroxyvitamin D3",Exchange/demand reaction,NA,NA,NA
EX_2hb[e],-3.303743092076703,0,-252.41360973370075,135.114038484478,Exchange of 2-Hydroxybutyrate,Exchange/demand reaction,NA,NA,NA
EX_3aib[e],-1,0,NA,1.861941148907205,Exchange of L-3-Amino-Isobutanoate,Exchange/demand reaction,NA,NA,NA
EX_3mlda[e],-0.7006895988176716,2.359990291402241e-10,7.525697176299112,42.76120997140635,Exchange of 3-Methylimidazoleacetic Acid,Exchange/demand reaction,NA,NA,NA
EX_4mptnl[e],0.338271084314094,0,21.292285721952467,10.528301260042191,Exchange of 4-Methylpentanal,Exchange/demand reaction,NA,NA,NA
EX_5adtststerones[e],-1,0,NA,374.7228419424057,Exchange of 5Alpha-Dihydrotestosterone Sulfate,Exchange/demand reaction,NA,NA,NA
EX_5homeprazole[e],0.7881353007097056,0,9.233752412454967,1.0940481838311398,Exchange of 5 Hydroxy Omeprazole,Exchange/demand reaction,NA,NA,NA
EX_5htrp[e],0.5113369868449277,3.665601031607697e-16,1.6883552441423217,0.5458986103430871,Exchange of 5-Hydroxy-L-Tryptophan,Exchange/demand reaction,NA,NA,NA
EX_5mthf[e],1,0,NA,-491.1813654722214,Exchange of 5-Methyltetrahydrofolate,Exchange/demand reaction,NA,NA,NA
EX_6htststerone[e],0.7824797934167353,0,9.904955697915025,1.2087250680573867,Exchange of 6 Beta Hydroxy Testosterone,Exchange/demand reaction,NA,NA,NA
EX_7thf[e],-0.46192148299607727,0,-53.05872505919933,-19.52892848627046,Exchange of Heptaglutamyl Folate (Thf),Exchange/demand reaction,NA,NA,NA
EX_abt[e],-1,0,NA,352.4789665848255,Exchange of L-Arabinitol,Exchange/demand reaction,NA,NA,NA
EX_acetone[e],1,0,60.679810192161796,NA,Exchange of Acetone,Exchange/demand reaction,NA,NA,NA
EX_acgalfucgalacgalfucgalacglcgal14acglcgalgluside_hs[e],0.33513638325715067,0,0.07217083269674404,0.03593922048101249,Exchange of Type Iiiab,Exchange/demand reaction,NA,NA,NA
EX_acnacngal14acglcgalgluside_hs[e],0.5009949190022175,0,0.17306758903860464,0.05753624159081665,"Exchange of 3', 8'-Ld1",Exchange/demand reaction,NA,NA,NA
EX_adrn[e],2.305696654414401,0,0.2725560490221792,-0.10765522628140534,Exchange of Adrenic Acid,Exchange/demand reaction,NA,NA,NA
EX_adrnl[e],0.8752144283233771,0,152.66824998369216,10.15926208935896,Exchange of Adrenaline,Exchange/demand reaction,NA,NA,NA
EX_aflatoxin[e],-0.6245736450022378,0,-5.3049402771534755,-1.2259305066652144,Exchange of Aflatoxin B1,Exchange/demand reaction,NA,NA,NA
EX_ahandrostanglc[e],-0.39159069767794924,0,0.2524391687670672,0.5773941944100229,Exchange of Etiocholan-3Alpha-Ol-17-One 3-Glucuronide,Exchange/demand reaction,NA,NA,NA
EX_ala_D[e],-1,0,NA,792.7026690074921,Exchange of D-Alanine,Exchange/demand reaction,NA,NA,NA
EX_antipyrene[e],-0.3783901437918392,0,-10.223855125261704,-4.610631571134296,Exchange of Antipyrene,Exchange/demand reaction,NA,NA,NA
EX_arach[e],1,0,0.26147031758303313,NA,Exchange of Arachidate,Exchange/demand reaction,NA,NA,NA
EX_arachd[e],-0.35518949549288065,0,-54.48081552024484,-25.92242801350206,Exchange of Nc20:4,Exchange/demand reaction,NA,NA,NA
EX_atp[e],-1,0,-18.561145967033134,NA,Exchange of ATP,Exchange/demand reaction,NA,NA,NA
EX_bhb[e],-0.335646562217778,0,422.20041876678465,848.8110481903076,Transport of (R)-3-Hydroxybutanoate  via H+ Symport,Exchange/demand reaction,NA,NA,NA
EX_bildglcur[e],-0.5238838448992514,0,0.8639599663277157,2.7652383167882917,Exchange of Bilirubin Beta-Diglucuronide,Exchange/demand reaction,NA,NA,NA
EX_camp[e],0.47123370753823995,0,1.095715587817732,0.3938038300742788,Exchange of CAMP,Exchange/demand reaction,NA,NA,NA
EX_caro[e],-0.3478139633859448,0,-5.115797427323245,-2.4754541345339502,Exchange of Beta-Carotene,Exchange/demand reaction,NA,NA,NA
EX_carveol[e],0.7057652278748747,0,8.131831322688608,1.4026945192054006,Exchange of (E)-Carveol,Exchange/demand reaction,NA,NA,NA
EX_chsterol[e],0.5100395920887855,0,-242.1958731404707,-746.4385929503441,Exchange of Cholesterol,Exchange/demand reaction,NA,NA,NA
EX_co[e],0.6786545190848696,0,0.8052469715539344,0.15414873780610774,Exchange of Carbon Monoxide,Exchange/demand reaction,NA,NA,NA
EX_coumarin[e],-0.5925572731993544,0,-4.487732109691413,-1.1481494817766564,Exchange of Coumarin,Exchange/demand reaction,NA,NA,NA
EX_creat[e],-0.5240749463848307,0,-774.5999933509827,-241.8854428650856,Exchange of Creatine,Exchange/demand reaction,NA,NA,NA
EX_crn[e],-1.592941840444102,0,-97.21966722111999,425.14278072009085,Exchange of L-Carnitine,Exchange/demand reaction,NA,NA,NA
EX_crtstrn[e],0.5278959744461618,0,11.219052644645423,3.4665710264453433,Exchange of Corticosterone,Exchange/demand reaction,NA,NA,NA
EX_cspg_c[e],0.5035331810529692,0,-1.7066869985357858,-5.168644578126446,Exchange of Chondroitin Sulfate C (Galnac6S-Glca) Proteoglycan,Exchange/demand reaction,NA,NA,NA
EX_cyan[e],0.6893877452503189,0,-114.17610856980086,-620.9919784833908,Exchange of Hydrogen Cyanide,Exchange/demand reaction,NA,NA,NA
EX_dlnlcg[e],-0.6665625315335761,0,-13.666492042957444,-2.734323149235188,Exchange of Dihomo-Gamma-Linolenic Acid (N-6),Exchange/demand reaction,NA,NA,NA
EX_dmantipyrine[e],0.3783901437918392,0,10.223855125261704,4.610631571134296,Exchange of Demethylated Antipyrine,Exchange/demand reaction,NA,NA,NA
EX_dmhptcrn[e],0.5100357393886321,0,1.1912542534961832,0.3865286061048566,"Exchange of 2, 6 Dimethylheptanoyl Carnitine",Exchange/demand reaction,NA,NA,NA
EX_eaflatoxin[e],0.6245736450022378,0,5.3049402771534755,1.2259305066652144,"Exchange of 8, 9 Epxoy Aflatoxin B1",Exchange/demand reaction,NA,NA,NA
EX_ebastine[e],-0.7009300901148274,0,-5.050139641585132,-0.8879523128516367,Exchange of Ebastine,Exchange/demand reaction,NA,NA,NA
EX_ebastineoh[e],0.7009300901148274,0,5.050139641585132,0.8879523128516367,Exchange of Hydroxylated Ebastine,Exchange/demand reaction,NA,NA,NA
EX_elaid[e],0.9212099450655937,0,10.655940474383513,0.4370069692335339,Exchange of Elaidic Acid,Exchange/demand reaction,NA,NA,NA
EX_estroneglc[e],0.38449702049099593,0,0.48170366497949435,0.21415000295929784,Exchange of Estrone Glucuronide,Exchange/demand reaction,NA,NA,NA
EX_fuc13galacglcgal14acglcgalgluside_hs[e],0.9654425119289195,0,10.97638984798342,0.19299290563474641,Exchange of Iii3Fuc-Nlc6Cer,Exchange/demand reaction,NA,NA,NA
EX_fucacgalfucgalacglcgalgluside_hs[e],0.9512656674070882,0,18.226051138705014,0.4552093817288289,Exchange of (Gal)2 (Galnac)1 (Glc)1 (GlcNac)1 (LFuc)2 (Cer)1,Exchange/demand reaction,NA,NA,NA
EX_fucacngal14acglcgalgluside_hs[e],0.8994767223511632,0,3.4554800517419237,0.18286940638120286,"Exchange of Iv3-A-Neuac, Iii3-A-Fuc-Nlc4Cer",Exchange/demand reaction,NA,NA,NA
EX_fucfucgalacglcgalgluside_hs[e],0.3536522538517378,0,0.30916761913210594,0.14762269500121403,Exchange of Leb Glycolipid,Exchange/demand reaction,NA,NA,NA
EX_fucgal14acglcgalgluside_hs[e],0.3371672169852472,0,0.22157344602323265,0.10983379042216584,Exchange of Lacto-N-Fucopentaosyl Iii Ceramide,Exchange/demand reaction,NA,NA,NA
EX_fucgalfucgalacglcgalgluside_hs[e],0.9801977837929865,0,33.35245600917489,0.3335285749403876,Exchange of (Gal)3 (Glc)1 (GlcNac)1 (LFuc)2 (Cer)1,Exchange/demand reaction,NA,NA,NA
EX_fuc_L[e],0.4709420211400253,0,123.24856894755959,44.329169911295175,Exchange of L-Fucose,Exchange/demand reaction,NA,NA,NA
EX_galacglcgalgbside_hs[e],0.37320731867977786,0,0.09705387125254515,0.04429968830444032,Exchange of Gal-GlcNac-Gal Globoside (Homo Sapiens),Exchange/demand reaction,NA,NA,NA
EX_galgalgalthcrm_hs[e],0.37043421994894427,0,0.12703104688536968,0.05835697836417821,Exchange of Gal-Gal-Gal-Gal-Gal-Glc-Cer (Homo Sapiens),Exchange/demand reaction,NA,NA,NA
EX_gchola[e],-1,0,-32.28780135180652,NA,Exchange of Glycocholate,Exchange/demand reaction,NA,NA,NA
EX_gd1b2_hs[e],0.7118415590290901,0,0.383865060095302,0.06461693646636558,Exchange of Gd1Beta (Homo Sapiens),Exchange/demand reaction,NA,NA,NA
EX_gd1c_hs[e],0.9134080920377616,0,0.5422979631983442,0.02454187139313799,Exchange of Gd1C (Homo Sapiens),Exchange/demand reaction,NA,NA,NA
EX_glyc_S[e],-0.7029619506602446,0,72.04121300978363,413.0226578977585,Exchange of (S)-Glycerate,Exchange/demand reaction,NA,NA,NA
EX_gp1calpha_hs[e],0.3531416901810567,0,0.11393228783152967,0.05446439768672526,Exchange of Gp1C Alpha (Homo Sapiens),Exchange/demand reaction,NA,NA,NA
EX_gq1b_hs[e],-0.7782015199337565,0,-4.413281286335758,-0.550477024364782,Exchange of Gq1B (Homo Sapiens),Exchange/demand reaction,NA,NA,NA
EX_gthox[e],0.9863427206752347,0,13.780537016330195,0.09474933067608354,Exchange of Oxidized Glutathione,Exchange/demand reaction,NA,NA,NA
EX_gthrd[e],-1,0,-286.65515462412833,NA,Exchange of Reduced Glutathione,Exchange/demand reaction,NA,NA,NA
EX_gtp[e],-0.9258534761301871,0,-37.20025610717535,-1.4322323643002692,Exchange of GTP,Exchange/demand reaction,NA,NA,NA
EX_hcoumarin[e],0.5925572731993544,0,4.487732109691413,1.1481494817766564,Exchange of Hydroxy Coumarin,Exchange/demand reaction,NA,NA,NA
EX_hdca[e],-1,0,NA,187.98253137845992,Exchange of Hexadecanoate (N-C16:0),Exchange/demand reaction,NA,NA,NA
EX_i[e],-0.4347538523456303,0,-34.12044907412676,-13.442342297151871,Exchange of Iodide,Exchange/demand reaction,NA,NA,NA
EX_idp[e],1,0,NA,-332.1107687913895,Exchange of IDP,Exchange/demand reaction,NA,NA,NA
EX_imp[e],0.9807814261808883,0,52.619514378809924,0.5105419548308185,Exchange of IMP,Exchange/demand reaction,NA,NA,NA
EX_ksi[e],-0.34489661666754606,2.1352780784073886e-14,-8.875363304816023,-4.323217455700505,Exchange of Keratan Sulfate I,Exchange/demand reaction,NA,NA,NA
EX_ksi_deg1[e],0.3577741531189297,0,8.59809364601814,4.066889887903969,"Exchange of Keratan Sulfate I, Degradation Product 1",Exchange/demand reaction,NA,NA,NA
EX_ksii_core2[e],-0.5322904297498768,0,-0.3893445009811192,-0.11884179767594906,Exchange of Keratan Sulfate Ii (Core 2-Linked),Exchange/demand reaction,NA,NA,NA
EX_ksii_core4[e],-0.34835624199942805,0,-0.17153115447391667,-0.08289886799486267,Exchange of Keratan Sulfate Ii (Core 4-Linked),Exchange/demand reaction,NA,NA,NA
EX_lac_D[e],-0.33415153073998055,0,465.28049922709465,932.2762143722534,Exchange of D-Lactate,Exchange/demand reaction,NA,NA,NA
EX_Lcystin[e],0.5972442098389242,0,-140.8453182764411,-558.5627186389924,Exchange of L-Cystine,Exchange/demand reaction,NA,NA,NA
EX_leuktrB4[e],-0.599847224923734,0,199.99906914352178,799.6144864810943,Exchange of Leukotriene B4,Exchange/demand reaction,NA,NA,NA
EX_leuktrD4[e],0.9834230856326893,0,73.55493952730224,0.6147523151611691,Exchange of Leukotriene D4,Exchange/demand reaction,NA,NA,NA
EX_lgnc[e],-0.6280366427873972,0,-0.9317066710992483,-0.21287035697556567,Exchange of Lignoceric Acid,Exchange/demand reaction,NA,NA,NA
EX_limnen[e],-0.6588354848906453,0,-10.679776752933952,-2.19645702697942,Exchange of Limonene,Exchange/demand reaction,NA,NA,NA
EX_lnlncg[e],-0.5002422104412495,0,0.7704128662267445,2.3127321385042974,Exchange of Gamma-Linolenic Acid,Exchange/demand reaction,NA,NA,NA
EX_lpchol_hs[e],0.5918420591608571,0,34.762577621927484,8.91333535181647,Exchange of Lysophosphatidylcholine,Exchange/demand reaction,NA,NA,NA
EX_mercplaccys[e],0.7683532014187466,0,600.7145420883179,78.69106716029346,Exchange of 3-Mercaptolactate-Cysteine Disulfide,Exchange/demand reaction,NA,NA,NA
EX_nifedipine[e],-0.5633903385985878,0,-11.070175012368455,-3.0915793992542793,Exchange of Nifedipine,Exchange/demand reaction,NA,NA,NA
EX_nrpphr[e],-0.8577049934756048,0,-165.44684707653522,-12.672765733460556,Exchange of Norepinephrine,Exchange/demand reaction,NA,NA,NA
EX_oagt3_hs[e],0.8643884442492749,0,11.362698887711344,0.826497974948585,Exchange of 9-O-Acetylated Gt3 (Homo Sapiens),Exchange/demand reaction,NA,NA,NA
EX_octa[e],0.3941081496697609,0,-0.8695991367141445,-2.000877289863215,Exchange of Octanoate (N-C8:0),Exchange/demand reaction,NA,NA,NA
EX_omeprazole[e],-0.7881353007097056,0,-9.233752412454967,-1.0940481838311398,Exchange of Omeprazole,Exchange/demand reaction,NA,NA,NA
EX_pe_hs[e],0.9539636662164392,0,-5.074865343214573,-215.39731070251466,Exchange of Phosphatidylethanolamine,Exchange/demand reaction,NA,NA,NA
EX_perillyl[e],0.5249360368719719,0,2.5479454231559227,0.7937625062893029,Exchange of Perillyl Alcohol,Exchange/demand reaction,NA,NA,NA
EX_phyt[e],-0.45545832898894195,0,-2.9393974568416366,-1.0997390794596635,Exchange of Phytanic Acid,Exchange/demand reaction,NA,NA,NA
EX_prostge1[e],0.6485162997266194,0,12.628449405676,2.6925388159997348,Exchange of Prostaglandin E1,Exchange/demand reaction,NA,NA,NA
EX_ptdca[e],1.4377390544232322,0,1.1833672318371682,-6.590091717027916,Exchange of Pentadecanoate,Exchange/demand reaction,NA,NA,NA
EX_retnglc[e],0.4317235114413936,0,2.310376363503674,0.9170294100841231,Exchange of Retinoyl Glucuronide,Exchange/demand reaction,NA,NA,NA
EX_Rtotal[e],0.3426892476417358,0,522.7852327979087,255.92843265538215,Exchange of R Total,Exchange/demand reaction,NA,NA,NA
EX_s2l2fn2m2masn[e],-0.4804181326896946,0,-114.83968370288015,-40.30524618829042,Exchange of Pa6,Exchange/demand reaction,NA,NA,NA
EX_s2l2n2m2masn[e],0.4801941263030877,0,114.65047530938983,40.2622800813362,Exchange of De-Fuc Form of Pa6,Exchange/demand reaction,NA,NA,NA
EX_spc_hs[e],-1,0,-3.3785444623169147,NA,Exchange of Sphingosylphosphorylcholine (Homo Sapiens),Exchange/demand reaction,NA,NA,NA
EX_srtn[e],0.5874527748799169,0,-3.314054355276734,-12.752248620398785,Exchange of Serotonin,Exchange/demand reaction,NA,NA,NA
EX_strdnc[e],-5.337902507068032,0,-2.612590608592413,3.8171315609699943,Exchange of Stearidonic Acid,Exchange/demand reaction,NA,NA,NA
EX_tagat_D[e],-0.49034380060222604,0,-1.3514567353245337,-0.4621606793665327,Exchange of D-Tagatose,Exchange/demand reaction,NA,NA,NA
EX_tcynt[e],-0.6893877452503189,0,114.17610856980086,620.9919784833908,Exchange of Thiocyanate,Exchange/demand reaction,NA,NA,NA
EX_tetpent6[e],-0.3333776683192967,0,-1.7484066375269787,-0.8741161166313687,"Exchange of Tetracosapentaenoic Acid, N-6",Exchange/demand reaction,NA,NA,NA
EX_tettet6[e],-0.48324671427112975,0,-1.410964691219425,-0.4915707098622159,Exchange of Tetracosatetraenoic Acid N-6,Exchange/demand reaction,NA,NA,NA
EX_thym[e],0.838871030685178,0,620.0340207893372,54.32977138841832,Exchange of Thymine,Exchange/demand reaction,NA,NA,NA
EX_ttdca[e],0.9789994143180099,0,43.74806496089622,0.4642421720721807,Exchange of Tetradecanoate (N-C14:0),Exchange/demand reaction,NA,NA,NA
EX_ump[e],-0.7546888047967213,0,-1.062754511264724,-0.14857653314556155,Exchange of UMP,Exchange/demand reaction,NA,NA,NA
EX_urate[e],0.7844725167410717,0,35.09221774280947,4.238416283314204,Exchange of Urate,Exchange/demand reaction,NA,NA,NA
EX_utp[e],-1,0,-998.0854689025879,NA,Exchange of UTP,Exchange/demand reaction,NA,NA,NA
EX_whddca[e],0.5543714912283033,0,3.7317698064449885,1.0698748808183511,Exchange of Omega Hydroxy Dodecanoate (N-C12:0),Exchange/demand reaction,NA,NA,NA
EX_whtststerone[e],0.8593930108050531,0,25.075958694511375,1.8962398119833321,Exchange of W Hydroxy Testosterone,Exchange/demand reaction,NA,NA,NA
FACOAL140i,0.5371503902840339,0,0.4168966234502521,0.12553126920795185,Fatty-Acid- Coenzyme A Ligase (Tetradecanoate),Fatty acid oxidation,2181.1,NA,NA
FACOAL150,-0.7028701207164814,0,1.2054924227897033,6.908753278090704,Fatty-Acid- Coenzyme A Ligase,Fatty acid oxidation,2182.1 or 2180.1 or 2181.2 or 2181.1,NA,PMID:15292367
FACOAL160i,0.4218082962036383,0,0.8455108618410329,0.34383493688390954,C160 Fatty Acid Activation,Fatty acid oxidation,2181.2 or 51703.1 or 2180.1 or 2181.1 or 2182.1 or 81616.1,NA,PMID:1531127
FACOAL1812,0.8195075585972529,0,0.8373945069750276,0.08306828859655652,Fatty-Acid- Coenzyme A Ligase,Fatty acid oxidation,2180.1,NA,PMID:15292367
FACOAL1813,0.7625759673420307,0,1.293100967734558,0.17418440514449898,Fatty-Acid- Coenzyme A Ligase,Fatty acid oxidation,2180.1,NA,PMID:15292367
FACOAL181i,0.5897178662601117,0,0.6066641937416541,0.15657085144137708,C181 Fatty Acid Activation,Fatty acid oxidation,2180.1 or 2181.2 or 2181.1 or 2182.1 or 81616.1,NA,NA
FACOAL1822,0.4136267150130842,0,0.3518258954249051,0.14593761128931074,Fatty-Acid- Coenzyme A Ligase,Fatty acid oxidation,2180.1,NA,PMID:15292367
FACOAL1831,0.8319920892357606,0,1.949161577126575,0.17875326331325814,Fatty-Acid- Coenzyme A Ligase,Fatty acid oxidation,2180.1 or 2182.1 or 2181.1 or 81616.1 or 23305.1 or 51703.1,NA,PMID:15292367
FACOAL1832,0.5330995999694731,0,0.5280219389067039,0.16080733078616904,Fatty-Acid- Coenzyme A Ligase,Fatty acid oxidation,2180.1,NA,PMID:15292367
FACOAL184,0.493726956038447,0,1.7922855115837713,0.6074643280216402,Fatty-Acid- Coenzyme A Ligase,Fatty acid oxidation,2180.1,NA,PMID:15292367
FACOAL200,-0.5728393437940132,0,0.3010743833646941,1.1085797080903441,Fatty-Acid- Coenzyme A Ligase,Fatty acid oxidation,2180.1,NA,PMID:15292367
FACOAL203,0.6492485859553256,0,0.9631240502466711,0.2048309305226863,Fatty-Acid- Coenzyme A Ligase,Fatty acid oxidation,2180.1,NA,PMID:15292367
FACOAL204,0.7922165736324571,0,1.1003405377400144,0.1275696980300396,Fatty-Acid- Coenzyme A Ligase,Fatty acid oxidation,2181.2 or 2181.1 or 2180.1 or 2182.1 or 2182.2 or 81616.1,NA,PMID:15292367
FACOAL2042,0.7934320344537988,0,1.0612205252865599,0.12223165455560665,Fatty-Acid- Coenzyme A Ligase,Fatty acid oxidation,2180.1,NA,PMID:15292367
FACOAL205,0.7146136956144131,0,3.3129558106241084,0.5514199599624516,Fatty-Acid- Coenzyme A Ligase,Fatty acid oxidation,2180.1,NA,PMID:15292367
FACOAL2252,0.4894193617280959,0,0.33809981831574676,0.11590236133024241,Fatty-Acid- Coenzyme A Ligase,Fatty acid oxidation,2180.1,NA,PMID:15292367
FACOAL226,0.6248688376295018,0,1.9290588735470355,0.44535908422648207,Fatty-Acid- Coenzyme A Ligase,Fatty acid oxidation,2180.1,NA,PMID:15292367
FACOAL240,0.6772438260591995,0,0.6329177801099578,0.1217939323749728,Fatty-Acid- Coenzyme A Ligase,Fatty acid oxidation,2180.1,NA,PMID:15292367
FACOAL244_1,0.4746327215737783,0,1.7418587227906799,0.6205718639003694,Fatty-Acid- Coenzyme A Ligase,Fatty acid oxidation,2180.1,NA,PMID:15292367
FACOAL245_1,0.33845403905585664,0,2.0817769512601196,1.0289416696476283,Fatty-Acid- Coenzyme A Ligase,Fatty acid oxidation,2180.1,NA,PMID:15292367
FACOAL80i,-0.3941081496697609,0,0.8695991367141445,2.000877289863215,Fatty-Acid- Coenzyme A Ligase (Octanoate),Fatty acid oxidation,2181.1 or 2181.2,NA,NA
FAEL204,0.5229633781169994,0,0.5971667699014114,0.18705007796495265,Fatty-Acyl Coenzyme A Elongation (N-C20:4CoA),Fatty acid synthesis,6785.1 or 79071.1 or 60481.1 or 54898.1,NA,"PMID:11138005,PMID:15189125"
FAEL205,0.3373868393370778,0,0.248725577732054,0.12323198969150981,Fatty-Acyl Coenzyme A Elongation (N-C20:5CoA),Fatty acid synthesis,6785.1 or 79071.1 or 60481.1 or 54898.1,NA,"PMID:11138005,PMID:15189125"
FAH1,0.5543714912283033,0,3.7317698064449885,1.0698748808183511,Fatty Acid Omega-Hydroxylase,Cytochrome metabolism,1579.1,NA,"PMID:11996015,PMID:7679927,PMID:8274222"
FALDH,0.5131893344023966,0,4.9287561919897795,1.5856383783847094,Formaldehyde Dehydrogenase,Tyrosine metabolism,128.1,NA,"PMID:4436331,PMID:8460164"
FAOXC11,0.5100357393886321,0,1.1912542534961832,0.3865286061048566,Beta Oxidation of Long Chain Fatty Acid,Fatty acid oxidation,34.1,NA,PMID:9819701
FAOXC160,0.7313098977081145,0,1.9425663229829588,0.3014759776525345,Beta Oxidation of Long Chain Fatty Acid,Fatty acid oxidation,34.1 or 35.1,NA,"PMID:2565344,PMID:3035565"
FAOXC16080x,-0.3562426174714126,0,1.747665154877368,3.6819118948266305,Beta Oxidation of Long Chain Fatty Acid,Fatty acid oxidation,(51.1 and 3295.1 and 30.1) or (51.1 and 30.1 and 1962.1) or (30.1 and 51.2 and 1962.1) or (3295.1 and 30.1 and 51.2),NA,NA
FAOXC180,-0.5296878951150098,0,36.91152805593531,120.05457029682398,Beta Oxidation of Long Chain Fatty Acid,Fatty acid oxidation,34.1 or 34.1 or 35.1 or 35.1,NA,"PMID:2565344,PMID:3035565"
FAOXC180x,-0.4601941128397354,0,9.453080539112914,25.570918879798054,Beta Oxidation of Long Chain Fatty Acid,Fatty acid oxidation,(51.1 and 3295.1 and 30.1) or (51.1 and 30.1 and 1962.1) or (30.1 and 51.2 and 1962.1) or (3295.1 and 30.1 and 51.2),NA,NA
FAOXC1811603m,-0.3392670083978861,0,1.0082839020247805,2.0437323128154734,Beta Oxidation Fatty Acid,Fatty acid oxidation,34.1 or 35.1,NA,NA
FAOXC182806m,-0.47024536606904443,0,1.8736336404622271,5.199956736876211,Beta Oxidation of Fatty Acid,Fatty acid oxidation,34.1 or 35.1,NA,NA
FAOXC18280m,0.5795797386341344,0,3.5235923578587536,0.9378378209122283,Beta Oxidation of Fatty Acid,Fatty acid oxidation,34.1 or 35.1,NA,NA
FAOXC183806m,0.37350464878836315,0,10.546309538343717,4.810478001687024,Beta Oxidation of Fatty Acid,Fatty acid oxidation,34.1 or 35.1,NA,NA
FAOXC200180m,-0.6128966922994447,0,42.425812067770956,176.77051730376482,Beta Oxidation of Long Chain Fatty Acid,Fatty acid oxidation,35.1 or 34.1,NA,NA
FAOXC200180x,-0.7337630201639804,0,3.338116136454063,21.738160934522863,Beta Oxidation of Long Chain Fatty Acid,Fatty acid oxidation,(3295.1 and 30.1 and 51.2) or (51.1 and 30.1 and 1962.1) or (51.1 and 3295.1 and 30.1) or (30.1 and 51.2 and 1962.1),NA,NA
FAOXC204184m,0.380895786129967,0,0.8900512022820379,0.3990413001673369,Beta Oxidation Fatty Acid,Fatty acid oxidation,35.1 or 34.1,NA,NA
FAOXC2242046m,-0.3492763828203508,0,1.11021496242781,2.3020323669058853,Beta Oxidation of Long Chain Fatty Acid,Fatty acid oxidation,34.1 or 35.1,NA,NA
FAOXC2242046x,0.6846753607043105,0,1.2343306241305276,0.2310325585000919,Beta Oxidation of Long Chain Fatty Acid,Fatty acid oxidation,(3295.1 and 30.1 and 51.2) or (51.1 and 30.1 and 1962.1) or (30.1 and 51.2 and 1962.1) or (51.1 and 3295.1 and 30.1),NA,NA
FAOXC2251836x,0.3771302279728346,0,0.7116146255491971,0.32186007581831144,Beta Oxidation of Long Chain Fatty Acid,Fatty acid oxidation,(3295.1 and 30.1 and 51.2) or (51.1 and 30.1 and 1962.1) or (51.1 and 3295.1 and 30.1) or (30.1 and 51.2 and 1962.1),NA,NA
FAOXC2252053m,0.6561771224633512,0,1.0347858371976595,0.21482185652358712,Beta Oxidation of Long Chain Fatty Acid,Fatty acid oxidation,35.1 or 34.1,NA,NA
FAOXC2252053x,0.3844455237740447,0,0.8470491892948747,0.37661642231516596,Beta Oxidation of Long Chain Fatty Acid,Fatty acid oxidation,(51.1 and 3295.1 and 30.1) or (30.1 and 51.2 and 1962.1) or (51.1 and 30.1 and 1962.1) or (3295.1 and 30.1 and 51.2),NA,NA
FAOXC226,0.6205455407414309,0,1.954196463744842,0.4575795889673322,Beta Oxidation of Long Chain Fatty Acid,Fatty acid oxidation,35.1 or 34.1,NA,"PMID:2565344,PMID:3035565"
FAOXC226205m,0.835733711081239,0,344.87365829057694,30.86020355308652,Beta Oxidation of Long Chain Fatty Acid,Fatty acid oxidation,35.1 or 34.1,NA,"PMID:2565344,PMID:3035565"
FAOXC226205x,0.6532019521135057,0,204.94439081425668,42.99191309858262,Beta Oxidation of Long Chain Fatty Acid,Fatty acid oxidation,(3295.1 and 30.1 and 51.2) or (51.1 and 3295.1 and 30.1) or (30.1 and 51.2 and 1962.1) or (51.1 and 30.1 and 1962.1),NA,NA
FAOXC240200x,0.3466378628358668,0,1.164713087164845,0.5650958233199548,Beta Oxidation of Long Chain Fatty Acid,Fatty acid oxidation,(51.1 and 3295.1 and 30.1) or (30.1 and 51.2 and 1962.1) or (51.1 and 30.1 and 1962.1) or (3295.1 and 30.1 and 51.2),NA,NA
FAOXC2442246x,0.48324671427112975,0,1.410964691219425,0.4915707098622159,Beta Oxidation of Long Chain Fatty Acid,Fatty acid oxidation,(51.1 and 3295.1 and 30.1) or (51.1 and 30.1 and 1962.1) or (30.1 and 51.2 and 1962.1) or (3295.1 and 30.1 and 51.2),NA,NA
FAOXC2452253x,0.33323362492553193,0,0.8366037540942358,0.41839572754719745,Beta Oxidation of Long Chain Fatty Acid,Fatty acid oxidation,(3295.1 and 30.1 and 51.2) or (30.1 and 51.2 and 1962.1) or (51.1 and 30.1 and 1962.1) or (51.1 and 3295.1 and 30.1),NA,NA
FAS140COA,0.5783675657039757,0,4.880153162552057,1.303644919202664,Fatty-Acyl Coenzyme A Synthase (N-C14:0CoA),Fatty acid synthesis,(2194.1) or (2194.1 and 79071.1) and (60481.1) and (54898.1),NA,"PMID:11756679,PMID:15507492,PMID:2669958"
FAS80COA_L,0.35210854191753144,0,1.3671619054406015,0.6551045961846625,"Fatty Acyl Coenzyme A Synthase (N-C8:0CoA), Lumped Reaction",Fatty acid synthesis,2194.1,NA,"PMID:11756679,PMID:15507492,PMID:2669958"
FATP1t,-1.2338359078993126,0,-17.60597000413891,168.18994286189078,Fatty Acid Electroneutral Transport,"Transport, extracellular",376497.2 or 10999.1 or 376497.1 or 11000.1,NA,"PMID:12856180,PMID:15522816,PMID:9878842"
FATP2t,0.9297202636184236,0,23.398581203658132,0.8521681352987885,Fatty Acid Electroneutral Transport,"Transport, extracellular",376497.1 or 376497.2,NA,"PMID:12856180,PMID:15522816"
FATP3t,-0.9852162390313111,0,-0.2650477941053745,-0.001973791648633778,Fatty Acid Electroneutral Transport,"Transport, extracellular",376497.1 or 376497.2,NA,"PMID:12856180,PMID:15522816"
FATP7t,-1,0,-0.2747714824676514,NA,Fatty Acid Electroneutral Transport,"Transport, extracellular",10998.1 or 11001.1,NA,"PMID:10479480,PMID:12856180,PMID:15522816"
FATP8t,-1,0,-0.48069266381561754,NA,Fatty Acid Electroneutral Transport,"Transport, extracellular",10998.1 or 11001.1,NA,"PMID:10479480,PMID:12856180,PMID:15522816"
FATP9t,-1,0,-23.223925378474593,NA,Fatty Acid Electroneutral Transport,"Transport, extracellular",10998.1 or 11001.1,NA,"PMID:10479480,PMID:12856180,PMID:15522816"
FBA4,0.39682666922344834,0,1.8428390681501279,0.7957690122277127,D-Fructose 1-Phosphate D-Glyceraldehyde-3-Phosphate-Lyase,Glyoxylate and dicarboxylate metabolism,226.2 or 229.1 or 226.3 or 230.1 or 226.1,NA,"PMID:2996495,PMID:6284103,PMID:6298387"
FBA5,0.38022111767792494,0,0.7258259390713884,0.32592718914115953,D-Tagatose 1-Phosphate D-Glyceraldehyde-3-Phosphate-Lyase,Galactose metabolism,229.1,NA,"PMID:2996495,PMID:6284103,PMID:6298387"
FCLTm,0.5700787643256902,0,0.5119425336889908,0.14018084422174404,"Ferrochelatase, Mitochondrial",Heme synthesis,2235.1 or 2235.2,NA,PMID:7983009
FCOAH,0.45545832898894195,0,2.9393974568416366,1.0997390794596635,Formyl Coenzyme A Hydrolase,Fatty acid oxidation,NA,NA,"PMID:11341778,PMID:11591435"
FDH,0.45115107188776504,0,29.578134555864334,11.18693136850824,Formate Dehydrogenase,Fatty acid oxidation,10840.1,NA,NA
FE3R2e,-0.48494466621087307,0,15.971083468035795,46.04587828456163,Fe3+ Reduction (Ascorbate),Heme synthesis,79901.1,NA,"PMID:11230685,PMID:12755454"
FOLR2,1,6.736800578708859e-6,9.147170319843292,0,Folate Reductase,Folate metabolism,1719.1,NA,NA
FORMCOAtx,0.45545832898894195,0,2.9393974568416366,1.0997390794596635,Formyl Coenzyme A Transport,"Transport, peroxisomal",NA,NA,NA
FPGS2,0.8697308860452644,0,1.6866729386898471,0.11751498084266931,Folylpolyglutamate Synthetase,Folate metabolism,2356.1,NA,PMID:10777604
FPGS2m,0.36393382738328134,0,2.207001196897201,1.0292279405989364,"Folylpolyglutamate Synthetase, Mitochondrial",Folate metabolism,2356.1,NA,PMID:10777604
FPGS3,0.8697308860452644,0,1.6866729386898471,0.11751498084266931,Folylpolyglutamate Synthetase,Folate metabolism,2356.1,NA,PMID:10777604
FPGS3m,0.36393382738328134,0,2.207001196897201,1.0292279405989364,"Folylpolyglutamate Synthetase, Mitochondrial",Folate metabolism,2356.1,NA,PMID:10777604
FPGS8,-0.33021182661249354,0,0.20349901005592,0.40415283612914393,Folylpolyglutamate Synthetase (10Fthf),Folate metabolism,2356.1,NA,PMID:10777604
FPGS9,-0.33021182661249354,0,0.20349901005592,0.40415283612914393,Folylpolyglutamate Synthetase (10Fthf),Folate metabolism,2356.1,NA,PMID:10777604
FPGSm,0.36393382738328134,0,2.207001196897201,1.0292279405989364,"Folylpolyglutamate Synthetase, Mitochondrial",Folate metabolism,2356.1,NA,PMID:10777604
FRDPtr,0.38472838567852513,0,0.5041834986524686,0.2240221247274778,"Lipid, Flip-Flop Intracellular Transport","Transport, peroxisomal",NA,NA,"PMID:12121718,PMID:12840657,PMID:14713247"
FUC13GALACGLCGAL14ACGLCGALGLUSIDEte,-0.9654425119289195,0,-10.97638984798342,-0.19299290563474641,Blood Group Intracellular Transport,"Transport, extracellular",NA,NA,NA
FUC13GALACGLCGAL14ACGLCGALGLUSIDEtg,0.34361091899438,0,0.10371760493845578,0.05066876312720833,Blood Group Intracellular Transport,"Transport, golgi apparatus",NA,NA,NA
FUCACGALFUCGALACGLCGALGLUSIDEte,-0.9512656674070882,0,-18.226051138705014,-0.4552093817288289,Blood Group Intracellular Transport,"Transport, extracellular",NA,NA,NA
FUCACNGAL14ACGLCGALGLUSIDEte,-0.8994767223511391,0,-3.4554800517419237,-0.18286940638124943,Blood Group Intracellular Transport,"Transport, extracellular",NA,NA,NA
FUCACNGAL14ACGLCGALGLUSIDEtg,0.3932118553600667,0,0.1409009742333887,0.06136686276685523,Blood Group Intracellular Transport,"Transport, golgi apparatus",NA,NA,NA
FUCASE2e,0.3577741531189297,0,8.59809364601814,4.066889887903969,"Alpha-Fucosidase, Extracellular",Keratan sulfate degradation,2519.1,NA,"PMID:10460218,PMID:11389735,PMID:12604617,PMID:2317201"
FUCASEe,0.4801941263030877,0,114.65047530938983,40.2622800813362,"Alpha-Fucosidase, Extracellular",N-glycan degradation,2519.1,NA,NA
FUCASEly,0.6298804701801117,0,0.1892083335258609,0.04296615655187129,"Alpha-Fucosidase, Lysosomal",N-glycan degradation,2517.1,NA,NA
FUCFUCGALACGLCGALGLUSIDEte,-0.3536522538517378,0,-0.30916761913210594,-0.14762269500121403,Blood Group Intracellular Transport,"Transport, extracellular",NA,NA,NA
FUCFUCGALACGLCGALGLUSIDEtg,0.3536522538517378,0,0.30916761913210594,0.14762269500121403,Blood Group Intracellular Transport,"Transport, golgi apparatus",NA,NA,NA
FUCGAL14ACGLCGALGLUSIDEte,-0.3371672169852472,0,-0.22157344602323265,-0.10983379042216584,Blood Group Intracellular Transport,"Transport, extracellular",NA,NA,NA
FUCGAL14ACGLCGALGLUSIDEtg,0.3371672169852472,0,0.22157344602323265,0.10983379042216584,Blood Group Intracellular Transport,"Transport, golgi apparatus",NA,NA,NA
FUCGALFUCGALACGLCGALGLUSIDEte,-0.9801977837929865,0,-33.35245600917489,-0.3335285749403876,Blood Group Intracellular Transport,"Transport, extracellular",NA,NA,NA
FUCGALFUCGALACGLCGALGLUSIDEtg,0.390962546705797,0,0.12173375385979525,0.05330151815108111,Blood Group Intracellular Transport,"Transport, golgi apparatus",NA,NA,NA
FUMAC,0.6748440914103906,0,5.964890489575468,1.1580298110865692,Fumarylacetoacetase,Tyrosine metabolism,2184.1,NA,NA
FUMm,0.9106693076607486,0,-31.717054710002245,-678.3872527669906,"Fumarase, Mitochondrial",Citric acid cycle,2271.1,NA,"PMID:16774737,PMID:17111171,PMID:17111172"
FUMSO3tm,-1,0,NA,150.2159447748661,"Fumarate:Sulfite Antiport, Mitochondrial","Transport, mitochondrial",1468.1,NA,"PMID:14598172,PMID:4441366"
FUMtm,1,0,NA,-971.5708395568847,"Fumarate Transport, Mitochondrial","Transport, mitochondrial",1468.1,NA,"PMID:14598172,PMID:3587497"
FUT17g,0.33513638325715067,0,0.07217083269674404,0.03593922048101249,Galactoside 2-Alpha-L-Fucosyltransferase 1,Blood group synthesis,2523.1,NA,PMID:2118655
FUT34g,0.3536522538517378,0,0.30916761913210594,0.14762269500121403,"Fucosyltransferase 3 (Galactoside 3 (4)-L-Fucosyltransferase, Lewis Blood Group Included) 1",Blood group synthesis,2525.1,NA,"PMID:12424536,PMID:12493760,PMID:1977660"
FUT35g,0.390962546705797,0,0.12173375385979525,0.05330151815108111,"Fucosyltransferase 3 (Galactoside 3 (4)-L-Fucosyltransferase, Lewis Blood Group Included) 1",Blood group synthesis,2525.1,NA,"PMID:12424536,PMID:12493760,PMID:1977660"
FUT91g,0.3371672169852472,0,0.22157344602323265,0.10983379042216584,"Alpha- (1, 3)-Fucosyltransferase",Blood group synthesis,10690.1,NA,PMID:10386598
FUT92g,0.3932118553600667,0,0.1409009742333887,0.06136686276685523,"Alpha- (1, 3)-Fucosyltransferase",Blood group synthesis,10690.1,NA,PMID:10386598
FUT98g,0.34361091899438,0,0.10371760493845578,0.05066876312720833,"Alpha- (1, 3)-Fucosyltransferase",Blood group synthesis,10690.1,NA,PMID:10386598
G5SADrm,-0.7559124788380696,0,1.2373205829620362,8.901014855670928,"L-Glutamate 5-Semialdehyde Dehydratase, Reversible, Mitochondrial",Arginine and proline metabolism,NA,NA,NA
G6PDH1rer,1.5448445469067984,0,347.023304614532,-74.29677989510968,"Glucose-6-Phosphate Dehydrogenase, Endoplasmic Reticulum",Pentose phosphate pathway,9563.1,NA,"PMID:10349511,PMID:12831846,PMID:2156506"
G6PPer,-0.7406963334538114,0,58.45037768612504,392.3753161010742,"Glucose-6-Phosphate Phosphatase, Edoplasmic Reticular",Glycolysis/gluconeogenesis,57818.1 or 2538.1 or 92579.1,NA,"PMID:10078553,PMID:11297555,PMID:12370122,PMID:12965222,PMID:13129915,PMID:15044018,PMID:8211187,PMID:8407995,PMID:9497333"
G6Pter,2.8028455068277993,0,123.41736841549296,-58.50946290426254,Glucose 6-Phosphate Endoplasmic Reticular Transport via Diffusion,"Transport, endoplasmic reticular",2542.1,NA,"PMID:11032333,PMID:11140953,PMID:11879177,PMID:9428641"
GACMTRc,-0.5241867963030044,0,-761.1254789161682,-237.60444154019356,"Guanidinoacetate N-Methyltransferase, Cytosolic",Urea cycle,2593.1 or 2593.2,NA,PMID:2001229
GACPAILter,0.5333741526726955,0,5.062722049724311,1.5406526594422758,"Glucosaminyl-Acylphosphatidylinositol Flippase, Endoplasmatic Reticulum","Transport, endoplasmic reticular",NA,NA,PMID:14517336
GAL3ST11,-0.5392809186568436,0,0.46533425309106263,1.554700392465407,Galactosylceramide Sulfotransferase,Sphingolipid metabolism,9514.1,NA,PMID:9030544
GALACGLCGALGBSIDEte,0.37320731867977786,0,0.09705387125254515,0.04429968830444032,Transport of Gal-GlcNac-Gal Globoside,"Transport, extracellular",NA,NA,NA
GALACGLCGALGBSIDEtg,-0.37320731867977786,0,-0.09705387125254515,-0.04429968830444032,"Transport of Gal-GlcNac-Gal Globoside, Golgi Apparatus","Transport, golgi apparatus",NA,NA,PMID:8206147
GALASE16ly,0.4360587704763466,0,0.42215588535795107,0.16578089555515907,"Beta-Galactosidase, Lysosomal",Keratan sulfate degradation,(5476.1 and 2720.1 and 2588.1 and 4758.1) or (5476.1 and 2720.1),NA,"PMID:11550799,PMID:1755850,PMID:1794986,PMID:1953646,PMID:2111707,PMID:3143362,PMID:39554,PMID:7213753,PMID:7575473,PMID:8985184,PMID:9020182,PMID:9054950"
GALASE17ly,0.4000315652596102,0,0.627288755057496,0.26881783371241763,"Beta-Galactosidase, Lysosomal",Keratan sulfate degradation,(5476.1 and 2720.1 and 2588.1 and 4758.1) or (5476.1 and 2720.1),NA,"PMID:11550799,PMID:1755850,PMID:1794986,PMID:1953646,PMID:2111707,PMID:3143362,PMID:39554,PMID:7213753,PMID:7575473,PMID:8985184,PMID:9020182,PMID:9054950"
GALASE18ly,0.4000315652596102,0,0.627288755057496,0.26881783371241763,"Beta-Galactosidase, Lysosomal",Keratan sulfate degradation,(5476.1 and 2720.1 and 2588.1 and 4758.1) or (5476.1 and 2720.1),NA,"PMID:11550799,PMID:1755850,PMID:1794986,PMID:1953646,PMID:2111707,PMID:3143362,PMID:39554,PMID:7213753,PMID:7575473,PMID:8985184,PMID:9020182,PMID:9054950"
GALASE1ly,0.6298804701801117,0,0.1892083335258609,0.04296615655187129,"Beta-Galactosidase, Lysosomal",N-glycan degradation,(5476.1 and 2720.1 and 2588.1 and 4758.1) or (5476.1 and 2720.1),NA,"PMID:11550799,PMID:1755850,PMID:1794986,PMID:1953646,PMID:2111707,PMID:3143362,PMID:39554,PMID:7213753,PMID:7575473,PMID:8985184,PMID:9020182,PMID:9054950"
GALASE20ly,0.3312976439883703,0,0.20513286947482556,0.10303693823290523,"Beta-Galactosidase, Lysosomal",Keratan sulfate degradation,(5476.1 and 2720.1 and 2588.1 and 4758.1) or (5476.1 and 2720.1),NA,"PMID:11550799,PMID:1755850,PMID:1794986,PMID:1953646,PMID:2111707,PMID:3143362,PMID:39554,PMID:7213753,PMID:7575473,PMID:8985184,PMID:9020182,PMID:9054950"
GALC,0.9551167173327766,0,13.46298280370608,0.30906741135488847,Galactocerebrosidase,Sphingolipid metabolism,2581.1,NA,PMID:7601472
GALGALGALTHCRMte,0.37043421994894427,0,0.12703104688536968,0.05835697836417821,Transport of Gal-Gal-Gal-Gal-Gal-Glc-Cer,"Transport, extracellular",NA,NA,PMID:8206147
GALGALGALTHCRMtg,-0.37043421994894427,0,-0.12703104688536968,-0.05835697836417821,Transport of Gal-Gal-Gal-Gal-Gal-Glc-Cer,"Transport, golgi apparatus",NA,NA,PMID:8206147
GALGLUSIDEtl,-0.7131635578395459,0,8.533249025143846,50.96580877149701,Transport of Galactosyl Glucosyl Ceramide,"Transport, lysosomal",NA,NA,NA
GALGT1,0.6432106306189388,0,0.5902926094510127,0.1281698912798529,"Beta-1, 4 N-Acetylgalactosaminyltransferase",Sphingolipid metabolism,2583.1,NA,"PMID:1601877,PMID:8702839"
GALGT4,0.3531416901810567,0,0.11393228783152967,0.05446439768672526,"Beta-1, 4 N-Acetylgalactosaminyltransferase",Sphingolipid metabolism,2583.1,NA,PMID:1601877
GALNACT1g,0.7198574462087656,0,1.114970732797659,0.18161432459240315,"UDPgal-Chondroitin Acetylgalactosaminyltransferase I, Golgi",Chondroitin synthesis,55790.1 or 55454.1,NA,"PMID:11788602,PMID:12163485,PMID:12446672,PMID:12512856"
GALNACT2g,0.8295897329398815,0,0.7023863869895403,0.06542114312914782,"Uridine Diphosphoacetylgalactosamine-Chondroitin Acetylgalactosaminyltransferase Ii, Golgi",Chondroitin synthesis,(79586.1 and 22856.1) or 337876.1 or 55454.1 or 55790.1,NA,"PMID:11514575,PMID:11788602,PMID:12163485,PMID:12446672,PMID:12512856,PMID:12716890,PMID:12761225,PMID:12907687"
GALNACT3g,0.6261171840832566,0,0.167908316355219,0.038606094781613504,"Uridine Diphosphoacetylgalactosamine-Chondroitin Acetylgalactosaminyltransferase Ii, Golgi",Chondroitin synthesis,(79586.1 and 22856.1) or 337876.1 or 55454.1 or 55790.1,NA,"PMID:11514575,PMID:11788602,PMID:12163485,PMID:12446672,PMID:12512856,PMID:12716890,PMID:12761225,PMID:12907687"
GALNACT4g,0.35968106558519186,0,0.051915715255677515,0.02444883312219308,"Uridine Diphosphoacetylgalactosamine-Chondroitin Acetylgalactosaminyltransferase Ii, Golgi",Chondroitin synthesis,(79586.1 and 22856.1) or 337876.1 or 55454.1 or 55790.1,NA,"PMID:11514575,PMID:11788602,PMID:12163485,PMID:12446672,PMID:12512856,PMID:12716890,PMID:12761225,PMID:12907687"
GALNACT5g,0.5678034715862179,0,0.19276031402114482,0.05313825364323275,"Uridine Diphosphoacetylgalactosamine-Chondroitin Acetylgalactosaminyltransferase Ii, Golgi",Chondroitin synthesis,(79586.1 and 22856.1) or 337876.1 or 55454.1 or 55790.1,NA,"PMID:11514575,PMID:11788602,PMID:12163485,PMID:12446672,PMID:12512856,PMID:12716890,PMID:12761225,PMID:12907687"
GALSIDEtg,-0.5392809186568435,0,0.46533425309106263,1.5547003924654068,Galactocerebroside Intracellular Transport,"Transport, golgi apparatus",NA,NA,NA
GALt1r,1.561417437611225,0.0011752821134123406,8.777895542247593,-1.9239595821380624,Galactose Transport (Uniport),"Transport, extracellular",29988.1 or 6513.1 or 6515.1 or 6514.1 or 81031.1,NA,"PMID:10421229,PMID:10821868,PMID:10860996,PMID:11247674,PMID:11592815,PMID:11882499,PMID:12135767,PMID:12750891,PMID:1701966,PMID:2182619,PMID:3103217,PMID:3170580,PMID:3399500,PMID:3839598,PMID:7926364,PMID:8504756,PMID:9230074,PMID:9770484"
GALT2g,0.7107434281675623,0,1.13453475529321,0.19182983756505417,"UDP-D-Galactose:Galactosylxylose Galactosyltransferase, Golgi Apparatus",Chondroitin synthesis,126792.1,NA,"PMID:11551958,PMID:12512856"
GALTg,0.7107434281675623,0,1.13453475529321,0.19182983756505417,"UDP-D-Galactose:D-Xylose Galactosyltransferase, Golgi Apparatus",Chondroitin synthesis,11285.1,NA,"PMID:10438455,PMID:1073568,PMID:12512856"
GAMt1r,0.3366899601939082,0,1.1245438177492935,0.5580360642543994,Glucosamine Transport (Uniport),"Transport, extracellular",6513.1 or 6517.1 or 6514.1,NA,"PMID:11882499,PMID:12135767,PMID:12750891,PMID:1701966,PMID:2182619,PMID:2656669,PMID:3103217,PMID:3399500,PMID:3839598,PMID:7926364,PMID:9770484"
GAO1g,0.4206685261496392,0,196.7442731493473,80.22993938223124,Ganglioside O-Acetylation,Sphingolipid metabolism,9197.1,NA,NA
GAO2,0.9084174220615325,0,10.350485823086943,0.49670693823884976,Ganglioside O-Acetylation,Sphingolipid metabolism,9197.1,NA,NA
GAO2g,0.5085096350401098,0,1.0122130409268129,0.32979103702513096,Ganglioside O-Acetylation,Sphingolipid metabolism,9197.1,NA,NA
GARFT,-0.34449922149750895,0,0.4993223867278146,1.0241613469407551,Phosphoribosylglycinamide Formyltransferase,Purine synthesis,2618.1 or 2618.2,NA,"PMID:12450384,PMID:2183217,PMID:9328467,PMID:9473452"
GASNASEly,0.6298804701801117,0,0.1892083335258609,0.04296615655187129,"Glycosylasparaginase, Lysosomal",N-glycan degradation,175.1,NA,NA
GBA,0.6254931014009559,0,221.95072328300475,51.136530168533326,Glucosylceramidase,Sphingolipid metabolism,2629.2 or 2629.3 or 2629.4 or 2629.5 or 2629.1,NA,PMID:15982918
GBGT1,0.33421618726783786,0,0.1834005884443177,0.09151825933233704,"Globoside Alpha-1, 3-N-Acetylgalactosaminyltransferase 1",Sphingolipid metabolism,26301.1,NA,PMID:10506200
GBSIDEtl,7.990004585344216,0,3.409756710716387,-2.6511905323909435,Globoside Intracellular Transport,"Transport, lysosomal",NA,NA,NA
GCALDDm,0.37772473258979467,0,12.081135912201553,5.456672078647086,"Glycolaldehyde Dehydrogenase, Mitochondrial",Glyoxylate and dicarboxylate metabolism,4329.1 or 7915.1 or 8659.1 or 5832.1 or 217.1 or 7915.2 or 219.1 or 8659.2,NA,"PMID:11434452,PMID:9038835"
GCHOLAt,-0.7151411007203321,0,-4.2670325042039154,-0.7086893211454153,Glycocholate Transport via Bicarbonate Antiport,"Transport, extracellular",6579.1 or 28234.1 or 10599.1,NA,"PMID:12507753,PMID:9007731,PMID:9334206"
GCHOLAte,1,0,NA,-28.474480277767032,Bile Acid Intracellular Transport,"Transport, extracellular",NA,NA,NA
GCHOLAtx,-0.6361882190975068,0,1.512558843442951,6.802503630294471,Bile Acid Intracellular Transport,"Transport, peroxisomal",NA,NA,NA
GD1B2te,0.7118415590290901,0,0.383865060095302,0.06461693646636558,Transport of Gd1Beta,"Transport, extracellular",NA,NA,NA
GD1B2tg,-0.7118415590290901,0,-0.383865060095302,-0.06461693646636558,Transport of Gd1Beta,"Transport, golgi apparatus",NA,NA,PMID:8206147
GD1Cte,0.4667229815841515,0,0.5422979631983442,0.19717086630431876,Transport of Gd1C,"Transport, extracellular",NA,NA,NA
GD1Ctg,-0.5292033783249079,0,-0.20642755027931745,-0.06355295487159132,Transport of Gd1C,"Transport, golgi apparatus",NA,NA,PMID:8206147
GFUCS,0.9393076969558041,0,100.08065255289078,3.1321101355580145,GDP-L-Fucose Synthase,Fructose and mannose metabolism,7264.1,NA,NA
GGH_5THFe,0.46192148299607727,0,53.05872505919933,19.52892848627046,"Gamma-Glutamyl Hydrolase (5Thf), Extracellular",Folate metabolism,8836.1,NA,"PMID:11375437,PMID:2867095,PMID:9614206"
GGH_5THFl,0.8801267224697434,0,2.6825108597411895,0.1710317527667914,"Gamma-Glutamyl Hydrolase (5Thf), Lysosomal",Folate metabolism,8836.1,NA,"PMID:11375437,PMID:2867095,PMID:9614206"
GGH_6THFe,0.46192148299607727,0,53.05872505919933,19.52892848627046,"Gamma-Glutamyl Hydrolase (6Thf), Extracellular",Folate metabolism,8836.1,NA,"PMID:11375437,PMID:2867095,PMID:9614206"
GGH_6THFl,0.8801267224697434,0,2.6825108597411895,0.1710317527667914,"Gamma-Glutamyl Hydrolase (6Thf), Lysosomal",Folate metabolism,8836.1,NA,"PMID:11375437,PMID:2867095,PMID:9614206"
GGH_7THFe,0.46192148299607727,0,53.05872505919933,19.52892848627046,"Gamma-Glutamyl Hydrolase (7Thf), Extracellular",Folate metabolism,8836.1,NA,"PMID:11375437,PMID:2867095,PMID:9614206"
GGH_7THFl,0.8801267224697434,0,2.6825108597411895,0.1710317527667914,"Gamma-Glutamyl Hydrolase (7Thf), Lysosomal",Folate metabolism,8836.1,NA,"PMID:11375437,PMID:2867095,PMID:9614206"
GGNG,0.9872840624977138,0,45.55712604655027,0.29150415812403746,Glycogenin Self-Glucosylation,Starch and sucrose metabolism,(8908.1 and 2998.1) or (2998.1 and 2992.1) or (2997.1 and 2992.1) or (8908.1 and 2997.1),NA,"PMID:15238248,PMID:8602861,PMID:9857012"
GGT_L,0.334854567485464,0,0.05002257523998995,0.02492577712504726,Geranylgeranyltransferase (Liver),N-glycan synthesis,NA,NA,NA
GGT5r,0.984428009057222,0,48.4171176622197,0.37993362030286043,Gamma-Glutamyltransferase 5,Eicosanoid metabolism,2687.1,NA,"PMID:18357468,PMID:18357469,PMID:6120203"
GGT6,-1,0,NA,654.0711858095169,Gamma-Glutamyltransferase,Eicosanoid metabolism,NA,NA,PMID:12729612
GHMT2rm,0.6830976424036695,0,153.08014165154697,28.8227233930856,"Glycine Hydroxymethyltransferase, Reversible, Mitochondrial","Glycine, serine, alanine, and threonine metabolism",6472.1 or 6470.1,NA,"PMID:8505317,PMID:8611185,PMID:9038835"
GLACO,0.6002142802760192,0,7.4525312666082755,1.8618853817955823,D-Glucuronolactone:NAD+ Oxidoreductase,Vitamin C metabolism,223.1 or 220.1 or 224.1 or 8854.2 or 218.1 or 8854.1 or 216.1 or 221.1 or 8854.3 or 222.1,NA,PMID:3779687
GLACter,-0.6002142802760192,0,-7.4525312666082755,-1.8618853817955823,"D-Glucurono-6, 3-Lactone Transport, Endoplasmic Reticulum","Transport, endoplasmic reticular",NA,NA,PMID:3779687
GLAl,0.9456478070367951,0,18.334569014671445,0.5121810994664622,"Galactosidase, Alpha",Sphingolipid metabolism,2717.1,NA,"PMID:11775551,PMID:11828341,PMID:15003450,PMID:2836863"
GLBRAN,0.9872840624977138,0,45.55712604655027,0.29150415812403746,"1, 4-Alpha-Glucan Branching Enzyme (Glygn1 -> Glygn2)",Starch and sucrose metabolism,2632.1,NA,PMID:8463281
GLCAASE5ly,-0.47059133634569345,0,1.8745953117372933,5.207250681479648,"Beta-Glucuronidase, Lysosomal",Chondroitin sulfate degradation,2990.1,NA,"PMID:3468507,PMID:3924735,PMID:3987656"
GLCAASE7ly,0.97509101043837,0,4.213454215855151,0.05313825364323275,"Beta-Glucuronidase, Lysosomal",Chondroitin sulfate degradation,2990.1,NA,"PMID:3468507,PMID:3924735,PMID:3987656"
GLCAE1g,0.3537593047679536,0,0.05638361161342109,0.02691570372991573,Chondroitin-Glucuronate 5-Epimerase,Chondroitin synthesis,NA,NA,PMID:12512856
GLCAT2g,0.8295897329398815,0,0.7023863869895403,0.06542114312914782,"Chondroitin Glucuronyltransferase Ii, Golgi Apparatus",Chondroitin synthesis,54480.1 or (79586.1 and 22856.1) or 337876.1,NA,"PMID:11514575,PMID:12145278,PMID:12512856,PMID:12716890,PMID:12761225,PMID:12907687"
GLCAT3g,0.6261171840832566,0,0.167908316355219,0.038606094781613504,"Chondroitin Glucuronyltransferase Ii, Golgi Apparatus",Chondroitin synthesis,54480.1 or (79586.1 and 22856.1) or 337876.1,NA,"PMID:11514575,PMID:12145278,PMID:12512856,PMID:12716890,PMID:12761225,PMID:12907687"
GLCAT4g,0.35968106558519186,0,0.051915715255677515,0.02444883312219308,"Chondroitin Glucuronyltransferase Ii, Golgi Apparatus",Chondroitin synthesis,54480.1 or (79586.1 and 22856.1) or 337876.1,NA,"PMID:11514575,PMID:12145278,PMID:12512856,PMID:12716890,PMID:12761225,PMID:12907687"
GLCAT5g,0.5678034715862179,0,0.19276031402114482,0.05313825364323275,"Chondroitin Glucuronyltransferase Ii, Golgi Apparatus",Chondroitin synthesis,54480.1 or (79586.1 and 22856.1) or 337876.1,NA,"PMID:11514575,PMID:12145278,PMID:12512856,PMID:12716890,PMID:12761225,PMID:12907687"
GLCATg,0.7107434281675623,0,1.13453475529321,0.19182983756505417,"UDP-D-Glucuronate:Galactosylgalactosylxylose Glucuronosyltransferase, Golgi Apparatus",Chondroitin synthesis,27087.2 or 135152.1 or 27087.1 or 26229.1,NA,"PMID:10783264,PMID:12512856,PMID:12522689,PMID:9506957"
GLCMter,1,0,20.098057273678087,NA,Glucose Transport via Membrane Vesicle,"Transport, extracellular",NA,NA,PMID:11882499
GLCt2_2,-0.5262899890418434,0,-786.5955435266495,-244.13328149886132,Transport of D-Glucose  via Proton Symport,"Transport, extracellular",6523.1,NA,"PMID:11024018,PMID:11034615,PMID:12748858,PMID:2490366,PMID:8063771"
GLDBRAN,0.9872840706929416,0,45.557125740623476,0.2915039670944214,Glycogen Debranching Enzyme,Starch and sucrose metabolism,178.4 or 178.5 or 178.1 or 178.3 or 178.2 or 178.6,NA,PMID:1374391
GLGNS1,0.9872840624977138,0,45.55712604655027,0.29150415812403746,Glycogen Synthase (Ggn -> Glygn1),Starch and sucrose metabolism,(8908.1 and 2997.1) or (2998.1 and 2992.1) or (2997.1 and 2992.1) or (8908.1 and 2998.1),NA,PMID:15238248
GLNALANaEx,-0.7754185675806217,0,6.543233855209657,51.72724545129836,L-Alanine/L-Glutamine Na-Dependent Exchange (Gln-L In),"Transport, extracellular",6510.1,NA,PMID:14530974
GLNASNNaEx,-0.5525768143589699,0,10.817375077788718,37.53673541512415,L-Glutamine/L-Asparagine Na-Dependent Exchange (Gln-L In),"Transport, extracellular",6510.1,NA,PMID:14530974
GLNCYSNaEx,0.39204817429506605,0,80.5211741961971,35.166164335708324,L-Cysteine/L-Glutamine Na-Dependent Exchange (Gln-L In),"Transport, extracellular",6510.1,NA,PMID:14530974
GLNtm,0.7989586732466948,0,100.99430018135905,11.286545046828687,L-Glutamine Transport via Electroneutral Transporter,"Transport, mitochondrial",NA,NA,NA
GLPASE1,0.7311044614049899,0,967.4719665222168,150.27914335246086,Glycogen Phosphorylase (Glygn2 -> Dxtrn),Starch and sucrose metabolism,5834.1 or 5837.1 or 5836.1,NA,PMID:3346228
GLPASE2,0.9872840624977138,0,45.55712604655027,0.29150415812403746,Glycogen Phosphorylase (Amyls -> Glc-D),Starch and sucrose metabolism,5834.1 or 5836.1 or 5837.1,NA,PMID:3346228
GLUDC,0.8991223067223375,0,23.283068502108613,1.2367514375481021,Glutamate Decarboxylase,Glutamate metabolism,2571.1 or 2572.1 or 2571.2,NA,"PMID:1924293,PMID:8088791"
GLUDxm,-12.056367632046815,0,-355.87107289314866,420.2450309119936,"Glutamate Dehydrogenase (NAD), Mitochondrial",Glutamate metabolism,2747.1 or 2746.1,NA,"PMID:12324473,PMID:3368458"
GLUDym,-5.60352424576172,0,-187.58688205037564,269.08395778450665,"Glutamate Dehydrogenase (NADP), Mitochondrial",Glutamate metabolism,2747.1 or 2746.1,NA,"PMID:12324473,PMID:3368458"
GLUNm,0.7702309159172693,0,83.69182150642276,10.862872747187316,"Glutaminase, Mitochondrial",Glutamate metabolism,2744.1 or 27165.2 or 27165.1,NA,"PMID:10719215,PMID:12579526"
GLUt6,-0.823547880374272,0,10.919782660512487,112.85070741548539,"Glutamate Transport via Na, H Symport And K Antiport","Transport, extracellular",6511.1 or 6505.1 or 6507.1 or 6506.1 or 6512.1,NA,PMID:14530974
GLUt7l,0.5119753283116527,0,20.81631223746203,6.718941609181837,"Glutamate Transport, Lysosomal","Transport, lysosomal",NA,NA,NA
GLUTCOADHm,1,0,2.7304965407819544,NA,"Glutaryl Coenzyme A Dehydrogenase, Mitochondrial",Tryptophan metabolism,2639.1 or 2639.2,NA,NA
GLUtr,-0.984428009057222,0,-48.4171176622197,-0.37993362030286043,Intracellular Transport,"Transport, endoplasmic reticular",NA,NA,NA
GLXO2p,-0.33256101909413727,0,1.4860177438831654,2.9668769368150154,"Glyoxylate Oxidase, Peroxisomal",Glyoxylate and dicarboxylate metabolism,54363.1 or 51179.2 or 51179.1,NA,"PMID:10777549,PMID:4705431,PMID:9038835"
GLYAMDTRc,-0.5241867963030044,0,-761.1254789161682,-237.60444154019356,"Glycine Amidinotransferase, Cytosolic",Urea cycle,2628.1,NA,PMID:8547310
GLYBt4_2_r,-0.77904200976632,0,-415.86539641804694,-51.65070959304329,Betaine Transport (Sodium Symport) (2:1),"Transport, extracellular",6539.1,NA,PMID:12719981
GLYCLTDy,0.8338019036039961,0,80.52222329205871,7.29775675464893,Glycolate Dehydrogenase (NADP),Glyoxylate and dicarboxylate metabolism,9380.1,NA,"PMID:1252411,PMID:15240345,PMID:2689175"
GLYC_St,-0.7029619506602446,0,72.04121300978363,413.0226578977585,Secretion of L-Glycerate,"Transport, extracellular",NA,NA,PMID:9604805
GLYOXm,-0.9484448184462936,0,23.190230033967364,876.437288872528,"Hydroxyacylglutathione Hydrolase, Mitochondrial",Pyruvate metabolism,3029.1,NA,"PMID:15117945,PMID:8550579"
GLYt4,-0.5049591092536949,3.5080521682579544e-5,4.077436668373644,12.39569411573857,Transport of Glycine  via Sodium Symport,"Transport, extracellular",81539.1 or 11254.1 or 54407.1 or 55089.1 or (340024.1 and 57393.1) or (340024.1 and 59272.1),NA,"PMID:10747860,PMID:10891391,PMID:10930503,PMID:11325958,PMID:11342143,PMID:11414754"
GLYt7_211_r,1.1602180077458566,3.667935141082573e-8,0.6538775238275528,-8.816224978113175,"Transport of Glycine   via Sodium And Chloride Symport (2:1:1), Reversible","Transport, extracellular",6536.1 or 6536.2,NA,PMID:12719981
GLYtp,-0.39619735442105647,0,390.7402782291412,903.5245981842041,"Transport of Glycine, Passive, Peroxisomal","Transport, peroxisomal",NA,NA,PMID:15240345
GLYVESSEC,0.8398107705582495,0,2.745958333208954,0.23908597368544926,Secretion of Glycine  via Secretory Vesicle (ATP Driven),"Transport, extracellular",140679.1,NA,"PMID:12750892,PMID:15383652"
GNDer,0.5802821790372364,0,40.07053755979836,10.642604803435452,"Phosphogluconate Dehydrogenase, Endoplasmic Reticulum",Pentose phosphate pathway,5226.1,NA,PMID:2156506
GP1CALPHAte,0.3531416901810567,0,0.11393228783152967,0.05446439768672526,Transport of Gp1C Alpha,"Transport, extracellular",NA,NA,PMID:8206147
GP1CALPHAtg,-0.3531416901810567,0,-0.11393228783152967,-0.05446439768672526,Transport of Gp1C Alpha,"Transport, golgi apparatus",NA,NA,PMID:8206147
GPIAT,0.5333741526726955,0,5.062722049724311,1.5406526594422758,Glucosaminylphosphatidyl Inositol Acetyltransferase,Phosphatidylinositol phosphate metabolism,284098.1,NA,PMID:14517336
GPIDA2er,0.4526593651371388,0,1.6004043624439845,0.6030087719117051,"Glycophosphatidylinositol (Gpi) Deacylase, Endoplasmic Reticulum",Phosphatidylinositol phosphate metabolism,80055.1,NA,PMID:14734546
GPIDAer,0.4065025391161698,0,1.3852666245724075,0.5845366086914204,"Glycophosphatidylinositol (Gpi) Deacylase, Endoplasmic Reticulum",Phosphatidylinositol phosphate metabolism,80055.1,NA,PMID:14734546
GPIMTer_U,0.5333741526726955,0,5.062722049724311,1.5406526594422758,"Glcn-Acylpi Mannosyltransferase, Endoplasmic Reticulum",Phosphatidylinositol phosphate metabolism,93183.1 and 54965.1,NA,"PMID:11226175,PMID:15635094"
GQ1Bte,-0.7782015199337565,0,-4.413281286335758,-0.550477024364782,Transport of Gq1B,"Transport, extracellular",NA,NA,PMID:8206147
GRTTx,0.38472838567852513,0,0.5041834986524686,0.2240221247274778,Geranyltranstransferase,Cholesterol metabolism,2224.1,NA,PMID:8188698
GSNt,-1.0689200444401616,0,-42.99437516134307,1.4322323643002692,Guanosine Faciliated Transport in Cytosol,"Transport, extracellular",3177.1 or 2030.1,NA,"PMID:10722669,PMID:12838422"
GSNtl,0.7181970200114192,0,3.1091475994115485,0.5099339880898489,Guanosine Faciliated Transport from Lysosome,"Transport, lysosomal",55315.1,NA,"PMID:12838422,PMID:15701636,PMID:2925670"
GT1Atg,-0.5447472047860871,0,-0.29864099951378825,-0.08801255595277543,Transport of Gt1A,"Transport, golgi apparatus",NA,NA,PMID:8206147
GTHO,0.4499343980581943,0,357.78545026788714,135.73405067925452,Glutathione Oxidoreductase,Glutamate metabolism,2936.1,NA,PMID:10708558
GTHOm,0.44973549911972577,0,34.36291027612686,13.04285484032631,Glutathione Oxidoreductase,Glutamate metabolism,2936.1,NA,"PMID:10708558,PMID:15149466"
GTHPe,0.9863427206752347,0,13.780537016330195,0.09474933067608354,"Glutathione Peroxidase, Extracellular",Glutathione metabolism,2878.1 or 257202.1 or 2882.1 or 2877.1 or 2876.1,NA,PMID:3619451
GTHPm,0.6993912041416177,0,14.85033513643982,2.6269062429998216,"Glutathione Peroxidase, Mitochondria",Glutathione metabolism,10935.1 or 10935.2 or 2879.1 or 2876.1,NA,PMID:12427732
GTHRDtr,0.970796429811198,0,51.55497286669463,0.7639496631514281,Glutathione Transport via Diffusion,"Transport, endoplasmic reticular",NA,NA,NA
GTHS,-0.4865877718891299,0,0.5833264449232035,1.689024749630876,Glutathione Synthetase,Glutathione metabolism,2937.1,NA,NA
GUAD,0.9547290264221654,0,88.38668209186196,2.047010657501221,Guanine Deaminase,Purine catabolism,9615.1,NA,PMID:10075721
GULN3D,-1,0,-951.0358530212402,NA,L-Gulonate 3-Dehydrogenase,Pentose phosphate pathway,NA,NA,PMID:6821187
H2ETer,0.4720318124361206,0,1.0929270174874575,0.3919960775898584,"H2 Phosphoethanolaminyl Transferase, Endoplasmic Reticulum",Phosphatidylinositol phosphate metabolism,23556.1 or 23556.2,NA,PMID:10574991
H2MTer_U,0.5511702881926929,0,3.9697950363319365,1.1486565824870951,"H2 Mannosyltransferase, Endoplasmic Reticulum",Phosphatidylinositol phosphate metabolism,55650.1,NA,PMID:15623507
H2O2t,0.5357121120594844,0,66.95521055588573,20.242396378521622,Hydrogen Peroxide Transport via Diffusion,"Transport, extracellular",NA,NA,PMID:2989289
H2Otly,1.6367252035266102,8.456547844621276e-8,31.17606549040228,-7.528500360213964,"H2O Transport, Lysosomal","Transport, lysosomal",NA,NA,NA
H2Otn,-0.9411576776145278,0,18.566022650072163,612.4771414333344,"H2O Transport, Nuclear","Transport, nuclear",NA,NA,NA
H3ETer,0.7773996884677721,0,2.224231128083388,0.27856117295590394,"H3 Phosphoethanolaminyl Transferase, Endoplasmic Reticulum",Phosphatidylinositol phosphate metabolism,23556.1 or 23556.2,NA,PMID:10574991
H3MTer_U,0.33470279829995425,0,1.7455639020693023,0.8700954106895719,"H3 Mannosyltransferase, Endoplasmic Reticulum",Phosphatidylinositol phosphate metabolism,9488.1,NA,PMID:8861954
H4ETer,0.5515760495121852,0,0.6277039058553185,0.1814139018765917,"H4 Phosphoethanolaminyl Transferase, Endoplasmic Reticulum",Phosphatidylinositol phosphate metabolism,23556.1 or 23556.2,NA,PMID:10574991
H5MTer_U,0.4720318124361206,0,1.0929270174874575,0.3919960775898584,"H5 Mannosyltransferase, Endoplasmic Reticulum",Phosphatidylinositol phosphate metabolism,55650.1,NA,PMID:15623507
H6ET3er,0.578426356773963,0,1.8678109935853922,0.49886387289730194,"H6 Phosphoethanolaminyl Transferase, Endoplasmic Reticulum",Phosphatidylinositol phosphate metabolism,(84720.2 and 5281.1) or (84720.1 and 5281.2) or (5281.1 and 84720.1) or (84720.2 and 5281.2),NA,"PMID:10781593,PMID:8463218"
H6MTer_U,0.709395660921742,0,2.077051062089321,0.3531072793321514,"H6 Mannosyltransferase, Endoplasmic Reticulum",Phosphatidylinositol phosphate metabolism,80235.1,NA,PMID:15208306
H7ET2er,0.5556342604105505,0,0.9081684552730585,0.259417626346643,"H7 Phosphoethanolaminyl Transferase, Endoplasmic Reticulum",Phosphatidylinositol phosphate metabolism,(5281.1 and 54872.1) or (5281.2 and 54872.1),NA,PMID:15632136
H7_TAer,0.4526593651371388,0,1.6004043624439845,0.6030087719117051,"H7' Transamidase, Endoplasmic Reticulum",Phosphatidylinositol phosphate metabolism,10026.1 and 8733.1 and 128869.1 and 94005.1 and 51604.1,NA,"PMID:10727241,PMID:11483512,PMID:12802054,PMID:15632136,PMID:9356492,PMID:9468317"
H8TAer,0.4065025391161698,0,1.3852666245724075,0.5845366086914204,"H8 Transamidase, Endoplasmic Reticulum",Phosphatidylinositol phosphate metabolism,10026.1 and 8733.1 and 128869.1 and 94005.1 and 51604.1,NA,"PMID:10727241,PMID:11483512,PMID:12802054,PMID:15632136,PMID:9356492,PMID:9468317"
HACD9m,-0.962831840631855,0,-261.51550707688517,-4.952054395625624,"3-Hydroxyacyl Coenzyme A Dehydrogenase (2-Methylacetoacetyl Coenzyme A), Mitochondrial","Valine, leucine, and isoleucine metabolism",3028.1 or 1962.1 or 3033.1,NA,PMID:12872843
HCO3_CLt,-0.5993921732840826,0,49.13903824517727,196.1833691975668,Bicarbonate Transport (Cl-/Hco3- Exchange),"Transport, extracellular",6522.1 or 83697.1 or 6521.1 or 6508.2 or 6508.1,NA,"PMID:11302728,PMID:12027221,PMID:14722772"
HCOUMARINte,-0.5925572731988538,0,-4.487732109691692,-1.1481494817784987,Transport of Xenobiotic,"Transport, extracellular",NA,NA,NA
HDCEAtr,-1.0611625334717292,0,-8.629463156948704,0.25606900019229795,Fatty Acid Transport via Diffusion,"Transport, extracellular",11001.1,NA,"PMID:11788354,PMID:12864740"
HEX10,0.3543579544974401,0,0.6645462115952687,0.31679880046524084,Hexokinase (D-Glucosamine:ATP),Aminosugar metabolism,2645.1 or 3099.1 or 3098.3 or 2645.2 or 80201.1 or 3098.2 or 2645.3 or 3098.1 or 3098.4 or 3101.1 or 3098.5,NA,NA
HEXCCOAtx,0.4059286528291347,0,1.6778976241435855,0.7089910999281099,Fatty Acid Intracellular Transport,"Transport, peroxisomal",NA,NA,NA
HGNTOR,0.6748440914103906,0,5.964890489575468,1.1580298110865692,"Homogentisate:Oxygen 1, 2-Oxidoreductase (Decyclizing)",Tyrosine metabolism,3081.1,NA,NA
HIBDm,-0.8868210410524391,0,38.35544116675407,639.4285130844116,"3-Hydroxyisobutyrate Dehydrogenase, Mitochondrial","Valine, leucine, and isoleucine metabolism",11112.1,NA,PMID:7527207
HISDC,0.41916651453690335,0,37.93169381988346,15.52460384686522,Histidine Decarboxylase,Histidine metabolism,1644.1 or 3067.1,NA,PMID:14466899
HISt4,-0.4251784852767912,0,0.07649846472935751,0.189665771542117,L-Histidine Transport in via Sodium Symport,"Transport, extracellular",11254.1 or 54407.1,NA,"PMID:10747860,PMID:10930503"
HISTAtu,0.34347783976506435,0,131.96686849420965,64.48872546971738,Histamine Uniport,"Transport, extracellular",6581.1 or 6582.2 or 6582.1 or 6584.1,NA,PMID:12883891
HISTAVESSEC,-0.8012006383881398,0,0.3281187697460323,2.9728854898819015,Histamine Secretion via Secretory Vesicle (ATP Driven),"Transport, extracellular",6570.1 or 6571.1,NA,"PMID:12827358,PMID:15383652"
HIStN1,1.0081699348814108,0.0013102977372916812,14.591207556152344,-0.05936211547851562,"Histidine Transport (Na, H Coupled)","Transport, extracellular",10991.1,NA,"PMID:10823827,PMID:12845534"
HKYNH,1,0,60.98093275220543,NA,3-Hydroxy-L-Kynurenine Hydrolase,Tryptophan metabolism,8942.1,NA,PMID:9180257
HMGCOASim,0.3945232833924213,0,345.2958281320095,149.92118580269815,Hydroxymethylglutaryl Coenzyme A Synthase (Ir),Cholesterol metabolism,3158.1,NA,PMID:7893153
HMGCOAtx,1,0,234.45349816909282,NA,Hydroxymethylglutaryl Coenzyme A Reversible Peroxisomal Transport,"Transport, peroxisomal",NA,NA,PMID:14713247
HOMt4,0.9192501817288624,0,3.396634940995276,0.14290875511169435,L-Homoserine via Sodium Symport,"Transport, extracellular",6541.1 or 84889.1 or 6542.1,NA,"PMID:11591158,PMID:11891586,PMID:12049641,PMID:1348489,PMID:14770310,PMID:7534987,PMID:8954799"
HOXG,0.6786545190848696,0,0.8052469715539344,0.15414873780610774,Heme Oxygenase 1,Heme degradation,3162.1 or 3163.1,NA,PMID:16356137
HPDCACRNCPT1,-0.5920055116532134,0,-0.47718610390051475,-0.12229185067639155,Carnitine Fatty-Acyl Transferase,Fatty acid oxidation,1375.2 or 1375.3 or 1374.1 or 126129.1 or 1375.1,NA,PMID:1988962
HPDCACRNCPT2,-0.5920055116527064,0,-0.47718610389977,-0.12229185067639155,Carnitine Fatty-Acyl Transferase,Fatty acid oxidation,1376.1,NA,"PMID:11274214,PMID:1528846,PMID:1988962"
HPDCACRNt,-1,0,NA,11.599112643537111,Heptadecanoate Transport into the Mitochondria,Fatty acid oxidation,788.1,NA,PMID:14598172
HPYRDCm,0.37772473258979467,0,12.081135912201553,5.456672078647086,"Hydroxypyruvate Decarboxylase, Mitochondria",Glyoxylate and dicarboxylate metabolism,NA,NA,PMID:3778681
HPYRR2x,-0.7029619506602446,0,36.020606504891816,206.51132894887925,Hydroxypyruvate Reductase (NADH),Glyoxylate and dicarboxylate metabolism,3948.1 or 197257.1 or 3945.1 or 160287.1 or (3945.1 and 3939.1) or 92483.1 or 3939.1 or 197257.2 or 3948.2,NA,"PMID:14635115,PMID:5635456"
HPYRRy,0.9954369792676485,0,789.9587274330139,1.8064203923401665,Hydroxypyruvate Reductase (NADPH),Glyoxylate and dicarboxylate metabolism,9380.1,NA,"PMID:2689175,PMID:9038835"
HSD17B2r,-0.584234603624097,0,57.122935133975744,217.66152567925454,17-Beta-Hydroxysteroid Dehydrogenase,Steroid metabolism,3294.1,NA,PMID:8099587
HSD17B4x,0.7499788139882954,0,3.895663736797229,0.5565772911027634,Hydroxysteroid (17-Beta) Dehydrogenase 4,Bile acid synthesis,3295.1,NA,NA
HSD17B9r,0.9120643502215486,0,54.246235585552455,2.4947789930280297,17-Beta-Hydroxysteroid Dehydrogenase (Type 7),Steroid metabolism,51478.1,NA,PMID:14643063
HSD3A1r,0.3969527761508915,0,145.55399739283678,62.833859201557935,3 Alpha-Hydroxysteroid Dehydrogenase (Type 3),Steroid metabolism,1109.1,NA,"PMID:14643063,PMID:7650035"
HSD3B11,0.3805078838325435,0,3.459378364645291,1.5523689859622565,3 Beta-Hydroxysteroid Dehydrogenase/Delta 5->4-Isomerase Type I,Steroid metabolism,3283.1,NA,PMID:16023337
HSD3B12r,-0.7460671584156661,0,83.48273178915977,574.0354629295349,3 Beta-Hydroxysteroid Dehydrogenase/Delta 5->4-Isomerase Type I,Steroid metabolism,3284.1,NA,PMID:12832414
HSD3B13,0.8378463740878626,0,2.248419737380114,0.19837861212395946,3 Beta-Hydroxysteroid Dehydrogenase/Delta 5->4-Isomerase Type I,Steroid metabolism,3283.1,NA,PMID:12205101
HSD3B13r,0.6643908138540013,0,1.6769563001872447,0.33814290154909177,3 Beta-Hydroxysteroid Dehydrogenase/Delta 5->4-Isomerase Type I,Steroid metabolism,3284.1,NA,PMID:12205101
HSD3B2r,0.9305001142713348,0,30.17743203368783,1.086416966474771,3 Beta-Hydroxysteroid Dehydrogenase Type 1,Steroid metabolism,3284.1,NA,"PMID:11384872,PMID:14643063"
HSD3B3r,0.8894412313336082,0,24.06880356696993,1.4083620286825504,3 Beta-Hydroxysteroid Dehydrogenase Type 1,Steroid metabolism,3284.1,NA,"PMID:11384872,PMID:14643063"
ICDHxm,1,9.967030935119678e-8,5.161279647922516,0,Isocitrate Dehydrogenase (NAD+),Citric acid cycle,(3421.2 and 3420.3 and 3419.1) or (3420.1 and 3421.1 and 3419.1) or (3420.1 and 3421.1 and 3419.1) or (3420.3 and 3421.1 and 3419.1) or (3421.1 and 3419.1 and 3420.2) or (3421.2 and 3419.1 and 3420.2),NA,"PMID:10601238,PMID:14555658"
ICDHy,0.8111611397945189,0,55.796669352680446,5.817582550947224,Isocitrate Dehydrogenase (NADP),Citric acid cycle,3417.1,NA,PMID:10521434
ICDHyp,0.6882308296758697,0,7.666385172790592,1.4157676205717857,Isocitrate Dehydrogenase (NADP+),Citric acid cycle,3417.1,NA,PMID:10521434
ICDHyrm,0.8646519488059577,0,-71.80926373007,-989.2959845031738,Isocitrate Dehydrogenase (NADP+),Citric acid cycle,3418.1,NA,"PMID:12234803,PMID:8187868"
IDHPOXOX2b,0.6626132591135308,0,24.728994663698018,5.018145301831886,Iodide:Hydrogen-Peroxide Oxidoreductase 2,Tyrosine metabolism,7173.4 or 7173.1 or 7173.3 or 7173.2 or 7173.5,NA,PMID:2997169
IDHPOXOX3,0.8746053374018407,0,58.9526616394043,3.943416231697161,Iodide:Hydrogen-Peroxide Oxidoreductase 3,Tyrosine metabolism,7173.4 or 7173.1 or 7173.3 or 7173.2 or 7173.5,NA,"PMID:2997169,PMID:3153466,PMID:3475693"
IDHPOXOX4,0.9547382964417935,0,23.207412845572083,0.5373645374837382,Iodide:Hydrogen-Peroxide Oxidoreductase 4,Tyrosine metabolism,7173.4 or 7173.1 or 7173.3 or 7173.2 or 7173.5,NA,"PMID:2997169,PMID:3153466,PMID:3475693"
IDHPOXOXb,0.5687454734703262,0,32.59886725526489,8.961561516077817,Iodide:Hydrogen-Peroxide Oxidoreductase,Tyrosine metabolism,7173.4 or 7173.1 or 7173.3 or 7173.2 or 7173.5,NA,"PMID:2997169,PMID:3153466,PMID:3475693"
IDPtn,-0.6584375838592755,0,186.43867990649343,905.2427879379094,"Transport of IDP, Nuclear","Transport, nuclear",NA,NA,NA
ILEt4,0.7020467588438261,0.0026084108157850084,0.4449438489675522,0.07789002343416214,Transport of L-Isoleucine  via Sodium Symport,"Transport, extracellular",11254.1 or (340024.1 and 57393.1) or (340024.1 and 59272.1),NA,"PMID:11133652,PMID:12719981"
ILEt5m,3.9339396076852373,0,105.96533701746351,-63.011695326183364,"Transport of Isoleucine, Mitochondrial","Transport, mitochondrial",NA,NA,PMID:11004451
ILETAm,3.9339396076852373,0,105.96533701746351,-63.011695326183364,"Isoleucine Transaminase, Mitochondrial","Valine, leucine, and isoleucine metabolism",587.1,NA,"PMID:6933702,PMID:9165094"
INOSTO,-0.5936914533535315,0,2.3805757092869477,9.33749288137108,Inositol Oxygenase,Inositol phosphate metabolism,55586.1,NA,PMID:15504367
INSt,1.6800470314447404,0,20.782850418424605,-5.273532727666665,Transport of Inosine (Diffusion),"Transport, extracellular",3177.1 or 2030.1,NA,"PMID:10722669,PMID:12838422"
INSTt2r,-0.9999998739780988,0,8.218877017498016e-6,130.4356848499775,Transport of Inositol via Proton Symport,"Transport, extracellular",114134.1,NA,"PMID:11500374,PMID:12750891"
INSTt4,-1.13674197959267,0,-0.34866479069292544,5.448266123532131,Transport of Inositol via Sodium Symport,"Transport, extracellular",6526.1,NA,"PMID:12748858,PMID:1372904,PMID:15546855,PMID:7537337,PMID:7789985"
IPDDIx,0.38472838567852513,0,0.5041834986524686,0.2240221247274778,Isopentenyl-Diphosphate D-Isomerase,Cholesterol metabolism,3422.1 or 91734.1,NA,PMID:11111079
IPDPtx,0.5455876430253133,0,1.1176177717429077,0.32858655938812686,"Isopentenyl Diphosphate Transport, Peroxisomal","Transport, peroxisomal",NA,NA,PMID:11111079
ITCOAL1m,-0.749227913618702,0,-563.8074047819138,-80.8283232354164,"Itaconate- Coenzyme A Ligase (GDP-Forming), Mitochondrial",C5-branched dibasic acid metabolism,8802.1 and 8801.1,NA,PMID:13783048
ITCOALm,0.7421782087724323,0,564.5854914011956,83.55198220319748,"Itaconate- Coenzyme A Ligase (ADP-Forming), Mitochondrial",C5-branched dibasic acid metabolism,8802.1 and 8803.1,NA,PMID:13783048
ITPtn,0.6584375838592755,0,-186.43867990649343,-905.2427879379094,"Transport of ITP, Nuclear","Transport, nuclear",NA,NA,NA
KAS8,-0.4003818631164596,0,0.10182666901402394,0.23781171998887912,"B-Ketoacyl Synthetase (Palmitate, N-C16:0)",Fatty acid synthesis,(2194.1) or (2194.1 and 79071.1) and (60481.1) and (54898.1),NA,"PMID:11756679,PMID:15507492,PMID:2669958"
KCC2t,-1.0054055569845342,0,-117.51736083849073,0.3167672436490655,K+-Cl- Symporter (NH4+),"Transport, extracellular",6560.1 or 10723.1 or 9990.1,NA,"PMID:10187864,PMID:10347194,PMID:10600773,PMID:121106695,PMID:12657561,PMID:8663127"
KDNH,0.4010821906037291,0,1.3446703436317253,0.574803549691127,2-Keto-3Deoxy-D-Glycero-D-Galactononic Acid Phosphohydrolase,Aminosugar metabolism,NA,NA,NA
KHK,0.8200537761206447,0,3.9084533031346074,0.3864234245907499,Ketohexokinase,Fructose and mannose metabolism,3795.1 or 3795.2,NA,NA
KHK2,0.39682666922344834,0,1.8428390681501279,0.7957690122277127,Ketohexokinase (D-Xylulose),Glyoxylate and dicarboxylate metabolism,3795.1 or 3795.2,NA,"PMID:2996495,PMID:6284103,PMID:6298387"
KHK3,0.38022111767792494,0,0.7258259390713884,0.32592718914115953,Ketohexokinase (D-Tagatose),Galactose metabolism,3795.1 or 3795.2,NA,"PMID:2996495,PMID:6284103,PMID:6298387"
KSII_CORE2tly,0.4360587704763466,0,0.42215588535795107,0.16578089555515907,"Keratan Sulfate Ii (Core 2) Transport, Extracellular to Lysosome","Transport, lysosomal",NA,NA,NA
KSII_CORE4tly,0.3312976439883703,0,0.20513286947482556,0.10303693823290523,"Keratan Sulfate Ii (Core 4) Transport, Extracellular to Lysosome","Transport, lysosomal",NA,NA,NA
KYN,1,0,17.5007541990095,NA,Kynureninase,Tryptophan metabolism,8942.1,NA,PMID:9180257
LACZe,0.6132364915512174,0,5.207860768929869,1.248552529683552,"B-Galactosidase, Extracellular",Galactose metabolism,3938.1 or 2720.1,NA,PMID:5774109
LALDO,-1.0200178781398752,0,-4.62714511398375,466.92840218544006,D-Lactaldehyde:NAD+ Oxidoreductase (Glutathione-Formylating),Pyruvate metabolism,128.1,NA,NA
LCADi_D,-0.774996681052928,0,5.1242809985210185,40.42421155261695,Lactaldehyde Dehydrogenase,Pyruvate metabolism,218.1 or 223.1 or 8854.2 or 224.1 or 222.1 or 8854.1 or 221.1 or 216.1 or 8854.3 or 501.1 or 220.1,NA,"PMID:15987839,PMID:2296157,PMID:6487654"
LDH_Lm,0.6171016303529464,0,28.89023888120465,6.840649442615919,L-Lactate Dehydrogenase,Pyruvate metabolism,3939.1 or 3945.1 or 197257.1,NA,"PMID:15987839,PMID:9927705"
LEUKTRA4t,-0.9979339962043595,0,-463.0509047669053,-0.47882709270707563,Transport of Leukotriene A4,"Transport, extracellular",387775.1,NA,"PMID:15987839,PMID:9927705"
LEUKTRA4tr,0.984428009057222,0,48.4171176622197,0.37993362030286043,Transport of Leukotriene Intracellular,"Transport, endoplasmic reticular",NA,NA,NA
LEUKTRB4t,0.5625612488563289,0,-108.32898375997432,-386.9585666765213,Transport of Leukotriene B4,"Transport, extracellular",387775.1,NA,NA
LEUKTRB4tr,-1,0,-1.5689276226496054,NA,"Transport of Leukotriene B4, Endoplasmatic Reticulum","Transport, endoplasmic reticular",NA,NA,NA
LEUKTRC4t,-0.9666324499979042,0,-501.5493179403305,-8.509710060417651,Transport of Leukotriene C4 via Bicarbonate Antiport,"Transport, extracellular",10599.1 or 28234.1,NA,"PMID:10358072,PMID:12507753,PMID:9334206"
LEUKTRD4tr,-0.984428009057222,0,-48.4171176622197,-0.37993362030286043,"Transport of Leukotriene D4, Endoplasmatic Reticulum","Transport, endoplasmic reticular",NA,NA,NA
LEUKTRE4t,-0.8921121850737825,0,7.85028240926122,137.67648379005195,Transport of Leukotriene E4,"Transport, extracellular",387775.1,NA,NA
LEUKTRF4t,0.9999999932512449,0,402.28801739071605,1.3574716402217746e-6,Transport of Leukotriene F4,"Transport, extracellular",387775.1,NA,NA
LEUt4,0.996236730481047,8.551073956169359e-16,6.450262165176869,0.012159918022155762,Transport of L-Leucine via Sodium Symport,"Transport, extracellular",81539.1 or 84889.1 or 6520.1 or 6542.1 or 6541.1 or 11254.1 or 55089.1 or (340024.1 and 57393.1) or (340024.1 and 59272.1),NA,"PMID:10391915,PMID:10891391,PMID:11325958,PMID:11342143,PMID:11414754,PMID:11591158,PMID:11891586,PMID:12049641,PMID:1348489,PMID:1376926,PMID:14770310,PMID:7534987,PMID:8954799"
LFORKYNHYD,-0.45525799366628894,0,0.8059764798829158,2.153136166147071,L-Formylkynurenine Hydrolase,Tryptophan metabolism,8942.1,NA,NA
LIMNENte,0.6588354848906453,0,10.679776752933952,2.19645702697942,Transport of Xenobiotic,"Transport, extracellular",NA,NA,NA
LINKDEG3ly,-0.3646286496223178,0,3.839993880825583,8.247406278287619,"Degradation of Proteoglycan Linkage Region, Lysosomal",Chondroitin sulfate degradation,NA,NA,PMID:8993162
LINKDEG4ly,0.97509101043837,0,4.213454215855151,0.05313825364323275,"Degradation of Proteoglycan Linkage Region, Lysosomal",Chondroitin sulfate degradation,NA,NA,PMID:8993162
LIPOti,0.7330826126116365,0,1.3798940343158146,0.2125217273730168,Transport of Lipoate  via Sodium Symport,"Transport, extracellular",8884.1,NA,"PMID:10329687,PMID:10334869,PMID:12646417,PMID:15561972,PMID:9516450"
L_LACtm,0.7347862135117318,0,27.429322429763523,4.193389597948852,"Transport of L-Lactate, Mitochondrial","Transport, mitochondrial",6566.1,NA,NA
LNELDCCPT1,0.5791353219137882,0,14.82299494597171,3.9505639001535253,Carnitine O-Palmitoyltransferase,Fatty acid oxidation,1375.1 or 1375.3 or 1375.4 or 126129.1 or 1374.1 or 1375.2,NA,NA
LNELDCCPT2,0.6482033885338913,0,18.508799103313684,3.9505639001535253,Carnitine Transferase,Fatty acid oxidation,1376.1,NA,NA
LNELDCt,0.5218778633230383,0,0.6096356502431793,0.19152673595781672,Fatty Acid Transport via Diffusion,"Transport, extracellular",NA,NA,"PMID:11788354,PMID:12864740"
LNLCCPT1,0.40752003173613,0,-408.14991497466565,-969.6178977352142,Carnitine O-Palmitoyltransferase,Fatty acid oxidation,1375.1 or 1375.3 or 1375.4 or 126129.1 or 1374.1 or 1375.2,NA,NA
LNLCCPT2,0.4553399555967986,0,33.91329136455655,12.69202752899304,Carnitine Transferase,Fatty acid oxidation,1376.1,NA,NA
LNLNCACPT1,0.7866009550143764,0,33.075969997405444,3.950731353640556,Carnitine O-Palmitoyltransferase,Fatty acid oxidation,1375.1 or 1375.3 or 1375.4 or 126129.1 or 1374.1 or 1375.2,NA,NA
LNLNCACPT2,0.7866009550143764,0,33.075969997405444,3.950731353640556,Carnitine Transferase,Fatty acid oxidation,1376.1,NA,NA
LNLNCACRNt,0.7866009550143764,0,33.075969997405444,3.950731353640556,Transport into the Mitochondria (Carnitine),Fatty acid oxidation,788.1,NA,NA
LNLNCAt,-1.0762206240758432,0,-7.1877278069108845,0.2638703675212251,Fatty Acid Transport via Diffusion,"Transport, extracellular",10998.1,NA,"PMID:11788354,PMID:12864740"
LNLNCGCPT2,0.4255735916641664,0,21.144319255644085,8.519977809456456,Carnitine Transferase,Fatty acid oxidation,1376.1,NA,NA
LNLNCGCRNt,-1,0,NA,59.378315094158054,Transport into the Mitochondria (Carnitine),Fatty acid oxidation,788.1,NA,NA
LNS14DM,0.8177682062768746,0,0.1095544766110237,0.010982868285564109,Cytochrome P450 Lanosterol 14-Alpha-Demethylase (NADP),Cholesterol metabolism,11283.1,NA,PMID:10405341
LPS,0.6146437527529881,0,1.4561872897407273,0.34753850086529275,Lipase,Triacylglycerol synthesis,4023.1 or 3990.1 or 1056.1 or 80339.1,NA,PMID:1969408
LPS2e,0.5928357480343551,0,351.5816816643476,89.87209923957586,"Lipase, Extracellular",Fatty acid oxidation,3990.1,NA,PMID:14630921
LPS3,0.6370997502497937,0,36.52999662833512,8.097701375725121,Lipase,Triacylglycerol synthesis,11343.1 or 11343.2,NA,PMID:9495531
LPS3e,0.6010784667934965,0,312.29937170381544,77.81189164889454,"Lipase, Extracellular",Fatty acid oxidation,3990.1,NA,PMID:14630921
LSTO1r,0.987524952411478,0,5.976404690793203,0.03751194813199836,Lathosterol Oxidase,Cholesterol metabolism,6309.1,NA,PMID:10344195
LSTO2r,0.9939954458008061,0,57.25365008910596,0.17240894194903397,Lathosterol Oxidase,Cholesterol metabolism,6309.1 or 1581.1,NA,PMID:10344195
LTA4H,-0.6289977443366064,0,177.69656857053042,780.2305914829254,Leukotriene A-4 Hydrolase,Eicosanoid metabolism,4048.1,NA,PMID:7918238
LTC4Sr,0.984428009057222,0,48.4171176622197,0.37993362030286043,Leukotriene C4 Synthase,Eicosanoid metabolism,4056.1 or 4259.1 or 4056.2 or 4258.1,NA,PMID:11160764
LTDCL,-0.8001150055733914,0,3.921929524864977,35.31993088707291,L-Tryptophan Decarboxy-Lyase,Tryptophan metabolism,1644.1,NA,PMID:9924972
LYSt4,0.5221992278330873,0,96.60759146453366,30.32400815539062,Transport of L-Lysine  via Sodium Symport,"Transport, extracellular",11254.1 or 6584.1,NA,"PMID:11133652,PMID:12719981"
LYStm,0.6120309064390975,0,20.581887802088424,4.953463561059907,"Transport of Lysine  via Ornithine Carrier, Mitochondrial","Transport, mitochondrial",83884.1 or 10166.1,NA,PMID:14598172
LYStn,-0.41899689280617336,0,-0.5598308870846231,-0.22922071679523506,"Transport of L-Lysine, Nuclear","Transport, nuclear",NA,NA,NA
M4BTAer,0.709395660921742,0,2.077051062089321,0.3531072793321514,"M4B Transamidase, Endoplasmic Reticulum",Phosphatidylinositol phosphate metabolism,10026.1 and 128869.1 and 8733.1 and 94005.1 and 51604.1,NA,"PMID:10727241,PMID:11483512,PMID:12802054,PMID:15208306,PMID:9356492,PMID:9468317"
M4CET3er,0.709395660921742,0,2.077051062089321,0.3531072793321514,"M4C Phosphoethanolaminyl Transferase, Endoplasmic Reticulum",Phosphatidylinositol phosphate metabolism,(84720.2 and 5281.2) or (5281.1 and 84720.1) or (84720.1 and 5281.2) or (84720.2 and 5281.1),NA,"PMID:15208306,PMID:15632136"
MACACI,0.6748440914103906,0,5.964890489575468,1.1580298110865692,Maleylacetoacetate Isomerase,Tyrosine metabolism,2954.1 or 2954.3 or 2954.2,NA,PMID:10373324
MACOXO,-0.7006895988176716,2.359990291402241e-10,7.525697176299112,42.76120997140635,3-Methylimidazole Acetaldehyde:NAD+ Oxidoreductase,Histidine metabolism,218.1 or 221.1 or 4129.1 or 222.1 or 220.1,NA,PMID:10344773
MAGt,0.6428718620346497,0,39.282309835790095,8.539204116174579,Monoacylglycerol 2 Transport,"Transport, extracellular",NA,NA,PMID:10344773
MALTSULtm,1,0,NA,-148.7006584700227,"Malate:Thiosulfate Antiport, Mitochondrial","Transport, mitochondrial",1468.1,NA,"PMID:14598172,PMID:4441366"
MANt1r,1,0,0.1510440313637257,0,Mannose Transport (Uniport),"Transport, extracellular",6513.1 or 6515.1 or 6514.1,NA,"PMID:11882499,PMID:12135767,PMID:12750891,PMID:1701966,PMID:2182619,PMID:3103217,PMID:3399500,PMID:3839598,PMID:7926364,PMID:9770484"
MCDp,0.4909538468911546,0,1.5818405596342129,0.5400769805130822,Malonyl Coenzyme A Decarboxylase Peroxisomal,Fatty acid oxidation,23417.1,NA,"PMID:12123667,PMID:12955715"
MCLACCYSR,0.7683532014187466,0,600.7145420883179,78.69106716029346,3-Mercaptolactate:Cysteine Reductase,Methionine and cysteine metabolism,NA,NA,PMID:6945862
MCLOR,-0.7683532014187466,0,-600.7145420883179,-78.69106716029346,3-Mercaptolactate:NAD+ Oxidoreductase,Methionine and cysteine metabolism,92483.1 or (3945.1 and 3939.1) or 55293.1 or 3948.2 or 3948.1 or 3945.1 or 160287.1 or 3939.1,NA,PMID:7054184
MCPST,-0.7027165451452111,0,82.45905388512016,472.29132013349533,3-Mercaptopyruvate Sulfurtransferase,Methionine and cysteine metabolism,4357.1,NA,PMID:4828222
MDRPD,0.4081070643909542,0,9.735513354283972,4.092289375325732,5-Methylthio-5-Deoxy-D-Ribulose 1-Phosphate Dehydratase,Arginine and proline metabolism,NA,NA,PMID:2543672
ME1m,0.789893635940752,0,11.387219364521524,1.3366868340012763,"Malic Enzyme (NAD), Mitochondrial",Pyruvate metabolism,4200.1,NA,NA
ME2,0.7294171587008815,0,28.651724060387163,4.482819466300191,Malic Enzyme (NADP),Pyruvate metabolism,4199.1,NA,PMID:1993674
ME2m,0.44254055602274867,0,6.2996643334050955,2.4344600655289623,"Malic Enzyme (NADP), Mitochondrial",Pyruvate metabolism,4200.1 or 10873.1,NA,PMID:1993674
MECOALm,0.7189677326988982,0,216.2970000331402,35.36217415454388,"Mesaconate- Coenzyme A Ligase (ADP-Forming), Mitochondrial",C5-branched dibasic acid metabolism,8802.1 and 8803.1,NA,PMID:13783048
MECOAS1m,-0.7189677326988982,0,-216.2970000331402,-35.36217415454388,Mesaconate- Coenzyme A Ligase (GDP-Forming),C5-branched dibasic acid metabolism,8802.1 and 8801.1,NA,PMID:13783048
MELATN23DOX,1,0,3.9065133666506853,NA,"Melatonin:Oxygen 2, 3-Dioxygenase (Indole-Decyclizing)",Tryptophan metabolism,3620.1,NA,PMID:4814344
MERCPLACCYSt,0.7683532014187466,0,600.7145420883179,78.69106716029346,"3-Mercaptolactate-Cysteine Disulfide Transport, Extracellular","Transport, extracellular",NA,NA,NA
METLEUex,0.9969876582882247,6.357577051061718e-4,7.045140427188762,0.010627191553264857,Methionine/Leucine Exchange (Met In),"Transport, extracellular",6520.1 and 8140.1,NA,PMID:14770310
METt4,0.9724426544219168,0,0.41531425768807534,0.005802429032325745,L-Methionine Transport in via Sodium Symport,"Transport, extracellular",81539.1 or 11254.1 or 54407.1 or 6584.1 or (340024.1 and 57393.1) or (340024.1 and 59272.1),NA,"PMID:10747860,PMID:10891391,PMID:10930503,PMID:11325958"
METtec,-0.9885229312414912,6.357577051061718e-4,-16.04521789677143,-0.09260746564865112,L-Methionine Transport via Diffusion (Extracellular to Cytosol),"Transport, extracellular",8501.1 or 124935.1,NA,"PMID:12930836,PMID:14624363,PMID:15659399"
MEVK1x,0.44880076533418123,0,2.630168256151226,1.0006529293201247,Mevalonate Kinase (ATP),Cholesterol metabolism,4598.1,NA,PMID:11111079
MHISOR,-0.7006895988176716,2.359990291402241e-10,7.525697176299112,42.76120997140635,N-Methylhistamine:Oxygen Oxidoreductase (Deaminating),Histidine metabolism,26.1 or 314.1 or 8639.1 or 314.2,NA,"PMID:12072962,PMID:15035803,PMID:8920635,PMID:9653080"
MI134PP,0.4250529667769221,0,0.12459822760809912,0.050269978013627405,"Inositol-1, 3, 4-Trisphosphate 1-Phosphatase",Inositol phosphate metabolism,3628.1,NA,"PMID:2906139,PMID:8390685"
MI145PP,0.35816088669521684,0,0.2500588341922048,0.11817270102843831,"Inositol-1, 4, 5-Trisphosphate 5-Phosphatase",Inositol phosphate metabolism,3635.1 or 8867.2 or 3636.1 or 27124.2 or 8867.1 or 27124.1 or 3633.1 or 56623.1 or 3632.1,NA,"PMID:10593988,PMID:10764818,PMID:15261714,PMID:2906139,PMID:7721860,PMID:8006039,PMID:8013665,PMID:8530088,PMID:8769125,PMID:9428629,PMID:9824312"
MI1P_Dtn,-0.7439595882609125,0,-3.7327212537051833,-0.5480215786760149,Inositol 1-Phosphate Nuclear Transport (Diffusion),"Transport, nuclear",NA,NA,NA
MI1PS,-0.7610740994016849,0,19.88535768378214,146.57091711928845,Myo-Inositol-1-Phosphate Synthase,Inositol phosphate metabolism,51477.1,NA,PMID:12941308
MI34PP,0.4250529667769221,0,0.12459822760809912,0.050269978013627405,"Inositol-3, 4-Bisphosphate 4-Phosphatase",Inositol phosphate metabolism,3631.2 or 3631.1 or 8821.1,NA,"PMID:2906139,PMID:7608176,PMID:9295334"
MLTG1,0.3734559728147515,0,2.7673508968440785,1.262411908253617,Maltodextrin Glucosidase (Maltotriose),Starch and sucrose metabolism,2595.1,NA,PMID:12370436
MMSAD1m,0.9434833678103968,0,77.1788384683013,2.244366017625382,Methylmalonate-Semialdehyde Dehydrogenase,"Valine, leucine, and isoleucine metabolism",4329.1,NA,"PMID:10947204,PMID:1527093"
MOGAT,0.7235265035162953,0,2.75231322732486,0.44150273281228875,Monoacylglycerol Acyltransferase,Triacylglycerol synthesis,116255.1 or 80168.1,NA,NA
MTAP,0.4081070643909542,0,9.735513354283972,4.092289375325732,5'-Methylthioadenosine Phosphorylase,Arginine and proline metabolism,4507.1,NA,"PMID:16000004,PMID:2543672,PMID:3091600"
MTHFCm,0.8142315091959209,0,-97.454491622865,-951.7491833496093,"Methenyltetrahydrifikate Cyclohydrolase, Mitochondrial",Folate metabolism,25902.1 or 10797.1,NA,PMID:12937168
MTHFD2m,0.5414564856974178,0,-178.8099639031887,-601.0940509868622,"Methylenetetrahydrofolate Dehydrogenase (NAD), Mitochondrial",Folate metabolism,10797.1,NA,PMID:8218174
MTHFDm,1.6042003348439262,0,81.35547225324493,-350.6551318579033,"Methylenetetrahydrofolate Dehydrogenase (NADP), Mitochondrial",Folate metabolism,25902.1 or 10797.1 or 4522.1,NA,"PMID:12937168,PMID:8218174"
NACHEX13ly,0.34951379804264526,0,0.11310286033556877,0.054517301087922895,"Beta-N-Acetylhexosaminidase, Lysosomal",Keratan sulfate degradation,3073.1 or 3074.1 or (3073.1 and 3074.1),NA,"PMID:10336991,PMID:11707436,PMID:12706724,PMID:8993162"
NACHEX15ly,0.3721216034815219,0,0.11445082699003224,0.05237232731295812,"Beta-N-Acetylhexosaminidase, Lysosomal",Keratan sulfate degradation,(3073.1 and 3074.1) or 3073.1 or 3074.1,NA,"PMID:10336991,PMID:11707436,PMID:12706724,PMID:8993162"
NACHEX16ly,0.3878125550669071,0,0.11813103058622164,0.05210958318388002,"Beta-N-Acetylhexosaminidase, Lysosomal",Keratan sulfate degradation,(3073.1 and 3074.1) or 3073.1 or 3074.1,NA,"PMID:10336991,PMID:11707436,PMID:12706724,PMID:8993162"
NACHEX17ly,0.38754234759449807,0,0.11439062921247478,0.05049173190722322,"Beta-N-Acetylhexosaminidase, Lysosomal",Keratan sulfate degradation,3073.1 or 3074.1 or (3073.1 and 3074.1),NA,"PMID:10336991,PMID:11707436,PMID:12706724,PMID:8993162"
NACHEX18ly,0.37250834658214216,0,0.09834596174586295,0.04496240062696597,"Beta-N-Acetylhexosaminidase, Lysosomal",Keratan sulfate degradation,3073.1 or (3073.1 and 3074.1),NA,"PMID:10336991,PMID:11707436,PMID:12706724,PMID:8993162"
NACHEX1ly,-0.6552697936827726,0,0.5200962878190206,2.4973143033516187,"Beta-N-Acetylhexosaminidase, Lysosomal",Chondroitin sulfate degradation,(3073.1 and 3074.1) or 3073.1 or 3074.1,NA,"PMID:10336991,PMID:11707436,PMID:12706724,PMID:8993162"
NACHEX24ly,0.4545745743130096,0,0.31728486046630533,0.11897308886043556,"Beta-N-Acetylhexosaminidase, Lysosomal",Keratan sulfate degradation,3073.1 or 3074.1 or (3073.1 and 3074.1),NA,"PMID:10336991,PMID:11707436,PMID:12706724,PMID:8993162"
NACHEX25ly,0.4000315652596102,0,0.627288755057496,0.26881783371241763,"Beta-N-Acetylhexosaminidase, Lysosomal",Keratan sulfate degradation,(3073.1 and 3074.1) or 3073.1 or 3074.1,NA,"PMID:10336991,PMID:11707436,PMID:12706724,PMID:8993162"
NACHEX4ly,-0.48021506221585236,0,0.8663101805308493,2.4670306593324405,"Beta-N-Acetylhexosaminidase, Lysosomal",Chondroitin sulfate degradation,3073.1 or (3073.1 and 3074.1),NA,"PMID:10336991,PMID:11707436,PMID:12706724,PMID:8993162"
NACHEX5ly,-0.3855322058828782,0,1.1019269044831494,2.4846789844924233,"Beta-N-Acetylhexosaminidase, Lysosomal",Chondroitin sulfate degradation,3073.1 or (3073.1 and 3074.1),NA,"PMID:10336991,PMID:11707436,PMID:12706724,PMID:8993162"
NACHEX6ly,-0.7729529462283016,0,0.1578166503474953,1.2323502575762162,"Beta-N-Acetylhexosaminidase, Lysosomal",Chondroitin sulfate degradation,(3073.1 and 3074.1) or 3073.1 or 3074.1,NA,"PMID:10336991,PMID:11707436,PMID:12706724,PMID:8993162"
NACHEX7ly,-0.8275315681192281,0,0.11477094638381531,1.2161502562065463,"Beta-N-Acetylhexosaminidase, Lysosomal",Chondroitin sulfate degradation,(3073.1 and 3074.1) or 3073.1 or 3074.1,NA,"PMID:10336991,PMID:11707436,PMID:12706724,PMID:8993162"
NACHEX8ly,0.9572008476718775,0,1.1050952347590997,0.024165705500177864,"Beta-N-Acetylhexosaminidase, Lysosomal",Chondroitin sulfate degradation,(3073.1 and 3074.1) or 3073.1 or 3074.1,NA,"PMID:10336991,PMID:11707436,PMID:12706724,PMID:8993162"
NACHEX9ly,0.961923927182959,0,1.1072327161399778,0.021488638239755893,"Beta-N-Acetylhexosaminidase, Lysosomal",Chondroitin sulfate degradation,(3073.1 and 3074.1) or 3073.1 or 3074.1,NA,"PMID:10336991,PMID:11707436,PMID:12706724,PMID:8993162"
NACHEXA1ly,0.5767668239620981,0,3.36996225369745,0.9045597650109499,"Beta-N-Acetylhexosaminidase A, Lysosomal",Chondroitin sulfate degradation,3073.1 or (3073.1 and 3074.1),NA,"PMID:10336991,PMID:11707436,PMID:12706724,PMID:8993162"
NACHEXA20ly,0.5129106302146161,0,0.27160525827115994,0.08744471182870112,"Beta-N-Acetylhexosaminidase A, Lysosomal",Keratan sulfate degradation,3073.1 or (3073.1 and 3074.1),NA,"PMID:10336991,PMID:11707436,PMID:12706724,PMID:8993162"
NACHEXA21ly,0.34828666675500447,0,0.31000389459749983,0.14984474477769064,"Beta-N-Acetylhexosaminidase A, Lysosomal",Keratan sulfate degradation,3073.1 or (3073.1 and 3074.1),NA,"PMID:10336991,PMID:11707436,PMID:12706724,PMID:8993162"
NACHEXA22ly,0.3886041161457236,0,0.13411350452227772,0.05904954744177611,"Beta-N-Acetylhexosaminidase A, Lysosomal",Keratan sulfate degradation,3073.1 or (3073.1 and 3074.1),NA,"PMID:10336991,PMID:11707436,PMID:12706724,PMID:8993162"
NACHEXA2ly,0.37281869381456473,0,2.611902327847964,1.1932648651925615,"Beta-N-Acetylhexosaminidase A, Lysosomal",Chondroitin sulfate degradation,3073.1 or (3073.1 and 3074.1),NA,"PMID:10336991,PMID:11707436,PMID:12706724,PMID:8993162"
NACHEXA3ly,-0.46203348028922137,0,1.0082851347540789,2.7402200149572926,"Beta-N-Acetylhexosaminidase A, Lysosomal",Chondroitin sulfate degradation,3073.1 or (3073.1 and 3074.1),NA,"PMID:10336991,PMID:11707436,PMID:12706724,PMID:8993162"
NACHEXA4ly,-0.5578739161787538,0,0.772668408744887,2.7225716913948768,"Beta-N-Acetylhexosaminidase A, Lysosomal",Chondroitin sulfate degradation,3073.1 or (3073.1 and 3074.1),NA,"PMID:10336991,PMID:11707436,PMID:12706724,PMID:8993162"
NACHEXA7ly,0.9815304516372366,0,3.1083589732364856,0.028972548131968142,"Beta-N-Acetylhexosaminidase A, Lysosomal",Chondroitin sulfate degradation,3073.1 or (3073.1 and 3074.1),NA,"PMID:10336991,PMID:11707436,PMID:12706724,PMID:8993162"
NACHEXA8ly,0.9798273324515272,0,3.106221497569879,0.031649615385805734,"Beta-N-Acetylhexosaminidase A, Lysosomal",Chondroitin sulfate degradation,3073.1 or (3073.1 and 3074.1),NA,"PMID:10336991,PMID:11707436,PMID:12706724,PMID:8993162"
NACHEXA9ly,-0.3932381974154075,0,0.04827552701570003,0.11084960844952936,"Beta-N-Acetylhexosaminidase A, Lysosomal",Keratan sulfate degradation,3073.1 or (3073.1 and 3074.1),NA,"PMID:10336991,PMID:11707436,PMID:12706724,PMID:8993162"
NADPHtru,1,0,24.795203577518464,NA,"Transport of NADPH, Endoplasmic Reticulum","Transport, endoplasmic reticular",NA,NA,NA
NADPHtxu,0.7482034387472356,0,262.1133486296177,37.75260840962529,"Transport of NADPH, Peroxisome","Transport, peroxisomal",NA,NA,PMID:10521434
NADPtru,1,0,24.79520357761383,NA,"Transport of NADP, Endoplasmic Reticulum","Transport, endoplasmic reticular",NA,NA,NA
NADPtxu,0.7482034387472356,0,262.1133486296177,37.75260840962529,"Transport of NADP, Peroxisome","Transport, peroxisomal",NA,NA,PMID:10521434
NAGAly,0.33421618726783786,0,0.1834005884443177,0.09151825933233704,"N-Acetylgalactosaminidase, Alpha-",Sphingolipid metabolism,4668.1,NA,"PMID:2174888,PMID:2551294"
NAIt,0.7008203816164038,0.008121601742134136,13.695742267417907,2.4091238494873046,Na+ / Iodide Symport,"Transport, extracellular",6528.1,NA,"PMID:10893432,PMID:11034615,PMID:12679487,PMID:12748858,PMID:15546855,PMID:8559252,PMID:8806637,PMID:9341168"
NaKt,0.3300149549335288,0,0.5568236901632501,0.280495752144944,Na+/K+ Exchanging ATPase,"Transport, extracellular",(481.1 and 478.1) or (477.1 and 23439.1) or (483.1 and 476.1) or (481.1 and 480.1) or (482.1 and 478.1) or (482.1 and 476.1) or (482.1 and 477.1) or (481.1 and 476.1) or (23439.1 and 476.1) or (480.1 and 23439.1) or (481.1 and 477.1),NA,"PMID:10456317,PMID:8833915,PMID:9159180"
NAt5,-0.8773651795540891,0,0.8785471714198592,13.449311233320087,Sodium/Ammonium Proton Antiporter,"Transport, extracellular",6548.1 or 6550.1 or 6549.1,NA,"PMID:10444453,PMID:12845533,PMID:2536298,PMID:2581505,PMID:7631746,PMID:8199403,PMID:8595899"
NAtx,-0.9439851981295018,0,23.38566963338852,811.5961156259536,Sodium Transport via Diffusion (Perioxisome),"Transport, peroxisomal",NA,NA,NA
NCCt,0.960183326217408,6.007457257291182e-4,6.447272485935688,0.1309617023706436,Na+-Cl- Symport,"Transport, extracellular",6559.1,NA,"PMID:12739168,PMID:8528245,PMID:8670281,PMID:8812482"
NCKt,1,0,19.952989002168177,NA,Na+/Ca2+-K+ Antiport,"Transport, extracellular",123041.2 or 57419.1 or 9187.1 or 123041.3 or 25769.1 or 123041.1,NA,"PMID:10484410,PMID:10662833,PMID:11294880,PMID:12379639,PMID:14770312,PMID:9478004"
NCNt,-1,0,-49.38999404412955,NA,Na+/Ca2+-NH4+ Antiport,"Transport, extracellular",9187.1 or 25769.1,NA,"PMID:10484410,PMID:10662833,PMID:11294880,PMID:12379639,PMID:14770312,PMID:9478004"
NDP10ex,0.9807814261808883,0,52.619514378809924,0.5105419548308185,"Nucleoside-Diphosphatase (IDP), Extracellular",Nucleotide interconversion,124583.1 or 953.1 or 377841.1 or 956.1,NA,"PMID:12234496,PMID:12600208"
NDP3ex,0.9258534761301871,0,37.20025610717535,1.4322323643002692,"Nucleoside-Diphosphatase (GDP), Extracellular",Nucleotide interconversion,124583.1 or 953.1 or 377841.1 or 956.1,NA,"PMID:12234496,PMID:12600208"
NDP6,0.41757544444174977,8.127138773122004e-13,0.7132430088075888,0.29304277528126926,Nucleoside-Diphosphatase (dCDP),Nucleotide interconversion,79077.1,NA,NA
NDP7ex,0.6813062491064984,0,0.7876516412996978,0.14930037647610225,"Nucleoside-Diphosphatase (UDP), Extracellular",Nucleotide interconversion,124583.1 or 953.1 or 377841.1 or 956.1,NA,PMID:12600208
NDP8,0.9869368686522271,0,33.527191257363555,0.22042477042259262,Nucleoside-Diphosphatase (dUDP),Nucleotide interconversion,1841.1,NA,NA
NDP8ex,0.6813062491064984,0,0.7876516412996978,0.14930037647610225,"Nucleoside-Diphosphatase (UTP), Extracellular",Nucleotide interconversion,124583.1 or 953.1 or 377841.1 or 956.1,NA,"PMID:12234496,PMID:12600208"
NDPK10,0.4840736924039427,0,-342.9405046388328,-986.4761178115845,Nucleoside-Diphosphate Kinase (ATP:DIDP),Nucleotide interconversion,(4832.1) or (4831.1 and 4830.1) or (10201.1) or (29922.2) or (29922.1) or (4831.1 and 4830.2),NA,PMID:7050910
NDPK10n,-0.4840736924039427,0,342.9405046388328,986.4761178115845,"Nucleoside-Diphosphate Kinase (ATP:DIDP), Nuclear",Nucleotide interconversion,(4831.1 and 4830.1) or (4830.2 and 4831.1),NA,PMID:7050910
NDPK1m,-0.6233958604040908,0,70.16041248065531,302.4346023056209,"Nucleoside-Diphosphate Kinase (ATP:GDP), Mitochondrial",Nucleotide interconversion,4833.1 or 10201.1,NA,PMID:9099850
NDPK1n,0.7512141005683404,0,-1.093801564883394,-7.699313859922718,"Nucleoside-Diphosphate Kinase (ATP:GDP), Nuclear",Nucleotide interconversion,(4831.1 and 4830.1) or (4830.2 and 4831.1),NA,PMID:15242782
NDPK3n,0.9168277368932587,0,-0.7367423071160912,-16.97931541685313,"Nucleoside-Diphosphate Kinase (ATP:CDP), Nuclear",Nucleotide interconversion,(4831.1 and 4830.1) or (4830.2 and 4831.1),NA,PMID:7050910
NDPK4m,0.5395947845474195,0,3.411886783456111,1.0203012412117847,"Nucleoside-Diphosphate Kinase (ATP:dTDP), Mitochondrial",Nucleotide interconversion,4833.1,NA,PMID:9099850
NDPK4n,-1.000915453321466,0,-19.506664844284952,0.008924635517597198,"Nucleoside-Diphosphate Kinase (ATP:dTDP), Nuclear",Nucleotide interconversion,(4831.1 and 4830.1) or (4830.2 and 4831.1),NA,PMID:7050910
NDPK5n,0.7583921001491748,0,-26.70692355456743,-194.36965193039774,"Nucleoside-Diphosphate Kinase (ATP:dGDP), Nuclear",Nucleotide interconversion,(4831.1 and 4830.1) or (4830.2 and 4831.1),NA,PMID:7050910
NDPK6m,-0.612820999708172,0,-12.045719183249586,-2.891734118051885,"Nucleoside-Diphosphate Kinase (ATP:dUDP), Mitochondrial",Nucleotide interconversion,4833.1 or 10201.1,NA,PMID:9099850
NDPK6n,0.8443043056003475,0,-52.24858722005226,-618.9143170788467,"Nucleoside-Diphosphate Kinase (ATP:dUDP), Nuclear",Nucleotide interconversion,(4831.1 and 4830.1) or (4830.2 and 4831.1),NA,PMID:7050910
NDPK7m,-0.7256470576788915,0,0.4290649163590214,2.6987667936201243,"Nucleoside-Diphosphate Kinase (ATP:dCDP), Mitochondrial",Nucleotide interconversion,4833.1,NA,PMID:9099850
NDPK8n,-0.7450379027089976,0,-19.907616258089153,-2.9086403139710426,"Nucleoside-Diphosphate Kinase (ATP:dADP), Nuclear",Nucleotide interconversion,(4831.1 and 4830.1) or (4830.2 and 4831.1),NA,PMID:7050910
NDPK9n,-0.6584375838592755,0,186.43867990649343,905.2427879379094,"Nucleoside-Diphosphate Kinase (ATP:IDP), Nuclear",Nucleotide interconversion,(4831.1 and 4830.1) or (4830.2 and 4831.1),NA,NA
NH4tn,-0.7676016390834295,0,-30.418712334265372,-3.9993507198497653,"Transport of Ammonium ion, Nuclear","Transport, nuclear",NA,NA,NA
NH4tp,-0.6402583668380928,0,-146.9150105800092,-32.22141518103182,"Transport of Ammonium ion, Peroxisomal","Transport, peroxisomal",NA,NA,NA
NICRNS,0.43773406238014045,0,4.768362398234895,1.8648008869709447,Nicotinate D-Ribonucleoside Kinase,NAD metabolism,NA,NA,NA
NIFEDIPINEte,0.5633903385979016,0,11.070175012356534,3.0915793992571663,Transport of Xenobiotic,"Transport, extracellular",NA,NA,NA
NKCC2t,-0.6873856230181283,0,-68.35405306325555,-12.663649269652366,Na+-K+-Cl- Symport (NH4+),"Transport, extracellular",6557.1 or 6558.1,NA,"PMID:10617769,PMID:12657561,PMID:12739168,PMID:7629105,PMID:8640224"
NKCCt,0.7501786357521728,0,-1.6906128776073455,-11.843961178518832,Na+-K+-Cl- Symport,"Transport, extracellular",6557.1 or 6558.1,NA,"PMID:10617769,PMID:12657561,PMID:12739168,PMID:7629105,PMID:8640224"
NMNATr,-1,0,-869.681642980957,NA,Nicotinamide-Nucleotide Adenylyltransferase,NAD metabolism,349565.1 or 23057.1 or 23057.2,NA,NA
NMNS,0.35640704081237884,0,1.051665449865891,0.4989980578021728,Nicotinamide Ribotide (NMN) Synthetase,NAD metabolism,10135.1,NA,PMID:19513556
NNMT,0.9970965955638411,0,968.8771568786622,1.4085659359808749,Nicotinamide N-Methyltransferase,NAD metabolism,4837.1,NA,PMID:8182091
NORANMT,0.8433949498753652,0,161.11918706104754,13.687830905385594,Noradrenaline N-Methyltransferase,Tyrosine metabolism,5409.1,NA,NA
NOS1,0.7347726349360204,0,23.128616052239387,3.536107135640951,Nitric Oxide Synthase (Intermediate Forming),Arginine and proline metabolism,4846.1 or 201288.1 or 4842.1 or 4843.2 or 4843.1 or 645740.1,NA,"PMID:7545544,PMID:7558036"
NP1,0.4530587412223293,0,4.560058991688541,1.716437425589907,Nucleotide Phosphatase,NAD metabolism,4860.1,NA,NA
NS26T2g,0.5724787289909802,0,0.13850741569172015,0.03765702219622108,"Alpha-N-Acetylgalactosaminide Alpha-2, 6-Sialyltransferase",O-glycan metabolism,55808.1,NA,PMID:10536037
NTD1m,0.33524154391486366,0,1.215893847240135,0.6053404497024137,"5'-Nucleotidase (dUMP), Mitochondrial",Nucleotide interconversion,56953.1,NA,PMID:10899995
NTD2e,0.6555603953670754,0,2.7468459293914957,0.5714817342543327,"5'-Nucleotidase (UMP), Extracellular",Nucleotide interconversion,4907.1,NA,PMID:2840110
NTD2l,0.43307016834296186,0,0.9440279165535882,0.37346223488143043,"5'-Nucleotidase (UMP), Lysosomal",Pyrimidine catabolism,53.1 or 55.1 or 51205.1 or 54.1,NA,NA
NTD4e,0.9793741553265907,0,47.7915346323818,0.4980062851577071,"5'-Nucleotidase (CMP), Extracellular",Nucleotide interconversion,4907.1 or 30833.1,NA,PMID:8450671
NTD7e,0.955717273885195,0,211.62055927683116,4.79166155141701,"5'-Nucleotidase (AMP), Extracellular",Nucleotide interconversion,4907.1 or 30833.1,NA,PMID:14578500
NTD9e,0.9258534761301871,0,37.20025610717535,1.4322323643002692,"5'-Nucleotidase (GMP), Extracellular",Nucleotide interconversion,4907.1 or 30833.1,NA,PMID:16325434
NTD9l,0.7181970200114192,0,3.1091475994115485,0.5099339880898489,"5'-Nucleotidase (GMP), Lysosomal",Purine catabolism,53.1 or 55.1 or 51205.1 or 54.1,NA,NA
NTP3e,0.9258534761301871,0,37.20025610717535,1.4322323643002692,Nucleoside-Triphosphatase (GTP),Nucleotide interconversion,124583.1 or 953.1 or 377841.1 or 956.1,NA,"PMID:12234496,PMID:12600208"
NTPP9,-0.7758337953467961,0,41.85840166780949,331.60022678661346,Nucleoside Triphosphate Pyrophosphorylase (ITP),Nucleotide interconversion,3704.1 or 3704.2,NA,PMID:11278832
O2Stx,0.5450942208067366,0,76.91732911004424,22.645957159816454,"Transport of peroxide Anion via Diffusion, Peroxisomal","Transport, peroxisomal",NA,NA,PMID:12939409
O2ter,0.5239436013033207,0,267.4110234906256,83.53506567163467,"Transport of Oxygen, Endoplasmic Reticulum","Transport, endoplasmic reticular",NA,NA,NA
O2tm,3.5236324107813286,0,177.77463044844455,-99.17645345035419,"Transport of Oxygen, (Diffusion)","Transport, mitochondrial",NA,NA,PMID:2551143
OAGD3tg,-0.4206685261496392,0,-196.7442731493473,-80.22993938223124,"Transport of 9-O-Acetylated Gd3, Golgi Apparatus","Transport, golgi apparatus",NA,NA,PMID:8206147
OAGT3te,0.8643884442492749,0,11.362698887711344,0.826497974948585,Transport of 9-O-Acetylated Gt3,"Transport, extracellular",NA,NA,PMID:8206147
OAGT3tg,-0.5085096350401098,0,-1.0122130409268129,-0.32979103702513096,"Transport of 9-O-Acetylated Gt3, Golgi Apparatus","Transport, golgi apparatus",NA,NA,PMID:8206147
OCBTm,0.5684555685379626,0,6.034116540941689,1.6602251566894353,"Ornithine Carbamoyltransferase, Irreversible",Urea cycle,5009.1,NA,"PMID:12538786,PMID:6372096"
OCCOAtx,3.6381054398393693,0,59.27355296370669,-33.714171560010314,Fatty Acid Intracellular Transport,"Transport, peroxisomal",NA,NA,NA
OCDCAtr,-1,0,NA,0.11305477658957243,Fatty Acid Transport via Diffusion,"Transport, extracellular",10998.1,NA,"PMID:11788354,PMID:12864740"
OCDCEAtr,-1,0,NA,0.06562335998117924,Fatty Acid Transport via Diffusion,"Transport, extracellular",10998.1,NA,"PMID:11788354,PMID:12864740"
OCTAt,-0.3941081496697609,0,0.8695991367141445,2.000877289863215,Octanoate Transport via Diffusion,"Transport, extracellular",NA,NA,NA
ODECOAtx,0.7890965502539993,0,-3.0426111126594355,-25.810507376618684,Fatty Acid Intracellular Transport,"Transport, peroxisomal",NA,NA,NA
OIVD1m,0.5052581021943181,0,147.02350762693882,48.32306770471036,2-Oxoisovalerate Dehydrogenase (Acylating,"Valine, leucine, and isoleucine metabolism",(1629.1) and (594.1 and 593.1) and (1738.1) or (1629.1) and (1738.1) and (594.2 and 593.1),NA,"PMID:1429740,PMID:2914958"
OIVD2m,-0.7531115980048837,0,89.41416373578906,634.9144237007141,2-Oxoisovalerate Dehydrogenase (Acylating,"Valine, leucine, and isoleucine metabolism",(1629.1) and (594.1 and 593.1) and (1738.1) or (1629.1) and (1738.1) and (594.2 and 593.1),NA,"PMID:1429740,PMID:2914958"
OIVD3m,0.8311626325238105,0,180.9415686314821,16.683224947991874,2-Oxoisovalerate Dehydrogenase (Acylating,"Valine, leucine, and isoleucine metabolism",(1629.1) and (594.1 and 593.1) and (1738.1) or (1629.1) and (1738.1) and (594.2 and 593.1),NA,"PMID:1429740,PMID:2914958"
OMEPRAZOLEte,0.7881353007097056,0,9.233752412454967,1.0940481838311398,Transport of Xenobiotic,"Transport, extracellular",NA,NA,NA
ORNt3m,-0.4633313602138564,0,152.27849550329745,415.21691680169107,Ornithine Mitochondrial Transport via Proton Antiport,"Transport, mitochondrial",83884.1 or 10166.1,NA,PMID:14598172
ORNt4m,0.41764232050913663,0,227.22590364565625,93.34283271098639,Ornithine Mitochondrial Transport Exchange with Citruline,"Transport, mitochondrial",10166.1 or 83884.1,NA,PMID:14598172
OXAHCOtex,0.9691006443420597,0,61.0063012467782,0.9573179537653923,Oxalate Transport via Bicarbonate Antiport,"Transport, extracellular",1836.1 or 10861.1 or 10861.3 or 10861.2 or 1811.1,NA,PMID:12759755
OXAtp,-0.33256101909413727,0,1.4860177438831654,2.9668769368150154,Oxalate Transport Out of Peroxisome,"Transport, peroxisomal",NA,NA,PMID:15240345
P45011B11m,0.4537760376993073,0,1.5223797424586432,0.5720002761691306,Steroid 11-Beta-Hydroxylase,Steroid metabolism,1584.1,NA,PMID:1741400
P45011B12m,0.6611696809307664,0,12.179001711826212,2.4841622642971926,Steroid 11-Beta-Hydroxylase,Steroid metabolism,1584.1,NA,"PMID:15755848,PMID:1741400"
P45017A1r,0.6462996960102158,0,2.501459966982994,0.5374277556415648,Cytochrome P450 17A1,Steroid metabolism,1586.1,NA,PMID:7893148
P45017A2r,0.6106913698859787,0,0.8245036708291656,0.19928485407928093,Cytochrome P450 17A1,Steroid metabolism,1586.1,NA,"PMID:12915666,PMID:7893148"
P45017A3r,0.8072149254209066,0,4.115044295166595,0.43897331201777123,Cytochrome P450 17A1,Steroid metabolism,1586.1,NA,PMID:7893148
P45017A4r,0.7511514463362131,0,4.126668662054425,0.5864230247763248,Cytochrome P450 17A1,Steroid metabolism,1586.1,NA,PMID:12915666
P45019A1r,0.6025203853913892,0,1.140735923497253,0.28294134625385486,Aromatase,Steroid metabolism,1588.1 or 1588.2,NA,PMID:16322257
P45021A1r,-0.6532448376833322,0,0.9175892471008119,4.374843840097702,Steroid 21-Hydroxylase,Steroid metabolism,1589.1,NA,"PMID:16541276,PMID:18381579,PMID:18381580"
P45021A2r,0.7945144318593883,0,1.665331936397709,0.19069318865204987,Steroid 21-Hydroxylase,Steroid metabolism,1589.1,NA,"PMID:16541276,PMID:18381579,PMID:18381580"
P45027A14m,0.5143911544291109,0,6.809743748274026,2.1836312174443067,"5-Beta-Cytochrome P450, Family 27, Subfamily A, Polypeptide 1",Bile acid synthesis,1593.1,NA,NA
P4502A6,0.5925572731993544,0,4.487732109691413,1.1481494817766564,Cytochrome P450 2A6,Cytochrome metabolism,1553.1 or 1548.1,NA,"PMID:15579107,PMID:9827545"
P4502C18,0.3783901437918392,0,10.223855125261704,4.610631571134296,Cytochrome P450 2C18,Cytochrome metabolism,1562.1,NA,"PMID:15579107,PMID:8110777"
P4502C19,0.7881353007097056,0,9.233752412454967,1.0940481838311398,Cytochrome P450 2C19,Cytochrome metabolism,1557.1,NA,"PMID:15579107,PMID:3442670"
P4502C92,0.7057652278748747,0,8.131831322688608,1.4026945192054006,Cytochrome P450 2C9,Limonene and pinene degradation,1559.1 or 1557.1,NA,"PMID:11950794,PMID:11996015"
P4502C93,0.5249360368719719,0,2.5479454231559227,0.7937625062893029,Cytochrome P450 2C9,Limonene and pinene degradation,1559.1 or 1557.1,NA,"PMID:11950794,PMID:11996015"
P45039A1r,0.8832323343398428,0,3.398540844956472,0.21072263569400493,Oxysterol 7-Alpha-Hydroxylase,Bile acid synthesis,51302.1,NA,NA
P4503A4,0.5633903385979016,0,11.070175012356534,3.0915793992571663,Cytochrome P450 3A4,Cytochrome metabolism,1576.1,NA,"PMID:11726664,PMID:15579107,PMID:3460094"
P4503A43r,0.9101017723445799,0,20.61927528803912,0.9704385026870325,Cytochrome P450 P450 3A43,Steroid metabolism,64816.1 or 64816.3 or 64816.2,NA,PMID:15579107
P4503A5,0.6245736450022378,0,5.3049402771534755,1.2259305066652144,Cytochrome P450 3A5,Cytochrome metabolism,1577.1,NA,PMID:15579107
P4503A7r,0.7824797934167353,0,9.904955697915025,1.2087250680573867,Cytochrome P450 P450 3A7,Steroid metabolism,1551.1,NA,"PMID:15579107,PMID:2722762"
P45046A1r,0.8832323343398428,0,3.398540844956472,0.21072263569400493,"Cytochrome P450, Family 46, Subfamily A, Polypeptide 1",Bile acid synthesis,10858.1,NA,NA
P4504F123r,0.7009300901148274,0,5.050139641585132,0.8879523128516367,Cytochrome P450 4F12/4F2,Cytochrome metabolism,66002.1,NA,PMID:15579107
P4507A1r,0.7755588587242573,0,9.873294670859533,1.2480428419430727,"Cytochrome P450, Family 7, Subfamily A, Polypeptide 1",Bile acid synthesis,1581.1,NA,NA
P4508B13r,0.6928320017158545,0,4.126815757226316,0.7488195722610468,Sterol 12-Alpha-Hydroxylase (NADH),Bile acid synthesis,1582.1,NA,NA
P5CDm,0.4973618219460956,0,20.196457044315338,6.779597438049317,"1-Pyrroline-5-Carboxylate Dehydrogenase, Mitochondrial",Glutamate metabolism,8659.1 or 8659.2,NA,"PMID:8621661,PMID:9700195"
PA_HStg,0.7206418358227913,0,-4.023817742538248,-24.78377235878967,Phosphatidate Scramblase,"Transport, golgi apparatus",NA,NA,PMID:10856717
PAIL_HStn,0.7075974967481721,0,11.171168272558972,1.9129083834826945,Phosphatidylinositol Nuclear Transport (Diffusion),"Transport, nuclear",NA,NA,NA
PCHOL_HStg,-0.6946530907306594,0,4.9227444082180964,27.320872663247584,Phosphatidylcholine Scramblase,"Transport, golgi apparatus",NA,NA,PMID:10856717
PCHOLP_hs,-0.9142888711424102,0,14.278481286486238,318.89835296592713,Choline Phosphatase,Glycerophospholipid metabolism,5338.1 or 5337.1,NA,"PMID:9395408,PMID:9582313"
PCHOLPg_hs,-0.7206418358213714,0,4.023817742562021,24.78377235878967,Choline Phosphatase,Glycerophospholipid metabolism,5337.1,NA,"PMID:11481335,PMID:8530346"
PCRNtc,1,0,21.5795689627178,NA,Transport into the Cytosol from Peroxisome (Carnitine),Fatty acid oxidation,NA,NA,PMID:7654220
PDHm,0.6353709358968389,0,67.29272739425897,15.003864671999775,Pyruvate Dehydrogenase,Glycolysis/gluconeogenesis,(1738.1 and 8050.1) and (5161.1 and 5162.1) and (1737.1) or (1738.1 and 8050.1) and (5160.1 and 5162.1) and (1737.1),NA,"PMID:12372595,PMID:16436377"
PE_HStm,-2.34564023189563,0,-1.7691712638600758,0.7115732310568484,Phosphatidylethanolamine Scramblase,"Transport, mitochondrial",NA,NA,NA
PEFLIP,0.45430359208790405,0,0.8169989398567137,0.30656142855820656,Phosphatidylethanolamine Flippase,"Transport, extracellular",10396.1 or 57194.1 or 5244.1,NA,"PMID:10198212,PMID:10856717,PMID:11353404"
PEFLIPm,0.8235360478780078,0,2.617170485666461,0.25326411716135916,Phosphatidylethanolamine Flippase,"Transport, mitochondrial",10396.1 or 57194.1,NA,"PMID:10198212,PMID:10856717,PMID:11353404"
PEPCKm,-0.9976596514255315,0,0.49818960688981967,425.2414735567093,Phosphoenolpyruvate Carboxykinase (GTP),Glycolysis/gluconeogenesis,5106.1 or 5105.1,NA,PMID:8645161
PERILLYLte,-0.5249360368717966,0,-2.5479454231559227,-0.793762506289687,Transport of Xenobiotic,"Transport, extracellular",NA,NA,NA
PEROXx,0.6921106228167796,0,2.1829883148950673,0.3972074305357437,Peroxisomal Lumped Long Chain Fatty Acid Oxidation,Fatty acid oxidation,3295.1 and 8310.1 and 30.1 and 1962.1,NA,"PMID:11591435,PMID:12814641,PMID:15599942,PMID:1679347,PMID:7487879,PMID:8188243"
PEt,-0.961177175238016,0,4.257866434205719,215.09074924793242,Phosphatidylethanolamine Transport,"Transport, extracellular",NA,NA,"PMID:11591435,PMID:12814641,PMID:15599942,PMID:1679347,PMID:7487879,PMID:8188243"
PETOHMr_hs,-0.6857646214864261,0,31.559875026598572,169.3078641559601,Phosphatidylethanolamine N-Methyltransferase,Glycerophospholipid metabolism,10400.2 or 10400.1 or 10400.3,NA,PMID:9989271
PGCD,0.38115724221687575,0,4.3437497278017165,1.9462650439119316,Phosphoglycerate Dehydrogenase,"Glycine, serine, alanine, and threonine metabolism",26227.1,NA,PMID:10713460
PGDI,0.8457614579404131,0,-6.336177940752077,-75.82458234838796,Prostaglandin-H2 D-Isomerase [Precursor],Eicosanoid metabolism,5730.1 or 27306.1,NA,"PMID:9065498,PMID:9353279"
PGDIr,-0.8956259410709076,0,7.0999306672335605,128.94787163308672,Prostaglandin-H2 D-Isomerase [Precursor],Eicosanoid metabolism,5730.1 or 27306.1,NA,"PMID:9065498,PMID:9353279"
PGESr,-0.9541555488502663,0,2.388849166200962,101.8265621340096,Prostaglandin E Synthase,Eicosanoid metabolism,80142.4 or 80142.2 or 9536.1 or 80142.1 or 9536.2 or 80142.3,NA,PMID:11847219
PGISr,1.0006527922989192,0,0.2161753758959705,-662.5259981292248,Prostaglandin I2 Synthase,Eicosanoid metabolism,5740.1,NA,"PMID:2120373,PMID:2491846"
PGLer,0.9512730930260693,0,426.18400555906294,10.642604803435452,"6-Phosphogluconolactonase, Endoplasmic Reticulum",Pentose phosphate pathway,9563.1,NA,"PMID:10349511,PMID:12831846,PMID:2156506"
PGS,-0.38294824854953347,0,3.761338359585867,8.429983845543005,Prostaglandin G/H Synthase,Eicosanoid metabolism,5743.1 or 5742.1,NA,"PMID:14511332,PMID:1907252"
PGSr,0.5996555684985926,0,2.238079051770188,0.5601221308391509,Prostaglandin G/H Synthase,Eicosanoid metabolism,5743.1 or 5742.1,NA,"PMID:14511332,PMID:1907252"
PHCDm,0.7911440231205858,0,6.314773827970028,0.7363328909282499,L-1-Pyrroline-3-Hydroxy-5-Carboxylate Dehydrogenase,Arginine and proline metabolism,8659.1 or 8659.2,NA,"PMID:12660328,PMID:15849464,PMID:500817"
PHCHGSm,-0.35426426339895284,0,1.8152131580352784,3.8069417116641997,"L-1-Pyrroline-3-Hydroxy-5-Carboxylate Spontaneous Conversion to L-4-Hydroxyglutamate Semialdehyde, Mitochondrial",Arginine and proline metabolism,NA,NA,"PMID:12660328,PMID:15849464"
PHEMEtm,0.5700787643256902,0,0.5119425336889908,0.14018084422174404,Transport of Heme,"Transport, mitochondrial",NA,R01512,NA
PHEt4,0.9993075628662416,1.3434268208657999e-15,5.196643620738387,0.0017997976303100588,Transport of L-Phenylalanine  via Sodium Symport,"Transport, extracellular",(54407.1) or (84889.1) or (11254.1) or (6542.1) or (81539.1) or (6541.1) or (55089.1) or ((340024.1) and (57393.1 or 59272.1)),NA,"PMID:10747860,PMID:10891391,PMID:10930503,PMID:11325958,PMID:11342143,PMID:11414754,PMID:11591158,PMID:11891586,PMID:12049641,PMID:1348489,PMID:14770310,PMID:7534987,PMID:8954799"
PHETA1m,0.8478479452004943,0,366.9594302426815,30.215490124335886,"Phenylalanine Transaminase, Mitochondrial",Phenylalanine metabolism,6898.1 or 2806.1,NA,NA
PHETHPTOX2,0.6578639872715779,0,28.06623252417119,5.792072788752658,"L-Phenylalanine, Tetrahydrobiopterin:Oxygen Oxidoreductase (4-Hydroxylating)",Phenylalanine metabolism,5053.1,R01518,"PMID:10727395,PMID:9450897"
PHYHx,0.45545832898894195,0,2.9393974568416366,1.0997390794596635,"Phytanoyl Coenzyme A Dioxygenase, Peroxisomal",Fatty acid oxidation,5264.1,NA,"PMID:8954107,PMID:9326940"
PHYTt,0.45545832898894195,0,2.9393974568416366,1.0997390794596635,Fatty Acid Transport via Diffusion,"Transport, extracellular",NA,NA,NA
PI45PLC,0.37969891578185466,0,0.374657061980298,0.16844267912225333,"Phosphatidylinositol 4, 5-Bisphosphate Phospholipase C",Inositol phosphate metabolism,23236.2 or 5336.1 or 9651.1 or 113026.1 or 89869.1 or 84812.1 or 5330.1 or 5335.1 or 51196.1 or 5333.1 or 5332.2 or 5331.1 or 5335.2 or 5334.1 or 5332.1 or 257068.1 or 23236.1 or 23007.1,NA,"PMID:10702670,PMID:10702683,PMID:10760467,PMID:11022047,PMID:11022048,PMID:11118617,PMID:12117804,PMID:12213492,PMID:12416999,PMID:13333955,PMID:15140260,PMID:1644792,PMID:2167438,PMID:7607669,PMID:7612006,PMID:7633416,PMID:7789993,PMID:7835906,PMID:7849701,PMID:7890667,PMID:8530101,PMID:9345909"
PI4P3K,0.33118141312863036,0,0.37515555721318233,0.18848746471193153,Phosphatidylinositol 4-Phosphate 3-Kinase,Inositol phosphate metabolism,(5291.1 and 5295.3) or (5296.1 and 5290.1) or (5293.1 and 5296.1) or (5287.1) or (5286.1) or (5293.1 and 8503.1) or (5293.1 and 5295.3) or (5291.1 and 8503.1) or (5295.2 and 5290.1) or (5288.1) or (5291.1 and 5295.1) or (5296.1 and 5291.1) or (23533.1 and 5294.1) or (5293.1 and 5295.1) or (5295.2 and 5293.1) or (5290.1 and 8503.1) or (5290.1 and 5295.3) or (10870.1 and 5294.1) or (5295.2 and 5291.1) or (5290.1 and 5295.1),NA,"PMID:7624799,PMID:7713498,PMID:8246984,PMID:9113989,PMID:9337861,PMID:9830063,PMID:9878262"
PI5P3K,0.6333356226841165,0,0.9405560471823504,0.2111436208095867,Phosphatidylinositol-5-Phosphate 3-Kinase,Inositol phosphate metabolism,(5295.2 and 5291.1) or (23533.1 and 5294.1) or (5295.2 and 5290.1) or (5293.1 and 5295.3) or (5287.1) or (5286.1) or (5293.1 and 5296.1) or (5295.2 and 5293.1) or (5296.1 and 5291.1) or (5290.1 and 5295.1) or (5288.1) or (5290.1 and 8503.1) or (5291.1 and 5295.3) or (10870.1 and 5294.1) or (5291.1 and 8503.1) or (5293.1 and 5295.1) or (5296.1 and 5290.1) or (5289.1) or (5293.1 and 8503.1) or (5291.1 and 5295.1) or (5290.1 and 5295.3),NA,PMID:10358929
PIACGT,0.5333741526726955,0,5.062722049724311,1.5406526594422758,Phosphatidylinositol N-Acetylglucosaminyltransferase,Phosphatidylinositol phosphate metabolism,(5279.1 and 51227.2 and 5283.1 and 5277.2 and 9091.1 and 8818.1) or (5279.1 and 51227.2 and 5283.1 and 9091.1 and 5277.2 and 8818.1) or (51227.1 and 9091.2 and 5277.3 and 5283.1 and 5279.2 and 8818.1) or (51227.2 and 5277.1 and 5283.1 and 9091.1 and 8818.2 and 5279.2) or (51227.3 and 9091.2 and 5277.3 and 5283.1 and 5279.2 and 8818.1) or (5279.1 and 51227.1 and 9091.2 and 5277.1 and 5283.1 and 8818.2) or (51227.3 and 9091.2 and 5277.1 and 5283.1 and 5279.2 and 8818.1) or (51227.1 and 9091.2 and 5277.1 and 5283.1 and 8818.1 and 5279.2) or (51227.3 and 9091.2 and 5277.3 and 5283.1 and 5279.2 and 8818.2) or (51227.1 and 5277.1 and 5283.1 and 9091.1 and 5279.2 and 8818.1) or (51227.2 and 5283.1 and 9091.1 and 5277.2 and 8818.1 and 5279.2) or (5279.1 and 51227.1 and 9091.2 and 5277.3 and 5283.1 and 8818.2) or (51227.3 and 9091.2 and 5277.1 and 5283.1 and 8818.2 and 5279.2) or (5279.1 and 51227.2 and 5277.3 and 5283.1 and 9091.1 and 8818.2) or (51227.1 and 5277.3 and 5283.1 and 9091.1 and 8818.1 and 5279.2) or (51227.2 and 5277.1 and 5283.1 and 9091.1 and 8818.1 and 5279.2) or (5279.1 and 51227.2 and 9091.2 and 5277.1 and 5283.1 and 8818.1) or (5279.1 and 51227.1 and 9091.2 and 5283.1 and 5277.2 and 8818.2) or (5279.1 and 9091.2 and 51227.2 and 5277.2 and 5283.1 and 8818.2) or (5279.1 and 9091.2 and 51227.2 and 5277.1 and 5283.1 and 8818.2) or (51227.3 and 5283.1 and 5277.2 and 9091.1 and 8818.1 and 5279.2) or (51227.2 and 5277.3 and 5283.1 and 9091.1 and 8818.1 and 5279.2) or (5279.1 and 51227.1 and 5283.1 and 5277.2 and 9091.1 and 8818.2) or (51227.3 and 9091.2 and 5283.1 and 5277.2 and 5279.2 and 8818.1) or (5279.1 and 51227.3 and 9091.2 and 5283.1 and 5277.2 and 8818.2) or (51227.1 and 9091.2 and 5277.3 and 5283.1 and 8818.2 and 5279.2) or (5279.1 and 51227.3 and 5277.3 and 5283.1 and 9091.1 and 8818.2) or (51227.1 and 5283.1 and 5277.2 and 9091.1 and 5279.2 and 8818.2) or (5279.1 and 51227.3 and 5277.1 and 5283.1 and 9091.1 and 8818.1) or (5279.1 and 51227.3 and 9091.2 and 5277.1 and 5283.1 and 8818.2) or (5279.1 and 51227.1 and 5277.3 and 5283.1 and 9091.1 and 8818.1) or (5279.1 and 51227.3 and 9091.2 and 5277.3 and 5283.1 and 8818.2) or (5279.1 and 51227.2 and 5277.3 and 9091.1 and 5283.1 and 8818.1) or (51227.2 and 5277.3 and 9091.1 and 5283.1 and 8818.2 and 5279.2) or (51227.2 and 9091.2 and 5277.2 and 5283.1 and 8818.1 and 5279.2) or (51227.1 and 9091.2 and 5277.1 and 5283.1 and 8818.2 and 5279.2) or (51227.1 and 5277.3 and 5283.1 and 9091.1 and 5279.2 and 8818.2) or (5279.1 and 51227.1 and 9091.2 and 5277.3 and 5283.1 and 8818.1) or (51227.2 and 9091.2 and 5277.3 and 5283.1 and 8818.1 and 5279.2) or (51227.3 and 5277.3 and 9091.1 and 5283.1 and 5279.2 and 8818.2) or (9091.2 and 51227.2 and 5277.3 and 5283.1 and 5279.2 and 8818.2) or (5279.1 and 9091.2 and 51227.2 and 5277.3 and 5283.1 and 8818.2) or (51227.1 and 5277.1 and 5283.1 and 9091.1 and 8818.2 and 5279.2) or (5279.1 and 9091.2 and 51227.2 and 5277.3 and 5283.1 and 8818.1) or (5279.1 and 51227.1 and 9091.2 and 5277.2 and 5283.1 and 8818.1) or (51227.3 and 5277.1 and 9091.1 and 5283.1 and 5279.2 and 8818.2) or (5279.1 and 51227.1 and 9091.1 and 5277.2 and 5283.1 and 8818.1) or (51227.1 and 5283.1 and 9091.1 and 5277.2 and 5279.2 and 8818.1) or (5279.1 and 51227.3 and 9091.2 and 5277.1 and 5283.1 and 8818.1) or (51227.3 and 5279.1 and 9091.2 and 5277.3 and 5283.1 and 8818.1) or (51227.3 and 5277.3 and 5283.1 and 9091.1 and 8818.1 and 5279.2) or (51227.3 and 9091.1 and 5283.1 and 5277.2 and 5279.2 and 8818.2) or (51227.3 and 5277.1 and 5283.1 and 9091.1 and 8818.1 and 5279.2) or (5279.1 and 51227.1 and 5277.3 and 5283.1 and 9091.1 and 8818.2) or (9091.2 and 51227.2 and 5277.1 and 5283.1 and 5279.2 and 8818.1) or (51227.1 and 9091.2 and 5277.2 and 5283.1 and 8818.1 and 5279.2) or (51227.2 and 5283.1 and 5277.2 and 9091.1 and 8818.2 and 5279.2) or (9091.2 and 51227.2 and 5277.1 and 5283.1 and 8818.2 and 5279.2) or (5279.1 and 51227.3 and 5277.1 and 5283.1 and 9091.1 and 8818.2) or (5279.1 and 51227.1 and 9091.2 and 5277.1 and 5283.1 and 8818.1) or (5279.1 and 51227.3 and 5277.3 and 5283.1 and 9091.1 and 8818.1) or (5279.1 and 51227.3 and 5283.1 and 5277.2 and 9091.1 and 8818.1) or (5279.1 and 51227.2 and 5277.1 and 9091.1 and 5283.1 and 8818.2) or (51227.3 and 9091.2 and 5283.1 and 5277.2 and 8818.2 and 5279.2) or (9091.2 and 51227.2 and 5283.1 and 5277.2 and 5279.2 and 8818.2) or (5279.1 and 51227.2 and 5277.1 and 9091.1 and 5283.1 and 8818.1) or (5279.1 and 51227.3 and 9091.2 and 5283.1 and 5277.2 and 8818.1) or (5279.1 and 51227.1 and 5277.1 and 5283.1 and 9091.1 and 8818.1) or (5279.1 and 9091.2 and 51227.2 and 5277.2 and 5283.1 and 8818.1) or (5279.1 and 51227.3 and 9091.1 and 5277.2 and 5283.1 and 8818.2) or (51227.1 and 9091.2 and 5283.1 and 5277.2 and 8818.2 and 5279.2) or (5279.1 and 51227.1 and 5277.1 and 9091.1 and 5283.1 and 8818.2),NA,"PMID:10814524,PMID:10907851,PMID:11331941,PMID:11418246,PMID:12655644,PMID:7680492,PMID:8193350,PMID:8407896,PMID:8806613,PMID:9325057,PMID:9463366"
PIK4,0.33201547934074677,0,0.3621828081239557,0.1816289023874124,Phosphatidylinositol 4-Kinase,Glycerophospholipid metabolism,5298.1 or 55361.1 or 5297.1,NA,"PMID:12324459,PMID:164238,PMID:8662589"
PIK5,0.7565787002141551,0,1.964431914217287,0.2722249619907547,Phosphatidylinositol 5-Kinase,Inositol phosphate metabolism,8394.1 or 23396.1 or 8395.1,NA,"PMID:10358929,PMID:9660759"
PIPLC,0.657504230979171,0,1.4207046265971053,0.2935650567542594,Phosphatidylinositol Phospholipase C,Inositol phosphate metabolism,23236.2 or 5336.1 or 23007.1 or 113026.1 or 89869.1 or 84812.1 or 9651.1 or 5335.1 or 51196.1 or 257068.1 or 5332.2 or 5331.1 or 5335.2 or 5334.1 or 5332.1 or 5330.1 or 23236.1 or 5333.1,NA,"PMID:10702670,PMID:10702683,PMID:10760467,PMID:11022047,PMID:11022048,PMID:11118617,PMID:12117804,PMID:12213492,PMID:12416999,PMID:13333955,PMID:15140260,PMID:1644792,PMID:2167438,PMID:7607669,PMID:7612006,PMID:7633416,PMID:7789993,PMID:7835906,PMID:7849701,PMID:7890667,PMID:8530101,PMID:9345909"
PIPLCn,0.7439595882609125,0,3.7327212537051833,0.5480215786760149,"Phosphatidylinositol Phospholipase C, Nucleus",Inositol phosphate metabolism,23236.2 or 23236.1,NA,"PMID:10760467,PMID:11118617,PMID:12213492"
PIter,-1.0843715577977397,0,-87.94225642499178,3.5597420925587415,"Phosphate Transport, Endoplasmic Reticulum","Transport, endoplasmic reticular",2542.1,NA,PMID:11879177
PLA2_2,-0.6002281667061723,0,12.446686222551612,49.82226414346099,Phospholipase A2,Glycerophospholipid metabolism,8398.1 or 5320.1 or 8398.2 or 50487.1 or 5321.1 or 81579.1 or 5322.1 or 64600.1 or 100137049.1 or 123745.1,NA,"PMID:9272153,PMID:9417066"
PLA2_2e,0.5918420591608571,0,34.762577621927484,8.91333535181647,Phospholipase A2,Glycerophospholipid metabolism,5322.1 or 5319.1 or 81579.1 or 64600.1 or 26279.1 or 5320.1 or 8399.1 or 30814.1,NA,"PMID:10455175,PMID:10681567,PMID:11031251,PMID:11112443,PMID:8300559,PMID:9188469,PMID:9272153,PMID:9886417"
PMEVKx,0.44880076533418123,0,2.630168256151226,1.0006529293201247,Phosphomevalonate Kinase,Cholesterol metabolism,10654.1,NA,PMID:11111079
PPA2,0.36655323772058246,0,1.4144433580259326,0.6556455620153109,Inorganic Triphosphatase,Miscellaneous,NA,NA,PMID:14802382
PPAer,-0.8943581144804685,0,0.9649382619261665,17.3031616906777,"Inorganic Diphosphatase, Endoplasmic Reticulum",Miscellaneous,2538.1 or 92579.1 or 57818.1,NA,NA
PPAm,0.35381198274112324,0,936.597452722168,447.0473438407898,Inorganic Diphosphatase,Oxidative phosphorylation,27068.4 or 27068.1 or 27068.3 or 27068.2,NA,"PMID:10542310,PMID:15533045"
PPAP,0.87427163077847,0,3.4283373343762427,0.22997694417077713,Phosphatidic Acid Phosphatase,Triacylglycerol synthesis,8612.1 or 8611.1 or 8613.1 or 8611.2,NA,NA
PPDOy,1,0,1.3856368446588516,0,"Propane-1, 2-Diol:NADP+ 1-Oxidoreductase",Pyruvate metabolism,8574.1 or 231.1 or 10327.2 or 10327.1,NA,"PMID:12071861,PMID:1537826,PMID:9823300"
PPItr,-1,0,-90.21736390264034,NA,"Diphosphate Transporter, Endoplasmic Reticulum","Transport, endoplasmic reticular",NA,NA,NA
PPItx,-1,0,-10.51483698665537,NA,"Diphosphate Transporter, Peroxisome","Transport, peroxisomal",NA,NA,NA
PRAGSr,-0.34449922149750895,0,0.4993223867278146,1.0241613469407551,Phosphoribosylglycinamide Synthase,Purine synthesis,2618.1 or 2618.2,NA,NA
PRASCS,-0.34449922149750895,0,0.4993223867278146,1.0241613469407551,Phosphoribosylaminoimidazolesuccinocarboxamide Synthase,Purine synthesis,10606.1,NA,NA
PRGNLONESULT,-1,0,NA,0.08703967572438087,Steroid Sulfotransferase,Steroid metabolism,6822.1 or 6820.2 or 6818.1,NA,"PMID:12145317,PMID:9799594"
PRGNLONEtm,-0.338271084314094,0,-21.292285721952467,-10.528301260042191,"Transport of Pregnenolone, Mitochondrial","Transport, mitochondrial",NA,NA,NA
PRGNLONEtr,-0.7841496477399634,0,10.525496683886583,87.00037319476381,"Transport of Pregnenolone, Endoplasmatic Reticulum","Transport, endoplasmic reticular",NA,NA,NA
PRISTANALtx,0.9985358218366358,0,437.7064251161575,0.3206748573715249,"Transport of Pristanal, Peroxisomal","Transport, peroxisomal",NA,NA,NA
PROSTGD2t,1.0635991638179108,0,5.3170868467588095,-0.16387013686099286,Prostaglandin Transport via Bicarbonate Antiport,"Transport, extracellular",6578.1,NA,"PMID:12507753,PMID:8787677,PMID:9334206"
PROSTGE1t,-0.9986025924833527,0,-11.082415725312918,-0.007748739592055786,Prostaglandin Transport via Bicarbonate Antiport,"Transport, extracellular",6578.1,NA,"PMID:12507753,PMID:8787677,PMID:9334206"
PROSTGE2t,-0.7973527192162707,0,0.07337927009249105,0.6508275370129384,Prostaglandin Transport via Bicarbonate Antiport,"Transport, extracellular",28231.1 or 6578.1 or 28232.1 or 6579.1,NA,"PMID:12507753,PMID:8787677,PMID:9334206"
PROSTGE2t2,1.1772747404611137,0,0.22384335432592778,-2.749226877592504,Prostaglandin Uniport,"Transport, extracellular",6582.2 or 6582.1 or 6580.1,NA,"PMID:12827517,PMID:12883891,PMID:9187257"
PROSTGF2t,1.4845206253483962,0,0.09521674298413418,-0.018568763480416237,Prostaglandin Uniport,"Transport, extracellular",6582.2 or 6582.1 or 6580.1,NA,"PMID:12827517,PMID:12883891,PMID:9187257"
PROSTGI2tr,-1.0006527922989192,0,-0.2161753758959705,662.5259981292248,"Prostaglandin I2 Transport, Endoplasmatic Reticulum","Transport, endoplasmic reticular",NA,NA,"PMID:12827517,PMID:12883891,PMID:9187257"
PROtm,1,0,20.28662843876686,NA,"Transport of L-Proline, Mitochondrial","Transport, mitochondrial",NA,NA,NA
PSSA1_hs,0.49470974932875755,0,-225.8868196204424,-668.2005660766602,Phosphatidylserine Synthase Homo Sapiens,Glycerophospholipid metabolism,9791.1,NA,NA
PSSA2_hs,-1.0020967472885192,0,-177.06163143577277,0.18543234542311313,Phosphatidylserine Synthase Homo Sapiens,Glycerophospholipid metabolism,81490.1,NA,NA
PTDCACRNCPT1,-1.4377390544232322,0,-1.183367231837168,6.590091717027916,Carnitine Fatty-Acyl Transferase,Fatty acid oxidation,1375.1 or 1375.4 or 1375.3 or 1374.1 or 126129.1 or 1375.2,NA,PMID:1988962
PTDCACRNCPT2,-1.4377390544232322,0,-1.183367231837168,6.590091717027916,Pentadecanoate Transport into the Mitochondria,Fatty acid oxidation,1376.1,NA,"PMID:11274214,PMID:1528846,PMID:1988962"
PTDCAt,-1.3402035523540732,0,-0.9881208462491394,6.7971186618906065,Fatty Acid Transport via Diffusion,"Transport, extracellular",NA,NA,NA
PTE3x,0.6705714880222894,0,0.9447964817800137,0.18630923689654955,Peroxisomal Acyl Coenzyme A Thioesterase,Fatty acid oxidation,10965.1,NA,PMID:10944470
PTE4x,-1,0,NA,0.20336716278839775,Peroxisomal Acyl Coenzyme A Thioesterase,Fatty acid oxidation,10965.1,NA,PMID:10944470
PTHPS,0.36655323772058246,0,1.4144433580259326,0.6556455620153109,6-Pyruvoyltetrahydropterin Synthase,Tetrahydrobiopterin metabolism,5805.1,NA,PMID:10727395
PTRCOX1,0.5368875335395565,0,20.704340560837636,6.238867850976507,Putrescine:Oxygen Oxidoreductase (Deaminating),Arginine and proline metabolism,26.1 or 314.1 or 8639.1 or 314.2,NA,PMID:9119395
PYNP2r,-0.5947934136555066,0,227.62082202560902,895.8595442687988,Pyrimidine-Nucleoside Phosphorylase (Uracil),Pyrimidine catabolism,7378.2 or 151531.1 or 7378.1,NA,"PMID:11278417,PMID:12084455,PMID:12849978,PMID:7488099"
PYRt2m,0.43960310501624306,0,44.97146730751097,17.50612412141771,Pyruvate Mitochondrial Transport via Proton Symport,"Transport, mitochondrial",6566.1,NA,"PMID:14598172,PMID:6987111"
RAI1,-1,0,NA,0.8754947018146515,Retinal Isomerase (11-Cis),Vitamin A metabolism,NA,NA,PMID:1503811
RAI2,1,0,0.4035812962532043,NA,Retinal Isomerase (9-Cis),Vitamin A metabolism,NA,NA,PMID:1503811
RAI3,-0.42330931163227803,0,3.7282325069829554,9.201515041171245,13-Cis-Retinoic Acid Isomerase,Vitamin A metabolism,2944.1 or 2944.2,NA,"PMID:1503811,PMID:9677409,PMID:9806904"
RDH2,0.4090403902470252,0,-168.05849610507488,-400.7062496795803,"Retinol Dehydrogenase (9-Cis, NADH)",Vitamin A metabolism,5959.1,NA,"PMID:12226107,PMID:1503811,PMID:7836368,PMID:9115228"
RDH2a,-0.41004092042141327,0,167.65491470396518,400.7062496795803,"Retinol Dehydrogenase (9-Cis, NADPH)",Vitamin A metabolism,195814.1 or 112724.1 or 145226.1 or 51109.1 or 57665.1 or 50700.1,NA,"PMID:12226107,PMID:12372410,PMID:12435598,PMID:1503811,PMID:15258582,PMID:15322982"
RDH3,0.3423599361636174,0,-283.45537930521965,-578.5826712711572,"Retinol Dehydrogenase (11-Cis, NADH)",Vitamin A metabolism,5959.1,NA,"PMID:12226107,PMID:1503811,PMID:7836368"
RDH3a,-0.3416913509402071,0,283.45537930521965,577.7071763138056,"Retinol Dehydrogenase (11-Cis, NADPH)",Vitamin A metabolism,112724.1 or 145226.1 or 51109.1 or 57665.1 or 195814.1,NA,"PMID:12226107,PMID:12372410,PMID:1503811,PMID:15258582,PMID:15322982"
RDH4,1.0448753905082004,0,22.4138439786911,-0.49187838339805606,"Retinol Dehydrogenase (13-Cis, NADH)",Vitamin A metabolism,5959.1,NA,PMID:9115228
RETI1,1,0,NA,-0.8754947018146515,Retinol Isomerase (11-Cis),Vitamin A metabolism,NA,NA,PMID:1503811
RETI2,-1,0,-0.4035812962532043,NA,Retinol Isomerase (9-Cis),Vitamin A metabolism,NA,NA,PMID:1503811
RETI3,1.0448753905082004,0,22.4138439786911,-0.49187838339805606,Retinol Isomerase (13-Cis),Vitamin A metabolism,NA,NA,PMID:11606944
RETNGLCt,0.4317235114413936,0,2.310376363503674,0.9170294100841231,Retinoyl Glucuronide Efflux,"Transport, extracellular",NA,NA,PMID:1503811
RETNGLCt2,0.5363763910380902,0,31.464338679277525,9.494815422300249,Retinoyl Glucuronide Efflux (13-Cis),"Transport, endoplasmic reticular",NA,NA,"PMID:14704335,PMID:2324641"
RETNGLCt2r,0.3828691172115518,0,0.6572285622486078,0.2933003837934561,Retinoyl Glucuronide Efflux (13-Cis) from Er,"Transport, endoplasmic reticular",NA,NA,"PMID:14704335,PMID:2324641"
RETNGLCtr,0.4317235114413936,0,2.310376363503674,0.9170294100841231,Retinoyl Glucuronide Efflux from Er,"Transport, endoplasmic reticular",NA,NA,"PMID:14704335,PMID:2324641"
RIBFLVt3,0.3693221156131132,0,0.4040871450848041,0.18611313062442786,Riboflavin Transport (ATP Dependent),"Transport, extracellular",113278.1,NA,PMID:8304455
RTOTAL2t,0.6372228187423503,0,-179.94114893413783,-812.0790674991607,Rtotal2 Transport,"Transport, extracellular",NA,NA,PMID:14598172
RTOTAL3CRNCPT1,0.7536249903342135,0,0.9842796078502357,0.13828606414403422,Carnitine Fatty-Acyl Transferase,Fatty acid oxidation,1375.1 or 1375.4 or 1375.1 or 1374.1 or 126129.1 or 1375.2,NA,PMID:1988962
RTOTAL3CRNCPT2,0.7536249903342135,0,0.9842796078502357,0.13828606414403422,R Group Transport into the Mitochondria,Fatty acid oxidation,1376.1,NA,"PMID:11274214,PMID:1528846,PMID:1988962"
RTOTAL3CRNt,0.7536249903342135,0,0.9842796078502357,0.13828606414403422,R Group Transport into the Mitochondria,Fatty acid oxidation,788.1,NA,PMID:14598172
S23Tg,0.5724787289909802,0,0.13850741569172015,0.03765702219622108,"Beta-Galactoside Alpha-2, 3-Sialyltransferase (T Antigen)",O-glycan metabolism,6482.1 or 6482.2,NA,"PMID:10504389,PMID:8027041"
S2L2FN2M2MASNtly,0.6298804701801117,0,0.1892083335258609,0.04296615655187129,"Transport of Pa6, Lysosomal","Transport, lysosomal",NA,NA,NA
S2T1g,0.35968106558519186,0,0.051915715255677515,0.02444883312219308,"Chondroitin 2-Sulfotransferase, Golgi",Chondroitin synthesis,10090.1,NA,"PMID:10187838,PMID:12512856"
S2T2g,0.35968106558519186,0,0.051915715255677515,0.02444883312219308,"Chondroitin 2-Sulfotransferase, Golgi",Chondroitin synthesis,10090.1,NA,"PMID:10187838,PMID:12512856"
S2T3g,0.3537593047679536,0,0.05638361161342109,0.02691570372991573,"Uronyl 2-Sulfotransferase, Golgi",Chondroitin synthesis,10090.1,NA,"PMID:10187838,PMID:12512856"
S4T1g,0.8637865223079007,0,0.8951466984324273,0.06542114312914782,"Chondroitin 4-Sulfotransferase, Golgi Apparatus",Chondroitin synthesis,113189.1 or 50515.1 or 166012.1 or 55501.1,NA,"PMID:10722746,PMID:10781601,PMID:11056388,PMID:1147079,PMID:12080076,PMID:12512856,PMID:12847091"
S4T2g,0.8874945879113533,0,0.6460027761562336,0.038505439436672034,"Chondroitin 4-Sulfotransferase, Golgi Apparatus",Chondroitin synthesis,113189.1 or 50515.1 or 166012.1 or 55501.1,NA,"PMID:10722746,PMID:10781601,PMID:11056388,PMID:1147079,PMID:12080076,PMID:12512856,PMID:12847091"
S4T3g,0.7088190719227581,0,0.19276031402114482,0.0328461497506476,"Chondroitin 4-Sulfotransferase, Golgi Apparatus",Chondroitin synthesis,113189.1 or 50515.1 or 166012.1 or 55501.1,NA,"PMID:10722746,PMID:10781601,PMID:11056388,PMID:1147079,PMID:12080076,PMID:12512856,PMID:12847091"
S4T4g,-1,0,NA,0.05313825364323275,"Chondroitin 4-Sulfotransferase, Golgi Apparatus",Chondroitin synthesis,NA,NA,"PMID:10781601,PMID:12512856"
S4T5g,-1,0,NA,0.020292103916873576,"Chondroitin 4-Sulfotransferase, Golgi Apparatus",Chondroitin synthesis,NA,NA,"PMID:10781601,PMID:12512856"
S4T6g,0.3537593047679536,0,0.05638361161342109,0.02691570372991573,"Chondroitin 4-Sulfotransferase, Golgi Apparatus",Chondroitin synthesis,166012.1 or 113189.1 or 50515.1 or 55501.1,NA,"PMID:10722746,PMID:10781601,PMID:11056388,PMID:1147079,PMID:12080076,PMID:12512856,PMID:12847091"
S4TASE1ly,-0.6552697936827726,0,0.5200962878190206,2.4973143033516187,"N-Acetylgalactosamine-4-Sulfatase, Lysosomal",Chondroitin sulfate degradation,411.2 or 411.1,NA,"PMID:1968043,PMID:2303452"
S4TASE4ly,0.9572008476718775,0,1.1050952347590997,0.024165705500177864,"N-Acetylgalactosamine-4-Sulfatase, Lysosomal",Chondroitin sulfate degradation,411.1 or 411.2,NA,"PMID:1968043,PMID:2303452"
S4TASE5ly,0.961923927182959,0,1.1072327161399778,0.021488638239755893,"N-Acetylgalactosamine-4-Sulfatase, Lysosomal",Chondroitin sulfate degradation,411.1 or 411.2,NA,"PMID:1968043,PMID:2303452"
S6T20g,0.6261171840832566,0,0.167908316355219,0.038606094781613504,"Chondroitin 6-Sulfotransferase, Golgi Apparatus",Chondroitin synthesis,9469.1 or 56548.1,NA,"PMID:10781596,PMID:10913333,PMID:10956661,PMID:12512856,PMID:8991509,PMID:9714738,PMID:9883891"
S6T21g,0.35968106558519186,0,0.051915715255677515,0.02444883312219308,"Chondroitin 6-Sulfotransferase, Golgi Apparatus",Chondroitin synthesis,9469.1 or 56548.1,NA,"PMID:10781596,PMID:10913333,PMID:10956661,PMID:12512856,PMID:8991509,PMID:9714738,PMID:9883891"
S6T23g,0.7088190719227581,0,0.19276031402114482,0.0328461497506476,"Chondroitin 6-Sulfotransferase, Golgi Apparatus",Chondroitin synthesis,56548.1,NA,"PMID:10781596,PMID:10913333,PMID:10956661,PMID:12512856,PMID:9883891"
S6T24g,-1,0,NA,0.020292103916873576,"Chondroitin 6-Sulfotransferase, Golgi Apparatus",Chondroitin synthesis,9469.1 or 56548.1,NA,"PMID:10781596,PMID:10913333,PMID:10956661,PMID:12512856,PMID:8991509,PMID:9714738,PMID:9883891"
S6TASE14ly,0.34951379804264526,0,0.11310286033556877,0.054517301087922895,"N-Acetylglucosamine-6-Sulfatase, Lysosomal",Keratan sulfate degradation,2799.1,NA,"PMID:3196333,PMID:3689314,PMID:3689315"
S6TASE16ly,0.3721216034815219,0,0.11445082699003224,0.05237232731295812,"N-Acetylglucosamine-6-Sulfatase, Lysosomal",Keratan sulfate degradation,2799.1,NA,"PMID:3196333,PMID:3689314,PMID:3689315"
S6TASE17ly,0.3878125550669071,0,0.11813103058622164,0.05210958318388002,"N-Acetylglucosamine-6-Sulfatase, Lysosomal",Keratan sulfate degradation,2799.1,NA,"PMID:3196333,PMID:3689314,PMID:3689315"
S6TASE18ly,0.38754234759449807,0,0.11439062921247478,0.05049173190722322,"N-Acetylglucosamine-6-Sulfatase, Lysosomal",Keratan sulfate degradation,2799.1,NA,"PMID:3196333,PMID:3689314,PMID:3689315"
S6TASE19ly,0.37250834658214216,0,0.09834596174586295,0.04496240062696597,"N-Acetylglucosamine-6-Sulfatase, Lysosomal",Keratan sulfate degradation,2799.1,NA,"PMID:3196333,PMID:3689314,PMID:3689315"
S6TASE22ly,0.4360587704763466,0,0.42215588535795107,0.16578089555515907,"Galactose-6-Sulfate Sulfatase, Lysosomal",Keratan sulfate degradation,5476.1 and 2720.1 and 2588.1 and 4758.1,NA,"PMID:11550799,PMID:1755850,PMID:1794986,PMID:1953646,PMID:2111707,PMID:3143362,PMID:39554,PMID:7213753,PMID:7575473,PMID:8985184,PMID:9020182,PMID:9054950"
S6TASE24ly,0.4545745743130096,0,0.31728486046630533,0.11897308886043556,"N-Acetylglucosamine-6-Sulfatase, Lysosomal",Keratan sulfate degradation,2799.1,NA,"PMID:3196333,PMID:3689314,PMID:3689315"
S6TASE25ly,0.3312976439883703,0,0.20513286947482556,0.10303693823290523,"Galactose-6-Sulfate Sulfatase, Lysosomal",Keratan sulfate degradation,5476.1 and 2720.1 and 2588.1 and 4758.1,NA,"PMID:11550799,PMID:1755850,PMID:1794986,PMID:1953646,PMID:2111707,PMID:3143362,PMID:39554,PMID:7213753,PMID:7575473,PMID:8985184,PMID:9020182,PMID:9054950"
S6TASE4ly,-0.48021506221585236,0,0.8663101805308493,2.4670306593324405,"N-Acetylgalactosamine-6-Sulfatase, Lysosomal",Chondroitin sulfate degradation,5476.1 and 2720.1 and 2588.1 and 4758.1,NA,"PMID:11550799,PMID:1755850,PMID:1794986,PMID:1953646,PMID:2111707,PMID:3143362,PMID:39554,PMID:7213753,PMID:7575473,PMID:8985184,PMID:9020182,PMID:9054950"
S6TASE5ly,-0.3855322058828782,0,1.1019269044831494,2.4846789844924233,"N-Acetylgalactosamine-6-Sulfatase, Lysosomal",Chondroitin sulfate degradation,5476.1 and 2720.1 and 2588.1 and 4758.1,NA,"PMID:11550799,PMID:1755850,PMID:1794986,PMID:1953646,PMID:2111707,PMID:3143362,PMID:39554,PMID:7213753,PMID:7575473,PMID:8985184,PMID:9020182,PMID:9054950"
S6TASE6ly,-0.7729529462283016,0,0.1578166503474953,1.2323502575762162,"N-Acetylgalactosamine-6-Sulfatase, Lysosomal",Chondroitin sulfate degradation,5476.1 and 2720.1 and 2588.1 and 4758.1,NA,"PMID:11550799,PMID:1755850,PMID:1794986,PMID:1953646,PMID:2111707,PMID:3143362,PMID:39554,PMID:7213753,PMID:7575473,PMID:8985184,PMID:9020182,PMID:9054950"
S6TASE7ly,-0.8275315681192281,0,0.11477094638381531,1.2161502562065463,"N-Acetylgalactosamine-6-Sulfatase, Lysosomal",Chondroitin sulfate degradation,5476.1 and 2720.1 and 2588.1 and 4758.1,NA,"PMID:11550799,PMID:1755850,PMID:1794986,PMID:1953646,PMID:2111707,PMID:3143362,PMID:39554,PMID:7213753,PMID:7575473,PMID:8985184,PMID:9020182,PMID:9054950"
S6TASE8ly,0.9572008476718775,0,1.1050952347590997,0.024165705500177864,"N-Acetylgalactosamine-6-Sulfatase, Lysosomal",Chondroitin sulfate degradation,5476.1 and 2720.1 and 2588.1 and 4758.1,NA,"PMID:11550799,PMID:1755850,PMID:1794986,PMID:1953646,PMID:2111707,PMID:3143362,PMID:39554,PMID:7213753,PMID:7575473,PMID:8985184,PMID:9020182,PMID:9054950"
S6TASE9ly,0.961923927182959,0,1.1072327161399778,0.021488638239755893,"N-Acetylgalactosamine-6-Sulfatase, Lysosomal",Chondroitin sulfate degradation,5476.1 and 2720.1 and 2588.1 and 4758.1,NA,"PMID:11550799,PMID:1755850,PMID:1794986,PMID:1953646,PMID:2111707,PMID:3143362,PMID:39554,PMID:7213753,PMID:7575473,PMID:8985184,PMID:9020182,PMID:9054950"
SALMCOM2,0.612755001065774,0,6.074226490313335,1.458506610869721,S-Adenosyl-L-Methionine:Catechol O-Methyltransferase,Tyrosine metabolism,118881.1,NA,PMID:7897657
SARCStm,1,0,85.75101093968749,NA,"Transport of Sarcosine, Mitochondrial","Transport, mitochondrial",NA,NA,NA
SARDHm,1,0,85.75101093968749,NA,"Sarcosine Dehydrogenase, Mitochondrial",Urea cycle,1757.1,NA,PMID:10444331
SBTD_D2,0.5157801660451687,0,3.687709891106943,1.1780483154126336,D-Sorbitol Dehydrogenase (D-Fructose Producing),Fructose and mannose metabolism,6652.1,NA,PMID:14965227
SBTR,0.5157801660451687,0,3.687709891106943,1.1780483154126336,D-Sorbitol Reductase,Fructose and mannose metabolism,8574.1 or 10327.1 or 231.1 or 10327.2,NA,"PMID:12071861,PMID:9823300"
SCP2x,-0.5918307917880633,0,33.19553857710361,129.4602321632862,Peroxisomal Thiolase 2,Bile acid synthesis,6342.1,NA,PMID:1703300
SCPx,0.6484847336526851,0,10.101831246234104,2.154067810653895,Peroxisomal Thiolase 2,Bile acid synthesis,6342.1,NA,NA
SERALANaEx,0.8544634612597891,0,55.63419428168833,4.366118955968518,L-Alanine/L-Serine Na-Dependent Exchange (Ser-L In),"Transport, extracellular",6509.1 or 6510.1,NA,PMID:14530974
SERASNNaEx,-0.5916654705756255,0,23.821359129523113,92.8543438197419,L-Serine/L-Asparagine Na-Dependent Exchange (Ser-L In),"Transport, extracellular",6510.1,NA,PMID:14530974
SERCYSNaEx,0.5167173421751318,0,240.69756870900244,76.69521373761594,L-Serine/L-Cysteine Na-Dependent Exchange (Ser-L In),"Transport, extracellular",6509.1 or 6510.1,NA,PMID:14530974
SERGLNNaEx,0.8976586000326741,0,18.308887507510022,0.987404783626832,L-Serine/L-Glutamine Na-Dependent Exchange (Ser-L In),"Transport, extracellular",6510.1,NA,PMID:14530974
SERPT,0.5887049987833287,0,18.86292056064755,4.883364086399274,Serine C-Palmitoyltransferase,Sphingolipid metabolism,10558.1 and 9517.1 and 55304.1,NA,NA
SERt4,0.9984634682266411,7.328662286999046e-12,3.8038326242983342,0.002924601715616882,L-Serine via Sodium Symport,"Transport, extracellular",81539.1 or 11254.1 or 54407.1 or 55089.1 or (340024.1 and 57393.1) or (340024.1 and 59272.1),NA,"PMID:10747860,PMID:10891391,PMID:10930503,PMID:11325958,PMID:11342143,PMID:11414754"
SERtN1,1,5.060235849784284e-6,16.03888275566101,0,"Serine Transport (Na, H Coupled)","Transport, extracellular",92745.1,NA,PMID:12845534
SFGTH,0.4878829928033787,0,10.971678992377967,3.77636106916719,S-Formylglutathione Hydralase,Tyrosine metabolism,2098.1,NA,"PMID:4436331,PMID:8460164"
SGALSIDEtg,0.5392809186568435,0,-0.46533425309106263,-1.5547003924654068,Transport of Sulfatide Galactocerebroside,"Transport, golgi apparatus",NA,NA,NA
SGALSIDEtl,-0.5392809186568436,0,0.46533425309106263,1.554700392465407,Transport of Sulfatide Galactocerebroside,"Transport, lysosomal",NA,NA,NA
SGPL12r,0.8286527844327798,0,6.095686471772166,0.571173988195312,Sphingosine-1-Phosphate Lyase,Sphingolipid metabolism,8879.1,NA,"PMID:11018465,PMID:14570870"
SIAASE3ly,0.4360587704763466,0,0.42215588535795107,0.16578089555515907,"Sialidase, Lysosomal",Keratan sulfate degradation,5476.1 and 2720.1 and 2588.1 and 4758.1,NA,"PMID:11550799,PMID:1755850,PMID:1794986,PMID:1953646,PMID:2111707,PMID:3143362,PMID:39554,PMID:7213753,PMID:7575473,PMID:8985184,PMID:9020182,PMID:9054950"
SIAASE4ly,0.3312976439883703,0,0.20513286947482556,0.10303693823290523,"Sialidase, Lysosomal",Keratan sulfate degradation,5476.1 and 2720.1 and 2588.1 and 4758.1,NA,"PMID:11550799,PMID:1755850,PMID:1794986,PMID:1953646,PMID:2111707,PMID:3143362,PMID:39554,PMID:7213753,PMID:7575473,PMID:8985184,PMID:9020182,PMID:9054950"
SIAASEly,0.6298804701801117,0,0.1892083335258609,0.04296615655187129,"Sialidase, Lysosomal",N-glycan degradation,5476.1 and 2720.1 and 2588.1 and 4758.1,NA,"PMID:11550799,PMID:1755850,PMID:1794986,PMID:1953646,PMID:2111707,PMID:3143362,PMID:39554,PMID:7213753,PMID:7575473,PMID:8985184,PMID:9020182,PMID:9054950"
sink_pre_prot[r],-0.5333741526726955,0,-5.062722049724311,-1.5406526594422758,Glycophosphatidylinositol (Gpi)-Anchored Protein Precursor Sink,Exchange/demand reaction,NA,NA,NA
SMPD3g,-0.47676390219787945,0,0.8989266790221241,2.537100318343351,"Sphingomyelin Phosphodiesterase 3, Neutral Membrane (Neutral Sphingomyelinase Ii)",Sphingolipid metabolism,55512.1 or 55512.2 or 339221.1 or 55627.1,NA,NA
SMPD3l,0.7546823191712947,0,2.6669352041694316,0.372857440950487,"Sphingomyelin Phosphodiesterase 3, Neutral Membrane (Neutral Sphingomyelinase Ii)",Sphingolipid metabolism,55512.1 or 55512.2 or 6609.1,NA,PMID:10823942
SMPD4,1,0,3.378544462313677,NA,Sphingomyelinase,Sphingolipid metabolism,6610.1,NA,"PMID:12069827,PMID:9972865"
SO4OXAtex2,0.8511280084813517,0,67.18501257778406,5.403173944121599,Sulfate Transport via Oxalate Antiport (2:1),"Transport, extracellular",65010.1 or 65010.3 or 65010.2,NA,PMID:12759755
SPC_HSt,-1,0,-3.378544462313677,NA,Sphingosylphosphorylcholine Transport (Diffusion),"Transport, extracellular",NA,NA,PMID:12069827
SPHGNtr,-0.5193865246914416,0,3.9125502643116343,12.36893356965594,Sphinganine Intracellular Transport,"Transport, endoplasmic reticular",NA,NA,NA
SPHINGStr,-0.473916885032,0,-15.58112330086995,-5.561348787075048,Sphingosine Intracellular Transport,"Transport, endoplasmic reticular",NA,NA,NA
SPHK21c,0.521024738311161,0,8.266365029633418,2.603103193232976,Sphingosine Kinase 2,Sphingolipid metabolism,56848.1 or 8877.1,NA,PMID:10751414
SPHS1Ptr,0.7713143001770486,0,6.622335991956643,0.8549773129658308,Sphingosine-1-Phosphate Transport,"Transport, endoplasmic reticular",NA,NA,"PMID:15052333,PMID:15585321"
SPODMe,-0.6250493488085045,0,2.7513867074143143,11.92460704627633,"Superoxide Dismutase, Extracellular",ROS detoxification,6649.1,NA,"PMID:12126755,PMID:3476950,PMID:9228011"
SPODMx,0.5450942208067366,0,38.45866455502212,11.322978579908227,"Superoxide Dismutase, Peroxisome",ROS detoxification,6647.1,NA,"PMID:1332049,PMID:3889846"
SPR,0.4493529840796361,0,1.1311078817985847,0.42973739774780206,Sepiapterin Reductase,Tetrahydrobiopterin metabolism,6697.1,NA,PMID:10727395
SRTNACT,-0.3952211554432948,0,3.9065133666506853,9.012302831406332,Acetyl Coenzyme A:Aralkylamine N-Acetyltransferase,Tryptophan metabolism,15.1,NA,PMID:8661026
SRTNt6_2_r,0.33239983390189476,0,-69.03660734857321,-137.78361485738753,Seratonin Reversible Transport in via Sodium Symport/Potassium Antiport (1:2),"Transport, extracellular",6532.1,NA,PMID:12719981
SRTNtu,0.6019585939333256,0,146.10797663431615,36.303700156372784,Serotonin Uniport,"Transport, extracellular",6580.1 or 6582.2 or 6582.1,NA,PMID:12883891
ST3GAL21g,0.5292033783249079,0,0.20642755027931745,0.06355295487159132,"CMP-N-Acetylneuraminate-Beta-Galactosamide-Alpha-2, 3-Sialyltransferase, Golgi Apparatus",Sphingolipid metabolism,6483.1,NA,PMID:9266697
ST3GAL22g,0.5447472047860871,0,0.29864099951378825,0.08801255595277543,"CMP-N-Acetylneuraminate-Beta-Galactosamide-Alpha-2, 3-Sialyltransferase, Golgi Apparatus",Sphingolipid metabolism,6483.1,NA,PMID:9266697
ST3GAL61g,0.45063115387881075,0,0.3139685632998764,0.11890310426408396,"Type 2 Lactosamine Alpha-2, 3-Sialyltransferase",Blood group synthesis,10402.1,NA,PMID:10206952
ST6GALNAC23,0.7118415590290901,0,0.383865060095302,0.06461693646636558,"Alpha-N-Acetylgalactosaminide Alpha-2, 6-Sialyltransferase 2",Sphingolipid metabolism,10610.1,NA,NA
ST6GALNAC24,0.7118415590290901,0,0.383865060095302,0.06461693646636558,"Alpha-N-Acetylgalactosaminide Alpha-2, 6-Sialyltransferase 2",Sphingolipid metabolism,10610.1,NA,NA
ST6GALNAC27,0.3531416901810567,0,0.11393228783152967,0.05446439768672526,"Alpha-N-Acetylgalactosaminide Alpha-2, 6-Sialyltransferase 2",Sphingolipid metabolism,10610.1,NA,NA
ST8SIA51g,0.4911874461847489,0,1.1261453281676863,0.3842554347262951,"Beta-Galactoside Alpha-2, 3-Sialyltransferase",Sphingolipid metabolism,29906.1,NA,PMID:9199191
ST8SIA53g,0.5447472047860871,0,0.29864099951378825,0.08801255595277543,"Beta-Galactoside Alpha-2, 3-Sialyltransferase",Sphingolipid metabolism,29906.1,NA,PMID:9199191
ST8SIA54g,0.5292033783249079,0,0.20642755027931745,0.06355295487159132,"Beta-Galactoside Alpha-2, 3-Sialyltransferase",Sphingolipid metabolism,29906.1,NA,PMID:9199191
ST8SIA55g,0.3531416901810567,0,0.11393228783152967,0.05446439768672526,"Beta-Galactoside Alpha-2, 3-Sialyltransferase",Sphingolipid metabolism,29906.1,NA,PMID:9199191
ST8SIA56g,0.5009949190022175,0,0.17306758903860464,0.05753624159081665,"Alpha-2, 8-Sialyltransferase 8E",Blood group synthesis,29906.1,NA,PMID:9199191
STRDNCCPT1,0.7337504215609568,0,6.088001966199611,0.9349257752896941,Carnitine O-Palmitoyltransferase,Fatty acid oxidation,1375.1 or 1375.3 or 1375.4 or 126129.1 or 1374.1 or 1375.2,NA,NA
STRDNCt,8.705759427480956,0,2.8230169159967278,-3.5557200175052013,Fatty Acid Transport via Diffusion,"Transport, extracellular",NA,NA,"PMID:11788354,PMID:12864740"
STS1r,-0.5121174726477595,0,50.64116210933789,156.95455722978116,Steryl-Sulfatase,Steroid metabolism,412.1,NA,"PMID:2668275,PMID:6957717"
SUCCtp,-0.5118235885431495,0,-3.4057595626305788,-1.0997390794596635,"Succinate Transporter, Peroxisome","Transport, peroxisomal",NA,NA,NA
SUCOAS1m,0.8043568174067594,0,-108.35777002919912,-999.3503401428222,Succinate- Coenzyme A Ligase (GDP-Forming),Citric acid cycle,8802.1 and 8801.1,NA,PMID:9765291
TAGAT_Dt,0.49034380060201666,0,1.3514567353237885,0.4621606793665327,D-Tagatose Uptake via Diffusion,"Transport, extracellular",NA,NA,NA
TAURt4_2_r,0.999999977726014,0,-9.729380905628204e-6,-873.6093082015991,Taurine Transport (Sodium Symport) (2:1),"Transport, extracellular",6533.1,NA,PMID:12719981
TAURtcx,0.9439851981295018,0,-23.38566963338852,-811.5961156259536,Taurine Transport (Sodium Symport) (Cytosol to Peroxisome),Taurine and hypotaurine metabolism,6533.1,NA,PMID:8010975
TCHOLAt,-0.883471726407536,0,-116.6507843327269,-7.2170525954358284,Taurocholate Transport via Bicarbonate Antiport,"Transport, extracellular",28231.1 or 6579.1 or 28234.1 or 10599.1,NA,"PMID:12507753,PMID:9007731,PMID:9334206"
TCHOLAtx,-0.8801076801695464,0,0.736681104955443,11.552364698766171,Bile Acid Intracellular Transport,"Transport, peroxisomal",NA,NA,NA
TCYNTt,-0.6893877452503189,0,114.17610856980086,620.9919784833908,Thiocyanate Transport via Diffusion (Cytosol to Extracellular),"Transport, extracellular",NA,NA,PMID:6351723
TCYNTtm,-0.6484042043216207,0,31.717054710002245,148.7006584700227,"Thiocyanate Transport via Diffusion, Mitochondrial","Transport, mitochondrial",NA,NA,PMID:6351723
TDCHOLAtx,0.9933600856227207,0,-2.7405917602330447,-822.7494987779618,Bile Acid Intracellular Transport,"Transport, peroxisomal",NA,NA,NA
TETPENT3COAtx,0.33323362492553193,0,0.8366037540942358,0.41839572754719745,Fatty Acid Intracellular Transport,"Transport, peroxisomal",NA,NA,NA
TETPENT3CPT1,-0.8705147596595834,0,-46.99103869320378,-3.2529259165763853,Carnitine O-Palmitoyltransferase,Fatty acid oxidation,1375.1 or 1375.3 or 1375.4 or 126129.1 or 1374.1 or 1375.2,NA,NA
TETPENT3CPT2,-0.8705147596595834,0,-46.99103869320378,-3.2529259165763853,Carnitine Transferase,Fatty acid oxidation,1376.1,NA,NA
TETPENT3CRNt,-0.8705147596595834,0,-46.99103869320378,-3.2529259165763853,Transport into the Mitochondria (Carnitine),Fatty acid oxidation,788.1,NA,NA
TETPENT6COAtx,0.3333776683192967,0,1.7484066375269787,0.8741161166313687,Fatty Acid Intracellular Transport,"Transport, peroxisomal",NA,NA,NA
TETPENT6CPT1,-1.0037396326261565,0,-99.93421067078636,0.18650987813414022,Carnitine O-Palmitoyltransferase,Fatty acid oxidation,1375.1 or 1375.3 or 1375.4 or 126129.1 or 1374.1 or 1375.2,NA,NA
TETPENT6CPT2,-1.0037396326261565,0,-99.93421067078636,0.18650987813414022,Carnitine Transferase,Fatty acid oxidation,1376.1,NA,NA
TETPENT6CRNt,-1.0037396326261416,0,-99.93421067078636,0.18650987813340072,Transport into the Mitochondria (Carnitine),Fatty acid oxidation,788.1,NA,NA
TETTET6COAtx,0.48324671427112975,0,1.410964691219425,0.4915707098622159,Fatty Acid Intracellular Transport,"Transport, peroxisomal",NA,NA,NA
TETTET6CPT1,-1.4729270296605999,1.655031877567869e-11,-19.544476280517877,3.737720928581525,Carnitine O-Palmitoyltransferase,Fatty acid oxidation,1375.1 or 1375.3 or 1375.4 or 126129.1 or 1374.1 or 1375.2,NA,NA
TETTET6CPT2,-1.4729270296605999,1.655031877567869e-11,-19.544476280517877,3.737720928581525,Carnitine Transferase,Fatty acid oxidation,1376.1,NA,NA
TETTET6CRNt,-1.4729270296605999,1.655031877567869e-11,-19.544476280517877,3.737720928581525,Transport into the Mitochondria (Carnitine),Fatty acid oxidation,788.1,NA,NA
TETTET6t,0.3552594836404774,0,1.5988302451978904,0.7606149599419209,Fatty Acid Transport via Diffusion,"Transport, extracellular",NA,NA,"PMID:11788354,PMID:12864740"
THCHOLSTOICtm,1,0,3.158220072256494,NA,"Lipid, Flip-Flop Intracellular Transport","Transport, peroxisomal",NA,NA,PMID:12840657
THFt2,0.46192148299607727,0,53.05872505919933,19.52892848627046,Tetrahydrofolate Transport via Anion Antiport,"Transport, extracellular",6573.1 or 6573.2,NA,"PMID:11375437,PMID:14770311"
THFtl,-0.8801267224697434,0,-2.6825108597411895,-0.1710317527667914,"5, 6, 7, 8-Tetrahydrofolate Transport, Diffusion, Lysosomal","Transport, lysosomal",NA,NA,PMID:11375437
THRALANaEx,0.9332631799945297,0,17.835290732738564,0.6156795410438505,L-Alanine/L-Threonine Na-Dependent Exchange (Thr-L In),"Transport, extracellular",6509.1 or 6510.1,NA,PMID:14530974
THRCYSNaEx,-0.89065335757083,0,0.602552040253859,10.41839980367981,L-Cysteine/L-Threonine Na-Dependent Exchange (Thr-L In),"Transport, extracellular",6509.1 or 6510.1,NA,PMID:14530974
THRGLNNaEx,0.42084210252324644,0,0.715531767497462,0.29166215817065094,L-Threonine/L-Glutamine Na-Dependent Exchange (Thr-L In),"Transport, extracellular",6510.1,NA,PMID:14530974
THRt4,0.7259909718722919,5.349304558290708e-7,1.4487684293657541,0.22999867078214883,L-Threonine via Sodium Symport,"Transport, extracellular",11254.1 or 81539.1 or 54407.1 or (340024.1 and 57393.1) or (340024.1 and 59272.1),NA,"PMID:10747860,PMID:10891391,PMID:10930503,PMID:11325958"
THYMDtm,0.42102914316590595,0,3.1601060441840665,1.2875241249533196,Thymd Transport,"Transport, mitochondrial",2030.1,NA,"PMID:10722669,PMID:12838422,PMID:14607828"
THYMt,-0.8388710306851789,0,-620.0340207893372,-54.329771388417946,Thymine Reversible Transport via Faciliated Diffusion,"Transport, extracellular",3177.1,NA,"PMID:12006583,PMID:12838422"
THYOXt,-1.9842666836990326,0,-5.247265226858685,15.909548759891864,T4 Transport via Bicarbonate Antiport,"Transport, extracellular",53919.1 or 6579.1 or 28231.1 or 10599.1,NA,"PMID:12507753,PMID:9007731,PMID:9334206"
THYOXt2,1.0019026875857526,0,24.633258361188847,-0.023412424175819617,T4 Transport via Facilitated Diffusion,"Transport, extracellular",6567.1,NA,"PMID:12871948,PMID:7981683"
THYPX,0.6079039835563563,0,57.32786190937161,13.979706820664182,Thyroid Peroxidase,Tyrosine metabolism,7173.4 or 7173.1 or 7173.3 or 7173.2 or 7173.5,NA,"PMID:3153466,PMID:3475693"
TMDK1m,0.42102914316590595,0,3.1601060441840665,1.2875241249533196,Thymidine Kinase (ATP:Thymidine),Nucleotide interconversion,7084.1,NA,"PMID:12535661,PMID:9342341"
TMNDNCCOAtx,-0.8354323802985105,0,-170.74631806503908,-15.309370935357977,Fatty Acid Intracellular Transport,"Transport, peroxisomal",NA,NA,NA
TMNDNCCPT1,-1.0177370212695378,0,-304.1444514966726,2.6735974749643763,Carnitine O-Palmitoyltransferase,Fatty acid oxidation,1375.1 or 1375.3 or 1375.4 or 126129.1 or 1374.1 or 1375.2,NA,NA
TMNDNCCPT2,-0.9647994881763331,0,-314.08009638302326,-5.626925400194735,Carnitine Transferase,Fatty acid oxidation,1376.1,NA,NA
TMNDNCCRNt,-1,0,NA,62.50682733040061,Transport into the Mitochondria (Carnitine),Fatty acid oxidation,788.1,NA,NA
TRDR,0.7965588742164703,0,233.32779983670713,26.42188405658351,Thioredoxin Reductase (NADPH),Nucleotide interconversion,7296.3 or 7296.1 or 7296.4 or 7296.2,NA,"PMID:8577704,PMID:8999974"
TREH,-0.609895422030594,0,10.06984647982794,41.55654833073318,"Alpha, Alpha-Trehalase",Starch and sucrose metabolism,80162.1 or 11181.1,NA,NA
TRIODTHYt,-1.4513027941819658,0,-24.783773779359457,134.61590466293916,T3 Transport via Bicarbonate Antiport,"Transport, extracellular",28234.1 or 28231.1 or 10599.1 or 6579.1 or 53919.1,NA,"PMID:12507753,PMID:9007731,PMID:9334206"
TRIODTHYt2,1.1543918517457643,0,258.67458110083936,-18.537596836599707,T3 Transport via Facilitated Diffusion,"Transport, extracellular",6567.1,NA,"PMID:12871948,PMID:7981683"
TRPHYDRO2,0.732168901918871,3.7694127654588187e-14,2.830064295876673,0.43758967567491147,"L-Tryptophan, Tetrahydrobiopterin:Oxygen Oxidoreductase (5-Hydroxylating)",Tryptophan metabolism,7166.1 or 121278.1,NA,"PMID:10727395,PMID:12379098"
TSTSTERONEtr,-0.5530156481789495,0,212.25720697476865,737.4727158290863,Testosterone Intracellular Transport,"Transport, endoplasmic reticular",NA,NA,NA
TTDCAtr,-1,0,-43.47689039118514,NA,Tetradecanoate (Transport),"Transport, extracellular",11001.1,NA,"PMID:10811962,PMID:11161786"
TTDCPT2,-0.5268392361773702,0,-19.034751550233285,-5.898785785222054,Carnitine Transferase,Fatty acid oxidation,1376.1,NA,NA
TYR3MO2,0.824850978642309,0,15.778230736497953,1.5143930680353603,Tyrosine 3-Monooxygenase,Tyrosine metabolism,7054.1 or 7054.3 or 7054.2,NA,"PMID:10727395,PMID:9920892"
TYRDOPO,0.7483987567680817,0,6.653898252842296,0.9575213127287061,Tyrosine:Dopa Oxidase,Tyrosine metabolism,7299.1,NA,PMID:5294951
TYRt4,0.6172117699903865,0.012311699365904611,2.0426794886887074,0.4834949141860008,L-Tyrosine Transport in via Sodium Symport,"Transport, extracellular",11254.1 or (340024.1 and 57393.1) or (340024.1 and 59272.1),NA,"PMID:11133652,PMID:12719981"
UAGALDP,1,0,0.736359855059441,NA,UDP-N-Acetylgalactosamine Diphosphorylase,Aminosugar metabolism,NA,NA,NA
UDPDOLPT_L,0.3348545674850494,0,0.05002257523998995,0.02492577712507054,UDPglucose:Dolichyl-Phosphate Beta-D-Glucosyltransferase (Liver),N-glycan synthesis,29880.1,NA,PMID:8280060
UDPGD,0.9708618217385826,0,298.1158443452835,4.407489413653071,UDPglucose 6-Dehydrogenase,Starch and sucrose metabolism,7358.1,NA,"PMID:9296457,PMID:9737970"
UDPGLCAter,-0.5131035336013903,0,-43.0205145355627,-13.843425809838623,UDPglca Endoplasmic Reticulum Transport via UMP Antiport,"Transport, endoplasmic reticular",23169.1,NA,PMID:11322953
UDPGLCAtg,-0.6732580428474945,0,-2.3823162959117443,-0.46520182132688354,UDPglca Golgi Transport via UMP Antiport,"Transport, golgi apparatus",NA,NA,NA
UDPGLCter,0.6217022234966931,0,1.9419024783861358,0.4529915413051378,UDP-Glc Endoplasmic Reticulum Transport via CMP Antiport,"Transport, endoplasmic reticular",NA,NA,PMID:10369669
UDPGP,0.6119366527322095,0,0.4422896860394347,0.1064783878048569,UDPglucose Pyrophosphohydrolase,Starch and sucrose metabolism,5167.1 or 5169.1 or 5168.1,NA,NA
UGCG,0.5684774538385732,0,0.8765272542500352,0.2411518709485943,Ceramide Glucosyltransferase,Sphingolipid metabolism,7357.1,NA,PMID:8643456
UGLCNACtg,0.3757058469116308,0,7.911251021538303,3.59011904139854,UDP-GlcNac Golgi Transport via CMP Antiport,"Transport, golgi apparatus",11046.1,NA,"PMID:15082721,PMID:15607426"
UGT1A10r,-0.7836466892069536,3.2763352688390114e-6,0.3036090903741988,2.502995433137041,"UDP-Glucuronosyltransferase 1-10 Precursor, Microsomal",Steroid metabolism,54576.1,NA,PMID:7945246
UGT1A1r,0.38449702049099593,0,0.48170366497949435,0.21415000295929784,"UDP-Glucuronosyltransferase 1-10 Precursor, Microsomal",Steroid metabolism,54575.1 or 54576.1,NA,"PMID:15117964,PMID:9295054"
UGT1A2r,0.3624000195689428,0,0.5603508771538863,0.26224288254259226,"UDP-Glucuronosyltransferase 1-10 Precursor, Microsomal",Steroid metabolism,54575.1 or 54576.1 or 54578.1 or 54579.1 or 54600.1 or 54658.1 or 54659.1 or 54577.1 or 54657.1,NA,"PMID:15117964,PMID:9295054"
UGT1A5r,0.4317235114413936,0,2.310376363503674,0.9170294100841231,"UDP-Glucuronosyltransferase 1-10 Precursor, Microsomal",Vitamin A metabolism,54575.1 or 54576.1,NA,"PMID:15117964,PMID:9295054"
UGT1A5r2,0.3828691172115518,0,0.6572285622486078,0.2933003837934561,"UDP-Glucuronosyltransferase 1-10 Precursor, Microsomal (13-Cis)",Vitamin A metabolism,54576.1 or 54575.1 or 54600.1 or 10720.1 or 7367.1 or 7363.1 or 54578.1 or 54657.1 or 54659.1 or 54579.1 or 7365.1 or 7366.1 or 54490.1 or 54577.1 or 54658.1,NA,"PMID:14704335,PMID:1503811"
UGT1A7r,-0.39159069767794924,0,0.2524391687670672,0.5773941944100229,"UDP-Glucuronosyltransferase 1-10 Precursor, Microsomal",Steroid metabolism,54575.1 or 54576.1,NA,"PMID:15117964,PMID:9295054"
UMPK2,-1.0915569666545974,0,-333.236292253083,14.587268998327852,UMP Kinase (CTP),Nucleotide interconversion,51727.1,NA,"PMID:10462544,PMID:11912132"
UMPK2n,1.0000042748059914,0,4.042191803455353e-6,-1.8911737521342933,"UMP Kinase (CTP), Nuclear",Nucleotide interconversion,51727.1,NA,"PMID:10462544,PMID:11912132"
UMPK3,-2.3375285758439714,0,-47.076242896014456,117.46912084452435,UMP Kinase (UTP),Nucleotide interconversion,51727.1,NA,"PMID:10462544,PMID:11912132"
UMPK3n,1.2877466563458462,0,0.49410175453983246,-3.928384959179163,"UMP Kinase (UTP), Nuclear",Nucleotide interconversion,51727.1,NA,"PMID:10462544,PMID:11912132"
UMPK4,-0.6377146998576694,0,45.12610338103548,203.99304864255936,UMP Kinase (GTP),Nucleotide interconversion,51727.1,NA,"PMID:10462544,PMID:11912132"
UMPK4n,0.9532832672603943,0,-0.04317693943302147,-1.805280215038173,"UMP Kinase (GTP), Nuclear",Nucleotide interconversion,51727.1,NA,"PMID:10462544,PMID:11912132"
UMPK5,-0.9282302948764616,0,-155.91226949336232,-5.803133389415592,UMP Kinase (dATP),Nucleotide interconversion,51727.1,NA,"PMID:10462544,PMID:11912132"
UMPK5n,0.9972588939774752,0,0.020811935300379992,2.8563007712364195e-5,"UMP Kinase (dATP), Nuclear",Nucleotide interconversion,51727.1,NA,"PMID:10462544,PMID:11912132"
UMPK6,0.4152400375557673,0,-202.5992166492276,-490.3320018370211,UMP Kinase (dCTP),Nucleotide interconversion,51727.1,NA,"PMID:10462544,PMID:11912132"
UMPK6n,-0.7827796157527412,0,1.0876434125054628,8.926549466072768,"UMP Kinase (dCTP), Nuclear",Nucleotide interconversion,51727.1,NA,"PMID:10462544,PMID:11912132"
UMPK7,-0.6321407188650611,0,5.883610374438763,26.104764942809382,UMP Kinase (dGTP),Nucleotide interconversion,51727.1,NA,"PMID:10462544,PMID:11912132"
UMPK7n,-1.1235009590425198,0,-0.08568647435382008,1.4733109109271318,"UMP Kinase (dGTP), Nuclear",Nucleotide interconversion,51727.1,NA,"PMID:10462544,PMID:11912132"
UPPN,0.6536489772341381,0,15.005392248975486,3.1428271803658254,B-Ureidopropionase,Pyrimidine catabolism,51733.1,NA,"PMID:10542323,PMID:12450676"
URIDK2m,0.6253668146243649,0,0.8828210121327619,0.20348271228133452,"Uridylate Kinase (dUMP), Mitochondrial",Nucleotide interconversion,1841.1,NA,PMID:17999954
URIt,0.47075933801355374,0,-317.12094226174355,-881.2788219266891,Uridine Faciliated Transport in Cytosol,"Transport, extracellular",3177.1 or 2030.1,NA,"PMID:10722669,PMID:12838422"
Uritl,0.43307016834296186,0,0.9440279165535882,0.37346223488143043,Uridine Faciliated Transport from Lysosome,"Transport, lysosomal",55315.1,NA,"PMID:12838422,PMID:15701636,PMID:2925670"
Uritn,-0.4813526356792102,0,-11.321756855780981,-3.963944310963666,Uridine Transport in Nucleus,"Transport, nuclear",NA,NA,NA
UROLACer,0.6002142802760192,0,7.4525312666082755,1.8618853817955823,"Uronolactonase, Endoplasmic Reticulum",Vitamin C metabolism,NA,NA,PMID:13587494
UTPtn,-0.728500919474905,0,97.25525054247585,619.1762773608864,UTP Diffusion in Nucleus,"Transport, nuclear",NA,NA,NA
VALt4,1,1.814603859469437e-6,0.1462939208123833,0,L-Valine Transport in via Sodium Symport,"Transport, extracellular",11254.1 or (340024.1 and 57393.1) or (340024.1 and 59272.1),NA,"PMID:11133652,PMID:12719981"
VALt5m,-1.0488318246279058,0,-8.958995109038916,375.8916328839194,Valine Reversible Mitochondrial Transport,"Transport, mitochondrial",NA,NA,PMID:11004451
VALTAm,-1.0488318246279058,0,-8.958995109038916,375.8916328839194,"Valine Transaminase, Mitochondiral","Valine, leucine, and isoleucine metabolism",587.1,NA,"PMID:6933702,PMID:9165094"
VALtec,0.7582755263498131,0,-21.470772042620926,-156.17588258360848,L-Valine Transport via Diffusion (Extracellular to Cytosol),"Transport, extracellular",8501.1 or 124935.1,NA,"PMID:12930836,PMID:14624363,PMID:15659399"
VLCS2p,0.7151137001088667,0,2.2785754855302494,0.3784792454600249,Very-Long-Chain-Fatty-Acid Coenzyme A Ligase,Bile acid synthesis,11001.1 or 10998.1,NA,PMID:10479480
VLCS2r,1,0,0.26587967036766097,NA,Very-Long-Chain-Fatty-Acid Coenzyme A Ligase,Bile acid synthesis,11001.1 or 10998.1,NA,NA
VLCSp,1,0,1.2822825135333449,NA,Very-Long-Chain-Fatty-Acid Coenzyme A Ligase,Bile acid synthesis,11001.1,NA,NA
VLCSr,1,0,5.830549011761637,NA,Very-Long-Chain-Fatty-Acid Coenzyme A Ligase,Bile acid synthesis,11001.1,NA,NA
WHDDCAte,-0.5543714912283033,0,-3.7317698064449885,-1.0698748808183511,Transport of Xenobiotic,"Transport, extracellular",NA,NA,NA
WHTSTSTERONEte,0.8593930108050531,0,25.075958694511375,1.8962398119833321,Omega Hydroxy Testosterone Transport,"Transport, extracellular",NA,NA,NA
XANDp,0.354527591962352,0,4.412252999590984,2.1025688848400255,"Xanthine Dehydrogenase, Peroxisomal",Purine catabolism,7498.1,NA,"PMID:12637268,PMID:8670112"
XANtx,1,0,3.1499500838467656,NA,Xanthine Diffusion in Peroxisome,"Transport, peroxisomal",NA,NA,NA
XAOx,-0.35805334913437276,0,0.7272227549752781,1.5384569677700968,"Xanthine Oxidase, Peroxisomal",Purine catabolism,7498.1,NA,"PMID:12637268,PMID:8670112"
XOL7AONEtr,-1,0,NA,178.77385622475148,"Lipid, Flip-Flop Intracellular Transport","Transport, endoplasmic reticular",NA,NA,PMID:12840657
XOLDIOLONEt,-0.3548837794600267,0,-6.072657140409294,-2.891443297533039,"Lipid, Flip-Flop Intracellular Transport","Transport, endoplasmic reticular",NA,NA,PMID:12840657
XOLTRI24tc,0.8832323343398428,0,3.398540844956472,0.21072263569400493,24 Trihydroxy Cholesterol Transport,"Transport, endoplasmic reticular",NA,NA,NA
XSERtg,0.7107434281675623,0,1.13453475529321,0.19182983756505417,Xyl-L-Ser (Protein) Transport from Endoplasmic Reticulum to Golgi Apparatus,"Transport, golgi apparatus",NA,NA,PMID:8496172
XYLTD_Dr,0.39682666922344834,0,1.8428390681501279,0.7957690122277127,Xylitol Dehydrogenase (D-Xyulose-Forming),Pentose phosphate pathway,NA,NA,PMID:6821187
XYLTer,0.7107434281675623,0,1.13453475529321,0.19182983756505417,"UDP-Xylose:Protein Xylosyltransferase, Endoplasmic Reticulum",Chondroitin synthesis,64131.1 or 64132.1,NA,"PMID:11087729,PMID:11099377,PMID:12512856,PMID:8496172"
XYLUR,-1.4802821956490841,0,-526.4132608590126,101.93473838890995,Xylulose Reductase,Pentose phosphate pathway,51181.1,NA,"PMID:11882650,PMID:6821187"
EX_4abutn[e],0.7000294956412255,0,12.746939849195163,2.2491997847083174,Exchange of 4-Ammoniobutanal,Exchange/demand reaction,NA,NA,NA
EX_ctp[e],1.001454591487755,0,685.234977936554,-0.4980062851577071,Exchange of CTP,Exchange/demand reaction,NA,NA,NA
EX_dgmp[e],-2.7670270261908385,0,-75.45509100035392,160.85852839204074,Exchange of dGMP,Exchange/demand reaction,NA,NA,NA
EX_dgtp[e],2.7670270261908385,0,75.45509100035392,-160.85852839204074,Exchange of dGTP,Exchange/demand reaction,NA,NA,NA
EX_dha[e],-1,0,-13.027019406056032,NA,Exchange of Glycerone,Exchange/demand reaction,NA,NA,NA
EX_HC01440[e],0.6268815731797492,0,103.39648408329487,23.713547510714587,Exchange of 3-Keto-Beta-D-Galactose,Exchange/demand reaction,NA,NA,NA
EX_HC01441[e],-0.6460906435405686,0,-4.798969215991499,-1.0317779968951724,Exchange of Lactose-6P,Exchange/demand reaction,NA,NA,NA
EX_HC01444[e],0.5743422135107942,0,312.29937170381544,84.43695286870003,Exchange of Galactosylglycerol,Exchange/demand reaction,NA,NA,NA
EX_HC01446[e],-0.6268815731797492,0,-103.39648408329487,-23.713547510714587,Exchange of 3-Ketolactose,Exchange/demand reaction,NA,NA,NA
EX_HC01577[e],0.3375512224423862,0,36.43391740116924,18.04462037720522,Exchange of Gamma-Glutamyl-Beta-Cyanoalanine,Exchange/demand reaction,NA,NA,NA
EX_HC01700[e],0.865771547482329,0,254.76183105529546,18.3282280133734,Exchange of Gamma-Glutamyl-3-Aminopropiononitrile,Exchange/demand reaction,NA,NA,NA
EX_prpp[e],-0.9654950123812045,0,-254.43661463514866,-4.4667283215935925,Exchange of 5-O-Phosphonato-Alpha-D-Ribofuranosyl Diphosphate,Exchange/demand reaction,NA,NA,NA
r0009,-0.6808940400690403,0,0.4064688935887341,2.1410792228844016,Pyrophosphate Phosphohydrolase,Purine catabolism,64077.1 or 27068.1 or 5464.1,NA,"PMID:10542310,PMID:16300924"
r0021,0.614861721693275,0,-67.11024816408903,-281.3892489990689,Glutathione:NAD+ Oxidoreductase,Glutathione metabolism,2936.1,NA,"PMID:10781871,PMID:12821209,PMID:237878,PMID:31912,PMID:4380255,PMID:8981046,PMID:9621574"
r0024,0.5261283986755062,0,3.0380447141350446,0.9433302694793063,"N- (Omega)-Hydroxyarginine, NADPH:Oxygen Oxidoreductase (Nitric-Oxide-Forming)",Arginine and proline metabolism,4843.1 or 4842.1 or 4846.1,NA,"PMID:11125020,PMID:7515853"
r0027,-0.49943330319657436,0,-140.8453182764411,-47.01941432110667,NADPH:Coa-Glutathione Oxidoreductase,Methionine and cysteine metabolism,10587.1 or 7296.1,NA,PMID:18042542
r0033,-0.3565225242594807,0,0.3114082493739017,0.6564834363934376,ATP:Dephospho Coenzyme A 3-Phosphotransferase,CoA synthesis,80347.1,NA,"PMID:11923312,PMID:11994049,PMID:13163064,PMID:15893380"
r0034,0.5150971920907379,0,1.7296978956564617,0.553585189661106,"Carbon-Dioxide:Ammonia Ligase (ADP-Forming, Carbamate-Phosphorylating)",Urea cycle,1373.1,NA,"PMID:15897806,PMID:175068,PMID:2893372,PMID:3886433,PMID:4347313,PMID:7248316"
r0047,0.46907474246075076,0,2.004277484336075,0.7243481279712214,Adenosine 5-Monophosphate Phosphohydrolase,Purine catabolism,22978.1 or 84618.1 or 51251.1 or 30833.1 or 4907.1 or 93034.1 or 56953.1 or 100526794.1,NA,PMID:1550832
r0051,-0.9654950123812142,0,-254.43661463514866,-4.466728321592295,AMP:Pyrophosphate Phosphoribosyltransferase,Purine catabolism,3251.1 and 353.1,NA,"PMID:6778226,PMID:692402"
r0068,0.5335518924943286,0,0.9522970869798315,0.28965252247344414,Acetyl Adenylate:Coa Ligase (AMP-Forming),Miscellaneous,55902.1 or 84532.1,NA,"PMID:10843999,PMID:14086739,PMID:238571,PMID:2901103"
r0081,-0.7584944986763857,0,16.336114807221293,118.949538875103,L-Alanine:2-Oxoglutarate Aminotransferase,Citric acid cycle,84706.1 or 2875.1,NA,"PMID:15663181,PMID:2088925,PMID:454616"
r0083,1,0,2.3368880763322117,0,Oxalosuccinate:NADP+ Oxidoreductase (Decarboxylating),Miscellaneous,(3421.1 and 3420.1 and 3419.1) or 3417.1 or 3418.1,NA,"PMID:16489927,PMID:9866202"
r0084,0.807640958677221,0,3.046056553492703,0.32414430290050295,Oxalosuccinate:NADP+ Oxidoreductase (Decarboxylating),Miscellaneous,3417.1 or 3418.1,NA,"PMID:16489927,PMID:9866202"
r0085,0.6769448148939102,0,15.238166451271791,2.9355579503100393,2-Oxoglutaramate Amidohydrolase,Urea cycle,56954.1,NA,"PMID:3003502,PMID:319948,PMID:4436326,PMID:5114531,PMID:894284"
r0086,0.9521980491380382,0,17.30247870727107,0.4236722997035564,2-Oxoglutaramate Amidohydrolase,Urea cycle,56954.1,NA,"PMID:3003502,PMID:319948,PMID:4436326,PMID:5114531,PMID:894284"
r0097,0.5335518924943286,0,0.9522970869798315,0.28965252247344414,Acetate:Coa Ligase (AMP-Forming),Miscellaneous,55902.1 or 84532.1,NA,"PMID:10843999,PMID:14086739,PMID:238571,PMID:2901103"
r0129,0.9956638054218648,0,50.0940502827853,0.10884476064700867,Gamma-Glutamyltranspeptidase,Glutathione metabolism,(2687.1 or 2678.1 or 92086.1 or 728441.1 or 102724197.1 or 2686.1 or 124975.1) or ((2687.1 or 2678.1 or 92086.1 or 728441.1 or 102724197.1 or 2686.1 or 124975.1) and 91227.1),NA,"PMID:1968061,PMID:3511062"
r0139,-1.001454591487755,0,-685.234977936554,0.4980062851577071,CDP Diphosphohydrolase,Pyrimidine catabolism,953.1 or 956.1 or 377841.1,NA,"PMID:15652174,PMID:16752921,PMID:17095758"
r0145,0.6072795374986807,0,1.9399192704321147,0.47399719546292507,"L-Arginine, NADPH:Oxygen Oxidoreductase (Nitric-Oxide-Forming)",Arginine and proline metabolism,4843.1 or 4842.1 or 4846.1,NA,"PMID:11125020,PMID:7515853"
r0149,-1.001454591487755,0,-685.234977936554,0.4980062851577071,CTP Diphosphohydrolase,Pyrimidine catabolism,953.1 or 956.1 or 377841.1,NA,"PMID:15652174,PMID:16752921,PMID:17095758"
r0156,0.6769448148939102,0,15.238166451271791,2.9355579503100393,L-Glutamine:Pyruvate Aminotransferase,Urea cycle,NA,NA,"PMID:12850267,PMID:1296212,PMID:3003500,PMID:4762917,PMID:4797019,PMID:4822504,PMID:5059882"
r0157,0.9521980491380382,0,17.30247870727107,0.4236722997035564,L-Glutamine:Pyruvate Aminotransferase,Urea cycle,NA,NA,"PMID:12850267,PMID:1296212,PMID:3003500,PMID:4762917,PMID:4797019,PMID:4822504,PMID:5059882"
r0160,0.9419571941351212,0,564.6664723441124,16.877213633574407,L-Serine:Pyruvate Aminotransferase,"Glycine, serine, alanine, and threonine metabolism",189.1,NA,"PMID:10347152,PMID:6469715"
r0166,0.5323172737042248,0,0.8964397745730981,0.2736048238357471,Uridine Triphosphate Pyrophosphohydrolase,Pyrimidine catabolism,3704.1,NA,"PMID:15652174,PMID:16752921,PMID:17095758"
r0178,0.5330287566330099,0,-263.7159695129633,-865.7581608917236,Succinate-Semialdehyde:NAD+ Oxidoreductase,Glutamate metabolism,7915.1,NA,"PMID:3190233,PMID:656447,PMID:7616245,PMID:7814412"
r0181,1.3772268980508782,0,52.619514378809924,-331.60022678661346,ITP Diphosphohydrolase,Purine catabolism,953.1 or 956.1 or 377841.1,NA,"PMID:15652174,PMID:16752921,PMID:17095758"
r0205,-0.433649635768957,0,14.103302060800523,35.70085787807107,Sn-Glycerol-3-Phosphate: (Acceptor) 2-Oxidoreductase,Oxidative phosphorylation,2820.1,NA,"PMID:11955283,PMID:2115809,PMID:2923620,PMID:3338458,PMID:340460,PMID:8401296,PMID:8549872,PMID:8579375,PMID:9171333,PMID:9244403,PMID:9559543"
r0208,0.9924140574432798,0,91.96426992230415,0.35014592789841625,GTP:Alpha-D-Mannose-1-Phosphate Guanylyltransferase,Fructose and mannose metabolism,29926.1 or 29925.1,NA,"PMID:10025667,PMID:8549746,PMID:9451026"
r0221,0.34963108446072966,0,0.37954635526517194,0.1828982410918048,Propinol Adenylate:Coa Ligase (AMP-Forming),Miscellaneous,79611.1 or 55902.1 or 84532.1,NA,"PMID:10843999,PMID:1924964,PMID:2009071,PMID:2884217,PMID:7341659"
r0226,0.8546141227098639,0,62.75985694054365,4.919835748135191,"5, 6, 7, 8-Tetrahydrofolate:NADP+ Oxidoreductase",Folate metabolism,1719.1,NA,"PMID:15153070,PMID:16171773,PMID:1631094,PMID:6882460,PMID:962851"
r0239,-0.45525799366628894,0,0.8059764798829158,2.153136166147071,N-Formylanthranilate Amidohydrolase,Tryptophan metabolism,125061.1,NA,"PMID:4140137,PMID:4190298"
r0245,0.8773157428352989,0,33.93033579370528,2.217377688375784,Glycerol:NADP+ Oxidoreductase,Glycerophospholipid metabolism,231.1 or 10327.1,NA,"PMID:11716357,PMID:6753936,PMID:6815419,PMID:8916913,PMID:9693960"
r0249,-0.4670808547641774,0,80.20879274003578,220.8079504454337,D-Ribose-5-Phosphate Ketol-Isomerase,Pentose phosphate pathway,22934.1,NA,"PMID:14690456,PMID:14988808,PMID:15234337,PMID:2843500"
r0276,0.8924084963659724,0,8.412054501913785,0.478261218045844,NADH:Guanosine-5-Phosphate Oxidoreductase (Deaminating),Purine catabolism,51292.1 or 2766.1,NA,"PMID:12009299,PMID:12669231"
r0281,0.7000294956412255,0,12.746939849195163,2.2491997847083174,Putrescine:Oxygen Oxidoreductase (Deaminating),Methionine and cysteine metabolism,26.1,NA,"PMID:12072962,PMID:15795708,PMID:17006978,PMID:6403048"
r0287,0.3757271023074886,0,27.560838927382232,12.506466399604212,Acetyl Coenzyme A:Acetyl Coenzyme A C-Acetyltransferase,Fatty acid oxidation,(10449.1 and 3032.1) or (3032.1 and 30.1),NA,"PMID:10806397,PMID:1121274,PMID:1679347,PMID:1735445,PMID:1979337,PMID:2048733,PMID:3194209,PMID:6378901,PMID:8241273"
r0301,0.3944520235741326,0,0.3450446622883224,0.1498374225093106,Xanthosine-5-Phosphate:Ammonia Ligase (AMP-Forming),Bile acid synthesis,8833.1,NA,"PMID:6260205,PMID:6698284,PMID:7559506,PMID:7706277,PMID:8089153"
r0309,-1.0732237489553387,0,-205.56905781832933,7.2604498623265075,Trans-Hexadec-2-Enoyl Coenzyme A Reductase,Fatty acid oxidation,55825.1 or 51102.1,NA,PMID:12654921
r0310,0.3531096683336376,0,20.198535103560985,9.656450898328423,Palmitoyl Coenzyme A:Oxygen 2-Oxidoreductase,Fatty acid oxidation,37.1 or 8310.1 or 33.1 or 34.1 or 51.1,NA,"PMID:17603022,PMID:1774065,PMID:3597357,PMID:6240978,PMID:7876265"
r0311,0.697574680484724,0,1.418243012037135,0.2526619894820571,Palmitate:Coa Ligase (AMP-Forming),Fatty acid oxidation,2182.1 or 2181.1 or 81616.1 or 11001.1 or 2180.1 or 23305.1 or 51703.1,NA,PMID:8584017
r0317,-1.0014271679305407,0,-0.036647030708193716,51.39294494627416,Citrate Hydro-Lyase,Miscellaneous,50.1 or 48.1,NA,"PMID:15263083,PMID:16511074"
r0319,0.34963108446072966,0,0.37954635526517194,0.1828982410918048,Propanoate:Coa Ligase (AMP-Forming),Miscellaneous,79611.1 or 55902.1 or 84532.1,NA,"PMID:10843999,PMID:1924964,PMID:2009071,PMID:2884217,PMID:7341659"
r0354,0.38444167846769156,0,0.8302664800320583,0.3691577975597609,Hexokinase,Glycolysis/gluconeogenesis,2645.1 or 3098.1 or 3099.1 or 3101.1,NA,"PMID:16906315,PMID:7061426,PMID:7150652,PMID:8717435"
r0355,0.5501126854949152,0,1.0100351449505696,0.2931412684829978,Hexokinase,Glycolysis/gluconeogenesis,2645.1 or 3098.1 or 3099.1 or 3101.1,NA,"PMID:16906315,PMID:7061426,PMID:7150652,PMID:8717435"
r0357,0.35263381796610627,0,1.7479939034319512,0.8365842436091007,Hexokinase,Fructose and mannose metabolism,3098.1 or 3099.1 or 3101.1,NA,"PMID:16906315,PMID:7061426,PMID:7150652,PMID:8717435"
r0360,0.3381613019991586,0,0.781063402626296,0.3863046888876628,Hexokinase,Fructose and mannose metabolism,3098.1 or 3099.1 or 3101.1,NA,"PMID:16906315,PMID:7061426,PMID:7150652,PMID:8717435"
r0361,0.4297025602527335,0,0.1828578038775522,0.07294058238990722,Hexokinase,Fructose and mannose metabolism,3098.1 or 3099.1 or 3101.1,NA,"PMID:16906315,PMID:7061426,PMID:7150652,PMID:8717435"
r0363,0.4137333307071196,0,0.25798985743735103,0.10698683489020404,Hexokinase,Aminosugar metabolism,3098.1 or 3099.1 or 3101.1,NA,"PMID:16906315,PMID:7061426,PMID:7150652,PMID:8717435"
r0365,1,0,3.0808980881080186,NA,3-Hydroxypropanoate:NAD+ Oxidoreductase,Propanoate metabolism,NA,NA,PMID:13672942
r0377,0.999624809223066,0,11.095731002902985,0.002081898522377014,ATP:Deoxycitidine 5-Phosphotransferase,Pyrimidine catabolism,1633.1,NA,"PMID:12036920,PMID:1657002,PMID:213049,PMID:8399394,PMID:9342341,PMID:9593124"
r0380,0.6460906435411985,0,4.798969215991499,1.0317779968929413,Lactose 6-Phosphate Galactohydrolase,Miscellaneous,2720.1,NA,PMID:3109378
r0385,-0.351322455623725,0,2.313199006720635,4.818846881949221,"3-Methyl-2-Oxobutanoate:[Dihydrolipoyllysine-Residue (2-Methylpropanoyl)Transferase] Lipoyllysine 2-Oxidoreductase (Decarboxylating, Acceptor-2-Methylpropanoylating)",Miscellaneous,593.1 and 594.1 and 641649.1,NA,"PMID:11839747,PMID:12387880,PMID:15576032"
r0386,0.9771344805582286,0,60.47745890411735,0.6994205634260084,"4-Methyl-2-Oxopentanoate:[Dihydrolipoyllysine-Residue (2-Methylpropanoyl)Transferase] Lipoyllysine 2-Oxidoreductase (Decarboxylating, Acceptor-2-Methylpropanoylating)",Miscellaneous,593.1 and 594.1 and 641649.1,NA,"PMID:11839747,PMID:12387880,PMID:15576032"
r0389,0.7449204517556689,0,43.16113228121922,6.309469358863821,Pyridoxine:Oxygen Oxidoreductase (Deaminating),Vitamin B6 metabolism,55163.1,NA,"PMID:6088736,PMID:9601034"
r0391,0.6035122799696085,0,4.560058991688541,1.1275294959717692,Nicotinate D-Ribonucleotide:Pyrophosphate Phosphoribosyltransferase,NAD metabolism,93100.1 or 23475.1,NA,PMID:17604275
r0394,-1.312859142436326,0,-95.56952189178467,706.512332433019,Xanthine:NAD+ Oxidoreductase,Nucleotide interconversion,7498.1,NA,"PMID:2713424,PMID:8248161"
r0399,0.523423005526014,0,17.04816497687623,5.333228654487198,"L-Phenylalanine, Tetrahydrobiopterin:Oxygen Oxidoreductase (4-Hydroxylating) Phenylalanine, Tyrosine And Tryptophan Biosynthesis",Tetrahydrobiopterin metabolism,5053.1,NA,"PMID:3298976,PMID:4074362"
r0403,0.4352014419639637,0,3.095505601071243,1.2181823740958941,"L-Tryptophan, Tetrahydrobiopterin:Oxygen Oxidoreductase (5-Hydroxylating)",Tetrahydrobiopterin metabolism,7166.1 or 121278.1,NA,NA
r0410,-2.7670270261908385,0,-75.45509100035392,160.85852839204074,2-Deoxyguanosine 5-Triphosphate Pyrophosphohydrolase,Pyrimidine catabolism,3704.1,NA,"PMID:15652174,PMID:16752921,PMID:17095758"
r0424,0.807640958677221,0,3.046056553492703,0.32414430290050295,Isocitrate:NADP+ Oxidoreductase (Decarboxylating),Miscellaneous,3417.1 or 3418.1,NA,"PMID:10521434,PMID:16489927,PMID:9866202"
r0426,-0.9999221456234512,0,0.036647030708193536,941.3884168560028,Isocitrate Hydro-Lyase,Miscellaneous,50.1 or 48.1,NA,"PMID:15263083,PMID:16511074"
r0433,0.4909538468911546,0,1.5818405596342129,0.5400769805130822,Palmitoyl Coenzyme A:L-Carnitine O-Palmitoyltransferase,Fatty acid oxidation,1374.1 and 1376.1,NA,"PMID:1735445,PMID:1988962,PMID:2355017,PMID:6361812,PMID:7892212"
r0434,-1.115910148442844,0,-579.6608015182495,31.75398047971176,Palmitoyl Coenzyme A:L-Carnitine O-Palmitoyltransferase,Fatty acid oxidation,1374.1 and 1376.1,NA,"PMID:1735445,PMID:1988962,PMID:2355017,PMID:6361812,PMID:7892212"
r0438,0.9062813668699695,0,181.73191816987992,8.934497951341234,Palmitoyl Coenzyme A:L-Carnitine O-Palmitoyltransferase,Fatty acid oxidation,1374.1 and 1376.1,NA,"PMID:1735445,PMID:1988962,PMID:2355017,PMID:6361812,PMID:7892212"
r0440,-0.3867407843349204,0,1.291122926225292,2.9195693658589588,Palmitoyl Coenzyme A:L-Carnitine O-Palmitoyltransferase,Fatty acid oxidation,1374.1 and 1376.1,NA,"PMID:1735445,PMID:1988962,PMID:2355017,PMID:6361812,PMID:7892212"
r0441,-0.6064114151404015,0,-1.8650275372548866,-0.45695239849137653,Palmitoyl Coenzyme A:L-Carnitine O-Palmitoyltransferase,Fatty acid oxidation,1374.1 and 1376.1,NA,"PMID:1735445,PMID:1988962,PMID:2355017,PMID:6361812,PMID:7892212"
r0443,-0.5780666200416543,0,1.794705775401747,6.712351786997915,Palmitoyl Coenzyme A:L-Carnitine O-Palmitoyltransferase,Fatty acid oxidation,1374.1 and 1376.1,NA,"PMID:1735445,PMID:1988962,PMID:2355017,PMID:6361812,PMID:7892212"
r0444,-0.4976243049383442,0,0.6817979811622096,2.032497267848727,Palmitoyl Coenzyme A:L-Carnitine O-Palmitoyltransferase,Fatty acid oxidation,1374.1 and 1376.1,NA,"PMID:1735445,PMID:1988962,PMID:2355017,PMID:6361812,PMID:7892212"
r0450,-0.9961663361995327,0,1.5583022847296997,811.3988926261902,L-2-Aminoadipate:2-Oxoglutarate Aminotransferase Lysine Biosynthesis Lysine Degradation,Lysine metabolism,51166.1,NA,PMID:8087205
r0451,0.4856968999830773,0,1.607937552167395,0.5566190975580102,2-Oxoadipate:Lipoamde 2-Oxidoreductase (Decarboxylating And Acceptor-Succinylating) Lysine Degradation,Miscellaneous,4967.1,NA,PMID:10676873
r0456,0.3517666634633736,0,1.1507310202831227,0.551827640743218,ATP:Deoxyguanosine 5-Phosphotransferase,Nucleotide interconversion,1716.1,NA,PMID:15748706
r0470,-0.3940163174577707,0,59.56845012172759,137.03238860655426,2-Deoxyadenosine 5-Diphosphate:Oxidized-Thioredoxin 2-Oxidoreductase,Nucleotide interconversion,50484.1 and 6240.1 and 6241.1,NA,"PMID:6121703,PMID:8074691"
r0474,-0.9992864088876324,0,0.2850907413005829,798.745996836853,2-Deoxyadenosine 5-Diphosphate:Oxidized-Thioredoxin 2-Oxidoreductase,Nucleotide interconversion,50484.1 and 6240.1 and 6241.1,NA,"PMID:6121703,PMID:8074691"
r0483,-0.9782958227020998,0,2.2409232075691223,204.25602683217525,(R)-3-Amino-2-Methylpropanoate:2-Oxoglutarate Aminotransferase,Pyrimidine catabolism,18.1,NA,PMID:5773299
r0502,0.419162137971307,0,6.206250055408594,2.540107939006944,Xanthine:NAD+ Oxidoreductase,Purine catabolism,7498.1,NA,"PMID:11246119,PMID:12632927"
r0510,-0.37262770210886476,0,2.4665846086302423,5.396639881585474,"Steroyl Coenzyme A, Hydrogen-Donor:Oxygen Oxidoreductase Polyunsaturated Fatty Acid Biosynthesis",Miscellaneous,6319.1 or 79966.1,NA,"PMID:15907797,PMID:17530838,PMID:18286258"
r0511,0.484265505176361,0,18.246539994510265,6.34008541836316,"Steroyl Coenzyme A, Hydrogen-Donor:Oxygen Oxidoreductase Polyunsaturated Fatty Acid Biosynthesis",Miscellaneous,6319.1 or 79966.1,NA,"PMID:15907797,PMID:17530838,PMID:18286258"
r0512,-0.34707576848178007,0,302.7240474339724,624.5628652605056,Dihydrofolate:NAD+ Oxidoreductase,Folate metabolism,1719.1,NA,"PMID:15153070,PMID:1631094,PMID:6882460"
r0514,0.8511661301265252,0,62.92305950960219,5.059017825943558,Dihydrofolate:NADP+ Oxidoreductase,Folate metabolism,1719.1,NA,"PMID:15153070,PMID:16171773,PMID:1631094,PMID:4396284,PMID:6882460,PMID:962851"
r0527,1,0,0.961104862382909,NA,Nicotinamide-D-Ribonucleotide Amidohydrolase,NAD metabolism,NA,NA,PMID:7021549
r0531,1.0703756561303095,0,26.763888370541274,-787.3646370437622,DUTP:Cytidine 5-Phosphotransferase,Nucleotide interconversion,83549.1 or 7371.1,NA,"PMID:11306702,PMID:9923963"
r0541,-0.49531282059344295,0,0.6654794143728308,1.971716224935239,"Glutaryl Coenzyme A: (Acceptor) 2, 3-Oxidoreductase (Decarboxylating)",Tryptophan metabolism,2639.1,NA,PMID:3081514
r0545,-0.6967956284009531,0,0.15522669551372528,0.8686813351989374,Phenylacetaldehyde:NAD+ Oxidoreductase Phenylalanine Metabolism Styrene Degradation,Phenylalanine metabolism,221.1 or 218.1 or 222.1 or 220.1,NA,PMID:15230339
r0546,0.7372467860505818,0,0.5336791511115712,0.08071732427328243,Phenylacetaldehyde:NAD+ Oxidoreductase Phenylalanine Metabolism Styrene Degradation,Miscellaneous,221.1 or 218.1 or 222.1 or 220.1,NA,PMID:15230339
r0547,-0.5351350459925929,0,-0.4987671840906143,-0.15103517094339478,Aldehyde:NADP+ Oxidoreductase Phenylalanine Metabolism,Phenylalanine metabolism,221.1 or 218.1 or 222.1 or 220.1,NA,"PMID:17379813,PMID:18621017"
r0552,0.9750159125947888,0,224.24896451603175,2.8367648555478544,P-Cumic Alcohol:NAD+ Oxidoreductase,"Glycine, serine, alanine, and threonine metabolism",501.1,NA,"PMID:10505788,PMID:7646513"
r0553,-0.359113824431289,0,224.15813476480542,475.3674387612313,P-Cumic Alcohol:NADP+ Oxidoreductase,"Glycine, serine, alanine, and threonine metabolism",501.1,NA,"PMID:10505788,PMID:7646513"
r0557,0.4856968999830773,0,1.607937552167395,0.5566190975580102,Glutaryl Coenzyme A:Dihydrolipoamide S-Succinyltransferase Lysine Degradation,Miscellaneous,1743.1,NA,PMID:9620315
r0560,-0.9753477073313491,0,2.8718281523549316,230.11487137737274,"2-Methylpropanoyl Coenzyme A:Oxygen 2, 3-Oxidoreductase Valine, Leucine And Isoleucine Degradation","Valine, leucine, and isoleucine metabolism",35.1,NA,"PMID:12855692,PMID:3597357,PMID:6401712,PMID:6874697"
r0561,-0.351322455623725,0,2.313199006720635,4.818846881949221,"2-Methylpropanoyl Coenzyme A:Enzyme N6- (Dihydrolipoyl)Lysine S- (2-Methylpropanoyl)Transferase Valine, Leucine And Isoleucine Degradation","Valine, leucine, and isoleucine metabolism",1629.1,NA,"PMID:10966480,PMID:1429740,PMID:1943690,PMID:7963542"
r0579,-0.3565225242594807,0,0.3114082493739017,0.6564834363934376,ATP:Pantothenate 4-Phosphotransferase,CoA synthesis,79646.1 or 80025.1 or 53354.1 or 55229.1,NA,"PMID:13163064,PMID:15105273,PMID:15659606"
r0590,-0.3565225242594807,0,0.3114082493739017,0.6564834363934376,ATP:Pantetheine-4-Phosphate Adenylyltransferase,CoA synthesis,80347.1,NA,"PMID:11923312,PMID:11994049,PMID:13163064,PMID:15893380"
r0591,-1.737191932468071,0,-0.5939092115974528,2.2051835227774013,Dephospho Coenzyme A Nucleotidohydrolase,CoA synthesis,5169.1 or 5167.1,NA,"PMID:11579996,PMID:11946484"
r0594,-0.9958946918607419,0,1.5583022847296997,757.6062874950409,L-2-Aminoadipate-6-Semialdehyde:NAD+ 6-Oxidoreductase Lysine Degradation,Lysine metabolism,501.1,NA,PMID:2160277
r0603,0.8584767593442346,0,16.50725715315193,1.2570297233506658,"(S)-2-Methylbutanoyl Coenzyme A:Acceptor 2, 3-Oxidoreductase Valine, Leucine And Isoleucine Degradation","Valine, leucine, and isoleucine metabolism",(34.1 and 36.1) or (36.1 and 35.1),NA,PMID:6401712
r0604,0.9546543238395097,0,40.56620882100556,0.9410882250744104,"(S)-2-Methylbutanoyl Coenzyme A:Enzyme N6- (Dihydrolipoyl)Lysine S- (2-Methylbutanoyl)Transferase Valine, Leucine And Isoleucine Degradation",Miscellaneous,1629.1,NA,PMID:1943690
r0610,0.9681075491500789,0,-6.279650900303107,-387.5220628565848,CTP:D-Tagatose 6-Phosphate 1-Phosphotransferase,Miscellaneous,5211.1,NA,"PMID:131802,PMID:1810251,PMID:193556,PMID:2987258,PMID:6091737"
r0611,-0.9681075491500789,0,6.279650900303107,387.5220628565848,ITP:D-Tagatose 6-Phosphate 1-Phosphotransferase,Miscellaneous,5211.1,NA,"PMID:131802,PMID:1810251"
r0616,1.0061739638250211,0,1.060185447066708,-344.49771670377254,Trans-4-Hydroxy-L-Proline:NAD+ 5-Oxidoreductase,Arginine and proline metabolism,29920.1 or 5831.1,NA,"PMID:12514185,PMID:3768405,PMID:6250440,PMID:675382"
r0618,-0.9581674073883468,0,7.4625152142512965,349.31743784906865,Trans-4-Hydroxy-L-Proline:NADP+ 5-Oxidoreductase,Arginine and proline metabolism,29920.1 or 5831.1,NA,"PMID:12514185,PMID:3768405,PMID:6250440,PMID:675382"
r0627,-0.5743422135107942,0,-312.29937170381544,-84.43695286870003,Galactosylglycerol Galactohydrolase,Miscellaneous,2717.1,NA,PMID:3569296
r0629,-1.2082736836513284,0,-33.528464574325085,355.4939091424942,Choloyl Coenzyme A:Glycine N-Choloyltransferase Bile Acid Biosynthesis,Bile acid synthesis,570.1,NA,"PMID:10884298,PMID:12239217,PMID:12543708,PMID:15026425,PMID:3741411,PMID:6884990"
r0630,0.9682465651256486,0,-6.231165173941019,-386.24071691363605,Choloyl Coenzyme A:Glycine N-Choloyltransferase Bile Acid Biosynthesis,Bile acid synthesis,570.1,NA,"PMID:10884298,PMID:12239217,PMID:12543708,PMID:15026425,PMID:3741411,PMID:6884990"
r0634,0.7058837851333488,0,33.960040210819244,5.855145919418335,Octanoyl Coenzyme A:Acetyl Coenzyme A C-Acyltransferase,Fatty acid oxidation,(10449.1 and 3032.1) or (3032.1 and 30.1),NA,"PMID:1121274,PMID:1679347,PMID:3194209,PMID:6378901,PMID:8241273"
r0637,1,0,115.87114506849646,NA,Octanoyl Coenzyme A:L-Carnitine O-Octanoyltransferase,Fatty acid oxidation,54677.1,NA,"PMID:1735445,PMID:1988962,PMID:2355017,PMID:6361812,PMID:7892212"
r0638,-0.6457919003579949,0,-45.264676237893106,-9.741884710726305,Trans-Dodec-2-Enoyl Coenzyme A Reductase,Fatty acid oxidation,55825.1 or 51102.1,NA,PMID:12654921
r0639,0.7383109097812932,0,40.86098545937389,6.151301271904632,Lauroyl Coenzyme A:Acetyl Coenzyme A C-Acyltransferase,Fatty acid oxidation,(10449.1 and 3032.1) or (3032.1 and 30.1),NA,"PMID:1121274,PMID:1679347,PMID:3194209,PMID:6378901,PMID:8241273"
r0641,-890.7223305703149,0,-516.7667267415046,515.6076961575985,(5-Glutamyl)-Peptide:Amino-Acid 5-Glutamyltransferase Arachidonic Acid Metabolism,Fatty acid oxidation,(2687.1 or 2678.1 or 92086.1 or 728441.1 or 102724197.1 or 2686.1 or 124975.1) or ((2687.1 or 2678.1 or 92086.1 or 728441.1 or 102724197.1 or 2686.1 or 124975.1) and 91227.1),NA,PMID:1968061
r0642,-0.6942415111333458,0,-347.32019656000136,-62.68061415991187,"(S)-Methylmalonate Semialdehyde:NAD+ Oxidoreductase Valine, Leucine And Isoleucine Degradation",Miscellaneous,224.1 or 217.1 or 219.1 or 223.1 or 501.1,NA,"PMID:10947204,PMID:10989432,PMID:1527093,PMID:16683190,PMID:8120000,PMID:8155713,PMID:8634152,PMID:9787093"
r0643,-1.2332482753311171,0,-600.1389432380677,62.68061415991187,"(S)-Methylmalonate Semialdehyde:NAD+ Oxidoreductase Valine, Leucine And Isoleucine Degradation","Valine, leucine, and isoleucine metabolism",224.1 or 217.1 or 219.1 or 223.1 or 501.1,NA,"PMID:10947204,PMID:10989432,PMID:1527093,PMID:16683190,PMID:8120000,PMID:8155713,PMID:8634152,PMID:9787093"
r0648,0.3375512224423862,0,36.43391740116924,18.04462037720522,(5-Glutamyl)-Peptide:Amino-Acid 5-Glutamyltransferase Cyanoamino Acid Metabolism,Miscellaneous,(2687.1 or 2678.1 or 92086.1 or 728441.1 or 102724197.1 or 2686.1 or 124975.1) or ((2687.1 or 2678.1 or 92086.1 or 728441.1 or 102724197.1 or 2686.1 or 124975.1) and 91227.1),NA,PMID:1968061
r0649,0.865771547482329,0,254.76183105529546,18.3282280133734,(5-Glutamyl)-Peptide:Amino-Acid 5-Glutamyltransferase Cyanoamino Acid Metabolism,Miscellaneous,(2687.1 or 2678.1 or 92086.1 or 728441.1 or 102724197.1 or 2686.1 or 124975.1) or ((2687.1 or 2678.1 or 92086.1 or 728441.1 or 102724197.1 or 2686.1 or 124975.1) and 91227.1),NA,PMID:1968061
r0650,1,0,3.3165807962664053,NA,Chenodeoxycholate:Coa Ligase (AMP-Forming) Bile Acid Biosynthesis,Bile acid synthesis,10998.1 or 11001.1,NA,"PMID:10749848,PMID:10884298,PMID:15026425,PMID:438652,PMID:6173037"
r0653,0.5386787109665512,0,114.01186468318701,34.18263995328545,Myristoyl Coenzyme A:Acetylcoa C-Myristoyltransferase,Fatty acid oxidation,(10449.1 and 3032.1) or (3032.1 and 30.1),NA,"PMID:10706581,PMID:1121274,PMID:1679347,PMID:3194209,PMID:6378901,PMID:8241273"
r0655,0.9303924004705592,0,20.071480572871863,0.7237531505712773,"3-Methylbutanoyl Coenzyme A: (Acceptor) 2, 3-Oxidoreductase Valine, Leucine And Isoleucine Degradation","Valine, leucine, and isoleucine metabolism",34.1 or 3712.1,NA,"PMID:3597357,PMID:9214289"
r0656,0.9771344805582286,0,60.47745890411735,0.6994205634260084,"3-Methylbutanoyl Coenzyme A:Enzyme N6- (Dihydrolipoyl)Lysine S- (3-Methylbutanoyl)Transferase Valine, Leucine And Isoleucine Degradation",Miscellaneous,1629.1,NA,PMID:1943690
r0660,0.9476161669174601,0,31.60655746252425,0.8501021189668246,(S)-3-Hydroxydodecanoyl Coenzyme A Hydro-Lyase,Fatty acid oxidation,3030.1 and 1962.1 and 1892.1,NA,"PMID:8012501,PMID:8188243"
r0661,0.4400974929887578,0,14.03485856782198,5.4566809094036,(S)-3-Hydroxydodecanoyl Coenzyme A Hydro-Lyase,Fatty acid oxidation,3030.1 and 1962.1 and 1892.1,NA,"PMID:8012501,PMID:8188243"
r0666,-0.34449922149750895,0,0.4993223867278146,1.0241613469407551,2- (Formamido)-N1- (5-Phosphoribosyl)Acetamidine Cyclo-Ligase (ADP-Forming),Purine synthesis,2618.1,NA,PMID:4084560
r0669,-0.9342167424879779,0,7.073826226926944,207.9908116297245,"(S)-3-Hydroxyisobutyryl Coenzyme A Hydro-Lyase Valine, Leucine And Isoleucine Degradation","Valine, leucine, and isoleucine metabolism",3030.1 and 1962.1 and 1892.1,NA,"PMID:10671535,PMID:12467702"
r0670,0.9546543238395097,0,40.56620882100556,0.9410882250744104,"(S)-3-Methyl-2-Oxopentanoate:[Dihydrolipoyllysine-Residue (2-Methylpropanoyl)Transferase] Lipoyllysine 2-Oxidoreductase (Decarboxylating, Acceptor-2-Methylpropanoylating)",Miscellaneous,593.1 and 594.1 and 641649.1,NA,"PMID:11839747,PMID:12387880,PMID:15576032"
r0672,0.8747742839783723,0,-12.106836948059197,-181.2533981967449,"Cholest-5-Ene-3Beta, 7Alpha-Diol:NAD+ 3-Oxidoreductase Bile Acid Biosynthesis",Bile acid synthesis,80270.1,NA,PMID:12679481
r0688,0.4430752139927687,0,-263.8741107306838,-683.7371910484314,"3Alpha, 7Alpha-Dihydroxy-5Beta-Cholestan-26-Al:NAD+ Oxidoreductase Bile Acid Biosynthesis",Bile acid synthesis,224.1 or 217.1 or 219.1 or 223.1 or 501.1,NA,"PMID:11182138,PMID:8155713,PMID:9538213"
r0698,-0.5847596197516317,0,238.10583898715973,908.7279002784729,Propanoyl Coenzyme A:Acetyl Coenzyme A C-Acyltransferase Bile Acid Biosynthesis,Bile acid synthesis,(10449.1 and 3032.1) or (3032.1 and 30.1),NA,"PMID:1121274,PMID:12543708,PMID:3746130,PMID:6378901"
r0706,0.7944249530435431,0,8.147959482329851,0.9334562308321968,"Acyl-Coenzyme A Dehydrogenase Family, Member 9 Bile Acid Biosynthesis",Bile acid synthesis,28976.1,NA,"PMID:11356170,PMID:8943006"
r0714,0.5386787109665512,0,114.01186468318701,34.18263995328545,(S)-3-Hydroxyhexadecanoyl Coenzyme A:NAD+ Oxidoreductase,Fatty acid oxidation,3030.1 and 1962.1 and 3033.1,NA,"PMID:10231530,PMID:10329704,PMID:1550553,PMID:1651711,PMID:7150615,PMID:8188243,PMID:8687463,PMID:9553139"
r0716,0.5386787109665512,0,114.01186468318701,34.18263995328545,(S)-3-Hydroxyhexadecanoyl Coenzyme A Hydro-Lyase,Miscellaneous,3030.1 and 1962.1 and 1892.1,NA,"PMID:8012501,PMID:8188243"
r0718,0.7383109097812932,0,40.86098545937389,6.151301271904632,(S)-3-Hydroxytetradecanoyl Coenzyme A:NAD+ Oxidoreductase,Fatty acid oxidation,3030.1 and 1962.1 and 3033.1,NA,"PMID:10231530,PMID:10329704,PMID:1550553,PMID:1651711,PMID:7150615,PMID:8188243,PMID:8687463,PMID:9553139"
r0722,-0.7810232932235489,0,-59.81566437064342,-7.354332336564758,(S)-3-Hydroxydodecanoyl Coenzyme A:NAD+ Oxidoreductase,Fatty acid oxidation,3030.1 and 1962.1 and 3033.1,NA,"PMID:10231530,PMID:10329704,PMID:1550553,PMID:1651711,PMID:7150615,PMID:8188243,PMID:8687463,PMID:9553139"
r0723,0.4400974929887578,0,14.03485856782198,5.4566809094036,(S)-3-Hydroxydodecanoyl Coenzyme A:NAD+ Oxidoreductase,Fatty acid oxidation,3030.1 and 1962.1 and 3033.1,NA,"PMID:10231530,PMID:10329704,PMID:1550553,PMID:1651711,PMID:7150615,PMID:8188243,PMID:8687463,PMID:9553139"
r0724,0.7810232932235489,0,59.81566437064342,7.354332336564758,Decanoyl Coenzyme A:Acetyl Coenzyme A C-Acyltransferase,Fatty acid oxidation,(10449.1 and 3032.1) or (3032.1 and 30.1),NA,"PMID:1121274,PMID:1679347,PMID:3194209,PMID:6378901,PMID:8241273"
r0726,-0.7058837851333488,0,-33.960040210819244,-5.855145919418335,(S)-Hydroxydecanoyl Coenzyme A:NAD+ Oxidoreductase,Fatty acid oxidation,3030.1 and 1962.1 and 3033.1,NA,"PMID:10231530,PMID:10329704,PMID:1550553,PMID:1651711,PMID:7150615,PMID:8188243,PMID:8687463,PMID:9553139"
r0728,0.8373597062312921,0,50.7860543387413,4.495504483413696,(S)-Hydroxydecanoyl Coenzyme A Hydro-Lyase,Fatty acid oxidation,3030.1 and 1962.1 and 1892.1,NA,"PMID:8012501,PMID:8188243"
r0733,0.3757271023074886,0,27.560838927382232,12.506466399604212,(S)-Hydroxyhexanoyl Coenzyme A:NAD+ Oxidoreductase,Fatty acid oxidation,3030.1 and 1962.1 and 3033.1,NA,"PMID:10231530,PMID:10329704,PMID:1550553,PMID:1651711,PMID:7150615,PMID:8188243,PMID:8687463,PMID:9553139"
r0734,0.3757271023074886,0,27.560838927382232,12.506466399604212,(S)-Hydroxyhexanoyl Coenzyme A Hydro-Lyase,Fatty acid oxidation,3030.1 and 1962.1 and 1892.1,NA,"PMID:8012501,PMID:8188243"
r0735,-0.5802124840807212,0,-90.97192785513346,-24.166926914838584,Trans-Dec-2-Enoyl Coenzyme A Reductase,Fatty acid oxidation,55825.1 or 51102.1,NA,PMID:12654921
r0737,0.6268815731797492,0,103.39648408329487,23.713547510714587,3-Ketolactose Galactohydrolase,Miscellaneous,2720.1,NA,PMID:3109378
r0739,0.4430752139927687,0,-263.8741107306838,-683.7371910484314,Alcohol Dehydrogenase Bile Acid Biosynthesis,Bile acid synthesis,(124.1 and 125.1 and 126.1) or 130.1 or 131.1 or 128.1 or 127.1,NA,"PMID:5487878,PMID:6338006,PMID:6379302"
r0743,0.5905790563233965,0,6.2061675163540055,1.597490518348757,Hydroxysteroid (17-Beta) Dehydrogenase 4 Bile Acid Biosynthesis,Bile acid synthesis,3295.1,NA,PMID:11330072
r0744,0.7722192301988738,0,4.846118754352668,0.6228646217151443,"(24R, 25R)-3Alpha, 7Alpha, 12Alpha, 24-Tetrahydroxy-5Beta-Cholestanoyl- Coenzyme A Hydro-Lyase Bile Acid Biosynthesis",Bile acid synthesis,3295.1,NA,PMID:11330072
r0779,-0.9342167424879779,0,7.073826226926944,207.9908116297245,3-Hydroxy-2-Methylpropanoyl Coenzyme A Hydrolase,Miscellaneous,26275.1,NA,"PMID:11580916,PMID:8188708"
r0782,0.9449846606678084,0,43.26612425251901,1.2238145397629123,"GDP-L-Fucose:NADP+ 4-Oxidoreductase (3, 5-Epimerizing)",Aminosugar metabolism,7264.1,NA,"PMID:10410995,PMID:2428310,PMID:9603974"
r0791,-1.2306952761756869,0,-7.819245776768907,75.60776668964736,Trans-Hex-2-Enoyl Coenzyme A Reductase,Fatty acid oxidation,55825.1 or 51102.1,NA,PMID:12654921
r0812,0.5713773849653312,0,6.206851376960054,1.6930349728705363,Mitochondrial Carrier (Mc) Tcdb:2.A.29.20.1,Purine catabolism,10478.1,NA,"PMID:14598172,PMID:18406340,PMID:9759482"
r0813,0.3392834086590272,0,0.45457766225363594,0.2242594820200873,ATP-Binding Cassette (ABC) Tcdb:3.A.1.208.9,"Transport, extracellular",8714.1,NA,"PMID:16847695,PMID:16983557"
r0826,-0.7564364023654493,0,31.559875026598572,227.59112564101218,Transport Reaction,"Transport, endoplasmic reticular",NA,NA,"PMID:10785372,PMID:1313850,PMID:1992775,PMID:3085711,PMID:7822436,PMID:8240303"
r0829,1,0,4.444973919072634,NA,Mitochondrial Carrier (Mc) Tcdb:2.A.29.2.2,"Transport, mitochondrial",1468.1,NA,"PMID:10585886,PMID:14598172,PMID:4424886,PMID:4441366,PMID:5099217,PMID:8329439"
r0838,1.0406800650324881,0,877.7543716903687,-17.497649697649432,Free Diffusion,"Transport, mitochondrial",NA,NA,PMID:3888072
r0840,-0.4670808547641774,0,80.20879274003578,220.8079504454337,Free Diffusion,"Transport, endoplasmic reticular",NA,NA,PMID:7419607
r0853,0.5076742538889789,0,2.0808910116104977,0.6795076703235231,Facilitated Diffusion,Purine catabolism,NA,NA,PMID:8132483
r0859,1,0,2.805778274893947,NA,Postulated Transport Reaction,Purine catabolism,NA,NA,"PMID:1459,PMID:14598172,PMID:18406340,PMID:8132483"
r0860,-0.4488007638679061,0,-7.890504777530884,-3.0019588024376556,Utilized Transport,Purine catabolism,NA,NA,"PMID:1459,PMID:14598172,PMID:18406340,PMID:8132483"
r0885,1,0,NA,-989.9880982543946,Mitochondrial Carrier (Mc) Tcdb:2.A.29.2.7,"Transport, mitochondrial",1468.1,NA,"PMID:15845418,PMID:16600197,PMID:9639574"
r0892,-1.0008492255855623,0,-996.4013774719239,0.42290520066100873,Facilitated Diffusion,"Transport, extracellular",NA,NA,"PMID:179827,PMID:9305892"
r0907,0.3816898366128251,0,26.236629043016396,11.740966720928391,Active Transport,"Transport, mitochondrial",NA,NA,PMID:1526979
r0913,-0.5702199710914704,0,81.96289355539233,299.4549855561405,Mitochondrial Carrier (Mc) Tcdb:2.A.29.7.2,"Transport, mitochondrial",6576.1,NA,"PMID:14598172,PMID:16919238,PMID:17173541,PMID:18406340,PMID:8132483"
r0917,0.4889174824855732,0,-32.79358427962569,-95.53631610167622,Mitochondrial Carrier (Mc) Tcdb:2.A.29.7.2,"Transport, mitochondrial",6576.1,NA,PMID:14598172
r0924,0.3857277200484683,0,0.5318863935592126,0.23577724752117066,ATP-Binding Cassette (ABC) Tcdb:3.A.1.204.5,"Transport, extracellular",64240.1 and 64241.1,NA,PMID:15209530
r0927,-1,0,NA,16.942155502788303,Free Diffusion,"Transport, mitochondrial",NA,NA,PMID:4358819
r0934,0.9520763841285167,0,22.191253488242626,0.5447968719482422,Neurotransmitter:Sodium Symporter (Nss) Tcdb:2.A.22.3.3,"Transport, peroxisomal",6533.1,NA,"PMID:11023036,PMID:12739169,PMID:12856180,PMID:12883891,PMID:1554704,PMID:18021224,PMID:4553030,PMID:793184,PMID:8725559,PMID:8781017"
r0942,-0.6937539547164664,0,-553.9297591113567,-100.15551409951448,Neurotransmitter:Sodium Symporter (Nss) Tcdb:2.A.22.3.4,"Transport, extracellular",6535.1,NA,"PMID:11165387,PMID:12110547,PMID:12145274,PMID:15918910,PMID:3896131,PMID:9386672"
r0944,0.8321344149616878,0,72.1850640297186,6.613809502961671,Active Transport,"Transport, extracellular",NA,NA,PMID:1526979
r0950,-0.40948789471639613,0,0.5107300140996726,1.2190567575174325,Facilitated Diffusion,"Transport, mitochondrial",NA,NA,"PMID:14770309,PMID:14770310"
r0960,-1.0732408858629852,0,-78.2760212409962,2.7652383167882917,Resistance-Nodulation-Cell Division (Rnd) Tcdb:2.A.65.1.1,"Transport, endoplasmic reticular",1356.1,NA,"PMID:11023036,PMID:1554704,PMID:18021224,PMID:4553030,PMID:8725559"
r0961,0.55521216826536,0,89.30361840732247,25.54067130387394,Resistance-Nodulation-Cell Division (Rnd) Tcdb:2.A.65.1.1,"Transport, extracellular",1356.1,NA,"PMID:11023036,PMID:1554704,PMID:18021224,PMID:4553030,PMID:8725559"
r0962,0.8511661301265252,0,62.92305950960219,5.059017825943558,Facilitated Diffusion,"Transport, mitochondrial",NA,NA,"PMID:14739191,PMID:14977409,PMID:14998787,PMID:16109384,PMID:16171773,PMID:16750224"
r0970,0.45761102124201897,0,10.413861971879564,3.875083185801795,Active Transport,"Transport, endoplasmic reticular",NA,NA,PMID:15975683
r0973,0.3565225242594807,0,-0.3114082493739017,-0.6564834363934376,Facilitated Diffusion,"Transport, mitochondrial",NA,NA,PMID:15975683
r0987,-0.5092216512513246,0,2.5472858935783327,7.833310153794498,Vesicular Transport,"Transport, lysosomal",NA,NA,"PMID:11023036,PMID:12739169,PMID:12856180,PMID:12883891,PMID:1554704,PMID:18021224,PMID:4553030,PMID:793184,PMID:8725559,PMID:8781017"
r0990,1,0,NA,-15.90455581549406,Postulated Transport Reaction,"Transport, peroxisomal",NA,NA,"PMID:10884298,PMID:6469982"
r0994,0.7353671406309177,0,3.8957453396612314,0.5940773018402978,Facilitated Diffusion,"Transport, endoplasmic reticular",NA,NA,PMID:15975683
r0997,1,0,115.87114506849646,NA,Cot Facilitated Diffusion,"Transport, peroxisomal",54677.1,NA,"PMID:14598172,PMID:1735445,PMID:18406340,PMID:1988962,PMID:2351134,PMID:2355017,PMID:6361812,PMID:7892212,PMID:8132483"
r0998,-1.115910148442844,0,-579.6608015182495,31.75398047971176,Facilitated Diffusion,"Transport, endoplasmic reticular",NA,NA,"PMID:14598172,PMID:1735445,PMID:18406340,PMID:1988962,PMID:2351134,PMID:2355017,PMID:6361812,PMID:7892212,PMID:8132483"
r1000,-0.4976243049383442,0,0.6817979811622096,2.032497267848727,Facilitated Diffusion,"Transport, endoplasmic reticular",NA,NA,"PMID:14598172,PMID:1735445,PMID:18406340,PMID:1988962,PMID:2351134,PMID:2355017,PMID:6361812,PMID:7892212,PMID:8132483"
r1002,0.9062813668699695,0,181.73191816987992,8.934497951341234,Facilitated Diffusion,"Transport, endoplasmic reticular",NA,NA,"PMID:14598172,PMID:1735445,PMID:18406340,PMID:1988962,PMID:2351134,PMID:2355017,PMID:6361812,PMID:7892212,PMID:8132483"
r1003,-0.3867407843349204,0,1.291122926225292,2.9195693658589588,Facilitated Diffusion,"Transport, peroxisomal",NA,NA,"PMID:14598172,PMID:1735445,PMID:18406340,PMID:1988962,PMID:2351134,PMID:2355017,PMID:6361812,PMID:7892212,PMID:8132483"
r1006,0.4909538468911546,0,1.5818405596342129,0.5400769805130822,Facilitated Diffusion,"Transport, peroxisomal",NA,NA,"PMID:14598172,PMID:1735445,PMID:18406340,PMID:1988962,PMID:2351134,PMID:2355017,PMID:6361812,PMID:7892212,PMID:8132483"
r1007,-0.6064114151406299,0,-1.865027537256234,-0.45695239849137653,Facilitated Diffusion,"Transport, peroxisomal",NA,NA,"PMID:14598172,PMID:1735445,PMID:18406340,PMID:1988962,PMID:2351134,PMID:2355017,PMID:6361812,PMID:7892212,PMID:8132483"
r1008,-0.5780666200416543,0,1.794705775401747,6.712351786997915,Facilitated Diffusion,"Transport, mitochondrial",NA,NA,"PMID:14598172,PMID:1735445,PMID:18406340,PMID:1988962,PMID:2351134,PMID:2355017,PMID:6361812,PMID:7892212,PMID:8132483"
r1011,1,0,0.26587967036766097,NA,Transport Reaction,"Transport, endoplasmic reticular",NA,NA,PMID:12543708
r1012,1,0,0.26587967036766097,NA,Postulated Transport Reaction,"Transport, peroxisomal",NA,NA,"PMID:12543708,PMID:17034878"
r1013,1,0,5.830549011761637,NA,Transport Reaction,"Transport, endoplasmic reticular",NA,NA,PMID:12543708
r1014,0.35965856748976494,0,0.7827457584038333,0.3686400043453512,Postulated Transport Reaction,"Transport, peroxisomal",NA,NA,"PMID:12543708,PMID:17034878"
r1015,0.9138989387949557,0,122.22017507323027,5.498350284418464,Na (+)Bile Acid Symporter Active Transport,"Transport, extracellular",6554.1,NA,PMID:6469982
r1018,1,0,3.3165807962664053,NA,Transport Reaction,"Transport, endoplasmic reticular",NA,NA,"PMID:10884298,PMID:6469982"
r1019,-0.6148022737674117,0,-392.9409386090666,-93.73281085540056,Postulated Transport Reaction,"Transport, peroxisomal",NA,NA,"PMID:10884298,PMID:6469982"
r1020,0.44671955377373734,0,5.709766181065295,2.1836312174443067,Postulated Transport Reaction,"Transport, mitochondrial",NA,NA,"PMID:10884298,PMID:6469982"
r1050,-0.5081397323511825,0,243.7248388782583,747.3080007666588,Vesicular Transport,"Transport, extracellular",NA,NA,"PMID:10772724,PMID:12856181"
r1106,0.3523446963579479,0,0.32623471965052847,0.15623801164220166,Postulated Transport Reaction,"Transport, extracellular",NA,NA,"PMID:10049700,PMID:10574970,PMID:11389679,PMID:11557028,PMID:11564694,PMID:12824232,PMID:12930836,PMID:14574404,PMID:16288981,PMID:911815"
r1134,0.3370934458591746,0,0.33241871485055324,0.16480713855560317,Methylsterol Monooxygenase,Miscellaneous,NA,NA,"PMID:14653780,PMID:6299366,PMID:7430141"
r1143,-0.992674029183294,0,0.07136032157242299,19.410104553961755,Major Facilitator (Mfs) Tcdb:2.A.18.6.3,"Transport, extracellular",10991.1,NA,PMID:10823827
r1144,-0.6902044621397238,0,100.68280286490918,549.3123749889373,Major Facilitator (Mfs) Tcdb:2.A.18.6.3,"Transport, extracellular",10991.1,NA,PMID:10823827
r1147,0.3966110875019865,0,394.8448532489967,170.58793871777206,Mitochondrial Carrier (Mc) Tcdb:2.A.29.7.2,"Transport, peroxisomal",6576.1,NA,"PMID:14598172,PMID:16919238,PMID:17173541,PMID:18406340,PMID:8132483"
r1150,0.4749776340429035,0,9.667787620584667,3.441275727156177,Facilitated Diffusion,"Transport, lysosomal",NA,NA,PMID:8691743
r1154,3.303743092076703,0,252.41360973370075,-135.114038484478,Ec:1.2.7.2,Propanoate metabolism,593.1 and 594.1 and 1738.1 and 1629.1,NA,"PMID:2649080,PMID:283398,PMID:3718468,PMID:9381974"
r1155,0.6652766023133602,0,368.05156778726575,73.97898410540819,Tcdb:2.A.1.13.5 Tcdb:2.A.1.13.1,"Transport, mitochondrial",9194.1 or 6566.1,NA,"PMID:12107270,PMID:12739169,PMID:12829793,PMID:17245649,PMID:18375207,PMID:8476015,PMID:8557697,PMID:9786900"
r1163,0.9789928188432505,0,42.44294811524563,0.45053559133410453,Glycoside-Pentoside-Hexuronide (Gph):Cation Symporter Tcdb:2.A.28.1.1,"Transport, extracellular",6554.1,NA,PMID:15297262
r1164,0.8170983165820032,0,35.41985341316238,3.5652175540352617,Sterol O-Acyltransferase,Miscellaneous,6646.1 or 8435.1,NA,"PMID:2760547,PMID:7822296,PMID:9242919"
r1165,-0.3458896443300823,0,0.32462493199151093,0.6679443773845531,Sterol O-Acyltransferase,Miscellaneous,6646.1 or 8435.1,NA,"PMID:2760547,PMID:7822296,PMID:9242919"
r1166,0.35712509057672526,0,0.38488262412710755,0.18232024729508012,Sterol O-Acyltransferase,Miscellaneous,6646.1 or 8435.1,NA,"PMID:2760547,PMID:7822296,PMID:9242919"
r1167,-0.37142602182373724,0,25.16453716859296,54.90411995782852,Sterol O-Acyltransferase,Miscellaneous,6646.1 or 8435.1,NA,"PMID:2760547,PMID:7822296,PMID:9242919"
r1168,0.8642922373362024,0,1.747280308744844,0.12719009214192775,Sterol O-Acyltransferase,Miscellaneous,6646.1 or 8435.1,NA,"PMID:2760547,PMID:7822296,PMID:9242919"
r1170,-0.41386378274293273,0,0.5749288178286756,1.3868295615431407,Sterol O-Acyltransferase,Miscellaneous,6646.1 or 8435.1,NA,"PMID:2760547,PMID:7822296,PMID:9242919"
r1171,0.5999877643618822,0,2.462001635489368,0.6155239435531443,Sterol O-Acyltransferase,Miscellaneous,6646.1 or 8435.1,NA,"PMID:2760547,PMID:7822296,PMID:9242919"
r1172,0.8170983165820032,0,35.41985341316238,3.5652175540352617,Sterol Esterase,Miscellaneous,3988.1 or 1056.1,NA,"PMID:11230747,PMID:8112342"
r1174,-0.3458896443300823,0,0.32462493199151093,0.6679443773845531,Sterol Esterase,Miscellaneous,3988.1 or 1056.1,NA,"PMID:11230747,PMID:8112342"
r1175,0.35712509057672526,0,0.38488262412710755,0.18232024729508012,Sterol Esterase,Miscellaneous,3988.1 or 1056.1,NA,"PMID:11230747,PMID:8112342"
r1177,-0.37142602182373724,0,25.16453716859296,54.90411995782852,Sterol Esterase,Miscellaneous,3988.1 or 1056.1,NA,"PMID:11230747,PMID:8112342"
r1179,0.8642922373362024,0,1.747280308744844,0.12719009214192775,Sterol Esterase,Miscellaneous,3988.1 or 1056.1,NA,"PMID:11230747,PMID:8112342"
r1182,-0.41386378274293273,0,0.5749288178286756,1.3868295615431407,Sterol Esterase,Miscellaneous,3988.1 or 1056.1,NA,"PMID:11230747,PMID:8112342"
r1183,0.5999877643618822,0,2.462001635489368,0.6155239435531443,Sterol Esterase,Miscellaneous,3988.1 or 1056.1,NA,"PMID:11230747,PMID:8112342"
r1251,-0.3458896443300823,0,0.32462493199151093,0.6679443773845531,Long-Chain-Fatty-Acid---Coa Ligase,Fatty acid oxidation,2182.1 or 2181.1 or 81616.1 or 11001.1 or 2180.1 or 23305.1 or 51703.1,NA,PMID:8584017
r1252,0.4805602876819287,0,0.4561893684557726,0.16004945984620136,Long-Chain-Fatty-Acid---Coa Ligase,Fatty acid oxidation,2182.1 or 2181.1 or 81616.1 or 11001.1 or 2180.1 or 23305.1 or 51703.1,NA,PMID:8584017
r1253,0.4115579382207108,0,2.040081528866563,0.8504573199151105,Long-Chain-Fatty-Acid---Coa Ligase,Fatty acid oxidation,2182.1 or 2181.1 or 81616.1 or 11001.1 or 2180.1 or 23305.1 or 51703.1,NA,PMID:8584017
r1254,0.40792761790208915,0,11.328814515388537,4.764078856884769,Long-Chain-Fatty-Acid---Coa Ligase,Fatty acid oxidation,2182.1 or 2181.1 or 81616.1 or 11001.1 or 2180.1 or 23305.1 or 51703.1,NA,PMID:8584017
r1255,0.3778311402332094,0,0.6667004841177783,0.3010530593315789,Long-Chain-Fatty-Acid---Coa Ligase,Fatty acid oxidation,2182.1 or 2181.1 or 81616.1 or 11001.1 or 2180.1 or 23305.1 or 51703.1,NA,PMID:8584017
r1257,0.8642922373362024,0,1.747280308744844,0.12719009214192775,Long-Chain-Fatty-Acid---Coa Ligase,Fatty acid oxidation,2182.1 or 2181.1 or 81616.1 or 11001.1 or 2180.1 or 23305.1 or 51703.1,NA,PMID:8584017
r1259,0.6696080621970263,0,0.6498155200355431,0.12858934605075883,Long-Chain-Fatty-Acid---Coa Ligase,Fatty acid oxidation,2182.1 or 2181.1 or 81616.1 or 11001.1 or 2180.1 or 23305.1 or 51703.1,NA,PMID:8584017
r1260,0.7668766080015188,0,1.0078372957085027,0.1329750181162286,Long-Chain-Fatty-Acid---Coa Ligase,Fatty acid oxidation,2182.1 or 2181.1 or 81616.1 or 11001.1 or 2180.1 or 23305.1 or 51703.1,NA,PMID:8584017
r1262,0.5802462894935939,0,0.596974105435767,0.15857154514389477,Long-Chain-Fatty-Acid---Coa Ligase,Fatty acid oxidation,2182.1 or 2181.1 or 81616.1 or 11001.1 or 2180.1 or 23305.1 or 51703.1,NA,PMID:8584017
r1298,0.5643327145314769,0,2.600721752385584,0.7243020462306958,Vesicular Transport,"Transport, lysosomal",NA,NA,"PMID:11023036,PMID:12739169,PMID:12856180,PMID:12883891,PMID:1554704,PMID:18021224,PMID:4553030,PMID:793184,PMID:8725559,PMID:8781017"
r1318,0.9062813668699695,0,181.73191816987992,8.934497951341234,Transport Reaction,"Transport, endoplasmic reticular",NA,NA,PMID:17466261
r1377,0.4678608062828551,0,6.042922830051556,2.190722763844207,S- (Hydroxymethyl)Glutathione Synthase,Miscellaneous,NA,NA,NA
r1378,0.4678608062828551,0,6.042922830051556,2.190722763844207,S- (Hydroxymethyl)Glutathione Dehydrogenase,Miscellaneous,128.1,NA,PMID:18288723
r1435,0.6830976424036695,0,153.08014165154697,28.8227233930856,Transport Reaction,"Transport, mitochondrial",NA,NA,"PMID:12930836,PMID:16288981,PMID:911815"
r1448,-0.5110179445842293,0,3.4130801292825286,10.546860083167442,Acyl-CoA Oxidase,Fatty acid oxidation,8310.1 or 51.1,NA,"PMID:17603022,PMID:1774065,PMID:3597357,PMID:6240978,PMID:7876265"
r1450,-0.5043368476653178,0,2.896492642619973,8.790850380466805,Acyl-CoA Oxidase,Fatty acid oxidation,8310.1 or 51.1,NA,"PMID:17603022,PMID:1774065,PMID:3597357,PMID:6240978,PMID:7876265"
r1455,0.8478479452004943,0,366.9594302426815,30.215490124335886,Transport Reaction,"Transport, mitochondrial",NA,NA,"PMID:17603022,PMID:6240978,PMID:7876265"
r1459,-0.9437123941692007,0,-43.54494333518147,-1.2610099177881842,Transport Reaction,"Transport, nuclear",NA,NA,NA
r1467,-1,0,-139.93817903437355,NA,Postulated Transport Reaction,"Transport, mitochondrial",NA,NA,NA
r1487,-0.4976243049383442,0,0.6817979811622096,2.032497267848727,Long-Chain-Fatty-Acid Coenzyme A Ligase,Fatty acid oxidation,2182.1 or 2181.1 or 81616.1 or 11001.1 or 2180.1 or 23305.1 or 51703.1,NA,PMID:8584017
r1495,-0.6484211863220694,0,15.803302475298182,74.09575776656865,Glycoside-Pentoside-Hexuronide (Gph):Cation Symporter Tcdb:2.A.28.1.1,"Transport, extracellular",6554.1,NA,"PMID:11076396,PMID:11819755,PMID:17404808,PMID:6384004"
r1499,0.6858964152305213,0,74.01352194302753,13.789644698034794,Glycoside-Pentoside-Hexuronide (Gph):Cation Symporter Tcdb:2.A.28.1.1,"Transport, extracellular",6554.1,NA,"PMID:11076396,PMID:11819755,PMID:17404808,PMID:6384004"
r1502,-0.5564769925208972,0,9.238414376082613,32.42081962213514,Glycoside-Pentoside-Hexuronide (Gph):Cation Symporter Tcdb:2.A.28.1.1,"Transport, extracellular",6554.1,NA,"PMID:11076396,PMID:11819755,PMID:17404808,PMID:6384004"
r1503,0.8623296961970245,0,38.75074219773668,2.864598283454962,Glycoside-Pentoside-Hexuronide (Gph):Cation Symporter Tcdb:2.A.28.1.1,"Transport, extracellular",6554.1,NA,"PMID:11076396,PMID:11819755,PMID:17404808,PMID:6384004"
r1514,0.4198467867987156,0,0.602847461012505,0.2463250928399095,ATP-Binding Cassette (ABC) Tcdb:3.A.1.211.1,"Transport, extracellular",19.1,NA,PMID:16858612
r1516,0.563362048582703,0,0.4925912770251511,0.13757788624924142,ATP-Binding Cassette (ABC) Tcdb:3.A.1.211.1,"Transport, extracellular",19.1,NA,PMID:16858612
r1518,0.8606955740857991,0,1.6502687783537573,0.12355043349079257,ATP-Binding Cassette (ABC) Tcdb:3.A.1.211.1,"Transport, extracellular",19.1,NA,PMID:16858612
r1519,-0.3915489062353091,0,0.19108014617487934,0.4370069692335339,ATP-Binding Cassette (ABC) Tcdb:3.A.1.211.1,"Transport, extracellular",19.1,NA,PMID:16858612
r1520,-0.5002422104412495,0,0.7704128662267445,2.3127321385042974,ATP-Binding Cassette (ABC) Tcdb:3.A.1.211.1,"Transport, extracellular",19.1,NA,PMID:16858612
r1521,0.5131782836711895,0,0.8201830289094345,0.2638703675212251,ATP-Binding Cassette (ABC) Tcdb:3.A.1.211.1,"Transport, extracellular",19.1,NA,PMID:16858612
r1530,0.3586571123957416,0,2.8575938146034794,1.3489035989560594,ATP-Binding Cassette (ABC) Tcdb:3.A.1.208.15,"Transport, extracellular",10057.1,NA,PMID:16858612
r1531,0.7476345661255464,0,3.1159110372532717,0.4499500387966872,ATP-Binding Cassette (ABC) Tcdb:3.A.1.208.15,"Transport, extracellular",10057.1,NA,PMID:16858612
r1538,-0.5168802833214811,0,17.71044446713547,55.60655691254735,Anion Exchanger (Ae) Tcdb:2.A.31.2.8,"Transport, extracellular",57835.1,NA,PMID:14722772
r1546,0.8623835487457664,4.710382868588566e-6,11.715672110165656,0.8657020305752754,Amino Acid-Polyamine-Organocation (Apc) Tcdb:2.A.3.8.1,"Transport, extracellular",8140.1,NA,"PMID:14770309,PMID:14770310"
r1557,-1.000090899419188,3.562833003558512e-4,-1.3399021625518797e-4,2.94823239287436,Amino Acid-Polyamine-Organocation (Apc) Tcdb:2.A.3.8.1,"Transport, extracellular",8140.1,NA,"PMID:14770309,PMID:14770310"
r1560,-1,4.377402177033642e-12,-9.077243108904362,0,Amino Acid-Polyamine-Organocation (Apc) Tcdb:2.A.3.8.1,"Transport, extracellular",8140.1,NA,"PMID:14770309,PMID:14770310"
r1566,0.9923880311467478,4.340416282173994e-8,-0.058069151106476785,-15.199258414459228,Amino Acid-Polyamine-Organocation (Apc) Tcdb:2.A.3.8.1,"Transport, extracellular",8140.1,NA,"PMID:14770309,PMID:14770310"
r1606,-1,2.5964029287679225e-10,-4.8743538636445995,0,Amino Acid-Polyamine-Organocation (Apc) Tcdb:2.A.3.8.1,"Transport, extracellular",8140.1,NA,"PMID:14770309,PMID:14770310"
r1607,1,0.008920050120473949,1.1072613939724862,0,Amino Acid-Polyamine-Organocation (Apc) Tcdb:2.A.3.8.1,"Transport, extracellular",8140.1,NA,"PMID:14770309,PMID:14770310"
r1618,0.999427833196254,0,-0.004984591362252831,-17.418575564932823,Amino Acid-Polyamine-Organocation (Apc) Tcdb:2.A.3.8.1,"Transport, extracellular",8140.1,NA,"PMID:14770309,PMID:14770310"
r1621,0.9641501823921557,0,-0.11074800762236119,-6.067693893188238,Amino Acid-Polyamine-Organocation (Apc) Tcdb:2.A.3.8.1,"Transport, extracellular",8140.1,NA,"PMID:14770309,PMID:14770310"
r1622,1,0.02374198366964647,0,-5.1551976126194,Amino Acid-Polyamine-Organocation (Apc) Tcdb:2.A.3.8.1,"Transport, extracellular",8140.1,NA,"PMID:14770309,PMID:14770310"
r1624,0.9988692673097697,6.688076480238835e-11,-0.004069259740039706,-7.193493480239809,Amino Acid-Polyamine-Organocation (Apc) Tcdb:2.A.3.8.1,"Transport, extracellular",8140.1,NA,"PMID:14770309,PMID:14770310"
r1626,0.7472665839184033,9.967030935119678e-8,-0.3972397533774376,-2.7463077801167963,Amino Acid-Polyamine-Organocation (Apc) Tcdb:2.A.3.8.1,"Transport, extracellular",8140.1,NA,"PMID:14770309,PMID:14770310"
r1674,-0.8752440846326777,0,3.134490049688262,47.115472694912555,Y+Lat2 Utilized Transport,"Transport, extracellular",9057.1,NA,"PMID:14770309,PMID:14770310"
r1675,-0.8760869830039206,0,5.874623337335948,88.94387886282951,Y+Lat2 Utilized Transport,"Transport, extracellular",9057.1,NA,"PMID:14770309,PMID:14770310"
r1676,0.7274078004075806,0,338.0425583449438,53.344534228312966,Y+Lat2 Utilized Transport,"Transport, extracellular",9057.1,NA,"PMID:14770309,PMID:14770310"
r1677,0.7330974084736666,0,12.224495428530789,1.882611729741247,Y+Lat2 Utilized Transport,"Transport, extracellular",9057.1,NA,"PMID:14770309,PMID:14770310"
r1678,0.48178014974135375,0,14.064199462170153,4.918642850334942,Y+Lat2 Utilized Transport,"Transport, extracellular",9057.1,NA,"PMID:14770309,PMID:14770310"
r1679,-0.9442044706347522,0,1.521338183060863,53.011281199467184,Y+Lat2 Utilized Transport,"Transport, extracellular",9057.1,NA,"PMID:14770309,PMID:14770310"
r1680,-0.8378722770913238,0,19.354459040104945,219.40124162445068,Y+Lat2 Utilized Transport,"Transport, extracellular",9057.1,NA,"PMID:14770309,PMID:14770310"
r1687,-0.8690933787562224,0,2.4197285293008433,34.549043658238276,Y+Lat2 Utilized Transport,"Transport, extracellular",9057.1,NA,"PMID:14770309,PMID:14770310"
r1690,0.9716052019009006,0,29.824762716065347,0.42953229929588704,Y+Lat2 Utilized Transport,"Transport, extracellular",9057.1,NA,"PMID:14770309,PMID:14770310"
r1691,-0.7293542140352793,0,50.98521488655135,325.78189201528954,Y+Lat2 Utilized Transport,"Transport, extracellular",9057.1,NA,"PMID:14770309,PMID:14770310"
r1692,0.858308953417066,0,52.43855228156913,3.998298205692321,Y+Lat2 Utilized Transport,"Transport, extracellular",9057.1,NA,"PMID:14770309,PMID:14770310"
r1693,0.9764167357882679,0,60.40479192205146,0.7207701401011894,Y+Lat2 Utilized Transport,"Transport, extracellular",9057.1,NA,"PMID:14770309,PMID:14770310"
r1695,0.5888765363586114,0,17.570714970784636,4.5464408543661525,Y+Lat2 Utilized Transport,"Transport, extracellular",9057.1,NA,"PMID:14770309,PMID:14770310"
r1696,-0.7651236086023946,0,2.175932610740897,16.352388586577028,Y+Lat2 Utilized Transport,"Transport, extracellular",9057.1,NA,"PMID:14770309,PMID:14770310"
r1698,-0.4844514092999214,0,2.099568229178627,6.045418555976043,Y+Lat2 Utilized Transport,"Transport, extracellular",9057.1,NA,"PMID:14770309,PMID:14770310"
r1700,-0.38030007541203575,0,2.8598022238437086,6.369833315470512,Y+Lat2 Utilized Transport,"Transport, extracellular",9057.1,NA,"PMID:14770309,PMID:14770310"
r1701,0.9026288528174395,0,113.7073032129459,5.8192172059645175,Y+Lat2 Utilized Transport,"Transport, extracellular",9057.1,NA,"PMID:14770309,PMID:14770310"
r1702,0.6605896061043574,0,37.571990226569774,7.679395291507011,Y+Lat2 Utilized Transport,"Transport, extracellular",9057.1,NA,"PMID:14770309,PMID:14770310"
r1705,0.7501640488116484,0,32.263147902357254,4.605564975459827,Y+Lat2 Utilized Transport,"Transport, extracellular",9057.1,NA,"PMID:14770309,PMID:14770310"
r1707,-0.8036705816427576,0,2.547717001517513,23.405775071500987,Y+Lat2 Utilized Transport,"Transport, extracellular",9057.1,NA,"PMID:14770309,PMID:14770310"
r1710,-0.4384645023948929,0,2.6913026507648405,6.894209439719119,Y+Lat2 Utilized Transport,"Transport, extracellular",9057.1,NA,"PMID:14770309,PMID:14770310"
r1711,0.48149825915642186,0,13.03196491076243,4.560988479790923,Y+Lat2 Utilized Transport,"Transport, extracellular",9057.1,NA,"PMID:14770309,PMID:14770310"
r1713,-0.5391692334903596,0,2.2753879525061116,7.599768473094702,Y+Lat2 Utilized Transport,"Transport, extracellular",9057.1,NA,"PMID:14770309,PMID:14770310"
r1715,0.8029882693788516,0,7.506630840451923,0.8202462312863601,Y+Lat2 Utilized Transport,"Transport, extracellular",9057.1,NA,"PMID:14770309,PMID:14770310"
r1716,-0.5280046190784659,0,7.099981408546725,22.984979993764313,Y+Lat2 Utilized Transport,"Transport, extracellular",9057.1,NA,"PMID:14770309,PMID:14770310"
r1717,-0.8109804397932845,0,4.460468054227717,42.73536765028522,Y+Lat2 Utilized Transport,"Transport, extracellular",9057.1,NA,"PMID:14770309,PMID:14770310"
r1720,0.9182438277066668,0,32.40561595085524,1.3811378317411895,Y+Lat2 Utilized Transport,"Transport, extracellular",9057.1,NA,"PMID:14770309,PMID:14770310"
r1721,0.39241869802731866,0,254.1535732277587,110.89980272564627,Y+Lat2 Utilized Transport,"Transport, extracellular",9057.1,NA,"PMID:14770309,PMID:14770310"
r1722,-0.8687229264306952,0,5.083944627774484,72.369711057055,Y+Lat2 Utilized Transport,"Transport, extracellular",9057.1,NA,"PMID:14770309,PMID:14770310"
r1723,-0.4122372036496486,0,2.0169293712266017,4.84614322795968,Y+Lat2 Utilized Transport,"Transport, extracellular",9057.1,NA,"PMID:14770309,PMID:14770310"
r1725,-0.6938654814419811,0,14.50920067924641,80.2805064572692,Y+Lat2 Utilized Transport,"Transport, extracellular",9057.1,NA,"PMID:14770309,PMID:14770310"
r1726,0.6961886089317201,0,23.748366447252035,4.25366861205548,Y+Lat2 Utilized Transport,"Transport, extracellular",9057.1,NA,"PMID:14770309,PMID:14770310"
r1728,-0.4032332435309426,0,3.4343542475023248,8.075516938428581,Y+Lat2 Utilized Transport,"Transport, extracellular",9057.1,NA,"PMID:14770309,PMID:14770310"
r1730,0.8809908474274082,0,36.811014701927455,2.3290106227817087,Y+Lat2 Utilized Transport,"Transport, extracellular",9057.1,NA,"PMID:14770309,PMID:14770310"
r1731,0.7647317001042756,0,372.14460054636896,49.61310973262638,Y+Lat2 Utilized Transport,"Transport, extracellular",9057.1,NA,"PMID:14770309,PMID:14770310"
r1732,-0.4302075444122592,0,1.1767999705465857,2.9538267480283977,Y+Lat2 Utilized Transport,"Transport, extracellular",9057.1,NA,"PMID:14770309,PMID:14770310"
r1733,0.5249979978267881,0,54.96259390224964,17.119591098090783,Y+Lat2 Utilized Transport,"Transport, extracellular",9057.1,NA,"PMID:14770309,PMID:14770310"
r1734,0.7552887681689141,0,15.061460410057334,2.0997733233176947,Y+Lat2 Utilized Transport,"Transport, extracellular",9057.1,NA,"PMID:14770309,PMID:14770310"
r1735,-0.6906301312282235,0,2.990468864905109,16.342175757388027,Y+Lat2 Utilized Transport,"Transport, extracellular",9057.1,NA,"PMID:14770309,PMID:14770310"
r1736,-0.9263663873431609,0,3.6883284945502735,96.49223745810241,Y+Lat2 Utilized Transport,"Transport, extracellular",9057.1,NA,"PMID:14770309,PMID:14770310"
r1737,0.9899589906283642,0,124.87214526041745,0.6300845327572301,Y+Lat2 Utilized Transport,"Transport, extracellular",9057.1,NA,"PMID:14770309,PMID:14770310"
r1739,0.9874849022754898,0,46.38822858237624,0.2921044649499876,Y+Lat2 Utilized Transport,"Transport, extracellular",9057.1,NA,"PMID:14770309,PMID:14770310"
r1740,0.6857718161339248,0,1.4232306911843713,0.2652904687533315,Y+Lat2 Utilized Transport,"Transport, extracellular",9057.1,NA,"PMID:14770309,PMID:14770310"
r1741,0.9001926349114603,0,80.71552604297959,4.239572256031074,Y+Lat2 Utilized Transport,"Transport, extracellular",9057.1,NA,"PMID:14770309,PMID:14770310"
r1742,0.5671930877640922,0,98.20646922607422,27.121379643122854,Y+Lat2 Utilized Transport,"Transport, extracellular",9057.1,NA,"PMID:14770309,PMID:14770310"
r1744,0.8558635276316512,0,41.64329470110834,3.234245140682906,Y+Lat2 Utilized Transport,"Transport, extracellular",9057.1,NA,"PMID:14770309,PMID:14770310"
r1745,0.39919276682896165,0,4.938370595158823,2.120514659588199,Y+Lat2 Utilized Transport,"Transport, extracellular",9057.1,NA,"PMID:14770309,PMID:14770310"
r1747,0.9878135935529192,0,189.73142532507478,1.1631594996101688,Y+Lat2 Utilized Transport,"Transport, extracellular",9057.1,NA,"PMID:14770309,PMID:14770310"
r1749,-0.9357416200747625,0,9.157524889364467,275.864441117838,Y+Lat2 Utilized Transport,"Transport, extracellular",9057.1,NA,"PMID:14770309,PMID:14770310"
r1751,-0.3742669995322023,0,5.280471924500714,11.597244035990537,Y+Lat2 Utilized Transport,"Transport, extracellular",9057.1,NA,"PMID:14770309,PMID:14770310"
r1752,-0.42601892047251283,0,176.93692490626538,439.5883621360302,Y+Lat2 Utilized Transport,"Transport, extracellular",9057.1,NA,"PMID:14770309,PMID:14770310"
r1755,-0.38838289712095253,0,267.45860450898783,607.1363119836599,Y+Lat2 Utilized Transport,"Transport, extracellular",9057.1,NA,"PMID:14770309,PMID:14770310"
r1756,0.8713272591663404,0,174.45978574656547,11.99588083126843,Y+Lat2 Utilized Transport,"Transport, extracellular",9057.1,NA,"PMID:14770309,PMID:14770310"
r1758,0.47200333714479775,0,175.52670917689503,62.96012675291896,Y+Lat2 Utilized Transport,"Transport, extracellular",9057.1,NA,"PMID:14770309,PMID:14770310"
r1760,-0.7742328248383167,0,12.500730731042289,98.23928913313746,Y+Lat2 Utilized Transport,"Transport, extracellular",9057.1,NA,"PMID:14770309,PMID:14770310"
r1761,-0.4670581652038862,0,137.3040864890337,377.96447576058506,Y+Lat2 Utilized Transport,"Transport, extracellular",9057.1,NA,"PMID:14770309,PMID:14770310"
r1762,0.5408364051913985,0,63.69196951270364,18.979973203748465,Y+Lat2 Utilized Transport,"Transport, extracellular",9057.1,NA,"PMID:14770309,PMID:14770310"
r1764,0.937017189049732,0,32.4338484679436,1.0545982544678845,Y+Lat2 Utilized Transport,"Transport, extracellular",9057.1,NA,"PMID:14770309,PMID:14770310"
r1765,0.5610562862336047,0,29.14713755619973,8.19570243392475,Y+Lat2 Utilized Transport,"Transport, extracellular",9057.1,NA,"PMID:14770309,PMID:14770310"
r1766,-0.5331202653532822,0,1.1967367843171917,3.929794506327701,Y+Lat2 Utilized Transport,"Transport, extracellular",9057.1,NA,"PMID:14770309,PMID:14770310"
r1767,0.9344210980820015,0,220.98627049849628,7.491666097218543,Y+Lat2 Utilized Transport,"Transport, extracellular",9057.1,NA,"PMID:14770309,PMID:14770310"
r1768,-0.7805944829170233,0,7.360600269788556,59.73525372375399,Y+Lat2 Utilized Transport,"Transport, extracellular",9057.1,NA,"PMID:14770309,PMID:14770310"
r1769,0.508051355697225,0,3.7482919001371484,1.222748225222749,Y+Lat2 Utilized Transport,"Transport, extracellular",9057.1,NA,"PMID:14770309,PMID:14770310"
r1770,0.959942369832005,0,122.18047979652583,2.4971450940452518,Y+Lat2 Utilized Transport,"Transport, extracellular",9057.1,NA,"PMID:14770309,PMID:14770310"
r1771,0.791346665531402,0,27.692177693012358,3.225542730239709,Y+Lat2 Utilized Transport,"Transport, extracellular",9057.1,NA,"PMID:14770309,PMID:14770310"
r1772,-0.8283385490358179,0,0.525737165023082,5.599542122436501,Y+Lat2 Utilized Transport,"Transport, extracellular",9057.1,NA,"PMID:14770309,PMID:14770310"
r1773,0.5457184890645034,0,4.267026638795879,1.2540649040482006,Y+Lat2 Utilized Transport,"Transport, extracellular",9057.1,NA,"PMID:14770309,PMID:14770310"
r1774,0.6265550550523871,0,3.513651176174315,0.8067081811806682,Y+Lat2 Utilized Transport,"Transport, extracellular",9057.1,NA,"PMID:14770309,PMID:14770310"
r1776,-0.7018421257627988,0,2.630748435490404,15.015932486291975,Y+Lat2 Utilized Transport,"Transport, extracellular",9057.1,NA,"PMID:14770309,PMID:14770310"
r1777,0.991730492160174,0,140.63113932617867,0.5838893935495391,Y+Lat2 Utilized Transport,"Transport, extracellular",9057.1,NA,"PMID:14770309,PMID:14770310"
r1778,-0.9695397969678164,0,1.344618519819947,86.94228609465361,Y+Lat2 Utilized Transport,"Transport, extracellular",9057.1,NA,"PMID:14770309,PMID:14770310"
r1779,-0.9846078930083036,0,0.6644469751414425,85.67161806129515,Y+Lat2 Utilized Transport,"Transport, extracellular",9057.1,NA,"PMID:14770309,PMID:14770310"
r1780,0.9672725768607303,0,15.37951680294592,0.2558526764454328,Y+Lat2 Utilized Transport,"Transport, extracellular",9057.1,NA,"PMID:14770309,PMID:14770310"
r1781,0.8612859733787133,0,8.550889316245913,0.6372627877790772,Y+Lat2 Utilized Transport,"Transport, extracellular",9057.1,NA,"PMID:14770309,PMID:14770310"
r1783,-0.4141552559359495,0,3.1016360450909692,7.4869578665815295,Y+Lat2 Utilized Transport,"Transport, extracellular",9057.1,NA,"PMID:14770309,PMID:14770310"
r1784,-0.37650485006888285,0,6.987045595927537,15.425464258237183,Y+Lat2 Utilized Transport,"Transport, extracellular",9057.1,NA,"PMID:14770309,PMID:14770310"
r1786,-0.8212054188616715,0,14.658731584911793,149.31415273388922,Y+Lat2 Utilized Transport,"Transport, extracellular",9057.1,NA,"PMID:14770309,PMID:14770310"
r1787,0.8545555217381962,0,119.71895480580478,9.389021097334847,Y+Lat2 Utilized Transport,"Transport, extracellular",9057.1,NA,"PMID:14770309,PMID:14770310"
r1788,0.8315223347275404,0,6.652129866561293,0.6119146284799019,Y+Lat2 Utilized Transport,"Transport, extracellular",9057.1,NA,"PMID:14770309,PMID:14770310"
r1789,-0.6565057000381911,0,4.641465476951608,22.38352723744083,Y+Lat2 Utilized Transport,"Transport, extracellular",9057.1,NA,"PMID:14770309,PMID:14770310"
r1796,-0.9131543406527283,0,0.390219507108313,8.596286209842562,Y+Lat2 Utilized Transport,"Transport, extracellular",9057.1,NA,"PMID:14770309,PMID:14770310"
r1798,-0.3453413376202073,0,0.646881438097388,1.3293589304203577,Y+Lat2 Utilized Transport,"Transport, extracellular",9057.1,NA,"PMID:14770309,PMID:14770310"
r1800,0.4749892038098266,0,5.847697694109054,2.081441961970774,Y+Lat2 Utilized Transport,"Transport, extracellular",9057.1,NA,"PMID:14770309,PMID:14770310"
r1801,0.4543453759599961,0,2.3687317110771327,0.8887224675956066,Y+Lat2 Utilized Transport,"Transport, extracellular",9057.1,NA,"PMID:14770309,PMID:14770310"
r1805,0.9776671927568864,0,105.73158695196584,1.1939739707241155,Y+Lat2 Utilized Transport,"Transport, extracellular",9057.1,NA,"PMID:14770309,PMID:14770310"
r1806,0.4797315684913074,0,5.068404829257307,1.7820333680231764,Y+Lat2 Utilized Transport,"Transport, extracellular",9057.1,NA,"PMID:14770309,PMID:14770310"
r1807,0.6539130848813155,0,51.17139723494947,10.707788198330439,Y+Lat2 Utilized Transport,"Transport, extracellular",9057.1,NA,"PMID:14770309,PMID:14770310"
r1808,-0.879837869839254,0,2.0243753868332215,31.669690857250988,Y+Lat2 Utilized Transport,"Transport, extracellular",9057.1,NA,"PMID:14770309,PMID:14770310"
r1809,-0.9204056845472224,0,3.178430866811478,76.6873446909219,Y+Lat2 Utilized Transport,"Transport, extracellular",9057.1,NA,"PMID:14770309,PMID:14770310"
r1810,0.7357303801782741,0,34.241800769854336,5.213406284063123,Y+Lat2 Utilized Transport,"Transport, extracellular",9057.1,NA,"PMID:14770309,PMID:14770310"
r1812,0.590483168240559,0,190.1838012958497,48.9684325580135,Y+Lat2 Utilized Transport,"Transport, extracellular",9057.1,NA,"PMID:14770309,PMID:14770310"
r1813,-0.8868321435072601,0,3.991967197718298,66.55752134851738,Y+Lat2 Utilized Transport,"Transport, extracellular",9057.1,NA,"PMID:14770309,PMID:14770310"
r1814,0.8343443679703373,0,10.059443950993568,0.908446404429854,Y+Lat2 Utilized Transport,"Transport, extracellular",9057.1,NA,"PMID:14770309,PMID:14770310"
r1815,-0.807715440829331,0,0.3480349448658235,3.271963939775899,Y+Lat2 Utilized Transport,"Transport, extracellular",9057.1,NA,"PMID:14770309,PMID:14770310"
r1817,-0.5333362972345967,0,4.984201488647163,16.376797702467442,Y+Lat2 Utilized Transport,"Transport, extracellular",9057.1,NA,"PMID:14770309,PMID:14770310"
r1820,-0.9407888474610742,0,2.9025511235323043,95.13813881656453,Y+Lat2 Utilized Transport,"Transport, extracellular",9057.1,NA,"PMID:14770309,PMID:14770310"
r1822,-0.8031134665763017,0,5.854467387194932,53.61600309537649,Y+Lat2 Utilized Transport,"Transport, extracellular",9057.1,NA,"PMID:14770309,PMID:14770310"
r1823,0.6872582848517251,0,73.50835983240604,13.625140109324455,Y+Lat2 Utilized Transport,"Transport, extracellular",9057.1,NA,"PMID:14770309,PMID:14770310"
r1824,-0.8119264182768344,0,15.042691769809476,144.92333463310675,Y+Lat2 Utilized Transport,"Transport, extracellular",9057.1,NA,"PMID:14770309,PMID:14770310"
r1825,-0.35565691520295756,0,3.8026336958352127,8.000499714164773,Y+Lat2 Utilized Transport,"Transport, extracellular",9057.1,NA,"PMID:14770309,PMID:14770310"
r1826,0.7297758697473392,0,8.831652884373813,1.3796733791424127,Y+Lat2 Utilized Transport,"Transport, extracellular",9057.1,NA,"PMID:14770309,PMID:14770310"
r1830,0.35421127069295677,0,1.2523971772928315,0.5972361914384353,Y+Lat2 Utilized Transport,"Transport, extracellular",9057.1,NA,"PMID:14770309,PMID:14770310"
r1831,-0.515079143246619,0,38.046234765021595,118.8710610582471,Y+Lat2 Utilized Transport,"Transport, extracellular",9057.1,NA,"PMID:14770309,PMID:14770310"
r1833,-0.5247582437442091,0,3.5537088227124887,11.401663999366574,Y+Lat2 Utilized Transport,"Transport, extracellular",9057.1,NA,"PMID:14770309,PMID:14770310"
r1835,0.8846321447355353,0,110.59035193739534,6.7697941752712705,Y+Lat2 Utilized Transport,"Transport, extracellular",9057.1,NA,"PMID:14770309,PMID:14770310"
r1836,0.9587328200212287,0,108.77038679574653,2.2916076569401542,Y+Lat2 Utilized Transport,"Transport, extracellular",9057.1,NA,"PMID:14770309,PMID:14770310"
r1837,0.4571340403328938,0,39.774234148950875,14.818182263013721,Y+Lat2 Utilized Transport,"Transport, extracellular",9057.1,NA,"PMID:14770309,PMID:14770310"
r1841,-0.6475865294662441,0,5.1798269410227835,24.216478104738147,Y+Lat2 Utilized Transport,"Transport, extracellular",9057.1,NA,"PMID:14770309,PMID:14770310"
r1843,-0.8133269746242298,0,2.870179182580471,27.880693117290818,Y+Lat2 Utilized Transport,"Transport, extracellular",9057.1,NA,"PMID:14770309,PMID:14770310"
r1847,0.6988127231472014,0,5.665743012711901,1.0044954844611231,Y+Lat2 Utilized Transport,"Transport, extracellular",9057.1,NA,"PMID:14770309,PMID:14770310"
r1850,-0.5710583157206071,0,0.49851815819197,1.8258917859218229,Y+Lat2 Utilized Transport,"Transport, extracellular",9057.1,NA,"PMID:14770309,PMID:14770310"
r1851,0.9532026689196113,0,166.1004369058622,3.9796469983222194,Y+Lat2 Utilized Transport,"Transport, extracellular",9057.1,NA,"PMID:14770309,PMID:14770310"
r1852,0.5320178054067459,0,0.681484947367634,0.20817174586734036,Y+Lat2 Utilized Transport,"Transport, extracellular",9057.1,NA,"PMID:14770309,PMID:14770310"
r1854,-0.7749698436827329,0,1.9162342719204044,15.1146766360268,Y+Lat2 Utilized Transport,"Transport, extracellular",9057.1,NA,"PMID:14770309,PMID:14770310"
r1856,-0.44981824626921496,0,3.074846730447246,8.102720353872423,Y+Lat2 Utilized Transport,"Transport, extracellular",9057.1,NA,"PMID:14770309,PMID:14770310"
r1858,-0.8290398549699719,0,5.637157260701497,60.30987688238919,Y+Lat2 Utilized Transport,"Transport, extracellular",9057.1,NA,"PMID:14770309,PMID:14770310"
r1860,0.5323449336726712,0,10.89572052180022,3.325255816321948,Y+Lat2 Utilized Transport,"Transport, extracellular",9057.1,NA,"PMID:14770309,PMID:14770310"
r1861,-0.4093760068032751,0,3.7146135302279144,8.863993410958955,Y+Lat2 Utilized Transport,"Transport, extracellular",9057.1,NA,"PMID:14770309,PMID:14770310"
r1862,-0.7410071280453969,0,1.0982737969811207,7.38283835635744,Y+Lat2 Utilized Transport,"Transport, extracellular",9057.1,NA,"PMID:14770309,PMID:14770310"
r1863,-0.4616087495705215,0,5.841085015164502,15.85720599719882,Y+Lat2 Utilized Transport,"Transport, extracellular",9057.1,NA,"PMID:14770309,PMID:14770310"
r1864,-0.7076969704586854,0,1.92416837354952,11.241404193857312,Y+Lat2 Utilized Transport,"Transport, extracellular",9057.1,NA,"PMID:14770309,PMID:14770310"
r1865,-0.7845567872590717,0,2.1573750497083877,17.86994465335086,Y+Lat2 Utilized Transport,"Transport, extracellular",9057.1,NA,"PMID:14770309,PMID:14770310"
r1866,0.34776031632004084,0,6.867185442787409,3.3233289381935465,Y+Lat2 Utilized Transport,"Transport, extracellular",9057.1,NA,"PMID:14770309,PMID:14770310"
r1867,0.6233124830579504,0,1.9135466225134907,0.4440359655398031,Y+Lat2 Utilized Transport,"Transport, extracellular",9057.1,NA,"PMID:14770309,PMID:14770310"
r1871,-0.926599376949591,0,0.6780959358193417,17.79847572362423,Y+Lat2 Utilized Transport,"Transport, extracellular",9057.1,NA,"PMID:14770309,PMID:14770310"
r1873,-0.9240433565913416,0,0.502579130931018,12.73073683399558,Y+Lat2 Utilized Transport,"Transport, extracellular",9057.1,NA,"PMID:14770309,PMID:14770310"
r1874,0.9623840917145786,0,54.47940389142632,1.0442870327356795,Y+Lat2 Utilized Transport,"Transport, extracellular",9057.1,NA,"PMID:14770309,PMID:14770310"
r1876,-0.9651610254161355,0,0.3908540569928882,22.046893417578936,Y+Lat2 Utilized Transport,"Transport, extracellular",9057.1,NA,"PMID:14770309,PMID:14770310"
r1877,0.8828857328633001,0,13.20470605314374,0.8213241224244529,Y+Lat2 Utilized Transport,"Transport, extracellular",9057.1,NA,"PMID:14770309,PMID:14770310"
r1880,-0.5798206095819277,0,2.7302112068647286,10.265243920756877,Y+Lat2 Utilized Transport,"Transport, extracellular",9057.1,NA,"PMID:14770309,PMID:14770310"
r1882,-0.6253462005261239,0,0.19059091705795145,0.8268332613467357,Y+Lat2 Utilized Transport,"Transport, extracellular",9057.1,NA,"PMID:14770309,PMID:14770310"
r1883,-0.9101296550778184,0,0.3546238754659076,7.537275855707377,Y+Lat2 Utilized Transport,"Transport, extracellular",9057.1,NA,"PMID:14770309,PMID:14770310"
r1884,0.3570092752713507,0,0.6362915172560839,0.30149355002556694,Y+Lat2 Utilized Transport,"Transport, extracellular",9057.1,NA,"PMID:14770309,PMID:14770310"
r1885,-0.8189501117290938,0,0.3675716486718011,3.692874366316083,Y+Lat2 Utilized Transport,"Transport, extracellular",9057.1,NA,"PMID:14770309,PMID:14770310"
r1886,0.8476856344645088,0,7.9159679119772015,0.6525545296354219,Y+Lat2 Utilized Transport,"Transport, extracellular",9057.1,NA,"PMID:14770309,PMID:14770310"
r1888,-0.3403616194902669,0,7.900589675710723,16.05371592307985,Y+Lat2 Utilized Transport,"Transport, extracellular",9057.1,NA,"PMID:14770309,PMID:14770310"
r1889,0.9382777380664238,0,16.708391376709194,0.5320598223816633,Y+Lat2 Utilized Transport,"Transport, extracellular",9057.1,NA,"PMID:14770309,PMID:14770310"
r1890,0.4728280148119235,0,16.787577616421878,6.008807905299217,Y+Lat2 Utilized Transport,"Transport, extracellular",9057.1,NA,"PMID:14770309,PMID:14770310"
r1892,-0.5405585732931717,0,0.45822840181542235,1.5364911649415387,Y+Lat2 Utilized Transport,"Transport, extracellular",9057.1,NA,"PMID:14770309,PMID:14770310"
r1893,0.6561320650542443,0,48.77410697874427,10.127121984716132,Y+Lat2 Utilized Transport,"Transport, extracellular",9057.1,NA,"PMID:14770309,PMID:14770310"
r1894,-0.8082752177635107,0,1.7665191629535704,16.661136796249448,Y+Lat2 Utilized Transport,"Transport, extracellular",9057.1,NA,"PMID:14770309,PMID:14770310"
r1895,0.3860121341092971,0,10.049749980140104,4.4519267841812225,Y+Lat2 Utilized Transport,"Transport, extracellular",9057.1,NA,"PMID:14770309,PMID:14770310"
r1898,0.988459626226772,0,188.25162660698518,1.0925512923715797,Y+Lat2 Utilized Transport,"Transport, extracellular",9057.1,NA,"PMID:14770309,PMID:14770310"
r1899,0.34250826167164633,0,14.520130955694615,7.111215934662148,Y+Lat2 Utilized Transport,"Transport, extracellular",9057.1,NA,"PMID:14770309,PMID:14770310"
r1900,-0.9467617267851088,0,0.14439099227772675,5.279939421103895,Y+Lat2 Utilized Transport,"Transport, extracellular",9057.1,NA,"PMID:14770309,PMID:14770310"
r1901,-0.9218148254832589,0,0.5863861444055889,14.413545697660744,Y+Lat2 Utilized Transport,"Transport, extracellular",9057.1,NA,"PMID:14770309,PMID:14770310"
r1902,0.3456243015898943,0,115.61627300408036,56.224073320635036,Y+Lat2 Utilized Transport,"Transport, extracellular",9057.1,NA,"PMID:14770309,PMID:14770310"
r1903,-0.7152400788956708,0,0.6053449849335942,3.64627148262267,Y+Lat2 Utilized Transport,"Transport, extracellular",9057.1,NA,"PMID:14770309,PMID:14770310"
r1904,0.759448825697123,0,3.9351026967379266,0.5380057441157289,Y+Lat2 Utilized Transport,"Transport, extracellular",9057.1,NA,"PMID:14770309,PMID:14770310"
r1906,-0.51572369881608,0,2.6550358882851897,8.309927219735458,Y+Lat2 Utilized Transport,"Transport, extracellular",9057.1,NA,"PMID:14770309,PMID:14770310"
r1907,-0.35304815418279745,0,9.945090821633489,20.799363764692842,Y+Lat2 Utilized Transport,"Transport, extracellular",9057.1,NA,"PMID:14770309,PMID:14770310"
r1908,-0.8901692543690537,0,1.9218193166921962,33.07419761193544,Y+Lat2 Utilized Transport,"Transport, extracellular",9057.1,NA,"PMID:14770309,PMID:14770310"
r1909,-0.5611599105388496,0,1.910701527024369,6.797260999236669,Y+Lat2 Utilized Transport,"Transport, extracellular",9057.1,NA,"PMID:14770309,PMID:14770310"
r1910,-0.7061599894710225,0,3.426214099865104,19.89405527867973,Y+Lat2 Utilized Transport,"Transport, extracellular",9057.1,NA,"PMID:14770309,PMID:14770310"
r1911,0.5696846400636859,0,4.318650217489642,1.1839203081599226,Y+Lat2 Utilized Transport,"Transport, extracellular",9057.1,NA,"PMID:14770309,PMID:14770310"
r1912,0.7822769558516738,0,15.254492386495322,1.863489570698142,Y+Lat2 Utilized Transport,"Transport, extracellular",9057.1,NA,"PMID:14770309,PMID:14770310"
r1913,-0.7258034302217641,0,10.33464535321109,65.04664305290952,Y+Lat2 Utilized Transport,"Transport, extracellular",9057.1,NA,"PMID:14770309,PMID:14770310"
r1914,-0.8231947016819189,0,4.518462231147289,46.5938321868442,Y+Lat2 Utilized Transport,"Transport, extracellular",9057.1,NA,"PMID:14770309,PMID:14770310"
r1916,-0.7330011700047206,0,1.79049431873453,11.621506915624332,Y+Lat2 Utilized Transport,"Transport, extracellular",9057.1,NA,"PMID:14770309,PMID:14770310"
r1918,-0.9683225534722844,0,0.1695623412899673,10.535993811514974,Y+Lat2 Utilized Transport,"Transport, extracellular",9057.1,NA,"PMID:14770309,PMID:14770310"
r1919,-0.711583773094291,0,0.776507851099968,4.608125735094398,Y+Lat2 Utilized Transport,"Transport, extracellular",9057.1,NA,"PMID:14770309,PMID:14770310"
r1922,0.6588299006571194,0.011766725921695646,0.01570709084397531,0.003230463678948581,Y+Lat2 Utilized Transport,"Transport, extracellular",9057.1,NA,"PMID:14770309,PMID:14770310"
r1923,0.5154805228655112,0,4.28024609247148,1.3684521624929271,Y+Lat2 Utilized Transport,"Transport, extracellular",9057.1,NA,"PMID:14770309,PMID:14770310"
r1924,-0.5036999301824789,0,6.345112611961365,19.22454976706803,Y+Lat2 Utilized Transport,"Transport, extracellular",9057.1,NA,"PMID:14770309,PMID:14770310"
r1925,-0.4213060499897485,6.007457257291182e-4,0.05561483233012259,0.13659326775157823,Y+Lat2 Utilized Transport,"Transport, extracellular",9057.1,NA,"PMID:14770309,PMID:14770310"
r1926,-0.8280785330087682,3.5240021613704085e-6,0.04523219262275379,0.48096378993084654,Y+Lat2 Utilized Transport,"Transport, extracellular",9057.1,NA,"PMID:14770309,PMID:14770310"
r1928,-0.9116292724397961,0,0.7155877527754754,15.479543203637004,Y+Lat2 Utilized Transport,"Transport, extracellular",9057.1,NA,"PMID:14770309,PMID:14770310"
r1929,-0.8043001975685934,0,2.0436755283117294,18.84214553967882,Y+Lat2 Utilized Transport,"Transport, extracellular",9057.1,NA,"PMID:14770309,PMID:14770310"
r1930,-0.5026463974999386,0,3.222201686150627,9.73518585443818,Y+Lat2 Utilized Transport,"Transport, extracellular",9057.1,NA,"PMID:14770309,PMID:14770310"
r1932,0.9415806255819994,0,0.3967933129362762,0.011938941298425198,Y+Lat2 Utilized Transport,"Transport, extracellular",9057.1,NA,"PMID:14770309,PMID:14770310"
r1933,-0.8248959854043698,0,0.09673170371899033,1.008116793814022,Y+Lat2 Utilized Transport,"Transport, extracellular",9057.1,NA,"PMID:14770309,PMID:14770310"
r1934,-0.9786704110388083,0,0.03646585835472215,3.3828085046974876,Y+Lat2 Utilized Transport,"Transport, extracellular",9057.1,NA,"PMID:14770309,PMID:14770310"
r1935,0.9234095533282896,0,11.264927913181017,0.44857105919130846,Y+Lat2 Utilized Transport,"Transport, extracellular",9057.1,NA,"PMID:14770309,PMID:14770310"
r1936,0.6848571144963017,0,0.1347400485313032,0.02520235533430241,Y+Lat2 Utilized Transport,"Transport, extracellular",9057.1,NA,"PMID:14770309,PMID:14770310"
r1937,-0.7824081554402265,0.003544021265403324,0.1507577508300543,1.2349352758094667,Y+Lat2 Utilized Transport,"Transport, extracellular",9057.1,NA,"PMID:14770309,PMID:14770310"
r1938,-0.5746133066832766,0,3.8305672783389686,14.179245151251555,Y+Lat2 Utilized Transport,"Transport, extracellular",9057.1,NA,"PMID:14770309,PMID:14770310"
r1939,-0.851353273440648,0,1.4511423585414887,18.07357092819307,Y+Lat2 Utilized Transport,"Transport, extracellular",9057.1,NA,"PMID:14770309,PMID:14770310"
r1942,0.8945969363883274,7.3750880221832e-14,2.0455849933981898,0.11380305807590484,Y+Lat2 Utilized Transport,"Transport, extracellular",9057.1,NA,"PMID:14770309,PMID:14770310"
r1944,-0.9076771772298148,0,0.1001341722711455,2.069083996467146,Y+Lat2 Utilized Transport,"Transport, extracellular",9057.1,NA,"PMID:14770309,PMID:14770310"
r1945,0.849884011607992,0,8.002119849865231,0.6493629454365931,Y+Lat2 Utilized Transport,"Transport, extracellular",9057.1,NA,"PMID:14770309,PMID:14770310"
r1946,0.6916316275320008,0,0.19174967301035067,0.034954143458371986,Y+Lat2 Utilized Transport,"Transport, extracellular",9057.1,NA,"PMID:14770309,PMID:14770310"
r1948,-0.994826397635824,0,0.0248537368753453,9.58305005079955,Y+Lat2 Utilized Transport,"Transport, extracellular",9057.1,NA,"PMID:14770309,PMID:14770310"
r1949,-0.8841937711895469,0,1.1056900569379329,17.98982955881059,Y+Lat2 Utilized Transport,"Transport, extracellular",9057.1,NA,"PMID:14770309,PMID:14770310"
r1953,-0.35898504169227397,3.2038996324072254e-12,7.10770462100571,15.068703367257118,Y+Lat2 Utilized Transport,"Transport, extracellular",9057.1,NA,"PMID:14770309,PMID:14770310"
r1954,-0.9761357017075729,0,0.173030994451046,14.32821201975942,Y+Lat2 Utilized Transport,"Transport, extracellular",9057.1,NA,"PMID:14770309,PMID:14770310"
r1956,-0.9527324049203824,2.441913659070326e-6,0.029723751271073705,1.2279561125344365,Y+Lat2 Utilized Transport,"Transport, extracellular",9057.1,NA,"PMID:14770309,PMID:14770310"
r1958,-0.9436302504319868,0,0.4034713796469849,13.91170237006694,Y+Lat2 Utilized Transport,"Transport, extracellular",9057.1,NA,"PMID:14770309,PMID:14770310"
r1959,-0.9983940576142762,0,0.04248263852291275,52.86432012173533,Y+Lat2 Utilized Transport,"Transport, extracellular",9057.1,NA,"PMID:14770309,PMID:14770310"
r1961,0.9944063186398506,3.1657288532397504e-4,4.27817504720852,0.011998933112761005,Y+Lat2 Utilized Transport,"Transport, extracellular",9057.1,NA,"PMID:14770309,PMID:14770310"
r1963,-0.7098471904485055,0,5.274453482037037,31.081930522584916,Y+Lat2 Utilized Transport,"Transport, extracellular",9057.1,NA,"PMID:14770309,PMID:14770310"
r1964,-0.8154735926337886,0,2.84491710434854,27.989879334326087,Y+Lat2 Utilized Transport,"Transport, extracellular",9057.1,NA,"PMID:14770309,PMID:14770310"
r1965,-0.9003957574069857,0,0.07026568497411208,1.3406317455945769,Y+Lat2 Utilized Transport,"Transport, extracellular",9057.1,NA,"PMID:14770309,PMID:14770310"
r1966,0.4597557479897659,0,1.3748950855930102,0.5088379806906916,Y+Lat2 Utilized Transport,"Transport, extracellular",9057.1,NA,"PMID:14770309,PMID:14770310"
r1967,-0.7798933267130852,0,0.2143382031261921,1.733246574067697,Y+Lat2 Utilized Transport,"Transport, extracellular",9057.1,NA,"PMID:14770309,PMID:14770310"
r1968,-0.9303500075460438,0,0.10083096952663619,2.7945309960412095,Y+Lat2 Utilized Transport,"Transport, extracellular",9057.1,NA,"PMID:14770309,PMID:14770310"
r1969,-0.9223531868566524,0,1.2864981794714927,31.850680988369508,Y+Lat2 Utilized Transport,"Transport, extracellular",9057.1,NA,"PMID:14770309,PMID:14770310"
r1970,-0.5172109780092226,0,1.2611894560967805,3.9634092760627624,Y+Lat2 Utilized Transport,"Transport, extracellular",9057.1,NA,"PMID:14770309,PMID:14770310"
r1971,-0.7243455292801548,4.854610937729552e-12,0.42314721511979586,2.646980499586137,Y+Lat2 Utilized Transport,"Transport, extracellular",9057.1,NA,"PMID:14770309,PMID:14770310"
r1972,0.850218511230974,4.874929661183326e-5,2.5152965828076006,0.20362182335853576,Y+Lat2 Utilized Transport,"Transport, extracellular",9057.1,NA,"PMID:14770309,PMID:14770310"
r1974,-0.6315644341385871,0,2.2815069367870686,10.103328557869046,Y+Lat2 Utilized Transport,"Transport, extracellular",9057.1,NA,"PMID:14770309,PMID:14770310"
r1976,0.7381683977384914,4.340416282173994e-8,1.573864058641973,0.23708137183496727,Y+Lat2 Utilized Transport,"Transport, extracellular",9057.1,NA,"PMID:14770309,PMID:14770310"
r1977,0.9360047937448128,5.382634513004145e-12,0.6126905087016523,0.020252664457052014,Y+Lat2 Utilized Transport,"Transport, extracellular",9057.1,NA,"PMID:14770309,PMID:14770310"
r1978,-0.44105422513058395,0,7.67240946362121,19.780734682297705,Y+Lat2 Utilized Transport,"Transport, extracellular",9057.1,NA,"PMID:14770309,PMID:14770310"
r1979,-0.9993319885883561,0,0.013113937428756618,39.24950104240924,Y+Lat2 Utilized Transport,"Transport, extracellular",9057.1,NA,"PMID:14770309,PMID:14770310"
r1981,-0.8518261048441866,0,0.1808700560625759,2.260451417903951,Y+Lat2 Utilized Transport,"Transport, extracellular",9057.1,NA,"PMID:14770309,PMID:14770310"
r1982,0.443539089846909,9.913334505848148e-7,1.6338122577637433,0.6298081308424472,Y+Lat2 Utilized Transport,"Transport, extracellular",9057.1,NA,"PMID:14770309,PMID:14770310"
r1984,-0.7684978059119174,0,1.9099071909382939,14.590214533278345,Y+Lat2 Utilized Transport,"Transport, extracellular",9057.1,NA,"PMID:14770309,PMID:14770310"
r1985,0.49064450613297916,0,4.090079279794823,1.3975863077640533,Y+Lat2 Utilized Transport,"Transport, extracellular",9057.1,NA,"PMID:14770309,PMID:14770310"
r1987,-0.6923783886284577,0.022759221684635216,0.12603541046380998,0.6933830296248198,Y+Lat2 Utilized Transport,"Transport, extracellular",9057.1,NA,"PMID:14770309,PMID:14770310"
r1988,0.5969567401654884,0,1.806926417478919,0.45603584321659874,Y+Lat2 Utilized Transport,"Transport, extracellular",9057.1,NA,"PMID:14770309,PMID:14770310"
r1989,-0.6346337533003362,0,1.8865802448570728,8.4404834174186,Y+Lat2 Utilized Transport,"Transport, extracellular",9057.1,NA,"PMID:14770309,PMID:14770310"
r1990,0.4694716097567682,3.7842559958476165e-15,2.497364622994489,0.9016321407577023,Y+Lat2 Utilized Transport,"Transport, extracellular",9057.1,NA,"PMID:14770309,PMID:14770310"
r1992,-0.7442809849724316,2.429420682939365e-7,0.25321790922204673,1.7272207311719656,Amino Acid-Polyamine-Organocation (Apc) Tcdb:2.A.3.8.15,"Transport, extracellular",11136.1,NA,"PMID:14770309,PMID:14770310"
r1993,0.6841122808073412,0,52.18490778042227,9.788285307874089,Amino Acid-Polyamine-Organocation (Apc) Tcdb:2.A.3.8.15,"Transport, extracellular",11136.1,NA,"PMID:14770309,PMID:14770310"
r1995,-0.7473064295175849,0,0.2535947592737619,1.7535379017561674,Amino Acid-Polyamine-Organocation (Apc) Tcdb:2.A.3.8.15,"Transport, extracellular",11136.1,NA,"PMID:14770309,PMID:14770310"
r1996,-0.7681074616177418,0,0.6008691533210367,4.581437767918035,Amino Acid-Polyamine-Organocation (Apc) Tcdb:2.A.3.8.15,"Transport, extracellular",11136.1,NA,"PMID:14770309,PMID:14770310"
r1998,-0.5668926547037941,0,1.748385704310285,6.325297290442663,Amino Acid-Polyamine-Organocation (Apc) Tcdb:2.A.3.8.15,"Transport, extracellular",11136.1,NA,"PMID:14770309,PMID:14770310"
r2000,-0.7281676532339452,0,0.5320014908152166,3.382186773711443,Amino Acid-Polyamine-Organocation (Apc) Tcdb:2.A.3.8.15,"Transport, extracellular",11136.1,NA,"PMID:14770309,PMID:14770310"
r2001,-0.9620773985613787,0,0.5266871863240201,27.250267260035873,Amino Acid-Polyamine-Organocation (Apc) Tcdb:2.A.3.8.15,"Transport, extracellular",11136.1,NA,"PMID:14770309,PMID:14770310"
r2002,-0.3950618087757076,1.9097678420698755e-7,3.3263900130189956,7.671064144361764,Amino Acid-Polyamine-Organocation (Apc) Tcdb:2.A.3.8.15,"Transport, extracellular",11136.1,NA,"PMID:14770309,PMID:14770310"
r2003,0.8624875827813726,0,2.988057257489115,0.2206162231972441,Amino Acid-Polyamine-Organocation (Apc) Tcdb:2.A.3.8.15,"Transport, extracellular",11136.1,NA,"PMID:14770309,PMID:14770310"
r2005,0.857443739746455,1.1740608812130902e-7,2.275950378251821,0.17467607093742119,Amino Acid-Polyamine-Organocation (Apc) Tcdb:2.A.3.8.15,"Transport, extracellular",11136.1,NA,"PMID:14770309,PMID:14770310"
r2006,-0.8635226841350601,0,0.617474106541276,8.43126930738017,Amino Acid-Polyamine-Organocation (Apc) Tcdb:2.A.3.8.15,"Transport, extracellular",11136.1,NA,"PMID:14770309,PMID:14770310"
r2009,0.94636680901116,0,4.293957589875162,0.11832232570424676,Amino Acid-Polyamine-Organocation (Apc) Tcdb:2.A.3.8.15,"Transport, extracellular",11136.1,NA,"PMID:14770309,PMID:14770310"
r2012,0.8897305242092944,9.211524051676568e-14,0.8556775092706085,0.049930457906238734,Amino Acid-Polyamine-Organocation (Apc) Tcdb:2.A.3.8.15,"Transport, extracellular",11136.1,NA,"PMID:14770309,PMID:14770310"
r2014,-0.9674350287849461,0,0.6035910177081824,36.46636453190148,Amino Acid-Polyamine-Organocation (Apc) Tcdb:2.A.3.8.15,"Transport, extracellular",11136.1,NA,"PMID:14770309,PMID:14770310"
r2015,-0.9167248583155713,0.0055356288212319756,0.16908612149357796,3.8918165218025447,Amino Acid-Polyamine-Organocation (Apc) Tcdb:2.A.3.8.15,"Transport, extracellular",11136.1,NA,"PMID:14770309,PMID:14770310"
r2017,-0.8511380987086429,2.0237662647598204e-9,0.5694243818968534,7.080946558648348,Amino Acid-Polyamine-Organocation (Apc) Tcdb:2.A.3.8.15,"Transport, extracellular",11136.1,NA,"PMID:14770309,PMID:14770310"
r2023,-0.6497500636413126,1.6276067180297926e-4,0.527246767564863,2.4834419597268105,Amino Acid-Polyamine-Organocation (Apc) Tcdb:2.A.3.8.15,"Transport, extracellular",11136.1,NA,"PMID:14770309,PMID:14770310"
r2024,0.9910236335930168,0,15.975286890737712,0.07202326791528613,Amino Acid-Polyamine-Organocation (Apc) Tcdb:2.A.3.8.15,"Transport, extracellular",11136.1,NA,"PMID:14770309,PMID:14770310"
r2026,0.9807616299378614,0,86.8190779485777,0.8432400571495294,Amino Acid-Polyamine-Organocation (Apc) Tcdb:2.A.3.8.15,"Transport, extracellular",11136.1,NA,"PMID:14770309,PMID:14770310"
r2027,0.9046475443615996,0,18.151868515321613,0.9087378095149994,Amino Acid-Polyamine-Organocation (Apc) Tcdb:2.A.3.8.15,"Transport, extracellular",11136.1,NA,"PMID:14770309,PMID:14770310"
r2028,0.9765736393841644,0,35.008144004454465,0.4149166970551014,Amino Acid-Polyamine-Organocation (Apc) Tcdb:2.A.3.8.15,"Transport, extracellular",11136.1,NA,"PMID:14770309,PMID:14770310"
r2029,0.982739692978082,0,26.821810233817995,0.23349140644073488,Amino Acid-Polyamine-Organocation (Apc) Tcdb:2.A.3.8.15,"Transport, extracellular",11136.1,NA,"PMID:14770309,PMID:14770310"
r2030,0.4533917724518812,0,29.533123311704582,11.107155340598524,Amino Acid-Polyamine-Organocation (Apc) Tcdb:2.A.3.8.15,"Transport, extracellular",11136.1,NA,"PMID:14770309,PMID:14770310"
r2032,0.987455849211865,0,38.35718273543417,0.24209759639799594,Amino Acid-Polyamine-Organocation (Apc) Tcdb:2.A.3.8.15,"Transport, extracellular",11136.1,NA,"PMID:14770309,PMID:14770310"
r2034,0.9957260007139662,0,19.12017697556615,0.04094731577038765,Amino Acid-Polyamine-Organocation (Apc) Tcdb:2.A.3.8.15,"Transport, extracellular",11136.1,NA,"PMID:14770309,PMID:14770310"
r2035,0.9419605784606598,0,1.9578760290078585,0.058515086984634396,Amino Acid-Polyamine-Organocation (Apc) Tcdb:2.A.3.8.15,"Transport, extracellular",11136.1,NA,"PMID:14770309,PMID:14770310"
r2036,0.7492722182240884,0,0.8236288500925991,0.11805288647413253,Amino Acid-Polyamine-Organocation (Apc) Tcdb:2.A.3.8.15,"Transport, extracellular",11136.1,NA,"PMID:14770309,PMID:14770310"
r2037,0.969946598076998,0,4.0958120349988345,0.06248549346923828,Amino Acid-Polyamine-Organocation (Apc) Tcdb:2.A.3.8.15,"Transport, extracellular",11136.1,NA,"PMID:14770309,PMID:14770310"
r2038,0.9938556322027725,0,9.76652128958106,0.03009701301008463,Amino Acid-Polyamine-Organocation (Apc) Tcdb:2.A.3.8.15,"Transport, extracellular",11136.1,NA,"PMID:14770309,PMID:14770310"
r2039,0.8498457460081094,0,42.28574991411567,3.43238632007204,Amino Acid-Polyamine-Organocation (Apc) Tcdb:2.A.3.8.15,"Transport, extracellular",11136.1,NA,"PMID:14770309,PMID:14770310"
r2041,0.7438498333982613,0,3.529276428606734,0.5184074499175884,Amino Acid-Polyamine-Organocation (Apc) Tcdb:2.A.3.8.15,"Transport, extracellular",11136.1,NA,"PMID:14770309,PMID:14770310"
r2044,0.3316414983985391,2.0193148245089243e-8,1.0696168609797956,0.5368468340404332,Amino Acid-Polyamine-Organocation (Apc) Tcdb:2.A.3.8.15,"Transport, extracellular",11136.1,NA,"PMID:14770309,PMID:14770310"
r2046,0.5666240307291418,0,0.6117839811407961,0.1692381009168348,Amino Acid-Polyamine-Organocation (Apc) Tcdb:2.A.3.8.15,"Transport, extracellular",11136.1,NA,"PMID:14770309,PMID:14770310"
r2047,0.6065406990493745,0.0026084108157850084,0.873571247657761,0.2139471055027563,Amino Acid-Polyamine-Organocation (Apc) Tcdb:2.A.3.8.15,"Transport, extracellular",11136.1,NA,"PMID:14770309,PMID:14770310"
r2049,-0.8917459051432446,0,0.18908097439631819,3.3041998044326903,Amino Acid-Polyamine-Organocation (Apc) Tcdb:2.A.3.8.15,"Transport, extracellular",11136.1,NA,"PMID:14770309,PMID:14770310"
r2051,0.9604780507214246,3.5080521682579544e-5,0.12885205522854812,0.0025975727651268246,Amino Acid-Polyamine-Organocation (Apc) Tcdb:2.A.3.8.15,"Transport, extracellular",11136.1,NA,"PMID:14770309,PMID:14770310"
r2057,-0.6031259430374301,0,0.2956382828509901,1.1941959739589598,Amino Acid-Polyamine-Organocation (Apc) Tcdb:2.A.3.8.15,"Transport, extracellular",11136.1,NA,"PMID:14770309,PMID:14770310"
r2058,-0.971358420991332,0,0.006545487071969547,0.4505163997736294,Amino Acid-Polyamine-Organocation (Apc) Tcdb:2.A.3.8.15,"Transport, extracellular",11136.1,NA,"PMID:14770309,PMID:14770310"
r2059,0.9935761998532007,0.022759221684635216,1.0169390076003968,0.0032768313279375435,Amino Acid-Polyamine-Organocation (Apc) Tcdb:2.A.3.8.15,"Transport, extracellular",11136.1,NA,"PMID:14770309,PMID:14770310"
r2060,-0.6332627847322893,7.231577499569362e-6,0.39400242560532645,1.754688294629939,Amino Acid-Polyamine-Organocation (Apc) Tcdb:2.A.3.8.15,"Transport, extracellular",11136.1,NA,"PMID:14770309,PMID:14770310"
r2063,-0.5543525259576074,1.954452992466731e-6,0.45780188426730456,1.5967453124873923,Amino Acid-Polyamine-Organocation (Apc) Tcdb:2.A.3.8.15,"Transport, extracellular",11136.1,NA,"PMID:14770309,PMID:14770310"
r2065,-0.8979084922578849,0,0.5810775422891195,10.802387255917816,Amino Acid-Polyamine-Organocation (Apc) Tcdb:2.A.3.8.15,"Transport, extracellular",11136.1,NA,"PMID:14770309,PMID:14770310"
r2066,-0.4009400408578428,0.0026084108157850084,0.369541824601125,0.8641971992198029,Amino Acid-Polyamine-Organocation (Apc) Tcdb:2.A.3.8.15,"Transport, extracellular",11136.1,NA,"PMID:14770309,PMID:14770310"
r2067,0.6326263689597956,5.060235849784284e-6,0.6764004159589764,0.15220364044853485,Amino Acid-Polyamine-Organocation (Apc) Tcdb:2.A.3.8.15,"Transport, extracellular",11136.1,NA,"PMID:14770309,PMID:14770310"
r2071,0.3354474620558025,0.0033695808336331396,10.030700503040269,4.991531053113798,Amino Acid-Polyamine-Organocation (Apc) Tcdb:2.A.3.8.15,"Transport, extracellular",11136.1,NA,"PMID:14770309,PMID:14770310"
r2079,1.379088394687405,0,37.084559544554914,-5.909123081272468,Major Facilitator (Mfs) Tcdb:2.A.1.13.1,"Transport, extracellular",6566.1,NA,PMID:12739169
r2081,0.9930237780449843,0,242.5605945187688,0.849039817559719,Major Facilitator (Mfs) Tcdb:2.A.1.13.1,"Transport, extracellular",6566.1,NA,PMID:12739169
r2083,1.063921369807894,0,41.94123608386219,-1.2989551351785658,Major Facilitator (Mfs) Tcdb:2.A.1.13.1,"Transport, extracellular",6566.1,NA,PMID:12739169
r2084,1.0112587568262346,7.662383978152869e-5,4.097495970702171,-0.02293723300099374,Major Facilitator (Mfs) Tcdb:2.A.1.13.1,"Transport, extracellular",6566.1,NA,PMID:12739169
r2085,1.6316381120337524,0,45.87111530601978,-11.009851444348321,Major Facilitator (Mfs) Tcdb:2.A.1.13.1,"Transport, extracellular",6566.1,NA,PMID:12739169
r2088,0.5829983842420042,0,30.51746694186181,8.039068864679336,Major Facilitator (Mfs) Tcdb:2.A.1.13.1,"Transport, extracellular",6566.1,NA,PMID:12739169
r2089,2.6115321809779113,0,3.8026179059505463,-8.521875704008341,Major Facilitator (Mfs) Tcdb:2.A.1.13.1,"Transport, extracellular",6566.1,NA,PMID:12739169
r2091,-0.7616691744491378,0,3.950019564405084,29.197346541303396,Major Facilitator (Mfs) Tcdb:2.A.1.13.1,"Transport, extracellular",6566.1,NA,PMID:12739169
r2092,-1.6281814277126319,9.962502473591798e-12,-0.7590226788129658,0.1814197243064642,Major Facilitator (Mfs) Tcdb:2.A.1.13.1,"Transport, extracellular",6566.1,NA,PMID:12739169
r2094,0.9461584711013937,0,86.61182295839191,2.3961630247592924,Major Facilitator (Mfs) Tcdb:2.A.1.13.1,"Transport, extracellular",6566.1,NA,PMID:12739169
r2095,0.9106047202408988,0,-2.315726153935492,-49.49296352578401,Major Facilitator (Mfs) Tcdb:2.A.1.13.1,"Transport, extracellular",6566.1,NA,PMID:12739169
r2096,1.0118547118636327,0,18.271552589505912,-0.10766383376121522,Major Facilitator (Mfs) Tcdb:2.A.1.13.1,"Transport, extracellular",6566.1,NA,PMID:12739169
r2097,1.2314711677023682,0,4.450718917024136,-42.90664378406405,Major Facilitator (Mfs) Tcdb:2.A.1.13.1,"Transport, extracellular",6566.1,NA,PMID:12739169
r2099,0.5127430515294428,0,17.750296204557827,5.717398704516888,Major Facilitator (Mfs) Tcdb:2.A.1.13.1,"Transport, extracellular",6566.1,NA,PMID:12739169
r2100,-0.7933506647018256,0,45.234896518040074,392.558880585289,Major Facilitator (Mfs) Tcdb:2.A.1.13.1,"Transport, extracellular",6566.1,NA,PMID:12739169
r2103,-0.7860590778200177,0,-26.23340929090977,-3.1423371406462044,Major Facilitator (Mfs) Tcdb:2.A.1.13.1,"Transport, extracellular",6566.1,NA,PMID:12739169
r2104,0.4938480701032732,0,-42.327606852257254,-124.9249683217369,Major Facilitator (Mfs) Tcdb:2.A.1.13.1,"Transport, extracellular",6566.1,NA,PMID:12739169
r2106,0.5902405580177007,0,-21.184317157363893,-82.21448217172642,Major Facilitator (Mfs) Tcdb:2.A.1.13.1,"Transport, extracellular",6566.1,NA,PMID:12739169
r2107,-0.8783240165731833,0,-24.55012766395211,-1.5903331376314163,Major Facilitator (Mfs) Tcdb:2.A.1.13.1,"Transport, extracellular",6566.1,NA,PMID:12739169
r2108,-0.5893556756627196,0,16.223700521689654,62.79212685092688,Major Facilitator (Mfs) Tcdb:2.A.1.13.1,"Transport, extracellular",6566.1,NA,PMID:12739169
r2109,-0.9668473351083511,0,-181.79064556497931,-3.0642156334519384,Major Facilitator (Mfs) Tcdb:2.A.1.13.1,"Transport, extracellular",6566.1,NA,PMID:12739169
r2110,0.4060581502668861,0,-71.98380916628577,-170.4096480337128,Major Facilitator (Mfs) Tcdb:2.A.1.13.1,"Transport, extracellular",6566.1,NA,PMID:12739169
r2111,-1.0894960939837333,0,-11.640432956182957,0.498576324146986,Major Facilitator (Mfs) Tcdb:2.A.1.13.1,"Transport, extracellular",6566.1,NA,PMID:12739169
r2112,-0.34438457566939584,0,-77.79285425292626,-37.93720641694069,Major Facilitator (Mfs) Tcdb:2.A.1.13.1,"Transport, extracellular",6566.1,NA,PMID:12739169
r2113,0.477891402194929,0,-11.502807822735235,-32.56008587827906,Major Facilitator (Mfs) Tcdb:2.A.1.13.1,"Transport, extracellular",6566.1,NA,PMID:12739169
r2114,6.505839435301244,0,3.366180535671115,-4.5889479538738724,Major Facilitator (Mfs) Tcdb:2.A.1.13.1,"Transport, extracellular",6566.1,NA,PMID:12739169
r2115,-0.4243756140898055,0,27.967602183023327,69.20549495322854,Major Facilitator (Mfs) Tcdb:2.A.1.13.1,"Transport, extracellular",6566.1,NA,PMID:12739169
r2117,1.1164906124804788,0,21.064848039393127,-1.1593989765167236,Major Facilitator (Mfs) Tcdb:2.A.1.13.1,"Transport, extracellular",6566.1,NA,PMID:12739169
r2118,9.026767551516395,6.613522444993725e-12,3.7425926739543676,-2.9960723911762237,Major Facilitator (Mfs) Tcdb:2.A.1.13.1,"Transport, extracellular",6566.1,NA,PMID:12739169
r2119,0.4827645422712442,0,58.09300572664402,20.264689066433906,Major Facilitator (Mfs) Tcdb:2.A.1.13.1,"Transport, extracellular",6566.1,NA,PMID:12739169
r2120,-1.0240739420828102,0,-1.1140524177670479,93.66660687144957,Major Facilitator (Mfs) Tcdb:2.A.1.13.1,"Transport, extracellular",6566.1,NA,PMID:12739169
r2121,0.8445359919282914,0,-1.2427275834228844,-14.744607348141074,Major Facilitator (Mfs) Tcdb:2.A.1.13.1,"Transport, extracellular",6566.1,NA,PMID:12739169
r2123,7.286242720145272,0,2.0881258146733046,-1.584127588891983,Major Facilitator (Mfs) Tcdb:2.A.1.13.1,"Transport, extracellular",6566.1,NA,PMID:12739169
r2125,-0.9148034474001908,0,-39.35638784953654,-1.7511084869384765,Major Facilitator (Mfs) Tcdb:2.A.1.13.1,"Transport, extracellular",6566.1,NA,PMID:12739169
r2126,0.9966103056410962,0,52.93296341747939,0.08986559219360354,Major Facilitator (Mfs) Tcdb:2.A.1.13.1,"Transport, extracellular",6566.1,NA,PMID:12739169
r2128,-0.5120943788648069,0.012876432294944612,1.1573901952899992,3.586929792650044,Major Facilitator (Mfs) Tcdb:2.A.1.13.1,"Transport, extracellular",6566.1,NA,PMID:12739169
r2129,1.004871983145639,0,21.042910870289802,-0.051135787200927735,Major Facilitator (Mfs) Tcdb:2.A.1.13.1,"Transport, extracellular",6566.1,NA,PMID:12739169
r2130,0.8027989581060305,0,8.740250587204844,0.9560614146471024,Major Facilitator (Mfs) Tcdb:2.A.1.13.1,"Transport, extracellular",6566.1,NA,PMID:12739169
r2131,-0.6085405714031809,0,23.818126157760616,97.87073566445355,Major Facilitator (Mfs) Tcdb:2.A.1.13.1,"Transport, extracellular",6566.1,NA,PMID:12739169
r2132,0.35643793946455865,0,67.03488045255541,31.804702992031537,Major Facilitator (Mfs) Tcdb:2.A.1.13.1,"Transport, extracellular",6566.1,NA,PMID:12739169
r2140,-0.7872847013960362,0,-67.13584768842236,-7.990233384148777,Resistance-Nodulation-Cell Division (Rnd) Tcdb:2.A.60.1.14,"Transport, extracellular",6579.1,NA,"PMID:11076394,PMID:11076396,PMID:14579113"
r2142,0.41746323319470874,0,-55.925785456077755,-136.08195943797304,Resistance-Nodulation-Cell Division (Rnd) Tcdb:2.A.60.1.14,"Transport, extracellular",6579.1,NA,"PMID:11076394,PMID:11076396,PMID:14579113"
r2143,1.000000007005551,0,92.99024743083119,-3.2572395866736767e-7,Resistance-Nodulation-Cell Division (Rnd) Tcdb:2.A.60.1.14,"Transport, extracellular",6579.1,NA,"PMID:11076394,PMID:11076396,PMID:14579113"
r2144,-0.943552269911958,0,-474.7913709409356,-13.789644647025318,Resistance-Nodulation-Cell Division (Rnd) Tcdb:2.A.60.1.14,"Transport, extracellular",6579.1,NA,"PMID:11076394,PMID:11076396,PMID:14579113"
r2145,-0.9320454223698067,0,-500.30535446456076,-17.59691498715492,Resistance-Nodulation-Cell Division (Rnd) Tcdb:2.A.60.1.14,"Transport, extracellular",6579.1,NA,"PMID:11076394,PMID:11076396,PMID:14579113"
r2146,0.9147535165729022,0,13.108438431192189,0.583599021914741,Resistance-Nodulation-Cell Division (Rnd) Tcdb:2.A.60.1.14,"Transport, extracellular",6579.1,NA,"PMID:11076394,PMID:11076396,PMID:14579113"
r2147,-0.9807503783990774,0,2.597648578554242,267.29322329497336,Resistance-Nodulation-Cell Division (Rnd) Tcdb:2.A.60.1.14,"Transport, extracellular",6579.1,NA,"PMID:11076394,PMID:11076396,PMID:14579113"
r2148,0.9633311262955856,0,221.5779245554924,4.138381357271037,Resistance-Nodulation-Cell Division (Rnd) Tcdb:2.A.60.1.14,"Transport, extracellular",6579.1,NA,"PMID:11076394,PMID:11076396,PMID:14579113"
r2149,0.9930030968959984,0,-3.6723777157021685e-10,-1.0460428065925953e-7,Resistance-Nodulation-Cell Division (Rnd) Tcdb:2.A.60.1.14,"Transport, extracellular",6579.1,NA,"PMID:11076394,PMID:11076396,PMID:14579113"
r2152,0.685069533928753,0,54.60651714022793,10.20566543233618,Resistance-Nodulation-Cell Division (Rnd) Tcdb:2.A.60.1.14,"Transport, extracellular",6579.1,NA,"PMID:11076394,PMID:11076396,PMID:14579113"
r2153,0.978397968793345,0,111.96044443500043,1.2224906478603836,Resistance-Nodulation-Cell Division (Rnd) Tcdb:2.A.60.1.14,"Transport, extracellular",6579.1,NA,"PMID:11076394,PMID:11076396,PMID:14579113"
r2157,0.9618209630411986,0,33.32944385399669,0.6486249727627786,Resistance-Nodulation-Cell Division (Rnd) Tcdb:2.A.60.1.14,"Transport, extracellular",6579.1,NA,"PMID:11076394,PMID:11076396,PMID:14579113"
r2158,0.9697063192655905,0,32.90587806808039,0.506085681266182,Resistance-Nodulation-Cell Division (Rnd) Tcdb:2.A.60.1.14,"Transport, extracellular",6579.1,NA,"PMID:11076394,PMID:11076396,PMID:14579113"
r2159,-0.6329986969453951,0,5.054796663394039,22.491681353562505,Resistance-Nodulation-Cell Division (Rnd) Tcdb:2.A.60.1.14,"Transport, extracellular",6579.1,NA,"PMID:11076394,PMID:11076396,PMID:14579113"
r2166,0.99999969574182,0,7.099864373125136,1.0800960706546902e-6,Resistance-Nodulation-Cell Division (Rnd) Tcdb:2.A.60.1.14,"Transport, extracellular",6579.1,NA,"PMID:11076394,PMID:11076396,PMID:14579113"
r2167,0.9999990958206906,0,2.869038822674693,1.2970633571967482e-6,Resistance-Nodulation-Cell Division (Rnd) Tcdb:2.A.60.1.14,"Transport, extracellular",6579.1,NA,"PMID:11076394,PMID:11076396,PMID:14579113"
r2168,0.9999981847589157,0,0.9801812111057341,8.89633409678936e-7,Resistance-Nodulation-Cell Division (Rnd) Tcdb:2.A.60.1.14,"Transport, extracellular",6579.1,NA,"PMID:11076394,PMID:11076396,PMID:14579113"
r2169,1,0.03178256091861256,0.0027980652247701072,0,Resistance-Nodulation-Cell Division (Rnd) Tcdb:2.A.60.1.14,"Transport, extracellular",6579.1,NA,"PMID:11076394,PMID:11076396,PMID:14579113"
r2170,1,0.0012410791430382104,2.0568355979442594,0,Resistance-Nodulation-Cell Division (Rnd) Tcdb:2.A.60.1.14,"Transport, extracellular",6579.1,NA,"PMID:11076394,PMID:11076396,PMID:14579113"
r2171,1,0.020901510832966316,0.013608499778155238,0,Resistance-Nodulation-Cell Division (Rnd) Tcdb:2.A.60.1.14,"Transport, extracellular",6579.1,NA,"PMID:11076394,PMID:11076396,PMID:14579113"
r2172,1,3.484519450758228e-9,0.007183264558017254,0,Resistance-Nodulation-Cell Division (Rnd) Tcdb:2.A.60.1.14,"Transport, extracellular",6579.1,NA,"PMID:11076394,PMID:11076396,PMID:14579113"
r2173,1,1.0088561727098142e-8,0.08435475048720836,0,Resistance-Nodulation-Cell Division (Rnd) Tcdb:2.A.60.1.14,"Transport, extracellular",6579.1,NA,"PMID:11076394,PMID:11076396,PMID:14579113"
r2174,1,1.9495136964016626e-10,4.321251046395302,0,Resistance-Nodulation-Cell Division (Rnd) Tcdb:2.A.60.1.14,"Transport, extracellular",6579.1,NA,"PMID:11076394,PMID:11076396,PMID:14579113"
r2178,0.9984333459509609,0,218.74783498160838,0.17148541985991178,Resistance-Nodulation-Cell Division (Rnd) Tcdb:2.A.60.1.14,"Transport, extracellular",6579.1,NA,"PMID:11076394,PMID:11076396,PMID:14579113"
r2179,-0.6927554238024964,0,0.598524685283922,3.2975550612902014,Resistance-Nodulation-Cell Division (Rnd) Tcdb:2.A.60.1.14,"Transport, extracellular",6579.1,NA,"PMID:11076394,PMID:11076396,PMID:14579113"
r2180,0.5588467161350781,0,26.045328192611038,7.3708222512073815,Resistance-Nodulation-Cell Division (Rnd) Tcdb:2.A.60.1.14,"Transport, extracellular",6579.1,NA,"PMID:11076394,PMID:11076396,PMID:14579113"
r2182,-0.9981271121086781,0,0.20661958539842162,220.4361496436596,Resistance-Nodulation-Cell Division (Rnd) Tcdb:2.A.60.1.14,"Transport, extracellular",6579.1,NA,"PMID:11076394,PMID:11076396,PMID:14579113"
r2183,-0.3614816240022673,0,3.738547678153662,7.97152306902539,Resistance-Nodulation-Cell Division (Rnd) Tcdb:2.A.60.1.14,"Transport, extracellular",6579.1,NA,"PMID:11076394,PMID:11076396,PMID:14579113"
r2193,0.9318758293816746,0,-2.136845174824266,-60.59698792521367,Resistance-Nodulation-Cell Division (Rnd) Tcdb:2.A.60.1.14,"Transport, extracellular",6579.1,NA,"PMID:11076394,PMID:11076396,PMID:14579113"
r2196,-0.34612445893458116,0,-338.5754030177355,-164.46189159573316,Resistance-Nodulation-Cell Division (Rnd) Tcdb:2.A.60.1.14,"Transport, extracellular",6579.1,NA,"PMID:11076394,PMID:11076396,PMID:14579113"
r2197,-1.065660396064429,0,-0.07505828631548213,2.3613157813763244,Resistance-Nodulation-Cell Division (Rnd) Tcdb:2.A.60.1.14,"Transport, extracellular",6579.1,NA,"PMID:11076394,PMID:11076396,PMID:14579113"
r2198,-0.8401579588993194,0,-442.3974950881481,-38.428069857119766,Resistance-Nodulation-Cell Division (Rnd) Tcdb:2.A.60.1.5,"Transport, extracellular",10599.1,NA,"PMID:11076394,PMID:11076396,PMID:14579113"
r2199,0.342872837627476,0,-8.479885508579947,-17.329078095857753,Resistance-Nodulation-Cell Division (Rnd) Tcdb:2.A.60.1.5,"Transport, extracellular",10599.1,NA,"PMID:11076394,PMID:11076396,PMID:14579113"
r2200,-0.8672267489716162,0,-17.246576944302372,-1.2263556588761158,Resistance-Nodulation-Cell Division (Rnd) Tcdb:2.A.60.1.5,"Transport, extracellular",10599.1,NA,"PMID:11076394,PMID:11076396,PMID:14579113"
r2201,-1.050916796982793,0,-7.850282496479521,316.2075618882865,Resistance-Nodulation-Cell Division (Rnd) Tcdb:2.A.60.1.5,"Transport, extracellular",10599.1,NA,"PMID:11076394,PMID:11076396,PMID:14579113"
r2202,-1.1613076910831208,0,-4.187462920524063,0.312528372518497,Resistance-Nodulation-Cell Division (Rnd) Tcdb:2.A.60.1.5,"Transport, extracellular",10599.1,NA,"PMID:11076394,PMID:11076396,PMID:14579113"
r2209,0.988355418314263,1.4989120747172057e-7,11.794201784239709,0.06907142698415555,Resistance-Nodulation-Cell Division (Rnd) Tcdb:2.A.60.1.14,"Transport, extracellular",6579.1,NA,"PMID:11076396,PMID:14579113"
r2210,0.8364601545978757,0.0050211412671176585,6.025649250425398,0.5365941343158483,Resistance-Nodulation-Cell Division (Rnd) Tcdb:2.A.60.1.14,"Transport, extracellular",6579.1,NA,"PMID:11076396,PMID:14579113"
r2211,0.8292359581040986,0.012876432294944612,1.3087058193147183,0.12217116898931563,Resistance-Nodulation-Cell Division (Rnd) Tcdb:2.A.60.1.14,"Transport, extracellular",6579.1,NA,"PMID:11076396,PMID:14579113"
r2212,-0.9910461110630959,0,0.4989915993899107,110.95908050898313,Resistance-Nodulation-Cell Division (Rnd) Tcdb:2.A.60.1.14,"Transport, extracellular",6579.1,NA,"PMID:11076396,PMID:14579113"
r2213,-0.8130953556451747,0,0.4232338350855047,4.10564062436372,Resistance-Nodulation-Cell Division (Rnd) Tcdb:2.A.60.1.14,"Transport, extracellular",6579.1,NA,"PMID:11076396,PMID:14579113"
r2214,0.7707148267733096,0,14.37150689445734,1.8609283652008861,Resistance-Nodulation-Cell Division (Rnd) Tcdb:2.A.60.1.14,"Transport, extracellular",6579.1,NA,"PMID:11076396,PMID:14579113"
r2215,0.41667150933617936,1.1669464411813703e-9,0.020299053080845623,0.008358335660398007,Resistance-Nodulation-Cell Division (Rnd) Tcdb:2.A.60.1.14,"Transport, extracellular",6579.1,NA,"PMID:11076396,PMID:14579113"
r2216,0.3857834041243511,6.688076480238835e-11,0.01224863954782486,0.005428927540034056,Resistance-Nodulation-Cell Division (Rnd) Tcdb:2.A.60.1.14,"Transport, extracellular",6579.1,NA,"PMID:11076396,PMID:14579113"
r2217,0.6377375389044417,4.1761786279510133e-10,0.011414428126183339,0.002524836078286171,Resistance-Nodulation-Cell Division (Rnd) Tcdb:2.A.60.1.14,"Transport, extracellular",6579.1,NA,"PMID:11076396,PMID:14579113"
r2218,0.6883913168567066,0,25.95214075450897,4.78971451968695,Resistance-Nodulation-Cell Division (Rnd) Tcdb:2.A.60.1.5,"Transport, extracellular",10599.1,NA,"PMID:11076396,PMID:14579113"
r2219,0.5333607437805961,0,10.792852910698944,3.284529668026132,Resistance-Nodulation-Cell Division (Rnd) Tcdb:2.A.60.1.5,"Transport, extracellular",10599.1,NA,"PMID:11076396,PMID:14579113"
r2227,-0.6210398497711886,0,46.84593314993381,200.3881526590824,Resistance-Nodulation-Cell Division (Rnd) Tcdb:2.A.60.1.5,"Transport, extracellular",10599.1,NA,"PMID:11076396,PMID:14579113"
r2228,0.8153300752297822,0,10.236357690186054,1.0413243466637447,Resistance-Nodulation-Cell Division (Rnd) Tcdb:2.A.60.1.5,"Transport, extracellular",10599.1,NA,"PMID:11076396,PMID:14579113"
r2229,-0.9842705822684358,0,0.5496853749869391,69.34296855127812,Resistance-Nodulation-Cell Division (Rnd) Tcdb:2.A.60.1.5,"Transport, extracellular",10599.1,NA,"PMID:11076396,PMID:14579113"
r2233,0.9424353095194782,0,5.3322224791693555,0.15802211537361147,Resistance-Nodulation-Cell Division (Rnd) Tcdb:2.A.60.1.5,"Transport, extracellular",10599.1,NA,"PMID:11076396,PMID:14579113"
r2234,0.9950784507907863,0,42.7067909882009,0.1053510318517685,Resistance-Nodulation-Cell Division (Rnd) Tcdb:2.A.60.1.5,"Transport, extracellular",10599.1,NA,"PMID:11076396,PMID:14579113"
r2235,0.9966403461839888,0,43.54235943888128,0.07326670240163803,Resistance-Nodulation-Cell Division (Rnd) Tcdb:2.A.60.1.5,"Transport, extracellular",10599.1,NA,"PMID:11076396,PMID:14579113"
r2239,-0.9999971721920864,0.0018090965135401777,2.1754179033450782e-8,0.015385874103754759,Resistance-Nodulation-Cell Division (Rnd) Tcdb:2.A.60.1.5,"Transport, extracellular",10599.1,NA,"PMID:11076396,PMID:14579113"
r2240,-0.9999981448681212,0.008121601742134136,5.351006984710694e-9,0.005768864286597818,Resistance-Nodulation-Cell Division (Rnd) Tcdb:2.A.60.1.5,"Transport, extracellular",10599.1,NA,"PMID:11076396,PMID:14579113"
r2241,-0.9999999323493806,5.5514025819031135e-5,2.8544105589389803e-9,0.08438682400500401,Resistance-Nodulation-Cell Division (Rnd) Tcdb:2.A.60.1.5,"Transport, extracellular",10599.1,NA,"PMID:11076396,PMID:14579113"
r2248,-0.9999999997995308,0,1.4487653970718383e-8,144.53744630865046,Resistance-Nodulation-Cell Division (Rnd) Tcdb:2.A.60.1.5,"Transport, extracellular",10599.1,NA,"PMID:11076396,PMID:14579113"
r2249,-0.9999999677757491,0,4.105120897293091e-8,2.5478456242023384,Resistance-Nodulation-Cell Division (Rnd) Tcdb:2.A.60.1.5,"Transport, extracellular",10599.1,NA,"PMID:11076396,PMID:14579113"
r2250,-0.9999999993041315,0,1.847594976425171e-8,53.101848544861376,Resistance-Nodulation-Cell Division (Rnd) Tcdb:2.A.60.1.5,"Transport, extracellular",10599.1,NA,"PMID:11076396,PMID:14579113"
r2251,0.9999999922828013,0,89.61883335406482,3.4580316860228774e-7,Resistance-Nodulation-Cell Division (Rnd) Tcdb:2.A.60.1.5,"Transport, extracellular",10599.1,NA,"PMID:11076396,PMID:14579113"
r2252,0.9999999732577743,0,29.985888769096135,4.0094470605254173e-7,Resistance-Nodulation-Cell Division (Rnd) Tcdb:2.A.60.1.5,"Transport, extracellular",10599.1,NA,"PMID:11076396,PMID:14579113"
r2253,0.9999999860068717,0,63.31607343771309,4.429949738550931e-7,Resistance-Nodulation-Cell Division (Rnd) Tcdb:2.A.60.1.5,"Transport, extracellular",10599.1,NA,"PMID:11076396,PMID:14579113"
r2254,0.934159858212585,1.2442703065507533e-12,0.01194451924825553,4.065997117810184e-4,Resistance-Nodulation-Cell Division (Rnd) Tcdb:2.A.60.1.5,"Transport, extracellular",10599.1,NA,"PMID:11076396,PMID:14579113"
r2255,0.9245864024024794,2.4448748866278543e-16,0.010965440107439644,4.2967324652709067e-4,Resistance-Nodulation-Cell Division (Rnd) Tcdb:2.A.60.1.5,"Transport, extracellular",10599.1,NA,"PMID:11076396,PMID:14579113"
r2256,0.5225711619254128,5.967012684572113e-12,0.012167312235065038,0.003815273721283302,Resistance-Nodulation-Cell Division (Rnd) Tcdb:2.A.60.1.5,"Transport, extracellular",10599.1,NA,"PMID:11076396,PMID:14579113"
r2257,-0.9950059131947769,0,6.789371541701257e-4,0.271217479808403,Resistance-Nodulation-Cell Division (Rnd) Tcdb:2.A.60.1.5,"Transport, extracellular",10599.1,NA,"PMID:11076396,PMID:14579113"
r2258,0.9614017658357127,0,0.001176014013972599,2.3142665150226093e-5,Resistance-Nodulation-Cell Division (Rnd) Tcdb:2.A.60.1.5,"Transport, extracellular",10599.1,NA,"PMID:11076396,PMID:14579113"
r2259,0.6455126646709198,0,0.001417304584023077,3.053252254612744e-4,Resistance-Nodulation-Cell Division (Rnd) Tcdb:2.A.60.1.5,"Transport, extracellular",10599.1,NA,"PMID:11076396,PMID:14579113"
r2260,0.7205376561481288,0,0.03896410571336746,0.006328835797251668,Resistance-Nodulation-Cell Division (Rnd) Tcdb:2.A.60.1.5,"Transport, extracellular",10599.1,NA,"PMID:11076396,PMID:14579113"
r2261,0.9822702297659619,0,0.08068121577501297,7.216268480522559e-4,Resistance-Nodulation-Cell Division (Rnd) Tcdb:2.A.60.1.5,"Transport, extracellular",10599.1,NA,"PMID:11076396,PMID:14579113"
r2263,-0.9977745097725078,0,0.08577464941677172,76.99805017009973,Resistance-Nodulation-Cell Division (Rnd) Tcdb:2.A.60.1.5,"Transport, extracellular",10599.1,NA,"PMID:11076396,PMID:14579113"
r2264,-0.6487088516923076,0,0.12582834669868462,0.5905480681631714,Resistance-Nodulation-Cell Division (Rnd) Tcdb:2.A.60.1.5,"Transport, extracellular",10599.1,NA,"PMID:11076396,PMID:14579113"
r2265,-0.6545226977855411,7.294626006021918e-7,0.2251259280113634,1.0781488548374036,Resistance-Nodulation-Cell Division (Rnd) Tcdb:2.A.60.1.5,"Transport, extracellular",10599.1,NA,"PMID:11076396,PMID:14579113"
r2266,-0.9975893475700662,0,0.006086315036565065,5.04343053856637,Resistance-Nodulation-Cell Division (Rnd) Tcdb:2.A.60.1.5,"Transport, extracellular",10599.1,NA,"PMID:11076396,PMID:14579113"
r2267,-0.999944006143528,0,0.0010929206319153309,39.036069395834204,Resistance-Nodulation-Cell Division (Rnd) Tcdb:2.A.60.1.5,"Transport, extracellular",10599.1,NA,"PMID:11076396,PMID:14579113"
r2268,-0.9998068502545099,0,2.9165569320321086e-4,3.0197039695980843,Resistance-Nodulation-Cell Division (Rnd) Tcdb:2.A.60.1.5,"Transport, extracellular",10599.1,NA,"PMID:11076396,PMID:14579113"
r2269,0.9931877699757768,0,33.462581723757644,0.11436694893495587,Resistance-Nodulation-Cell Division (Rnd) Tcdb:2.A.60.1.5,"Transport, extracellular",10599.1,NA,"PMID:11076396,PMID:14579113"
r2270,-0.8896970309887762,0,0.12162690168515256,2.083697266384639,Resistance-Nodulation-Cell Division (Rnd) Tcdb:2.A.60.1.5,"Transport, extracellular",10599.1,NA,"PMID:11076396,PMID:14579113"
r2271,-0.9956671889828902,0,0.4515811639833497,207.99561960249542,Resistance-Nodulation-Cell Division (Rnd) Tcdb:2.A.60.1.5,"Transport, extracellular",10599.1,NA,"PMID:11076396,PMID:14579113"
r2275,-0.9917043993060639,0,1.9757682643830776e-5,0.004743654485512525,Resistance-Nodulation-Cell Division (Rnd) Tcdb:2.A.60.1.5,"Transport, extracellular",10599.1,NA,"PMID:11076396,PMID:14579113"
r2276,0.9478314254833619,0,6.147800670005381e-5,1.6465593129396438e-6,Resistance-Nodulation-Cell Division (Rnd) Tcdb:2.A.60.1.5,"Transport, extracellular",10599.1,NA,"PMID:11076396,PMID:14579113"
r2277,-0.689327512641256,0,1.2277832161635162e-4,6.676252487814053e-4,Resistance-Nodulation-Cell Division (Rnd) Tcdb:2.A.60.1.5,"Transport, extracellular",10599.1,NA,"PMID:11076396,PMID:14579113"
r2290,-0.999648567371598,1.954452992466731e-6,3.4691140870563685e-5,0.19739228670299053,Resistance-Nodulation-Cell Division (Rnd) Tcdb:2.A.60.1.5,"Transport, extracellular",10599.1,NA,"PMID:11076396,PMID:14579113"
r2292,0.9890492109378975,7.120801557680502e-4,1.3835015106014906e-4,7.61692225933075e-7,Resistance-Nodulation-Cell Division (Rnd) Tcdb:2.A.60.1.5,"Transport, extracellular",10599.1,NA,"PMID:11076396,PMID:14579113"
r2293,-0.9740460399893262,5.5514025819031135e-5,7.920202522655017e-7,6.024068935657851e-5,Resistance-Nodulation-Cell Division (Rnd) Tcdb:2.A.60.1.5,"Transport, extracellular",10599.1,NA,"PMID:11076396,PMID:14579113"
r2294,-0.9999219882357194,0.0020109369818064465,6.885268769110553e-7,0.01765118445053522,Resistance-Nodulation-Cell Division (Rnd) Tcdb:2.A.60.1.5,"Transport, extracellular",10599.1,NA,"PMID:11076396,PMID:14579113"
r2295,-0.9916501090805028,9.913334505848148e-7,6.616782702622004e-7,1.5782620537793264e-4,Resistance-Nodulation-Cell Division (Rnd) Tcdb:2.A.60.1.5,"Transport, extracellular",10599.1,NA,"PMID:11076396,PMID:14579113"
r2302,0.3714029465251915,9.962502473591798e-12,5.370507857296616e-5,2.461629110039212e-5,Resistance-Nodulation-Cell Division (Rnd) Tcdb:2.A.60.1.5,"Transport, extracellular",10599.1,NA,"PMID:11076396,PMID:14579113"
r2305,-0.9998722024710623,0,2.981571583659388e-5,0.466578828198323,Resistance-Nodulation-Cell Division (Rnd) Tcdb:2.A.60.1.5,"Transport, extracellular",10599.1,NA,"PMID:11076396,PMID:14579113"
r2307,-0.9999819762007446,0,3.320507514785277e-4,36.845479065567254,Resistance-Nodulation-Cell Division (Rnd) Tcdb:2.A.60.1.5,"Transport, extracellular",10599.1,NA,"PMID:11076396,PMID:14579113"
r2311,-0.6439512925917964,0,26.392944108873603,121.8617388023302,Resistance-Nodulation-Cell Division (Rnd) Tcdb:2.A.60.1.14,"Transport, extracellular",6579.1,NA,PMID:14579113
r2312,0.6340202197517191,0,61.82772712012679,13.847869023378939,Resistance-Nodulation-Cell Division (Rnd) Tcdb:2.A.60.1.14,"Transport, extracellular",6579.1,NA,PMID:14579113
r2314,6.399526265439233,0,376.7682357178206,-516.3242697830319,Resistance-Nodulation-Cell Division (Rnd) Tcdb:2.A.60.1.2,"Transport, extracellular",6578.1,NA,"PMID:11076394,PMID:11076396,PMID:14579113"
r2315,-0.7298773299565398,0,-3.5238759894752407,-0.5502579718776979,Resistance-Nodulation-Cell Division (Rnd) Tcdb:2.A.60.1.2,"Transport, extracellular",6578.1,NA,"PMID:11076394,PMID:11076396,PMID:14579113"
r2316,-1.0061011549953853,0,-136.15918722483218,0.4141009057473391,Resistance-Nodulation-Cell Division (Rnd) Tcdb:2.A.60.1.2,"Transport, extracellular",6578.1,NA,"PMID:11076394,PMID:11076396,PMID:14579113"
r2317,0.6364649671857157,0,-91.67008543377817,-412.6559198159486,Resistance-Nodulation-Cell Division (Rnd) Tcdb:2.A.60.1.2,"Transport, extracellular",6578.1,NA,"PMID:11076394,PMID:11076396,PMID:14579113"
r2318,1.0000000253166308,0,179.40817939718914,-2.271005278453231e-6,Resistance-Nodulation-Cell Division (Rnd) Tcdb:2.A.60.1.2,"Transport, extracellular",6578.1,NA,"PMID:11076394,PMID:11076396,PMID:14579113"
r2319,-0.9314223592892464,0,-16.681947341041873,-0.5923140454533583,Resistance-Nodulation-Cell Division (Rnd) Tcdb:2.A.60.1.2,"Transport, extracellular",6578.1,NA,"PMID:11076394,PMID:11076396,PMID:14579113"
r2320,-0.5422603439866515,0,-7.840024839106109,-2.326903033577319,Resistance-Nodulation-Cell Division (Rnd) Tcdb:2.A.60.1.2,"Transport, extracellular",6578.1,NA,"PMID:11076394,PMID:11076396,PMID:14579113"
r2321,1.6745406987927205,0,91.21273536714726,-23.00458627573848,Resistance-Nodulation-Cell Division (Rnd) Tcdb:2.A.60.1.2,"Transport, extracellular",6578.1,NA,"PMID:11076394,PMID:11076396,PMID:14579113"
r2322,-1.4619839799820842,0,-8.642466872430168,46.05704074040424,Resistance-Nodulation-Cell Division (Rnd) Tcdb:2.A.60.1.2,"Transport, extracellular",6578.1,NA,"PMID:11076394,PMID:11076396,PMID:14579113"
r2323,1.3886977525790332,0,118.80516335104257,-19.33241656022668,Resistance-Nodulation-Cell Division (Rnd) Tcdb:2.A.60.1.2,"Transport, extracellular",6578.1,NA,"PMID:11076394,PMID:11076396,PMID:14579113"
r2324,0.865995188687341,0,-25.317429921570408,-352.5410913295805,Resistance-Nodulation-Cell Division (Rnd) Tcdb:2.A.60.1.2,"Transport, extracellular",6578.1,NA,"PMID:11076394,PMID:11076396,PMID:14579113"
r2325,-0.7371628310785705,0,-8.903907814741913,-1.3471839717587806,Resistance-Nodulation-Cell Division (Rnd) Tcdb:2.A.60.1.2,"Transport, extracellular",6578.1,NA,"PMID:11076394,PMID:11076396,PMID:14579113"
r2326,-1.105386490915135,0,-27.16056160450982,1.3595395862635549,Resistance-Nodulation-Cell Division (Rnd) Tcdb:2.A.60.1.2,"Transport, extracellular",6578.1,NA,"PMID:11076394,PMID:11076396,PMID:14579113"
r2327,-0.9668823306075952,0,-23.54838571020973,-0.39649939426454894,Resistance-Nodulation-Cell Division (Rnd) Tcdb:2.A.60.1.2,"Transport, extracellular",6578.1,NA,"PMID:11076394,PMID:11076396,PMID:14579113"
r2328,-0.8199591314466712,0,-4.728839194895141,-0.4678040848209522,Resistance-Nodulation-Cell Division (Rnd) Tcdb:2.A.60.1.2,"Transport, extracellular",6578.1,NA,"PMID:11076394,PMID:11076396,PMID:14579113"
r2329,-0.8506111099649276,0,-0.584529662020132,-0.047185622593294826,Resistance-Nodulation-Cell Division (Rnd) Tcdb:2.A.60.1.2,"Transport, extracellular",6578.1,NA,"PMID:11076394,PMID:11076396,PMID:14579113"
r2330,-0.8233994274424958,0,-7.138053810886927,-0.6913374935721047,Resistance-Nodulation-Cell Division (Rnd) Tcdb:2.A.60.1.2,"Transport, extracellular",6578.1,NA,"PMID:11076394,PMID:11076396,PMID:14579113"
r2331,-1.0148012882818893,0,-0.09521872682183456,6.995031389553333e-4,Resistance-Nodulation-Cell Division (Rnd) Tcdb:2.A.60.1.2,"Transport, extracellular",6578.1,NA,"PMID:11076394,PMID:11076396,PMID:14579113"
r2332,-0.9579269933429757,0,-22.607123357746094,-0.48579423786513215,Resistance-Nodulation-Cell Division (Rnd) Tcdb:2.A.60.1.2,"Transport, extracellular",6578.1,NA,"PMID:11076394,PMID:11076396,PMID:14579113"
r2333,-0.6601837630932741,0,-9.604971332103851,-1.9660023704792344,Resistance-Nodulation-Cell Division (Rnd) Tcdb:2.A.60.1.2,"Transport, extracellular",6578.1,NA,"PMID:11076394,PMID:11076396,PMID:14579113"
r2334,1.465333909009703,0,11.031886621614102,-2.0822781476484087,Resistance-Nodulation-Cell Division (Rnd) Tcdb:2.A.60.1.2,"Transport, extracellular",6578.1,NA,"PMID:11076394,PMID:11076396,PMID:14579113"
r2335,-1.395538005360283,0,-28.189743834630118,170.72848070747742,Resistance-Nodulation-Cell Division (Rnd) Tcdb:2.A.60.1.2,"Transport, extracellular",6578.1,NA,"PMID:11076394,PMID:11076396,PMID:14579113"
r2341,-0.6374826501759743,0,-414.9103535427213,-91.85575295389704,Organic Anion Transporter 5 Utilized Transport,"Transport, extracellular",387775.1,NA,"PMID:11023036,PMID:12739169,PMID:12856180,PMID:12883891,PMID:1554704,PMID:18021224,PMID:4553030,PMID:793184,PMID:8725559,PMID:8781017"
r2342,0.9494237965902412,0,-9.927552589291334,-382.65045524811745,Organic Anion Transporter 5 Utilized Transport,"Transport, extracellular",387775.1,NA,"PMID:11023036,PMID:12739169,PMID:12856180,PMID:12883891,PMID:1554704,PMID:18021224,PMID:4553030,PMID:793184,PMID:8725559,PMID:8781017"
r2343,-1.3456565691237006,0,-4.468005511826276,30.320287290549278,Organic Anion Transporter 5 Utilized Transport,"Transport, extracellular",387775.1,NA,"PMID:11023036,PMID:12739169,PMID:12856180,PMID:12883891,PMID:1554704,PMID:18021224,PMID:4553030,PMID:793184,PMID:8725559,PMID:8781017"
r2344,1.7223008940850155,0,9.090694187741168,-2.4120098384149604,Organic Anion Transporter 5 Utilized Transport,"Transport, extracellular",387775.1,NA,"PMID:11023036,PMID:12739169,PMID:12856180,PMID:12883891,PMID:1554704,PMID:18021224,PMID:4553030,PMID:793184,PMID:8725559,PMID:8781017"
r2346,1.3959842201619623,0,2.956264392562164,-0.4885817027635407,Organic Anion Transporter 5 Utilized Transport,"Transport, extracellular",387775.1,NA,"PMID:11023036,PMID:12739169,PMID:12856180,PMID:12883891,PMID:1554704,PMID:18021224,PMID:4553030,PMID:793184,PMID:8725559,PMID:8781017"
r2347,0.8228386248135253,0,17.246576818948128,1.6761918608217967,Organic Anion Transporter 5 Utilized Transport,"Transport, extracellular",387775.1,NA,"PMID:11023036,PMID:12739169,PMID:12856180,PMID:12883891,PMID:1554704,PMID:18021224,PMID:4553030,PMID:793184,PMID:8725559,PMID:8781017"
r2352,0.8817008035266332,0,51.86700489817262,3.2607867262608377,Organic Anion Transporter 5 Utilized Transport,"Transport, extracellular",387775.1,NA,"PMID:11023036,PMID:12739169,PMID:12856180,PMID:12883891,PMID:1554704,PMID:18021224,PMID:4553030,PMID:793184,PMID:8725559,PMID:8781017"
r2353,1.0019152429267324,0,7.01469943699562,-0.006711000142153352,Organic Anion Transporter 5 Utilized Transport,"Transport, extracellular",387775.1,NA,"PMID:11023036,PMID:12739169,PMID:12856180,PMID:12883891,PMID:1554704,PMID:18021224,PMID:4553030,PMID:793184,PMID:8725559,PMID:8781017"
r2354,0.9622613303536001,0,16.678675093076695,0.3207681870609151,Organic Anion Transporter 5 Utilized Transport,"Transport, extracellular",387775.1,NA,"PMID:11023036,PMID:12739169,PMID:12856180,PMID:12883891,PMID:1554704,PMID:18021224,PMID:4553030,PMID:793184,PMID:8725559,PMID:8781017"
r2355,-1.8568829195372973,0,-7.686590533118695,2.3054875970812456,Organic Anion Transporter 5 Utilized Transport,"Transport, extracellular",387775.1,NA,"PMID:11023036,PMID:12739169,PMID:12856180,PMID:12883891,PMID:1554704,PMID:18021224,PMID:4553030,PMID:793184,PMID:8725559,PMID:8781017"
r2357,-0.5984535140924968,0,8.63499597468381,34.37370303145265,Organic Anion Transporter 5 Utilized Transport,"Transport, extracellular",387775.1,NA,"PMID:11023036,PMID:12739169,PMID:12856180,PMID:12883891,PMID:1554704,PMID:18021224,PMID:4553030,PMID:793184,PMID:8725559,PMID:8781017"
r2358,-0.3425071337474566,0,13.289537041189522,27.135348834560812,Organic Anion Transporter 5 Utilized Transport,"Transport, extracellular",387775.1,NA,"PMID:11023036,PMID:12739169,PMID:12856180,PMID:12883891,PMID:1554704,PMID:18021224,PMID:4553030,PMID:793184,PMID:8725559,PMID:8781017"
r2359,1.0991331496136891,0,25.317429909335264,-536.0936941154957,Organic Anion Transporter 5 Utilized Transport,"Transport, extracellular",387775.1,NA,"PMID:11023036,PMID:12739169,PMID:12856180,PMID:12883891,PMID:1554704,PMID:18021224,PMID:4553030,PMID:793184,PMID:8725559,PMID:8781017"
r2360,0.7380753412386203,0,8.903703967984233,1.341771307718265,Organic Anion Transporter 5 Utilized Transport,"Transport, extracellular",387775.1,NA,"PMID:11023036,PMID:12739169,PMID:12856180,PMID:12883891,PMID:1554704,PMID:18021224,PMID:4553030,PMID:793184,PMID:8725559,PMID:8781017"
r2361,1.11629555933146,0,21.841105806249463,-1.2002215876490228,Organic Anion Transporter 5 Utilized Transport,"Transport, extracellular",387775.1,NA,"PMID:11023036,PMID:12739169,PMID:12856180,PMID:12883891,PMID:1554704,PMID:18021224,PMID:4553030,PMID:793184,PMID:8725559,PMID:8781017"
r2362,0.9704032349065503,9.041835164631558e-13,23.548385593144612,0.35371238961822526,Organic Anion Transporter 5 Utilized Transport,"Transport, extracellular",387775.1,NA,"PMID:11023036,PMID:12739169,PMID:12856180,PMID:12883891,PMID:1554704,PMID:18021224,PMID:4553030,PMID:793184,PMID:8725559,PMID:8781017"
r2363,3.7514741757677523,0,3.395266795446724,-1.9661243146720662,Organic Anion Transporter 5 Utilized Transport,"Transport, extracellular",387775.1,NA,"PMID:11023036,PMID:12739169,PMID:12856180,PMID:12883891,PMID:1554704,PMID:18021224,PMID:4553030,PMID:793184,PMID:8725559,PMID:8781017"
r2364,0.9853486548589195,0,-0.8589588832381647,-116.39428646278104,Organic Anion Transporter 5 Utilized Transport,"Transport, extracellular",387775.1,NA,"PMID:11023036,PMID:12739169,PMID:12856180,PMID:12883891,PMID:1554704,PMID:18021224,PMID:4553030,PMID:793184,PMID:8725559,PMID:8781017"
r2365,0.8707887352932113,0,7.1373400291728055,0.49296038318686186,Organic Anion Transporter 5 Utilized Transport,"Transport, extracellular",387775.1,NA,"PMID:11023036,PMID:12739169,PMID:12856180,PMID:12883891,PMID:1554704,PMID:18021224,PMID:4553030,PMID:793184,PMID:8725559,PMID:8781017"
r2366,0.9580460403269614,0,22.603813461178017,0.48431929529542356,Organic Anion Transporter 5 Utilized Transport,"Transport, extracellular",387775.1,NA,"PMID:11023036,PMID:12739169,PMID:12856180,PMID:12883891,PMID:1554704,PMID:18021224,PMID:4553030,PMID:793184,PMID:8725559,PMID:8781017"
r2367,0.6602633952260094,5.290434447545833e-13,9.604588862473639,1.9653691214114166,Organic Anion Transporter 5 Utilized Transport,"Transport, extracellular",387775.1,NA,"PMID:11023036,PMID:12739169,PMID:12856180,PMID:12883891,PMID:1554704,PMID:18021224,PMID:4553030,PMID:793184,PMID:8725559,PMID:8781017"
r2368,-1.448273506385022,0,-11.032375922241483,2.0200038212736895,Organic Anion Transporter 5 Utilized Transport,"Transport, extracellular",387775.1,NA,"PMID:11023036,PMID:12739169,PMID:12856180,PMID:12883891,PMID:1554704,PMID:18021224,PMID:4553030,PMID:793184,PMID:8725559,PMID:8781017"
r2369,-0.7286005427750712,0,27.044171757341406,172.25004963771403,Organic Anion Transporter 5 Utilized Transport,"Transport, extracellular",387775.1,NA,"PMID:11023036,PMID:12739169,PMID:12856180,PMID:12883891,PMID:1554704,PMID:18021224,PMID:4553030,PMID:793184,PMID:8725559,PMID:8781017"
r2371,3.0517902320322468,0,67.71825620860774,-133.72720307988172,Mitochondrial Carrier (Mc) Tcdb:2.A.29.7.2,"Transport, mitochondrial",6576.1,NA,PMID:14598172
r2372,0.6586273886503897,0,-28.32569010273721,-137.62605389190912,Mitochondrial Carrier (Mc) Tcdb:2.A.29.7.2,"Transport, mitochondrial",6576.1,NA,PMID:14598172
r2374,3.608214281272552,0,13.812530147632526,-24.404091007343307,Mitochondrial Carrier (Mc) Tcdb:2.A.29.7.2,"Transport, mitochondrial",6576.1,NA,"PMID:14598172,PMID:16919238,PMID:17173541,PMID:18406340,PMID:8132483"
r2376,-2.086347016789882,0,-3.403451546796842,9.669315942234546,Mitochondrial Carrier (Mc) Tcdb:2.A.29.7.2,"Transport, mitochondrial",6576.1,NA,"PMID:14598172,PMID:16919238,PMID:17173541,PMID:18406340,PMID:8132483"
r2379,-0.8258348787551655,0,37.28339504901972,390.8550839132309,Mitochondrial Carrier (Mc) Tcdb:2.A.29.7.2,"Transport, mitochondrial",6576.1,NA,"PMID:14598172,PMID:16919238,PMID:17173541,PMID:18406340,PMID:8132483"
r2380,-1.1025011870308103,0,-1.3710464993257891,28.122863508306818,Mitochondrial Carrier (Mc) Tcdb:2.A.29.7.2,"Transport, mitochondrial",6576.1,NA,"PMID:14598172,PMID:16919238,PMID:17173541,PMID:18406340,PMID:8132483"
r2385,0.35055426107577875,0,11.821937935717218,5.684856535910303,Mitochondrial Carrier (Mc) Tcdb:2.A.29.7.2,"Transport, mitochondrial",6576.1,NA,PMID:14598172
r2387,-0.4789264541638801,0,1.9078588604628268,5.414941829414672,Mitochondrial Carrier (Mc) Tcdb:2.A.29.7.2,"Transport, mitochondrial",6576.1,NA,PMID:14598172
r2388,0.7778516446366419,0,5.037790625613899,0.629488352147516,Mitochondrial Carrier (Mc) Tcdb:2.A.29.7.2,"Transport, mitochondrial",6576.1,NA,PMID:14598172
r2389,0.9203415991500496,0,64.77859491147846,2.687104878756468,Mitochondrial Carrier (Mc) Tcdb:2.A.29.7.2,"Transport, mitochondrial",6576.1,NA,PMID:14598172
r2390,0.8340133985385433,0,11.619987514693662,1.0516620206403722,Mitochondrial Carrier (Mc) Tcdb:2.A.29.7.2,"Transport, mitochondrial",6576.1,NA,PMID:14598172
r2392,-0.8028925874954504,0,1.1958322368162044,10.937980709346876,Mitochondrial Carrier (Mc) Tcdb:2.A.29.7.2,"Transport, mitochondrial",6576.1,NA,PMID:14598172
r2393,-0.9991636557741715,0,0.0055153289441368545,13.18362085161209,Mitochondrial Carrier (Mc) Tcdb:2.A.29.7.2,"Transport, mitochondrial",6576.1,NA,PMID:14598172
r2394,-0.5233628694639338,0,9.689260312934964,30.96749801404476,Mitochondrial Carrier (Mc) Tcdb:2.A.29.7.2,"Transport, mitochondrial",6576.1,NA,PMID:14598172
r2395,0.8952377607717134,0,43.40497089312971,2.399277831268687,Mitochondrial Carrier (Mc) Tcdb:2.A.29.19.1,"Transport, mitochondrial",83884.1,NA,PMID:14598172
r2397,-0.3388264358291669,0,1.6033776530507349,3.2467184183537663,Mitochondrial Carrier (Mc) Tcdb:2.A.29.19.1,"Transport, mitochondrial",83884.1,NA,PMID:14598172
r2401,-0.68289628866503,0,1.1759137901819194,6.2406742102010355,Mitochondrial Carrier (Mc) Tcdb:2.A.29.19.1,"Transport, mitochondrial",83884.1,NA,PMID:14598172
r2402,0.7458967867766638,0,45.89948832738399,6.6803533620268105,Mitochondrial Carrier (Mc) Tcdb:2.A.29.19.1,"Transport, mitochondrial",83884.1,NA,PMID:14598172
r2403,0.679720154192609,0,25.71271428595295,4.902759633049087,Mitochondrial Carrier (Mc) Tcdb:2.A.29.19.1,"Transport, mitochondrial",83884.1,NA,PMID:14598172
r2404,0.936184561114817,0,86.31459899036288,2.8448754976111728,Mitochondrial Carrier (Mc) Tcdb:2.A.29.19.1,"Transport, mitochondrial",83884.1,NA,PMID:14598172
r2406,0.5333332318464473,0,1.1105555479852047,0.3379952626534825,Mitochondrial Carrier (Mc) Tcdb:2.A.29.19.1,"Transport, mitochondrial",83884.1,NA,PMID:14598172
r2407,-0.8704894327728523,0,0.4110085612110658,5.936096080685848,Mitochondrial Carrier (Mc) Tcdb:2.A.29.19.1,"Transport, mitochondrial",83884.1,NA,PMID:14598172
r2408,-0.6951632859163636,0,0.6571507887392712,3.654342928247669,Mitochondrial Carrier (Mc) Tcdb:2.A.29.19.1,"Transport, mitochondrial",83884.1,NA,PMID:14598172
r2410,0.721308151207438,0,3.4978842743496528,0.5663319694368052,Mitochondrial Carrier (Mc) Tcdb:2.A.29.19.1,"Transport, mitochondrial",83884.1,NA,PMID:14598172
r2413,0.6036954147566697,0,1.8910324699854213,0.4673112062323591,Mitochondrial Carrier (Mc) Tcdb:2.A.29.19.1,"Transport, mitochondrial",83884.1,NA,PMID:14598172
r2433,1,0,NA,-181.63483459241343,Mitochondrial Carrier (Mc) Tcdb:2.A.29.8.3,"Transport, mitochondrial",788.1,NA,"PMID:14598172,PMID:1735445,PMID:18406340,PMID:1988962,PMID:2351134,PMID:2355017,PMID:6361812,PMID:7892212,PMID:8132483"
r2436,-1,0,NA,35.30430812646672,Mitochondrial Carrier (Mc) Tcdb:2.A.29.8.3,"Transport, mitochondrial",788.1,NA,"PMID:14598172,PMID:1735445,PMID:18406340,PMID:1988962,PMID:2351134,PMID:2355017,PMID:6361812,PMID:7892212,PMID:8132483"
r2437,-1,0,NA,119.14041006790809,Mitochondrial Carrier (Mc) Tcdb:2.A.29.8.3,"Transport, mitochondrial",788.1,NA,"PMID:14598172,PMID:1735445,PMID:18406340,PMID:1988962,PMID:2351134,PMID:2355017,PMID:6361812,PMID:7892212,PMID:8132483"
r2438,1,0,NA,-9.478053095494914,Mitochondrial Carrier (Mc) Tcdb:2.A.29.8.3,"Transport, mitochondrial",788.1,NA,"PMID:14598172,PMID:1735445,PMID:18406340,PMID:1988962,PMID:2351134,PMID:2355017,PMID:6361812,PMID:7892212,PMID:8132483"
r2439,0.9829116818720816,0,435.01957646354435,3.7489077211260793,"Zinc (Zn2+)-Iron (Fe2+) Permease (Zip), Tcdb:2.A.53.2.2","Transport, extracellular",10861.1,NA,PMID:12759755
r2483,0.37152089848888886,0,29.52202215049891,13.528028611433506,Resistance-Nodulation-Cell Division (Rnd) Tcdb:2.A.60.1.14,"Transport, extracellular",6579.1,NA,PMID:14579113
r2484,0.4402711037715715,0,48.2814186419094,18.76348493975252,Resistance-Nodulation-Cell Division (Rnd) Tcdb:2.A.60.1.14,"Transport, extracellular",6579.1,NA,PMID:14579113
r2488,-0.5572730307251768,0,58.9091930754289,207.21054736830703,Resistance-Nodulation-Cell Division (Rnd) Tcdb:2.A.60.1.14,"Transport, extracellular",6579.1,NA,PMID:14579113
r2489,-0.6578585170305822,0,21.31043012715578,103.26043419601433,Resistance-Nodulation-Cell Division (Rnd) Tcdb:2.A.60.1.14,"Transport, extracellular",6579.1,NA,PMID:14579113
r2490,-0.6639772988431963,0,29.103422029221058,144.11952945012004,Resistance-Nodulation-Cell Division (Rnd) Tcdb:2.A.60.1.14,"Transport, extracellular",6579.1,NA,PMID:14579113
r2491,0.713995552220224,0,197.47165381825567,32.95094390956312,Resistance-Nodulation-Cell Division (Rnd) Tcdb:2.A.60.1.14,"Transport, extracellular",6579.1,NA,PMID:14579113
r2492,0.417725388427366,0,36.610665334462745,15.036382300162316,Resistance-Nodulation-Cell Division (Rnd) Tcdb:2.A.60.1.14,"Transport, extracellular",6579.1,NA,PMID:14579113
r2493,0.36544879740920383,0,65.19333019194902,30.29663664627522,Resistance-Nodulation-Cell Division (Rnd) Tcdb:2.A.60.1.14,"Transport, extracellular",6579.1,NA,PMID:14579113
r2494,-0.5314179541063937,0,51.38176676921677,167.92568309787964,Resistance-Nodulation-Cell Division (Rnd) Tcdb:2.A.60.1.14,"Transport, extracellular",6579.1,NA,PMID:14579113
r2499,0.3793441643222349,0,0.6222311179674213,0.2799818816042491,ATP-Binding Cassette (ABC) Tcdb:3.A.1.203.3,"Transport, peroxisomal",215.1,NA,PMID:18619829
r2501,0.6068584931169241,0,1.210819195599695,0.2962446818808829,ATP-Binding Cassette (ABC) Tcdb:3.A.1.203.3,"Transport, peroxisomal",215.1,NA,PMID:18619829
r2505,0.4934737592079643,0,0.6727132702393208,0.22815728887392617,ATP-Binding Cassette (ABC) Tcdb:3.A.1.208.8,"Transport, endoplasmic reticular",4363.1,NA,PMID:17404808
r2506,1.0732408858629852,0,78.2760212409962,-2.7652383167882917,Utilized Transport,"Transport, endoplasmic reticular",NA,NA,PMID:17466261
r2508,-0.9562683348907971,0,-43.082967891149224,-0.9631040333899064,Utilized Transport,"Transport, endoplasmic reticular",NA,NA,PMID:17466261
r2510,-0.5720155296054809,0,-4.739963647979908,-1.2904648798724447,Utilized Transport,"Transport, endoplasmic reticular",NA,NA,PMID:17466261
r2514,-0.4976243049383442,0,0.6817979811622096,2.032497267848727,Utilized Transport,"Transport, endoplasmic reticular",NA,NA,PMID:17466261
r2518,0.5138593620689932,0,1.178597929041642,0.3784792454600249,ATP-Binding Cassette (ABC) Tcdb:3.A.1.203.1,"Transport, peroxisomal",5825.1,NA,PMID:17173541
r2520,-1.5132820124734054,0,-23.190230033967364,113.55080948314071,Mitochondrial Carrier (Mc) Tcdb:2.A.29.2.1,"Transport, mitochondrial",8402.1,NA,PMID:15845418
r2526,1,0,0,-67.73681717666238,Major Facilitator (Mfs) Tcdb:2.A.1.44.1,"Transport, extracellular",8501.1,NA,"PMID:10049700,PMID:10574970,PMID:11389679,PMID:11557028,PMID:11564694,PMID:12824232,PMID:12930836,PMID:14574404,PMID:16288981,PMID:911815"
r2532,0.9643559681279719,0,-2.7996709697663786,-154.2909174248323,Major Facilitator (Mfs) Tcdb:2.A.1.44.1,"Transport, extracellular",8501.1,NA,"PMID:10049700,PMID:10574970,PMID:11389679,PMID:11557028,PMID:11564694,PMID:12824232,PMID:12930836,PMID:14574404,PMID:16288981,PMID:911815"
r2534,-0.94326670328594,0,-12.353861982839275,-0.3606686185956001,Major Facilitator (Mfs) Tcdb:2.A.1.44.1,"Transport, extracellular",8501.1,NA,"PMID:10049700,PMID:10574970,PMID:11389679,PMID:11557028,PMID:11564694,PMID:12824232,PMID:12930836,PMID:14574404,PMID:16288981,PMID:911815"
r2535,0.4536385116739622,0,-12.578240357474982,-33.46541618212722,Major Facilitator (Mfs) Tcdb:2.A.1.44.1,"Transport, extracellular",8501.1,NA,"PMID:10049700,PMID:10574970,PMID:11389679,PMID:11557028,PMID:11564694,PMID:12824232,PMID:12930836,PMID:14574404,PMID:16288981,PMID:911815"
r2538,0.46405809170227846,0,383.80076383132933,140.4964153674543,Utilized Transport,"Transport, endoplasmic reticular",NA,NA,"PMID:10049700,PMID:10574970,PMID:11389679,PMID:11557028,PMID:11564694,PMID:12824232,PMID:12930836,PMID:14574404,PMID:16288981,PMID:911815"
RE0383C,0.9969915465380387,0,951.0358530212402,1.4327287010458705,Alcohol Dehydrogenase (NADP+),Miscellaneous,10327.1,NA,PMID:1748675
RE0453C,1,0,NA,-402.25566876962483,Nucleoside-Diphosphate Kinase,Pyrimidine synthesis,NA,NA,PMID:3026468
RE0453N,-1.21754823564376,0,-2.973958758710325,0.29175441166758537,Nucleoside-Diphosphate Kinase,Pyrimidine synthesis,4830.1 or 4831.1,NA,PMID:3026468
RE0456N,-0.728500919474905,0,97.25525054247585,619.1762773608864,Ribonucleoside-Diphosphate Reductase,Pyrimidine synthesis,50484.1,NA,"PMID:6997299,PMID:8483833"
RE0512M,0.4572389479552774,0,4.304456693970604,1.6032315407014044,3-Hydroxyacyl Coenzyme A Dehydrogenase,Fatty acid oxidation,3030.1 or 3295.1 or 1962.1 or 3033.1 or 3028.1 or 3032.1,NA,PMID:7846063
RE0512X,1.2052675702203384,0,0.8182443974525421,-0.07616265780152318,3-Hydroxyacyl Coenzyme A Dehydrogenase,Fatty acid oxidation,3295.1 or 1962.1,NA,PMID:7846063
RE0565C,0.5995710273998411,0,2.133975758888677,0.5342093011489877,RE0565C,Fatty acid synthesis,6785.1 or 79071.1 or 60481.1 or 54898.1,NA,PMID:10479480
RE0566C,0.5995710273998411,0,2.133975758888677,0.5342093011489877,RE0566C,Fatty acid synthesis,NA,NA,PMID:10479480
RE0567C,0.5995710273998411,0,2.133975758888677,0.5342093011489877,RE0567C,Fatty acid synthesis,NA,NA,PMID:10479480
RE0568C,0.5995710273998411,0,2.133975758888677,0.5342093011489877,RE0568C,Fatty acid synthesis,9045.1,NA,PMID:10479480
RE0569C,0.49223119745795463,0,1.7607377572152185,0.5991348419030281,RE0569C,Fatty acid synthesis,6785.1 or 79071.1 or 60481.1 or 54898.1,NA,PMID:10479480
RE0570C,0.49223119745795463,0,1.7607377572152185,0.5991348419030281,RE0570C,Fatty acid synthesis,NA,NA,PMID:10479480
RE0571C,0.49223119745795463,0,1.7607377572152185,0.5991348419030281,RE0571C,Fatty acid synthesis,NA,NA,PMID:10479480
RE0578C,0.5994577583392073,0,-72.65705460668504,-290.13641409425736,Palmitoyl Coenzyme A Hydrolase,Fatty acid synthesis,641372.1 or 641371.1 or 570.1,NA,"PMID:10092594,PMID:10578051,PMID:16103133,PMID:16940157,PMID:9153233"
RE0581C,0.7737919024232426,0,4.410455546854504,0.5624564850802655,RE0581C,Fatty acid synthesis,NA,NA,PMID:10479480
RE0583C,9.693494074061393,0,42.11988939262945,-34.24222300951576,RE0583C,Fatty acid synthesis,NA,NA,PMID:10479480
RE0688E,0.853142659720249,0,24.78794756948133,1.9643884576039539,RE0688E,Urea cycle,26.1,NA,"PMID:10047787,PMID:7040832"
RE0689E,0.6724340488635212,0,4.427400606531948,0.8671586731484975,RE0689E,Urea cycle,26.1,NA,"PMID:10047787,PMID:7040832"
RE0690E,0.6724340488635212,0,4.427400606531948,0.8671586731484975,RE0690E,Urea cycle,26.1,NA,"PMID:10047787,PMID:7040832"
RE0827E,0.853142659720249,0,24.78794756948133,1.9643884576039539,RE0827E,Urea cycle,26.1,NA,"PMID:10047787,PMID:7040832"
RE0828E,0.8630774016101826,0,3.403362356058942,0.250122306593885,RE0828E,Urea cycle,26.1,NA,"PMID:10047787,PMID:7040832"
RE0908C,0.38879828053150317,0,0.09992108789744379,0.043974666148569666,Steryl-Sulfatase,Tyrosine metabolism,NA,NA,"PMID:11861502,PMID:2765556,PMID:3988241,PMID:7263841,PMID:8767510"
RE0912C,0.38879828053150317,0,0.09992108789744379,0.043974666148569666,RE0912C,Tyrosine metabolism,25830.1 or 6818.1,NA,"PMID:10199779,PMID:11397879,PMID:12039030,PMID:8767510,PMID:9463486"
RE0938E,1.1689878493250814,0,47.57878508738978,-610.681816191864,RE0938E,Miscellaneous,59272.1,NA,"PMID:10969042,PMID:11384769,PMID:11815627"
RE1099C,0.8479791769008418,0,1.235392861103634,0.10162746525680996,Steryl-Sulfatase,Steroid metabolism,412.1,NA,"PMID:10049998,PMID:1606923"
RE1100C,3.5293556478701658,0,50.24259156374372,-89.97017325519174,Steryl-Sulfatase,Steroid metabolism,412.1,NA,"PMID:10049998,PMID:1606923"
RE1100R,-0.41506195666851686,0,-49.944892954130445,-20.645504475132377,Steryl-Sulfatase,Steroid metabolism,412.1,NA,"PMID:10049998,PMID:1606923"
RE1135C,-0.9293877291961687,0,2.9914030926515354,81.73616786911488,Steryl-Sulfatase,Steroid metabolism,412.1,NA,"PMID:10049998,PMID:1606923"
RE1135R,0.9293151153758898,0,-2.9914030926515354,-81.64912814848424,Steryl-Sulfatase,Steroid metabolism,412.1,NA,"PMID:10049998,PMID:1606923"
RE1233C,0.9934484423580655,0,704.1806909286499,2.3143213985002706,Kynurenine-Oxoglutarate Transaminase,Tryptophan metabolism,883.1,NA,PMID:10756023
RE1234C,-0.6931913633779762,0,56.5715882981658,312.202830316782,Diamine N-Acetyltransferase,Urea cycle,NA,NA,PMID:10978316
RE1303C,0.6010072039413937,0,3.3836797279994206,0.8432590636180132,RE1303C,Vitamin D metabolism,NA,NA,PMID:7937829
RE1441R,0.752521545820991,0,2.0028991062704877,0.28283496763752153,1-Phosphatidylinositol-4-Phosphate 5-Kinase,Phosphatidylinositol phosphate metabolism,5305.1 or 8396.1 or 79837.1,NA,"PMID:10231032,PMID:10358929,PMID:11493657,PMID:9211928"
RE1448N,-0.7279187786160856,0,-7.024161559335515,-1.1060372049388854,"Phosphatidylinositol-3,4,5-Trisphosphate 3-Phosphatase",Phosphatidylinositol phosphate metabolism,NA,NA,"PMID:7556092,PMID:9367831"
RE1448R,0.752521545820991,0,2.0028991062704877,0.28283496763752153,"Phosphatidylinositol-3,4,5-Trisphosphate 3-Phosphatase",Phosphatidylinositol phosphate metabolism,93492.1,NA,"PMID:7556092,PMID:9367831"
RE1516M,0.4572389479552774,0,4.304456693970604,1.6032315407014044,RE1516M,Fatty acid oxidation,33.1 or 51.1,NA,"PMID:10407780,PMID:11356167,PMID:8973539"
RE1516X,1.2052675702203384,0,0.8182443974525421,-0.07616265780152318,RE1516X,Fatty acid oxidation,51.1 or 8310.1,NA,"PMID:10407780,PMID:11356167,PMID:8973539"
RE1517M,0.4572389479552774,0,4.304456693970604,1.6032315407014044,RE1517M,Fatty acid oxidation,33.1 or 51.1,NA,"PMID:10407780,PMID:11356167,PMID:8973539"
RE1517X,1.2052675702203384,0,0.8182443974525421,-0.07616265780152318,RE1517X,Fatty acid oxidation,51.1 or 8310.1,NA,"PMID:10407780,PMID:11356167,PMID:8973539"
RE1519X,-0.4025444000394826,0,-6.402454786631946,-2.727316486850323,RE1519X,Fatty acid oxidation,51.1 or 8310.1,NA,"PMID:10407780,PMID:11356167,PMID:8973539"
RE1520M,0.5728056400325188,0,13.70831595729366,3.723355965004675,Enoyl Coenzyme A Hydratase,Fatty acid oxidation,1892.1 or 3030.1 or 1962.1 or 3032.1,NA,"PMID:10407780,PMID:7923814,PMID:9568246,PMID:9920399"
RE1521M,0.7824867559103499,0,9.399171993387116,1.146961897618184,Enoyl Coenzyme A Hydratase,Fatty acid oxidation,1892.1 or 3030.1 or 1962.1 or 3032.1,NA,"PMID:10407780,PMID:7923814,PMID:9568246,PMID:9920399"
RE1522M,0.5728056400325188,0,13.70831595729366,3.723355965004675,Enoyl Coenzyme A Hydratase,Fatty acid oxidation,1892.1 or 3030.1 or 1962.1 or 3032.1,NA,"PMID:10407780,PMID:7775433,PMID:7923814,PMID:9568246,PMID:9920399"
RE1523M,0.4572389479552774,0,4.304456693970604,1.6032315407014044,Enoyl Coenzyme A Hydratase,Fatty acid oxidation,1892.1 or 3030.1 or 1962.1 or 3032.1,NA,"PMID:10407780,PMID:7923814,PMID:9568246,PMID:9920399"
RE1523X,1.2052675702203384,0,0.8182443974525421,-0.07616265780152318,Enoyl Coenzyme A Hydratase,Fatty acid oxidation,1962.1,NA,"PMID:10407780,PMID:7923814,PMID:9568246,PMID:9920399"
RE1525M,0.5728056400325188,0,13.70831595729366,3.723355965004675,3-Hydroxyacyl Coenzyme A Dehydrogenase,Fatty acid oxidation,3295.1 or 1962.1 or 3033.1 or 3028.1,NA,"PMID:10407780,PMID:7775433"
RE1526M,0.7824867559103499,0,9.399171993387116,1.146961897618184,3-Hydroxyacyl Coenzyme A Dehydrogenase,Fatty acid oxidation,3295.1 or 1962.1 or 3033.1 or 3028.1,NA,PMID:11451959
RE1527M,0.5728056400325188,0,13.70831595729366,3.723355965004675,3-Hydroxyacyl Coenzyme A Dehydrogenase,Fatty acid oxidation,3295.1 or 1962.1 or 3033.1 or 3028.1,NA,PMID:11451959
RE1531M,0.4572389479552774,0,4.304456693970604,1.6032315407014044,Acetyl Coenzyme A C-Acyltransferase,Fatty acid oxidation,10449.1 or 3032.1 or 3030.1,NA,"PMID:10407780,PMID:7923814,PMID:9568246,PMID:9920399"
RE1531X,1.2052675702203384,0,0.8182443974525421,-0.07616265780152318,Acetyl Coenzyme A C-Acyltransferase,Fatty acid oxidation,30.1,NA,"PMID:10407780,PMID:7923814,PMID:9568246,PMID:9920399"
RE1532M,0.5728056400325188,0,13.70831595729366,3.723355965004675,Acetyl Coenzyme A C-Acyltransferase,Fatty acid oxidation,10449.1 or 3032.1 or 3030.1,NA,"PMID:10407780,PMID:7775433,PMID:7923814,PMID:9568246,PMID:9920399"
RE1533M,0.7824867559103499,0,9.399171993387116,1.146961897618184,Acetyl Coenzyme A C-Acyltransferase,Fatty acid oxidation,10449.1 or 3032.1 or 3030.1,NA,"PMID:10407780,PMID:7923814,PMID:9568246,PMID:9920399"
RE1534M,0.5728056400325188,0,13.70831595729366,3.723355965004675,Acetyl Coenzyme A C-Acyltransferase,Fatty acid oxidation,10449.1 or 3032.1 or 3030.1,NA,"PMID:10407780,PMID:7923814,PMID:9568246,PMID:9920399"
RE1573M,0.7824867559102864,0,9.399171993387093,1.1469618976185563,Dodecenoyl Coenzyme A Isomerase,Fatty acid oxidation,1632.1 or 10455.1 or 1962.1,NA,PMID:10407780
RE1691M,-0.6484042043216207,0,31.717054710002245,148.7006584700227,Thiosulfate Sulfurtransferase,Miscellaneous,7263.1,NA,"PMID:1953758,PMID:9070219"
RE1804M,0.33252888073630077,0,-152.45787657083272,-304.3645152024984,RE1804M,Bile acid synthesis,1593.1,NA,PMID:9660774
RE1810M,-0.5143911544290793,0,-6.809743748274026,-2.1836312174444945,3Alpha-Hydroxysteroid 3-Dehydrogenase (Si-Specific),Bile acid synthesis,NA,NA,PMID:11454857
RE1834M,0.44116728411473577,0,39.56914996762425,15.343489812330715,Palmitoyl Coenzyme A Hydrolase,Bile acid synthesis,10965.1 or 11332.1,NA,"PMID:10817395,PMID:10944470,PMID:11454857,PMID:11673457"
RE1834X,1,0,9.063410484314396,NA,Palmitoyl Coenzyme A Hydrolase,Bile acid synthesis,10005.1 or 122970.1 or 570.1,NA,"PMID:10817395,PMID:10944470,PMID:11454857,PMID:11673457"
RE1835C,1,0,8.062659560541395,NA,Palmitoyl Coenzyme A Hydrolase,Bile acid synthesis,641372.1 or 641371.1 or 570.1,NA,"PMID:10817395,PMID:10944470,PMID:11454857,PMID:11673457"
RE1836X,0.48514365039687574,0,12.029211876096577,4.170179843191997,Propionyl Coenzyme A C2-Trimethyltridecanoyltransferase,Bile acid synthesis,6342.1,NA,PMID:10706581
RE1845C,-0.9749069202896999,0,4.1050277697920805,323.0790259362221,Bile Acid-CoA:Amino Acid N-Acyltransferase,Bile acid synthesis,570.1,NA,PMID:11980911
RE1845X,0.9933600856227207,0,-2.7405917602330447,-822.7494987779618,Bile Acid-CoA:Amino Acid N-Acyltransferase,Bile acid synthesis,570.1,NA,PMID:11980911
RE2080C,-0.39330642058836324,1.2227228594809393e-16,0.8560718626600956,1.9660178765796126,RE2080C,Eicosanoid metabolism,NA,NA,"PMID:10200320,PMID:11786541,PMID:8521498"
RE2111M,0.9915586515908212,0,110.40369197918773,0.467953092373925,Glycine N-Acyltransferase,"Glycine, serine, alanine, and threonine metabolism",10249.1,NA,"PMID:11406611,PMID:657530"
RE2112R,0.46449843357343207,0,10.009058581640524,3.6598649927166553,RE2112R,Bile acid synthesis,1581.1,NA,"PMID:11344576,PMID:12393855"
RE2147C,0.5400234324040766,0,30.807110134076886,9.201515041171245,Glucuronosyltransferase,Vitamin A metabolism,54658.1,NA,PMID:10702251
RE2269E,1.1611430575279478,0,62.640888884234805,-840.0977628593445,Chymase,Miscellaneous,1215.1,NA,PMID:1800960
RE2270E,-1.1297949373913667,0,-47.79402612571269,784.2484223646164,Carboxypeptidase A,Miscellaneous,1357.1 or 1358.1 or 57094.1 or 93979.1,NA,PMID:1800960
RE2273E,0.953885113981461,0,-15.015339649146748,-636.1990921987533,Carboxypeptidase A,Miscellaneous,1357.1 or 1358.1 or 57094.1 or 93979.1,NA,PMID:1309362
RE2296C,0.6239817252345816,0,0.6074264749251028,0.14064410430184143,Glutathione Transferase,Tyrosine metabolism,NA,NA,"PMID:10903891,PMID:9164836"
RE2346C,0.5277797249780527,2.107266554640715e-12,2.7421783071091625,0.8475778105779673,RE2346C,Linoleate metabolism,NA,NA,"PMID:11408659,PMID:11686005"
RE2349C,-1,0,0,308.76563443888426,Kynurenine-Oxoglutarate Transaminase,Tryptophan metabolism,883.1,NA,"PMID:10559215,PMID:8908429"
RE2407C,0.6832348060914873,0,0.7053917982895637,0.1327465241082494,RE2407C,Cholesterol metabolism,NA,NA,PMID:0
RE2428M,0.9022741056669034,0,169.05694456477164,8.684995002348,Glycine N-Acyltransferase,"Glycine, serine, alanine, and threonine metabolism",10249.1,NA,PMID:3707752
RE2429M,0.9637334005609007,0,55.12006475676894,1.017967769464005,Glycine N-Acyltransferase,"Glycine, serine, alanine, and threonine metabolism",10249.1,NA,PMID:3707752
RE2541E,-1.365730512107359,0,-509.4867981871128,78.7641984829992,Beta-Glucuronidase,Miscellaneous,9365.1,NA,PMID:10191290
RE2562C,0.5252460290736312,0,12.365262062235626,3.848859235619192,Catechol O-Methyltransferase,Tryptophan metabolism,NA,NA,"PMID:11821057,PMID:7743212"
RE2624X,-0.41418639969357957,0,-0.5938230250928637,-0.24598568077721247,Alpha-Methylacyl Coenzyme A Racemase,Fatty acid oxidation,23600.1,NA,"PMID:10709654,PMID:11060344,PMID:11864182"
RE2625M,0.6172077076537845,0,-4.385684324882623,-18.52848825681609,RE2625M,Bile acid synthesis,1593.1,NA,PMID:9660774
RE2626C,-1,0,NA,650.930407948494,RE2626C,Bile acid synthesis,NA,NA,"PMID:9210654,PMID:9660774"
RE2636R,0.3485901388556441,0,0.33215506447278675,0.16044095102920902,RE2636R,Bile acid synthesis,1582.1,NA,PMID:11980911
RE2637X,0.6947269804063161,0,0.8094943751197017,0.1458151047891186,Bile Acid-CoA:Amino Acid N-Acyltransferase,Bile acid synthesis,570.1,NA,PMID:11980911
RE2638C,0.7598019958488954,0,0.874180763422529,0.11931823872042586,Bile Acid-CoA:Amino Acid N-Acyltransferase,Bile acid synthesis,570.1,NA,PMID:11980911
RE2649C,1,0,0.9809192917653592,NA,Palmitoyl Coenzyme A Hydrolase,Bile acid synthesis,641372.1 or 641371.1 or 570.1,NA,PMID:11013297
RE2649M,0.8771232903827595,0,8.517638478193554,0.5575656086480129,Palmitoyl Coenzyme A Hydrolase,Bile acid synthesis,10965.1 or 11332.1,NA,PMID:11013297
RE2659R,0.3828691172115518,0,0.6572285622486078,0.2933003837934561,RE2659R,Vitamin A metabolism,NA,NA,PMID:9647871
RE2666C,0.9456478070367951,0,18.334569014671445,0.5121810994664622,RE2666C,Glycosphingolipid metabolism,NA,NA,PMID:7930586
RE2677C,0.8078403641727284,0,18.573651852748544,1.974237464069412,N-Acylsphingosine Galactosyltransferase,Glycosphingolipid metabolism,NA,NA,"PMID:423891,PMID:9125199"
RE2677R,0.41896922329451497,0,0.22625139504161307,0.09264402753324757,N-Acylsphingosine Galactosyltransferase,Glycosphingolipid metabolism,7368.1 or 9331.1,NA,"PMID:423891,PMID:9125199"
RE2717L,0.8783288050989071,0,14.029426389630878,0.9087743679219311,Galactosylceramidase,Glycosphingolipid metabolism,2581.1,NA,PMID:8281145
RE2759X,-0.512734979613151,0,0.22271017136578922,0.6914131990701814,Alpha-Methylacyl Coenzyme A Racemase,Fatty acid oxidation,23600.1,NA,"PMID:11060344,PMID:11060359"
RE2766C,-0.4271715096539864,0,145.15742889899016,361.6519611552954,17Beta-Estradiol 17-Dehydrogenase,Steroid metabolism,50700.1,NA,PMID:10049998
RE2888C,-1.2833395133606789,0,-22.320599388261687,2.769762329072322,Peroxidase,Purine catabolism,7173.1 or 9588.1,NA,PMID:10600166
RE2973N,0.7278369458928708,0,7.021717008926788,1.1060372049388854,Phosphatidylinositol 3-Kinase,Phosphatidylinositol phosphate metabolism,5286.1 or 5287.1 or 5288.1,NA,"PMID:10358929,PMID:11493657,PMID:9043658,PMID:9211928"
RE2992M,0.6320500829165734,0,9.403859268324823,2.1201244215868877,Dodecenoyl Coenzyme A Isomerase,Fatty acid oxidation,1632.1 or 10455.1 or 1962.1,NA,"PMID:10407780,PMID:7775433"
RE3011R,1,0,NA,-20.229168286696076,Alcohol Dehydrogenase,Eicosanoid metabolism,NA,NA,"PMID:11368003,PMID:9799565,PMID:9862787"
RE3012C,0.9292334818673176,0,1.2986412539987424,0.04763566499996689,Aldehyde Dehydrogenase (NAD+),Eicosanoid metabolism,223.1 or 218.1,NA,"PMID:11368003,PMID:9799565,PMID:9862787"
RE3012R,0.9124022077144144,0,-0.9265992658552634,-20.229168286696076,Aldehyde Dehydrogenase (NAD+),Eicosanoid metabolism,224.1 or 218.1,NA,"PMID:11368003,PMID:9799565,PMID:9862787"
RE3033C,1,0,7.817557694619522,NA,Arachidonate 5-Lipoxygenase,Arachidonic acid metabolism,NA,NA,"PMID:11323741,PMID:9870464"
RE3051C,0.930387673548669,0,14.850643734380602,0.5355338069216348,RE3051C,Heme synthesis,NA,NA,PMID:11281297
RE3079X,1,0,0.3279911863212532,NA,RE3079X,Fatty acid oxidation,11001.1,NA,PMID:11356164
RE3106C,0.4172106238551405,0,3.549007081240695,1.4594327674341272,RE3106C,Fatty acid oxidation,NA,NA,PMID:10970790
RE3110C,0.4172106238551405,0,3.549007081240695,1.4594327674341272,RE3110C,Fatty acid oxidation,6785.1 or 79071.1 or 60481.1 or 54898.1,NA,PMID:10970790
RE3112C,0.4172106238551405,0,3.549007081240695,1.4594327674341272,RE3112C,Fatty acid oxidation,NA,NA,PMID:10970790
RE3113C,0.4172106238551405,0,3.549007081240695,1.4594327674341272,RE3113C,Fatty acid oxidation,NA,NA,PMID:10970790
RE3114R,0.41415797594879566,0,0.435061111795764,0.18023239740906175,Long-Chain-Fatty-Acid- Coenzyme A Ligase,Fatty acid oxidation,11001.1 or 2182.1 or 2181.1 or 2180.1 or 51703.1 or 23305.1,NA,"PMID:10479480,PMID:9784915"
RE3132R,0.7211103039036061,0,1.8171435867797199,0.29445098407178594,Long-Chain-Fatty-Acid- Coenzyme A Ligase,Fatty acid oxidation,11001.1 or 2182.1 or 2181.1 or 2180.1 or 51703.1 or 23305.1,NA,"PMID:10479480,PMID:9784915"
RE3134C,1,0,NA,-0.059708683358285365,Delta14-Sterol Reductase,Cholesterol metabolism,7108.1,NA,PMID:11111101
RE3136C,0.6832348060914873,0,0.7053917982895637,0.1327465241082494,Cholestenol Delta-Isomerase,Cholesterol metabolism,10682.1,NA,PMID:11111101
RE3146R,0.485977660134584,0,0.34667081239649306,0.11991872215289623,Long-Chain-Fatty-Acid- Coenzyme A Ligase,Fatty acid oxidation,11001.1 or 2182.1 or 2181.1 or 2180.1 or 51703.1 or 23305.1,NA,PMID:9784915
RE3156X,0.3853070979313855,0,0.7363256322383791,0.3267247676879619,3-Hydroxyacyl Coenzyme A Dehydrogenase,Fatty acid oxidation,3295.1 or 1962.1,NA,PMID:11734209
RE3157X,0.3853070979313855,0,0.7363256322383791,0.3267247676879619,Acyl Coenzyme A Oxidase,Fatty acid oxidation,8310.1 or 8309.1 or 51.1,NA,PMID:11734209
RE3158X,0.3853070979313855,0,0.7363256322383791,0.3267247676879619,Acetyl Coenzyme A C-Acyltransferase,Fatty acid oxidation,30.1,NA,PMID:11734209
RE3159X,0.3853070979313855,0,0.7363256322383791,0.3267247676879619,Enoyl Coenzyme A Hydratase,Fatty acid oxidation,1962.1,NA,PMID:11734209
RE3160R,0.4423893000745599,0,0.39941714226080804,0.15440995870307378,Long-Chain-Fatty-Acid- Coenzyme A Ligase,Fatty acid oxidation,11001.1 or 2182.1 or 2181.1 or 2180.1 or 51703.1 or 23305.1,NA,"PMID:10479480,PMID:9784915"
RE3161C,0.7244238985237628,0,1.2590563529451422,0.20120681555187256,RE3161C,Fatty acid oxidation,6785.1 or 79071.1 or 60481.1 or 54898.1,NA,PMID:10970790
RE3162C,0.7244238985237628,0,1.2590563529451422,0.20120681555187256,RE3162C,Fatty acid oxidation,NA,NA,PMID:10970790
RE3163C,0.7244238985237628,0,1.2590563529451422,0.20120681555187256,RE3163C,Fatty acid oxidation,NA,NA,PMID:10970790
RE3169C,0.47516038329367527,0,0.4893759656355321,0.17411252168796054,RE3169C,Fatty acid oxidation,NA,NA,PMID:10970790
RE3170C,0.47516038329367527,0,0.4893759656355321,0.17411252168796054,RE3170C,Fatty acid oxidation,6785.1 or 79071.1 or 60481.1 or 54898.1,NA,PMID:10970790
RE3171C,0.47516038329367527,0,0.4893759656355321,0.17411252168796054,RE3171C,Fatty acid oxidation,NA,NA,PMID:10970790
RE3172C,0.47516038329367527,0,0.4893759656355321,0.17411252168796054,RE3172C,Fatty acid oxidation,NA,NA,PMID:10970790
RE3174C,0.3422685353003157,0,0.14944931203681044,0.07323237662152206,RE3174C,Fatty acid oxidation,6785.1 or 79071.1 or 60481.1 or 54898.1,NA,PMID:10970790
RE3175C,0.3422685353003157,0,0.14944931203681044,0.07323237662152206,RE3175C,Fatty acid oxidation,NA,NA,PMID:10970790
RE3177M,0.4204729837360752,0,1.7481431998844792,0.7132104758279274,3-Hydroxyacyl Coenzyme A Dehydrogenase,Fatty acid oxidation,3030.1 or 3295.1 or 1962.1 or 3033.1 or 3028.1 or 3032.1,NA,"PMID:10407780,PMID:9469587,PMID:9819701"
RE3178M,0.4204729837360752,0,1.7481431998844792,0.7132104758279274,3-Hydroxyacyl Coenzyme A Dehydrogenase,Fatty acid oxidation,3030.1 or 3295.1 or 1962.1 or 3033.1 or 3028.1 or 3032.1,NA,"PMID:10407780,PMID:9469587,PMID:9819701"
RE3179M,0.4204729837360752,0,1.7481431998844792,0.7132104758279274,3-Hydroxyacyl Coenzyme A Dehydrogenase,Fatty acid oxidation,3030.1 or 3295.1 or 1962.1 or 3033.1 or 3028.1 or 3032.1,NA,"PMID:10407780,PMID:9469587,PMID:9819701"
RE3180C,1,0,NA,-0.019902894434045446,RE3180C,Cholesterol metabolism,NA,NA,PMID:11111101
RE3181C,-1,0,NA,0.019902894434045446,RE3181C,Cholesterol metabolism,NA,NA,PMID:11111101
RE3185M,0.4204729837360752,0,1.7481431998844792,0.7132104758279274,RE3185M,Fatty acid oxidation,34.1 or 33.1 or 36.1,NA,"PMID:10407780,PMID:9469587,PMID:9819701"
RE3186M,0.4204729837360752,0,1.7481431998844792,0.7132104758279274,RE3186M,Fatty acid oxidation,34.1 or 33.1 or 36.1,NA,"PMID:10407780,PMID:9469587,PMID:9819701"
RE3189M,0.4204729837360752,0,1.7481431998844792,0.7132104758279274,Acetyl Coenzyme A C-Acyltransferase,Fatty acid oxidation,10449.1 or 3032.1 or 3030.1,NA,"PMID:10407780,PMID:9469587,PMID:9819701"
RE3190M,0.4204729837360752,0,1.7481431998844792,0.7132104758279274,Acetyl Coenzyme A C-Acyltransferase,Fatty acid oxidation,10449.1 or 3032.1 or 3030.1,NA,"PMID:10407780,PMID:9469587,PMID:9819701"
RE3191M,0.4204729837360752,0,1.7481431998844792,0.7132104758279274,Acetyl Coenzyme A C-Acyltransferase,Fatty acid oxidation,10449.1 or 3032.1 or 3030.1,NA,"PMID:10407780,PMID:9469587,PMID:9819701"
RE3192M,0.4204729837360752,0,1.7481431998844792,0.7132104758279274,Enoyl Coenzyme A Hydratase,Fatty acid oxidation,1892.1 or 3030.1 or 1962.1 or 3032.1,NA,"PMID:10407780,PMID:9469587,PMID:9819701"
RE3193M,0.4204729837360752,0,1.7481431998844792,0.7132104758279274,Enoyl Coenzyme A Hydratase,Fatty acid oxidation,1892.1 or 3030.1 or 1962.1 or 3032.1,NA,"PMID:10407780,PMID:9469587,PMID:9819701"
RE3194M,0.4204729837360752,0,1.7481431998844792,0.7132104758279274,Enoyl Coenzyme A Hydratase,Fatty acid oxidation,1892.1 or 3030.1 or 1962.1 or 3032.1,NA,"PMID:10407780,PMID:9469587,PMID:9819701"
RE3195M,-0.4204729837360752,0,-1.7481431998844792,-0.7132104758279274,Alpha-Methylacyl Coenzyme A Racemase,Fatty acid oxidation,23600.1,NA,"PMID:10407780,PMID:9469587,PMID:9819701"
RE3218C,-1.0010954877757459,0,-0.20507614269538654,374.606593413353,Steryl-Sulfatase,Androgen and estrogen synthesis and metabolism,412.1,NA,PMID:11886493
RE3225C,0.5374114412341072,0,2.4411231028667295,0.7345044973899683,RE3225C,Fatty acid synthesis,6785.1 or 79071.1 or 60481.1 or 54898.1,NA,PMID:10970790
RE3226C,0.647717706760975,0,1.498005643407216,0.32027383160302997,RE3226C,Fatty acid synthesis,6785.1 or 79071.1 or 60481.1 or 54898.1,NA,PMID:10970790
RE3230C,0.5374114412341072,0,2.4411231028667295,0.7345044973899683,RE3230C,Fatty acid synthesis,NA,NA,PMID:10970790
RE3231C,0.5374114412341072,0,2.4411231028667295,0.7345044973899683,RE3231C,Fatty acid synthesis,NA,NA,PMID:10970790
RE3232C,0.5374114412341072,0,2.4411231028667295,0.7345044973899683,RE3232C,Fatty acid synthesis,NA,NA,PMID:10970790
RE3234C,0.647717706760975,0,1.498005643407216,0.32027383160302997,RE3234C,Fatty acid synthesis,NA,NA,PMID:10970790
RE3235C,0.647717706760975,0,1.498005643407216,0.32027383160302997,RE3235C,Fatty acid synthesis,NA,NA,PMID:10970790
RE3236C,0.647717706760975,0,1.498005643407216,0.32027383160302997,RE3236C,Fatty acid synthesis,NA,NA,PMID:10970790
RE3245C,1,0,NA,-53.522373512578014,RE3245C,Fatty acid synthesis,NA,NA,PMID:0
RE3247X,0.41418639969357957,0,0.5938230250928637,0.24598568077721247,Acyl Coenzyme A Oxidase,Fatty acid oxidation,8310.1 or 8309.1 or 51.1,NA,PMID:10709654
RE3251M,-0.5423401751774551,0,6.217952074474086,20.954859420985727,RE3251M,Bile acid synthesis,1593.1,NA,"PMID:9210654,PMID:9660774"
RE3269C,0.5790391689860235,0,0.8972922337779149,0.23921185225322406,"Phosphatidylinositol-3,4-Bisphosphate 4-Phosphatase",Phosphatidylinositol phosphate metabolism,8897.1 or 8897.3 or 8897.2 or 8898.1,NA,PMID:7556092
RE3273C,0.8273014027751721,0,-18.863918320426343,-199.59666704111322,Phospholipase D,Phosphatidylinositol phosphate metabolism,5338.1,NA,PMID:3135804
RE3273R,0.7564364023654493,0,-31.559875026598572,-227.59112564101218,Phospholipase D,Phosphatidylinositol phosphate metabolism,5337.1,NA,PMID:3135804
RE3301C,-0.913119985037712,0,1.211615283368753,26.680076123329997,Phospholipase D,Glycerophospholipid metabolism,5338.1,NA,PMID:11182251
RE3346C,-1.0418224605236468,0,-13.167494110635575,642.8527850174487,Aldehyde Dehydrogenase (NAD+),Bile acid synthesis,223.1 or 218.1,NA,PMID:1591235
RE3367E,0.8630774016101826,0,3.403362356058942,0.250122306593885,RE3367E,Urea cycle,26.1,NA,"PMID:10047787,PMID:7040832"
RE3381E,-2.478007819504808,0,-257.38506557898523,109.37788506860258,Beta-Glucuronidase,Miscellaneous,9365.1,NA,"PMID:10191290,PMID:10690708,PMID:11087858,PMID:11818531"
RE3411C,0.5277797249780527,2.107266554640715e-12,2.7421783071091625,0.8475778105779673,RE3411C,Linoleate metabolism,NA,NA,"PMID:11408659,PMID:11686005"
RE3413C,-0.5277797249780527,2.107266554640715e-12,-2.7421783071091625,-0.8475778105779673,RE3413C,Linoleate metabolism,NA,NA,"PMID:11408659,PMID:11686005"
RE3417C,0.5277797249780527,2.107266554640715e-12,2.7421783071091625,0.8475778105779673,RE3417C,Linoleate metabolism,NA,NA,"PMID:11408659,PMID:11686005"
RE3420C,-0.5277797249780527,2.107266554640715e-12,-2.7421783071091625,-0.8475778105779673,RE3420C,Linoleate metabolism,NA,NA,"PMID:11408659,PMID:11686005"
RE3470C,0.6855676387809313,0,-1.8298376680014088,-9.809153057425474,Carbonyl Reductase (NADPH),Arachidonic acid metabolism,874.1 or 873.1,NA,"PMID:1326548,PMID:7929234"
RE3476C,-0.59162250420217,0,2.7403159954695964,10.680188433237747,Carbonyl Reductase (NADPH),Arachidonic acid metabolism,874.1 or 873.1,NA,"PMID:1326548,PMID:7929234"
RE3488R,0.8486270434975499,0,2.306718493760519,0.1888833117786588,Prostaglandin-Endoperoxide Synthase,Eicosanoid metabolism,5742.1 or 5743.1,NA,PMID:11034610
RE3526C,-0.6855676387809313,0,0.9149188340007044,4.904576528712737,Arachidonate 12-Lipoxygenase,Arachidonic acid metabolism,239.1,NA,"PMID:1326548,PMID:7929234"
RE3570C,0.49537326390926006,0,1.1474976278313596,0.3872330718890953,RE3570C,Eicosanoid metabolism,NA,NA,"PMID:10617998,PMID:1329675"
RE3587C,0.6485162997266194,0,12.628449405676,2.6925388159997348,Prostaglandin-E Synthase,Eicosanoid metabolism,NA,NA,"PMID:9115911,PMID:9732298"
RE3626M,0.5146173654177981,0,18.396058603795616,5.89530240106276,Acyl Coenzyme A Oxidase,Fatty acid oxidation,51.1,NA,"PMID:11356164,PMID:7775433"
RE3628M,-0.43792924006860573,0,-38.630198263472316,-15.100120568668842,Dodecenoyl Coenzyme A Isomerase,Fatty acid oxidation,1632.1 or 10455.1 or 1962.1,NA,"PMID:11356164,PMID:7775433"
EX_prostgi2[e],1,0,NA,-662.5259981292248,Exchange of Prostaglandin I2,Exchange/demand reaction,NA,NA,NA
EX_HC00955[e],-0.7779222506224273,0,-291.1957484847784,-36.372848379156,Exchange of L-3-Cyanoalanine,Exchange/demand reaction,NA,NA,NA
EX_HC02192[e],1,0,398.70460690817384,NA,Exchange of Taurolithocholate,Exchange/demand reaction,NA,NA,NA
EX_HC02193[e],0.9995088989500674,0,485.8020160237007,0.11931823872042586,Exchange of Glycolithocholate,Exchange/demand reaction,NA,NA,NA
EX_HC02194[e],-0.7907386912050602,0,-7.688845478334464,-0.89849952749699,Ursodeoxycholic acid exchange,Exchange/demand reaction,NA,NA,NA
EX_HC02187[e],0.719500533420462,0,271.41466594654173,44.2754553081911,Exchange of Reverse-Triiodthyronine,Exchange/demand reaction,NA,NA,NA
EX_HC02180[e],1,0,NA,-0.5553776223252836,Exchange of Thromboxane-B2,Exchange/demand reaction,NA,NA,NA
EX_HC02203[e],1,0,15.38301078183204,NA,Exchange of Prostaglandin-A2,Exchange/demand reaction,NA,NA,NA
EX_CE1943[e],0.7502736939906548,0,7.830762964891642,1.1172809802097268,Exchange of Spermidine Dialdehyde,Exchange/demand reaction,NA,NA,NA
EX_CE1936[e],0.853142659720249,0,24.78794756948133,1.9643884576039539,Exchange of Spermine Dialdehyde,Exchange/demand reaction,NA,NA,NA
EX_CE2917[e],-1.1689878493250814,0,-47.57878508738978,610.681816191864,Exchange of Apelin-13,Exchange/demand reaction,NA,NA,NA
EX_CE4724[e],1.1689878493250814,0,47.57878508738978,-610.681816191864,Exchange of Apelin (1-12),Exchange/demand reaction,NA,NA,NA
EX_CE5788[e],1.1611430575279478,0,62.640888884234805,-840.0977628593445,Exchange of Kinetensin 1-7,Exchange/demand reaction,NA,NA,NA
EX_CE5789[e],-1.1297949373913667,0,-47.79402612571269,784.2484223646164,Exchange of Kinetensin 1-8,Exchange/demand reaction,NA,NA,NA
EX_CE5797[e],-0.953885113981461,0,15.015339649146748,636.1990921987533,Exchange of Neuromedin N,Exchange/demand reaction,NA,NA,NA
EX_CE5798[e],0.953885113981461,0,-15.015339649146748,-636.1990921987533,Exchange of Neuromedin N (1-4),Exchange/demand reaction,NA,NA,NA
EX_CE5854[e],1.365730512107359,0,509.4867981871128,-78.7641984829992,Exchange of Gama-Cehc-Glucuronide,Exchange/demand reaction,NA,NA,NA
EX_CE1926[e],-1.365730512107359,0,-509.4867981871128,78.7641984829992,Exchange of Gama-Carboxyethyl-Hydroxychroman,Exchange/demand reaction,NA,NA,NA
EX_CE0074[e],-1.2833395133606789,0,-22.320599388261687,2.769762329072322,Exchange of Alloxan,Exchange/demand reaction,NA,NA,NA
EX_CE5853[e],2.478007819504808,0,257.38506557898523,-109.37788506860258,Exchange of Alpha-Cehc-Glucuronide,Exchange/demand reaction,NA,NA,NA
EX_CE1925[e],-2.478007819504808,0,-257.38506557898523,109.37788506860258,Exchange of 3'-Carboxy-Alpha-Chromanol,Exchange/demand reaction,NA,NA,NA
CITt4_4,1.0000001582338711,0,40.94556640369594,-3.2394874840974808e-6,Citrate Transport via Sodium Symport,"Transport, extracellular",284111.1,NA,"PMID:12177002,PMID:12445824"
INSTt4_2,1.0855745656913187,0,0.34865679720044135,-8.497264841747285,Inositol Transport via Sodium Symport,"Transport, extracellular",115584.1,NA,"PMID:12039040,PMID:12133831"
HSD17B3r,-0.47389311899231085,0,186.6686141337514,522.9537872163772,Testicular 17-Beta-Hydroxysteroid Dehydrogenase,Steroid metabolism,3293.1,NA,PMID:12429500
ADPACDAc,0.574854284881181,0,1.1226649567348737,0.30307324331653757,Activation of Adipic Acid for Formation of Adipoyl Carnitine,Fatty acid oxidation,NA,NA,"Hunt MC, Alexson SEH. (2008). Progress in Lipid Research 47: 405-21"
ADPACtx,0.61791157965283,0,1.2833304641874042,0.30307324331653757,Transport into Cytosol (Diffusion),Fatty acid oxidation,NA,NA,"Glatz JFC, Luiken JJFP, Bonen A. (2010). Physiological Reviews 90: 367-417, Kamp F, Hamilton JA. (2006). Prostaglandins, Leukotrienes and Essential Fatty Acids 75: 149-59, PMCID: PMC2785172, Evtodienko VY, Bondarenko DI, Antonenko YN. (1999). Biochimica et Biophysica Acta (BBA) - Biomembranes 1420: 95-103"
ADPCOACROT,-0.8983975556132353,0,-1.1226649567348737,-0.06008515102347901,Production of Adipoyl Carnitine,Fatty acid oxidation,54677.1,NA,"PMID: 15060085, Westin M, Hunt M, Alexson S. (2008). Cellular and Molecular Life Sciences 65: 982-90, PMID: 20560540"
ADPCOAPTE,0.61791157965283,0,1.2833304641874042,0.30307324331653757,Thioesterification of Adipoyl Coenzyme A for Release into Cytosol,Fatty acid oxidation,10005.1,NA,"PMID: 15007068, PMID: 18538142, Westin MAK, Hunt MC, Alexson SEH. (2005). Journal of Biological Chemistry 280: 38125-32"
C100CPT1,0.7106573268781037,0,20.12297424785141,3.4036244831465883,Production of Decanoylcarnitine,Fatty acid oxidation,1374.1 or 1375.1 or 126129.1,NA,"PMID: 18767270, PMID: 18075239"
sink_c101coa[c],-0.6948059795273298,0,-5.390868979749433,-0.9707665642234656,Sink for Decenoyl Coenzyme A,Fatty acid oxidation,NA,NA,NA
C101CPT1,0.6948059795273298,0,5.390868979749433,0.9707665642234656,Production of Decenoylcarnitine,Fatty acid oxidation,1374.1 or 1375.1 or 126129.1,NA,PMID: 7551818
C101CRNe,0.6948059795273298,0,5.390868979749433,0.9707665642234656,Transport of Decenoyl Carnitine into Extra Cellular Space,Fatty acid oxidation,NA,NA,"Jones LL, McDonald DA, Borum PR. (2010). Progress in Lipid Research 49: 61-75"
C102CPT1,0.5094143889940187,0,6.758734749597828,2.1967049214156833,Production of Decadienoylcarnitine,Fatty acid oxidation,1374.1 or 1375.1 or 126129.1,NA,PMID: 19578400
C10CRNe,0.7106573268781037,0,20.12297424785141,3.4036244831465883,Transport of Decanoyl Carnitine into Extra Cellular Space,Fatty acid oxidation,NA,NA,"Jones LL, McDonald DA, Borum PR. (2010). Progress in Lipid Research 49: 61-75"
C10DCCACT,-0.49864163306916015,0,-3.3676350084786306,-1.126614896459409,Transport of Sebacoyl Carnitine into Cytosol,Fatty acid oxidation,788.1,NA,"Westin M, Hunt M, Alexson S. (2008). Cellular and Molecular Life Sciences 65: 982-90. doi:10.1006/mgme.2000.3055,doi:10.1006/bbrc.1999.1340,biochimica et biophysica acta 1546 (2001) 21-43"
C10DCc,0.3876160293364055,0,3.3676350084786306,1.4862077510189264,Production of Sebacoylcarnitine,Fatty acid oxidation,1374.1 or 1375.1 or 126129.1,NA,"PMID: 20173117, doi:10.1016/j.physletb.2003.10.071"
C10OHc,0.6825227987501424,0,21.40895530526601,4.0396808988550825,Production of 3-Ohdecanoylcarnitinec,Fatty acid oxidation,1374.1 or 1375.1 or 126129.1,NA,"clinical chemistry 46:2, 149-155(2000), Biochemistry 2005,  44, 5234-5245"
C120CPT1,0.5801622223934982,0,39.598404241500425,10.521012208691705,Production of Dodecanoylcarnitine,Fatty acid oxidation,1374.1 or 1375.1 or 126129.1,NA,"PMID: 12828998 , PMID: 9498103, PMID: 3955080"
C121CPT1,0.9474110265458354,0,38.65788022898231,1.0439389576437603,Production of Dodecenoylcarnitine,Fatty acid oxidation,1374.1 or 1375.1 or 126129.1,NA,PMID: 18678604
C12DCACOT,0.4998027850004423,0,0.8724595990218581,0.29097283055800943,Thioesterification of Dodecanedioyl Coenzyme A for Release into Cytosol,Fatty acid oxidation,10005.1,NA,"PMID: 15007068, PMID: 18538142, Westin MAK, Hunt MC, Alexson SEH. (2005). Journal of Biological Chemistry 280: 38125-32"
C12DCACT,0.4998027850004423,0,0.8724595990218581,0.29097283055800943,Activation of Dodecanedioic Acid,Fatty acid oxidation,NA,NA,"Hunt MC, Alexson SEH. (2008). Progress in Lipid Research 47: 405-21"
C12DCTD,0.4998027850004423,0,0.8724595990218581,0.29097283055800943,Transport of Dodecanedioic Acid by Diffusion,Fatty acid oxidation,NA,NA,"Glatz JFC, Luiken JJFP, Bonen A. (2010). Physiological Reviews 90: 367-417, Kamp F, Hamilton JA. (2006). Prostaglandins, Leukotrienes and Essential Fatty Acids 75: 149-59, PMCID: PMC2785172, Evtodienko VY, Bondarenko DI, Antonenko YN. (1999). Biochimica et Biophysica Acta (BBA) - Biomembranes 1420: 95-103"
C12OHc,0.6109117584691653,0,29.923477150559425,7.227505196227133,Production of 3-Ohdodecanoylcarnitinec,Fatty acid oxidation,1374.1 or 1375.1 or 126129.1,NA,"clinical chemistry 46:2, 149-155(2000), Biochemistry 2005,  44, 5234-5245"
C140CPT1,-2.299176208495794,0,-18.376301253816695,7.236368075045943,Production of Myristoylcarnitine,Fatty acid oxidation,1374.1 or 1375.1 or 126129.1,NA,"PMID: 19137688, PMID: 15653102, PMID: 12403251"
C141ACBP,0.7029502570594672,0,5.295588597864123,0.9237223607638371,Transport of 3-Hydroxytetradecenoyl Coenzyme A from Mitochondria into Cytosol,Fatty acid oxidation,1622.1,NA,"PMID: 20511713, PMID: 11859412, PMID: 16908521, PMID: 8001684"
C141CPT1,0.42988908129757913,0,3.8679036278406502,1.5421714310312586,Production of Tetradecenoylcarnitine,Fatty acid oxidation,1374.1 or 1375.1 or 126129.1,NA,"PMID: 19327992 , PMID: 18670371, PMID: 15466478, PMID: 11433098"
C141OHc,0.7029502570594672,0,5.295588597864123,0.9237223607638371,Production of 3-Hydroxytetradecenoyl Carnitine,Fatty acid oxidation,1374.1 or 1375.1 or 126129.1,NA,PMID: 21281499
C141OHe,0.7029502570594672,0,5.295588597864123,0.9237223607638371,Excretion of 3-Hydroxy Tetradecenoyl-7-Carnitine,Fatty acid oxidation,NA,NA,PMID: 21281499
C142ACBP,0.8153785671970838,0,5.817074419529322,0.5915882414062362,Transport of 3-Hydroxytetradeca Dienoyl Coenzyme A from Mitochondria into Cytosol,Fatty acid oxidation,1622.1,NA,"PMID: 20511713, PMID: 11859412, PMID: 16908521, PMID: 8001684"
C142CPT1,0.9321445571881851,0,20.111041321055453,0.7062844284450752,Production of Tetradecadienoylcarnitine,Fatty acid oxidation,1374.1 or 1375.1 or 126129.1,NA,PMID: 11433098
C142OHc,0.8153785671970838,0,5.817074419529322,0.5915882414062362,Production of 3-Hydroxytetradeca Dienoyl Carnitine,Fatty acid oxidation,1374.1 or 1375.1 or 126129.1,NA,PMID: 21281499
C142OHe,0.8153785671970838,0,5.817074419529322,0.5915882414062362,"Excretion of 3-Hydroxy Trans5,8Tetradecadienoyl Carnitine",Fatty acid oxidation,NA,NA,PMID: 21281499
C14OHc,0.7271696916547409,0,7.970068704153644,1.258982433859089,Production of 3-Hydroxytetradecanoylcarnitine,Fatty acid oxidation,1374.1 or 1375.1 or 126129.1,NA,"molecular genetics and metabolism,Volume 85, Issue 2, June 2005, Pages 108-114"
C161OHc,0.9542789083945458,0,32.300682011837324,0.7556866293947182,Production of 3-Hydroxyhexadecenoylcarnitine,Fatty acid oxidation,1374.1 or 1375.1 or 126129.1,NA,"Biochemistry 2005, 44, 5234-5245"
C162ACBP,0.5134720321767121,0,4.01548763399208,1.2908378859012852,"Transport of 3-Hydroxy Trans7, 10-Hexadecadienoylcoa from Mitochondria into Cytosol",Fatty acid oxidation,1622.1,NA,"PMID: 20511713, PMID: 11859412, PMID: 16908521, PMID: 8001684"
C162OHc,0.5134720321767121,0,4.01548763399208,1.2908378859012852,Production of 3-Hydroxy Hexadecadienoyl Carnitine,Fatty acid oxidation,1374.1 or 1375.1 or 126129.1,NA,PMID: 21281499
C162OHe,0.5134720321767121,0,4.01548763399208,1.2908378859012852,"Excretion of 3-Hydroxy Trans7,10-Hexadecadienoyl Carnitine",Fatty acid oxidation,NA,NA,PMID: 21281499
C16DCc,0.7227762875594874,0,0.9415248983550409,0.15150720935851514,Production of Hexadecanedioylcarnitine,Fatty acid oxidation,1374.1 or 1375.1 or 126129.1,NA,"journal of lipid research vol 15(1974), PMID: 20173117"
C16DCe,0.7227762875594874,0,0.9415248983550409,0.15150720935851514,Transport of Hexadecanedioic Acid Mono-L-Carnitine Ester into Extra Cellular Space,Fatty acid oxidation,NA,NA,PMCID: PMC1151043
C16OHc,0.6396016764311349,0,4.14834222975251,0.9118407273448084,Production of 3-Hydroxyhexadecanoylcarnitinec,Fatty acid oxidation,1374.1 or 1375.1 or 126129.1,NA,"Biochemistry 2005, 44, 5234-5245"
C181OHc,0.877064626631939,0,15.979385007310844,1.0465445004898843,Production of 3-Hydroxyoctadecenoylcarnitinec,Fatty acid oxidation,1374.1 or 1375.1 or 126129.1,NA,"Biochemistry 2005, 44, 5234-5245"
C182OHc,0.5805788436149745,0,16.91454069610881,4.48842918981376,Production of 3-Hydroxyoctadecadienoylcarnitine,Fatty acid oxidation,1374.1 or 1375.1 or 126129.1,NA,"Biochemistry 2005, 44, 5234-5245"
C18OHc,0.4510435306537529,0,2.7385768870421074,1.0360540308990924,Production of 3-Hydroxyoctadecanoylcarnitine,Fatty acid oxidation,1374.1 or 1375.1 or 126129.1,NA,PMID: 7977144
C30CPT1,-1.023876680206493,0,-0.62223111796735,52.74263584643926,Production of Propionylcarnitine,Fatty acid oxidation,1374.1 or 1375.1 or 126129.1,NA,"PMID: 20056909, PMCID: PMC2914534"
C40CPT1,-0.4543882975438666,0,-150.8980329966545,-56.60918258186356,Production of Butyrylcarnitine,Fatty acid oxidation,1374.1 or 1375.1 or 126129.1,NA,"PMID: 20591710, PMID: 18175080"
C4CRNCPT2,-0.3846285580534575,0,-143.7191543720722,-63.87320465613659,Transport of Butyryl Carnitine in the Mitochondrial Matrix for Final Hydrolysis,Fatty acid oxidation,1376.1,NA,"Biochemica et Biophysica Acta 1486(2000) 1-17, Eur. J. Biochem. 244, 1-14 (1997) FEBS 1997, Biochemica et Biophysica Acta 1546(2001) 21-43."
C4CRNe,-1,0,NA,7.57894746493355,Transport of Butyryl Carnitine into the Extra Cellular Space,Fatty acid oxidation,NA,NA,"Jones LL, McDonald DA, Borum PR. (2010). Progress in Lipid Research 49: 61-75"
C4DCe,0.9740111094824276,0,53.48090862128064,0.7041041827283198,Transport of Succinyl Carnitine into the Extra Cellular Space,Fatty acid oxidation,NA,NA,"Vianey-Saban C, Guffon N, Delolne F, Guibaud P, Mathieu M, Divry P. (1997). Journal of Inherited Metabolic Disease 20: 411-4"
C4tcx,0.9159504911584623,0,7.178878368885635,0.31492525705773733,Transport of Bytyrylcarnitine from Peroxisomes,"Transport, peroxisomal",788.1,NA,biochimica et biophysica acta 1546(2001)21-43
C4x,0.9159504911603908,0,7.178878368885635,0.31492525705019375,Esterification of Butyrylcoa to Butyrylcarnitine for Transport,"Transport, peroxisomal",54677.1,NA,"PMID: 11356164, the journal of biological chemistry volume280,no.1,issue of january,pp.738-744,2005"
C50CPT1,0.8392730244745817,0,11.877880122933732,1.037962130912013,Production of Isovalerylcarnitine,Fatty acid oxidation,1374.1 or 1375.1 or 126129.1,NA,"PMID: 20807522, PMID: 20591710"
C5DCe,0.5269130431578212,0,8.204062963087567,2.5418835724409763,Transport of Glutaryl Carnitine into the Extra Cellular Fluid,Fatty acid oxidation,NA,NA,"Jones LL, McDonald DA, Borum PR. (2010). Progress in Lipid Research 49: 61-75"
C6DCCACT,-0.8983975556132353,0,-1.1226649567348737,-0.06008515102347901,Transport of Adipoyl Carnitine into Cytosol,Fatty acid oxidation,788.1,NA,"Westin M, Hunt M, Alexson S. (2008). Cellular and Molecular Life Sciences 65: 982-90. doi:10.1006/mgme.2000.3055,doi:10.1006/bbrc.1999.1340,biochimica et biophysica acta 1546 (2001) 21-43"
C6DCc,0.574854284881181,0,1.1226649567348737,0.30307324331653757,Production of Adipoylcarnitine,Fatty acid oxidation,1374.1 or 1375.1 or 126129.1,NA,doi:10.1016/j.physletb.2003.10.071
C80CPT1,-0.5778492290293145,0,-115.87114506849646,-31.00111995745897,Production of Octanoylcarnitine,Fatty acid oxidation,1374.1 or 1375.1 or 126129.1,NA,"PMID: 21083904, PMID: 20413428"
C8CRNe,-1,0,NA,5.764007035466377,Transport of Octanoyl Carnitine into the Extra Cellular Space,Fatty acid oxidation,NA,NA,"Jones LL, McDonald DA, Borum PR. (2010). Progress in Lipid Research 49: 61-75"
C8DCc,-11.272071783160788,0,-1.0239651127816014,0.8570878110717723,Production of Suberylcarnitine,Fatty acid oxidation,1374.1 or 1375.1 or 126129.1,NA,doi:10.1016/j.physletb.2003.10.071
DCSPTN1COAtxc,0.5756328142641055,0,0.4599252491215344,0.12387225110549799,Transport of Docosapentenoylcoa into Peroxisomes.,"Transport, peroxisomal",215.1 and 225.1,NA,PMID:18854420
sink_dd2coa[c],-0.9474110265458354,0,-38.65788022898231,-1.0439389576437603,Sink for Trans-Dodec-2-Enoyl Coenzyme A,Fatty acid oxidation,NA,NA,NA
DDCRNe,0.6109117584691653,0,29.923477150559425,7.227505196227133,Transport of 3-Hydroxydodecanoyl Carnitine into Extra Cellular Space,Fatty acid oxidation,NA,NA,PMCID: PMC1134946
DDECCRNe,0.5801622223934982,0,39.598404241500425,10.521012208691705,Transport of Lauroyl Carnitine into Extra Cellular Space,Fatty acid oxidation,NA,NA,"Sun W, Wang Y, Yang Y, Wang J, Cao Y, et al. (2011). Clinica Chimica Acta 412: 1270-4, PMID: 12828998, PMID: 9498103, Nagaraja D, Mamatha SN, De T, Christopher R. (2010). Clinical Biochemistry 43: 581-8"
DDECE1CRNe,0.9474110265458354,0,38.65788022898231,1.0439389576437603,Transport of Dodecenoyl Carnitine into Extra Cellular Space,Fatty acid oxidation,NA,NA,"Nagaraja D, Mamatha SN, De T, Christopher R. (2010). Clinical Biochemistry 43: 581-8"
DECCRNe,0.6825227987501424,0,21.40895530526601,4.0396808988550825,Transport of 3-Hydroxydecanoyl Carnitine into Extra Cellular Space,Fatty acid oxidation,NA,NA,"Jones LL, McDonald DA, Borum PR. (2010). Progress in Lipid Research 49: 61-75"
sink_decdicoa[c],-0.5094143889940187,0,-6.758734749597828,-2.1967049214156833,"Sink for 2, 6-Dodecadienoyl Coenzyme A",Fatty acid oxidation,NA,NA,NA
DECDICRNe,0.5094143889940187,0,6.758734749597828,2.1967049214156833,Transport of Decadienoyl Carnitine into the Extra Cellular Space,Fatty acid oxidation,NA,NA,PMID: 21215187
DOCO13ECOAtxc,0.5292258273471769,0,0.34077189630472493,0.1049070743360975,Transport of 13-Docosenoylcoa into Peroxisomes,"Transport, peroxisomal",215.1 and 225.1,NA,PMID:18854420
DOCO13EFATP,0.5292258273471769,0,0.34077189630472493,0.1049070743360975,Absorption Or Uptake of 13-Docosenoic Acid into Cells,Fatty acid oxidation,376497.1 or 11001.1 or 11000.1 or 10999.1 or 10998.1 or 28965.1,NA,"PMID: 16868315, PMID: 17901542, journal of lipid research (2006) vol 47 page 665-672, 16357361, PMID: 17495600"
DOCOSACTDe,-0.5467921155746764,0,73.22730879951716,249.92377182376384,Uptake of Docosanoic Acid by Cells by Diffusion,Fatty acid oxidation,NA,NA,"PMID: 10331655, PMID: 11478366"
DOCOSDIACTD,0.7749465800368394,0,17.950262327639177,2.275994089910714,Excretion of Docosanedioic Acid,Fatty acid oxidation,NA,NA,PMID: 15716582
EX_3ddcrn[e],0.6109117584691653,0,29.923477150559425,7.227505196227133,Exchange of 3-Hydroxydodecanoyl Carnitine,Exchange/demand reaction,NA,NA,NA
EX_3deccrn[e],0.6825227987501424,0,21.40895530526601,4.0396808988550825,Exchange of 3-Hydroxydecanoyl Carnitine,Exchange/demand reaction,NA,NA,NA
EX_3hdececrn[e],0.9542789083945458,0,32.300682011837324,0.7556866293947182,Exchange of 3-Hydroxyhexadecenoyl Carnitine,Exchange/demand reaction,NA,NA,NA
EX_3hexdcrn[e],0.6396016764311349,0,4.14834222975251,0.9118407273448084,Exchange of 3-Hydroxyhexadecanoyl Carnitine,Exchange/demand reaction,NA,NA,NA
EX_3octdec2crn[e],0.5805788436149745,0,16.91454069610881,4.48842918981376,Exchange of 3-Hydroxyoctadecadienoyl Carnitine,Exchange/demand reaction,NA,NA,NA
EX_3octdeccrn[e],0.4510435306537529,0,2.7385768870421074,1.0360540308990924,Exchange of 3-Hydroxyoctadecanoyl Carnitine,Exchange/demand reaction,NA,NA,NA
EX_3octdece1crn[e],0.877064626631939,0,15.979385007310844,1.0465445004898843,Exchange of 3-Hydroxy-Octadecenoyl Carnitine,Exchange/demand reaction,NA,NA,NA
EX_3tdcrn[e],0.7271696916547409,0,7.970068704153644,1.258982433859089,Exchange of 3-Hydroxy-Tetradecanoyl Carnitine,Exchange/demand reaction,NA,NA,NA
EX_3tetd7ecoacrn[e],0.7029502570594672,0,5.295588597864123,0.9237223607638371,Exchange of 3-Hydroxy Tetradecenoyl-7-Carnitine,Exchange/demand reaction,NA,NA,NA
EX_3thexddcoacrn[e],0.5134720321767121,0,4.01548763399208,1.2908378859012852,"Exchange of 3-Hydroxy Trans7, 10-Hexadecadienoyl Carnitine",Exchange/demand reaction,NA,NA,NA
EX_3ttetddcoacrn[e],0.8153785671970838,0,5.817074419529322,0.5915882414062362,"Exchange of 3-Hydroxy Trans5, 8Tetradecadienoyl Carnitine",Exchange/demand reaction,NA,NA,NA
EX_c101crn[e],0.6948059795273298,0,5.390868979749433,0.9707665642234656,Exchange of Decenoyl Carnitine,Exchange/demand reaction,NA,NA,NA
EX_c10crn[e],0.7106573268781037,0,20.12297424785141,3.4036244831465883,Exchange of Decanoyl Carnitine,Exchange/demand reaction,NA,NA,NA
EX_c16dc[e],0.7227762875594874,0,0.9415248983550409,0.15150720935851514,Exchange of Hexadecanedioic Acid Mono-L-Carnitine Ester,Exchange/demand reaction,NA,NA,NA
EX_c4crn[e],-1,0,NA,7.57894746493355,Exchange of Butyryl Carnitine,Exchange/demand reaction,NA,NA,NA
EX_c4dc[e],0.9740111094824276,0,53.48090862128064,0.7041041827283198,Exchange of Succinyl Carnitine,Exchange/demand reaction,NA,NA,NA
EX_c5dc[e],0.5269130431578212,0,8.204062963087567,2.5418835724409763,Exchange of Glutaryl Carnitine,Exchange/demand reaction,NA,NA,NA
EX_c8crn[e],-1,0,NA,5.764007035466377,Exchange of Octanoyl Carnitine,Exchange/demand reaction,NA,NA,NA
EX_ddece1crn[e],0.9474110265458354,0,38.65788022898231,1.0439389576437603,Exchange of Dodecenoyl Carnitine,Exchange/demand reaction,NA,NA,NA
EX_ddecrn[e],0.5801622223934982,0,39.598404241500425,10.521012208691705,Exchange of Lauroyl Carnitine,Exchange/demand reaction,NA,NA,NA
EX_decdicrn[e],0.5094143889940187,0,6.758734749597828,2.1967049214156833,Exchange of Decadienoyl Carnitine,Exchange/demand reaction,NA,NA,NA
EX_doco13ac[e],-0.7926981673750295,0,-3.329544464792451,-0.3850177804155741,Exchange of Docosenoic Acid (C22:1),Exchange/demand reaction,NA,NA,NA
EX_docosac[e],0.5478778347999622,0,-72.93929282521307,-249.71373522503376,Exchange of Behenic Acid,Exchange/demand reaction,NA,NA,NA
EX_docosdiac[e],0.7749465800368394,0,17.950262327639177,2.275994089910714,Exchange of Docosanedioic Acid,Exchange/demand reaction,NA,NA,NA
EX_ivcrn[e],0.8392730244745817,0,11.877880122933732,1.037962130912013,Exchange of Isovaleryl Carnitine,Exchange/demand reaction,NA,NA,NA
EX_tetdec2crn[e],0.9321445571881851,0,20.111041321055453,0.7062844284450752,Exchange of Tetradecadienoyl Carnitine,Exchange/demand reaction,NA,NA,NA
EX_tetdece1crn[e],0.42988908129757913,0,3.8679036278406502,1.5421714310312586,Exchange of Tetradecenoyl Carnitine,Exchange/demand reaction,NA,NA,NA
FAOXC102C101m,0.8445002527399378,0,14.479557220220984,1.220692425949713,"Reduction (C10:2->C10:1), Mitochondrial",Fatty acid oxidation,1666.1,NA,PMID: 7818482
FAOXC10C10OHm,0.8689947978862047,0,38.234969218184425,2.6800394928375653,"Fatty Acid Beta Oxidation (C10->Ohc10), Mitochondrial",Fatty acid oxidation,34.1 and 1892.1,NA,"PMID: 1730577, PMID: 1912723 ,PMID: 7318031"
FAOXC10C8x,0.611812729001572,0,8.547217187289334,2.0585027372379496,"Fatty Acid Beta Oxidation (C10->C8), Peroxisomal",Fatty acid oxidation,51.1 and 1962.1 and 3295.1 and 30.1,NA,"PMID: 11411544, HMDB01070"
FAOXC10DCC8DCx,0.5050113064843424,0,4.011093748299517,1.3192233476820432,Fatty Acid Beta Oxidation (C10Dc->C8Dc),Fatty acid oxidation,51.1 and 1962.1 and 3295.1 and 30.1,NA,"PMID:15060085,PMID:9827430"
FAOXC11C9m,-0.739518411156951,0,1.0189635181156569,6.804725846199648,"Fatty Acid Beta Oxidation (C11->C9), Mitochondrial",Fatty acid oxidation,34.1 and 1892.1 and 3033.1 and 10449.1,NA,"J. Oleo Sci. 57, (5) 293-299 (2008), HMDB00847"
FAOXC121C101m,0.40879477182847124,0,4.634318840871547,1.9448067117547965,"Fatty Acid Beta Oxidation (C12:1->C10:1), Mitochondrial",Fatty acid oxidation,34.1 and 1892.1 and 3033.1 and 10449.1,NA,"PMID:20195903, PMID:20490924, international journal of molecular medicine 19: 81-87, 2007."
FAOXC121C10x,0.5565833588208965,0,9.055785847888945,2.5796794763050044,"Fatty Acid Beta Xoidation (C12:1->C10), Peroxisomal",Fatty acid oxidation,1962.1 and 3295.1 and 30.1,NA,"PMID: 10709653, PMID: 11296696, PMID: 11330072, PMID: 16766224"
FAOXC121x,0.501957200949316,0,22.244946895971893,7.37633243464008,"Isomerization (C12:1), Peroxisomal",Fatty acid oxidation,1962.1 or 10455.1,NA,"PNAS August 1, 1992 vol. 89 no. 15 6673-6677,PMID: 2303409,PMID: 10419495,  FEBS LETTERS vol.215 no.2 228-232"
FAOXC12C10m,0.7310738356408628,0,39.83309906424731,6.18816039231498,"Fatty Acid Beta Oxidation (C12->C10), Mitochondrial",Fatty acid oxidation,34.1 and 1892.1 and 3033.1 and 10449.1,NA,"PMID:20195903, PMID:20490924, international journal of molecular medicine 19: 81-87, 2007."
FAOXC12C12OHm,0.40657895841177344,0,1.7143702326720114,0.7232749808007933,"Fatty Acid Beta Oxidation (C12->Ohc12), Mitochondrial",Fatty acid oxidation,34.1 and 1892.1,NA,"PMID: 1730577, HMDB00387"
FAOXC12DCC10DCx,0.5641601342153956,0,1.6044908112786276,0.4470776645839316,"Fatty Acid Beta Oxidation (C12Dc->C10Dc), Peroxisomal",Fatty acid oxidation,51.1 and 1962.1 and 3295.1 and 30.1,NA,"PMID:15060085,PMID:9827430,The Tohoku Journal of Experimental Medicine.Vol. 221 (2010) , No. 3 pp.191-195"
FAOXC12DCTc,-0.7853936745593204,0,-0.8724595990218581,-0.10487062394670138,Transport of Dodecanedioyl Carnitine into Cytosol,Fatty acid oxidation,788.1,NA,"Westin M, Hunt M, Alexson S. (2008). Cellular and Molecular Life Sciences 65: 982-90. doi:10.1006/mgme.2000.3055,doi:10.1006/bbrc.1999.1340,biochimica et biophysica acta 1546 (2001) 21-43"
FAOXC12DCc,0.4998027850004423,0,0.8724595990218581,0.29097283055800943,Formation of Dodecanedioyl Carnitine,Fatty acid oxidation,1374.1 or 1375.1 or 126129.1,NA,"Korman SH, Waterham HR, Gutman A, Jakobs C, Wanders RJA. (2005). Molecular Genetics and Metabolism 86: 337-43"
FAOXC12DCx,-0.7853936745593204,0,-0.8724595990218581,-0.10487062394670138,Production of Dodecanedioyl Carnitine,Fatty acid oxidation,54677.1,NA,"PMID: 15060085, Westin M, Hunt M, Alexson S. (2008). Cellular and Molecular Life Sciences 65: 982-90, PMID: 20560540"
FAOXC13C11m,-0.739518411156951,0,1.0189635181156569,6.804725846199648,"Fatty Acid Beta Oxidation (C13->C11), Mitochondrial",Fatty acid oxidation,37.1 and 3030.1 and 3032.1,NA,"J. Oleo Sci. 57, (5) 293-299 (2008)"
FAOXC141C121m,0.40879477182847124,0,4.634318840871547,1.9448067117547965,"Fatty Acid Beta Oxidation (C14:1->C12:1), Mitochondrial",Fatty acid oxidation,37.1 and 3030.1 and 3032.1,NA,"PMID:20195903, PMID:20490924, international journal of molecular medicine 19: 81-87, 2007."
FAOXC141C121x,0.4255184696402452,0,15.313883765343576,6.171469236372784,"Fatty Acid Beta Xoidation (C14:1->C12:1), Peroxisomal",Fatty acid oxidation,51.1 and 1962.1 and 3295.1 and 30.1,NA,"PMID: 10709653, PMID: 11296696, PMID: 11330072, PMID: 16766224"
FAOXC141C141OHm,0.7029502570594672,0,5.295588597864123,0.9237223607638371,"Fatty Acid Beta Oxidation (C14:1->C14:1Oh), Mitochondrial",Fatty acid oxidation,37.1 and 3030.1,NA,PMID: 21281499
FAOXC142C142OHm,0.8153785671970838,0,5.817074419529322,0.5915882414062362,"Fatty Acid Beta Oxidation (C14:2->C14:2Oh), Mitochondrial",Fatty acid oxidation,37.1 and 3030.1,NA,PMID: 21281499
FAOXC14C12m,0.369657533444921,0,19.44472479268443,8.948832454838092,"Fatty Acid Beta Oxidation (C14->C12), Mitochondrial",Fatty acid oxidation,37.1 and 3030.1 and 3032.1,NA,"PMID:20195903, PMID:20490924, international journal of molecular medicine 19: 81-87, 2007."
FAOXC14C12x,0.6586013493282985,0,7.400682042204332,1.5233213600616378,"Fatty Acid Beta Oxidation (C14->C12), Peroxisomal",Fatty acid oxidation,51.1 and 1962.1 and 3295.1 and 30.1,NA,PMID: 11411544
FAOXC14C14OHm,0.8284892419193287,0,43.30770021957085,4.062225976015208,"Fatty Acid Beta Oxidation (C14->C14Oh), Mitochondrial",Fatty acid oxidation,37.1 and 3030.1,NA,PMID: 11427448
FAOXC14DCC12DCx,0.43407233625495334,0,1.6044908112786276,0.6331798706183792,"Fatty Acid Beta Oxidation (C14Dc->C12Dc), Peroxisomal",Fatty acid oxidation,51.1 and 1962.1 and 3295.1 and 30.1,NA,"PMID:15060085,PMID:9827430, HMDB02095,PMID: 12651823"
FAOXC15ATPx,1,0,2.7153661264818862,NA,"Fatty Acid Activation (C15), Peroxisomal",Fatty acid oxidation,11001.1,NA,"PMID:11591435,PMID: 10198260"
FAOXC15C13m,-0.739518411156951,0,1.0189635181156569,6.804725846199648,"Fatty Acid Beta Oxidation (C15->C13), Mitochondrial",Fatty acid oxidation,37.1 and 3030.1 and 3032.1,NA,"J. Oleo Sci. 57, (5) 293-299 (2008)"
FAOXC15NADPx,0.6098874530756782,0,2.369531644043183,0.574191706947857,"Fatty Acid Alpha Oxidation (2-Hydroxyphytanoyl Coenzyme A) (NADP), Peroxisomal",Fatty acid oxidation,26061.1 and 224.1,NA,"PMID: 11356164, PMID: 8144536"
FAOXC161C141m,0.5517375774042258,0,9.929907436813787,2.8685290790108966,"Fatty Acid Beta Oxidation (C16:1->C14:1), Mitochondrial",Fatty acid oxidation,37.1 and 3030.1 and 3032.1,NA,"PMID:20195903, PMID:20490924, international journal of molecular medicine 19: 81-87, 2007."
FAOXC161C141x,0.4255184696402452,0,15.313883765343576,6.171469236372784,"Fatty Acid Beta Xoidation (C16:1->C14:1), Peroxisomal",Fatty acid oxidation,51.1 and 1962.1 and 3295.1 and 30.1,NA,"PMID: 10709653, PMID: 11296696, PMID: 11330072, PMID: 16766224"
FAOXC161C161OHm,0.9542789083945458,0,32.300682011837324,0.7556866293947182,Production of 3-Hydroxyhexadecenoylcoa,Fatty acid oxidation,37.1 and 3030.1,NA,"PMID: 9510849, clinical chemistry 46:2, 149-155(2000)"
FAOXC162C142m,0.7708203947651494,0,10.820660354817603,1.4004100448743615,"Fatty Acid Beta Oxidation (C16:2->C14:2), Mitochondrial",Fatty acid oxidation,37.1 and 3030.1 and 3032.1,NA,"PMID:20195903, PMID:20490924, international journal of molecular medicine 19: 81-87, 2007."
FAOXC162C162OHm,0.5134720321767121,0,4.01548763399208,1.2908378859012852,"Fatty Acid Beta Oxidation (C16:2->C16:2Oh), Mitochondrial",Fatty acid oxidation,37.1 and 3030.1,NA,PMID: 21281499
FAOXC16BRx,0.8074329404476633,0,1.9088026263870532,0.20336716278839775,"Fatty Acid Activation (C16Br), Peroxisomal",Fatty acid oxidation,11001.1,NA,PMID: 11591435
FAOXC16C14x,0.38394785484949834,0,4.746860825800639,2.1130231057610036,"Fatty Acid Beta Oxidation (C16->C14), Peroxisomal",Fatty acid oxidation,51.1 and 1962.1 and 3295.1 and 30.1,NA,"PMID: 11411544, PMID:7876265, HMDB01521"
FAOXC16C16OHm,0.6396016764311349,0,4.14834222975251,0.9118407273448084,"Fatty Acid Beta Oxidation (C16->C16Oh), Mitochondrial",Fatty acid oxidation,37.1 and 3030.1,NA,"PMID: 9510849, clinical chemistry 46:2, 149-155(2000)"
FAOXC16DCC14DCx,0.43407233625495334,0,1.6044908112786276,0.6331798706183792,"Fatty Acid Beta Oxidation (C16Dc->C14Dc), Peroxisomal",Fatty acid oxidation,51.1 and 1962.1 and 3295.1 and 30.1,NA,"PMID:15060085,PMID:9827430"
FAOXC16DCr,0.5288159104898624,0,2.5460157132599504,0.7846870820087847,"Fatty Acid Activation (C16Dc), Endoplasmatic Reticulum",Fatty acid oxidation,51703.1,NA,"PMID:15060085,PMCID:PMC1152672"
FAOXC17C15m,0.6215725168619461,0,2.4488969961226164,0.5715007605706234,"Fatty Acid Beta Oxidation (C17->C15), Mitochondrial",Fatty acid oxidation,37.1 and 3030.1 and 3032.1,NA,"J. Oleo Sci. 57, (5) 293-299 (2008)"
FAOXC181C161m,0.678563573168317,0,6.13419844647134,1.174667949208792,"Fatty Acid Beta Oxidation (C18:1->C16:1), Mitochondrial",Fatty acid oxidation,37.1 and 3030.1 and 3032.1,NA,"PMID:20195903, PMID:20490924, international journal of molecular medicine 19: 81-87, 2007."
FAOXC181C161x,0.4255184696402452,0,15.313883765343576,6.171469236372784,"Fatty Acid Beta Xoidation (C18:1->C16:1), Peroxisomal",Fatty acid oxidation,51.1 and 1962.1 and 3295.1 and 30.1,NA,"PMID: 10709653, PMID: 11296696, PMID: 11330072, PMID: 16766224, PMID: 3821403"
FAOXC181C181OHm,0.877064626631939,0,15.979385007310844,1.0465445004898843,"Fatty Acid Beta Oxidation (C18:1->C18:1Oh), Mitochondrial",Fatty acid oxidation,37.1 and 3030.1,NA,PMID:9510849
FAOXC182C162m,0.7708203947651494,0,10.820660354817603,1.4004100448743615,"Fatty Acid Beta Oxidation (C18:2->C16:2), Mitochondrial",Fatty acid oxidation,37.1 and 3030.1 and 3032.1,NA,harpers biochemistry-25th edition-page no.242.
FAOXC182C182OHm,0.5805788436149745,0,16.91454069610881,4.48842918981376,"Fatty Acid Beta Oxidation (C18:2->C18:2Oh), Mitochondrial",Fatty acid oxidation,37.1 and 3030.1,NA,PMID:9510849
FAOXC184C163m,-0.6605669408044591,0,0.530961355289536,2.5975574551523155,"Fatty Acid Beta Oxidation (C18:4->C16:3), Mitochondrial",Fatty acid oxidation,3030.1 and 3032.1,NA,"PMID:20195903, PMID:20490924, international journal of molecular medicine 19: 81-87, 2007."
FAOXC184m,-0.6605669408044591,0,0.530961355289536,2.5975574551523155,"Isomerization of (C18:4), Mitochondrial",Fatty acid oxidation,1632.1,NA,"""Journal of Molecular Biology, Volume 342, Issue 4, 24 September 2004, Pages 1197-1208 5.3.3.8"
FAOXC185C164m,0.5162117154891119,0,22.75380116483867,7.2602145987825235,"Fatty Acid Beta Oxidation (C18:5->C16:4), Mitochondrial",Fatty acid oxidation,37.1 and 3030.1 and 3032.1,NA,"PMID:20195903, PMID:20490924, international journal of molecular medicine 19: 81-87, 2007."
FAOXC185m,0.5162117154891119,0,22.75380116483867,7.2602145987825235,"Isomerization (C18:5), Mitochondrial",Fatty acid oxidation,1632.1,NA,"""Journal of Molecular Biology, Volume 342, Issue 4, 24 September 2004, Pages 1197-1208"""
FAOXC18C18OHm,0.4510435306537529,0,2.7385768870421074,1.0360540308990924,"Fatty Acid Beta Oxidation (C18->C18Oh), Mitochondrial",Fatty acid oxidation,37.1 and 3030.1,NA,PMID: 11751554
FAOXC201C181x,0.4255184696402452,0,15.313883765343576,6.171469236372784,"Fatty Acid Beta Xoidation (C20:1->C18:1), Peroxisomal",Fatty acid oxidation,51.1 and 1962.1 and 3295.1 and 30.1,NA,"PMID: 20626744, PMID: 3821403"
FAOXC204C184m,-0.6605669408044591,0,0.530961355289536,2.5975574551523155,"Fatty Acid Beta Oxidation (C20:4->C18:4), Mitochondrial",Fatty acid oxidation,37.1 and 3030.1 and 3032.1,NA,"PMID:20195903, PMID:20490924, international journal of molecular medicine 19: 81-87, 2007."
FAOXC205C185m,0.5162117154891119,0,22.75380116483867,7.2602145987825235,"Fatty Acid Beta Oxidation (C20:5->C18:5), Mitochondrial",Fatty acid oxidation,37.1 and 3030.1 and 3032.1,NA,"PMID:20195903, PMID:20490924, international journal of molecular medicine 19: 81-87, 2007."
FAOXC221C201x,0.4255184696402452,0,15.313883765343576,6.171469236372784,"Fatty Acid Beta Oxidation (C22:1->C20:1), Peroxisomal",Fatty acid oxidation,51.1 and 1962.1 and 3295.1 and 30.1,NA,PMID: 20626744
FAOXC225C204m,-0.6605669408044591,0,0.530961355289536,2.5975574551523155,"Fatty Acid Beta Oxidation (C22:5->C20:4), Mitochondrial",Fatty acid oxidation,3030.1 and 3032.1,NA,"PMID:20195903, PMID:20490924, international journal of molecular medicine 19: 81-87, 2007."
FAOXC225C226m,-0.6605669408044591,0,0.530961355289536,2.5975574551523155,"Fatty Acid Beta Oxidation (C22:5->C22:6), Mitochondrial",Fatty acid oxidation,37.1,NA,PMCID: PMC2702680
FAOXC225m,-0.6605669408044591,0,0.530961355289536,2.5975574551523155,"Isomerization (C22:5), Mitochondrial",Fatty acid oxidation,1632.1,NA,"""Journal of Molecular Biology, Volume 342, Issue 4, 24 September 2004, Pages 1197-1208"""
FAOXC226C205m,0.5019309676285348,0,23.10611970452368,7.66243118434567,"Fatty Acid Beta Oxidation (C22:6->C20:5), Mitochondrial",Fatty acid oxidation,37.1 and 3030.1 and 3032.1,NA,"PMID:20195903, PMID:20490924, international journal of molecular medicine 19: 81-87, 2007."
FAOXC226C225m,-0.6605669408044591,0,0.530961355289536,2.5975574551523155,"Fatty Acid Beta Oxidation (C22:6->C22:5), Mitochondrial",Fatty acid oxidation,1666.1,NA,PMID: 7818482
FAOXC226C227m,0.5019309676285348,0,23.10611970452368,7.66243118434567,"Fatty Acid Beta Oxidation (C22:6->C22:7), Mitochondrial",Fatty acid oxidation,37.1,NA,PMCID: PMC2702680
FAOXC226m,0.5019309676285348,0,23.10611970452368,7.66243118434567,"Isomerization (C22:6), Mitochondrial",Fatty acid oxidation,1632.1,NA,"""Journal of Molecular Biology, Volume 342, Issue 4, 24 September 2004, Pages 1197-1208"""
FAOXC227C226m,0.5019309676285348,0,23.10611970452368,7.66243118434567,"Fatty Acid Beta Oxidation (C22:7->C22:6), Mitochondrial",Fatty acid oxidation,1666.1,NA,PMID: 7818482
FAOXC22OHC22r,0.825585055968355,0,17.950262327639177,1.7149537837161177,"Fatty Acid Omega Oxidation (C22->W-Ohc22), Endoplasmatic Reticulum",Fatty acid oxidation,8529.1 and 4051.1,NA,"PMID: 15716582,PMID: 19783438"
FAOXC241C221x,0.42332165828141166,0,14.973111857872457,6.066562162056006,"Fatty Acid Beta Oxidation (C24:1->C22:1), Peroxisomal",Fatty acid oxidation,51.1 and 1962.1 and 3295.1 and 30.1,NA,PMID: 20626744
FAOXC4C2m,0.5280187017630713,0,57.99465975739956,17.913651692563295,"Fatty Acid Beta Oxidation (C4->C2), Mitochondrial",Fatty acid oxidation,35.1 and 1892.1 and 3033.1 and 10449.1,NA,"PMID:20195903, PMID:20490924, international journal of molecular medicine 19: 81-87, 2007."
FAOXC4C4DCc,1.0197249058765652,0,53.48090862128064,-0.5223017677697586,Succ->C4Dcc,Fatty acid oxidation,1374.1 or 1375.1 or 126129.1,NA,PMID:15060085
FAOXC5C3x,-0.739518411156951,0,1.0189635181156569,6.804725846199648,"Fatty Acid Beta Oxidation (C5->C3), Mitochondrial",Fatty acid oxidation,35.1 and 1892.1 and 3033.1 and 10449.1,NA,"PEDIATRICS INTERNATIONAL ,FEB 1999 ,Volume: 41    Issue: 1    Pages: 52-60"
FAOXC5C5DCc,0.5269130431578212,0,8.204062963087567,2.5418835724409763,Production of Glutaryl Carnitine,Fatty acid oxidation,1374.1 or 1375.1 or 126129.1,NA,"http://www.perkinelmergenetics.com/GlutaricAcidemiaTypeI.html ,  PMID: 16602100"
FAOXC61C4m,0.5035557070260571,0,30.502691274601222,10.071384075002836,"Fatty Acid Beta Oxidation (C6:1->C4:0), Mitochondrial",Fatty acid oxidation,1892.1 and 3033.1 and 10449.1,NA,"PMID:20195903, PMID:20490924, international journal of molecular medicine 19: 81-87, 2007."
FAOXC61C4x,0.5760526622470545,0,10.904975214290433,2.9333634091698793,"Fatty Acid Beta Oxidation (C6:1->C4:0), Peroxisomal",Fatty acid oxidation,1962.1 and 3295.1 and 30.1,NA,PMID:20064629
FAOXC6C4x,0.3398805290112557,0,9.124163461658497,4.495205226968591,"Fatty Acid Beta Oxidation (C6->C4), Peroxisomal",Fatty acid oxidation,51.1 and 1962.1 and 3295.1 and 30.1,NA,"PMID: 11356164, HMDB01088"
FAOXC6DCC4DCx,-0.44899467490378236,0,0.4663621075210616,1.2264059521691946,"Fatty Acid Beta Oxidation (C6Dc->C4Dc), Peroxisomal",Fatty acid oxidation,51.1 and 1962.1 and 3295.1 and 30.1,NA,"PMID:15060085,PMID:9827430"
FAOXC7C5m,-0.739518411156951,0,1.0189635181156569,6.804725846199648,"Fatty Acid Beta Oxidation (C7->C5), Mitochondrial",Fatty acid oxidation,34.1 and 1892.1 and 3033.1 and 10449.1,NA,"J. Oleo Sci. 57, (5) 293-299 (2008)"
FAOXC9C7m,-0.739518411156951,0,1.0189635181156569,6.804725846199648,"Fatty Acid Beta Oxidation (C9->C7), Mitochondrial",Fatty acid oxidation,34.1 and 1892.1 and 3033.1 and 10449.1,NA,"J. Oleo Sci. 57, (5) 293-299 (2008), HMDB00666"
FAOXOHC16C16DCc,-0.4320093828896097,0,2.5460157132599504,6.418976441760548,Fatty Acid Omega Oxidation (W-Ohc16->C16Dc),Fatty acid oxidation,128.1 and 224.1,NA,"PMID:15060085,PMCID:PMC1152672"
FAOXOHC22C22DCc,0.825585055968355,0,17.950262327639177,1.7149537837161177,Fatty Acid Omega Oxidation (W-Ohc22->C22Dc),Fatty acid oxidation,128.1 and 224.1,NA,PMID:15716582
FAOXTC101TC102m,0.7455182735930057,0,4.503061544202401,0.6565080945997405,"Fatty Acid Beta Oxidation Trans (C10:1->C10:2), Mitochondrial",Fatty acid oxidation,34.1,NA,PMID: 15337167
FAOXTC102C101m,0.7455182735930057,0,4.503061544202401,0.6565080945997405,"Fatty Acid Beta Oxidation Trans (C10:2->C10:1), Mitochondrial",Fatty acid oxidation,1666.1,NA,PMID: 7818482
FAOXTC122TC101m,0.7455182735930057,0,4.503061544202401,0.6565080945997405,"Fatty Acid Beta Oxidation Trans (C12:2->C10:1), Mitochondrial",Fatty acid oxidation,1892.1 and 3033.1 and 10449.1,NA,"PMID:20195903, PMID:20490924, international journal of molecular medicine 19: 81-87, 2007."
FAOXTC122m,0.7455182735930057,0,4.503061544202401,0.6565080945997405,"Isomerization Trans (C12:2), Mitochondrial",Fatty acid oxidation,1632.1,NA,"""Journal of Molecular Biology, Volume 342, Issue 4, 24 September 2004, Pages 1197-1208"""
FAOXTC142TC122m,0.7455182735930057,0,4.503061544202401,0.6565080945997405,"Fatty Acid Beta Oxidation Trans (C14:2->C12:2), Mitochondrial",Fatty acid oxidation,37.1 and 3030.1 and 3032.1,NA,"PMID:20195903, PMID:20490924, international journal of molecular medicine 19: 81-87, 2007."
FAOXTC162TC142m,0.7842200420501243,0,10.320135936329327,1.2480963367160642,"Fatty Acid Beta Oxidation Trans (C16:2->C14:2), Mitochondrial",Fatty acid oxidation,37.1 and 3030.1 and 3032.1,NA,"PMID:20195903, PMID:20490924, international journal of molecular medicine 19: 81-87, 2007."
FAOXTC182TC162m,0.6747122897870281,0,14.838764793637766,2.882207201527804,"Fatty Acid Beta Oxidation Trans (C18:2->C16:2), Mitochondrial",Fatty acid oxidation,37.1 and 3030.1 and 3032.1,NA,"PMID:20195903, PMID:20490924, international journal of molecular medicine 19: 81-87, 2007."
GLUTCOAACBP,0.5269130431578212,0,8.204062963087567,2.5418835724409763,Transport of Glutaryl Coenzyme A from Mitochondria into Cytosol,Fatty acid oxidation,1622.1,NA,"PMID: 20511713, PMID: 11859412, PMID: 16908521, PMID: 8001684"
HDCACBP,0.6825227987501424,0,21.40895530526601,4.0396808988550825,Transport of (S)-3-Hydroxydecanoyl Coenzyme A from Mitochondria into the Cytosol,Fatty acid oxidation,1622.1,NA,"PMID: 20511713, PMID: 11859412, PMID: 16908521, PMID: 8001684"
HDDACBP,0.6109117584691653,0,29.923477150559425,7.227505196227133,Transport of (S)-3-Hydroxydodecanoyl Coenzyme A from Mitochondria into the Cytosol,Fatty acid oxidation,1622.1,NA,"PMID: 20511713, PMID: 11859412, PMID: 16908521, PMID: 8001684"
HDECAACBP,0.6396016764311349,0,4.14834222975251,0.9118407273448084,Transport of 3-Hydroxyhexadecanoylcoa from Mitochondria into the Cytosol,Fatty acid oxidation,1622.1,NA,"PMID: 20511713, PMID: 11859412, PMID: 16908521, PMID: 8001684"
HDECEACBP,0.9542789083945458,0,32.300682011837324,0.7556866293947182,Transport of 3-Hydroxyhexadecenoylcoa from Mitochondria into the Cytosol,Fatty acid oxidation,1622.1,NA,"PMID: 20511713, PMID: 11859412, PMID: 16908521, PMID: 8001684"
HEDCECRNe,0.9542789083945458,0,32.300682011837324,0.7556866293947182,Transport of 3-Hydroxyhexadecenoyl Carnitine into Extra Cellular Space,Fatty acid oxidation,NA,NA,"Jones LL, McDonald DA, Borum PR. (2010). Progress in Lipid Research 49: 61-75"
HEXDCRNe,0.6396016764311349,0,4.14834222975251,0.9118407273448084,Transport of 3-Hydroxyhexadecanoyl Carnitine into Extra Cellular Space,Fatty acid oxidation,NA,NA,"Jones LL, McDonald DA, Borum PR. (2010). Progress in Lipid Research 49: 61-75"
HEXDIACtr,0.5288159104898624,0,2.5460157132599504,0.7846870820087847,Transport of Hexadecanedioc Acid by Diffusion,Fatty acid oxidation,NA,NA,"PMID: 10331655, PMID: 11478366"
HEXDICOAACBP,0.7227762875594874,0,0.9415248983550409,0.15150720935851514,Transport of Hexadecanedioyl Coa,Fatty acid oxidation,1622.1,NA,"PMID: 20511713, PMID: 11859412, PMID: 16908521, PMID: 8001684"
HEXDICOAACBPx,0.43407233625495334,0,1.6044908112786276,0.6331798706183792,Transport of Hexadecanedioyl Coa,Fatty acid oxidation,1622.1,NA,"PMID: 20511713, PMID: 11859412, PMID: 16908521, PMID: 8001684"
HOCDACBP,0.4510435306537529,0,2.7385768870421074,1.0360540308990924,Transport of (S)-3-Hydroxyoctadecanoyl Coenzyme A from Mitochondria into the Cytosol,Fatty acid oxidation,1622.1,NA,"PMID: 20511713, PMID: 11859412, PMID: 16908521, PMID: 8001684"
HOCTDACBP,0.877064626631939,0,15.979385007310844,1.0465445004898843,Transport of 3-Hydroxyoctadecenoylcoa from Mitochondria into the Cytosol,Fatty acid oxidation,1622.1,NA,"PMID: 20511713, PMID: 11859412, PMID: 16908521, PMID: 8001684"
HOCTDEC2CRNe,0.5805788436149745,0,16.91454069610881,4.48842918981376,Transport of 3-Hydroxyoctadecadienoyl Carnitine into Extra Cellular Space,Fatty acid oxidation,NA,NA,"Bodamer OA, Muhl A. (2005). Monatshefte fur Chemie / Chemical Monthly 136: 1293-7, http://www.childrensmn.org/Manuals/Lab/Chemistry/051465.pdf"
HOCTDECCRNe,0.4510435306537529,0,2.7385768870421074,1.0360540308990924,Transport of 3-Hydroxyoctadecanoyl Carnitine into Extra Cellular Space,Fatty acid oxidation,NA,NA,"Jones LL, McDonald DA, Borum PR. (2010). Progress in Lipid Research 49: 61-75"
HTDCACBP,0.7271696916547409,0,7.970068704153644,1.258982433859089,Transport of (S)-3-Hydroxytetradecanoyl Coenzyme A from Mitochondria into the Cytosol,Fatty acid oxidation,1622.1,NA,"PMID: 20511713, PMID: 11859412, PMID: 16908521, PMID: 8001684"
HTDCRNe,0.7271696916547409,0,7.970068704153644,1.258982433859089,Transport of 3-Hydroxy-Tetradecanoyl Carnitine into Extra Cellular Space,Fatty acid oxidation,NA,NA,PMID: 20583174
IVCOAACBP,0.8392730244745817,0,11.877880122933732,1.037962130912013,Transport of Isovaleryl Coenzyme A from Mitochondria into Cytosol,Fatty acid oxidation,1622.1,NA,"PMID: 20511713, PMID: 11859412, PMID: 16908521, PMID: 8001684"
IVCRNe,0.8392730244745817,0,11.877880122933732,1.037962130912013,Transport of Isovaleryl Carnitine into the Extra Cellular Space,Fatty acid oxidation,NA,NA,"Jones LL, McDonald DA, Borum PR. (2010). Progress in Lipid Research 49: 61-75"
NRVNCCOAtxc,0.4543762197841365,0,0.44965603559424927,0.1686929575720289,Transport of Nervonylcoa into Peroxisomes,"Transport, peroxisomal",215.1 and 225.1,NA,PMID:18854420
OCD11COACPT1,0.6191988941485815,0,6.403236990974052,1.5059050101894886,Transport of 11-Octadecenoyl Carnitine into the Mitochondrial Matrix,Fatty acid oxidation,1374.1 or 1375.1 or 126129.1,NA,"Biochemica et Biophysica Acta 1486(2000) 1-17, Eur. J. Biochem. 244, 1-14 (1997) FEBS 1997, Biochemica et Biophysica Acta 1546(2001) 21-43."
OCD11CRNCACT,0.6191988941485815,0,6.403236990974052,1.5059050101894886,Transport of 11-Octadecenoyl Carnitine into the Mitochondrial Matrix,Fatty acid oxidation,788.1,NA,"Biochemica et Biophysica Acta 1486(2000) 1-17, Eur. J. Biochem. 244, 1-14 (1997) FEBS 1997, Biochemica et Biophysica Acta 1546(2001) 21-43."
OCD11CRNCPT2,0.6191988941485815,0,6.403236990974052,1.5059050101894886,Transport of 11-Octadecenoyl Carnitine into the Mitochondrial Matrix,Fatty acid oxidation,1376.1,NA,"Biochemica et Biophysica Acta 1486(2000) 1-17, Eur. J. Biochem. 244, 1-14 (1997) FEBS 1997, Biochemica et Biophysica Acta 1546(2001) 21-43."
OCT11EFATP,0.9481907642310101,0,3.208063565041753,0.08531367905789229,Uptake of Vaccenic Acid,Fatty acid oxidation,376497.1 or 11001.1 or 11000.1 or 10999.1 or 10998.1 or 28965.1,NA,"PMID: 16868315, PMID: 17901542, journal of lipid research (2006) vol 47 page 665-672, 16357361, PMID: 17495600"
OCTDEC2ACBP,0.5805788436149745,0,16.91454069610881,4.48842918981376,Transport of 3-Hydroxyoctadecadienoyl Coenzyme A from Mitochondria into Cytosol,Fatty acid oxidation,1622.1,NA,"PMID: 20511713, PMID: 11859412, PMID: 16908521, PMID: 8001684"
OCTDECCACT,0.877064626631939,0,15.979385007310844,1.0465445004898843,Transport of Octadecenoyl Coenzyme A into Mitochondrial Matrix,Fatty acid oxidation,788.1,NA,"Biochemica et Biophysica Acta 1486(2000) 1-17, Eur. J. Biochem. 244, 1-14 (1997) FEBS 1997, Biochemica et Biophysica Acta 1546(2001) 21-43."
OCTDECCPT1,0.877064626631939,0,15.979385007310844,1.0465445004898843,Transport of Octadecenoyl Coenzyme A into Mitochondrial Matrix,Fatty acid oxidation,1374.1 or 1375.1 or 126129.1,NA,"Biochemica et Biophysica Acta 1486(2000) 1-17, Eur. J. Biochem. 244, 1-14 (1997) FEBS 1997, Biochemica et Biophysica Acta 1546(2001) 21-43."
OCTDECCPT2,0.877064626631939,0,15.979385007310844,1.0465445004898843,Transport of Octadecenoyl Coenzyme A into Mitochondrial Matrix,Fatty acid oxidation,1376.1,NA,"Biochemica et Biophysica Acta 1486(2000) 1-17, Eur. J. Biochem. 244, 1-14 (1997) FEBS 1997, Biochemica et Biophysica Acta 1546(2001) 21-43."
OCTDECE1CRNe,0.877064626631939,0,15.979385007310844,1.0465445004898843,Transport of 3-Hydroxy-Octadecenoyl Carnitine into Extra Cellular Space,Fatty acid oxidation,NA,NA,"Jones LL, McDonald DA, Borum PR. (2010). Progress in Lipid Research 49: 61-75"
sink_octdececoa[c],-0.877064626631939,0,-15.979385007310844,-1.0465445004898843,Sink for Octadecenoyl Coenzyme A,Fatty acid oxidation,NA,NA,NA
OMHDOCOSACTD,0.825585055968355,0,17.950262327639177,1.7149537837161177,Transport of W-Hydroxydocosanoic Acid by Diffusion,Fatty acid oxidation,NA,NA,"PMID: 10331655, PMID: 11478366"
SBCOAACOTx,0.6997068622228139,0,1.7489700751777184,0.30899664137772337,Thioesterification of Suberyl Coenzyme A for Release into Cytosol,Fatty acid oxidation,10005.1,NA,"PMID: 15007068, PMID: 18538142, Westin MAK, Hunt MC, Alexson SEH. (2005). Journal of Biological Chemistry 280: 38125-32"
SEBACACT,0.3876160293364055,0,3.3676350084786306,1.4862077510189264,Activation of Sebacic Acidd,Fatty acid oxidation,NA,NA,"Hunt MC, Alexson SEH. (2008). Progress in Lipid Research 47: 405-21"
SEBACIDtx,0.5877348492333809,0,0.5643328921318927,0.14653251767425246,Transport of Sebacic Acid into Cytosol (Diffusion),Fatty acid oxidation,NA,NA,"Glatz JFC, Luiken JJFP, Bonen A. (2010). Physiological Reviews 90: 367-417, Kamp F, Hamilton JA. (2006). Prostaglandins, Leukotrienes and Essential Fatty Acids 75: 149-59, PMCID: PMC2785172, Evtodienko VY, Bondarenko DI, Antonenko YN. (1999). Biochimica et Biophysica Acta (BBA) - Biomembranes 1420: 95-103"
SEBCOACROT,-0.49864163306916015,0,-3.3676350084786306,-1.126614896459409,Production of Sebacoyl Carnitine,Fatty acid oxidation,54677.1,NA,"PMID: 15060085, Westin M, Hunt M, Alexson S. (2008). Cellular and Molecular Life Sciences 65: 982-90, PMID: 20560540"
SEBCOAPET,0.5877348492334069,0,0.5643328921318927,0.1465325176742408,Thioesterification of Sebacoylcoa for Release into Cytosol,Fatty acid oxidation,10005.1,NA,"PMID: 15007068, PMID: 18538142, Westin MAK, Hunt MC, Alexson SEH. (2005). Journal of Biological Chemistry 280: 38125-32"
STRDNCCOAtxc,0.6477079342911528,0,3.2640625390000153,0.6978805591306876,Transport of Stearidonylcoa into Peroxisomes.,"Transport, peroxisomal",215.1,NA,european journal of physiology(2007) 453:719-734
SUBEACtx,0.6997068622228139,0,1.7489700751777184,0.30899664137772337,Transport of Suberic Acid into Cytosol (Diffusion),Fatty acid oxidation,NA,NA,"Glatz JFC, Luiken JJFP, Bonen A. (2010). Physiological Reviews 90: 367-417, Kamp F, Hamilton JA. (2006). Prostaglandins, Leukotrienes and Essential Fatty Acids 75: 149-59, PMCID: PMC2785172, Evtodienko VY, Bondarenko DI, Antonenko YN. (1999). Biochimica et Biophysica Acta (BBA) - Biomembranes 1420: 95-103"
SUBERCACT,4.108380254473493,0,1.0239651127816014,-0.6230689140756033,Transport of Suberyl Carnitine into Cytosol,Fatty acid oxidation,788.1,NA,"Westin M, Hunt M, Alexson S. (2008). Cellular and Molecular Life Sciences 65: 982-90. doi:10.1006/mgme.2000.3055,doi:10.1006/bbrc.1999.1340,biochimica et biophysica acta 1546 (2001) 21-43"
SUBERCROT,4.108380254473493,0,1.0239651127816014,-0.6230689140756033,Production of Suberyl Carnitine,Fatty acid oxidation,54677.1,NA,"PMID: 15060085, Westin M, Hunt M, Alexson S. (2008). Cellular and Molecular Life Sciences 65: 982-90, PMID: 20560540"
SUCCOAPET,1,0,0.4663621075210616,NA,Thioesterification of Succinyl Coenzyme A for Release into Cytosol,Fatty acid oxidation,122970.1 or 10005.1,NA,"PMID: 15007068, PMID: 18538142, Westin MAK, Hunt MC, Alexson SEH. (2005). Journal of Biological Chemistry 280: 38125-32"
sink_tetdec2coa[c],-0.9321445571881851,0,-20.111041321055453,-0.7062844284450752,Sink for Tetradecadienoyl Coenzyme A,Fatty acid oxidation,NA,NA,NA
TETDEC2CRNe,0.9321445571881851,0,20.111041321055453,0.7062844284450752,Transport of Tetradecadienoyl Carnitine into Extra Cellular Space,Fatty acid oxidation,NA,NA,"Jones LL, McDonald DA, Borum PR. (2010). Progress in Lipid Research 49: 61-75"
sink_tetdece1coa[c],-0.42988908129757913,0,-3.8679036278406502,-1.5421714310312586,Sink for Tetradecenoyl Coenzyme A,Fatty acid oxidation,NA,NA,NA
TETDECE1CRNe,0.42988908129757913,0,3.8679036278406502,1.5421714310312586,Transport of Tetradecenoyl Carnitine into Extra Cellular Space,Fatty acid oxidation,NA,NA,"Jones LL, McDonald DA, Borum PR. (2010). Progress in Lipid Research 49: 61-75"
4OHPROIMINOtc,0.9648502581847217,0,0.34290099286074255,0.006134249323606491,Transport of L-Oh-Proline by the Apical Imino Amino Acid Transporters in Kidney And Intestine,"Transport, extracellular",54716.1 and 57393.1,NA,"PMID: 19657969, PMID: 15632147, PMID: 18195088, PMID: 18400692, PMID:19184091"
ALAATB0tc,0.9969363290124779,0,2.5217936496973037,0.003868899538181722,Transport of L-Alanine by Atb0 Transporter,"Transport, extracellular",11254.1,NA,PMID:18195088
ALAyLATthc,-0.8868959968045553,0,0.6202368085086346,10.347311483073234,Transport of Alanine by Y+Lat1 Or Y+Lat2 with Symporter of H,"Transport, extracellular",(6520.1 and 9057.1) or (9056.1 and 6520.1),NA,"PMID: 11546643, PMID:18195088"
ARGATB0tc,0.5466268992865511,0,1.4305172614713315,0.41933710499703886,Transport of L-Arginine by Atb0 Transporter,"Transport, extracellular",11254.1,NA,PMID:18195088
ASNATB0tc,0.9876583985698536,0,2.4521348205122924,0.015225589381717145,Transport of L-Asparagine by Atb0 Transporter,"Transport, extracellular",11254.1,NA,PMID:18195088
BALABETAtc,0.4292602379130138,4.557344375667093e-9,0.2991138537660241,0.1194437270462513,Transport of Beta Alanine by Beta Transport System,"Transport, extracellular",6533.1,NA,"PMID: 19074966, PMID: 2206910, PMID: 1324004, PMID: 16956961, PMID: 15166008, PMID: 18195088"
BALAPAT1tc,-0.9814720485825861,0.014082706537236993,0.10941744486689568,11.70165031992197,Transport of Beta Alanine by Pat1 in Renal And Intestinal Cells,"Transport, extracellular",206358.1,NA,"PMID: 17123464, PMID: 18400692, PMCID: PMC34647, PMID: 15345686, PMID: 18195088"
BTNTe,-1,0,NA,2.87080859439373,Release of Biotin Across the Basolatral Membrane,"Transport, extracellular",NA,NA,"PMID: 1953660, PMID: 21749321, G.F.M. Ball (2006) Vitamins their role in the human body, Blackwell publishing, chapter 16, page 339-340."
CYSATB0tc,0.999603343481512,0,16.952847637844084,0.0033628957184962927,Transport of L-Cysteine by Atb0 Transporter,"Transport, extracellular",11254.1,NA,PMID:18195088
CYSSNAT5tc,10.618961541702076,0,93.67805254932121,-77.55302240560353,Transport of L-Cysteine with Symport of Sodium And Antiport of Proton by Snat5 Transporter,"Transport, extracellular",92745.1,NA,"PMID: 12845534, PMCID: PMC1665133, PMID:18195088"
GALSGLT1le,0.3329958927198314,0,0.24497791913052447,0.12258198179411228,Transport of D-Galactose from Extracellular Space to Cytosol of Mucosal Cells in Small Intestine,"Transport, extracellular",6523.1,NA,"PMID: 20522896, PMID: 14642859, Sareen S. Gropper, Jack L. Smith, James L. Groff (2009) Advanced nutrition and human metabolism, Wadsworth cengage learning, 5th edition, page 71-72"
GLCSGLT1le,0.8752798383166092,0,3.560300062386585,0.23678663330633656,Transport of D-Glucose from Extracellular Space to Cytosol of Mucosal Cells in Small Intestine,"Transport, extracellular",6523.1,NA,"PMID: 20522896, PMID: 14642859, Sareen S. Gropper, Jack L. Smith, James L. Groff (2009) Advanced nutrition and human metabolism, Wadsworth cengage learning, 5th edition, page 71-72"
GLNATB0tc,0.9911320459406472,0,0.22369293231342452,9.962667474523188e-4,Transport of L-Glutamine by Atb0 Transporter,"Transport, extracellular",11254.1,NA,PMID:18195088
GLNyLATthc,-0.6934485137980915,0,1.9321698983192443,10.673672743374109,Transport of Glutamine by Y+Lat1 Or Y+Lat2 with Symporter of H,"Transport, extracellular",(6520.1 and 9057.1) or (9056.1 and 6520.1),NA,"PMID: 11546643, PMID:18195088"
GLYGLYCNc,0.560764312002987,0,84.18255993293523,23.69094702200098,Hydrolysis of Glycylycine for Uptake,"Transport, extracellular",84735.1 or 55748.1,NA,"PMID: 6993048, PMCID: PMC1412501, PMID: 4919261, PMID: 20178671, PMID: 12473676"
GLYGLYPEPT1tc,0.560764312002987,0,84.18255993293523,23.69094702200098,Transport of Glycyl-Glycine by the Apical Pept1 Amino Acid Transporters,"Transport, extracellular",6564.1,NA,"PMID: 7858848, PMID: 14965252, PMID: 14977407, PMID: 10330047"
GLYPHEPEPT1tc,0.400074173443187,0,50.08125227350295,21.459603523213417,Transport of Glycylphenylalanine by the Apical Pept1 Amino Acid Transporters,"Transport, extracellular",6564.1,NA,"PMID: 7858848, PMID: 14965252, PMID: 14977407, PMID: 10330047"
GLYSARCNc,-0.41377145123440656,0,13.976897414783108,33.70722661572993,Hydrolysis of Glycylsarcosine for Uptake,"Transport, extracellular",1200.1,NA,"PMID:6746633, PMID: 4778946, PMID: 7171621, PMID: 3293467"
GLYSARPEPT1tc,-0.41377145123440656,0,13.976897414783108,33.70722661572993,Transport of Glycylsarcosine by the Apical Pept1 Amino Acid Transporters,"Transport, extracellular",6564.1,NA,"PMID: 7858848, PMID: 14965252, PMID: 14977407, PMID: 10330047"
GLYSNAT5tc,107.13700527481605,0,45.856397661275416,-46.72049586232304,Transport of Glycine with Symport of Sodium And Antiport of Proton by Snat5 Transporter,"Transport, extracellular",92745.1,NA,"PMID: 12845534, PMCID: PMC1665133, PMID:18195088"
HISSNAT5tc,1.5081412352584793,3.071961930356824e-5,0.7493644612289967,-3.698798237638868,Transport of L-Histidine with Symport of Sodium And Antiport of Proton by Snat5 Transporter,"Transport, extracellular",92745.1,NA,"PMID: 12845534, PMCID: PMC1665133, PMID:18195088"
HISyLATthc,-0.8330463224241182,0,0.5066047764442861,5.562201658969873,Transport of Histidine by Y+Lat1 Or Y+Lat2 with Symporter of H,"Transport, extracellular",(6520.1 and 9057.1) or (9056.1 and 6520.1),NA,"PMID: 11546643, PMID:18195088"
ILEATB0tc,0.6382809493712319,0,0.0743693706353195,0.01642014951854944,Transport of L-Isoleucine by Atb0 Transporter,"Transport, extracellular",11254.1,NA,PMID:18195088
LEUATB0tc,0.9986577864285623,0,2.038460327977501,0.0013689432656392455,Transport of L-Leucine by Atb0 Transporter,"Transport, extracellular",11254.1,NA,PMID:18195088
LEUyLAThtc,-0.6728386899091072,3.0525308971536855e-15,0.8547215575695037,4.370355682352558,Transport of Leucine by Y+Lat1 Or Y+Lat2 with Symporter of H,"Transport, extracellular",(6520.1 and 9057.1) or (9056.1 and 6520.1),NA,"PMID: 11546643, PMID:18195088"
LINOFATPtc,0.8606955740857991,0,1.6502687783537573,0.12355043349079257,Uptake of Linoleic Acid,"Transport, extracellular",10999.1,NA,"PMID: 10518211, PMID: 20086080, PMID: 12856180, Immun., Endoc. & Metab. Agents in Med. Chem., 2009, 9, 11-17,"
LYSATB0tc,-0.5574366012057713,0,2.079577575149207,7.318296631416678,Transport of L-Lysine by Atb0 Transporter,"Transport, extracellular",11254.1,NA,PMID:18195088
METATB0tc,0.9920435168017732,0,0.12008837451919972,4.7964872559532525e-4,Transport of L-Methionine by Atb0 Transporter,"Transport, extracellular",11254.1,NA,PMID:18195088
NACHORCTL3le,-1,0,0,1.3451724106788636,Transport of Nicotinate,"Transport, extracellular",9390.1,NA,"PMID: 18411268, PMID: 15728713"
OCDEAFABP1tc,0.33642582021089495,0,-14.101993477976322,-28.40114756484777,Transport of Octadecenoyl Coeznyme A into the Enterocytes,"Transport, endoplasmic reticular",2168.1,NA,"PMID: 9555061, PMCID: PMC2821027, PMID: 9054409, PMID: 9082452, PMCID: PMC2670638, http://mss3.libraries.rutgers.edu/dlr/TMP/rutgers-lib_26338-PDF-1.pdf"
PALFATPtc,0.5324180942370198,0,1.9526734013676814,0.5958130837646988,Transport of Hexadecanoate,"Transport, extracellular",10999.1,NA,"PMID: 10518211, PMID: 20086080, PMID: 12856180, Immun., Endoc. & Metab. Agents in Med. Chem., 2009, 9, 11-17,"
PEHSFABPe,-0.7592405227819542,0,11.836090209499002,86.48685305540562,Transport of Lysophosphatidylethanolamine,"Transport, endoplasmic reticular",2168.1,NA,"PMID: 9555061, PMCID: PMC2821027, PMID: 9054409, PMID: 9082452, PMCID: PMC2670638, http://mss3.libraries.rutgers.edu/dlr/TMP/rutgers-lib_26338-PDF-1.pdf"
PHEATB0tc,0.9984927816480615,0,1.7541297858670353,0.0013229252710938455,Transport of L-Phenylalanine by Atb0 Transporter,"Transport, extracellular",11254.1,NA,PMID:18195088
PHEyLATthc,-0.4739682223844097,0,2.7971466877877713,7.837749555426836,Transport of Phenylalanine by Y+Lat1 Or Y+Lat2 with Symport of H,"Transport, extracellular",(6520.1 and 9057.1) or (9056.1 and 6520.1),NA,"PMID: 11546643, PMID:18195088"
PNTORDe,0.9357397740756613,0,94.75366118117572,3.1455114763905176,Release of Pantothenate,"Transport, extracellular",NA,NA,PMID: 21749321
PROGLYPEPT1tc,0.7111459625444803,0,42.36214940687176,7.151042727689445,Transport of Prolylglycine by the Apical Pept1 Amino Acid Transporters,"Transport, extracellular",6564.1,NA,"PMID: 7858848, PMID: 14965252, PMID: 14977407, PMID: 10330047"
PROGLYPRO1c,0.7111459625444803,0,42.36214940687176,7.151042727689445,Hydrolysis of Glycylproline,"Transport, extracellular",5184.1,NA,PMID: 15552267
PROIMINOtc,0.9047565283675757,0,0.11088947860182324,0.005544802578310919,Transport of L-Proline by the Apical Imino Amino Acid Transporters,"Transport, extracellular",54716.1 and 57393.1,NA,"PMID: 19657969, PMID: 15632147, PMID: 18195088, PMID: 18400692"
SERATB0tc,-0.6711445140712298,0,1.5382023054264486,7.816680743473769,Transport of L-Serine by Atb0,"Transport, extracellular",11254.1,NA,PMID:18195088
TAUBETAtc,1,0,9.322799742221833e-6,0,Transport of Taurine by Beta Transport System,"Transport, extracellular",6533.1,NA,"PMID: 19074966, PMID: 2206910, PMID: 1324004, PMID: 16956961, PMID: 15166008, PMID: 18195088"
THRATB0tc,0.46442006800672664,0,0.1405263550137286,0.051394471644982696,Transport of L-Threonine by Atb0 Transporter,"Transport, extracellular",11254.1,NA,PMID:18195088
TRPATB0tc,0.8214395756153581,0,60.14754461350888,5.896419093811512,Transport of L-Tryptophan by Atb0 Transporter,"Transport, extracellular",11254.1,NA,PMID:18195088
TYRATB0tc,0.9746662512650562,0,3.5324216315880417,0.045318788419663907,Transport of L-Tyrosine by Atb0 Transporter,"Transport, extracellular",11254.1,NA,PMID:18195088
VALATB0tc,0.4270515698396636,0,0.6956131537310779,0.27928245401382445,Transport of L-Valine by Atb0 Transporter,"Transport, extracellular",11254.1,NA,PMID:18195088
3AIB_Dtm,-0.9748674862436624,0,4.125568199393337,324.1796892365456,Transport of 3Aib_D into Mitochondria,"Transport, mitochondrial",NA,NA,"no transporter could be identified, so diffusion is assumed."
4HPROLTASCT1,-0.5886435595771574,0,0.7002754649948911,2.7044382877547295,Transport of Hydroxy-Proline,"Transport, extracellular",6509.1,NA,"PMID: 14502423, PMID: 17475673."
5MTHFt2le,-1,0,NA,778.3204194738388,5-Methyltetrahydrofolate Transport via Anion Antiport,"Transport, extracellular",NA,NA,NA
ASPPROASCT1,-0.9882934092133441,0,0.917673878185451,155.86133974061758,Aspartate Intake by System Asct-1 Transporter,"Transport, extracellular",6509.1,NA,"PMID: 14502423, PMID: 11824937, Kim E. Barrett, Mark Donowitz (2001) Gastrointestinal transport: Molecular physiology, Academic press, A harcourt science and technology company, chapter 10, pages 389-391."
ASPte,-0.7746426029645832,0,17.705762882647665,139.42919798899442,Diffusion of Aspartate into Blood,"Transport, extracellular",NA,NA,added during gap-filling. no such transporter could be found so diffusion reaction is assumed.
BIDGLCURr,-0.7836466892069536,3.2763352688390114e-6,0.3036090903741988,2.502995433137041,Bilirubin Di-Glucuronide Production,Heme degradation,54576.1,NA,"PMID: 6806320, PMID: 19880533."
DM_pmtcoa[r],0.8368506174290741,0,688.4749245698929,61.15045926617384,Demand for Palmitoyl Coenzyme A,Exchange/demand reaction,NA,NA,NA
DSREDUCr,0.9908769885592085,0,5.415036209236027,0.02481390742524643,Desmosterol Reductase,Squalene and cholesterol synthesis,1718.1,NA,"Davidson, N. O., Magun, A. M. and Glickman, R. M. 2011. Enterocyte Lipid Absorption and Secretion. Comprehensive Physiology. 505?526, PMID: 17015489, PMID: 18216769, PMID: 6833883, PMID: 11229876."
DTMPKm,0.38698253146705963,0,3.1601060441840665,1.396701229865034,DTMP Kinase in Mitochondria,Pyrimidine synthesis,1841.1,NA,PMID: 17403938
EX_4hpro[e],-1,0,-6.837834108145682,NA,Exchange of Hydroxy Proline,Exchange/demand reaction,NA,NA,NA
EX_glygly[e],-0.560764312002987,0,-84.18255993293523,-23.69094702200098,Exchange of Glycylglycine,Exchange/demand reaction,NA,NA,NA
EX_glysar[e],0.41377145123440656,0,-13.976897414783108,-33.70722661572993,Exchange of Glycylsarcosine,Exchange/demand reaction,NA,NA,NA
EX_fmn[e],-0.5646350324794972,0,-0.5158830574985895,-0.1435461982570649,Exchange of FMN,Exchange/demand reaction,NA,NA,NA
EX_oh1[e],-0.4892126005891943,0,-3.7476876837428192,-1.285425361715,Exchange of Hydroxide Ion,Exchange/demand reaction,NA,NA,NA
FADH2ETC,0.37942052646412805,0,411.24094237732885,185.0107944754839,Complex Ii Reaction for Respiratory Chain,Oxidative phosphorylation,(2110.1 and 2109.1 and 2108.1) or (2109.2 and 2108.1),NA,NA
FE2DMT1,-0.7224661234827464,0,12.907720005868097,80.1095373311162,Uptake of Food Iron by Dmt1 Transporter,"Transport, extracellular",4891.1,NA,"Sareen S. Gropper, Jack L. Smith, James L. Groff (2009) Advanced nutrition and human metabolism, Wadsworth cengage learning, 5th edition, page 472-476."
FE3MTP1,-0.8003288652329581,0,8.6556579282564,78.0434830202341,Transport of Ferrous Iron into Blood,"Transport, extracellular",30061.1,NA,"Sareen S. Gropper, Jack L. Smith, James L. Groff (2009) Advanced nutrition and human metabolism, Wadsworth cengage learning, 5th edition, page 472-476."
FMNALKPle,0.5646350324794972,0,0.5158830574985895,0.1435461982570649,"Acid Phosphatase (FMN), Extracellular","Transport, extracellular",52.1 or 52.3 or 52.2 or 248.1,NA,NA
G6PDH2c,0.934412418538141,0,431.8422736843109,14.641908846588432,Glucose 6-Phosphate Dehydrogenase,Pentose phosphate pathway,2539.1,NA,"PMID: 4382012, PMID: 13575411, Harpers illustrated Biochemistry (2009) 28th edition pages 174-183"
GLUPROASCT1,-0.5807879338452752,0,66.56287205021381,250.9989417628765,Glutamate Intake by System Asct-1 Transporter,"Transport, extracellular",6509.1,NA,"PMID: 14502423, PMID: 11824937, Kim E. Barrett, Mark Donowitz (2001) Gastrointestinal transport: Molecular physiology, Academic press, A harcourt science and technology company, chapter 10, pages 389-391."
GNDc,0.9266276845446538,0,186.0692300178528,7.086127927529439,Phosphogluconate Dehydrogenase,Pentose phosphate pathway,5226.1,NA,"PMID: 4382012, PMID: 13575411, Harpers illustrated Biochemistry (2009) 28th edition pages 174-183"
MAL_Ltx,-0.8793767221815464,0,40.98679520397782,638.5967138043881,Transport Reaction for Malate,"Transport, peroxisomal",NA,NA,PMID: 17173541
MDHx,0.8793767221815464,0,-40.98679520397782,-638.5967138043881,"Malate Dehydrogenase, Peroxisomal",Citric acid cycle,NA,NA,PMID: 17173541
MTHFR3,0.9578991423685534,0,398.1352100423098,8.561132406330108,"5, 10-Methylenetetrahydrofolatereductase (NADPH)",Folate metabolism,4524.1,NA,"Sareen S. Gropper, Jack L. Smith, James L. Groff (2009) Advanced nutrition and human metabolism, Wadsworth cengage learning, 5th edition, page 350."
PGLc,0.9540674006870089,0,389.8946060920715,9.164920672453404,6-Phosphogluconolactonase,Pentose phosphate pathway,25796.1,NA,"PMID: 4382012, PMID: 13575411, Harpers illustrated Biochemistry (2009) 28th edition pages 174-183"
PHEMEe,0.34599042392221907,0,4.252062107743738,2.0660543248430847,Release of Heme into the Blood,"Transport, extracellular",113235.1 or 28982.1,NA,PMID: 16865768.
PNTOt5le,0.37075422394048835,0,0.2273439682266933,0.1043624226872821,Pantothenate Sodium Symporter Ii,"Transport, extracellular",8884.1,NA,NA
PPItm,0.35285933969012745,0,919.5450176818848,439.86462780647275,"Diphopshate Transporter, Mitochondrial","Transport, mitochondrial",NA,NA,added during gap-filling.
PTCRTD,-0.45149816518877117,0,124.92987936458587,330.60142950544355,Diffusion of Putriscine into the Endothelial Cells,"Transport, extracellular",NA,NA,"PMID: 9505881, PMID: 11564949"
34HPPte,1,0,636.8261981048583,NA,Transport of 3- (4-Hydroxyphenyl)Pyruvate,"Transport, extracellular",NA,NA,NA
4HPRO_LTte,0.45453063092345225,0,7.195208608309992,2.6983040552794972,Transport of Trans-4-Hydroxy-L-Proline,"Transport, extracellular",NA,NA,NA
4MOPte,-1,0,NA,881.8420341732025,Transport of 4-Methyl-2-Oxopentanoate,"Transport, extracellular",NA,NA,NA
AICARte,0.44088993025060486,0,-161.55162695554793,-416.3368272014618,Transport of 5-Amino-1- (5-Phospho-D-Ribosyl)Imidazole-4-Carboxamide,"Transport, extracellular",NA,NA,NA
DM_Lcystin,-1,0,NA,529.6020235652924,Demand for L-Cystine,Exchange/demand reaction,NA,NA,NA
DM_anth,0.7895258868662743,0,18.30673069433535,2.153136166147071,Demand for Anthranilate,Exchange/demand reaction,NA,NA,NA
EX_34hpp[e],-1,0,-636.8261981048583,NA,Exchange of 3- (4-Hydroxyphenyl)Pyruvate,Exchange/demand reaction,NA,NA,NA
EX_4mop[e],1,0,NA,-881.8420341732025,Exchange of 4-Methyl-2-Oxopentanoate,Exchange/demand reaction,NA,NA,NA
EX_aicar[e],-0.44088993025060486,0,161.55162695554793,416.3368272014618,Exchange of 5-Amino-1- (5-Phospho-D-Ribosyl)Imidazole-4-Carboxamide,Exchange/demand reaction,NA,NA,NA
LKYNRtr,0.9999999772242595,0,73.30877635234296,8.348308387212456e-7,Transport of L-Kynurenine,"Transport, extracellular",8501.1 or 124935.1,NA,NA
LKYNRtr2,-1,0,0,2.87174220502493e-6,Transport of L-Kynurenine,"Transport, extracellular",23428.1,NA,NA
LKYNRtr3,1.0000000111482519,0,644.2106205502033,-3.5909111342334653e-6,Transport of L-Kynurenine,"Transport, extracellular",8501.1,NA,NA
KYNATEtr,-1.6123385570696322,0,-704.1806909286499,165.06167894380334,Transport of Kynurenic Acid,"Transport, extracellular",9356.1 or 9376.1,NA,NA
KYNATEtr2,1,0,NA,-165.06167894380334,Transport of Kynurenic Acid,"Transport, extracellular",NA,NA,NA
3ANTHRNtr,-1,0,-60.98093275220543,NA,Transport of 3-Hydroxyanthranilate,"Transport, extracellular",NA,NA,NA
HKYNRtr,-0.6701474027712083,0,60.98093275220543,308.76563443888426,Transport of 3-Hydroxy-L-Kynurenine,"Transport, extracellular",8140.1,NA,NA
QULNtr,-0.38200737480188024,0,0.7018972515798785,1.569641996497265,Transport of Quinolinic Acid,"Transport, extracellular",9356.1,NA,NA
DHAPtr,1,0,13.027019406056032,NA,Transport of Dihydroxyacetone Phosphate,"Transport, extracellular",NA,NA,NA
DMGLYtr,1,0,NA,-496.58596386833193,Transport of Dimethylglycine,"Transport, extracellular",NA,NA,NA
GLCURtr,-0.9155562240586587,0,-990.6334182022094,-43.67025376547277,Transport of D-Glucuronate,"Transport, extracellular",NA,NA,NA
UDPGLCURtr,-0.7961569707900586,0,113.42083254461288,999.4043936523437,Transport of UDP-Glucuronate,"Transport, extracellular",NA,NA,NA
OROT5Ptr,-0.8691550543786964,0,66.4780387048155,949.6565683929443,Transport of Orotidylic Acid,"Transport, extracellular",NA,NA,NA
EX_dmgly[e],-1,0,NA,496.58596386833193,"Exchange of N,N-Dimethylglycine",Exchange/demand reaction,NA,NA,NA
EX_Lkynr[e],-1,0,-717.5193971969604,NA,Exchange of L-Kynurenine,Exchange/demand reaction,NA,NA,NA
EX_quln[e],0.38200737480167757,0,-0.7018972515798785,-1.56964199649652,Exchange of Quinolinic Acid,Exchange/demand reaction,NA,NA,NA
EX_3hanthrn[e],1,0,60.98093275220543,NA,Exchange,Exchange/demand reaction,NA,NA,NA
EX_udpglcur[e],0.7961569707900586,0,-113.42083254461288,-999.4043936523437,Exchange,Exchange/demand reaction,NA,NA,NA
EX_hLkynr[e],0.6701474027712083,0,-60.98093275220543,-308.76563443888426,Exchange,Exchange/demand reaction,NA,NA,NA
EX_orot5p[e],0.8691550543786964,0,-66.4780387048155,-949.6565683929443,Exchange,Exchange/demand reaction,NA,NA,NA
ARACHDFATPtc,0.629607150637159,0,1.5929378797719198,0.36205830338682243,Arachidonate (N-C18:1) Transport by FATP,"Transport, extracellular",376497.1 or 10999.1,NA,NA
BUTSMCT1,0.45323839398684257,0,-28.43776181305647,-75.5847646420002,Butyrate Transport by Smct1,"Transport, extracellular",160728.1,NA,NA
CRNATBtc,0.929954665619307,0,50.737339438141134,1.8414494235754013,Carnitine Transport by Atb0,"Transport, extracellular",11254.1,NA,NA
FOLOAT1tc,-5.496938696455489,1.8306852185064632e-11,-8.36865194015503,5.792468808022142,Folate Transport by Oat1,"Transport, extracellular",9356.1,NA,NA
FOLOAT2tc,-1.4504536702513295,0,-31.961447535514832,173.8692602421224,Folate Transport by Oats,"Transport, extracellular",10864.1 or 9376.1 or 55867.1,NA,NA
FOLOATPtc,-0.46251283913250174,0,108.28138686298132,294.635723522377,Folate Transport by OATP,"Transport, extracellular",10599.1 or 6579.1,NA,NA
GLUB0AT3tc,-0.574022659309897,0,116.90650759551525,431.9795313009262,Glutamate Transport by B0At3,"Transport, extracellular",348932.1 and 57393.1,NA,NA
H2OGLYAQPt,1,0,NA,-6.625061124974751,Water And Glycerol Transport by Aqp,"Transport, extracellular",360.1 or 364.1 or 366.1 or 89872.1,NA,NA
LGNCFATPtc,0.5327800614933055,0,0.29878889124002783,0.09107642439949559,Lignocerate Transport by FATP,"Transport, extracellular",376497.1 or 11001.1,NA,NA
NACSMCTte,1,0,0,-0.7562643156051636,Nicotinate Transport by Smct1,"Transport, extracellular",160728.1,NA,NA
PPASMCT1,-0.9894575162833146,0,-98.19017338693142,-0.520326921081543,Propionate Transport by Smct1,"Transport, extracellular",160728.1,NA,NA
PSHSABCtc,0.41566390938578063,0,0.30199319254671575,0.12465212989813299,Phosphatidylserine Transport by ABCa1,"Transport, extracellular",19.1,NA,NA
PYRSMCT1,0.7225196332686908,0,-33.19820422354005,-206.0850619376775,Pyruvate Transport by Smct1,"Transport, extracellular",160728.1,NA,NA
RETABCtc,0.3343819092313208,0,0.48259485725383977,0.2407285839817232,Vitamin Transport by ABCa4,"Transport, extracellular",24.1,NA,NA
CAMPt,0.47123370753823995,0,1.095715587817732,0.3938038300742788,CAMP Transport (ATP-Dependent),"Transport, extracellular",10257.1 or 10057.2 or 10057.1 or 85320.1,NA,"PMID:11447229,PMID:12637526,PMID:12835412,PMID:14507663,PMID:15631998"
GLCt4,0.5191710005599657,0,-153.78931544818244,-485.89471204301714,Glucose Transport via Sodium Symport,"Transport, extracellular",115584.1 or 6526.1 or 6524.1 or 125206.1 or 159963.1 or 200010.1,NA,"PMID:11133510,PMID:12436245,PMID:12748858,PMID:1372904,PMID:1415574,PMID:15546855,PMID:7537337,PMID:7789985,PMID:8282810"
MANt4,-1,0,-0.2527496817359701,0,D-Mannose Transport via Sodium Symport,"Transport, extracellular",125206.1 or 200010.1,NA,"PMID:12748858,PMID:15607332"
L_LACt4r,-0.43394260408085156,0,-96.91302687433958,-38.25699541042298,Lactate Transport by Smct1,"Transport, extracellular",160728.1,NA,"PMID:8476015,PMID:9425115"
ACRNte,1,0,481.38670794801715,0,Transport of O-Acetylcarnitine,"Transport, extracellular",6584.1,NA,NA
PCRNte,1,0,54.14519284122288,0,Transport of O-Propanoylcarnitine,"Transport, extracellular",6584.1,NA,NA
LNELDCCRNte,1,0,5.2067811883807185,0,"Transport of 6Z,9Z-Octadecadienoylcarnitine","Transport, extracellular",6584.1,NA,NA
ODECRNte,1,0,175.09638969678878,0,Transport of L-Oleoylcarnitine,"Transport, extracellular",6584.1,NA,NA
STCRNte,-1,0,0,90.96352586899995,Transport of O-Octadecanoyl-R-Carnitine,"Transport, extracellular",6584.1,NA,NA
HDCECRNte,-0.5948771477056601,0,7.450665751647949,29.3315878756281,Transport of Palmitoleoyl-Carnitine,"Transport, extracellular",6584.1,NA,NA
EX_acrn[e],1,0,481.38670794801715,NA,Exchange of O-Acetylcarnitine,Exchange/demand reaction,NA,NA,NA
EX_pcrn[e],1,0,54.14519284122288,NA,Exchange of O-Propanoylcarnitine,Exchange/demand reaction,NA,NA,NA
EX_stcrn[e],-1,0,NA,90.96352586899995,Exchange of O-Octadecanoyl-R-Carnitine,Exchange/demand reaction,NA,NA,NA
EX_hdcecrn[e],-3.061703815999904,0,-57.78532371100811,29.3315878756281,Exchange of Palmitoleoyl-Carnitine,Exchange/demand reaction,NA,NA,NA
HC00342te,-1,0,NA,992.7813612243652,"Transport of Cis-Aconitate, Extracellular","Transport, extracellular",NA,NA,NA
15KPROSTGF2c,0.9985827224037637,0,-0.21617537574779708,-304.84103617105484,Formation of 15-Keto-Prostaglandin F2A,Eicosanoid metabolism,3248.1,NA,PMID: 21962087
SMS1,0.9817911918456007,0,93.2954939583391,0.8572042090747461,"Sphingomyelin Synthase, Formation of Sm (D18:1/14:0)",Glycerophospholipid metabolism,259230.1 or 166929.1,NA,HMDB01348
SMS10,0.939653225057323,0,11.948389013161044,0.37174002723268934,"Sphingomyelin Synthase, Formation of Sm (D18:1/21:0)",Glycerophospholipid metabolism,259230.1 or 166929.1,NA,HMDB01348
SMS13,0.6454618225940962,0,1.9622880295324414,0.42280289459348425,"Sphingomyelin Synthase, Formation of Sm (D18:0/24:1)",Glycerophospholipid metabolism,259230.1 or 166929.1,NA,HMDB01348
SMS15,0.9231936628857463,0,11.009870943320543,0.4396997949692908,"Sphingomyelin Synthase, Formation of Sm (D18:0/24:0)",Glycerophospholipid metabolism,259230.1 or 166929.1,NA,HMDB01348
SMS2,0.6962420266327518,0,2.2269692598418276,0.3987990266127113,"Sphingomyelin Synthase, Formation of Sm (D18:1/15:0)",Glycerophospholipid metabolism,259230.1 or 166929.1,NA,HMDB01348
SMS3,0.3417846963325168,0,0.5416446721261619,0.2657049326302978,"Sphingomyelin Synthase, Formation of Sm (D18:1/16:1)",Glycerophospholipid metabolism,259230.1 or 166929.1,NA,HMDB01348
SMS4,0.5663260662173659,0,1.4897106702101082,0.41246117298435275,"Sphingomyelin Synthase, Formation of Sm (D18:1/16:0)",Glycerophospholipid metabolism,259230.1 or 166929.1,NA,HMDB01348
SMS9,0.9365742278122688,0,14.37266435991605,0.47072677222012865,"Sphingomyelin Synthase, Formation of Sm (D18:1/20:0)",Glycerophospholipid metabolism,259230.1 or 166929.1,NA,HMDB01348
XOLEST183CEH,0.5643327145314769,0,2.600721752385584,0.7243020462306958,"Hydrolysis of 1-Gamma-Linolenoyl-Cholesterol, Cholesterol-Ester (18:3, Delta 6, 9, 12)",Cholesterol metabolism,3988.1 or 1056.1,NA,PMID: 377822
XOLEST182CEH,-0.5092216512513246,0,2.5472858935783327,7.833310153794498,"Hydrolysis of 1-Linoleoyl-Cholesterol, Cholesterol-Ester (18:2, Delta 9, 12)",Cholesterol metabolism,3988.1 or 1056.1,NA,PMID: 377822
XOLEST205CEH,0.41741860567164446,0,142.25670427203178,58.46974831269831,"Hydrolysis of 1-Timnodnoyl-Cholesterol, Cholesterol-Ester (20:5, Delta 5, 8, 11, 14, 17)",Cholesterol metabolism,3988.1 or 1056.1,NA,PMID: 377822
XOLEST226CEH,0.8221816699600939,0,142.16684649556876,13.873408808593359,"Hydrolysis of Cholesteryl Docosahexanoate, Cholesterol-Ester (22:6, Delta 4, 7, 10, 13, 16, 19)",Cholesterol metabolism,3988.1 or 1056.1,NA,PMID: 377822
PCHOLMYR_HSPLA2,0.5445343736718754,0,0.8092143307075182,0.23862810582401042,Formation of 1-Myristoylglycerophosphocholine by Phospholipase A2,Glycerophospholipid metabolism,8398.1 or 5320.1 or 8398.2 or 50487.1 or 5321.1 or 81579.1 or 5322.1 or 64600.1 or 100137049.1 or 123745.1,NA,"PMID: 19570538, PMID: 18220755"
PAILPALM_HSPLA2,-0.8752224718965982,0,19.503254693013243,293.1051931494713,Formation of 1-Palmitoylglycerophosphoinositol by Phospholipase A2,Glycerophospholipid metabolism,8398.1 or 5320.1 or 8398.2 or 50487.1 or 5321.1 or 81579.1 or 5322.1 or 64600.1 or 100137049.1 or 123745.1,NA,PMID: 1464738
PCHOLSTE_HSPLA2,0.5965688911338095,0,1.050340192695841,0.26540659221105745,Formation of 1-Stearoylglycerophosphocholine by Phospholipase A2,Glycerophospholipid metabolism,8398.1 or 5320.1 or 8398.2 or 50487.1 or 5321.1 or 81579.1 or 5322.1 or 64600.1 or 100137049.1 or 123745.1,NA,"PMID: 19570538, PMID: 18220755"
PCHOL2PALM_HSPLA2,-0.9562015139846852,0,6.682844466753019,298.48041914086343,Formation of 2-Palmitoylglycerophosphocholine by Phospholipase A2,Glycerophospholipid metabolism,8398.1 or 5320.1 or 8398.2 or 50487.1 or 5321.1 or 81579.1 or 5322.1 or 64600.1 or 100137049.1 or 123745.1,NA,"PMID: 19570538, PMID: 18220755"
PCHOLAR_HSPLA2,-0.4474329020130207,0,0.3743087350518559,0.980490479072457,Formation of 1-Arachidonoyl-Glycero-3-Phosphocholine by Phospholipase A2,Glycerophospholipid metabolism,8398.1 or 5320.1 or 8398.2 or 50487.1 or 5321.1 or 81579.1 or 5322.1 or 64600.1 or 100137049.1 or 123745.1,NA,"PMID: 19570538, PMID: 18220755"
PE224_HSPLA2,0.7587658455603283,0,35.49946925656307,4.869144161959656,"Formation of 1-Docosatetraenoyglycerophosphoethanolamine (22:4, Delta 7, 10, 13, 16) by Phospholipase A2",Glycerophospholipid metabolism,8398.1 or 5320.1 or 8398.2 or 50487.1 or 5321.1 or 81579.1 or 5322.1 or 64600.1 or 100137049.1 or 123745.1,NA,PMID: 8171289
PEDH15_HSPLA2,0.6427146398754335,0,2.1218618170625443,0.4614983911638148,Formation of 1-Pentadecanoylglycerophosphoethanolamine (C15:0 Pe) by Phospholipase A2,Glycerophospholipid metabolism,8398.1 or 5320.1 or 8398.2 or 50487.1 or 5321.1 or 81579.1 or 5322.1 or 64600.1 or 100137049.1 or 123745.1,NA,PMID: 8171289
PAILAR_HSPLA2,-0.9838425193046934,0,0.9717399817984522,119.31186117153167,Formation of 1-Arachidonoylglycerophosphoinositol by Phospholipase A2,Glycerophospholipid metabolism,8398.1 or 5320.1 or 8398.2 or 50487.1 or 5321.1 or 81579.1 or 5322.1 or 64600.1 or 100137049.1 or 123745.1,NA,PMID: 1464738
PCHOLN24_HSPLA2,0.5086138188711541,0,0.7610037878031406,0.24787439995278837,"Formation of 1-Lignocericylglycerophosphocholine (24:0), Lysopc A C24 by Phospholipase A2",Glycerophospholipid metabolism,8398.1 or 5320.1 or 8398.2 or 50487.1 or 5321.1 or 81579.1 or 5322.1 or 64600.1 or 100137049.1 or 123745.1,NA,"PMID: 19570538, PMID: 18220755"
PCHOLN261_HSPLA2,-0.9482064240528526,0,0.4833114430197762,18.179676550432156,Formation of Lysopc A C26:1 (Delta 5) by Phospholipase A2,Glycerophospholipid metabolism,8398.1 or 5320.1 or 8398.2 or 50487.1 or 5321.1 or 81579.1 or 5322.1 or 64600.1 or 100137049.1 or 123745.1,NA,"PMID: 19570538, PMID: 18220755"
GPDDACHOL,-0.5960261716838717,0,16.768543793373627,66.24942726316452,Glycerophosphocholine Phosphodiesterase,Glycerophospholipid metabolism,56261.1,NA,"PMID: 182119, PMID: 3829393."
GLYC2P3Pc,-0.5960261716838717,0,16.768543793373627,66.24942726316452,Formation of Glycerol-3-Phosphate,"Transport, extracellular",NA,NA,"PMID: 182119, PMID: 3829393."
15KPROSTGF2t,1,0,NA,-304.84103617105484,"Transport of 15-Keto-Prostaglandin F2A, Lactate Antiport","Transport, extracellular",NA,NA,PMID: 11997326
2OXOADPt,-1.0478991820766945,0,-17.605617380006706,752.7170166442871,Transport of 2-Oxoadipate by Alpha-Ketoglutarate Antiport,"Transport, extracellular",NA,NA,NA
56DTHMt,-1,0,NA,310.56136951280234,"Transport of 5, 6-Dihydrothymine, Sodium Symport","Transport, extracellular",NA,NA,NA
BILIVERDt,0.9560169756867621,0,-0.05871299584145055,-2.6110895817761697,Transport of Biliverdin,"Transport, extracellular",NA,NA,NA
C03990t,-1.000000132423156,0,-46.36362762298882,3.0698087415657935e-6,"Transport of Lithocholate, Sodium Symport","Transport, extracellular",6554.1,NA,PMID: 19498215
C03990tx,-0.6947269804063161,0,-0.8094943751197017,-0.1458151047891186,"Transport of Lithocholate, Intracellular","Transport, peroxisomal",NA,NA,NA
C14770ATP,-0.5026740646687524,0,0.3746122759214166,1.1318938171979913,"Transport of 11, 12-EET, FATP","Transport, extracellular",NA,NA,PMID: 23104810
CE2176t,0.5381796582998042,0,93.8369444734782,28.173438341230153,Transport of 3-O-Methyldopa,"Transport, extracellular",NA,NA,PMID: 2095572
CE2510t,-1,0,NA,0.2548860343839624,Transport of 11-Cis-Eicosenoate,"Transport, extracellular",NA,NA,"PMID: 24653705, PMID: 9831619, PMID: 5555776, PMID: 23104810"
CE2513td,1,0,NA,-32.576354225112496,"Transport of 15-Tetracosenoate, Diffusion","Transport, extracellular",NA,NA,NA
CE2537ATP,0.4619910075853764,0,1.2201357738959429,0.449006878234481,"Transport of 15-Hydroxy- (8Z, 11Z, 13E)-Eicosatrienoate, Active Transport","Transport, extracellular",NA,NA,"PMID: 24653705, PMID: 9831619, PMID: 5555776, PMID: 23104810"
CORTSNti,1,0,NA,-84.59844866005183,Intracellular Transport of Cortisone,"Transport, endoplasmic reticular",NA,NA,"PMID: 20649839, PMID: 16317684"
DIDECAETH,0.41401647330709607,0,22.71593279227959,9.413725130519085,Formation of C12:0-Ethanolamide,Glycerophospholipid metabolism,5337.1 or 5338.1,NA,PMID: 19126434
DOCTETETH,0.7587658455603283,0,35.49946925656307,4.869144161959656,"Formation of Docosatetraenoyl Ethanolamide (22:4, Delta 7, 10, 13, 16)",Glycerophospholipid metabolism,5337.1 or 5338.1,NA,PMID: 19126434
EX_15kprostgf2[e],1,0,NA,-304.84103617105484,Exchange of 15-Keto-Prostaglandin F2A,Exchange/demand reaction,NA,NA,NA
EX_2oxoadp[e],-1.0478991820766945,0,-17.605617380006706,752.7170166442871,Exchange of 2-Oxoadipate,Exchange/demand reaction,NA,NA,NA
EX_biliverd[e],0.9560169756867621,0,-0.05871299584145055,-2.6110895817761697,Exchange of Biliverdin,Exchange/demand reaction,NA,NA,NA
EX_C14770[e],-0.5026740646687524,0,0.3746122759214166,1.1318938171979913,"Exchange of 11, 12-EET",Exchange/demand reaction,NA,NA,NA
EX_CE2176[e],-0.5381796582998042,0,-93.8369444734782,-28.173438341230153,Exchange of 3-O-Methyldopa,Exchange/demand reaction,NA,NA,NA
EX_CE2537[e],0.49537326390926006,0,1.1474976278313596,0.3872330718890953,"Exchange of 15-Hydroxy- (8Z, 11Z, 13E)-Eicosatrienoate",Exchange/demand reaction,NA,NA,NA
EX_didecaeth[e],0.41401647330709607,0,22.71593279227959,9.413725130519085,"Exchange of C12:0-Ethanolamide, Didecanoyl Ethanolamide",Exchange/demand reaction,NA,NA,NA
EX_docteteth[e],0.7587658455603283,0,35.49946925656307,4.869144161959656,"Exchange of Docosatetraenoyl Ethanolamide (22:4, Delta 7, 10, 13, 16)",Exchange/demand reaction,NA,NA,NA
EX_hepdeceth[e],0.6994507740917869,0,10.094136968663657,1.7851561800986204,Exchange of Heptadecanoyl Thanolamide (C17:0),Exchange/demand reaction,NA,NA,NA
EX_hxcoa[e],-0.7536774293467238,0,-102.94971153529994,-14.460377472517825,Exchange of Hexanoate,Exchange/demand reaction,NA,NA,NA
EX_leuktrB4wcooh[e],0.46159235921362035,0,1.76011243401072,0.6483736570875015,Exchange of W-Carboxy Leukotriene B4,Exchange/demand reaction,NA,NA,NA
EX_lnlccrn[e],0.5786238256969557,0,-259.0401653153181,-970.4558580123901,Exchange of Linoleyl Carnitine,Exchange/demand reaction,NA,NA,NA
EX_lthstrl[e],-0.9336327358644885,0,-92.41213880556226,-3.1718230208252556,Exchange of Lathosterol,"Transport, extracellular",NA,NA,NA
EX_nwharg[e],2.1008317224451702,0,11.960244372268905,-4.246027386100034,Exchange of N- (Omega)-Hydroxyarginine,Exchange/demand reaction,NA,NA,NA
EX_pailar_hs[e],-0.9838425193046934,0,0.9717399817984522,119.31186117153167,Exchange of 1-Arachidonoylglycerophosphoinositol,Exchange/demand reaction,NA,NA,NA
EX_pailpalm_hs[e],-0.8752224718965982,0,19.503254693013243,293.1051931494713,Exchange of 1-Palmitoylglycerophosphoinositol,Exchange/demand reaction,NA,NA,NA
EX_pchol2palm_hs[e],-0.9562015139846852,0,6.682844466753019,298.48041914086343,Exchange of 2-Palmitoylglycerophosphocholine,Exchange/demand reaction,NA,NA,NA
EX_pcholar_hs[e],-0.4474329020130207,0,0.3743087350518559,0.980490479072457,Exchange of 1-Arachidonoyl-Glycero-3-Phosphocholine,Exchange/demand reaction,NA,NA,NA
EX_pcholmyr_hs[e],0.5445343736718754,0,0.8092143307075182,0.23862810582401042,Exchange of 1-Myristoylglycerophosphocholine,Exchange/demand reaction,NA,NA,NA
EX_pcholn24_hs[e],0.5086138188711541,0,0.7610037878031406,0.24787439995278837,"Exchange of 1-Lignocericylglycerophosphocholine (24:0), Lysopc A C24",Exchange/demand reaction,NA,NA,NA
EX_pcholn261_hs[e],-0.9482064240528526,0,0.4833114430197762,18.179676550432156,Exchange of Lysopc A C26:1 (Delta 5),Exchange/demand reaction,NA,NA,NA
EX_pcholste_hs[e],0.5965688911338095,0,1.050340192695841,0.26540659221105745,Exchange of 1-Stearoylglycerophosphocholine,Exchange/demand reaction,NA,NA,NA
EX_pe12_hs[e],-0.3465658315704182,0,-29.881471300916093,-14.50027461947035,Exchange of 1-Didecanoylglycerophosphoethanolamine (C12:0 Pe),Exchange/demand reaction,NA,NA,NA
EX_pe15_hs[e],-0.4330219836558631,0,-9.64346239220098,-3.8154551989988423,Exchange of 1-Pentadecanoylglycerophosphoethanolamine (C15:0 Pe),Exchange/demand reaction,NA,NA,NA
EX_sphmyln180241_hs[e],0.6454618225940962,0,1.9622880295324414,0.42280289459348425,Exchange of Sphingomyelin (D18:0/24:1),Exchange/demand reaction,NA,NA,NA
EX_sphmyln18114_hs[e],0.9817911918456007,0,93.2954939583391,0.8572042090747461,Exchange of Sphingomyelin (D18:1/14:0),Exchange/demand reaction,NA,NA,NA
EX_sphmyln18115_hs[e],0.6962420266327518,0,2.2269692598418276,0.3987990266127113,Exchange of Sphingomyelin (D18:1/15:0),Exchange/demand reaction,NA,NA,NA
EX_sphmyln18116_hs[e],0.5663260662173659,0,1.4897106702101082,0.41246117298435275,Exchange of Sphingomyelin (D18:1/16:0),Exchange/demand reaction,NA,NA,NA
EX_sphmyln181161_hs[e],0.3417846963325168,0,0.5416446721261619,0.2657049326302978,Exchange of Sphingomyelin (D18:1/16:1),Exchange/demand reaction,NA,NA,NA
EX_sphmyln18120_hs[e],0.9365742278122688,0,14.37266435991605,0.47072677222012865,Exchange of Sphingomyelin (D18:1/20:0),Exchange/demand reaction,NA,NA,NA
EX_sphmyln18121_hs[e],0.939653225057323,0,11.948389013161044,0.37174002723268934,Exchange of Sphingomyelin (D18:1/21:0),Exchange/demand reaction,NA,NA,NA
EX_sphmyln1825_hs[e],0.9231936628857463,0,11.009870943320543,0.4396997949692908,Exchange of Sphingomyelin (D18:0/25:0),Exchange/demand reaction,NA,NA,NA
EX_subeac[e],0.6209835989106455,0,-0.17688476797491204,-0.7565036947223042,Exchange of Suberic Acid,Exchange/demand reaction,NA,NA,NA
EX_xolest182_hs[e],0.5092216512530576,0,-2.5472858935664116,-7.833310153794498,"Exchange of 1-Linoleoyl-Cholesterol, Cholesterol-Ester (18:2, Delta 9, 12)",Exchange/demand reaction,NA,NA,NA
EX_xolest183_hs[e],-0.5643327145314769,0,-2.600721752385584,-0.7243020462306958,"Exchange of 1-Gamma-Linolenoyl-Cholesterol, Cholesterol-Ester (18:3, Delta 6, 9, 12)",Exchange/demand reaction,NA,NA,NA
EX_xolest205_hs[e],-0.41741860567164446,0,-142.25670427203178,-58.46974831269831,"Exchange of 1-Timnodnoyl-Cholesterol, Cholesterol-Ester (20:5, Delta 5, 8, 11, 14, 17)",Exchange/demand reaction,NA,NA,NA
EX_xolest226_hs[e],-0.8221816699602026,0,-142.16684649566412,-13.873408808593359,"Exchange of Cholesteryl Docosahexanoate, Cholesterol-Ester (22:6, Delta 4, 7, 10, 13, 16, 19)",Exchange/demand reaction,NA,NA,NA
HEPDECETH,0.6994507740917869,0,10.094136968663657,1.7851561800986204,Formation of Heptadecanoyl Thanolamide (C17:0),Glycerophospholipid metabolism,5337.1 or 5338.1,NA,PMID: 19126434
HXCOAte,-0.7536774293467238,0,-102.94971153529994,-14.460377472517825,"Transport of Hexanoate, Cytosol","Transport, extracellular",NA,NA,NA
LEUKTRB4WCOOHt,0.46159235921362035,0,1.76011243401072,0.6483736570875015,"Transport of W-Carboxy Leukotriene B4, Active Transport","Transport, extracellular",NA,NA,PMID: 7966417
LNLCCRNtd,0.5786238256969557,0,-259.0401653153181,-970.4558580123901,"Transport of Linoleyl Carnitine, Diffusion","Transport, extracellular",NA,NA,NA
LTHSTRLt,-0.9336327358644885,0,-92.41213880556226,-3.1718230208252556,"Transport of Lathosterol, Diffusion","Transport, extracellular",NA,NA,NA
NWHARGtd,2.1008317224451702,0,11.960244372268905,-4.246027386100034,"Transport of N- (Omega)-Hydroxyarginine, Diffusion","Transport, extracellular",NA,NA,NA
pac,-1,0,NA,1.035593029295767,Transport of Phenylacetate by Diffusion,"Transport, extracellular",NA,NA,NA
SUBEACtd,0.6209835989106455,0,-0.17688476797491204,-0.7565036947223042,Transport of Suberic Acid by Diffusion,"Transport, extracellular",NA,NA,"Glatz JFC, Luiken JJFP, Bonen A. (2010). Physiological Reviews 90: 367-417, Kamp F, Hamilton JA. (2006). Prostaglandins, Leukotrienes and Essential Fatty Acids 75: 149-59, PMCID: PMC2785172, Evtodienko VY, Bondarenko DI, Antonenko YN. (1999). Biochimica et Biophysica Acta (BBA) - Biomembranes 1420: 95-103"
EX_5aop[e],-1,0,-594.3470708642483,NA,Exchange of 5-Amino-4-Oxopentanoate,Exchange/demand reaction,NA,NA,NA
EX_CE2510[e],-0.9943783735143024,0,-187.65175402657985,-0.5289407890362386,Exchange of 11-Cis-Eicosenoate,Exchange/demand reaction,NA,NA,NA
EX_ddca[e],1,0,8.148964037037036,NA,Exchange of Laurate,Exchange/demand reaction,NA,NA,NA
EX_pac[e],-1,0,NA,1.035593029295767,Exchange of Phenylacetate,Exchange/demand reaction,NA,NA,NA
HC02195c,0.8424982907931313,0,3.647968174562619,0.31183813059524984,Formation of Tauroursodeoxycholate,Bile acid synthesis,570.1,NA,"PMID: 11344576, PMID: 6631218"
HC02196c,0.8243378212092844,0,3.267506444055275,0.3146222670508388,Formation of Glycoursodeoxycholate,Bile acid synthesis,570.1,NA,"PMID: 11344576, PMID: 6631218"
HC02220c,0.5659259467171579,0,1.1795785226917659,0.3269787000998491,Formation of Sulfochenodeoxycholate,"Transport, extracellular",6822.1,NA,"PMID: 19131563, PMID: 16949895"
URSCHOLCOAc,0.8338727669395462,0,6.915474608051824,0.626460397169608,Formation of Ursodeoxycholyl Coa,Bile acid synthesis,NA,NA,"PMID: 11344576, PMID: 6631218"
HC02198c,-0.5203118795820907,0,0.1766103796152347,0.5597446481530991,Taurolithocholic Acid 3-Sulfate,Bile acid synthesis,6822.1,NA,"PMID: 19131563, PMID: 16949895"
GLYNATm,0.38185860846115766,0,1.3515633385664318,0.6045895272778347,Glycine-N-Acetyltransferase,Phenylalanine metabolism,10249.1,NA,"PMID:18854818, PMID:21591676"
PHEACGLYsec,0.38185860846115766,0,1.3515633385664318,0.6045895272778347,Secretion of Phenylacetylglycine,"Transport, extracellular",NA,NA,PMID:19072164
EX_pheacgly[e],0.38185860846115766,0,1.3515633385664318,0.6045895272778347,Exchange of Phenylacetylglycine,Exchange/demand reaction,NA,NA,NA
TREt,-0.609895422030594,0,10.06984647982794,41.55654833073318,"Transport of Trehalose, Reversible","Transport, extracellular",NA,NA,PMID: 12065209
RETINALt,-1,0,NA,0.2407285839817232,Transport of Retinal,"Transport, extracellular",NA,NA,PMID: 24870542
1MNCAMt,-0.9970965955638407,0,-968.8771568786622,-1.4085659359810634,Transport of 1-Methylnicotinamide,"Transport, extracellular",NA,NA,PMID: 24870542
EX_1mncam[e],0.9970965955638411,0,968.8771568786622,1.4085659359808749,Exchange of 1-Methylnicotinamide,Exchange/demand reaction,NA,NA,NA
EX_progly[e],-0.7111459625444803,0,-42.36214940687176,-7.151042727689445,Exchange of L-Prolinylglycine,Exchange/demand reaction,NA,NA,NA
HOMOVALte,0.6606750301790616,0,25.07909292200431,5.124399593084771,Transport of Homovanillate by Oat3,"Transport, extracellular",9376.1,NA,"PMID: 11967025, PMID: 12679720, PMID: 21865262"
EX_homoval[e],0.6606750301790616,0,25.07909292200431,5.124399593084771,Exchange of Homovanillate,Exchange/demand reaction,NA,NA,NA
GLYCLTtm,0.37772473258979467,0,12.081135912201553,5.456672078647086,"Transport of Glycolate, Mitochondrial","Transport, mitochondrial",NA,NA,HMDB00115
PCHOL2PALM_HSte,0.9562015139846848,0,-6.682844466753066,-298.48041914086343,Transport of 2-Palmitoylglycerophosphocholine,"Transport, extracellular",NA,NA,NA
XOLEST183te,0.5643327145314769,0,2.600721752385584,0.7243020462306958,"Transport of 1-Gamma-Linolenoyl-Cholesterol, Cholesterol-Ester (18:3, Delta 6, 9, 12)","Transport, extracellular",NA,NA,NA
XOLEST182_HSte,-0.5092216512513246,0,2.5472858935783327,7.833310153794498,"Transport of 1-Gamma-Linolenoyl-Cholesterol, Cholesterol-Ester (18:2, Delta 9, 12)","Transport, extracellular",NA,NA,NA
XOLEST205_HSte,0.41741860567164446,0,142.25670427203178,58.46974831269831,"Transport of 1-Timnodnoyl-Cholesterol, Cholesterol-Ester (20:5, Delta 5, 8, 11, 14, 17)","Transport, extracellular",NA,NA,NA
XOLEST226_HSte,0.8221816699600939,0,142.16684649556876,13.873408808593359,"Transport of Cholesteryl Docosahexanoate, Cholesterol-Ester (22:6, Delta 4, 7, 10, 13, 16, 19)","Transport, extracellular",NA,NA,NA
PE224_HSte,-0.7587658455603283,0,-35.49946925656307,-4.869144161959656,"Transport of 1-Docosatetraenoyglycerophosphoethanolamine (22:4, Delta 7, 10, 13, 16)","Transport, extracellular",NA,NA,NA
PCHOLN261_HSte,0.9482064240528092,0,-0.4833114430201909,-18.179676550432156,Transport of Lysopc A C26:1 (Delta 5),"Transport, extracellular",NA,NA,NA
LNELDCCRNtr,1,0,8.892585298693179,0,"Transport of 6Z,9Z-Octadecadienoylcarnitine","Transport, extracellular",NA,NA,NA
PMTCRNtr,1,0,675.9389132209778,0,Transport of L-Palmitoylcarnitine,"Transport, extracellular",NA,NA,NA
XOLEST183tl,0.5643327145314769,0,2.600721752385584,0.7243020462306958,"Intracellular Transport of 1-Gamma-Linolenoyl-Cholesterol, Cholesterol-Ester (18:3, Delta 6, 9, 12)","Transport, lysosomal",NA,NA,NA
XOLEST182tl,-0.5092216512513246,0,2.5472858935783327,7.833310153794498,"Intracellular Transport of 1-Linoleoyl-Cholesterol, Cholesterol-Ester (18:2, Delta 9, 12)","Transport, lysosomal",NA,NA,NA
XOLEST205tl,0.41741860567164446,0,142.25670427203178,58.46974831269831,"Intracellular Transport of 1-Timnodnoyl-Cholesterol, Cholesterol-Ester (20:5, Delta 5, 8, 11, 14, 17)","Transport, lysosomal",NA,NA,NA
TMNDNCtl,0.41741860567164446,0,142.25670427203178,58.46974831269831,Intracellular Transport of Timnodonic Acid,"Transport, lysosomal",NA,NA,NA
XOLEST226tl,0.8221816699600939,0,142.16684649556876,13.873408808593359,"Intracellular Transport of Cholesteryl Docosahexanoate, Cholesterol-Ester (22:6, Delta 4, 7, 10, 13, 16, 19)","Transport, lysosomal",NA,NA,NA
CRVNCtl,0.8221816699600939,0,142.16684649556876,13.873408808593359,"Intracellular Transport of Cervonic Acid, C22:6 N-3","Transport, lysosomal",NA,NA,NA
PHEACGLYtm,0.38185860846115766,0,1.3515633385664318,0.6045895272778347,"Transport of Phenylacetylglycine, Mitochondrial","Transport, mitochondrial",NA,NA,NA
PACCOALm,0.38185860846115766,0,1.3515633385664318,0.6045895272778347,"Phenylacetate Coenzyme A Ligase, Mitochondrial",Phenylalanine metabolism,NA,NA,NA
PACALDtm,0.38185860846115766,0,1.3515633385664318,0.6045895272778347,Intracellular Transport of Pacald,"Transport, mitochondrial",NA,NA,NA
2MOPtm,0.6942415111333458,0,347.32019656000136,62.68061415991187,"Transport of 2-Methyl-3-Oxopropanoate, Mitochondrial","Transport, mitochondrial",NA,NA,PMID: 22041191.
MMALtm,-1.2332482753311171,0,-600.1389432380677,62.68061415991187,"Transport of Methylmalonate, Mitochondrial","Transport, mitochondrial",NA,NA,PMID: 22041191.
CE2512te,-0.7316317123515939,0,-3.1873662459608636,-0.4939780297596939,Ce2512Te,"Transport, extracellular",NA,NA,PMID: 22041191.
ACNAMt2,0.4776784520837609,0,2.0761060669110263,0.7338504076973535,N-Acetylneuraminate Proton Symport,"Transport, extracellular",NA,NA,PMID: 21749716.
ADRNLtu,-0.8775970985735215,0,-152.3634285841942,-9.932762329128154,"Adrenaline (Epinephrine) Transport, Uniport","Transport, extracellular",NA,NA,PMID: 21749716.
ARGtD,0.9549589945480671,0,-1.6740048097617926,-72.65847480365485,L-Arginine Transport via Diffusion,"Transport, extracellular",6541.1 or 6542.1 or 84889.1,NA,PMID: 21749716.
PPPGOc,0.38984558959059157,0,5.057309069318744,2.220203061807249,Protoporphyrinogen Oxidase (Aerobic),Heme synthesis,NA,NA,PMID: 21749716.
SPRMt2r,-0.45645680758963564,1.8531514853956724e-8,-36.87735752253533,-13.762465547213704,Spermine Transport via Proton Antiport,"Transport, extracellular",NA,NA,PMID: 21749716.
UNK3r,0.4081070643909542,0,9.735513354283972,4.092289375325732,"2-Keto-4-Methylthiobutyrate Transamination, Reversible",Methionine and cysteine metabolism,NA,NA,NA
ACGALtr,0.553952301610206,0,132.42224757424594,38.01058673737347,N-Acetylgalactosamine Export,"Transport, extracellular",NA,NA,PMID: 25901891.
DDCAte,1,0,8.148964037037036,NA,Transport of Laurate into Extracellular Space,"Transport, extracellular",11001.1,NA,PMID: 24653705
EX_acgal[e],0.5558157649909964,0,134.4983536610961,38.39917917997837,Exchange of N-Acetylgalactosamine,Exchange/demand reaction,NA,NA,NA
EX_HC00342[e],-1,0,NA,992.7813612243652,Exchange of Cis-Aconitate,Exchange/demand reaction,NA,NA,NA
EX_pa_hs[e],0.4978020053514603,0,81.79702028646767,27.425720762372016,Exchange of Phosphatidate,Exchange/demand reaction,NA,NA,NA
C02592tx,-0.6947269804063161,0,-0.8094943751197017,-0.1458151047891186,"Transprot of Taurolithocholate, Peroxisomal","Transport, peroxisomal",NA,NA,NA
PROSTGE2t2r,-0.9541555488502663,0,2.388849166200962,101.8265621340096,"Transport of Prostaglandin E2, Endoplasmatic Reticulum","Transport, endoplasmic reticular",NA,NA,NA
LTHSTRLtr,1,0,62.86005256291032,NA,"Transport of 5Alpha-Cholest-7-En-3Beta-Ol, Endoplasmatic Reticulum","Transport, endoplasmic reticular",NA,NA,NA
sink_25hvitd2[c],-0.45334434396621764,0,-5.865636993658167,-2.2062793667147345,sink_25hvitd2[c],Exchange/demand reaction,NA,NA,NA
sink_C02528[c],-1,0,NA,86.41638361723125,Sink for Chenodeoxycholate,Exchange/demand reaction,NA,NA,NA
sink_HC02191[c],2.3305884583234464,0,47.37966202057781,-18.928436290679127,Sink for Lithocholate,Exchange/demand reaction,NA,NA,NA
sink_HC02192[c],-1.002706525871272,0,-397.57889618113785,0.5373016737526631,Sink for Taurolithocholate,Exchange/demand reaction,NA,NA,NA
sink_HC02193[c],-1,0,-484.9278353534607,NA,Sink for Glycolithocholate,Exchange/demand reaction,NA,NA,NA
sink_HC02198[c],-0.5203118795820924,0,0.176610379615234,0.5597446481530991,Sink for Sulfotaurolithocholate,Exchange/demand reaction,NA,NA,NA
sink_HC02220[c],0.5659259467171579,0,1.1795785226917659,0.3269787000998491,Sink for Sulfochenodeoxycholate,Exchange/demand reaction,NA,NA,NA
sink_c226coa[c],-0.7620688575290522,0,-609.7248598304749,-82.33079647967816,sink_c226coa[c],Exchange/demand reaction,NA,NA,NA
sink_coa[c],1,0,310.06555242576377,NA,sink_coa[c],Exchange/demand reaction,NA,NA,NA
sink_dgchol[c],-1,0,NA,501.2354035750866,Sink for Glycochenodeoxycholate,Exchange/demand reaction,NA,NA,NA
sink_fad[c],0.5646350324812572,0,0.5158830574985775,0.1435461982563198,sink_fad[c],Exchange/demand reaction,NA,NA,NA
sink_glygn2[c],-0.7201468566617282,0,-921.9148406860352,-149.98763916988372,sink_glygn2[c],Exchange/demand reaction,NA,NA,NA
sink_hdca[c],1,0,180.58298199542762,NA,sink_hdca[c],Exchange/demand reaction,NA,NA,NA
sink_lnlc[c],0.6533202331566073,0,134.35913127129078,28.173363736969232,sink_lnlc[c],Exchange/demand reaction,NA,NA,NA
sink_lnlncgcoa[c],1.371457933494366,0,63.25440169099197,-9.90797644128408,sink_lnlncgcoa[c],Exchange/demand reaction,NA,NA,NA
sink_pydx[c],0.5131693673677978,0,61.646230612823366,19.83338686061092,sink_pydx[c],Exchange/demand reaction,NA,NA,NA
sink_pydxn[c],-0.7405331679716731,0,-43.385248347739875,-6.467577379561588,sink_pydxn[c],Exchange/demand reaction,NA,NA,NA
sink_retfa[c],-1,0,NA,23.915340334665764,sink_retfa[c],Exchange/demand reaction,NA,NA,NA
sink_tag_hs[c],-0.7536249903342135,0,-0.9842796078502357,-0.13828606414403422,sink_tag_hs[c],Exchange/demand reaction,NA,NA,NA
sink_tchola[c],1,0,NA,-374.80877884792835,Sink for Taurocholate,Exchange/demand reaction,NA,NA,NA
sink_tmndnc[c],0.39228304943242726,0,174.7525727522731,76.27766542165577,sink_tmndnc[c],Exchange/demand reaction,NA,NA,NA
sink_tmndnccoa[c],1,0,NA,-551.6024196250916,sink_tmndnccoa[c],Exchange/demand reaction,NA,NA,NA
sink_vitd3[c],-0.6010072039413937,0,-3.3836797279994206,-0.8432590636180132,sink_vitd3[c],Exchange/demand reaction,NA,NA,NA
DXTRNt,0.7201468566617282,0,921.9148406860352,149.98763916988372,Transport of Phosphorylase-Limit Dextrin,"Transport, extracellular",NA,NA,NA
EX_dxtrn[e],0.7201468566617282,0,921.9148406860352,149.98763916988372,Exchange of Phosphorylase-Limit Dextrin,Exchange/demand reaction,NA,NA,NA
DHCHOLESTANATEt,0.4411017175216591,0,-265.3185881676316,-684.1156702134132,"Transport of 3Alpha, 7Alpha-Dihydroxy-5Beta-Cholestanate, Sodium Symport","Transport, extracellular",6554.1,NA,PMID: 19498215
EX_dhcholestanate[e],0.4411017175216591,0,-265.3185881676316,-684.1156702134132,"Exchange of 3Alpha, 7Alpha-Dihydroxy-5Beta-Cholestanate",Exchange/demand reaction,NA,NA,NA
XOL7AONEt,0.9853578340764413,0,-1.689658562193939,-229.1038689821601,"Transport of 7Alpha-Hydroxycholest-4-En-3-One, Sodium Symport","Transport, extracellular",6554.1,NA,PMID: 19498215
EX_xol7aone[e],0.9853578340764413,0,-1.689658562193939,-229.1038689821601,Exchange of 7Alpha-Hydroxycholest-4-En-3-One,Exchange/demand reaction,NA,NA,NA
ACONT,0.7507319775480271,0,-7.267798734518887,-51.0453267360311,Aconitase,Citric acid cycle,3658.1 or 48.1,NA,"PMID:10419470,PMID:17244191,PMID:17244192"
ALAR,-0.924044216571891,0,31.452598547045888,796.729196900177,Alanine Racemase,Alanine and aspartate metabolism,11212.1,NA,NA
AMPTASECG,0.9956638054218798,0,50.0940502827853,0.10884476064663613,Alanyl Aminopeptidase (Cys-Gly),Glutathione metabolism,290.1,NA,PMID:12675513
ASP1DC,0.81050659971508,0,16.292778621138282,1.705254220832337,Aspartate 1-Decarboxylase,Beta-Alanine metabolism,2571.1 or 2571.2,NA,NA
ASPTA,-0.3996031953430801,0,-87.2068387568365,-37.4096797635571,Aspartate Transaminase,Alanine and aspartate metabolism,2805.1,NA,"PMID:2225456,PMID:6930651"
BUTt2r,0.46320117830740376,0,-50.10863456391692,-136.58564470412583,"Butyrate Transport via Proton Symport, Reversible","Transport, extracellular",6566.1,NA,"PMID:10510291,PMID:11827462,PMID:12739169,PMID:7835905,PMID:8476015,PMID:9508842,PMID:9649795,PMID:9824713"
CBPS,0.48351528515131353,0,0.5740454967385903,0.19985350178779107,Carbamoyl-Phosphate Synthase (Glutamine-Hydrolysing),Pyrimidine synthesis,790.1,NA,NA
CPPPGO,0.38984558959059157,0,5.057309069318744,2.220203061807249,Coproporphyrinogen Oxidase (O2 Required),Heme synthesis,1371.1,NA,PMID:8407975
CTPS1,0.8589734978705029,0,4.2157752338729395,0.31981953248839634,CTP Synthase (NH3),Nucleotide interconversion,1503.1 or 56474.1,NA,NA
CTPS2,0.8331741025691205,0,2.5219666532222864,0.2295086700302631,CTP Synthase (Glutamine),Pyrimidine synthesis,1503.1 or 56474.1,NA,NA
DGK1,-3.9949234665142686,0,-0.2409896439437656,0.4019217322847399,Deoxyguanylate Kinase (dGMP:ATP),Nucleotide interconversion,2987.1,NA,NA
DHPR,0.48845706903717795,0,33.425285579144955,11.487377707497776,"6, 7-Dihydropteridine Reductase",Tetrahydrobiopterin metabolism,5860.1,NA,PMID:10727395
DMATT,0.4261401003477884,0,2.0505001445428204,0.8250941172590479,Dimethylallyltranstransferase,Cholesterol metabolism,9453.1,NA,"PMID:17477828,PMID:17477829"
DPCOAK,0.697589505411634,0,2.5388599038980906,0.45227534499998034,Dephospho Coenzyme A Kinase,CoA synthesis,80347.1,NA,NA
DURIPP,1.870367620316669,0,115.93678631323688,-382.34556257505415,Deoxyuridine Phosphorylase,Nucleotide interconversion,4860.1 or 151531.1,NA,"PMID:11278417,PMID:12849978,PMID:6087295,PMID:9305963"
EX_acac[e],1,0,404.1564651109874,NA,Exchange of Acetoacetate,Exchange/demand reaction,NA,NA,NA
EX_asp_L[e],1,0,NA,-97.63239346488007,Exchange of L-Aspartate,Exchange/demand reaction,NA,NA,NA
EX_dcyt[e],1,0,113.64846154725254,NA,Exchange of Deoxycytidine,Exchange/demand reaction,NA,NA,NA
EX_duri[e],-1,0,NA,403.52464096345903,Exchange of Deoxyuridine,Exchange/demand reaction,NA,NA,NA
EX_fe2[e],-0.34599042392221907,0,-4.252062107743738,-2.0660543248430847,Exchange of Iron (Fe2+),Exchange/demand reaction,NA,NA,NA
EX_glyb[e],0.77904200976632,0,415.86539641804694,51.65070959304329,Exchange of Glycine Betaine,Exchange/demand reaction,NA,NA,NA
EX_glyphe[e],-0.400074173443187,0,-50.08125227350295,-21.459603523213417,Exchange of Glycylphenylalaine,Exchange/demand reaction,NA,NA,NA
EX_glypro[e],1.0045254593546613,0,408.0057208688557,-0.9211224021348462,Exchange of Glypro,Exchange/demand reaction,NA,NA,NA
EX_ins[e],-0.8025139254275334,0,1.3267205570491496,12.109371683088177,Exchange of Inosine,Exchange/demand reaction,NA,NA,NA
EX_o2[e],-1,0,-997.470102758789,NA,Exchange of Oxugen,Exchange/demand reaction,NA,NA,NA
EX_ser_L[e],-1,0,-643.2909219816208,NA,Exchange of L-Serine,Exchange/demand reaction,NA,NA,NA
EX_so4[e],-0.6830588317143528,0,-121.52732035588622,-22.885124492639104,Exchange of Sulfate,Exchange/demand reaction,NA,NA,NA
FBA2,0.8200537761206447,0,3.9084533031346074,0.3864234245907499,D-Fructose 1-Phosphate D-Glyceraldehyde-3-Phosphate-Lyase,Fructose and mannose metabolism,226.2 or 226.1 or 226.3 or 229.1 or 230.1,NA,NA
FBP,0.5835896541942079,0,2.4343075415116693,0.6401095400401041,Fructose-Bisphosphatase,Glycolysis/gluconeogenesis,2203.1 or 8789.1,NA,PMID:9678974
FCLTc,0.3721056103199704,0,4.545366538892226,2.0800222135555715,"Ferrochelatase, Cytosol",Heme synthesis,NA,NA,PMID: 21749716.
FERO,-0.8003288652329581,0,2.1639144820641,19.510870755058527,Ferroxidase,Vitamin B2 metabolism,9843.1,NA,"Sareen S. Gropper, Jack L. Smith, James L. Groff (2009) Advanced nutrition and human metabolism, Wadsworth cengage learning, 5th edition, page 472-476."
FMNAT,0.5646350324794972,0,0.5158830574985895,0.1435461982570649,FMN Adenylyltransferase,Vitamin B2 metabolism,80308.1 or 80308.2,NA,"PMID:16643857,PMID:17049878"
FPGS7,-0.33021182661249354,0,0.20349901005592,0.40415283612914393,Folylpolyglutamate Synthetase (10Fthf),Folate metabolism,2356.1,NA,PMID:10777604
FUM,-0.7513908346844312,0,126.89659086471796,893.9554819351197,Fumarase,Citric acid cycle,2271.1,NA,NA
G3PD1,0.43654438042621696,0,196.24955565884858,76.97493824870773,Glycerol-3-Phosphate Dehydrogenase (NAD),Glycerophospholipid metabolism,2819.1,NA,"PMID:11385633,PMID:7772607"
G6PDH2r,1,0,118.81831032129229,0,Glucose 6-Phosphate Dehydrogenase,Pentose phosphate pathway,2539.1,NA,NA
GALU,0.9106808063891596,0,548.8302007356643,25.65633715221435,UTP-Glucose-1-Phosphate Uridylyltransferase,Galactose metabolism,7360.1 or 7360.2,NA,PMID:9119383
GALt2_2,-0.7282661592820318,0,-168.7784279034853,-26.536890859222414,D-Galactose Transport via Proton Symport,"Transport, extracellular",6523.1,NA,"PMID:11024018,PMID:11034615,PMID:12748858,PMID:2490366,PMID:8063771"
GF6PTA,0.9358097953307086,0,205.9068086245179,6.827737012328953,Glutamine-Fructose-6-Phosphate Transaminase,Aminosugar metabolism,2673.1 or 9945.1,NA,"PMID:10198162,PMID:11842094,PMID:1460020"
GHMT2r,2.5821811262534307,0,332.34040476305483,-146.78842229775358,"Glycine Hydroxymethyltransferase, Reversible","Glycine, serine, alanine, and threonine metabolism",6470.1 or 6470.2,NA,"PMID:8505317,PMID:8611185,PMID:9038835"
GLYPHEHYc,0.400074173443187,0,50.08125227350295,21.459603523213417,Hydrolysis of Glycylphenylalanine,Pentose phosphate pathway,NA,NA,most probable reaction. added during gap filling.
GLYPROPRO1c,-1.0045254593546613,0,-408.0057208688557,0.9211224021348462,Hydrolysis of Prolylglycine,"Transport, extracellular",5184.1,NA,"PMID: 14580160, PMID: 2317925, PMID: 18340504, Rubino A, Pierro M, Torretta GL, Vetrella M, Martino DD, Auricch S. (1969). Pediatric Research 3: 313-9"
GMAND,0.9410176708494559,0,143.3467768448472,4.3559246788475665,GDP-D-Mannose Dehydratase,Fructose and mannose metabolism,2762.1,NA,NA
GMPS2,0.45748374770656086,0,0.20988269724369712,0.07812421545630423,GMP Synthase,Nucleotide interconversion,8833.1,NA,NA
GRTT,0.4261401003477884,0,2.0505001445428204,0.8250941172590479,Geranyltranstransferase,Cholesterol metabolism,9453.1,NA,"PMID:17477828,PMID:17477829"
GTPCI,0.36655323772058246,0,1.4144433580259326,0.6556455620153109,GTP Cyclohydrolase I,Tetrahydrobiopterin metabolism,2643.1,NA,PMID:10727395
HEX1,0.6654046184674806,0,1.6791258669358478,0.3373521088259748,Hexokinase (D-Glucose:ATP),Glycolysis/gluconeogenesis,3098.3 or 80201.1 or 2645.3 or 3098.4 or 3099.1 or 2645.2 or 3098.5 or 2645.1 or 3098.1 or 3101.1 or 3098.2,NA,NA
HMBS,0.7568148076518909,0,19.90795281153172,2.7557368668813726,Hydroxymethylbilane Synthase,Heme synthesis,3145.1,NA,PMID:2875434
IMPD,0.9975187651422955,0,774.6365668887138,0.9622213745160494,IMP Dehydrogenase,Nucleotide interconversion,3614.1 or 3615.1 or 3614.2,NA,PMID:16464785
INSt2,-34.34645537949225,0,-22.10957125703022,23.435623516883144,"Inosine Transport in via Proton Symport, Reversible","Transport, extracellular",64078.1,NA,NA
LEUTA,1.3636324268660682,0,135.66676246021987,-881.8420341732025,Leucine Transaminase,"Valine, leucine, and isoleucine metabolism",586.1,NA,"PMID:6933702,PMID:9165094"
MAN1PT2,0.7686201296952995,0,68.64772412986159,8.9808440146029,Mannose-1-Phosphate Guanylyltransferase (GDP),Fructose and mannose metabolism,29926.2 or 29926.1 or 29925.2 or 29925.1,NA,NA
MAN6PI,-0.9036016386800191,0,-159.5386435810089,-8.0790347601749,Mannose-6-Phosphate Isomerase,Fructose and mannose metabolism,4351.1,NA,NA
MTHFC,-1.2841285100639621,0,-66.33951006165314,533.3078551018536,Methenyltetrahydrofolate Cyclohydrolase,Folate metabolism,4522.1 or 100287639.1 or 441024.1,NA,PMID:2786332
MTHFD,-0.37411070579144406,0,116.25999069505018,255.24337825796007,Methylenetetrahydrofolate Dehydrogenase (NADP),Folate metabolism,4522.1 or 4524.1,NA,PMID:2786332
NAt3_1,-1.0155323356641295,0,-51.10289823325481,0.3938152490653098,Sodium Proton Antiporter (H:Na Is 1:1),"Transport, extracellular",389015.1 or 6548.1 or 6550.1 or 6549.1 or 6553.1,NA,"PMID:10444453,PMID:12845533,PMID:2536298,PMID:2581505,PMID:7631746,PMID:7759094,PMID:8199403,PMID:8595899,PMID:9933641"
NDPK4,-0.6377146822389302,0,-973.234831451416,-215.29311179313063,Nucleoside-Diphosphate Kinase (ATP:dTDP),Nucleotide interconversion,(4832.1) or (4831.1 and 4830.1) or (10201.1) or (29922.2) or (29922.1) or (4831.1 and 4830.2),NA,NA
NDPK5,-1.2884000782625324,0,-61.49599201653134,7.7501522040959445,Nucleoside-Diphosphate Kinase (ATP:dGDP),Nucleotide interconversion,4832.1 or (4831.1 and 4830.2) or 10201.1 or 29922.2 or 29922.1 or (4831.1 and 4830.1),NA,NA
NDPK7,-0.9835550509177357,0,2.726555742423236,328.87139920214713,Nucleoside-Diphosphate Kinase (ATP:dCDP),Nucleotide interconversion,(4832.1) or (4831.1 and 4830.1) or (10201.1) or (29922.2) or (29922.1) or (4831.1 and 4830.2),NA,NA
NDPK8,0.41870897009401753,0,-43.51000817374885,-106.19128063088357,Nucleoside-Diphosphate Kinase (ATP:dADP),Nucleotide interconversion,(4832.1) or (4831.1 and 4830.1) or (10201.1) or (29922.2) or (29922.1) or (4831.1 and 4830.2),NA,NA
NDPK9,0.4901789106496295,0,-176.54171522243618,-516.0216914714337,Nucleoside-Diphosphate Kinase (ATP:IDP),Nucleotide interconversion,(4832.1) or (4831.1 and 4830.1) or (10201.1) or (29922.2) or (29922.1) or (4831.1 and 4830.2),NA,NA
NNDPR,-0.38200737480188024,0,0.7018972515798785,1.569641996497265,Nicotinate-Nucleotide Diphosphorylase (Carboxylating),NAD metabolism,23475.1,NA,PMID: 20206212
O2t,1,0,916.4155015277862,NA,O2 Transport (Diffusion),"Transport, extracellular",NA,NA,NA
OMPDC,-0.9956549295763487,0,1.8125646859923361,832.4959777606964,Orotidine-5'-Phosphate Decarboxylase,Pyrimidine synthesis,7372.1,NA,"PMID:3279416,PMID:6574608,PMID:6893554,PMID:9042911"
PGI,-0.3439657469206282,0,-464.5462517929077,-226.76043196343483,Glucose-6-Phosphate Isomerase,Glycolysis/gluconeogenesis,2821.1,NA,"PMID:19064002,PMID:2241164,PMID:8530082"
PGK,0.8353072349338585,0,-45.75435474220349,-509.87848952789307,Phosphoglycerate Kinase,Glycolysis/gluconeogenesis,5230.1 or 375056.1 or 5232.1,R01512,NA
PGL,0.8741367231161966,0,244.66131333830356,16.430964850980416,6-Phosphogluconolactonase,Pentose phosphate pathway,25796.1,NA,NA
PGMT,1.177568832351495,0,788.2900007385254,-64.2807395596047,Phosphoglucomutase,Glycolysis/gluconeogenesis,5236.1 or 55276.1,NA,PMID:4829444
PMANM,-0.8975227816885296,0,-159.93454186971186,-8.637391403618874,Phosphomannomutase,Fructose and mannose metabolism,5372.1 or 55276.1 or 5373.1,NA,NA
PNP,0.9988538535207385,0,870.2414645812988,0.4989980578021728,Purine-Nucleoside Phosphorylase,NAD metabolism,4860.1,NA,"PMID:14704851,PMID:9030766"
PNTK,0.7096696507780589,0,2.5859458546830925,0.4391366266094148,Pantothenate Kinase,CoA synthesis,79646.1 or 80025.2 or 53354.1 or 53354.3 or 80025.1 or 53354.2 or 80025.3 or 80025.4 or 55229.1,NA,NA
PPA,-0.6666155846300736,0,5.44067450088126,27.198370697702725,Inorganic Diphosphatase,Oxidative phosphorylation,5464.1 or 64077.1,NA,"PMID:10542310,PMID:15533045"
PPBNGS,0.9941392497967539,0,297.17353543212414,0.8733892873131622,Porphobilinogen Synthase,Heme synthesis,210.1 or 210.2,NA,NA
PPCDC,0.7096696507780589,0,2.5859458546830925,0.4391366266094148,Phosphopantothenoylcysteine Decarboxylase,CoA synthesis,60490.1,NA,PMID:11923312
PPNCL3,0.7560286985404622,0,2.254001794075808,0.31315647155987353,Phosphopantothenate-Cysteine Ligase,CoA synthesis,79717.1,NA,NA
PROt2r,-0.7076376023330384,0,-70.81467872896083,-12.124088410168886,L-Proline Reversible Transport via Proton Symport,"Transport, extracellular",153201.1 or 206358.1,NA,"PMID:11390972,PMID:11959859"
PSERT,0.38115724221687575,0,4.3437497278017165,1.9462650439119316,Phosphoserine Transaminase,"Glycine, serine, alanine, and threonine metabolism",29968.1 or 29968.2,NA,PMID:12633500
PSP_L,-1,0,NA,1.9462650439119316,Phosphoserine Phosphatase (L-Serine),"Glycine, serine, alanine, and threonine metabolism",8781.1 or 5723.1,NA,"PMID:9188776,PMID:9573387"
PUNP1,0.706967590326248,0,288.33519586360455,49.49804420218468,Purine-Nucleoside Phosphorylase (Adenosine),Nucleotide interconversion,4860.1,NA,"PMID:6087295,PMID:9305963"
PUNP2,-0.5128786853330032,0,-46.58710517907738,-15.00025887162704,Purine-Nucleoside Phosphorylase (Deoxyadenosine),Purine catabolism,4860.1,NA,"PMID:6087295,PMID:9305963"
PUNP3,-3.4753768297437806,0,-401.8617222861767,726.5490324827194,Purine-Nucleoside Phosphorylase (Guanosine),Purine catabolism,4860.1,NA,"PMID:6087295,PMID:9305963"
PUNP4,-0.9788954348054545,0,0.2409896439437656,22.59668947640599,Purine-Nucleoside Phosphorylase (Deoxyguanosine),Purine catabolism,4860.1,NA,"PMID:6087295,PMID:9305963"
PUNP5,-1.008842610434504,0,-0.1847102752210691,41.96202854321255,Purine-Nucleoside Phosphorylase (Inosine),Purine catabolism,4860.1,NA,"PMID:14706628,PMID:6087295,PMID:9305963"
PUNP6,-0.8670536145578956,0,48.73633680703938,684.4364628139496,Purine-Nucleoside Phosphorylase (Deoxyinosine),Purine catabolism,4860.1,NA,"PMID:14706628,PMID:6087295,PMID:9305963"
PUNP7,1.001673541374538,0,0.6040204938119401,-722.4511203048706,Purine-Nucleoside Phosphorylase (Xanthosine),Nucleotide interconversion,4860.1,NA,"PMID:6087295,PMID:9305963"
RNDR1,-0.3874496475513608,0,61.18396739426553,138.5839933935642,Ribonucleoside-Diphosphate Reductase (ADP),Nucleotide interconversion,(6240.1 and 6241.1) or 50484.1,NA,PMID:14729598
RNDR3,1,0,152.86832866973876,0,Ribonucleoside-Diphosphate Reductase (CDP),Nucleotide interconversion,(6240.1 and 6241.1) or 50484.1,NA,PMID:14729598
RNDR4,-0.44350591001072237,0,379.3581265113592,984.0278764511108,Ribonucleoside-Diphosphate Reductase (UDP),Nucleotide interconversion,(6240.1 and 6241.1) or 50484.1,NA,PMID:14729598
TMDK1,0.33675475119803133,0,0.8672323297229712,0.4302866489015476,Thymidine Kinase (ATP:Thymidine),Nucleotide interconversion,7084.1 or 7083.1,NA,NA
TPI,-0.3339033882442293,0,-279.8880911315918,-139.76462674627305,Triose-Phosphate Isomerase,Glycolysis/gluconeogenesis,7167.1 or 286016.1,NA,"PMID:18456264,PMID:18840520,PMID:2579079,PMID:999837"
UAG4E,0.8111504587826821,0,60.16137741342783,6.273056149716052,UDP-N-Acetylglucosamine 4-Epimerase,Aminosugar metabolism,2582.1 or 2582.2,NA,NA
UAGDP,0.8556561476071202,0,185.22262639722825,14.407705586500466,UDP-N-Acetylglucosamine Diphosphorylase,Aminosugar metabolism,6675.1 or 91373.1,NA,PMID:9603950
UDPG4E,0.9084666753834211,0,356.10602115268705,17.079453601430355,UDPglucose 4-Epimerase,Galactose metabolism,2582.1 or 2582.2,NA,PMID:11117433
UMPK,-1.2291569866945786,0,-242.15147466876874,24.89313340870887,UMP Kinase,Nucleotide interconversion,51727.1,NA,NA
UPP3S,0.38984558959059157,0,5.057309069318744,2.220203061807249,Uroporphyrinogen-Iii Synthase,Heme synthesis,7390.1,NA,PMID:3174619
UPPDC1,0.38984558959059157,0,5.057309069318744,2.220203061807249,Uroporphyrinogen Decarboxylase (Uroporphyrinogen Iii),Heme synthesis,7389.1,NA,PMID:3015909
URIt2r,-1,0,-473.6898782066941,NA,Uridine Transport in via Proton Symport Reversible,"Transport, extracellular",64078.1,NA,NA
VALTA,-0.34728149491758115,0,-827.7014644162178,-400.99716692192254,Valine Transaminase,"Valine, leucine, and isoleucine metabolism",586.1,NA,"PMID:6933702,PMID:9165094"
r0082,0.8701622881965579,0,23.717132667377033,1.646583430489563,Oxalosuccinate:NADP+ Oxidoreductase (Decarboxylating) Ec:1.1.1.42,Miscellaneous,3417.1,NA,"PMID:16489927,PMID:9866202"
r0220,0.33548075157490614,0,0.3695688875426604,0.183893058062823,Propinol Adenylate:Coa Ligase (AMP-Forming) Ec:6.2.1.17 Ec:6.2.1.1,Miscellaneous,79611.1 or 55902.1 or 84532.1,NA,"PMID:10843999,PMID:1924964,PMID:2009071,PMID:2884217,PMID:7341659"
r0318,0.33548075157490614,0,0.3695688875426604,0.183893058062823,Propanoate:Coa Ligase (AMP-Forming) Ec:6.2.1.1 Ec:6.2.1.17,Miscellaneous,79611.1 or 55902.1 or 84532.1,NA,"PMID:10843999,PMID:1924964,PMID:2009071,PMID:2884217,PMID:7341659"
r0345,0.33335904524790216,0,-44.06256638113558,-88.13023115714654,ATP:AMP Phosphotransferase Ec:2.7.4.11,Nucleotide interconversion,204.1 or 203.1 or 122481.1 or 26289.1 or 205.1 or 100507855.1,NA,PMID:11768308
r0422,0.8701622881965579,0,23.717132667377033,1.646583430489563,Isocitrate:NADP+ Oxidoreductase (Decarboxylating) Ec:1.1.1.42,Miscellaneous,3417.1 or 3418.1,NA,"PMID:10521434,PMID:16489927,PMID:9866202"
r0671,0.4497772679142704,0,0.3319440547459003,0.12598015484451952,(R)-4-Phosphopantothenate:L-Cysteine Ligase Ec:6.3.2.5,CoA synthesis,79717.1,NA,"PMID:11923312,PMID:12906824,PMID:15893380"
ACCOAC,0.4448933267644968,0,3.7492625901457273,1.4404113057692474,Acetyl Coenzyme A Carboxylase,Fatty acid oxidation,31.5 or 31.4 or (31.2 and 32.1) or (31.4 and 32.1) or 31.2 or (32.1 and 31.3) or (31.1 and 32.1) or 31.1 or (31.5 and 32.1) or 31.3,NA,NA
FPGS,0.8697308860452644,0,1.6866729386898471,0.11751498084266931,Folylpolyglutamate Synthetase,Folate metabolism,2356.1,NA,PMID:10777604
EX_pnto_R[e],-1.7129983769139414,0,-1.586465483027196,0.41693622969103017,Exchange of (R)-Pantothenate,Exchange/demand reaction,NA,NA,NA
GLYt2r,-0.9310704817060539,0,-48.17359684659094,-1.7195554779484867,Glycine Reversible Transport via Proton Symport,"Transport, extracellular",153201.1 or 206358.1,NA,"PMID:11390972,PMID:11959859"
ALAt2r,-0.9561558507147874,0,-219.83436481416672,-4.927240692713856,L-Alanine Reversible Transport via Proton Symport,"Transport, extracellular",153201.1 or 206358.1,NA,"PMID:11390972,PMID:11959859"
NTD2,0.7329162296685043,0,9.678481677792947,1.491685133610716,5'-Nucleotidase (UMP),Pyrimidine catabolism,51251.1,NA,PMID:11795870
NTD7,0.436572022135031,0,2.294082129052488,0.899746086595241,5'-Nucleotidase (AMP),Nucleotide interconversion,22978.1 or 93034.2 or 93034.1 or 30833.1 or 84618.1 or 51251.1,NA,PMID:11133996
NADS2,0.35220274275311636,0,0.7299122474297226,0.3496777051000352,NAD Synthase (Glutamine-Hydrolysing),NAD metabolism,55191.1,NA,NA
GUAt,5.292714752881832,0,500.6184155647993,-733.8593571990967,Transport of Guanine,"Transport, extracellular",3177.1,NA,"PMID:12006583,PMID:12838422"
GCALDD,0.39682666922344834,0,1.8428390681501279,0.7957690122277127,Glycolaldehyde Dehydrogenase,Glyoxylate and dicarboxylate metabolism,218.1 or 223.1 or 8854.2 or 224.1 or 222.1 or 8854.1 or 221.1 or 216.1 or 8854.3 or 501.1 or 220.1,NA,PMID:11434452
ABUTD,0.5368875335395565,0,20.704340560837636,6.238867850976507,Aminobutyraldehyde Dehydrogenase,Beta-Alanine metabolism,223.1,NA,PMID:8786138
AICART,0.44114471628428314,0,-161.05230456509366,-415.3126659664154,Phosphoribosylaminoimidazolecarboxamide Formyltransferase,Purine synthesis,471.1,NA,"PMID:11948179,PMID:14966129,PMID:9378707"
ALDD2x,0.875497899638271,0,243.7671624296069,16.182115547854455,"Aldehyde Dehydrogenase (Acetaldehyde, NAD)",Glycolysis/gluconeogenesis,218.1 or 501.1 or 8854.2 or 224.1 or 222.1 or 8854.1 or 221.1 or 216.1 or 8854.3 or 223.1 or 220.1 or 219.1,NA,PMID:12616643
ARGSL,0.8358117352780554,0,4.052244110543295,0.36241784272015864,Argininosuccinate Lyase,Alanine and aspartate metabolism,435.1,NA,"PMID:11747432,PMID:12408190,PMID:3463959"
CSND,0.4722217281055602,0,8.345740772644406,2.9918731387921813,Cytosine Deaminase,Pyrimidine catabolism,NA,NA,NA
CYTK1,0.8021901162007897,0,-37.92506285754275,-345.5245618946675,Cytidylate Kinase (CMP),Nucleotide interconversion,51727.1,NA,NA
CYTK2,-1137.7936753327022,0,-113.236675687702,113.03780441164821,Cytidylate Kinase (dCMP),Nucleotide interconversion,51727.1,NA,NA
EX_csn[e],-0.4722217281063342,0,-8.345740772644406,-2.9918731387862207,Exchange of Cytosine,Exchange/demand reaction,NA,NA,NA
EX_glcr[e],0.6002142802760192,0,7.4525312666082755,1.8618853817955823,Exchange of Glcr,Exchange/demand reaction,NA,NA,NA
EX_hxan[e],10.04292508391799,0,86.03055702780932,-70.44943945723064,Exchange of Hypoxanthine,Exchange/demand reaction,NA,NA,NA
EX_malt[e],-1,0,-88.00718509555608,NA,Exchange of Maltose,Exchange/demand reaction,NA,NA,NA
EX_spmd[e],0.8426209575063226,0,64.35430117455078,5.496528332613293,Exchange of Spermidine,Exchange/demand reaction,NA,NA,NA
EX_trp_L[e],1,0,NA,-45.73875307660103,Exchange of L-Tryptophan,Exchange/demand reaction,NA,NA,NA
EX_xyl_D[e],-1.9827812913347052,0,-348.6919454567671,114.88871860285457,Exchange of D-Xylose,Exchange/demand reaction,NA,NA,NA
FACOAL161,0.643550164808358,0,0.5103659851075378,0.1106871424884157,Fatty-Acid- Coenzyme A Ligase (Hexadecenoate),Fatty acid oxidation,2180.1 or 81616.1,NA,NA
G6PDA,0.7610578110516057,0,39.70901362773329,5.38776102502076,Glucosamine-6-Phosphate Deaminase,Aminosugar metabolism,132789.1 or 10007.1,NA,PMID:9714720
GALT,0.9962115811395819,0,614.0704301320076,1.1653854837417255,Galactose-1-Phosphate Uridylyltransferase,Galactose metabolism,2592.1 or 2592.3 or 2592.2,NA,PMID:1427861
GLUPRT,-0.34449922149750895,0,0.4993223867278146,1.0241613469407551,Glutamine Phosphoribosyldiphosphate Amidotransferase,Purine synthesis,5471.1,NA,"PMID:8106516,PMID:8380692,PMID:9108165"
GLYOX,-0.85180095258562,0,1.233634714855606,15.414714061722346,Hydroxyacylglutathione Hydrolase,Pyruvate metabolism,3029.1 or 84264.2 or 84264.1,NA,"PMID:15117945,PMID:8550579"
GND,0.8301779459285394,0,244.28671304192542,22.667343076357383,Phosphogluconate Dehydrogenase,Pentose phosphate pathway,5226.1,NA,PMID:8978909
HISD,-0.7988892646532186,0,31.08292914785454,278.0296509862423,Histidase,Histidine metabolism,3034.1,NA,PMID:8530107
HYXNt,-10.04292508391799,0,-86.03055702780932,70.44943945723064,Hypoxanthine Transport,"Transport, extracellular",3177.1,NA,"PMID:12006583,PMID:12838422"
IMPC,-0.44114471628428314,0,161.05230456509366,415.3126659664154,IMP Cyclohydrolase,Purine synthesis,471.1,NA,"PMID:11948179,PMID:14966129,PMID:9378707"
IZPN,-0.7988892646532186,0,31.08292914785454,278.0296509862423,Imidazolonepropionase,Histidine metabolism,144193.1,NA,NA
LCADi,-0.7565846052366895,0,4.316712900885689,31.15115802061558,Lactaldehyde Dehydrogenase,Pyruvate metabolism,218.1 or 223.1 or 8854.2 or 224.1 or 222.1 or 8854.1 or 221.1 or 216.1 or 8854.3 or 501.1 or 220.1,NA,"PMID:15987839,PMID:2296157,PMID:6487654"
LDH_L,1.6099805576018722,0,398.07740698440074,-93.03497605520934,L-Lactate Dehydrogenase,Glycolysis/gluconeogenesis,(3945.1 and 3939.1) or 160287.1 or 3948.2 or 3939.1 or 3948.1 or 55293.1 or 3945.1 or 92483.1,NA,"PMID:11377399,PMID:15240094,PMID:2440048"
LGTHL,-0.8720148253378243,0,29.05100993620753,424.9236009964943,Lactoylglutathione Lyase,Pyruvate metabolism,2739.1,NA,"PMID:7684374,PMID:8449929"
MDH,-4.832502662035474,0,-244.70353377526254,372.4026146913856,Malate Dehydrogenase,Citric acid cycle,130752.1 or 4190.1,NA,"PMID:15565635,PMID:9933076"
MI1PP,-0.7096132599963237,0,25.038783581007642,147.41250383446217,Myo-Inositol 1-Phosphatase,Inositol phosphate metabolism,3612.1 or 3613.1 or 8776.1 or 8898.1,NA,"PMID:1377913,PMID:2906139,PMID:9322233"
MI3PP,-0.7403265985098288,0,23.578204445120694,158.02071411807415,Myo-Inositol 3-Phosphatase,Inositol phosphate metabolism,3612.1 or 3613.1,NA,"PMID:1377913,PMID:2906139,PMID:9322233"
NTD3,-0.4465227029957841,0,0.8778150834494738,2.2941852432153698,5'-Nucleotidase (dCMP),Pyrimidine catabolism,93034.1 or 30833.1 or 93034.2 or 2978.1 or 84618.1 or 51251.1 or 4907.1,NA,PMID:11133996
NTD5_a,0.9988538535207385,0,870.2414645812988,0.4989980578021728,5-Nucleotidase (dTMP),Vitamin B2 metabolism,NA,NA,PMID: 21749716.
ORNDC,0.8879320368389988,0,54.73103207029998,3.2488432666715847,Ornithine Decarboxylase,Urea cycle,4953.1,NA,PMID:2317811
PFK,0.7899668300205038,0,1.2949616824438794,0.15194969124794006,Phosphofructokinase,Glycolysis/gluconeogenesis,5214.1 or 5211.2 or (5214.1 and 5211.1) or (5214.1 and 5213.1) or 5213.1 or (5214.1 and 5211.2) or 5211.1 or (5211.1 and 5213.1) or (5213.1 and 5211.2),NA,NA
PHETA1,0.3962989079866375,0,-346.59547988770845,-801.6399116760253,Phenylalanine Transaminase,Phenylalanine metabolism,2805.1,NA,NA
PIt7,-0.47612254533688503,0,-995.3682750488281,-353.2572549835205,Phosphate Transport In/Out via Three Na+ Symporter,"Transport, extracellular",10050.1 or 10786.1 or 10246.1 or 6568.1 or 6569.1 or 10568.1,NA,"PMID:12750889,PMID:12811560,PMID:8815811"
PRFGS,-0.34449922149750895,0,0.4993223867278146,1.0241613469407551,Phosphoribosylformylglycinamidine Synthase,Purine synthesis,5198.1,NA,NA
TYRTA,-1.5053388708101865,0,-630.8613074913025,127.24775258142948,Tyrosine Transaminase,Tyrosine metabolism,2805.1 or 6898.1,NA,NA
XYLt,1.9827812913347052,0,348.6919454567671,-114.88871860285457,D-Xylose Reversible Transport,"Transport, extracellular",6515.1,NA,"PMID:10421229,PMID:12750891,PMID:3170580,PMID:8504756,PMID:9230074"
r0392,-0.9968204519443454,0,-788.6545034751892,-1.255778851156128,D-Glyceraldehyde:NAD+ Oxidoreductase Ec:1.2.1.3,Miscellaneous,224.1 or 217.1 or 219.1 or 223.1 or 501.1,NA,"PMID:12705826,PMID:170276,PMID:6189823,PMID:6285247,PMID:8155713"
r0792,-2.1274922349069953,0,-109.21195855554026,302.9373877413988,5-Methyltetrahydrofolate:NAD+ Oxidoreductase / Ec:1.5.1.20,Folate metabolism,4524.1,NA,"PMID:1119805,PMID:2383427"
EX_gam[e],-0.3366899601939082,0,-1.1245438177492935,-0.5580360642543994,Exchange of D-Glucosamine,Exchange/demand reaction,NA,NA,NA
URCN,-0.7988892646532186,0,31.08292914785454,278.0296509862423,Urocanase,Histidine metabolism,131669.1,NA,NA
EX_tre[e],0.6098954220305938,0,-10.069846479827946,-41.55654833073318,Exchange of Trehalose,Exchange/demand reaction,NA,NA,NA
DCMPDA,1.0463340252525335,0,18.62813204562785,-822.7081550567627,DCMP Deaminase,Pyrimidine catabolism,1635.1,NA,"PMID:7642519,PMID:7685356"
EX_pheme[e],0.34599042392221907,0,4.252062107743738,2.0660543248430847,Exchange of Heme,Exchange/demand reaction,NA,NA,NA
MTRI,0.4081070643909542,0,9.735513354283972,4.092289375325732,5-Methylthioribose-1-Phosphate Isomerase,Arginine and proline metabolism,NA,NA,PMID:2543672
NADN,-1,0,NA,1.4085659359808749,NAD Nucleosidase,NAD metabolism,NA,NA,PMID:8382685
MTHFD2,-0.5649966293770186,0,-391.2775225561619,-108.7587269939966,Methylenetetrahydrofolate Dehydrogenase (NAD),Folate metabolism,100287639.1 or 441024.1 or 10797.1,NA,PMID:2786332
EX_gua[e],-5.292714752881832,0,-500.6184155647993,733.8593571990967,Exchange of Guanine,Exchange/demand reaction,NA,NA,NA
EX_taur[e],-1,0,NA,873.60930831604,Exchange of Taurine,Exchange/demand reaction,NA,NA,NA
EX_phpyr[e],1.047562668982846,0,17.955363071476857,-772.9745180290222,Exchange of Phenylpyruvate,Exchange/demand reaction,NA,NA,NA
PHPYRte,-1.047562668982846,0,-17.955363071476857,772.9745180290222,Transport of Phenylpyruvate via Proton Symport,"Transport, extracellular",6566.1 or 9194.1 or 9123.1,NA,PMID: 4418160
PHPYRtm,0.8478479452004943,0,366.9594302426815,30.215490124335886,"Transport of Phenylpyruvate via Proton Symport, Mitochondrial","Transport, mitochondrial",51660.1 and 25874.1,NA,"PMID: 22883228, PMID: 25748677"
CE4970tm,0.9022741056669034,0,169.05694456477164,8.684995002348,"2-Methylbutyrylglycine Transport, Mitochondrial","Transport, mitochondrial",NA,NA,NA
CE4970te,0.9022741056669034,0,169.05694456477164,8.684995002348,"2-Methylbutyrylglycine Transport, Extracellular","Transport, extracellular",9152.1,NA,"PMID: 16899062, PMID: 2345678, PMID: 15817498, PMID: 12719981"
EX_CE4970[e],0.9022741056669034,0,169.05694456477164,8.684995002348,Exchange of 2-Methylbutyrylglycine,Exchange/demand reaction,NA,NA,NA
CE2026tm,0.9915586515908212,0,110.40369197918773,0.467953092373925,"3-Methyl-Crotonyl-Glycine Transport, Mitochondrial","Transport, mitochondrial",NA,NA,NA
CE2026te,0.9915586515908212,0,110.40369197918773,0.467953092373925,"3-Methyl-Crotonyl-Glycine Transport, Extracellular","Transport, extracellular",9152.1,NA,"PMID: 20649585, PMID: 12719981"
EX_CE2026[e],0.9915586515908212,0,110.40369197918773,0.467953092373925,Exchange of 3-Methyl-Crotonyl-Glycine,Exchange/demand reaction,NA,NA,NA
VANILPYRc,0.5381796582998042,0,93.8369444734782,28.173438341230153,Formation of Vanilpyruvic Acid from Vanilalanine,Tyrosine metabolism,2875.1 or 84706.1,NA,NA
VANILLACc,0.5381796582998042,0,93.8369444734782,28.173438341230153,Formation of Vanil-Lactate,Tyrosine metabolism,NA,NA,NA
VANILLACte,0.5381796582998042,0,93.8369444734782,28.173438341230153,Secretion of Vanil-Lactate,"Transport, extracellular",NA,NA,NA
EX_vanillac[e],0.5381796582998042,0,93.8369444734782,28.173438341230153,Exchange of Vanil-Lactate,Exchange/demand reaction,NA,NA,NA
2M3OVCOAm,0.3832286690641686,0,10.1993897242404,4.547831689469679,Formation of 2-Methyl-3-Oxo-Valeryl Coa,Propanoate metabolism,38.1,NA,NA
2M3OVACm,0.3832286690641686,0,10.1993897242404,4.547831689469679,Formation of 2-Methyl-3-Oxo-Valerate,Propanoate metabolism,NA,NA,NA
2M3OVACtm,0.3832286690641686,0,10.1993897242404,4.547831689469679,"Transport of 2-Methyl-3-Oxo-Valerate, Mitochondrial","Transport, mitochondrial",NA,NA,NA
2M3HVACc,0.3832286690641686,0,10.1993897242404,4.547831689469679,Formation of 2-Methyl-3-Hydroxy-Valerate,Propanoate metabolism,NA,NA,NA
2M3HVACte,0.3832286690641686,0,10.1993897242404,4.547831689469679,Transport of 2-Methyl-3-Hydroxy-Valerate,"Transport, extracellular",NA,NA,NA
EX_2m3hvac[e],0.3832286690641686,0,10.1993897242404,4.547831689469679,Exchange of 2-Methyl-3-Hydroxy-Valerate,Exchange/demand reaction,NA,NA,NA
PPIOGLYc,0.9809794970957532,0,58.391177603828254,0.5606466724285943,Formation of Propionyl-Glycine,"Glycine, serine, alanine, and threonine metabolism",10249.1,NA,"Chalmers, R. A. and A. M. Lawson (1982). Organic Acids in Man: Analytical Chemistry, Biochemistry and Diagnosis of the Organic Acidurias. London, Chapman and Hall Ltd."
PPIOGLYtm,0.9809794970957532,0,58.391177603828254,0.5606466724285943,"Transport of Propionyl-Glycine, Mitochondrial","Transport, mitochondrial",NA,NA,NA
PPIOGLYte,0.9809794970957532,0,58.391177603828254,0.5606466724285943,"Transport of Propionyl-Glycine, Extracellular","Transport, extracellular",NA,NA,NA
EX_ppiogly[e],0.9809794970957532,0,58.391177603828254,0.5606466724285943,Exchange of Propionyl-Glycine,Exchange/demand reaction,NA,NA,NA
TIGGLYc,0.9757100458178489,0,297.491940749979,3.657452481791139,Formation of Tiglylglycine,"Glycine, serine, alanine, and threonine metabolism",10249.1,NA,"Chalmers, R. A. and A. M. Lawson (1982). Organic Acids in Man: Analytical Chemistry, Biochemistry and Diagnosis of the Organic Acidurias. London, Chapman and Hall Ltd."
TIGGLYtm,0.9757100458178489,0,297.491940749979,3.657452481791139,"Transport of Tiglylglycine, Mitochondrial","Transport, mitochondrial",NA,NA,NA
TIGGLYte,0.9757100458178489,0,297.491940749979,3.657452481791139,"Transport of Tiglylglycine, Extracellular","Transport, extracellular",NA,NA,NA
EX_tiggly[e],0.9757100458178489,0,297.491940749979,3.657452481791139,Exchange of Tiglylglycine,Exchange/demand reaction,NA,NA,NA
TD2GLTRCOAm,0.9053672633223808,0,7.563880758085407,0.3756707432837313,"Acyl Coenzyme A Dehydrogenase for Glutaryl Coenzyme A, Forming Trans-Delta-2-Glutaryl Coenzyme A",Lysine metabolism,NA,NA,"Chalmers, R. A. and A. M. Lawson (1982). Organic Acids in Man: Analytical Chemistry, Biochemistry and Diagnosis of the Organic Acidurias. London, Chapman and Hall Ltd, PMID: 16573641, PMID: 18348873, PMID: 16111821."
3HGLUTCOAm,0.9053672633223808,0,7.563880758085407,0.3756707432837313,"Acyl Coenzyme A Dehydrogenase for Glutaryl Coenzyme A, Forming 3-Hydroxy-Glutaryl Coenzyme A",Lysine metabolism,NA,NA,"Chalmers, R. A. and A. M. Lawson (1982). Organic Acids in Man: Analytical Chemistry, Biochemistry and Diagnosis of the Organic Acidurias. London, Chapman and Hall Ltd, PMID: 16573641, PMID: 18348873, PMID: 16111821."
3OHGLUTACm,0.9053672633223808,0,7.563880758085407,0.3756707432837313,Formation of 3-Hydroxy-Glutarate,Lysine metabolism,NA,NA,"Chalmers, R. A. and A. M. Lawson (1982). Organic Acids in Man: Analytical Chemistry, Biochemistry and Diagnosis of the Organic Acidurias. London, Chapman and Hall Ltd, PMID: 16573641, PMID: 18348873, PMID: 16111821."
3OHGLUTACtm,0.9053672633223808,0,7.563880758085407,0.3756707432837313,"Transport of 3-Hydroxy-Glutarate, Mitochondrial","Transport, mitochondrial",NA,NA,"Chalmers, R. A. and A. M. Lawson (1982). Organic Acids in Man: Analytical Chemistry, Biochemistry and Diagnosis of the Organic Acidurias. London, Chapman and Hall Ltd, PMID: 16573641, PMID: 18348873, PMID: 16111821."
3OHGLUTACOAT3t,0.9053672633223808,0,7.563880758085407,0.3756707432837313,"Transport of 3-Hydroxy-Glutarate, Extracellular, Antiport","Transport, extracellular",9376.1,NA,NA
EX_3ohglutac[e],0.9053672633223808,0,7.563880758085407,0.3756707432837313,Excahnge of 3-Hydroxy-Glutarate,Exchange/demand reaction,NA,NA,NA
3HADICOAx,0.7244121795286268,0,0.4678065685543668,0.07476274765429407,Formation of 3-Hydroxy-Adipoyl Coa,Fatty acid oxidation,(51.1 and 1891.1) or (51.1 and 1962.1) or (51.2 and 1891.1) or (51.2 and 1962.1),NA,"PMID: 2739576, Chalmers, R. A. and A. M. Lawson (1982). Organic Acids in Man: Analytical Chemistry, Biochemistry and Diagnosis of the Organic Acidurias. London, Chapman and Hall Ltd"
3HADPACx,0.7244121795286268,0,0.4678065685543668,0.07476274765429407,Formation of 3-Hydroxy-Adipate,Fatty acid oxidation,NA,NA,"PMID: 2739576, Chalmers, R. A. and A. M. Lawson (1982). Organic Acids in Man: Analytical Chemistry, Biochemistry and Diagnosis of the Organic Acidurias. London, Chapman and Hall Ltd"
3HADPACtxc,0.7244121795286268,0,0.4678065685543668,0.07476274765429407,"Transport of 3-Hydroxy-Adipate, Peroxisomal","Transport, peroxisomal",NA,NA,"PMID: 2739576, Chalmers, R. A. and A. M. Lawson (1982). Organic Acids in Man: Analytical Chemistry, Biochemistry and Diagnosis of the Organic Acidurias. London, Chapman and Hall Ltd"
3HADPACte,0.7244121795286268,0,0.4678065685543668,0.07476274765429407,"Transport of 3-Hydroxy-Adipate, Extracellular","Transport, extracellular",NA,NA,"PMID: 2739576, Chalmers, R. A. and A. M. Lawson (1982). Organic Acids in Man: Analytical Chemistry, Biochemistry and Diagnosis of the Organic Acidurias. London, Chapman and Hall Ltd"
EX_3hadpac[e],0.7244121795286268,0,0.4678065685543668,0.07476274765429407,Exchange of 3-Hydroxy-Adipate,Exchange/demand reaction,NA,NA,NA
3OHSEBCOAx,0.5722194882149901,0,0.3966991798737139,0.10793669679272268,Formation of 3-Hydroxy-Sebacoyl Coa,Fatty acid oxidation,(51.1 and 1891.1) or (51.1 and 1962.1) or (51.2 and 1891.1) or (51.2 and 1962.1),NA,"PMID: 8295400, PMID: 14708889, PMID: 1444166."
3OHSEBACx,0.5722194882149901,0,0.3966991798737139,0.10793669679272268,Formation of 3-Hydroxy-Sebacic Acid,Fatty acid oxidation,NA,NA,"PMID: 8295400, PMID: 14708889, PMID: 1444166."
3OHSEBACtxc,0.5722194882149901,0,0.3966991798737139,0.10793669679272268,"Transportof 3-Hydroxy-Sebacic Acid, Peroxisomal","Transport, peroxisomal",NA,NA,"PMID: 8295400, PMID: 14708889, PMID: 1444166."
3OHSEBACte,0.5722194882149901,0,0.3966991798737139,0.10793669679272268,"Transport of 3-Hydroxy-Sebacic Acid, Extracellular","Transport, extracellular",NA,NA,"PMID: 8295400, PMID: 14708889, PMID: 1444166."
EX_3ohsebac[e],0.5722194882149901,0,0.3966991798737139,0.10793669679272268,Exchange of 3-Hydroxy-Sebacic Acid,Exchange/demand reaction,NA,NA,NA
SUBGLYc,0.8680195163968687,0,2.9498199624543426,0.2084125255488936,Formation of Suberyl-Glycine,"Glycine, serine, alanine, and threonine metabolism",10249.1,NA,"PMID: 2775902, PMID: 947635."
SUBGLYte,0.8680195163968687,0,2.9498199624543426,0.2084125255488936,Transport of Suberyl-Glycine,"Transport, extracellular",NA,NA,"PMID: 2775902, PMID: 947635."
EX_subgly[e],0.8680195163968687,0,2.9498199624543426,0.2084125255488936,Exchange of Suberyl-Glycine,Exchange/demand reaction,NA,NA,NA
CE2510ABCt,0.870098968331336,0,0.8777880034964486,0.060973012215663064,"Transport of 11-Cis-Eicosenoate, Active","Transport, extracellular",376497.1 or 11001.1 or 11000.1 or 10999.1 or 10998.1 or 28965.1,NA,"PMID: 16868315, PMID: 17901542, journal of lipid research (2006) vol 47 page 665-672, 16357361, PMID: 17495600"
PAILPALM_HSSECt,-0.8752224718965982,0,19.503254693013243,293.1051931494713,Transport of 1-Palmitoylglycerophosphoinositol,"Transport, extracellular",NA,NA,PMID: 8145081
PAILR_HSSECt,-0.9838425193046934,0,0.9717399817984522,119.31186117153167,Transport of 1-Arachidonoylglycerophosphoinositol,"Transport, extracellular",NA,NA,PMID: 8145081
PCHOLAR_HSABCt,-0.4474329020130207,0,0.3743087350518559,0.980490479072457,Transport of 1-Arachidonoyl-Glycero-3-Phosphocholine,"Transport, extracellular",5244.1 or 19.1 or 5205.1 or 57198.1 or 57194.1,NA,"PMID: 9070263, OMIM:171060, PMID: 11355874, PMID: 25947375"
PCHOLMYR_HsABCt,0.5445343736718754,0,0.8092143307075182,0.23862810582401042,Transport of 1-Myristoylglycerophosphocholine,"Transport, extracellular",5244.1 or 19.1 or 5205.1 or 57198.1 or 57194.1,NA,"PMID: 9070263, OMIM:171060, PMID: 11355874, PMID: 25947375"
PCHOLN264_HSABCt,0.5086138188711541,0,0.7610037878031406,0.24787439995278837,"Transport of 1-Lignocericylglycerophosphocholine (24:0), Lysopc A C24","Transport, extracellular",5244.1 or 19.1 or 5205.1 or 57198.1 or 57194.1,NA,"PMID: 9070263, OMIM:171060, PMID: 11355874, PMID: 25947375"
PCHOLSTE_HSABCt,0.5965688911338095,0,1.050340192695841,0.26540659221105745,Transport of 1-Stearoylglycerophosphocholine,"Transport, extracellular",5244.1 or 19.1 or 5205.1 or 57198.1 or 57194.1,NA,"PMID: 9070263, OMIM:171060, PMID: 11355874, PMID: 25947375"
PE15_HSABCt,0.6427146398754335,0,2.1218618170625443,0.4614983911638148,Transport of 1-Pentadecanoylglycerophosphoethanolamine (C15:0 Pe),"Transport, extracellular",23250.1 or 286410.1,NA,PMID: 25947375
SPHMYLN180241_hs_SECt,0.6454618225940962,0,1.9622880295324414,0.42280289459348425,Transport of Sphingomyelin (D18:0/24:1),"Transport, extracellular",NA,NA,NA
SPHMYLN18114_hs_SECt,0.9817911918456007,0,93.2954939583391,0.8572042090747461,Transport of Sphingomyelin (D18:1/14:0),"Transport, extracellular",NA,NA,NA
SPHMYLN18115_hs_SECt,0.6962420266327518,0,2.2269692598418276,0.3987990266127113,Transport of Sphingomyelin (D18:1/15:0),"Transport, extracellular",NA,NA,NA
SPHMYLN18116_hs_SECt,0.5663260662173659,0,1.4897106702101082,0.41246117298435275,Transport of Sphingomyelin (D18:1/16:0),"Transport, extracellular",NA,NA,NA
SPHMYLN181161_hs_SECt,0.3417846963325168,0,0.5416446721261619,0.2657049326302978,Transport of Sphingomyelin (D18:1/16:1),"Transport, extracellular",NA,NA,NA
SPHMYLN18120_hs_SECt,0.9365742278122688,0,14.37266435991605,0.47072677222012865,Transport of Sphingomyelin (D18:1/20:0),"Transport, extracellular",NA,NA,NA
SPHMYLN18121_hs_SECt,0.939653225057323,0,11.948389013161044,0.37174002723268934,Transport of Sphingomyelin (D18:1/21:0),"Transport, extracellular",NA,NA,NA
SPHMYLN1825_hs_SECt,0.9231936628857463,0,11.009870943320543,0.4396997949692908,Transport of Sphingomyelin (D18:0/25:0),"Transport, extracellular",NA,NA,NA
AK2LGCHOLt1,0.4951158203635209,0,0.6578509114434477,0.22214902231887246,"1-Alkyl 2-Acylglycerol 3-Phosphocholine Transport, Vescicular","Transport, extracellular",NA,NA,PMID:10856719
APRGSTRNt1e,0.9118653880860891,0,-16.557684636771473,-359.17857328071597,"Hydroxyprogesterone Transport, Antiport","Transport, extracellular",6573.1,NA,PMID: 17687501
PAFt1,-1,0,NA,0.6666540083226311,"1-Alkyl 2-Acteylglycerol 3-Phosphocholine Transport, Vescicular","Transport, extracellular",NA,NA,PMID:10856719
2HYDOGOAT3t,-0.9532568416342844,0,-161.28860230064393,-3.85977845781713,"Transport of 2-Hydroxy-Glutarate, Extracellular, Antiport","Transport, extracellular",9376.1,NA,NA
2HYDOGte,0.9532568416342844,0,161.28860230064393,3.85977845781713,"Transport of 2-Hydroxy-Glutarate, Extracellular","Transport, extracellular",NA,NA,PMID: 16573641
HPDECECOAm,0.425212406156056,0,0.13947285248137983,0.05624934566809097,Dehydrogenation of Heptadecanoyl Coa,Fatty acid oxidation,33.1,NA,"Murray, R.K., Bender, D. A., Botham, K. M., Kennelly, P. J.,  Rodwell, V. W., Weil, P. A. A lange medical book: Harper's illustrated Biochemistry, (Mc Graw Hill Medical, New York, NY, 2009)."
HPDECEm,0.425212406156056,0,0.13947285248137983,0.05624934566809097,Hydrolysis of Heptadecenoyl Coa,Fatty acid oxidation,10965.1 or 11332.1 or 10005.1 or 55856.1,NA,PMID: 11755680
HPDECEtm,0.425212406156056,0,0.13947285248137983,0.05624934566809097,"Transport of Trans-Delta-2-Heptadecanoic Acid, Mitochondrial","Transport, mitochondrial",7350.1,NA,"PMID: 20388489, PMID: 18628202, PMID: 11446442, PMID: 10428973"
HPDECEte,0.425212406156056,0,0.13947285248137983,0.05624934566809097,"Transport of Trans-Delta-2-Heptadecanoic Acid, Extracellular","Transport, extracellular",NA,NA,"PMID: 24653705, PMID: 9831619, PMID: 5555776, PMID: 23104810"
EX_hpdece[e],0.425212406156056,0,0.13947285248137983,0.05624934566809097,Exchange of Trans-Delta-2-Heptadecanoic Acid,Exchange/demand reaction,NA,NA,NA
EIC21114TRc,0.7244238985237628,0,1.2590563529451422,0.20120681555187256,"Hydrolysis of Trans, Cis, Cis-2, 11, 14-Eicosatrienoyl Coenzyme A to Trans, Cis, Cis-2, 11, 14-Eicosatrienoic Acid",Fatty acid oxidation,641371.1 or 11332.1 or 26027.1 or 55856.1,NA,PMID: 11755680
EIC21114TRte,0.7244238985237628,0,1.2590563529451422,0.20120681555187256,"Transport of Trans, Cis, Cis-2, 11, 14-Eicosatrienoic Acid","Transport, extracellular",NA,NA,NA
EX_eic21114tr[e],0.7244238985237628,0,1.2590563529451422,0.20120681555187256,"Exchange of Trans, Cis, Cis-2, 11, 14-Eicosatrienoic Acid",Exchange/demand reaction,NA,NA,NA
AGRMte,-0.5335526760462732,0,-26.236629043016396,-7.980166314360339,Transport of Agmatinium into Extracellular Space,"Transport, extracellular",6582.1,NA,PMID: 12538837
11DOCRTSTRNte,-0.6831764649611956,0,0.818598996098846,4.3489400631354,"Transport of 11-Deoxycorticosterone, Extracellular","Transport, extracellular",5243.1,NA,PMID: 15290871
17AHPRGSTRNte,1,0,1.2180853270948464,NA,"Transport of 17Alpha-Hydroxyprogesterone, Extracellular","Transport, extracellular",5243.1,NA,PMID: 15290871
MMAt2e,0.8104853389781587,0,-2.133819688718021,-20.384962522776423,Facilitated Diffusion via Aquaporin into Extracellular Space,"Transport, extracellular",343.1,NA,PMID:15948717
CE2006te,0.5277797249780527,2.107266554640715e-12,2.7421783071091625,0.8475778105779673,Transport (ATP-Dependent) into Extracellular Space,"Transport, extracellular",4363.1,NA,PMID:17121932
GLCRt1,-0.6002142802760192,0,-7.4525312666082755,-1.8618853817955823,Transport by Glut-5 Transporter into Extracellular Space,"Transport, extracellular",6518.1,NA,PMID:23084044
MHISTAte,1.1767136937401312,0,3.0055940623207413,-37.02213232494863,Facilitated Diffusion Through Uniport Oct1 into Extracellular Space,"Transport, extracellular",6581.1,NA,"PMID:12883891, PMID:16648665"
CE4890te2,-0.9994570231145173,0,0.14601239330768587,537.6757520744324,Facilitated Diffusion Through Uniport Oct2 into Extracellular Space,"Transport, extracellular",6582.1,NA,PMID:17460754
MLTHFte,-0.9868554842705359,0,1.14597508893013,173.2195340734005,Transport by Pcet into Extracellular Space,"Transport, extracellular",113235.1,NA,"PMID:24653705, PMID: 23609145"
TYMte2,-1,0,0,0.5855858186721802,"Tyraminium Proton Symport, Cytosol","Transport, extracellular",222962.1,NA,PMID: 16099839
TRYPTAte,-1,0,NA,32.06007472928129,"Tryptaminium Transport, Cytosol","Transport, extracellular",222962.1,NA,"PMID: 16099839, PMID: 22396231"
CE4890te,-1.0007410430941783,0,-0.14601239330768587,394.2186228925705,Transport by Pmat Transporter into Extracellular Space,"Transport, extracellular",222962.1,NA,PMID:26376205
CE4877te,-0.39330642058836324,1.2227228594809393e-16,0.8560718626600956,1.9660178765796126,Transport (ATP-Dependent) into Extracellular Space,"Transport, extracellular",10257.1 or 4363.1,NA,"PMID:12835412, PMID: 18353444"
SPHS1Pt2e,0.4579273551098114,0,0.3676535523306935,0.13669743750720792,Export Mediated by ATP Binding Cassette (ABC) Transporters,"Transport, extracellular",4363.1 or 19.1,NA,NA
MLTHFte2,0.9969936613207395,0,-0.2602499855041504,-172.87392634632587,Transport by Rfc into Extracellular Space,"Transport, extracellular",6573.1 or 6573.2,NA,PMID:12852262
TYMte,1,0,0,-0.431359731388092,"Tyraminium Transport, Cytosol","Transport, extracellular",6580.1 or 6582.1 or 6581.1,NA,PMID: 16722235
13DAMPPte,0.44777889412385485,0,-1.6360156940816954,-4.289204029224676,Facilitated Diffusion Through Uniport Octs Transporters into Extracellular Space,"Transport, extracellular",6580.1 or 6582.1 or 6581.1,NA,"PMID:23458604, PMID:21128598"
HDD2CRNte2,1,0,270.2130201200485,0,Uptake via Octn2 Transporter into Extracellular Space,"Transport, extracellular",6584.1 or 6510.1,NA,"PMID:9685390, PMID:11306651"
MLTHFte1,0.438644164645706,0,0.88572515959356235,0.3456080378155264,Transport by ABCa11 into Extracellular Space,"Transport, extracellular",85320.1 or 4363.1 or 1244.1 or 5244.1 or 10257.1 or 10057.1 or 9429.1,NA,PMID:21568705
ARGN1ASPMDte,-0.6931913633779762,0,56.5715882981658,312.202830316782,Transport by Y+Lat-2 into Extracellular Space,"Transport, extracellular",9057.1 and 6520.1,NA,PMID: 18660501
CE6205te,0.5252460290736312,0,12.365262062235626,3.848859235619192,"5-Methoxytryptophol Transport, Cytosol","Transport, extracellular",9376.1 or 9356.1,NA,PMID: 14737013
ISOBUTtm,0.9637334005609007,0,55.12006475676894,1.017967769464005,Transport of Isobutyrylglycine into Cytosol,"Transport, mitochondrial",NA,NA,PMID: 20836999
ISOBUTte,0.9637334005609007,0,55.12006475676894,1.017967769464005,Transport of Isobutyrylglycine into Extracellular Space,"Transport, extracellular",NA,NA,PMID: 20836999
EX_CE4969[e],0.9637334005609007,0,55.12006475676894,1.017967769464005,Exchange of Isobutyrylglycine,Exchange/demand reaction,NA,NA,NA
AGRMtm,-0.5335526760462732,0,-26.236629043016396,-7.980166314360339,Transport of Agmatinium into Cytosol,"Transport, mitochondrial",NA,NA,PMID: 12538837
EX_agm[e],-0.5335526760462732,0,-26.236629043016396,-7.980166314360339,Exchange of Agmatinium,Exchange/demand reaction,NA,NA,NA
CE7081tr,0.8486270434975499,0,2.306718493760519,0.1888833117786588,"Transport of 15(R)-HEPE, Endoplasmatic Reticulum, Active Transport","Transport, endoplasmic reticular",NA,NA,"PMID: 24653705, PMID: 9831619, PMID: 5555776, PMID: 23104810"
CE7081tm,-1,0,NA,0.1888833117786588,"Transport of 15(R)-HEPE, Extracellular Space, Active Transport","Transport, extracellular",NA,NA,"PMID: 24653705, PMID: 9831619, PMID: 5555776, PMID: 23104810"
EX_CE7081[e],-1,0,NA,0.1888833117786588,Exchange of 15(R)-HEPE,Exchange/demand reaction,NA,NA,NA
EGMEtr,0.5638985886449024,0,241.56758116214274,67.36240050816221,"Transport of Succinic Semialdehyde, Mitochondrial","Transport, endoplasmic reticular",NA,NA,NA
EX_orn_D[e],-0.9400063923314171,0,-63.07283651845318,-1.950492031155283,Exchange of Ornithine,Exchange/demand reaction,NA,NA,NA
5G2OXPTtx,0.7190935283833452,0,11.402780301888654,1.8632580068146039,"Transport of 5-Guanidino-2-Oxopentanoic Acid, Peroxisomal","Transport, peroxisomal",NA,NA,NA
5G2OXPTte,0.7190935283833452,0,11.402780301888654,1.8632580068146039,"Transport of 5-Guanidino-2-Oxopentanoic Acid, Extracellular","Transport, extracellular",NA,NA,NA
EX_5g2oxpt[e],0.7190935283833452,0,11.402780301888654,1.8632580068146039,Exchange of 5-Guanidino-2-Oxopentanoic Acid,Exchange/demand reaction,NA,NA,NA
EX_ahandrostan[e],0.39159069767794924,0,-0.2524391687670672,-0.5773941944100229,Exchange of 3Alpha-Hydroxy-5Beta-Androstan-17-One,Exchange/demand reaction,NA,NA,NA
EX_11docrtstrn[e],-0.6831764649611956,0,0.818598996098846,4.3489400631354,Exchange of 11-Deoxycorticosterone,Exchange/demand reaction,NA,NA,NA
EX_17ahprgstrn[e],1,0,1.2180853270948464,NA,Exchange of 17Alpha-Hydroxyprogesterone,Exchange/demand reaction,NA,NA,NA
35DIODTYRte,-1,0,-80.63849267682433,NA,"Transport of 3, 5-Diiodo-L-Tyrosine","Transport, extracellular",NA,NA,NA
EX_35diotyr[e],-1,0,-80.63849267682433,NA,"Exchange of 3, 5-Diiodo-L-Tyrosine",Exchange/demand reaction,NA,NA,NA
FNA5MOXAMte,1,0,3.9065133666506853,NA,"Formyl-N-Acetyl-5-Methoxykynurenamine Diffusion, Cytosol","Transport, extracellular",NA,NA,NA
EX_fna5moxam[e],1,0,3.9065133666506853,NA,Exchange of Formyl-N-Acetyl-5-Methoxykynurenamine,Exchange/demand reaction,NA,NA,NA
EX_CE4877[e],-0.39330642058836324,1.2227228594809393e-16,0.8560718626600956,1.9660178765796126,Exchange of 15-Deoxy-Prostaglandin J2,Exchange/demand reaction,NA,NA,NA
EX_CE2006[e],0.5277797249780527,2.107266554640715e-12,2.7421783071091625,0.8475778105779673,Exchange of 4-Hydroxy-2-Nonenal,Exchange/demand reaction,NA,NA,NA
EX_CE6205[e],0.5252460290736312,0,12.365262062235626,3.848859235619192,Exchange of 5-Methoxytryptophol,Exchange/demand reaction,NA,NA,NA
EX_trypta[e],-1,0,NA,32.06007472928129,Exchange of Tryptamine,Exchange/demand reaction,NA,NA,NA
C05769te2,0.9217434875221984,0,14.850643458962441,0.6047422940135002,Passive Diffusion into Extracellular Space,"Transport, extracellular",NA,NA,PMID:5080415
EX_C05769[e],0.930387673548669,0,14.850643734380602,0.5355338069216348,Exchange of Coproporphyrin I,Exchange/demand reaction,NA,NA,NA
PPBNGte,1.0978779321468224,0,217.5417241470605,-10.149558174426025,Assumed Passive Diffusion into Extracellular Space,"Transport, extracellular",NA,NA,NA
EX_ppbng[e],1.0978779321469432,0,217.5417241470605,-10.149558174437958,Exchange of Porphobilinogen,Exchange/demand reaction,NA,NA,NA
EX_13dampp[e],0.44777889412239913,0,-1.6360156940876531,-4.289204029224675,Exchange of Trimethylenediaminium,Exchange/demand reaction,NA,NA,NA
12PPDRte,1,0,NA,-962.7057147567749,Assumed Passive Diffusion into Extracellular Space,"Transport, extracellular",NA,NA,NA
EX_12ppd_R[e],1,0,NA,-962.7057147567749,"Exchange of (R)-Propane-1,2-Diol",Exchange/demand reaction,NA,NA,NA
XYLULte,1,0,NA,-101.93473838890995,Assumed Passive Diffusion into Extracellular Space,"Transport, extracellular",NA,NA,NA
EX_xylu_L[e],1,0,NA,-101.93473838890995,Exchange of L-Xylulose,Exchange/demand reaction,NA,NA,NA
EX_hdd2crn[e],-1,0,-270.2130201200485,NA,Exchange of Trans-Hexadec-2-Enoyl Carnitine,Exchange/demand reaction,NA,NA,NA
AACTte,1,0,26.692107655133306,NA,Assumed Passive Diffusion into Extracellular Space,"Transport, extracellular",NA,NA,NA
EX_aact[e],-1,0,-26.692107655133306,NA,Exchange of Ammonioacetone,Exchange/demand reaction,NA,NA,NA
EX_N1aspmd[e],-0.6931913633779762,0,56.5715882981658,312.202830316782,Exchange of N(1)-Acetylspermidine,Exchange/demand reaction,NA,NA,NA
COKEtr,0.5638985886449024,0,241.56758116214274,67.36240050816221,"Transport of Cocaine, Endoplasmic Reticulum","Transport, endoplasmic reticular",NA,NA,NA
EX_5a2opntn[e],0.9400063923314171,0,63.07283651845318,1.950492031155283,Exchange of 5-Amino-2-Oxopentanoic Acid,Exchange/demand reaction,NA,NA,NA
5A2OPNTNte,0.9400063923314171,0,63.07283651845318,1.950492031155283,"Transport of 5-Amino-2-Oxopentanoic Acid, Extracellular","Transport, extracellular",NA,NA,NA
5A2OPNTNtx,0.9400063923314171,0,63.07283651845318,1.950492031155283,"Transport of 5-Amino-2-Oxopentanoic Acid, Peroxisome","Transport, peroxisomal",NA,NA,NA
ARG_Dtx,0.7190935283833452,0,11.402780301888654,1.8632580068146039,"Transport of D-Arginine, Peroxisome","Transport, peroxisomal",NA,NA,NA
ARG_Dte,0.7190935283833452,0,11.402780301888654,1.8632580068146039,"Transport of D-Arginine, Extracellular","Transport, extracellular",NA,NA,NA
EX_arg_D[e],-0.7190935283840219,0,-11.402780301888654,-1.8632580068093811,Exchange of D-Arginine,Exchange/demand reaction,NA,NA,NA
GGTe_1,-1.001026641232801,0,-773.4416802862168,0.3968198642570067,Gamma-Glutamyltransferase,Tyrosine metabolism,2687.1,NA,PMID: 9195564
CE5025t,0.6239817252345816,0,0.6074264749251028,0.14064410430184143,Transport of 5-S-Glutathionyl-Dopamine,"Transport, extracellular",10928.1 or 4363.1,NA,NA
EX_CE5025[e],0.6239817252345816,0,0.6074264749251028,0.14064410430184143,Exchange of 5-S-Glutathionyl-Dopamine,Exchange/demand reaction,NA,NA,NA
ACER11r,0.48086361744464295,0,15.0544737767332,5.277545457706478,Alkaline Ceramidase 1 (Acer1) Or Alkaline Ceramidase 3 (Acer3),Sphingolipid metabolism,125981.1 or 55331.1,NA,NA
ACER12r,-0.553630107499819,0,3.4315986832239402,11.943984396553551,Alkaline Ceramidase 1 (Acer1) Or Alkaline Ceramidase 3 (Acer3),Exchange/demand reaction,125981.1 or 55331.1,NA,NA
ACER21g,0.8092910488110164,0,20.77942201949059,2.190262192616554,Alkaline Ceramidase 2 (Acer2) Or Alkaline Ceramidase 3 (Acer3),Exchange/demand reaction,340485.1 or 55331.1,NA,NA
ACER31r,0.47144884711197,0,1.1198867005215833,0.4022684226002271,Alkaline Ceramidase 3 (Acer3),Sphingolipid metabolism,55331.1,NA,NA
BGAL1e,0.34493705449296325,0,117.81348201661706,57.38205092381835,"Beta-Galactosidase, Plasma Membrane",Sphingolipid metabolism,2720.1,NA,NA
BGAL1l,0.4024051578006235,0,0.6154650655910368,0.26226283232437564,"Beta-Galactosidase, Lysosomal",Sphingolipid metabolism,(5476.1) and (2720.1) and (2588.1) and (4758.1) and (5660.1) or (5476.1) and (2720.1) and (2588.1) and (4758.1) and (2760.1) or (5476.1) and (2720.1) and (5660.1) or (5476.1) and (2720.1) and (2760.1),NA,NA
BGAL2l,0.9868202926513145,0,26.023551318083705,0.17262899509051693,"Beta-Galactosidase, Lysosomal",Sphingolipid metabolism,(5476.1) and (2720.1) and (2588.1) and (4758.1) and (5660.1) or (5476.1) and (2720.1) and (2588.1) and (4758.1) and (2760.1) or (5476.1) and (2720.1) and (5660.1) or (5476.1) and (2720.1) and (2760.1),NA,NA
BGAL3l,0.7317278136563296,0,5.644421716098983,0.8744107142486973,"Beta-Galactosidase, Lysosomal",Sphingolipid metabolism,2720.1,NA,NA
DES21,0.36127389022950274,0,1.805952800347144,0.8473748118392191,Sphingolipid C-4 Hydroxylase (Des2),Sphingolipid metabolism,123099.1,NA,NA
GA1tl,0.9868202926513145,0,26.023551318083705,0.17262899509051693,Ganglioside Ga1 (Asialo Gm1) Endocytosis,"Transport, extracellular",NA,NA,NA
GBA2e,-0.39633873717637513,0,38.85325492672324,89.87209923957586,"Beta-Glucosidase, Plasma Membrane (Gba2)",Sphingolipid metabolism,57704.1,NA,NA
GD3tg,0.42058715426734444,0,198.0223904182136,80.7671084497273,Ganglioside Gd3 Endocytosis,"Transport, extracellular",NA,NA,NA
GM2tg,0.5447472047860871,0,0.29864099951378825,0.08801255595277543,Ganglioside Gm2 Endocytosis,"Transport, extracellular",NA,NA,NA
GM2tl,0.8497464378006413,0,6.105108852850355,0.49591356631901323,Ganglioside Gm2 Endocytosis,"Transport, extracellular",NA,NA,NA
HEXA1l,0.5672881683052302,0,2.161299896654527,0.5967122422256187,"Hexosaminidase A, Lysosomal",Sphingolipid metabolism,3073.1 and 3074.1 and 2760.1,NA,NA
HEXA2l,0.7317278136563296,0,5.644421716098983,0.8744107142486973,"Hexosaminidase A, Lysosomal",Sphingolipid metabolism,3073.1 and 3074.1,NA,NA
HEXA3e,0.6846734642160703,0,2.0761060669110263,0.38859241740575673,"Hexosaminidase A, Plasma Membrane",Sphingolipid metabolism,3073.1 and 3074.1 and 2760.1,NA,NA
HEXAHBl,0.9868202926513145,0,26.023551318083705,0.17262899509051693,Hexosaminidase A;Lysosomal Or Hexosaminidase B;Lysosomal,Sphingolipid metabolism,(3073.1 and 3074.1 and 2760.1) or (3074.1 and 2760.1),NA,NA
NEU11l,0.7972451632215147,0,6.720573917439254,0.7581763999551767,"Sialidase, Lysosomal (Neu1)",Sphingolipid metabolism,2720.1 and 4758.1 and 5476.1 and 2588.1,NA,NA
NEU21,0.7022323934256322,0,1.5070040866277792,0.2636167668445618,"Sialidase, Cytosol (Neu2)",Sphingolipid metabolism,4759.1,NA,NA
NEU22,0.4178477416138817,0,1.4262351834798057,0.5855960472225501,"Sialidase, Cytosol (Neu2)",Sphingolipid metabolism,4759.1,NA,NA
NEU23,0.7623104032207674,0,6.661206619552546,0.8984226119138766,"Sialidase, Cytosol (Neu2)",Sphingolipid metabolism,4759.1,NA,NA
NEU24,0.5136427790678656,0,2.286581735320622,0.7347146589696466,"Sialidase, Cytosol (Neu2)",Sphingolipid metabolism,4759.1,NA,NA
NEU25,0.6518876188902991,0,0.6024886468336045,0.12696611745398403,"Sialidase, Cytosol (Neu2)",Sphingolipid metabolism,4759.1,NA,NA
NEU31e,0.6846734642160703,0,2.0761060669110263,0.38859241740575673,"Sialidase, Plasma Membrane (Neu3)",Sphingolipid metabolism,10825.1,NA,NA
SMS1S2,-0.47676390219787945,0,0.8989266790221241,2.537100318343351,Sphingomyelin Synthase 1 Or Sphingomyelin Synthase 2,Sphingolipid metabolism,166929.1 or 259230.1,NA,NA
SMS21e,-0.39633873717637513,0,38.85325492672324,89.87209923957586,Sphingomyelin Synthase 2,Sphingolipid metabolism,166929.1,NA,NA
SPHK11,0.36127389022950274,0,1.805952800347144,0.8473748118392191,Sphingosine Kinase 1,Sphingolipid metabolism,8877.1,NA,NA
SPHMYLNtl2,1,0,2.805778274893947,NA,Endocytosis of Sphingomyelin,"Transport, extracellular",NA,NA,NA
NH4tr,-0.8846807433520609,0,-39.46771823300123,-2.414938415577484,"Ammonia Er Transport, Diffusion","Transport, endoplasmic reticular",NA,NA,NA
WHTSTSTERONEtr,-0.9101017723445799,0,-20.61927528803912,-0.9704385026870325,Omega Hydroxy Testosterone Transport,"Transport, endoplasmic reticular",NA,NA,NA
TETTET6COAtm,1.4729270296605999,1.655031877567869e-11,19.544476280517877,-3.737720928581525,"Fatty Acid Intracellular Transport, Mitochondrial","Transport, mitochondrial",NA,NA,NA
TETPENT6COAtm,1.0037396326261565,0,99.93421067078636,-0.18650987813414022,"Fatty Acid Intracellular Transport, Mitochondrial","Transport, mitochondrial",NA,NA,NA
TETPENT3COAtm,0.8705147596595834,0,46.99103869320378,3.2529259165763853,"Fatty Acid Intracellular Transport, Mitochondrial","Transport, mitochondrial",NA,NA,NA
THCRMtl,-1,0,NA,3.4481217822882173,"Trihexosyl Ceramide Transport, Lysosomal","Transport, lysosomal",NA,NA,NA
DAG_HStg,-0.47676390219787945,0,0.8989266790221241,2.537100318343351,Diacylglycerol Golgi Export,"Transport, golgi apparatus",NA,NA,NA
PHCRMter,0.47144884711197,0,1.1198867005215833,0.4022684226002271,"Phytoceramide Transport, Endoplasmatic Reticulum","Transport, endoplasmic reticular",NA,NA,NA
SPHINGStg,-0.8092910488110167,0,-20.77942201949059,-2.1902621926165513,Sphingosine Intracellular Transport,"Transport, golgi apparatus",NA,NA,NA
DHCRMter,-0.553630107499819,0,3.4315986832239402,11.943984396553551,"Dihydroceramide Transport, Endoplasmatic Reticulum","Transport, endoplasmic reticular",NA,NA,NA
PHSPHINGStr,0.47144884711197,0,1.1198867005215833,0.4022684226002271,"Phytosphingosine Transport, from Er to Cytosol (Flippase?)","Transport, endoplasmic reticular",NA,NA,NA
GALSIDEter,-0.41896922329451497,0,-0.22625139504161307,-0.09264402753324757,Galactocerebroside Intracellular Transport,"Transport, endoplasmic reticular",NA,NA,NA
DM_phsph1p[c],0.36127389022950274,0,1.805952800347144,0.8473748118392191,"Demand for  Phytosphingosine-1-Phosphate,",Exchange/demand reaction,NA,NA,NA
GD1Btl,0.7317278136563296,0,5.644421716098983,0.8744107142486973,Transport of Gd1B,"Transport, lysosomal",NA,NA,NA
DM_pail35p_hs[n],0.7278369458928708,0,7.021717008926788,1.1060372049388854,"Demand for 1-Phosphatidyl-1D-Myo-Inositol 3, 5-Bisphosphate",Exchange/demand reaction,NA,NA,NA
CATr,0.45263129286541776,0,187.19999536106587,70.53917944605351,Catalase,ROS detoxification,NA,NA,NA
DM_pcreat[c],0.5177835042346757,0,13.47451479313541,4.281001399445394,"Demand for  Phosphocreatine,  Cytosolic",Exchange/demand reaction,NA,NA,NA
DM_15HPET[x],0.33568864470431353,0,0.4304154387718121,0.2140692478028721,"Demand for  15S-Hydroperoxyeicosatetraenoate,  Peroxisomal",Exchange/demand reaction,NA,NA,NA
EX_CE5026[e],1,0,774.0738052553177,NA,Exchange of 5-S-Glutathionyl-L-Dopa,Miscellaneous,NA,NA,NA
EX_5cysgly34dhphe[e],-1.001026641232801,0,-773.4416802862168,0.3968198642570067,Exchange of 5-S-Cysteinylglycine Dopa,Miscellaneous,NA,NA,NA
EX_ga1_hs[e],-1,0,-26.023551318083705,NA,Exchange of Gibberellin A1,Miscellaneous,NA,NA,NA
EX_gm2_hs[e],-0.7942276739228724,0,-8.479855926665012,-0.9725185405337717,Exchange of N-Acetyl-Beta-D-Galactosaminyl-(1->4)-[Alpha-N-Acetylneuraminosyl-(2->3)]-Beta-D-Galactosyl-Beta-D-Glucosyl-(1<->1)-Ceramide Anion,Miscellaneous,NA,NA,NA
HMR_0003,0.799077352866706,0,118.04413000773788,13.183279219155759,Triacylglycerol Lipase,Glycerophospholipid metabolism,8228.1 or 3991.1 or 80339.1 or 9388.1 or 13.1 or 747.1 or 221955.1 or 5408.1 or 3990.1 or 1056.1 or 5406.1 or 57104.1 or 8513.1 or 5407.1 or 119548.1,NA,PMID-11040182;PMID-1379598;PMID-11812220;PMID-15224187
HMR_0167,0.36463540276909495,0,0.49291642263974644,0.22949840206658728,HMR_0167,"Transport, extracellular",28965.1 or 2170.1 or 376497.1 or 948.1 or 11000.1 or 2169.1 or 2168.1 or 2173.1 or 2171.1 or 10999.1 or 2172.1 or 2167.1 or 646486.1 or 646480.1,NA,NA
HMR_0168,0.36463540276909495,0,0.49291642263974644,0.22949840206658728,Butyrate Coenzyme A Ligase,Fatty acid synthesis,6296.1 or 348158.1 or 116285.1 or 54988.1 or 123876.1 or 341392.1,NA,NA
HMR_0170,0.3954906727958247,0,0.405816689344734,0.1757947785867458,HMR_0170,"Transport, extracellular",28965.1 or 2170.1 or 376497.1 or 948.1 or 11000.1 or 2169.1 or 2168.1 or 2173.1 or 2171.1 or 10999.1 or 2172.1 or 2167.1 or 646486.1 or 646480.1,NA,NA
HMR_0171,0.3954906727958247,0,0.405816689344734,0.1757947785867458,Butyrate Coenzyme A Ligase,Fatty acid synthesis,6296.1 or 348158.1 or 116285.1 or 54988.1 or 123876.1 or 341392.1,NA,NA
HMR_0172,0.3954906727958247,0,0.405816689344734,0.1757947785867458,HMR_0172,"Transport, mitochondrial",NA,NA,NA
HMR_0177,0.7778049072766997,0,1.8836018213230592,0.23541789069744895,Butyrate Coenzyme A Ligase,Fatty acid synthesis,6296.1 or 348158.1 or 116285.1 or 54988.1 or 123876.1 or 341392.1,NA,NA
HMR_0178,0.7778049072766997,0,1.8836018213230592,0.23541789069744895,HMR_0178,"Transport, mitochondrial",NA,NA,NA
HMR_0180,0.33450283170226275,0,2.1402924407167796,1.0673327360491163,Butyrate Coenzyme A Ligase,Fatty acid synthesis,6296.1 or 348158.1 or 116285.1 or 54988.1 or 123876.1 or 341392.1,NA,NA
HMR_0182,-0.8014439658821005,0,-18.034048463623048,-1.9877216332252778,HMR_0182,"Transport, mitochondrial",NA,NA,NA
HMR_0183,0.6445235174838694,0,0.7800254128733398,0.16860852830225775,HMR_0183,"Transport, extracellular",28965.1 or 2170.1 or 376497.1 or 948.1 or 11000.1 or 2169.1 or 2168.1 or 2173.1 or 2171.1 or 10999.1 or 2172.1 or 2167.1 or 646486.1 or 646480.1,NA,NA
HMR_0184,0.6445235174838694,0,0.7800254128733398,0.16860852830225775,Butyrate Coenzyme A Ligase,Fatty acid synthesis,6296.1 or 348158.1 or 116285.1 or 54988.1 or 123876.1 or 341392.1,NA,NA
HMR_0185,0.6445235174838694,0,0.7800254128733398,0.16860852830225775,HMR_0185,"Transport, mitochondrial",NA,NA,NA
HMR_0188,0.6469530779766497,0,0.6350097240140373,0.136123021059882,Long-Chain-Fatty-Acid Coenzyme A Ligase,Fatty acid synthesis,2182.1 or 23205.1 or 2181.1 or 81616.1 or 11001.1 or 2180.1 or 23305.1 or 51703.1,NA,NA
HMR_0189,0.8242208684667088,0,12.515743578932435,1.2059979001595638,Palmitoyl Coenzyme A Hydrolase,Fatty acid oxidation,11332.1 or 10965.1 or 570.1 or 122970.1 or 641371.1 or 641372.1 or 344967.1,NA,NA
HMR_0197,0.9174535931856699,0,45.2722025146842,1.9489690177842043,Palmitoyl Coenzyme A Hydrolase,Fatty acid oxidation,11332.1 or 10965.1 or 570.1 or 122970.1 or 641371.1 or 641372.1 or 344967.1,NA,NA
HMR_0201,-0.5483787603200435,0,5.734322128629661,19.66006425006818,Palmitoyl Coenzyme A Hydrolase,Fatty acid oxidation,11332.1 or 10965.1 or 570.1 or 122970.1 or 641371.1 or 641372.1 or 344967.1,NA,NA
HMR_0203,0.38654745223761083,0,0.249536444082903,0.11040283340839524,HMR_0203,"Transport, extracellular",28965.1 or 2170.1 or 376497.1 or 948.1 or 11000.1 or 2169.1 or 2168.1 or 2173.1 or 2171.1 or 10999.1 or 2172.1 or 2167.1 or 646486.1 or 646480.1,NA,NA
HMR_0208,0.3710769097055987,0,0.518895666001481,0.23802126889591965,HMR_0208,"Transport, extracellular",28965.1 or 2170.1 or 376497.1 or 948.1 or 11000.1 or 2169.1 or 2168.1 or 2173.1 or 2171.1 or 10999.1 or 2172.1 or 2167.1 or 646486.1 or 646480.1,NA,NA
HMR_0209,0.41928093448558806,0,0.5824280100752905,0.23830873896923732,Long-Chain-Fatty-Acid Coenzyme A Ligase,Fatty acid synthesis,2182.1 or 23205.1 or 2181.1 or 81616.1 or 11001.1 or 2180.1 or 23305.1 or 51703.1,NA,NA
HMR_0214,0.7646101077638399,0,2.3888596540221028,0.318661563851151,Palmitoyl Coenzyme A Hydrolase,Fatty acid oxidation,11332.1 or 10965.1 or 570.1 or 122970.1 or 641371.1 or 641372.1 or 344967.1,NA,NA
HMR_0230,0.900505628930307,0,68.67665728020071,3.595327853413578,Palmitoyl Coenzyme A Hydrolase,Fatty acid oxidation,11332.1 or 10965.1 or 570.1 or 122970.1 or 641371.1 or 641372.1 or 344967.1,NA,NA
HMR_0233,0.47873103737953704,0,0.2650537480564322,0.09343436283915653,Long-Chain-Fatty-Acid Coenzyme A Ligase,Fatty acid synthesis,2182.1 or 23205.1 or 2181.1 or 81616.1 or 11001.1 or 2180.1 or 23305.1 or 51703.1,NA,NA
HMR_0234,0.47873103737953704,0,0.2650537480564322,0.09343436283915653,Palmitoyl Coenzyme A Hydrolase,Fatty acid oxidation,11332.1 or 10965.1 or 570.1 or 122970.1 or 641371.1 or 641372.1 or 344967.1,NA,NA
HMR_0238,0.4503890953062986,0,0.8111335666233132,0.307371211505917,Palmitoyl Coenzyme A Hydrolase,Fatty acid oxidation,11332.1 or 10965.1 or 570.1 or 122970.1 or 641371.1 or 641372.1 or 344967.1,NA,NA
HMR_0245,0.5784165852254766,0,0.3013541871272959,0.0804894781611647,Long-Chain-Fatty-Acid Coenzyme A Ligase,Fatty acid synthesis,2182.1 or 23205.1 or 2181.1 or 81616.1 or 11001.1 or 2180.1 or 23305.1 or 51703.1,NA,NA
HMR_0246,0.5784165852254766,0,0.3013541871272959,0.0804894781611647,Palmitoyl Coenzyme A Hydrolase,Fatty acid oxidation,11332.1 or 10965.1 or 570.1 or 122970.1 or 641371.1 or 641372.1 or 344967.1,NA,NA
HMR_0253,0.3947086471923423,0,0.2650477941053745,0.11502842416277272,HMR_0253,"Transport, extracellular",19.1,NA,PMID:16858612
HMR_0255,0.5103519066370981,0,0.18024532694802037,0.05843458090120257,Long-Chain-Fatty-Acid Coenzyme A Ligase,Fatty acid synthesis,2182.1 or 23205.1 or 2181.1 or 81616.1 or 11001.1 or 2180.1 or 23305.1 or 51703.1,NA,NA
HMR_0256,0.5103519066370981,0,0.18024532694802037,0.05843458090120257,Palmitoyl Coenzyme A Hydrolase,Fatty acid oxidation,11332.1 or 10965.1 or 570.1 or 122970.1 or 641371.1 or 641372.1 or 344967.1,NA,NA
HMR_0259,0.6928173846301596,0,0.44731675614545385,0.08117114834659733,Long-Chain-Fatty-Acid Coenzyme A Ligase,Fatty acid synthesis,2182.1 or 23205.1 or 2181.1 or 81616.1 or 11001.1 or 2180.1 or 23305.1 or 51703.1,NA,NA
HMR_0260,0.7403052298736738,0,1.6723424677015863,0.2495531158943777,Palmitoyl Coenzyme A Hydrolase,Fatty acid oxidation,11332.1 or 10965.1 or 570.1 or 122970.1 or 641371.1 or 641372.1 or 344967.1,NA,NA
HMR_0261,0.8060661294119421,0,0.7945086933745158,0.08531367905789229,HMR_0261,"Transport, extracellular",19.1,NA,NA
HMR_0267,0.4431801866278259,0,0.3508550182184743,0.1353698086872937,Long-Chain-Fatty-Acid Coenzyme A Ligase,Fatty acid synthesis,2182.1 or 23205.1 or 2181.1 or 81616.1 or 11001.1 or 2180.1 or 23305.1 or 51703.1,NA,NA
HMR_0268,0.8855534268979074,0,12.299896442326578,0.7465611831804737,Palmitoyl Coenzyme A Hydrolase,Fatty acid oxidation,11332.1 or 10965.1 or 570.1 or 122970.1 or 641371.1 or 641372.1 or 344967.1,NA,NA
HMR_0270,-0.6561480334088637,0,0.23012336247838366,1.1083791609171925,HMR_0270,"Transport, extracellular",28965.1 or 2170.1 or 376497.1 or 948.1 or 11000.1 or 2169.1 or 2168.1 or 2173.1 or 2171.1 or 10999.1 or 2172.1 or 2167.1 or 646486.1 or 646480.1,NA,NA
HMR_0273,-0.6561480334088637,0,0.23012336247838366,1.1083791609171925,HMR_0273,"Transport, extracellular",19.1,NA,NA
HMR_0276,0.4136267150130842,0,0.3518258954249051,0.14593761128931074,Palmitoyl Coenzyme A Hydrolase,Fatty acid oxidation,11332.1 or 10965.1 or 570.1 or 122970.1 or 641371.1 or 641372.1 or 344967.1,NA,NA
HMR_0277,0.5218778633230383,0,0.6096356502431793,0.19152673595781672,HMR_0277,"Transport, extracellular",19.1,NA,NA
HMR_0278,0.5729901532016127,0,2.7768560963044,0.753815841663524,HMR_0278,"Transport, extracellular",28965.1 or 2170.1 or 376497.1 or 948.1 or 11000.1 or 2169.1 or 2168.1 or 2173.1 or 2171.1 or 10999.1 or 2172.1 or 2167.1 or 646486.1 or 646480.1,NA,NA
HMR_0279,0.6079772430307854,0,2.8440825942894676,0.6933836312011583,Long-Chain-Fatty-Acid Coenzyme A Ligase,Fatty acid synthesis,2182.1 or 23205.1 or 2181.1 or 81616.1 or 11001.1 or 2180.1 or 23305.1 or 51703.1,NA,NA
HMR_0280,0.35342338606929025,0,0.3337833980194904,0.15945973854088516,Palmitoyl Coenzyme A Hydrolase,Fatty acid oxidation,11332.1 or 10965.1 or 570.1 or 122970.1 or 641371.1 or 641372.1 or 344967.1,NA,NA
HMR_0289,0.5302851633208528,0,0.25101665413772134,0.07704854593648343,Long-Chain-Fatty-Acid Coenzyme A Ligase,Fatty acid synthesis,2182.1 or 23205.1 or 2181.1 or 81616.1 or 11001.1 or 2180.1 or 23305.1 or 51703.1,NA,NA
HMR_0290,0.5302851633208528,0,0.25101665413772134,0.07704854593648343,Palmitoyl Coenzyme A Hydrolase,Fatty acid oxidation,11332.1 or 10965.1 or 570.1 or 122970.1 or 641371.1 or 641372.1 or 344967.1,NA,NA
HMR_0292,0.9922894285614884,0,186.7739660309911,0.722853811946341,HMR_0292,"Transport, extracellular",28965.1 or 2170.1 or 376497.1 or 948.1 or 11000.1 or 2169.1 or 2168.1 or 2173.1 or 2171.1 or 10999.1 or 2172.1 or 2167.1 or 646486.1 or 646480.1,NA,NA
HMR_0297,0.5698865301021612,0,0.23439025495769455,0.06421763862355874,Long-Chain-Fatty-Acid Coenzyme A Ligase,Fatty acid synthesis,2182.1 or 23205.1 or 2181.1 or 81616.1 or 11001.1 or 2180.1 or 23305.1 or 51703.1,NA,NA
HMR_0298,0.5698865301021612,0,0.23439025495769455,0.06421763862355874,Palmitoyl Coenzyme A Hydrolase,Fatty acid oxidation,11332.1 or 10965.1 or 570.1 or 122970.1 or 641371.1 or 641372.1 or 344967.1,NA,NA
HMR_0301,0.34243206992443803,0,0.17535111843239284,0.08589281690097995,Long-Chain-Fatty-Acid Coenzyme A Ligase,Fatty acid synthesis,2182.1 or 23205.1 or 2181.1 or 81616.1 or 11001.1 or 2180.1 or 23305.1 or 51703.1,NA,NA
HMR_0302,0.34243206992443803,0,0.17535111843239284,0.08589281690097995,Palmitoyl Coenzyme A Hydrolase,Fatty acid oxidation,11332.1 or 10965.1 or 570.1 or 122970.1 or 641371.1 or 641372.1 or 344967.1,NA,NA
HMR_0305,0.3698452919034581,0,0.18501807791566244,0.08511181048738778,Long-Chain-Fatty-Acid Coenzyme A Ligase,Fatty acid synthesis,2182.1 or 23205.1 or 2181.1 or 81616.1 or 11001.1 or 2180.1 or 23305.1 or 51703.1,NA,NA
HMR_0306,0.3698452919034581,0,0.18501807791566244,0.08511181048738778,Palmitoyl Coenzyme A Hydrolase,Fatty acid oxidation,11332.1 or 10965.1 or 570.1 or 122970.1 or 641371.1 or 641372.1 or 344967.1,NA,NA
HMR_0309,0.46028010566094607,0,1.0711299474557892,0.3958898979881487,Long-Chain-Fatty-Acid Coenzyme A Ligase,Fatty acid synthesis,2182.1 or 23205.1 or 2181.1 or 81616.1 or 11001.1 or 2180.1 or 23305.1 or 51703.1,NA,NA
HMR_0310,0.41809706818786185,0,0.2674200360771383,0.10973332256969297,Palmitoyl Coenzyme A Hydrolase,Fatty acid oxidation,11332.1 or 10965.1 or 570.1 or 122970.1 or 641371.1 or 641372.1 or 344967.1,NA,NA
HMR_0311,-0.5118256915718621,0,0.24959548383990768,0.7729715768625487,HMR_0311,"Transport, extracellular",19.1,NA,NA
HMR_0319,0.8286199398871436,0,2.9887725678414037,0.2801107059851532,Long-Chain-Fatty-Acid Coenzyme A Ligase,Fatty acid synthesis,2182.1 or 23205.1 or 2181.1 or 81616.1 or 11001.1 or 2180.1 or 23305.1 or 51703.1,NA,NA
HMR_0326,0.8727349259667105,0,2.8086310019655576,0.19086557709859917,HMR_0326,"Transport, extracellular",28965.1 or 2170.1 or 376497.1 or 948.1 or 11000.1 or 2169.1 or 2168.1 or 2173.1 or 2171.1 or 10999.1 or 2172.1 or 2167.1 or 646486.1 or 646480.1,NA,NA
HMR_0327,0.42063265055746557,0,0.19331469438184867,0.07883827113811276,Long-Chain-Fatty-Acid Coenzyme A Ligase,Fatty acid synthesis,2182.1 or 23205.1 or 2181.1 or 81616.1 or 11001.1 or 2180.1 or 23305.1 or 51703.1,NA,NA
HMR_0328,0.42063265055746557,0,0.19331469438184867,0.07883827113811276,Palmitoyl Coenzyme A Hydrolase,Fatty acid oxidation,11332.1 or 10965.1 or 570.1 or 122970.1 or 641371.1 or 641372.1 or 344967.1,NA,NA
HMR_0329,0.8727349259667105,0,2.8086310019655576,0.19086557709859917,HMR_0329,"Transport, extracellular",19.1,NA,NA
HMR_0350,0.9657342462571626,0,9.225084600441658,0.16080733078616904,Palmitoyl Coenzyme A Hydrolase,Fatty acid oxidation,11332.1 or 10965.1 or 570.1 or 122970.1 or 641371.1 or 641372.1 or 344967.1,NA,NA
HMR_0358,0.7366386217922475,0,0.8060111681956041,0.12223165455560665,Palmitoyl Coenzyme A Hydrolase,Fatty acid oxidation,11332.1 or 10965.1 or 570.1 or 122970.1 or 641371.1 or 641372.1 or 344967.1,NA,NA
HMR_0359,-0.42284605839123646,0,0.22385068923028884,0.5518546229653642,HMR_0359,"Transport, extracellular",19.1,NA,NA
HMR_0362,0.4405599488955338,0,30.611912822316167,11.88810648723924,Palmitoyl Coenzyme A Hydrolase,Fatty acid oxidation,11332.1 or 10965.1 or 570.1 or 122970.1 or 641371.1 or 641372.1 or 344967.1,NA,NA
HMR_0366,0.3433812128820468,0,0.7026568774792482,0.34344510867521166,Palmitoyl Coenzyme A Hydrolase,Fatty acid oxidation,11332.1 or 10965.1 or 570.1 or 122970.1 or 641371.1 or 641372.1 or 344967.1,NA,NA
HMR_0378,0.852163437132353,0,38.60377250620425,3.0812880368040636,Palmitoyl Coenzyme A Hydrolase,Fatty acid oxidation,11332.1 or 10965.1 or 570.1 or 122970.1 or 641371.1 or 641372.1 or 344967.1,NA,NA
HMR_0389,0.45807707891131105,0,1.588127499083156,0.5902587084127447,Long-Chain-Fatty-Acid Coenzyme A Ligase,Fatty acid synthesis,2182.1 or 23205.1 or 2181.1 or 81616.1 or 11001.1 or 2180.1 or 23305.1 or 51703.1,NA,NA
HMR_0390,0.7396243587750033,0,0.9288581256884761,0.13902543319955077,Palmitoyl Coenzyme A Hydrolase,Fatty acid oxidation,11332.1 or 10965.1 or 570.1 or 122970.1 or 641371.1 or 641372.1 or 344967.1,NA,NA
HMR_0393,0.5390410181238768,0,0.42038951855837947,0.12591108500947484,Long-Chain-Fatty-Acid Coenzyme A Ligase,Fatty acid synthesis,2182.1 or 23205.1 or 2181.1 or 81616.1 or 11001.1 or 2180.1 or 23305.1 or 51703.1,NA,NA
HMR_0394,0.41178310040501104,0,0.3844173228332688,0.16016678888047464,Palmitoyl Coenzyme A Hydrolase,Fatty acid oxidation,11332.1 or 10965.1 or 570.1 or 122970.1 or 641371.1 or 641372.1 or 344967.1,NA,NA
HMR_0398,0.7010247951841374,0,137.93872297706605,24.244360264979303,Palmitoyl Coenzyme A Hydrolase,Fatty acid oxidation,11332.1 or 10965.1 or 570.1 or 122970.1 or 641371.1 or 641372.1 or 344967.1,NA,NA
HMR_0410,0.5070008996219213,0,3.5862128879531463,1.1731908905752688,Palmitoyl Coenzyme A Hydrolase,Fatty acid oxidation,11332.1 or 10965.1 or 570.1 or 122970.1 or 641371.1 or 641372.1 or 344967.1,NA,NA
HMR_0414,0.46977884845552637,0,0.9387161397913878,0.33864084595896493,Palmitoyl Coenzyme A Hydrolase,Fatty acid oxidation,11332.1 or 10965.1 or 570.1 or 122970.1 or 641371.1 or 641372.1 or 344967.1,NA,NA
HMR_0418,0.438997588505678,0,0.33089403051819827,0.12900115368682047,Palmitoyl Coenzyme A Hydrolase,Fatty acid oxidation,11332.1 or 10965.1 or 570.1 or 122970.1 or 641371.1 or 641372.1 or 344967.1,NA,NA
HMR_0422,0.36572361448181,0,0.3333703127584617,0.15482555531247416,Palmitoyl Coenzyme A Hydrolase,Fatty acid oxidation,11332.1 or 10965.1 or 570.1 or 122970.1 or 641371.1 or 641372.1 or 344967.1,NA,NA
HMR_0426,0.35231100567375184,0,0.3560591351539828,0.170534427510378,Palmitoyl Coenzyme A Hydrolase,Fatty acid oxidation,11332.1 or 10965.1 or 570.1 or 122970.1 or 641371.1 or 641372.1 or 344967.1,NA,NA
HMR_0427,-0.7151408627423893,0,0.133021277939211,0.8009229811063677,HMR_0427,"Transport, extracellular",19.1,NA,NA
HMR_0429,0.39705458845162384,0,1.088196644836897,0.4696474849947961,Long-Chain-Fatty-Acid Coenzyme A Ligase,Fatty acid synthesis,2182.1 or 23205.1 or 2181.1 or 81616.1 or 11001.1 or 2180.1 or 23305.1 or 51703.1,NA,NA
HMR_0430,0.4754675195704194,0,0.27702940860620584,0.09848466395956994,Palmitoyl Coenzyme A Hydrolase,Fatty acid oxidation,11332.1 or 10965.1 or 570.1 or 122970.1 or 641371.1 or 641372.1 or 344967.1,NA,NA
HMR_0433,0.469285141229008,0,0.22165302015648922,0.0800624385203526,Long-Chain-Fatty-Acid Coenzyme A Ligase,Fatty acid synthesis,2182.1 or 23205.1 or 2181.1 or 81616.1 or 11001.1 or 2180.1 or 23305.1 or 51703.1,NA,NA
HMR_0434,0.469285141229008,0,0.22165302015648922,0.0800624385203526,Palmitoyl Coenzyme A Hydrolase,Fatty acid oxidation,11332.1 or 10965.1 or 570.1 or 122970.1 or 641371.1 or 641372.1 or 344967.1,NA,NA
HMR_0467,0.7564364023654493,0,-31.559875026598572,-227.59112564101218,HMR_0467,"Transport, endoplasmic reticular",NA,NA,NA
HMR_0478,-0.5990560225551504,0,12.55021301342249,50.05311173734665,Glycerol-3-Phosphate Dehydrogenase [NAD (P)+],Glycerophospholipid metabolism,2819.1,NA,PMID:16460752
HMR_0653,0.6417519091675802,0,76.87415769675374,16.77477582052946,S-Adenosyl-L-Methionine:Phosphatidylethanolamine N-Methyltransferase,Glycerophospholipid metabolism,10400.1,R02056,NA
HMR_0654,0.6417519091675802,0,76.87415769675374,16.77477582052946,S-Adenosyl-L-Methionine:Phosphatidyl-N-Methylethanolamine N-Methyltransferase,Glycerophospholipid metabolism,10400.1,R03424,PMID:12431977
HMR_0657,0.6417519091675802,0,76.87415769675374,16.77477582052946,S-Adenosyl-L-Methionine:Phosphatidyl-N-Dimethylethanolamine N-Methyltransferase,Glycerophospholipid metabolism,10400.1,R01320,PMID:12431977
HMR_0761,0.816124151328272,0,3.73794076664178,0.37845266814398054,Ceramide Glucosyltransferase,Sphingolipid metabolism,7357.1,NA,PMID:10856719
HMR_0765,0.636400400433761,0,1.5990865093472464,0.3553086483701145,HMR_0765,Sphingolipid metabolism,55830.1 or 11285.1 or 55650.1 or 9488.1 or 55624.1 or 2683.1 or 55757.1 or 168391.1 or 51809.1 or 8704.1 or 51146.1 or 9331.1 or 80235.1 or 83468.1 or 8702.1 or 140687.1 or 3703.1 or 56886.1 or 283358.1 or 93183.1 or 8473.1 or 26301.1 or 93010.1 or 9334.1 or 8703.1 or 8707.1 or 148789.1 or 56983.1 or 201595.1 or 124872.1 or 146664.1 or 10678.1 or 8708.1 or 10690.1 or 84750.1 or 146712.1 or 79369.1 or 84002.1 or 374907.1 or 10331.1 or 2529.1 or 338707.1 or 10317.1 or 145173.1 or 200810.1 or 2526.1 or 170384.1 or 192134.1 or 360203.1 or 152586.1 or 644378.1 or 84752.1 or 644974.1,NA,PMID:10856719
HMR_0767,0.3556585844459005,0,0.36406736708485987,0.17304038447142958,Phosphatidate Phosphatase,Sphingolipid metabolism,8611.1 or 9663.1 or 64748.1 or 9890.1 or 79948.1 or 64900.1 or 23175.1 or 8612.1 or 84513.1 or 8613.1 or 196051.1,NA,PMID:8403799
HMR_0770,-0.6225869833928893,0,-219.3563009756565,-51.022178847932814,HMR_0770,"Transport, extracellular",51228.1,NA,NA
HMR_0775,-0.6488365741037153,0,0.20621466991152265,0.9682508621136018,Phosphatidate Phosphatase,Sphingolipid metabolism,8611.1 or 9663.1 or 23175.1 or 64900.1 or 8612.1 or 8613.1,NA,PMID:9705349
HMR_0783,0.4579273551098114,0,0.3676535523306935,0.13669743750720792,Phosphatidate Phosphatase,Sphingolipid metabolism,8611.1,NA,PMID:9705349
HMR_0793,0.5044736140805238,0,5.33692044734559,1.7578140795969908,Galactosylceramidase,Glycosphingolipid metabolism,2581.1,NA,NA
HMR_0795,0.8831393882300975,0,2.8328212447432395,0.17579432821837498,Sphingomyelin Phosphodiesterase,Sphingolipid metabolism,55512.1 or 6610.1 or 55627.1 or 6609.1 or 339221.1,NA,PMID:10823942;PMID:12885774;PMID:37279
HMR_0803,0.6664844542702872,0,13.990116187594166,2.79985884247006,Alpha-Galactosidase,Glycosphingolipid metabolism,2717.1,R05961,NA
HMR_0805,0.6589302333407657,0,18.612664126465468,3.826693180301013,Globotriaosylceramide 3-Beta-N-Acetylgalactosaminyltransferase,Glycosphingolipid metabolism,8706.1,R05962,NA
HMR_0807,0.6718174218318707,0,32.60278032192737,6.400019740059454,Beta-N-Acetylhexosaminidase,Glycosphingolipid metabolism,3074.1 or 284004.1 or 3073.1,R05963,NA
HMR_0808,0.6016360677928203,0,8.178800560449064,2.034256856171293,Beta-N-Acetylhexosaminidase,Glycosphingolipid metabolism,3074.1 or 284004.1 or 3073.1,NA,NA
HMR_0809,0.8701626501482131,0,1.1215440108977757,0.07786397728859047,HMR_0809,Glycosphingolipid metabolism,NA,R05964,NA
HMR_0810,0.8609066935933697,0,22.069783178930916,1.6496039939043359,Globoside Alpha-N-Acetylgalactosaminyltransferase,Glycosphingolipid metabolism,26301.1,R05965,NA
HMR_0811,0.8609066935933697,0,22.069783178930916,1.6496039939043359,Alpha-N-Acetylgalactosaminidase,Glycosphingolipid metabolism,4668.1,R05966,NA
HMR_0812,0.8701626501482131,0,1.1215440108977757,0.07786397728859047,"Beta-Galactoside Alpha-2, 3-Sialyltransferase",Glycosphingolipid metabolism,6482.1 or 6484.1 or 6483.1,R05967,NA
HMR_0814,0.8701626501482131,0,1.1215440108977757,0.07786397728859047,"Alpha-N-Acetylneuraminate Alpha-2, 8-Sialyltransferase",Glycosphingolipid metabolism,6489.1,NA,NA
HMR_0816,0.9938636192841671,0,111.04158157699705,0.3417452494014124,Ganglioside Galactosyltransferase,Glycosphingolipid metabolism,8705.1 or 8705.1,R05956,NA
HMR_0817,0.7577703571727454,0,1.6020088673535502,0.2207649219715502,"Beta-Galactoside Alpha-2, 3-Sialyltransferase",Glycosphingolipid metabolism,6482.1 or 6484.1 or 6483.1,R05957,NA
HMR_0819,0.9847987043865633,0,111.72615441645979,0.8556949867427429,Beta-Galactosidase,Glycosphingolipid metabolism,3938.1 or 79411.1 or 2720.1,R05994,NA
HMR_0821,0.33514172535928527,0,1.2870615174356994,0.6409158545385791,Beta-N-Acetylhexosaminidase,Glycosphingolipid metabolism,3074.1 or 284004.1 or 3073.1,R06001,NA
HMR_0822,0.4307934636910792,0,0.3358704130449769,0.13361791153615113,HMR_0822,Glycosphingolipid metabolism,29906.1,R05958,NA
HMR_0823,0.8712067588903953,0,1.2661384526467394,0.08714701047070385,HMR_0823,Glycosphingolipid metabolism,81849.1 or 27090.1 or 30815.1 or 256435.1,R05959,NA
HMR_0825,0.7843387264524256,0,1.3672864146034147,0.16525490654116057,Exo-Alpha-Sialidase,Glycosphingolipid metabolism,4759.1 or 10825.1 or 129807.1 or 4758.1 or 4758.1 or 4758.1,R05999,NA
HMR_0828,0.7843387264524256,0,1.3672864146034147,0.16525490654116057,Beta-N-Acetylhexosaminidase,Glycosphingolipid metabolism,3074.1 or 284004.1 or 3073.1,R06004,NA
HMR_0829,0.9827797448337094,0,34.715586575249574,0.3015015967511701,Ganglioside Galactosyltransferase,Glycosphingolipid metabolism,8705.1 or 8705.1,R05941,NA
HMR_0830,0.9701530595445691,0,39.19076529555172,0.5937226209467743,Beta-Galactosidase,Glycosphingolipid metabolism,3938.1 or 79411.1 or 2720.1,R06010,NA
HMR_0831,-0.523424393011964,0,-4.561917898738358,-1.427113023523541,HMR_0831,"Transport, lysosomal",NA,NA,NA
HMR_0835,0.931593682739699,0,4.5592740333996264,0.16146415718393958,HMR_0835,Glycosphingolipid metabolism,2760.1,NA,NA
HMR_0836,0.931593682739699,0,4.5592740333996264,0.16146415718393958,Beta-N-Acetylhexosaminidase,Glycosphingolipid metabolism,3074.1 or 284004.1 or 3073.1,NA,NA
HMR_0839,-0.3707488753637903,0,0.4925310389404283,1.0729203989896232,HMR_0839,Glycosphingolipid metabolism,29906.1,R05943,NA
HMR_0842,-1,0,NA,0.7566160025849826,(N-Acetylneuraminyl)-Galactosylglucosylceramide N-Acetylgalactosaminyltransferase,Glycosphingolipid metabolism,2583.1,R05946,NA
HMR_0843,0.5361058034156512,0,2.5054036913708515,0.7566160025849826,Ganglioside Galactosyltransferase,Glycosphingolipid metabolism,8705.1 or 8705.1,R05948,NA
HMR_0844,0.8297397603231441,0,2.095953393464401,0.19503184816825814,"Beta-Galactoside Alpha-2, 3-Sialyltransferase",Glycosphingolipid metabolism,6482.1 or 6484.1 or 6483.1,R05949,NA
HMR_0846,0.8805119682612936,0,2.091052987402538,0.13286584182555672,HMR_0846,Glycosphingolipid metabolism,29906.1,R05950,NA
HMR_0847,0.7767768852844377,0,6.656306204447316,0.8362566036080491,Exo-Alpha-Sialidase,Glycosphingolipid metabolism,4759.1 or 10825.1 or 129807.1 or 4758.1 or 4758.1 or 4758.1,R05996,NA
HMR_0855,0.9084174220615325,0,10.350485823086943,0.49670693823884976,"Alpha-N-Acetylneuraminate Alpha-2, 8-Sialyltransferase",Glycosphingolipid metabolism,29906.1 or 6489.1,R05947,NA
HMR_0859,0.9738031707691263,0,76.72780281564593,1.0183513621767983,"Lactosylceramide 1, 3-N-Acetyl-Beta-D-Glucosaminyltransferase",Glycosphingolipid metabolism,84002.1,R05971,NA
HMR_0860,0.9738845797918105,0,51.35865003264249,0.6794990652742563,Glucosaminylgalactosylglucosylceramide Beta-Galactosyltransferase,Glycosphingolipid metabolism,8707.1 or 8708.1 or 10317.1,R06006,NA
HMR_0864,0.9738845797918105,0,51.35865003264249,0.6794990652742563,Galactoside 2-Alpha-L-Fucosyltransferase,Glycosphingolipid metabolism,2523.1 or 2524.1,R06156,NA
HMR_0867,0.9568988284448765,0,18.127927791413665,0.3992720085061999,HMR_0867,Glycosphingolipid metabolism,28.1 or 28.1,R06167,NA
HMR_0868,0.9832754927661451,0,33.23072223742306,0.28022705694348804,Fucosylgalactoside 3-Alpha-Galactosyltransferase,Glycosphingolipid metabolism,28.1 or 28.1,R06168,NA
HMR_0870,0.9568988284448765,0,18.127927791413665,0.3992720085061999,3-Galactosyl-N-Acetylglucosaminide 4-Alpha-L-Fucosyltransferase,Glycosphingolipid metabolism,2527.1 or 2528.1 or 2525.1,R06162,NA
HMR_0873,-0.9832754927661451,0,-33.23072223742306,-0.28022705694348804,3-Galactosyl-N-Acetylglucosaminide 4-Alpha-L-Fucosyltransferase,Glycosphingolipid metabolism,2527.1 or 2528.1 or 2525.1,R06164,NA
HMR_0875,0.9736383826737351,0,25.369152809762955,0.3388522964153672,HMR_0875,Glycosphingolipid metabolism,2683.1 or 8704.1 or 8702.1 or 8703.1,R05977,NA
HMR_0876,0.9292784298146431,0,3.314579075349399,0.12150254369181909,"Neolactotetraosylceramide Alpha-2, 3-Sialyltransferase",Glycosphingolipid metabolism,10402.1,R06026,NA
HMR_0878,0.9292784298146431,0,3.314579075349399,0.12150254369181909,4-Galactosyl-N-Acetylglucosaminide 3-Alpha-L-Fucosyltransferase,Glycosphingolipid metabolism,10690.1 or 2529.1 or 2526.1,R06075,NA
HMR_0889,0.9804821749795887,0,22.054573733226956,0.21734975273348392,"N-Acetyllactosaminide Beta-1, 3-N-Acetylglucosaminyltransferase",Glycosphingolipid metabolism,10678.1 or 11041.1 or 79369.1 or 10331.1,R05975,NA
HMR_0890,0.9804821749795887,0,22.054573733226956,0.21734975273348392,HMR_0890,Glycosphingolipid metabolism,2683.1 or 8704.1 or 8702.1 or 8703.1,R06033,NA
HMR_0906,0.9866703213514824,0,11.181901487430185,0.07502561039187901,HMR_0906,Glycosphingolipid metabolism,2651.1,R06189,NA
HMR_0907,0.9866703213514824,0,11.181901487430185,0.07502561039187901,HMR_0907,Glycosphingolipid metabolism,NA,R06021,NA
HMR_0908,0.9866703213514824,0,11.181901487430185,0.07502561039187901,Galactoside 2-Alpha-L-Fucosyltransferase,Glycosphingolipid metabolism,2523.1 or 2524.1,R06085,NA
HMR_0909,0.9866703213514824,0,11.181901487430185,0.07502561039187901,Galactoside 2-Alpha-L-Fucosyltransferase,Glycosphingolipid metabolism,2523.1 or 2524.1,R06086,NA
HMR_0911,0.9741581136244867,0,10.87267224234864,0.1423241425019991,4-Galactosyl-N-Acetylglucosaminide 3-Alpha-L-Fucosyltransferase,Glycosphingolipid metabolism,2527.1 or 2528.1 or 2525.1 or 10690.1 or 2526.1,R06230,NA
HMR_0912,0.8783288050989071,0,14.029426389630878,0.9087743679219311,UDP-Alpha-D-Galactose:Sphingosine 1-Beta-Galactosyltransferase,Glycosphingolipid metabolism,NA,R01928,NA
HMR_0913,0.8783288050989071,0,14.029426389630878,0.9087743679219311,HMR_0913,"Transport, lysosomal",NA,NA,NA
HMR_0950,-0.5026740646687524,0,0.3746122759214166,1.1318938171979913,HMR_0950,Arachidonic acid metabolism,64816.1 or 1565.1 or 1577.1 or 1562.1 or 1571.1 or 1573.1 or 1588.1 or 1545.1 or 1559.1 or 1558.1 or 1543.1 or 1544.1 or 1580.1 or 113612.1 or 1576.1 or 1551.1 or 1557.1 or 29785.1 or 57834.1 or 199974.1 or 66002.1 or 260293.1 or 11283.1 or 1555.1 or 1572.1 or 1553.1 or 1549.1 or 1548.1,R07050,NA
HMR_0960,-0.5467635919358406,0,3.25425268428782,11.105814717125147,Glutathione Peroxidase,Arachidonic acid metabolism,2882.1 or 9588.1 or 493869.1 or 2879.1 or 2877.1 or 257202.1 or 2878.1 or 2880.1 or 2876.1,R07034,NA
HMR_0987,0.33568864470431353,0,0.4304154387718121,0.2140692478028721,Arachidonate 15-Lipoxygenase,Arachidonic acid metabolism,246.1 or 247.1,NA,NA
HMR_1033,0.7819249986105902,0,1.5689276226496054,0.19200802152502147,Arachidonate:Oxygen 12-Oxidoreductase,Arachidonic acid metabolism,239.1,R01596,NA
HMR_1039,0.7819249986105902,0,1.5689276226496054,0.19200802152502147,Arachidonate 12-Lipoxygenase,Arachidonic acid metabolism,239.1,NA,NA
HMR_1077,0.7819249986105902,0,1.5689276226496054,0.19200802152502147,Arachidonate 5-Lipoxygenase,Arachidonic acid metabolism,240.1,NA,PMID:9837935;PMID:2377602;PMID:10224163
HMR_1081,0.9939564037286636,0,77.47344782403111,0.2348186948928974,Leukotriene-C4 Synthase,Leukotriene metabolism,4056.1,NA,PMID:8052639;PMID:7937884
HMR_1084,0.5924251364241412,0,541.9045484786988,138.69830823777914,Gamma-Glutamyltransferase,Leukotriene metabolism,2687.1 or 2678.1 or 2686.1 or 124975.1 or 2679.1,NA,PMID:6122208
HMR_1095,-0.5491706000798152,0,123.01561213629171,422.7146004810333,HMR_1095,"Transport, nuclear",NA,NA,NA
HMR_1126,0.3602989652878707,1.282735257859078e-13,1.2986412539987424,0.6107055692180493,Leukotriene-B4 20-Monooxygenase,Leukotriene metabolism,57834.1 or 126410.1 or 8529.1 or 11283.1 or 4051.1,R03866,NA
HMR_1129,0.9292334818673176,0,1.2986412539987424,0.04763566499996689,Alcohol Dehydrogenase,Leukotriene metabolism,137872.1 or 130.1 or 124.1 or 131.1 or 125.1 or 128.1 or 127.1 or 126.1,NA,PMID:9862787;PMID:11368003;PMID:9799565
HMR_1280,0.40612648531725654,7.3750880221832e-14,5.447665388154238,2.3008059549840167,Carbonyl Reductase (NADPH),Leukotriene metabolism,10901.1 or 873.1 or 874.1,NA,NA
HMR_1305,0.8302968609812139,0,10.86957676211656,1.0078153635405085,Prostaglandin-Endoperoxide Synthase,Eicosanoid metabolism,5743.1 or 5742.1,NA,PMID:4521806;PMID:4776443
HMR_1307,0.8302968609812139,0,10.86957676211656,1.0078153635405085,Prostaglandin-Endoperoxide Synthase,Eicosanoid metabolism,5743.1 or 5742.1,NA,PMID:4514999
HMR_1311,0.9747132691202696,0,-2.772789212731365,-216.5350545666322,HMR_1311,"Transport, endoplasmic reticular",NA,NA,NA
HMR_1312,-0.9618879265587863,0,13.087621714995802,673.7090037786484,Prostaglandin-E Synthase,Eicosanoid metabolism,10728.1 or 80142.1 or 9536.1,NA,PMID:10922363
HMR_1317,1,0,NA,-0.5553776223252836,HMR_1317,Eicosanoid metabolism,NA,R05060,NA
HMR_1321,0.9602504897965646,0,-15.38301078183204,-758.6144902239799,HMR_1321,Eicosanoid metabolism,11102.1 or 91179.1,R02583,PMID:10200320;PMID:234423
HMR_1325,-0.9988351911203648,0,0.21731647073840724,372.9193835284233,HMR_1325,Eicosanoid metabolism,8644.1,R02264,NA
HMR_1329,-1.0036157557179142,0,-0.09231919644828886,51.15727139490107,"(5Z, 13E)- (15S)-9Alpha, 11Alpha, 15-Trihydroxyprosta-5, 13-Dienoate:NADP+ 11-Oxidoreductase",Eicosanoid metabolism,8644.1,R02684,NA
HMR_1331,0.8956259410709076,0,-7.0999306672335605,-128.94787163308672,HMR_1331,"Transport, endoplasmic reticular",NA,NA,NA
HMR_1332,0.39330642058836324,1.2227228594809393e-16,-0.8560718626600956,-1.9660178765796126,HMR_1332,Eicosanoid metabolism,NA,R02801,PMID:9755286;PMID:10200320;PMID:10200320;PMID:11786541;PMID:8521498;PMID:8521498;PMID:11786541
HMR_1388,0.49537326390926006,0,1.1474976278313596,0.3872330718890953,Arachidonate 15-Lipoxygenase,Eicosanoid metabolism,246.1 or 247.1,NA,NA
HMR_1390,0.6485162997266194,0,12.628449405676,2.6925388159997348,Prostaglandin-Endoperoxide Synthase,Eicosanoid metabolism,5743.1 or 5742.1,NA,PMID:9115911;PMID:9732298
HMR_1392,0.6485162997266194,0,12.628449405676,2.6925388159997348,Prostaglandin-Endoperoxide Synthase,"Transport, endoplasmic reticular",5743.1 or 5742.1,NA,NA
HMR_1465,-0.6004689670143994,0,-0.8149462734972447,-0.20343807545703604,Farnesyl-Diphosphate:Farnesyl-Diphosphate Farnesyltransferase,Cholesterol metabolism,2222.1,R00702,PMID:10896663;PMID:11108725;PMID:1527001;PMID:17180682;PMID:7864626;PMID:8509416
HMR_1470,0.6004689670143812,0,0.8149462734972447,0.20343807545704767,"Squalene, NADPH:Oxygen Oxidoreductase (2, 3-Epoxidizing)",Cholesterol metabolism,6713.1,R02874,PMID:10666321;PMID:10484604;PMID:10666321;PMID:11108725;PMID:7946524;PMID:8993542
HMR_1473,0.6004689670143812,0,0.8149462734972447,0.20343807545704767,"(S)-2, 3-Epoxysqualene Mutase (Cyclizing, Lanosterol-Forming)",Cholesterol metabolism,4047.1,R03199,PMID:8593458;PMID:5918048;PMID:10484604;PMID:11108725;PMID:7639730;PMID:7946524;PMID:8993542
HMR_1495,0.37403110139026724,0,0.09486956445353033,0.04321983448007422,3Beta-Hydroxysteroid-4Alpha-Carboxylate 3-Dehydrogenase (Decarboxylating),Cholesterol metabolism,50814.1 or 266740.1,R07494,PMID:10369263;PMID:11969204;PMID:12837764;PMID:14506130;PMID:7946524
HMR_1536,0.5712962095147406,0,0.7053917982895637,0.19245520728223492,Sterol 14Alpha-Demethylase,Cholesterol metabolism,1595.1,NA,NA
HMR_1538,0.5712962095147406,0,0.7053917982895637,0.19245520728223492,Sterol 14Alpha-Demethylase,Cholesterol metabolism,1595.1,NA,NA
HMR_1539,0.5712962095147406,0,0.7053917982895637,0.19245520728223492,Sterol 14Alpha-Demethylase,Cholesterol metabolism,1595.1,NA,NA
HMR_1540,0.5712962095147406,0,0.7053917982895637,0.19245520728223492,Delta14-Sterol Reductase,Cholesterol metabolism,3930.1 or 7108.1,NA,PMID:11111101
HMR_1543,0.6832348060914873,0,0.7053917982895637,0.1327465241082494,Methylsterol Monooxygenase,Cholesterol metabolism,6307.1 or 10826.1,NA,NA
HMR_1544,0.6832348060914873,0,0.7053917982895637,0.1327465241082494,Methylsterol Monooxygenase,Cholesterol metabolism,6307.1 or 10826.1,NA,NA
HMR_1545,0.6832348060914873,0,0.7053917982895637,0.1327465241082494,Methylsterol Monooxygenase,Cholesterol metabolism,6307.1 or 10826.1,NA,NA
HMR_1546,0.6832348060914873,0,0.7053917982895637,0.1327465241082494,3Beta-Hydroxysteroid-4Alpha-Carboxylate 3-Dehydrogenase (Decarboxylating),Cholesterol metabolism,50814.1,NA,NA
HMR_1547,0.6832348060914873,0,0.7053917982895637,0.1327465241082494,3Beta-Hydroxysteroid 3-Dehydrogenase,Cholesterol metabolism,51478.1,NA,NA
HMR_1548,0.6832348060914873,0,0.7053917982895637,0.1327465241082494,Methylsterol Monooxygenase,Cholesterol metabolism,6307.1 or 10826.1,NA,NA
HMR_1549,0.6832348060914873,0,0.7053917982895637,0.1327465241082494,Methylsterol Monooxygenase,Cholesterol metabolism,6307.1 or 10826.1,NA,NA
HMR_1550,0.6832348060914873,0,0.7053917982895637,0.1327465241082494,Methylsterol Monooxygenase,Cholesterol metabolism,6307.1 or 10826.1,NA,NA
HMR_1551,0.6832348060914873,0,0.7053917982895637,0.1327465241082494,3Beta-Hydroxysteroid-4Alpha-Carboxylate 3-Dehydrogenase (Decarboxylating),Cholesterol metabolism,50814.1,NA,NA
HMR_1552,0.6832348060914873,0,0.7053917982895637,0.1327465241082494,3Beta-Hydroxysteroid 3-Dehydrogenase,Cholesterol metabolism,51478.1,NA,NA
HMR_1557,0.8653957894493806,0,29.07871415341124,2.098277150932346,HMR_1557,Cholesterol metabolism,6309.1,R07215,PMID:11731337;PMID:7946524
HMR_1565,0.803077000047885,0,30.257478014149143,3.3045695449352266,Cholesterol:NADP+ Delta7-Oxidoreductase,Cholesterol metabolism,1717.1,R01456,PMID:15670717;PMID:7946524;PMID:9465114
HMR_1620,1.0805933642725238,0,0.12459678792878985,-3.2165830588448387,Cholate Coenzyme A Ligase,"Transport, mitochondrial",10998.1 or 11001.1,NA,PMID:12543708
HMR_1623,-0.8577313917498802,0,-2.186509910033457,-0.16744709337798414,HMR_1623,"Transport, peroxisomal",NA,NA,NA
HMR_1629,0.7834268236216766,0,6.676754236635346,0.8108019088717541,7Alpha-Hydroxycholest-4-En-3-One 12Alpha-Hydroxylase,"Transport, peroxisomal",1582.1,NA,PMID:12543708
HMR_1631,-1.1575666356973737,0,-5.047803238538782,0.3686400043453512,7Alpha-Hydroxycholest-4-En-3-One 12Alpha-Hydroxylase,"Transport, endoplasmic reticular",1582.1,NA,PMID:12543708
HMR_1665,1,0,9.063410484314396,NA,Cholate Coenzyme A Ligase,"Transport, peroxisomal",10998.1 or 11001.1,NA,PMID:12543708
HMR_1666,0.44116728411473577,0,39.56914996762425,15.343489812330715,Cholate Coenzyme A Ligase,"Transport, mitochondrial",10998.1 or 11001.1,NA,PMID:12543708
HMR_1681,-0.7973120184337565,0,1.6896585621940292,14.98285008027628,Cholestanetriol 26-Monooxygenase,Bile acid synthesis,1593.1,NA,PMID:1708392;PMID:2019602;PMID:9660774
HMR_1685,-0.3592845398683112,0,139.67334699966906,296.31846431376937,Cholestanetriol 26-Monooxygenase,Bile acid synthesis,1593.1,NA,PMID:1708392;PMID:9660774
HMR_1738,0.38650478188530124,0,5.107736450373381,2.260051266057184,"Cholest-5-Ene-3Beta, 7Alpha-Diol 3Beta-Dehydrogenase",Bile acid synthesis,80270.1,NA,PMID:12679481;PMID:11067870
HMR_1741,0.4892126005891943,0,3.7476876837428192,1.285425361715,Delta4-3-Oxosteroid 5Beta-Reductase,Bile acid synthesis,6718.1,NA,PMID:7508385
HMR_1743,0.4892126005891943,0,3.7476876837428192,1.285425361715,3Alpha-Hydroxysteroid 3-Dehydrogenase (Si-Specific),Bile acid synthesis,1109.1,NA,PMID:11158055
HMR_1745,0.4892126005891943,0,3.7476876837428192,1.285425361715,HMR_1745,"Transport, mitochondrial",NA,NA,PMID:12543708
HMR_1747,0.4892126005891943,0,3.7476876837428192,1.285425361715,Cholestanetriol 26-Monooxygenase,Bile acid synthesis,1593.1,NA,PMID:1708392;PMID:2019602;PMID:9660774
HMR_1749,0.4892126005891943,0,3.7476876837428192,1.285425361715,Cholestanetriol 26-Monooxygenase,Bile acid synthesis,1593.1,NA,PMID:1708392;PMID:9660774
HMR_1751,0.4892126005891943,0,3.7476876837428192,1.285425361715,Cholestanetriol 26-Monooxygenase,Bile acid synthesis,1593.1,NA,PMID:1708392;PMID:9660774
HMR_1753,0.4892126005891943,0,3.7476876837428192,1.285425361715,HMR_1753,"Transport, mitochondrial",NA,NA,PMID:12543708
HMR_1756,0.4892126005891943,0,3.7476876837428192,1.285425361715,Cholate Coenzyme A Ligase,Bile acid synthesis,10998.1 or 11001.1,NA,PMID:10479480;PMID:10749848;PMID:11980911
HMR_1759,0.4892126005891943,0,3.7476876837428192,1.285425361715,HMR_1759,"Transport, peroxisomal",NA,NA,PMID:12543708
HMR_1761,0.4892126005891943,0,3.7476876837428192,1.285425361715,Alpha-Methylacyl Coenzyme A Racemase,Bile acid synthesis,23600.1,NA,PMID:7649182;PMID:11060344;PMID:10655068
HMR_1762,0.5270150463600483,0,4.97104477323103,1.539755215387981,Cholestanetriol 26-Monooxygenase,Bile acid synthesis,1593.1,NA,PMID:1708392
HMR_1764,-0.5270150463600701,0,-4.97104477323103,-1.5397552153878877,HMR_1764,"Transport, mitochondrial",NA,NA,NA
HMR_1765,0.5270150463600483,0,4.97104477323103,1.539755215387981,25/26-Hydroxycholesterol 7Alpha-Hydroxylase,Bile acid synthesis,9420.1,NA,PMID:10588945
HMR_1781,0.749357512516858,0,8.306199432611466,1.1900863445148628,Cholesterol 25-Hydroxylase,Bile acid synthesis,9023.1,NA,PMID:9852097
HMR_1783,0.749357512516858,0,8.306199432611466,1.1900863445148628,3Beta-Hydroxy-Delta5-Steroid Dehydrogenase,Bile acid synthesis,3283.1 or 3284.1,NA,PMID:11067870;PMID:11454857;PMID:10599696;PMID:1401999
HMR_1807,0.5423401751774551,0,-6.217952074474086,-20.954859420985727,Cholestanetriol 26-Monooxygenase,Bile acid synthesis,1593.1,NA,PMID:9210654;PMID:9660774
HMR_1838,0.3473815414314997,0,14.912478354717512,7.223016152464226,Lithocholic acid 1beta-hydroxylase,Bile acid synthesis,1576.1,R07206,"PMID:10216279, PMID:17263554"
HMR_1927,0.5668266679845674,0,2.16232090014494,0.5978068719032162,HMR_1927,Steroid metabolism,51004.1 or 1571.1 or 285440.1,R02723,PMID:9578606;PMID:3024157
HMR_1928,0.5668266679845674,0,2.16232090014494,0.5978068719032162,22Beta-Hydroxycholesterol:Oxygen Oxidoreductase (Side-Chain-Cleaving),Steroid metabolism,1583.1,R04855,PMID:3024157;PMID:9578606
HMR_1929,0.5668266679845674,0,2.16232090014494,0.5978068719032162,"20Alpha, 22Beta-Dihydroxycholesterol, Ferredoxin:Oxygen Oxidoreductase (Side-Chain-Cleaving)",Steroid metabolism,1583.1,R03933,PMID:9578606;PMID:3024157
HMR_1940,0.393203643657811,0,0.3240322027856778,0.14112908825852555,"Pregnenolone, Hydrogen-Donor:Oxygen Oxidoreductase (21-Hydroxylating)",Steroid metabolism,1589.1 or 1589.1 or 1589.1,R03784,NA
HMR_1941,0.393203643657811,0,0.3240322027856778,0.14112908825852555,3Beta-Hydroxy-Delta5-Steroid Dehydrogenase,Steroid metabolism,3283.1 or 3284.1,R04163,NA
HMR_1944,0.6262856144116088,0,4.437523547171615,1.0197264067697338,Steroid 17Alpha-Monooxygenase,Androgen and estrogen synthesis and metabolism,1586.1,NA,PMID:10406467
HMR_1958,0.5916082896673348,0,1.545647683105434,0.3965986511713156,17Alpha-Hydroxypregnenolone Acetaldehyde-Lyase,Androgen and estrogen synthesis and metabolism,1586.1,R08516,PMID:10406467;PMID:9536209
HMR_1962,0.8479791769008418,0,1.235392861103634,0.10162746525680996,Alcohol Sulfotransferase,Androgen and estrogen synthesis and metabolism,6820.1,NA,PMID:1606923;PMID:10049998
HMR_1967,0.5565905237108213,0,317.50632854714394,90.4446691118002,3Beta-Hydroxy-Delta5-Steroid Dehydrogenase,Androgen and estrogen synthesis and metabolism,3283.1 or 3284.1,NA,NA
HMR_1970,0.5565905237108213,0,317.50632854714394,90.4446691118002,Steroid Delta-Isomerase,Androgen and estrogen synthesis and metabolism,3283.1 or 3284.1,NA,PMID:2243100;PMID:9536209
HMR_1976,-0.7142661775149809,0,62.45878930882514,374.7228419424057,3-Oxo-5Alpha-Steroid 4-Dehydrogenase (NADP+),Androgen and estrogen synthesis and metabolism,6716.1 or 79644.1 or 6715.1,NA,PMID:2339109;PMID:1944596;PMID:9208814;PMID:17986282;PMID:9536209
HMR_1979,0.720332454707178,0,3.0681904524198327,0.498783412456857,3Beta-Hydroxy-Delta5-Steroid Dehydrogenase,Steroid metabolism,3283.1 or 3284.1,NA,PMID:2243100;PMID:2770297;PMID:1944309;PMID:12832414
HMR_1980,0.720332454707178,0,3.0681904524198327,0.498783412456857,Steroid Delta-Isomerase,Steroid metabolism,3283.1 or 3284.1,NA,PMID:2243100;PMID:2770297;PMID:1944309;PMID:12832414
HMR_1982,0.6037974675572407,0,0.44299369295837826,0.10943727406778399,3Beta-Hydroxy-Delta5-Steroid Dehydrogenase,Androgen and estrogen synthesis and metabolism,3283.1 or 3284.1,NA,PMID:2243100;PMID:2770297;PMID:1944309;PMID:12832414
HMR_1983,0.6037974675572407,0,0.44299369295837826,0.10943727406778399,Steroid Delta-Isomerase,Androgen and estrogen synthesis and metabolism,3283.1 or 3284.1,NA,PMID:2243100
HMR_1988,0.6491172140840658,0,10.313207351871778,2.194341855417074,Steroid 21-Monooxygenase,Steroid metabolism,1589.1 or 1589.1 or 1589.1,NA,PMID:3487786;PMID:3038528
HMR_1989,0.6070388907648842,0,2.885388603541884,0.7055495126707959,"Steroid, Reduced-Adrenal-Ferredoxin:Oxygen Oxidoreductase (11-Hydroxylating)",Steroid metabolism,1584.1 or 1585.1,R03329,NA
HMR_1990,0.46483393859909056,1.9097678420698755e-7,6.799544022287486,2.4841622642971926,"21-Deoxycortisol, Hydrogen-Donor:Oxygen Oxidoreductase (21-Hydroxylating)",Steroid metabolism,1589.1 or 1589.1 or 1589.1,R02838,NA
HMR_1991,0.5044971059093419,0,9.684932597904746,3.18971177311386,"Steroid, Hydrogen-Donor:Oxygen Oxidoreductase (17-Alpha-Hydroxylating)",Steroid metabolism,1586.1,R04852,NA
HMR_1992,0.5278959744461618,0,11.219052644645423,3.4665710264453433,"11Beta-Hydroxyprogesterone, Hydrogen-Donor:Oxygen Oxidoreductase (21-Hydroxylating)",Steroid metabolism,1589.1 or 1589.1 or 1589.1,R03849,NA
HMR_1993,0.694243604622366,0,1.53412004729756,0.2768592512071598,"Progesterone, Reduced Ferredoxin:Oxygen Oxidoreductase (11-Hydroxylating)",Steroid metabolism,1584.1 or 1585.1,R02218,NA
HMR_1996,-0.880427141922016,0,5.3794577145417,84.59844866005183,11Beta-Hydroxysteroid Dehydrogenase,Steroid metabolism,3290.1,NA,PMID:1885595
HMR_2010,0.4537760376993073,0,1.5223797424586432,0.5720002761691306,Corticosterone 18-Monooxygenase,Steroid metabolism,1585.1,NA,PMID:2592361;PMID:2256920
HMR_2011,0.4537760376993073,0,1.5223797424586432,0.5720002761691306,Corticosterone 18-Monooxygenase,Steroid metabolism,1585.1,NA,PMID:2592361;PMID:2256920
HMR_2029,0.6559948210314522,0,4.456683412163838,0.9258013100866216,Unspecific Monooxygenase,Androgen and estrogen synthesis and metabolism,64816.1 or 1565.1 or 1577.1 or 1562.1 or 1571.1 or 1573.1 or 1588.1 or 1545.1 or 1559.1 or 1558.1 or 1543.1 or 1544.1 or 1580.1 or 113612.1 or 1576.1 or 1551.1 or 1557.1 or 29785.1 or 57834.1 or 199974.1 or 66002.1 or 260293.1 or 11283.1 or 1555.1 or 1572.1 or 1553.1 or 1549.1 or 1548.1,NA,NA
HMR_2190,0.7737919024232426,0,4.410455546854504,0.5624564850802655,Very-Long-Chain 3-Oxoacyl Coenzyme A Synthase,Fatty acid synthesis,60481.1 or 64834.1 or 6785.1 or 83401.1 or 79993.1 or 79071.1 or 54898.1,NA,PMID:16564093;PMID:19505953;PMID:17583696;PMID:12032166;PMID:11567032
HMR_2193,0.7737919024232426,0,4.410455546854504,0.5624564850802655,Very-Long-Chain (3R)-3-Hydroxyacyl Coenzyme A Dehydratase,Fatty acid synthesis,51495.1 or 192286.1 or 9200.1 or 401494.1 or 201562.1,NA,PMID:16564093;PMID:4379659
HMR_2210,0.49223119745795463,0,1.7607377572152185,0.5991348419030281,Very-Long-Chain Enoyl Coenzyme A Reductase,Fatty acid synthesis,9524.1 or 253017.1,NA,PMID:10479480
HMR_2215,0.4059286528291347,0,1.6778976241435855,0.7089910999281099,Very-Long-Chain 3-Oxoacyl Coenzyme A Synthase,Fatty acid synthesis,60481.1 or 64834.1 or 6785.1 or 83401.1 or 79993.1 or 79071.1 or 54898.1,NA,PMID:18728184;PMID:16036915
HMR_2217,0.4059286528291347,0,1.6778976241435855,0.7089910999281099,Very-Long-Chain 3-Oxoacyl Coenzyme A Reductase,Fatty acid synthesis,51144.1,NA,NA
HMR_2218,0.4059286528291347,0,1.6778976241435855,0.7089910999281099,Very-Long-Chain (3R)-3-Hydroxyacyl Coenzyme A Dehydratase,Fatty acid synthesis,51495.1 or 192286.1 or 9200.1 or 401494.1 or 201562.1,NA,NA
HMR_2219,0.4059286528291347,0,1.6778976241435855,0.7089910999281099,Very-Long-Chain Enoyl Coenzyme A Reductase,Fatty acid synthesis,9524.1 or 253017.1,NA,NA
HMR_2263,0.4831774578256233,0,2.4095496466026503,0.83962277560381,Very-Long-Chain 3-Oxoacyl Coenzyme A Synthase,Fatty acid synthesis,60481.1 or 64834.1 or 6785.1 or 83401.1 or 79993.1 or 79071.1 or 54898.1,NA,PMID:10479480
HMR_2264,0.4831774578256233,0,2.4095496466026503,0.83962277560381,Very-Long-Chain 3-Oxoacyl Coenzyme A Reductase,Fatty acid synthesis,51144.1,NA,PMID:10479480
HMR_2265,0.4831774578256233,0,2.4095496466026503,0.83962277560381,Very-Long-Chain (3R)-3-Hydroxyacyl Coenzyme A Dehydratase,Fatty acid synthesis,51495.1 or 192286.1 or 9200.1 or 401494.1 or 201562.1,NA,PMID:10479480
HMR_2266,0.4831774578256233,0,2.4095496466026503,0.83962277560381,Very-Long-Chain Enoyl Coenzyme A Reductase,Fatty acid synthesis,9524.1 or 253017.1,NA,PMID:10479480
HMR_2292,0.7502306149066245,0,9.904531489777378,1.4134415880798945,Stearoyl Coenzyme A 9-Desaturase,Fatty acid synthesis,6319.1 or 79966.1,NA,NA
HMR_2294,0.6902101240310591,0,20.077371008695405,3.679877540747628,Stearoyl Coenzyme A 9-Desaturase,Fatty acid synthesis,6319.1 or 79966.1 or 283985.1,NA,NA
HMR_2296,0.5335503290842871,0,3.2723314687654375,0.9953230146963615,Stearoyl Coenzyme A 9-Desaturase,Fatty acid synthesis,6319.1 or 79966.1,NA,NA
HMR_2332,0.8559086002449279,0,5.757164482867013,0.44698208136274337,Very-Long-Chain 3-Oxoacyl Coenzyme A Synthase,Fatty acid synthesis,60481.1 or 64834.1 or 6785.1 or 83401.1 or 79993.1 or 79071.1 or 54898.1,NA,PMID:10970790
HMR_2334,0.8559086002449279,0,5.757164482867013,0.44698208136274337,Very-Long-Chain 3-Oxoacyl Coenzyme A Reductase,Fatty acid synthesis,51144.1,NA,PMID:10970790
HMR_2336,0.8559086002449279,0,5.757164482867013,0.44698208136274337,Very-Long-Chain (3R)-3-Hydroxyacyl Coenzyme A Dehydratase,Fatty acid synthesis,51495.1 or 192286.1 or 9200.1 or 401494.1 or 201562.1,NA,PMID:10970790
HMR_2338,0.8559086002449279,0,5.757164482867013,0.44698208136274337,Very-Long-Chain Enoyl Coenzyme A Reductase,Fatty acid synthesis,9524.1 or 253017.1,NA,PMID:10970790
HMR_2342,0.34213450356286274,0,0.9913883573866333,0.4859424984327645,Very-Long-Chain 3-Oxoacyl Coenzyme A Synthase,Fatty acid synthesis,60481.1 or 64834.1 or 6785.1 or 83401.1 or 79993.1 or 79071.1 or 54898.1,NA,PMID:10970790
HMR_2343,0.34213450356286274,0,0.9913883573866333,0.4859424984327645,Very-Long-Chain 3-Oxoacyl Coenzyme A Reductase,Fatty acid synthesis,51144.1,NA,PMID:10970790
HMR_2344,0.34213450356286274,0,0.9913883573866333,0.4859424984327645,Very-Long-Chain (3R)-3-Hydroxyacyl Coenzyme A Dehydratase,Fatty acid synthesis,51495.1 or 192286.1 or 9200.1 or 401494.1 or 201562.1,NA,PMID:10970790
HMR_2345,0.34213450356286274,0,0.9913883573866333,0.4859424984327645,Very-Long-Chain Enoyl Coenzyme A Reductase,Fatty acid synthesis,9524.1 or 253017.1,NA,PMID:10970790
HMR_2359,0.5908347936260422,0,2.577248079940376,0.6628722521853371,HMR_2359,Fatty acid synthesis,9415.1 or 3992.1 or 3995.1,NA,NA
HMR_2365,0.5983860136691225,0,0.7200386520591302,0.18091849584066805,HMR_2365,Fatty acid synthesis,9415.1 or 3992.1 or 3995.1,NA,NA
HMR_2368,0.9206276825047707,0,36.63153345758617,1.5138434848240911,"Linoleoyl Coenzyme A, Ferrocytochrome B5:Oxygen Oxidoreductase (6, 7 Cis-Dehydrogenating)",Fatty acid synthesis,9415.1 or 3992.1 or 3995.1,R03814,NA
HMR_2484,0.461292662784438,0,1.212533154976346,0.4470018387406688,HMR_2484,Fatty acid synthesis,9415.1 or 3992.1 or 3995.1,NA,NA
HMR_2530,0.39652111341434226,0,0.954368431301997,0.41241137909223324,Very-Long-Chain 3-Oxoacyl Coenzyme A Synthase,Fatty acid synthesis,60481.1 or 64834.1 or 6785.1 or 83401.1 or 79993.1 or 79071.1 or 54898.1,NA,PMID:10970790;PMID:10970790
HMR_2533,0.39652111341434226,0,0.954368431301997,0.41241137909223324,Very-Long-Chain 3-Oxoacyl Coenzyme A Reductase,Fatty acid synthesis,51144.1,NA,PMID:10970790;PMID:10970790
HMR_2535,0.39652111341434226,0,0.954368431301997,0.41241137909223324,Very-Long-Chain (3R)-3-Hydroxyacyl Coenzyme A Dehydratase,Fatty acid synthesis,51495.1 or 192286.1 or 9200.1 or 401494.1 or 201562.1,NA,PMID:10970790;PMID:10970790
HMR_2537,0.39652111341434226,0,0.954368431301997,0.41241137909223324,Very-Long-Chain Enoyl Coenzyme A Reductase,Fatty acid synthesis,9524.1 or 253017.1,NA,PMID:10970790;PMID:10970790
HMR_2571,-0.8486270434975499,0,-2.306718493760519,-0.1888833117786588,HMR_2571,Fatty acid synthesis,NA,NA,NA
HMR_2602,0.6486907763737487,0,54.588030206817386,11.631822526127845,Carnitine O-Palmitoyltransferase,Fatty acid oxidation,1374.1 or 126129.1 or 1375.1,NA,NA
HMR_2603,0.6486907763737487,0,54.588030206817386,11.631822526127845,HMR_2603,"Transport, mitochondrial",114571.1 or 6580.1 or 788.1 or 123096.1 or 6583.1,NA,NA
HMR_2604,-0.6486907763737487,0,-54.588030206817386,-11.631822526127845,Carnitine O-Acetyltransferase,"Transport, mitochondrial",1384.1 or 1376.1,NA,NA
HMR_2611,2.5219175104460896,0,4.744134552563203,-10.978552016059826,Carnitine O-Palmitoyltransferase,Fatty acid oxidation,1374.1 or 126129.1 or 1375.1,NA,NA
HMR_2613,-0.4294090492951493,7.337043518418448e-10,-5.402584756023313,-2.15660169055384,Carnitine O-Acetyltransferase,"Transport, mitochondrial",1384.1 or 1376.1,NA,NA
HMR_2620,0.4074513982057147,0,1.350605841281131,0.5686161553049635,Carnitine O-Palmitoyltransferase,Fatty acid oxidation,1374.1 or 126129.1 or 1375.1,NA,NA
HMR_2621,-0.4074513982057147,0,-1.350605841281131,-0.5686161553049635,HMR_2621,"Transport, mitochondrial",114571.1 or 6580.1 or 788.1 or 123096.1 or 6583.1,NA,NA
HMR_2622,-0.4074513982057147,0,-1.350605841281131,-0.5686161553049635,Carnitine O-Acetyltransferase,"Transport, mitochondrial",1384.1 or 1376.1,NA,NA
HMR_2624,1.4848339740107885,0,1.183367231837168,-6.064903160715104,HMR_2624,"Transport, mitochondrial",114571.1 or 6580.1 or 788.1 or 123096.1 or 6583.1,NA,NA
HMR_2634,-1.029974963435067,0,-274.7239329759955,4.056621384018659,HMR_2634,"Transport, mitochondrial",114571.1 or 6580.1 or 788.1 or 123096.1 or 6583.1,NA,NA
HMR_2644,-0.921763730979477,0,0.47718610389977,11.721404393164814,HMR_2644,"Transport, mitochondrial",114571.1 or 6580.1 or 788.1 or 123096.1 or 6583.1,NA,NA
HMR_2655,-3.504195204889198,0,-46.05350465134822,82.83458670232669,HMR_2655,"Transport, mitochondrial",114571.1 or 6580.1 or 788.1 or 123096.1 or 6583.1,NA,NA
HMR_2657,0.7338536397747101,0,10.150693353738264,1.5581304141747008,Carnitine O-Palmitoyltransferase,Fatty acid oxidation,1374.1 or 126129.1 or 1375.1,NA,NA
HMR_2659,-0.6616322049088492,0,-1.7455066036753004,-0.3554476249664731,Carnitine O-Acetyltransferase,"Transport, mitochondrial",1384.1 or 1376.1,NA,NA
HMR_2660,0.45314860832828924,0,-0.9935252058136852,-2.640095265651164,Carnitine O-Palmitoyltransferase,Fatty acid oxidation,1374.1 or 126129.1 or 1375.1,NA,NA
HMR_2661,0.4531486083283173,0,-0.9935252058136852,-2.6400952656513503,HMR_2661,"Transport, mitochondrial",114571.1 or 6580.1 or 788.1 or 123096.1 or 6583.1,NA,NA
HMR_2662,-0.4531486083283173,0,0.9935252058136852,2.6400952656513503,Carnitine O-Acetyltransferase,"Transport, mitochondrial",1384.1 or 1376.1,NA,NA
HMR_2666,-4.144775876336831,0,-2.549005540509421,4.170110281034594,Carnitine O-Palmitoyltransferase,Fatty acid oxidation,1374.1 or 126129.1 or 1375.1,NA,NA
HMR_2667,-1.0770657126371026,0,-208.31251029806435,7.7290535199109405,HMR_2667,"Transport, mitochondrial",114571.1 or 6580.1 or 788.1 or 123096.1 or 6583.1,NA,NA
HMR_2669,0.6830273963968144,0,2.371819642547247,0.44669614350004466,Carnitine O-Palmitoyltransferase,Fatty acid oxidation,1374.1 or 126129.1 or 1375.1,NA,NA
HMR_2670,-0.6830273963968144,0,-2.371819642547247,-0.44669614350004466,HMR_2670,"Transport, mitochondrial",114571.1 or 6580.1 or 788.1 or 123096.1 or 6583.1,NA,NA
HMR_2671,-0.6830273963968144,0,-2.371819642547247,-0.44669614350004466,Carnitine O-Acetyltransferase,"Transport, mitochondrial",1384.1 or 1376.1,NA,NA
HMR_2673,-1.2002076805317976,0,-19.876450982499122,1.8086556935608387,HMR_2673,"Transport, mitochondrial",114571.1 or 6580.1 or 788.1 or 123096.1 or 6583.1,NA,NA
HMR_2675,-0.5792075858876385,0,-0.7722265773208804,-0.20576590982491613,Carnitine O-Palmitoyltransferase,Fatty acid oxidation,1374.1 or 126129.1 or 1375.1,NA,NA
HMR_2676,-0.579207585889562,0,-0.7722265773253508,-0.20576590982491613,HMR_2676,"Transport, mitochondrial",114571.1 or 6580.1 or 788.1 or 123096.1 or 6583.1,NA,NA
HMR_2677,0.5792075858876385,0,0.7722265773208804,0.20576590982491613,Carnitine O-Acetyltransferase,"Transport, mitochondrial",1384.1 or 1376.1,NA,NA
HMR_2679,-0.8372137255587502,0,11.378193904110844,128.41484384634495,HMR_2679,"Transport, mitochondrial",114571.1 or 6580.1 or 788.1 or 123096.1 or 6583.1,NA,NA
HMR_2681,0.34213450356286274,0,0.9913883573866333,0.4859424984327645,Carnitine O-Palmitoyltransferase,Fatty acid oxidation,1374.1 or 126129.1 or 1375.1,NA,NA
HMR_2682,-0.34213450356286274,0,-0.9913883573866333,-0.4859424984327645,HMR_2682,"Transport, mitochondrial",114571.1 or 6580.1 or 788.1 or 123096.1 or 6583.1,NA,NA
HMR_2683,-0.34213450356286274,0,-0.9913883573866333,-0.4859424984327645,Carnitine O-Acetyltransferase,"Transport, mitochondrial",1384.1 or 1376.1,NA,NA
HMR_2684,0.9919392591299749,0,186.57152299087048,0.754995260855589,Carnitine O-Palmitoyltransferase,Fatty acid oxidation,1374.1 or 126129.1 or 1375.1,NA,NA
HMR_2685,-0.9919392591299749,0,-186.57152299087048,-0.754995260855589,HMR_2685,"Transport, mitochondrial",114571.1 or 6580.1 or 788.1 or 123096.1 or 6583.1,NA,NA
HMR_2686,-0.9919392591299749,0,-186.57152299087048,-0.754995260855589,Carnitine O-Acetyltransferase,"Transport, mitochondrial",1384.1 or 1376.1,NA,NA
HMR_2693,0.5983860136691225,0,0.7200386520591302,0.18091849584066805,Carnitine O-Palmitoyltransferase,Fatty acid oxidation,1374.1 or 126129.1 or 1375.1,NA,NA
HMR_2695,0.5983860136691225,0,0.7200386520591302,0.18091849584066805,HMR_2695,"Transport, mitochondrial",114571.1 or 6580.1 or 788.1 or 123096.1 or 6583.1,NA,NA
HMR_2697,-0.5983860136691225,0,-0.7200386520591302,-0.18091849584066805,Carnitine O-Acetyltransferase,"Transport, mitochondrial",1384.1 or 1376.1,NA,NA
HMR_2699,-0.5104489193699877,0,-3.0341982106355427,-0.9834129402282881,Carnitine O-Palmitoyltransferase,Fatty acid oxidation,1374.1 or 126129.1 or 1375.1,NA,NA
HMR_2700,-0.5104489193699889,0,-3.0341982106355543,-0.9834129402282881,HMR_2700,"Transport, mitochondrial",114571.1 or 6580.1 or 788.1 or 123096.1 or 6583.1,NA,NA
HMR_2701,0.5104489193699889,0,3.0341982106355543,0.9834129402282881,Carnitine O-Acetyltransferase,"Transport, mitochondrial",1384.1 or 1376.1,NA,NA
HMR_2702,0.5980233539045989,0,-72.6244239363581,-288.71210962495803,Carnitine O-Palmitoyltransferase,Fatty acid oxidation,1374.1 or 126129.1 or 1375.1,NA,NA
HMR_2703,0.6361648642557969,0,-54.67416153439879,-245.8694427690506,HMR_2703,"Transport, mitochondrial",114571.1 or 6580.1 or 788.1 or 123096.1 or 6583.1,NA,NA
HMR_2704,-0.6361648642557969,0,54.67416153439879,245.8694427690506,Carnitine O-Acetyltransferase,"Transport, mitochondrial",1384.1 or 1376.1,NA,NA
HMR_2705,0.6998241930607129,0,3.9318900298759156,0.6943413720858749,Carnitine O-Palmitoyltransferase,Fatty acid oxidation,1374.1 or 126129.1 or 1375.1,NA,NA
HMR_2706,-0.6998241930607129,0,-3.9318900298759156,-0.6943413720858749,HMR_2706,"Transport, mitochondrial",114571.1 or 6580.1 or 788.1 or 123096.1 or 6583.1,NA,NA
HMR_2707,-0.6998241930607129,0,-3.9318900298759156,-0.6943413720858749,Carnitine O-Acetyltransferase,"Transport, mitochondrial",1384.1 or 1376.1,NA,NA
HMR_2711,1.069624730259208,0,29.605600648438653,-0.9959689450807869,Carnitine O-Palmitoyltransferase,Fatty acid oxidation,1374.1 or 126129.1 or 1375.1,NA,NA
HMR_2712,1.0840314000483522,0,29.170539600240627,-1.1762017034471035,HMR_2712,"Transport, mitochondrial",114571.1 or 6580.1 or 788.1 or 123096.1 or 6583.1,NA,NA
HMR_2713,-1.0840314000483522,0,-29.170539600240627,1.1762017034471035,Carnitine O-Acetyltransferase,"Transport, mitochondrial",1384.1 or 1376.1,NA,NA
HMR_2715,-0.5171662176300079,0,-83.42931188663073,-26.551138399109384,HMR_2715,"Transport, mitochondrial",114571.1 or 6580.1 or 788.1 or 123096.1 or 6583.1,NA,NA
HMR_2718,1.0380791738772612,0,1.1740120321762049,-62.83564555187076,HMR_2718,"Transport, mitochondrial",114571.1 or 6580.1 or 788.1 or 123096.1 or 6583.1,NA,NA
HMR_2722,-0.6434783667153807,0,-314.08009638302326,-68.13375290631875,HMR_2722,"Transport, mitochondrial",114571.1 or 6580.1 or 788.1 or 123096.1 or 6583.1,NA,NA
HMR_2727,-0.7881497583001116,0,-492.42305154373645,-58.339600474687295,HMR_2727,"Transport, mitochondrial",114571.1 or 6580.1 or 788.1 or 123096.1 or 6583.1,NA,NA
HMR_2731,-0.8093477047914329,0,-369.93397448015213,-38.98021431894898,HMR_2731,"Transport, mitochondrial",114571.1 or 6580.1 or 788.1 or 123096.1 or 6583.1,NA,NA
HMR_2733,0.4455969793383393,0,0.5881010931682525,0.2255435139717414,Carnitine O-Palmitoyltransferase,Fatty acid oxidation,1374.1 or 126129.1 or 1375.1,NA,NA
HMR_2734,0.4455969793383393,0,0.5881010931682525,0.2255435139717414,HMR_2734,"Transport, mitochondrial",114571.1 or 6580.1 or 788.1 or 123096.1 or 6583.1,NA,NA
HMR_2735,-0.4455969793383393,0,-0.5881010931682525,-0.2255435139717414,Carnitine O-Acetyltransferase,"Transport, mitochondrial",1384.1 or 1376.1,NA,NA
HMR_2744,-8.72568688806483,0,-33.91329136455655,42.69265088453609,HMR_2744,"Transport, mitochondrial",114571.1 or 6580.1 or 788.1 or 123096.1 or 6583.1,NA,NA
HMR_2748,-2.423188156753961,0,-21.144319255644085,50.85833725853488,HMR_2748,"Transport, mitochondrial",114571.1 or 6580.1 or 788.1 or 123096.1 or 6583.1,NA,NA
HMR_2753,-1.043580758918253,0,-1.225979624543013,57.48840620791912,HMR_2753,"Transport, mitochondrial",114571.1 or 6580.1 or 788.1 or 123096.1 or 6583.1,NA,NA
HMR_2757,-1.0231898349534003,0,-0.7306454095869107,63.74492826715205,HMR_2757,"Transport, mitochondrial",114571.1 or 6580.1 or 788.1 or 123096.1 or 6583.1,NA,NA
HMR_2760,0.47761744756021085,0,170.36105469218194,60.2277962630853,HMR_2760,"Transport, mitochondrial",114571.1 or 6580.1 or 788.1 or 123096.1 or 6583.1,NA,NA
HMR_2764,-1.0021344149902023,0,-193.4279397910446,0.2062076807245611,HMR_2764,"Transport, mitochondrial",114571.1 or 6580.1 or 788.1 or 123096.1 or 6583.1,NA,NA
HMR_2768,0.4441811944676777,0,0.5744642167694674,0.2210927659278648,Carnitine O-Palmitoyltransferase,Fatty acid oxidation,1374.1 or 126129.1 or 1375.1,NA,NA
HMR_2769,-0.4441811944676777,0,-0.5744642167694674,-0.2210927659278648,HMR_2769,"Transport, mitochondrial",114571.1 or 6580.1 or 788.1 or 123096.1 or 6583.1,NA,NA
HMR_2770,-0.4441811944676777,0,-0.5744642167694674,-0.2210927659278648,Carnitine O-Acetyltransferase,"Transport, mitochondrial",1384.1 or 1376.1,NA,NA
HMR_2817,0.4115579382207108,0,2.040081528866563,0.8504573199151105,HMR_2817,"Transport, endoplasmic reticular",6584.1,NA,NA
HMR_2819,-0.4115579382207108,0,-2.040081528866563,-0.8504573199151105,Carnitine O-Acetyltransferase,"Transport, endoplasmic reticular",1384.1,NA,NA
HMR_2821,0.3805927481457366,0,-24.49783665540442,-54.60306693288088,HMR_2821,"Transport, endoplasmic reticular",6584.1,NA,NA
HMR_2827,-0.3805927481457366,0,24.49783665540442,54.60306693288088,Carnitine O-Acetyltransferase,"Transport, endoplasmic reticular",1384.1,NA,PMID:1735445;PMID:1988962;PMID:2355017;PMID:6361812;PMID:7892212
HMR_2851,0.4094621692422412,0,-17.950262327639177,-42.84266707573533,HMR_2851,"Transport, endoplasmic reticular",6584.1,NA,NA
HMR_2852,-0.4094621692422412,0,17.950262327639177,42.84266707573533,Carnitine O-Acetyltransferase,"Transport, endoplasmic reticular",1384.1,NA,NA
HMR_2857,0.41415797594879566,0,0.435061111795764,0.18023239740906175,HMR_2857,"Transport, endoplasmic reticular",6584.1,NA,NA
HMR_2859,-0.41415797594879566,0,-0.435061111795764,-0.18023239740906175,Carnitine O-Acetyltransferase,"Transport, endoplasmic reticular",1384.1,NA,NA
HMR_2861,0.5200246546123984,0,6.780045176467049,2.1409221984942994,HMR_2861,"Transport, endoplasmic reticular",6584.1,NA,NA
HMR_2862,-0.5200246546124063,0,-6.780045176467049,-2.1409221984942532,Carnitine O-Acetyltransferase,"Transport, endoplasmic reticular",1384.1,NA,NA
HMR_2888,0.46405809170227846,0,383.80076383132933,140.4964153674543,HMR_2888,"Transport, endoplasmic reticular",6584.1,NA,NA
HMR_2890,-0.46405809170227846,0,-383.80076383132933,-140.4964153674543,Carnitine O-Acetyltransferase,"Transport, endoplasmic reticular",1384.1,NA,NA
HMR_2942,0.5394176697103308,0,0.3797070909692848,0.1136055407360971,Long-Chain-Fatty-Acid Coenzyme A Ligase,Fatty acid synthesis,2182.1 or 23205.1 or 2181.1 or 81616.1 or 11001.1 or 2180.1 or 23305.1 or 51703.1,NA,NA
HMR_2944,0.5897214111566167,0,0.4253033924593232,0.1097631789217463,Long-Chain-Fatty-Acid Coenzyme A Ligase,Fatty acid synthesis,2182.1 or 23205.1 or 2181.1 or 81616.1 or 11001.1 or 2180.1 or 23305.1 or 51703.1,NA,NA
HMR_2945,0.4233982562544457,0,0.35389958537728305,0.14336052270875663,Long-Chain-Fatty-Acid Coenzyme A Ligase,Fatty acid synthesis,2182.1 or 23205.1 or 2181.1 or 81616.1 or 11001.1 or 2180.1 or 23305.1 or 51703.1,NA,NA
HMR_2946,0.47282997184535563,0,0.36063908253174515,0.1290835459124451,Long-Chain-Fatty-Acid Coenzyme A Ligase,Fatty acid synthesis,2182.1 or 23205.1 or 2181.1 or 81616.1 or 11001.1 or 2180.1 or 23305.1 or 51703.1,NA,NA
HMR_2947,0.5003375180970726,0,0.3711686301339272,0.12361154520247655,Long-Chain-Fatty-Acid Coenzyme A Ligase,Fatty acid synthesis,2182.1 or 23205.1 or 2181.1 or 81616.1 or 11001.1 or 2180.1 or 23305.1 or 51703.1,NA,NA
HMR_2948,0.4837144971834425,0,0.37540198991976503,0.13062796480858233,Long-Chain-Fatty-Acid Coenzyme A Ligase,Fatty acid synthesis,2182.1 or 23205.1 or 2181.1 or 81616.1 or 11001.1 or 2180.1 or 23305.1 or 51703.1,NA,NA
HMR_2951,0.5485186113896404,0,0.3741189037885997,0.10907697262759065,Long-Chain-Fatty-Acid Coenzyme A Ligase,Fatty acid synthesis,2182.1 or 23205.1 or 2181.1 or 81616.1 or 11001.1 or 2180.1 or 23305.1 or 51703.1,NA,NA
HMR_2955,0.8306578819532243,0,1.4112668042863137,0.13054700833121316,Long-Chain-Fatty-Acid Coenzyme A Ligase,Fatty acid synthesis,2182.1 or 23205.1 or 2181.1 or 81616.1 or 11001.1 or 2180.1 or 23305.1 or 51703.1,NA,NA
HMR_2956,0.4364869183404365,0,0.3258268746485206,0.1278171794511104,Long-Chain-Fatty-Acid Coenzyme A Ligase,Fatty acid synthesis,2182.1 or 23205.1 or 2181.1 or 81616.1 or 11001.1 or 2180.1 or 23305.1 or 51703.1,NA,NA
HMR_2961,0.398295010274401,0,0.3541896364973885,0.15241252384055395,Long-Chain-Fatty-Acid Coenzyme A Ligase,Fatty acid synthesis,2182.1 or 23205.1 or 2181.1 or 81616.1 or 11001.1 or 2180.1 or 23305.1 or 51703.1,NA,NA
HMR_2962,0.4760893278102274,0,0.3477682476398928,0.12343392297102218,Long-Chain-Fatty-Acid Coenzyme A Ligase,Fatty acid synthesis,2182.1 or 23205.1 or 2181.1 or 81616.1 or 11001.1 or 2180.1 or 23305.1 or 51703.1,NA,NA
HMR_2963,0.4698978069020733,0,0.3488862063980152,0.12582190563505283,Long-Chain-Fatty-Acid Coenzyme A Ligase,Fatty acid synthesis,2182.1 or 23205.1 or 2181.1 or 81616.1 or 11001.1 or 2180.1 or 23305.1 or 51703.1,NA,NA
HMR_2964,0.947310632824284,0,3.8877434840614327,0.1051926387417794,Long-Chain-Fatty-Acid Coenzyme A Ligase,Fatty acid synthesis,2182.1 or 23205.1 or 2181.1 or 81616.1 or 11001.1 or 2180.1 or 23305.1 or 51703.1,NA,NA
HMR_2965,0.4024639950678514,0,0.3138877034930629,0.13373548626002157,Long-Chain-Fatty-Acid Coenzyme A Ligase,Fatty acid synthesis,2182.1 or 23205.1 or 2181.1 or 81616.1 or 11001.1 or 2180.1 or 23305.1 or 51703.1,NA,NA
HMR_2966,0.6195720940943237,0,0.6509889125752961,0.15291344527476772,Long-Chain-Fatty-Acid Coenzyme A Ligase,Fatty acid synthesis,2182.1 or 23205.1 or 2181.1 or 81616.1 or 11001.1 or 2180.1 or 23305.1 or 51703.1,NA,NA
HMR_2967,0.5146637527860861,0,0.5109479385872663,0.16372053175464826,Long-Chain-Fatty-Acid Coenzyme A Ligase,Fatty acid synthesis,2182.1 or 23205.1 or 2181.1 or 81616.1 or 11001.1 or 2180.1 or 23305.1 or 51703.1,NA,NA
HMR_2968,0.5094993731005835,0,0.46380633879700234,0.1507104302220163,Long-Chain-Fatty-Acid Coenzyme A Ligase,Fatty acid synthesis,2182.1 or 23205.1 or 2181.1 or 81616.1 or 11001.1 or 2180.1 or 23305.1 or 51703.1,NA,NA
HMR_2969,0.5727128555207383,0,0.47111934195855865,0.12799745206366248,Long-Chain-Fatty-Acid Coenzyme A Ligase,Fatty acid synthesis,2182.1 or 23205.1 or 2181.1 or 81616.1 or 11001.1 or 2180.1 or 23305.1 or 51703.1,NA,NA
HMR_2970,0.4819235418444847,0,0.3232552348790101,0.11300915495134323,Long-Chain-Fatty-Acid Coenzyme A Ligase,Fatty acid synthesis,2182.1 or 23205.1 or 2181.1 or 81616.1 or 11001.1 or 2180.1 or 23305.1 or 51703.1,NA,NA
HMR_2971,0.3408998265208247,0,0.3677578946394147,0.18076614476421526,Long-Chain-Fatty-Acid Coenzyme A Ligase,Fatty acid synthesis,2182.1 or 23205.1 or 2181.1 or 81616.1 or 11001.1 or 2180.1 or 23305.1 or 51703.1,NA,NA
HMR_2972,0.5416212463934142,0,0.4845886197079024,0.1440854088079679,Long-Chain-Fatty-Acid Coenzyme A Ligase,Fatty acid synthesis,2182.1 or 23205.1 or 2181.1 or 81616.1 or 11001.1 or 2180.1 or 23305.1 or 51703.1,NA,NA
HMR_2974,0.4492005421536371,0,0.3841068062195787,0.14598795298988562,Long-Chain-Fatty-Acid Coenzyme A Ligase,Fatty acid synthesis,2182.1 or 23205.1 or 2181.1 or 81616.1 or 11001.1 or 2180.1 or 23305.1 or 51703.1,NA,NA
HMR_2976,0.43059026947044843,0,0.40949650258104087,0.16298957022388785,Long-Chain-Fatty-Acid Coenzyme A Ligase,Fatty acid synthesis,2182.1 or 23205.1 or 2181.1 or 81616.1 or 11001.1 or 2180.1 or 23305.1 or 51703.1,NA,NA
HMR_2977,0.6491381114508791,0,0.5691008153089308,0.1210788747453451,Long-Chain-Fatty-Acid Coenzyme A Ligase,Fatty acid synthesis,2182.1 or 23205.1 or 2181.1 or 81616.1 or 11001.1 or 2180.1 or 23305.1 or 51703.1,NA,NA
HMR_2978,0.46136399865512145,0,0.34543006949551636,0.12732014169541508,Long-Chain-Fatty-Acid Coenzyme A Ligase,Fatty acid synthesis,2182.1 or 23205.1 or 2181.1 or 81616.1 or 11001.1 or 2180.1 or 23305.1 or 51703.1,NA,NA
HMR_2979,0.460109822793522,0,0.33105702342944643,0.1224116379840616,Long-Chain-Fatty-Acid Coenzyme A Ligase,Fatty acid synthesis,2182.1 or 23205.1 or 2181.1 or 81616.1 or 11001.1 or 2180.1 or 23305.1 or 51703.1,NA,NA
HMR_2980,0.9243429419285658,0,3.5811970179314216,0.14079758074688434,Long-Chain-Fatty-Acid Coenzyme A Ligase,Fatty acid synthesis,2182.1 or 23205.1 or 2181.1 or 81616.1 or 11001.1 or 2180.1 or 23305.1 or 51703.1,NA,NA
HMR_2982,-0.4258833221355944,0,0.6292943114519418,1.5629231792253384,Long-Chain-Fatty-Acid Coenzyme A Ligase,Fatty acid synthesis,2182.1 or 23205.1 or 2181.1 or 81616.1 or 11001.1 or 2180.1 or 23305.1 or 51703.1,NA,NA
HMR_2983,0.4028549425703181,0,0.3425686891710799,0.145819210070197,Long-Chain-Fatty-Acid Coenzyme A Ligase,Fatty acid synthesis,2182.1 or 23205.1 or 2181.1 or 81616.1 or 11001.1 or 2180.1 or 23305.1 or 51703.1,NA,NA
HMR_2985,0.40867828443011145,0,0.34372385468963185,0.14428516552279688,Long-Chain-Fatty-Acid Coenzyme A Ligase,Fatty acid synthesis,2182.1 or 23205.1 or 2181.1 or 81616.1 or 11001.1 or 2180.1 or 23305.1 or 51703.1,NA,NA
HMR_2986,0.3478791851884045,0,0.3901721673099484,0.188770176480917,Long-Chain-Fatty-Acid Coenzyme A Ligase,Fatty acid synthesis,2182.1 or 23205.1 or 2181.1 or 81616.1 or 11001.1 or 2180.1 or 23305.1 or 51703.1,NA,NA
HMR_2988,0.46817951782624945,0,0.3454259470913443,0.1251240679405688,Long-Chain-Fatty-Acid Coenzyme A Ligase,Fatty acid synthesis,2182.1 or 23205.1 or 2181.1 or 81616.1 or 11001.1 or 2180.1 or 23305.1 or 51703.1,NA,NA
HMR_2989,0.4604136573276547,0,0.399920839696684,0.14776075406282815,Long-Chain-Fatty-Acid Coenzyme A Ligase,Fatty acid synthesis,2182.1 or 23205.1 or 2181.1 or 81616.1 or 11001.1 or 2180.1 or 23305.1 or 51703.1,NA,NA
HMR_2990,0.8321716803210475,0,1.5179322068756271,0.13904374486448834,Long-Chain-Fatty-Acid Coenzyme A Ligase,Fatty acid synthesis,2182.1 or 23205.1 or 2181.1 or 81616.1 or 11001.1 or 2180.1 or 23305.1 or 51703.1,NA,NA
HMR_2994,0.40423480378798643,0,0.3210248654705443,0.13619904694718715,Long-Chain-Fatty-Acid Coenzyme A Ligase,Fatty acid synthesis,2182.1 or 23205.1 or 2181.1 or 81616.1 or 11001.1 or 2180.1 or 23305.1 or 51703.1,NA,NA
HMR_2998,0.3448554317581039,0,0.34716810228650863,0.16912248789635195,Long-Chain-Fatty-Acid Coenzyme A Ligase,Fatty acid synthesis,2182.1 or 23205.1 or 2181.1 or 81616.1 or 11001.1 or 2180.1 or 23305.1 or 51703.1,NA,NA
HMR_2999,0.4563734219788469,0,0.3610602926238418,0.1347744804843508,Long-Chain-Fatty-Acid Coenzyme A Ligase,Fatty acid synthesis,2182.1 or 23205.1 or 2181.1 or 81616.1 or 11001.1 or 2180.1 or 23305.1 or 51703.1,NA,NA
HMR_3001,0.5469595547559079,0,0.4348775786377889,0.12735764891010584,Long-Chain-Fatty-Acid Coenzyme A Ligase,Fatty acid synthesis,2182.1 or 23205.1 or 2181.1 or 81616.1 or 11001.1 or 2180.1 or 23305.1 or 51703.1,NA,NA
HMR_3002,0.4840152711391107,0,0.38460735904788346,0.1337260658536863,Long-Chain-Fatty-Acid Coenzyme A Ligase,Fatty acid synthesis,2182.1 or 23205.1 or 2181.1 or 81616.1 or 11001.1 or 2180.1 or 23305.1 or 51703.1,NA,NA
HMR_3003,0.7075574634700519,0,0.8262330306055304,0.14150369074202773,Long-Chain-Fatty-Acid Coenzyme A Ligase,Fatty acid synthesis,2182.1 or 23205.1 or 2181.1 or 81616.1 or 11001.1 or 2180.1 or 23305.1 or 51703.1,NA,NA
HMR_3023,0.8559086002449279,0,5.757164482867013,0.44698208136274337,HMR_3023,"Transport, peroxisomal",215.1,NA,NA
HMR_3057,0.4559927415970719,0,1.072104644087339,0.4005739118666587,Acyl Coenzyme A Oxidase,Fatty acid oxidation,8310.1 or 51.1,NA,PMID:7876265;PMID:17458872
HMR_3058,0.455992741598361,0,1.072104644087339,0.40057391186535485,Enoyl Coenzyme A Hydratase,Fatty acid oxidation,1962.1,NA,PMID:16385454;PMID:8902629;PMID:9089413
HMR_3059,0.455992741598361,0,1.072104644087339,0.40057391186535485,3-Hydroxyacyl Coenzyme A Dehydrogenase,Fatty acid oxidation,1962.1 or 3295.1,NA,PMID:16385454;PMID:8902629;PMID:9089413
HMR_3062,0.5693910330538701,0,0.3594950279231911,0.09863812098827111,Acyl Coenzyme A Oxidase,Fatty acid oxidation,8310.1 or 51.1,NA,NA
HMR_3063,0.5693910330538701,0,0.3594950279231911,0.09863812098827111,Enoyl Coenzyme A Hydratase,Fatty acid oxidation,1962.1,NA,NA
HMR_3064,0.5693910330538701,0,0.3594950279231911,0.09863812098827111,3-Hydroxyacyl Coenzyme A Dehydrogenase,Fatty acid oxidation,1962.1 or 3295.1,NA,NA
HMR_3065,0.5693910330538701,0,0.3594950279231911,0.09863812098827111,Acetyl Coenzyme A C-Acyltransferase,Fatty acid oxidation,30.1 or 4645.1,NA,NA
HMR_3070,-0.6302963387209204,0,11.159158817926253,49.20896834272146,Acyl Coenzyme A Oxidase,Fatty acid oxidation,8310.1 or 51.1,NA,NA
HMR_3071,-0.6302963387209204,0,11.159158817926253,49.20896834272146,Enoyl Coenzyme A Hydratase,Fatty acid oxidation,1962.1,NA,NA
HMR_3072,-0.6302963387209204,0,11.159158817926253,49.20896834272146,3-Hydroxyacyl Coenzyme A Dehydrogenase,Fatty acid oxidation,1962.1 or 3295.1,NA,NA
HMR_3073,-0.6302963387209204,0,11.159158817926253,49.20896834272146,Acetyl Coenzyme A C-Acyltransferase,Fatty acid oxidation,30.1 or 4645.1,NA,NA
HMR_3074,-0.46025168307067094,0,23.10492534944117,62.50877505406141,Acyl Coenzyme A Oxidase,Fatty acid oxidation,8310.1 or 51.1,NA,NA
HMR_3075,-0.46025168307067094,0,23.10492534944117,62.50877505406141,Enoyl Coenzyme A Hydratase,Fatty acid oxidation,1962.1,NA,NA
HMR_3076,-0.46025168307067094,0,23.10492534944117,62.50877505406141,3-Hydroxyacyl Coenzyme A Dehydrogenase,Fatty acid oxidation,1962.1 or 3295.1,NA,NA
HMR_3098,0.4695833030579823,0,13.812234388475492,4.985249714309706,Acyl Coenzyme A Oxidase,Fatty acid oxidation,8310.1 or 51.1,NA,PMID:13295225;PMID:3597357
HMR_3106,-1.6147593491752235,0,-458.707332509613,107.84725610961578,HMR_3106,"Transport, peroxisomal",NA,NA,NA
HMR_3107,-0.6361648642557969,0,54.67416153439879,245.8694427690506,Medium-Chain Acyl Coenzyme A Dehydrogenase,Fatty acid oxidation,37.1 or 33.1 or 34.1 or 28976.1,NA,NA
HMR_3108,-0.6361648642557969,0,54.67416153439879,245.8694427690506,Enoyl Coenzyme A Hydratase,Fatty acid oxidation,3030.1 or 1892.1,NA,NA
HMR_3109,-0.6361648642557969,0,54.67416153439879,245.8694427690506,3-Hydroxyacyl Coenzyme A Dehydrogenase,Fatty acid oxidation,3028.1 or 3030.1 or 3033.1,NA,NA
HMR_3110,-0.6361648642557969,0,54.67416153439879,245.8694427690506,Acetyl Coenzyme A C-Acyltransferase,Fatty acid oxidation,3030.1 or 3032.1 or 10449.1,NA,NA
HMR_3116,-0.6389498146871374,0,21.936205091643707,99.5771245449841,Enoyl Coenzyme A Hydratase,Fatty acid oxidation,3030.1 or 1892.1,NA,NA
HMR_3117,-0.6389498146871374,0,21.936205091643707,99.5771245449841,3-Hydroxyacyl Coenzyme A Dehydrogenase,Fatty acid oxidation,3028.1 or 3030.1 or 3033.1,NA,NA
HMR_3118,-0.6389498146871374,0,21.936205091643707,99.5771245449841,Acetyl Coenzyme A C-Acyltransferase,Fatty acid oxidation,3030.1 or 3032.1 or 10449.1,NA,NA
HMR_3156,-0.6257556435874949,0,16.13667357878859,70.09935538086891,2-Methyl-Branched-Chain-Enoyl Coenzyme A Reductase,Fatty acid oxidation,36.1,NA,PMID:13295225;PMID:3597357
HMR_3170,0.5104489193699889,0,3.0341982106355543,0.9834129402282881,Medium-Chain Acyl Coenzyme A Dehydrogenase,Fatty acid oxidation,37.1 or 33.1 or 34.1 or 28976.1,NA,NA
HMR_3171,0.5104489193699889,0,3.0341982106355543,0.9834129402282881,Enoyl Coenzyme A Hydratase,Fatty acid oxidation,3030.1 or 1892.1,NA,NA
HMR_3172,0.5104489193699889,0,3.0341982106355543,0.9834129402282881,3-Hydroxyacyl Coenzyme A Dehydrogenase,Fatty acid oxidation,3028.1 or 3030.1 or 3033.1,NA,NA
HMR_3173,0.5104489193699889,0,3.0341982106355543,0.9834129402282881,Acetyl Coenzyme A C-Acyltransferase,Fatty acid oxidation,3030.1 or 3032.1 or 10449.1,NA,NA
HMR_3174,0.5239098489278559,0,3.8064247973503544,1.1891788468263111,Medium-Chain Acyl Coenzyme A Dehydrogenase,Fatty acid oxidation,37.1 or 33.1 or 34.1 or 28976.1,NA,NA
HMR_3175,0.5239098489278559,0,3.8064247973503544,1.1891788468263111,Enoyl Coenzyme A Hydratase,Fatty acid oxidation,3030.1 or 1892.1,NA,NA
HMR_3176,0.5239098489278559,0,3.8064247973503544,1.1891788468263111,3-Hydroxyacyl Coenzyme A Dehydrogenase,Fatty acid oxidation,3028.1 or 3030.1 or 3033.1,NA,NA
HMR_3177,0.5239098489278559,0,3.8064247973503544,1.1891788468263111,Acetyl Coenzyme A C-Acyltransferase,Fatty acid oxidation,3030.1 or 3032.1 or 10449.1,NA,NA
HMR_3190,0.3401625284111872,0,1.391455431531323,0.6850918558800709,Medium-Chain Acyl Coenzyme A Dehydrogenase,Fatty acid oxidation,34.1 or 28976.1,NA,NA
HMR_3191,0.3401625284111872,0,1.391455431531323,0.6850918558800709,Enoyl Coenzyme A Hydratase,Fatty acid oxidation,3030.1 or 1892.1,NA,NA
HMR_3192,0.3401625284111872,0,1.391455431531323,0.6850918558800709,3-Hydroxyacyl Coenzyme A Dehydrogenase,Fatty acid oxidation,3028.1 or 3030.1 or 3033.1,NA,NA
HMR_3193,0.3401625284111872,0,1.391455431531323,0.6850918558800709,Acetyl Coenzyme A C-Acyltransferase,Fatty acid oxidation,3030.1 or 3032.1 or 10449.1,NA,NA
HMR_3194,0.5611988820168659,0,3.275057258226024,0.920509746017633,Medium-Chain Acyl Coenzyme A Dehydrogenase,Fatty acid oxidation,34.1 or 28976.1,NA,NA
HMR_3195,0.5611988820168659,0,3.275057258226024,0.920509746017633,Enoyl Coenzyme A Hydratase,Fatty acid oxidation,3030.1 or 1892.1,NA,NA
HMR_3196,0.5611988820168659,0,3.275057258226024,0.920509746017633,3-Hydroxyacyl Coenzyme A Dehydrogenase,Fatty acid oxidation,3028.1 or 3030.1 or 3033.1,NA,NA
HMR_3197,0.5611988820168659,0,3.275057258226024,0.920509746017633,Acetyl Coenzyme A C-Acyltransferase,Fatty acid oxidation,3030.1 or 3032.1 or 10449.1,NA,NA
HMR_3198,0.5410242553687544,0,3.680873954816442,1.0963045250065624,Medium-Chain Acyl Coenzyme A Dehydrogenase,Fatty acid oxidation,34.1 or 28976.1,NA,NA
HMR_3199,0.5410242553687544,0,3.680873954816442,1.0963045250065624,Enoyl Coenzyme A Hydratase,Fatty acid oxidation,3030.1 or 1892.1,NA,NA
HMR_3200,0.5410242553687544,0,3.680873954816442,1.0963045250065624,3-Hydroxyacyl Coenzyme A Dehydrogenase,Fatty acid oxidation,3028.1 or 3030.1 or 3033.1,NA,NA
HMR_3201,0.5410242553687544,0,3.680873954816442,1.0963045250065624,Acetyl Coenzyme A C-Acyltransferase,Fatty acid oxidation,3030.1 or 3032.1 or 10449.1,NA,NA
HMR_3202,0.47262205445497574,0,4.237954394430295,1.517703524191305,2-Methyl-Branched-Chain-Enoyl Coenzyme A Reductase,Fatty acid oxidation,36.1,NA,NA
HMR_3203,0.47262205445497574,0,4.237954394430295,1.517703524191305,Enoyl Coenzyme A Hydratase,Fatty acid oxidation,3030.1 or 1892.1,NA,NA
HMR_3204,0.47262205445497574,0,4.237954394430295,1.517703524191305,3-Hydroxyacyl Coenzyme A Dehydrogenase,Fatty acid oxidation,3028.1 or 3030.1 or 3033.1,NA,NA
HMR_3205,0.47262205445497574,0,4.237954394430295,1.517703524191305,Acetyl Coenzyme A C-Acyltransferase,Fatty acid oxidation,3030.1 or 3032.1 or 10449.1,NA,NA
HMR_3218,0.6998241930607129,0,3.9318900298759156,0.6943413720858749,Medium-Chain Acyl Coenzyme A Dehydrogenase,Fatty acid oxidation,37.1 or 33.1 or 34.1 or 28976.1,NA,NA
HMR_3219,0.6998241930607129,0,3.9318900298759156,0.6943413720858749,Enoyl Coenzyme A Hydratase,Fatty acid oxidation,3030.1 or 1892.1,NA,NA
HMR_3220,0.6998241930607129,0,3.9318900298759156,0.6943413720858749,3-Hydroxyacyl Coenzyme A Dehydrogenase,Fatty acid oxidation,3028.1 or 3030.1 or 3033.1,NA,NA
HMR_3221,0.6998241930607129,0,3.9318900298759156,0.6943413720858749,Acetyl Coenzyme A C-Acyltransferase,Fatty acid oxidation,3030.1 or 3032.1 or 10449.1,NA,NA
HMR_3222,0.9848990271220638,0,190.50341307631732,1.4493366336074192,Medium-Chain Acyl Coenzyme A Dehydrogenase,Fatty acid oxidation,37.1 or 33.1 or 34.1 or 28976.1,NA,NA
HMR_3223,0.9848990271220638,0,190.50341307631732,1.4493366336074192,Enoyl Coenzyme A Hydratase,Fatty acid oxidation,3030.1 or 1892.1,NA,NA
HMR_3224,0.9848990271220638,0,190.50341307631732,1.4493366336074192,3-Hydroxyacyl Coenzyme A Dehydrogenase,Fatty acid oxidation,3028.1 or 3030.1 or 3033.1,NA,NA
HMR_3225,0.9848990271220638,0,190.50341307631732,1.4493366336074192,Acetyl Coenzyme A C-Acyltransferase,Fatty acid oxidation,3030.1 or 3032.1 or 10449.1,NA,NA
HMR_3240,0.34213450356286274,0,0.9913883573866333,0.4859424984327645,Medium-Chain Acyl Coenzyme A Dehydrogenase,Fatty acid oxidation,37.1 or 33.1 or 34.1 or 28976.1,NA,NA
HMR_3241,0.34213450356286274,0,0.9913883573866333,0.4859424984327645,Enoyl Coenzyme A Hydratase,Fatty acid oxidation,3030.1 or 1892.1,NA,NA
HMR_3242,0.34213450356286274,0,0.9913883573866333,0.4859424984327645,3-Hydroxyacyl Coenzyme A Dehydrogenase,Fatty acid oxidation,3028.1 or 3030.1 or 3033.1,NA,NA
HMR_3243,0.34213450356286274,0,0.9913883573866333,0.4859424984327645,Acetyl Coenzyme A C-Acyltransferase,Fatty acid oxidation,3030.1 or 3032.1 or 10449.1,NA,NA
HMR_3326,0.8559086002449279,0,5.757164482867013,0.44698208136274337,Acyl Coenzyme A Oxidase,Fatty acid oxidation,8310.1 or 51.1,NA,NA
HMR_3327,0.8559086002449279,0,5.757164482867013,0.44698208136274337,Enoyl Coenzyme A Hydratase,Fatty acid oxidation,1962.1,NA,NA
HMR_3328,0.8559086002449279,0,5.757164482867013,0.44698208136274337,3-Hydroxyacyl Coenzyme A Dehydrogenase,Fatty acid oxidation,1962.1 or 3295.1,NA,NA
HMR_3329,0.8559086002449279,0,5.757164482867013,0.44698208136274337,Acetyl Coenzyme A C-Acyltransferase,Fatty acid oxidation,30.1 or 4645.1,NA,NA
HMR_3330,-0.5358014141141292,0,6.520012316039142,21.571466263527974,Acyl Coenzyme A Oxidase,Fatty acid oxidation,8310.1 or 51.1,NA,NA
HMR_3331,-0.5358014141141292,0,6.520012316039142,21.571466263527974,Enoyl Coenzyme A Hydratase,Fatty acid oxidation,1962.1,NA,NA
HMR_3332,-0.5358014141141292,0,6.520012316039142,21.571466263527974,3-Hydroxyacyl Coenzyme A Dehydrogenase,Fatty acid oxidation,1962.1 or 3295.1,NA,NA
HMR_3333,-0.5358014141141292,0,6.520012316039142,21.571466263527974,Acetyl Coenzyme A C-Acyltransferase,Fatty acid oxidation,30.1 or 4645.1,NA,NA
HMR_3334,-0.5358014141141292,0,6.520012316039142,21.571466263527974,Acyl Coenzyme A Oxidase,Fatty acid oxidation,8310.1 or 51.1,NA,NA
HMR_3335,-0.5358014141141292,0,6.520012316039142,21.571466263527974,Enoyl Coenzyme A Hydratase,Fatty acid oxidation,1962.1,NA,NA
HMR_3336,-0.5358014141141292,0,6.520012316039142,21.571466263527974,3-Hydroxyacyl Coenzyme A Dehydrogenase,Fatty acid oxidation,1962.1 or 3295.1,NA,NA
HMR_3337,-0.5358014141141292,0,6.520012316039142,21.571466263527974,Acetyl Coenzyme A C-Acyltransferase,Fatty acid oxidation,30.1 or 4645.1,NA,NA
HMR_3338,-0.5358014141141292,0,6.520012316039142,21.571466263527974,Acyl Coenzyme A Oxidase,Fatty acid oxidation,8310.1 or 51.1,NA,NA
HMR_3339,-0.5358014141141292,0,6.520012316039142,21.571466263527974,Enoyl Coenzyme A Hydratase,Fatty acid oxidation,1962.1,NA,NA
HMR_3340,-0.5358014141141292,0,6.520012316039142,21.571466263527974,3-Hydroxyacyl Coenzyme A Dehydrogenase,Fatty acid oxidation,1962.1 or 3295.1,NA,NA
HMR_3341,-0.5358014141141292,0,6.520012316039142,21.571466263527974,Acetyl Coenzyme A C-Acyltransferase,Fatty acid oxidation,30.1 or 4645.1,NA,NA
HMR_3342,0.7038165917802571,0,6.931063136284286,1.2048631948970128,Acyl Coenzyme A Oxidase,Fatty acid oxidation,8310.1 or 51.1,NA,NA
HMR_3343,0.7038165917802571,0,6.931063136284286,1.2048631948970128,Enoyl Coenzyme A Hydratase,Fatty acid oxidation,1962.1,NA,NA
HMR_3344,0.7038165917802571,0,6.931063136284286,1.2048631948970128,3-Hydroxyacyl Coenzyme A Dehydrogenase,Fatty acid oxidation,1962.1 or 3295.1,NA,NA
HMR_3345,0.7038165917802571,0,6.931063136284286,1.2048631948970128,Acetyl Coenzyme A C-Acyltransferase,Fatty acid oxidation,30.1 or 4645.1,NA,NA
HMR_3346,0.7038165917802571,0,6.931063136284286,1.2048631948970128,Acyl Coenzyme A Oxidase,Fatty acid oxidation,8310.1 or 51.1,NA,PMID:1047780;PMID:8973539;PMID:11135616
HMR_3347,0.7038165917802571,0,6.931063136284286,1.2048631948970128,Enoyl Coenzyme A Hydratase,Fatty acid oxidation,1962.1,NA,PMID:9920399;PMID:10407780;PMID:9568246;PMID:7923814
HMR_3348,0.7038165917802571,0,6.931063136284286,1.2048631948970128,3-Hydroxyacyl Coenzyme A Dehydrogenase,Fatty acid oxidation,1962.1 or 3295.1,NA,PMID:7923814;PMID:8319713;PMID:11427448;PMID:9920399
HMR_3349,0.7038165917802571,0,6.931063136284286,1.2048631948970128,Acetyl Coenzyme A C-Acyltransferase,Fatty acid oxidation,30.1 or 4645.1,NA,PMID:7923814;PMID:9920399;PMID:9568246
HMR_3350,0.7038165917802571,0,6.931063136284286,1.2048631948970128,Acyl Coenzyme A Oxidase,Fatty acid oxidation,8310.1 or 51.1,NA,PMID:1047780;PMID:8973539;PMID:11135616
HMR_3351,0.7038165917802571,0,6.931063136284286,1.2048631948970128,Enoyl Coenzyme A Hydratase,Fatty acid oxidation,1962.1,NA,PMID:9568246;PMID:7923814;PMID:9920399;PMID:10407780
HMR_3352,0.7038165917802571,0,6.931063136284286,1.2048631948970128,3-Hydroxyacyl Coenzyme A Dehydrogenase,Fatty acid oxidation,1962.1 or 3295.1,NA,PMID:8319713;PMID:11427448;PMID:9920399;PMID:7923814
HMR_3353,0.7038165917802571,0,6.931063136284286,1.2048631948970128,Acetyl Coenzyme A C-Acyltransferase,Fatty acid oxidation,30.1 or 4645.1,NA,PMID:9920399;PMID:9568246;PMID:7923814
HMR_3398,0.4294090492951493,7.337043518418448e-10,5.402584756023313,2.15660169055384,Enoyl Coenzyme A Hydratase,Fatty acid oxidation,30.1 or 3028.1 or 37.1 or 3030.1 or 33.1 or 34.1 or 1892.1 or 3032.1 or 3033.1 or 10449.1 or 28976.1,NA,NA
HMR_3406,0.6616322049088492,0,1.7455066036753004,0.3554476249664731,Enoyl Coenzyme A Hydratase,Fatty acid oxidation,30.1 or 3028.1 or 37.1 or 3030.1 or 33.1 or 34.1 or 1892.1 or 3032.1 or 3033.1 or 10449.1 or 28976.1,NA,NA
HMR_3408,0.6830273963968144,0,2.371819642547247,0.44669614350004466,Enoyl Coenzyme A Hydratase,Fatty acid oxidation,30.1 or 3028.1 or 37.1 or 3030.1 or 33.1 or 34.1 or 1892.1 or 3032.1 or 3033.1 or 10449.1 or 28976.1,NA,NA
HMR_3414,0.5983860136691225,0,0.7200386520591302,0.18091849584066805,Enoyl Coenzyme A Hydratase,Fatty acid oxidation,30.1 or 3028.1 or 37.1 or 3030.1 or 33.1 or 34.1 or 1892.1 or 3032.1 or 3033.1 or 10449.1 or 28976.1,NA,NA
HMR_3422,0.47131183533153054,0,0.20720901515349396,0.074456652419694,Enoyl Coenzyme A Hydratase,Fatty acid oxidation,30.1 or 3028.1 or 37.1 or 3030.1 or 33.1 or 34.1 or 1892.1 or 3032.1 or 3033.1 or 10449.1 or 28976.1,NA,NA
HMR_3423,0.4441811944676777,0,0.5744642167694674,0.2210927659278648,Enoyl Coenzyme A Hydratase,Fatty acid oxidation,30.1 or 3028.1 or 37.1 or 3030.1 or 33.1 or 34.1 or 1892.1 or 3032.1 or 3033.1 or 10449.1 or 28976.1,NA,NA
HMR_3427,0.34591278367682626,0,0.28396082913612763,0.13799939381441217,Enoyl Coenzyme A Hydratase,Fatty acid oxidation,30.1 or 3028.1 or 37.1 or 3030.1 or 33.1 or 34.1 or 1892.1 or 3032.1 or 3033.1 or 10449.1 or 28976.1,NA,NA
HMR_3431,0.4455969793383393,0,0.5881010931682525,0.2255435139717414,Enoyl Coenzyme A Hydratase,Fatty acid oxidation,30.1 or 3028.1 or 37.1 or 3030.1 or 33.1 or 34.1 or 1892.1 or 3032.1 or 3033.1 or 10449.1 or 28976.1,NA,NA
HMR_3452,0.6320500829165734,0,9.403859268324823,2.1201244215868877,Medium-Chain Acyl Coenzyme A Dehydrogenase,Fatty acid synthesis,37.1 or 33.1 or 34.1 or 28976.1,NA,PMID:10407780;PMID:7775433
HMR_3453,0.6320500829165734,0,9.403859268324823,2.1201244215868877,Enoyl Coenzyme A Hydratase,Fatty acid synthesis,3030.1 or 1892.1,NA,PMID:10407780;PMID:7775433
HMR_3454,0.6320500829165734,0,9.403859268324823,2.1201244215868877,3-Hydroxyacyl Coenzyme A Dehydrogenase,Fatty acid synthesis,3028.1 or 3030.1 or 3033.1,NA,PMID:10407780;PMID:7775433
HMR_3455,-0.6320500829165734,0,-9.403859268324823,-2.1201244215868877,Acetyl Coenzyme A C-Acyltransferase,Fatty acid synthesis,3030.1 or 3032.1 or 10449.1,NA,PMID:10407780;PMID:7775433
HMR_3456,0.6320500829165734,0,9.403859268324823,2.1201244215868877,Medium-Chain Acyl Coenzyme A Dehydrogenase,Fatty acid synthesis,37.1 or 33.1 or 34.1 or 28976.1,NA,PMID:10407780;PMID:7775433
HMR_3457,0.6320500829165734,0,9.403859268324823,2.1201244215868877,"2, 4-Dienoyl Coenzyme A Reductase (NADPH)",Fatty acid synthesis,1666.1 or 26063.1,NA,PMID:10407780;PMID:7775433
HMR_3475,-0.6685614565812529,0,167.53090554716587,843.4010386926651,Choloyl Coenzyme A Hydrolase,Fatty acid oxidation,10005.1,NA,PMID:10092594;PMID:16756494
HMR_3522,0.4204729837360752,0,1.7481431998844792,0.7132104758279274,Medium-Chain Acyl Coenzyme A Dehydrogenase,Fatty acid oxidation,33.1 or 34.1,NA,PMID:10407780;PMID:9819701;PMID:9469587;PMID:10407780;PMID:9819701;PMID:9469587
HMR_3625,0.5394176697103308,0,0.3797070909692848,0.1136055407360971,Acyl Coenzyme A:Cholesterol O-Acyltransferase,Cholesterol metabolism,6646.1 or 8435.1,R01461,NA
HMR_3627,0.5897214111566167,0,0.4253033924593232,0.1097631789217463,Acyl Coenzyme A:Cholesterol O-Acyltransferase,Cholesterol metabolism,6646.1 or 8435.1,R01461,NA
HMR_3628,0.47282997184535563,0,0.36063908253174515,0.1290835459124451,Acyl Coenzyme A:Cholesterol O-Acyltransferase,Cholesterol metabolism,6646.1 or 8435.1,R01461,NA
HMR_3629,0.5003375180970726,0,0.3711686301339272,0.12361154520247655,Acyl Coenzyme A:Cholesterol O-Acyltransferase,Cholesterol metabolism,6646.1 or 8435.1,R01461,NA
HMR_3630,0.4233982562544457,0,0.35389958537728305,0.14336052270875663,Acyl Coenzyme A:Cholesterol O-Acyltransferase,Cholesterol metabolism,6646.1 or 8435.1,R01461,NA
HMR_3631,0.4837144971834425,0,0.37540198991976503,0.13062796480858233,Acyl Coenzyme A:Cholesterol O-Acyltransferase,Cholesterol metabolism,6646.1 or 8435.1,R01461,NA
HMR_3633,0.5485186113896404,0,0.3741189037885997,0.10907697262759065,Acyl Coenzyme A:Cholesterol O-Acyltransferase,Cholesterol metabolism,6646.1 or 8435.1,R01461,NA
HMR_3636,0.8306578819532243,0,1.4112668042863137,0.13054700833121316,Acyl Coenzyme A:Cholesterol O-Acyltransferase,Cholesterol metabolism,6646.1 or 8435.1,R01461,NA
HMR_3637,0.4364869183404365,0,0.3258268746485206,0.1278171794511104,Acyl Coenzyme A:Cholesterol O-Acyltransferase,Cholesterol metabolism,6646.1 or 8435.1,R01461,NA
HMR_3639,0.4760893278102274,0,0.3477682476398928,0.12343392297102218,Acyl Coenzyme A:Cholesterol O-Acyltransferase,Cholesterol metabolism,6646.1 or 8435.1,R01461,NA
HMR_3640,0.4698978069020733,0,0.3488862063980152,0.12582190563505283,Acyl Coenzyme A:Cholesterol O-Acyltransferase,Cholesterol metabolism,6646.1 or 8435.1,R01461,NA
HMR_3642,0.398295010274401,0,0.3541896364973885,0.15241252384055395,Acyl Coenzyme A:Cholesterol O-Acyltransferase,Cholesterol metabolism,6646.1 or 8435.1,R01461,NA
HMR_3644,0.947310632824284,0,3.8877434840614327,0.1051926387417794,Acyl Coenzyme A:Cholesterol O-Acyltransferase,Cholesterol metabolism,6646.1 or 8435.1,R01461,NA
HMR_3645,0.4024639950678514,0,0.3138877034930629,0.13373548626002157,Acyl Coenzyme A:Cholesterol O-Acyltransferase,Cholesterol metabolism,6646.1 or 8435.1,R01461,NA
HMR_3646,0.6195720940943237,0,0.6509889125752961,0.15291344527476772,Acyl Coenzyme A:Cholesterol O-Acyltransferase,Cholesterol metabolism,6646.1 or 8435.1,R01461,NA
HMR_3647,0.5094993731005835,0,0.46380633879700234,0.1507104302220163,Acyl Coenzyme A:Cholesterol O-Acyltransferase,Cholesterol metabolism,6646.1 or 8435.1,R01461,NA
HMR_3648,0.5146637527860861,0,0.5109479385872663,0.16372053175464826,Acyl Coenzyme A:Cholesterol O-Acyltransferase,Cholesterol metabolism,6646.1 or 8435.1,R01461,NA
HMR_3649,0.5727128555207383,0,0.47111934195855865,0.12799745206366248,Acyl Coenzyme A:Cholesterol O-Acyltransferase,Cholesterol metabolism,6646.1 or 8435.1,R01461,NA
HMR_3650,0.4819235418444847,0,0.3232552348790101,0.11300915495134323,Acyl Coenzyme A:Cholesterol O-Acyltransferase,Cholesterol metabolism,6646.1 or 8435.1,R01461,NA
HMR_3651,0.3408998265208247,0,0.3677578946394147,0.18076614476421526,Acyl Coenzyme A:Cholesterol O-Acyltransferase,Cholesterol metabolism,6646.1 or 8435.1,R01461,NA
HMR_3652,0.5416212463934142,0,0.4845886197079024,0.1440854088079679,Acyl Coenzyme A:Cholesterol O-Acyltransferase,Cholesterol metabolism,6646.1 or 8435.1,R01461,NA
HMR_3653,-0.4069994087204078,0,18.16409956741035,43.09755795713067,Acyl Coenzyme A:Cholesterol O-Acyltransferase,Cholesterol metabolism,6646.1 or 8435.1,R01461,NA
HMR_3654,0.4492005421536371,0,0.3841068062195787,0.14598795298988562,Acyl Coenzyme A:Cholesterol O-Acyltransferase,Cholesterol metabolism,6646.1 or 8435.1,R01461,NA
HMR_3656,0.43059026947044843,0,0.40949650258104087,0.16298957022388785,Acyl Coenzyme A:Cholesterol O-Acyltransferase,Cholesterol metabolism,6646.1 or 8435.1,R01461,NA
HMR_3657,0.6491381114508791,0,0.5691008153089308,0.1210788747453451,Acyl Coenzyme A:Cholesterol O-Acyltransferase,Cholesterol metabolism,6646.1 or 8435.1,R01461,NA
HMR_3658,0.46136399865512145,0,0.34543006949551636,0.12732014169541508,Acyl Coenzyme A:Cholesterol O-Acyltransferase,Cholesterol metabolism,6646.1 or 8435.1,R01461,NA
HMR_3659,0.460109822793522,0,0.33105702342944643,0.1224116379840616,Acyl Coenzyme A:Cholesterol O-Acyltransferase,Cholesterol metabolism,6646.1 or 8435.1,R01461,NA
HMR_3660,0.9243429419285658,0,3.5811970179314216,0.14079758074688434,Acyl Coenzyme A:Cholesterol O-Acyltransferase,Cholesterol metabolism,6646.1 or 8435.1,R01461,NA
HMR_3662,0.3334322382640505,0,7.40933948351685,3.703845380174182,Acyl Coenzyme A:Cholesterol O-Acyltransferase,Cholesterol metabolism,6646.1 or 8435.1,R01461,NA
HMR_3663,0.4028549425703181,0,0.3425686891710799,0.145819210070197,Acyl Coenzyme A:Cholesterol O-Acyltransferase,Cholesterol metabolism,6646.1 or 8435.1,R01461,NA
HMR_3665,0.40867828443011145,0,0.34372385468963185,0.14428516552279688,Acyl Coenzyme A:Cholesterol O-Acyltransferase,Cholesterol metabolism,6646.1 or 8435.1,R01461,NA
HMR_3666,0.3478791851884045,0,0.3901721673099484,0.188770176480917,Acyl Coenzyme A:Cholesterol O-Acyltransferase,Cholesterol metabolism,6646.1 or 8435.1,R01461,NA
HMR_3667,0.485977660134584,0,0.34667081239649306,0.11991872215289623,Acyl Coenzyme A:Cholesterol O-Acyltransferase,Cholesterol metabolism,6646.1 or 8435.1,R01461,NA
HMR_3668,0.46817951782624945,0,0.3454259470913443,0.1251240679405688,Acyl Coenzyme A:Cholesterol O-Acyltransferase,Cholesterol metabolism,6646.1 or 8435.1,R01461,NA
HMR_3669,0.4604136573276547,0,0.399920839696684,0.14776075406282815,Acyl Coenzyme A:Cholesterol O-Acyltransferase,Cholesterol metabolism,6646.1 or 8435.1,R01461,NA
HMR_3670,0.8321716803210475,0,1.5179322068756271,0.13904374486448834,Acyl Coenzyme A:Cholesterol O-Acyltransferase,Cholesterol metabolism,6646.1 or 8435.1,R01461,NA
HMR_3675,0.40423480378798643,0,0.3210248654705443,0.13619904694718715,Acyl Coenzyme A:Cholesterol O-Acyltransferase,Cholesterol metabolism,6646.1 or 8435.1,R01461,NA
HMR_3677,0.3448554317581039,0,0.34716810228650863,0.16912248789635195,Acyl Coenzyme A:Cholesterol O-Acyltransferase,Cholesterol metabolism,6646.1 or 8435.1,R01461,NA
HMR_3678,0.4563734219788469,0,0.3610602926238418,0.1347744804843508,Acyl Coenzyme A:Cholesterol O-Acyltransferase,Cholesterol metabolism,6646.1 or 8435.1,R01461,NA
HMR_3679,0.4423893000745599,0,0.39941714226080804,0.15440995870307378,Acyl Coenzyme A:Cholesterol O-Acyltransferase,Cholesterol metabolism,6646.1 or 8435.1,R01461,NA
HMR_3680,0.5469595547559079,0,0.4348775786377889,0.12735764891010584,Acyl Coenzyme A:Cholesterol O-Acyltransferase,Cholesterol metabolism,6646.1 or 8435.1,R01461,NA
HMR_3681,0.4840152711391107,0,0.38460735904788346,0.1337260658536863,Acyl Coenzyme A:Cholesterol O-Acyltransferase,Cholesterol metabolism,6646.1 or 8435.1,R01461,NA
HMR_3682,0.7075574634700519,0,0.8262330306055304,0.14150369074202773,Acyl Coenzyme A:Cholesterol O-Acyltransferase,Cholesterol metabolism,6646.1 or 8435.1,R01461,NA
HMR_3684,0.5394176697103308,0,0.3797070909692848,0.1136055407360971,Steryl-Ester Acylhydrolase,Cholesterol metabolism,3988.1 or 1056.1,R02115,NA
HMR_3686,0.5897214111566167,0,0.4253033924593232,0.1097631789217463,Steryl-Ester Acylhydrolase,Cholesterol metabolism,3988.1 or 1056.1,R02115,NA
HMR_3687,0.47282997184535563,0,0.36063908253174515,0.1290835459124451,Steryl-Ester Acylhydrolase,Cholesterol metabolism,3988.1 or 1056.1,R02115,NA
HMR_3688,0.5003375180970726,0,0.3711686301339272,0.12361154520247655,Steryl-Ester Acylhydrolase,Cholesterol metabolism,3988.1 or 1056.1,R02115,NA
HMR_3689,0.4233982562544457,0,0.35389958537728305,0.14336052270875663,Steryl-Ester Acylhydrolase,Cholesterol metabolism,3988.1 or 1056.1,R02115,NA
HMR_3690,0.4837144971834425,0,0.37540198991976503,0.13062796480858233,Steryl-Ester Acylhydrolase,Cholesterol metabolism,3988.1 or 1056.1,R02115,NA
HMR_3692,0.5485186113896404,0,0.3741189037885997,0.10907697262759065,Steryl-Ester Acylhydrolase,Cholesterol metabolism,3988.1 or 1056.1,R02115,NA
HMR_3695,0.8306578819532243,0,1.4112668042863137,0.13054700833121316,Steryl-Ester Acylhydrolase,Cholesterol metabolism,3988.1 or 1056.1,R02115,NA
HMR_3696,0.4364869183404365,0,0.3258268746485206,0.1278171794511104,Steryl-Ester Acylhydrolase,Cholesterol metabolism,3988.1 or 1056.1,R02115,NA
HMR_3698,0.4760893278102274,0,0.3477682476398928,0.12343392297102218,Steryl-Ester Acylhydrolase,Cholesterol metabolism,3988.1 or 1056.1,R02115,NA
HMR_3699,0.4698978069020733,0,0.3488862063980152,0.12582190563505283,Steryl-Ester Acylhydrolase,Cholesterol metabolism,3988.1 or 1056.1,R02115,NA
HMR_3701,0.398295010274401,0,0.3541896364973885,0.15241252384055395,Steryl-Ester Acylhydrolase,Cholesterol metabolism,3988.1 or 1056.1,R02115,NA
HMR_3703,0.947310632824284,0,3.8877434840614327,0.1051926387417794,Steryl-Ester Acylhydrolase,Cholesterol metabolism,3988.1 or 1056.1,R02115,NA
HMR_3704,0.4024639950678514,0,0.3138877034930629,0.13373548626002157,Steryl-Ester Acylhydrolase,Cholesterol metabolism,3988.1 or 1056.1,R02115,NA
HMR_3705,0.6195720940943237,0,0.6509889125752961,0.15291344527476772,Steryl-Ester Acylhydrolase,Cholesterol metabolism,3988.1 or 1056.1,R02115,NA
HMR_3706,0.5094993731005835,0,0.46380633879700234,0.1507104302220163,Steryl-Ester Acylhydrolase,Cholesterol metabolism,3988.1 or 1056.1,R02115,NA
HMR_3707,0.5146637527860861,0,0.5109479385872663,0.16372053175464826,Steryl-Ester Acylhydrolase,Cholesterol metabolism,3988.1 or 1056.1,R02115,NA
HMR_3708,0.5727128555207383,0,0.47111934195855865,0.12799745206366248,Steryl-Ester Acylhydrolase,Cholesterol metabolism,3988.1 or 1056.1,R02115,NA
HMR_3709,0.4819235418444847,0,0.3232552348790101,0.11300915495134323,Steryl-Ester Acylhydrolase,Cholesterol metabolism,3988.1 or 1056.1,R02115,NA
HMR_3710,0.3408998265208247,0,0.3677578946394147,0.18076614476421526,Steryl-Ester Acylhydrolase,Cholesterol metabolism,3988.1 or 1056.1,R02115,NA
HMR_3711,0.5416212463934142,0,0.4845886197079024,0.1440854088079679,Steryl-Ester Acylhydrolase,Cholesterol metabolism,3988.1 or 1056.1,R02115,NA
HMR_3712,-0.4069994087204078,0,18.16409956741035,43.09755795713067,Steryl-Ester Acylhydrolase,Cholesterol metabolism,3988.1 or 1056.1,R02115,NA
HMR_3713,0.4492005421536371,0,0.3841068062195787,0.14598795298988562,Steryl-Ester Acylhydrolase,Cholesterol metabolism,3988.1 or 1056.1,R02115,NA
HMR_3715,0.43059026947044843,0,0.40949650258104087,0.16298957022388785,Steryl-Ester Acylhydrolase,Cholesterol metabolism,3988.1 or 1056.1,R02115,NA
HMR_3716,0.6491381114508791,0,0.5691008153089308,0.1210788747453451,Steryl-Ester Acylhydrolase,Cholesterol metabolism,3988.1 or 1056.1,R02115,NA
HMR_3717,0.46136399865512145,0,0.34543006949551636,0.12732014169541508,Steryl-Ester Acylhydrolase,Cholesterol metabolism,3988.1 or 1056.1,R02115,NA
HMR_3718,0.460109822793522,0,0.33105702342944643,0.1224116379840616,Steryl-Ester Acylhydrolase,Cholesterol metabolism,3988.1 or 1056.1,R02115,NA
HMR_3719,0.9243429419285658,0,3.5811970179314216,0.14079758074688434,Steryl-Ester Acylhydrolase,Cholesterol metabolism,3988.1 or 1056.1,R02115,NA
HMR_3721,0.3334322382640505,0,7.40933948351685,3.703845380174182,Steryl-Ester Acylhydrolase,Cholesterol metabolism,3988.1 or 1056.1,R02115,NA
HMR_3722,0.4028549425703181,0,0.3425686891710799,0.145819210070197,Steryl-Ester Acylhydrolase,Cholesterol metabolism,3988.1 or 1056.1,R02115,NA
HMR_3724,0.40867828443011145,0,0.34372385468963185,0.14428516552279688,Steryl-Ester Acylhydrolase,Cholesterol metabolism,3988.1 or 1056.1,R02115,NA
HMR_3725,0.3478791851884045,0,0.3901721673099484,0.188770176480917,Steryl-Ester Acylhydrolase,Cholesterol metabolism,3988.1 or 1056.1,R02115,NA
HMR_3726,0.485977660134584,0,0.34667081239649306,0.11991872215289623,Steryl-Ester Acylhydrolase,Cholesterol metabolism,3988.1 or 1056.1,R02115,NA
HMR_3727,0.46817951782624945,0,0.3454259470913443,0.1251240679405688,Steryl-Ester Acylhydrolase,Cholesterol metabolism,3988.1 or 1056.1,R02115,NA
HMR_3728,0.4604136573276547,0,0.399920839696684,0.14776075406282815,Steryl-Ester Acylhydrolase,Cholesterol metabolism,3988.1 or 1056.1,R02115,NA
HMR_3729,0.8321716803210475,0,1.5179322068756271,0.13904374486448834,Steryl-Ester Acylhydrolase,Cholesterol metabolism,3988.1 or 1056.1,R02115,NA
HMR_3734,0.40423480378798643,0,0.3210248654705443,0.13619904694718715,Steryl-Ester Acylhydrolase,Cholesterol metabolism,3988.1 or 1056.1,R02115,NA
HMR_3736,0.3448554317581039,0,0.34716810228650863,0.16912248789635195,Steryl-Ester Acylhydrolase,Cholesterol metabolism,3988.1 or 1056.1,R02115,NA
HMR_3737,0.4563734219788469,0,0.3610602926238418,0.1347744804843508,Steryl-Ester Acylhydrolase,Cholesterol metabolism,3988.1 or 1056.1,R02115,NA
HMR_3738,0.4423893000745599,0,0.39941714226080804,0.15440995870307378,Steryl-Ester Acylhydrolase,Cholesterol metabolism,3988.1 or 1056.1,R02115,NA
HMR_3739,0.5469595547559079,0,0.4348775786377889,0.12735764891010584,Steryl-Ester Acylhydrolase,Cholesterol metabolism,3988.1 or 1056.1,R02115,NA
HMR_3740,0.4840152711391107,0,0.38460735904788346,0.1337260658536863,Steryl-Ester Acylhydrolase,Cholesterol metabolism,3988.1 or 1056.1,R02115,NA
HMR_3741,0.7075574634700519,0,0.8262330306055304,0.14150369074202773,Steryl-Ester Acylhydrolase,Cholesterol metabolism,3988.1 or 1056.1,R02115,NA
HMR_3855,1,0.014082706537236993,1.7112122043669225,0,"Propane-1, 2-Diol:NAD+ 1-Oxidoreductase",Pyruvate metabolism,231.1 or 57016.1,R02577,NA
HMR_3966,0.46657107460354025,0,0.35501825408476145,0.12912910192488017,Nucleoside-Triphosphate Diphosphatase,Nucleotide metabolism,3704.1,NA,NA
HMR_4124,0.7691332903253728,0,1.0799800418548169,0.1409342304171053,UDP-D-Glucuronate Carboxy-Lyase (UDP-D-Xylose-Forming),Aminosugar metabolism,80146.1,R01384,PMID:11877387
HMR_4182,1,0,84.43375444674491,0,HMR_4182,Pyrimidine synthesis,9917.1 or 79672.1 or 79707.1 or 64122.1 or 55277.1,NA,NA
HMR_4261,-0.791983350283758,0,0.15246573230322683,1.3134335840371445,Deamido-NAD+:Ammonia Ligase (AMP-Forming),NAD metabolism,55191.1,R00189,NA
HMR_4263,1,0,0.4692614205067042,NA,NAD+ Diphosphatase,NAD metabolism,83594.1,NA,NA
HMR_4422,-0.41849692773095726,0,136.44982926828862,332.8506294063568,L-Ornithine Carboxy-Lyase (Putrescine-Forming),Arginine and proline metabolism,4953.1,R00670,PMID:10623504;PMID:15670771;PMID:6853503;PMID:8608396
HMR_4592,1.7695674891457365,0,363.9852320151567,-101.13896923827333,Xylitol:NADP+ Oxidoreductase,Pentose phosphate pathway,231.1 or 57016.1,R01431,NA
HMR_4700,-2.950802352865194,0,-33.958606314730645,68.77362103403807,"N, N-Dimethylglycine:Electron-Transfer Flavoprotein Oxidoreductase (Demethylating)","Glycine, serine, alanine, and threonine metabolism",55066.1 or 29958.1,R01565,NA
HMR_4756,0.5700787643256902,0,0.5119425336889908,0.14018084422174404,HMR_4756,"Transport, mitochondrial",10058.1,NA,NA
HMR_4764,-0.7616005561347109,0,0.3600227865885157,2.6603096500253165,Bilirubin:NAD+ Oxidoreductase,Heme synthesis,645.1 or 644.1,R02391,NA
HMR_4771,-0.930387673548669,0,-14.850643734380602,-0.5355338069216348,HMR_4771,Heme synthesis,NA,R03166,NA
HMR_4776,-0.7660915737010914,0,0.35737447856325744,2.6983040552794972,"L-Proline, 2-Oxoglutarate:Oxygen Oxidoreductase (4-Hydroxylating)",Arginine and proline metabolism,8974.1 or 5033.1 or 283208.1,R01252,NA
HMR_4964,0.4961684118966554,0,6.391040031528729,2.1521693835490385,HMR_4964,"Transport, mitochondrial",6576.1,NA,PMID:14598172;PMID:;PMID:18406340;PMID:8132483;PMID:16919238;PMID:17173541
HMR_5301,1,3.7476661447618545e-5,0.009336181805073283,0,Uridine Kinase,Purine synthesis,83549.1 or 7371.1 or 54963.1,NA,NA
HMR_5387,0.4081070643909542,0,9.735513354283972,4.092289375325732,"5- (Methylthio)-2, 3-Dioxopentyl-Phosphate Phosphohydrolase (Isomerizing)",Methionine and cysteine metabolism,58478.1,R07395,NA
HMR_5389,0.4081070643909542,0,9.735513354283972,4.092289375325732,"1, 2-Dihydroxy-5- (Methylthio)Pent-1-En-3-One:Oxygen Oxidoreductase (Formate-Forming)",Methionine and cysteine metabolism,55256.1,R07364,NA
HMR_5420,0.5700787643256902,0,0.5119425336889908,0.14018084422174404,HMR_5420,"Transport, mitochondrial",51312.1 or 81894.1,NA,NA
HMR_5996,0.9996670454067691,5.902818471038476e-14,0.05612373312115669,9.3448830768466e-6,HMR_5996,"Transport, extracellular",9057.1 or 64849.1,NA,PMID:12739168;PMID:12915942
HMR_6385,0.6058993257853965,0,1.8253379079341014,0.4479526758842636,HMR_6385,"Transport, endoplasmic reticular",7355.1,NA,PMID:12759756
HMR_6515,-0.6484042043216207,0,31.717054710002245,148.7006584700227,3-Mercaptopyruvate:Cyanide Sulfurtransferase,Methionine and cysteine metabolism,4357.1 or 7263.1,R03105,NA
HMR_6533,0.6295332840814095,0,238.7399992220424,54.27641419429779,HMR_6533,"Transport, extracellular",65010.1,NA,NA
HMR_6550,0.3360690816053402,0,0.3793049350385772,0.18848746471193153,"Phosphatidylinositol-3, 4, 5-Trisphosphate 3-Phosphatase",Inositol phosphate metabolism,93492.1 or 5728.1,NA,NA
HMR_6572,-0.7414498668253345,0,23.453606203639506,157.97044425542754,1D-Myo-Inositol-3-Phosphate Lyase (Isomerizing),Inositol phosphate metabolism,51477.1,R07324,NA
HMR_6583,0.7676143561129064,0,1.7984857972419481,0.23644426657234435,"Phosphatidylinositol-3, 4, 5-Trisphosphate 3-Phosphatase",Inositol phosphate metabolism,93492.1 or 5728.1,NA,PMID:7556092;PMID:9367831
HMR_6617,-0.728500919474905,0,97.25525054247585,619.1762773608864,HMR_6617,"Transport, nuclear",NA,NA,NA
HMR_6619,0.728500919474905,0,-97.25525054247585,-619.1762773608864,HMR_6619,"Transport, nuclear",NA,NA,NA
HMR_6629,0.42060856632627647,0,2.9676049252449537,1.210329793140199,HMR_6629,"Transport, endoplasmic reticular",NA,NA,NA
HMR_6632,0.4925971662182378,0,1.9997283453823214,0.6798001846751104,NADP-Retinol Dehydrogenase,Vitamin A metabolism,51109.1 or 10170.1 or 50700.1 or 157506.1 or 145226.1 or 9249.1,R08379,NA
HMR_6647,0.42060856632627647,0,2.9676049252449537,1.210329793140199,Retinal:NAD+ Oxidoreductase,Vitamin A metabolism,8854.1 or 216.1,R02123,NA
HMR_6728,0.42887737011052657,0,6.129358555716345,2.449906094884464,"L-Tyrosine, Tetrahydrobiopterin:Oxygen Oxidoreductase (3-Hydroxylating)",Phenylalanine metabolism,7054.1,R01815,NA
HMR_6729,0.6388595912904839,0,19.286934568230063,4.250084308466985,L-Tyrosine:Oxygen Oxidoreductase,Phenylalanine metabolism,7299.1,R00731,NA
HMR_6747,0.612755001065774,0,6.074226490313335,1.458506610869721,L-Metanephrine:Oxygen Oxidoreductase (Deaminating) (Flavin-Containing),Phenylalanine metabolism,4129.1 or 4128.1,R04894,NA
HMR_6755,-0.40405308788879707,8.052687031785499e-10,-7.291822159519978,-3.0949961487311985,Catechol O-Methyltransferase,Phenylalanine metabolism,1312.1 or 220074.1,R04887,NA
HMR_6790,0.40259395264828823,0,3.2810432495296,1.3974928917884826,Aldehyde Dehydrogenase [NAD (P)+],Phenylalanine metabolism,221.1 or 218.1 or 222.1 or 220.1,NA,NA
HMR_6826,-0.719500533420462,0,-271.41466594654173,-44.2754553081911,Thyroxine 5'-Deiodinase,Phenylalanine metabolism,1735.1 or 1734.1 or 1733.1,NA,NA
HMR_6834,0.719500533420462,0,271.41466594654173,44.2754553081911,Thyroxine 5'-Deiodinase,Phenylalanine metabolism,1734.1 or 1733.1,NA,NA
HMR_6854,-0.9547382964417935,0,-23.207412845572083,-0.5373645374837382,L-Thyroxine Iodohydrolase (Reducing),Phenylalanine metabolism,1734.1 or 1733.1,R03734,NA
HMR_6989,0.5138121009229718,0,40.603249075150494,13.040461462497712,HMR_6989,"Transport, extracellular",6528.1,NA,NA
HMR_7180,0.341776906028421,0,0.0733822498462835,0.03599845199257964,"Beta-1, 3-Galactosyl-O-Glycosyl-Glycoprotein Beta-1, 6-N-Acetylglucosaminyltransferase",O-glycan metabolism,9245.1 or 51301.1 or 2650.1,R05910,NA
HMR_7181,0.341776906028421,0,0.0733822498462835,0.03599845199257964,HMR_7181,O-glycan metabolism,9334.1,R07628,NA
HMR_7182,0.341776906028421,0,0.0733822498462835,0.03599845199257964,HMR_7182,"Transport, golgi apparatus",NA,NA,NA
HMR_7198,0.7107434281675623,0,1.13453475529321,0.19182983756505417,HMR_7198,"Transport, lysosomal",NA,NA,NA
HMR_7255,0.3348545674566989,0,0.00500225751738171,0.0024925777093689036,HMR_7255,N-glycan metabolism,NA,R08375,NA
HMR_7256,0.3348545674850494,0,0.05002257523998995,0.02492577712507054,Dolichyl-Diphosphate Phosphohydrolase,N-glycan metabolism,57171.1,R01004,NA
HMR_7278,0.668278735421633,0,1.065375226720585,0.2118396704066952,UDPglucose:Dolichyl-Phosphate Beta-D-Glucosyltransferase,N-glycan metabolism,29880.1,R01005,NA
HMR_7328,0.7815422539144371,0,1.0652865997009606,0.1306284535180057,HMR_7328,N-glycan metabolism,4249.1,R05991,NA
HMR_7329,0.7815422539144371,0,1.0652865997009606,0.1306284535180057,"Alpha-1, 6-Mannosyl-Glycoprotein 4-Beta-N-Acetylglucosaminyltransferase",N-glycan metabolism,25834.1,R05992,PMID:10570912
HMR_7330,0.7815422539144371,0,1.0652865997009606,0.1306284535180057,HMR_7330,"Transport, golgi apparatus",NA,NA,NA
HMR_7700,-0.5428148154366156,0,24.549273157934845,82.84385324610471,HMR_7700,"Transport, extracellular",6561.1,NA,NA
HMR_7703,0.8457207090584145,0,85.91426915861965,7.181364148164238,Glycolate:Oxygen 2-Oxidoreductase,"Glycine, serine, alanine, and threonine metabolism",54363.1 or 51179.1,R00475,NA
HMR_7715,0.43307016834296186,0,0.9440279165535882,0.37346223488143043,HMR_7715,"Transport, lysosomal",NA,NA,NA
HMR_7727,0.7181970200114192,0,3.1091475994115485,0.5099339880898489,HMR_7727,"Transport, lysosomal",NA,NA,NA
HMR_7755,0.9675687487476676,0,13.027019406056032,0.21472313976104634,ATP:Glycerone Phosphotransferase,Glycerophospholipid metabolism,26007.1,R01011,NA
HMR_7757,-1.0454334205777294,0,-51.76310702693332,1.1497685470008734,HMR_7757,"Transport, mitochondrial",1622.1,NA,NA
HMR_7758,0.4520743057532243,0,38.5488105685357,14.54600753519701,HMR_7758,"Transport, mitochondrial",1622.1,NA,NA
HMR_7898,0.7758337953467961,0,-41.85840166780949,-331.60022678661346,HMR_7898,"Transport, extracellular",NA,NA,NA
HMR_7947,0.9293151153758898,0,-2.9914030926515354,-81.64912814848424,HMR_7947,"Transport, endoplasmic reticular",NA,NA,NA
HMR_7949,-0.41506195666851686,0,-49.944892954130445,-20.645504475132377,HMR_7949,"Transport, endoplasmic reticular",NA,NA,NA
HMR_7977,0.6799870888615491,0,467.7111080426693,89.09210924826343,HMR_7977,"Transport, extracellular",NA,NA,NA
HMR_8056,0.5633903385979016,0,11.070175012356534,3.0915793992571663,HMR_8056,"Transport, extracellular",NA,NA,NA
HMR_8090,-1,0,NA,1.861941148907205,HMR_8090,"Transport, extracellular",NA,NA,NA
HMR_8287,0.532236313065166,0,0.19291922550392354,0.05889470666688867,HMR_8287,Blood group synthesis,10690.1,NA,NA
HMR_8374,-0.38803250808711237,0,-0.5369316370365543,-0.23672695367832067,HMR_8374,"Transport, extracellular",NA,NA,NA
HMR_8475,-0.9456841493009199,0,11.37534737354552,407.48387059459685,HMR_8475,"Transport, mitochondrial",2030.1 or 3177.1,NA,PMID:12838422;PMID:12006583;PMID:14747464;PMID:16595656;PMID:17187757;PMID:17279066;PMID:7479738
HMR_8476,0.5179974710658245,0,-135.24172482445985,-425.9243135509491,HMR_8476,"Transport, nuclear",2030.1 or 3177.1,NA,PMID:12838422;PMID:12006583;PMID:14747464;PMID:16595656;PMID:17187757;PMID:17279066;PMID:7479738
HMR_8501,1,1.324998072642059e-10,0.9593431565344334,0,Glyoxylate Reductase (NADP+),Pyruvate metabolism,9380.1,NA,NA
HMR_8510,-0.9484448184462936,0,23.190230033967364,876.437288872528,HMR_8510,"Transport, mitochondrial",NA,NA,NA
HMR_8761,0.6423680891334992,0,0.6256307957899284,0.13623349021188552,Ketohexokinase,Galactose metabolism,3795.1,NA,NA
HMR_8762,0.6423680891334992,0,0.6256307957899284,0.13623349021188552,Fructose-Bisphosphate Aldolase,Galactose metabolism,230.1 or 229.1 or 226.1,NA,NA
HMR_8776,0.37772473258979467,0,12.081135912201553,5.456672078647086,HMR_8776,"Transport, mitochondrial",NA,NA,NA
HMR_8884,0.9665014002483135,0,8.28878273562342,0.14119624590873717,HMR_8884,"Transport, extracellular",6523.1,NA,NA
HMR_9174,-0.5556005587592804,0,0.778086878381024,2.72365865131038,HMR_9174,"Transport, mitochondrial",NA,NA,NA
HMR_9175,0.5556005587592804,0,-0.778086878381024,-2.72365865131038,HMR_9175,"Transport, extracellular",NA,NA,NA
HMR_9177,-0.39159069767794924,0,0.2524391687670672,0.5773941944100229,HMR_9177,"Transport, endoplasmic reticular",NA,NA,NA
HMR_9178,0.39159069767794924,0,-0.2524391687670672,-0.5773941944100229,HMR_9178,"Transport, extracellular",NA,NA,NA
HMR_9179,0.9400063923314171,0,63.07283651845318,1.950492031155283,HMR_9179,"Transport, peroxisomal",NA,NA,NA
HMR_9180,-1,0,-63.07283651845318,NA,HMR_9180,"Transport, extracellular",NA,NA,NA
HMR_9593,0.9241755334899148,0,0.6901874847767525,0.027197673452492747,HMR_9593,"Transport, extracellular",11254.1 or 6536.1,NA,NA
HMR_9605,0.9925256390158095,0,86.07078356994316,0.32286867179870604,HMR_9605,"Transport, extracellular",92745.1,NA,NA
HMR_9607,0.9512967152972907,0,95.82319372454882,2.39169381494016,HMR_9607,"Transport, extracellular",8884.1,NA,NA
HMR_9620,0.49140783495770995,0,166.58600484744906,56.80829541405216,HMR_9620,"Transport, extracellular",60482.1,NA,NA
HMR_9624,-0.6663802234415727,0,67.5439806657374,337.37194705600143,HMR_9624,"Transport, extracellular",10864.1 or 55867.1,NA,NA
HMR_9627,0.636400400433761,0,1.5990865093472464,0.3553086483701145,HMR_9627,"Transport, endoplasmic reticular",NA,NA,NA
HMR_9628,0.7819249986105902,0,1.5689276226496054,0.19200802152502147,HMR_9628,"Transport, endoplasmic reticular",NA,NA,NA
HMR_9634,-1,0,NA,0.571173988195312,HMR_9634,"Transport, endoplasmic reticular",NA,NA,NA
HMR_9639,-1.2833395133606789,0,-22.320599388261687,2.769762329072322,HMR_9639,"Transport, extracellular",NA,NA,NA
HMR_9644,0.9866703213514824,0,11.181901487430185,0.07502561039187901,HMR_9644,"Transport, extracellular",NA,NA,NA
HMR_9647,0.8701626501482131,0,1.1215440108977757,0.07786397728859047,HMR_9647,"Transport, extracellular",NA,NA,NA
HMR_9648,-0.7815422539144371,0,-1.0652865997009606,-0.1306284535180057,HMR_9648,"Transport, extracellular",NA,NA,NA
HMR_9667,-0.7815422539144371,0,-1.0652865997009606,-0.1306284535180057,HMR_9667,"Transport, golgi apparatus",NA,NA,NA
HMR_9674,0.49739756777567756,0,5.104014049437502,1.713165514997486,HMR_9674,"Transport, nuclear",NA,NA,NA
HMR_9679,-0.6685614565812529,0,167.53090554716587,843.4010386926651,HMR_9679,"Transport, peroxisomal",NA,NA,NA
HMR_9719,0.8366564213906584,0,6.035329392901063,0.5367537932740645,Enoyl Coenzyme A Hydratase,Fatty acid oxidation,30.1 or 3028.1 or 37.1 or 3030.1 or 33.1 or 34.1 or 1892.1 or 3032.1 or 3033.1 or 10449.1 or 28976.1,NA,NA
HMR_9720,0.3348545674566989,0,0.00500225751738171,0.0024925777093689036,HMR_9720,"Transport, extracellular",NA,NA,NA
HMR_9805,-0.6101770225420544,0,1.8128836098644387,7.488177203360784,Sn-Glycero-3-Phosphocholine Cholinephosphohydrolase,Glycerophospholipid metabolism,133121.1,R02591,NA
HMR_2957,0.35712509057672526,0,0.38488262412710755,0.18232024729508012,Long-Chain-Fatty-Acid Coenzyme A Ligase,Fatty acid synthesis,2182.1 or 23205.1 or 10965.1 or 2181.1 or 81616.1 or 11001.1 or 2180.1 or 23305.1 or 122970.1 or 51703.1,NA,PMID:8584017
HMR_1467,0.6004689670143994,0,0.8149462734972447,0.20343807545703604,"Presqualene-Diphosphate Diphosphate-Lyase (Reducing, Squalene-Forming)",Cholesterol metabolism,2222.1,R02872,PMID:10896663;PMID:10449533;PMID:1527001;PMID:7864626;PMID:8509416
HMR_4772,0.930387673548482,0,14.850643734380602,0.5355338069231249,Uroporphyrinogen Decarboxylase,Heme synthesis,7389.1,R04972,PMID:17360334;UNIPROT:P06132
HMR_6672,-0.8092353041154675,0,-4.665033707880974,-0.49187838339805606,HMR_6672,Vitamin A metabolism,NA,NA,PMID:9647871
12DHCHOLabc,-0.6819201108991075,0,0.2993612210179349,1.582940875251847,12-Dehydrocholic acid ABC bile acid transporter,"Transport, extracellular",(8714.3 or 8647.1 or 8714.2 or 8714.1 or 1244.1 or 10257.1),NA,"PMID:25210150, PMID:26579438, PMID:23506869"
12DHCHOLt2,-0.6819201108991075,0,0.2993612210179349,1.582940875251847,12-Dehydrocholic acid transport via sodium cotransport,"Transport, extracellular",(6554.1 or 6555.1),NA,"PMID:25210150, PMID:26579438"
3DHCDCAS,0.7123163448355108,0,21.33051275432855,3.5837068858251637,3-dehydro-chenodehydroxycholic acid formation,Bile acid synthesis,(1576.1),NA,"PMID:15708356 , PMID:17263554"
3DHDCAS,-0.4239807099285191,0,17.583887938932445,43.46923386450708,3-dehydro-deoxycholic acid formation,Bile acid synthesis,(1576.1),NA,"PMID:15708356 , PMID:17263554"
3DHLCAabc,0.5709940623660263,7.751852212501293e-9,1.103523878995175,0.3013495135028097,3-dehydro-lithocholic acid ABC bile acid transporter,"Transport, extracellular",(8714.3 or 8647.1 or 8714.2 or 8714.1 or 1244.1),NA,"PMID:25210150, PMID:26579438"
3DHLCAS,0.7994881333835561,0,28.61313702095449,3.1882808268570977,3-dehydro-lithocholic acid formation,Bile acid synthesis,(1576.1),NA,"PMID:15708356 , PMID:17263554"
3DHLCAt2,0.5709940623660263,7.751852212501293e-9,1.103523878995175,0.3013495135028097,3-dehydro-lithocholic acid transport via sodium cotransport,"Transport, extracellular",(6554.1) or (6555.1),NA,"PMID:25210150, PMID:26579438"
CA24GSc,0.7520869564134592,0,15.999671222236996,2.263887174417579,UDP-Glucuronosyltransferase (UGT) cytosolic (cholic acid),Bile acid synthesis,(10941.1),NA,"PMID:10529008, PMID:8244999, PMID:21995321, PMID:23756265"
CASULT,0.48024839364412775,0,0.3759089350859488,0.1319908697036013,Cholic acid sulfotransferase,Bile acid synthesis,(6822.1),NA,"PMID:16949895, PMID:19131563, PMID:25210150"
CDCA24GSc,0.8618362879336217,0,65.5283945823431,4.86275098402726,UDP-Glucuronosyltransferase (UGT) cytosolic (chenodeoxycholic acid),Bile acid synthesis,(54659.1 or 10941.1 or 79799.1),NA,"PMID:17058234, PMID:23756265, PMID:25210150"
HC02220t,-0.8782340829118133,0,-38.53248571438491,-2.4980610794931652,Chenodeoxycholic acid 3-sulfate transport via bicarbonate countertransport,"Transport, extracellular",(28234.1 or 10599.1),NA,PMID:19131563
CDCA6AH,0.33247219501002023,0,2.4466990155585258,1.2257213542190613,Chenodeoxycholic acid 6alpha-hydroxylase,Bile acid synthesis,(1576.1),NA,"PMID:10216279, PMID:17263554"
DCA24GSc,-0.7404244741629856,0,138.39017995675803,927.8904681167603,UDP-Glucuronosyltransferase (UGT) cytosolic (deoxycholic acid),Bile acid synthesis,(7364.1 or 10941.1),NA,"PMID:23756265, PMID:21995321"
DCA24GSr,0.590478232173605,0,9.756021269754056,2.51201368023847,UDP-Glucuronosyltransferase (UGT) ER (deoxycholic acid),Bile acid synthesis,(7364.1 or 10941.1),NA,"PMID:23756265, PMID:21995321"
DCA24Gtr,-0.590478232173605,0,-9.756021269754056,-2.51201368023847,Glucuronidated Compound Transport (DCA-24g),"Transport, extracellular",NA,NA,NA
DCA3GSr,-0.381888424774809,0,0.5851923908178235,1.3082922623521989,UDP-Glucuronosyltransferase (UGT) ER (deoxycholic acid),Bile acid synthesis,(7364.1 or 10941.1),NA,"PMID:23756265, PMID:21995321"
DCA3Gtr,0.381888424774809,0,-0.5851923908178235,-1.3082922623521989,Glucuronidated Compound Transport (DCA-3G),"Transport, extracellular",NA,NA,NA
DM_3dhcdchol[c],0.7123163448355108,0,21.33051275432855,3.5837068858251637,DM_3dhcdchol(c),Exchange/demand reaction,NA,NA,NA
DM_3dhdchol[c],-0.4239807099285191,0,17.583887938932445,43.46923386450708,DM_3dhdchol(c),Exchange/demand reaction,NA,NA,NA
DM_3dhlchol[c],0.7994881333835561,0,28.61313702095449,3.1882808268570977,DM_3dhlchol(c),Exchange/demand reaction,NA,NA,NA
DM_ca24g[c],0.7500000651309665,0,16.164557638455417,2.3092218322278537,DM_ca24g(c),Exchange/demand reaction,NA,NA,NA
DM_ca3s[c],0.48024839364412775,0,0.3759089350859488,0.1319908697036013,DM_ca3s(c),Exchange/demand reaction,NA,NA,NA
DM_cdca24g[c],0.857437270667263,0,65.42217273712158,5.021307395716943,DM_cdca24g(c),Exchange/demand reaction,NA,NA,NA
DM_dca24g[c],-0.7256387959521673,0,147.89521305280923,930.2106624923706,DM_dca24g(c),Exchange/demand reaction,NA,NA,NA
DM_gca3s[c],0.39292211771508945,0,0.271895622073274,0.1185003930596955,DM_gca3s(c),Exchange/demand reaction,NA,NA,NA
DM_gudca3s[c],0.4468356551700343,0,0.29491967713158634,0.11275575729351694,DM_gudca3s(c),Exchange/demand reaction,NA,NA,NA
DM_hca24g[c],0.7640634510811533,0,28.97928759720847,3.8758657471315447,DM_hca24g(c),Exchange/demand reaction,NA,NA,NA
DM_hdca24g[c],0.5252526076302165,0,14.634674437038274,4.55516253006733,DM_hdca24g(c),Exchange/demand reaction,NA,NA,NA
DM_lca24g[c],0.944782937198556,0,51.013307240980865,1.4483904274130377,DM_lca24g(c),Exchange/demand reaction,NA,NA,NA
DM_lca3g[c],0.36355410451590153,0,5.246911101200013,2.4490227584436535,DM_lca3g(c),Exchange/demand reaction,NA,NA,NA
DM_tca3s[c],0.7227471377815387,0,0.7482852597379988,0.12042639657808758,DM_tca3s(c),Exchange/demand reaction,NA,NA,NA
DM_thyochol[c],-0.7356156475485666,0,1.2724870984090115,8.3535523143642,DM_thyochol(c),Exchange/demand reaction,NA,NA,NA
DM_udca3s[c],0.47955513570277014,0,0.7733708588781434,0.27203912986256273,DM_udca3s(c),Exchange/demand reaction,NA,NA,NA
EX_hdca24g[e],0.5606898000201603,0,0.7756828340498308,0.2183428000509506,EX_hdca24g(e),Exchange/demand reaction,NA,NA,NA
EX_hyochol[e],-0.7613689005267968,0,-27.956308344323187,-3.7875340000737285,EX_hyochol(e),Exchange/demand reaction,NA,NA,NA
EX_lca3g[e],-0.840991443282473,0,0.25280616426747876,2.9269744649797866,EX_lca3g(e),Exchange/demand reaction,NA,NA,NA
GCASULT,0.39292211771508945,0,0.271895622073274,0.1185003930596955,Glycocholic acid sulfotransferase,Bile acid synthesis,(6822.1),NA,"PMID:16949895, PMID:19131563, PMID:25210150"
GUDCASULT,0.4468356551700343,0,0.29491967713158634,0.11275575729351694,Glycoursodeoxycholic acid sulfotransferase,Bile acid synthesis,(6822.1),NA,"PMID:16949895, PMID:19131563, PMID:25210150"
HCA24GSc,0.7680371285342019,0,28.923807587389277,3.7947446653778023,UDP-Glucuronosyltransferase (UGT) cytosolic (hyocholic acid),Bile acid synthesis,(7364.1 or 10941.1 or 79799.1),NA,"PMID:10529008, PMID:8244999, PMID:21995321, PMID:23756265"
HDCA24GSc,0.49449945262331935,0,13.113763643131062,4.435608650197326,UDP-Glucuronosyltransferase (UGT) cytosolic (hyodeoxycholic acid),Bile acid synthesis,(54659.1 or 10941.1 or 79799.1),NA,"PMID:10529008, PMID:8244999, PMID:21995321, PMID:23756265"
HDCA24GSr,0.743482308995247,0,2.2965936249020857,0.33789668572870213,UDP-Glucuronosyltransferase (UGT) (hyodeoxycholic acid),Bile acid synthesis,(54659.1 or 10941.1 or 79799.1),NA,"PMID:10529008, PMID:8244999, PMID:21995321, PMID:23756265"
HDCA24Gte,0.5606898000201603,0,0.7756828340498308,0.2183428000509506,Glucuronidated bile acid excretion (HDCA-24G),"Transport, extracellular",(8714.3 or 8647.1 or 8714.2 or 8714.1 or 1244.1 or 9429.1),NA,"Geoffrey J. Dutton, CRC Press, 1980, PMID:10529008, PMID:25210150"
HDCA24Gtr,-0.743482308995247,0,-2.2965936249020857,-0.33789668572870213,Glucuronidated Compound Transport (HDCA-24G),"Transport, extracellular",0,NA,NA
HYOCHOLt2,0.7338802080417227,0,28.32322809788454,4.3471120634733555,hyocholic acid transport via sodium cotransport,"Transport, extracellular",(6554.1) or (6555.1),NA,"PMID:25210150, PMID:26579438"
ICDCHOLabc,0.7293220329453247,0,0.733039706536755,0.11473727492952021,Isochenodeoxycholic acid ABC bile acid transporter,"Transport, extracellular",(8714.3 or 8647.1 or 8714.2 or 8714.1 or 1244.1 or 10257.1),NA,"PMID:25210150, PMID:26579438, PMID:23506869"
ICDCHOLt2,0.7293220329453247,0,0.733039706536755,0.11473727492952021,Isochenodeoxycholic acid transport via sodium cotransport,"Transport, extracellular",(6554.1) or (6555.1),NA,"PMID:25210150, PMID:26579438"
ISOCHOLabc,-0.5223169192666806,0,0.15222243876102876,0.4851140920926206,Isocholic acid ABC bile acid transporter,"Transport, extracellular",(8714.3 or 8647.1 or 8714.2 or 8714.1 or 1244.1 or 10257.1),NA,"PMID:25210150, PMID:26579438, PMID:23506869"
ISOCHOLt2,-0.5223169192666806,0,0.15222243876102876,0.4851140920926206,Isocholic acid transport via sodium cotransport,"Transport, extracellular",(6554.1) or (6555.1),NA,"PMID:25210150, PMID:26579438"
LCA24GSc,0.9448366228558949,0,50.88208805236816,1.4432203610967895,UDP-Glucuronosyltransferase (UGT) cytosolic (lithocholic acid),Bile acid synthesis,(54659.1 or 7364.1 or 10941.1 or 79799.1),NA,"PMID:17058234, PMID:23756265, PMID:25210150"
LCA3GSr,-0.591542236304312,0,0.40764611292140474,1.5883796657689568,UDP-Glucuronosyltransferase (UGT) ER (lithocholic acid),Bile acid synthesis,(7364.1 or 10941.1 or 79799.1),NA,"PMID:17058234, PMID:23756265, PMID:25210150, PMID:16749861, PMID:10529008, PMID:21995321"
LCA3Gte,-0.840991443282473,0,0.25280616426747876,2.9269744649797866,Glucuronidated bile acid excretion (LCA-3G),"Transport, extracellular",(8714.3 or 8647.1 or 8714.2 or 8714.1 or 1244.1 or 9429.1),NA,"Geoffrey J. Dutton, CRC Press, 1980, PMID:10529008, PMID:25210150"
LCA3Gtr,0.591542236304312,0,-0.40764611292140474,-1.5883796657689568,Glucuronidated Compound Transport (LCA-3G),"Transport, extracellular",NA,NA,NA
M02155tr,0.6370905229751372,0,2.6758689010675645,0.5931853919163347,Bile salt transport (hyodeoxycholic acid),"Transport, extracellular",NA,NA,PMID:15975683
TCASULT,0.7227471377815387,0,0.7482852597379988,0.12042639657808758,Taurocholic acid sulfotransferase,Bile acid synthesis,(6822.1),NA,"PMID:16949895, PMID:19131563, PMID:25210150"
TCDCA3Sabc,-0.3756629050679965,0,0.12756623763605604,0.2810791517587524,Taurochenodeoxycholic acid 3-sulfate ABC bile acid transporter,"Transport, extracellular",(8714.3 or 8714.2 or 8714.1 or 10257.1 or 1244.1 or 9429.1),NA,"PMID:19131563, PMID:25210150"
TCDCA3St,-0.3756629050679965,0,0.12756623763605604,0.2810791517587524,Taurochenodeoxycholic acid 3-sulfate transport via bicarbonate countertransport,"Transport, extracellular",(28234.1 or 10599.1),NA,PMID:19131563
TCDCA6AH,-0.7356156475485666,0,1.2724870984090115,8.3535523143642,Taurochenodeoxycholic acid 6alpha-hydroxylase,Bile acid synthesis,(1576.1),NA,"PMID:10216279, PMID:17263554"
UDCASULT,0.47955513570277014,0,0.7733708588781434,0.27203912986256273,Ursodeoxycholic acid sulfotransferase,Bile acid synthesis,(6822.1),NA,"PMID:16949895, PMID:19131563, PMID:25210150"
UDCHOLt,-0.9657666594746676,0,-26.880327502165315,-0.46811425983794036,Ursodeoxycholic acid transport via bicarbonate countertransport,"Transport, extracellular",(28234.1) or (10599.1) or (123264.1) or (200931.1),NA,"PMID:25210150, PMID:26579438"
UDCHOLt2,0.8917898447527081,0,20.6685753429953,1.182240063720308,Ursodeoxycholic acid transport via sodium cotransport,"Transport, extracellular",(6554.1) or (6555.1),NA,"PMID:25210150, PMID:26579438"
14HMDZALThr,0.9227589272789208,0,34.817212344382384,1.3986770741164103,"oxidation of 4-OH-midazolam to 1,4-Dihydroxy-midazolam in hepatocytes",Drug metabolism,(1576.1 or 1577.1),NA,"PMID: 8689807, PMID: 3196361, PMID: 8185679, PMID: 18256203, PMID: 17635335"
14HMDZhr,0.6038326904669884,0,1.695031041568198,0.4186944756173325,"oxidation of 1-OH-midazolam to 1,4-Dihydroxy-midazolam in hepatocytes",Drug metabolism,(1576.1 or 1577.1),NA,"PMID: 8689807, PMID: 3196361, PMID: 8185679, PMID: 18256203, PMID: 17635335"
14MDZtev,0.9051714160368082,0,36.512243397852224,1.8173715549125335,"efflux of 1,4-Dihydroxy-midazolam into hepatic vein",Drug metabolism,NA,NA,"PMID: 18256203, PMID: 7199324"
1OHMDZhr,-0.7078157820404006,0,2.436045506472973,14.238677881973743,oxidation of midazolam to 1-OH-midazolam in hepatocytes,Drug metabolism,(1576.1 or 1577.1),NA,"PMID: 8689807, PMID: 3196361, PMID: 8185679, PMID: 18256203, PMID: 17635335"
1OHMDZtep,-1.0000540463466607,0,-3.584466902786456e-4,13.264777317699076,efflux of 1-OH-midazolam into portal blood,Drug metabolism,NA,NA,PMID: 17498391
2HATVACIDGLUChr,0.3325779990676613,0,0.338886056517958,0.16973116026794086,glucuronidation of 2-hydroxy-atorvastatin-acid in hepatocytes,Drug metabolism,(54659.1 or 54657.1),NA,"PMID: 17470524, PMID: 16258024."
2HATVACIDGLUCteb,0.3325779990676613,0,0.338886056517958,0.16973116026794086,efflux of 2-hydroxy-atorvastatin-acyl-glucuronide into bile,Drug metabolism,(1244.1 or 5243.1),NA,"PMID: 17470524, PMID: 16258024."
2HATVACIDOXDhc,0.3325779990676613,0,0.338886056517958,0.16973116026794086,oxidation of atorvastatin acid to 2-hydroxy-atorvastatin-acid in hepatocytes,Drug metabolism,(1576.1 or 1577.1 or 1558.1),NA,"PMID: 14531725, PMID: 9804052, PMID: 12036392, PMID: 15998357, PMID: 16388406, PMID: 18720283."
2HATVACIDhc,0.5729819031006153,0,62.69184335063249,17.0189825998202,conversion of 2-hydroxy-atorvastatin-lactone to its acid form in hepatocytes,Drug metabolism,5446.1,NA,"PMID: 11038166, PMID: 14531725, PMID: 11950779"
2HATVACIDthc,-0.5729819031006153,0,-62.69184335063249,-17.0189825998202,uptake of 2-hydroxy-atorvastatin-acid into hepatocytes,Drug metabolism,(10599.1 or 11309.1),NA,"Russel, F. G. M. (2010). Transporters: Importance in Drug Absorption, Distribution, ; Removal, Enzyme- ; Transporter-Based Drug-Drug Interactions. K. S. Pang, A. D. Rodrigues ; R. M. Peter, Springer New York: 27-49, PMID: 21942630."
2HATVLACGLUChr,-0.8987223522349291,0,0.23608252693434334,4.42600298046158,glucuronidation of 2-hydroxy-atorvastatin-lactone in hepatocytes,Drug metabolism,(54659.1 or 54657.1),NA,"PMID: 17470524, PMID: 16258024."
2HATVLACGLUCteb,-0.8987223522349291,0,0.23608252693434334,4.42600298046158,efflux of 2-hydroxy-atorvastatin-lactone-glucuronide into bile,Drug metabolism,(1244.1 or 5243.1),NA,"PMID: 17470524, PMID: 16258024"
2HATVLACOXDhc,-0.8987223522349291,0,0.23608252693434334,4.42600298046158,oxidation of atorvastatin lactone to 2-hydroxy-atorvastatin-lactone in hepatocytes,Drug metabolism,(1576.1 or 1577.1),NA,"PMID: 14531725, PMID: 9804052, PMID: 12036392, PMID: 15998357, PMID: 16388406, PMID: 18720283."
2HATVLACtep,1,0,NA,-16.581859797286988,efflux of 2-hydroxy-atorvastatin-lactone into portal blood,Drug metabolism,NA,NA,"PMID: 14531725, PMID: 9804052, PMID: 12036392, PMID: 18720283."
2HATVLACthc,0.986151426300085,0,62.69184335063249,0.43712307205200196,uptake of 2-hydroxy-atorvastatin-lactone into hepatocytes,Drug metabolism,(10599.1 or 11309.1),NA,"Russel, F. G. M. (2010). Transporters: Importance in Drug Absorption, Distribution, ; Removal, Enzyme- ; Transporter-Based Drug-Drug Interactions. K. S. Pang, A. D. Rodrigues ; R. M. Peter, Springer New York: 27-49, PMID: 21942630."
2HIBUP_Rthv,0.8274631955696106,0,38.91367455877513,3.6739678661065844,release of R-2-hydroxy-ibuprofen into hepatic vein,Drug metabolism,NA,NA,"PMID: 9515184, Graham, G. ; K. Williams (2004). Metabolism ; Pharmacokinetics of Ibuprofen. Aspirin ; Related Drugs, CRC Press."
35DHPVShc,0.5630139854447428,0,7.299356740710919,2.04074745372973,conversion of pravastatin to 3-alpha-5-beta-dihydroxy pravastatin in entercoytes,Drug metabolism,1576.1,NA,"PMID: 9929499, PMID: 1680649, PMID: 9804052, PMID: 11192473"
35DHPVSthc,-0.5630139854447428,0,-7.299356740710919,-2.04074745372973,uptake of 3-alpha-5-beta-dihydroxy pravastatin by hepatocytes,Drug metabolism,(10599.1 or 11309.1),NA,PMID: 17177112
35DSMVhep,0.35048218774545326,0,0.6710861348645867,0.32276056811921733,"formation of 3,5-dihydrodoil simvastatin",Drug metabolism,(1576.1 or 1577.1 or 1558.1 or 1565.1),NA,PMID: 9321523
35DSMVteb,0.35048218774545326,0,0.6710861348645867,0.32276056811921733,"efflux of 3,5-dihydrodiol-simvastatin-lactone form into bile",Drug metabolism,NA,NA,"Brunton, L., Lazo, J., Parker, K. (2006). Goodman & Gilmans: The pharmacological basis of therapeutics, The McGraw-Hill companies, PMID: 19482594, PMID: 16321621, PMID: 15497697."
3HIBUP_Sthv,-0.5941753615578937,0,-2.316883683575352,-0.5898024181483604,release of S-3-hydroxy-ibuprofen into hepatic vein,Drug metabolism,NA,NA,"PMID: 9515184, Graham, G. ; K. Williams (2004). Metabolism ; Pharmacokinetics of Ibuprofen. Aspirin ; Related Drugs, CRC Press."
3HLVSTAChep,-0.3765707738188234,4.2637425400893857e-13,0.41499216106365366,0.9163286806161414,conversion of 3-hydroxy-lovastatin lactone to acid form,Drug metabolism,5446.1,NA,PMID: 1929403
3HLVSTACtbc,-0.3765707738188234,4.2637425400893857e-13,0.41499216106365366,0.9163286806161414,release of 3-hydroxy-lovastatin acid form into bile,Drug metabolism,NA,NA,PMID: 1929403
3HPVSTETCOAhcm,0.5335621221211932,0,8.03304455301603,2.443276473881633,"beta oxidation of 3-S-hydroxy-pravastatin-CoA to tatranor-CoA derivative in hepatocytes, mitochondria",Drug metabolism,(37.1 or 3030.1 or 3032.1),NA,PMID: 1680649
3HPVSTETtev,0.5137444453390442,0,8.465973586147557,2.719499116612878,exit of 3-S-hydroxy-pravastatin-tetranor into hepatic vein,Drug metabolism,NA,NA,"PMID: 1680649, PMID: 11192473, PMID: 9804052, PMID: 16714062, PMID: 18563955"
3HPVStep,-0.8084564884461444,0,-15.226958081495763,-1.6127703596115113,3-hydroxy pravastatin exit into portal blood,Drug metabolism,NA,NA,PMID: 11192473
3HPVSthc,-0.8099520859577525,0,-6.760984063440562,-0.70991432762146,uptake of 3-hydroxy pravastatin by hepatocytes,Drug metabolism,(10599.1 or 11309.1),NA,PMID: 17177112
3ISPVStep,-0.9953148697142651,0.004120340314514353,-6.654877249118686,-0.01562608860433102,3-alpha-iso-pravastatin exit into portal blood,Drug metabolism,NA,NA,PMID: 11192473
3ISPVSthc,-12.664345301794059,0,-6.654877249118686,5.680827325446904,uptake of 3-alpha-iso-pravastatin by hepatocytes,Drug metabolism,(10599.1 or 11309.1),NA,PMID: 17177112
3MEACMPhc,-0.7706425031400163,0,0.2805207515218474,2.1656234152249456,formation of 3-methoxy-acetaminophen in hepatocytes,Drug metabolism,NA,NA,"PMID: 6705983, PMID: 3936286, PMID: 12418493, Graham, G. ; M. Hicks (2004). Pharmacokinetics ; Metabolism of Paracetamol (Acetaminophen). Aspirin ; Related Drugs, CRC Press."
3OHACMPhr,-0.7706425031400163,0,0.2805207515218474,2.1656234152249456,oxidation of acetaminophen to 3-OH-acetaminophen in hepatocytes,Drug metabolism,(1548.1 or 1571.1),NA,"Kalsi SS, W. D., Waring WS, Dargan PI (2011). ""Does cytochrome P450 liver isoenzyme induction increase the risk of liver toxicity after paracetamol overdose?"" Open Access Emergency Medicine 3(1): 69-76., PMID: 11095574"
4HATVLACtep,-1,3.810536694114257e-9,-6.5519187278211115,0,efflux of 4-hydroxy-atorvastatin-lactone into portal blood,Drug metabolism,NA,NA,"PMID: 14531725, PMID: 9804052, PMID: 12036392, PMID: 18720283."
4HATVLACthc,-1,3.810536694114257e-9,-6.5519187278211115,0,uptake of 4-hydroxy-atorvastatin-lactone into hepatocytes,Drug metabolism,(10599.1 or 11309.1),NA,"Russel, F. G. M. (2010). Transporters: Importance in Drug Absorption, Distribution, ; Removal, Enzyme- ; Transporter-Based Drug-Drug Interactions. K. S. Pang, A. D. Rodrigues ; R. M. Peter, Springer New York: 27-49, PMID: 21942630."
4HMDGLUCtev,0.6205096376480899,0,3.786169608612433,0.886643833098968,efflux of 4-OH-midazolam-glucuronide into hepatic vein,Drug metabolism,NA,NA,"PMID: 18256203, PMID: 7199324"
4HMDZGLUChr,0.6205096376480899,0,3.786169608612433,0.886643833098968,glucuronidation of 4-OH-midazolam in enterocytes,Drug metabolism,(54657.1 or 7363.1 or 7364.1),NA,"PMID: 8689807, PMID: 3196361, PMID: 8185679, PMID: 18256203, PMID: 17998299"
4OHMDZtev,-0.9195421584126197,0,-37.87246627413189,-1.587429001573666,efflux of 4-OH-midazolam into hepatic vein,Drug metabolism,NA,NA,"PMID: 18256203, PMID: 7199324"
56DHPVShc,0.3360673163144114,0,0.8616993955869677,0.4282047657751944,"oxidation of triol metabolite to 3-keto-5,6,-dihydroxy-pravastatin in hepatocytes",Drug metabolism,1576.1,NA,"PMID: 9929499, PMID: 1680649, PMID: 9804052, PMID: 11192474"
56DHPVStev,0.3360673163144114,0,0.8616993955869677,0.4282047657751944,"exit of 3-keto-5,6,-dihydroxy-pravastatin into hepatic vein",Drug metabolism,NA,NA,"PMID: 1680649, PMID: 11192473, PMID: 9804052, PMID: 16714062, PMID: 18563955"
6BHGLZhr,0.5966480860413418,0,2.653131891806977,0.670245269387052,oxidation of gliclazide to 6-beta-OH-gliclazide in hepatocytes,Drug metabolism,(1559.1 or 1558.1 or 1565.1 or 1557.1),NA,"PMID: 18204476, PMID: 1794262, PMID: 17517049, PMID: 8825191, PMID: 3984386"
6BHGLZtev,0.5966480860413418,0,2.653131891806977,0.670245269387052,excretion of 6-beta-OH-gliclazide into hepatic vein,Drug metabolism,NA,NA,PMID: 8825191.
6CSMVACIDhep,-0.3385087288756951,5.441153425668813e-9,0.3161005290505649,0.6396204089243355,conversion of 6-beta-carboxy simvastatin lactone to acid form,Drug metabolism,5446.1,NA,"PMID: 1976071, PMID: 9321523."
6CSMVACIDteb,-0.3385087288756951,5.441153425668813e-9,0.3161005290505649,0.6396204089243355,efflux of 6-beta-carboxy-simvastatin-acid form into bile,Drug metabolism,NA,NA,"Brunton, L., Lazo, J., Parker, K. (2006). Goodman & Gilmans: The pharmacological basis of therapeutics, The McGraw-Hill companies, PMID: 19482594, PMID: 16321621, PMID: 15497697."
6CSMVhep,-0.3385087288756951,5.441153425668813e-9,0.3161005290505649,0.6396204089243355,oxidation of 6-exomethylene simvastatin to 6-beta-hydroxy carboxy simvastatin lactone form,Drug metabolism,(1576.1 or 1577.1 or 1558.1 or 1565.1),NA,"PMID: 9321523, PMID: 9804052, PMID: 1976071, PMID: 1971563, PMID: 15998357, PMID: 9217719, PMID: 16388406."
6EPVStep,-1,0.002233003100424409,-6.553421206259728,0,6-epi-pravastatin exit into portal blood,Drug metabolism,NA,NA,PMID: 11192473
6EPVSthc,-1,0.002233003100424409,-6.553421206259728,0,uptake of 6-epi-pravastatin by hepatocytes,Drug metabolism,(10599.1 or 11309.1),NA,PMID: 17177112
7BHGLZhr,0.5316691793844257,0,1.6887729887304972,0.516367666262915,oxidation of gliclazide to 7-beta-OH-gliclazide in hepatocytes,Drug metabolism,(1557.1 or 1558.1 or 1559.1),NA,"PMID: 18204476, PMID: 1794262, PMID: 17517049, PMID: 8825191, PMID: 3984386"
7BHGLZtev,0.5316691793844257,0,1.6887729887304972,0.516367666262915,excretion of 7-beta-OH-gliclazide into hepatic vein,Drug metabolism,NA,NA,PMID: 8825191.
7HPVShc,-0.5302419738282456,0,1.5164404648151757,4.939821611953387,oxidation of 3-alpha-iso-pravastatin to 7-hydroxy-3-alpha-iso-pravastatin in hepatocytes,Drug metabolism,1576.1,NA,"PMID: 9929499, PMID: 1680649, PMID: 9804052, PMID: 11192474"
7HPVStev,-0.5302419738282456,0,1.5164404648151757,4.939821611953387,exit of 7-hydroxy-3-alpha-iso-pravastatin into hepatic vein,Drug metabolism,NA,NA,"PMID: 1680649, PMID: 11192473, PMID: 9804052, PMID: 16714062, PMID: 18563955"
ACMPGLUTtep,0.402618784713692,0,0.10195908840360644,0.043424802807316885,efflux of acetaminophen-glutathione-conjugate from enterocytes into portal blood,Drug metabolism,8714.1,NA,"Russel, F. G. M. (2010). Transporters: Importance in Drug Absorption, Distribution, ; Removal. Enzyme- ; Transporter-Based Drug-Drug Interactions. K. S. Pang, A. D. Rodrigues ; R. M. Peter, Springer New York: 27-49."
ACMPGLUTthc,0.402618784713692,0,0.10195908840360644,0.043424802807316885,uptake of acetaminophen-glutathione-conjugate by the hepatocytes,Drug metabolism,8714.1,NA,"Russel, F. G. M. (2010). Transporters: Importance in Drug Absorption, Distribution, ; Removal. Enzyme- ; Transporter-Based Drug-Drug Interactions. K. S. Pang, A. D. Rodrigues ; R. M. Peter, Springer New York: 27-49."
ACMPdt,-0.5681727446850243,0,0.6892000534411112,2.5028173329483012,uptake of acetaminophen by enterocytes,Drug metabolism,NA,NA,"PMID: 8165189, PMID: 34689, Graham, G. ; M. Hicks (2004). Pharmacokinetics ; Metabolism of Paracetamol (Acetaminophen). Aspirin ; Related Drugs, CRC Press."
ALLOPOXDhep,0.8025515192177312,0,9.176664760458554,1.0051965207557894,oxidation of allopurinol to oxypurinol in hepatocytes,Drug metabolism,(7498.1 or 316.1),NA,PMID: 17655371
ALLOPtepvb,0.8025515192177312,0,9.176664760458554,1.0051965207557894,uptake of allopurinol by the hepatocytes,Drug metabolism,10864.1,NA,"Pang, K. S., Rodrigues, A. D., Peter, R. M. (2010). Enzyme ; Transporter-Based Drug-Drug Interactions: Progress ; Future Challenges, American Association of Pharmaceutical Scientists 2010, Springer Publications., PMID: 17655371"
AM19CSALThr,0.5088822733178541,0,1.441091290955117,0.46905281563091555,alternative pathway for formation of AM19 from AM1 in hepatocytes,Drug metabolism,(1576.1 or 1577.1),NA,PMID: 8595701
AM1CSAhr,0.5088822733178541,0,1.441091290955117,0.46905281563091555,oxidation of cyclosporine to AM1 in hepatocytes,Drug metabolism,(1576.1 or 1577.1),NA,"PMID: 8361996, PMID: 2568911, PMID: 10503812"
ATVACIDOATPtu,129.783108492627,0.0026084108157850084,1.4661327758789062,-1.4889017988204956,uptake of atorvastatin by enterocytes,Drug metabolism,11309.1,NA,"Russel, F. G. M. (2010). Transporters: Importance in Drug Absorption, Distribution, ; Removal, Enzyme- ; Transporter-Based Drug-Drug Interactions. K. S. Pang, A. D. Rodrigues ; R. M. Peter, Springer New York: 27-49, PMID: 21710988."
ATVACYLGLUChc,0.6144811194724569,4.230394560759031e-7,2.13934188768008,0.5108493866274512,glucuronidation of atorvastatin to atorvastatin acyl glucuronide (G2) in hepatocytes,Drug metabolism,(54659.1 or 54657.1 or 54658.1 or 54576.1 or 7364.1),NA,PMID: 17470524
ATVLACh2r,0.6144811194724569,4.230394560759031e-7,2.13934188768008,0.5108493866274512,spontaneous conversion of glucuronide (G2) to lactone form of atorvastatin,Drug metabolism,NA,NA,PMID: 17470524
Am19CStev,0.5088822733178541,0,1.441091290955117,0.46905281563091555,efflux of AM19-cyclosporine into hepatic vein,Drug metabolism,NA,NA,"PMID: 8361996, PMID: 8595701, PMID: 3276417, PMID: 1788988, Russel, F. G. M. (2010). Transporters: Importance in Drug Absorption, Distribution, ; Removal, Enzyme- ; Transporter-Based Drug-Drug Interactions. K. S. Pang, A. D. Rodrigues ; R. M. Peter, Springer New York: 27-49."
CARBIBUP_SGLUthv,0.5941753615578937,0,2.316883683575352,0.5898024181483604,release of S-carboxy ibuprofen glucuronide into hepatic vein,Drug metabolism,NA,NA,"PMID: 9515184, Graham, G. ; K. Williams (2004). Metabolism ; Pharmacokinetics of Ibuprofen. Aspirin ; Related Drugs, CRC Press."
CARIBUP_SGLUhep,0.5941753615578937,0,2.316883683575352,0.5898024181483604,glucuronidation of S-carboxy ibuprofen,Drug metabolism,(54659.1 or 54600.1 or 7364.1),NA,PMID: 9515184.
CRVSM23hr,0.74340930369538,0,2.125893867020392,0.3128838342506597,beta-glucuronidase of cerivastatin-M23-glucuronide to M23 form,Drug metabolism,2990.1,NA,"PMID: 9172950, PMID: 11950779, PMID: 15801541"
CSAtd,0.34572279333205297,0,10.3286646654604,5.021695329388604,uptake of cyclosporine by the enterocytes,Drug metabolism,NA,NA,PMID: 1540489
CVM23GLUChc,0.74340930369538,0,2.125893867020392,0.3128838342506597,glucuronidation of cerivastatin-M23,Drug metabolism,(54658.1 or 54659.1),NA,"PMID: 9172950, PMID: 11950779, PMID: 15801541"
EX_14hmdz[e],0.9051714160368082,0,36.512243397852224,1.8173715549125335,"exchange reaction for 1,4-Dihydroxy-midazolam in hepatic vein",Exchange/demand reaction,NA,NA,NA
EX_1ohmdz[e],-1.000054046346436,0,-3.584466887878221e-4,13.264777317698716,exchange reaction for 1-OH-midazolam in portal blood,Exchange/demand reaction,NA,NA,NA
EX_2hatvacid[e],0.5729819031006153,0,62.69184335063249,17.0189825998202,exchange reaction for 2-hydroxy-atorvastatin-acid in portal blood,Exchange/demand reaction,NA,NA,NA
EX_2hatvacidgluc[e],0.3325779990676613,0,0.338886056517958,0.16973116026794086,exchange reaction for 2-hydroxy-atorvastatin-acyl-glucuronide in bile,Exchange/demand reaction,NA,NA,NA
EX_2hatvlac[e],-0.5729819031006153,0,-62.69184335063249,-17.0189825998202,exchange reaction for 2-hydroxy-atorvastatin-lactone in portal blood,Exchange/demand reaction,NA,NA,NA
EX_2hatvlacgluc[e],-0.8987223522349291,0,0.23608252693434334,4.42600298046158,exchange reaction for 2-hydroxy-atorvastatin-lactone-glucuronide in bile,Exchange/demand reaction,NA,NA,NA
EX_2hibup_R[e],0.8274631955696106,0,38.91367455877513,3.6739678661065844,exchange reaction for R-2-hydroxy-ibuprofen in hepatic vein,Exchange/demand reaction,NA,NA,NA
EX_35dhpvs[e],0.5630139854447428,0,7.299356740710919,2.04074745372973,exchange reaction for 3-alpha-5-beta-dihydroxy pravastatin in portal blood,Exchange/demand reaction,NA,NA,NA
EX_35dsmv[e],0.35048218774545326,0,0.6710861348645867,0.32276056811921733,"exchange reaction for 3,5-dihydrodiol-simvastatin-lactone form in bile",Exchange/demand reaction,NA,NA,NA
EX_3hibup_S[e],-0.5941753615578937,0,-2.316883683575352,-0.5898024181483604,exchange reaction for S-3-hydroxy-ibuprofen in hepatic vein,Exchange/demand reaction,NA,NA,NA
EX_3hlvstacid[e],-0.3765707738188234,4.2637425400893857e-13,0.41499216106365366,0.9163286806161414,exchange reaction for 3-hydroxy-lovastatin acid form in bile,Exchange/demand reaction,NA,NA,NA
EX_3hpvs[e],-0.8072638290562297,0,-8.465973586147557,-0.9028561884942217,exchange reaction for 3-hydroxy pravastatin in portal blood,Exchange/demand reaction,NA,NA,NA
EX_3hpvstet[e],0.5137444453390442,0,8.465973586147557,2.719499116612878,exchange reaction of 3-S-hydroxy-pravastatin-tetranor in hepatic vein,Exchange/demand reaction,NA,NA,NA
EX_3ispvs[e],1,0,NA,-5.696453393339878,exchange reaction for 3-alpha-iso-pravastatin in portal blood,Exchange/demand reaction,NA,NA,NA
EX_4hmdgluc[e],0.6205096376480899,0,3.786169608612433,0.886643833098968,exchange reaction for 4-OH-midazolam-glucuronide in hepatic vein,Exchange/demand reaction,NA,NA,NA
EX_4ohmdz[e],-0.9195421584127649,0,-37.8724662741319,-1.5874290015706845,exchange reaction for 4-OH-midazolam in hepatic vein,Exchange/demand reaction,NA,NA,NA
EX_56dhpvs[e],0.3360673163144114,0,0.8616993955869677,0.4282047657751944,"exchange reaction of 3-keto-5,6,-dihydroxy-pravastatin in hepatic vein",Exchange/demand reaction,NA,NA,NA
EX_6bhglz[e],0.5966480860413418,0,2.653131891806977,0.670245269387052,exchange reaction for 6-beta-OH-gliclazide in hepatic vein,Exchange/demand reaction,NA,NA,NA
EX_6csmvacid[e],-0.3385087288756951,5.441153425668813e-9,0.3161005290505649,0.6396204089243355,exchange reaction for 6-beta-carboxy-simvastatin-acid form in bile,Exchange/demand reaction,NA,NA,NA
EX_7bhglz[e],0.5316691793844257,0,1.6887729887304972,0.516367666262915,exchange reaction for 7-beta-OH-gliclazide in hepatic vein,Exchange/demand reaction,NA,NA,NA
EX_7hpvs[e],-0.5302419738282456,0,1.5164404648151757,4.939821611953387,exchange reaction of 7-hydroxy-3-alpha-iso-pravastatin in hepatic vein,Exchange/demand reaction,NA,NA,NA
EX_acmp[e],0.4769102247509243,0,-0.9832943034729454,-2.7762680125931163,exchange reaction for acetaminophen in small intestinal lumen,Exchange/demand reaction,NA,NA,NA
EX_allop[e],-0.8025515192177312,0,-9.176664760458554,-1.0051965207557894,exchange reaction for allopurinol in intestinal lumen,Exchange/demand reaction,NA,NA,NA
EX_am19cs[e],0.5088822733178541,0,1.441091290955117,0.46905281563091555,exchange reaction for AM19-cyclosporine in hepatic vein,Exchange/demand reaction,NA,NA,NA
EX_caribupglu_S[e],0.5941753615578937,0,2.316883683575352,0.5898024181483604,exchange reaction for S-carboxy ibuprofen glucuronide in hepatic vein,Exchange/demand reaction,NA,NA,NA
EX_csa[e],-0.34572279333205297,0,-10.3286646654604,-5.021695329388604,exchange reaction for cyclosporine in intestinal lumen,Exchange/demand reaction,NA,NA,NA
EX_glc3meacp[e],-0.7706425031400163,0,0.2805207515218474,2.1656234152249456,exchange reaction for glucuronide-conjugate of 3-methoxy-acetaminophen in hepatic vein,Exchange/demand reaction,NA,NA,NA
EX_glz[e],-0.5135974189087096,0,-5.768308035491221,-1.8536764676934108,exchange reaction for gliclazide in intestinal lumen,Exchange/demand reaction,NA,NA,NA
EX_ibup_R[e],-0.7158033352404088,0,-42.741064469537136,-7.079405734349601,exchange reaction for ibuprofen_R in intestinal lumen,Exchange/demand reaction,NA,NA,NA
EX_lstnm2[e],0.4447420683512262,0,1.0272786200169253,0.39481414314221763,exchange reaction for Losartan-M2 in hepatic vein,Exchange/demand reaction,NA,NA,NA
EX_lstnm5[e],0.33311694968014133,0,1.1133098396267342,0.5569259786093986,exchange reaction for Losartan-M5 in hepatic vein,Exchange/demand reaction,NA,NA,NA
EX_mdz[e],0.6501277942817234,0,-3.1669611459485254,-14.936569767270795,exchange reaction for midazolam in intestinal lumen,Exchange/demand reaction,NA,NA,NA
EX_mhglz[e],0.3627187504156983,0,1.426403148879786,0.6670635307922457,exchange reaction for Methyl-hydroxy-gliclazide in hepatic vein,Exchange/demand reaction,NA,NA,NA
EX_nfdoh[e],1,0,1.2717991997958416,NA,exchange reaction of hydroxy metabolite of nifedipine in portal vein,Exchange/demand reaction,NA,NA,NA
EX_oxyp[e],0.8025515192177312,0,9.176664760458554,1.0051965207557894,exchange reaction for oxypurinol in portal blood,Exchange/demand reaction,NA,NA,NA
EX_profvs[e],0.3376700312075605,0,3.3647332509354366,1.6660040346984155,exchnage reaction for des-isoproylpropionic-acid-fluvastatin in hepatic vein,Exchange/demand reaction,NA,NA,NA
EX_smv[e],0.5291129825343518,0,-13.287909299594164,-43.14987219249606,exchange reaction for simvastatin in intestinal lumen,Exchange/demand reaction,NA,NA,NA
EX_smvacid[e],-0.5741542973470606,0,11.112309968287452,41.077062375074625,exchange reaction for simvastatin dihydroxy acid form in hepatic vein,Exchange/demand reaction,NA,NA,NA
EX_tmd[e],-0.8897700151270924,0,-13.35803051297789,-0.7791717984679555,exchange reaction for torasemide in intestinal lumen,Exchange/demand reaction,NA,NA,NA
EX_tmdm5[e],0.8897700151270924,0,13.35803051297789,0.7791717984679555,exchange reaction for Torasemide-M5 in hepatic vein,Exchange/demand reaction,NA,NA,NA
GLC3MEACPhr,-0.7706425031400163,0,0.2805207515218474,2.1656234152249456,glucuronidation of 3-methoxy-acetaminophen in hepatocytes,Drug metabolism,(54600.1 or 54578.1 or 54658.1),NA,"PMID: 1026559, PMID: 11215692, Graham, G. ; M. Hicks (2004). Pharmacokinetics ; Metabolism of Paracetamol (Acetaminophen). Aspirin ; Related Drugs, CRC Press."
GLC3MEACPtev,-0.7706425031400163,0,0.2805207515218474,2.1656234152249456,efflux of glucuronide-conjugate of 3-methoxy-acetaminophen into hepatic vein,Drug metabolism,NA,NA,"PMID: 1026559, PMID: 11215692, Graham, G. ; M. Hicks (2004). Pharmacokinetics ; Metabolism of Paracetamol (Acetaminophen). Aspirin ; Related Drugs, CRC Press."
GLZtd,0.5135974189087096,0,5.768308035491221,1.8536764676934108,uptake of gliclazide into enterocytes,Drug metabolism,NA,NA,"PMID: 18844675, PMID: 1794262"
IBUP_RASCL1hep,0.5463910437343722,0,0.736400283658877,0.21601118644450326,thioesterification of ibuprofen_R in hepatocytes,Drug metabolism,2180.1,NA,"PMID: 10725307, PMID: 1859831, PMID: 8381432, PMID: 18988084, Graham, G. G., Williams, K. M. (2004). Aspirin ; Related Drugs, CRC Press 2004."
IBUP_RCYP2hep,0.8274631955696106,0,38.91367455877513,3.6739678661065844,oxidation of R-ibuprofen to 2-hydroxy-ibuprofen in heaptocytes,Drug metabolism,(1559.1 or 1558.1 or 1576.1 or 1557.1),NA,"PMID: 9296349, PMID: 18787056."
IBUP_Rshep,0.5463910437343722,0,0.736400283658877,0.21601118644450326,chiral conversion of R to S form of iburpofen in hepatocytes,Drug metabolism,23600.1,NA,"PMID: 8381432, Davies, N. M. (2004). Chirality in Drug Design ; Development, CRC Press 2004., PMID: 19949916"
IBUP_Rtdhep,0.7158033352404088,0,42.741064469537136,7.079405734349601,uptake of ibuprofen-R into hepatocytes,Drug metabolism,NA,NA,"PMID: 9918568, PMID: 21389119, PMID: 10462545, PMID: 18309312, PMID: 12883891."
IBUP_SACOT2,0.5463910437343722,0,0.736400283658877,0.21601118644450326,hydrolysis of ibuprofen-CoA in hepatocytes,Drug metabolism,(10965.1 or 122970.1 or 10005.1 or 26027.1),NA,"OMIM:609972, OMIM:614314, PMID: 9299485, OMIM:606803,"
IBUP_SCYPCARhep,0.5941753615578937,0,2.316883683575352,0.5898024181483604,oxidation of S-3-hydroxy ibuprofen to S-carboxy ibuprofen,Drug metabolism,1559.1,NA,"PMID: 9515184, PMID: 12296989, PMID: 9296349."
IBUP_Stdhep,-1,0,NA,1.2915514033435145,uptake of ibuprofen-S into hepatocytes,Drug metabolism,NA,NA,"PMID: 9918568, PMID: 21389119, PMID: 10462545, PMID: 18309312, PMID: 12883891."
LSTNM2hr,0.4447420683512262,0,1.0272786200169253,0.39481414314221763,oxidation of losartan to Losartan-M2 in hepatocytes,Drug metabolism,(1559.1 or 1576.1),NA,"PMID: 16029066, PMID: 1352222, PMID: 18378273"
LSTNM2tev,0.4447420683512262,0,1.0272786200169253,0.39481414314221763,efflux of Losartan-M2 into hepatic vein,Drug metabolism,NA,NA,"PMID: 9918907, PMID: 16029066, PMID: 9518174, PMID: 1352222."
LSTNM5hr,0.33311694968014133,0,1.1133098396267342,0.5569259786093986,oxidation of losartan to Losartan-M5 in hepatocytes,Drug metabolism,(1559.1 or 1576.1),NA,"PMID: 16029066, PMID: 1352222, PMID: 18378273"
LSTNM5tev,0.33311694968014133,0,1.1133098396267342,0.5569259786093986,efflux of Losartan-M5 into hepatic vein,Drug metabolism,NA,NA,"PMID: 9918907, PMID: 16029066, PMID: 9518174, PMID: 1352222."
LVSTACOXD6Hhep,0.46873788687288515,0,0.820607689546165,0.29682476301122734,hydroxylation of lovastatin-hydroxyacid form to 6-beta-hydroxy-lovastatin-acid form,Drug metabolism,(1576.1 or 1577.1 or 1558.1),NA,"PMID: 15998357,"
LVSTOXD3Hhep,-0.3765707738188234,4.2637425400893857e-13,0.41499216106365366,0.9163286806161414,oxidation of lovastatin to 3-hydroxy-lovastatin in hepatocytes,Drug metabolism,(1576.1 or 1577.1 or 1558.1),NA,"PMID: 1929403, PMID: 15998357,PMID: 11029845."
MDZtd,-0.6501277942817234,0,3.1669611459485254,14.936569767270795,uptake of midazolam by enterocytes,Drug metabolism,NA,NA,PMID: 17498391
MERACMPtep,0.3768045274618314,0,0.13102707691192045,0.0593079696374567,efflux of acetaminophen-mercapturate-conjugate from enterocytes into portal blood,Drug metabolism,8714.1,NA,"Russel, F. G. M. (2010). Transporters: Importance in Drug Absorption, Distribution, ; Removal. Enzyme- ; Transporter-Based Drug-Drug Interactions. K. S. Pang, A. D. Rodrigues ; R. M. Peter, Springer New York: 27-49."
MERACMPthc,0.3768045274618314,0,0.13102707691192045,0.0593079696374567,uptake of acetaminophen-mercapturate-conjugate by the hepatocytes,Drug metabolism,8714.1,NA,"Russel, F. G. M. (2010). Transporters: Importance in Drug Absorption, Distribution, ; Removal. Enzyme- ; Transporter-Based Drug-Drug Interactions. K. S. Pang, A. D. Rodrigues ; R. M. Peter, Springer New York: 27-49."
MHGLZhr,0.3627187504156983,0,1.426403148879786,0.6670635307922457,oxidation of gliclazide to methyl-hydroxy-gliclazide in hepatocytes,Drug metabolism,(1559.1 or 1562.1 or 1557.1),NA,"PMID: 18204476, PMID: 1794262, PMID: 17517049, PMID: 8825191, PMID: 3984386"
MHGLZtev,0.3627187504156983,0,1.426403148879786,0.6670635307922457,excretion of Methyl-hydroxy-gliclazide into hepatic vein,Drug metabolism,NA,NA,PMID: 8825191.
NFDOHtep,1,0,1.2717991997958416,NA,exit of hydroxy metabolite of nifedipine into portal vein,Drug metabolism,NA,NA,PMID: 3203042
OXYPthc,-0.6225393935140674,0,-9.176664760458554,-2.1348199370980265,uptake of oxypurinol by hepatocytes,Drug metabolism,10864.1,NA,PMID: 17655371
PROFVSCOAhc,0.3376700312075605,0,3.3647332509354366,1.6660040346984155,beta oxidation (4 cycles) & CYP oxidation of fluvastatin-CoA to des-isoproylpropionic-acid-fluvastatin-CoA in hepatocytes,Drug metabolism,(51.1 or 1962.1 or 3295.1 or 30.1 or 1559.1),NA,"PMID: 9804052, PMID: 8104114"
PROFVShc,0.3376700312075605,0,3.3647332509354366,1.6660040346984155,thioesterase/ hydrolase for release of des-isoproylpropionic-acid-fluvastatin in hepatocytes,Drug metabolism,NA,NA,"PMID: 9804052, PMID: 8104114"
PROFVStev,0.3376700312075605,0,3.3647332509354366,1.6660040346984155,exit of des-isoproylpropionic-acid-fluvastatin into hepatic vein,Drug metabolism,NA,NA,"PMID: 8104114, PMID: 11368292"
PTVSTtep,-0.6898247078155744,0,-6.432031101185084,-1.1806296339035034,efflux of pitavastatin from enterocytes into portal blood,Drug metabolism,NA,NA,"PMID: 17721009, PMID: 17657716, PMID: 17086094"
PTVSTtu,-1.0010221230573562,0.002891324578400741,-5.159216391997784,0.002635330200195313,uptake of pitavastatin by enterocytes,Drug metabolism,(6579.1 or 11309.1),NA,"Russel, F. G. M. (2010). Transporters: Importance in Drug Absorption, Distribution, ; Removal, Enzyme- ; Transporter-Based Drug-Drug Interactions. K. S. Pang, A. D. Rodrigues ; R. M. Peter, Springer New York: 27-49."
RSVtev,-0.8358383773244119,0,-6.01457550317049,-0.5378264701843262,exit of rosuvastatin into hepatic vein,Drug metabolism,NA,NA,"PMID: 11256847, PMID: 14693307"
RSVtu,-1.0003538256357325,0.004549800435673984,-5.421964836418629,9.5904541015625e-4,uptake of rosuvastatin by enterocytes,Drug metabolism,(6579.1 or 11309.1),NA,"Russel, F. G. M. (2010). Transporters: Importance in Drug Absorption, Distribution, ; Removal, Enzyme- ; Transporter-Based Drug-Drug Interactions. K. S. Pang, A. D. Rodrigues ; R. M. Peter, Springer New York: 27-49."
SMVACIDtev,-0.5741542973470606,0,11.112309968287452,41.077062375074625,efflux of simvastatin dihydroxy acid form into hepatic vein,Drug metabolism,NA,NA,PMID: 1971563.
SMVHYDROhep,-0.5741542973470606,0,11.112309968287452,41.077062375074625,conversion of simvastatin pro-drug to active form,Drug metabolism,5446.1,NA,"PMID: 1976071, PMID: 9321523, PMID: 1971563, PMID: 11950779"
SMVthep,-1.3027452716107573,0,-5.672976485040784,43.14987219249606,uptake of simvastatin by hepatocytes,Drug metabolism,10599.1,NA,"PMID: 21245207, PMID: 19785645, PMID: 21942630, Russel, F. G. M. (2010). Transporters: Importance in Drug Absorption, Distribution, ; Removal, Enzyme- ; Transporter-Based Drug-Drug Interactions. K. S. Pang, A. D. Rodrigues ; R. M. Peter, Springer New York: 27-49, PMID: 21436344."
TMDM1hr,0.8897700151270924,0,13.35803051297789,0.7791717984679555,tolyl methylhydroxylation of torasemide in hepatocytes,Drug metabolism,1559.1,NA,"PMID: 7891318, PMID: 9474471, PMID: 15592327, PMID: 16969365, PMID: 19442083"
TMDM5OATt,0.8897700151270924,0,13.35803051297789,0.7791717984679555,efflux of Torasemide-M5 into hepatic vein,Drug metabolism,NA,NA,"PMID: 9474471, Russel, F. G. M. (2010). Transporters: Importance in Drug Absorption, Distribution, ; Removal, Enzyme- ; Transporter-Based Drug-Drug Interactions. K. S. Pang, A. D. Rodrigues ; R. M. Peter, Springer New York: 27-49, PMID: 16934049, PMID: 10919840."
TMDM5hr,0.8897700151270924,0,13.35803051297789,0.7791717984679555,oxidation of torasemide-M1 to M5 in hepatocytes,Drug metabolism,1559.1,NA,"PMID: 7891318, PMID: 9474471, PMID: 15592327, PMID: 16969365, PMID: 19442083"
TMDOATthc,0.8897700151270924,0,13.35803051297789,0.7791717984679555,uptake of torasemide into hepatocytes via OAT1,Drug metabolism,9356.1,NA,"PMID: 15039295, PMID: 16934049, PMID: 15592327, PMID: 10919840"
TRIPVShc,0.3360673163144114,0,0.8616993955869677,0.4282047657751944,formation of triol metabolite of pravastatin in hepatocytes,Drug metabolism,1576.1,NA,"PMID: 9929499, PMID: 1680649, PMID: 9804052, PMID: 11192474"
14HMDZitr,0.9051714160368082,0,36.512243397852224,1.8173715549125335,14HMDZitr,Drug metabolism,NA,NA,NA
2HATVACIDGLUCitr,0.3325779990676613,0,0.338886056517958,0.16973116026794086,2HATVACIDGLUCitr,Drug metabolism,NA,NA,NA
2HATVLACGLUCitr,-0.8987223522349291,0,0.23608252693434334,4.42600298046158,2HATVLACGLUCitr,Drug metabolism,NA,NA,NA
2HIBUP_Ritr,0.8274631955696106,0,38.91367455877513,3.6739678661065844,2HIBUP_Ritr,Drug metabolism,NA,NA,NA
35DHPVSitr,0.5630139854447428,0,7.299356740710919,2.04074745372973,35DHPVSitr,Drug metabolism,NA,NA,NA
35DSMVitr,0.35048218774545326,0,0.6710861348645867,0.32276056811921733,35DSMVitr,Drug metabolism,NA,NA,NA
3HLVSTitr,-0.3765707738188234,4.2637425400893857e-13,0.41499216106365366,0.9163286806161414,3HLVSTitr,Drug metabolism,NA,NA,NA
3HPVSCOAitm,-0.5335621221211932,0,-8.03304455301603,-2.443276473881633,3HPVSCOAitm,Drug metabolism,NA,NA,NA
3HPVSTETCOAitm,0.5335621221211932,0,8.03304455301603,2.443276473881633,3HPVSTETCOAitm,Drug metabolism,NA,NA,NA
3ISPVSitr,0.34836312041368767,0,-2.752981787880603,-5.6964533933458386,3ISPVSitr,Drug metabolism,NA,NA,NA
3MEACMPitr,-0.7706425031400163,0,0.2805207515218474,2.1656234152249456,3MEACMPitr,Drug metabolism,NA,NA,NA
3OHACMPitr,0.7706425031400163,0,-0.2805207515218474,-2.1656234152249456,3OHACMPitr,Drug metabolism,NA,NA,NA
4HMDGLUCitr,0.6205096376480899,0,3.786169608612433,0.886643833098968,4HMDGLUCitr,Drug metabolism,NA,NA,NA
4OHMDZitr,-0.9195421584127649,0,-37.8724662741319,-1.5874290015706845,4OHMDZitr,Drug metabolism,NA,NA,NA
56DHPVSitr,0.3360673163144114,0,0.8616993955869677,0.4282047657751944,56DHPVSitr,Drug metabolism,NA,NA,NA
6CSMVitr,0.3385087288756951,5.441153425668813e-9,-0.3161005290505649,-0.6396204089243355,6CSMVitr,Drug metabolism,NA,NA,NA
6HLVSTACIDitr,0.46873788687288515,0,0.820607689546165,0.29682476301122734,6HLVSTACIDitr,Drug metabolism,NA,NA,NA
7HPVSitr,-0.5302419738282456,0,1.5164404648151757,4.939821611953387,7HPVSitr,Drug metabolism,NA,NA,NA
ACMPitr,-0.5055958326813287,0,0.8178330132751842,2.4905250764657745,ACMPitr,Drug metabolism,NA,NA,NA
AM19CSitr,0.5088822733178541,0,1.441091290955117,0.46905281563091555,AM19CSitr,Drug metabolism,NA,NA,NA
CARIBUP_Sitr,0.5941753615578937,0,2.316883683575352,0.5898024181483604,CARIBUP_Sitr,Drug metabolism,NA,NA,NA
CARIBUPGLU_Sitr,-0.5941753615578937,0,-2.316883683575352,-0.5898024181483604,CARIBUPGLU_Sitr,Drug metabolism,NA,NA,NA
CSAitr,0.34572279333205297,0,10.3286646654604,5.021695329388604,CSAitr,Drug metabolism,NA,NA,NA
FVSCOAitx,0.3376700312075605,0,3.3647332509354366,1.6660040346984155,FVSCOAitx,Drug metabolism,NA,NA,NA
GLC3MEACPitr,0.7706425031400163,0,-0.2805207515218474,-2.1656234152249456,GLC3MEACPitr,Drug metabolism,NA,NA,NA
GLZitr,0.5135974189087096,0,5.768308035491221,1.8536764676934108,GLZitr,Drug metabolism,NA,NA,NA
IBUP_Ritr,0.7191050874833983,0,42.00466422436237,6.863394546673074,IBUP_Ritr,Drug metabolism,NA,NA,NA
LSTNM2itr,-0.4447420683467566,0,-1.0272786200162047,-0.3948141431463402,LSTNM2itr,Drug metabolism,NA,NA,NA
LSTNM5itr,-0.33311694968074157,0,-1.1133098396276904,-0.556925978609125,LSTNM5itr,Drug metabolism,NA,NA,NA
MDZitr,-0.6501277942817234,0,3.1669611459485254,14.936569767270795,MDZitr,Drug metabolism,NA,NA,NA
PROFVSCOAitx,0.3376700312075605,0,3.3647332509354366,1.6660040346984155,PROFVSCOAitx,Drug metabolism,NA,NA,NA
TMDitr,0.8897700151270924,0,13.35803051297789,0.7791717984679555,TMDitr,Drug metabolism,NA,NA,NA
TMDM5itr,-0.8897700151270924,0,-13.35803051297789,-0.7791717984679555,TMDM5itr,Drug metabolism,NA,NA,NA
3HPVSCOAhc,0.5137444453390442,0,8.465973586147557,2.719499116612878,3HPVSCOAhc,Drug metabolism,NA,NA,NA
3HPVSTEThc,0.5137444453390442,0,8.465973586147557,2.719499116612878,3HPVSTEThc,Drug metabolism,NA,NA,NA
FVSCOAhc,0.3376700312075605,0,3.3647332509354366,1.6660040346984155,FVSCOAhc,Drug metabolism,NA,NA,NA
1OHMDZitr,-1.000054046346436,0,-3.584466887878221e-4,13.264777317698716,1OHMDZitr,Drug metabolism,NA,NA,NA
ATVACIDitr,0.4515158037688161,0,3.4359172508703546,1.2983298609407619,ATVACIDitr,Drug metabolism,NA,NA,NA
ATVLACitr,-1.46410509237658,0,-0.900681178117867,4.782048536125843,ATVLACitr,Drug metabolism,NA,NA,NA
6BHGLZitr,0.5966480860413418,0,2.653131891806977,0.670245269387052,6BHGLZitr,Drug metabolism,NA,NA,NA
7BHGLZitr,0.5316691793844257,0,1.6887729887304972,0.516367666262915,7BHGLZitr,Drug metabolism,NA,NA,NA
MHGLZitr,0.3627187504156983,0,1.426403148879786,0.6670635307922457,MHGLZitr,Drug metabolism,NA,NA,NA
EX_caproic[e],-0.36463540276909495,0,-0.49291642263974644,-0.22949840206658728,EX_caproic[e],Exchange/demand reaction,NA,NA,NA
EX_M00234[e],-0.799077352866706,0,-118.04413000773788,-13.183279219155759,EX_M00234[e],Exchange/demand reaction,NA,NA,NA
EX_M01807[e],0.799077352866706,0,118.04413000773788,13.183279219155759,EX_M01807[e],Exchange/demand reaction,NA,NA,NA
EX_M00503[e],0.799077352866706,0,118.04413000773788,13.183279219155759,EX_M00503[e],Exchange/demand reaction,NA,NA,NA
EX_M00008[e],-0.3721502410088319,0,-0.8111672371259542,-0.37116282103089615,EX_M00008[e],Exchange/demand reaction,NA,NA,NA
EX_M00315[e],-40.91361270906804,0,-0.0359721956907837,0.034255703440856454,EX_M00315[e],Exchange/demand reaction,NA,NA,NA
EX_M02053[e],-0.4748777413685093,0,-0.8037099113052988,-0.2861565756071046,EX_M02053[e],Exchange/demand reaction,NA,NA,NA
EX_M02613[e],-0.649221573930696,0,-2.510299198284902,-0.5339238921297403,EX_M02613[e],Exchange/demand reaction,NA,NA,NA
EX_M02108[e],-0.3954906727958247,0,-0.405816689344734,-0.1757947785867458,EX_M02108[e],Exchange/demand reaction,NA,NA,NA
EX_M03117[e],-0.6445235174838694,0,-0.7800254128733398,-0.16860852830225775,EX_M03117[e],Exchange/demand reaction,NA,NA,NA
EX_M01111[e],0.5924251364241412,0,541.9045484786988,138.69830823777914,EX_M01111[e],Exchange/demand reaction,NA,NA,NA
EX_M01872[e],0.341776906028421,0,0.0733822498462835,0.03599845199257964,EX_M01872[e],Exchange/demand reaction,NA,NA,NA
EX_M01870[e],0.7815422539144371,0,1.0652865997009606,0.1306284535180057,EX_M01870[e],Exchange/demand reaction,NA,NA,NA
EX_hnifedipine[e],0.5633903385979016,0,11.070175012356534,3.0915793992571663,EX_hnifedipine[e],Exchange/demand reaction,NA,NA,NA
EX_itacon[e],0.5556005587593631,0,-0.7780868783808377,-2.72365865131038,EX_itacon[e],Exchange/demand reaction,NA,NA,NA
EX_M01881[e],0.9866703213514824,0,11.181901487430185,0.07502561039187901,EX_M01881[e],Exchange/demand reaction,NA,NA,NA
EX_M03131[e],0.8701626501482131,0,1.1215440108977757,0.07786397728859047,EX_M03131[e],Exchange/demand reaction,NA,NA,NA
EX_n5m2masn[e],-0.7815422539144371,0,-1.0652865997009606,-0.1306284535180057,EX_n5m2masn[e],Exchange/demand reaction,NA,NA,NA
EX_dolichol_L[e],0.3348545674566989,0,0.00500225751738171,0.0024925777093689036,EX_dolichol_L[e],Exchange/demand reaction,NA,NA,NA
sink_his_L[c],1,0,NA,-266.2430715023041,Sink_his_L[c],Exchange/demand reaction,NA,NA,NA
sink_leu_L[c],-1,0,-843.1255301958084,NA,Sink_leu_L[c],Exchange/demand reaction,NA,NA,NA
sink_4abut[l],-0.5193064484497504,0,-323.02711246083976,-102.20258730176687,sink_4abut[l],Exchange/demand reaction,NA,NA,NA
DM_4abut[c],-0.4203868222014796,0,367.0145214269638,899.3974080635071,DM_4abut[c],Exchange/demand reaction,NA,NA,NA
DM_kynate[c],-1,0,NA,2.3143213985002706,DM_kynate[c],Exchange/demand reaction,NA,NA,NA
DCMPtm,-0.9456841493009199,0,11.37534737354552,407.48387059459685,DCMPtm,"Transport, mitochondrial",NA,NA,NA
2HCO3_NAt,1.8534020384588699,0,110.57153902707398,-33.0699899731636,Bicarbonate Transport (Na/Hco3 1:2 Symport),"Transport, extracellular",57835.3 or 8671.1 or 57835.2 or 57835.1 or 57835.4,NA,PMID:14722772
3MOBt2im,-0.44757955998432136,0,100.68635780850649,263.84163759169576,3-Methyl-2-Oxobutanoate Mitochondrial Transport via Proton Symport,"Transport, mitochondrial",NA,NA,PMID:8428987
4MOPt2im,1,0,135.66676246021987,NA,4-Methyl-2-Oxopentanoate Mitochondrial Transport via Proton Symport,"Transport, mitochondrial",NA,NA,PMID:8428987
5ADTSTSTERONEte,-1,0,-62.45878930882514,NA,5 Alpha Dihydrotesterone Transport,"Transport, extracellular",NA,NA,NA
ABTD,1,0,588.8934602002143,NA,L-Arabinitol 4-Dehydrogenase,Pentose phosphate pathway,NA,NA,"PMID:12359133,PMID:13922173,PMID:15234337"
ADPRIBt,1,0,2.355305468763476,NA,ADPribose Transport,"Transport, extracellular",952.1,NA,PMID:8394137
AMPtp,-1,0,-3.7060875318840147,NA,"AMP Transporter, Peroxisome","Transport, peroxisomal",NA,NA,NA
ANDRSTRNte,1,0,318.27685950018986,NA,Androsterone Transport,"Transport, extracellular",NA,NA,NA
ASCBOX,1,0,5.316670381009556,NA,Ascorbic Acid Oxidase,Vitamin C metabolism,NA,NA,NA
ATPtx,1,0,3.7060875318840147,NA,"ATP Transporter, Peroxisomal","Transport, peroxisomal",NA,NA,NA
C161CRNt,2.880624203726733,0,11.022567582580445,-22.74481125118538,C161 Transport into the Mitochondria,Fatty acid oxidation,788.1,NA,NA
CK,0.5500132200706184,0,9.072723428394951,2.633916632367368,ATP Creatine Kinase,Urea cycle,1159.1 or 1160.1 or 548596.1,NA,"PMID:1917943,PMID:2914937"
CLPNDCRNt,0.7872911778855489,0,492.88948212900164,58.659687057983874,Transport into the Mitochondria (Carnitine),Fatty acid oxidation,788.1,NA,NA
CO2tm,-1,0,-493.91414561634065,NA,"CO2 Transport (Diffusion), Mitochondrial","Transport, mitochondrial",NA,NA,PMID:3081508
CREATtmdiffir,0.5500132200706184,0,9.072723428394951,2.633916632367368,Creatine Transport To/from Mitochondria via Diffusion,Urea cycle,NA,NA,"PMID:14977199,PMID:3896131"
CRNtx,0.45545832898894195,0,2.9393974568416366,1.0997390794596635,Carnitine Transport Peroxisome to Mitochondria,"Transport, peroxisomal",NA,NA,"PMID:12814641,PMID:15464416"
CRVNCtr,-1,0,-0.2747714824676514,NA,Fatty Acid Transport via Diffusion,"Transport, extracellular",NA,NA,"PMID:11788354,PMID:12864740"
DCSPTN1CRNt,0.9691240835951399,0,195.66749360875488,3.068071345093846,Transport into the Mitochondria (Carnitine),Fatty acid oxidation,788.1,NA,NA
DHPR2,1,0,30.844465565666184,NA,"6, 7-Dihydropteridine Reduction",Tetrahydrobiopterin metabolism,NA,NA,PMID:3735413
DNDPt20m,1,0,0.5615302617531092,NA,Transport of dTDP via ATP Antiport,"Transport, mitochondrial",60386.1,NA,PMID:11226231
DNDPt38m,0.6136715218596813,0,12.92854018533146,3.095216831129881,Transport of dUTP via dUDP Antiport,"Transport, mitochondrial",60386.1,NA,PMID:11226231
DTTPtn,1,0,22.480623792748155,NA,"Transport of dTTP, Nuclear","Transport, nuclear",NA,NA,NA
ELAIDCRNt,0.6004957189102352,0,181.58667342549862,45.32636517874023,"Transport of (9E)-Octadecenoylcarnitine, Mitochondrial",Fatty acid oxidation,788.1,NA,NA
EX_5adtststerone[e],1,0,62.45878930882514,NA,Exchange of 5Alpha-Dihydrotestosterone,Exchange/demand reaction,NA,NA,NA
EX_ach[e],0.5315439014985041,0,-168.18085124545954,-549.8409731408119,Exchange of Acetylcholine,Exchange/demand reaction,NA,NA,NA
EX_adprbp[e],1,0,217.28378302264213,NA,Exchange of ADPribose 2'-Phosphate,Exchange/demand reaction,NA,NA,NA
EX_andrstrn[e],-1,0,-318.27685950018986,NA,Exchange of Androsterone,Exchange/demand reaction,NA,NA,NA
EX_ascb_L[e],1,0,533.1345561740875,NA,Exchange of L-Ascorbate,Exchange/demand reaction,NA,NA,NA
EX_cmp[e],-1,0,-733.0265125902176,NA,Exchange of CMP,Exchange/demand reaction,NA,NA,NA
EX_cspg_e[e],-1,0,-4.020693897684756,NA,"Exchange of Chondroitin Sulfate E (Galnac4, 6Dis-Glca) Proteoglycan",Exchange/demand reaction,NA,NA,NA
EX_dag_hs[e],-1,0,-143.96936945645808,NA,Exchange of Diglyceride,Exchange/demand reaction,NA,NA,NA
EX_dhdascb[e],-1,0,-533.1345561740875,NA,Exchange of Dehydroascorbide,Exchange/demand reaction,NA,NA,NA
EX_gbside_hs[e],-1,0,-18.52141693700049,NA,Exchange of Globoside (Homo Sapiens),Exchange/demand reaction,NA,NA,NA
EX_gsn[e],1,0,443.8282760600567,NA,Exchange of Guanosine,Exchange/demand reaction,NA,NA,NA
EX_hdcea[e],1,0,65.73105482645929,NA,Exchange of Hexadecenoate (N-C16:1),Exchange/demand reaction,NA,NA,NA
EX_leuktrA4[e],1,0,597.724959927845,NA,Exchange of Leukotriene A4,Exchange/demand reaction,NA,NA,NA
EX_leuktrC4[e],1,0,816.9526180358887,NA,Exchange of Leukotriene C4,Exchange/demand reaction,NA,NA,NA
EX_leuktrF4[e],-1,0,-764.6169921938776,NA,Exchange of Leukotriene F4,Exchange/demand reaction,NA,NA,NA
EX_lnlnca[e],1,0,8.00791083624995,NA,Exchange of Alpha-Linolenic Acid,Exchange/demand reaction,NA,NA,NA
EX_nad[e],-1,0,-2.355305468763476,NA,Exchange of Nicotinamide Adenine Dinucleotide,Exchange/demand reaction,NA,NA,NA
EX_nadp[e],-1,0,-217.28378302264213,NA,Exchange of Nicotinamide Adenine Dinucleotide Phosphate,Exchange/demand reaction,NA,NA,NA
EX_ncam[e],1,0,119.95173125378787,NA,Exchange of Nicotinamide,Exchange/demand reaction,NA,NA,NA
EX_ocdcea[e],1,0,22.986408919169335,NA,Exchange of Octadecenoate (N-C18:1),Exchange/demand reaction,NA,NA,NA
EX_retn[e],0.42330931163227803,0,-3.7282325069829554,-9.201515041171245,Exchange of Retinoate,Exchange/demand reaction,NA,NA,NA
EX_tchola[e],-1,0,-6.242769334036205,NA,Exchange of Taurocholic Acid,Exchange/demand reaction,NA,NA,NA
EX_triodthy[e],-0.652523011631822,0,-189.2545912980199,-39.79467454080926,Exchange of Triiodothyronine,Exchange/demand reaction,NA,NA,NA
FUMTSULtm,-1,0,-31.717054710002245,NA,"Fumarate:Thiosulfate Antiport, Mitochondrial","Transport, mitochondrial",1468.1,NA,"PMID:14598172,PMID:4441366"
GBSIDEte,-1,0,-18.52141693700049,NA,Globoside Transport,"Transport, extracellular",NA,NA,NA
GLYKm,-0.3769951971385518,0,2.1587049178034676,4.771273496130359,Glycerol Kinase,Glycerophospholipid metabolism,2710.2 or 2712.1 or 2710.1 or 2713.1,NA,PMID:7987308
H2Oter,-1,0,-324.4541289532758,NA,H2O Endoplasmic Reticulum Transport,"Transport, endoplasmic reticular",NA,NA,NA
LNELDCCRNt,0.8942976203787575,0,38.38525005246708,2.1419085518836978,Transport into the Mitochondria (Carnitine),Fatty acid oxidation,788.1,NA,NA
MGSA2,1,0,8.63366744343562,NA,Methyglyoxylate Synthase 2 (from G3P),Pyruvate metabolism,NA,NA,"PMID:1537826,PMID:16037240,PMID:8853285"
NACASPAH,-0.381943000918432,0,9.512076631627819,21.26850394835996,N-Acetyl-L-Aspartate Amidohydrolase,Alanine and aspartate metabolism,443.1 or 91703.1,NA,PMID:8252036
NADNe,1,0,2.355305468763476,NA,"NAD Nucleosidase, Extracellular",NAD metabolism,952.1,NA,PMID:8394137
NADPNe,1,0,217.28378302264213,NA,"Transport of NADP Nucleosidase, Extracellular",NAD metabolism,952.1,NA,PMID:8394137
NCAMUP,1,0,99.68735748952628,NA,Uptake of Nicotinamide Acid,"Transport, extracellular",NA,NA,"PMID:12069599,PMID:1463467"
PAFHe,1,0,0.4298440545712598,NA,Platelet-Activating Factor Acetylhydrolase,Glycerophospholipid metabolism,7941.1,NA,PMID:8675689
PCREATtmdiffir,0.5500132200706184,0,9.072723428394951,2.633916632367368,Phosphocreatine Transport To/from Mitochondria via Diffusion,Urea cycle,NA,NA,"PMID:14977199,PMID:3896131"
PCRNtm,-0.8417741159421795,0,1.502176053466089,17.48556495251432,Transport into the Mitochondria from Cytosol (Carnitine),Fatty acid oxidation,788.1,NA,PMID:7654220
PE_HSter,1,0,19.398405491906406,NA,Phosphatidylethanolamine Scramblase,"Transport, endoplasmic reticular",NA,NA,"PMID:10856717,PMID:15311932"
PPAn,1,0,3.180616867548922,NA,"Inorganic Diphosphatase, Nuclear",Miscellaneous,NA,NA,NA
PRISTtx,-1,0,-437.45601506381036,NA,"Transport of Pristanic Acid, Peroxisomal","Transport, peroxisomal",NA,NA,NA
RADH4,1,0,27.078877603271604,NA,Retinal Dehydrogenase (NADPH),Vitamin A metabolism,NA,NA,PMID:11606944
RETH,1,0,43.44964731909558,NA,Retinyl Ester Hydrolase,Vitamin A metabolism,8228.1,NA,"PMID:1503811,PMID:15955102"
S6T22g,1,0,0.19276031402114482,NA,"Chondroitin 6-Sulfotransferase, Golgi Apparatus",Chondroitin synthesis,56548.1,NA,"PMID:10781596,PMID:10913333,PMID:10956661,PMID:12512856,PMID:9883891"
SPHMYLNtl,-2.186619980505217,0,-0.13884306632689414,0.372857440950487,Sphingomyelin Intracellular Transport,"Transport, lysosomal",NA,NA,PMID:15907394
STRDNCCRNt,0.5310033893610081,0,82.73726861662549,25.345142162566027,Transport into the Mitochondria (Carnitine),Fatty acid oxidation,788.1,NA,NA
TDCHOLAte,-1,0,-44.948453634469345,NA,Bile Acid Intracellular Transport,"Transport, extracellular",NA,NA,NA
THFtm,0.4606191455056447,0,-351.7225658347189,-952.4489222854614,"5, 6, 7, 8-Tetrahydrofolate Transport, Diffusion, Mitochondrial","Transport, mitochondrial",NA,NA,PMID:11375437
TXA2tr,0.9942054285042274,0,-0.6299115249171582,-216.78444788948298,Thromboxane A2 Intracellular Transport,"Transport, endoplasmic reticular",NA,NA,NA
TXASr,-0.9942054285042274,0,0.6299115249171582,216.78444788948298,Thromboxane-A Synthase,Eicosanoid metabolism,6916.1,NA,"PMID:10903770,PMID:2491846,PMID:7811713"
EX_itp[e],-1,0,-94.47791606984734,NA,Exchange of ITP,Exchange/demand reaction,NA,NA,NA
r0002,-1,0,-45.60279657118353,NA,Active Transport,"Transport, endoplasmic reticular",NA,NA,"PMID:10460205,PMID:1296165,PMID:16288981,PMID:17466261,PMID:2199597,PMID:6219439,PMID:6361812,PMID:8353366"
r0179,1,0,263.7159695129633,NA,Succinate-Semialdehyde:NADP+ Oxidoreductase,Glutamate metabolism,NA,NA,"PMID:4066712,PMID:7814412"
r0784,-1,0,-164.27086817429065,NA,Xylitol:NAD Oxidoreductase Pentose And Glucuronate Interconversions,Pentose phosphate pathway,NA,NA,PMID:13373783
r0830,1,0,38.337094081297515,NA,Mitochondrial Carrier (Mc) Tcdb:2.A.29.2.2,"Transport, mitochondrial",1468.1,NA,"PMID:10585886,PMID:14598172,PMID:4424886,PMID:4441366,PMID:5099217,PMID:8329439"
r1044,1,8.23867646459865e-14,6.246053310799598,0,Concentrative Nucleoside Transporter (Cnt) Tcdb:2.A.41.2.3,"Transport, extracellular",9154.1 or 64078.1,NA,"PMID:10772724,PMID:12856181"
r1045,1,0,0.14264802951812744,NA,Concentrative Nucleoside Transporter (Cnt) Tcdb:2.A.41.2.4,"Transport, extracellular",9153.1 or 64078.1,NA,"PMID:10772724,PMID:12856181"
r1148,-1,0,-7.773044276847009,NA,Active Transport,"Transport, peroxisomal",NA,NA,"PMID:14598172,PMID:16919238,PMID:17173541,PMID:18406340,PMID:8132483"
r1364,1,0,0.6891518151933793,NA,Vesicular Transport,"Transport, lysosomal",NA,NA,"PMID:11023036,PMID:12739169,PMID:12856180,PMID:12883891,PMID:1554704,PMID:18021224,PMID:4553030,PMID:793184,PMID:8725559,PMID:8781017"
r1365,1,0,0.6891518151933793,NA,Vesicular Transport,"Transport, lysosomal",NA,NA,"PMID:11023036,PMID:12739169,PMID:12856180,PMID:12883891,PMID:1554704,PMID:18021224,PMID:4553030,PMID:793184,PMID:8725559,PMID:8781017"
r2447,1,0,0.22669216079711912,NA,Concentrative Nucleoside Transporter (Cnt) Tcdb:2.A.41.2.3,"Transport, extracellular",9154.1 or 64078.1,NA,"PMID:10772724,PMID:12856181"
r2449,1,0,25.936207834887504,NA,Concentrative Nucleoside Transporter (Cnt) Tcdb:2.A.41.2.4,"Transport, extracellular",9153.1 or 64078.1,NA,"PMID:10772724,PMID:12856181"
RE0124C,-1,0,-997.9641959960937,NA,Diamine N-Acetyltransferase,Pentose phosphate pathway,NA,NA,PMID:10978316
RE1530C,-1,0,-96.01904479429722,NA,Thymidine Kinase,Pyrimidine synthesis,NA,NA,PMID:11812127
RE2814M,1,0,2.7748860270024425,NA,RE2814M,Bile acid synthesis,NA,NA,PMID:0
RE3015R,-0.9124022077144144,0,0.9265992658552634,20.229168286696076,Leukotriene-B4 20-Monooxygenase,Eicosanoid metabolism,8529.1 or 4051.1 or 126410.1,NA,"PMID:11368003,PMID:9799565,PMID:9862787"
RE3016R,0.9124022077144144,0,-0.9265992658552634,-20.229168286696076,RE3016R,Eicosanoid metabolism,NA,NA,"PMID:11368003,PMID:9799565,PMID:9862787"
RE3017R,1,0,0.9265992658552634,NA,RE3017R,Eicosanoid metabolism,NA,NA,"PMID:11368003,PMID:9799565,PMID:9862787"
RE3073X,-1,0,-437.4173626901865,NA,Long-Chain-Aldehyde Dehydrogenase,Fatty acid oxidation,NA,NA,"PMID:11356164,PMID:9662422"
RE3238C,-1,0,-187.3791299683571,NA,RE3238C,Fatty acid synthesis,NA,NA,PMID:0
EX_HC02191[e],-1,0,-150.30295943725852,NA,Exchange of Lithocholate,Exchange/demand reaction,NA,NA,NA
C2tcx,2.5323072392198127,0,320.09977494745254,-138.85858992632535,Transport of Acetylcarnitine from Peroxisomes to Cytosol,"Transport, peroxisomal",788.1,NA,"biochemical and biophysical research communications 263,213-218(1999),biochimica et biophysica acta 1546(2001)21-43"
C4tmc,-0.45087103507712295,0,-143.7191543720722,-54.395151996215894,Transport of Bytyrylcarnitine into Mitochondrial Matrix,"Transport, mitochondrial",788.1,NA,biochimica et biophysica acta 1546(2001)21-43
SUCCACT,0.4649083308659062,0,1.7178015717010588,0.6274667778695489,Activation of Succinate,Fatty acid oxidation,NA,NA,"Hunt MC, Alexson SEH. (2008). Progress in Lipid Research 47: 405-21"
3HCO3_NAt,1.8141280521469738,0,25.337062217237055,-87.5804946856787,Symport of Bicarbonate and Sodium,"Transport, extracellular",57835.3 or 8671.1 or 57835.2 or 57835.1 or 57835.4,NA,"PMID: 11875267, PMID: 18077606."
AHCYStd,1,0,4.5959902480959895,NA,Diffusion of S-Adenosyl-L-Homocysteine,"Transport, mitochondrial",NA,NA,PMID: 8283303.
AMETtd,1,0,4.5959902480959895,NA,Diffusion of S-Adenosyl-L-Methionine,"Transport, mitochondrial",NA,NA,NA
CHSTEROLtrc,0.45093997689187454,0,-8.82475957894033,-23.320212582700677,Transport of Cholesterol into the Cytosol,"Transport, endoplasmic reticular",NA,NA,PMID: 11229876
DHAPtc,-0.3365090329814505,0,4.2496308304523724,8.560282315911724,Transport of Dihydroxyacetone Phosphate into Cytosol,"Transport, mitochondrial",NA,NA,NA
GLYALDtr,-1,0,-827.8447490333557,NA,Transport of Glyceraldehyde,"Transport, extracellular",NA,NA,NA
PEPtr,-1,0,-995.0188495483399,NA,Transport of Phosphoenolpyruvate,"Transport, extracellular",NA,NA,NA
G3PCtr,-1,0,-37.31490615593755,NA,Transport of Glycerophosphocholine,"Transport, extracellular",NA,NA,NA
XMPtr,-1,0,-773.4776189599991,NA,Transport of XMP,"Transport, extracellular",NA,NA,NA
EX_g3pc[e],1,0,37.31490615593755,NA,Exchange of Glycerophosphocholine,Exchange/demand reaction,NA,NA,NA
EX_glyald[e],1,0,827.8447490333557,NA,Exchange of D-Glyceraldehyde,Exchange/demand reaction,NA,NA,NA
EX_kynate[e],1,0,704.1806909286499,NA,Exchange of Kynurenic Acid,Exchange/demand reaction,NA,NA,NA
EX_pep[e],-1,0,-995.0188495483399,NA,Exchange of Phosphoenolpyruvate,Exchange/demand reaction,NA,NA,NA
EX_xmp[e],1,0,773.4776189599991,NA,Exchange of Xanthylic Acid,Exchange/demand reaction,NA,NA,NA
GSNt2r,-1,0,-363.6336447029114,NA,Guanosine Transport in via Proton Symport Reversible,"Transport, extracellular",64078.1,NA,NA
EX_odecrn[e],1,0,175.09638969678878,NA,Exchange of L-Oleoylcarnitine,Exchange/demand reaction,NA,NA,NA
EX_pmtcrn[e],-1,0,-675.1291927684784,NA,Exchange of L-Palmitoylcarnitine,Exchange/demand reaction,NA,NA,NA
56DTHMtd,1,0,256.05121091051103,NA,"Transport of 5, 6-Dihydrothymine, Diffusion","Transport, extracellular",NA,NA,NA
5AOPt,-1,0,-594.3470708642483,NA,"Transport of 5-Amino-4-Oxopentanoate, Proton Symport","Transport, extracellular",NA,NA,PMID: 11752223
CORTSNt,1,0,5.3794577145417,NA,Extracellular Transport of Cortisone,"Transport, extracellular",NA,NA,"PMID: 20649839, PMID: 16317684"
EX_cortsn[e],1,0,5.3794577145417,NA,Exchange of Cortisone,Exchange/demand reaction,NA,NA,NA
EX_HC00900[e],-1,0,-947.4591400445938,NA,Exchange of Methylmalonate,Exchange/demand reaction,NA,NA,NA
EX_Nacasp[e],0.381943000918432,0,-9.512076631627819,-21.26850394835996,Exchange of N-Acetyl-L-Aspartate,Exchange/demand reaction,NA,NA,NA
HC00900t2,-1.0141170161992827,0,-934.5597381311417,6.550361700081825,"Transport of Methylmalonate, Antiport with Sulphate","Transport, extracellular",NA,NA,PMID: 18213522.
NACASPt,0.381943000918432,0,-9.512076631627819,-21.26850394835996,Transport of N-Acetyl-L-Aspartate,"Transport, extracellular",NA,NA,PMID: 15836629
PSERtr,1,0,4.3437497278017165,NA,"Transport of O-Phospho-L-Serine, Diffusion","Transport, extracellular",NA,NA,NA
TXB2c,1,0,0.6299115249171582,NA,Formation of Thromboxane B2,Eicosanoid metabolism,NA,NA,PMID: 21962087
EX_pser_L[e],1,0,4.3437497278017165,NA,Exchange of O-Phospho-L-Serine,Exchange/demand reaction,NA,NA,NA
EX_ttdcea[e],-0.4883377740844946,0,6.815193917899672,19.824231752836145,Exchange of Tetradecenoate (N-C14:1),Exchange/demand reaction,NA,NA,NA
TTDCEAt,-0.4883377740844946,0,6.815193917899672,19.824231752836145,"Transport of Tetradecenoate (N-C14:1), Diffusion","Transport, extracellular",NA,NA,NA
r0202m,-0.3365090329814505,0,4.2496308304523724,8.560282315911724,Mitochondrial Glycerol-3-Phosphate-Dehydrogenase,Glycerophospholipid metabolism,NA,NA,PMID: 8549872
GLYPROt,1,0,408.88124444065693,NA,Transport of Glycylproline,"Transport, extracellular",NA,NA,PMID: 24870542
EX_retinal[e],-1,0,-0.48259485725383977,NA,Exchange of Retinal,Exchange/demand reaction,NA,NA,NA
EX_argvaltrp[e],1,0,579.2157897652626,NA,Exchange of ArgValTrp,Exchange/demand reaction,NA,NA,NA
EX_asnasnarg[e],-1,0,-294.1565296527386,NA,Exchange of AsnAsnArg,Exchange/demand reaction,NA,NA,NA
EX_histrphis[e],-1,0,-18.046608638824896,NA,Exchange of HisTrpHis,Exchange/demand reaction,NA,NA,NA
EX_protrpthr[e],-1,0,-576.0006200222016,NA,Exchange of ProTrpThr,Exchange/demand reaction,NA,NA,NA
EX_thrthrarg[e],1,0,231.67886288490294,NA,Exchange of ThrThrArg,Exchange/demand reaction,NA,NA,NA
EX_trpglngln[e],-1,0,-221.06073549919128,NA,Exchange of TrpGlnGln,Exchange/demand reaction,NA,NA,NA
EX_trptyrtyr[e],1,0,151.0727880716692,NA,Exchange of Trptyrtyr,Exchange/demand reaction,NA,NA,NA
EX_valtrpval[e],1,0,65.2105324202138,NA,Exchange of ValTrpVal,Exchange/demand reaction,NA,NA,NA
ARGVALTRPt,-1,0,-579.2157897652626,NA,"Transport of ArgValTrp, Extracellular","Transport, extracellular",6564.1 or 6565.1,NA,NA
ASNASNARGt,1,0,294.1565296527386,NA,"Transport of AsnAsnArg, Extracellular","Transport, extracellular",6564.1 or 6565.1,NA,NA
HISTRPHISt,1,0,18.046608638824896,NA,"Transport of HisTrpHis, Extracellular","Transport, extracellular",6564.1 or 6565.1,NA,NA
PROTRPTHRt,1,0,576.0006200222016,NA,"Transport of ProTrpThr, Extracellular","Transport, extracellular",6564.1 or 6565.1,NA,NA
THRTHRARGt,-1,0,-231.67886288490294,NA,"Transport of ThrThrArg, Extracellular","Transport, extracellular",6564.1 or 6565.1,NA,NA
TRPGLNGLNt,1,0,221.06073549919128,NA,"Transport of TrpGlnGln, Extracellular","Transport, extracellular",6564.1 or 6565.1,NA,NA
TRPTYRTYRt,-1,0,-151.0727880716692,NA,"Transport of Trptyrtyr, Extracellular","Transport, extracellular",6564.1 or 6565.1,NA,NA
VALTRPVALt,-1,0,-65.2105324202138,NA,"Transport of ValTrpVal, Extracellular","Transport, extracellular",6564.1 or 6565.1,NA,NA
ARGVALTRPr,-1,0,-579.2157897652626,NA,Metabolism (Formation/Degradation) of ArgValTrp,Peptide metabolism,NA,NA,NA
ASNASNARGr,1,0,294.1565296527386,NA,Metabolism (Formation/Degradation) of AsnAsnArg,Peptide metabolism,NA,NA,NA
HISTRPHISr,1,0,18.046608638824896,NA,Metabolism (Formation/Degradation) of HisTrpHis,Peptide metabolism,NA,NA,NA
PROTRPTHRr,1,0,576.0006200222016,NA,Metabolism (Formation/Degradation) of ProTrpThr,Peptide metabolism,NA,NA,NA
THRTHRARGr,-1,0,-231.67886288490294,NA,Metabolism (Formation/Degradation) of ThrThrArg,Peptide metabolism,NA,NA,NA
TRPGLNGLNr,1,0,221.06073549919128,NA,Metabolism (Formation/Degradation) of TrpGlnGln,Peptide metabolism,NA,NA,NA
TRPTYRTYRr,-1,0,-151.0727880716692,NA,Metabolism (Formation/Degradation) of Trptyrtyr,Peptide metabolism,NA,NA,NA
VALTRPVALr,-1,0,-65.2105324202138,NA,Metabolism (Formation/Degradation) of ValTrpVal,Peptide metabolism,NA,NA,NA
HDCECRNtr,1,0,65.23598927333354,NA,Transport of Palmitoleoyl-Carnitine,"Transport, extracellular",NA,NA,NA
EX_sphmyln_hs[e],-0.42745238159971766,0,36.04747663987726,89.87209923957586,Exchange of Sphingomyelin,Exchange/demand reaction,NA,NA,NA
FldAct,1,0,65.7159044688344,NA,Fldact,Miscellaneous,NA,NA,PMID: 22041191.
MLTHFtm,1,0,195.46835769734085,NA,"Transport of 5,10-Methylenetetrahydrofolate, Mitochondrial","Transport, mitochondrial",NA,NA,PMID: 22041191.
r2514e,1,0,56.733833107211346,NA,Transport of Hexadecenoate (N-C16:1) via Carnitine Antiport,"Transport, extracellular",NA,NA,PMID: 22041191.
ETHAt,1,0,177.33912533062102,NA,"Ethanolamine Transport via Diffusion, Extracellular","Transport, extracellular",NA,NA,PMID: 21749716.
sink_crvnc[c],0.8309776106058833,0,178.84156007925867,16.509337761680783,"Sink for Cervonic Acid, C22:6 N-3",Exchange/demand reaction,NA,NA,NA
sink_nad[c],-1.0017285956430464,0,-868.4879019866943,0.7499839921757361,sink_nad[c],Exchange/demand reaction,NA,NA,NA
sink_xol7ah3[c],-1,0,-134.22521619371065,NA,"Sink for 5Beta-Cholestane-3Alpha, 7Alpha, 26-Triol",Exchange/demand reaction,NA,NA,NA
sink_dchac[c],1,0,811.0574917236805,NA,Sink for Deoxycholate,Exchange/demand reaction,NA,NA,NA
EX_glcn[e],1,0,997.9641959960937,NA,Exchange of D-Gluconate,Exchange/demand reaction,NA,NA,NA
ADK1,-1,0,-456.39549334344866,NA,Adenylate Kinase,Nucleotide interconversion,122481.1 or 203.1 or 26289.1 or 26289.2 or 204.1,NA,NA
EX_cytd[e],-1,0,-123.43797817107439,NA,Exchange of Cytidine,Exchange/demand reaction,NA,NA,NA
EX_glu_L[e],-1,0,-601.1185800198913,NA,Exchange of L-Glutamate,Exchange/demand reaction,NA,NA,NA
EX_met_L[e],-1,0,-307.0172331856996,NA,Exchange of L-Methionine,Exchange/demand reaction,NA,NA,NA
EX_orn[e],-0.8756442239345468,0,-439.62860757614374,-29.14750888152113,Exchange of Ornithine,Exchange/demand reaction,NA,NA,NA
EX_pi[e],1,0,310.008549529171,NA,Exchange of Phosphate,Exchange/demand reaction,NA,NA,NA
EX_ala_L[e],1,0,818.6487951833249,NA,Exchange of L-Alanine,Exchange/demand reaction,NA,NA,NA
EX_nh4[e],1,0,279.25508468384743,NA,Exchange of Ammonia,Exchange/demand reaction,NA,NA,NA
r0339,0.40627342077744,0,1.304224189123229,0.5506415430360343,ATP:(R)-Glycerate 3-Phosphotransferase Ec:2.7.1.31,Miscellaneous,132158.1,NA,"PMID:16753811,PMID:216417,PMID:2537226,PMID:6252205"
EX_etha[e],-1,0,-177.33912533062102,NA,Exchange of Ethanolamine,Exchange/demand reaction,NA,NA,NA
EX_fol[e],1,0,230.65381764235497,NA,Exchange of Folate,Exchange/demand reaction,NA,NA,NA
LDH_D,-1,0,-435.73235332003014,NA,D-Lactate Dehydrogenase,Pyruvate metabolism,197257.1 or 197257.2,NA,"PMID:11955284,PMID:12127981"
UGLT,-1,0,-612.6922065149307,NA,UDPglucose-Hexose-1-Phosphate Uridylyltransferase,Galactose metabolism,2592.1 or 2592.3 or 2592.2,NA,PMID:12923184
XOL25OHtr,-0.8747742839783723,0,12.106836948059197,181.2533981967449,"Transport of 25-Hydroxycholesterol, Endoplasmatic Reticulum, within Lipoproteins","Transport, endoplasmic reticular",NA,NA,PMID: 10998465
XOL25OHte,-0.8747742839783725,0,12.106836948059174,181.2533981967449,"Transport of 25-Hydroxycholesterol, Extracellular Space, within Lipoproteins","Transport, extracellular",NA,NA,PMID: 10998465
EX_xol25oh[e],-0.8747742839783725,0,12.106836948059174,181.2533981967449,Exchange of 25-Hydroxycholesterol,Exchange/demand reaction,NA,NA,NA
3ITYR_Lte,-1,0,-51.0827889744997,NA,Transport of 3-Iodo-L-Tyrosine,"Transport, extracellular",NA,NA,NA
EX_3ityr_L[e],-1,0,-51.0827889744997,NA,Exchange of 3-Iodo-L-Tyrosine,Exchange/demand reaction,NA,NA,NA
GLCNte,1,0,997.9641959960937,NA,Assumed Passive Diffusion into Extracellular Space,"Transport, extracellular",NA,NA,NA
GM1tl,0.5079553831509305,0,5.1773829611281865,1.6893758554487954,Ganglioside Gm1 Endocytosis,"Transport, extracellular",NA,NA,NA
RE3477C1,1,0,0.6299115249171582,NA,NAD Dependent 11-Hydroxythromboxane B2 Dehydrogenase,Eicosanoid metabolism,NA,NA,NA
EX_gm1_hs[e],-0.5079553831509305,0,-5.1773829611281865,-1.6893758554487954,Exchange of Ganglioside Gm1,Miscellaneous,NA,NA,NA
HMR_0157,0.4428473178038944,0,152.0354145614624,58.708179283061625,HMR_0157,"Transport, mitochondrial",NA,NA,NA
HMR_0851,1,0,2.5054036913707582,NA,"Alpha-N-Acetylneuraminate Alpha-2, 8-Sialyltransferase",Glycosphingolipid metabolism,6489.1,R06009,NA
HMR_2558,1,0,2.306718493760519,NA,HMR_2558,Fatty acid synthesis,NA,NA,NA
HMR_2560,1,0,2.306718493760519,NA,HMR_2560,Fatty acid synthesis,NA,NA,NA
HMR_3478,1,0,1.9088026263870532,NA,HMR_3478,"Transport, peroxisomal",NA,NA,NA
HMR_3953,-1,0,-386.11346816122534,NA,HMR_3953,"Transport, endoplasmic reticular",NA,NA,NA
3ISPVShc,1,0,2.752981787880603,NA,isomerization of pravastatin to 3-alpha-iso-pravastatin in hepatocytes,Drug metabolism,NA,NA,"PMID: 9929499, PMID: 1680649, PMID: 11192473, PMID: 9804052"
IBUP_Stdu,1,0,1.4499152915021398,NA,passive diffusion of ibuprofen_S,Drug metabolism,NA,NA,PMID: 20726987
SMVtv,1,0,18.960886007344723,NA,uptake of simvastatin by enterocytes,Drug metabolism,NA,NA,PMID: 16714062
H2O2itr,-0.4589228085834308,0,-369.21567788767817,-136.93266075701715,H2O2itr,Drug metabolism,NA,NA,NA
sink_ile_L[c],-1,0,-355.32366698269846,NA,Sink_ile_L[c],Exchange/demand reaction,NA,NA,NA
sink_glu_L[c],-1,0,-298.8130907997608,NA,Sink_glu_L[c],Exchange/demand reaction,NA,NA,NA
sink_ser_L[c],-1,0,-774.235790598154,NA,Sink_ser_L[c],Exchange/demand reaction,NA,NA,NA
AACTtm,-1,0,NA,3.368917452490304,"Aminoacetone Transport, Mitochondrial","Transport, mitochondrial",NA,NA,NA
ADA,-1,0,NA,22.522324672648566,Adenosine Deaminase,Purine catabolism,100.1,NA,"PMID:12381379,PMID:15016824"
ADAe,-1,0,NA,30.271462462458015,"Adenosine Deaminase, Extracellular",Purine catabolism,100.1,NA,"PMID:12381379,PMID:15016824"
AOBUTDsm,-1,0,NA,3.368917452490304,"L-2-Amino-3-Oxobutanoate Decarboxylation, Mitochondrial (Spontaneous)","Glycine, serine, alanine, and threonine metabolism",NA,NA,PMID:12097150
ARACHt,-1,0,NA,0.22647350616506884,Fatty Acid Transport via Diffusion,"Transport, extracellular",NA,NA,"PMID:11788354,PMID:12864740"
C161CRN2t,-1,0,NA,8.21361872034073,C161 Transport into the Mitochondria,Fatty acid oxidation,788.1,NA,NA
C181CRNt,-1,0,NA,2.9193712781965733,C181 Transport into the Mitochondria,Fatty acid oxidation,788.1,NA,PMID:14598172
C204CRNt,-1,0,NA,63.887956667026224,Arachidonic Acid Transport into the Mitochondria,Fatty acid oxidation,788.1,NA,PMID:14598172
CYSTSERex,-1,0,NA,159.11817675111294,L-Cystine/Glycine Exchanger (Cystine In),"Transport, extracellular",6519.1 and 11136.1,NA,NA
DATPtn,-1,0,NA,0.25271697640906443,DATP Diffusion in Nucleus,"Transport, nuclear",NA,NA,NA
DM_datp_n_,-1,0,NA,0.252716976409111,"Demand for dATP, Nuclear",Exchange/demand reaction,NA,NA,NA
DNDPt31m,-1,0,NA,2.6987667936201243,Transport of dCDP via ATP Antiport,"Transport, mitochondrial",60386.1,NA,PMID:11226231
DSAT,-1,0,NA,0.7590121068117542,Dihydrosphingosine N-Acyltransferase,Sphingolipid metabolism,NA,NA,NA
EBP1r,-1,0,NA,0.046201749402208496,"3-Beta-Hydroxysteroid-Delta (8), Delta (7)-Isomerase",Cholesterol metabolism,10682.1,NA,PMID:10391219
EICOSTETCRNt,-1,0,NA,63.372686024576424,"Transport of 8Z,11Z,14Z,17Z-Eicosatetraenoylcarnitine, Mitochondrial",Fatty acid oxidation,788.1,NA,NA
EX_chol[e],-1,0,NA,156.366652273719,Exchange of Choline,Exchange/demand reaction,NA,NA,NA
EX_inost[e],1,0,NA,-127.38668615637603,Exchange of Myo-Inositol,Exchange/demand reaction,NA,NA,NA
EX_txa2[e],-1,0,NA,216.78444788948298,Exchange of Thromboxane A2,Exchange/demand reaction,NA,NA,NA
FUMSO4tm,-1,0,NA,4.19730340971165,"Fumarate:Sulfate Antiport, Mitochondrial","Transport, mitochondrial",1468.1,NA,"PMID:14598172,PMID:4441366"
GLCter,1,0,NA,-390.1971432085991,"Glucose Transport, Endoplasmic Reticulum","Transport, endoplasmic reticular",NA,NA,PMID:11879177
GLYATm,-1,0,NA,3.368917452490304,Glycine C-Acetyltransferase,"Glycine, serine, alanine, and threonine metabolism",23464.1,NA,PMID:10712613
GLYtm,1,0,NA,-945.0627508012772,"Transport of Glycine, Passive, Mitochondrial","Transport, mitochondrial",NA,NA,PMID:7388024
GULNDer,-1,0,NA,1.4327287010458705,"Gulonate Dehydrogenase, Endoplasmic Reticulum",Pentose phosphate pathway,NA,NA,PMID:9296457
GULNter,-1,0,NA,1.4327287010458705,L-Gulonate Endoplasmic Reticular Export,"Transport, endoplasmic reticular",NA,NA,NA
H2O2tm,-1,0,NA,126.48358999173641,Hydrogen Peroxide Mitochondrial Transport,"Transport, mitochondrial",NA,NA,PMID:2989289
Htx,-1,0,NA,844.6538372070848,"H Transporter, Peroxisome","Transport, peroxisomal",NA,NA,NA
LNLCCRNt,-1,0,NA,55.38467814864926,Transport into the Mitochondria (Carnitine),Fatty acid oxidation,788.1,NA,NA
P4504F122r,-1,0,NA,0.19200802152502147,Cytochrome P450 4F12/4F2,Eicosanoid metabolism,4051.1 or 8529.1 or 66002.1,NA,"PMID:15145985,PMID:15579107,PMID:8026587,PMID:8486631"
PA_HSter,-1,0,NA,189.4778724236369,Phosphatidate Scramblase,"Transport, endoplasmic reticular",NA,NA,PMID:10856717
PCHOL_HSter,1,0,NA,-131.1946109205002,Phosphatidylcholine Scramblase,"Transport, endoplasmic reticular",NA,NA,PMID:10856717
PROSTGI2t,-1,0,NA,281.39915370225236,Prostaglandin I2 Transport,"Transport, extracellular",NA,NA,"PMID:12827517,PMID:12883891,PMID:9187257"
SARCOXp,-1,0,NA,18.02216280292049,"Sarcosine Oxidase, Peroxisomal","Glycine, serine, alanine, and threonine metabolism",51268.1,NA,PMID:10642506
SARCStp,-1,0,NA,18.02216280292049,"Transport of Sarcosine, Peroxisomal","Transport, peroxisomal",NA,NA,NA
SERLYSNaex,-1,0,NA,7.189350508064032,Serine/Lysine Na-Dependent Exchange (Ser In),"Transport, extracellular",9056.1 and 6519.1,NA,PMID:14770310
SUCD1m,-1,0,NA,138.77033875342607,Succinate Dehydrogenase,Citric acid cycle,6389.1 and 6392.1 and 6391.1 and 6390.1,NA,PMID:6945861
TRIOK,-1,0,NA,4.321740644488391,Triokinase,Fructose and mannose metabolism,NA,NA,NA
TTDCRNt,-1,0,NA,20.5983230885759,Transport into the Mitochondria (Carnitine),Fatty acid oxidation,788.1,NA,NA
TXA2te,1,0,NA,-216.78444788948298,Thromboxane A2 Transport,"Transport, extracellular",NA,NA,NA
UMPtr,1,0,NA,-17.642201072940974,"UMP Transport, Endoplasmatic Reticulum","Transport, endoplasmic reticular",NA,NA,"PMID:10462544,PMID:11912132"
XOL27OHtm,1,0,NA,-2.932856033366307,27 Hydroxy Cholesterol Transport,"Transport, mitochondrial",NA,NA,NA
r0242,-1,0,NA,0.21472313976104634,Glycerone Phosphate Phosphohydrolase (Alkaline Optimum),Miscellaneous,249.1,NA,"PMID:1730777,PMID:3042787"
r0525,-1,0,NA,756.7335020565033,"N6- (L-1, 3-Dicarboxypropyl)-L-Lysine:NAD+ Oxidoreductase",Lysine metabolism,10157.1,NA,"PMID:235294,PMID:4774398"
r0636,1,0,NA,-36.765127049827576,Octanoyl Coenzyme A:L-Carnitine O-Octanoyltransferase,Fatty acid oxidation,54677.1,NA,"PMID:1735445,PMID:1988962,PMID:2355017,PMID:6361812,PMID:7892212"
r0817,-1,0,NA,3.6376128864838275,Amino Acid-Polyamine-Organocation (Apc) Tcdb:2.A.3.3.2,"Transport, extracellular",6542.1,NA,"PMID:10049700,PMID:10072483,PMID:10391915,PMID:10574970,PMID:11004451,PMID:11311135,PMID:11389679,PMID:11557028,PMID:11564694,PMID:11742812,PMID:11827462,PMID:12117417,PMID:12824232,PMID:12883891,PMID:14574404,PMID:14770310,PMID:15465786,PMID:16082501,PMID:16288981,PMID:17466261,PMID:1904693,PMID:4424190,PMID:6432599,PMID:7690540,PMID:7718542,PMID:9751058,PMID:9759917,PMID:9868191"
r1030,-1,0,NA,308.76563443888426,Transport Reaction,"Transport, extracellular",NA,NA,"PMID:18124509,PMID:6027578"
r1116,-1,0,NA,0.3249332545257406,ATP Exporter (ATP-E) Tcdb:9.A.6.1.1,"Transport, extracellular",NA,NA,"PMID:10913128,PMID:11147574,PMID:11557556,PMID:12269403,PMID:14613890,PMID:15210701,PMID:15958381,PMID:17124168,PMID:179827,PMID:18697206,PMID:3031070,PMID:3244197,PMID:9305892"
r1292,1,0,NA,-52.01669181456738,Postulated Transport Reaction,"Transport, peroxisomal",NA,NA,PMID:8584017
r1384,1,0,NA,-723.1853800521851,Guanosine Aminohydrolase,Nucleotide interconversion,NA,NA,"PMID:10348987,PMID:14725335"
r2434,1,0,NA,-36.765127049827576,Mitochondrial Carrier (Mc) Tcdb:2.A.29.8.3,"Transport, mitochondrial",788.1,NA,"PMID:14598172,PMID:1735445,PMID:18406340,PMID:1988962,PMID:2351134,PMID:2355017,PMID:6361812,PMID:7892212,PMID:8132483"
r2519,-1,0,NA,17.642201072940974,Utilized Transport,"Transport, endoplasmic reticular",NA,NA,"PMID:16611737,PMID:18307097"
r2539,1,0,NA,-756.7335020565033,Postulated Transport Reaction,"Transport, mitochondrial",NA,NA,"PMID:10049700,PMID:10574970,PMID:11389679,PMID:11557028,PMID:11564694,PMID:12824232,PMID:12930836,PMID:14574404,PMID:16288981,PMID:911815"
RE1096C,-1,0,NA,4.0845014283551775,RE1096C,Steroid metabolism,NA,NA,"PMID:10049998,PMID:7578007"
RE1925C,-1,0,NA,931.894374810791,RE1925C,Tyrosine metabolism,NA,NA,"PMID:10556560,PMID:8891913"
RE2814R,-1,0,NA,2.932856033366307,RE2814R,Bile acid synthesis,NA,NA,PMID:0
RE3014R,-1,0,NA,20.229168286696076,Leukotriene-B4 20-Monooxygenase,Eicosanoid metabolism,8529.1 or 4051.1 or 126410.1,NA,"PMID:11368003,PMID:9799565,PMID:9862787"
RE3566C,-1,0,NA,758.6144902239799,RE3566C,Eicosanoid metabolism,NA,NA,PMID:234423
RE3567C,1,0,NA,-127.52994761457443,Prostaglandin-A1 Delta-Isomerase,Eicosanoid metabolism,NA,NA,PMID:234423
EX_C02470[e],-1,0,NA,308.76563443888426,Exchange of Xanthurenic Acid,Exchange/demand reaction,NA,NA,NA
EX_HC02205[e],1,0,NA,-127.52994761457443,Exchange of Prostaglandin-B2,Exchange/demand reaction,NA,NA,NA
EX_HC02207[e],-1,0,NA,886.144438248825,Exchange of Prostaglandin-C2,Exchange/demand reaction,NA,NA,NA
C10DCe,-1,0,NA,0.35959285316351336,Transport of Sebacoyl Carnitine into Extra Cellular Space,Fatty acid oxidation,NA,NA,"PMID: 6959231, PMID: 3119938"
C12DCe,-1,0,NA,0.1861022075188137,Excretion of Dodecanedioyl Carnitine,Fatty acid oxidation,NA,NA,"Korman SH, Waterham HR, Gutman A, Jakobs C, Wanders RJA. (2005). Molecular Genetics and Metabolism 86: 337-44"
C4DCCACT,-1,0,NA,1.2264059521691946,Transport of Succinyl Carnitine into Cytosol,Fatty acid oxidation,788.1,NA,"Westin M, Hunt M, Alexson S. (2008). Cellular and Molecular Life Sciences 65: 982-90. doi:10.1006/mgme.2000.3055,doi:10.1006/bbrc.1999.1340,biochimica et biophysica acta 1546 (2001) 21-43"
C6DCe,-1,0,NA,0.24298809244085132,Transport of Adipoyl Carnitine into the Extra Cellular Fluid,Fatty acid oxidation,NA,NA,"Jones LL, McDonald DA, Borum PR. (2010). Progress in Lipid Research 49: 61-75"
C8DCe,-1,0,NA,0.23401889507301094,Transport of Suberyl Carnitine into the Extra Cellular Space,Fatty acid oxidation,NA,NA,PMID: 6959231
DOCOSACTDr,1,0,NA,-40.56667296245098,Transport of Docosanoic Acid by Diffusion,Fatty acid oxidation,NA,NA,"PMID: 10331655, PMID: 11478365"
DOCOSADIACTD,-1,0,NA,0.5610403052574567,Transport of Docosanedioic Acid by Diffusion,Fatty acid oxidation,NA,NA,"PMID: 10331655, PMID: 11478366"
EX_c10dc[e],-1,0,NA,0.35959285316351336,Exchange of Sebacoyl Carnitine,Exchange/demand reaction,NA,NA,NA
EX_c12dc[e],-1,0,NA,0.1861022075188137,Exchange of Dodecanedioyl Carnitine,Exchange/demand reaction,NA,NA,NA
EX_c6dc[e],-1,0,NA,0.24298809244085132,Exchange of Adipoyl Carnitine,Exchange/demand reaction,NA,NA,NA
EX_c8dc[e],-1,0,NA,0.23401889507301094,Exchange of Suberyl Carnitine,Exchange/demand reaction,NA,NA,NA
FAOXC16OHC16r,-1,0,NA,4.108170922696161,"Fatty Acid Omega Oxidation (C16->W-Ohc16), Endoplasmatic Reticulum",Fatty acid oxidation,8529.1 and 4051.1,NA,"PMID: 4703570,PMID: 9827430,PMID:15060085"
FAOXC22C22DCHYr,-1,0,NA,0.5610403052574567,"Fatty Acid Omega Oxidation by Hydroxylases (C22->C22Dc), Endoplasmatic Reticulum",Fatty acid oxidation,8529.1 and 4051.1,NA,"PMID: 15716582,PMID: 19783438"
OMHPALTD,-1,0,NA,4.108170922696161,Transport of W-Hydroxypalmitic Acid by Diffusion,Fatty acid oxidation,NA,NA,"PMID: 10331655, PMID: 11478366"
SUCCCROT,-1,0,NA,1.2264059521691946,Production of Succinyl Carnitine,Fatty acid oxidation,54677.1,NA,"PMID: 15060085, Westin M, Hunt M, Alexson S. (2008). Cellular and Molecular Life Sciences 65: 982-90, PMID: 20560540"
CYSTALArBATtc,-1,0,NA,4.400103978204108,"Transport of L-Cystine in Exchange of L-Alanine by B0, +At Transporter","Transport, extracellular",11136.1 and 6519.1,NA,"PMID: 10958334, PMID: 19184091, PMID: 18195088, PMID: 11546643"
CYSTLEUrBATtc,-1,0,NA,297.5842379611015,"Transport of L-Cystine in Exchange of L-Leucine by B0, +At Transporter","Transport, extracellular",11136.1 and 6519.1,NA,"PMID: 10958334, PMID: 19184091, PMID: 18195088, PMID: 11546643"
ORNALArBATtc,-1,0,NA,1.8491385462448002,"Antiport of L-Ornithine and L-Alanine by B0, +At Transporter","Transport, extracellular",11136.1 and 6519.1,NA,"PMID: 10958334, PMID: 19184091, PMID: 18195088, PMID: 11546643"
ORNLEUrBATtc,-1,0,NA,7.344612892746926,"Antiport of L-Ornithine and L-Leucine by B0, +At Transporter","Transport, extracellular",11136.1 and 6519.1,NA,"PMID: 10958334, PMID: 19184091, PMID: 18195088, PMID: 11546643"
CRNrtx,1,0,NA,-405.1588131676674,Reversible Transport of L-Carnitine in Peroxisome,"Transport, peroxisomal",NA,NA,added during gap filling.
DM_fol,-1,0,NA,619.5038466545105,Demand for Folic Aicd,Exchange/demand reaction,NA,NA,NA
DOPAENT4tc,-1,0,NA,388.9381937964529,Dopa Transport by Ent4,"Transport, extracellular",222962.1,NA,NA
SRTNENT4tc,-1,0,NA,526.6724196374655,Serotonin Transport by Ent4,"Transport, extracellular",222962.1,NA,NA
15HPETATP,-1,0,NA,0.4421647310182947,"Transport of 15(S)-HPETE, Active Transport","Transport, extracellular",NA,NA,PMID: 23104810
3HPPt,-1,0,NA,1.9954633580290873,Transpot of 3-Hydroxypropionate,"Transport, extracellular",NA,NA,NA
3MOXTYRt,1,0,NA,-921.6549180358887,"Transport of 3-Methoxytyramine, Diffusion","Transport, extracellular",NA,NA,NA
C04717td,-1,0,NA,1.3319198384768307,"Transport of 13(S)-HPODE, Diffusion","Transport, extracellular",NA,NA,NA
C06439t,1,0,NA,-115.53195161135471,"Transport of Prostaglandin E3, Lactate Antiport","Transport, extracellular",NA,NA,PMID: 11997326
EX_15HPET[e],-1,0,NA,0.4421647310182947,Exchange of 15(S)-HPETE,Exchange/demand reaction,NA,NA,NA
EX_3hpp[e],-1,0,NA,1.9954633580290873,Exchange of 3-Hydroxypropionate,Exchange/demand reaction,NA,NA,NA
EX_C04717[e],-1,0,NA,1.3319198384768307,Exchange of 13(S)-HPODE,Exchange/demand reaction,NA,NA,NA
EX_hexdiac[e],-1,0,NA,5.634289354697602,Exchange of Hexadecanediocacid,Exchange/demand reaction,NA,NA,NA
EX_leuktrB4woh[e],-1,0,NA,0.7550779257842368,Exchnage for W-Hydroxyl Leukotriene B4,Exchange/demand reaction,NA,NA,NA
EX_saccrp_L[e],1,0,NA,-756.7335020565033,Exchange of L-Saccharopinate,Exchange/demand reaction,NA,NA,NA
EX_sebacid[e],-1,0,NA,1.933961995021539,Exchange of Sebacic Acid,Exchange/demand reaction,NA,NA,NA
HEXDIACtd,-1,0,NA,5.634289354697602,Transport of Hexadecanediocacid by Diffusion,"Transport, extracellular",NA,NA,"PMID: 10331655, PMID: 11478366"
LEUKTRB4WOHt,-1,0,NA,0.7550779257842368,"Transport of W-Hydroxyl Leukotriene B4, Active Transport","Transport, extracellular",NA,NA,PMID: 7966417
LEUKTRB4WOHtr,-1,0,NA,0.19200802152502147,"Transport of W-Hydroxyl Leukotriene B4, Intracellular Transport","Transport, extracellular",NA,NA,PMID: 7966417
SACCRP_Lte,-1,0,NA,756.7335020565033,"Transport of L-Saccharopinate, Intracellular","Transport, mitochondrial",NA,NA,NA
SACCRP_Ltm,1,0,NA,-756.7335020565033,"Transport of L-Saccharopinate, Extracellular","Transport, extracellular",NA,NA,NA
SEBACIDtd,-1,0,NA,1.933961995021539,Transport of Sebacic Acid by Diffusion,"Transport, extracellular",NA,NA,"Glatz JFC, Luiken JJFP, Bonen A. (2010). Physiological Reviews 90: 367-417, Kamp F, Hamilton JA. (2006). Prostaglandins, Leukotrienes and Essential Fatty Acids 75: 149-59, PMCID: PMC2785172, Evtodienko VY, Bondarenko DI, Antonenko YN. (1999). Biochimica et Biophysica Acta (BBA) - Biomembranes 1420: 95-103"
EX_3moxtyr[e],1,0,NA,-921.6549180358887,Exchange of 3-Methoxytyramine,Exchange/demand reaction,NA,NA,NA
EX_glnproglu[e],1,0,NA,-127.78757210760116,Exchange of GlnProGlu,Exchange/demand reaction,NA,NA,NA
GLNPROGLUt,-1,0,NA,127.78757210760116,"Transport of GlnProGlu, Extracellular","Transport, extracellular",6564.1 or 6565.1,NA,NA
GLNPROGLUr,-1,0,NA,127.78757210760116,Metabolism (Formation/Degradation) of GlnProGlu,Peptide metabolism,NA,NA,NA
DM_akg[c],-1,0,NA,85.3281649144411,Demand for 2-Oxoglutarate,Exchange/demand reaction,NA,NA,NA
34HPLtm,-1,0,NA,126.08972276856899,"Transport of 3-(4-Hydroxyphenyl)Lactate, Mitochondrial","Transport, mitochondrial",NA,NA,NA
3HPPtm,1,0,NA,-1.9954633580290873,"Transport of 3-Hydroxypropionate, Mitochondrial","Transport, mitochondrial",NA,NA,NA
sink_cholate[c],1,0,NA,-413.4921806511879,Sink for Cholate,Exchange/demand reaction,NA,NA,NA
sink_gchola[c],-1,0,NA,362.17791237253647,Sink for Glycocholate,Exchange/demand reaction,NA,NA,NA
sink_lnlccoa[c],-1,0,NA,930.3858007013321,sink_lnlccoa[c],Exchange/demand reaction,NA,NA,NA
sink_tdchola[c],1,0,NA,-508.09487513809205,Sink for Taurochenodeoxycholate,Exchange/demand reaction,NA,NA,NA
EX_co2[e],1,0,NA,-917.581567873764,Exchange of Carbon Dioxide,Exchange/demand reaction,NA,NA,NA
EX_din[e],1,0,NA,-667.7248274114609,Exchange of Deoxyinosine,Exchange/demand reaction,NA,NA,NA
EX_ile_L[e],1,0,NA,-799.3573364866256,Exchange of L-Isoleucine,Exchange/demand reaction,NA,NA,NA
EX_lac_L[e],-1,0,NA,447.801137681365,Exchange of L-Lactate,Exchange/demand reaction,NA,NA,NA
EX_leu_L[e],1,0,NA,-648.4371523014069,Exchange of L-Leucine,Exchange/demand reaction,NA,NA,NA
URIDK3,1,0,NA,-823.2446386413574,ATP:dUMP Phosphotransferase,Nucleotide interconversion,NA,NA,PMID: 22041191.
EX_thr_L[e],1,0,NA,-100.94610292282104,Exchange of L-Threonine,Exchange/demand reaction,NA,NA,NA
EX_phe_L[e],1,0,NA,-754.4260617868423,Exchange of L-Phenylalanine,Exchange/demand reaction,NA,NA,NA
EX_tyr_L[e],1,0,NA,-276.992984479353,Exchange of L-Tyrosine,Exchange/demand reaction,NA,NA,NA
EX_ppa[e],1,0,NA,-1.0059258588137803,Exchange of Propionate,Exchange/demand reaction,NA,NA,NA
EX_pyr[e],-1,0,NA,79.60088408075161,Exchange of Pyruvate,Exchange/demand reaction,NA,NA,NA
11DOCRTSLte,-1,0,NA,0.2161846503977169,"Transport of 11-Deoxycortisol, Extracellular","Transport, extracellular",5243.1,NA,PMID: 15290871
SUCSALtm,-1,0,NA,76.03895927754007,"Transport of Succinic Semialdehyde, Mitochondrial","Transport, mitochondrial",NA,NA,NA
SUCSALte,-1,0,NA,76.03895927754007,"Transport of Succinic Semialdehyde, Extracellular Space","Transport, extracellular",NA,NA,NA
EX_sucsal[e],-1,0,NA,76.03895927754007,Exchange of Succinic Semialdehyde,Exchange/demand reaction,NA,NA,NA
ORN_Dte,1,0,NA,-1.950492031155283,"Transport of Ornithine, Extracellular Space","Transport, extracellular",NA,NA,PMID: 12807890
EX_11docrtsl[e],-1,0,NA,0.2161846503977169,Exchange of 11-Deoxycortisol,Exchange/demand reaction,NA,NA,NA
CHSTEROLSte,-1,0,NA,110.70948060235978,"Transport of Cholesterol Sulfate, Extracellular Space, within Lipoproteins","Transport, extracellular",NA,NA,PMID: 10998465
EX_chsterols[e],-1,0,NA,110.70948060235978,Exchange of Cholesterol Sulfate,Exchange/demand reaction,NA,NA,NA
MELATNte,-1,0,NA,9.012302831406332,"Melatonin Diffusion, Cytosol","Transport, extracellular",NA,NA,PMID: 15649735
EX_melatn[e],-1,0,NA,9.012302831406332,Exchange of Melatonine,Exchange/demand reaction,NA,NA,NA
EX_CE4890[e],-1,0,NA,931.894374810791,Exchange of N-Methylsalsolinol,Exchange/demand reaction,NA,NA,NA
DOPACHRMDC,-1,0,NA,1.929125836615425,L-Dopachrome Decarboxylation,Tyrosine metabolism,NA,NA,PMID: 23683503
DOPAOQCYS,-1,0,NA,2.205682891579402,Dopamine-O-Quinone Cysteine Addition,Tyrosine metabolism,NA,NA,PMID: 9952424
NEU310e,-1,0,NA,0.17262899509051693,"Sialidase, Plasma Membrane (Neu3)",Sphingolipid metabolism,NA,NA,NA
NEU39e,-1,0,NA,0.17262899509051693,"Sialidase, Plasma Membrane (Neu3)",Sphingolipid metabolism,10825.1,NA,NA
HMR_1085,-1,0,NA,654.0711858064651,Membrane Dipeptidase,Leukotriene metabolism,1800.1 or 64180.1 or 64174.1,NA,PMID:3563417;PMID:6293969
HMR_3867,1,0,NA,-18.02216280292049,HMR_3867,"Transport, peroxisomal",NA,NA,NA
HMR_6782,-1,0,NA,126.08972276856899,(R)-4-Hydroxyphenyllactate Dehydrogenase,Phenylalanine metabolism,NA,R03336,NA
HMR_9626,-1,0,NA,55.93346970100868,HMR_9626,"Transport, endoplasmic reticular",NA,NA,NA
HMR_9680,1,0,NA,-614.2155764420032,HMR_9680,"Transport, peroxisomal",NA,NA,NA
3HPVShc,-1,0,NA,1.8166429212574127,oxidation of pravastatin to 3-hydroxy pravastatin in hepatocytes,Drug metabolism,(1576.1 or (4051.1 or 8529.1)),NA,"PMID: 9929499, PMID: 1680649, PMID: 9804052, PMID: 11192473"
4HATVACIDtep,-1,0,NA,0.02318620834350586,efflux of 4-hydroxy-atorvastatin-acid into portal blood,Drug metabolism,NA,NA,"PMID: 14531725, PMID: 9804052, PMID: 12036392, PMID: 18720283."
EX_nfdlac[e],-1,0,NA,1.0543859632547887,exchange reaction of lactone form of nifedipine in portal vein,Exchange/demand reaction,NA,NA,NA
NFDLAChc,-1,0,NA,1.0543859632547887,lactonization of hydroxy metabolite of nifedipine in hepatocytes,Drug metabolism,NA,NA,"PMID: 3203042, PMID: 12814972, PMID: 3609112"
NFDLACtep,-1,0,NA,1.0543859632547887,exit of lactone form of nifedipine into portal vein,Drug metabolism,NA,NA,PMID: 3203042
3HPVSitr,-1,0,NA,1.8166429212574127,3HPVSitr,Drug metabolism,NA,NA,NA
sink_val_L[c],1,0,NA,-88.7279923648864,Sink_val_L[c],Exchange/demand reaction,NA,NA,NA
sink_asn_L[c],1,0,NA,-890.121938986206,Sink_asn_L[c],Exchange/demand reaction,NA,NA,NA
sink_tyr_L[c],1,0,NA,-88.8869314452052,Sink_tyr_L[c],Exchange/demand reaction,NA,NA,NA
DM_5cysdopa[c],-1,0,NA,2.205682891579402,DM_5cysdopa[c],Exchange/demand reaction,NA,NA,NA
