Reaction,fc,pval,Truncating,mutant,subSystem
10FTHFtm,2.74045641359382,0,235.15344487953186,-109.41828377730846,"Transport, mitochondrial"
11DOCRTSTRNtm,0.42323442314609133,0,11.656559237341071,4.723819212997402,"Transport, mitochondrial"
13DAMPPOX,-0.35443287141637414,0,3.7980257188003193,7.968452314655896,Beta-Alanine metabolism
24_25DHVITD2t,-0.36615673812974514,0,3.0998313247328815,6.681234472468586,"Transport, extracellular"
24_25DHVITD2tm,-0.36615673812974514,0,3.0998313247328815,6.681234472468586,"Transport, mitochondrial"
24_25DHVITD3t,-0.6498630117376202,0,3.4119127135037797,16.0771034594863,"Transport, extracellular"
24_25DHVITD3tm,-0.6498630117376202,0,3.4119127135037797,16.0771034594863,"Transport, mitochondrial"
24_25VITD2Hm,-0.36615673812974514,0,3.0998313247328815,6.681234472468586,Vitamin D metabolism
24_25VITD3Hm,-0.6498630117376202,0,3.4119127135037797,16.0771034594863,Vitamin D metabolism
25HVITD2tin_m,-0.36615673812974514,0,3.0998313247328815,6.681234472468586,"Transport, mitochondrial"
25HVITD3tin_m,-0.6498630117376202,0,3.4119127135037797,16.0771034594863,"Transport, mitochondrial"
2AMACSULT,-0.38919892144606055,0,3.305822598733046,7.518724753277271,Methionine and cysteine metabolism
2AMADPTm,-0.698815839578262,0,19.695817271624133,111.09337990292013,Lysine metabolism
2HBO,-0.47562388025612073,0,90.84792223307763,255.6511604385376,Propanoate metabolism
2HBt2,-0.3726874736231635,0,-209.10382580223083,-95.55958785930444,"Transport, extracellular"
2OXOADPTm,2.9157982338547566,0,28.784780254643458,-58.834688168720525,Tryptophan metabolism
34DHOXPEGOX,0.43339890727479685,0,330.83760391235353,130.7751435695708,Tyrosine metabolism
34DHOXPEGt,0.43339890727479685,0,330.83760391235353,130.7751435695708,"Transport, extracellular"
34DHPHAMT,-0.3527437312848583,0,39.816544116727286,83.21523183120284,Tyrosine metabolism
34DHPHEt,1,0,NA,-461.49861043396,"Transport, extracellular"
34DHPLACOX,-0.5364209432124953,0,32.11667176819509,106.44296028574705,Tyrosine metabolism
34DHPLACOX_NADP_,0.45170093968646574,0,-265.1518287084475,-702.0277559394837,Tyrosine metabolism
34DHXMANDACOX,-0.3935698767921732,0,248.63840208189487,571.3683639628887,Tyrosine metabolism
34HPPOR,-0.3668093241003891,0,3.919461782494554,8.46057453729473,Tyrosine metabolism
3AIBTm,-1,0,NA,16.45320364773377,"Valine, leucine, and isoleucine metabolism"
3AIBtmi,-1,0,NA,16.45320364773377,"Transport, mitochondrial"
3DPHBH2,-1,0,NA,0.7644168879641875,Ubiquinone synthesis
3HBCOAHLm,-0.8906044078327355,0,14.166114877418126,244.82265417203902,"Valine, leucine, and isoleucine metabolism"
3MLDAt,0.5436114661968072,0,22.848906371607924,6.755572309680567,"Transport, extracellular"
41R2A1H12BOOX,-0.5984096102552114,0,5.933271869873701,23.615601914901408,Tyrosine metabolism
42A12BOOX,-0.33050265565150094,0,4.958876006538265,9.854852676325576,Tyrosine metabolism
4ABUTtm,1,0,NA,-731.4739996520996,"Transport, mitochondrial"
4HOXPACDOX_NADP_,-0.6937186900552641,0,-204.63174930467605,-37.004303371815524,Tyrosine metabolism
4MTOLBUTAMIDEte,0.3572295662123339,0,-6.8044344385111355,-14.367772871692944,"Transport, extracellular"
5ADTSTSTERONEGLCte,0.34807111579082217,0,10.490658452773914,5.073295599634893,"Transport, extracellular"
5ADTSTSTERONEGLCtr,-0.34807111578982647,0,-10.490658452750143,-5.073295599634893,"Transport, endoplasmic reticular"
5ADTSTSTERONESte,-1,0,NA,229.56335645422936,"Transport, extracellular"
5AOPtm,-1,0,NA,749.7737065917969,Heme synthesis
5FTHFt2,0.48242896569763044,0,268.0806749649048,93.59692466125489,"Transport, extracellular"
5HLTDL,-0.6100994530639443,0,8.003084597083799,33.04884343930502,Tryptophan metabolism
5MTHFt,1.1281308875721832,0,970.975727557373,-58.460681393945826,"Transport, extracellular"
7DHFtl,0.34030828291329146,0,6.098473245819419,3.001632041247508,"Transport, lysosomal"
7DHFtm,0.5395354260845704,0,3.155319083044934,0.9437344750400682,"Transport, mitochondrial"
A4GALTc,-1,0,NA,7.557999297496705,Sphingolipid metabolism
AATAi,1,0,NA,-88.15111265302599,Lysine metabolism
ABO1g,-0.34052397913147325,0,0.7728679584191439,1.5710169864838732,Blood group synthesis
ABO9g,-0.4173998768995143,0,0.5169980278834108,1.2577974360517727,Blood group synthesis
ABTArm,1,0,NA,-731.4739996520996,Glutamate metabolism
ABTti,-1,0,NA,591.8433635936738,"Transport, extracellular"
ABUTt2rL,0.5243530868973098,0,242.8572524433224,75.77922952508763,"Transport, lysosomal"
ACACt2m,-0.3998230599154459,0,-463.03789099121093,-198.5284229959011,"Transport, mitochondrial"
ACACT6p,0.3940937652070411,0,11.393840168141224,4.952033334060531,Fatty acid oxidation
ACACT8p,0.3602503386186603,0,17.2551895085208,8.115419148770203,Fatty acid oxidation
ACACtx,0.3770339393780946,0,-195.53389212808608,-432.2174557796478,"Transport, peroxisomal"
ACCOAtn,2.546605702205087,0,126.67196372828484,-290.47837352967264,"Transport, nuclear"
ACGAM6PSi,0.4703489055874552,0,36.10557791502476,13.006000674003177,Aminosugar metabolism
ACGPID,-0.42365635021210574,0,17.809947735641384,43.99327588691711,Phosphatidylinositol phosphate metabolism
ACHEe,0.6491152368549561,0,284.5159418911934,60.53689072200414,Glycerophospholipid metabolism
ACHtn,2.546605702205087,0,126.67196372828484,-290.47837352967264,"Transport, nuclear"
ACNACNGALGBSIDEte,-1,0,NA,0.7897994348475528,"Transport, extracellular"
ACNACNGALGBSIDEtg,1,0,NA,-0.7897994348475528,"Transport, golgi apparatus"
ACNAM9PL2,-0.3853598717627679,0,6.207745481316725,13.991864651917945,Aminosugar metabolism
ACOAD8m,0.6004462331356126,0,193.3458705137253,48.269082254690865,"Valine, leucine, and isoleucine metabolism"
ACOAD9m,-0.8655710043085014,0,19.083832799603417,264.8405199999809,"Valine, leucine, and isoleucine metabolism"
ACOAHi,-0.36431638420814383,0,80.6939615860721,173.1869300444398,Pyruvate metabolism
ACS2,0.46472652155805944,0,3.551142056387649,1.2977386105783957,Propanoate metabolism
ADKd,34.70770139606889,0,240.14032562772036,-254.38872084198,Nucleotide interconversion
ADMDC,-0.4202205321105783,0,35.13289563855697,86.06110168063641,Arginine and proline metabolism
ADNCYC,0.3671831676412226,0,13.824653471822536,6.398903691588086,Nucleotide interconversion
ADNK1m,-0.36935514681779436,0,24.726832118553,53.69078119830042,Nucleotide interconversion
ADNt,-0.5561135054038916,0,102.25647281673923,358.4760525545597,"Transport, extracellular"
ADNtl,0.5585581062660396,0,28.43039222750496,8.052549426326463,"Transport, lysosomal"
ADNtm,-0.6884944348284697,0,8.362556753488013,45.32866220681004,"Transport, mitochondrial"
ADRNt,-1,0,NA,482.17052525177,"Transport, extracellular"
AHCYStr,0.4842222684185801,0,791.1347073364258,274.92490404424666,"Transport, endoplasmic reticular"
AKGMALtm,-0.41661844798342956,0,-397.97858734029234,-163.8926602166187,"Transport, mitochondrial"
AKGtp,1,0,NA,-14.773646876265808,"Transport, peroxisomal"
ALADGLNexR,1.686732696844463,0,550.3790624603272,-140.67767079844643,"Transport, extracellular"
ALADGLYexR,10.027897442637355,0,208.59546259378195,-170.76495797060952,"Transport, extracellular"
ALAGLNexR,0.48337432578113465,0,445.61187951431276,155.1965230170667,"Transport, extracellular"
ALAGLNNaEx,-0.6338969708481232,0,41.75514879947575,186.3508512858376,"Transport, extracellular"
ALAGLYexR,0.479067678592908,0,-36.64683993622046,-104.05028493110802,"Transport, extracellular"
ALASm,0.7310479361695994,0,383.1031548782587,59.522548169544336,"Glycine, serine, alanine, and threonine metabolism"
ALCD22_L,-0.3370440665631973,0,158.15330564174653,318.9622842945874,Pyruvate metabolism
ALCD2if,-0.6088621411358067,0,96.95615853822343,398.8084745237351,Glycolysis/gluconeogenesis
ALCD2yf,-0.3382688044333651,0,170.6858673664093,345.1908768764019,Glycolysis/gluconeogenesis
ALDD21,0.9920876637659375,0,573.5001399997711,2.2778746239419245,Fatty acid oxidation
ALDSTRNte,0.42323442314609133,0,11.656559237341071,4.723819212997402,"Transport, extracellular"
ALDSTRNtm,-0.42323442314609133,0,-11.656559237341071,-4.723819212997402,"Transport, mitochondrial"
AMETr,-0.4842222684185801,0,-791.1347073364258,-274.92490404424666,"Transport, endoplasmic reticular"
AMETt2m,-1.1229164132171598,0,-394.57875133666994,22.846026600034534,"Transport, mitochondrial"
AMPDA,0.9093047387595639,0,632.6454488700866,30.051747682312225,Nucleotide interconversion
AMPTASECGe,-0.3880072288466981,0,73.92319044320332,167.65871681983472,Glutathione metabolism
AMY1e,0.6237786262586511,0,51.67429693965912,11.972675749865546,Starch and sucrose metabolism
AMY2e,-0.3573434481348648,0,26.89714355100095,56.80897746477127,Starch and sucrose metabolism
ARACHCOAtx,0.5486702060149921,0,-2.8371270387677856,-9.735174088163925,"Transport, peroxisomal"
ARACHCPT1,9.179666061956926,0,2.4933472102280154,-2.003479036743217,Fatty acid oxidation
ARACHCPT2,9.179666061957896,0,2.4933472102280154,-2.0034790367432636,Fatty acid oxidation
ARACHCRNt,-1,0,NA,658.1890045349121,Fatty acid oxidation
ARACHDCOAtx,1,0,NA,-41.86612304436115,"Transport, peroxisomal"
ARACHDtr,-0.8261349806192969,0,17.002607384499406,178.58138581967353,"Transport, endoplasmic reticular"
ARGDCm,-1,0,NA,53.68534155346751,Arginine and proline metabolism
ARGNm,-0.5372985691966201,0,19.622029254980657,65.19304996753782,Urea cycle
ARGSS,0.37622091571450894,0,13.416190488930518,6.080956133005648,Alanine and aspartate metabolism
ARGtm,-0.5417932334506914,0,146.43836387033488,492.7419126373291,"Transport, mitochondrial"
ASNGLNNaEx,-0.9443380347119348,0,10.103526925010327,352.928100604558,"Transport, extracellular"
ASNNm,-0.5495375653677977,0,43.95309567007153,151.19345725374222,Alanine and aspartate metabolism
ASNSERNaEx,-0.8964887444321048,0,8.083307117820342,148.09887951440214,"Transport, extracellular"
ASNt4,-0.784394621962656,0,6.37319024834398,52.74583828757787,"Transport, extracellular"
ASNtm,-0.5495375653677977,0,43.95309567007153,151.19345725374222,"Transport, mitochondrial"
ASPCTr,-0.5336805725482898,0,-36.0880255184412,-10.972654735829833,Pyrimidine synthesis
ASPTAm,-1.6808926792112087,0,-25.690561444791825,101.15197329182028,Alanine and aspartate metabolism
ATPasel,0.524092404365268,0,13.754202840169146,4.294837757073771,"Transport, lysosomal"
ATPtn,-0.9284595088286538,0,4.685697880336349,126.30859090959281,"Transport, nuclear"
B3GALT43g,0.48768286593683585,0,5.006476054966068,1.7240928984020265,Sphingolipid metabolism
B3GALT5g,0.3693552053566136,0,2.9746099007561804,1.3699310760775392,Sphingolipid metabolism
B3GNT314g,-0.4173998768995143,0,0.5169980278834108,1.2577974360517727,Blood group synthesis
B3GNT31g,0.4342512560408941,0,2.0705964565806565,0.8167588068148648,Sphingolipid metabolism
B3GNT32g,0.4342512560408941,0,2.0705964565806565,0.8167588068148648,Sphingolipid metabolism
B3GNT33g,0.4342512560408941,0,2.0705964565806565,0.8167588068148648,Sphingolipid metabolism
BAAT2x,-0.4453951827673405,0,8.633389994740902,22.500093619120864,Bile acid synthesis
BAMPPALDOX,0.4652984497755919,0,17.833288698206413,6.5075392074500105,Beta-Alanine metabolism
BBHOX,-0.6813016199059669,0,2.3367644603355062,12.327661883130917,Lysine metabolism
BCDO,0.5644689863826498,0,16.3989335836911,4.565283318567293,Vitamin A metabolism
BDHm,-0.7675124421790946,0,15.727746168454226,119.57193451871574,Butanoate metabolism
BHBtm,-0.7675124421790946,0,15.727746168454226,119.57193451871574,"Transport, mitochondrial"
BHMT,-0.6798119297261412,0,51.49599265522733,270.1649150180817,"Glycine, serine, alanine, and threonine metabolism"
BILDGLCURt,-1.7017036656472557,0,-107.25588865383854,412.9572663284302,"Transport, extracellular"
BILDGLCURtr,0.8604109986406997,0,-2.132826919748464,-28.42584029585249,"Transport, endoplasmic reticular"
BILGLCURt,-1.0720359391497303,0,-13.658928716932483,392.88432310074865,"Transport, extracellular"
BILGLCURtr,-1,0,NA,936.6580286254883,"Transport, endoplasmic reticular"
BILIRUBtr,0.5116406538896462,0,-301.52719957151413,-933.330705670166,"Transport, endoplasmic reticular"
BIOCYTtn,0.35831332196218274,0,7.496823835672119,3.541607010080626,"Transport, nuclear"
BMTer_U,-0.4538047876548643,0,7.4635225865615995,19.865616951356827,Phosphatidylinositol phosphate metabolism
BTND1n,0.35831332196218274,0,7.496823835672119,3.541607010080626,Biotin metabolism
BTNDe,-0.7405799251620635,0,31.33754255137369,210.25935445785524,Biotin metabolism
BTNt2m,-0.7977922059811071,0,23.649051372740324,210.25935445785524,"Transport, mitochondrial"
BTNt3i,-0.42180347255858974,0,1.473876633647754,3.624309065148594,"Transport, extracellular"
BTNtn,1.1144303244436744,0,0.19166734156735407,-3.541607010080626,"Transport, nuclear"
BUP2,-0.5553176207210815,0,25.607889011616262,89.5659528354168,Pyrimidine catabolism
BZtr,-0.5043290901916649,0,-341.9839595105469,-112.68245854957998,"Transport, endoplasmic reticular"
C161CPT1,-62.36878736465234,0,-73.44742508539333,75.84106616058584,Fatty acid oxidation
C161CPT2,-12.087365939939222,0,-51.5909799950731,60.89724449009272,Fatty acid oxidation
C180CPT1,-14.91392042709235,0,-34.179323010137466,29.88379782302524,Fatty acid oxidation
C180CPT2,2.1369673165540957,0,8.188165236187364,-22.591684347016233,Fatty acid oxidation
C180CRNt,-1,0,NA,131.71969440658373,Fatty acid oxidation
C181CPT1,0.3819000244627657,0,270.35163576974867,120.92360988320932,Fatty acid oxidation
C181CPT2,0.9657335243875804,0,-2.2329942559107896,-128.0981364484951,Fatty acid oxidation
C204CPT1,1.546175512573663,0,0.5092052640194655,-2.3738266258231544,Fatty acid oxidation
C204CPT2,-0.7126203769174645,0,4.232906191956557,25.225732152355462,Fatty acid oxidation
C226COAtx,0.8280961422827565,0,415.00921584415437,39.025127585868354,"Transport, peroxisomal"
C226CPT1,0.714742870193035,0,282.1023900513649,46.9293207142353,Fatty acid oxidation
C226CPT2,0.714742870193035,0,282.1023900513649,46.9293207142353,Fatty acid oxidation
C226CRNt,-1,0,NA,29.259975724069122,Fatty acid oxidation
CAROtr,0.5644689863826498,0,16.3989335836911,4.565283318567293,"Transport, extracellular"
CEPTE,0.36517370785743763,0,31.77921158216698,14.777811013942992,Glycerophospholipid metabolism
CERT1gt,-0.4165332055829415,0,14.029439629401965,34.060493726338606,"Transport, golgi apparatus"
CERT2rt,45.24573489084969,0,0.49659713066750266,-0.4751206796244137,"Transport, endoplasmic reticular"
CH25H,-1,0,NA,20.945989703679736,Bile acid synthesis
CHAT,-0.6885021954707918,0,66.00642798900215,357.7938494400024,Glycerophospholipid metabolism
CHATn,2.546605702205087,0,126.67196372828484,-290.47837352967264,Glycerophospholipid metabolism
CHOLPtg,0.7552159086379414,0,-8.311287585550069,-59.59580179516375,"Transport, golgi apparatus"
CHOLtn,2.546605702205087,0,126.67196372828484,-290.47837352967264,"Transport, nuclear"
CHSTEROLt1,1.8321366417882576,0,120.10465387731493,-35.2890753454268,"Transport, mitochondrial"
CHSTEROLt3,-64.07939887629693,0,-79.07108753122228,81.5781211726267,"Transport, mitochondrial"
CHSTEROLtg,0.6525215902957693,0,76.88204241499808,16.166112436930593,"Transport, golgi apparatus"
CHTNASE,-0.4421916222443917,0,4.022828717688995,10.400865432890832,Aminosugar metabolism
CITMCOAHm,-0.7708633366672338,0,3.940512116814349,30.453914855282186,C5-branched dibasic acid metabolism
CITMCOALm,-0.7708633366672338,0,3.940512116814349,30.453914855282186,C5-branched dibasic acid metabolism
CITRtm,-0.4122418897291217,0,241.6350024390936,580.5910059020996,"Transport, mitochondrial"
CITt4_2,-0.7643344308697109,0,2.712170653748978,20.30494350304613,"Transport, extracellular"
CITtam,1.3463441211037093,0,41.69126365998797,-282.4417838485718,"Transport, mitochondrial"
CLFORtex,0.3494539435007333,0,448.42050265307427,216.17498771214485,"Transport, extracellular"
CO2ter,0.5867260061052039,0,-41.60560661816597,-159.7407506789118,"Transport, endoplasmic reticular"
CO2tp,0.51942797478081,0,-14.144719783833239,-44.72146069091163,"Transport, peroxisomal"
COAtm,1.3847099359851234,0,55.727865422635155,-345.44154427490236,"Transport, mitochondrial"
COAtn,-2.546605702205087,0,-126.67196372828484,290.47837352967264,"Transport, nuclear"
COAtr,1.9380928177227645,0,212.53829781927095,-67.8605690986354,"Transport, endoplasmic reticular"
COKECBESr,0.5043290901916649,0,341.9839595105469,112.68245854957998,Alkaloid synthesis
CRNCAR3tp,-0.33528001015949893,0,48.11939785364157,96.66155830562114,"Transport, peroxisomal"
CRNt,1.1120626040893127,0,28.46536896200268,-536.4915600955964,"Transport, extracellular"
CRNtim,-1,0,NA,271.79155287389756,"Transport, mitochondrial"
CRTSLtr,1,0,NA,-134.48863258635103,"Transport, endoplasmic reticular"
CSBPASEly,0.34997870556261945,0,8.006484024832188,3.8551608912561615,Chondroitin sulfate degradation
CSEPASEly,0.8594774924037192,0,12.422012399122027,0.9387434582282811,Chondroitin sulfate degradation
CSm,-0.5408132693512541,0,43.700515745563386,146.63824114239216,Citric acid cycle
CSNAT2m,1.212294523380837,0,33.02140681763436,-344.11192664604187,Fatty acid oxidation
CSNAT2x,-0.9883062220970571,0,-228.84013851823806,-1.345872041927534,Fatty acid oxidation
CSNATm,-0.3500680714611269,0,-741.484817565918,-356.9558214508057,Fatty acid oxidation
CSNATr,-0.36828224565656265,0,-677.5975363016129,-312.8377901123047,Fatty acid oxidation
CSNt,0.4135414074347807,0,75.12655936115831,31.168960481438972,"Transport, extracellular"
CSPG_Btly,0.34997870556261945,0,8.006484024832188,3.8551608912561615,"Transport, lysosomal"
CSPG_Etly,0.8594774924037192,0,12.422012399122027,0.9387434582282811,"Transport, lysosomal"
CYSALANaEx,-0.7967255278125683,0,21.998370821951376,194.44170239754766,"Transport, extracellular"
CYSASNNaEx,-0.7484279027205218,0,31.990763535734175,222.33603885360063,"Transport, extracellular"
CYSGLNNaEx,0.4174994203337801,0,164.51523662202655,67.60512161175384,"Transport, extracellular"
CYSGLUexR,0.8994107624713527,0,-16.860210442343867,-318.3687038347363,"Transport, extracellular"
CYSGLYexR,0.49749117808734467,0,439.74286569976806,147.5632528730641,"Transport, extracellular"
CYSTA,0.40424118940730264,0,740.0775489379882,313.98289953861234,Methionine and cysteine metabolism
CYStec,0.6259589238053886,0,513.0968877227783,118.0345390440531,"Transport, extracellular"
CYTD,-1,0,NA,91.38515365592762,Pyrimidine catabolism
CYTDn,-0.4460214037633853,0,15.932221869244247,41.58704684430472,Nucleotide interconversion
CYTDt,-3.183166716470942,0,-224.07460510063171,116.94303694278001,"Transport, extracellular"
CYTDtn,-0.4460214037633853,0,15.932221869244247,41.58704684430472,"Transport, nuclear"
CYTK11,0.623781123285274,0,-83.00505280304766,-358.25432008050683,Nucleotide interconversion
CYTK11n,-13.42311194396926,0,-509.51086833953855,591.5371546094418,Nucleotide interconversion
CYTK12,1.0361248833934993,0,15.877546861459287,-894.9141205444336,Nucleotide interconversion
CYTK13,-1.6147583921740338,0,-86.05047709599094,365.99940724945066,Nucleotide interconversion
CYTK13n,0.7944072947071676,0,-47.90461183578162,-418.11009201812743,Nucleotide interconversion
CYTK14n,0.3464169032428019,0,-314.2663750389099,-647.4059099334717,Nucleotide interconversion
CYTK3,1.3426086140753166,0,52.94975900588036,-362.04741055669786,Nucleotide interconversion
CYTK4,-0.7014581082738313,0,73.93412848908147,421.3674056547165,Nucleotide interconversion
CYTK4n,1.6944784490733276,0,82.13112488269508,-318.6571826524824,Nucleotide interconversion
CYTK5,-0.9478264586737417,0,-144.5018990490893,-3.8705582667225085,Nucleotide interconversion
CYTK5n,-28.001297530062853,0,-96.56450872896463,89.90518539152667,Nucleotide interconversion
CYTK6n,1.4992298338265324,0,417.3306849372864,-83.36325281975455,Nucleotide interconversion
CYTK7,2.8930424852705596,0,171.34826240291596,-352.3777572358608,Nucleotide interconversion
CYTK7n,-1.4908863065992026,0,-137.14462121689022,695.9079005065918,Nucleotide interconversion
CYTK9,-12.107225703930393,0,-151.6229804203272,178.92466393013,Nucleotide interconversion
D3AIBTm,0.36026943979484666,0,85.609463903509,40.26186922946275,Pyrimidine catabolism
DADAe,0.6258826238467234,0,82.4206371241128,18.965079058905864,Nucleotide interconversion
DADNt4,-1.5199269004690303,0,-82.4206371241128,399.46765680999755,"Transport, extracellular"
DAG_HSter,-0.3797843605611632,0,40.23279321851898,89.50528708826303,"Transport, endoplasmic reticular"
DAGKn_hs,-1,0,NA,11.715739204755938,Glycerophospholipid metabolism
DALAOXx,0.4103781778494311,0,26.19683091821226,10.951830809038285,D-alanine metabolism
DALAxt,0.4103781778494311,0,26.19683091821226,10.951830809038285,D-alanine metabolism
DASCBR,0.4971089856373051,0,358.7371711708188,120.50271665619574,Vitamin C metabolism
DCK1m,0.33555620284494564,0,-361.49548606528043,-726.6190771621704,Nucleotide interconversion
DCK2n,6.858645125655071,0,20.2674923461271,-27.186324912849916,Nucleotide interconversion
DCYTD,-1,0,NA,274.6843866434097,Pyrimidine catabolism
DCYTDn,0.5452700718152883,0,221.3084877635956,65.12492190390155,Nucleotide interconversion
DESAT18_6,0.3846800288623588,0,12.248666268103625,5.443025693637202,Fatty acid synthesis
DESAT20_1,-0.35179809987653693,0,4.3323792152730185,9.034996642304165,Fatty acid synthesis
DGSNt,-4.6137646551236395,0,-587.2318925689697,378.02045295758245,"Transport, extracellular"
DHAAt1r,0.5195526297234996,0,353.5097379412174,111.77159687578417,"Transport, extracellular"
DHCHOLESTANATEtm,0.9615346426590478,0,-1.424687434755784,-72.65170406357488,"Transport, peroxisomal"
DHCR241r,0.337207027799788,0,1.25231747337324,0.6207170640443154,Cholesterol metabolism
DHCR72r,-0.38100865148393936,0,7.541000164340716,16.824445919579965,Cholesterol metabolism
DHCRD1,0.35144182036524196,0,53.514021724736594,25.681428524499946,Sphingolipid metabolism
DHCRD2,-0.3975383375353,0,5.2178837411021854,12.103994367309124,Sphingolipid metabolism
DHEAtr,0.42219843492415143,0,-47.64632296402084,-117.27646660220772,"Transport, endoplasmic reticular"
DHFtl,-0.34030828291329146,0,-6.098473245819419,-3.001632041247508,"Transport, lysosomal"
DHFtm,-1,0,NA,109.60398025176525,"Transport, mitochondrial"
DHPM1,-0.40579307519902097,0,19.04366670900929,45.05409423643136,Pyrimidine catabolism
DHPM2,-0.5553176207210815,0,25.607889011616262,89.5659528354168,Pyrimidine catabolism
DINt,-1.090147730357315,0,-439.7206318328857,18.965079058905864,"Transport, extracellular"
D_LACtm,0.7955622567452303,0,-79.26064499989003,-696.140645759964,"Transport, mitochondrial"
DLNLCGCPT2,0.44627118613055744,0,29.547493184874977,11.312745846683345,Fatty acid oxidation
DLNLCGCRNt,-1,0,NA,35.62778814235246,Fatty acid oxidation
DM_dctp_m_,-0.561372292643747,0,20.067577903887535,71.43406491225436,Exchange/demand reaction
DM_dttp_n_,-1,0,NA,7.257633937715087,Exchange/demand reaction
DM_ethamp_r_,-0.8511744379885603,0,28.279287705818923,351.7533803871155,Exchange/demand reaction
DM_gpi_sig_er_,-0.42365635021210574,0,17.809947735641384,43.99327588691711,Exchange/demand reaction
DM_kdn_c_,-0.3853598717627679,0,6.207745481316725,13.991864651917945,Exchange/demand reaction
DM_mem2emgacpail_prot_hs_r_,-0.8155077838554067,0,3.350272641240095,32.96857821601629,Exchange/demand reaction
DMNONCOACRNCPT1,0.9248060745764314,0,243.23789228849412,9.502262162671057,Fatty acid oxidation
DNADtn,-0.9284595088287416,0,4.685697880330388,126.30859090959281,"Transport, nuclear"
DNDPt30m,-0.561372292643747,0,20.067577903887535,71.43406491225436,"Transport, mitochondrial"
DOLMANP_Uter,-0.48784111846296097,0,56.78011583520323,164.94840584853887,N-glycan synthesis
DOLPMT3_Uer,-0.48784111846296097,0,56.78011583520323,164.94840584853887,N-glycan synthesis
DOLPMT4_Uer,-0.48784111846296097,0,56.78011583520323,164.94840584853887,N-glycan synthesis
DOPABMO,-1,0,NA,8.731119794320076,Tyrosine metabolism
DTDPtn,-1.046681675185817,0,-318.19908618106246,7.257633937715087,"Transport, nuclear"
DUDPtn,5.848940256551423,0,18.85671938739242,-26.634385594731242,"Transport, nuclear"
DURAD,0.8326188938495733,0,-19.04366670900929,-208.50491564884186,Pyrimidine catabolism
DURAD2,1.2075599657500558,0,351.1929714302063,-33.019986887172514,Pyrimidine catabolism
DURIK1m,-0.3349047654578109,0,3.3972773047801295,6.818635028792993,Nucleotide interconversion
DURIt,-1.7484256870104784,0,-513.4740212127685,139.82446347538232,"Transport, extracellular"
DURItn,-0.5452700718152883,0,-221.3084877635956,-65.12492190390155,"Transport, nuclear"
ECOAH12m,-0.8906044078327355,0,14.166114877418126,244.82265417203902,"Valine, leucine, and isoleucine metabolism"
ELAIDCPT1,1.2349872577970735,0,71.56356424879432,-7.5242154792346065,Fatty acid oxidation
ELAIDCPT2,4.911818132604942,0,4.932234629373145,-7.453944208999584,Fatty acid oxidation
ELAIDt,-1.08598470605203,0,-72.32204614037946,2.9811291810625407,"Transport, extracellular"
ESTRADIOLGLCt,0.38140552356757407,0,-3.894224526725517,-8.696332534774253,"Transport, extracellular"
ESTRADIOLt,1,0,NA,-56.04194356622864,"Transport, extracellular"
ESTRONESt,-0.36164781692011383,0,-528.977696850586,-247.98928429887295,"Transport, extracellular"
ESTRONESt2,-0.44649905716177324,0,109.4108886744529,285.93040239334107,"Transport, extracellular"
ETF,0.8357996048037405,0,33.299442532172144,2.9784196539155143,Fatty acid oxidation
ETFQO,0.8357996048037405,0,33.299442532172144,2.9784196539155143,Fatty acid oxidation
ETHAK,-0.3619074491685583,0,5.225100499961962,11.152149142440534,Glycerophospholipid metabolism
EX_10fthf[e],-0.37408855159024745,0,151.1843359519005,331.90104724731447,Exchange/demand reaction
EX_10fthf7glu[e],0.37408855159024745,0,-151.1843359519005,-331.90104724731447,Exchange/demand reaction
EX_2425dhvitd2[e],-0.36615673812974514,0,3.0998313247328815,6.681234472468586,Exchange/demand reaction
EX_2425dhvitd3[e],-0.6498630117376202,0,3.4119127135037797,16.0771034594863,Exchange/demand reaction
EX_2hb[e],0.47562388025612073,0,-90.84792223307763,-255.6511604385376,Exchange/demand reaction
EX_34dhoxpeg[e],0.43339890727479685,0,330.83760391235353,130.7751435695708,Exchange/demand reaction
EX_3aib[e],-1,0,NA,16.45320364773377,Exchange/demand reaction
EX_3mlda[e],0.5436114661968072,0,22.848906371607924,6.755572309680567,Exchange/demand reaction
EX_4mtolbutamide[e],-0.35722956621235163,0,6.804434438511587,14.36777287169448,Exchange/demand reaction
EX_5adtststeroneglc[e],0.34807111579082217,0,10.490658452773914,5.073295599634893,Exchange/demand reaction
EX_5adtststerones[e],-1,0,NA,229.56335645422936,Exchange/demand reaction
EX_5fthf[e],-0.48242896569763044,0,-268.0806749649048,-93.59692466125489,Exchange/demand reaction
EX_5mthf[e],-1,0,NA,239.94868390722274,Exchange/demand reaction
EX_7dhf[e],0.640007110294156,0,-13.993465431370213,-63.749544675326625,Exchange/demand reaction
EX_abt[e],-1,0,NA,591.8433635936738,Exchange/demand reaction
EX_acnacngalgbside_hs[e],-1,0,NA,0.7897994348475528,Exchange/demand reaction
EX_ala_D[e],-1,0,NA,784.073795300293,Exchange/demand reaction
EX_aldstrn[e],0.42323442314609133,0,11.656559237341071,4.723819212997402,Exchange/demand reaction
EX_bhb[e],0.7675124421790946,0,-15.727746168454226,-119.57193451871574,Exchange/demand reaction
EX_bildglcur[e],-0.6366705841559059,0,8.333889208143612,37.541224915397166,Exchange/demand reaction
EX_bilglcur[e],1,0,NA,-936.6580286254883,Exchange/demand reaction
EX_bilirub[e],-1,0,NA,918.0669394226074,Exchange/demand reaction
EX_biocyt[e],0.7405799251620635,0,-31.33754255137369,-210.25935445785524,Exchange/demand reaction
EX_camp[e],0.564204203193797,0,12.5488429251533,3.49617587677938,Exchange/demand reaction
EX_caro[e],-0.5644689863826498,0,-16.3989335836911,-4.565283318567293,Exchange/demand reaction
EX_crn[e],-4.026822395832583,0,-498.7334818572998,300.3045569480896,Exchange/demand reaction
EX_crvnc[e],-1,0,NA,96.28703253991455,Exchange/demand reaction
EX_cspg_b[e],-0.3650101467814766,0,-7.296369926226617,-3.394202511539572,Exchange/demand reaction
EX_dhf[e],-0.640007110294156,0,13.993465431370213,63.749544675326625,Exchange/demand reaction
EX_eicostet[e],-0.49914829421331613,0,-6.140015475173621,-2.0513228985869523,Exchange/demand reaction
EX_elaid[e],1.0022248761784949,0,76.71759899695925,-0.0852487452885079,Exchange/demand reaction
EX_estradiol[e],-1,0,NA,56.04194356622864,Exchange/demand reaction
EX_estrones[e],0.5636686939894943,0,-23.161066852443014,-83.00168852814548,Exchange/demand reaction
EX_fuc_L[e],-0.654237191372598,0,41.48341225527711,198.46959148133993,Exchange/demand reaction
EX_galgalfucfucgalacglcgalacglcgal14acglcgalgluside_hs[e],-0.4173998768995143,0,0.5169980278834108,1.2577974360517727,Exchange/demand reaction
EX_galgalgalthcrm_hs[e],0.43425125604322984,0,2.070596456592577,0.8167588068148648,Exchange/demand reaction
EX_gchola[e],0.6590197796975791,0,-23.609718370062204,-114.87173576896302,Exchange/demand reaction
EX_glyc_S[e],-0.506949442883148,0,111.34875313272477,340.32400750198366,Exchange/demand reaction
EX_glygn2[e],0.3573434481348648,0,-26.89714355100095,-56.80897746477127,Exchange/demand reaction
EX_gq1b_hs[e],0.904062287200596,0,-0.3194885114026778,-6.340843532799714,Exchange/demand reaction
EX_gthox[e],-0.6734595399796157,0,4.673707961840617,23.95188999039391,Exchange/demand reaction
EX_hco3[e],-1,0,NA,198.30071798148677,Exchange/demand reaction
EX_hdca[e],-1,0,NA,274.93014789659605,Exchange/demand reaction
EX_hestratriol[e],-0.35790966726159545,0,7.826525866082462,16.551744501900433,Exchange/demand reaction
EX_hista[e],0.4505683635833003,0,-56.14274729737893,-148.2238875164896,Exchange/demand reaction
EX_i[e],0.9727564980997705,0,-3.8537713756806804,-279.0592983019173,Exchange/demand reaction
EX_idp[e],1,0,NA,-12.706696387638571,Exchange/demand reaction
EX_imp[e],0.5689732452825654,0,26.451072475340446,7.26661207392887,Exchange/demand reaction
EX_leuktrB4[e],0.5412018502362685,0,278.82285701762436,83.00237304536887,Exchange/demand reaction
EX_lneldc[e],-1,0,NA,311.26898015213015,Exchange/demand reaction
EX_mercplaccys[e],0.4380188983854873,0,598.923117276001,234.06053537061214,Exchange/demand reaction
EX_nifedipine[e],0.6074744158949446,0,-3.971473318691132,-16.264014402426216,Exchange/demand reaction
EX_nrpphrsf[e],0.350131954379208,0,3.2199115107963867,1.5498615478331383,Exchange/demand reaction
EX_nrvnc[e],16.944528130719874,0,4.104756854602091,-4.619636545107773,Exchange/demand reaction
EX_ocdca[e],1,0,NA,-7.693760624940705,Exchange/demand reaction
EX_octa[e],-0.6251286878111763,0,-19.14633941626876,-4.416520017412436,Exchange/demand reaction
EX_peplys[e],0.6813016199038275,0,-2.3367644603355062,-12.32766188303247,Exchange/demand reaction
EX_perillyl[e],-0.3505048202469486,0,3.3742565337074604,7.016140928488972,Exchange/demand reaction
EX_prostge2[e],1,0,NA,-222.63431003602594,Exchange/demand reaction
EX_retnglc[e],-0.3365037822267907,0,12.731410865525062,25.645328969567128,Exchange/demand reaction
EX_s2l2fn2m2masn[e],0.7469417467009215,0,-26.760673525175545,-184.73745527561306,Exchange/demand reaction
EX_s2l2n2m2masn[e],-0.7574114711165351,0,25.3514951088432,183.65669852278234,Exchange/demand reaction
EX_sl_L[e],-0.38919892144606055,0,3.305822598733046,7.518724753277271,Exchange/demand reaction
EX_spc_hs[e],0.9009887339413128,0,-9.724977858065976,-186.71686649329664,Exchange/demand reaction
EX_srtn[e],-4.325252751830564,0,-8.026710795814328,12.854440532385837,Exchange/demand reaction
EX_strch1[e],-0.6237786262586511,0,-51.67429693965912,-11.972675749865546,Exchange/demand reaction
EX_strdnc[e],-0.4972678435739234,0,-144.7694407758713,-48.608706490434706,Exchange/demand reaction
EX_tagat_D[e],-0.693496803023257,0,-43.15895719641447,-7.8112685747430834,Exchange/demand reaction
EX_tdchola[e],1,0,NA,-297.9580059793472,Exchange/demand reaction
EX_thym[e],32.4945273661028,0,277.63546659755707,-295.2661783317089,Exchange/demand reaction
EX_thyox_L[e],-1,0,NA,296.0449358803168,Exchange/demand reaction
EX_tolbutamide[e],0.35722956621235163,0,-6.804434438511587,-14.36777287169448,Exchange/demand reaction
EX_ttdca[e],-0.6705422373014154,0,25.336747797531938,128.47202932763844,Exchange/demand reaction
EX_Tyr_ggn[e],-1,0,NA,56.80897746477127,Exchange/demand reaction
EX_ump[e],-1.5841851714633155,0,-8.16981485980842,36.13976431725181,Exchange/demand reaction
EX_urate[e],-0.38018268044479553,0,422.3020413314819,940.3641120910645,Exchange/demand reaction
EX_vacc[e],0.5692613410490286,0,-0.9002602018496649,-3.27981596796604,Exchange/demand reaction
EX_whddca[e],-0.3843815788224827,0,3.6463324593121045,8.19974730008698,Exchange/demand reaction
FACOAL180i,-0.46373585364937664,0,2.8187380690807213,7.693760624940705,Fatty acid oxidation
FACOAL181i,0.40025590711589265,0,8.064768138996218,3.454223636738865,Fatty acid oxidation
FACOAL1821,0.7058868621358922,0,20.660705935048696,3.5621266497336443,Fatty acid oxidation
FACOAL1822,0.5099501284212765,0,8.025449840681032,2.60463613318092,Fatty acid oxidation
FACOAL1831,0.4296639363721784,0,4.751386985817824,1.895471572948976,Fatty acid oxidation
FACOAL1832,0.48558048628750244,0,6.036521256442229,2.09029692966309,Fatty acid oxidation
FACOAL184,0.42281740820951963,0,8.09355416243358,3.2832453000055932,Fatty acid oxidation
FACOAL205,0.7227538117310817,0,28.6852461352447,4.616373562140602,Fatty acid oxidation
FACOAL2252,0.49475464032815736,0,5.142250246161362,1.738143508672456,Fatty acid oxidation
FACOAL226,0.42851202365813623,0,9.598658924291401,3.8400223963055895,Fatty acid oxidation
FACOAL80i,0.6251286878115837,0,19.14633941626876,4.416520017406529,Fatty acid oxidation
FAH1,-0.3843815788224827,0,3.6463324593121045,8.19974730008698,Cytochrome metabolism
FALDtly,0.3479407756411782,0,44.57964647410512,21.565168312582838,"Transport, lysosomal"
FAOXC16080m,-0.5695826215494416,0,5.66168568206779,20.646200409562887,Fatty acid oxidation
FAOXC170m,0.42951615421671,0,1.8028501695301558,0.7194720360807497,Fatty acid oxidation
FAOXC182806m,0.433403356068809,0,7.3545034322352905,2.907093069680874,Fatty acid oxidation
FAOXC183803m,0.5204999658398486,0,24.620715149916407,7.76431043779171,Fatty acid oxidation
FAOXC183806m,0.4724573108368356,0,15.431320326654314,5.528635813444981,Fatty acid oxidation
FAOXC183806x,0.697146719691755,0,8.165409797798958,1.4571051009506373,Fatty acid oxidation
FAOXC200180m,-0.3470292848022569,0,32.3552405745015,66.74641841706037,Fatty acid oxidation
FAOXC2031836m,0.38868423744520386,0,19.32726828538088,8.508099560282472,Fatty acid oxidation
FAOXC2252053m,0.42920958681589527,0,7.435321993975504,2.969480860083843,Fatty acid oxidation
FAOXC226205m,0.7879633579034995,0,270.8144548042059,32.11619934717789,Fatty acid oxidation
FAOXC226205x,0.7978374778673255,0,422.5717775783539,47.51718516774177,Fatty acid oxidation
FAOXC2452256x,0.36101636791438685,0,6.471750883866099,3.0384225959479174,Fatty acid oxidation
FAOXC80,-0.5817633613312205,0,3.9726465650496947,15.024477061872975,Fatty acid oxidation
FAS160COA,-0.5783667134154594,0,14.664480788759258,54.89587535650404,Fatty acid synthesis
FATP1t,-4.944226320827253,0,-115.53880735785476,174.12510437015294,"Transport, extracellular"
FATP2t,-0.6692627834042318,0,63.23805686028675,319.16860127868654,"Transport, extracellular"
FATP3t,-1.0294382928534196,0,-4.583477753685858,315.9790995384216,"Transport, extracellular"
FATP6t,-0.9798019573096983,0,4.941578242810091,484.37100699920654,"Transport, extracellular"
FATP7t,0.6354143772291558,0,431.91280050964355,96.28703253991455,"Transport, extracellular"
FATP9t,-0.7023521736239223,0,28.661248398192182,163.92371852159798,"Transport, extracellular"
FBA5,0.6650176148573674,0,13.85014804415492,2.7864904160830917,Galactose metabolism
FBP26,0.3744815589347784,0,6.165261766957056,2.805774223857003,Fructose and mannose metabolism
FE3R2e,-0.808172549398966,0,11.8577513442592,111.77159687578417,Heme synthesis
FKYNH,-0.4790601196423608,0,6.389661427713241,18.141620083414555,Tryptophan metabolism
FOLR2,-0.49354543613285706,0,213.1596883898735,628.6125202056885,Folate metabolism
FORtr,0.42469297927433647,0,-6.214343721877877,-15.38922966764695,"Transport, endoplasmic reticular"
FPGS2,-0.39703139212601934,0,2.4182219655712425,5.602832311525208,Folate metabolism
FPGS3,-0.39703139212601934,0,2.4182219655712425,5.602832311525208,Folate metabolism
FPGS4m,0.5395354260845704,0,3.155319083044934,0.9437344750400682,Folate metabolism
FPGS5m,0.5395354260845704,0,3.155319083044934,0.9437344750400682,Folate metabolism
FPGS6m,0.5395354260845704,0,3.155319083044934,0.9437344750400682,Folate metabolism
FPGS8,0.40465644492507397,0,9.594792775466386,4.066615763442477,Folate metabolism
FPGS9,0.40465644492507397,0,9.594792775466386,4.066615763442477,Folate metabolism
FRUt1r,0.7366460425998363,0,100.24242686579994,15.201278307112062,"Transport, extracellular"
FUCACGALFUCGALACGLCGALGLUSIDEtg,-0.34052397913147325,0,0.7728679584191439,1.5710169864838732,"Transport, golgi apparatus"
FUCACNGAL14ACGLCGALGLUSIDEtg,0.44442052316969266,0,2.292641774064058,0.8818378699013927,"Transport, golgi apparatus"
FUCASEe,-0.7574114711165351,0,25.3514951088432,183.65669852278234,N-glycan degradation
FUMAC,-0.3668093241003891,0,3.919461782494554,8.46057453729473,Tyrosine metabolism
FUMm,0.8768150778705867,0,-25.44314175776383,-387.64542976455687,Citric acid cycle
FUMSO3tm,-1,0,NA,22.949192917642648,"Transport, mitochondrial"
FUMtm,-1,0,NA,33.71421539181941,"Transport, mitochondrial"
FUT18g,-0.4173998768995143,0,0.5169980278834108,1.2577974360517727,Blood group synthesis
FUT33g,-0.34052397913147325,0,0.7728679584191439,1.5710169864838732,Blood group synthesis
FUT92g,0.44442052316969266,0,2.292641774064058,0.8818378699013927,Blood group synthesis
G6PDH1rer,3.455585955943286,0,276.20198153331876,-152.22188811153472,Pentose phosphate pathway
G6PDH2rer,-0.5495617005220529,0,84.35999854854606,290.20849905176163,Pentose phosphate pathway
G6Pter,0.8780175113645093,0,-36.62055914607614,-563.8026582471371,"Transport, endoplasmic reticular"
GABAVESSEC,-0.5594664479743733,0,5.694506136101224,20.158263124797042,"Transport, extracellular"
GACPAILter,-0.42365635021210574,0,17.809947735641384,43.99327588691711,"Transport, endoplasmic reticular"
GALASE19ly,-0.36692504324027275,0,21.253474058553575,45.89015192638636,Keratan sulfate degradation
GALGALFUCFUCGALACGLCGALACGLCGAL14ACGLCGALGLUSIDEte,0.4173998768995143,0,-0.5169980278834108,-1.2577974360517727,"Transport, extracellular"
GALGALFUCFUCGALACGLCGALACGLCGAL14ACGLCGALGLUSIDEtg,-0.4173998768995143,0,0.5169980278834108,1.2577974360517727,"Transport, golgi apparatus"
GALGALGALTHCRMte,0.43425125604322984,0,2.070596456592577,0.8167588068148648,"Transport, extracellular"
GALGALGALTHCRMtg,-0.4342512560408941,0,-2.0705964565806565,-0.8167588068148648,"Transport, golgi apparatus"
GALGLUSIDEtl,29.51111177714913,0,14.584806900508202,-15.60790322972238,"Transport, lysosomal"
GALGT3,0.48768286593650645,0,5.006476054966068,1.7240928984035164,Sphingolipid metabolism
GALOR,1.4738217157720372,0,69.65520238587679,-363.6695966918945,Galactose metabolism
GAMt1r,0.3851919444522439,0,25.536682956519584,11.334283639546973,"Transport, extracellular"
GAMYe,-1,0,NA,56.80897746477127,Starch and sucrose metabolism
GBSIDEtl,3.1911196094086134,0,5.755215681536135,-11.008434772655926,"Transport, lysosomal"
GCHOLAt,-3.5617578758284405,0,-217.53713466432094,387.37140098347663,"Transport, extracellular"
GCHOLAt2,-0.6095506034785314,0,20.88599551059847,86.09839579169453,"Transport, extracellular"
GCHOLAte,1,0,NA,-283.82963547409474,"Transport, extracellular"
GCNTg,-0.4173998768995143,0,0.5169980278834108,1.2577974360517727,Blood group synthesis
GGH_10FTHF5GLUe,-0.37408855159024745,0,151.1843359519005,331.90104724731447,Folate metabolism
GGH_10FTHF6GLUe,-0.37408855159024745,0,151.1843359519005,331.90104724731447,Folate metabolism
GGH_10FTHF7GLUe,-0.37408855159024745,0,151.1843359519005,331.90104724731447,Folate metabolism
GGH_5DHFe,-0.640007110294156,0,13.993465431370213,63.749544675326625,Folate metabolism
GGH_5DHFl,0.34030828291329146,0,6.098473245819419,3.001632041247508,Folate metabolism
GGH_6DHFe,-0.640007110294156,0,13.993465431370213,63.749544675326625,Folate metabolism
GGH_6DHFl,0.34030828291329146,0,6.098473245819419,3.001632041247508,Folate metabolism
GGH_7DHFe,-0.640007110294156,0,13.993465431370213,63.749544675326625,Folate metabolism
GGH_7DHFl,0.34030828291329146,0,6.098473245819419,3.001632041247508,Folate metabolism
GGNG,0.5465830150837115,0,5.849621838226803,1.7149534625179572,Starch and sucrose metabolism
GGT5r,0.6106814906219055,0,95.08136770105902,22.982157899333696,Eicosanoid metabolism
GGT6,-1,0,NA,156.30504882128685,Eicosanoid metabolism
GHMT2rm,0.41349800295992245,0,269.774944298172,111.93757844080925,"Glycine, serine, alanine, and threonine metabolism"
GHMT3,-0.6813016199059669,0,2.3367644603355062,12.327661883130917,Lysine metabolism
GLBRAN,0.5465830150837115,0,5.849621838226803,1.7149534625179572,Starch and sucrose metabolism
GLCAASE7ly,0.8594774924037192,0,12.422012399122027,0.9387434582282811,Chondroitin sulfate degradation
GLGNS1,0.5465830150837115,0,5.849621838226803,1.7149534625179572,Starch and sucrose metabolism
GLNALANaEx,0.8167565397248955,0,103.33771398590319,10.422948740596453,"Transport, extracellular"
GLNASNNaEx,-0.7436171941460538,0,15.333047153443957,104.27752581281607,"Transport, extracellular"
GLNSERNaEx,-0.5845678238746541,0,50.855939470685364,193.97795830299557,"Transport, extracellular"
GLNTHRNaEx,-0.49460218659107313,0,146.71597883429789,433.880038567096,"Transport, extracellular"
GLNtm,0.6242259482045337,0,145.55618628787994,33.67526417476284,"Transport, mitochondrial"
GLPASE1,0.5278720472843168,0,672.1755429840088,207.70905753440857,Starch and sucrose metabolism
GLPASE2,0.5465830150837115,0,5.849621838226803,1.7149534625179572,Starch and sucrose metabolism
GLUDxm,-0.7499603209386466,0,-145.93224111472742,-20.851244623340108,Glutamate metabolism
GLUNm,0.658070588293467,0,140.7243748954773,29.02035839759051,Glutamate metabolism
GLUt6,-0.6738489073976073,0,14.980246676116316,76.88053206043429,"Transport, extracellular"
GLUtr,-0.6106814906219055,0,-95.08136770105902,-22.982157899333696,"Transport, endoplasmic reticular"
GLXtp,0.5709016372816588,0,22.54408029887269,6.158009970615765,"Transport, peroxisomal"
GLYCK2,-1,0,NA,47.45896388702393,Glyoxylate and dicarboxylate metabolism
GLYC_St,-0.506949442883148,0,111.34875313272477,340.32400750198366,"Transport, extracellular"
GLYOXm,-0.7955622567452303,0,79.26064499989003,696.140645759964,Pyruvate metabolism
GNDer,-0.7406927481252326,0,20.555568424613075,137.98661098609156,Pentose phosphate pathway
GPIAT,-0.42365635021210574,0,17.809947735641384,43.99327588691711,Phosphatidylinositol phosphate metabolism
GPIMTer_U,-0.42365635021210574,0,17.809947735641384,43.99327588691711,Phosphatidylinositol phosphate metabolism
GQ1Bte,0.904062287200596,0,-0.3194885114026778,-6.340843532799714,"Transport, extracellular"
GQ1Btg,-0.48768286593683585,0,-5.006476054966068,-1.7240928984020265,"Transport, golgi apparatus"
GSNt,0.7772629591427361,0,359.86752987556457,45.10071415867433,"Transport, extracellular"
GSNtl,-0.5102077905667111,0,12.685958605549633,39.11543129498735,"Transport, lysosomal"
GTHP,-0.7180022367857916,0,18.06709522973232,110.06934829239846,Glutathione metabolism
GTHPe,-0.6734595399796157,0,4.673707961840617,23.95188999039391,Glutathione metabolism
GTHPm,-0.709200840716879,0,9.033010226241254,53.092411652621536,Glutathione metabolism
GTHRDtr,0.5617106032349533,0,104.21548461995125,29.247763185471296,"Transport, endoplasmic reticular"
H2ETer,-0.34371026491136514,0,5.444414898538845,11.147083055649185,Phosphatidylinositol phosphate metabolism
H2MTer_U,-0.45299443232347225,0,12.365532831618795,32.846192833781245,Phosphatidylinositol phosphate metabolism
H2O2tp,-0.6017555906544085,0,158.80176159240602,638.7072949859619,"Transport, peroxisomal"
H2Otm,-0.7570429049317551,0,27.42469302781299,198.33280559645723,"Transport, mitochondrial"
H2Otn,-0.8441934597076521,0,36.95314757321179,437.39340429649354,"Transport, nuclear"
H3ETer,-0.6239197078122375,0,2.0191076882651737,8.718533875026903,Phosphatidylinositol phosphate metabolism
H3MTer_U,-0.39975634381208625,0,10.34642513846471,24.127658949899672,Phosphatidylinositol phosphate metabolism
H4ETer,-0.7390449004063715,0,2.717624664906507,18.110668548282423,Phosphatidylinositol phosphate metabolism
H5MTer_U,-0.34371026491136514,0,5.444414898538845,11.147083055649185,Phosphatidylinositol phosphate metabolism
H6MTer_U,-0.8155077838554067,0,3.350272641240095,32.96857821601629,Phosphatidylinositol phosphate metabolism
HCO3_CLt,8.649850131799209,0,300.29814603506327,-238.05922171322555,"Transport, extracellular"
HDCEAtr,0.9720568448096566,0,254.55923829507827,3.6069894838662906,"Transport, extracellular"
HESTRATRIOLte,-0.35790966726159545,0,7.826525866082462,16.551744501900433,"Transport, extracellular"
HESTRATRIOLtr,0.35790966726159545,0,-7.826525866082462,-16.551744501900433,"Transport, endoplasmic reticular"
HEX4,0.4932188155726845,0,25.678258717211033,8.714903824559936,Fructose and mannose metabolism
HGNTOR,-0.3668093241003891,0,3.919461782494554,8.46057453729473,Tyrosine metabolism
HIBDm,-0.8406524073357692,0,23.621049495193873,272.8509473546982,"Valine, leucine, and isoleucine metabolism"
HISDC,-0.7122948524957762,0,33.60444308716413,199.9989065829754,Histidine metabolism
HKYNH,0.46290707704857637,0,149.63344480845817,54.93654758004612,Tryptophan metabolism
HMGLm,0.3505894838404998,0,619.4821970298767,297.8686404256821,Cholesterol metabolism
HMGLx,-0.3770339393780946,0,195.53389212808608,432.2174557796478,Cholesterol metabolism
HPCLx,0.4620431457949807,0,6.1907399355216475,2.2778746239419245,Fatty acid oxidation
HPDCACRNt,1,0,NA,-65.56355470372065,Fatty acid oxidation
HPYRR2x,-0.506949442883148,0,55.67437656636238,170.16200375099183,Glyoxylate and dicarboxylate metabolism
HPYRRy,0.965266427123863,0,414.2347651677132,7.321070163926156,Glyoxylate and dicarboxylate metabolism
HPYRtp,-0.5616197176776156,0,-76.85983388056755,-21.576210452774646,"Transport, peroxisomal"
HSD11B1r,-0.5512517191227828,0,144.90513129993755,500.9140839477539,Steroid metabolism
HSD11B2r,0.43322329551187283,0,-144.90513129993752,-366.4254514585957,Steroid metabolism
HSD3A2r,0.3338262055816974,0,-97.22980402502948,-194.67541602323055,Steroid metabolism
HSD3B11,-0.41246586424260323,0,2.8209135410873816,6.781638444937773,Steroid metabolism
HSD3B12r,-0.520661074208551,0,42.11158487840965,133.59534236050845,Steroid metabolism
HSD3B2r,-0.4462018732185215,0,9.872737439590518,25.781906237043554,Steroid metabolism
ICDHxm,0.6482013059668502,0,344.14595646743777,73.45589255616628,Citric acid cycle
ICDHyp,0.4004856065204567,0,40.44752018571361,17.31461602960464,Citric acid cycle
IDHPOXOX2b,-0.5156812546178616,0,9.084871183818722,28.4312120586358,Tyrosine metabolism
IDHPOXOX3,0.4886202435484486,0,101.69571734302043,34.935122904868,Tyrosine metabolism
IDHPOXOX4,-0.6611871504333492,0,22.18722964800773,108.7831847054366,Tyrosine metabolism
IDHPOXOXb,-0.5777985683722042,0,16.956129808661075,63.36633496028483,Tyrosine metabolism
IDOAASE4ly,0.34997870556261945,0,8.006484024832188,3.8551608912561615,Chondroitin sulfate degradation
IDOURtly,-0.33235531983409683,0,-8.458041146535647,-4.23833349260916,"Transport, lysosomal"
IDPtn,-0.4729632785092964,0,180.61422108857036,504.7809846865028,"Transport, nuclear"
ILEtec,-5.255195912989578,0,-175.85856595030427,258.5144856993675,"Transport, extracellular"
INOSTO,-0.41646831899843645,0,7.812381467192827,18.963821853195167,Inositol phosphate metabolism
INSt,-5.744686722340007,0,-109.36958116702819,76.93825094533824,"Transport, extracellular"
ITCOAL1m,-0.365162361491805,0,-605.9040638580323,-281.76187383441925,C5-branched dibasic acid metabolism
ITPtn,0.4729632785092964,0,-180.61422108857036,-504.7809846865028,"Transport, nuclear"
KCCt,1.2099101382376818,0,43.638886843288596,-459.425253425318,"Transport, extracellular"
KDNH,-0.3853598717627679,0,6.207745481316725,13.991864651917945,Aminosugar metabolism
KHK,0.6508417196306384,0,61.90991340671778,13.094143821215118,Fructose and mannose metabolism
KHK3,0.6650176148573674,0,13.85014804415492,2.7864904160830917,Galactose metabolism
KYN,-0.7018022561996364,0,20.93714880783041,119.48744690505565,Tryptophan metabolism
LACZe,-0.8111331771620873,0,19.764595581947546,189.53204302259684,Galactose metabolism
LALDO,-1.0982623794402908,0,-18.00388646861112,384.44904220700266,Pyruvate metabolism
LCADi_D,-0.5975225183396684,0,13.246099384675542,52.576710527728494,Pyruvate metabolism
LCYSTAT,-0.38919892144606055,0,3.305822598733046,7.518724753277271,Methionine and cysteine metabolism
LDH_Lm,-0.46555667835308034,0,38.025558133319024,104.27412676550597,Pyruvate metabolism
LEUKTRA4t,-3.47573568867354,0,-89.47732417662199,49.49403186422894,"Transport, extracellular"
LEUKTRA4tr,0.6106814906219055,0,95.08136770105902,22.982157899333696,"Transport, endoplasmic reticular"
LEUKTRB4t,-0.33871611021809617,0,-134.64974589959047,-66.51276327146012,"Transport, extracellular"
LEUKTRC4t,-1.8160479207225542,0,-394.982533444158,114.45993967891299,"Transport, extracellular"
LEUKTRD4tr,-0.6106814906219055,0,-95.08136770105902,-22.982157899333696,"Transport, endoplasmic reticular"
LEUKTRE4t,2.7414864870618,0,359.2680955925226,-167.22244911758006,"Transport, extracellular"
LEUKTRF4t,1.2375854859613469,0,23.739153659399086,-223.57588664283753,"Transport, extracellular"
LEUt5m,-0.3658722368273175,0,188.26662500152588,405.51474189395907,"Transport, mitochondrial"
LEUTAm,-0.3658722368273175,0,188.26662500152588,405.51474189395907,"Valine, leucine, and isoleucine metabolism"
LINKDEG4ly,0.8594774924037192,0,12.422012399122027,0.9387434582282811,Chondroitin sulfate degradation
LIPOti,-0.37646153758128303,0,5.751721074289134,12.696927793266218,"Transport, extracellular"
L_LACtm,-0.48851412098825253,0,32.289117444525935,93.96702674038261,"Transport, mitochondrial"
LNELDCCPT1,1.1905441426713599,0,25.27879651186903,-290.6115027023554,Fatty acid oxidation
LNELDCt,1.0375752907721525,0,5.552346778920367,-301.0841531773567,"Transport, extracellular"
LNLNCACPT1,-1.1339439940647293,0,-11.8274227796291,188.42993283936977,Fatty acid oxidation
LNLNCACPT2,-1.1339439940647293,0,-11.8274227796291,188.42993283936977,Fatty acid oxidation
LNLNCACRNt,-1.1339439940653055,0,-11.827422779676784,188.42993283936977,Fatty acid oxidation
LNLNCAt,-0.851855613012736,0,0.5916465909518878,7.395785170505969,"Transport, extracellular"
LNLNCGCPT1,-0.6020166044616859,0,-280.40015063299535,-69.65883109299769,Fatty acid oxidation
LNLNCGCPT2,0.5064886024980894,0,-7.2891847339897655,-22.250901962636306,Fatty acid oxidation
LNLNCGCRNt,1,0,NA,-72.86391059173215,Fatty acid oxidation
LNS14DM,0.34937554671656806,0,0.6666241324568447,0.32142420453716625,Cholesterol metabolism
LPASE,-0.7436417266199796,0,19.94114336537197,135.63131468291283,Glycerophospholipid metabolism
LRAT,-0.8026240927490086,0,11.488179695898573,104.92095914889182,Vitamin A metabolism
LSTO2r,-0.38100865148393936,0,7.541000164340716,16.824445919579965,Cholesterol metabolism
LTA4H,0.6177664025573967,0,257.52154114627837,60.84524003941482,Eicosanoid metabolism
LTC4CP,-0.6497891497104789,0,-736.328909790039,-156.30504882128685,Eicosanoid metabolism
LTC4Sr,0.6106814906219055,0,95.08136770105902,22.982157899333696,Eicosanoid metabolism
LTD4DP,-1,0,NA,156.30504882128685,Eicosanoid metabolism
LTDCL,-0.9260014478851001,0,10.980664828491062,285.79986707816124,Tryptophan metabolism
LYSt4,0.7236768845348647,0,334.87912548575105,53.68456471668314,"Transport, extracellular"
LYStm,-4.096726963474427,0,-55.92423719697977,92.04252457368449,"Transport, mitochondrial"
LYStn,-0.358313321962159,0,-7.496823835671709,-3.541607010080626,"Transport, nuclear"
M4BTAer,-0.8155077838554067,0,3.350272641240095,32.96857821601629,Phosphatidylinositol phosphate metabolism
M4CET3er,-0.8155077838554067,0,3.350272641240095,32.96857821601629,Phosphatidylinositol phosphate metabolism
MACACI,-0.3668093241003891,0,3.919461782494554,8.46057453729473,Tyrosine metabolism
MACOXO,0.5436114661968072,0,22.848906371607924,6.755572309680567,Histidine metabolism
MALTe,-1,0,NA,12.425479465327653,Starch and sucrose metabolism
MALTSULtm,1,0,NA,-19.473050613402798,"Transport, mitochondrial"
MANt1r,-2.760484934679508,0,-317.6123218437135,148.6913835281968,"Transport, extracellular"
MAOLNOR,-0.36899360875724346,0,3.375545958802847,7.323381993907001,Tyrosine metabolism
MAOX,0.49780256366605113,0,46.02307968022842,15.431054257934191,Tyrosine metabolism
MCCCrm,0.6908693523070858,0,29.598318888028757,5.411268159774431,"Valine, leucine, and isoleucine metabolism"
MCDp,-0.690255684693986,0,8.128013330985013,44.35406901460952,Fatty acid oxidation
MCLACCYSR,0.4380188983854873,0,598.923117276001,234.06053537061214,Methionine and cysteine metabolism
MCLOR,-0.4380188983854873,0,-598.923117276001,-234.06053537061214,Methionine and cysteine metabolism
MCPST,0.34759871974694845,0,99.83279970664978,48.33118745622961,Methionine and cysteine metabolism
ME2,-0.5287253688663205,0,22.21481547571635,72.06064094882011,Pyruvate metabolism
MELATNOX,-0.5122666382155423,0,9.695355139433298,30.06142960853288,Tryptophan metabolism
MEOHtly,0.3479407756411782,0,44.57964647410512,21.565168312582838,"Transport, lysosomal"
MERCPLACCYSt,0.4380188983854873,0,598.923117276001,234.06053537061214,"Transport, extracellular"
METt4,-0.48585752967259715,0,84.71686979791187,244.82941235989034,"Transport, extracellular"
METtec,3.2276473094665663,0,460.4804920642853,-242.63805708482266,"Transport, extracellular"
MHISOR,0.5436114661968072,0,22.848906371607924,6.755572309680567,Histidine metabolism
MI1PS,0.37350547362354203,0,419.83958496742247,191.50065798015595,Inositol phosphate metabolism
MLTG1e,-1,0,NA,53.581875866276306,Starch and sucrose metabolism
MMMm,0.46760032580729793,0,849.2951711853027,308.0978277813911,"Valine, leucine, and isoleucine metabolism"
MMSAD1m,0.36261819254422445,0,80.9510421215266,37.86586868219334,"Valine, leucine, and isoleucine metabolism"
MMSAD3m,0.40702450273445684,0,80.16209020918012,33.78345949999769,Propanoate metabolism
MMTSADm,0.46760032580729793,0,849.2951711853027,308.0978277813911,"Valine, leucine, and isoleucine metabolism"
MTHFCm,-2.372357006528278,0,-241.77632233161927,98.38917686417103,Folate metabolism
MTHFD2m,0.4891656645548428,0,-216.8917671538979,-632.2749865447998,Folate metabolism
MTHFDm,-1.0705165037212958,0,-24.8845551875924,730.6641634887695,Folate metabolism
NACHEX11ly,0.4052999434758942,0,1.3489370025554883,0.5708481775662774,Keratan sulfate degradation
NACHEX4ly,0.7189568439259922,0,3.509479505491856,0.5737870615458827,Chondroitin sulfate degradation
NACHEX5ly,0.4471832348699521,0,3.770790611156148,1.4404231733857957,Chondroitin sulfate degradation
NACHEX8ly,0.9103729885216056,0,10.092051647175547,0.4734784433494001,Chondroitin sulfate degradation
NACHEX9ly,0.91043556645554935,0,10.265345555399987,0.48125667044256043,Chondroitin sulfate degradation
NACHEXA15ly,0.35259810237607486,0,1.4918680610760886,0.7140614880713806,Keratan sulfate degradation
NACHEXA1ly,0.4022845922071119,0,3.0840638620080796,1.3145637477468675,Chondroitin sulfate degradation
NACHEXA2ly,0.43857072384023166,0,5.60898409740362,2.189011516507617,Chondroitin sulfate degradation
NACHEXA7ly,0.6671002246294649,0,2.329960751735975,0.4652650149138251,Chondroitin sulfate degradation
NACHEXA8ly,0.6499924243239931,0,2.156666843984574,0.4574867875003305,Chondroitin sulfate degradation
NADtn,-0.9284595088287416,0,4.685697880330388,126.30859090959281,"Transport, nuclear"
NAGLCAly,-0.36692504324027275,0,21.253474058553575,45.89015192638636,Keratan sulfate degradation
NaKt,-0.4869075066662602,0,10.99951877751105,31.87586498046741,"Transport, extracellular"
NBAHH_ir,0.6252396757392669,0,107.38900653604418,24.762587027774693,Beta-Alanine metabolism
NCKt,-13.304325388871794,0,-108.15086185235675,93.0294410356164,"Transport, extracellular"
NDP10ex,0.5689732452825654,0,26.451072475340446,7.26661207392887,Nucleotide interconversion
NDP7er,0.5528069834304346,0,231.80152409801482,66.75654084051718,Nucleotide interconversion
NDP7ex,-0.6074313496585237,0,9.4200829942977,38.571945845007896,Nucleotide interconversion
NDP8ex,-0.6074313496585237,0,9.4200829942977,38.571945845007896,Nucleotide interconversion
NDPK2n,-3.1329103653465737,0,-276.4343530466378,142.6621060777845,Nucleotide interconversion
NDPK3n,0.9406120862426581,0,420.22185819015505,12.859911390877691,Nucleotide interconversion
NDPK4n,0.6062095622560054,0,-47.9279718838597,-195.4906959661603,Nucleotide interconversion
NDPK5n,-2.7515521435492833,0,-268.63639137933404,125.42292607204848,Nucleotide interconversion
NDPK6m,-1.0145108477561475,0,-430.86792808551786,3.103611437198164,Nucleotide interconversion
NDPK6n,5.848940256540271,0,18.856719387379755,-26.634385594731242,Nucleotide interconversion
NDPK7m,-0.561372292643747,0,20.067577903887535,71.43406491225436,Nucleotide interconversion
NDPK8n,0.9854462437805449,0,-0.9071871442630279,-123.75989269184535,Nucleotide interconversion
NDPK9n,-0.4729632785092964,0,180.61422108857036,504.7809846865028,Nucleotide interconversion
NH4tn,-1.1840417959066005,0,-232.55501187829972,19.59662224110358,"Transport, nuclear"
NIFEDIPINEte,-0.6074744158987277,0,3.971473318643509,16.264014402426216,"Transport, extracellular"
NMNATr,-0.420644893939944,0,-860.9312363769532,-351.09752612299917,NAD metabolism
NMNS,-0.33365918195288957,0,5.444340935510384,10.896668914273329,NAD metabolism
NNMT,0.9699797611293497,0,936.8246020202637,14.276135667722516,NAD metabolism
NRPPHRSFt,0.350131954379208,0,3.2199115107963867,1.5498615478331383,"Transport, extracellular"
NRPPHRSULT,0.350131954379208,0,3.2199115107963867,1.5498615478331383,Tyrosine metabolism
NRPPHRVESSEC,0.3901550612276393,0,3.4600277768105925,1.5178741469576214,"Transport, extracellular"
NTD2e,0.48829972774962405,0,42.328225389281265,14.553093071057956,Nucleotide interconversion
NTD2l,-0.5009124684860802,0,12.604062641853746,37.90436261822395,Pyrimidine catabolism
NTD4e,-0.7038730880636017,0,20.32427218020414,116.94303694278001,Nucleotide interconversion
NTD7e,-0.5598014310026214,0,102.25647281673923,362.3360089336872,Nucleotide interconversion
NTD7l,0.5585581062660396,0,28.43039222750496,8.052549426326463,Purine catabolism
NTD9l,-0.5102077905667111,0,12.685958605549633,39.11543129498735,Purine catabolism
O16G1e,-0.3573434481348648,0,26.89714355100095,56.80897746477127,Starch and sucrose metabolism
O16G2e,0.6237786262586511,0,51.67429693965912,11.972675749865546,Starch and sucrose metabolism
O2ter,0.46466197686980604,0,189.551570823776,69.28162593726105,"Transport, endoplasmic reticular"
O2tp,4.537097852951096,0,90.00566816119664,-140.8980505057238,"Transport, peroxisomal"
OCCOAtx,0.7439767874862175,0,123.66200768890381,18.15410887438054,"Transport, peroxisomal"
OCDCAtr,-1,0,NA,326.6532983703613,"Transport, extracellular"
OCDCEAtr,-1,0,NA,318.9350332389832,"Transport, extracellular"
OCTAt,0.6251286878115837,0,19.14633941626876,4.416520017406529,"Transport, extracellular"
OIVD2m,-0.6086741979726199,0,92.95965997728221,382.14144245796206,"Valine, leucine, and isoleucine metabolism"
OPAHir,-0.3433514685581655,0,6.1681748258840905,12.61866327863534,Glutathione metabolism
ORNtiDF,-0.403234691259141,0,73.58270809027627,173.02247157585285,"Transport, extracellular"
ORPT,-1.010027883618494,0,-0.906217143544628,181.64567883281708,Pyrimidine synthesis
P45011B21m,0.5940020478582607,0,9.74798359782157,2.4828458555272435,Steroid metabolism
P45019A1r,-0.6039632171325722,0,2.2034554762741405,8.92407394319264,Steroid metabolism
P45019A2r,-0.36297253648895433,0,1.6889864142166542,3.613725041605433,Steroid metabolism
P4501B1r,-0.35790966726159545,0,7.826525866082462,16.551744501900433,Steroid metabolism
P4502C9,-0.35722956621235163,0,6.804434438511587,14.36777287169448,Cytochrome metabolism
P4502C93,-0.3505048202469486,0,3.3742565337074604,7.016140928488972,Limonene and pinene degradation
P4503A4,-0.6074744158987277,0,3.971473318643509,16.264014402426216,Cytochrome metabolism
P4504F81r,0.3938824525405263,0,4.5814550044390305,1.9922054876473028,Eicosanoid metabolism
P4508B11r,-0.42389235419245114,0,5.091234291931917,12.583359437145806,Bile acid synthesis
P4508B13r,-0.3855694705039484,0,4.145373929247533,9.348011344584867,Bile acid synthesis
P450LTB4r,-1,0,NA,16.29585472088356,Eicosanoid metabolism
PA_HStn,1,0,NA,-11.715739204755938,"Transport, nuclear"
PAFH,-0.48622832015898093,0,30.28136533822771,87.59732095914838,Glycerophospholipid metabolism
PAFS,-0.35986233942057916,0,41.23530925616082,87.59732095914838,Glycerophospholipid metabolism
PAIL45P_HStn,0.3514647589555108,0,-4.76097243335389,-9.92125956281697,"Transport, nuclear"
PCHOL_HStg,-0.6749649851983153,0,12.97928935003616,66.88465612645521,"Transport, golgi apparatus"
PCm,-0.4513515775874206,0,40.295046729675306,106.59336152450442,Pyruvate metabolism
PCRNtc,0.7116469002141357,0,95.96266680369376,16.166378961163865,Fatty acid oxidation
PDE1,-0.38935080495196683,0,1.275810540696582,2.902727811740705,Nucleotide interconversion
PE_HStm,-0.5704682071029638,0,-10.131447543488326,-2.7710072756101978,"Transport, mitochondrial"
PEPCK,-0.7542255350997016,0,8.661664772668612,61.822995024534684,Glycolysis/gluconeogenesis
PEPCKm,-0.503859867135681,0,12.826186359602842,38.8776993371846,Glycolysis/gluconeogenesis
PERILLYLte,0.35050482024598817,0,-3.3742565337073644,-7.0161409284734075,"Transport, extracellular"
PFK26,0.3744815589347784,0,6.165261766957056,2.805774223857003,Fructose and mannose metabolism
PGDI,0.6386139975382938,0,-56.496642440649126,-256.16982530189006,Eicosanoid metabolism
PGESr,-1.9356959107288085,0,-88.97208940885066,279.14517531995773,Eicosanoid metabolism
PGISr,-1.1508366552866491,0,-257.1155836598635,18.031334255905996,Eicosanoid metabolism
PGLer,0.44644669133536474,0,360.5619798224926,137.98661098609156,Pentose phosphate pathway
PGLYCt,29.972048346078672,0,36.400901319569094,-38.91373029767591,"Transport, extracellular"
PHEtec,1.0959451004466962,0,234.11062100307942,-10.71677261154968,"Transport, extracellular"
PHETHPTOX2,0.6798853744568728,0,82.52381924066981,15.725526215237565,Phenylalanine metabolism
PI345P3Pn,-0.5355170778659306,0,5.843103697887005,19.31650247682802,Inositol phosphate metabolism
PI45P3Kn,-0.5355170778659306,0,5.843103697887005,19.31650247682802,Inositol phosphate metabolism
PI4P3K,-0.6482250594364624,0,2.059361311371873,9.649041271670628,Inositol phosphate metabolism
PIACGT,-0.42365635021210574,0,17.809947735641384,43.99327588691711,Phosphatidylinositol phosphate metabolism
PIPLC,-0.439852068939358,0,17.420504893987104,44.77915318919574,Inositol phosphate metabolism
PIter,-1.3723813185706386,0,-173.230050935972,27.191090352398344,"Transport, endoplasmic reticular"
PItn,1,0,NA,-565.8389064676285,"Transport, nuclear"
PLA2_2,-0.5683224076917371,0,8.452963670338981,30.710355533418454,Glycerophospholipid metabolism
PPAer,-0.5101299188544508,0,98.91625257825851,304.93063003578186,Miscellaneous
PPDOy,0.8205440188581211,0,261.9859994046211,25.82467332928353,Pyruvate metabolism
PPItr,-6.275281944216305,0,-110.86203300267384,152.89278478996755,"Transport, endoplasmic reticular"
PPItx,-1.9749539772798825,0,-21.276691779350468,64.92324797621292,"Transport, peroxisomal"
PRDX,-0.5217687674106305,0,57.81454657806978,183.970358456403,Miscellaneous
PRDXl,0.3479407756411782,0,44.57964647410512,21.565168312582838,Miscellaneous
PRGNLONESULT,-1,0,NA,1.6734308648279106,Steroid metabolism
PRGNLONEtr,-1.7200476367114013,0,-33.4838739891205,126.48848168993294,"Transport, endoplasmic reticular"
PRISTANALtx,0.9920876637659375,0,573.5001399997711,2.2778746239419245,"Transport, peroxisomal"
PROSTGD2t,-1.0916733376412115,0,-7.2414618966867215,165.22549701555968,"Transport, extracellular"
PROSTGE1t,0.3677658539341183,0,374.77041404352934,173.23334400551616,"Transport, extracellular"
PROSTGE2t,-4.8238877074066275,0,-108.46603746059836,165.1968024621472,"Transport, extracellular"
PROSTGE2t2,-2.7394665586526807,0,-62.50491255582827,29.075057481339453,"Transport, extracellular"
PROSTGE2t3,0.367871623642597,0,5.2079923259891325,2.406746127492958,"Transport, extracellular"
PROSTGF2t,-2.211240218497828,0,-18.848863806688318,49.972110077464485,"Transport, extracellular"
PROSTGI2tr,1.1508366552866491,0,257.1155836598635,-18.031334255905996,"Transport, endoplasmic reticular"
PROt4,-0.9101464810735298,0,11.607688222582988,246.76145215759277,"Transport, extracellular"
PSDm_hs,0.36140470581981354,0,10.644784437650488,4.993158331528335,Glycerophospholipid metabolism
PSFLIPm,0.36140470581981354,0,10.644784437650488,4.993158331528335,"Transport, mitochondrial"
PSSA2_hs,0.8075329580131775,0,63.84613155069448,6.798369029669509,Glycerophospholipid metabolism
PTDCACRNt,-1,0,NA,165.25743857644176,Fatty acid oxidation
PTE2x,0.4954215814831627,0,110.84629195787161,37.40125686770305,Fatty acid oxidation
PTE4x,-1,0,NA,5.081356928881711,Fatty acid oxidation
PYRt2m,-0.3595058668328355,0,29.389392911381112,62.38160510246232,"Transport, mitochondrial"
RADH2,-1,0,NA,38.127059174853194,Vitamin A metabolism
RAI1,-1,0,NA,31.655674515101314,Vitamin A metabolism
RAI2,-0.43695666872452765,0,67.79869302239176,173.0307041353941,Vitamin A metabolism
RAI3,-3.2096587268292964,0,-72.63651415260247,38.127059174853194,Vitamin A metabolism
RDH4,0.413133503060814,0,365.2331527984619,151.67930028169715,Vitamin A metabolism
RETI1,1,0,NA,-31.655674515101314,Vitamin A metabolism
RETI2,0.43695666872452765,0,-67.79869302239176,-173.0307041353941,Vitamin A metabolism
RETI3,0.413133503060814,0,365.2331527984619,151.67930028169715,Vitamin A metabolism
RETNGLCt,-0.3365037822267907,0,12.731410865525062,25.645328969567128,"Transport, extracellular"
RETNGLCt2r,-0.6879936178066314,0,7.509541622204473,40.627561019179126,"Transport, endoplasmic reticular"
RETNGLCtr,-0.3365037822301119,0,12.731410865429694,25.645328969567128,"Transport, endoplasmic reticular"
RTOTALt,0.3508171928129949,0,-155.7730907652855,-324.132073206234,"Transport, extracellular"
S2TASE3ly,0.34997870556261945,0,8.006484024832188,3.8551608912561615,Chondroitin sulfate degradation
S4T4g,-1,0,NA,0.9387434582282811,Chondroitin synthesis
S4T5g,-1,0,NA,0.469218084146833,Chondroitin synthesis
S4TASE4ly,0.9103729885216056,0,10.092051647175547,0.4734784433494001,Chondroitin sulfate degradation
S4TASE5ly,0.91043556645554935,0,10.265345555399987,0.48125667044256043,Chondroitin sulfate degradation
S6T24g,-1,0,NA,0.469218084146833,Chondroitin synthesis
S6TASE12ly,0.4052999434758942,0,1.3489370025554883,0.5708481775662774,Keratan sulfate degradation
S6TASE4ly,0.7189568439259922,0,3.509479505491856,0.5737870615458827,Chondroitin sulfate degradation
S6TASE5ly,0.4471832348699521,0,3.770790611156148,1.4404231733857957,Chondroitin sulfate degradation
S6TASE8ly,0.9103729885216056,0,10.092051647175547,0.4734784433494001,Chondroitin sulfate degradation
S6TASE9ly,0.91043556645554935,0,10.265345555399987,0.48125667044256043,Chondroitin sulfate degradation
SALMCOM,-0.36899360875724346,0,3.375545958802847,7.323381993907001,Tyrosine metabolism
SAMHISTA,-0.6140015068993875,0,26.678554947124628,111.55283934057653,Histidine metabolism
SBPP1er,0.5422746240503248,0,8.548632099761425,2.537113546900373,Sphingolipid metabolism
SBPP3er,0.42989070542992364,0,12.160724715720757,4.848581897072989,Sphingolipid metabolism
SBTD_D2,0.6359090689307447,0,70.10118533018567,15.601848733932432,Fructose and mannose metabolism
SBTR,0.6359090689307447,0,70.10118533018567,15.601848733932432,Fructose and mannose metabolism
SCP22x,-0.9248060745764314,0,-243.23789228849412,-9.502262162671064,"Transport, peroxisomal"
SERALANaEx,-0.951325537702404,0,4.490405331000136,180.01724484275132,"Transport, extracellular"
SERASNNaEx,-0.5896762343000729,0,31.09067506560185,120.45148585489765,"Transport, extracellular"
SERCYSNaEx,0.863478255661097,0,74.23144114935863,5.438327922375358,"Transport, extracellular"
SERGLNexR,-4.17368964737295,0,-458.66259868392945,747.7032104927063,"Transport, extracellular"
SERGLNNaEx,-0.38544200330074957,0,19.443330535811047,43.832489289949464,"Transport, extracellular"
SERTHRNaEx,0.6188540772660934,0,416.8318065380782,98.1396320761051,"Transport, extracellular"
SERtp,0.5616197176776156,0,76.85983388056755,21.576210452774646,"Transport, peroxisomal"
SIAT4Bg,0.44877123495587623,0,2.0757964299993494,0.7897994348475528,Sphingolipid metabolism
sink_citr[c],-0.6487327487223187,0,23.334683839285375,109.52531807896347,Exchange/demand reaction
sink_pre_prot[r],0.42365635021210574,0,-17.809947735641384,-43.99327588691711,Exchange/demand reaction
SLCBK1,0.5629059154364973,0,9.241240005541021,2.5844750477673215,Sphingolipid metabolism
SLDt,-0.38919892144606055,0,3.305822598733046,7.518724753277271,Methionine and cysteine metabolism
SLDx,0.38919892144606055,0,-3.305822598733046,-7.518724753277271,Methionine and cysteine metabolism
SMPD3g,-0.7552159086379414,0,8.311287585550069,59.59580179516375,Sphingolipid metabolism
SMPD4,-0.9009887339411976,0,9.724977858077898,186.71686649329664,Sphingolipid metabolism
SO4CLtex2,0.3474552010474706,0,430.1145503166199,208.29561720844805,"Transport, extracellular"
SO4OXAtex2,0.530598435045148,0,163.93814191093446,50.27629625566248,"Transport, extracellular"
SO4tl,0.33556999450203995,0,200.85212106618732,99.92151400050037,"Transport, lysosomal"
SPC_HSt,0.9009887339411993,0,-9.724977858077711,-186.71686649329664,"Transport, extracellular"
SPH1Ptr,0.5422746240503248,0,8.548632099761425,2.537113546900373,"Transport, endoplasmic reticular"
SPTix,0.5616197176776156,0,76.85983388056755,21.576210452774646,"Glycine, serine, alanine, and threonine metabolism"
SR5ARr,0.34807111579082217,0,10.490658452773914,5.073295599634893,Steroid metabolism
ST3GAL23g,0.48768286593683585,0,5.006476054966068,1.7240928984020265,Sphingolipid metabolism
ST8SIA11,-1,0,NA,0.7897994348475528,Sphingolipid metabolism
ST8SIA52g,0.48768286593683585,0,5.006476054966068,1.7240928984020265,Sphingolipid metabolism
STCOAtx,1.5197823120800702,0,10.282927587142098,-2.1211689004136542,"Transport, peroxisomal"
STRDNCt,0.47012819432649877,0,147.6090065975189,53.20206167145223,"Transport, extracellular"
STS2,-0.6027101796984211,0,14.102368482318631,56.890482387173364,Steroid metabolism
STS2r,-0.48486079303887913,0,9.058698363059305,26.111206162351788,Steroid metabolism
SUCCt2m,-1,0,NA,108.65613175543938,"Transport, mitochondrial"
SUCRe,-1,0,NA,15.201278307111318,Galactose metabolism
SULFOX,-0.5466160995818516,0,14.651169805099187,49.97913485100642,Methionine and cysteine metabolism
TAGAT_Dt,0.6934968030264255,0,43.15895719641447,7.811268574647716,"Transport, extracellular"
TCHOLAt,-1.6339461025059812,0,-539.5233356506347,129.8541057925727,"Transport, extracellular"
TCHOLAte,1,0,NA,-99.99573473427408,"Transport, extracellular"
TCHOLAtx,-0.4453951827673405,0,8.633389994740902,22.500093619120864,"Transport, peroxisomal"
TDCHOLAtx,0.47944580507444023,0,-248.27030709167718,-705.5988942781448,"Transport, peroxisomal"
TETHEX3t,-0.3956155518085051,0,4.62636900211647,10.682989191860877,"Transport, extracellular"
TETPENT3CPT1,1.3328690254817679,0,25.745845030526073,-180.4363873137176,Fatty acid oxidation
TETPENT3CPT2,1.3328690254587559,0,25.745845029000193,-180.4363873137176,Fatty acid oxidation
TETPENT3CRNt,1.3328690254817679,0,25.745845030526073,-180.4363873137176,Fatty acid oxidation
TETPENT6CPT1,0.3919312753473113,0,-93.01580293963104,-212.92265160844326,Fatty acid oxidation
TETPENT6CPT2,0.3919312753473113,0,-93.01580293963104,-212.92265160844326,Fatty acid oxidation
TETPENT6CRNt,0.39193127534644356,0,-93.01580293982178,-212.92265160844326,Fatty acid oxidation
TETTET6CPT1,1.2190645718059954,0,19.721231670803544,-199.77071669906974,Fatty acid oxidation
TETTET6CPT2,1.2190645718059954,0,19.721231670803544,-199.77071669906974,Fatty acid oxidation
TETTET6CRNt,1.2190645718059954,0,19.721231670803544,-199.77071669906974,Fatty acid oxidation
THMMPt4,-0.35789363049845546,0,-754.6600804779052,-356.8556723441839,"Transport, extracellular"
THRCYSNaEx,0.8085530395937023,0,30.96926084342268,3.2782952585316574,"Transport, extracellular"
THRGLNexR,-2.12186767601017,0,-45.08989675308701,125.4735243720688,"Transport, extracellular"
THRGLNNaEx,0.7957288886284628,0,42.81402844460402,4.870261445396476,"Transport, extracellular"
THRGLYexR,-2.8471089922309223,0,-243.95620745959877,117.13047522676717,"Transport, extracellular"
THYMt,-32.4945273661028,0,-277.63546659755707,295.2661783317089,"Transport, extracellular"
THYOXt,0.6197173615165958,0,788.8931391235352,185.21895952664912,"Transport, extracellular"
THYOXt2,1.6294352332112771,0,44.1423116538299,-184.40237122699023,"Transport, extracellular"
THYPX,-0.5580223710906157,0,26.041001027314366,91.79754700767398,Tyrosine metabolism
TMABADH,-0.6813016199059669,0,2.3367644603355062,12.327661883130917,Lysine metabolism
TMDPP,1.1053688386101128,0,623.3074165649414,-31.195093883822903,Pyrimidine catabolism
TMLYSOX,-0.6813016199059669,0,2.3367644603355062,12.327661883130917,Lysine metabolism
TMNDNCCOAtx,-0.8648797011593108,0,-414.15271714191437,-30.007532856468327,"Transport, peroxisomal"
TMNDNCCPT1,-1.0141058553161224,0,-237.92154302225114,1.6662911999397942,Fatty acid oxidation
TMNDNCCPT2,-0.9752822543011841,0,-241.1109941619873,-3.017148676300503,Fatty acid oxidation
TMNDNCCRNt,-1,0,NA,471.29387957763674,Fatty acid oxidation
TMNDNCt,-0.5171492959345412,0,2.4979725866715525,7.848797400984544,"Transport, extracellular"
TOLBUTAMIDEte,-0.35722956621235163,0,6.804434438511587,14.36777287169448,"Transport, extracellular"
TRIODTHYt2,-1.6973355787710274,0,-475.2883986190796,122.87514877373948,"Transport, extracellular"
TRPHYDRO2,-0.7584650771769846,0,1.7229145037451323,12.543465559295251,Tryptophan metabolism
TRPO2,-0.42055420802395815,0,10.592362719109142,25.967960492443666,Tryptophan metabolism
TRPt4,0.37832289375757283,0,411.5278312052101,185.6150198190607,"Transport, extracellular"
TSTSTERONEtr,-0.3493423950711105,0,114.14131254446507,236.70777207336425,"Transport, endoplasmic reticular"
TSULt4_3,0.9674591680784652,0,-15.755722339443164,-952.6105675842285,"Transport, extracellular"
TTDCAtr,0.7734602009301264,0,-15.956111671984871,-124.91195422634668,"Transport, extracellular"
TTDCPT2,-2.0843481582279493,0,-91.60259481802974,32.20424539780205,Fatty acid oxidation
TYRDOPO,-0.6569433701230376,0,3.5093876381953995,16.950136140453303,Tyrosine metabolism
TYRt4,-0.7602342261542884,0,69.70814829599392,511.7605674252987,"Transport, extracellular"
UDPACGALtl,0.510090600020984,0,-14.293010901880915,-44.05659783186913,"Transport, lysosomal"
UDPGLCAter,-0.708943257961454,0,-208.51360226688385,-35.51275881383845,"Transport, endoplasmic reticular"
UDPtl,-0.510090600020984,0,14.293010901880915,44.05659783186913,"Transport, lysosomal"
UGT1A10r,1.010537961070915,0,4.8557228866601525,-926.423539276123,Steroid metabolism
UGT1A2r,-0.7740342789197048,0,3.4781663262885183,27.306736000136286,Steroid metabolism
UGT1A5r,-0.3365037822301119,0,12.731410865429694,25.645328969567128,Vitamin A metabolism
UGT1A5r2,-0.6879936178066314,0,7.509541622204473,40.627561019179126,Vitamin A metabolism
UGT1A9r,0.34807111579082217,0,10.490658452773914,5.073295599634893,Steroid metabolism
UMPK2,2.6999422873309196,0,126.22518114575148,-274.7304358081762,Nucleotide interconversion
UMPK2n,-0.35611379443757196,0,-294.0174038722992,-139.60019529715478,Nucleotide interconversion
UMPK3,0.6451283217259323,0,290.50080295633376,62.664113263167444,Nucleotide interconversion
UMPK4,3.1035639144521383,0,460.20175765533446,-235.90806210227012,Nucleotide interconversion
UMPK4n,-0.4291342451466703,0,-322.20476754608154,-128.7042616655361,Nucleotide interconversion
UMPK5,-0.6188751980296613,0,-420.14357507190704,-98.91258884148822,Nucleotide interconversion
UMPK6,-1.512590372681069,0,-508.7172342315674,103.78275723702349,Nucleotide interconversion
UMPK6n,-6.773057855214155,0,-136.41629399273992,101.31651819440798,Nucleotide interconversion
UMPK7,-0.8542494271075358,0,-259.65434057711064,-20.40975088888841,Nucleotide interconversion
UMPK7n,1.0247454902727375,0,648.6503455963135,-7.927500465848292,Nucleotide interconversion
UPPN,-0.40579307519902097,0,19.04366670900929,45.05409423643136,Pyrimidine catabolism
URATEt,-1,0,NA,916.1895151916503,"Transport, extracellular"
UREAt5,-0.43548680639486803,0,267.27636267380717,679.6505318666339,"Transport, extracellular"
UREAtm,0.38558154872110095,0,-88.26137243897189,-199.0391546049595,Urea cycle
URIK1,0.5488837435824424,0,52.742500181180986,15.361384825955657,Pyrimidine synthesis
Uritl,-0.5009124684860802,0,12.604062641853746,37.90436261822395,"Transport, lysosomal"
Uritn,0.4460214037633853,0,-15.932221869244247,-41.58704684430472,"Transport, nuclear"
UTPtn,-2.684540002558487,0,-13.880393883865327,30.360137746027963,"Transport, nuclear"
VACCt,-0.7719397175993739,0,0.7656498726744936,5.948801803128492,"Transport, extracellular"
VALt5m,-1.1917498915914564,0,-34.436696045916044,393.62016947689057,"Transport, mitochondrial"
VALTAm,-1.1917498915914564,0,-34.436696045916044,393.62016947689057,"Valine, leucine, and isoleucine metabolism"
VALtec,1.5238933774249932,0,153.83268871632396,-741.0998516357422,"Transport, extracellular"
VLCS2p,0.4278716903741403,0,15.475978483823942,6.201009144901752,Bile acid synthesis
WHDDCAte,0.3843815788221919,0,-3.646332459311773,-8.199747300080642,"Transport, extracellular"
XOL7AONEtr,1,0,NA,-24.153773879605787,"Transport, endoplasmic reticular"
XOLDIOLONEt,0.4073014344208608,0,-9.23660822347924,-21.93137077931771,"Transport, endoplasmic reticular"
XYLtly,0.3439734959683905,0,35.02322038532607,17.095694891482033,"Transport, lysosomal"
EX_4abutn[e],-0.4238056735201671,0,22.869000521298613,56.51047084910907,Exchange/demand reaction
EX_ahdt[e],-1,0,NA,945.3549195861816,Exchange/demand reaction
EX_dgmp[e],-0.8645499905555907,0,-81.9178843106601,-5.950914837224966,Exchange/demand reaction
EX_dgtp[e],0.8645499905555907,0,81.9178843106601,5.950914837224966,Exchange/demand reaction
EX_HC01361[e],1,0,NA,-945.3549195861816,Exchange/demand reaction
EX_HC01441[e],0.860883781353393,0,-15.341187471619877,-205.21091811127664,Exchange/demand reaction
EX_HC01700[e],-0.8137231710910197,0,43.989695041926204,428.3148347224355,Exchange/demand reaction
EX_HC02160[e],-0.6206898745826627,0,33.68670929511115,143.93422427763343,Exchange/demand reaction
EX_HC02161[e],0.6206898745830977,0,-33.686709295063466,-143.93422427763343,Exchange/demand reaction
EX_orot[e],-0.44461818320922636,0,126.35426123209484,328.6633767677307,Exchange/demand reaction
EX_prpp[e],2.69498541220355,0,51.120696110601536,-111.4406206864037,Exchange/demand reaction
r0009,-0.37515696329096004,0,54.339298053914305,119.59013657693863,Purine catabolism
r0016,-0.8401990763594273,0,4.155287862723396,47.85051746127522,Miscellaneous
r0027,-3.9559735145101147,0,-187.69977058490514,314.6966937058568,Methionine and cysteine metabolism
r0034,0.44285663969908096,0,17.00048437637966,6.56455168974711,Urea cycle
r0051,2.69498541220355,0,51.120696110601536,-111.4406206864037,Purine catabolism
r0081,0.3742128180931415,0,80.84272832941255,36.814052723743345,Citric acid cycle
r0083,0.9048318299148697,0,77.61779452832806,3.877897962065632,Miscellaneous
r0084,-0.3809752172144473,0,2.517123190553631,5.615420967781406,Miscellaneous
r0085,0.45056015268887484,0,20.846967302453237,7.896366455625839,Urea cycle
r0129,-0.7270738710622839,0,25.316441697697154,160.20219513076543,Glutathione metabolism
r0139,-1.3112835601843282,0,-868.3032236068725,116.94303694278001,Pyrimidine catabolism
r0156,0.45056015268887484,0,20.846967302453237,7.896366455625839,Urea cycle
r0166,0.3423135229503609,0,24.73832753714854,12.12091155145799,Pyrimidine catabolism
r0181,1.51783231460797,0,26.451072475340446,-5.4400843155043,Purine catabolism
r0196,0.35742478257391774,0,-383.1031548782587,-809.2962545257568,Miscellaneous
r0226,-0.3311442592262413,0,64.68717989480496,128.73922269530297,Folate metabolism
r0249,1.0648989400535145,0,10.004894509634282,-318.3271722351074,Pentose phosphate pathway
r0281,-0.4238056735201671,0,22.869000521298613,56.51047084910907,Methionine and cysteine metabolism
r0308,-0.6688425648929519,0,13.675051572886769,68.91437643416523,Fatty acid oxidation
r0310,0.49610931305141204,0,16.188587047082606,5.452327698732234,Fatty acid oxidation
r0317,-1.360902202192504,0,-109.3468605942918,16.71544156071689,Miscellaneous
r0331,-1,0,NA,231.0510978053689,Pyrimidine catabolism
r0354,0.5143118677601404,0,20.304613000274543,6.512337236413023,Glycolysis/gluconeogenesis
r0358,0.7077964547373546,0,23.521517660781893,4.024525774938101,Fructose and mannose metabolism
r0360,0.34761738275932946,0,5.621893431384384,2.721562958103872,Fructose and mannose metabolism
r0361,0.48865415647251786,0,7.587287645482924,2.606198346537673,Fructose and mannose metabolism
r0364,0.5785778630898993,0,14.061672306634627,3.7539484941162335,Aminosugar metabolism
r0365,0.39784994801226686,0,80.16209020918012,34.531322088999765,Propanoate metabolism
r0380,-0.860883781353393,0,15.341187471619877,205.21091811127664,Miscellaneous
r0386,0.9119415448271406,0,169.9470979311794,7.82726801738247,Miscellaneous
r0388,-0.4243053745802272,0,5.645630797062953,13.967652175472676,Vitamin B6 metabolism
r0389,0.642977102355075,0,27.149993630168215,5.899759274179497,Vitamin B6 metabolism
r0395,0.707433495160483,0,35.66722614105102,6.111532729669891,Nucleotide interconversion
r0399,-0.3554130357995856,0,11.499408338915696,24.180519979772146,Tetrahydrobiopterin metabolism
r0403,-0.3964522431180775,0,10.996646231570926,25.443373986157425,Tetrahydrobiopterin metabolism
r0410,-0.8645499905555907,0,-81.9178843106601,-5.950914837224966,Pyrimidine catabolism
r0424,-0.3809752172144473,0,2.517123190553631,5.615420967781406,Miscellaneous
r0426,-0.7493499560337719,0,109.3468605942918,763.1593545574189,Miscellaneous
r0433,-0.690255684693986,0,8.128013330985013,44.35406901460952,Fatty acid oxidation
r0437,-0.5456587974981559,0,-86.40286567792893,-25.397831627042756,Fatty acid oxidation
r0438,-0.4481194252297706,0,146.110564076519,383.3900951461792,Fatty acid oxidation
r0440,0.5941678769247979,0,23.393483013134123,5.955349505384464,Fatty acid oxidation
r0441,-0.6790549557814605,0,-14.754070632590377,-2.820185149554149,Fatty acid oxidation
r0450,-0.698815839578262,0,19.695817271624133,111.09337990292013,Lysine metabolism
r0474,0.9382328956520936,0,364.75304848408103,11.623855759270537,Nucleotide interconversion
r0480,0.5332542033334243,0,-119.08191276717186,-391.18261930847166,Glycerophospholipid metabolism
r0483,-10.217877918042975,0,-60.0015747854175,49.30408365139291,Pyrimidine catabolism
r0488,0.3875360540596789,0,341.5967161366701,150.78215234349668,Cholesterol metabolism
r0502,-0.5788733185468325,0,15.531250215968083,58.229216170891696,Purine catabolism
r0514,0.5432520499659813,0,67.84249894402028,20.07897693610671,Folate metabolism
r0517,0.35742478257391774,0,-383.1031548782587,-809.2962545257568,Miscellaneous
r0527,-0.9407431276130475,0,10.483611687119001,343.35253473181723,NAD metabolism
r0531,-0.354445928912219,0,-539.3664501106263,-257.072061899671,Nucleotide interconversion
r0545,-0.8861947670164181,0,24.142651174200047,400.13750785298646,Phenylalanine metabolism
r0547,0.8763145220147288,0,-26.47668795590289,-401.6526023566723,Phenylalanine metabolism
r0568,0.33092096609735044,0,14.730618505368755,7.405359333440468,Glutathione metabolism
r0584,0.8876690259277011,0,-21.28168464095937,-357.6286705254078,NAD metabolism
r0591,-1.1269847453371886,0,-0.22546718375555638,3.7765580357608504,CoA synthesis
r0596,0.3978499480123395,0,80.16209020918012,34.531322088993804,CoA synthesis
r0603,-0.7863966688810782,0,3.0063747461826735,25.14276253959213,"Valine, leucine, and isoleucine metabolism"
r0610,0.586692931486592,0,-56.23983487444779,-215.90569158234595,Miscellaneous
r0611,-0.5866929314865224,0,56.23983487445971,215.90569158234595,Miscellaneous
r0629,0.5686646735669113,0,-34.78826440089941,-126.5166984389387,Bile acid synthesis
r0630,0.8803575406853318,0,-26.863902137763052,-422.2058059181213,Bile acid synthesis
r0637,0.5005254649683217,0,174.94736469183565,58.23410243578693,Fatty acid oxidation
r0638,-0.41750583355374055,0,-140.74757698554993,-57.83725230251085,Fatty acid oxidation
r0641,-2.6290458392407143,0,-196.75118545038953,438.30508247528076,Fatty acid oxidation
r0642,-0.964286238661193,0,-325.21127577171325,-5.912843891588888,Miscellaneous
r0643,-1.021505428229151,0,-555.8059991065979,5.912843891588888,"Valine, leucine, and isoleucine metabolism"
r0649,-0.8137231710910197,0,43.989695041926204,428.3148347224355,Miscellaneous
r0650,0.5207571181715762,0,10.830884457255776,3.4131842738219027,Bile acid synthesis
r0655,-0.9470470577332467,0,2.3677740186721556,87.06159165262002,"Valine, leucine, and isoleucine metabolism"
r0656,0.9119415448271406,0,169.9470979311794,7.82726801738247,Miscellaneous
r0660,0.6478683883973944,0,120.9628519470334,25.84845021608863,Fatty acid oxidation
r0669,-0.4955111826822192,0,9.454934633122198,28.02829317514247,"Valine, leucine, and isoleucine metabolism"
r0672,-3.286468990622597,0,-11.172915525607872,20.945989703679736,Bile acid synthesis
r0688,0.5452164679600978,0,-222.01130200347902,-754.327049597168,Bile acid synthesis
r0707,1,0,NA,-945.3549195861816,Miscellaneous
r0719,0.3940937652070411,0,11.393840168141224,4.952033334060531,Fatty acid oxidation
r0720,-0.5389099378863836,0,13.752454577871879,45.89946901740683,Fatty acid oxidation
r0721,0.3940937652070411,0,11.393840168141224,4.952033334060531,Fatty acid oxidation
r0722,-0.5558111173725195,0,-210.50959927625655,-60.10114122515954,Fatty acid oxidation
r0724,0.5558111173725195,0,210.50959927625655,60.10114122515954,Fatty acid oxidation
r0735,-0.5494747647395376,0,-274.8716120811462,-79.92166153160781,Fatty acid oxidation
r0739,0.40275517165605373,0,-222.01130200347902,-521.4402658203124,Bile acid synthesis
r0741,0.47816451443179037,0,14.25252870205676,5.03156121202897,Bile acid synthesis
r0758,0.382990418678039,0,-390.26097552642824,-874.7468536560059,Tryptophan metabolism
r0779,-0.4955111826822192,0,9.454934633122198,28.02829317514247,Miscellaneous
r0788,0.5332542033334243,0,-119.08191276717186,-391.18261930847166,Sphingolipid metabolism
r0789,0.5332542033334243,0,-119.08191276717186,-391.18261930847166,Sphingolipid metabolism
r0791,0.700405128321299,0,40.013826918440124,7.050047745291586,Fatty acid oxidation
r0797,-0.39716345666683234,0,-500.2047682645798,-215.82422015156746,Bile acid synthesis
r0812,-2.12480985121342,0,-129.5328579968974,46.6267842422992,Purine catabolism
r0822,1,0,NA,-444.3088382152557,"Transport, mitochondrial"
r0838,0.3781645204677176,0,720.2152006317139,324.9650952407837,"Transport, mitochondrial"
r0840,1.0648989400535145,0,10.004894509634282,-318.3271722351074,"Transport, endoplasmic reticular"
r0841,-1.4080710759337007,0,-30.560462928395253,180.34056120402218,"Transport, endoplasmic reticular"
r0885,1,0,NA,-149.20778587799742,"Transport, mitochondrial"
r0913,1.9113239204435548,0,53.884264442767204,-16.86724681419795,"Transport, mitochondrial"
r0915,-6.452585223178944,0,-351.46443678548934,480.38105978164674,"Transport, mitochondrial"
r0917,-0.48448631196161374,0,111.90870315293203,322.25514447937013,"Transport, mitochondrial"
r0921,-1,0,NA,231.0510978053689,"Transport, mitochondrial"
r0927,-1,0,NA,19.135308468175833,"Transport, mitochondrial"
r0934,0.39913043647897867,0,386.342483514595,165.9183685712993,"Transport, peroxisomal"
r0942,-0.3320027757761631,0,-656.7724524108887,-329.37031599015296,"Transport, extracellular"
r0944,-0.4878083671227379,0,64.65332036740226,187.80422176076175,"Transport, extracellular"
r0954,-0.42778788168289367,0,-209.8891922188282,-84.11693419742585,"Transport, peroxisomal"
r0960,0.8011253187435147,0,309.8610891269207,34.21390210476471,"Transport, endoplasmic reticular"
r0962,0.5432520499659813,0,67.84249894402028,20.07897693610671,"Transport, mitochondrial"
r0970,-0.9062412877380406,0,30.525993848085403,620.6346953643799,"Transport, endoplasmic reticular"
r0975,-1,0,NA,231.0510978053689,"Transport, mitochondrial"
r0990,1,0,NA,-520.6473777984619,"Transport, peroxisomal"
r0997,0.5005254649683217,0,174.94736469183565,58.23410243578693,"Transport, peroxisomal"
r0999,-0.5456587974981559,0,-86.40286567792893,-25.397831627042756,"Transport, peroxisomal"
r1001,1,0,NA,-60.89724449009272,"Transport, mitochondrial"
r1002,-0.4481194252297706,0,146.110564076519,383.3900951461792,"Transport, endoplasmic reticular"
r1003,0.5941678769247979,0,23.393483013134123,5.955349505384464,"Transport, peroxisomal"
r1006,-0.690255684693986,0,8.128013330985013,44.35406901460952,"Transport, peroxisomal"
r1007,-0.6790549557822247,0,-14.754070632602437,-2.820185149548455,"Transport, peroxisomal"
r1018,0.5207571181715762,0,10.830884457255776,3.4131842738219027,"Transport, endoplasmic reticular"
r1019,-7.989352939799848,0,-233.66940695614815,300.53379596862794,"Transport, peroxisomal"
r1020,-0.772692538792589,0,9.969013132341821,77.7448971756477,"Transport, mitochondrial"
r1028,-0.47798888805621936,0,2.0933530193339913,5.926985902338007,"Transport, extracellular"
r1051,-1,0,NA,89.53460906342445,"Transport, endoplasmic reticular"
r1106,-0.7904825731981083,0,0.4845625484768885,4.1409481393291845,"Transport, extracellular"
r1117,-1,0,NA,21.874039761466125,"Transport, mitochondrial"
r1144,-0.6061226315103627,0,144.69158243639023,590.012129996872,"Transport, extracellular"
r1154,-0.47562388025612073,0,90.84792223307763,255.6511604385376,Propanoate metabolism
r1164,-0.4682168027440581,0,11.909399774736825,32.881033003848884,Miscellaneous
r1166,0.38836373109091105,0,3.8892892516914044,1.7134057259934183,Miscellaneous
r1167,-0.5365526322923676,0,77.69278885563463,257.5892486276269,Miscellaneous
r1168,0.38373841706318484,0,3.8528996702130613,1.7159269558343222,Miscellaneous
r1171,0.4159455198297385,0,16.99658940415096,7.010816482757355,Miscellaneous
r1172,-0.4682168027440581,0,11.909399774736825,32.881033003848884,Miscellaneous
r1175,0.38836373109091105,0,3.8892892516914044,1.7134057259934183,Miscellaneous
r1177,-0.5365526322923676,0,77.69278885563463,257.5892486276269,Miscellaneous
r1179,0.38373841706318484,0,3.8528996702130613,1.7159269558343222,Miscellaneous
r1183,0.4159455198297385,0,16.99658940415096,7.010816482757355,Miscellaneous
r1253,0.44579654707073657,0,42.36748822734356,16.24032670094967,Fatty acid oxidation
r1254,0.4401168854268706,0,108.783672544384,42.29249862645678,Fatty acid oxidation
r1257,0.38373841706318484,0,3.8528996702130613,1.7159269558343222,Fatty acid oxidation
r1318,-0.4481194252297706,0,146.110564076519,383.3900951461792,"Transport, endoplasmic reticular"
r1380,-0.3518255825654691,0,1.069584361544312,2.2307136223771087,Cholesterol metabolism
r1400,-1,0,NA,374.949939122963,Fatty acid oxidation
r1411,-0.6206898745826627,0,33.68670929511115,143.93422427763343,Miscellaneous
r1427,0.35398710652146625,0,12.44319694975322,5.936884942933466,"Transport, mitochondrial"
r1435,0.41349800295992245,0,269.774944298172,111.93757844080925,"Transport, mitochondrial"
r1443,0.3840882152851841,0,4.697111309886248,2.090189178642849,Fatty acid oxidation
r1444,0.3940937652070411,0,11.393840168141224,4.952033334060531,Fatty acid oxidation
r1448,-0.6534775031199699,0,4.925909250925099,23.504621495426424,Fatty acid oxidation
r1449,-0.6228251303603848,0,9.955418667261535,42.833987354267855,Fatty acid oxidation
r1451,0.3629153938406894,0,59.14313150236756,27.646014426496716,Fatty acid oxidation
r1454,0.4401135859578058,0,132.1051840277314,51.35976667595841,"Transport, mitochondrial"
r1459,3.6687469300199274,0,275.3711677574158,-157.40753773635552,"Transport, nuclear"
r1467,-4.73409019413871,0,-233.29545297403337,151.92406010250022,"Transport, mitochondrial"
r1468,1,0,NA,-73.15783491316253,"Transport, mitochondrial"
r1472,0.4961432744871356,0,89.12046449620836,30.013131885806658,Fatty acid oxidation
r1474,0.4961432744871356,0,89.12046449620836,30.013131885806658,Fatty acid oxidation
r1477,0.4961432744871356,0,89.12046449620836,30.013131885806658,Fatty acid oxidation
r1481,0.43529845459618394,0,47.70389342647693,18.76854409857879,Fatty acid oxidation
r1495,0.7530917424921042,0,55.996814830842055,7.88668136455944,"Transport, extracellular"
r1497,-0.9286562100051379,0,5.540234513678335,149.7706766133398,"Transport, extracellular"
r1499,0.6505864475155406,0,231.35222177798227,48.97507901406428,"Transport, extracellular"
r1515,0.7012256211157282,0,24.107434149494697,4.233820355812047,"Transport, extracellular"
r1529,0.4497867962823828,0,9.380636132252798,3.5600750899863667,"Transport, extracellular"
r1536,0.8902529432605462,0,404.39938322906494,23.479208015454933,"Transport, extracellular"
r1540,0.5475679433805699,0,400.3680876396179,117.04775746381283,"Transport, extracellular"
r1544,-0.49969431592733105,0,234.1556231420517,701.8945981384277,"Transport, extracellular"
r1546,2.664172385591753,0,509.11308280911,-231.22600259910524,"Transport, extracellular"
r1547,1.3779816527244653,0,78.58969002501051,-494.42833964486124,"Transport, extracellular"
r1548,-0.6971431604237627,0,-706.4527965576171,-126.06718529379219,"Transport, extracellular"
r1549,0.8058636027277393,0,115.57763665009738,12.424983786483205,"Transport, extracellular"
r1551,-6.6576931706630935,0,-153.88746340793148,208.2868303463459,"Transport, extracellular"
r1552,7.452779741492596,0,178.3612151438743,-233.6431935436569,"Transport, extracellular"
r1557,-0.3597953797048091,0,417.2424664928734,886.2234981872558,"Transport, extracellular"
r1559,0.8452520102532193,0,-43.72120706982529,-521.3421212663651,"Transport, extracellular"
r1560,3.8076739577745427,0,248.38821570578813,-425.3234435430467,"Transport, extracellular"
r1561,-1.0544202181582585,0,-516.3591566015243,13.67800886201393,"Transport, extracellular"
r1562,3.5482219872277203,0,346.0085059366867,-617.5770801589966,"Transport, extracellular"
r1563,-1.042427685942515,0,-382.92562351932526,7.954576901714039,"Transport, extracellular"
r1565,0.4788115065592513,0,643.301450680542,226.723495470047,"Transport, extracellular"
r1566,1.2670991310726745,0,109.19613065627105,-12.864982926877262,"Transport, extracellular"
r1568,-0.788498232249114,0,102.53232309003239,867.0323683105469,"Transport, extracellular"
r1569,-0.9851743762109185,0,-887.3296858215332,-6.626730758022004,"Transport, extracellular"
r1570,-1.290973709802751,0,-63.744946731473505,501.89413055076596,"Transport, extracellular"
r1571,-0.7695463035244158,0,115.97652563515716,890.5295743652343,"Transport, extracellular"
r1573,0.8648859557300641,0,288.30615887908937,20.88825378001984,"Transport, extracellular"
r1574,0.416821203513154,0,59.221010046528185,24.376002617714274,"Transport, extracellular"
r1575,-0.5301441981922027,0,-502.55031101989744,-154.31629228930473,"Transport, extracellular"
r1576,0.8772405540090307,0,396.417191734314,25.92313208590853,"Transport, extracellular"
r1578,17.270407618598522,0,371.68562313842773,-330.9984495517731,"Transport, extracellular"
r1579,-10.272260037117903,0,-256.5011855014086,210.99102433465274,"Transport, extracellular"
r1580,-1.4145592363569406,0,-810.9363876708984,139.23086439334153,"Transport, extracellular"
r1581,7.531801149864343,0,503.3137618133545,-385.32841429471074,"Transport, extracellular"
r1585,3.1414540557394073,0,331.2524868537903,-640.6240430316925,"Transport, extracellular"
r1586,-1.0386956013330093,0,-833.5894512451172,15.822001607151215,"Transport, extracellular"
r1587,-1.0733266485611712,0,-24.628815306391008,696.3850128051757,"Transport, extracellular"
r1588,-0.6716299739915756,0,63.139884133410455,321.4255702774048,"Transport, extracellular"
r1590,3.1054205515418998,0,606.3435956359863,-310.9567586366646,"Transport, extracellular"
r1592,4.940072005533938,0,833.839001965332,-553.0885325472832,"Transport, extracellular"
r1593,-1.1789523525001204,0,-407.2464229400635,33.44621342856065,"Transport, extracellular"
r1595,-0.5059805735679533,0,-60.15155700598438,-19.7320192654863,"Transport, extracellular"
r1596,0.5600198632228542,0,780.1670244262696,220.0343740540266,"Transport, extracellular"
r1597,0.4706971312812535,0,52.254643652724475,18.806409695765932,"Transport, extracellular"
r1598,2.907457923312655,0,247.20417301514297,-506.4016839996338,"Transport, extracellular"
r1599,-1.0797322022683076,0,-512.4916772521495,19.64776523964256,"Transport, extracellular"
r1603,-0.573237793590866,0,-299.54186344856026,-81.25481543730012,"Transport, extracellular"
r1604,0.3650226694398836,0,-400.83111349145474,-861.674157800293,"Transport, extracellular"
r1605,0.5795470317599708,0,66.1558938997617,17.60975861904826,"Transport, extracellular"
r1606,-1.0826529858739566,0,-366.17190091647507,14.532042140082645,"Transport, extracellular"
r1608,-1.3044503617300396,0,-52.81662971689189,399.780446194306,"Transport, extracellular"
r1610,-0.9368488777117215,0,3.1790888874163095,97.50285538284045,"Transport, extracellular"
r1612,-1.2272324793337805,0,-399.28489797472656,40.736877793050326,"Transport, extracellular"
r1613,1.00722980223381,0,64.97096106129885,-0.23401764904596117,"Transport, extracellular"
r1614,0.6419746904499891,0,67.95092505087457,14.816398277662694,"Transport, extracellular"
r1615,2.647905254575428,0,200.11909081522523,-442.99602838137747,"Transport, extracellular"
r1616,1.1914062340452392,0,72.07869309535492,-6.295642946500654,"Transport, extracellular"
r1617,3.497566043157813,0,442.7218712249756,-245.85011126561164,"Transport, extracellular"
r1618,1.3189768207036097,0,78.5303583634195,-570.9194804958344,"Transport, extracellular"
r1619,-0.9518718633836034,0,-638.7054156330108,-15.748831712718124,"Transport, extracellular"
r1620,1.2963164466762278,0,112.4446376608014,-871.3943275756836,"Transport, extracellular"
r1621,-1.657916399360015,0,-168.89664665119275,682.3255467834473,"Transport, extracellular"
r1623,-0.7260550235783736,0,77.98945727810073,491.390994934082,"Transport, extracellular"
r1624,-3.3077896585288658,0,-807.3615930541993,432.5236102127075,"Transport, extracellular"
r1626,11.866793330120947,0,292.4639253358364,-247.0036590780139,"Transport, extracellular"
r1627,0.518309088641647,0,-138.58125070797726,-436.8136651611328,"Transport, extracellular"
r1629,0.37249412231832524,0,-390.5711179799497,-854.265406652832,"Transport, extracellular"
r1630,-0.9396465278217296,0,-874.2396302734375,-27.202583793503766,"Transport, extracellular"
r1631,2.078313707127623,0,479.6906764770508,-168.03259213927836,"Transport, extracellular"
r1632,-0.9933567945487862,0,-264.8899333714604,-0.8827914070161298,"Transport, extracellular"
r1633,-0.9732500215940587,0,-422.5961150483877,-5.728841671491211,"Transport, extracellular"
r1634,0.5354528651072131,0,-135.26669321400112,-447.09269748687746,"Transport, extracellular"
r1635,1.4201693577622045,0,457.78388818054196,-79.47657120514721,"Transport, extracellular"
r1636,-1.4819496345404488,0,-869.3761961303711,168.81710014263763,"Transport, extracellular"
r1637,-11.043306451719948,0,-285.07382483459713,341.84274375686647,"Transport, extracellular"
r1638,-0.9782150006862486,0,-406.2198820850104,-4.473477275920051,"Transport, extracellular"
r1639,1.0512929461837568,0,9.241610863883746,-369.58787878055574,"Transport, extracellular"
r1640,1.2271611983180202,0,371.24150969777105,-37.865093138307614,"Transport, extracellular"
r1641,-1.0498000675740744,0,-581.4633799146652,14.126702437799425,"Transport, extracellular"
r1642,1.1727039459508886,0,62.85672600957826,-790.7697527038574,"Transport, extracellular"
r1644,0.9838730691914905,0,844.6060380737305,6.865813820445377,"Transport, extracellular"
r1645,1.8927074792632121,0,123.36181117986627,-399.73859539070725,"Transport, extracellular"
r1646,-0.5511654567073778,0,-27.041772627115993,-7.824620909672693,"Transport, extracellular"
r1649,-0.6750889137422549,0,116.5120723590035,600.681506357956,"Transport, extracellular"
r1650,-1.5318505023146787,0,-400.49848509584365,84.1302913737433,"Transport, extracellular"
r1651,14.995609412174831,0,469.33691635131834,-410.65369844352307,"Transport, extracellular"
r1652,-3.25895846307165,0,-178.80175098654627,337.1063448155254,"Transport, extracellular"
r1653,-0.7691207600567809,0,55.855181221907586,427.992402784729,"Transport, extracellular"
r1654,1.319485302343937,0,59.07136471302328,-428.86217687020303,"Transport, extracellular"
r1655,0.7274178089633206,0,84.74970261693173,13.373290184436657,"Transport, extracellular"
r1657,-1.0667634736677931,0,-394.7074694495231,12.750390685155987,"Transport, extracellular"
r1658,1.3598416472238823,0,64.11754567091447,-420.4828867345214,"Transport, extracellular"
r1659,-0.7175541644880454,0,66.40051461465414,403.78177357025146,"Transport, extracellular"
r1660,-1.0322063073006744,0,-371.4241230400026,5.886311543535628,"Transport, extracellular"
r1662,-1.0699930966707742,0,-381.084615601477,12.88569144623643,"Transport, extracellular"
r1665,-0.44703258099707505,0,-716.6179687709808,-273.8475925188646,"Transport, extracellular"
r1666,0.717373930950107,0,-70.27970096219782,-427.0537629921913,"Transport, extracellular"
r1668,0.3890280676749349,0,212.64998891251088,93.53531268252637,"Transport, extracellular"
r1669,-1.0022893588369615,0,-1.0263676775592148,897.6683977416992,"Transport, extracellular"
r1670,0.6228480539773421,0,-95.22093887406513,-409.72641657903193,"Transport, extracellular"
r1672,-0.413461748877819,0,45.68665022022901,110.09739330232068,"Transport, extracellular"
r1673,-0.5218783147373931,0,7.829380942728856,24.92119776582143,"Transport, extracellular"
r1677,-0.8403310051367363,0,12.96518178123285,149.43556223717704,"Transport, extracellular"
r1680,-0.6600873144191068,0,14.424742826977464,70.448481614919,"Transport, extracellular"
r1681,-0.4739079405624189,0,61.08406293115281,171.13408914076686,"Transport, extracellular"
r1685,-0.5265042389130873,0,3.9218137993335898,12.643545900322602,"Transport, extracellular"
r1686,0.6355657800946682,0,83.75458632247802,18.66206648573886,"Transport, extracellular"
r1690,0.39076528211797346,0,20.43647848554214,8.952346139731457,"Transport, extracellular"
r1691,-0.8338411300088892,0,41.43919258643007,457.3508219177246,"Transport, extracellular"
r1693,0.9523585353895754,0,110.77693345622346,2.703179390077005,"Transport, extracellular"
r1695,-0.7876734859626735,0,14.302394114908203,120.41836065991819,"Transport, extracellular"
r1698,-0.699240148798262,0,5.545343090125939,31.330211063585477,"Transport, extracellular"
r1700,-0.5475445073131379,0,10.991144559369015,37.593278602781986,"Transport, extracellular"
r1701,0.8888120667016012,0,385.5395531446755,22.695400391952788,"Transport, extracellular"
r1702,-0.34052662743352646,0,78.939123830536,160.46136484523416,"Transport, extracellular"
r1705,-0.9101915697264722,0,9.682363163559225,205.94022669954896,"Transport, extracellular"
r1706,0.9114356756127667,0,474.33525623168947,21.977815961678886,"Transport, extracellular"
r1715,-0.3887073073869632,0,13.761213327074028,31.26210690353508,"Transport, extracellular"
r1716,0.8681295076504347,0,204.93632193535865,14.466370539756864,"Transport, extracellular"
r1717,-0.9364384912794587,0,9.785786213770342,298.12969316212536,"Transport, extracellular"
r1720,0.40378902022269214,0,107.92274260846526,45.83646344565358,"Transport, extracellular"
r1723,0.9008685315240024,0,390.69911227879527,20.375200120449065,"Transport, extracellular"
r1725,0.6607539348992213,0,71.00753474129438,14.504874110054566,"Transport, extracellular"
r1726,-0.9431002069156873,0,7.141679801666879,243.88488513098582,"Transport, extracellular"
r1728,0.87706834336602,0,429.11540835955736,28.10332837546598,"Transport, extracellular"
r1732,0.8116173931156473,0,26.673300441391127,2.773646295544289,"Transport, extracellular"
r1734,0.7760820919759529,0,71.62252204189804,9.029743262140354,"Transport, extracellular"
r1735,-0.6950690568540346,0,10.746244638898316,59.73689182491582,"Transport, extracellular"
r1736,0.6631489994246815,0,213.27849094275908,43.197015480942746,"Transport, extracellular"
r1737,0.6614269870593182,0,98.91439010202046,20.157216261008834,"Transport, extracellular"
r1738,-0.7626403679761787,0,3.4355835068185465,25.5127551599161,"Transport, extracellular"
r1739,0.353060308686785,0,8.790482540744055,4.202999692543348,"Transport, extracellular"
r1741,0.5517222635082588,0,13.727665060608253,3.965791279409245,"Transport, extracellular"
r1744,0.5919852918118378,0,31.237091914390003,8.005848425641759,"Transport, extracellular"
r1745,0.9249942937682918,0,390.4835141949147,15.214846012189938,"Transport, extracellular"
r1746,0.9399622166343573,0,190.53626717261523,5.8966999633909785,"Transport, extracellular"
r1747,-0.8631518070952431,0,32.53011017005048,442.888811769104,"Transport, extracellular"
r1748,-0.9578902638164203,0,9.460277280555085,439.8551608078003,"Transport, extracellular"
r1753,0.9232983838961277,0,468.81784021148684,18.696571631128666,"Transport, extracellular"
r1754,-0.9623906639369616,0,2.181725039166015,113.8386713597037,"Transport, extracellular"
r1755,-0.8997459337022082,0,23.077696425151593,437.30655086517334,"Transport, extracellular"
r1756,0.7767036156435196,0,129.38441019794195,16.261052622911357,"Transport, extracellular"
r1758,-0.36460067201432256,0,205.1220431800604,440.5256122253418,"Transport, extracellular"
r1759,0.9243303508319658,0,468.64706138153076,18.428415216253697,"Transport, extracellular"
r1761,0.8917533850118632,0,473.7265608520508,27.106755589013826,"Transport, extracellular"
r1762,-0.8461430931025066,0,10.259355847199949,123.10294883029125,"Transport, extracellular"
r1763,0.8400021342959877,0,57.38209523527818,4.989675064035552,"Transport, extracellular"
r1765,-0.5910454856718939,0,5.536713289571001,21.54069065432516,"Transport, extracellular"
r1767,0.5443296447698504,0,468.9953048538208,138.3818913842462,"Transport, extracellular"
r1768,-0.5120242462878307,0,5.720359199739698,17.724900759277983,"Transport, extracellular"
r1769,-0.48307971599327815,0,4.787178156483976,13.734742165070772,"Transport, extracellular"
r1771,0.8851807506038136,0,142.35680289652757,8.670415953369368,"Transport, extracellular"
r1772,-0.502523955292455,0,21.358670677462687,64.50946671202294,"Transport, extracellular"
r1774,-0.8133126265000913,0,9.025420490868424,87.6647875469327,"Transport, extracellular"
r1775,0.8488865868081388,0,423.2191224701971,34.59059445876787,"Transport, extracellular"
r1776,0.8329513807318043,0,138.81047345550172,12.650689033250977,"Transport, extracellular"
r1778,0.8708170656655984,0,473.37419648284913,32.68725139520117,"Transport, extracellular"
r1779,-0.37698665904824324,0,200.73860676374434,443.6732976654053,"Transport, extracellular"
r1780,-0.3920470488092349,0,4.435745393914337,10.15665155136335,"Transport, extracellular"
r1781,0.9309448025011375,0,144.3412673030436,5.161988425529781,"Transport, extracellular"
r1782,-0.7089679122664494,0,24.498679364918452,143.8585595615864,"Transport, extracellular"
r1784,0.6662101776056433,0,61.66045389236566,12.352362403081777,"Transport, extracellular"
r1785,0.9456758544948509,0,83.0362535396386,2.318409569131915,"Transport, extracellular"
r1786,0.5926723946322185,0,466.1329690658569,119.2139869520463,"Transport, extracellular"
r1788,-0.7907055619019533,0,1.739435223544361,14.88246108054663,"Transport, extracellular"
r1789,0.5805100883979875,0,31.440621232313056,8.344789140083137,"Transport, extracellular"
r1790,-0.3780860448141113,0,10.990272821659303,24.353114249866806,"Transport, extracellular"
r1796,0.7012533692383316,0,64.29874359091455,11.291106520244083,"Transport, extracellular"
r1798,0.5285749353197733,0,56.62517016465105,17.463667557662166,"Transport, extracellular"
r1800,0.44675505580165403,0,14.887976157349954,5.69322187979871,"Transport, extracellular"
r1803,-0.7931781417912487,0,8.532926249389938,73.98181685650945,"Transport, extracellular"
r1805,0.7334110789490192,0,21.86597459378045,3.3628644961807863,"Transport, extracellular"
r1806,0.41151584128460894,0,27.037638470616333,11.272435961151434,"Transport, extracellular"
r1809,-0.9073408412174198,0,2.990448604192432,61.55683724392019,"Transport, extracellular"
r1810,-0.889506019765305,0,3.7732898624388964,64.52527001248338,"Transport, extracellular"
r1811,0.9298715532790758,0,78.57487288877219,2.85528525337396,"Transport, extracellular"
r1812,-0.8703259299599525,0,30.285564908885352,436.817301524353,"Transport, extracellular"
r1815,-0.9156012149987546,0,5.89161743043772,133.72217986180485,"Transport, extracellular"
r1816,0.6524121434185075,0,79.48989564953837,16.720842048249068,"Transport, extracellular"
r1817,-0.5605082444035595,0,7.977421798551676,28.32551993797943,"Transport, extracellular"
r1818,-0.38786726484012457,0,6.860903531155069,15.55548800315212,"Transport, extracellular"
r1819,0.4487165385408829,0,21.54329066361254,8.197918317559848,"Transport, extracellular"
r1820,0.4017097294908992,0,21.803688076684672,9.306444952931622,"Transport, extracellular"
r1821,0.9569884476377245,0,395.5294573349386,8.693120281583479,"Transport, extracellular"
r1822,-0.6639886724484656,0,54.58998950378746,270.3394698782921,"Transport, extracellular"
r1823,0.5250750433117635,0,151.8037647845745,47.27334351945538,"Transport, extracellular"
r1824,0.7390089776976935,0,84.48481011250225,12.679507261354283,"Transport, extracellular"
r1830,0.3499054289422521,0,173.03367927370667,83.33047122725249,"Transport, extracellular"
r1831,-0.8843795359945922,0,14.892041210205491,242.71012875702382,"Transport, extracellular"
r1832,-0.7695318598641575,0,7.029586274521222,53.97308654939141,"Transport, extracellular"
r1834,0.3935687934754328,0,57.460866847662906,25.00491039518246,"Transport, extracellular"
r1835,0.5220256084472575,0,29.00897181075446,9.109929277051648,"Transport, extracellular"
r1836,0.44117080558317584,0,41.34258084776718,16.031022180553574,"Transport, extracellular"
r1842,-0.41368407682642133,0,180.29158172290175,434.7064921722412,"Transport, extracellular"
r1843,-0.8608926463805634,0,8.39193965099546,112.26220885582939,"Transport, extracellular"
r1846,-0.8411175510275103,0,8.51862894241472,98.71321444249824,"Transport, extracellular"
r1847,-0.6545011359306926,0,19.102457365533734,91.47653059722707,"Transport, extracellular"
r1848,-0.6700497268061252,0,5.848845210796933,29.604043821122264,"Transport, extracellular"
r1852,-0.9778286921617578,0,4.98712386913144,444.88474706573487,"Transport, extracellular"
r1853,-0.6555505180528206,0,3.462763591757258,16.643311599194934,"Transport, extracellular"
r1854,0.8856198137624717,0,122.20939048644304,7.413123653979058,"Transport, extracellular"
r1855,0.8093259803914796,0,23.171849089099094,2.441942278762051,"Transport, extracellular"
r1856,0.3776749027039212,0,26.232619128159712,11.84983280106356,"Transport, extracellular"
r1857,0.3929231255953958,0,473.106988381958,206.19394314609244,"Transport, extracellular"
r1859,-0.7520282018067441,0,3.45299666966252,24.39691767399553,"Transport, extracellular"
r1860,-0.6188680617387786,0,6.307305952166038,26.790450068706274,"Transport, extracellular"
r1864,-0.7771257882857588,0,27.42440619050829,218.67321075290516,"Transport, extracellular"
r1865,-0.9093473016909566,0,20.52792232840866,432.3636674713135,"Transport, extracellular"
r1866,-0.5223293606525653,0,16.761516814608875,53.418709617174606,"Transport, extracellular"
r1867,-0.46084406127268984,0,2.4275163980823846,6.577360386962743,"Transport, extracellular"
r1871,0.7894316448562662,0,138.48004308602512,16.295405849492447,"Transport, extracellular"
r1874,-0.5070035925999234,0,3.712358534307066,11.348029243709385,"Transport, extracellular"
r1877,-0.5829124889556042,0,19.91809970429009,75.59231083001121,"Transport, extracellular"
r1879,0.8210898183082055,0,254.65792139468826,25.0184776873359,"Transport, extracellular"
r1881,-0.5397837293794169,0,5.7914424790624555,19.3769092232923,"Transport, extracellular"
r1882,0.858888739783946,0,20.408459742450027,1.5492392910295676,"Transport, extracellular"
r1883,-0.8323129706764949,0,9.068782309146348,99.09441129899696,"Transport, extracellular"
r1884,0.9812815973763744,0,361.40852833099365,3.4144517134110126,"Transport, extracellular"
r1886,0.6359461657852494,0,32.74722865114696,7.2873755871023915,"Transport, extracellular"
r1887,0.9822208310406387,0,465.6401723983765,4.17647477500812,"Transport, extracellular"
r1888,-0.8266118244272311,0,42.68893955922695,449.7199507034302,"Transport, extracellular"
r1890,0.6000729932920024,0,12.672083269312873,3.167298211954719,"Transport, extracellular"
r1891,0.8625347082032077,0,46.768978536070136,3.4518075036040448,"Transport, extracellular"
r1892,-0.9234934246744312,0,17.627625801243912,443.1857285079956,"Transport, extracellular"
r1893,0.33672056294421,0,24.59670508058653,12.204861024465016,"Transport, extracellular"
r1894,-0.6685117391311551,0,4.482215899226337,22.560768292601498,"Transport, extracellular"
r1895,-0.8938718074377056,0,4.783267780651509,85.35805405226033,"Transport, extracellular"
r1898,0.40935033783667546,0,9.253188913704015,3.8779519606189368,"Transport, extracellular"
r1900,-0.59039649181742615,0,86.23655122403763,334.8367525993228,"Transport, extracellular"
r1903,-0.952518438037821,0,10.84583589212904,445.9982713328272,"Transport, extracellular"
r1905,0.9492689535997691,0,275.1823714019373,7.161807828692081,"Transport, extracellular"
r1906,0.49978603414699707,0,84.94823650356494,28.33223760336889,"Transport, extracellular"
r1908,-0.811826315259456,0,8.487087635479808,81.7177425157914,"Transport, extracellular"
r1910,-0.7030890387356664,0,7.701011735237738,44.1732047129835,"Transport, extracellular"
r1912,-0.9693558486622729,0,5.336154775004376,342.929634425354,"Transport, extracellular"
r1913,-0.5794086243193827,0,5.206460714850312,19.55134943484672,"Transport, extracellular"
r1914,-0.7000357766304203,0,76.27206328833773,432.26900492008326,"Transport, extracellular"
r1916,0.9784991983285523,0,441.21139884643554,4.79474481960539,"Transport, extracellular"
r1917,-0.7612702706942275,0,5.477715041164125,40.412799366851615,"Transport, extracellular"
r1919,-0.3495635891499108,0,69.13398439199123,143.44324295491091,"Transport, extracellular"
r1920,-0.8668713703276648,0,6.896215629708577,96.70607708046194,"Transport, extracellular"
r1921,-0.9669252910016299,0,7.124759261429242,423.7034764022827,"Transport, extracellular"
r1922,0.8786042554787324,0,211.40610826541072,13.661100699829532,"Transport, extracellular"
r1923,0.870814547255039,0,243.85125153997987,16.838672961378855,"Transport, extracellular"
r1924,0.5427304388719499,0,394.6825748341084,116.98500478881225,"Transport, extracellular"
r1925,0.9505424633044233,0,284.20519713909925,7.206246073088906,"Transport, extracellular"
r1926,0.9359222008467895,0,439.84730653839114,14.558667364896934,"Transport, extracellular"
r1928,0.806917942720488,0,147.50274926234485,15.7617197818502,"Transport, extracellular"
r1929,0.7867519617263073,0,45.366231856107895,5.414439247536924,"Transport, extracellular"
r1930,-0.8290012724491556,0,19.06940069066767,203.96618517353238,"Transport, extracellular"
r1932,0.6800155000793302,0,402.60873910245897,76.6829568175463,"Transport, extracellular"
r1934,0.7546673791398064,0,46.97255759370896,6.567569899555772,"Transport, extracellular"
r1935,-0.5839462304778069,0,23.992622416880202,91.34161644572616,"Transport, extracellular"
r1942,0.3711006903150152,0,13.14886380303236,6.031148133233769,"Transport, extracellular"
r1944,-0.59133521481265094,0,23.671058464036744,92.17478547470607,"Transport, extracellular"
r1945,-0.7976604364848868,0,5.445645672446711,48.38115495757405,"Transport, extracellular"
r1946,-0.8581873744587121,0,31.287357170306798,409.9618905731201,"Transport, extracellular"
r1948,-0.6386304141956166,0,101.67794753597379,461.05866080169676,"Transport, extracellular"
r1949,-0.4547881504686984,0,19.86298304749774,53.00037479981687,"Transport, extracellular"
r1952,0.9433072449000094,0,294.43930919757486,8.589776882660349,"Transport, extracellular"
r1954,0.8308120583919996,0,63.50695128088743,5.868767531742111,"Transport, extracellular"
r1955,0.648699969884753,0,36.14578458348773,7.701835048620813,"Transport, extracellular"
r1956,-0.744518278789792,0,13.263064890784799,90.5648318993114,"Transport, extracellular"
r1958,-0.7347909697501628,0,10.359306344745235,67.76251578918713,"Transport, extracellular"
r1959,-0.6037752077064243,0,10.06874009058546,40.754632330417444,"Transport, extracellular"
r1960,-0.9456694814994805,0,4.501435983019728,161.20417873430253,"Transport, extracellular"
r1961,-0.9654291574535463,0,7.298992672174828,414.96393958740236,"Transport, extracellular"
r1962,-0.9741919708892297,0,4.57005735005433,349.587738306427,"Transport, extracellular"
r1963,-0.7408804103021432,0,28.334903037358227,190.366454666996,"Transport, extracellular"
r1965,0.7513994702774911,0,72.99212877829298,10.360789864223381,"Transport, extracellular"
r1967,-0.9672685021836055,0,5.0497356796903246,303.50538807398306,"Transport, extracellular"
r1968,-0.7785301023874678,0,8.669970938957144,69.62483149171453,"Transport, extracellular"
r1969,-0.4272217271682588,0,285.4168102690488,711.1880674194335,"Transport, extracellular"
r1970,0.9250231180565937,0,202.15271092450618,7.873557361133297,"Transport, extracellular"
r1971,0.4119226302604977,0,435.67883385620115,181.46381194984988,"Transport, extracellular"
r1972,0.5998728888613516,0,473.09911110839846,118.32176289004609,"Transport, extracellular"
r1976,0.7785339205316927,0,209.7032852377057,26.112611009035447,"Transport, extracellular"
r1978,-0.9898076836155278,0,2.1764670252378893,424.90349068756103,"Transport, extracellular"
r1979,0.5086240511745976,0,213.33850124804974,69.48676735607572,"Transport, extracellular"
r1982,0.8230458965132036,0,455.2865385971069,44.19242621436343,"Transport, extracellular"
r1983,0.839350012760862,0,437.2850939147949,38.192755196077194,"Transport, extracellular"
r1984,-0.647063024023197,0,41.96621164239868,195.8451512857914,"Transport, extracellular"
r1987,0.5748101474602555,0,112.00881208489761,30.241747153036762,"Transport, extracellular"
r1988,0.49943682128374695,0,353.98147091064453,118.17109448731914,"Transport, extracellular"
r1992,0.6545972095335763,0,177.65198517465666,37.085455636978665,"Transport, extracellular"
r1995,-0.47814732366222,0,10.39593692039919,29.446483715842618,"Transport, extracellular"
r1996,-0.7910311653288722,0,35.75796149228511,306.4745206724405,"Transport, extracellular"
r1998,-0.9445340224178979,0,12.628046890889484,442.71583926696775,"Transport, extracellular"
r2000,-0.8928893996041182,0,8.380177549381239,148.0969128302455,"Transport, extracellular"
r2001,-0.7034810311928898,0,16.38591065588891,94.13592693048268,"Transport, extracellular"
r2002,-0.7760543333928446,0,49.17905348263923,390.0261718536377,"Transport, extracellular"
r2003,0.33909234088355544,0,20.79284450041,10.26228719676711,"Transport, extracellular"
r2004,-0.846001859153921,0,5.826738533751215,69.8461040309526,"Transport, extracellular"
r2005,0.94064841806877,0,843.0413541748047,25.78305144705919,"Transport, extracellular"
r2006,0.9539033375588825,0,437.56172938079834,10.322995487390896,"Transport, extracellular"
r2007,0.4024520987951469,0,445.28113612213133,189.72256418916547,"Transport, extracellular"
r2009,0.596574865792847,0,178.95842790736222,45.21950667197593,"Transport, extracellular"
r2013,0.7840503922317756,0,435.279689491272,52.68824166873805,"Transport, extracellular"
r2014,0.5520477653711421,0,440.85251840820314,127.23891311134398,"Transport, extracellular"
r2015,-0.7631788879543142,0,55.384267227924056,412.34655921325685,"Transport, extracellular"
r2016,0.9505119360665354,0,174.78284958679677,4.434561345093694,"Transport, extracellular"
r2017,0.3534298987358042,0,43.115171462298186,20.59728457634954,"Transport, extracellular"
r2018,0.9337824313200527,0,230.1984567163408,7.882573484353535,"Transport, extracellular"
r2019,-0.5251893431169554,0,59.763454741961326,191.97249042104818,"Transport, extracellular"
r2022,0.37753219202011085,0,181.89977553300633,82.1953600823082,"Transport, extracellular"
r2026,0.9644361805621464,0,185.79566536441297,3.3636132141818953,"Transport, extracellular"
r2036,0.8197673821531363,0,446.72701265411376,44.24454451881395,"Transport, extracellular"
r2037,-0.7858768590250447,0,59.17262202953696,493.5245013183594,"Transport, extracellular"
r2040,0.9294033434668065,0,443.60762009735106,16.231554121414757,"Transport, extracellular"
r2041,-0.6436143780773224,0,48.733374488193824,224.7533853046417,"Transport, extracellular"
r2042,0.7829619848633416,0,190.374810361062,23.17411774539298,"Transport, extracellular"
r2043,-0.4911032482086424,0,89.84744584641662,263.2593308431432,"Transport, extracellular"
r2046,-0.3939896699361086,0,51.659493410027025,118.8309779473856,"Transport, extracellular"
r2048,0.6312898422979814,0,60.447988029891995,13.662677607232961,"Transport, extracellular"
r2049,0.6102150492322094,0,30.96453886291308,7.495589649334701,"Transport, extracellular"
r2050,-0.8242488398996196,0,5.593088876757259,58.05472856652746,"Transport, extracellular"
r2051,0.5352025500938687,0,621.0451042785645,188.02742395634652,"Transport, extracellular"
r2054,-0.981535705365856,0,3.8403176125244727,412.13198878936765,"Transport, extracellular"
r2055,-0.8130777131032476,0,55.45546201051045,537.8976681182861,"Transport, extracellular"
r2057,-0.7883153718801973,0,3.993310404110045,33.7355548382923,"Transport, extracellular"
r2058,0.8008934724264614,0,443.40046725463867,49.0222929402953,"Transport, extracellular"
r2059,-0.4481270275956988,0,111.67116012963056,293.0276227918148,"Transport, extracellular"
r2060,-0.5631049811539782,0,118.19438455168232,422.8709947875977,"Transport, extracellular"
r2062,0.5623036795001479,0,180.44625288483203,50.55397485906603,"Transport, extracellular"
r2063,0.9708335331525253,0,477.51178377075195,7.066721453815602,"Transport, extracellular"
r2064,-0.845180971054848,0,45.78322443216033,545.6585995361328,"Transport, extracellular"
r2065,-0.4331932072104945,0,187.82384104731082,474.919949029541,"Transport, extracellular"
r2066,-0.8540890209763553,0,5.846269649534901,74.28847673699335,"Transport, extracellular"
r2067,0.7641980478469017,0,441.3895294143677,58.99593462472614,"Transport, extracellular"
r2068,-0.9046179891215962,0,20.25960578974889,404.5501796859741,"Transport, extracellular"
r2069,-0.9601573100985255,0,8.232666114028355,405.02588316497804,"Transport, extracellular"
r2070,-0.6452616199411588,0,36.128867262435335,167.56416001272203,"Transport, extracellular"
r2071,0.45068447679519774,0,438.0082595916748,165.85600806673094,"Transport, extracellular"
r2073,-0.9277457660220331,0,6.190383527608949,165.1596727056809,"Transport, extracellular"
r2079,0.6793824423763616,0,-87.7321990909934,-459.5378864355087,"Transport, extracellular"
r2080,-2.2851997701750566,0,-217.75020621579887,556.608353048706,"Transport, extracellular"
r2081,-0.5576916614360587,0,104.41947350145728,367.7374559404783,"Transport, extracellular"
r2082,0.6073242316886158,0,417.6882852142334,102.04292642241344,"Transport, extracellular"
r2083,1.6788406659154242,0,292.3584155931234,-74.08607165495381,"Transport, extracellular"
r2085,-3.077786448365385,0,-108.02414033582318,55.04238579635946,"Transport, extracellular"
r2086,-4.121805083622921,0,-254.4756278327942,155.1061189670682,"Transport, extracellular"
r2088,-2.2965961134326953,0,-305.4743231027365,120.14720835063495,"Transport, extracellular"
r2091,0.9164306179091315,0,223.44523638801576,9.743728868445753,"Transport, extracellular"
r2092,6.5204844013566925,0,332.46523309020995,-452.9130811118454,"Transport, extracellular"
r2093,-42.443110678620485,0,-170.02702393108365,178.23234545000122,"Transport, extracellular"
r2094,1.1291783524609436,0,347.9511483978271,-21.11037623267826,"Transport, extracellular"
r2095,1.153091019927837,0,279.94103298830987,-19.904619852656776,"Transport, extracellular"
r2096,-0.4450180282754556,0,-434.20571554592846,-166.76355549372434,"Transport, extracellular"
r2099,0.7989836766688597,0,422.56010191537143,47.21636953968601,"Transport, extracellular"
r2100,-0.9963876291841641,0,-424.34988073883056,-0.7678414264222111,"Transport, extracellular"
r2101,0.5075427387868862,0,416.095522410202,135.92268802545368,"Transport, extracellular"
r2102,-5.619015457482724,0,-249.07669467829615,356.9250866012096,"Transport, extracellular"
r2103,2.3275814522278546,0,49.22256337402901,-123.37630104703904,"Transport, extracellular"
r2105,-0.7575115740332764,0,-446.6525340418786,-61.625807496282725,"Transport, extracellular"
r2106,0.6462884372311393,0,390.3841975903273,83.87558430658858,"Transport, extracellular"
r2108,-0.9776091308600837,0,8.614528814609441,760.8534860961914,"Transport, extracellular"
r2109,-0.34571226657745413,0,-684.3554921855927,-332.73487576670647,"Transport, extracellular"
r2110,4.941625077814715,0,154.84651379067898,-233.41639841122628,"Transport, extracellular"
r2111,4.639884477444837,0,422.90953249816897,-272.9385413583756,"Transport, extracellular"
r2112,4.0182773981264575,0,278.32597524337916,-462.7530099593699,"Transport, extracellular"
r2113,-1.6113888380656962,0,-637.3821662078857,149.22647149333955,"Transport, extracellular"
r2114,-1.0587225154143605,0,-13.390099384729982,469.4366188584328,"Transport, extracellular"
r2115,2.1201185386475103,0,871.4293914123535,-312.8420296705812,"Transport, extracellular"
r2116,6.138578512993095,0,411.7053940612793,-296.35879016474036,"Transport, extracellular"
r2117,0.47656605782455813,0,532.6600850616455,188.82485255966188,"Transport, extracellular"
r2119,1.116070962963551,0,25.578077576804514,-466.3097976166666,"Transport, extracellular"
r2121,0.9711270023542328,0,-6.231254562605545,-425.40072484283445,"Transport, extracellular"
r2122,1.2450607291200513,0,485.21474773101806,-52.96385898005106,"Transport, extracellular"
r2124,-1.0215098107718075,0,-438.41430071258543,4.664933406571761,"Transport, extracellular"
r2125,4.391302531964622,0,138.3788442283593,-219.98692426490783,"Transport, extracellular"
r2127,1.1876046386763734,0,393.5451909164429,-33.749655691613256,"Transport, extracellular"
r2128,1.2474325922685072,0,407.2677354751587,-44.838413344458495,"Transport, extracellular"
r2130,1.6446068477246154,0,12.377222212459241,-50.77961354959551,"Transport, extracellular"
r2131,1.0679794809585184,0,13.160919060479104,-400.3636124293804,"Transport, extracellular"
r2132,139.98923381076182,0,60.12638055319334,-60.99157534425259,"Transport, extracellular"
r2133,-0.5859112309674667,0,51.589941306494964,197.5834010520935,"Transport, extracellular"
r2139,0.597298233937973,0,-25.307634246162326,-100.38157985211537,"Transport, extracellular"
r2140,0.7900251874545232,0,-44.45275804322632,-378.95762631988526,"Transport, extracellular"
r2141,4.70582771788995,0,185.70127801361085,-285.9224928947747,"Transport, extracellular"
r2143,1.9676732971709605,0,123.93388952809572,-40.41129312488646,"Transport, extracellular"
r2144,-0.339491476578152,0,-736.0491547119141,-362.9487375213623,"Transport, extracellular"
r2148,0.9385237546377012,0,274.1881270155981,8.695305657985273,"Transport, extracellular"
r2149,0.5824855568423132,0,-10.295010887817005,-39.020700491915015,"Transport, extracellular"
r2150,0.42658941970769343,0,-81.70330649269447,-203.26983247884215,"Transport, extracellular"
r2151,0.7518313052612455,0,105.58935838223063,14.95804599981903,"Transport, extracellular"
r2153,0.3777262198010458,0,87.69626932359803,39.60953071592222,"Transport, extracellular"
r2155,0.49374576224969086,0,103.09474635452628,34.94045208413978,"Transport, extracellular"
r2156,-0.7576321407221801,0,12.009422608016502,87.09136281626225,"Transport, extracellular"
r2158,0.8649300523520668,0,28.475829973137472,2.062398457707425,"Transport, extracellular"
r2159,-0.792728647022705,0,5.854426843816708,50.636031289662235,"Transport, extracellular"
r2160,0.7416215636803326,0,39.66617540122494,5.884679306159126,"Transport, extracellular"
r2161,0.9105475374924712,0,176.26134153430573,8.252613837506434,"Transport, extracellular"
r2162,-0.8413446880961531,0,7.6904881920899,89.25537639706079,"Transport, extracellular"
r2163,-0.9382372847531675,0,5.789870983619492,181.69770822919457,"Transport, extracellular"
r2164,-0.819547340636111,0,8.225710253920889,82.94180462690406,"Transport, extracellular"
r2165,-0.9477424545736323,0,3.8560991568964327,143.72447032583096,"Transport, extracellular"
r2166,0.9251218752506672,0,284.4353640666336,11.06318875054606,"Transport, extracellular"
r2167,0.370378437500947,0,30.07161821762873,13.816431090076389,"Transport, extracellular"
r2168,0.8674590855563715,0,42.62057445594035,3.0249497599140684,"Transport, extracellular"
r2169,-0.747609360851872,0,4.65174535718431,32.209727579252146,"Transport, extracellular"
r2172,0.7092614728262903,0,34.713282309775934,5.9045902177981935,"Transport, extracellular"
r2173,0.711286333803778,0,282.4880349296659,47.65897711566836,"Transport, extracellular"
r2174,-0.9367571305500367,0,8.167668800463819,250.12765750271603,"Transport, extracellular"
r2175,0.8289092645186127,0,40.73774355533412,3.810932910643215,"Transport, extracellular"
r2178,-0.6537383172442991,0,2.118279612584615,10.116857672756492,"Transport, extracellular"
r2179,-0.44919672789090015,0,1.2346582798359584,3.248460620704649,"Transport, extracellular"
r2185,-0.39289925209093784,0,1.6209672099696664,3.719059846667963,"Transport, extracellular"
r2186,-0.9651555391316184,0,4.215802763486508,237.76255812497138,"Transport, extracellular"
r2187,0.4985044366579907,0,9.015725374537029,3.0172391652866484,"Transport, extracellular"
r2188,-0.4643346158732677,0,11.666587799018838,31.892649533586763,"Transport, extracellular"
r2190,0.3552260053800565,0,32.44738647012981,15.43744800222868,"Transport, extracellular"
r2191,0.8042306959463721,0,62.91444641213389,6.826575679426757,"Transport, extracellular"
r2193,1.58928416393106,0,157.75478548047394,-693.1663751220703,"Transport, extracellular"
r2194,-0.3691124424956363,0,-853.9783756286621,-393.51357480897906,"Transport, extracellular"
r2195,0.7464799309850724,0,-71.29454537464473,-491.1425480804443,"Transport, extracellular"
r2196,-0.41735636230832834,0,134.50133372191712,327.1919725151062,"Transport, extracellular"
r2197,1.5653757078947428,0,73.0890547760247,-331.6394443857312,"Transport, extracellular"
r2198,-4.684006160235832,0,-190.01724623258858,123.15692241312787,"Transport, extracellular"
r2199,-0.8892967627776789,0,19.545726471678563,333.57360340709687,"Transport, extracellular"
r2200,-27.591571229051038,0,-373.4587783706665,401.54728620300295,"Transport, extracellular"
r2201,-2.385726488887058,0,-375.998265937376,153.89038618305327,"Transport, extracellular"
r2202,-0.9782369353993889,0,2.6801686261886726,243.6241708934784,"Transport, extracellular"
r2204,-0.4717220986741417,0,1.2502388608878414,3.4830231504513574,"Transport, extracellular"
r2205,0.4792229749539717,0,9.26331877182499,3.261255181757947,"Transport, extracellular"
r2206,-0.8632454830123634,0,5.6648558735284515,77.18221928437055,"Transport, extracellular"
r2210,0.8485753098606796,0,33.96692267781161,2.78237554836839,"Transport, extracellular"
r2211,0.9686257007455474,0,281.7293641773224,4.489965450069312,"Transport, extracellular"
r2213,0.6065932823858031,0,8.189693701809755,2.005411421059921,"Transport, extracellular"
r2214,-0.6281561902431981,0,8.3099191018018,36.38583155348953,"Transport, extracellular"
r2215,-0.5903894927936091,0,21.72249806674614,84.34166622873079,"Transport, extracellular"
r2216,0.45781699325664593,0,71.54322428866625,26.60794917082875,"Transport, extracellular"
r2217,-0.9248006337496668,0,9.824165163629626,251.4590252006531,"Transport, extracellular"
r2218,-0.7134020842186244,0,18.681232026380858,111.68421027244861,"Transport, extracellular"
r2219,-0.4338352632316598,0,15.315159316308051,38.78626495722318,"Transport, extracellular"
r2220,-0.8320940920928234,0,8.397912969010907,91.6332660845995,"Transport, extracellular"
r2221,0.6211661480898629,0,17.619726796085143,4.117375001710926,"Transport, extracellular"
r2222,0.5670721879247552,0,10.011081151067582,2.7657152571758337,"Transport, extracellular"
r2224,0.4349674852656954,0,10.098508557440047,3.9763867431600635,"Transport, extracellular"
r2225,-0.7354937452602561,0,3.060019377619133,20.077576220110572,"Transport, extracellular"
r2226,-0.36863743942621174,0,55.766420208199506,120.88776770411022,"Transport, extracellular"
r2229,-0.8882182992184555,0,9.141185190129123,154.4130482168898,"Transport, extracellular"
r2230,-0.649891855725597,0,8.562762166304223,40.352193434345956,"Transport, extracellular"
r2231,0.34087148518347005,0,8.424370234999339,4.141144548614157,"Transport, extracellular"
r2233,0.3771617314470238,0,38.62104444767381,17.46684060718254,"Transport, extracellular"
r2234,-0.8011698847713996,0,8.837457076055726,80.05709560169196,"Transport, extracellular"
r2235,0.5489099897659963,0,14.834907080992469,4.320379125449617,"Transport, extracellular"
r2236,0.7544958970148816,0,17.1239184014712,2.396125424913372,"Transport, extracellular"
r2239,-0.7390637113977192,0,6.331765733156999,42.199358604308216,"Transport, extracellular"
r2240,0.4211363374550944,0,7.186674864694305,2.92730881904412,"Transport, extracellular"
r2242,0.6864458121626646,0,63.89471734883636,11.879691633684155,"Transport, extracellular"
r2243,0.4487517121041707,0,4.394513526126528,1.6721071230997295,"Transport, extracellular"
r2244,0.9559964203657543,0,220.0208619234938,4.949756256218225,"Transport, extracellular"
r2248,0.4449217569337819,0,5.708806763046008,2.1930837519953985,"Transport, extracellular"
r2252,0.9803344485133705,0,278.4381552188836,2.765007638689341,"Transport, extracellular"
r2253,0.9132755963827566,0,92.65001739843785,4.1996132283283,"Transport, extracellular"
r2254,0.6870370230037276,0,50.858526188126206,9.434787467283511,"Transport, extracellular"
r2255,-0.7335283666952698,0,2.532475919876825,16.47499507033361,"Transport, extracellular"
r2256,-0.6349366186446133,0,10.470052831801409,46.89013921446074,"Transport, extracellular"
r2260,0.6990358069629223,0,366.355014311409,64.89547824445962,"Transport, extracellular"
r2262,-0.45188054194938104,0,10.277204104966488,27.222665509286056,"Transport, extracellular"
r2264,0.5886329501985232,0,53.2400645963639,13.786197939246689,"Transport, extracellular"
r2265,0.43475259250194176,0,12.130374434175284,4.778986103061546,"Transport, extracellular"
r2269,0.982285317919299,0,219.98220535474866,1.9658697948493267,"Transport, extracellular"
r2270,0.8745185919413517,0,208.47677922826708,13.955561666636903,"Transport, extracellular"
r2271,0.35304423418778647,0,9.131675256260866,4.366294766489326,"Transport, extracellular"
r2272,0.42240420448995464,0,8.723225631195174,3.5422409691698697,"Transport, extracellular"
r2276,-0.562561918061652,0,1.0437059320136963,3.7281965387949367,"Transport, extracellular"
r2277,0.44767695645178424,0,436.26572363361714,166.44570544499754,"Transport, extracellular"
r2282,-0.4259872139563517,0,98.14469187746327,243.81525836657286,"Transport, extracellular"
r2283,-0.4689741837946727,0,2.559131938526043,7.0793144813238165,"Transport, extracellular"
r2284,0.5492919747008348,0,10.746427285286314,3.1262674175458334,"Transport, extracellular"
r2288,-0.3770523361688584,0,0.7733821182176515,1.7095941031276047,"Transport, extracellular"
r2290,0.7679601624706942,0,25.783758781390127,3.3840463860722023,"Transport, extracellular"
r2291,-0.9834062581024463,0,3.7410935038139344,447.1630517951399,"Transport, extracellular"
r2297,0.6055890034527875,0,6.863779923693737,1.686079235696759,"Transport, extracellular"
r2299,-0.49251495188246164,0,92.69737450823598,272.62323878702074,"Transport, extracellular"
r2300,-0.9341515831721192,0,2.7232839462985465,79.99044183444008,"Transport, extracellular"
r2301,0.5406590172117183,0,146.28639646448866,43.61467162420172,"Transport, extracellular"
r2302,-0.9382667836779157,0,2.30436321272425,72.3511739522783,"Transport, extracellular"
r2304,-0.9615413817541179,0,4.912099466255265,250.53646786656677,"Transport, extracellular"
r2306,0.6302424124578104,0,5.190257193005256,1.1772095755475789,"Transport, extracellular"
r2313,1.846946725166539,0,32.984864688462295,-110.87610320048637,"Transport, extracellular"
r2314,1.2143224854067938,0,39.376409115307084,-406.8265069486618,"Transport, extracellular"
r2316,-0.7028943292573349,0,-389.72429913262727,-67.99558687180094,"Transport, extracellular"
r2317,-0.40472610030837397,0,-198.6331021901794,-84.1737768826509,"Transport, extracellular"
r2319,1.1277035910707507,0,22.62713358139433,-376.99670755615233,"Transport, extracellular"
r2321,6.654542260044277,0,283.5531030602485,-383.84525404968264,"Transport, extracellular"
r2322,-1.5948015893075635,0,-427.43618358917234,97.98040912802294,"Transport, extracellular"
r2323,1.2163662420715637,0,37.49071736262273,-384.0393933822632,"Transport, extracellular"
r2326,0.9249387047705302,0,-3.7073698657214673,-95.07509463579468,"Transport, extracellular"
r2327,0.39090357842277923,0,-56.884772317710144,-129.89935677111373,"Transport, extracellular"
r2328,-0.5784631535577003,0,-442.15561986379623,-118.07997241749466,"Transport, extracellular"
r2329,-0.8792107301728177,0,29.801982066035027,463.6521485645056,"Transport, extracellular"
r2331,1.399201023058082,0,10.16304334912626,-61.07996370805824,"Transport, extracellular"
r2333,-4.5395603970306615,0,-501.1760704025269,320.23172302392646,"Transport, extracellular"
r2334,5.919659514218421,0,31.502331474687534,-22.39716339236875,"Transport, extracellular"
r2335,1.1698921519040053,0,29.755961683966593,-380.04832481536863,"Transport, extracellular"
r2342,3.1872668582217605,0,185.78465936148763,-355.663024832201,"Transport, extracellular"
r2344,1.1701811566267675,0,64.73749436335684,-825.5443386291504,"Transport, extracellular"
r2347,8.275922805897915,0,353.46383759002686,-450.62370226135255,"Transport, extracellular"
r2353,-1.5377189399412095,0,-49.35398293291768,232.92193736767769,"Transport, extracellular"
r2354,-1.2595957124466874,0,-41.450812613746805,360.7997897064209,"Transport, extracellular"
r2355,1.1234720637913311,0,27.547156639483294,-473.75589072265626,"Transport, extracellular"
r2356,-14.161551478163867,0,-415.3445816459388,360.55538909606935,"Transport, extracellular"
r2357,1.8471953940746473,0,405.09192875213625,-120.53686829145923,"Transport, extracellular"
r2358,-15.011241175339777,0,-415.6744999660492,363.751667074585,"Transport, extracellular"
r2360,-1.1936523471115776,0,-31.039655648818613,351.61057680511476,"Transport, extracellular"
r2361,0.951524728909635,0,-1.9930944185093056,-80.23829382040873,"Transport, extracellular"
r2362,0.42188422508217904,0,-52.16971742322063,-128.3121849453371,"Transport, extracellular"
r2363,4.613939216277519,0,45.199245792055315,-70.21308420332339,"Transport, extracellular"
r2364,0.8235303017986869,0,-46.53224721965305,-480.835881064558,"Transport, extracellular"
r2365,2.1099244484391644,0,371.18924679870605,-132.47653660087363,"Transport, extracellular"
r2366,0.6657839298301007,0,-27.44290711829234,-136.7796397170031,"Transport, extracellular"
r2367,6.206048900049113,0,259.4690154350281,-187.4547898770362,"Transport, extracellular"
r2368,0.8085277061714543,0,-44.10020720954929,-416.5430151361227,"Transport, extracellular"
r2369,-1.078484330508577,0,-415.2817096128941,15.681189640457927,"Transport, extracellular"
r2372,0.6231583008222576,0,-86.7788045547538,-373.7795930116653,"Transport, mitochondrial"
r2373,-0.6171292014779933,0,171.49620577240586,724.3475432647705,"Transport, mitochondrial"
r2374,-0.4722923507844996,0,50.17715498961266,139.9931223001212,"Transport, mitochondrial"
r2375,-1.045195848868675,0,-613.7652042419434,13.56331689559948,"Transport, mitochondrial"
r2376,1.4798468209676867,0,369.9132406738281,-71.57768418209255,"Transport, mitochondrial"
r2377,-0.4317153086125818,0,114.17615843579173,287.65116567192075,"Transport, mitochondrial"
r2378,-0.80313036565514,0,-566.4947798866272,-61.85111309687868,"Transport, mitochondrial"
r2379,1.392961019798125,0,529.15029122715,-86.89461982320026,"Transport, mitochondrial"
r2380,-0.8201688387032674,0,-394.4284802410364,-38.969204472692496,"Transport, mitochondrial"
r2382,0.6166065126410493,0,30.329548240204154,7.192938528273335,"Transport, mitochondrial"
r2384,0.5039591420616533,0,15.837577885301226,5.223603156612983,"Transport, mitochondrial"
r2386,0.34451448791791195,0,22.92566595688255,11.176853819434289,"Transport, mitochondrial"
r2389,-0.4384326734609093,0,3.4564961623614945,8.853679301954404,"Transport, mitochondrial"
r2392,-0.6039782916319937,0,5.419474461958965,21.950108303048836,"Transport, mitochondrial"
r2395,-0.5480882804478421,0,3.618715305117225,12.396427248403418,"Transport, mitochondrial"
r2396,-0.5630293142787715,0,9.643061331797874,34.492903147749836,"Transport, mitochondrial"
r2397,0.36859796968374586,0,6.501876039138046,2.999637455932376,"Transport, mitochondrial"
r2398,-0.7424829064147181,0,15.473158249922854,104.69873429901675,"Transport, mitochondrial"
r2400,0.41049031919099205,0,5.562810380965524,2.3249578727806735,"Transport, mitochondrial"
r2402,-0.46273002829910875,0,137.51834819091633,374.39691018676757,"Transport, mitochondrial"
r2403,0.3616433264900409,0,55.599072618280395,26.065591742246692,"Transport, mitochondrial"
r2404,0.4862497048959994,0,31.076170428906288,10.742065533106366,"Transport, mitochondrial"
r2407,-0.38044667176215513,0,2.0508468734570275,4.5695577954683015,"Transport, mitochondrial"
r2409,0.33932552167511126,0,13.661035912501823,6.738838041092063,"Transport, mitochondrial"
r2410,0.511952909166793,0,9.410794106482285,3.0377339520647038,"Transport, mitochondrial"
r2411,-0.4562591284530299,0,3.8027895682250636,10.184717228554574,"Transport, mitochondrial"
r2433,1,0,NA,-356.9558214508057,"Transport, mitochondrial"
r2436,1,0,NA,-126.88447590526864,"Transport, mitochondrial"
r2437,1,0,NA,-344.11192664604187,"Transport, mitochondrial"
r2438,1,0,NA,-7.487127852979046,"Transport, mitochondrial"
r2465,-0.9277457660220331,0,6.190383527608949,165.1596727056809,"Transport, extracellular"
r2471,-0.7664515678829705,0,26.04245271325931,196.97298333308174,"Transport, extracellular"
r2472,0.6005889363343122,0,27.99183607527106,6.985084531687897,"Transport, mitochondrial"
r2485,0.37505371094886614,0,672.0328609859466,305.43130006446836,"Transport, extracellular"
r2488,0.5733308322028425,0,442.8920945373535,120.10722572290487,"Transport, extracellular"
r2489,0.7858859775249674,0,165.39723591604232,19.829859203729963,"Transport, extracellular"
r2490,-0.5224883650123318,0,258.0231571941376,822.6757757263183,"Transport, extracellular"
r2497,-0.6046449106613344,0,17.619352693243744,71.51243373559267,"Transport, peroxisomal"
r2501,0.5012362797889958,0,32.08336181688588,10.659226073936093,"Transport, peroxisomal"
r2502,0.4809501158759724,0,26.027906270396336,9.12237460857979,"Transport, peroxisomal"
r2506,-0.8011253187435147,0,-309.8610891269207,-34.21390210476471,"Transport, endoplasmic reticular"
r2507,1,0,NA,-135.29691664350628,"Transport, endoplasmic reticular"
r2509,-2.146780856382736,0,-70.69167138506018,193.97882078523637,"Transport, endoplasmic reticular"
r2510,0.5133577393269148,0,40.26064946472645,12.946399230359868,"Transport, endoplasmic reticular"
r2516,-2.480356962935962,0,-230.83606242327915,542.7014681365966,"Transport, peroxisomal"
r2518,-0.6469959374430659,0,16.90066591194952,78.85271318251176,"Transport, peroxisomal"
r2520,0.7468493547355944,0,-79.26064499989003,-546.9328605873108,"Transport, mitochondrial"
r2525,-1.3553838272359675,0,-111.1830732115848,736.8900676818847,"Transport, extracellular"
r2526,-2.057150426751754,0,-253.53196258659364,733.1835924224854,"Transport, extracellular"
r2532,0.49546268919495656,0,-99.60580367139795,-295.23438569920063,"Transport, extracellular"
r2535,22.501798318640443,0,61.706660164176675,-56.45543135797642,"Transport, extracellular"
r2537,0.6722135016327115,0,283.65670686716436,55.6022532957674,"Transport, endoplasmic reticular"
RE0453C,1,0,NA,-99.14749811734333,Pyrimidine synthesis
RE0453N,-7.005330816857148,0,-270.27111442801953,202.74832977085114,Pyrimidine synthesis
RE0456N,-2.684540002558487,0,-13.880393883865327,30.360137746027963,Pyrimidine synthesis
RE0565C,0.41035997613857805,0,19.492023745491334,8.149180025560804,Fatty acid synthesis
RE0566C,0.41035997613857805,0,19.492023745491334,8.149180025560804,Fatty acid synthesis
RE0567C,0.41035997613857805,0,19.492023745491334,8.149180025560804,Fatty acid synthesis
RE0568C,0.41035997613857805,0,19.492023745491334,8.149180025560804,Fatty acid synthesis
RE0574C,-0.37621723583242567,0,3.8907439974573803,8.583932190973382,Fatty acid synthesis
RE0575C,-0.37621723583242567,0,3.8907439974573803,8.583932190973382,Fatty acid synthesis
RE0576C,-0.37621723583242567,0,3.8907439974573803,8.583932190973382,Fatty acid synthesis
RE0583C,-56.61717866135882,0,-37.083718948613296,35.79647372730281,Fatty acid synthesis
RE0915E,1,0,NA,-28.332847799582126,Starch and sucrose metabolism
RE0937E,-0.8529141163603905,0,-709.446854914093,-56.316489053119916,Miscellaneous
RE0938E,-2.2147063703511396,0,-289.21028304357526,109.28076555424695,Miscellaneous
RE1100C,0.33789516414332116,0,156.03734908476585,77.22061202712655,Steroid metabolism
RE1100R,-0.34663808922477235,0,-152.6763273415297,-74.07550533449664,Steroid metabolism
RE1135C,-2.2326283414859107,0,-44.43590872306591,116.53535220900625,Steroid metabolism
RE1135R,2.2619174953992705,0,44.43590872306591,-114.86192133493861,Steroid metabolism
RE1303C,-0.6498630117376202,0,3.4119127135037797,16.0771034594863,Vitamin D metabolism
RE1447N,0.3514647589576933,0,-4.760972433330002,-9.9212595628166,Phosphatidylinositol phosphate metabolism
RE1521M,-0.3930997077200274,0,8.136221188346923,18.67616065375493,Fatty acid oxidation
RE1526M,-0.3930997077200274,0,8.136221188346923,18.67616065375493,Fatty acid oxidation
RE1533M,-0.3930997077200274,0,8.136221188346923,18.67616065375493,Fatty acid oxidation
RE1573M,-0.39309970772126496,0,8.136221188323104,18.67616065375493,Fatty acid oxidation
RE1711C,0.3897033383576512,0,-387.84569546966554,-883.1614059814453,Tryptophan metabolism
RE1803C,-1,0,NA,4.444547756185834,Bile acid synthesis
RE1807C,-1,0,NA,232.8867833641052,Bile acid synthesis
RE1807M,0.7720847243808874,0,-11.93634357113454,-92.80734715964664,Bile acid synthesis
RE1834X,-0.85339649527494,0,40.88881419336423,516.9261475982667,Bile acid synthesis
RE1835C,-0.5815792235129033,0,24.672806530502182,93.26018301961422,Bile acid synthesis
RE1836X,-0.6108971858475993,0,9.94700182101368,41.18088242563028,Bile acid synthesis
RE1845X,0.47944580507444023,0,-248.27030709167718,-705.5988942781448,Bile acid synthesis
RE1860E,-1.4405355049280446,0,-94.09796140873674,16.985408676986115,Miscellaneous
RE2080C,-0.45370144111682686,0,12.927814469053297,34.400937396894534,Eicosanoid metabolism
RE2112R,-0.9142125787077179,0,27.588084675302216,615.5851045806885,Bile acid synthesis
RE2269E,0.609365994037758,0,-120.60463269385696,-496.8768505004883,Miscellaneous
RE2270E,-2.167322302316142,0,-117.96895720530003,320.0878698162079,Miscellaneous
RE2426C,0.5122666382155493,0,-9.695355139433115,-30.06142960853288,Tryptophan metabolism
RE2445E,0.39136960632346984,0,-143.67960076963902,-328.4611344365645,Miscellaneous
RE2562C,-0.389331083882128,0,172.6389896795392,392.7704658304453,Tryptophan metabolism
RE2624X,-0.39179969482166843,0,-9.026955372948171,-3.944674677746439,Fatty acid oxidation
RE2625C,0.4777987602345583,0,19.831259795397706,7.007658099282434,Bile acid synthesis
RE2625M,-0.39489423305137433,0,-7.033236326234951,-3.051021188902277,Bile acid synthesis
RE2626C,-1,0,NA,964.7424515136719,Bile acid synthesis
RE2636R,-0.6390928334634884,0,2.7441672590605184,12.462886041627547,Bile acid synthesis
RE2638C,-0.4779724992517787,0,3.8571104872002704,10.920312087939465,Bile acid synthesis
RE2659R,-0.6879936178066314,0,7.509541622204473,40.627561019179126,Vitamin A metabolism
RE2759X,-0.6490892957759651,0,0.3852168932518229,1.8103097100397405,Fatty acid oxidation
RE2766C,0.9439502278296771,0,47.67807003679403,1.3746982432089052,Steroid metabolism
RE2888C,0.3719826238370591,0,-395.8329167480469,-864.7465887634278,Purine catabolism
RE2954C,0.47461470038916764,0,713.2939236663818,254.13699029119016,Pyrimidine synthesis
RE2985M,-0.5820529337299254,0,9.457796382013289,35.8005492090608,Fatty acid oxidation
RE2992M,-0.361583583700326,0,8.001339445024321,17.06486888151243,Fatty acid oxidation
RE3009C,-0.6717445556655866,0,2.9640124449631955,15.09516979326697,Methionine and cysteine metabolism
RE3011R,1,0,NA,-16.29585472088356,Eicosanoid metabolism
RE3012R,0.5425099878288219,0,-4.833155592781876,-16.29585472088356,Eicosanoid metabolism
RE3033C,0.5272669263893479,0,19.442634392787376,6.018054969159619,Arachidonic acid metabolism
RE3081X,0.3701577362095199,0,7.827956953259796,3.5984018467357264,Fatty acid oxidation
RE3082X,0.3701577362095199,0,7.827956953259796,3.5984018467357264,Fatty acid oxidation
RE3086X,0.3701577362095199,0,7.827956953259796,3.5984018467357264,Fatty acid oxidation
RE3095C,-0.7908621767868693,0,4.485111357665522,38.40633016886106,Tyrosine metabolism
RE3103C,0.35635112115005896,0,51.870290485193024,24.614757783446834,Fatty acid oxidation
RE3104C,0.35635112115005896,0,51.870290485193024,24.614757783446834,Fatty acid oxidation
RE3114R,0.6096312343119825,0,11.476560262519763,2.783302515833045,Fatty acid oxidation
RE3134C,1,0,NA,-0.5657440557498332,Cholesterol metabolism
RE3154C,0.49436502746179267,0,6.109458539401764,2.0672030220358653,Fatty acid oxidation
RE3160R,0.45863999357069724,0,3.92894108602503,1.4581881622374235,Fatty acid oxidation
RE3177M,0.5114748340290194,0,11.518236794336396,3.722819867696328,Fatty acid oxidation
RE3178M,0.5114748340290194,0,11.518236794336396,3.722819867696328,Fatty acid oxidation
RE3179M,0.5114748340290194,0,11.518236794336396,3.722819867696328,Fatty acid oxidation
RE3180C,1,0,NA,-0.18858135185319783,Cholesterol metabolism
RE3181C,-1,0,NA,0.18858135185319783,Cholesterol metabolism
RE3185M,0.5114748340290194,0,11.518236794336396,3.722819867696328,Fatty acid oxidation
RE3186M,0.5114748340290194,0,11.518236794336396,3.722819867696328,Fatty acid oxidation
RE3189M,0.5114748340290194,0,11.518236794336396,3.722819867696328,Fatty acid oxidation
RE3190M,0.5114748340290194,0,11.518236794336396,3.722819867696328,Fatty acid oxidation
RE3191M,0.5114748340290194,0,11.518236794336396,3.722819867696328,Fatty acid oxidation
RE3192M,0.5114748340290194,0,11.518236794336396,3.722819867696328,Fatty acid oxidation
RE3193M,0.5114748340290194,0,11.518236794336396,3.722819867696328,Fatty acid oxidation
RE3194M,0.5114748340290194,0,11.518236794336396,3.722819867696328,Fatty acid oxidation
RE3195M,-0.5114748340290194,0,-11.518236794336396,-3.722819867696328,Fatty acid oxidation
RE3218C,-1.0378760114019385,0,-4.216809714936073,226.88068370037078,Androgen and estrogen synthesis and metabolism
RE3220C,0.3944172986796772,0,763.6181203735351,331.6323775894165,Androgen and estrogen synthesis and metabolism
RE3237C,2.669686310055078,0,6.032230960029449,-2.744630631085305,Fatty acid synthesis
RE3241C,0.48662658238361944,0,29.929889091179273,10.335621354881022,Fatty acid synthesis
RE3242C,0.48662658238361944,0,29.929889091179273,10.335621354881022,Fatty acid synthesis
RE3243C,0.48662658238361944,0,29.929889091179273,10.335621354881022,Fatty acid synthesis
RE3244C,0.48662658238361944,0,29.929889091179273,10.335621354881022,Fatty acid synthesis
RE3245C,1,0,NA,-249.72782167867422,Fatty acid synthesis
RE3247X,0.3917996948202169,0,9.026955372944538,3.9446746777583797,Fatty acid oxidation
RE3346C,-1.0422884850734313,0,-19.831259795397706,957.7347936279297,Bile acid synthesis
RE3475C,0.49974534441720453,0,6.030618908791153,2.0115716287425767,Arachidonic acid metabolism
RE3488R,0.5191956620654988,0,14.798247389087093,4.683439872930746,Eicosanoid metabolism
RE3597C,0.7129100555054797,0,329.42219488105775,55.21235592008782,Eicosanoid metabolism
RE3597X,-0.7020273507805412,0,-332.4328272476196,-58.19876524138194,Eicosanoid metabolism
EX_prostgh2[e],-1,0,NA,108.02976731566419,Exchange/demand reaction
EX_prostgi2[e],-1,0,NA,18.031334255905996,Exchange/demand reaction
EX_cdp[e],1,0,NA,-846.0783433563232,Exchange/demand reaction
EX_dtdp[e],1,0,NA,-66.88068678769861,Exchange/demand reaction
EX_HC00955[e],0.3492690199683825,0,-305.2538146250963,-632.9336207118988,Exchange/demand reaction
EX_citr_L[e],1,0,NA,-78.19369803819248,Exchange/demand reaction
EX_HC02192[e],0.8204172071237924,0,208.6547064333856,20.58363037958501,Exchange/demand reaction
EX_HC02196[e],-0.801399755429578,0,-304.5707223568931,-33.578232575392214,Exchange/demand reaction
EX_HC02197[e],1,0,NA,-208.35397751369476,Exchange/demand reaction
EX_HC02198[e],-1,0,NA,32.3009208809264,Exchange/demand reaction
EX_HC02187[e],4.8550605230438615,0,231.3534697517395,-152.32662832415812,Exchange/demand reaction
EX_HC02180[e],1,0,NA,-3.982369137687453,Exchange/demand reaction
EX_HC02203[e],-1.0244587321283227,0,-9.164287076520326,758.5315910266876,Exchange/demand reaction
EX_HC02217[e],1,0,NA,-529.0052853942871,Exchange/demand reaction
EX_CE2916[e],0.8529141163603905,0,709.446854914093,56.316489053119916,Exchange/demand reaction
EX_CE4723[e],-0.8529141163603905,0,-709.446854914093,-56.316489053119916,Exchange/demand reaction
EX_CE2917[e],2.2147063703511396,0,289.21028304357526,-109.28076555424695,Exchange/demand reaction
EX_CE4724[e],-2.2147063703511396,0,-289.21028304357526,109.28076555424695,Exchange/demand reaction
EX_23cump[e],1.4405355049280446,0,94.09796140873674,-16.985408676986115,Exchange/demand reaction
EX_3ump[e],-1.4405355049281807,0,-94.0979614087129,16.985408676986115,Exchange/demand reaction
EX_CE5788[e],0.609365994037758,0,-120.60463269385696,-496.8768505004883,Exchange/demand reaction
EX_CE5789[e],-2.167322302316142,0,-117.96895720530003,320.0878698162079,Exchange/demand reaction
EX_CE5867[e],-0.39136960632346984,0,143.67960076963902,328.4611344365645,Exchange/demand reaction
EX_CE5868[e],0.39136960632346984,0,-143.67960076963902,-328.4611344365645,Exchange/demand reaction
EX_CE5869[e],0.39136960632346984,0,-143.67960076963902,-328.4611344365645,Exchange/demand reaction
EX_crm_hs[e],-1,0,NA,79.46077341081319,Exchange/demand reaction
EX_CE0074[e],0.3719826238370591,0,-395.8329167480469,-864.7465887634278,Exchange/demand reaction
HSD17B3r,-0.37860856789363195,0,104.69488075573146,232.2742995267868,Steroid metabolism
2MB2COAc,0.5349642812377625,0,82.7373133207053,25.06625492127058,Fatty acid oxidation
sink_c101coa[c],-0.4829939607081382,0,-16.2606389301847,-5.66883531045233,Fatty acid oxidation
C101CPT1,0.4829939607081382,0,16.2606389301847,5.66883531045233,Fatty acid oxidation
C101CRNe,0.4829939607081382,0,16.2606389301847,5.66883531045233,Fatty acid oxidation
C10DCCACT,-0.4449146448679946,0,-19.17384697298105,-7.3659172145883085,Fatty acid oxidation
C10DCc,0.4449146448679946,0,19.17384697298105,7.3659172145883085,Fatty acid oxidation
C120CPT1,0.5376064049341621,0,59.74537062522899,17.966806474849093,Fatty acid oxidation
C12OHc,0.40621409660051905,0,98.97017060458064,41.79099918291914,Fatty acid oxidation
C141ACBP,-0.37696685630918053,0,4.876196353363413,10.776891777637298,Fatty acid oxidation
C141OHc,-0.37696685630918053,0,4.876196353363413,10.776891777637298,Fatty acid oxidation
C141OHe,-0.37696685630918053,0,4.876196353363413,10.776891777637298,Fatty acid oxidation
C142CPT1,0.3799144875438474,0,12.687447656455904,5.701297111400958,Fatty acid oxidation
C16OHc,0.39874700109250333,0,11.78711099538704,5.066703148529789,Fatty acid oxidation
C30CPT1,0.8438453677356054,0,-35.38696829365616,-417.8428562784433,Fatty acid oxidation
C3DCe,0.5243491546817639,0,67.5802176189052,21.08741789143012,Fatty acid oxidation
C40CPT1,-1.016635861103338,0,-612.3268888736725,5.051276370523429,Fatty acid oxidation
C4CRNCPT2,-0.9757584640251126,0,-610.2235535770416,-7.487127852979046,Fatty acid oxidation
C4CRNe,-1,0,NA,17.050990895057506,Fatty acid oxidation
C4tcx,-0.36415948319046504,0,2.1033357704987603,4.512586665689153,"Transport, peroxisomal"
C4x,-0.36415948319075336,0,2.103335770498762,4.512586665692157,"Transport, peroxisomal"
C51CPT1,0.5349642812377625,0,82.7373133207053,25.06625492127058,Fatty acid oxidation
C60CPT1,0.6842540137093105,0,150.07630876111983,28.134706370261497,Fatty acid oxidation
C6CRNe,-1,0,NA,28.134706370261497,Fatty acid oxidation
C80CPT1,-0.7341561480784486,0,-174.94736469183565,-26.81920043055896,Fatty acid oxidation
sink_c81coa[c],-0.47054669273233085,0,-16.171545760422532,-5.8223777788228555,Fatty acid oxidation
C81CPT1,0.47054669273233085,0,16.171545760422532,5.8223777788228555,Fatty acid oxidation
C81CRNe,0.47054669273233085,0,16.171545760422532,5.8223777788228555,Fatty acid oxidation
C8CRNe,-1,0,NA,31.414902023260296,Fatty acid oxidation
C9BRxtc,-0.9889945921340118,0,-243.23789228849412,-1.345872041927534,"Transport, peroxisomal"
DCATDr,0.5259581439756926,0,16.67575993178541,5.180357154544111,Fatty acid oxidation
DDCRNe,0.40621409660051905,0,98.97017060458064,41.79099918291914,Fatty acid oxidation
DDECCRNe,0.5376064049341621,0,59.74537062522899,17.966806474849093,Fatty acid oxidation
EX_3ddcrn[e],0.40621409660051905,0,98.97017060458064,41.79099918291914,Exchange/demand reaction
EX_3hexdcrn[e],0.39874700109250333,0,11.78711099538704,5.066703148529789,Exchange/demand reaction
EX_3ivcrn[e],-0.5165286716388204,0,3.649561377045401,11.447761516604992,Exchange/demand reaction
EX_3tetd7ecoacrn[e],-0.37696685630918053,0,4.876196353363413,10.776891777637298,Exchange/demand reaction
EX_c101crn[e],0.48299396070814443,0,16.2606389301847,5.668835310452237,Exchange/demand reaction
EX_c3dc[e],0.5243491546817639,0,67.5802176189052,21.08741789143012,Exchange/demand reaction
EX_c4crn[e],-1,0,NA,17.050990895057506,Exchange/demand reaction
EX_c51crn[e],0.5349642812377625,0,82.7373133207053,25.06625492127058,Exchange/demand reaction
EX_c6crn[e],-1,0,NA,28.134706370261497,Exchange/demand reaction
EX_c81crn[e],0.47054669273233085,0,16.171545760422532,5.8223777788228555,Exchange/demand reaction
EX_c8crn[e],-1,0,NA,31.414902023260296,Exchange/demand reaction
EX_ddecrn[e],0.5376064049341621,0,59.74537062522899,17.966806474849093,Exchange/demand reaction
EX_tetdec2crn[e],0.3799144875438474,0,12.687447656455904,5.701297111400958,Exchange/demand reaction
FAOXC101C102m,-0.4317597399251759,0,10.424215140919399,26.26524836012423,Fatty acid oxidation
FAOXC11BRC9BRx,0.38958125025498663,0,12.060447434376867,5.29794370995354,Fatty acid oxidation
FAOXC13BRC11BRx,0.38958125025498663,0,12.060447434376867,5.29794370995354,Fatty acid oxidation
FAOXC141C141OHm,-0.37696685630918053,0,4.876196353363413,10.776891777637298,Fatty acid oxidation
FAOXC14C14OHm,0.3507548571546989,0,27.71189371861019,13.319820617748343,Fatty acid oxidation
FAOXC15BRC13BRx,0.42699507911415896,0,4.232490483555766,1.6995418626008651,Fatty acid oxidation
FAOXC163C143m,0.5712342424251693,0,9.924852004732928,2.7083400894186265,Fatty acid oxidation
FAOXC16BRx,-0.37001835642008235,0,2.3365829915139806,5.081356928881711,Fatty acid oxidation
FAOXC16C14m,0.5983802586010911,0,18.538336059719697,4.658066623512295,Fatty acid oxidation
FAOXC16C14x,0.3317526946020395,0,7.805398534139269,3.9165954453386016,Fatty acid oxidation
FAOXC16C16OHm,0.39874700109250333,0,11.78711099538704,5.066703148529789,Fatty acid oxidation
FAOXC183C163m,0.4320386625261456,0,13.418341916427659,5.321853118191627,Fatty acid oxidation
FAOXC184C164m,-0.48165935293843765,0,3.296181067798547,9.422023018585078,Fatty acid oxidation
FAOXC3DC,0.5243491546817639,0,67.5802176189052,21.08741789143012,Fatty acid oxidation
FAOXC4C2m,-0.34734064443926227,0,26.74917255114736,55.220609459149834,Fatty acid oxidation
FAOXC5C5OHm,-0.5165286716388204,0,3.649561377045401,11.447761516604992,Fatty acid oxidation
FAOXC5OHc,-0.5165286716388204,0,3.649561377045401,11.447761516604992,Fatty acid oxidation
FAOXC61C4m,-0.5090723276753667,0,14.38405316170184,44.21542685371749,Fatty acid oxidation
FAOXC8C6m,-0.5437036806180706,0,20.47053442566176,69.25420608239173,Fatty acid oxidation
FAOXC8C6x,-0.5070677086956062,0,4.106957517456563,12.556416296373984,Fatty acid oxidation
FAOXMC10OHMC10r,0.5259581439756926,0,16.67575993178541,5.180357154544111,Fatty acid oxidation
FAOXOHMC10DC10c,0.5259581439756926,0,16.67575993178541,5.180357154544111,Fatty acid oxidation
HDDACBP,0.40621409660051905,0,98.97017060458064,41.79099918291914,Fatty acid oxidation
HDECAACBP,0.39874700109250333,0,11.78711099538704,5.066703148529789,Fatty acid oxidation
HEXDCRNe,0.39874700109250333,0,11.78711099538704,5.066703148529789,Fatty acid oxidation
HIVCACBP,-0.5165286716388204,0,3.649561377045401,11.447761516604992,Fatty acid oxidation
HIVCRNe,-0.5165286716388204,0,3.649561377045401,11.447761516604992,Fatty acid oxidation
OMHDEACIDTD,0.5259581439756926,0,16.67575993178541,5.180357154544111,Fatty acid oxidation
SEBACACT,0.4449146448679946,0,19.17384697298105,7.3659172145883085,Fatty acid oxidation
SEBCOACROT,-0.4449146448679946,0,-19.17384697298105,-7.3659172145883085,Fatty acid oxidation
sink_tetdec2coa[c],-0.3799144875438474,0,-12.687447656455904,-5.701297111400958,Fatty acid oxidation
TETDEC2CRNe,0.3799144875438474,0,12.687447656455904,5.701297111400958,Fatty acid oxidation
TIGCRNe,0.5349642812377625,0,82.7373133207053,25.06625492127058,Fatty acid oxidation
34DHPHELAT1tc,-0.832754187107893,0,42.11350916207824,461.49861043396,"Transport, extracellular"
ALAALACNc,-0.4529510756080504,0,56.02267094385624,148.79510109043122,"Transport, extracellular"
ALAALAPEPT1tc,-0.4529510756080504,0,56.02267094385624,148.79510109043122,"Transport, extracellular"
ARGATB0tc,-0.5305405113322726,0,10.64045285513384,34.69020127790002,"Transport, extracellular"
ASNATB0tc,-0.9121125799105362,0,2.6938449934885016,58.608329782977606,"Transport, extracellular"
BALABETAtc,0.5103438195898384,0,12.817437259466452,4.15543619254961,"Transport, extracellular"
BALAPAT1tc,-0.49641131523192206,0,6.709916333663579,19.938483587211348,"Transport, extracellular"
BTNTe,-1,0,NA,80.30944771202896,"Transport, extracellular"
CARPEPT1tc,0.6252396757392669,0,107.38900653604418,24.762587027774693,"Transport, extracellular"
CYSSNAT5tc,0.8745551204888781,0,353.53569813842773,23.658543070362903,"Transport, extracellular"
FOLTle,0.4919242662443294,0,277.8893490679741,94.63539009658713,"Transport, extracellular"
GLYGLYCNc,-0.3579282793478783,0,54.60242018804345,115.47957667232714,"Transport, extracellular"
GLYGLYPEPT1tc,-0.3579282793478783,0,54.60242018804345,115.47957667232714,"Transport, extracellular"
GLYPROPEPT1tc,0.8289094493612856,0,73.20451022695228,6.848124694385864,"Transport, extracellular"
GLYSARCNc,-0.43727719012968713,0,7.727080233587338,19.736104474948462,"Transport, extracellular"
GLYSARPEPT1tc,-0.43727719012968713,0,7.727080233587338,19.736104474948462,"Transport, extracellular"
GLYSNAT5tc,0.6238064452435439,0,-13.193179482569638,-56.947200732667,"Transport, extracellular"
HISyLATtc,-0.5767115176850858,0,19.099905163368035,71.14542851031442,"Transport, extracellular"
HISyLATthc,0.5106268670854491,0,72.54192467116117,23.500223461846726,"Transport, extracellular"
HPETFABP1tc,0.3849240405928944,0,7.807720154932013,3.4675843759785487,"Transport, endoplasmic reticular"
ILEATB0tc,0.6868170382992024,0,308.92558050220015,57.35668187485784,"Transport, extracellular"
LEUGLYPEPT1tc,0.6305783412272937,0,72.8323266475588,16.500794989197164,"Transport, extracellular"
LEULEULAPc,0.4373690034032711,0,341.63925557160377,133.72824541485346,"Transport, extracellular"
LEULEUPEPT1tc,0.4373690034032711,0,341.63925557160377,133.72824541485346,"Transport, extracellular"
METATB0tc,0.37302720459804456,0,11.37707156930982,5.1951733668573,"Transport, extracellular"
NACHORCTL3le,-0.381410272190203,0,227.88570775213242,508.9054076095581,"Transport, extracellular"
OCDEAFABP1tc,0.9837703970369567,0,-1.839753460170935,-224.87601578695774,"Transport, endoplasmic reticular"
PHEATB0tc,-0.9593098752008433,0,2.3711697624170074,114.17650730276387,"Transport, extracellular"
PMTCOAFABP1tc,-0.8127291105860796,0,3.3238801669519393,32.17421756040218,"Transport, endoplasmic reticular"
PNTORDe,0.7763441745445891,0,120.81293870542049,15.211307537731063,"Transport, extracellular"
PROGLYPEPT1tc,0.4969196987454375,0,95.63349043535293,32.140217821012435,"Transport, extracellular"
PROGLYPRO1c,0.4969196987454375,0,95.63349043535293,32.140217821012435,"Transport, extracellular"
PROIMINOtc,0.5536986462257418,0,49.43397670955463,14.199954915011139,"Transport, extracellular"
TAUPAT1c,0.5916347307951457,0,536.0531283672333,137.53499835004806,"Transport, extracellular"
THRATB0tc,-0.9610130207628941,0,1.6136681919168183,81.16618413277958,"Transport, extracellular"
TRPATB0tc,0.791318952753823,0,91.08840908663664,10.611412652652152,"Transport, extracellular"
VALATB0tc,-0.6321918324394435,0,3.8699773572777545,17.17347789247874,"Transport, extracellular"
VITEtl,-0.3536036956462699,0,2.8050409404476304,5.873971985692543,"Transport, extracellular"
3AIB_Dtm,-0.5553176207210815,0,25.607889011616262,89.5659528354168,"Transport, mitochondrial"
5MTHFt2le,-1,0,NA,444.57169283447263,"Transport, extracellular"
ASPPROASCT1,-0.9518088373144268,0,5.3030946654342515,214.78267915308476,"Transport, extracellular"
ASPte,-0.40803023807413813,0,196.8838076999545,468.2981673368454,"Transport, extracellular"
BIDGLCURr,-0.35644072463604354,0,4.8557228866601525,10.234488916795131,Heme degradation
DM_5hpet[r],0.3849240405928944,0,15.615440309864026,6.9351687519570975,Exchange/demand reaction
EX_alaala[e],0.4529510756080504,0,-56.02267094385624,-148.79510109043122,Exchange/demand reaction
EX_carn[e],-0.6252396757392669,0,-107.38900653604418,-24.762587027774693,Exchange/demand reaction
EX_glygly[e],0.3579282793478783,0,-54.60242018804345,-115.47957667232714,Exchange/demand reaction
EX_glysar[e],0.43727719012968713,0,-7.727080233587338,-19.736104474948462,Exchange/demand reaction
EX_leugly[e],-0.630578341227294,0,-72.8323266475588,-16.500794989197153,Exchange/demand reaction
EX_leuleu[e],-0.4373690034032711,0,-341.63925557160377,-133.72824541485346,Exchange/demand reaction
FE2DMT1,-0.6053603783508648,0,10.95031864175276,44.544963844040964,"Transport, extracellular"
FE3MTP1,-0.6383705700134391,0,7.094351241265357,32.141123822415175,"Transport, extracellular"
FOLt2le,-1,0,NA,375.082635839653,"Transport, extracellular"
FRDPtcr,-2.1784556438532006,0,-0.6239243906171207,1.6828092012105393,"Transport, endoplasmic reticular"
GLUPROASCT1,-0.7660425513080683,0,35.56620698113516,268.47375567008777,"Transport, extracellular"
GLYCTDle,1,0,NA,-662.3112707702637,"Transport, extracellular"
LEUGLYHYc,0.6305783412272937,0,72.8323266475588,16.500794989197164,"Transport, extracellular"
MTHFR3,-0.4327359098229713,0,191.46535706445576,483.58303884124757,Folate metabolism
PGLc,0.38335693929123454,0,122.70176317753791,54.69534915473461,Pentose phosphate pathway
PHEMEe,-0.5257056499673733,0,3.855967400801988,12.403840039606008,"Transport, extracellular"
3MOBte,-1,0,NA,232.99240867829332,"Transport, extracellular"
3MOPte,-1,0,NA,444.2081103614807,"Transport, extracellular"
4MOPte,-1,0,NA,674.2549023872375,"Transport, extracellular"
AHCYSte,-0.5961362094799701,0,58.194389248434874,229.99380991396905,"Transport, extracellular"
AICARte,-1.0412321156367097,0,-158.33365851306525,3.1982799344491224,"Transport, extracellular"
DM_Lcystin,-1,0,NA,608.5397347473145,Exchange/demand reaction
DM_anth,-0.6701967819138538,0,25.139850115385233,127.31378730678558,Exchange/demand reaction
EX_3mob[e],1,0,NA,-232.99240867829332,Exchange/demand reaction
EX_3mop[e],1,0,NA,-444.2081103614807,Exchange/demand reaction
EX_4mop[e],1,0,NA,-674.2549023872375,Exchange/demand reaction
EX_aicar[e],1.0412321156367097,0,158.33365851306525,-3.1982799344491224,Exchange/demand reaction
OROTGLUt,0.44461818320922636,0,-126.35426123209484,-328.6633767677307,"Transport, extracellular"
IDOURte,-0.33235531983409683,0,-8.458041146535647,-4.23833349260916,"Transport, extracellular"
EX_idour[e],0.33235531983409683,0,8.458041146535647,4.23833349260916,Exchange/demand reaction
5HOXINDOAtr,-0.391416237439158,0,380.420605739212,869.762620111084,"Transport, extracellular"
LKYNRtr,-0.36163901790569664,0,210.8796044917505,449.8111657990873,"Transport, extracellular"
LKYNRtr2,14.431255055375564,0,378.37081901943685,-434.7126601146221,"Transport, extracellular"
LKYNRtr3,-0.5787357547772389,0,123.1270970967099,461.4328245819092,"Transport, extracellular"
KYNATEtr,-1.7309677888978259,0,-697.8300334716797,186.78040754158954,"Transport, extracellular"
KYNATEtr2,1,0,NA,-186.78040754158954,"Transport, extracellular"
3ANTHRNtr,-0.46290707704857637,0,-149.63344480845817,-54.93654758004612,"Transport, extracellular"
HKYNRtr,0.46290707704857637,0,149.63344480845817,54.93654758004612,"Transport, extracellular"
CHOLPtr,-1,0,NA,48.5952191256347,"Transport, extracellular"
CYST_Ltr,-0.6281287206056719,0,-523.5717603561401,-119.58593808599394,"Transport, extracellular"
DMGLYtr,1,0,NA,-273.1142214956284,"Transport, extracellular"
OROT5Ptr,-0.844663624889774,0,16.310972239777513,193.69743343086242,"Transport, extracellular"
EX_5hoxindoa[e],0.391416237439158,0,-380.420605739212,-869.762620111084,Exchange/demand reaction
EX_cholp[e],1,0,NA,-48.5952191256347,Exchange/demand reaction
EX_cyst_L[e],0.6281287206056719,0,523.5717603561401,119.58593808599394,Exchange/demand reaction
EX_dmgly[e],-1,0,NA,273.1142214956284,Exchange/demand reaction
EX_3hanthrn[e],0.46290707704857637,0,149.63344480845817,54.93654758004612,Exchange/demand reaction
EX_hLkynr[e],-0.46290707704857637,0,-149.63344480845817,-54.93654758004612,Exchange/demand reaction
EX_orot5p[e],0.844663624889774,0,-16.310972239777513,-193.69743343086242,Exchange/demand reaction
ALAB0AT3tc,-0.3336507833490689,0,48.624102619924024,97.31769908071756,"Transport, extracellular"
ARGB0AT3tc,-0.7516121632025604,0,5.932847587679147,41.837990664093944,"Transport, extracellular"
ASNB0AT3tc,-0.9308245208677999,0,5.931151682132991,165.5501811987877,"Transport, extracellular"
BUTSMCT1,-0.41154541004521916,0,-549.139510244751,-228.9289901900444,"Transport, extracellular"
CYSB0AT3tc,-0.37696200916036965,0,61.67981034333352,136.31713767651803,"Transport, extracellular"
FOLOATPtc,1.9773284732229335,0,60.410460187242926,-184.0341176215291,"Transport, extracellular"
GLNB0AT3tc,-0.9411751614841644,0,4.809547978011449,158.71144415243714,"Transport, extracellular"
GLUB0AT3tc,-0.4234605640089352,0,163.65063115288615,404.04906443367,"Transport, extracellular"
GLYB0AT3tc,-0.36244063324959236,0,46.97031061047781,100.3738052790964,"Transport, extracellular"
H2OGLYAQPt,-1,0,NA,622.0336832061768,"Transport, extracellular"
ILEB0AT3tc,0.3402285795507453,0,63.90641354656853,31.460025464887917,"Transport, extracellular"
LEUB0AT3tc,0.7177411686261338,0,66.27550331521527,10.890375369782506,"Transport, extracellular"
METB0AT3tc,0.4164865437613386,0,194.2092611799404,80.00338423529537,"Transport, extracellular"
NACSMCTte,0.381410272190203,0,-227.88570775213242,-508.9054076095581,"Transport, extracellular"
PGLYCABCte,0.8497646830159481,0,69.29861354930792,5.628337089970179,"Transport, extracellular"
PHEB0AT3tc,-0.8178853258497947,0,3.4237123990075253,34.17581015438871,"Transport, extracellular"
PPASMCT1,0.6327748011217996,0,-97.22008536141915,-432.264741161418,"Transport, extracellular"
PYRSMCT1,-4.163944911705869,0,-320.6349240038991,196.45276114733218,"Transport, extracellular"
SERB0AT3tc,-0.7502479771408886,0,53.24812205534866,373.1598120688662,"Transport, extracellular"
TRPB0AT3tc,-0.6632058565268111,0,108.19531855733432,534.305868913269,"Transport, extracellular"
VALB0AT3tc,-0.5066338275699331,0,43.29786737478217,132.2223437557023,"Transport, extracellular"
CAMPt,0.564204203193797,0,12.5488429251533,3.49617587677938,"Transport, extracellular"
GALt4,1.0487914983806308,0,14.40664957357887,-604.9459874389648,"Transport, extracellular"
MANt4,2.592797512065564,0,335.39607436535357,-148.6913835281968,"Transport, extracellular"
CHSTEROLt,-0.6389925192415337,0,7.009468471017767,31.823347160896986,"Transport, extracellular"
AVITE1t,-0.3536036956462699,0,2.8050409404476304,5.873971985692543,"Transport, extracellular"
r0295,0.626403886337995,0,540.5531981140136,124.16877243061066,"Transport, extracellular"
ARGSUCte,-1,0,NA,51.77706685855482,"Transport, extracellular"
ACRNte,0.4077311147284191,0,214.92948341841696,90.42639196106754,"Transport, extracellular"
LNELDCCRNte,0.48794751990968116,0,324.2069133712709,111.5704363445986,"Transport, extracellular"
STCRNte,0.6490185089157098,0,322.84790946422515,68.71580885511563,"Transport, extracellular"
HDCECRNte,0.9397238586202532,0,598.9830153877258,18.613157104361793,"Transport, extracellular"
EX_argsuc[e],-1,0,NA,51.77706685855482,Exchange/demand reaction
EX_acrn[e],0.4077311147284191,0,214.92948341841696,90.42639196106754,Exchange/demand reaction
EX_lneldccrn[e],0.9986412115165406,0,-0.21726590621570763,-319.5762985233784,Exchange/demand reaction
EX_stcrn[e],-1,0,NA,68.71580885511563,Exchange/demand reaction
EX_hdcecrn[e],-23.863844976514475,0,-17.1159504477129,18.613157104361793,Exchange/demand reaction
HC00342te,-1,0,NA,779.8747961154937,"Transport, extracellular"
15KPROSTGF2c,3.4195879188357265,0,257.1155836598635,-140.76284291493147,Eicosanoid metabolism
SMS1,0.9188355847535751,0,163.487977029109,6.915342909430503,Glycerophospholipid metabolism
SMS13,-0.33722152656015597,0,3.311315881583985,6.680909316673095,Glycerophospholipid metabolism
SMS14,0.58521638731707315,0,15.58288715363784,4.077377878079839,Glycerophospholipid metabolism
SMS9,0.40989111975365017,0,5.63244018546594,2.357453653215865,Glycerophospholipid metabolism
XOLEST205CEH,0.6262328960895763,0,67.86965536644925,15.598900127229374,Cholesterol metabolism
PCHOLOLE_HSPLA2,0.3400337484459591,0,2.8670370609467244,1.4120149618424556,Glycerophospholipid metabolism
PAILPALM_HSPLA2,-0.5137571659984855,0,21.207257824427913,66.02182337314449,Glycerophospholipid metabolism
PCHOLAR_HSPLA2,0.35136699260115434,0,2.865272206199263,1.3752815765804918,Glycerophospholipid metabolism
PCHOLN224_HSPLA2,0.379284957633605,0,2.8368686916790162,1.2766666238168347,Glycerophospholipid metabolism
PE224_HSPLA2,-0.4076343320787202,0,12.22444961748952,29.048872857080507,Glycerophospholipid metabolism
PEDH14_HSPLA2,-0.827919241650881,0,1.5761557344236774,16.74263539068236,Glycerophospholipid metabolism
PEDH161_HSPLA2,0.5380328569248587,0,5.168301080078886,1.5523629900143656,Glycerophospholipid metabolism
PCHOLDET_HSPLA2,-0.3304726210973028,0,1.8444571173870037,3.665271612183172,Glycerophospholipid metabolism
TTDCRNNAt,1,0,NA,-142.38250682383588,"Transport, extracellular"
15KPROSTGF2t,1,0,NA,-140.76284291493147,"Transport, extracellular"
56DTHMt,-1,0,NA,174.50513178367615,"Transport, extracellular"
56DURAtd,-1,0,NA,163.45082155130282,"Transport, extracellular"
ADPACtd,-0.4472684683409589,0,-6.910684551284449,-2.639284514519001,"Transport, extracellular"
BILIVERDt,0.41577368427734096,0,-6.691620634997147,-16.216011064954415,"Transport, extracellular"
C02712te,0.7918840096471272,0,859.2234976257324,99.79337288581132,"Transport, extracellular"
C03990t,-0.761640223865149,0,-92.4331590271512,-12.506723447088708,"Transport, extracellular"
C03990tr,0.40825829092573473,0,-8.48352319803969,-20.189538267617394,"Transport, endoplasmic reticular"
C14771ATP,-0.37208423342254665,0,2.563862647940801,5.602400358689878,"Transport, extracellular"
CE2176t,-0.9469500073524979,0,5.56292702443874,204.16102379313708,"Transport, extracellular"
CE2510t,-1,0,NA,5.1206896197873775,"Transport, extracellular"
CE2513td,1,0,NA,-164.088582737723,"Transport, extracellular"
CE6031t,0.3944172986796772,0,763.6181203735351,331.6323775894165,"Transport, extracellular"
CORTSNti,1,0,NA,-134.48863258635103,"Transport, endoplasmic reticular"
DOCTETETH,-0.4076343320787202,0,12.22444961748952,29.048872857080507,Glycerophospholipid metabolism
EX_15kprostgf2[e],1,0,NA,-140.76284291493147,Exchange/demand reaction
EX_56dura[e],-1,0,NA,163.45082155130282,Exchange/demand reaction
EX_adpac[e],-0.44726846834094297,0,-6.9106845512822135,-2.6392845145182533,Exchange/demand reaction
EX_amet[e],0.5961362094799701,0,-58.194389248434874,-229.99380991396905,Exchange/demand reaction
EX_biliverd[e],0.4157736842772647,0,-6.691620634997147,-16.216011064951424,Exchange/demand reaction
EX_C02712[e],0.7918840096471272,0,859.2234976257324,99.79337288581132,Exchange/demand reaction
EX_C14771[e],-0.37208423342254665,0,2.563862647940801,5.602400358689878,Exchange/demand reaction
EX_CE2176[e],0.9469500073524979,0,-5.562927024438763,-204.16102379313708,Exchange/demand reaction
EX_CE6031[e],0.3944172986796772,0,763.6181203735351,331.6323775894165,Exchange/demand reaction
EX_docteteth[e],-0.4076343320787202,0,12.22444961748952,29.048872857080507,Exchange/demand reaction
EX_hexdeceeth[e],0.5380328569248587,0,5.168301080078886,1.5523629900143656,Exchange/demand reaction
EX_hxcoa[e],1.2931303119912394,0,12.987823725948255,-101.60249914263747,Exchange/demand reaction
EX_nwharg[e],-0.35369030734840223,0,13.990520178595801,29.303028835646156,Exchange/demand reaction
EX_pailpalm_hs[e],-0.5137571659984855,0,21.207257824427913,66.02182337314449,Exchange/demand reaction
EX_pcholar_hs[e],0.35136699260115434,0,2.865272206199263,1.3752815765804918,Exchange/demand reaction
EX_pcholet_hs[e],-0.3304726210973028,0,1.8444571173870037,3.665271612183172,Exchange/demand reaction
EX_pcholn224_hs[e],0.379284957633605,0,2.8368686916790162,1.2766666238168347,Exchange/demand reaction
EX_pcholole_hs[e],0.3400337484459591,0,2.8670370609467244,1.4120149618424556,Exchange/demand reaction
EX_pe12_hs[e],-0.39859716226371095,0,-278.504698422195,-119.7582266525548,Exchange/demand reaction
EX_pe14_hs[e],-0.827919241650881,0,1.5761557344236774,16.74263539068236,Exchange/demand reaction
EX_pendecaeth[e],-0.5402658991624919,0,2.185193263048794,7.3211420689093005,Exchange/demand reaction
EX_peste_hs[e],-0.3557844163212856,0,-4.759656641492832,-2.2616021725115876,Exchange/demand reaction
EX_sphmyln180241_hs[e],-0.33722152656015597,0,3.311315881583985,6.680909316673095,Exchange/demand reaction
EX_sphmyln18114_hs[e],0.9188355847535751,0,163.487977029109,6.915342909430503,Exchange/demand reaction
EX_sphmyln18120_hs[e],0.40989111975365017,0,5.63244018546594,2.357453653215865,Exchange/demand reaction
EX_sphmyln1824_hs[e],0.58521638731707315,0,15.58288715363784,4.077377878079839,Exchange/demand reaction
EX_steeth[e],0.3557844163212856,0,4.759656641492832,2.2616021725115876,Exchange/demand reaction
EX_tetdecaeth[e],0.3964001047803823,0,263.8024545356199,114.02973501023986,Exchange/demand reaction
EX_ttdcrn[e],1,0,NA,-142.38250682383588,Exchange/demand reaction
EX_xolest205_hs[e],-0.6262328960895763,0,-67.86965536644925,-15.598900127229374,Exchange/demand reaction
GALTt,1.4738217157728397,0,69.65520238597216,-363.6695966918945,"Transport, extracellular"
HC00900t3,-0.9674591680784652,0,15.755722339443164,952.6105675842285,"Transport, extracellular"
HC00900t4,1,0,NA,-952.6105675842285,"Transport, extracellular"
HEXDECEETH,0.5380328569248587,0,5.168301080078886,1.5523629900143656,Glycerophospholipid metabolism
HXCOAte,1.2931303119912394,0,12.987823725948267,-101.60249914263747,"Transport, extracellular"
NWHARGtd,-0.35369030734837875,0,13.990520178596553,29.303028835646156,"Transport, extracellular"
pac,-1,0,NA,8.315514239991812,"Transport, extracellular"
PENDECAETH,-0.5402658991624919,0,2.185193263048794,7.3211420689093005,Glycerophospholipid metabolism
STEETH,0.3557844163212856,0,4.759656641492832,2.2616021725115876,Glycerophospholipid metabolism
TETDECAETH,0.3964001047803823,0,263.8024545356199,114.02973501023986,Glycerophospholipid metabolism
EX_5aop[e],0.3834571748263128,0,-374.84595130081175,-841.1148416748047,Exchange/demand reaction
EX_CE2510[e],-0.9775569760580882,0,-326.97591120033263,-3.7108049438480113,Exchange/demand reaction
EX_ddca[e],0.7821919204057111,0,7.3726282056046655,0.9010353894208435,Exchange/demand reaction
EX_pac[e],-1,0,NA,8.315514239991806,Exchange/demand reaction
XOL27OHtmc,-1,0,NA,4.444547756185834,"Transport, mitochondrial"
RETINALt,-1,0,NA,4.295300362059928,"Transport, extracellular"
1MNCAMt,-0.9699797611293497,0,-936.8246020202637,-14.276135667722514,"Transport, extracellular"
EX_1mncam[e],0.9699797611293497,0,936.8246020202637,14.276135667722514,Exchange/demand reaction
EX_progly[e],-0.4969196987454375,0,-95.63349043535293,-32.140217821012435,Exchange/demand reaction
EX_alaglylys[e],-1,0,NA,209.78812022590637,Exchange/demand reaction
EX_serglyglu[e],-1,0,NA,561.9049189117432,Exchange/demand reaction
EX_tyrargser[e],-1,0,NA,36.103997692191186,Exchange/demand reaction
ALAGLYLYSt,1,0,NA,-209.78812022590637,"Transport, extracellular"
SERGLYGLUt,1,0,NA,-561.9049189117432,"Transport, extracellular"
TYRARGSERt,1,0,NA,-36.103997692191186,"Transport, extracellular"
ALAGLYLYSr,1,0,NA,-209.78812022590637,Peptide metabolism
SERGLYGLUr,1,0,NA,-561.9049189117432,Peptide metabolism
TYRARGSERr,1,0,NA,-36.10399769219416,Peptide metabolism
HOMOVALte,-0.34848014483572404,0,42.693409708833464,88.36448321775626,"Transport, extracellular"
EX_homoval[e],-0.34848014483572404,0,42.693409708833464,88.36448321775626,Exchange/demand reaction
XOLEST205_HSte,0.6262328960895763,0,67.86965536644925,15.598900127229374,"Transport, extracellular"
PE224_HSte,0.40763433207638416,0,-12.22444961753795,-29.048872857032823,"Transport, extracellular"
ODECRNtr,-1,0,NA,300.7044995361984,"Transport, extracellular"
PMTCRNtr,0.4129529290237188,0,730.1732107872009,303.36894874066786,"Transport, extracellular"
XOLEST205tl,0.6262328960895763,0,67.86965536644925,15.598900127229374,"Transport, lysosomal"
TMNDNCtl,0.6262328960895763,0,67.86965536644925,15.598900127229374,"Transport, lysosomal"
2MOPtm,0.964286238661193,0,325.21127577171325,5.912843891588888,"Transport, mitochondrial"
MMALtm,-1.021505428229151,0,-555.8059991065979,5.912843891588888,"Transport, mitochondrial"
PGPP_hsc,-1,0,NA,6.985084531687897,Glycerophospholipid metabolism
5AOPt2,-1,0,NA,841.1148416748047,"Transport, extracellular"
ACNAMt2,0.5549751752541303,0,43.239858559463826,12.374995294903487,"Transport, extracellular"
ARGtD,2.994358282072233,0,109.61046682900898,-219.53100399058508,"Transport, extracellular"
PPPGOc,-0.4671271070248398,0,5.498235983030359,15.137964715159999,Heme synthesis
THMMPtrbc,0.35789363049845546,0,754.6600804779052,356.8556723441839,"Transport, extracellular"
EX_f1a[e],0.45399990806161,0,-14.98922464081254,-39.91635087877512,Exchange/demand reaction
DDCAte,0.7821919204057097,0,7.372628205604618,0.9010353894208435,"Transport, extracellular"
EX_HC00342[e],-1,0,NA,779.8747961154937,Exchange/demand reaction
DM_C02712[c],-1,0,NA,574.8960231437683,Exchange/demand reaction
F1Ate,-0.45399990806161,0,14.98922464081254,39.91635087877512,"Transport, extracellular"
PROSTGE2t2r,-1.9356959107288085,0,-88.97208940885066,279.14517531995773,"Transport, endoplasmic reticular"
PGLYCtm,-1,0,NA,6.985084531687897,"Transport, mitochondrial"
sink_25hvitd2[c],0.36615673812974514,0,-3.0998313247328815,-6.681234472468586,Exchange/demand reaction
sink_C02528[c],-1,0,NA,143.70038321301936,Exchange/demand reaction
sink_HC02191[c],1.608708930980615,0,358.0567555709839,-83.5479736070335,Exchange/demand reaction
sink_HC02192[c],-0.8512660324614083,0,-199.81498096702248,-16.05348684184479,Exchange/demand reaction
sink_HC02193[c],-0.6987799337390692,0,-137.58888153894543,-24.396645610657615,Exchange/demand reaction
sink_HC02196[c],0.771101559197309,0,309.19558431482614,39.960659954936055,Exchange/demand reaction
sink_HC02198[c],1.1426776471609992,0,1.9133243506820783,-28.733564083442197,Exchange/demand reaction
sink_c226coa[c],-0.6278501636896295,0,-693.4931271148681,-158.542450340271,Exchange/demand reaction
sink_dgchol[c],-1,0,NA,196.61896034388542,Exchange/demand reaction
sink_glygn2[c],-0.5277097896430872,0,-666.325921182251,-205.9941041255951,Exchange/demand reaction
sink_hdca[c],2.112708941785083,0,242.27738954930305,-86.60758933318564,Exchange/demand reaction
sink_lnlncgcoa[c],-0.33192208675274576,0,40.8597022448739,81.46046860547364,Exchange/demand reaction
sink_pmtcoa[c],1,0,NA,-41.69462684058342,Exchange/demand reaction
sink_pydam[c],0.35421454350232867,0,-7.786131912836188,-16.327548054697317,Exchange/demand reaction
sink_pydxn[c],-0.5554816583788644,0,-30.342220196187217,-8.67105910896399,Exchange/demand reaction
sink_retfa[c],-1,0,NA,104.92095914889182,Exchange/demand reaction
sink_retinol[c],1,0,NA,-99.63889309485704,Exchange/demand reaction
sink_tchola[c],1,0,NA,-402.54480492696763,Exchange/demand reaction
sink_tmndnc[c],0.46876016504114865,0,47.76467835049532,17.27613564674044,Exchange/demand reaction
sink_tmndnccoa[c],1,0,NA,-615.9441287811279,Exchange/demand reaction
sink_vitd3[c],0.6498630117376202,0,-3.4119127135037797,-16.0771034594863,Exchange/demand reaction
DXTRNt,0.5277097896430872,0,666.325921182251,205.9941041255951,"Transport, extracellular"
EX_dxtrn[e],0.5277097896430872,0,666.325921182251,205.9941041255951,Exchange/demand reaction
DHCHOLESTANATEt,-0.5584471378166714,0,-241.68477084522246,-68.4762413323406,"Transport, extracellular"
EX_dhcholestanate[e],-0.5584471378166714,0,-241.68477084522246,-68.4762413323406,Exchange/demand reaction
sink_dhcholestanate[c],1,0,NA,-533.7934217708588,Exchange/demand reaction
THCHOLSTOICt,0.9213161855220391,0,-7.967966718340903,-194.5633104243733,"Transport, extracellular"
EX_thcholstoic[e],0.9213161855220372,0,-7.96796671834109,-194.5633104243733,Exchange/demand reaction
sink_thcholstoic[c],-1,0,NA,177.31807696961462,Exchange/demand reaction
XOL7AONEt,-1.6397185600216466,0,-4.311909284179649,17.792553910259418,"Transport, extracellular"
EX_xol7aone[e],-1.6397185600187538,0,-4.311909284164876,17.792553910259418,Exchange/demand reaction
sink_xoldiolone[c],-1.791248802738038,0,-15.789949042013975,4.476053249904696,Exchange/demand reaction
ADNCNT3tc,1,0,NA,-610.1882577449799,"Transport, extracellular"
ADPT,-0.4350039130203811,0,24.28771270390358,61.687086993354185,Nucleotide salvage pathway
ALAR,-0.9362004029631867,0,26.19683091821226,795.0256261169434,Alanine and aspartate metabolism
AMPTASECG,-0.7270738710622839,0,25.316441697697154,160.20219513076543,Glutathione metabolism
ARGN,-0.5585349940379011,0,40.295181763466545,142.25691735773086,Urea cycle
ASPTA,-0.8024451635273361,0,-93.95120370479525,-10.29740879771807,Alanine and aspartate metabolism
BUTt2r,1.1084276461278497,0,524.4245498168946,-26.968968848767968,"Transport, extracellular"
CBPS,0.45138756317894346,0,8.611974842562061,3.255254918866285,Pyrimidine synthesis
CO2t,1,0,NA,-900.3835967025757,"Transport, extracellular"
CPPPGO,-0.4671271070248398,0,5.498235983030359,15.137964715159999,Heme synthesis
CYSTS,0.6281287206056719,0,523.5717603561401,119.58593808599394,Methionine and cysteine metabolism
DGK1,-1.0605180433429775,0,-98.9331333046943,2.905696297459444,Nucleotide interconversion
DTMPK,0.7158386528101611,0,43.823443833685666,7.257633937715087,Nucleotide interconversion
DURIPP,3.9321393692725417,0,23.361743251800906,-13.888473539535411,Nucleotide interconversion
EX_adn[e],-1,0,NA,614.0482141235351,Exchange/demand reaction
EX_asn_L[e],1,0,NA,-270.62991468696595,Exchange/demand reaction
EX_asp_L[e],1,0,NA,-49.08388029415611,Exchange/demand reaction
EX_cgly[e],1,0,NA,-391.55399338502883,Exchange/demand reaction
EX_dad_2[e],1,0,NA,-418.43273589630127,Exchange/demand reaction
EX_dcyt[e],-0.35163444970765717,0,331.3309713101387,690.7189237243653,Exchange/demand reaction
EX_dgsn[e],1,0,NA,-378.02045295758245,Exchange/demand reaction
EX_duri[e],1,0,NA,-139.82446347538232,Exchange/demand reaction
EX_fe2[e],0.5257056499674433,0,-3.8559674008012443,-12.403840039606008,Exchange/demand reaction
EX_gal[e],-1,0,NA,506.7478870843887,Exchange/demand reaction
EX_glyleu[e],-0.7187755967298709,0,-36.69528300320855,-6.004046767384783,Exchange/demand reaction
EX_glypro[e],1.03234580233364,0,430.2801746246338,-6.848124694385864,Exchange/demand reaction
EX_ppi[e],-24.264449271077442,0,-108.30025281791687,117.61061744817327,Exchange/demand reaction
EX_so4[e],-2.790663181676812,0,-212.7161798502095,450.29986619262695,Exchange/demand reaction
FBA2,0.6508417196306384,0,61.90991340671778,13.094143821215118,Fructose and mannose metabolism
FBP,-0.3437669959706511,0,7.609426923319161,15.581808130682608,Glycolysis/gluconeogenesis
FCLTc,-0.5483355263473195,0,4.025944954981046,13.801204133910568,Heme synthesis
FERO,-0.6383705700134391,0,1.7735878103163392,8.035280955603794,Vitamin B2 metabolism
FPGS7,0.40465644492507397,0,9.594792775466386,4.066615763442477,Folate metabolism
FUM,-0.4343014452963432,0,203.90426532435418,516.9894461017609,Citric acid cycle
GF6PTA,0.44094663799595935,0,22.74545796739012,8.824702047728916,Aminosugar metabolism
GHMT2r,0.6865367130134893,0,-27.957380988220496,-150.42000576727278,"Glycine, serine, alanine, and threonine metabolism"
GK1,0.766596159322853,0,117.61447391898632,15.539301264209673,Nucleotide interconversion
GLNS,-0.6383127560401775,0,15.527457703764574,70.33378270807266,Glutamate metabolism
GLYLEUHYDROc,0.718775596730223,0,36.69528300320855,6.004046767376041,"Transport, extracellular"
GLYLEUPEPT1tc,0.718775596730223,0,36.69528300320855,6.004046767376041,"Transport, extracellular"
GLYPROPRO1c,-1.03234580233364,0,-430.2801746246338,6.848124694385864,"Transport, extracellular"
GUAPRT,-0.6280703235259553,0,18.08002610015953,79.14279446936958,Nucleotide salvage pathway
IMPD,0.9219803127887463,0,336.3890371353388,13.655169766288157,Nucleotide interconversion
LEUTA,2.686094321204544,0,308.4178707581043,-674.2549023872375,"Valine, leucine, and isoleucine metabolism"
L_LACt2r,-3.1268975623423967,0,-62.450133350089565,121.17429050348997,"Transport, extracellular"
MAN6PI,0.45138960575022624,0,-81.48615640686751,-215.57768802976608,Fructose and mannose metabolism
MTHFC,2.6923770430715703,0,58.801404671235616,-128.29112613958446,Folate metabolism
MTHFD,0.405304120819947,0,260.11767834949495,110.07646610049805,Folate metabolism
NAt3_1,-0.5247135199845896,0,66.72441514279468,214.0511505355358,"Transport, extracellular"
NDPK1,3.7021068175904577,0,411.10795071735384,-236.24678032479287,Nucleotide interconversion
NDPK2,25.30354760848064,0,497.7927267106533,-538.7573409908294,Nucleotide interconversion
NDPK3,1.3499713409321645,0,20.12344702586066,-135.12398948319984,Nucleotide interconversion
NDPK4,-0.43648824766687316,0,-395.0948372782223,-154.98949222455025,Nucleotide interconversion
NDPK5,-0.6896349247900203,0,-261.9998387527466,-48.12613569147445,Nucleotide interconversion
NDPK7,54.630872160337844,0,112.33392168197743,-116.52307308515199,Nucleotide interconversion
NDPK8,-11.044078579981269,0,-104.53917800468076,125.35525927529856,Nucleotide interconversion
NDPK9,0.5565930283820154,0,-73.78088006073573,-259.0099183857143,Nucleotide interconversion
PGI,-0.5208749634608698,0,-202.31092952361107,-63.7345171885062,Glycolysis/gluconeogenesis
PGK,0.6125462725008297,0,-216.33256841091253,-900.3559704101563,Glycolysis/gluconeogenesis
PGL,0.7405389288359193,0,330.3836383315563,49.250086439562125,Pentose phosphate pathway
PGMT,0.48805159182433583,0,900.8431070922852,309.92554104021787,Glycolysis/gluconeogenesis
PNP,0.9515756876412215,0,861.8200032043457,21.384280044322253,NAD metabolism
PPBNGS,0.6081352841353427,0,187.42297565040587,45.670567535146326,Heme synthesis
PPM,0.3805960696671682,0,868.0833829833985,389.46529770011904,Pentose phosphate pathway
PSP_L,-1,0,NA,49.67442940888405,"Glycine, serine, alanine, and threonine metabolism"
PUNP1,3.4305950132866654,0,197.12074351658822,-108.1391313739962,Nucleotide interconversion
PUNP2,-0.9642347366973687,0,7.106997793761455,390.31760571746827,Purine catabolism
PUNP3,-4.303948697186728,0,-122.72054548914879,197.00774346752166,Purine catabolism
PUNP4,-0.582602790018448,0,98.9331333046943,375.1147565174103,Purine catabolism
PUNP6,0.37798390892771644,0,169.17590313398838,76.36528502928019,Purine catabolism
PUNP7,0.37158840289263056,0,20.091243576717762,9.205072336053231,Nucleotide interconversion
SPODM,0.7548968376256479,0,57.20185714359283,7.989276508441304,ROS detoxification
THMDt2r,1,0,NA,-856.2762212219238,"Transport, extracellular"
UPP3S,-0.4671271070248398,0,5.498235983030359,15.137964715159999,Heme synthesis
UPPDC1,-0.4671271070248398,0,5.498235983030359,15.137964715159999,Heme synthesis
UREAt,1,0,NA,-156.2000157453902,"Transport, extracellular"
r0127,-0.8203227230491281,0,11.767177812021657,119.21407938099652,Alanine and aspartate metabolism
r0345,-3.154345802093018,0,-409.3723532253802,212.29085220101547,Nucleotide interconversion
r0398,-0.3787957056794146,0,7.760644505058049,17.22515992678642,Tetrahydrobiopterin metabolism
FPGS,-0.39703139212601934,0,2.4182219655712425,5.602832311525208,Folate metabolism
EX_pnto_R[e],-0.40667649713190895,0,-5.836094331799036,-2.4616121326202176,Exchange/demand reaction
NTD2,-0.3910978463155133,0,95.2323840043962,217.56790230808258,Pyrimidine catabolism
NTD6,0.6015909792201272,0,169.23202767380477,42.097868497576,Nucleotide interconversion
NTD8,0.7057668463588381,0,111.54010815673172,19.239908344148596,Nucleotide interconversion
NTD9,-0.39668075742061615,0,48.722187314725666,112.7915980120033,Nucleotide interconversion
NTD10,0.37158840289263056,0,20.091243576717762,9.205072336053231,Nucleotide interconversion
NADS2,0.765926330980551,0,7.725151230452207,1.0239693811224875,NAD metabolism
GUAt,11.80219733174782,0,231.69068189225197,-274.58763605384826,"Transport, extracellular"
ADPRDP,0.49255426214156045,0,11.143217920481018,3.788524533548631,Nucleotide interconversion
ALCD1,0.3370712787375846,0,-85.24872134368168,-171.93947584693785,Miscellaneous
AICART,-1.072211842079776,0,-154.98562093256604,5.400894327573106,Purine synthesis
ALDD2x,-0.393114601167506,0,166.3833316425085,381.9354513191223,Glycolysis/gluconeogenesis
ARGSL,1.8312406209973475,0,13.416190488930518,-45.69611076720895,Alanine and aspartate metabolism
CSND,0.4135414074347807,0,75.12655936115831,31.168960481438972,Pyrimidine catabolism
CYTK1,-2.376856541031708,0,-496.9014113506317,202.60320512667596,Nucleotide interconversion
CYTK2,-1.050022184689586,0,-3.1633530011292557,129.64135554178245,Nucleotide interconversion
EX_csn[e],-0.4135414074347807,0,-75.12655936115831,-31.168960481438972,Exchange/demand reaction
EX_galt[e],1.4738217157720372,0,69.65520238587679,-363.6695966918945,Exchange/demand reaction
EX_glcur[e],2.4263098011071222,0,35.92209388809595,-86.29276912318542,Exchange/demand reaction
EX_glyc[e],1,0,NA,-391.3968888587952,Exchange/demand reaction
EX_hxan[e],2.8039298729735607,0,2.458115931344312,-5.183405831103447,Exchange/demand reaction
EX_malttr[e],1,0,NA,-81.91472363141477,Exchange/demand reaction
EX_spmd[e],-0.5186649901922037,0,55.96285692025484,176.56897965901905,Exchange/demand reaction
EX_trp_L[e],1,0,NA,-349.76525684366226,Exchange/demand reaction
GALK,0.5992950463188523,0,80.86553818948865,20.260940474494465,Galactose metabolism
GALT,0.828682409640158,0,216.26982594520152,20.260940474494465,Galactose metabolism
GND,-0.5998350566055536,0,32.45346935548331,129.74699268495888,Pentose phosphate pathway
HEX7,-0.47326544534965825,0,8.781058716710739,24.560436118538117,Fructose and mannose metabolism
HISD,-0.6416321932965595,0,15.212720764239126,69.687320364891,Histidine metabolism
HXPRT,-0.39167391133476653,0,33.652441568897615,76.98704010362626,Nucleotide salvage pathway
HYXNt,-2.8039298729735607,0,-2.458115931344312,5.183405831103447,"Transport, extracellular"
IMPC,1.072211842079776,0,154.98562093256604,-5.400894327573106,Purine synthesis
IZPN,-0.641632193296617,0,15.212720764236147,69.687320364891,Histidine metabolism
LCADi,-0.8099549363679793,0,8.939810581318381,85.14114485594891,Pyruvate metabolism
LGTHL,-0.5088524724449138,0,102.92535256090164,316.1965885522306,Pyruvate metabolism
NTD5_a,0.9515756876412215,0,861.8200032043457,21.384280044322253,Vitamin B2 metabolism
TMDS,0.37184156252632616,0,37.29644704708364,17.077830662362718,Nucleotide interconversion
r0392,-1.2304126858971118,0,-388.5379273837328,40.137893757259846,Miscellaneous
r0792,-2.719124658370675,0,-167.8555371161867,363.13577615978716,Folate metabolism
EX_34dhpha[e],0.4265723625728353,0,-272.8517010414548,-678.8000270324707,Exchange/demand reaction
EX_gam[e],-0.3851919444522439,0,-25.536682956519584,-11.334283639546973,Exchange/demand reaction
URCN,-0.641632193296617,0,15.212720764236147,69.687320364891,Histidine metabolism
PYRt2r,0.6423842722286869,0,-93.5647946510721,-429.705226128912,"Transport, extracellular"
EX_lcts[e],-1,0,NA,19.965642471650195,Exchange/demand reaction
EX_etoh[e],0.4328041664472668,0,-330.4233965156555,-834.6888168304444,Exchange/demand reaction
ETOHt,-0.4328041664472668,0,330.4233965156555,834.6888168304444,"Transport, extracellular"
EX_sucr[e],1,0,NA,-15.201278307111318,Exchange/demand reaction
EX_pheme[e],-0.5257056499673733,0,3.855967400801988,12.403840039606008,Exchange/demand reaction
GLNt4,-0.7802958154727241,0,20.932339437641527,169.6178722725302,"Transport, extracellular"
NADN,-1,0,NA,3.788524533548631,NAD metabolism
EX_gua[e],-11.80219733174782,0,-231.69068189225197,274.58763605384826,Exchange/demand reaction
AHC,-0.6884338118785875,0,27.242912468417032,147.63429505322128,Methionine and cysteine metabolism
ABUTt2r,-0.5594664479743733,0,5.694506136101224,20.158263124797042,"Transport, extracellular"
EX_taur[e],-1,0,NA,670.8873937698364,Exchange/demand reaction
VANILPYRc,-0.9469500073524979,0,5.56292702443874,204.16102379313708,Tyrosine metabolism
VANILLACc,-0.9469500073524979,0,5.56292702443874,204.16102379313708,Tyrosine metabolism
VANILLACte,-0.9469500073524979,0,5.56292702443874,204.16102379313708,"Transport, extracellular"
EX_vanillac[e],-0.9469500073524979,0,5.56292702443874,204.16102379313708,Exchange/demand reaction
2H3MVc,-0.6087165190048677,0,-802.147255303955,-195.1039643206852,"Valine, leucine, and isoleucine metabolism"
2H3MVte,-0.6087165190048677,0,-802.147255303955,-195.1039643206852,"Transport, extracellular"
EX_2h3mv[e],-0.6087165190048677,0,-802.147255303955,-195.1039643206852,Exchange/demand reaction
2HIVc,-0.6661057376826972,0,-802.9200200866699,-160.90838759099768,"Valine, leucine, and isoleucine metabolism"
2HIVte,-0.6661057376826972,0,-802.9200200866699,-160.90838759099768,"Transport, extracellular"
EX_2hiv[e],-0.6661057376826972,0,-802.9200200866699,-160.90838759099768,Exchange/demand reaction
3MGLUTACc,-1,0,NA,5.411268159774431,"Valine, leucine, and isoleucine metabolism"
3MGLUTACtm,-1,0,NA,5.411268159774431,"Transport, mitochondrial"
3MGLUTACte,-1,0,NA,5.411268159774431,"Transport, extracellular"
EX_3mglutac[e],-1,0,NA,5.411268159774431,Exchange/demand reaction
PPIOGLYc,-0.39411531431311997,0,35.08215885857949,80.7225798560408,"Glycine, serine, alanine, and threonine metabolism"
PPIOGLYtm,-0.39411531431311997,0,35.08215885857949,80.7225798560408,"Transport, mitochondrial"
PPIOGLYte,-0.39411531431311997,0,35.08215885857949,80.7225798560408,"Transport, extracellular"
EX_ppiogly[e],-0.39411531431311997,0,35.08215885857949,80.7225798560408,Exchange/demand reaction
TD2GLTRCOAm,0.5112050535097247,0,18.96366464160793,6.133743016691564,Lysine metabolism
3HGLUTCOAm,0.5112050535097247,0,18.96366464160793,6.133743016691564,Lysine metabolism
3OHGLUTACm,0.5112050535097247,0,18.96366464160793,6.133743016691564,Lysine metabolism
3OHGLUTACtm,0.5112050535097247,0,18.96366464160793,6.133743016691564,"Transport, mitochondrial"
3OHGLUTACOAT3t,0.5112050535097247,0,18.96366464160793,6.133743016691564,"Transport, extracellular"
EX_3ohglutac[e],0.5112050535097247,0,18.96366464160793,6.133743016691564,Exchange/demand reaction
3OHSEBCOAx,0.7545181988079869,0,11.879084979764176,1.6620512567647843,Fatty acid oxidation
3OHSEBACx,0.7545181988079869,0,11.879084979764176,1.6620512567647843,Fatty acid oxidation
3OHSEBACtxc,0.7545181988079869,0,11.879084979764176,1.6620512567647843,"Transport, peroxisomal"
3OHSEBACte,0.7545181988079869,0,11.879084979764176,1.6620512567647843,"Transport, extracellular"
EX_3ohsebac[e],0.7545181988079869,0,11.879084979764176,1.6620512567647843,Exchange/demand reaction
HEXGLYc,-0.6755357467078406,0,23.67068268591496,122.23557629788145,"Glycine, serine, alanine, and threonine metabolism"
HEXGLYte,-0.6755357467078406,0,23.67068268591496,122.23557629788145,"Transport, extracellular"
EX_hexgly[e],-0.6755357467078406,0,23.67068268591496,122.23557629788145,Exchange/demand reaction
CE2510ABCt,0.4289110633092356,0,3.4077876875314908,1.3619810895949824,"Transport, extracellular"
NRVNCABCt,0.6928936010304125,0,24.55649154802196,4.4547724003740585,"Transport, extracellular"
PAFABCt,0.7163631258878067,0,10.95394392707867,1.8101894452374334,"Transport, extracellular"
PAILPALM_HSSECt,-0.5137571659984855,0,21.207257824427913,66.02182337314449,"Transport, extracellular"
PCHOLAR_HSABCt,0.35136699260115434,0,2.865272206199263,1.3752815765804918,"Transport, extracellular"
PCHOLET_HSABCt,-0.3304726210973028,0,1.8444571173870037,3.665271612183172,"Transport, extracellular"
PCHOLN224_HSABCt,0.379284957633605,0,2.8368686916790162,1.2766666238168347,"Transport, extracellular"
PCHOLOLE_HSABCt,0.3400337484459591,0,2.8670370609467244,1.4120149618424556,"Transport, extracellular"
PE14_HSABCt,-0.827919241650881,0,1.5761557344236774,16.74263539068236,"Transport, extracellular"
PE161_HSABCt,0.5380328569248587,0,5.168301080078886,1.5523629900143656,"Transport, extracellular"
SPHMYLN180241_hs_SECt,-0.33722152656015597,0,3.311315881583985,6.680909316673095,"Transport, extracellular"
SPHMYLN18114_hs_SECt,0.9188355847535751,0,163.487977029109,6.915342909430503,"Transport, extracellular"
SPHMYLN18120_hs_SECt,0.40989111975365017,0,5.63244018546594,2.357453653215865,"Transport, extracellular"
SPHMYLN1824_hs_SECt,0.58521638731707315,0,15.58288715363784,4.077377878079839,"Transport, extracellular"
AK2LGCHOLt1,0.7631463943562129,0,14.237216519794904,1.9125672592127563,"Transport, extracellular"
APRGSTRNt1e,1.070047870583796,0,22.567451970196796,-666.9111495619774,"Transport, extracellular"
PAFt1,-1,0,NA,1.8101894452374334,"Transport, extracellular"
MMAt2e,0.3895443319850183,0,541.2905070007324,237.8001553712666,"Transport, extracellular"
SAMHISTAe,-0.5961362094799701,0,58.194389248434874,229.99380991396905,"Transport, extracellular"
MHISTAte,-0.9294898772491968,0,3.8296485771977604,104.79726704263463,"Transport, extracellular"
CE4890te2,0.8021766189904248,0,-27.847234477664113,-253.68909692611695,"Transport, extracellular"
MLTHFte,0.4403174514906418,0,467.22354485492707,181.55502041397094,"Transport, extracellular"
TRYPTAte,-1,0,NA,273.2700749545574,"Transport, extracellular"
CE4890te,-0.8021766189904248,0,27.847234477664113,253.68909692611695,"Transport, extracellular"
CE7096te,0.49974534441720453,0,12.061237817582306,4.023143257485153,"Transport, extracellular"
CE4877te,-0.45370144111682686,0,12.927814469053297,34.400937396894534,"Transport, extracellular"
CE1447te,0.47501637526709517,0,11.18903412165636,3.982369137687463,"Transport, extracellular"
MMAte,0.41457522080801107,0,574.6019288024902,237.8001553712666,"Transport, extracellular"
PTRCARGte,-0.4287301340042843,0,187.7403952750128,469.5335358390808,"Transport, extracellular"
MLTHFte2,-0.4102935629352146,0,-430.933100545311,-180.19228763049395,"Transport, extracellular"
13DAMPPte,0.3544328714206353,0,-3.7980257187632613,-7.968452314655814,"Transport, extracellular"
MLTHFte1,0.7581110614903739,0,36.29044420040997,4.993004832265003,"Transport, extracellular"
CE1918te,0.3900016334407915,0,-215.20670578103065,-490.39094030755757,"Transport, extracellular"
34DHPHAte,0.4265723625728353,0,-272.8517010414548,-678.8000270324707,"Transport, extracellular"
34DHOXMANDte,-0.5707002389936388,0,-308.8171278572083,-84.40510537434723,"Transport, extracellular"
CE6205te,-0.389331083882128,0,172.6389896795392,392.7704658304453,"Transport, extracellular"
CE7081tr,0.5191956620654988,0,14.798247389087093,4.683439872930746,"Transport, endoplasmic reticular"
CE7081tm,-1,0,NA,4.683439872932237,"Transport, extracellular"
EX_CE7081[e],-1,0,NA,4.683439872932237,Exchange/demand reaction
EGMEtr,0.5043290901916649,0,341.9839595105469,112.68245854957998,"Transport, endoplasmic reticular"
18HARACHDtr,0.3938824525405263,0,4.5814550044390305,1.9922054876473028,"Transport, endoplasmic reticular"
18HARACHDte,0.3938824525405263,0,4.5814550044390305,1.9922054876473028,"Transport, extracellular"
EX_18harachd[e],0.3938824525405263,0,4.5814550044390305,1.9922054876473028,Exchange/demand reaction
EX_34dhoxmand[e],-0.5707002389936388,0,-308.8171278572083,-84.40510537434723,Exchange/demand reaction
EX_CE7096[e],0.49974534441720453,0,12.061237817582306,4.023143257485153,Exchange/demand reaction
EX_CE4877[e],-0.45370144111682686,0,12.927814469053297,34.400937396894534,Exchange/demand reaction
EX_CE1447[e],0.47501637526709517,0,11.18903412165636,3.982369137687463,Exchange/demand reaction
EX_CE6205[e],-0.389331083882128,0,172.6389896795392,392.7704658304453,Exchange/demand reaction
EX_trypta[e],-1,0,NA,273.2700749545574,Exchange/demand reaction
EX_mhista[e],-0.6873907492695653,0,62.02403783642445,334.79107682509425,Exchange/demand reaction
PPBNGte,1.707621778601694,0,54.71015717824958,-209.34122940545083,"Transport, extracellular"
EX_ppbng[e],1.707621778601694,0,54.71015717824958,-209.34122940545083,Exchange/demand reaction
EX_13dampp[e],0.3544328714173324,0,-3.79802571879195,-7.968452314655803,Exchange/demand reaction
12PPDRte,1,0,NA,-838.6086585083008,"Transport, extracellular"
EX_12ppd_R[e],1,0,NA,-838.6086585083008,Exchange/demand reaction
XYLULte,1,0,NA,-371.5127966516018,"Transport, extracellular"
EX_xylu_L[e],1,0,NA,-371.5127966516018,Exchange/demand reaction
SPHGNSte,-0.38433050855900214,0,154.13410933324982,346.5699582744956,"Transport, extracellular"
EX_sphings[e],-0.38111497455929444,0,157.28877904352248,351.0084735245705,Exchange/demand reaction
EX_CE1918[e],-0.3900016334407915,0,215.20670578103065,490.39094030755757,Exchange/demand reaction
FDPte,1,0,NA,-297.7677988231197,"Transport, extracellular"
EX_fdp[e],1,0,NA,-297.7677988231197,Exchange/demand reaction
COKEtr,0.5043290901916649,0,341.9839595105469,112.68245854957998,"Transport, endoplasmic reticular"
UDPG4DOPA,0.48597421806164404,0,5.968744767233293,2.064698471128042,Tyrosine metabolism
DOPA4GLCURt,0.48597421806162705,0,5.968744767233293,2.0646984711281338,"Transport, extracellular"
EX_dopa4glcur[e],0.48597421806162705,0,5.968744767233293,2.0646984711281338,Exchange/demand reaction
NADPQNOXR,-0.8056599163991176,0,5.259514577459166,48.867400261794124,Tyrosine metabolism
ACER12r,-0.4531518102453653,0,6.361095038972228,16.903478779316856,Exchange/demand reaction
ACER21g,-0.4165332055829415,0,14.029439629401965,34.060493726338606,Exchange/demand reaction
ACER22g,-0.40215916501521126,0,15.390500232842738,36.09644857430701,Sphingolipid metabolism
BGAL1l,0.527393605261741,0,3.984556138028419,1.2329020525806842,Sphingolipid metabolism
BGAL2l,-0.39874317000802356,0,32.60873975039832,75.85984845951349,Sphingolipid metabolism
BGAL3l,0.674899781853854,0,17.948441787839222,3.48381581025191,Sphingolipid metabolism
CRMte,-1,0,NA,33.96249958247347,Sphingolipid metabolism
EX_gluside_hs[e],-0.43624650627568684,0,-337.4875461920738,-132.4701452173328,Exchange/demand reaction
GA1tl,-0.39874317000802356,0,32.60873975039832,75.85984845951349,"Transport, extracellular"
GD3tl,-0.3401513035009911,0,111.52410600875318,226.50522283730507,"Transport, extracellular"
HEXA2l,0.6748997818538555,0,17.948441787839222,3.4838158102518926,Sphingolipid metabolism
HEXA3e,0.5549751752541303,0,43.239858559463826,12.374995294903487,Sphingolipid metabolism
HEXAHBl,-0.39874317000802356,0,32.60873975039832,75.85984845951349,Sphingolipid metabolism
NEU24,0.4251597537626446,0,16.64989380081494,6.715758726007567,Sphingolipid metabolism
NEU31e,0.5549751752541303,0,43.239858559463826,12.374995294903487,Sphingolipid metabolism
SMS1S2,-0.7552159086379414,0,8.311287585550069,59.59580179516375,Sphingolipid metabolism
SMS21e,0.8494457133967631,0,109.11963991133962,8.882893627129368,Sphingolipid metabolism
SPHK21n,-0.40773605853842454,0,12.359950334201159,29.378029876782325,Sphingolipid metabolism
TETTET6COAtm,-1.2190645718059954,0,-19.721231670803544,199.77071669906974,"Transport, mitochondrial"
TETPENT6COAtm,-0.3919312753473113,0,93.01580293963104,212.92265160844326,"Transport, mitochondrial"
TETPENT3COAtm,-1.3328690254587559,0,-25.745845029000193,180.4363873137176,"Transport, mitochondrial"
THCRMtl,-1,0,NA,10.497121850757836,"Transport, lysosomal"
DAG_HStg,-0.7552159086379414,0,8.311287585550069,59.59580179516375,"Transport, golgi apparatus"
SPHGNtg,0.4021591650152118,0,-15.390500232842738,-36.09644857430706,"Transport, golgi apparatus"
SPHINGStn,-0.40773605853842454,0,12.359950334201159,29.378029876782325,"Transport, nuclear"
SPHINGStg,0.4165332055829415,0,-14.029439629401965,-34.060493726338606,"Transport, golgi apparatus"
DHCRMtg,-0.40215916501521126,0,15.390500232842738,36.09644857430701,"Transport, golgi apparatus"
DHCRMter,-0.4531518102453653,0,6.361095038972228,16.903478779316856,"Transport, endoplasmic reticular"
sink_34dhpac[c],-1,0,NA,390.2043819665462,Exchange/demand reaction
DM_sphs1p[n],-0.40773605853842454,0,12.359950334201159,29.378029876782325,Exchange/demand reaction
Rtotaltg,0.3843847078590436,0,-32.47577181062731,-73.03093741254574,"Transport, golgi apparatus"
GD1Btl,0.674899781853854,0,17.948441787839222,3.48381581025191,"Transport, lysosomal"
CATr,0.8868493818452541,0,264.9540448348999,15.888768994560838,ROS detoxification
DM_15HPET[r],-0.5808303042892795,0,3.911687922006282,14.752294527268084,Exchange/demand reaction
EX_galgluside_hs[e],0.42969473045628076,0,-64.35184813586471,-161.3232475452617,Miscellaneous
EX_ga1_hs[e],0.39874317000802356,0,-32.60873975039832,-75.85984845951349,Miscellaneous
EX_gm2_hs[e],-0.46374838379911,0,-58.883129274417456,-21.57213192503578,Miscellaneous
HMR_0170,0.38531490120013956,0,3.0051607389643977,1.3334351086092298,"Transport, extracellular"
HMR_0171,0.38531490120013956,0,3.0051607389643977,1.3334351086092298,Fatty acid synthesis
HMR_0172,0.38531490120013956,0,3.0051607389643977,1.3334351086092298,"Transport, mitochondrial"
HMR_0197,-0.6124218359998616,0,33.09401928023863,137.6793748587914,Fatty acid oxidation
HMR_0201,0.7118329465362367,0,7.224555006559803,1.2161693306813266,Fatty acid oxidation
HMR_0204,0.3426051603530787,0,2.1202819431014737,1.0381774546620226,Fatty acid synthesis
HMR_0230,0.5499105133586667,0,74.79598156778906,21.720534609271585,Fatty acid oxidation
HMR_0241,0.3926994049520152,0,3.392361258072858,1.4792732755682907,Fatty acid synthesis
HMR_0242,0.3926994049520152,0,3.392361258072858,1.4792732755682907,Fatty acid oxidation
HMR_0244,-0.45280540483914533,0,3.1111518016510264,8.260129381184722,"Transport, extracellular"
HMR_0245,0.46227423451631955,0,3.997081902713257,1.469856935931305,Fatty acid synthesis
HMR_0246,0.46227423451631955,0,3.997081902713257,1.469856935931305,Fatty acid oxidation
HMR_0247,-0.45280540483914533,0,3.1111518016510264,8.260129381184722,"Transport, extracellular"
HMR_0254,-0.36986508601797907,0,3.852573528040596,8.375200056809577,"Transport, extracellular"
HMR_0255,0.5272680341262878,0,2.9568573773662954,0.9152296581720873,Fatty acid synthesis
HMR_0256,0.5272680341262878,0,2.9568573773662954,0.9152296581720873,Fatty acid oxidation
HMR_0257,-0.36986508601797907,0,3.852573528040596,8.375200056809577,"Transport, extracellular"
HMR_0268,0.7953249204457419,0,85.22519717887045,9.716054076875274,Fatty acid oxidation
HMR_0276,-0.9501368553815855,0,8.025449840681032,313.87361617679596,Fatty acid oxidation
HMR_0279,0.39267857828430736,0,14.562205160697783,6.350308879171353,Fatty acid synthesis
HMR_0280,0.5832444869388362,0,8.68875279937922,2.287129789896308,Fatty acid oxidation
HMR_0289,0.41815860861812093,0,3.9430705818473872,1.617760989297656,Fatty acid synthesis
HMR_0290,0.41815860861812093,0,3.9430705818473872,1.617760989297656,Fatty acid oxidation
HMR_0292,0.9548721194397252,0,323.5681234963417,7.469513471009129,"Transport, extracellular"
HMR_0296,-0.33696111271939355,0,3.8556185668736043,7.774524523789063,"Transport, extracellular"
HMR_0299,-0.4147724217790291,0,3.8556185668736043,9.32085742420758,"Transport, extracellular"
HMR_0300,-0.4882643254624261,0,2.5926980552446066,7.540259970742065,"Transport, extracellular"
HMR_0303,-0.4882643254624261,0,2.5926980552446066,7.540259970742065,"Transport, extracellular"
HMR_0308,-0.4033622905467731,0,6.421217428223535,15.103461037400411,"Transport, extracellular"
HMR_0310,0.43399059961858266,0,4.163203774742319,1.643255173942088,Fatty acid oxidation
HMR_0311,-0.47439786414682816,0,2.889890855232949,8.106605003909626,"Transport, extracellular"
HMR_0327,0.46670994557202133,0,4.391568954059078,1.5967574595132428,Fatty acid synthesis
HMR_0328,0.46670994557202133,0,4.391568954059078,1.5967574595132428,Fatty acid oxidation
HMR_0350,0.8295426925562553,0,22.435456304506026,2.09029692966309,Fatty acid oxidation
HMR_0359,-0.413196439960949,0,2.2216038428919274,5.350278791031025,"Transport, extracellular"
HMR_0363,-0.5171492959345412,0,2.4979725866715525,7.848797400984544,"Transport, extracellular"
HMR_0370,0.3491354463137337,0,3.3709145403520244,1.6262331508785826,Fatty acid oxidation
HMR_0375,-0.3956155518085051,0,4.62636900211647,10.682989191860877,"Transport, extracellular"
HMR_0378,-0.8548644525638599,0,5.980179933864358,76.4280245274948,Fatty acid oxidation
HMR_0384,-0.38947559010379884,0,1.9665526784897946,4.475622758276574,"Transport, extracellular"
HMR_0385,0.3544031931530686,0,2.960847714946523,1.4113329324626582,Fatty acid synthesis
HMR_0386,0.3544031931530686,0,2.960847714946523,1.4113329324626582,Fatty acid oxidation
HMR_0387,-0.38947559010379884,0,1.9665526784897946,4.475622758276574,"Transport, extracellular"
HMR_0388,-0.5025079164047846,0,5.0131993531704095,15.140686581824289,"Transport, extracellular"
HMR_0390,0.3622548371055156,0,5.328592977713142,2.4946025545342616,Fatty acid oxidation
HMR_0391,-0.40115093212293723,0,6.0968220010140035,14.264976415496564,"Transport, extracellular"
HMR_0410,-0.6636631818719155,0,10.759752243731217,53.222254267572985,Fatty acid oxidation
HMR_0426,0.4108280562784588,0,3.281750374635015,1.3704825605275495,Fatty acid oxidation
HMR_0430,0.4710489374140407,0,2.8232188238637685,1.0151563002523734,Fatty acid oxidation
HMR_0432,0.413857933667893,0,6.02649066662321,2.49839789978179,"Transport, extracellular"
HMR_0435,0.413857933667893,0,6.02649066662321,2.49839789978179,"Transport, extracellular"
HMR_0597,0.4035177587998518,0,5.202284757149154,2.210923553941442,Glycerophospholipid metabolism
HMR_0625,0.4035177587998518,0,5.202284757149154,2.210923553941442,Glycerophospholipid metabolism
HMR_0629,0.4035177587998518,0,5.202284757149154,2.210923553941442,Glycerophospholipid metabolism
HMR_0641,0.33078277754729263,0,13.479666169598467,6.778585435433946,Glycerophospholipid metabolism
HMR_0795,0.48466424565489424,0,19.307353137936328,6.70169664479046,Sphingolipid metabolism
HMR_0803,0.5514955301128401,0,20.760253795534187,6.001349306247609,Glycosphingolipid metabolism
HMR_0805,-0.5163541878428222,0,11.728794375804224,36.772791210106064,Glycosphingolipid metabolism
HMR_0808,0.6647503768136476,0,26.83843179765819,5.404758738844073,Glycosphingolipid metabolism
HMR_0810,0.44406281856040525,0,21.109540313242476,8.126778276120142,Glycosphingolipid metabolism
HMR_0811,0.44406281856040525,0,21.109540313242476,8.126778276120142,Glycosphingolipid metabolism
HMR_0816,0.8261448551102748,0,50.822257320813925,4.838450183952932,Glycosphingolipid metabolism
HMR_0819,0.8394365951078435,0,60.62193502166569,5.291655240586883,Glycosphingolipid metabolism
HMR_0821,0.5610518591763123,0,12.061443936672225,3.3915262715519088,Glycosphingolipid metabolism
HMR_0829,0.47328148852344076,0,5.749536484781648,2.0555388244099118,Glycosphingolipid metabolism
HMR_0830,0.6728197165535744,0,32.591878229373854,6.374518336684379,Glycosphingolipid metabolism
HMR_0831,-1.0675760625362314,0,-37.72221517051067,1.2329020525806842,"Transport, lysosomal"
HMR_0835,0.6075674161956268,0,7.681757058241668,1.8752381642925837,Glycosphingolipid metabolism
HMR_0836,0.6075674161956268,0,7.681757058241668,1.8752381642925837,Glycosphingolipid metabolism
HMR_0842,-1,0,NA,7.010579155566555,Glycosphingolipid metabolism
HMR_0843,0.5197489829475896,0,22.184899486393228,7.010579155566555,Glycosphingolipid metabolism
HMR_0844,0.34895266388963986,0,5.29057039863223,2.5533970588723585,Glycosphingolipid metabolism
HMR_0954,-0.37208423342254665,0,2.563862647940801,5.602400358689878,Arachidonic acid metabolism
HMR_0986,-0.5808303042892795,0,3.911687922006282,14.752294527268084,Arachidonic acid metabolism
HMR_1084,0.6271160760332557,0,755.2894407897949,173.08862874672414,Leukotriene metabolism
HMR_1095,-0.33938219724942076,0,-425.0107910484314,-209.62627060766818,"Transport, nuclear"
HMR_1135,-0.7020273507805412,0,-332.4328272476196,-58.19876524138194,"Transport, peroxisomal"
HMR_1242,0.7020273507805412,0,332.4328272476196,58.19876524138194,"Transport, peroxisomal"
HMR_1306,-1,0,NA,529.0052853942871,"Transport, endoplasmic reticular"
HMR_1307,-0.9780713891550666,0,5.994691558464867,540.751438495636,Eicosanoid metabolism
HMR_1317,1,0,NA,-3.982369137687463,Eicosanoid metabolism
HMR_1321,1.0244587321283227,0,9.164287076520326,-758.5315910266876,Eicosanoid metabolism
HMR_1329,1.0342223324937436,0,3.4597022410065863,-205.64944144940674,Eicosanoid metabolism
HMR_1332,0.4537014411168258,0,-12.927814469053297,-34.40093739689444,Eicosanoid metabolism
HMR_1536,-0.4359031168730633,0,0.516297548299528,1.3142303760440903,Cholesterol metabolism
HMR_1538,-0.4359031168730633,0,0.516297548299528,1.3142303760440903,Cholesterol metabolism
HMR_1539,-0.4359031168730633,0,0.516297548299528,1.3142303760440903,Cholesterol metabolism
HMR_1540,-0.4359031168730633,0,0.516297548299528,1.3142303760440903,Cholesterol metabolism
HMR_1557,-0.3817475098857258,0,5.4095352588797105,12.089901768474094,Cholesterol metabolism
HMR_1629,9.94769097144264,0,5.589319997713977,-4.568224314196078,"Transport, peroxisomal"
HMR_1631,-18.375749631348164,0,-2.7127833568140423,2.432764941172976,"Transport, endoplasmic reticular"
HMR_1665,-0.85339649527494,0,40.88881419336423,516.9261475982667,"Transport, peroxisomal"
HMR_1766,0.9166301947716887,0,166.15792478179932,7.227556919423968,Bile acid synthesis
HMR_1767,0.47686515482920394,0,5.578731104900237,1.9760968855338723,Bile acid synthesis
HMR_1768,0.47686515482920394,0,5.578731104900237,1.9760968855338723,Bile acid synthesis
HMR_1769,0.936664785210621,0,160.57919361553192,5.251460033770851,Bile acid synthesis
HMR_1770,0.47686515482920394,0,5.578731104900237,1.9760968855338723,Bile acid synthesis
HMR_1771,0.936664785210621,0,160.57919361553192,5.251460033770851,Bile acid synthesis
HMR_1781,-0.4125841672909523,0,6.956262225147891,16.72802354926497,Bile acid synthesis
HMR_1783,-0.4125841672909523,0,6.956262225147891,16.72802354926497,Bile acid synthesis
HMR_1834,0.3732008933814531,0,5.206234331420885,2.3763915706068044,Bile acid synthesis
HMR_1847,-0.9784485152616422,0,2.441329368371468,224.11655265321733,Bile acid synthesis
HMR_1916,0.6525215902957693,0,76.88204241499808,16.166112436930593,"Transport, golgi apparatus"
HMR_1976,-0.5998296494781581,0,57.42139411481991,229.56335645422936,Androgen and estrogen synthesis and metabolism
HMR_1989,0.5198485412809023,0,3.5243066999362447,1.1134010771374094,Steroid metabolism
HMR_1990,-0.4272347346924465,0,4.4719994529746545,11.143470701533957,Steroid metabolism
HMR_1996,-0.9326884079104403,0,4.683964544042841,134.48863258635103,Steroid metabolism
HMR_2018,0.4614735385036604,0,102.20686610572338,37.6613742872824,Androgen and estrogen synthesis and metabolism
HMR_2041,-0.371698629893707,0,335.6451683652401,732.7757657112121,Steroid metabolism
HMR_2211,-0.37621723583242567,0,3.8907439974573803,8.583932190973382,Fatty acid synthesis
HMR_2295,0.40574094625055057,0,16.000064176840947,6.763823037964839,Fatty acid synthesis
HMR_2347,-0.36908115009298387,0,1.960492376248425,4.254228824544226,Fatty acid synthesis
HMR_2348,-0.36908115009298387,0,1.960492376248425,4.254228824544226,Fatty acid synthesis
HMR_2349,-0.36908115009298387,0,1.960492376248425,4.254228824544226,Fatty acid synthesis
HMR_2350,-0.36908115009298387,0,1.960492376248425,4.254228824544226,Fatty acid synthesis
HMR_2365,0.39962797506743075,0,2.798213727910738,1.2002969874469294,Fatty acid synthesis
HMR_2374,0.35635112115005896,0,51.870290485193024,24.614757783446834,Fatty acid synthesis
HMR_2376,0.35635112115005896,0,51.870290485193024,24.614757783446834,Fatty acid synthesis
HMR_2380,0.39226172468847487,0,15.958451991915213,6.966048062822688,Fatty acid synthesis
HMR_2395,0.49436502746179267,0,6.109458539401764,2.0672030220358653,Fatty acid synthesis
HMR_2484,0.5093552935222148,0,7.251615189889662,2.3572757332903582,Fatty acid synthesis
HMR_2530,-0.5607338701829035,0,2.6279052112636156,9.33707470812072,Fatty acid synthesis
HMR_2533,-0.5607338701829035,0,2.6279052112636156,9.33707470812072,Fatty acid synthesis
HMR_2535,-0.5607338701829035,0,2.6279052112636156,9.33707470812072,Fatty acid synthesis
HMR_2537,-0.5607338701829035,0,2.6279052112636156,9.33707470812072,Fatty acid synthesis
HMR_2571,-0.5191956620654988,0,-14.798247389087093,-4.683439872930746,Fatty acid synthesis
HMR_2602,0.666276754453165,0,71.14888131289035,14.249755045377556,Fatty acid oxidation
HMR_2603,0.666276754453165,0,71.14888131289035,14.249755045377556,"Transport, mitochondrial"
HMR_2604,-0.666276754453165,0,-71.14888131289035,-14.249755045377556,"Transport, mitochondrial"
HMR_2608,-7.5100749893725185,0,-53.52802484877538,69.97269712556424,Fatty acid oxidation
HMR_2609,-7.5100749893725185,0,-53.52802484877538,69.97269712556424,"Transport, mitochondrial"
HMR_2610,7.5100749893725185,0,53.52802484877538,-69.97269712556424,"Transport, mitochondrial"
HMR_2612,2.253039654543901,0,88.34561948716994,-34.02988474734451,"Transport, mitochondrial"
HMR_2624,-0.9873740958088703,0,1.0603868637342349,166.90966069598198,"Transport, mitochondrial"
HMR_2635,1.2663830575160926,0,32.06525472288118,-3.768842413812815,"Transport, mitochondrial"
HMR_2644,0.9354905682376484,0,-2.243668424081927,-67.31727368272361,"Transport, mitochondrial"
HMR_2655,-1.1120720663453485,0,-8.188165236187364,154.31137868628372,"Transport, mitochondrial"
HMR_2660,-4.273580821789037,0,-1.6257906731430702,1.0092112641670157,Fatty acid oxidation
HMR_2661,-4.273580821765086,0,-1.6257906731475813,1.0092112641670157,"Transport, mitochondrial"
HMR_2662,4.273580821765086,0,1.6257906731475813,-1.0092112641670157,"Transport, mitochondrial"
HMR_2666,-1.0450412180205169,0,-65.80697991950177,1.4493725132322985,Fatty acid oxidation
HMR_2667,-0.9631184936604111,0,-323.3500406322479,-6.074842966431531,"Transport, mitochondrial"
HMR_2673,-1.5166290251379497,0,-141.0947538364053,28.96479552546898,"Transport, mitochondrial"
HMR_2679,-1.0075820297540041,0,-2.4933472102280154,660.1924834899902,"Transport, mitochondrial"
HMR_2684,1.0180183037066903,0,322.9795586210251,-2.883791374734886,Fatty acid oxidation
HMR_2685,-1.0180183037066919,0,-322.9795586210251,2.8837913747351247,"Transport, mitochondrial"
HMR_2686,-1.0180183037066919,0,-322.9795586210251,2.8837913747351247,"Transport, mitochondrial"
HMR_2693,0.39962797506743075,0,2.798213727910738,1.2002969874469294,Fatty acid oxidation
HMR_2695,0.39962797506743075,0,2.798213727910738,1.2002969874469294,"Transport, mitochondrial"
HMR_2697,-0.39962797506743075,0,-2.798213727910738,-1.2002969874469294,"Transport, mitochondrial"
HMR_2703,0.3690099179522496,0,-32.42997329203964,-70.3607811578393,"Transport, mitochondrial"
HMR_2704,-0.3690099179522496,0,32.42997329203964,70.3607811578393,"Transport, mitochondrial"
HMR_2705,-0.5067620991275426,0,3.4467643775613337,10.529308310545437,Fatty acid oxidation
HMR_2706,0.5067620991275426,0,-3.4467643775613337,-10.529308310545437,"Transport, mitochondrial"
HMR_2707,0.5067620991275426,0,-3.4467643775613337,-10.529308310545437,"Transport, mitochondrial"
HMR_2711,-1.5714998410354544,0,-39.35731464295681,177.09073753122388,Fatty acid oxidation
HMR_2712,-1.8233969267529693,0,-50.83387490264513,174.3074348614037,"Transport, mitochondrial"
HMR_2713,1.8233969267529693,0,50.83387490264513,-174.3074348614037,"Transport, mitochondrial"
HMR_2715,-0.9402208005898954,0,-439.2104278204322,-13.53229887015555,"Transport, mitochondrial"
HMR_2727,-1.0088929413786525,0,-563.3287818817139,2.4937365904346382,"Transport, mitochondrial"
HMR_2731,-0.8821146697108461,0,-282.1023900513649,-17.669344998875168,"Transport, mitochondrial"
HMR_2733,-0.6463708890464496,0,1.5649495469271928,7.285846377126417,Fatty acid oxidation
HMR_2734,-0.6463708890464496,0,1.5649495469271928,7.285846377126417,"Transport, mitochondrial"
HMR_2735,0.6463708890464496,0,-1.5649495469271928,-7.285846377126417,"Transport, mitochondrial"
HMR_2748,1.3364977552489772,0,7.2891847339897655,-50.61300856512612,"Transport, mitochondrial"
HMR_2753,-10.293939969746196,0,-29.547493184874977,24.315042283944788,"Transport, mitochondrial"
HMR_2757,0.7126203769175136,0,-4.232906191955713,-25.225732152355462,"Transport, mitochondrial"
HMR_2764,0.5414548654963068,0,34.56611923696489,10.282575344612146,"Transport, mitochondrial"
HMR_2817,0.44579654707073657,0,42.36748822734356,16.24032670094967,"Transport, endoplasmic reticular"
HMR_2819,-0.44579654707073657,0,-42.36748822734356,-16.24032670094967,"Transport, endoplasmic reticular"
HMR_2821,0.5494627157240853,0,-74.3711782711938,-255.77321095830203,"Transport, endoplasmic reticular"
HMR_2827,-0.5494627157240853,0,74.3711782711938,255.77321095830203,"Transport, endoplasmic reticular"
HMR_2857,0.6096312343119825,0,11.476560262519763,2.783302515833045,"Transport, endoplasmic reticular"
HMR_2859,-0.6096312343131288,0,-11.476560262561687,-2.7833025158330567,"Transport, endoplasmic reticular"
HMR_2884,0.7041801284712877,0,273.11096567427813,47.40792914380513,"Transport, endoplasmic reticular"
HMR_2886,-0.7041801284713035,0,-273.11096567427813,-47.40792914380214,"Transport, endoplasmic reticular"
HMR_2945,-0.4775220663200544,0,1.2939340588386803,3.659132761515519,Fatty acid synthesis
HMR_2978,0.46981525457541695,0,4.0177076861036385,1.44924834608726,Fatty acid synthesis
HMR_3074,0.36025033861894096,0,17.2551895085208,8.115419148764968,Fatty acid oxidation
HMR_3075,0.36025033861894096,0,17.2551895085208,8.115419148764968,Fatty acid oxidation
HMR_3076,0.36025033861894096,0,17.2551895085208,8.115419148764968,Fatty acid oxidation
HMR_3098,0.5051913492748957,0,11.44501742337176,3.7623745522534415,Fatty acid oxidation
HMR_3099,0.6198178356700822,0,11.152069328318467,2.6174658413015246,Fatty acid oxidation
HMR_3100,0.6198178356700822,0,11.152069328318467,2.6174658413015246,Fatty acid oxidation
HMR_3101,0.6198178356700822,0,11.152069328318467,2.6174658413015246,Fatty acid oxidation
HMR_3107,-0.3690099179522496,0,32.42997329203964,70.3607811578393,Fatty acid oxidation
HMR_3108,-0.3690099179522496,0,32.42997329203964,70.3607811578393,Fatty acid oxidation
HMR_3109,-0.3690099179522496,0,32.42997329203964,70.3607811578393,Fatty acid oxidation
HMR_3110,-0.3690099179522496,0,32.42997329203964,70.3607811578393,Fatty acid oxidation
HMR_3121,0.4184241278940493,0,23.36918917225542,9.581729685776029,Fatty acid oxidation
HMR_3142,0.7328922321447017,0,26.974440138637956,4.1578364545270246,Fatty acid oxidation
HMR_3182,-0.5017120626694801,0,1.999603231017801,6.026291362097513,Fatty acid oxidation
HMR_3183,-0.5017120626694801,0,1.999603231017801,6.026291362097513,Fatty acid oxidation
HMR_3184,-0.5017120626694801,0,1.999603231017801,6.026291362097513,Fatty acid oxidation
HMR_3185,-0.5017120626694801,0,1.999603231017801,6.026291362097513,Fatty acid oxidation
HMR_3186,-0.5017120626694801,0,1.999603231017801,6.026291362097513,Fatty acid oxidation
HMR_3187,-0.5017120626694801,0,1.999603231017801,6.026291362097513,Fatty acid oxidation
HMR_3188,-0.5017120626694801,0,1.999603231017801,6.026291362097513,Fatty acid oxidation
HMR_3189,-0.5017120626694801,0,1.999603231017801,6.026291362097513,Fatty acid oxidation
HMR_3218,-0.5067620991275426,0,3.4467643775613337,10.529308310545437,Fatty acid oxidation
HMR_3219,-0.5067620991275426,0,3.4467643775613337,10.529308310545437,Fatty acid oxidation
HMR_3220,-0.5067620991275426,0,3.4467643775613337,10.529308310545437,Fatty acid oxidation
HMR_3221,-0.5067620991275426,0,3.4467643775613337,10.529308310545437,Fatty acid oxidation
HMR_3222,0.954228306461014,0,326.4263229856491,7.645516938506823,Fatty acid oxidation
HMR_3223,0.954228306461014,0,326.4263229856491,7.645516938506823,Fatty acid oxidation
HMR_3224,0.954228306461014,0,326.4263229856491,7.645516938506823,Fatty acid oxidation
HMR_3225,0.954228306461014,0,326.4263229856491,7.645516938506823,Fatty acid oxidation
HMR_3229,0.5729456769456334,0,41.4165710890125,11.244587774955065,Fatty acid oxidation
HMR_3414,0.39962797506743075,0,2.798213727910738,1.2002969874469294,Fatty acid oxidation
HMR_3431,-0.6463708890464496,0,1.5649495469271928,7.285846377126417,Fatty acid oxidation
HMR_3446,-0.5820529337299254,0,9.457796382013289,35.8005492090608,Fatty acid synthesis
HMR_3447,-0.5820529337299254,0,9.457796382013289,35.8005492090608,Fatty acid synthesis
HMR_3448,0.5693398811821254,0,10.220224891924984,2.804646284134683,Fatty acid synthesis
HMR_3452,-0.361583583700326,0,8.001339445024321,17.06486888151243,Fatty acid synthesis
HMR_3453,-0.361583583700326,0,8.001339445024321,17.06486888151243,Fatty acid synthesis
HMR_3454,-0.361583583700326,0,8.001339445024321,17.06486888151243,Fatty acid synthesis
HMR_3455,0.361583583700326,0,-8.001339445024321,-17.06486888151243,Fatty acid synthesis
HMR_3456,-0.361583583700326,0,8.001339445024321,17.06486888151243,Fatty acid synthesis
HMR_3457,-0.361583583700326,0,8.001339445024321,17.06486888151243,Fatty acid synthesis
HMR_3475,0.5373414306645187,0,224.94737388801724,67.69727797800749,Fatty acid oxidation
HMR_3505,0.3701577362095199,0,7.827956953259796,3.5984018467357264,Fatty acid oxidation
HMR_3520,-1,0,NA,8.156390124414116,"Transport, mitochondrial"
HMR_3522,0.5114748340290194,0,11.518236794336396,3.722819867696328,Fatty acid oxidation
HMR_3630,-0.4775220663200544,0,1.2939340588386803,3.659132761515519,Cholesterol metabolism
HMR_3658,0.46981525457541695,0,4.0177076861036385,1.44924834608726,Cholesterol metabolism
HMR_3679,0.45863999357069724,0,3.92894108602503,1.4581881622374235,Cholesterol metabolism
HMR_3689,-0.4775220663200544,0,1.2939340588386803,3.659132761515519,Cholesterol metabolism
HMR_3717,0.46981525457541695,0,4.0177076861036385,1.44924834608726,Cholesterol metabolism
HMR_3738,0.45863999357069724,0,3.92894108602503,1.4581881622374235,Cholesterol metabolism
HMR_3855,0.8695966353170054,0,253.47139542760848,17.67949417016868,Pyruvate metabolism
HMR_3915,-0.40393300771908447,0,212.41428736963272,500.30522275390626,Methionine and cysteine metabolism
HMR_4182,0.7642125822079265,0,162.78614257364273,21.756405433711965,Pyrimidine synthesis
HMR_4261,-0.9258188835902952,0,8.870835523441084,230.2961102649495,NAD metabolism
HMR_4263,0.36737904328140175,0,5.928037868640453,2.7426199094903234,NAD metabolism
HMR_4278,-0.9284595088287416,0,4.685697880330388,126.30859090959281,NAD metabolism
HMR_4630,0.35565695899524224,0,237.076385151577,112.68228141741753,Cholesterol metabolism
HMR_4700,-1.1215039206280106,0,-51.49599265522733,2.9493063592308433,"Glycine, serine, alanine, and threonine metabolism"
HMR_4764,-0.56032054189156,0,4.083745873471014,14.492268075599227,Heme synthesis
HMR_4790,-1.0333516770572222,0,-43.448033538800296,0.7126483823273448,"Transport, peroxisomal"
HMR_6533,0.3606166902078918,0,633.6130159439086,297.7485063774109,"Transport, extracellular"
HMR_6549,-0.3858346552145155,0,2.4513547426713687,5.531364450081447,Inositol phosphate metabolism
HMR_6550,-0.48077771466356806,0,3.7237880917491437,10.619926332358451,Inositol phosphate metabolism
HMR_6558,-0.3697857349627806,0,5.066460795195633,11.012073367773263,Inositol phosphate metabolism
HMR_6564,-0.3850466764993864,0,2.4448406331351036,5.50646409099544,Inositol phosphate metabolism
HMR_6595,-0.34577560100166255,0,4.934594123047721,10.150731739463442,Inositol phosphate metabolism
HMR_6617,-2.684540002558487,0,-13.880393883865327,30.360137746027963,"Transport, nuclear"
HMR_6619,2.684540002558487,0,13.880393883865327,-30.360137746027963,"Transport, nuclear"
HMR_6629,-0.5320759798938238,0,20.240952481306206,66.27288998702168,"Transport, endoplasmic reticular"
HMR_6632,-0.7849055186552094,0,4.859528432251975,40.325530727515925,Vitamin A metabolism
HMR_6647,-0.5320759798938238,0,20.240952481306206,66.27288998702168,Vitamin A metabolism
HMR_6790,0.6451130162749004,0,210.6667338552475,45.445438100292904,Phenylalanine metabolism
HMR_6826,-4.8550605230438615,0,-231.3534697517395,152.32662832415812,Phenylalanine metabolism
HMR_6834,4.8550605230438615,0,231.3534697517395,-152.32662832415812,Phenylalanine metabolism
HMR_6854,-1.2688147079072671,0,-22.18722964800773,187.2617512077555,Phenylalanine metabolism
HMR_6907,0.34644398094545087,0,0.3999880931592474,0.19415187674634393,Ubiquinone synthesis
HMR_6908,0.34644398094545087,0,0.3999880931592474,0.19415187674634393,Ubiquinone synthesis
HMR_6909,0.34644398094545087,0,0.3999880931592474,0.19415187674634393,Ubiquinone synthesis
HMR_6910,0.34644398094545087,0,0.3999880931592474,0.19415187674634393,Ubiquinone synthesis
HMR_6975,-0.6813016199059669,0,2.3367644603355062,12.327661883130917,Lysine metabolism
HMR_6976,-0.6813016199059669,0,2.3367644603355062,12.327661883130917,Lysine metabolism
HMR_6977,-0.6813016199059669,0,2.3367644603355062,12.327661883130917,Lysine metabolism
HMR_6978,-0.6813016199059669,0,2.3367644603355062,12.327661883130917,Lysine metabolism
HMR_7328,0.45558773990396983,0,5.383260487133649,2.0134224328376353,N-glycan metabolism
HMR_7329,0.45558773990396983,0,5.383260487133649,2.0134224328376353,N-glycan metabolism
HMR_7330,0.45558773990396983,0,5.383260487133649,2.0134224328376353,"Transport, golgi apparatus"
HMR_7469,-0.5786480794451453,0,9.599320788710203,35.96506527636051,Keratan sulfate degradation
HMR_7628,-0.6162589676947389,0,2.3340367869774545,9.830608588348257,Phenylalanine metabolism
HMR_7703,0.3313228783355081,0,38.30897795864791,19.24126561043109,"Glycine, serine, alanine, and threonine metabolism"
HMR_7711,0.5585581062660396,0,28.43039222750496,8.052549426326463,"Transport, lysosomal"
HMR_7712,0.9284595088286371,0,-4.685697880337478,-126.30859090959281,"Transport, nuclear"
HMR_7715,-0.5009124684860802,0,12.604062641853746,37.90436261822395,"Transport, lysosomal"
HMR_7727,-0.5102077905667111,0,12.685958605549633,39.11543129498735,"Transport, lysosomal"
HMR_7756,-0.6162589676947389,0,2.3340367869774545,9.830608588348257,Phenylalanine metabolism
HMR_7944,-0.48486079303887913,0,9.058698363059305,26.111206162351788,"Transport, endoplasmic reticular"
HMR_7947,2.261917495399271,0,44.43590872306593,-114.86192133493861,"Transport, endoplasmic reticular"
HMR_7949,-0.34663808922477235,0,-152.6763273415297,-74.07550533449664,"Transport, endoplasmic reticular"
HMR_7977,6.341963549986223,0,266.9322332172394,-194.21810670329333,"Transport, extracellular"
HMR_8023,0.6813016199178265,0,-2.33676446021263,-12.32766188302837,"Transport, extracellular"
HMR_8056,-0.6074744158987277,0,3.971473318643509,16.264014402426216,"Transport, extracellular"
HMR_8090,-1,0,NA,16.45320364773377,"Transport, extracellular"
HMR_8374,0.4421916222443917,0,-4.022828717688995,-10.400865432890832,"Transport, extracellular"
HMR_8475,0.33555620284494564,0,-361.49548606528043,-726.6190771621704,"Transport, mitochondrial"
HMR_8476,0.4209131160953309,0,-170.735052853024,-418.93484849853513,"Transport, nuclear"
HMR_8501,-0.35119532381838325,0,76.43016803407893,159.17284421265833,Pyruvate metabolism
HMR_8510,-0.7955622567452303,0,79.26064499989003,696.140645759964,"Transport, mitochondrial"
HMR_8585,0.8296588510381327,0,758.7769607261657,70.64209769080877,Starch and sucrose metabolism
HMR_8670,0.718256562186951,0,288.13032629145385,47.24488208223544,"Transport, extracellular"
HMR_8761,0.7072966412252374,0,29.30880914681796,5.0247781620454415,Galactose metabolism
HMR_8762,0.7072966412252374,0,29.30880914681796,5.0247781620454415,Galactose metabolism
HMR_9174,-0.7708633366672338,0,3.940512116814349,30.453914855282186,"Transport, mitochondrial"
HMR_9175,0.770863336667541,0,-3.940512116808392,-30.453914855282278,"Transport, extracellular"
HMR_9187,0.8296588510381327,0,758.7769607261657,70.64209769080877,"Transport, extracellular"
HMR_9188,0.48150094398166615,0,-16.330736065494456,-46.66161030790766,"Transport, extracellular"
HMR_9191,-0.4611034493299875,0,83.22519388677291,225.64742288280428,"Transport, extracellular"
HMR_9590,-0.4593545047583199,0,36.58750767061044,98.75999080158174,"Transport, extracellular"
HMR_9605,0.41313645339843913,0,392.9157099623442,163.17455155121982,"Transport, extracellular"
HMR_9607,0.8238889189857506,0,119.45588925570846,11.53442272243206,"Transport, extracellular"
HMR_9610,-0.6517845968532232,0,84.63275803962922,401.4615231140137,"Transport, extracellular"
HMR_9617,-0.6172479503696701,0,43.07956993039757,182.02475007000342,"Transport, extracellular"
HMR_9621,-0.3692021180398943,0,64.8268884154398,140.71244603508302,"Transport, extracellular"
HMR_9622,-0.5068339233368431,0,7.390789063003176,22.58203109936677,"Transport, extracellular"
HMR_9634,1,0,NA,-327.82105556030274,"Transport, endoplasmic reticular"
HMR_9639,0.3719826238370591,0,-395.8329167480469,-864.7465887634278,"Transport, extracellular"
HMR_9648,-0.45558773990396983,0,-5.383260487133649,-2.0134224328376353,"Transport, extracellular"
HMR_9667,-0.45558773990396983,0,-5.383260487133649,-2.0134224328376353,"Transport, golgi apparatus"
HMR_9678,0.46497868046509355,0,116.05275320645161,42.38334522142149,"Transport, peroxisomal"
HMR_9679,0.5373414306645187,0,224.94737388801724,67.69727797800749,"Transport, peroxisomal"
HMR_9719,-0.35597571617221846,0,2.1920058253875943,4.6152089968837915,Fatty acid oxidation
HMR_9726,0.48242896569763044,0,268.0806749649048,93.59692466125489,Folate metabolism
HMR_9797,-1,0,NA,136.59481469830274,Purine catabolism
HMR_9803,0.39784994801226686,0,80.16209020918012,34.531322088999765,Propanoate metabolism
HMR_9804,-0.3978499480123395,0,-80.16209020918012,-34.531322088993804,Propanoate metabolism
HMR_2957,0.38836373109091105,0,3.8892892516914044,1.7134057259934183,Fatty acid synthesis
EX_glc_D[e],-1,0,NA,41.80075750273084,Exchange/demand reaction
3DHCAS,-0.37326286239684514,0,5.705037270258396,12.500481209390983,Bile acid synthesis
3DHDCAS,-0.6274368788737595,0,12.802521038346152,55.924201024990346,Bile acid synthesis
7DHCDCHOLabc,0.45459734505475197,0,4.436945147104469,1.6636367935802359,"Transport, extracellular"
7DHCDCHOLt2,0.45459734505475197,0,4.436945147104469,1.6636367935802359,"Transport, extracellular"
CDCA24GSc,0.8352205109183042,0,109.48495418257713,9.830358098662849,Bile acid synthesis
CDCA24GSr,-0.6668999471890367,0,2.6691595716070733,13.3570136402107,Bile acid synthesis
CDCA24Gtr,0.6668999471890367,0,-2.6691595716070733,-13.3570136402107,"Transport, extracellular"
HC02220t,-0.3437626469039151,0,-137.00716208895147,-66.9085553253131,"Transport, extracellular"
DCA24GSr,-0.9218505185015815,0,23.508051929765777,578.1095526666642,Bile acid synthesis
DCA24Gte,-0.5456423502558099,0,2.7166359729341,9.241503059009588,"Transport, extracellular"
DCA24Gtr,0.9218505185015815,0,-23.508051929765777,-578.1095526666642,"Transport, extracellular"
DCA3GSc,-0.9483637186641832,0,14.034250114069309,529.5467263237,Bile acid synthesis
DCA3GSr,-0.7595531062204915,0,6.824200017032126,49.93843816693183,Bile acid synthesis
DCA3Gte,0.3508979831360973,0,3.2853319314215654,1.5785911366915386,"Transport, extracellular"
DCA3Gtr,0.7595531062204915,0,-6.824200017032126,-49.93843816693183,"Transport, extracellular"
DM_3dhchol[c],-0.37326286239684514,0,5.705037270258396,12.500481209390983,Exchange/demand reaction
DM_3dhdchol[c],-0.6274368788737595,0,12.802521038346152,55.924201024990346,Exchange/demand reaction
DM_cdca24g[c],0.6825573370203031,0,108.77960067229272,20.52309621521323,Exchange/demand reaction
DM_dca24g[c],-0.5663813873532197,0,234.23730896520615,846.1467065429688,Exchange/demand reaction
DM_dca3g[c],-0.9409782786603789,0,17.573118208814055,577.9065733337402,Exchange/demand reaction
DM_gdca3s[c],0.3732008933814531,0,5.206234331420885,2.3763915706068044,Exchange/demand reaction
DM_hca24g[c],0.6116369285316328,0,76.17934611985153,18.357264168991577,Exchange/demand reaction
DM_hdca6g[c],-0.33695636959497133,0,6.794518013670703,13.700416865713283,Exchange/demand reaction
DM_lca24g[c],0.7640038407321812,0,157.56200345511436,21.079334865005688,Exchange/demand reaction
DM_lca3s[c],0.40777804528969713,0,6.640329905032305,2.793444015864204,Exchange/demand reaction
DM_thyochol[c],-0.7369961785983751,0,2.4937837579861664,16.470075738017027,Exchange/demand reaction
EX_dca24g[e],-0.5456423502558099,0,2.7166359729341,9.241503059009588,Exchange/demand reaction
EX_dca3g[e],0.3508979831360973,0,3.2853319314215654,1.5785911366915386,Exchange/demand reaction
EX_hdca6g[e],-0.6898963394773214,0,1.8615089505570008,10.14421163603288,Exchange/demand reaction
EX_hyochol[e],-0.6357738122228631,0,-76.12875998820141,-16.95105265991718,Exchange/demand reaction
GDCASULT,0.3732008933814531,0,5.206234331420885,2.3763915706068044,Bile acid synthesis
HCA24GSc,0.6507197136650852,0,75.57424508206621,15.990960635710158,Bile acid synthesis
HDCA24GSr,-0.4753697660035281,0,3.434124142923166,9.657474169141555,Bile acid synthesis
HDCA24Gtr,0.4753697660035281,0,-3.434124142923166,-9.657474169141555,"Transport, extracellular"
HDCA6GSr,-0.7015005144511808,0,3.147566269692537,17.94169131415516,Bile acid synthesis
HDCA6Gte,-0.6898963394773214,0,1.8615089505570008,10.14421163603288,"Transport, extracellular"
HDCA6Gtr,0.7015005144511915,0,-3.147566269692403,-17.94169131415516,"Transport, extracellular"
HYOCHOLabc,0.33717947883721805,0,7.467164096603105,3.701365206727795,"Transport, extracellular"
HYOCHOLt2,0.6037842428674055,0,83.59592406273484,20.652417862951754,"Transport, extracellular"
LCA24GSc,0.7900171597454497,0,157.28448600940703,18.45068519059839,Bile acid synthesis
LCASULT,0.40777804528969713,0,6.640329905032305,2.793444015864204,Bile acid synthesis
M02155tr,-0.6148902515110704,0,6.581690409972909,27.599165493040438,"Transport, extracellular"
TCDCA6AH,-0.7369961785983751,0,2.4937837579861664,16.470075738017027,Bile acid synthesis
TDCA3Sabc,0.41591686497553293,0,3.2073216406723746,1.3230596550229727,"Transport, extracellular"
TDCA3St,0.41591686497553293,0,3.2073216406723746,1.3230596550229727,"Transport, extracellular"
TUDCA3Sabc,0.3942680401268029,0,7.294680208988132,3.169133059405672,"Transport, extracellular"
TUDCA3St,0.3942680401268029,0,7.294680208988132,3.169133059405672,"Transport, extracellular"
UDCHOLt2,-0.7887071166045815,0,8.433759302635828,71.39627725238334,"Transport, extracellular"
14HMDZhr,-0.4189122278572022,0,2.5422821373500164,6.207797486508495,Drug metabolism
1HIBUPGLUC_Sthv,-0.44936692489863456,0,1.771488308826829,4.662881106779807,Drug metabolism
1HIBUP_SGLUhep,-0.44936692489863456,0,1.771488308826829,4.662881106779807,Drug metabolism
1OHMDZtep,0.8683696061866116,0,-0.40437492902339867,-5.739721693473658,Drug metabolism
2HATVACIDhc,-0.7366678128221399,0,69.69750287546618,459.6529242213249,Drug metabolism
2HATVACIDthc,0.7366678128221399,0,-69.69750287546618,-459.6529242213249,Drug metabolism
2HATVLACtep,1,0,NA,-704.5936738220215,Drug metabolism
2HATVLACthc,1.7954372478670046,0,69.69750287546618,-244.9407494354248,Drug metabolism
3HSMVACIDhep,-0.3421352008567309,0,2.2787386257540847,4.648942042740912,Drug metabolism
3HSMVACIDteb,-0.3421352008567309,0,2.2787386257540847,4.648942042740912,Drug metabolism
3HSMVhep,-0.3421352008567309,0,2.2787386257540847,4.648942042740912,Drug metabolism
7BHGLZhr,-0.4122878504635108,0,3.468518729739831,8.3349423097345,Drug metabolism
7BHGLZtev,-0.4122878504635108,0,3.468518729739831,8.3349423097345,Drug metabolism
ALLOP2tu,-1,0,NA,573.8872645311833,Drug metabolism
ALLOPOXDhep,0.6931114748022459,0,30.25709150068555,5.484313540845523,Drug metabolism
ALLOPtepvb,1.1124494074095814,0,30.25709150068555,-568.4029510066986,Drug metabolism
AM4N9CShc,-0.5558078113549213,0,5.072093626503899,17.76528963309519,Drug metabolism
AM4N9CStev,-0.5558078113549213,0,5.072093626503899,17.76528963309519,Drug metabolism
AM9CSAhr,-0.5558078113549213,0,5.072093626503899,17.76528963309519,Drug metabolism
CARIBUP_Rthv,0.5210684319271245,0,10.820535975501649,3.407010594237521,Drug metabolism
CRVSM1hr,-0.44032279771582095,0,2.785588522607764,7.1686797993431695,Drug metabolism
CRVStu,-1,0,NA,726.1935758911133,Drug metabolism
CRVSthc,1.0148745303387294,0,5.324116352982771,-721.1942960144042,Drug metabolism
CSAtd,-0.47184130623084486,0,7.113247331613617,19.82277555518426,Drug metabolism
CVM1GLUChc,-0.44032279771582095,0,2.785588522607764,7.1686797993431695,Drug metabolism
DESFVShc,-0.5875639740132935,0,3.3119825274557413,12.748605388123158,Drug metabolism
DESFVSteb,-0.5875639740132935,0,3.3119825274557413,12.748605388123158,Drug metabolism
EX_1hibupglu_S[e],-0.44936692489863456,0,1.771488308826829,4.662881106779807,Exchange/demand reaction
EX_1ohmdz[e],0.8683696061873454,0,-0.40437492902098254,-5.7397216934736175,Exchange/demand reaction
EX_2hatvacid[e],-0.7366678128221399,0,69.69750287546618,459.6529242213249,Exchange/demand reaction
EX_2hatvlac[e],0.7366678128221399,0,-69.69750287546618,-459.6529242213249,Exchange/demand reaction
EX_3hsmvacid[e],-0.3421352008567309,0,2.2787386257540847,4.648942042740912,Exchange/demand reaction
EX_3ispvs[e],1,0,NA,-9.352066134390046,Exchange/demand reaction
EX_7bhglz[e],-0.4122878504635108,0,3.468518729739831,8.3349423097345,Exchange/demand reaction
EX_allop[e],-0.6931114748022459,0,-30.25709150068555,-5.484313540845523,Exchange/demand reaction
EX_am4n9cs[e],-0.5558078113549213,0,5.072093626503899,17.76528963309519,Exchange/demand reaction
EX_caribup_R[e],0.5210684319271245,0,10.820535975501649,3.407010594237521,Exchange/demand reaction
EX_csa[e],0.47184130623084486,0,-7.113247331613617,-19.82277555518426,Exchange/demand reaction
EX_desfvs[e],-0.5875639740132935,0,3.3119825274557413,12.748605388123158,Exchange/demand reaction
EX_ibup_S[e],1.0069015175632585,0,0.022810427901314736,-6.633074820402641,Exchange/demand reaction
EX_oxyp[e],0.6931114748022459,0,30.25709150068555,5.484313540845523,Exchange/demand reaction
EX_profvs[e],0.6400284747251036,0,15.794642947346729,3.46678231539961,Exchange/demand reaction
EX_ptvst[e],0.3375067834435427,0,-5.9635493090345495,-12.039802755556256,Exchange/demand reaction
EX_ptvstm3[e],-0.47179970911494146,0,3.4410407891735724,9.588262104271353,Exchange/demand reaction
FVStu,0.38312938624964404,0,-117.38472929205149,-263.1966330730438,Drug metabolism
IBUP_RCYP3hep,0.5210684319271245,0,10.820535975501649,3.407010594237521,Drug metabolism
IBUP_RCYPCARhep,0.5210684319271245,0,10.820535975501649,3.407010594237521,Drug metabolism
IBUP_SCYP1hep,-0.44936692489863456,0,1.771488308826829,4.662881106779807,Drug metabolism
IBUP_Stdhep,-1,0,NA,6.633074820402611,Drug metabolism
OXYPthc,0.9224778322395976,0,-30.257091500494816,-750.3477954528809,Drug metabolism
OXYPtepv,1,0,NA,-744.8634819763183,Drug metabolism
PROFVSCOAhc,0.6400284747251036,0,15.794642947346729,3.46678231539961,Drug metabolism
PROFVShc,0.6400284747251036,0,15.794642947346729,3.46678231539961,Drug metabolism
PROFVStev,0.6400284747251036,0,15.794642947346729,3.46678231539961,Drug metabolism
PTVSTM3eb,-0.47179970911494146,0,3.4410407891735724,9.588262104271353,Drug metabolism
PTVSTM3hc,-0.47179970911494146,0,3.4410407891735724,9.588262104271353,Drug metabolism
PVSHtu,1,0,NA,-592.1400692474365,Drug metabolism
PVSOATPtu,-0.3747545148949881,0,384.87291667175293,846.2368660949707,Drug metabolism
RSVtev,0.9954623331566471,0,-1.7019951657203667,-748.4611280761719,Drug metabolism
RSVtu,1.008295596019386,0,3.0722878187965517,-743.775622845459,Drug metabolism
SMVthep,-1.107810694359311,0,-686.7839754516601,35.12775481519098,Drug metabolism
1HIBUPGLUitr,-0.44936692489863456,0,1.771488308826829,4.662881106779807,Drug metabolism
3HIBUP_Ritr,0.5210684319271245,0,10.820535975501649,3.407010594237521,Drug metabolism
3HSMVitr,-0.3421352008567309,0,2.2787386257540847,4.648942042740912,Drug metabolism
CSAitr,-0.47184130623084486,0,7.113247331613617,19.82277555518426,Drug metabolism
DESFVSitr,0.5875639740132935,0,-3.3119825274557413,-12.748605388123158,Drug metabolism
FVSCOAitx,0.6400284747251036,0,15.794642947346729,3.46678231539961,Drug metabolism
IBUP_Ritr,0.3432681411038324,0,16.068739708394045,7.856103316900274,Drug metabolism
PROFVSCOAitx,0.6400284747251036,0,15.794642947346729,3.46678231539961,Drug metabolism
PTVSTM3itr,0.47179970911494146,0,-3.4410407891735724,-9.588262104271353,Drug metabolism
FVSCOAhc,0.6400284747251036,0,15.794642947346729,3.46678231539961,Drug metabolism
1OHMDZitr,0.8683696061873454,0,-0.40437492902098254,-5.7397216934736175,Drug metabolism
ATVLACitr,-1.21928520180127,0,-0.05215833225235495,0.5278706176588649,Drug metabolism
7BHGLZitr,-0.4122878504635108,0,3.468518729739831,8.3349423097345,Drug metabolism
PTVSTitr,-0.3375067834444201,0,5.9635493090345495,12.039802755580098,Drug metabolism
FVSitr,-0.46151570757540694,0,7.141071885412186,19.38178861719826,Drug metabolism
AM9CSAitr,-0.5558078113549213,0,5.072093626503899,17.76528963309519,Drug metabolism
EX_M00260[e],9.423834726067287,0,1.083622645961441,-0.8757101695190462,Exchange/demand reaction
EX_M00315[e],0.3474548386570577,0,7.846774054277545,3.800034178788049,Exchange/demand reaction
EX_M01235[e],-1,0,NA,1.5463328993683338,Exchange/demand reaction
EX_M02108[e],-0.3853149011984953,0,-3.005160738952478,-1.33343510860909,Exchange/demand reaction
EX_M01111[e],0.6271160760332557,0,755.2894407897949,173.08862874672414,Exchange/demand reaction
EX_M01870[e],0.45558773990396983,0,5.383260487133649,2.0134224328376353,Exchange/demand reaction
EX_hnifedipine[e],-0.6074744158987277,0,3.971473318643509,16.264014402426216,Exchange/demand reaction
EX_itacon[e],0.770863336667234,0,-3.940512116814444,-30.453914855282928,Exchange/demand reaction
EX_M01966[e],0.8296588510381327,0,758.7769607261657,70.64209769080877,Exchange/demand reaction
EX_M02155[e],0.48150094398166615,0,-16.330736065494456,-46.66161030790766,Exchange/demand reaction
EX_n5m2masn[e],-0.45558773990396983,0,-5.383260487133649,-2.0134224328376353,Exchange/demand reaction
sink_his_L[c],1,0,NA,-245.02424410471917,Exchange/demand reaction
sink_thr_L[c],1,0,NA,-0.2488561843562017,Exchange/demand reaction
sink_4abut[l],-0.5243530868973098,0,-242.8572524433224,-75.77922952508763,Exchange/demand reaction
DM_4abut[c],-0.4835999138070736,0,295.6082444174856,849.272449142456,Exchange/demand reaction
DM_kynate[c],-1,0,NA,375.185503314209,Exchange/demand reaction
DM_btn[m],-0.7977922059811071,0,23.649051372740324,210.25935445785524,Exchange/demand reaction
DCMPtm,0.33555620284494564,0,-361.49548606528043,-726.6190771621704,"Transport, mitochondrial"
2HCO3_NAt,-1,0,-136.8838370352868,NA,"Transport, extracellular"
3DPHBH1,1,0,0.8915769175365829,NA,Ubiquinone synthesis
3MOBt2im,1,0,134.9332074004948,NA,"Transport, mitochondrial"
3MOPt2im,1,0,76.21032824362544,NA,"Transport, mitochondrial"
4MOPt2im,1,0,308.4178707581043,NA,"Transport, mitochondrial"
5ADTSTSTERONEte,-1,0,-57.42139411481991,NA,"Transport, extracellular"
ABTD,1,0,446.6649365385056,NA,Pentose phosphate pathway
ACN23ACNGALGBSIDEte,1,0,2.0757964299993494,NA,"Transport, extracellular"
ACN23ACNGALGBSIDEtg,-1,0,-2.0757964299993494,NA,"Transport, golgi apparatus"
ACRNtm,-1,0,-741.484817565918,NA,"Transport, mitochondrial"
ADPRIBt,1,0,11.143217920481018,NA,"Transport, extracellular"
AMPtp,-1,0,-194.6133916323859,NA,"Transport, peroxisomal"
ANDRSTRNte,1,0,493.01248889102936,NA,"Transport, extracellular"
ASCBOX,1,0,5.227433168085794,NA,Vitamin C metabolism
ATPtx,1,0,194.6133916323859,NA,"Transport, peroxisomal"
C161CRNt,-1,0,-51.5909799950731,NA,Fatty acid oxidation
CK,1,0,31.131678508156586,NA,Urea cycle
CLPNDCRNt,1,0,564.8149825134277,NA,Fatty acid oxidation
CO2tm,-1,0,-351.65407610542775,NA,"Transport, mitochondrial"
CREATtmdiffir,1,0,31.131678508156586,NA,Urea cycle
CRNtx,1,0,14.397753726180177,NA,"Transport, peroxisomal"
CRVNCtr,1,0,431.91280050964355,NA,"Transport, extracellular"
DCSPTN1CRNt,-1,0,-20.71985628238609,NA,Fatty acid oxidation
DHPR2,1,0,28.357711836649848,NA,Tetrahydrobiopterin metabolism
DNDPt20m,1,0,43.823443833685666,NA,"Transport, mitochondrial"
DNDPt38m,1,0,433.5441317831039,NA,"Transport, mitochondrial"
DTTPtn,1,0,318.19908618106246,NA,"Transport, nuclear"
ELAIDCRNt,1,0,329.106624839592,NA,Fatty acid oxidation
EX_34dhphe[e],-1,0,-42.11350916207824,NA,Exchange/demand reaction
EX_5adtststerone[e],1,0,57.42139411481991,NA,Exchange/demand reaction
EX_ach[e],-1,0,-105.3172162889477,NA,Exchange/demand reaction
EX_acn23acngalgbside_hs[e],1,0,2.0757964299993494,NA,Exchange/demand reaction
EX_adprbp[e],1,0,229.82019362721442,NA,Exchange/demand reaction
EX_amp[e],1,0,210.48774239826201,NA,Exchange/demand reaction
EX_andrstrn[e],-1,0,-493.01248889102936,NA,Exchange/demand reaction
EX_ascb_L[e],1,0,341.6519865309477,NA,Exchange/demand reaction
EX_cmp[e],-1,0,-888.6274961738586,NA,Exchange/demand reaction
EX_cspg_e[e],-1,0,-11.647061371476296,NA,Exchange/demand reaction
EX_dag_hs[e],-1,0,-111.26987667506728,NA,Exchange/demand reaction
EX_dhdascb[e],-1,0,-341.6519865309477,NA,Exchange/demand reaction
EX_gbside_hs[e],-1,0,-29.72412655923986,NA,Exchange/demand reaction
EX_glygn5[e],1,0,26.89714355100095,NA,Exchange/demand reaction
EX_gsn[e],1,0,216.12949258635723,NA,Exchange/demand reaction
EX_hdcea[e],1,0,47.16894502049682,NA,Exchange/demand reaction
EX_leuktrA4[e],1,0,190.8915303226948,NA,Exchange/demand reaction
EX_leuktrC4[e],1,0,490.24335096168517,NA,Exchange/demand reaction
EX_leuktrF4[e],-1,0,-736.328909790039,NA,Exchange/demand reaction
EX_nad[e],-1,0,-11.143217920481018,NA,Exchange/demand reaction
EX_nadp[e],-1,0,-229.82019362721442,NA,Exchange/demand reaction
EX_ncam[e],1,0,160.51447210938932,NA,Exchange/demand reaction
EX_ocdcea[e],1,0,62.33699076262116,NA,Exchange/demand reaction
EX_retn[e],1,0,72.63651415260247,NA,Exchange/demand reaction
EX_tchola[e],-1,0,-22.336256122735517,NA,Exchange/demand reaction
EX_triodthy[e],-1,0,-107.47052295915559,NA,Exchange/demand reaction
EX_xoltri27[e],-1,0,-162.32164815330506,NA,Exchange/demand reaction
FUMTSULtm,-1,0,-25.44314175776383,NA,"Transport, mitochondrial"
GBSIDEte,-1,0,-29.72412655923986,NA,"Transport, extracellular"
GLYKm,1,0,4.574660194471875,NA,Glycerophospholipid metabolism
H2Oter,-1,0,-230.45674154367447,NA,"Transport, endoplasmic reticular"
HMGCOAtm,1,0,364.1965729060173,NA,"Transport, mitochondrial"
LNELDCCRNt,1,0,166.59081633905134,NA,Fatty acid oxidation
MGCHrm,1,0,29.598318888028757,NA,"Valine, leucine, and isoleucine metabolism"
MGSA2,1,0,105.94766113632917,NA,Pyruvate metabolism
NACASPAH,1,0,6.593564383096133,NA,Alanine and aspartate metabolism
NADNe,1,0,11.143217920481018,NA,NAD metabolism
NADPNe,1,0,229.82019362721442,NA,NAD metabolism
NCAMUP,1,0,80.44893956562206,NA,"Transport, extracellular"
OCCOAtm,1,0,71.55939509029389,NA,"Transport, mitochondrial"
PAFHe,1,0,10.95394392707867,NA,Glycerophospholipid metabolism
PCREATtmdiffir,1,0,31.131678508156586,NA,Urea cycle
PCRNtm,1,0,33.02140681763436,NA,Fatty acid oxidation
PE_HSter,-1,0,-36.03111906115087,NA,"Transport, endoplasmic reticular"
PPAn,1,0,334.00389339752195,NA,Miscellaneous
PRISTtx,-1,0,-570.1719242702484,NA,"Transport, peroxisomal"
RADH4,1,0,116.57263023795485,NA,Vitamin A metabolism
RETH,1,0,11.488179695898573,NA,Vitamin A metabolism
S6T22g,1,0,0.7749510233814855,NA,Chondroitin synthesis
SPHMYLNtl,-1,0,-7.3455304742369325,NA,"Transport, lysosomal"
ST6GALNAC22,1,0,2.0757964299993494,NA,Sphingolipid metabolism
STRDNCCRNt,1,0,422.25420115490556,NA,Fatty acid oxidation
TDCHOLAte,1,0,174.32403826146611,NA,"Transport, extracellular"
THFtm,-1,0,-199.8732640443802,NA,"Transport, mitochondrial"
TXA2tr,-1,0,-11.189034121656405,NA,"Transport, endoplasmic reticular"
TXASr,1,0,11.18903412165636,NA,Eicosanoid metabolism
XOLTRI27te,-1,0,-162.32164815330506,NA,"Transport, extracellular"
EX_itp[e],-1,0,-33.12362259034459,NA,Exchange/demand reaction
r0002,-1,0,-97.00664654529251,NA,"Transport, endoplasmic reticular"
r0179,1,0,504.7406639412582,NA,Glutamate metabolism
r0330,1,0,696.8649216033936,NA,Pyrimidine catabolism
r0633,1,0,29.84243211242296,NA,Fatty acid oxidation
r0784,-1,0,-183.5868094749689,NA,Pentose phosphate pathway
r0830,1,0,30.365442555174955,NA,"Transport, mitochondrial"
r1044,1,0,93.52683381910325,NA,"Transport, extracellular"
r1045,1,0,587.2318925689697,NA,"Transport, extracellular"
r1148,-1,0,-28.566889625783823,NA,"Transport, peroxisomal"
r1364,1,0,12.107987438168665,NA,"Transport, lysosomal"
r1365,1,0,12.107987438168665,NA,"Transport, lysosomal"
r2447,1,0,513.4740212127685,NA,"Transport, extracellular"
r2449,1,0,522.1412691894532,NA,"Transport, extracellular"
RE0124C,-1,0,-963.0020919067383,NA,Pentose phosphate pathway
RE0344C,1,0,2.8187380690807213,NA,Fatty acid synthesis
RE1530C,-1,0,-193.42757751278876,NA,Pyrimidine synthesis
RE2644C,1,0,33.28615776633061,NA,Urea cycle
RE2814M,1,0,4.871793850210461,NA,Bile acid synthesis
RE3015R,1,0,4.833155592781701,NA,Eicosanoid metabolism
RE3016R,-1,0,-4.833155592781701,NA,Eicosanoid metabolism
RE3017R,1,0,4.833155592781701,NA,Eicosanoid metabolism
RE3073X,-1,0,-567.3093999164581,NA,Fatty acid oxidation
RE3238C,-1,0,-324.09493837490083,NA,Fatty acid synthesis
RE3565C,1,0,59.40687718594149,NA,Eicosanoid metabolism
EX_HC02191[e],-1,0,-573.494605090332,NA,Exchange/demand reaction
EX_HC02204[e],1,0,59.40687718594149,NA,Exchange/demand reaction
EX_HC02206[e],-1,0,-59.40687718594149,NA,Exchange/demand reaction
C2tcx,1,0,319.3431076599121,NA,"Transport, peroxisomal"
C4tmc,-1,0,-610.2235535770416,NA,"Transport, mitochondrial"
C6COAt,-1,0,-150.07630876111983,NA,"Transport, peroxisomal"
C6CRNtcx,-1,0,-150.07630876111983,NA,"Transport, peroxisomal"
SUCCACT,1,0,13.06577710939278,NA,Fatty acid oxidation
3HCO3_NAt,-1,0,-379.49378823871615,NA,"Transport, extracellular"
AHCYStd,1,0,414.37299086990356,NA,"Transport, mitochondrial"
AMETtd,1,0,414.37299086990356,NA,"Transport, mitochondrial"
CHSTEROLtrc,-1,0,-159.90033397354185,NA,"Transport, endoplasmic reticular"
DHAPtc,1,0,28.359779208329225,NA,"Transport, mitochondrial"
LACLt,1,0,796.6870324058533,NA,"Transport, peroxisomal"
GLYALDtr,-1,0,-531.3482258922577,NA,"Transport, extracellular"
PEPtr,-1,0,-562.6911919532776,NA,"Transport, extracellular"
G3PCtr,1,0,67.44278473975602,NA,"Transport, extracellular"
XMPtr,-1,0,-308.8587616234064,NA,"Transport, extracellular"
EX_g3pc[e],-1,0,-67.44278473975602,NA,Exchange/demand reaction
EX_glyald[e],1,0,531.3482258922577,NA,Exchange/demand reaction
EX_kynate[e],1,0,697.8300334716797,NA,Exchange/demand reaction
EX_pep[e],-1,0,-562.6911919532776,NA,Exchange/demand reaction
EX_xmp[e],1,0,308.8587616234064,NA,Exchange/demand reaction
GSNt2r,-1,0,-543.9962216503143,NA,"Transport, extracellular"
FRUt4,-1,0,-100.24242686579994,NA,"Transport, extracellular"
EX_odecrn[e],1,0,206.49822041175588,NA,Exchange/demand reaction
EX_pmtcrn[e],-1,0,-441.3910100100815,NA,Exchange/demand reaction
HMCRNc,1,0,30.810527111062967,NA,Lysine metabolism
56DTHMtd,1,0,320.06406071710586,NA,"Transport, extracellular"
5AOPt,-1,0,-374.84595130081175,NA,"Transport, extracellular"
CE1556td,-1,0,-33.28615776633061,NA,"Transport, extracellular"
CORTSNt,1,0,4.683964544042841,NA,"Transport, extracellular"
EX_CE1557[e],-1,0,-33.28615776633061,NA,Exchange/demand reaction
EX_cortsn[e],1,0,4.683964544042841,NA,Exchange/demand reaction
EX_HC00900[e],-1,0,-881.0172744018555,NA,Exchange/demand reaction
EX_hmcr[e],1,0,30.810527111062967,NA,Exchange/demand reaction
EX_Nacasp[e],-1,0,-6.593564383139269,NA,Exchange/demand reaction
HC00900t2,-1,0,-896.7729970153808,NA,"Transport, extracellular"
HMCRNt,1,0,30.810527111062967,NA,"Transport, extracellular"
HXCOAtx,1,0,139.23880588178633,NA,"Transport, peroxisomal"
NACASPt,-1,0,-6.593564383145507,NA,"Transport, extracellular"
PROSTGI2c,-1,0,-257.1155836598635,NA,"Transport, extracellular"
PSERtr,1,0,74.93766923705898,NA,"Transport, extracellular"
TXB2c,1,0,11.18903412165636,NA,Eicosanoid metabolism
EX_pser_L[e],1,0,74.93766923705898,NA,Exchange/demand reaction
EX_ttdcea[e],1,0,4.311581886097296,NA,Exchange/demand reaction
TTDCEAt,1,0,4.311581886097296,NA,"Transport, extracellular"
r0202m,1,0,28.35977920834115,NA,Glycerophospholipid metabolism
GLYPROt,1,0,503.48468506469726,NA,"Transport, extracellular"
EX_retinal[e],-1,0,-5.72891573101672,NA,Exchange/demand reaction
EX_maltttr[e],-1,0,-45.139369641153884,NA,Exchange/demand reaction
EX_argvaltrp[e],1,0,312.58320778388975,NA,Exchange/demand reaction
EX_asnasnarg[e],-1,0,-11.341408579345606,NA,Exchange/demand reaction
EX_histrphis[e],1,0,29.229664869459345,NA,Exchange/demand reaction
EX_proproarg[e],1,0,78.99098312073778,NA,Exchange/demand reaction
EX_protrpthr[e],-1,0,-520.8754677131653,NA,Exchange/demand reaction
EX_thrthrarg[e],1,0,260.2985767009735,NA,Exchange/demand reaction
EX_trpglngln[e],-1,0,-105.98261270475388,NA,Exchange/demand reaction
EX_trptyrtyr[e],1,0,55.97754840331588,NA,Exchange/demand reaction
EX_valtrpval[e],1,0,194.763227973938,NA,Exchange/demand reaction
ARGVALTRPt,-1,0,-312.58320778388975,NA,"Transport, extracellular"
ASNASNARGt,1,0,11.341408579345606,NA,"Transport, extracellular"
HISTRPHISt,-1,0,-29.229664869459345,NA,"Transport, extracellular"
PROPROARGt,-1,0,-78.99098312073778,NA,"Transport, extracellular"
PROTRPTHRt,1,0,520.8754677131653,NA,"Transport, extracellular"
THRTHRARGt,-1,0,-260.2985767009735,NA,"Transport, extracellular"
TRPGLNGLNt,1,0,105.98261270475388,NA,"Transport, extracellular"
TRPTYRTYRt,-1,0,-55.97754840331588,NA,"Transport, extracellular"
VALTRPVALt,-1,0,-194.763227973938,NA,"Transport, extracellular"
ARGVALTRPr,-1,0,-312.58320778388975,NA,Peptide metabolism
ASNASNARGr,1,0,11.341408579345606,NA,Peptide metabolism
HISTRPHISr,-1,0,-29.229664869456368,NA,Peptide metabolism
PROPROARGr,-1,0,-78.99098312073778,NA,Peptide metabolism
PROTRPTHRr,1,0,520.8754677131653,NA,Peptide metabolism
THRTHRARGr,-1,0,-260.2985767009735,NA,Peptide metabolism
TRPGLNGLNr,1,0,105.98261270475388,NA,Peptide metabolism
TRPTYRTYRr,-1,0,-55.97754840331588,NA,Peptide metabolism
VALTRPVALr,-1,0,-194.763227973938,NA,Peptide metabolism
HDCECRNtr,1,0,616.0989658496857,NA,"Transport, extracellular"
STCRNtr,1,0,322.84790946422515,NA,"Transport, extracellular"
EX_sphmyln_hs[e],1,0,93.82854026119468,NA,Exchange/demand reaction
FldAct,1,0,87.92292833200358,NA,Miscellaneous
MLTHFtm,-1,0,-83.80209115803969,NA,"Transport, mitochondrial"
r2514e,1,0,295.366417036438,NA,"Transport, extracellular"
ETHAt,-1,0,-64.42649214294735,NA,"Transport, extracellular"
PGP_hs_tm,1,0,4.2067170605138875,NA,"Transport, mitochondrial"
sink_crvnc[c],1,0,31.627185222881568,NA,Exchange/demand reaction
sink_nad[c],-1,0,-845.5775892944336,NA,Exchange/demand reaction
sink_xol7ah3[c],-1,0,-259.2086147432536,NA,Exchange/demand reaction
sink_dchac[c],1,0,728.2933187110901,NA,Exchange/demand reaction
EX_glcn[e],1,0,963.0020919067383,NA,Exchange/demand reaction
ADK1,1,0,35.07565365831945,NA,Nucleotide interconversion
EX_cytd[e],1,0,244.39887727394105,NA,Exchange/demand reaction
EX_glu_L[e],-1,0,-129.84456693820647,NA,Exchange/demand reaction
EX_met_L[e],-1,0,-253.7751488732338,NA,Exchange/demand reaction
EX_orn[e],-1,0,-472.80632571754455,NA,Exchange/demand reaction
EX_pi[e],1,0,357.40301194066404,NA,Exchange/demand reaction
EX_thymd[e],-1,0,-651.9555459014892,NA,Exchange/demand reaction
EX_ala_L[e],1,0,887.7332551620483,NA,Exchange/demand reaction
r0339,1,0,25.696837900959707,NA,Miscellaneous
EX_etha[e],1,0,64.42649214294735,NA,Exchange/demand reaction
EX_fol[e],1,0,357.53048680052757,NA,Exchange/demand reaction
EX_man[e],-1,0,-17.783752570904415,NA,Exchange/demand reaction
GLYK,1,0,10.223809258573317,NA,Glycerophospholipid metabolism
LDH_D,-1,0,-359.0463559488207,NA,Pyruvate metabolism
UGLT,-1,0,-135.4042878176391,NA,Galactose metabolism
EX_ade[e],1,0,245.95322734804003,NA,Exchange/demand reaction
XOL25OHtr,1,0,11.172915525607872,NA,"Transport, endoplasmic reticular"
XOL25OHte,1,0,11.17291552560787,NA,"Transport, extracellular"
EX_xol25oh[e],1,0,11.17291552560787,NA,Exchange/demand reaction
3ITYR_Lte,-1,0,-93.82445873224884,NA,"Transport, extracellular"
EX_3ityr_L[e],-1,0,-93.82445873186737,NA,Exchange/demand reaction
EX_mma[e],-1,0,-33.311421738552745,NA,Exchange/demand reaction
GLCNte,1,0,963.0020919067383,NA,"Transport, extracellular"
GM1tl,1,0,41.70677132081247,NA,"Transport, extracellular"
RE3477C1,1,0,11.18903412165636,NA,Eicosanoid metabolism
EX_gm1_hs[e],-1,0,-41.70677132081247,NA,Miscellaneous
HMR_0157,1,0,616.3391264354706,NA,"Transport, mitochondrial"
HMR_0851,1,0,22.184899486393228,NA,Glycosphingolipid metabolism
HMR_2558,1,0,14.798247389087093,NA,Fatty acid synthesis
HMR_2560,1,0,14.798247389087093,NA,Fatty acid synthesis
HMR_2569,1,0,11.608796068698778,NA,"Transport, endoplasmic reticular"
HMR_3478,1,0,2.336582991513978,NA,"Transport, peroxisomal"
HMR_3953,-1,0,-340.00641170458795,NA,"Transport, endoplasmic reticular"
3ISPVShc,1,0,7.802485971372857,NA,Drug metabolism
SMVtv,1,0,713.0478350402832,NA,Drug metabolism
H2O2itr,-1,0,-507.1378884979248,NA,Drug metabolism
sink_ile_L[c],-1,0,-618.8655944030762,NA,Exchange/demand reaction
sink_glu_L[c],-1,0,-205.19714002332688,NA,Exchange/demand reaction
sink_ser_L[c],-1,0,-542.8012550338746,NA,Exchange/demand reaction
DM_btn[n],1,0,7.688491170753317,NA,Exchange/demand reaction
