Reaction,fc,pval,WT,mutant,subSystem
10FTHFtm,-1.0108879601403884,0,948.7372670257569,-5.1369413671144635,"Transport, mitochondrial"
11DOCRTSTRNtr,0.7286323807740573,0,-4.374843840097702,-0.6867804691018151,"Transport, endoplasmic reticular"
24_25DHVITD3t,0.5085708538933553,0,0.8432590636180132,2.588605205315756,"Transport, extracellular"
24_25DHVITD3tm,0.5085708538933553,0,0.8432590636180132,2.588605205315756,"Transport, mitochondrial"
24_25VITD3Hm,0.5085708538933553,0,0.8432590636180132,2.588605205315756,Vitamin D metabolism
25HVITD3tin_m,0.5085708538933553,0,0.8432590636180132,2.588605205315756,"Transport, mitochondrial"
2AMACHYD,0.8860484922803924,0,3.998891357370504,66.18695238258765,"Glycine, serine, alanine, and threonine metabolism"
2AMACSULT,-0.5011282529309096,0,0.48188941216204567,0.16014688449837694,Methionine and cysteine metabolism
2AMADPTm,-0.8123067767066554,0,54.66539079853296,5.661471630212724,Lysine metabolism
2HBO,1.4689297060179511,0,-135.114038484478,711.3796780910492,Propanoate metabolism
2OXOADPTm,0.9945457854268333,0,-806.5096223236084,-2.205452774068749,Tryptophan metabolism
34DHPHAMT,0.9693329736896613,0,1.6971082139500546,108.98256426397263,Tyrosine metabolism
34DHPHEt,-1,0,NA,-484.92782425538303,"Transport, extracellular"
34DHPLACOX,0.6884126022822378,0,36.806335886324945,199.44414250859617,Tyrosine metabolism
34HPLFM,-0.9665885906484861,0,175.93750949211122,2.989095013506808,Ubiquinone synthesis
34HPPOR,0.6289976263792981,0,1.1580298110865692,5.084678556437209,Tyrosine metabolism
3AIBTm,-0.457117872652255,0,1.861941148907205,0.6937081693158818,"Valine, leucine, and isoleucine metabolism"
3AIBtmi,-0.457117872652255,0,1.861941148907205,0.6937081693158818,"Transport, mitochondrial"
3DPHBH2,1,0,NA,0.04238155834847967,Ubiquinone synthesis
3DSPHR,0.4291259176382244,0,4.883364086399274,12.22501142855212,Sphingolipid metabolism
3HBCOAHLm,-0.4249356383978016,0,431.43770161333083,174.11624761407376,"Valine, leucine, and isoleucine metabolism"
3HKYNAKGAT,1,0,NA,382.2788883442998,Tryptophan metabolism
3HLYTCL,0.8851843601464616,0,3.7050434323476704,60.83395904281885,Tyrosine metabolism
3M4HDXPAC,-0.5837766875435261,0,3.427291380174184,0.9007068876750436,Tyrosine metabolism
3MLDAt,-0.9365220130528196,0,42.76120997140635,1.4016858626520217,"Transport, extracellular"
3MOXTYROX,-0.5837766875435261,0,3.427291380174184,0.9007068876750436,Tyrosine metabolism
3SALAASPm,-0.41477177412563615,0,-60.980131152409314,-147.41764754769207,"Transport, mitochondrial"
3SALATAi,0.8732704004085559,0,29.337799758134782,433.66058187828065,Methionine and cysteine metabolism
3SALATAim,0.920371210691457,0,5.712589746715476,137.76792267400026,Methionine and cysteine metabolism
3SPYRSP,0.8732704004085559,0,29.337799758134782,433.66058187828065,Methionine and cysteine metabolism
3SPYRSPm,0.920371210691457,0,5.712589746715476,137.76792267400026,Methionine and cysteine metabolism
41R1H2MAE12BOOX,-0.5296015707703727,0,2.0700622231527115,0.6366063142104395,Tyrosine metabolism
42A12BOOX,-0.5365738747670882,0,6.5989831511988655,1.9902337547557936,Tyrosine metabolism
4HBZCOAFm,-0.646605502451145,1.5296579264939163e-7,0.1974725346973275,0.04238155834847967,Ubiquinone synthesis
4HBZFm,-0.646605502451145,1.5296579264939163e-7,0.1974725346973275,0.04238155834847967,Ubiquinone synthesis
4HDEBRISOQUINEte,-0.3445454275334986,0,-1.1683596840914434,-2.3966766530413035,"Transport, extracellular"
4HGLSDm,-0.3371920357738836,0,427.477874727726,211.88859364991188,Arginine and proline metabolism
4HOXPACDOX_NADP_,-0.3512766328006891,0,-144.42773419013022,-300.83982203698156,Tyrosine metabolism
4MTOLBUTAMIDEte,-0.67165294275083,0,-1.7511198765863374,-8.915154347138342,"Transport, extracellular"
5ADTSTSTERONEGLCte,0.46091125272498495,0,0.20413232256469868,0.5531913040053102,"Transport, extracellular"
5ADTSTSTERONEGLCtr,-0.46091125272498495,0,-0.20413232256469868,-0.5531913040053102,"Transport, endoplasmic reticular"
5AOPtm,1.0037209812285273,0,-1.7467785746263245,940.6273949209213,Heme synthesis
5FTHFt2,-0.6927026228428755,0,108.79355296909809,19.750647885722483,"Transport, extracellular"
5HLTDL,0.928397283468133,0,1.1098734405771633,29.891001786920988,Tryptophan metabolism
5HOMEPRAZOLEte,-0.8285061912161983,0,-1.0940481838318628,-11.66499182572445,"Transport, extracellular"
5HOXINDACTO2OX,0.3764646380882579,0,1.97048630780363,4.349881158645021,Tryptophan metabolism
5HOXINOXDA,-0.6746353469620323,0,4.849819244028383,0.9422706611876678,Tryptophan metabolism
5MTHFt,-0.35362360478976734,0,517.3241160326958,247.03033848797864,"Transport, extracellular"
6HTSTSTERONEte,0.5694008791897048,0,1.2087250680573867,4.405429767107281,"Transport, extracellular"
6HTSTSTERONEtr,-0.5694008791899371,0,-1.2087250680573867,-4.405429767110308,"Transport, endoplasmic reticular"
A_MANASEly,-0.369281584868915,0,0.37772006513662637,0.17398539750973868,N-glycan degradation
A4GALTg,-0.6665570397873812,0,2.5154321144395273,0.5032849824087694,Sphingolipid metabolism
AATAi,0.8296405542936687,0,-53.79260537244082,-5.008676929926397,Lysine metabolism
ABO3g,-0.4257541314744273,0,0.17956285930513602,0.07232188763849463,Blood group synthesis
ABUTt2rL,-0.8031753644438223,0,102.20258730176687,11.155868361574104,"Transport, lysosomal"
ACACT10m,-0.9796657449547178,0,-4.952054395625624,-482.1131844929337,"Valine, leucine, and isoleucine metabolism"
ACACT1x,-0.5345448392542573,0,436.69745369033814,132.45822364074587,Cholesterol metabolism
ACACt2m,-1.4518742662940485,0,312.2744505164385,-57.55139655785673,"Transport, mitochondrial"
ACACT8p,-0.9033936611011814,0,62.50877505406141,3.1726195323825146,Fatty acid oxidation
ACALDtm,-0.7758403211909218,0,-36.901563918757624,-292.3419834918141,"Transport, mitochondrial"
ACALDtr,0.7047463538637043,0,0.7857078795561742,4.536549033020437,"Transport, endoplasmic reticular"
ACALDtx,0.3838860196490388,0,72.86195352407098,163.65906644228696,"Transport, peroxisomal"
ACCOAgt,0.6001166469582457,0,80.55973038681745,322.3564189053774,"Transport, extracellular"
ACCOAtr,0.3481805741658318,0,-344.560020886755,-166.58815538769812,"Transport, endoplasmic reticular"
ACETONEt2,-3.5427147810641633,0,16.965868019096135,-30.3105562597455,"Transport, extracellular"
ACETONEt2m,-3.5427147810641633,0,16.965868019096135,-30.3105562597455,"Transport, mitochondrial"
ACGALK,1,0,NA,0.39959261489572573,Aminosugar metabolism
ACGALtlg,0.8178615058906987,0,-2.163748327544193,-0.21679421712454405,"Transport, golgi apparatus"
ACGALtly,0.4571205491487084,0,31.31854058650136,84.06081494957805,"Transport, lysosomal"
ACGAM6PSi,-0.44042239532261673,0,1.9980120518924087,0.776190929650247,Aminosugar metabolism
ACGBGBSIDEtg,0.8178615058906987,0,-2.163748327544193,-0.21679421712454405,"Transport, golgi apparatus"
ACGBGBSIDEtl,-0.8178615058906987,0,2.163748327544193,0.21679421712454405,"Transport, lysosomal"
ACGPID,0.44716914571976313,0,1.5406526594422758,4.0330328449536115,Phosphatidylinositol phosphate metabolism
ACHEe,-0.4788522073274134,0,274.3714432790279,96.68854759710283,Glycerophospholipid metabolism
ACHVESSEC,-0.4118865785720651,0,0.39809794628294765,0.16582546275685017,"Transport, extracellular"
ACNACNGALGBSIDEte,1,0,NA,0.048749224895189944,"Transport, extracellular"
ACNACNGALGBSIDEtg,-1,0,NA,-0.048749224895189944,"Transport, golgi apparatus"
ACNAM9PL,-0.37248188854747455,0,0.3051563343267097,0.139521787655159,Aminosugar metabolism
ACNAMPH,-0.37248188854747455,0,0.3051563343267097,0.139521787655159,Aminosugar metabolism
ACNAMtn,-0.39313573970104,6.875550240316507e-13,0.5036112968125351,0.21937826186551246,"Transport, nuclear"
ACOAD10m,0.7025832349277802,0,7.6822884551087425,43.9778017435275,"Valine, leucine, and isoleucine metabolism"
ACOAD1fm,0.7725992276953132,0,4.1253438288556,32.15724032462463,Butanoate metabolism
ACOAD9m,-0.5220134102624475,0,409.3136421532631,128.544486288172,"Valine, leucine, and isoleucine metabolism"
ACONTm,-1.0129833612746282,0,132.5839654343456,-0.8551414559964094,Citric acid cycle
ACP1_FMN_,0.8369643451275128,0,0.3378604673187927,3.806760138315466,Vitamin B2 metabolism
ADCim,1,0,NA,31.622277333553136,Propanoate metabolism
ADEt,1.0754292535615,0,-4.466728321590499,122.90163548790962,"Transport, extracellular"
ADKd,0.5408669363038653,0,168.5834052864298,565.7719205064535,Nucleotide interconversion
ADMDC,0.9102417524661729,0,4.045643055370616,86.09967877359986,Arginine and proline metabolism
ADNCYC,0.35789267617820014,0,0.5413417940259271,1.1447993663143103,Nucleotide interconversion
ADNK1m,-0.4689071288323026,0,3.400090688979105,1.2293247754035657,Nucleotide interconversion
ADNt,-1.110998818038107,0,439.235918614164,-23.09554481483097,"Transport, extracellular"
ADNtm,-1.920058215292353,0,2.6757425564968913,-0.8430787126844493,"Transport, mitochondrial"
ADRNCPT1,-0.42155380529866393,0,2.38741850989277,0.9714673810161301,Fatty acid oxidation
ADRNCPT2,-0.42155380529866393,0,2.38741850989277,0.9714673810161301,Fatty acid oxidation
ADRNCRNt,-3.0995178392318543,0,471.6985944128662,-241.57465647130059,Fatty acid oxidation
ADRNt,0.9986929571060765,0,0.3095654858790292,473.37876917891504,"Transport, extracellular"
ADSL1,0.35368761337660154,0,0.29092268000530164,0.60933139535042935,Nucleotide interconversion
ADSL2,-0.6687288458905489,0,1.0241613469407551,0.20331350550502003,Purine synthesis
AFLATOXINte,0.6800410417595993,0,1.2259305066652144,6.437117988099002,"Transport, extracellular"
AG13T16g,0.6231705704287155,0,0.020138070266118708,0.08674355142160144,Keratan sulfate synthesis
AG13T17g,0.6231705704287155,0,0.020138070266118708,0.08674355142160144,Keratan sulfate synthesis
AG13T18g,0.6231705704287155,0,0.020138070266118708,0.08674355142160144,Keratan sulfate synthesis
AG13T1g,-0.4468946308442453,0,0.046939097689145864,0.01794343997257381,Keratan sulfate synthesis
AG13T2g,-0.4468946308442453,0,0.046939097689145864,0.01794343997257381,Keratan sulfate synthesis
AG13T3g,-0.4468946308442453,0,0.046939097689145864,0.01794343997257381,Keratan sulfate synthesis
AGMTm,0.8562591234168196,0,11.740966720928391,151.62198194084763,Arginine and proline metabolism
AHCYStr,1,0,NA,131.98026151571494,"Transport, endoplasmic reticular"
AIRCr,-0.6687288458905489,0,1.0241613469407551,0.20331350550502003,Purine synthesis
AKGDm,-0.6605069709754682,0,962.8246493347168,196.85087887954117,Citric acid cycle
AKGMALtm,1.6649666267656442,0,-81.11391939323377,325.0778000702739,"Transport, mitochondrial"
AKGtp,-0.851461068155425,0,-0.6401728465208647,-7.9794238958431585,"Transport, peroxisomal"
AKR1D,-0.5216266835893659,0,14.98285008027628,4.710350941847265,Bile acid synthesis
ALAASNNaEx,0.43221371470286646,0,28.103005545166507,70.8884857003808,"Transport, extracellular"
ALADGLNexR,-0.4146164624900575,0,-269.0813294430733,-650.252106504476,"Transport, extracellular"
ALADGLYexR,0.7232173563106772,0,58.516857727680836,364.319321215415,"Transport, extracellular"
ALAGLNexR,2.9533655035488,0,-183.9880715816226,372.3686601067707,"Transport, extracellular"
ALASm,-0.7978743718284289,0,416.71640206604,46.849249233879895,"Glycine, serine, alanine, and threonine metabolism"
ALAt4,0.8917792949721348,0,6.173800504938839,107.92267490333319,"Transport, extracellular"
ALDD21,-0.4940710321856711,0,0.3206748573715249,0.1085883442614133,Fatty acid oxidation
ALDD2xm,0.7758403211909218,0,36.901563918757624,292.3419834918141,Glycolysis/gluconeogenesis
ALDD2y,0.6126535182255725,0,81.1590142793417,337.8922387876988,Glycolysis/gluconeogenesis
ALOX15,0.42912997926877833,0,0.4421647310182947,1.1069260075422285,Eicosanoid metabolism
ALOX5,0.7915196819273747,0,3.988091971777263,34.270598427841065,Eicosanoid metabolism
AMACR2p,-0.452296621194394,0,904.9361997989655,341.2778126728535,Bile acid synthesis
AMETr,-1,0,NA,-131.98026151571494,"Transport, endoplasmic reticular"
AMETt2m,-0.4529508048251296,0,4.368963746724278,1.6449545940967742,"Transport, mitochondrial"
AMPDA,-0.6062440176132117,0,17.285814583881198,4.237458834521253,Nucleotide interconversion
AMPTASECGe,0.993732499986379,0,0.23846504238824628,75.85728026913702,Glutathione metabolism
AMY1e,-0.7148467840151188,0,72.16506995325088,11.999965227658487,Starch and sucrose metabolism
AMY2e,0.7730804082274909,0,8.39738026324883,65.61456553354562,Starch and sucrose metabolism
ANDRSTRNGLCte,0.8177119963831494,0,0.18559188362962378,1.8506571283428557,"Transport, extracellular"
ANDRSTRNGLCtr,-0.8177119963831494,0,-0.18559188362962378,-1.8506571283428557,"Transport, endoplasmic reticular"
ANTIPYRENEte,0.8380445165034653,0,4.610631571134296,52.326391758896406,"Transport, extracellular"
APAT2rm,-2.5428509645456185,0,2.371143819076789,-1.032592554682355,Beta-Alanine metabolism
APNNOXte,-0.8795461572492336,0,-0.7916862656342164,-12.353369924433737,"Transport, extracellular"
APPNNte,0.8795461572492334,0,0.7916862656342193,12.353369924433737,"Transport, extracellular"
APRTO2,-0.3922449690067749,0,9.331037430324368,4.073266608182754,Arginine and proline metabolism
ARACHCOAtx,-0.619315145118756,0,68.56682575155497,16.119377497073916,"Transport, peroxisomal"
ARACHCPT1,0.6096492277717098,0,-68.63175126070976,-16.643661638681916,Fatty acid oxidation
ARACHCPT2,0.6096492277717098,0,-68.63175126070976,-16.643661638681916,Fatty acid oxidation
ARACHCRNt,-0.3433003459291982,0,657.6991668008804,321.52959435295014,Fatty acid oxidation
ARACHDtr,-1.0432349648167871,0,5.375969861771795,-254.0621841123471,"Transport, endoplasmic reticular"
ARGDCm,0.9668600703239305,0,3.7608004095721714,223.2040994156599,Arginine and proline metabolism
ARGNm,0.36850615644891627,0,49.989046604424715,108.33093423124254,Urea cycle
ARSA,-0.8529587081974512,0,1.5547003924654068,0.12337304283290206,Sphingolipid metabolism
R_group_phosphotase_1,-0.4614133603830432,0,1.3556255578984886,0.49959979400765914,Miscellaneous
ARTPLM3m,0.46819577346453556,0,0.13828606414403422,0.3817777384508567,R group synthesis
ASNGLNNaEx,0.5187733423558027,0,7.471385786308491,23.58003527537584,"Transport, extracellular"
ASPCTr,-1.187214201311645,0,67.70821706228777,-5.795472511082865,Pyrimidine synthesis
ASPGLUm,-0.823737386463855,0,7.07039473308092,0.6833474290952898,"Transport, mitochondrial"
ATPasel,0.7191862656521739,2.304723242444167e-16,0.2517607564128244,1.5413193220778119,"Transport, lysosomal"
ATPH1e,0.995607968953039,0,0.11021011449482321,50.0761903532736,Nucleotide interconversion
ATPH2e,0.9985937777839574,0,0.21472313976104634,305.1753315918326,Nucleotide interconversion
ATPtn,0.9967280909592058,0,0.49543863871504384,302.3483339343548,"Transport, nuclear"
B_MANNASEly,-0.369281584868915,0,0.37772006513662637,0.17398539750973868,N-glycan degradation
B3GALT3g,-0.6926253746032607,0,2.457075135427341,0.44619592773187905,Sphingolipid metabolism
B3GALT42g,0.524761898524165,0,0.08801255595277543,0.2823809612313711,Sphingolipid metabolism
B3GALT43g,-0.4554932320449904,0,0.1529137375334548,0.05720573834842017,Sphingolipid metabolism
B3GALT5g,-0.36559076428600107,4.229635292397578e-11,0.2018085518554377,0.09375371633396862,Sphingolipid metabolism
B3GNT12g,-0.5184698369065631,0,0.16254409568782363,0.051545235212498416,Blood group synthesis
B3GNT315g,-0.5184698369065631,0,0.16254409568782363,0.051545235212498416,Blood group synthesis
B3GNT36g,-0.8178615058906987,0,2.163748327544193,0.21679421712454405,Sphingolipid metabolism
B3GNT37g,0.45665095298138053,0,0.06461693646636558,0.1732299386534919,Sphingolipid metabolism
BAAT3x,-0.4521433826444474,0,906.2216250566482,341.8942784932613,Bile acid synthesis
BAAT4x,0.4937529261260072,0,76.44633892710209,225.56563456286193,Bile acid synthesis
BALAtmr,-2.5428509645456185,0,2.371143819076789,-1.032592554682355,"Transport, mitochondrial"
BAMPPALDOX,0.6271417022065551,0,1.7681713775809087,7.716243415088855,Beta-Alanine metabolism
BDHm,0.6406887716452682,0,-848.8110481903076,-185.88981995682715,Butanoate metabolism
BETALDHxm,-0.426630964258196,0,1.258848718165778,0.5059366393710821,"Glycine, serine, alanine, and threonine metabolism"
BHBtm,0.6406887716452682,0,-848.8110481903076,-185.88981995682715,"Transport, mitochondrial"
BILDGLCURtr,-0.9217441000497159,0,-2.5409788365911656,-62.39927073450684,"Transport, endoplasmic reticular"
BILGLCURtr,1,0,NA,959.6894923341274,"Transport, endoplasmic reticular"
BILIRED,0.9814556401338935,0,0.10492866136018202,11.211575345009937,Heme degradation
BILIRUBt2,-6.837499901753591,0,345.4784223678887,-463.843622601676,"Transport, extracellular"
BILIRUBtr,-1,0,NA,-645.8950554946423,"Transport, endoplasmic reticular"
BMTer_U,0.5763086329422916,0,0.6705572498175548,2.494752699611848,Phosphatidylinositol phosphate metabolism
BTNt3i,-0.3715496403315444,0,1.6474845561084428,0.7548850084524092,"Transport, extracellular"
BTNtn,-1.011260250510578,0,51.82491279901564,-0.29014718540657924,"Transport, nuclear"
BUTt2m,0.517308871951347,0,1.1318741182564707,3.5579743271965527,"Transport, mitochondrial"
BZtr,-0.5130785637034847,0,-67.36240050816221,-209.3245370007515,"Transport, endoplasmic reticular"
C160CPT1,0.5710907940695602,0,-69.98314439855777,-19.105461635829393,Fatty acid oxidation
C160CPT2,-0.5941414466976308,0,-176.92180174565314,-694.9179084493637,Fatty acid oxidation
C161CPT1,0.7906104307326368,0,4.554279370139443,38.94625779677378,Fatty acid oxidation
C161CPT2,0.6418240870448312,0,-22.74481125118538,-4.9619466538280035,Fatty acid oxidation
C161CPT22,0.961561139029982,0,16.18837067413181,826.1035321352958,Fatty acid oxidation
C180CPT1,-1.0317412512605455,0,81.70075518417154,-1.276385069638258,Fatty acid oxidation
C180CPT2,-0.8371691109073626,0,-8.41231332699128,-94.9134545769764,Fatty acid oxidation
C181CPT1,0.4752835899141089,0,118.32648387696743,332.68469702968076,Fatty acid oxidation
C204CPT2,0.6196039954441125,0,0.14302832723917683,0.608968673392638,Fatty acid oxidation
C226CRNt,1,0,NA,102.63409460877548,Fatty acid oxidation
C4STMO1r,-0.42339762726176006,0,0.04511375129192861,0.018275073345520754,Cholesterol metabolism
C4STMO2Pr,0.38803020742415084,0,0.08581836542184629,0.1946476525514501,Cholesterol metabolism
CARVEOLte,-0.33707787440392406,0,-1.4026945192057876,-2.8291585599007054,"Transport, extracellular"
CAT2p,0.3838860196490388,0,72.86195352407098,163.65906644228696,Glycolysis/gluconeogenesis
CAt7r,1.0185536009095448,0,-4.156267047610955,452.18434179970023,"Transport, extracellular"
CBPPer,0.4257802700326482,0,2.414938415577484,5.996261303090453,Glycolysis/gluconeogenesis
CBPSam,-0.45193780531083305,0,1.1066399578847534,0.41772279902802256,Glutamate metabolism
CBPter,0.4257802700326482,0,2.414938415577484,5.996261303090453,"Transport, endoplasmic reticular"
CBR2,0.5638551246848689,0,160.38090117590428,575.0669293644547,Eicosanoid metabolism
CEPTC,0.7427396468978943,0,0.5314068839871441,3.599870070112584,Glycerophospholipid metabolism
CEPTE,-0.5991607669115879,0,2.635515705359105,0.6606078112889415,Glycerophospholipid metabolism
CERT1gt,0.7419440809645679,0,2.190262192616554,14.784835304107185,"Transport, golgi apparatus"
CERT2rt,0.9312410622129441,0,0.1141567771289242,3.20633597051834,"Transport, endoplasmic reticular"
CH25H,1,0,NA,8.665805157833104,Bile acid synthesis
CHAT,1.1661476136437061,0,-353.2469831597507,27.094710863266517,Glycerophospholipid metabolism
CHLPCTD,0.7116036285503746,0,0.6310581257313955,3.7452668783550265,Glycerophospholipid metabolism
CHOLD2m,-0.426630964258196,0,1.258848718165778,0.5059366393710821,"Glycine, serine, alanine, and threonine metabolism"
CHOLPtg,-0.9174213598648648,0,-2.537100318343351,-58.90978992328644,"Transport, golgi apparatus"
CHOLtg,-0.8617121323262648,0,24.78377235878967,1.8409371529022465,"Transport, golgi apparatus"
CHOLtr,0.7967203334404938,0,38.11325316208601,336.870175403595,"Transport, endoplasmic reticular"
CHOLtu,0.45900155117527963,0,226.35309586799553,610.4444822386741,"Transport, extracellular"
CHSTEROLt1,-2.116775412374651,0,80.90076933902502,-225.78356035069675,"Transport, mitochondrial"
CHSTEROLt3,1.662906455096547,0,-63.716225685468316,255.9491574833298,"Transport, mitochondrial"
CHTNASE,-0.4144929610718375,0,0.23672695367832067,0.09798938665459962,Aminosugar metabolism
CHTNASEe,0.33696282909133274,0,48.11590389090777,97.02197374864221,Aminosugar metabolism
CITMCOAHm,-0.3618591070874239,0,2.72365865131038,1.2762538758164603,C5-branched dibasic acid metabolism
CITMCOALm,-0.3618591070874239,0,2.72365865131038,1.2762538758164603,C5-branched dibasic acid metabolism
CITRtm,-0.7814825420346412,0,586.1533523611068,71.89783650056766,"Transport, mitochondrial"
CITt4_2,-0.8371803487025146,0,-26.68489628620129,-301.0998161063552,"Transport, extracellular"
CITtam,0.4235116801050125,0,-403.21495135991574,-163.29245001268214,"Transport, mitochondrial"
CKc,0.38857385371726566,0,1.6470847771967054,3.7405970784466227,Urea cycle
CLI2tex,-0.7089430279200808,0,318.1487187443733,54.18519004787654,"Transport, extracellular"
CLOXAtex2,0.6280150688476485,0,157.22033550877572,688.0845268238545,"Transport, extracellular"
CMPACNAtn,-0.39313573970104,6.875550240316507e-13,0.5036112968125351,0.21937826186551246,"Transport, nuclear"
CMPSASn,-0.39313573970104,6.875550240316507e-13,0.5036112968125351,0.21937826186551246,Aminosugar metabolism
CO2ter,-0.9290840620260341,0,-13.61831923969239,-370.4510346675157,"Transport, endoplasmic reticular"
CO2tp,-0.4808986742744129,0,384.00031550188066,134.60412675008774,"Transport, peroxisomal"
COAtg,-0.6001166469582457,0,-80.55973038681745,-322.3564189053774,"Transport, golgi apparatus"
COAtm,0.5978877108993399,0,-316.00542639149313,-79.52352628270403,"Transport, mitochondrial"
COAtr,1,0,NA,246.52772664405703,"Transport, endoplasmic reticular"
COKECBESr,0.5130785637034847,0,67.36240050816221,209.3245370007515,Alkaloid synthesis
COQ3m,-0.7238726517272537,0,0.19246929170227603,0.030829443862012022,Ubiquinone synthesis
COQ5m,-0.7238726517272537,0,0.19246929170227603,0.030829443862012022,Ubiquinone synthesis
COQ6m,-0.7238726517272537,0,0.19246929170227603,0.030829443862012022,Ubiquinone synthesis
COQ7m,-0.7238726517272537,0,0.19246929170227603,0.030829443862012022,Ubiquinone synthesis
CORE3GTg,0.6231705704287155,0,0.020138070266118708,0.08674355142160144,O-glycan metabolism
CORE4GTg,0.6231705704287155,0,0.020138070266118708,0.08674355142160144,O-glycan metabolism
CORE6GTg,-0.45271651052677014,0,0.1695939745772577,0.06389132465123548,O-glycan metabolism
COt,0.34320635366944185,0,0.15414873780610774,0.3152490362659213,"Transport, extracellular"
COUCOAFm,-0.646605502451145,1.5296579264939163e-7,0.1974725346973275,0.04238155834847967,Ubiquinone synthesis
COUMARINte,0.7279706431324573,0,1.1481494817766564,7.293215045918175,"Transport, extracellular"
CREATt4_2_r,1.1897721047075593,0,-7.108667887162046,82.02661115513146,"Transport, extracellular"
CRNCAR3tp,-0.7549922853846214,0,118.78806610486507,16.583544464729727,"Transport, peroxisomal"
CRNt,0.42533402441902435,0,-628.7474791215182,-253.49832200260758,"Transport, extracellular"
CRNtim,-0.37120221471625897,0,259.36081352084625,118.93614477937855,"Transport, mitochondrial"
CSAPASEly,-0.679282121172257,0,3.4018740706227253,0.6497072899267193,Chondroitin sulfate degradation
CSBPASEly,-0.47541714572084004,0,2.037115210886905,0.7242939496276798,Chondroitin sulfate degradation
CSCPASEly,-0.649892272513537,0,5.207250681479648,1.1049804480675374,Chondroitin sulfate degradation
CSDPASEly,-0.6436228730268937,0,3.0401556020477787,0.6591791443092516,Chondroitin sulfate degradation
CSm,0.42055448659781,0,13.098089044885567,32.11095560878925,Citric acid cycle
CSNAT2x,0.696870024100704,0,-264.5550602172111,-47.26028976213485,Fatty acid oxidation
CSNAT3x,-0.3448170455126918,0,118.78806610486507,57.87249378501773,Fatty acid oxidation
CSNATer,0.3481805741658318,0,-344.560020886755,-166.58815538769812,Fatty acid oxidation
CSNATp,8.14965572610715,0,-119.86741738153603,153.39837942320108,Fatty acid oxidation
CSNATr,0.7025677869665273,0,-266.9037719114035,-46.62708889143965,Fatty acid oxidation
CSNt,0.39177678000982247,0,2.9918731387921813,6.84620288481145,"Transport, extracellular"
CSPG_Atly,-0.679282121172257,0,3.4018740706227253,0.6497072899267193,"Transport, lysosomal"
CSPG_Btly,-0.47541714572084004,0,2.037115210886905,0.7242939496276798,"Transport, lysosomal"
CSPG_Ctly,-0.649892272513537,0,5.207250681479648,1.1049804480675374,"Transport, lysosomal"
CSPG_Dtly,-0.6436228730268937,0,3.0401556020477787,0.6591791443092516,"Transport, lysosomal"
CTPtn,-0.3931357397011048,6.875550240316507e-13,0.5036112968125322,0.21937826186547754,"Transport, nuclear"
CYANt,-0.966057659430722,0,620.9919784833908,10.720906949685421,"Transport, extracellular"
CYANtm,-0.9034672670361236,0,148.7006584700227,7.541228159909774,"Transport, mitochondrial"
CYSALANaEx,-0.9065934804630438,0,38.644436116718616,1.893241697361872,"Transport, extracellular"
CYSGLNNaEx,0.9022194145916792,0,10.65412905209664,207.2649805054128,"Transport, extracellular"
CYSGLUexR,-1.0126607987371063,0,2.1982360121060163,-349.4489992144957,"Transport, extracellular"
CYSGLYexR,-0.9395136532264176,0,754.7117320826352,23.53670234025009,"Transport, extracellular"
CYSO,0.8844134895227185,0,35.0503895211637,571.428504537201,Taurine and hypotaurine metabolism
CYSSERNaEx,-0.9054210614899717,0,111.54134651421904,5.536551666456752,"Transport, extracellular"
CYSTA,-0.4807468429613049,0,706.0548269264222,247.59208480955363,Methionine and cysteine metabolism
CYStec,0.8996220154413634,0,43.710938816931936,827.2158686723709,"Transport, extracellular"
CYTD,-0.9596270530501777,0,793.7796745742797,16.353736616134643,Pyrimidine catabolism
CYTDK1,0.9468032047967582,0,0.3217092347647416,11.773351512245672,Nucleotide interconversion
CYTDt,0.9559150141505777,0,0.4980062851577071,22.095004716760666,"Transport, extracellular"
CYTK11,-1.3177826257130842,0,63.80613302004221,-465.37706772338095,Nucleotide interconversion
CYTK11n,0.5460600217640351,0,-805.3502958116532,-236.4595750532031,Nucleotide interconversion
CYTK12,0.7149819149525126,0,117.23722162650228,705.4279198291301,Nucleotide interconversion
CYTK12n,0.3915076562790662,0,404.6694428457111,925.4029796638489,Nucleotide interconversion
CYTK13,-0.9156644330324601,0,-15.500330817001545,-352.0867116218671,Nucleotide interconversion
CYTK13n,-1.1568155136811566,0,64.62477716163023,-888.8388570648193,Nucleotide interconversion
CYTK14,0.5001872109200521,0,173.9311174414575,522.0539443318867,Nucleotide interconversion
CYTK14n,2.447137085355155,0,-654.5029676204681,274.7658400190949,Nucleotide interconversion
CYTK1n,1.4794621038223854,0,-632.796097961843,122.36595508019728,Nucleotide interconversion
CYTK2n,-0.5056549931795749,0,-227.82624291225304,-693.903479322052,Nucleotide interconversion
CYTK3,5.961482224954184,0,-295.057139592281,210.28865780700346,Nucleotide interconversion
CYTK3n,-15.605246913795174,0,690.1451512836456,-607.0214067387461,Nucleotide interconversion
CYTK4n,0.549591982995949,0,86.88381291896226,298.9166597141918,Nucleotide interconversion
CYTK5,-2.9674933711396365,0,511.168255868052,-253.4900656099938,Nucleotide interconversion
CYTK5n,-0.5899323771009765,0,-152.6602916573342,-591.9012544510051,Nucleotide interconversion
CYTK6,-0.6125570349791932,0,904.090454631424,217.22238580784705,Nucleotide interconversion
CYTK7,12.36180539143807,0,-516.2763865056038,438.99994497975706,Nucleotide interconversion
CYTK7n,-0.8648265203370497,0,691.488860470581,50.12313713829145,Nucleotide interconversion
CYTK8n,3.21688323488478,0,-284.57833039872645,541.3156505431652,Nucleotide interconversion
CYTK9n,-0.5420331586436461,0,330.1378155684948,98.04729020300506,Nucleotide interconversion
DADAe,-0.648047862307152,0,10.28659807714021,2.1967749029863395,Nucleotide interconversion
DADNt4,1.0505971173002968,0,-10.28659807714021,416.8946669158697,"Transport, extracellular"
DAG_HSter,0.4299047437349554,0,3.472511997259781,8.709704778265767,"Transport, endoplasmic reticular"
DAGK_hs,-0.7002069035591022,0,18.87655152411461,3.328453625081841,Glycerophospholipid metabolism
DAGKn_hs,1,0,NA,0.4349146800999166,Glycerophospholipid metabolism
DAGt,-1,0,NA,-295.3954945088387,"Transport, extracellular"
DASCBR,0.4802669014770464,0,50.1247082049191,142.76163421725929,Vitamin C metabolism
DCIm,-0.6861501829299348,0,-2.593022053705738,-13.930945224101283,Fatty acid oxidation
DCK2n,-22.15532600657423,0,243.91347930576353,-266.9727769247144,Nucleotide interconversion
DCSPTN1CPT1,-0.5795770573243678,1.5564523075091766e-11,3.2742787381703966,0.8714876528870548,Fatty acid oxidation
DCSPTN1CPT2,-0.5795770573243678,1.5564523075091766e-11,3.2742787381703966,0.8714876528870548,Fatty acid oxidation
DCSPTN1t,-0.4264506775884106,4.607067415734843e-16,4.199073954765312,1.6883696431645658,"Transport, extracellular"
DCT,-0.38573371788197297,0,16.296561472830177,7.223919067599601,Tyrosine metabolism
DCTPtn,0.3549752207766951,0,441.35632212562564,927.1378391593934,"Transport, nuclear"
DCYTDn,0.6639129877242621,0,1.558823155468794,7.71748386344022,Nucleotide interconversion
DEBRISOQUINEt,0.34454542753179795,0,1.1683596840974038,2.3966766530442802,"Transport, extracellular"
DECDPtm,-0.646605502451145,1.5296579264939163e-7,0.1974725346973275,0.04238155834847967,"Transport, mitochondrial"
DESAT16_2,0.5350119669208487,0,1.288048425071509,4.252087378175085,Fatty acid synthesis
DESAT18_10,0.6775981857106979,0,4.221625215970981,21.96696944362838,Fatty acid synthesis
DESAT18_4,0.4732202787021298,0,1.540791079813987,4.309058553796867,Fatty acid synthesis
DESAT18_6,0.5929037035932676,0,0.8040079514803452,3.145956509395299,Fatty acid synthesis
DESAT18_7,0.8815775436597396,0,0.20326803685459569,3.2296625598651794,Fatty acid synthesis
DESAT18_8,0.45501465829826504,0,3.0276306574448593,8.083239400054234,Fatty acid synthesis
DESAT18_9,0.9095373175994007,0,2.6366624994911954,55.656159015908095,Fatty acid synthesis
DESAT22_1p,0.4210416250650182,0,0.5872629186049453,1.4414249595897388,Fatty acid synthesis
DESAT22_2p,0.4278287179269885,1.684863921819062e-5,0.41839572754719745,1.0440884643588493,Fatty acid synthesis
DESAT24_1,-0.7177471024593718,2.304723242444167e-16,1.8588642334954726,0.3054406642791269,Fatty acid synthesis
DGSNt,0.804334061996721,0,22.998611162848025,212.08176509009598,"Transport, extracellular"
DGULND,-1,0,NA,-945.025335299921,Pentose phosphate pathway
DHAAt1r,0.4940324067656103,0,46.04587828456163,135.96529753092528,"Transport, extracellular"
DHCR241r,0.8455985034217948,0,0.008717219774579281,0.1041990403364612,Cholesterol metabolism
DHCR243r,0.98510220359066,0,0.012698040682784859,1.6919890598637035,Cholesterol metabolism
DHCR71r,0.9988927749126136,0,0.03751194813199836,67.7209746673435,Cholesterol metabolism
DHCR72r,0.9881629058279674,0,0.17240894194903397,28.95787243342139,Cholesterol metabolism
DHCRD1,0.4263727949882598,0,3.697259021794984,9.193548769370757,Sphingolipid metabolism
DHCRD2,0.5031496785787112,0,0.5536303092721326,1.6749294215072266,Sphingolipid metabolism
DHDPBMTm,-0.646605502451145,1.5296579264939163e-7,0.1974725346973275,0.04238155834847967,Ubiquinone synthesis
DHEASt,1.3811820946846107,0,-31.221664628523587,195.03662374593094,"Transport, extracellular"
DHEAtr,0.3657254343463489,0,-583.3435813785314,-270.91828811315895,"Transport, endoplasmic reticular"
DHFtm,1,0,NA,4.105052354536007,"Transport, mitochondrial"
DHORD9,-0.3825257962900589,0,211.56175560417176,94.48932304027379,Pyrimidine synthesis
DIGALSIDEtl,0.6559191828686275,1.3024324846854083e-12,0.5121810994664622,2.4649165704155984,"Transport, lysosomal"
DINt,-0.9935408749774476,0,678.0114252220154,2.1967749029863395,"Transport, extracellular"
DLNLCGCPT1,6.128539995064567,0,-117.56665994927398,84.58188044865504,Fatty acid oxidation
DLNLCGt,0.41161744719360044,0,2.9083999926747843,6.977685102141954,"Transport, extracellular"
DM_Asn_X_Ser_Thr_ly_,-0.369281584868915,0,0.37772006513662637,0.17398539750973868,Exchange/demand reaction
DM_dctp_m_,-0.4235646319668727,0,2.6987667936201243,1.0927952233307525,Exchange/demand reaction
DM_dttp_m_,0.36291700936781507,0,1.396701229865034,2.9879747084426924,Exchange/demand reaction
DM_ethamp_r_,1,0,NA,367.5096752868652,Exchange/demand reaction
DM_gpi_sig_er_,0.44716914571976313,0,1.5406526594422758,4.0330328449536115,Exchange/demand reaction
DM_melanin_c_,-0.38573371788197297,0,16.296561472830177,7.223919067599601,Exchange/demand reaction
DM_mem2emgacpail_prot_hs_r_,0.7531219624865241,0,0.3531072793321514,2.5074734583357494,Exchange/demand reaction
DM_Ser_Gly_Ala_X_Gly_ly_,-0.3541753173019149,0,17.469281490382553,8.331338661502487,Exchange/demand reaction
DMANTIPYRINEte,-0.8380445165034653,0,-4.610631571134296,-52.326391758896406,"Transport, extracellular"
DMHPTCRNCPT2,-0.363405694004038,0,-0.3865286061048566,-0.827835400812002,Fatty acid oxidation
DMHPTCRNt,-0.363405694004038,0,-0.3865286061048566,-0.827835400812002,Fatty acid oxidation
DMHPTCRNte,0.363405694004038,0,0.3865286061048566,0.827835400812002,"Transport, extracellular"
DMNONCOACRNCPT1,-0.6908134770404945,0,265.65479938787445,48.578323301520946,Fatty acid oxidation
DNADtn,0.9967280909592042,0,0.49543863871523014,302.3483339343548,"Transport, nuclear"
DNDPt30m,1,0,NA,1.0927952233307525,"Transport, mitochondrial"
DOLMANP_Uter,0.49186421975766886,0,4.975065258323402,14.60657198025398,N-glycan synthesis
DOLPMT3_Uer,0.49186421975766886,0,4.975065258323402,14.60657198025398,N-glycan synthesis
DOLPMT4_Uer,0.49186421975766886,0,4.975065258323402,14.60657198025398,N-glycan synthesis
DOPACHRMISO,-0.4322962043659988,0,9.112843652573227,3.6119595337998005,Tyrosine metabolism
DOPAMT,-0.8763398471116671,0,13.666748620622725,0.9007068876750436,Tyrosine metabolism
DOPAQNISO1,-0.4322962043659988,0,18.225687305146455,7.223919067599601,Tyrosine metabolism
DOPAVESSEC,-0.6096026354834518,0,0.6945726670802069,0.16846352802590844,"Transport, extracellular"
DORNOp,0.34224325457350996,0,1.950492031155283,3.9802476981365307,Arginine and proline metabolism
DPGase,0.6119334302895478,0,0.28708330053660464,1.192473677281948,Glycolysis/gluconeogenesis
DPGM,0.6119334302895478,0,0.28708330053660464,1.192473677281948,Glycolysis/gluconeogenesis
DPHMBDCm,-0.646605502451145,1.5296579264939163e-7,0.1974725346973275,0.04238155834847967,Ubiquinone synthesis
DPMVDx,-0.4402824759746548,0,1.0006529293201247,0.3888702316042238,Cholesterol metabolism
DPPS,-0.646605502451145,1.5296579264939163e-7,0.1974725346973275,0.04238155834847967,Miscellaneous
DUDPtn,6.805906347799793,0,-651.2980923870086,875.6551706350326,"Transport, nuclear"
DUMPtn,-0.6608885064205098,0,-0.26195998155410505,-1.2830185079036676,"Transport, nuclear"
DURAD,-0.985644398691863,0,-3.1428271803672234,-434.7109572634578,Pyrimidine catabolism
DURIK1,0.7599026352345364,0,10.157076655455857,74.4509044890076,Nucleotide interconversion
DURIt,147.05633715120797,0,-403.52464096345903,398.07368021800517,"Transport, extracellular"
DURItn,-0.663912987724371,0,-1.558823155468794,-7.717483863443227,"Transport, nuclear"
DUTPDPn,0.6608885064205098,0,0.26195998155410505,1.2830185079036676,Nucleotide interconversion
EAFLATOXINte,-0.6800410417588637,0,-1.2259305066685673,-6.43711798809899,"Transport, extracellular"
EBASTINEOHte,-0.8416498464580666,0,-0.8879523128501231,-10.327096021346543,"Transport, extracellular"
EBASTINEOHtr,0.8416498464578602,0,0.8879523128516367,10.327096021349528,"Transport, endoplasmic reticular"
EBASTINEte,0.8416498464578602,0,0.8879523128516367,10.327096021349528,"Transport, extracellular"
EBASTINEtr,-0.8416498464578602,0,-0.8879523128516367,-10.327096021349528,"Transport, endoplasmic reticular"
ECOAH12m,-0.4249356383978016,0,431.43770161333083,174.11624761407376,"Valine, leucine, and isoleucine metabolism"
ECOAH9m,-0.9796657449547178,0,-4.952054395625624,-482.1131844929337,"Valine, leucine, and isoleucine metabolism"
EICOSTETt,-1.7111548954309657,0,0.5518546229653642,-2.103850191050249,"Transport, extracellular"
ELAIDCPT1,-2.2036616279891286,0,48.88530845232196,-18.366911612137407,Fatty acid oxidation
ELAIDCPT2,-1.8702375639503144,0,52.83177454864217,-16.01825415423295,Fatty acid oxidation
ENGASE3ly,-0.613430432345654,0,0.25632756664564366,0.06141475618012191,Keratan sulfate degradation
ESTRADIOLGLCt,-0.976581329128427,0,-0.3313695517285945,-27.96823408895731,"Transport, extracellular"
ESTRADIOLGLCtr,-0.9603378145075131,0,-0.570933580160966,-28.21888589507267,"Transport, endoplasmic reticular"
ESTRIOLGLCte,0.37700080070357267,0,0.395488406213567,0.8741389276905682,"Transport, extracellular"
ESTRIOLGLCtr,-0.37700080070357267,0,-0.395488406213567,-0.8741389276905682,"Transport, endoplasmic reticular"
ESTRONEGLCt,0.3797580783444434,0,0.21415000295929784,0.4763870132671651,"Transport, extracellular"
ESTRONEGLCtr,-0.3797580783444434,0,-0.21415000295929784,-0.4763870132671651,"Transport, endoplasmic reticular"
ETHAK,0.6682721752753402,0,0.3920683261796163,1.971726911708796,Glycerophospholipid metabolism
ETOHtx,0.3838860196490388,0,72.86195352407098,163.65906644228696,"Transport, peroxisomal"
EX_13_cis_retnglc[e],0.5089018535268771,0,9.494815422300249,29.17287449055463,Exchange/demand reaction
EX_2425dhvitd3[e],0.5085708538933553,0,0.8432590636180132,2.588605205315756,Exchange/demand reaction
EX_2hb[e],-1.4689297060179511,0,135.114038484478,-711.3796780910492,Exchange/demand reaction
EX_3aib[e],-0.457117872652255,0,1.861941148907205,0.6937081693158818,Exchange/demand reaction
EX_3mlda[e],-0.9365220130528196,0,42.76120997140635,1.4016858626520217,Exchange/demand reaction
EX_4hdebrisoquine[e],0.34454542753179795,0,1.1683596840974038,2.3966766530442802,Exchange/demand reaction
EX_4mtolbutamide[e],0.6716529427507737,0,1.7511198765861105,8.915154347135362,Exchange/demand reaction
EX_5adtststeroneglc[e],0.46091125272498495,0,0.20413232256469868,0.5531913040053102,Exchange/demand reaction
EX_5fthf[e],0.6927026228428755,0,-108.79355296909809,-19.750647885722483,Exchange/demand reaction
EX_5homeprazole[e],0.8285061912163026,0,1.0940481838311398,11.664991825724497,Exchange/demand reaction
EX_5mthf[e],1.2253869169677698,0,-491.1813654722214,49.74678910517145,Exchange/demand reaction
EX_6htststerone[e],0.5694008791897048,0,1.2087250680573867,4.405429767107281,Exchange/demand reaction
EX_7thf[e],-0.659223353910889,0,-19.52892848627046,-95.08531348360776,Exchange/demand reaction
EX_acetone[e],1,0,NA,31.622277333553136,Exchange/demand reaction
EX_acnacngalgbside_hs[e],1,0,NA,0.048749224895189944,Exchange/demand reaction
EX_adrn[e],2.2355156737837816,0,-0.10765522628140534,0.281922908295847,Exchange/demand reaction
EX_adrnl[e],0.8495159924569211,0,10.15926208935896,124.86189072584212,Exchange/demand reaction
EX_aflatoxin[e],-0.6800410417595993,0,-1.2259305066652144,-6.437117988099002,Exchange/demand reaction
EX_andrstrnglc[e],0.8177119963831494,0,0.18559188362962378,1.8506571283428557,Exchange/demand reaction
EX_antipyrene[e],-0.8380445165034653,0,-4.610631571134296,-52.326391758896406,Exchange/demand reaction
EX_apnnox[e],0.8795461572492334,0,0.7916862656342193,12.353369924433737,Exchange/demand reaction
EX_appnn[e],-0.8795461572488604,0,-0.7916862656368263,-12.353369924433737,Exchange/demand reaction
EX_arach[e],1,0,NA,0.3985107428568981,Exchange/demand reaction
EX_arachd[e],-0.3504294823087346,0,-25.92242801350206,-53.89162544950545,Exchange/demand reaction
EX_atp[e],-1,0,NA,-355.2515218928099,Exchange/demand reaction
EX_bhb[e],-0.6406887716451927,0,848.8110481903076,185.88981995687485,Exchange/demand reaction
EX_bildglcur[e],0.9155579539036862,0,2.7652383167882917,62.72910827055723,Exchange/demand reaction
EX_bilglcur[e],-1,0,NA,-959.6894923341274,Exchange/demand reaction
EX_bilirub[e],1,0,NA,918.6619034160614,Exchange/demand reaction
EX_camp[e],0.43798784751693176,0,0.3938038300742788,1.00760298411785,Exchange/demand reaction
EX_carveol[e],0.3370778744041627,0,1.4026945192054006,2.829158559901448,Exchange/demand reaction
EX_co[e],0.34320635366944185,0,0.15414873780610774,0.3152490362659213,Exchange/demand reaction
EX_coumarin[e],-0.7279706431324573,0,-1.1481494817766564,-7.293215045918175,Exchange/demand reaction
EX_creat[e],-0.39605408598348196,0,-241.8854428650856,-559.1314603090286,Exchange/demand reaction
EX_crn[e],-0.6058812269545216,0,425.14278072009085,104.33944197997046,Exchange/demand reaction
EX_crvnc[e],1,0,NA,17.15407417354146,Exchange/demand reaction
EX_cspg_a[e],0.6941559180002995,0,-3.36336862726768,-0.607185194292781,Exchange/demand reaction
EX_cspg_b[e],0.4836242959223699,0,-2.0101995060592888,-0.6996503010437242,Exchange/demand reaction
EX_cspg_c[e],0.6611846864818703,0,-5.168644578126446,-1.0541970122000668,Exchange/demand reaction
EX_cspg_d[e],0.6496229687001807,0,-3.015706771199522,-0.6405308399629197,Exchange/demand reaction
EX_cyan[e],0.966057659430722,0,-620.9919784833908,-10.720906949685421,Exchange/demand reaction
EX_dcsptn1[e],0.40927343879323463,0,-3.3981509843667967,-1.4244063573463122,Exchange/demand reaction
EX_debrisoquine[e],-0.344545427533691,0,-1.1683596840923844,-2.3966766530442802,Exchange/demand reaction
EX_dlnlcg[e],-0.4260845712014269,0,-2.734323149235188,-6.7943391310564705,Exchange/demand reaction
EX_dmantipyrine[e],0.8380445165034653,0,4.610631571134296,52.326391758896406,Exchange/demand reaction
EX_dmhptcrn[e],0.363405694004038,0,0.3865286061048566,0.827835400812002,Exchange/demand reaction
EX_eaflatoxin[e],0.6800410417595993,0,1.2259305066652144,6.437117988099002,Exchange/demand reaction
EX_ebastine[e],-0.84164984645786,0,-0.8879523128516367,-10.327096021349513,Exchange/demand reaction
EX_ebastineoh[e],0.8416498464578602,0,0.8879523128516367,10.327096021349528,Exchange/demand reaction
EX_eicostet[e],1,0,NA,2.5299839713409358,Exchange/demand reaction
EX_elaid[e],0.8125286438416649,0,0.4370069692335339,4.225112921385331,Exchange/demand reaction
EX_estradiolglc[e],0.9603378145075131,0,0.570933580160966,28.21888589507267,Exchange/demand reaction
EX_estriolglc[e],0.37700080070357267,0,0.395488406213567,0.8741389276905682,Exchange/demand reaction
EX_estroneglc[e],0.3797580783444434,0,0.21415000295929784,0.4763870132671651,Exchange/demand reaction
EX_estrones[e],-0.7085913930483133,0,-4.310363238643109,-25.27258754467219,Exchange/demand reaction
EX_fucfucfucgalacglc13galacglcgal14acglcgalgluside_hs[e],-0.5184698369065631,0,0.16254409568782363,0.051545235212498416,Exchange/demand reaction
EX_fucfucgalacglcgalgluside_hs[e],0.3662292280592428,0,0.14762269500121403,0.31823247389260584,Exchange/demand reaction
EX_galfuc12gal14acglcgalgluside_hs[e],-0.4257541314744273,0,0.17956285930513602,0.07232188763849463,Exchange/demand reaction
EX_gchola[e],-1,0,NA,-409.45003237608523,Exchange/demand reaction
EX_gd1b2_hs[e],0.45665095298138053,0,0.06461693646636558,0.1732299386534919,Exchange/demand reaction
EX_gd1c_hs[e],0.6854920546991081,0,0.02454187139313799,0.13152332034412392,Exchange/demand reaction
EX_glygn2[e],-0.7730804082274909,0,-8.39738026324883,-65.61456553354562,Exchange/demand reaction
EX_gthox[e],0.9940180601649459,0,0.09474933067608354,31.583713940001676,Exchange/demand reaction
EX_gthrd[e],-1,0,NA,-739.1041698488713,Exchange/demand reaction
EX_gtp[e],-0.9800471150701041,0,-1.4322323643002692,-142.1291994118452,Exchange/demand reaction
EX_hcoumarin[e],0.7279706431324573,0,1.1481494817766564,7.293215045918175,Exchange/demand reaction
EX_hista[e],0.3333559563540559,0,-94.8784868982315,-47.43682874736451,Exchange/demand reaction
EX_i[e],-0.43741979403643605,0,-13.442342297151871,-34.34583849789898,Exchange/demand reaction
EX_idp[e],0.7873197413706772,0,-332.1107687913895,-39.5191764322862,Exchange/demand reaction
EX_imp[e],0.9689704427498734,0,0.5105419548308185,32.39627335776836,Exchange/demand reaction
EX_ksii_core4[e],0.4755651387690332,0,-0.08289886799486267,-0.029463325739288206,Exchange/demand reaction
EX_Lcystin[e],0.5751984397276544,0,-558.5627186389924,-150.63391913264692,Exchange/demand reaction
EX_leuktrB4[e],-0.8283633219024783,0,799.6144864810943,75.06340374158472,Exchange/demand reaction
EX_leuktrD4[e],0.9981919708819096,0,0.6147523151611691,679.4100426509857,Exchange/demand reaction
EX_limnen[e],-0.45565950492973895,0,-2.19645702697942,-5.873701437699609,Exchange/demand reaction
EX_lneldc[e],1,0,NA,109.20540029639304,Exchange/demand reaction
EX_lpchol_hs[e],0.5811063264206486,0,8.91333535181647,33.6432173678942,Exchange/demand reaction
EX_mercplaccys[e],0.4944584274402111,0,78.69106716029346,232.62286400403977,Exchange/demand reaction
EX_nifedipine[e],-0.5551283358522073,0,-3.0915793992542793,-10.807167805410177,Exchange/demand reaction
EX_no[e],0.416829181235464,0,8.256131716287136,20.058493949578608,Exchange/demand reaction
EX_npthl[e],-0.33343653635636655,0,-1.2302697433813417,-2.461110929229553,Exchange/demand reaction
EX_nrpphr[e],-0.8217097841939659,0,-12.672765733460556,-129.4860810228588,Exchange/demand reaction
EX_oagd3_hs[e],0.44828716891159975,0,161.48592467484474,423.9125492242336,Exchange/demand reaction
EX_ocdca[e],-1,0,NA,-1.578362729398589,Exchange/demand reaction
EX_octa[e],0.7579016585355776,0,-2.000877289863215,-0.27556096269529123,Exchange/demand reaction
EX_omeprazole[e],-0.8285061912163026,0,-1.0940481838311398,-11.664991825724497,Exchange/demand reaction
EX_onpthl[e],0.3334365363574091,0,1.230269743381435,2.461110929235513,Exchange/demand reaction
EX_oxa[e],-0.4734448680552078,0,6.272410043952148,2.2415292013364376,Exchange/demand reaction
EX_pchol_hs[e],0.4926503635343627,0,-98.02642073806524,-33.319034477520546,Exchange/demand reaction
EX_pe_hs[e],-0.43455582883852056,0,-215.39731070251466,-546.4721069627761,Exchange/demand reaction
EX_perillyl[e],0.5863995034040724,0,0.7937625062893029,3.044542876911335,Exchange/demand reaction
EX_prostge1[e],0.4363821632686408,0,2.6925388159997348,6.861945235160971,Exchange/demand reaction
EX_prostge2[e],-1,0,NA,-360.9753504267454,Exchange/demand reaction
EX_ptdca[e],0.962817100276222,0,-6.590091717027916,-0.12484032233582247,Exchange/demand reaction
EX_retnglc[e],0.8805962584399024,0,0.9170294100841231,14.443115893613399,Exchange/demand reaction
EX_Rtotal[e],0.3448886555828161,0,255.92843265538215,525.399611306572,Exchange/demand reaction
EX_sl_L[e],-0.5011282529309096,0,0.48188941216204567,0.16014688449837694,Exchange/demand reaction
EX_spc_hs[e],-1,0,NA,-86.97596977176369,Exchange/demand reaction
EX_srtn[e],5.3503300151988675,0,-12.752248620398785,18.614906660522593,Exchange/demand reaction
EX_strch1[e],0.7148467840151188,0,-72.16506995325088,-11.999965227658487,Exchange/demand reaction
EX_strdnc[e],0.8389003383659374,0,3.8171315609699943,43.57131757979356,Exchange/demand reaction
EX_tcynt[e],-0.966057659430722,0,620.9919784833908,10.720906949685421,Exchange/demand reaction
EX_tdchola[e],-1,0,NA,-542.2912413042009,Exchange/demand reaction
EX_thym[e],-1.3314124761398995,0,54.32977138841832,-382.19776248652096,Exchange/demand reaction
EX_tolbutamide[e],-0.6716529427507737,0,-1.7511198765861105,-8.915154347135362,Exchange/demand reaction
EX_tststeroneglc[e],0.4238285784937557,0,0.20733931331819658,0.5123746661643818,Exchange/demand reaction
EX_tststerones[e],-0.3412300617533751,0,0.1721116261697287,0.08453580677660578,Exchange/demand reaction
EX_ttdca[e],0.9927287808766012,0,0.4642421720721807,127.22883492919206,Exchange/demand reaction
EX_Tyr_ggn[e],1,0,NA,65.61456553354562,Exchange/demand reaction
EX_ump[e],-0.9853507972381468,0,-0.14857653314556155,-20.136013087315856,Exchange/demand reaction
EX_urate[e],0.9912150099403501,0,4.238416283314204,960.6838555770875,Exchange/demand reaction
EX_utp[e],-1,0,NA,-998.9270647644043,Exchange/demand reaction
EX_vacc[e],1,0,NA,3.8864770165113387,Exchange/demand reaction
EX_whddca[e],0.89945735605227,0,1.0698748808183511,20.21213718511767,Exchange/demand reaction
EX_whtststerone[e],0.85618952087209,0,1.8962398119833321,24.475132058584595,Exchange/demand reaction
EX_whttdca[e],0.7125266652783375,0,1.3591955785588874,8.09695505798546,Exchange/demand reaction
F1Atg,-0.45271651052677014,0,0.1695939745772577,0.06389132465123548,"Transport, golgi apparatus"
F1PGT,-0.4959017666450254,0,0.29929372329903997,0.10085785078498448,Fructose and mannose metabolism
FACOAL140i,0.5906325213120643,0,0.12553126920795185,0.48776253522562113,Fatty acid oxidation
FACOAL150,-0.8598876094522551,0,6.908753278090704,0.5204625981582504,Fatty acid oxidation
FACOAL180i,0.8134288303418762,0,0.16238684178919066,1.578362729398589,Fatty acid oxidation
FACOAL1812,0.6178996389085597,0,0.08306828859655652,0.3517299846072601,Fatty acid oxidation
FACOAL1813,0.4721039123332154,0,0.17418440514449898,0.4857348828137275,Fatty acid oxidation
FACOAL1821,-0.47631683488482635,0,1.0183302320625531,0.36122489865164387,Fatty acid oxidation
FACOAL184,-0.3853118264238217,0,0.6074643280216402,0.2695430235864198,Fatty acid oxidation
FACOAL191,-0.4940710321856711,0,0.3206748573715249,0.1085883442614133,Fatty acid oxidation
FACOAL200,-0.830625207241726,0,1.1085797080903441,0.10256903355807248,Fatty acid oxidation
FACOAL204,0.47930796072720777,0,0.1275696980300396,0.36243087201211316,Fatty acid oxidation
FACOAL2042,0.33113974646885763,0,0.12223165455560665,0.2432607002683013,Fatty acid oxidation
FACOAL224,-0.3940403650458168,0,0.44629607355732154,0.19399539109141334,Fatty acid oxidation
FACOAL2251,-0.3906935811780916,3.6782173367197194e-7,3.568685411986895,1.563552861470543,Fatty acid oxidation
FACOAL241,0.5183994741504441,0,0.13338321406443102,0.4205331830538635,Fatty acid oxidation
FACOAL40im,0.517308871951347,0,1.1318741182564707,3.5579743271965527,Fatty acid oxidation
FACOAL80i,-0.7579016585356493,0,2.000877289863215,0.27556096269519814,Fatty acid oxidation
FAH1,0.89945735605227,0,1.0698748808183511,20.21213718511767,Cytochrome metabolism
FAH2,0.7125266652783375,0,1.3591955785588874,8.09695505798546,Cytochrome metabolism
FAH3,-0.5151051608040714,0,2.3108055304193558,0.7395510919460561,Cytochrome metabolism
FALDH,-0.3848615258445599,0,-78.57697166581974,-176.9003719475925,Tyrosine metabolism
FAOXC11,0.363405694004038,0,0.3865286061048566,0.827835400812002,Fatty acid oxidation
FAOXC16080x,-0.4607741519089396,0,3.6819118948266305,1.3591300622960472,Fatty acid oxidation
FAOXC170m,-0.33542230131052636,0,0.17751583685107836,0.08834139299579766,Fatty acid oxidation
FAOXC180,-0.4356024145218268,0,120.05457029682398,47.19865954231918,Fatty acid oxidation
FAOXC180x,-0.591879316426091,0,25.570918879798054,6.555786475237296,Fatty acid oxidation
FAOXC1811601m,0.7159730346757657,0,0.9894037391435022,5.977566724481575,Fatty acid oxidation
FAOXC1811603m,-0.6134015444406575,0,2.0437323128154734,0.4897130280020294,Fatty acid oxidation
FAOXC18280m,0.3970424413679944,0,0.9378378209122283,2.172954331822374,Fatty acid oxidation
FAOXC183803m,0.3327249646623139,0,1.0955566563427375,2.188116786612646,Fatty acid oxidation
FAOXC200180x,-0.44862684565546684,0,21.738160934522863,8.273930860844766,Fatty acid oxidation
FAOXC204,-0.350988033582602,0,0.35665086702919346,0.1713343677229057,Fatty acid oxidation
FAOXC2051843m,0.4382922003663001,0,25.09362479801476,64.25398552314788,Fatty acid oxidation
FAOXC2242046m,-0.4521529111728266,0,2.3020323669058853,0.8684772250167123,Fatty acid oxidation
FAOXC2251836m,-0.37205674424911,0,0.3874427756797864,0.17731925373879057,Fatty acid oxidation
FAOXC2452253x,0.4278287179269885,1.684863921819062e-5,0.41839572754719745,1.0440884643588493,Fatty acid oxidation
FAOXC2452256x,-0.34816192466293316,0,0.5473913479155211,0.26466444138053047,Fatty acid oxidation
FAOXC246226x,-0.7177471024593718,2.304723242444167e-16,1.8588642334954726,0.3054406642791269,Fatty acid oxidation
FAS100COA,0.5703769464406617,0,1.6112795721459996,5.8896194545560405,Fatty acid synthesis
FAS120COA,0.6323376816670081,0,1.2627094694260046,5.6061449465023,Fatty acid synthesis
FAS180COA,0.40336079366167726,0,0.6924564582275714,1.6287334698607807,Fatty acid synthesis
FATP6t,1,0,NA,473.43482040747404,"Transport, extracellular"
FATP7t,1,0,NA,17.15407417354146,"Transport, extracellular"
FATP8t,1,0,NA,382.63903710760326,"Transport, extracellular"
FATP9t,1,0,NA,694.6708449689627,"Transport, extracellular"
FBA5,0.39105944701687617,0,0.32592718914115953,0.7445457414084085,Galactose metabolism
FDH,0.5519961215435485,0,11.18693136850824,38.75429417200088,Fatty acid oxidation
FE3R2e,0.4940324067656103,0,46.04587828456163,135.96529753092528,Heme synthesis
FK,-0.4959017666450254,0,0.29929372329903997,0.10085785078498448,Fructose and mannose metabolism
FKYNH,0.40011952283139096,0,2.3143213985002706,5.401620315168073,Tryptophan metabolism
FOLR2,0.6313202923473541,0,150.58818149101734,666.3169986166715,Folate metabolism
FORtr,-0.7429368897233092,0,-1.0448240360777825,-7.084106131717842,"Transport, endoplasmic reticular"
FPGS2,0.6033741745811553,0,0.11751498084266931,0.47505853964642725,Folate metabolism
FPGS3,0.6033741745811553,0,0.11751498084266931,0.47505853964642725,Folate metabolism
FRUt1r,-0.9947237843653765,0,162.27649647161215,0.4292352628100107,"Transport, extracellular"
FUCASE2ly,-0.613430432345654,0,0.25632756664564366,0.06141475618012191,Keratan sulfate degradation
FUCFUCFUCGALACGLC13GALACGLCGAL14ACGLCGALGLUSIDEte,0.5184698369065631,0,-0.16254409568782363,-0.051545235212498416,"Transport, extracellular"
FUCFUCFUCGALACGLC13GALACGLCGAL14ACGLCGALGLUSIDEtg,-0.5184698369065631,0,0.16254409568782363,0.051545235212498416,"Transport, golgi apparatus"
FUCFUCGALACGLCGALGLUSIDEte,-0.3662292280592428,0,-0.14762269500121403,-0.31823247389260584,"Transport, extracellular"
FUCFUCGALACGLCGALGLUSIDEtg,0.3662292280592428,0,0.14762269500121403,0.31823247389260584,"Transport, golgi apparatus"
FUCtly,-0.4959017666450254,0,0.29929372329903997,0.10085785078498448,"Transport, lysosomal"
FUMAC,0.6289976263792981,0,1.1580298110865692,5.084678556437209,Tyrosine metabolism
FUMm,0.4459902515050337,0,-678.3872527669906,-259.9140283943493,Citric acid cycle
FUT34g,0.3662292280592428,0,0.14762269500121403,0.31823247389260584,Blood group synthesis
FUT910g,-0.5184698369065631,0,0.16254409568782363,0.051545235212498416,Blood group synthesis
FUT911g,-0.5184698369065631,0,0.16254409568782363,0.051545235212498416,Blood group synthesis
FUT99g,-0.5184698369065631,0,0.16254409568782363,0.051545235212498416,Blood group synthesis
G14T18g,0.6231705704287155,0,0.020138070266118708,0.08674355142160144,Keratan sulfate synthesis
G14T19g,0.6231705704287155,0,0.020138070266118708,0.08674355142160144,Keratan sulfate synthesis
G14T20g,0.6231705704287155,0,0.020138070266118708,0.08674355142160144,Keratan sulfate synthesis
G14T21g,0.6231705704287155,0,0.020138070266118708,0.08674355142160144,Keratan sulfate synthesis
G14T2g,-0.4468946308442453,0,0.046939097689145864,0.01794343997257381,Keratan sulfate synthesis
G14T3g,-0.4468946308442453,0,0.046939097689145864,0.01794343997257381,Keratan sulfate synthesis
G14T4g,-0.4468946308442453,0,0.046939097689145864,0.01794343997257381,Keratan sulfate synthesis
G14T5g,-0.4468946308442453,0,0.046939097689145864,0.01794343997257381,Keratan sulfate synthesis
G5SADrm,-0.8201101268242662,0,354.3774311768532,35.02475493720581,Arginine and proline metabolism
G6PDH1rer,1.0703246252320442,0,-5.323847422716766,156.73161974002718,Pentose phosphate pathway
G6PDH2rer,0.8567592057204402,0,15.966452302525937,206.9651836581707,Pentose phosphate pathway
G6PPer,-0.550774471904904,0,392.3753161010742,113.66256782036722,Glycolysis/gluconeogenesis
G6Pter,1.009280203261479,0,-456.682255887413,2.1092648768780977,"Transport, endoplasmic reticular"
GACMTRc,-0.4007418704591308,0,-237.60444154019356,-555.3908632452011,Urea cycle
GACPAILter,0.44716914571976313,0,1.5406526594422758,4.0330328449536115,"Transport, endoplasmic reticular"
GAL3ST11,-0.8529587081974512,0,1.554700392465407,0.12337304283290206,Sphingolipid metabolism
GALASE10ly,-0.613430432345654,0,0.25632756664564366,0.06141475618012191,Keratan sulfate degradation
GALASE11ly,-0.613430432345654,0,0.25632756664564366,0.06141475618012191,Keratan sulfate degradation
GALASE12ly,-0.613430432345654,0,0.25632756664564366,0.06141475618012191,Keratan sulfate degradation
GALASE13ly,-0.613430432345654,0,0.25632756664564366,0.06141475618012191,Keratan sulfate degradation
GALASE14ly,-0.613430432345654,0,0.25632756664564366,0.06141475618012191,Keratan sulfate degradation
GALASE15ly,-0.613430432345654,0,0.25632756664564366,0.06141475618012191,Keratan sulfate degradation
GALASE3ly,-0.613430432345654,0,0.25632756664564366,0.06141475618012191,Keratan sulfate degradation
GALASE4ly,-0.613430432345654,0,0.25632756664564366,0.06141475618012191,Keratan sulfate degradation
GALASE5ly,-0.613430432345654,0,0.25632756664564366,0.06141475618012191,Keratan sulfate degradation
GALASE6ly,-0.613430432345654,0,0.25632756664564366,0.06141475618012191,Keratan sulfate degradation
GALASE7ly,-0.613430432345654,0,0.25632756664564366,0.06141475618012191,Keratan sulfate degradation
GALASE8ly,-0.613430432345654,0,0.25632756664564366,0.06141475618012191,Keratan sulfate degradation
GALASE9ly,-0.613430432345654,0,0.25632756664564366,0.06141475618012191,Keratan sulfate degradation
GALFUC12GAL14ACGLCGALGLUSIDEte,0.4257541314744273,0,-0.17956285930513602,-0.07232188763849463,"Transport, extracellular"
GALFUC12GAL14ACGLCGALGLUSIDEtg,-0.4257541314744273,0,0.17956285930513602,0.07232188763849463,"Transport, golgi apparatus"
GALGLUSIDEtg,0.5280989830607923,0,-51.69747590261698,-15.964994232748984,"Transport, golgi apparatus"
GALGLUSIDEtl,-0.47295118230377803,0,50.96580877149701,18.236496618941846,"Transport, lysosomal"
GALGT1,0.33946197801847783,0,0.1281698912798529,0.2599073639714377,Sphingolipid metabolism
GALGT3,-0.4554932320449904,0,0.1529137375334548,0.05720573834842017,Sphingolipid metabolism
GALOR,-4.792641653943339,0,111.14213805742254,-72.76857908480335,Galactose metabolism
GALSIDEtg,-0.8529587081974512,0,1.5547003924654068,0.12337304283290206,"Transport, golgi apparatus"
GAMYe,1,0,NA,65.61456553354562,Starch and sucrose metabolism
GAO1g,0.6010014944710999,0,80.22993938223124,321.9266515347242,Sphingolipid metabolism
GARFT,-0.6687288458905489,0,1.0241613469407551,0.20331350550502003,Purine synthesis
GASNASE3ly,-0.613430432345654,0,0.25632756664564366,0.06141475618012191,Keratan sulfate degradation
GBSIDEtl,0.6843299229677908,0,-2.6511905323909435,-0.49687505290667267,"Transport, lysosomal"
GCHOLAt,2.9007862325005496,0,-158.30473164812625,324.8723644953728,"Transport, extracellular"
GCHOLAte,1.608433665442813,0,-107.08803269036207,24.97896155768093,"Transport, extracellular"
GD1B2te,0.45665095298138053,0,0.06461693646636558,0.1732299386534919,"Transport, extracellular"
GD1B2tg,-0.45665095298138053,0,-0.06461693646636558,-0.1732299386534919,"Transport, golgi apparatus"
GGH_5THFe,0.659223353910889,0,19.52892848627046,95.08531348360776,Folate metabolism
GGH_6THFe,0.659223353910889,0,19.52892848627046,95.08531348360776,Folate metabolism
GGH_7THFe,0.659223353910889,0,19.52892848627046,95.08531348360776,Folate metabolism
GGT5r,0.992266048832688,0,0.37993362030286043,97.87091179715395,Eicosanoid metabolism
GGT6,-0.5082164675493109,0,792.1016585935593,258.28026686126486,Eicosanoid metabolism
GLACO,0.7652723454975684,0,1.8618853817955823,14.002332967272402,Vitamin C metabolism
GLACter,-0.7652723454975684,0,-1.8618853817955823,-14.002332967272402,"Transport, endoplasmic reticular"
GLAl,0.6559191828686275,1.3024324846854083e-12,0.5121810994664622,2.4649165704155984,Sphingolipid metabolism
GLCAASE4ly,-0.679282121172257,0,3.4018740706227253,0.6497072899267193,Chondroitin sulfate degradation
GLCAASE5ly,-0.649892272513537,0,5.207250681479648,1.1049804480675374,Chondroitin sulfate degradation
GLCAASE6ly,-0.6436228730268937,0,3.0401556020477787,0.6591791443092516,Chondroitin sulfate degradation
GLCAASE8ly,-0.419987275068004,1.0853792875237228e-6,0.578452021789424,0.23627643662119321,Hyaluronan metabolism
GLCAASE9ly,-0.419987275068004,1.0853792875237228e-6,0.578452021789424,0.23627643662119321,Hyaluronan metabolism
GLCMter,1,0,NA,108.03128702637554,"Transport, extracellular"
GLCtg,0.6419020256617674,0,0.21677453183071413,0.9939250384827727,"Transport, golgi apparatus"
GLCURtly,0.6251886468671842,0,-26.619287510254978,-6.139109567607939,"Transport, lysosomal"
GLNSERNaEx,-0.6185291112440486,0,200.60593025002478,47.28078226740807,"Transport, extracellular"
GLNTHRNaEx,-0.5264077538529787,0,469.7712189098835,145.75398099044563,"Transport, extracellular"
GLNtm,-0.7192879269136082,0,11.286545046828687,1.8427800303150899,"Transport, mitochondrial"
GLUDC,0.6140178074834289,0,1.2367514375481021,5.171582737065436,Glutamate metabolism
GLUDym,-0.9046576248791725,0,217.94372317686975,10.909715183943952,Glutamate metabolism
GluForTx,-0.8329588869971339,0,386.82320389056207,35.251951896788555,Histidine metabolism
GLUNm,-0.7603236334405559,0,10.862872747187316,1.4790313672916913,Glutamate metabolism
GLUt2m,3.17812505709393,0,-367.1174215637505,704.2123191850662,"Transport, mitochondrial"
GLUTCOADHm,1,0,NA,1.0343762061040958,Tryptophan metabolism
GLUtr,-0.992266048832688,0,-0.37993362030286043,-97.87091179715395,"Transport, endoplasmic reticular"
GLXO2p,-0.5366187910895635,0,2.9668769368150154,0.8946884091499459,Glyoxylate and dicarboxylate metabolism
GLXtm,0.3643336084959756,0,-3.42192571715677,-1.5943337898256287,"Transport, mitochondrial"
GLXtp,-1,0,NA,-9.03787972397036,"Transport, peroxisomal"
GLYAMDTRc,-0.4007418704591308,0,-237.60444154019356,-555.3908632452011,Urea cycle
GLYBt4_2_r,-0.4001634840348107,0,-51.65070959304329,-120.56524664940983,"Transport, extracellular"
GLYBtm,-0.426630964258196,0,1.258848718165778,0.5059366393710821,"Transport, mitochondrial"
GLYCK2,1,0,NA,2.8183358811960324,Glyoxylate and dicarboxylate metabolism
GLYCLTDy,0.61546457876824745,0,7.29775675464893,30.658469651088108,Glyoxylate and dicarboxylate metabolism
GLYCLTtp,0.39673070996789456,0,6.36883369106017,14.745563465543732,"Transport, peroxisomal"
GLYCtm,-0.7127218335751744,0,6.10674321097713,1.0242959236496245,"Transport, mitochondrial"
GLYCTO1p,0.39673070996789456,0,6.36883369106017,14.745563465543732,Glyoxylate and dicarboxylate metabolism
GNDer,0.9431392764504235,0,10.642604803435452,363.6968034580946,Pentose phosphate pathway
GPIAT,0.44716914571976313,0,1.5406526594422758,4.0330328449536115,Phosphatidylinositol phosphate metabolism
GPIMTer_U,0.44716914571976313,0,1.5406526594422758,4.0330328449536115,Phosphatidylinositol phosphate metabolism
GQ1Btg,0.4554932320449904,0,-0.1529137375334548,-0.05720573834842017,"Transport, golgi apparatus"
GSNt,0.9800471150701041,0,1.4322323643002692,142.1291994118452,"Transport, extracellular"
GT1Atg,-0.524761898524165,0,-0.08801255595277543,-0.2823809612313711,"Transport, golgi apparatus"
GTHP,0.5330626317072024,0,14.426980549426354,47.367090900343655,Glutathione metabolism
GTHPe,0.9940180601649459,0,0.09474933067608354,31.583713940001676,Glutathione metabolism
GTHPm,0.8871104618702238,0,2.6269062429998216,43.91250363535345,Glutathione metabolism
GTHRDtr,0.9856420383581626,0,0.7639496631514281,105.65083012360633,"Transport, endoplasmic reticular"
GTHS,-0.7959554683304407,0,1.689024749630876,0.19189577363914714,Glutathione metabolism
GUAD,-0.7367442926558386,0,125.89696258912086,19.08346213028162,Purine catabolism
GULN3D,-1,0,NA,-945.025335299921,Pentose phosphate pathway
H2CO3Dm,0.5193335557217444,0,49.22361099089384,155.5903991271019,Miscellaneous
H2ETer,0.6561339976922164,0,0.3919960775898584,1.8879389840856777,Phosphatidylinositol phosphate metabolism
H2O2t,-26.44201549896673,0,20.242396378521622,-18.7671114178172,"Transport, extracellular"
H2O2tp,1.265725268895661,0,-78.36289874618873,668.1667895982742,"Transport, peroxisomal"
H2Otm,0.7240031323795183,0,-324.37535147335774,-51.9294769588802,"Transport, mitochondrial"
H2Otn,-7.712340019039532,0,638.8454749210358,-829.1950320379138,"Transport, nuclear"
H3ETer,0.3707497760152089,0,0.27856117295590394,0.6068137139750437,Phosphatidylinositol phosphate metabolism
H4ETer,0.5515038501608083,0,0.1814139018765917,0.6275736532747184,Phosphatidylinositol phosphate metabolism
H5MTer_U,0.6561339976922164,0,0.3919960775898584,1.8879389840856777,Phosphatidylinositol phosphate metabolism
H6MTer_U,0.7531219624865241,0,0.3531072793321514,2.5074734583357494,Phosphatidylinositol phosphate metabolism
H7ET2er,0.4300267414444939,0,0.259417626346643,0.650862364697463,Phosphatidylinositol phosphate metabolism
HACD9m,-0.9796657449547178,0,-4.952054395625624,-482.1131844929337,"Valine, leucine, and isoleucine metabolism"
HAS1,-0.419987275068004,1.0853792875237228e-6,0.578452021789424,0.23627643662119321,Hyaluronan metabolism
HAS2,-0.419987275068004,1.0853792875237228e-6,0.578452021789424,0.23627643662119321,Hyaluronan metabolism
HAtly,-0.419987275068004,1.0853792875237228e-6,0.578452021789424,0.23627643662119321,"Transport, lysosomal"
HBZOPT10m,-0.646605502451145,1.5296579264939163e-7,0.1974725346973275,0.04238155834847967,Ubiquinone synthesis
HCO3_CLt,-2.006421403404759,0,424.5034107852459,-142.1056003488928,"Transport, extracellular"
HCOUMARINte,-0.7279706431320802,0,-1.1481494817784987,-7.293215045918175,"Transport, extracellular"
HEX10,0.3629340200961346,0,0.31679880046524084,0.6777568985003403,Aminosugar metabolism
HEX4,-0.480900485761924,0,0.6739149223888534,0.23622715517569523,Fructose and mannose metabolism
HGNTOR,0.6289976263792981,0,1.1580298110865692,5.084678556437209,Tyrosine metabolism
HIBDm,-0.5317976425904504,0,639.4285130844116,195.44483481167555,"Valine, leucine, and isoleucine metabolism"
HISDC,0.5101242567588066,0,15.52460384686522,47.85719882884547,Histidine metabolism
HISt4,0.9793446369922899,0,1.4058741466521871,134.7209173435211,"Transport, extracellular"
HISTAVESSEC,-0.7952088106868274,0,2.9728854898819015,0.33913645674001613,"Transport, extracellular"
HIStiDF,0.8833039382857029,0,23.797980014482143,384.06462759854793,"Transport, extracellular"
HKYNH,1,0,NA,13.137285248865373,Tryptophan metabolism
HMGCOASi,0.3385886944429646,0,95.30841590692997,192.88870169952511,Cholesterol metabolism
HMGCOAtx,1,0,NA,325.1822136140615,"Transport, peroxisomal"
HOMt4,-0.4732087180842089,0,430.64871478757857,153.99174993571341,"Transport, extracellular"
HOXG,0.34320635366944185,0,0.15414873780610774,0.3152490362659213,Heme degradation
HPCLx,-0.4940710321856711,0,0.3206748573715249,0.1085883442614133,Fatty acid oxidation
HPDCACRNCPT1,-0.9856459078974046,0,-0.12229185067639155,-16.91700952795671,Fatty acid oxidation
HPDCACRNCPT2,-0.9856459078974046,0,-0.12229185067639155,-16.91700952795671,Fatty acid oxidation
HPDCACRNt,1.2432465430098039,0,-91.7205457326455,9.945721633656882,Fatty acid oxidation
HSD11B1r,1.5428935244235866,0,-69.5013765868254,325.541920303452,Steroid metabolism
HSD11B2r,-1.8071381539858438,0,211.35835387926102,-60.771997038110065,Steroid metabolism
HSD17B8r,-0.5502014867067392,0,270.4574507480144,78.47454688872695,Steroid metabolism
HSD17B9r,0.9462928154889556,0,2.4947789930280297,90.40821027147175,Steroid metabolism
HSD3A1r,4.944717279451185,0,-86.60212261879244,57.4662971294472,Steroid metabolism
HSD3A2r,-0.43916901180797663,0,89.28249353180114,34.792570340841216,Steroid metabolism
HSD3B11r,-0.378500416912956,0,4.813817167373793,2.170318794157449,Steroid metabolism
HSD3B13r,0.6239842762784424,0,0.33814290154909177,1.4604143406979857,Steroid metabolism
HSD3B2r,0.8856874501621592,0,1.086416966474771,17.92141669686176,Steroid metabolism
HSD3B3r,0.9618821554132122,0,1.4083620286825504,72.48679358411431,Steroid metabolism
HXANtx,-0.5357699579661622,0,3.641025848130882,1.100603364297175,"Transport, peroxisomal"
ICDHxm,0.36381285431473986,0,6.688425774076549,14.338172513671639,Citric acid cycle
ICDHy,0.6340353445772207,0,5.817582550947224,25.975556293165916,Citric acid cycle
ICDHyp,0.713132809347895,0,1.4157676205717857,8.454776427030662,Citric acid cycle
IDHPOXOX2b,0.4921467589907791,0,5.018145301831886,14.744041474252008,Tyrosine metabolism
IDHPOXOX4,0.9831045935533289,0,0.5373645374837382,63.07336174837202,Tyrosine metabolism
IDHPOXOXb,0.33567230719879804,0,8.961561516077817,18.01777899068482,Tyrosine metabolism
IDOAASE4ly,-0.47541714572084004,0,2.037115210886905,0.7242939496276798,Chondroitin sulfate degradation
IDOURtly,0.46456029690745343,0,-2.067761748381844,-0.7559686951486859,"Transport, lysosomal"
ILEt4,-0.6847332419222564,0,223.66869681093692,41.85547193607986,"Transport, extracellular"
ILEt5m,2.3510575384963044,0,-63.011695326183364,156.28928496357798,"Transport, mitochondrial"
ILETAm,2.3510575384963044,0,-63.011695326183364,156.28928496357798,"Valine, leucine, and isoleucine metabolism"
INSt,0.730343819827278,0,111.03626000544872,712.5032556424186,"Transport, extracellular"
INSTt4,0.8379747089373524,0,23.57730970548149,267.4551525829552,"Transport, extracellular"
IPDPtx,-2.7305347045521717,0,0.32858655938812686,-0.15242598970508905,"Transport, peroxisomal"
KHK3,0.39105944701687617,0,0.32592718914115953,0.7445457414084085,Galactose metabolism
KSII_CORE2t,-0.4468946308442453,0,0.046939097689145864,0.01794343997257381,"Transport, extracellular"
KSII_CORE4t,0.6231705704287155,0,0.020138070266118708,0.08674355142160144,"Transport, extracellular"
KSItly,-0.613430432345654,0,0.25632756664564366,0.06141475618012191,"Transport, lysosomal"
Kt3g,0.3358335367198734,0,79.23454617808834,159.36390935600102,"Transport, golgi apparatus"
KYN,1,0,NA,84.54853181249946,Tryptophan metabolism
LACZe,0.9787724926077784,0,1.248552529683552,116.38678793813438,Galactose metabolism
LCADi_D,-0.7355891566602342,0,40.42421155261695,6.158485046392233,Pyruvate metabolism
LCTStg,0.6419020256617674,0,0.21677453183071416,0.9939250384827727,"Transport, extracellular"
LCYSTAT,-0.5011282529309096,0,0.48188941216204567,0.16014688449837694,Methionine and cysteine metabolism
LDH_Lm,0.5459331356071015,0,6.840649442615919,23.28993254451975,Pyruvate metabolism
LEUKTRA4t,-0.5533911474714746,0,-84.33534788666218,-293.3344963593185,"Transport, extracellular"
LEUKTRA4tr,0.992266048832688,0,0.37993362030286043,97.87091179715395,"Transport, endoplasmic reticular"
LEUKTRB4tr,-1,0,NA,-3.889959178590006,"Transport, endoplasmic reticular"
LEUKTRC4t,3.1088909572548924,0,-91.08826800692081,177.4732635834478,"Transport, extracellular"
LEUKTRD4tr,-0.992266048832688,0,-0.37993362030286043,-97.87091179715395,"Transport, endoplasmic reticular"
LEUKTRE4t,-0.529402196268661,0,88.10680815794747,27.11050795798972,"Transport, extracellular"
LEUtec,0.8983367999466926,0,33.1623909614427,619.2347585293055,"Transport, extracellular"
LFORKYNHYD,-0.4753654688990858,0,2.153136166147071,0.7656472967107606,Tryptophan metabolism
LGNCt,0.9978368307507803,0,0.41468574538277464,382.9910468687959,"Transport, extracellular"
LIMNENte,0.45565950492973895,0,2.19645702697942,5.873701437699609,"Transport, extracellular"
LINKDEG2ly,-0.5966525313012864,0,5.438989274852723,1.374001239019318,Chondroitin sulfate degradation
LINKDEG3ly,-0.6475756911011662,0,8.247406278287619,1.764159591290634,Chondroitin sulfate degradation
L_LACtm,0.6443272826674358,0,4.193389597948852,19.386656852608173,"Transport, mitochondrial"
LNELDCCPT1,-1.0963708640887861,0,3.9505639001535253,-85.93725017732307,Fatty acid oxidation
LNELDCCPT2,0.460057905506881,0,3.9505639001535253,10.682723411376402,Fatty acid oxidation
LNELDCt,-1.003523512868944,0,0.19152673595781672,-108.90504252636731,"Transport, extracellular"
LNLNCGCPT1,1.4362107686088377,0,-211.13195198423603,37.80380262645296,Fatty acid oxidation
LPS2e,0.533761963145454,0,89.87209923957586,295.64813778738977,Fatty acid oxidation
LPS3,0.4797023383721514,0,8.097701375725121,23.029485897767312,Triacylglycerol synthesis
LPS3e,0.5548291090133574,0,77.81189164889454,271.77022714794873,Fatty acid oxidation
LSTO1r,0.9988927749126136,0,0.03751194813199836,67.7209746673435,Cholesterol metabolism
LSTO2r,0.9881629058279674,0,0.17240894194903397,28.95787243342139,Cholesterol metabolism
LTA4H,-0.8404437680175232,0,780.2305914829254,67.64165002909749,Eicosanoid metabolism
LTC4CP,0.5082164675493109,0,-792.1016585935593,-258.28026686126486,Eicosanoid metabolism
LTC4Sr,0.992266048832688,0,0.37993362030286043,97.87091179715395,Eicosanoid metabolism
LTD4DP,1,0,NA,258.28026686126486,Eicosanoid metabolism
LTDCL,0.6062484728366377,0,35.31993088707291,144.08219685334413,Tryptophan metabolism
M4BTAer,0.7531219624865241,0,0.3531072793321514,2.5074734583357494,Phosphatidylinositol phosphate metabolism
M4CET3er,0.7531219624865241,0,0.3531072793321514,2.5074734583357494,Phosphatidylinositol phosphate metabolism
MACACI,0.6289976263792981,0,1.1580298110865692,5.084678556437209,Tyrosine metabolism
MACOXO,-0.9365220130528196,0,42.76120997140635,1.4016858626520217,Histidine metabolism
MAGt,0.47316692286900836,0,8.539204116174579,23.877910476087035,"Transport, extracellular"
MALTe,1,0,NA,18.522123140104114,Starch and sucrose metabolism
MALTSULtm,0.9034672670361236,0,-148.7006584700227,-7.541228159909761,"Transport, mitochondrial"
MALTt1r,0.4422269335777781,0,72.16506995325088,186.59633068642617,"Transport, extracellular"
MANtly,-0.36928158512280024,0,1.1331601958391722,0.5219561924200737,"Transport, lysosomal"
MAOLNOR,0.5016145253278947,0,1.6364895380039328,4.930674318770193,Tyrosine metabolism
MAOX,-0.8154163066795153,0,49.91718776212931,5.075364170413674,Tyrosine metabolism
MCLACCYSR,0.4944584274402111,0,78.69106716029346,232.62286400403977,Methionine and cysteine metabolism
MCLOR,-0.4944584274402111,0,-78.69106716029346,-232.62286400403977,Methionine and cysteine metabolism
MCPST,-0.9866251409379962,0,472.29132013349533,3.179678799398779,Methionine and cysteine metabolism
MDRPD,0.5582113426050075,0,4.092289375325732,14.433715341300191,Arginine and proline metabolism
ME2,0.7118877017457494,0,4.482819466300191,26.635737384363882,Pyruvate metabolism
ME2m,0.5503112338734781,0,2.4344600655289623,8.392850950036928,Pyruvate metabolism
MELATN23DOX,1,0,NA,10.33382444582581,Tryptophan metabolism
MELATNOX,0.4078982893477819,0,28.412999499287597,67.56037462925464,Tryptophan metabolism
MERCPLACCYSt,0.4944584274402111,0,78.69106716029346,232.62286400403977,"Transport, extracellular"
METt4,-0.6435963909973368,0,580.2403927753448,125.8215041155994,"Transport, extracellular"
METtec,-0.939097500552708,0,656.4185040901184,20.61656392788179,"Transport, extracellular"
MEVK1x,-0.4402824759746548,0,1.0006529293201247,0.3888702316042238,Cholesterol metabolism
MHISOR,-0.9365220130528196,0,42.76120997140635,1.4016858626520217,Histidine metabolism
MI1345PP,0.34433859447652265,0,0.2483228506057989,0.5091499806874781,Inositol phosphate metabolism
MI134PP,0.560602671260059,0,0.050269978013627405,0.17854332933071418,Inositol phosphate metabolism
MI145PP,0.7802883659721882,0,0.11817270102843831,0.9575345691061928,Inositol phosphate metabolism
MI14PP,0.5983249251159466,0,0.5023389219355536,1.9988813595596702,Inositol phosphate metabolism
MI14Ptn,-0.39541482324910626,0,-0.2588496027844227,-0.5974386845848063,"Transport, nuclear"
MI34PP,0.560602671260059,0,0.050269978013627405,0.17854332933071418,Inositol phosphate metabolism
MLTG1e,1,0,NA,61.83166630396396,Starch and sucrose metabolism
MMSAD1m,0.5711203654146555,0,2.244366017625382,8.221815337874565,"Valine, leucine, and isoleucine metabolism"
MTAP,0.5582113426050075,0,4.092289375325732,14.433715341300191,Arginine and proline metabolism
MTHFCm,1.0052054767253442,0,-951.7491833496093,2.470723464401583,Folate metabolism
MTHFDm,3.056360743393498,0,-349.4331366775826,689.2890085621357,Folate metabolism
N4Tg,-0.45271651052677014,0,0.1695939745772577,0.06389132465123548,O-glycan metabolism
NABTNO,-0.3922449690067749,0,9.331037430324368,4.073266608182754,Arginine and proline metabolism
NACHEX10ly,-0.526455959653008,0,0.1454779583263109,0.04513082721556712,Keratan sulfate degradation
NACHEX11ly,-0.5788401577821105,0,0.12119154881266832,0.032328170349926584,Keratan sulfate degradation
NACHEX12ly,-0.5719489930891928,0,0.11890486700833426,0.032378498458458034,Keratan sulfate degradation
NACHEX16ly,-0.3313317060489962,0,0.05210958318388002,0.026172309971847562,Keratan sulfate degradation
NACHEX17ly,-0.3521675370755912,0,0.05049173190722322,0.02419092467603499,Keratan sulfate degradation
NACHEX1ly,-0.7592592323947658,0,2.4973143033516187,0.3417377901277333,Chondroitin sulfate degradation
NACHEX21ly,-0.613430432345654,0,0.25632756664564366,0.06141475618012191,Keratan sulfate degradation
NACHEX22ly,-0.613430432345654,0,0.25632756664564366,0.06141475618012191,Keratan sulfate degradation
NACHEX27ly,-0.419987275068004,1.0853792875237228e-6,0.578452021789424,0.23627643662119321,Hyaluronan metabolism
NACHEX2ly,-0.5966525313012864,0,5.438989274852723,1.374001239019318,Chondroitin sulfate degradation
NACHEX4ly,-0.7273770392410431,0,2.4670306593324405,0.38935865613093806,Chondroitin sulfate degradation
NACHEX5ly,-0.7285383913870223,0,2.4846789844924233,0.3902111502863074,Chondroitin sulfate degradation
NACHEX6ly,-0.5245072978930172,0,1.2323502575762162,0.384369136656158,Chondroitin sulfate degradation
NACHEX7ly,-0.5206575002685373,0,1.2161502562065463,0.38335555755070383,Chondroitin sulfate degradation
NACHEXA10ly,-0.6457663543972605,0,0.1351360181428319,0.0290865858516745,Keratan sulfate degradation
NACHEXA11ly,-0.651130127721293,0,0.13742270039661525,0.029036257730774558,Keratan sulfate degradation
NACHEXA12ly,-0.7526590162498676,0,0.20181026603776603,0.02848012606551456,Keratan sulfate degradation
NACHEXA13ly,-0.7412724699343447,0,0.20216955484809407,0.030039428339605365,Keratan sulfate degradation
NACHEXA14ly,-0.7383749523507445,0,0.2039552390274497,0.030695218575667604,Keratan sulfate degradation
NACHEXA15ly,-0.7056511904258524,0,0.2042179835573872,0.03524244622298284,Keratan sulfate degradation
NACHEXA16ly,-0.6937062245545498,0,0.20583583527788665,0.037223831497586346,Keratan sulfate degradation
NACHEXA17ly,-0.7022712051619352,0,0.21136516664187283,0.03696796147652931,Keratan sulfate degradation
NACHEXA18ly,-0.6978875212968088,0,0.21218803254105897,0.037755535427441644,Keratan sulfate degradation
NACHEXA19ly,-0.6997857003769838,0,0.21508374353433302,0.03798785659341374,Keratan sulfate degradation
NACHEXA1ly,-0.49202133288614663,0,0.9045597650109499,0.30796949991742917,Chondroitin sulfate degradation
NACHEXA2ly,-0.6514166294937856,0,1.1932648651925615,0.25187604459510005,Chondroitin sulfate degradation
NACHEXA3ly,-0.5858480614449054,0,2.7402200149572926,0.7156217918052171,Chondroitin sulfate degradation
NACHEXA4ly,-0.5841149886241825,0,2.7225716913948768,0.7147692983011473,Chondroitin sulfate degradation
NACHEXA5ly,-0.736091442230429,0,1.8078053499785833,0.27481000771941944,Chondroitin sulfate degradation
NACHEXA6ly,-0.7372894701756451,0,1.8240053508038283,0.2758235863040632,Chondroitin sulfate degradation
NACHEXA9ly,-0.7438295308518456,0,0.11084960844952936,0.01628392896152743,Keratan sulfate degradation
NADPHtru,1,0,NA,163.24434237473906,"Transport, endoplasmic reticular"
NADPHtxu,0.5713354376040163,0,37.90989293377996,138.96450378278493,"Transport, peroxisomal"
NADPtru,1,0,NA,163.24434237473906,"Transport, endoplasmic reticular"
NADPtxu,0.5713354376040163,0,37.90989293377996,138.96450378278493,"Transport, peroxisomal"
NADtn,0.9967280909592042,0,0.49543863871523014,302.3483339343548,"Transport, nuclear"
NAGAlby,-0.8178615058906987,0,2.163748327544193,0.21679421712454405,Sphingolipid metabolism
NBAHH_ir,-0.5622727563223199,0,68.12028136948645,19.086361764770746,Beta-Alanine metabolism
NCKt,1,0,NA,70.67349209925065,"Transport, extracellular"
NCNt,1,0,NA,386.13973628094493,"Transport, extracellular"
NDP10ex,0.9689704427498734,0,0.5105419548308185,32.39627335776836,Nucleotide interconversion
NDP3ex,0.9800471150701041,0,1.4322323643002692,142.1291994118452,Nucleotide interconversion
NDP6,0.3592815085119556,0,0.29304277528126926,0.6216889803160713,Nucleotide interconversion
NDP7er,-0.4674866261504134,0,32.66855748595,11.85458419561727,Nucleotide interconversion
NDP7ex,0.7292497819413146,0,0.14930037647610225,0.953563935483501,Nucleotide interconversion
NDP8,0.9920259310078633,0,0.22042477042259262,55.06496858144104,Nucleotide interconversion
NDP8ex,0.7292497819413146,0,0.14930037647610225,0.953563935483501,Nucleotide interconversion
NDPK1n,-0.5442391039930008,0,-155.70128142659811,-527.5573429561615,Nucleotide interconversion
NDPK2n,3.1213507656753365,0,-126.6110394131979,245.9793602603078,Nucleotide interconversion
NDPK3n,-4.386354734104642,0,428.55083125263155,-681.6553432735443,Nucleotide interconversion
NDPK4m,0.4484040399949644,0,1.0203012412117847,2.679150223960187,Nucleotide interconversion
NDPK6m,1.144111182836152,0,-2.8925655278869558,0.19441670888702378,Nucleotide interconversion
NDPK6n,6.805906347799793,0,-651.2980923870086,875.6551706350326,Nucleotide interconversion
NDPK7m,-0.4235646319668727,0,2.6987667936201243,1.0927952233307525,Nucleotide interconversion
NDPK7n,-0.6309244985488764,0,204.82727955348864,46.352072692105544,Nucleotide interconversion
NH4t3r,0.44676296670243915,0,-704.7891576192856,-269.5088771523524,"Transport, extracellular"
NH4tn,1.0717292255676263,0,-10.014792624047399,289.25362574390175,"Transport, nuclear"
NIFEDIPINEte,0.5551283358518843,0,3.0915793992571663,10.807167805410177,"Transport, extracellular"
NMNATr,-1,0,NA,-435.5498822798729,NAD metabolism
NORANMT,0.8093949839076601,0,13.687830905385594,129.9372550026834,Tyrosine metabolism
NOS1,0.7266065927915129,0,3.536107135640951,22.332162123276106,Arginine and proline metabolism
NOt,-0.41682918123570956,0,-8.256131716287136,-20.05849394959053,"Transport, extracellular"
NPTHLte,0.3334365363574091,0,1.230269743381435,2.461110929235513,"Transport, extracellular"
NTD2e,0.949318466927657,0,0.5714817342543327,21.98039069780484,Nucleotide interconversion
NTD2l,0.9930769894567364,0,0.37346223488143043,107.51666231355667,Pyrimidine catabolism
NTD4e,0.9559150141505777,0,0.4980062851577071,22.095004716760666,Nucleotide interconversion
NTD7e,0.9595881734554634,0,4.79166155141701,232.34988641282916,Nucleotide interconversion
NTD9e,0.9800471150701041,0,1.4322323643002692,142.1291994118452,Nucleotide interconversion
NTP3e,0.9800471150701041,0,1.4322323643002692,142.1291994118452,Nucleotide interconversion
NTPP9,-0.9579426234284567,0,331.60022678661346,7.122903113857967,Nucleotide interconversion
O16G1e,0.7730804082274909,0,8.39738026324883,65.61456553354562,Starch and sucrose metabolism
O16G2e,-0.7148467840151188,0,72.16506995325088,11.999965227658487,Starch and sucrose metabolism
O2ter,-7.220171848369586,0,83.53506567163467,-63.21065707956776,"Transport, endoplasmic reticular"
O2tm,18.551924007146166,0,-99.17645345035419,110.47737446732931,"Transport, mitochondrial"
O2tp,-1.6264887759829003,0,340.40912878180666,-81.19680555044869,"Transport, peroxisomal"
OAGD3te,0.44828716891159975,0,161.48592467484474,423.9125492242336,"Transport, extracellular"
OAGD3tg,-0.6010014944710999,0,-80.22993938223124,-321.9266515347242,"Transport, golgi apparatus"
OCCOAtx,0.5045108714370062,0,-33.714171560010314,-11.103280011886719,"Transport, peroxisomal"
OCTAt,-0.7579016585356493,0,2.000877289863215,0.27556096269519814,"Transport, extracellular"
OIVD2m,-0.5043704123736937,0,634.9144237007141,209.17878429970742,"Valine, leucine, and isoleucine metabolism"
OIVD3m,0.8051604346634892,0,16.683224947991874,154.5676697989553,"Valine, leucine, and isoleucine metabolism"
OMEPRAZOLEte,0.8285061912163026,0,1.0940481838311398,11.664991825724497,"Transport, extracellular"
ONPTHLte,-0.33343653635744275,0,-1.2302697433813417,-2.461110929235513,"Transport, extracellular"
ORNt4m,-0.8683245294350115,0,57.738805354701206,4.069306078874675,"Transport, mitochondrial"
ORPT,0.5738374540531872,0,117.1605908791542,432.67933284692765,Pyrimidine synthesis
OXAHCOtex,0.5552086687217505,0,210.98110413913727,737.6934284009457,"Transport, extracellular"
OXAtp,-0.5366187910895635,0,2.9668769368150154,0.8946884091499459,"Transport, peroxisomal"
P45017A1r,0.7202091548906022,0,0.5374277556415648,3.3042115619810764,Steroid metabolism
P45017A2r,0.8049174265031349,0,0.19928485407928093,1.8437972163188039,Steroid metabolism
P45017A3r,0.5433335189679078,0,0.43897331201777123,1.4835383250337006,Steroid metabolism
P45017A4r,0.6423350061364268,0,0.5864230247763248,2.692751816695629,Steroid metabolism
P45019A1r,0.8720649385610105,0,0.28294134625385486,4.140261223415227,Steroid metabolism
P45019A2r,0.6537610589500837,0,0.5519618005306256,2.6363670388361227,Steroid metabolism
P45021A1r,-0.7286323807740573,0,4.374843840097702,0.6867804691018151,Steroid metabolism
P45027A11m,-0.45107540445746125,0,3.2165830588448387,1.216795177687919,Bile acid synthesis
P45027A15m,0.43495992884409723,0,8.046050957711477,20.433525512862253,Bile acid synthesis
P4502A6,0.7279706431324573,0,1.1481494817766564,7.293215045918175,Cytochrome metabolism
P4502C18,0.8380445165034653,0,4.610631571134296,52.326391758896406,Cytochrome metabolism
P4502C19,0.8285061912163026,0,1.0940481838311398,11.664991825724497,Cytochrome metabolism
P4502C9,0.6716529427507737,0,1.7511198765861105,8.915154347135362,Cytochrome metabolism
P4502C92,0.3370778744041627,0,1.4026945192054006,2.829158559901448,Limonene and pinene degradation
P4502C93,0.5863995034040724,0,0.7937625062893029,3.044542876911335,Limonene and pinene degradation
P4502C94,0.8795461572492334,0,0.7916862656342193,12.353369924433737,Limonene and pinene degradation
P4502D6,0.34454542753179795,0,1.1683596840974038,2.3966766530442802,Cytochrome metabolism
P4502F1,0.3334365363574091,0,1.230269743381435,2.461110929235513,Cytochrome metabolism
P45039A1r,0.6051493715257981,0,0.21072263569400493,0.8566310443965548,Bile acid synthesis
P4503A4,0.5551283358518843,0,3.0915793992571663,10.807167805410177,Cytochrome metabolism
P4503A43r,0.7201320778162,0,0.9704385026870325,5.96453636056084,Steroid metabolism
P4503A5,0.6800410417595993,0,1.2259305066652144,6.437117988099002,Cytochrome metabolism
P4503A7r,0.5694008791897048,0,1.2087250680573867,4.405429767107281,Steroid metabolism
P45046A1r,0.6051493715257981,0,0.21072263569400493,0.8566310443965548,Bile acid synthesis
P4504F123r,0.8416498464578602,0,0.8879523128516367,10.327096021349528,Cytochrome metabolism
P4507A1r,0.7721177624246923,0,1.2480428419430727,9.705358837998181,Bile acid synthesis
P4508B11r,0.5873597932859411,0,2.142623723583848,8.242325143352861,Bile acid synthesis
P4508B13r,0.7405407918836129,0,0.7488195722610468,5.023336888843579,Bile acid synthesis
P450LTB4r,1,0,NA,46.99081033362448,Eicosanoid metabolism
PA_HStg,0.8617121323262655,0,-24.78377235878967,-1.840937152902235,"Transport, golgi apparatus"
PA_HStn,-1,0,NA,-0.43491468010010287,"Transport, nuclear"
PAIL_HStn,0.9441873971109801,0,1.9129083834826945,66.63463408775479,"Transport, nuclear"
PAIL45P_HStn,-1,0,NA,-1.1659027708419278,"Transport, nuclear"
PAPStg,-0.33775847000927556,0,2.658589157284051,1.316103161076852,"Transport, golgi apparatus"
PAPtg,-0.33775847000927556,0,2.658589157284051,1.316103161076852,"Transport, golgi apparatus"
PCHOL_HStg,0.3795758736931956,0,27.320872663247584,60.75072708539665,"Transport, golgi apparatus"
PCHOLP_hs,-0.8577293212931111,0,318.89835296592713,24.422225883473082,Glycerophospholipid metabolism
PCHOLPg_hs,-0.8617121323262648,0,24.78377235878967,1.8409371529022465,Glycerophospholipid metabolism
PCHOLPm_hs,-0.426630964258196,0,1.258848718165778,0.5059366393710821,Glycerophospholipid metabolism
PCHOLPr_hs,0.7967203334404938,0,38.11325316208601,336.870175403595,Glycerophospholipid metabolism
PCm,0.7512742072201526,0,13.25467286489359,93.32593316518218,Pyruvate metabolism
PCRNtc,1,0,NA,41.288949287877976,Fatty acid oxidation
PDE4,-0.4840605549915254,0,0.36478253805397004,0.12681807329177536,Nucleotide interconversion
PDHm,0.6557550097204716,0,15.003864671999775,72.16582607537508,Glycolysis/gluconeogenesis
PE_HStm,-3.635591344855934,0,0.7115732310568484,-0.4045689340337842,"Transport, mitochondrial"
PEPCK,0.5558730607319038,0,0.6731856541091791,2.3583154532929638,Glycolysis/gluconeogenesis
PERILLYLte,-0.5863995034039137,0,-0.793762506289687,-3.044542876911335,"Transport, extracellular"
PEROXx,0.4495060160043767,0,0.3972074305357437,1.045887106675045,Fatty acid oxidation
PEt,0.4347971500456634,0,215.09074924793242,546.0191753227234,"Transport, extracellular"
PETHCT,-0.46610810636878447,0,3.0354816170300825,1.1053884918574244,Glycerophospholipid metabolism
PETOHMm_hs,-0.426630964258196,0,1.258848718165778,0.5059366393710821,Glycerophospholipid metabolism
PETOHMr_hs,0.3310343360479196,0,169.3078641559601,336.870175403595,Glycerophospholipid metabolism
PGDI,-0.3576379641618892,0,-51.198125542753466,-108.20770072452771,Eicosanoid metabolism
PGESr,0.582503805372142,0,99.15209751949459,375.8323396817853,Eicosanoid metabolism
PGISr,0.47139829115524234,0,-662.5259981292248,-238.0133080691727,Eicosanoid metabolism
PGLer,0.9431392764504235,0,10.642604803435452,363.6968034580946,Pentose phosphate pathway
PGS,-0.6804303955198845,4.839514428315139e-8,8.429983845543005,1.6031408444385422,Eicosanoid metabolism
PGSr,0.3336828848416107,0,0.5601221308391509,1.1211257857958736,Eicosanoid metabolism
PHCDm,0.9910620528507769,0,0.7705074009303862,171.6421032503575,Arginine and proline metabolism
PHCHGSm,-0.3371920357738836,0,427.477874727726,211.88859364991188,Arginine and proline metabolism
PHEt4,-0.338519953014889,0,211.8009205173254,104.66940185667276,"Transport, extracellular"
PHETA1m,-0.540426341843003,0,30.215490124335886,9.014545487993816,Phenylalanine metabolism
PHETHPTOX2,0.6564475973474767,0,5.792072788752658,27.92664228372432,Phenylalanine metabolism
PI345P5P,0.8164823258331382,0,0.133408000541816,1.3204901174183739,Inositol phosphate metabolism
PI34P5K,0.7850738022703619,0,0.1589894601082211,1.3204901174183739,Inositol phosphate metabolism
PI45P5P,0.5281268590815548,0,0.16671973948663507,0.5399097548818507,Inositol phosphate metabolism
PI45PLC,0.7417554278231773,0,0.16844267912225333,1.1360778976503643,Inositol phosphate metabolism
PI4P5K,0.38037521937733715,0,0.22303202396865127,0.4968617922358127,Glycerophospholipid metabolism
PI4PLC,0.5596936934187992,0,0.12531661775101674,0.4439081054833572,Inositol phosphate metabolism
PI4PLCn,0.39541482324910626,0,0.2588496027844227,0.5974386845848063,Inositol phosphate metabolism
PIACGT,0.44716914571976313,0,1.5406526594422758,4.0330328449536115,Phosphatidylinositol phosphate metabolism
PIK4,0.3763697225653938,0,0.1816289023874124,0.4008601426748937,Glycerophospholipid metabolism
PIter,0.6731134793381782,0,-394.61305089886895,-77.09799054819811,"Transport, endoplasmic reticular"
PItn,-1,0,NA,-66.2216676393509,"Transport, nuclear"
PItx,0.3513726346449189,0,-5.282811379766464,-2.5356263247302735,"Transport, peroxisomal"
PLA2_2e,0.5811063264206486,0,8.91333535181647,33.6432173678942,Glycerophospholipid metabolism
PMEVKx,-0.4402824759746548,0,1.0006529293201247,0.3888702316042238,Cholesterol metabolism
PMI12346PH,0.3525157667496072,0,0.13549886270482092,0.2830406344644369,Inositol phosphate metabolism
PNTEH,0.5216130032074942,0,0.8560728565649711,2.7229243248165353,CoA catabolism
PPAer,-0.7832824790755986,0,17.3031616906777,2.1028066779984194,Miscellaneous
PPAm,-0.6288006838292217,0,447.0473438407898,101.88089308726191,Oxidative phosphorylation
PPAP,0.8688343026781334,0,0.22997694417077713,3.2766859847265324,Triacylglycerol synthesis
PPItr,-1,0,NA,-27.306160926431044,"Transport, endoplasmic reticular"
PPItx,-1,0,NA,-4.452606062288047,"Transport, peroxisomal"
PRAGSr,-0.6687288458905489,0,1.0241613469407551,0.20331350550502003,Purine synthesis
PRASCS,-0.6687288458905489,0,1.0241613469407551,0.20331350550502003,Purine synthesis
PRDX,0.7216052505952112,0,32.97426966378009,203.91431917835473,Miscellaneous
PRGNLONEtr,-1.612053683876941,0,129.82542758722082,-30.420558239721483,"Transport, endoplasmic reticular"
PRISTANALtx,-0.4940710321856711,0,0.3206748573715249,0.1085883442614133,"Transport, peroxisomal"
PROD2m,0.5674123567807179,0,96.18188627938032,348.4997304381132,Arginine and proline metabolism
PROSTGD2t,1.9341467929830705,0,-252.00050311335175,791.5313456025124,"Transport, extracellular"
PROSTGE1t,-0.3781134503536116,0,106.97949067120254,48.275493080320324,"Transport, extracellular"
PROSTGE1t3,0.8640438181036115,0,0.2539711600803421,3.482102573939233,"Transport, extracellular"
PROSTGE2t,0.5138380337742603,0,253.97459843258858,790.8401591030121,"Transport, extracellular"
PROSTGE2t2,1.4688926927283865,0,-439.1071529449463,83.39533587144957,"Transport, extracellular"
PROSTGF2t,0.9362011076820983,0,-230.01020249160527,-7.578962785713909,"Transport, extracellular"
PROSTGI2tr,-0.47139829115524234,0,662.5259981292248,238.0133080691727,"Transport, endoplasmic reticular"
PROt4,-0.5448748286549813,0,196.61005958929061,57.921965844078365,"Transport, extracellular"
PROtm,1,0,NA,288.56022881639007,"Transport, mitochondrial"
PSDm_hs,0.36209172463319866,0,0.29401136580004095,0.6277868837397774,Glycerophospholipid metabolism
PSFLIP,0.7954309367722247,0,0.23038561339973967,2.0220137451799016,"Transport, extracellular"
PSFLIPm,0.36209172463319866,0,0.29401136580004095,0.6277868837397774,"Transport, mitochondrial"
PSSA2_hs,0.8142627207926536,0,0.18543234542311313,1.8112841588184185,Glycerophospholipid metabolism
PTDCACRNCPT1,-0.962817100276222,0,6.590091717027916,0.12484032233582247,Fatty acid oxidation
PTDCACRNCPT2,-0.9628171002762291,0,6.590091717027916,0.12484032233579846,Fatty acid oxidation
PTDCACRNt,1.343571215972976,0,-542.395412248215,79.51601814110677,Fatty acid oxidation
PTDCAt,-0.9074596894823972,0,6.7971186618906065,0.32976186865948187,"Transport, extracellular"
PTE3x,0.4084009414450823,0,0.18630923689654955,0.44354043646717034,Fatty acid oxidation
PTRCAT1,-0.3922449690067749,0,9.331037430324368,4.073266608182754,Arginine and proline metabolism
PTRCOX1,-0.683138278971798,0,6.238867850976507,1.1745074241526765,Arginine and proline metabolism
PYAM5POr,0.8181922948947715,0,0.20868845186389517,2.0870168015862642,Vitamin B6 metabolism
PYDXPP,0.6473627928441629,0,0.5514472767501604,2.576114225893351,Vitamin B6 metabolism
RADH2,1,0,NA,9.662542486870109,Vitamin A metabolism
RAI1,-2.9614025017285686,0,274.24437426080704,-135.78615188065768,Vitamin A metabolism
RAI2,1,0,NA,348.3516270338297,Vitamin A metabolism
RDH1a,0.3525040154010048,0,406.2643552915573,848.6140221957206,Vitamin A metabolism
RDH4,-2.5935734224760454,0,116.90915035163164,-263.6349286593318,Vitamin A metabolism
RETI1,2.9614025017285686,0,-274.24437426080704,135.78615188065768,Vitamin A metabolism
RETI2,-1,0,NA,-348.3516270338297,Vitamin A metabolism
RETI3,-2.5935734224843316,0,116.90915035163164,-263.63492865856887,Vitamin A metabolism
RETNGLCt,0.8805962584399024,0,0.9170294100841231,14.443115893613399,"Transport, extracellular"
RETNGLCt2,0.5089018535268771,0,9.494815422300249,29.17287449055463,"Transport, endoplasmic reticular"
RETNGLCt2r,0.9703791326619486,0,0.2933003837934561,19.510331997806674,"Transport, endoplasmic reticular"
RETNGLCtr,0.8805962584399024,0,0.9170294100841231,14.443115893613399,"Transport, endoplasmic reticular"
RTOTAL3CRNCPT1,0.46819577346453556,0,0.13828606414403422,0.3817777384508567,Fatty acid oxidation
RTOTAL3CRNCPT2,0.46819577346453556,0,0.13828606414403422,0.3817777384508567,Fatty acid oxidation
RTOTAL3CRNt,0.46819577346453556,0,0.13828606414403422,0.3817777384508567,Fatty acid oxidation
S23T2g,-0.4468946308442453,0,0.046939097689145864,0.01794343997257381,Keratan sulfate synthesis
S23T4g,0.6231705704287155,0,0.020138070266118708,0.08674355142160144,Keratan sulfate synthesis
S2TASE3ly,-0.47541714572084004,0,2.037115210886905,0.7242939496276798,Chondroitin sulfate degradation
S2TASE4ly,-0.6436228730268937,0,3.0401556020477787,0.6591791443092516,Chondroitin sulfate degradation
S2TASE5ly,-0.6436228730268937,0,3.0401556020477787,0.6591791443092516,Chondroitin sulfate degradation
S4TASE1ly,-0.7592592323947658,0,2.4973143033516187,0.3417377901277333,Chondroitin sulfate degradation
S4TASE2ly,-0.5966525313012864,0,5.438989274852723,1.374001239019318,Chondroitin sulfate degradation
S6T16g,0.6231705704287155,0,0.020138070266118708,0.08674355142160144,Keratan sulfate synthesis
S6T17g,0.6231705704287155,0,0.020138070266118708,0.08674355142160144,Keratan sulfate synthesis
S6T18g,0.6231705704287155,0,0.020138070266118708,0.08674355142160144,Keratan sulfate synthesis
S6T1g,-0.4468946308442453,0,0.046939097689145864,0.01794343997257381,Keratan sulfate synthesis
S6T2g,-0.4468946308442453,0,0.046939097689145864,0.01794343997257381,Keratan sulfate synthesis
S6T3g,-0.4468946308442453,0,0.046939097689145864,0.01794343997257381,Keratan sulfate synthesis
S6TASE10ly,-0.613430432345654,0,0.25632756664564366,0.06141475618012191,Keratan sulfate degradation
S6TASE11ly,-0.526455959653008,0,0.1454779583263109,0.04513082721556712,Keratan sulfate degradation
S6TASE12ly,-0.5788401577821105,0,0.12119154881266832,0.032328170349926584,Keratan sulfate degradation
S6TASE13ly,-0.5719489930891928,0,0.11890486700833426,0.032378498458458034,Keratan sulfate degradation
S6TASE17ly,-0.3313317060489962,0,0.05210958318388002,0.026172309971847562,Keratan sulfate degradation
S6TASE18ly,-0.3521675370755912,0,0.05049173190722322,0.02419092467603499,Keratan sulfate degradation
S6TASE4ly,-0.7273770392410431,0,2.4670306593324405,0.38935865613093806,Chondroitin sulfate degradation
S6TASE5ly,-0.7285383913870223,0,2.4846789844924233,0.3902111502863074,Chondroitin sulfate degradation
S6TASE6ly,-0.5245072978930172,0,1.2323502575762162,0.384369136656158,Chondroitin sulfate degradation
S6TASE7ly,-0.5206575002685373,0,1.2161502562065463,0.38335555755070383,Chondroitin sulfate degradation
SALMCOM,0.5016145253278947,0,1.6364895380039328,4.930674318770193,Tyrosine metabolism
SALMCOM2,0.5053616408362956,0,1.458506610869721,4.438757860634872,Tyrosine metabolism
SAMHISTA,0.6952021965040637,0,5.739077643176669,31.919183521118015,Histidine metabolism
SARCStm,1,0,NA,16.860818286180006,"Transport, mitochondrial"
SARDHm,1,0,NA,16.860818286180006,Urea cycle
SCP22x,0.6908134770404945,0,-265.65479938787445,-48.578323301520946,"Transport, peroxisomal"
SCP2x,-0.45214338235379514,0,129.4602321632862,48.84203982509375,Bile acid synthesis
SERASNNaEx,-0.4665845017366712,0,150.69416056404114,54.80938919472843,"Transport, extracellular"
SERDGLYexR,0.6397455424005574,0,27.818302943276525,126.61866435280591,"Transport, extracellular"
SERGLNexR,-3.6022130610891008,0,275.2147907335043,-486.7384317825727,"Transport, extracellular"
SERGLNNaEx,0.9856273748702055,0,1.0405181561998558,143.75114610878526,"Transport, extracellular"
SERPT,0.4291259176382244,0,4.883364086399274,12.22501142855212,Sphingolipid metabolism
SERt4,0.8872487817462444,0,1.3029968338214502,21.809779311779955,"Transport, extracellular"
SERTHRNaEx,-0.5333504696263582,0,219.93130587337018,66.93240888710767,"Transport, extracellular"
SFGTH,0.5393039364724824,0,3.77636106916719,12.61779276949102,Tyrosine metabolism
SGALSIDEtg,0.8529587081974512,0,-1.5547003924654068,-0.12337304283290206,"Transport, golgi apparatus"
SGALSIDEtl,-0.8529587081974512,0,1.554700392465407,0.12337304283290206,"Transport, lysosomal"
SGPL12r,0.3734291611405443,0,0.571173988195312,1.2520005126640565,Sphingolipid metabolism
SIAASE2ly,-0.613430432345654,0,0.25632756664564366,0.06141475618012191,Keratan sulfate degradation
SIAT4Bg,-0.5272987785439867,1.2078233555949023e-13,0.15750886238045825,0.048749224895189944,Sphingolipid metabolism
sink_citr[c],-1.1293754290136602,0,9.553939028079435,-157.24719269946533,Exchange/demand reaction
sink_pre_prot[r],-0.44716914571976313,0,-1.5406526594422758,-4.0330328449536115,Exchange/demand reaction
SLDt,-0.5011282529309096,0,0.48188941216204567,0.16014688449837694,Methionine and cysteine metabolism
SLDx,0.5011282529309096,0,-0.48188941216204567,-0.16014688449837694,Methionine and cysteine metabolism
SMPD3g,0.9174213598648648,0,2.537100318343351,58.90978992328644,Sphingolipid metabolism
SMPD4,1,0,NA,86.97596977176369,Sphingolipid metabolism
SMS,0.613978991189304,0,6.193678974819183,25.89617537741661,Sphingolipid metabolism
SO4CLtex2,-0.785705523804779,0,711.2033088600159,85.34830547857284,"Transport, extracellular"
SO4HCOtex,-0.7237909875115321,0,300.727851014328,48.18666726895794,"Transport, extracellular"
SO4tl,-0.6069457578127727,0,55.055113448405265,13.466320060764625,"Transport, lysosomal"
SPC_HSt,-1,0,NA,-86.97596977176369,"Transport, extracellular"
SPHGNtr,-0.5569932967159434,0,12.36893356965594,3.519296130169823,"Transport, endoplasmic reticular"
SPODMe,-0.9367923049143771,0,11.92460704627633,0.3891624952682912,ROS detoxification
SPR,-0.3533119863221146,0,0.42973739774780206,0.2053525180900027,Tetrahydrobiopterin metabolism
SR5AR2r,0.8177119963831494,0,0.18559188362962378,1.8506571283428557,Steroid metabolism
SR5ARr,0.46091125272498495,0,0.20413232256469868,0.5531913040053102,Steroid metabolism
ST3GAL22g,0.524761898524165,0,0.08801255595277543,0.2823809612313711,Sphingolipid metabolism
ST3GAL23g,-0.4554932320449904,0,0.1529137375334548,0.05720573834842017,Sphingolipid metabolism
ST6GALNAC23,0.45665095298138053,0,0.06461693646636558,0.1732299386534919,Sphingolipid metabolism
ST6GALNAC24,0.45665095298138053,0,0.06461693646636558,0.1732299386534919,Sphingolipid metabolism
ST8SIA11,1,0,NA,0.048749224895189944,Sphingolipid metabolism
ST8SIA52g,-0.4554932320449904,0,0.1529137375334548,0.05720573834842017,Sphingolipid metabolism
ST8SIA53g,0.524761898524165,0,0.08801255595277543,0.2823809612313711,Sphingolipid metabolism
STCOAtx,-4.402878017579186,0,16.83726965407016,-10.604565676935296,"Transport, peroxisomal"
STRDNCCPT1,-1.2507177300124563,0,0.9349257752896941,-8.392920670531003,Fatty acid oxidation
STRDNCCPT2,-0.9085883482280731,0,-1.2059964176046913,-25.180058187636778,Fatty acid oxidation
STRDNCt,-0.8412949061923453,0,-3.5557200175052013,-41.253427971337736,"Transport, extracellular"
STS2,0.6157748530875268,0,3.036818120828943,12.770674674642526,Steroid metabolism
STS2r,0.8150994167566206,0,1.2735451109395843,12.501912906553562,Steroid metabolism
SUCCt2m,-1,0,NA,-788.1838081115723,"Transport, mitochondrial"
SUCRe,1,0,NA,0.4292352628100107,Galactose metabolism
SULFOX,0.9157211706745735,0,24.772478902201915,563.0970750648498,Methionine and cysteine metabolism
T4HCINNMFM,-0.980400426165543,0,302.027232254982,2.989095013506808,Ubiquinone synthesis
TCHOLAt,30.007704116607606,0,-380.15617885421517,355.63606750223636,"Transport, extracellular"
TCHOLAt2,-0.9885613016828488,0,138.22980420444011,0.7951321527756505,"Transport, extracellular"
TCHOLAte,-1,0,NA,-482.03401869799495,"Transport, extracellular"
TCYNTt,-0.966057659430722,0,620.9919784833908,10.720906949685421,"Transport, extracellular"
TCYNTtm,-0.9034672670361236,0,148.7006584700227,7.541228159909774,"Transport, mitochondrial"
TETHEX3COAtx,-0.7177471024593718,2.304723242444167e-16,1.8588642334954726,0.3054406642791269,"Transport, peroxisomal"
TETPENT3COAtx,0.4278287179269885,1.684863921819062e-5,0.41839572754719745,1.0440884643588493,"Transport, peroxisomal"
TETPENT3CPT1,-4.536310946058052,0,225.98634764374344,-144.3484664461024,Fatty acid oxidation
TETPENT3CPT2,-4.536310946058052,0,225.98634764374344,-144.3484664461024,Fatty acid oxidation
TETPENT3CRNt,-4.536310946058052,0,225.98634764374344,-144.3484664461024,Fatty acid oxidation
TETPENT6CPT1,-1.4478892522707636,0,56.50403152710709,-308.81654512566325,Fatty acid oxidation
TETPENT6CPT2,-1.4478892522707636,0,56.50403152710709,-308.81654512566325,Fatty acid oxidation
TETPENT6CRNt,-1.4478892522707563,0,56.50403152710635,-308.81654512566325,Fatty acid oxidation
TETTET6CPT1,-228.19763366834525,0,229.731794937596,-227.727133796373,Fatty acid oxidation
TETTET6CPT2,-228.19763366834525,0,229.731794937596,-227.727133796373,Fatty acid oxidation
TETTET6CRNt,-228.19763366834525,0,229.731794937596,-227.727133796373,Fatty acid oxidation
THD1m,-0.5914284770639513,0,80.21876653615236,20.594770097487732,NAD metabolism
THFt2,0.659223353910889,0,19.52892848627046,95.08531348360776,"Transport, extracellular"
THRALANaEx,0.9831945213689414,0,0.6535959259660047,77.13007692439557,"Transport, extracellular"
THRCYSNaEx,0.9091622737546711,0,15.674732343284413,329.4402984083891,"Transport, extracellular"
THRGLNexR,1.386380866943237,0,-305.57572274530924,49.47601378583597,"Transport, extracellular"
THRGLNNaEx,0.9904019129234531,0,0.31505636806097465,65.33476854982823,"Transport, extracellular"
THRSERNaEx,-0.49570918295793326,0,95.51251948302686,32.202841994048654,"Transport, extracellular"
THRt4,0.7196289868753963,0,101.55111204981208,622.8541031546592,"Transport, extracellular"
THYMDtm,0.3608996245054228,0,1.2875241249533196,2.741652431098459,"Transport, mitochondrial"
THYMt,1.3314124761398967,0,-54.329771388417946,382.19776248652096,"Transport, extracellular"
THYOXt,-0.8378411724670475,0,672.7343090263366,59.35758129004352,"Transport, extracellular"
THYPX,0.40182926762647114,0,13.979706820664182,32.76182051950842,Tyrosine metabolism
TMDK1m,0.3608996245054228,0,1.2875241249533196,2.741652431098459,Nucleotide interconversion
TMDPP,-1.006502258783497,0,689.0708304777146,-2.232998662379669,Pyrimidine catabolism
TMNDNCCOAtx,0.4231281348894995,0,-15.309370935357977,-6.205727473608115,"Transport, peroxisomal"
TMNDNCCPT1,0.8071226417045289,0,2.6735974749643763,25.049692584500853,Fatty acid oxidation
TMNDNCCPT2,1.5870994459474068,0,-5.626925400194735,24.79548513580996,Fatty acid oxidation
TMNDNCCRNt,-1.7338293140386236,0,200.30712708404567,-53.76752707651153,Fatty acid oxidation
TOLBUTAMIDEte,0.6716529427507737,0,1.7511198765861105,8.915154347135362,"Transport, extracellular"
TRDR,0.876620760729473,0,26.42188405658351,401.8816816454172,Nucleotide interconversion
TRDR3,-0.681401315372024,1.7216019639449412e-11,0.19377304722493535,0.03671689643501886,Miscellaneous
TRIODTHYt,0.6717620009853015,0,71.27066193950027,362.9914414942265,"Transport, extracellular"
TRIODTHYt2,-1.2809150298695033,0,42.718654895216225,-346.85798781065904,"Transport, extracellular"
TRPHYDRO2,0.9426362022518467,0,0.43758967567491147,14.819059739207965,Tryptophan metabolism
TSTSTERONEGLCte,0.4238285784937557,0,0.20733931331819658,0.5123746661643818,"Transport, extracellular"
TSTSTERONEGLCtr,-0.4238285784937557,0,-0.20733931331819658,-0.5123746661643818,"Transport, endoplasmic reticular"
TSTSTERONESte,-0.34123006175337517,0,0.1721116261697287,0.08453580677660577,"Transport, extracellular"
TSTSTERONESULT,-0.34123006175337517,0,0.1721116261697287,0.08453580677660577,Steroid metabolism
TTDCAtr,-1,0,NA,-126.78062914090752,"Transport, extracellular"
TYR3MO2,0.5293238142727261,0,1.5143930680353603,4.920574809913972,Tyrosine metabolism
TYRASE,-0.38573371788197297,0,16.296561472830177,7.223919067599601,Tyrosine metabolism
TYRDOPO,0.7168667397065566,0,0.9575213127287061,5.80622881494133,Tyrosine metabolism
TYRDOPO3,-0.4784673530443869,0,8.495862077347189,2.9969342429136945,Tyrosine metabolism
TYRTAm,-0.9665885906484861,0,175.93750949211122,2.989095013506808,Tyrosine metabolism
UAG2EMAi,-0.37248188854747455,0,0.3051563343267097,0.139521787655159,Aminosugar metabolism
UAGALDP,1,0,NA,0.39959261489572573,Aminosugar metabolism
UDPGLCAter,0.9172036562565775,0,-129.9772483578015,-5.613196542129128,"Transport, endoplasmic reticular"
UDPGLCter,0.3426280611452173,0,0.4529915413051378,0.9251979265760165,"Transport, endoplasmic reticular"
UGALGTg,0.6419020256617674,0,0.21677453183071413,0.9939250384827727,Galactose metabolism
UGALNACtg,-0.33579922078939134,0,3.9254795193796976,1.9518700976681895,"Transport, golgi apparatus"
UGCG,0.4089501017568559,0,0.2411518709485943,0.574860014563617,Sphingolipid metabolism
UGT1A10r,-1.0054858206172659,0,2.502995433137041,-915.0357258177758,Steroid metabolism
UGT1A1r,0.3797580783444434,0,0.21415000295929784,0.4763870132671651,Steroid metabolism
UGT1A2r,0.9713983172087326,0,0.26224288254259226,18.07534126985967,Steroid metabolism
UGT1A3r,0.8177119963831494,0,0.18559188362962378,1.8506571283428557,Steroid metabolism
UGT1A4r,0.4238285784937557,0,0.20733931331819658,0.5123746661643818,Steroid metabolism
UGT1A5r,0.8805962584399024,0,0.9170294100841231,14.443115893613399,Vitamin A metabolism
UGT1A5r2,0.9703791326619486,0,0.2933003837934561,19.510331997806674,Vitamin A metabolism
UGT1A6r,0.9603378145075131,0,0.570933580160966,28.21888589507267,Steroid metabolism
UGT1A8r,0.37700080070357267,0,0.395488406213567,0.8741389276905682,Steroid metabolism
UGT1A9r,0.46091125272498495,0,0.20413232256469868,0.5531913040053102,Steroid metabolism
UMPK2,2.963638600598737,0,-203.21458990824223,410.192177175349,Nucleotide interconversion
UMPK3,-0.9720726314854665,0,686.2522190423965,9.718312758428747,Nucleotide interconversion
UMPK3n,2.713971427622719,0,-407.51041186676025,188.06315988420843,Nucleotide interconversion
UMPK4,-0.7288492458051803,0,655.9417940990954,102.87716676825583,Nucleotide interconversion
UMPK4n,-0.4457597456186542,0,-89.92480259564891,-234.5727483663425,Nucleotide interconversion
UMPK5,-0.36423990118236643,0,-415.5119338292822,-891.6224226741791,Nucleotide interconversion
UMPK7,7.649883455147844,0,-99.29498723535761,76.33629935239804,Nucleotide interconversion
UMPK7n,-0.7157525323981487,0,589.343948456958,97.63618105299845,Nucleotide interconversion
URATEt,1,0,NA,958.8301423698425,"Transport, extracellular"
UREAt5,1.2362467132925568,0,-101.56324633909463,961.369885962677,"Transport, extracellular"
UREAtm,-0.6162058499514906,0,-61.7300132635355,-259.95291627425553,Urea cycle
URIK1,-0.9239315249439491,0,14.653600967570952,0.5793746114303453,Pyrimidine synthesis
URIt,0.3937934967535789,0,-881.2788219266891,-383.29706249142885,"Transport, extracellular"
Uritl,0.9930769894567364,0,0.37346223488143043,107.51666231355667,"Transport, lysosomal"
UROLACer,0.7652723454975684,0,1.8618853817955823,14.002332967272402,Vitamin C metabolism
UTPtn,-6.848515883054628,0,651.5600526660919,-874.3721525883675,"Transport, nuclear"
VACCt,-1,0,NA,-3.867687573333163,"Transport, extracellular"
VLCS2p,0.6945664841152737,0,0.3784792454600249,2.099829294869693,Bile acid synthesis
VLCS2r,1,0,NA,0.26834126943718656,Bile acid synthesis
VLCSp,1,0,NA,0.8840957242629477,Bile acid synthesis
VLCSr,1,0,NA,0.29973416910114103,Bile acid synthesis
WHDDCAte,-0.89945735605227,0,-1.0698748808183511,-20.212137185117665,"Transport, extracellular"
WHTSTSTERONEte,0.85618952087209,0,1.8962398119833321,24.475132058584595,"Transport, extracellular"
WHTTDCAte,-0.7125266652783719,0,-1.3591955785586978,-8.09695505798546,"Transport, extracellular"
XANtx,1,0,NA,1.6495555881746113,"Transport, peroxisomal"
XAO2x,-0.5357699579661622,0,3.641025848130882,1.100603364297175,Purine catabolism
XOL7AONEtr,-1.2256405148325462,0,178.77385622475148,-18.124501548349787,"Transport, endoplasmic reticular"
XOLDIOLONEt,-0.642083994901133,0,-2.891443297533039,-13.265662036352976,"Transport, endoplasmic reticular"
XOLTRI24tc,0.6051493715257981,0,0.21072263569400493,0.8566310443965548,"Transport, endoplasmic reticular"
XOLTRIOLtm,-0.45107540445746125,0,3.2165830588448387,1.216795177687919,"Transport, mitochondrial"
XYLtly,-0.622851296070831,0,13.749749314558507,3.1954253269489854,"Transport, lysosomal"
XYLUR,-1.5534499576702823,0,101.93473838890995,-470.2959135094166,Pentose phosphate pathway
EX_acmana[e],0.44034027095145917,0,0.23109062450047496,0.5947348280234883,Exchange/demand reaction
EX_ahdt[e],1,0,NA,867.0064084106446,Exchange/demand reaction
EX_ctp[e],1.0012395468776338,0,-0.4980062851577071,804.027576878357,Exchange/demand reaction
EX_dgmp[e],-3.8213946142072723,0,160.85852839204074,-94.13155776904439,Exchange/demand reaction
EX_dgtp[e],3.8213946142072723,0,-160.85852839204074,94.13155776904439,Exchange/demand reaction
EX_dha[e],-1,0,NA,-305.1753315918326,Exchange/demand reaction
EX_HC01361[e],-1,0,NA,-867.0064084106446,Exchange/demand reaction
EX_HC01440[e],0.6732178090160167,0,23.713547510714587,121.4201113298118,Exchange/demand reaction
EX_HC01441[e],-0.9064830386348315,0,-1.0317779968951724,-21.03433668076737,Exchange/demand reaction
EX_HC01444[e],0.7922995280451143,0,84.43695286870003,728.6276692188263,Exchange/demand reaction
EX_HC01446[e],-0.6732178090160167,0,-23.713547510714587,-121.4201113298118,Exchange/demand reaction
EX_HC01577[e],0.8076785329238513,0,18.04462037720522,169.60599035841824,Exchange/demand reaction
EX_HC01700[e],0.6066956454511139,0,18.3282280133734,74.87301830588281,Exchange/demand reaction
EX_HC02160[e],0.4731188016882929,0,54.089722872956095,151.23065312936305,Exchange/demand reaction
EX_HC02161[e],-0.4731188016882929,0,-54.089722872956095,-151.23065312936305,Exchange/demand reaction
EX_prpp[e],1.0754292535615542,0,-4.4667283215935925,122.90163548790962,Exchange/demand reaction
r0009,-0.3321559709572639,0,2.1410792228844016,1.0733780472291867,Purine catabolism
r0013,0.3999313158027683,0,0.1897082352334599,0.4425801685090231,Aminosugar metabolism
r0016,0.7819328307886054,0,3.5120683913776682,28.698817860583215,Miscellaneous
r0024,0.508951165213194,0,0.9433302694793063,2.8987734181869644,Arginine and proline metabolism
r0027,-0.7538327762535919,0,156.35002778033018,21.945223508465524,Methionine and cysteine metabolism
r0033,-0.5011427423265502,0,0.6564834363934376,0.21816148295112112,CoA synthesis
r0034,0.5214561277573225,0,0.553585189661106,1.760038374534797,Urea cycle
r0047,0.4820075371856374,0,0.7243481279712214,2.072403485114748,Purine catabolism
r0051,1.0754292535615315,0,-4.466728321592295,122.90163548790962,Purine catabolism
r0068,0.4609616450746354,3.551627187043206e-14,0.28965252247344414,0.7850484513136605,Miscellaneous
r0084,0.4443995844367661,0,0.32414430290050295,0.8426809687181483,Miscellaneous
r0097,0.4609616450746354,3.551627187043206e-14,0.28965252247344414,0.7850484513136605,Miscellaneous
r0113,0.44034027095145917,0,0.23109062450047496,0.5947348280234883,Aminosugar metabolism
r0119,-0.668331631535678,0,0.5399041137342283,0.10733424526907548,Purine catabolism
r0129,0.9948425196744535,0,0.10884476064700867,42.09965775476545,Glutathione metabolism
r0139,0.9559150141505777,0,0.4980062851577071,22.095004716760666,Pyrimidine catabolism
r0145,0.8373647351028056,0,0.47399719546292507,5.3549624187086975,Arginine and proline metabolism
r0149,-1.0012395468776338,0,0.4980062851577071,-804.027576878357,Pyrimidine catabolism
r0160,0.7887496147158466,0,16.87955818527476,142.92661838164628,"Glycine, serine, alanine, and threonine metabolism"
r0166,0.5300575880275076,0,0.2736048238357471,0.8908136958179431,Pyrimidine catabolism
r0181,0.9579426234284567,0,-331.60022678661346,-7.122903113857967,Purine catabolism
r0186,-0.6793221241896499,0,10.474032677106559,2.0000871194878687,Glycerophospholipid metabolism
r0191,-0.8805886475327531,0,31.052382588267324,1.9717267819627262,Fructose and mannose metabolism
r0196,-0.4082202889764541,0,-414.96962344799044,-987.4766440330505,Miscellaneous
r0210,-0.8133168324746305,0,80.32918815862537,8.269987363283027,Methionine and cysteine metabolism
r0224,0.48757103006901453,0,188.84128701314927,548.2024716119051,Folate metabolism
r0239,-0.4753654688990858,0,2.153136166147071,0.7656472967107606,Tryptophan metabolism
r0245,-0.5474440793856131,0,2.217377688375784,0.6484805586713815,Glycerophospholipid metabolism
r0249,-6.219699628197052,0,220.48188417323456,-159.404028991524,Pentose phosphate pathway
r0276,0.9527754949394651,0,0.478261218045844,19.776528850490973,Purine catabolism
r0287,0.6582840423254948,0,12.506466399604212,60.69155739018321,Fatty acid oxidation
r0309,-1.020113885258394,0,7.2604498623265075,-729.1945534981728,Fatty acid oxidation
r0310,-0.33488506955260827,0,9.656450898328423,4.811387747233503,Fatty acid oxidation
r0311,0.7170570419555601,0,0.2526619894820571,1.5332950898411422,Fatty acid oxidation
r0317,0.6552117116268567,0,51.26778156048358,246.11924282127023,Miscellaneous
r0331,1,0,NA,317.4325355267167,Pyrimidine catabolism
r0365,1,0,NA,3.0375986704163953,Propanoate metabolism
r0377,0.49796896501173665,0,5.488182671080164,16.375735248689352,Pyrimidine catabolism
r0380,0.9064830386350243,0,1.0317779968929413,21.03433668076737,Miscellaneous
r0381,0.5216130032074942,0,0.8560728565649711,2.7229243248165353,Taurine and hypotaurine metabolism
r0383,0.4137553145537631,0,13.115352707485453,31.62826043930948,Miscellaneous
r0385,0.6656623528898692,0,4.818846881949221,24.007382671325654,Miscellaneous
r0386,0.6714480462369288,0,0.6994205634260084,3.5581743491300846,Miscellaneous
r0388,-0.4264825111569425,0,13.73557099035189,5.5223881965598585,Vitamin B6 metabolism
r0391,0.46716327054358736,0,1.1275294959717692,3.1046468298684107,NAD metabolism
r0394,-1.0728894553436505,0,706.512332433019,-24.84324428003689,Nucleotide interconversion
r0399,0.4648213571049024,0,5.333228654487198,14.597419645066054,Tetrahydrobiopterin metabolism
r0403,0.8537046848392399,0,1.2181823740958941,15.43556177016826,Tetrahydrobiopterin metabolism
r0407,0.5375198970190253,0,-635.0882799499511,-191.03212497134209,Miscellaneous
r0408,1.2367719620169715,0,-233.41290973543488,24.70776348086655,Miscellaneous
r0410,-3.8213946142072723,0,160.85852839204074,-94.13155776904439,Pyrimidine catabolism
r0424,0.4443995844367661,0,0.32414430290050295,0.8426809687181483,Miscellaneous
r0434,-0.9354835248312159,0,-11.919349670401678,-357.5785077131271,Fatty acid oxidation
r0437,-0.5401400543404768,0,-95.01930779307038,-318.2339389396727,Fatty acid oxidation
r0438,0.9246970295916155,0,14.586571158525162,372.8236751948118,Fatty acid oxidation
r0440,-0.6431855907978234,3.567358719027636e-6,2.9195693658589588,0.6339785501027516,Fatty acid oxidation
r0444,-0.7165717535773743,0,2.032497267848727,0.33559164380085205,Fatty acid oxidation
r0450,-0.986141852235446,0,811.3988926261902,5.661471630212724,Lysine metabolism
r0463,0.47431032181863064,0,-452.0971834302902,-161.20271244591476,Cholesterol metabolism
r0474,-0.7573930584945244,0,981.7335603240966,135.5276642821977,Nucleotide interconversion
r0475,-0.8926073475706267,0,797.693813876915,45.26372287876159,Nucleotide interconversion
r0480,-0.9339561611307972,0,-12.546271967032482,-367.3914234137535,Glycerophospholipid metabolism
r0483,0.4583009029393695,0,165.726984020257,446.15139982614517,Pyrimidine catabolism
r0488,-0.37809247403285173,0,293.1508069735691,132.29351189088587,Cholesterol metabolism
r0502,0.6020713663625066,0,2.540107939006944,10.226542783197388,Purine catabolism
r0504,0.3414622372754131,0,0.8270448211769551,1.6847164413972644,Purine catabolism
r0511,-0.642575513777459,0,6.34008541836316,1.379602797106163,Miscellaneous
r0514,-0.4563558492562923,0,5.059017825943558,1.8884845012205254,Folate metabolism
r0517,-0.4082202889764541,0,-414.96962344799044,-987.4766440330505,Miscellaneous
r0522,0.4911167940514069,0,0.14854246644993546,0.43525540588519945,Folate metabolism
r0523,0.4911167940514069,0,0.14854246644993546,0.43525540588519945,Folate metabolism
r0527,1,0,NA,434.21903263466356,NAD metabolism
r0531,0.9593299314807784,0,-805.5909946762085,-16.721757997739584,Nucleotide interconversion
r0539,0.5216130032074942,0,0.8560728565649711,2.7229243248165353,Taurine and hypotaurine metabolism
r0541,-0.7138384701502485,0,1.971716224935239,0.3292196675382016,Tryptophan metabolism
r0545,0.8545842769683946,0,5.767987081221986,73.5630090582855,Phenylalanine metabolism
r0546,0.5769085491909277,0,0.08071732427328243,0.3008423792798276,Miscellaneous
r0547,-0.8710773000186709,0,-5.050340917777123,-73.29646563387783,Phenylalanine metabolism
r0552,0.9189558332491219,0,7.163076937254379,169.60663331895628,"Glycine, serine, alanine, and threonine metabolism"
r0553,-0.3613714949584887,0,471.04112670296877,220.96855389833087,"Glycine, serine, alanine, and threonine metabolism"
r0555,0.4137553145537631,0,13.115352707485453,31.62826043930948,Miscellaneous
r0560,-0.5495156881511745,0,230.11487137737274,66.90034845810682,"Valine, leucine, and isoleucine metabolism"
r0561,0.6656623528898692,0,4.818846881949221,24.007382671325654,"Valine, leucine, and isoleucine metabolism"
r0568,0.49295241735132256,0,0.30661663575550663,0.902802938454178,Glutathione metabolism
r0579,-0.5011427423265502,0,0.6564834363934376,0.21816148295112112,CoA synthesis
r0584,-0.9901448601040395,0,-2.1585499274306,-435.8971144706726,NAD metabolism
r0590,-0.5011427423265502,0,0.6564834363934376,0.21816148295112112,CoA synthesis
r0594,-0.9982781750673996,0,757.6062874950409,0.6527946965440635,Lysine metabolism
r0603,0.8478687843260817,0,1.2570297233506658,15.268569152359548,"Valine, leucine, and isoleucine metabolism"
r0615,-0.6167131909380262,0,-35.26057212918251,-148.72996078519822,Arginine and proline metabolism
r0617,0.6167131909380262,0,35.26057212918251,148.72996078519822,Arginine and proline metabolism
r0627,-0.7922995280451143,0,-84.43695286870003,-728.6276692188263,Miscellaneous
r0629,-12.587376389392565,0,354.5144712076664,-415.704245198645,Bile acid synthesis
r0634,-0.8689178063881287,0,648.5881875993729,45.49069097135961,Fatty acid oxidation
r0637,1,0,NA,18.816442055292615,Fatty acid oxidation
r0638,0.39244457161926344,0,-9.741884710726305,-4.250607212162287,Fatty acid oxidation
r0639,0.7891424211729232,0,6.151301271904632,52.19425411312878,Fatty acid oxidation
r0642,0.9425733201260761,0,-62.68061415991187,-1.8529748794390817,Miscellaneous
r0643,-0.9425733201260761,0,62.68061415991187,1.8529748794390817,"Valine, leucine, and isoleucine metabolism"
r0647,-1,0,NA,-382.2788883442998,Tryptophan metabolism
r0648,0.8076785329238513,0,18.04462037720522,169.60599035841824,Miscellaneous
r0649,0.6066956454511139,0,18.3282280133734,74.87301830588281,Miscellaneous
r0650,1,0,NA,0.16838745317563772,Bile acid synthesis
r0653,0.5228018411318283,0,34.18263995328545,109.08128224775791,Fatty acid oxidation
r0655,0.7611840179130684,0,0.7237531505712773,5.337425370620187,"Valine, leucine, and isoleucine metabolism"
r0656,0.6714480462369288,0,0.6994205634260084,3.5581743491300846,Miscellaneous
r0660,-1.0561879582205227,0,0.8501021189668246,-31.109330106230622,Fatty acid oxidation
r0666,-0.6687288458905489,0,1.0241613469407551,0.20331350550502003,Purine synthesis
r0669,-0.8139835780418126,0,207.9908116297245,21.328587010311335,"Valine, leucine, and isoleucine metabolism"
r0672,1.1004221103643212,0,-181.2533981967449,8.665805157833104,Bile acid synthesis
r0698,-0.44204888591163227,0,908.7279002784729,351.60094038214686,Bile acid synthesis
r0707,-1,0,NA,-867.0064084106446,Miscellaneous
r0714,0.5228018411318283,0,34.18263995328545,109.08128224775791,Fatty acid oxidation
r0716,0.5228018411318283,0,34.18263995328545,109.08128224775791,Miscellaneous
r0718,0.7891424211729232,0,6.151301271904632,52.19425411312878,Fatty acid oxidation
r0720,0.491649670626449,0,3.3480577323041856,9.824188015741482,Fatty acid oxidation
r0722,1.29676721001819,0,-7.354332336564758,56.91730350250986,Fatty acid oxidation
r0724,-1.29676721001819,0,7.354332336564758,-56.91730350250986,Fatty acid oxidation
r0726,0.8689178063881287,0,-648.5881875993729,-45.49069097135961,Fatty acid oxidation
r0728,-0.8788872256419812,0,647.2285461633683,41.72025005000979,Fatty acid oxidation
r0730,-0.5277734466935092,0,54.62475237618685,16.884217090992628,Fatty acid oxidation
r0731,-0.5277734466935092,0,54.62475237618685,16.884217090992628,Fatty acid oxidation
r0732,-0.5277734466935092,0,54.62475237618685,16.884217090992628,Fatty acid oxidation
r0733,0.6582840423254948,0,12.506466399604212,60.69155739018321,Fatty acid oxidation
r0734,0.6582840423254948,0,12.506466399604212,60.69155739018321,Fatty acid oxidation
r0735,14.352707207414694,0,-24.166926914838584,27.78670626586319,Fatty acid oxidation
r0737,0.6732178090160167,0,23.713547510714587,121.4201113298118,Miscellaneous
r0779,-0.8139835780418126,0,207.9908116297245,21.328587010311335,Miscellaneous
r0788,-0.9339561611307972,0,-12.546271967032482,-367.3914234137535,Sphingolipid metabolism
r0789,-0.9339561611307972,0,-12.546271967032482,-367.3914234137535,Sphingolipid metabolism
r0791,-1.0862401988167427,0,75.60776668964736,-3.125444920054404,Fatty acid oxidation
r0797,0.659737852543025,0,-481.3335867485046,-98.6779928042695,Bile acid synthesis
r0812,0.5062710048587602,0,1.6930349728705363,5.1651199644801205,Purine catabolism
r0822,1,0,NA,478.3717933483124,"Transport, mitochondrial"
r0829,1,0,NA,4.400627903163526,"Transport, mitochondrial"
r0838,-0.9423595117229386,0,-17.497649697649432,-589.632866391778,"Transport, mitochondrial"
r0840,-6.219699628197052,0,220.48188417323456,-159.404028991524,"Transport, endoplasmic reticular"
r0845,0.44034027095145917,0,0.23109062450047496,0.5947348280234883,"Transport, endoplasmic reticular"
r0853,0.5203830335375432,0,0.6795076703235231,2.1540354185935087,Purine catabolism
r0859,1,0,NA,0.2526431289126895,Purine catabolism
r0860,0.44028247816243987,0,-3.0019588024376556,-1.1666106941067362,Purine catabolism
r0892,-1.0008486450610687,0,0.42290520066100873,-997.082686920166,"Transport, extracellular"
r0907,0.8562591234168196,0,11.740966720928391,151.62198194084763,"Transport, mitochondrial"
r0913,-1.5875017743507238,0,315.9675244466633,-71.74158606952084,"Transport, mitochondrial"
r0915,-1.022207055988675,0,395.88804031860826,-4.347481555148588,"Transport, mitochondrial"
r0921,1,0,NA,317.4325355267167,"Transport, mitochondrial"
r0924,0.5957726469661894,0,0.23577724752117066,0.9307803629503287,"Transport, extracellular"
r0927,-0.8564667321148188,0,16.965868019096135,1.3117210436168185,"Transport, mitochondrial"
r0944,0.9691884785256855,0,6.613809502961671,422.69374731309165,"Transport, extracellular"
r0960,-1.0222733572868659,0,2.7652383167882917,-251.06532897432837,"Transport, endoplasmic reticular"
r0961,-0.8468597011845902,0,191.6221011915803,15.889168959230185,"Transport, extracellular"
r0962,-0.4563558492562923,0,5.059017825943558,1.8884845012205254,"Transport, mitochondrial"
r0968,0.44034027095145917,0,0.23109062450047496,0.5947348280234883,"Transport, endoplasmic reticular"
r0970,0.9876454080872074,0,3.875083185801795,623.4355092084885,"Transport, endoplasmic reticular"
r0973,0.5011427423265502,0,-0.6564834363934376,-0.21816148295112112,"Transport, mitochondrial"
r0975,1,0,NA,317.4325355267167,"Transport, mitochondrial"
r0987,-0.5826733811400934,0,7.833310153794498,2.0655233606122465,"Transport, lysosomal"
r0990,-0.8693123221520417,0,-48.50525256761909,-693.8027196353912,"Transport, peroxisomal"
r0994,0.9108728211727857,0,0.5940773018402978,12.73692474843217,"Transport, endoplasmic reticular"
r0995,0.3481805741658318,0,-344.560020886755,-166.58815538769812,"Transport, endoplasmic reticular"
r0997,1,0,NA,18.816442055292615,"Transport, peroxisomal"
r0998,-0.9354835248312159,0,-11.919349670401678,-357.5785077131271,"Transport, endoplasmic reticular"
r0999,-0.5401400543404768,0,-95.01930779307038,-318.2339389396727,"Transport, peroxisomal"
r1000,-0.7165717535773743,0,2.032497267848727,0.33559164380085205,"Transport, endoplasmic reticular"
r1002,0.9246970295916155,0,14.586571158525162,372.8236751948118,"Transport, endoplasmic reticular"
r1003,-0.6431855907978234,3.567358719027636e-6,2.9195693658589588,0.6339785501027516,"Transport, peroxisomal"
r1011,1,0,NA,0.26834126943718656,"Transport, endoplasmic reticular"
r1012,1,0,NA,0.26834126943718656,"Transport, peroxisomal"
r1013,1,0,NA,0.29973416910114103,"Transport, endoplasmic reticular"
r1015,-0.534736190463787,0,179.45322444808482,54.402242782221734,"Transport, extracellular"
r1018,1,0,NA,0.16838745317563772,"Transport, endoplasmic reticular"
r1019,2.6264408393269694,0,-137.29430060197114,306.1222066434652,"Transport, peroxisomal"
r1051,1,0,NA,234.83649223253522,"Transport, endoplasmic reticular"
r1078,-0.9665885906484861,0,175.93750949211122,2.989095013506808,"Transport, mitochondrial"
r1117,0.38578175491758027,0,0.1091771042703338,0.24632228098704717,"Transport, mitochondrial"
r1143,0.3995570375204578,0,160.7887139997244,374.77827253216503,"Transport, extracellular"
r1147,0.36461499647573153,0,145.54394858784974,312.5844232829563,"Transport, peroxisomal"
r1150,0.9409469173119399,0,3.441275727156177,113.10727925122679,"Transport, lysosomal"
r1154,1.4689297060179511,0,-135.114038484478,711.3796780910492,Propanoate metabolism
r1155,0.8127324017159655,0,73.98560956717729,716.1736090602875,"Transport, mitochondrial"
r1164,0.5706356890646664,0,3.5652175540352617,13.041740515063395,Miscellaneous
r1165,-0.5766958759020903,0,0.6679443773845531,0.17932666276121453,Miscellaneous
r1167,0.5244955743732023,0,81.96198776899575,262.77502560771705,Miscellaneous
r1169,0.6913169046873207,0,0.30882174364858656,1.6920765778857807,Miscellaneous
r1172,0.5706356890646664,0,3.5652175540352617,13.041740515063395,Miscellaneous
r1174,-0.5766958759020903,0,0.6679443773845531,0.17932666276121453,Miscellaneous
r1177,0.5244955743732023,0,81.96198776899575,262.77502560771705,Miscellaneous
r1181,0.6913169046873207,0,0.30882174364858656,1.6920765778857807,Miscellaneous
r1251,-0.5766958759020903,0,0.6679443773845531,0.17932666276121453,Fatty acid oxidation
r1255,0.5368487622810144,0,0.3010530593315789,0.9989674731159287,Fatty acid oxidation
r1259,0.8365339492953022,0,0.12858934605075883,1.444695693826494,Fatty acid oxidation
r1298,-0.3624506784958172,0,0.7243020462306958,0.3389321062603802,"Transport, lysosomal"
r1318,0.9246970295916155,0,14.586571158525162,372.8236751948118,"Transport, endoplasmic reticular"
r1375,0.3999313158027683,0,0.1897082352334599,0.4425801685090231,Aminosugar metabolism
r1377,0.3941745747736812,0,82.35333280626423,189.51816474767028,Miscellaneous
r1378,0.3941745747736812,0,82.35333280626423,189.51816474767028,Miscellaneous
r1382,0.3537622391696242,0,0.016320378219753913,0.03418851868773484,Folate metabolism
r1400,-1,0,NA,-155.90389136676936,Fatty acid oxidation
r1411,0.4731188016882929,0,54.089722872956095,151.23065312936305,Miscellaneous
r1427,-0.4742333337007448,0,2.642821815722925,0.9425289633002175,"Transport, mitochondrial"
r1449,0.5209187117166769,0,2.609405667632098,8.28396767609543,Fatty acid oxidation
r1450,0.5271578725121352,0,8.790850380466805,28.39217485956922,Fatty acid oxidation
r1451,-0.5150571838300612,0,13.899180936259008,4.448880225527519,Fatty acid oxidation
r1454,-0.9551746155821124,0,209.09964802999497,4.7939309511743575,"Transport, mitochondrial"
r1455,-0.540426341843003,0,30.215490124335886,9.014545487993816,"Transport, mitochondrial"
r1459,-0.991734110822154,0,-1.2610099177881842,-303.85073079315424,"Transport, nuclear"
r1472,-0.5160480760241073,0,37.27383636618406,11.898530863668025,Fatty acid oxidation
r1474,-0.5160480760241073,0,37.27383636618406,11.898530863668025,Fatty acid oxidation
r1477,-0.5160480760241073,0,37.27383636618406,11.898530863668025,Fatty acid oxidation
r1481,-0.492257566510727,0,23.218057168996545,7.899971903271717,Fatty acid oxidation
r1487,-0.7165717535773743,0,2.032497267848727,0.33559164380085205,Fatty acid oxidation
r1495,-0.5802345899498941,0,74.09575776656865,19.682416990279407,"Transport, extracellular"
r1497,-0.42552291919779445,0,261.1449797175884,105.2398411796391,"Transport, extracellular"
r1501,-0.3395577050232978,0,86.1636575417757,42.48127834813003,"Transport, extracellular"
r1502,-0.37364752742821306,0,32.42081962213514,14.783166807825443,"Transport, extracellular"
r1514,0.5429880980222593,0,0.2463250928399095,0.83165599156479,"Transport, extracellular"
r1515,0.37887905218688206,0,0.21363980326460463,0.4742771121664438,"Transport, extracellular"
r1517,0.7973005004038667,0,0.26141152805088785,2.3178896401486857,"Transport, extracellular"
r1519,0.46446999877480816,0,0.4370069692335339,1.195047138785603,"Transport, extracellular"
r1533,0.4781334276239825,0,0.28300086269424607,0.8015708561102957,"Transport, extracellular"
r1546,3.076652589525649,0,-53.22351738409605,104.4824690763995,"Transport, extracellular"
r1547,0.8609774437721502,0,33.1529251808526,443.79018506547214,"Transport, extracellular"
r1548,3.269225137976235,0,-596.8836010869979,317.2620858019352,"Transport, extracellular"
r1549,-0.5550529040769675,0,469.5911341112137,134.36405336833874,"Transport, extracellular"
r1551,10.863649741814687,0,-100.30007997159883,120.63739579221229,"Transport, extracellular"
r1552,-0.3363116494311066,0,-188.9088879599471,-380.360974312067,"Transport, extracellular"
r1557,0.6820305440616586,0,62.24268574644653,329.2583504946962,"Transport, extracellular"
r1559,0.6988058932327617,0,-366.17768542362154,-64.92240303533669,"Transport, extracellular"
r1560,-3.3705860828068763,0,478.6678981110573,-259.62729850174935,"Transport, extracellular"
r1561,5.775167992358717,0,-54.14434754761457,76.82181047007386,"Transport, extracellular"
r1562,0.6715237523894798,0,-501.74712602254414,-98.59986313065887,"Transport, extracellular"
r1563,1.8964713661909112,0,-274.68361415341684,887.4942950356007,"Transport, extracellular"
r1564,-0.9360814895777093,0,208.84566545809471,6.894908048082795,"Transport, extracellular"
r1567,-0.43804556301588476,0,-291.7525926292419,-746.5970436687231,"Transport, extracellular"
r1569,-15.385227142010814,0,91.97291720432936,-104.76005171341617,"Transport, extracellular"
r1571,-1.0204917612786424,0,921.6966384122849,-9.347817124341699,"Transport, extracellular"
r1574,-0.7536456966908116,0,-54.287964007836955,-386.44283126227856,"Transport, extracellular"
r1575,0.669220609196049,0,-186.51033635983765,-36.95962960190196,"Transport, extracellular"
r1576,0.8162425232051106,0,10.714296969889457,105.89915633572801,"Transport, extracellular"
r1579,-0.47814406700129136,0,-213.76924037409836,-605.4961041654542,"Transport, extracellular"
r1581,0.37148975348589736,0,391.6102767644882,854.543716544199,"Transport, extracellular"
r1583,0.5749756082319469,0,93.3348494581446,345.86276491820814,"Transport, extracellular"
r1585,-0.7850418566883232,0,513.5175186855495,61.83875854847183,"Transport, extracellular"
r1586,0.8174801141192418,0,-744.0361149366379,-74.71959980987617,"Transport, extracellular"
r1587,-0.6874975022573138,0,616.0759101238251,114.08921225380115,"Transport, extracellular"
r1588,1.3548911419095895,0,-766.0002892845154,115.43918635101575,"Transport, extracellular"
r1591,0.945214790065599,0,-802.3411994178772,-22.59721202697879,"Transport, extracellular"
r1592,-0.6503431501873951,0,641.6631781564713,135.94865133924415,"Transport, extracellular"
r1593,-0.7914454861564183,0,879.8254173200608,102.42653968226314,"Transport, extracellular"
r1594,0.7799298092205804,0,-273.1757240516782,-33.775395747028966,"Transport, extracellular"
r1595,-2.9175882956942445,0,59.97681710005961,-122.53124260915523,"Transport, extracellular"
r1596,0.5798745466896904,0,-436.6177546066284,-116.1068342178111,"Transport, extracellular"
r1597,2.482900417594748,0,-48.94737103105187,114.96309326065932,"Transport, extracellular"
r1598,-0.4981850130303822,0,-298.40449647132175,-890.8963583052158,"Transport, extracellular"
r1599,14.813869047842696,0,-60.05068129891474,68.74494082764436,"Transport, extracellular"
r1600,-0.7636241699634756,0,-16.2972640388269,-121.59554874417782,"Transport, extracellular"
r1602,-1.6366189325873586,0,149.7748514025921,-620.3070449516416,"Transport, extracellular"
r1604,-0.3348037171097637,0,190.28898124895096,94.8300648097185,"Transport, extracellular"
r1605,1.5922933872318001,0,-745.9365571630478,170.43336694768277,"Transport, extracellular"
r1606,-20.838845492493032,0,503.37281096897124,-457.273962827754,"Transport, extracellular"
r1607,67.0551335180202,0,-357.4224707409859,346.9185615642786,"Transport, extracellular"
r1609,-3.5294783010642363,0,793.0596251983643,-442.8825970792413,"Transport, extracellular"
r1610,-0.7026618346800085,0,-24.97222766546393,-142.99966816290467,"Transport, extracellular"
r1611,1.6645611225963048,0,-458.93156279292106,114.46090389075586,"Transport, extracellular"
r1612,2.958403044028114,0,-53.55066176760979,108.23875258824583,"Transport, extracellular"
r1613,0.5712331737394483,0,-857.2198155725479,-233.92289946116284,"Transport, extracellular"
r1614,1.7214537788846422,0,-391.6968604276657,103.83831697799647,"Transport, extracellular"
r1615,1.2498617139254804,0,-55.77073779896535,502.1835709039092,"Transport, extracellular"
r1616,1.662791620498831,0,-459.83921337070467,114.45791516415461,"Transport, extracellular"
r1617,-7.1480514031550495,0,311.31550687642147,-412.5884099353194,"Transport, extracellular"
r1619,-1.0135374063579115,0,4.543590224290393,-675.8081004508018,"Transport, extracellular"
r1620,0.4795806151557578,0,151.21826054331325,429.92173903057574,"Transport, extracellular"
r1621,1.60736074210493,0,-83.43251160270852,358.17042539528086,"Transport, extracellular"
r1622,-0.5123454597723861,0,-175.0403506562805,-542.8463343506098,"Transport, extracellular"
r1624,1.0907353356549498,0,-4.94494789551869,113.94212875840647,"Transport, extracellular"
r1625,-6.104327220951153,0,80.80478956100978,-112.46607852749278,"Transport, extracellular"
r1626,0.5635098159271945,0,-349.5955762459755,-97.59774826623155,"Transport, extracellular"
r1627,-0.47796698817634925,0,-311.63888761847016,-882.304332676363,"Transport, extracellular"
r1630,-0.7167170428369422,0,-55.46059612661302,-336.0955827697396,"Transport, extracellular"
r1631,28.307466650538974,0,-461.7728437705517,495.5931061683774,"Transport, extracellular"
r1632,1.0087263479954989,0,-1.6446213390262818,378.57695084836854,"Transport, extracellular"
r1634,0.347805170514983,0,139.36193444904686,288.0009581978917,"Transport, extracellular"
r1635,-11.896955522223742,0,330.1382176229447,-390.7309615227699,"Transport, extracellular"
r1637,-0.35999852938139815,0,409.95547974767686,192.9208776762493,"Transport, extracellular"
r1639,-0.8973462760913615,0,-44.526235316761394,-822.9773217171669,"Transport, extracellular"
r1640,1.4286781676595632,0,-74.20069111239523,420.3843632014394,"Transport, extracellular"
r1641,-2.4786050821107333,0,883.4892152643204,-375.5331843783766,"Transport, extracellular"
r1643,0.6866926456900078,0,-687.5044457710267,-127.70566085723334,"Transport, extracellular"
r1644,-0.8696746311183987,0,-62.6180255208198,-898.3311136710644,"Transport, extracellular"
r1645,87.7923333621132,0,-80.84748600844908,79.02643946203754,"Transport, extracellular"
r1646,68.75321173958916,0,-65.28157742317916,63.409790424556185,"Transport, extracellular"
r1648,-32.235294055080345,0,162.16870162211313,-152.40987708134912,"Transport, extracellular"
r1650,3.050174003697029,0,-67.36224423515908,133.07592913574447,"Transport, extracellular"
r1651,1.5995165320733828,0,-62.5233959296912,271.1027847697578,"Transport, extracellular"
r1652,-1.8229978018182555,0,111.98221385480315,-384.1146876169443,"Transport, extracellular"
r1653,-0.8230054931352404,0,-63.417684620057045,-653.1885620191574,"Transport, extracellular"
r1654,3.7947748304191906,0,-65.29458759552229,112.02077597022488,"Transport, extracellular"
r1655,-0.7021163149977322,0,-57.42745072013326,-328.1421766980052,"Transport, extracellular"
r1657,1.7193583424166534,0,-411.99830608091355,108.98689367928296,"Transport, extracellular"
r1658,3.727896989220922,0,-62.93270438107624,109.07279297661343,"Transport, extracellular"
r1659,2.299982194336523,0,-30.584374120503384,77.63790185918576,"Transport, extracellular"
r1660,-0.8543057385189664,0,-62.48181706671119,-795.2296182576656,"Transport, extracellular"
r1661,-0.5917166991214836,0,-60.95972222482115,-237.6550978946995,"Transport, extracellular"
r1664,-0.6469943736526826,0,474.87375576049385,101.78122662092743,"Transport, extracellular"
r1665,0.4964765930469507,0,-677.2428390124321,-227.87367555129975,"Transport, extracellular"
r1666,24.804832088410993,0,-79.8644811024718,73.67459536100719,"Transport, extracellular"
r1668,0.5834461108732951,0,-658.603613309288,-173.25748860855103,"Transport, extracellular"
r1669,7.749789494393675,0,-61.896986364961414,47.74876339236963,"Transport, extracellular"
r1671,0.3394862179575576,0,236.80776490451618,480.23333656125067,"Transport, extracellular"
r1673,-0.6603326775975749,0,44.39362210833386,9.081952645238287,"Transport, extracellular"
r1676,0.7750220089766764,0,63.73933958730102,502.8879940232396,"Transport, extracellular"
r1677,0.8438722679883186,0,2.0257464847751305,23.924114679205207,"Transport, extracellular"
r1678,-0.4398964431430137,0,7.2246351816534995,2.8103020057507937,"Transport, extracellular"
r1679,-0.8470496789834797,0,65.12442125851511,5.392817123893974,"Transport, extracellular"
r1680,-0.945496448243509,0,240.022999751544,6.724302170542485,"Transport, extracellular"
r1681,-0.4535331021443988,0,85.28702142363787,32.06430865314379,"Transport, extracellular"
r1683,0.4294400151929317,0,4.656561018239526,11.666213596997876,"Transport, extracellular"
r1684,-0.9378134742410604,0,100.27522416624427,3.2179401647724677,"Transport, extracellular"
r1686,0.7783329211701805,0,8.864309952629078,71.11427775127143,"Transport, extracellular"
r1687,-0.43518579314551536,0,57.35280253349096,22.571069075898478,"Transport, extracellular"
r1693,0.745539820070105,0,1.2040582854214175,8.259570057159662,"Transport, extracellular"
r1695,-0.6478633881446125,0,5.733044411034655,1.2251105577333468,"Transport, extracellular"
r1698,-0.7591582011339956,0,10.188821318201313,1.3949251710380908,"Transport, extracellular"
r1701,0.7576907603065153,0,7.412595972407109,53.77034514683262,"Transport, extracellular"
r1702,-0.5255577122620113,0,18.107912116192374,5.6314875415799674,"Transport, extracellular"
r1705,0.835135176483343,0,9.403953494010912,104.67682242191135,"Transport, extracellular"
r1706,-0.44368580232482796,0,415.274020443058,160.02293097715378,"Transport, extracellular"
r1707,-0.7524840970950445,0,33.99760884056464,4.801726225493662,"Transport, extracellular"
r1710,0.7793295578596932,0,8.001374120093905,64.51739225829095,"Transport, extracellular"
r1711,0.839616862938207,0,13.22216703334655,151.6600927300632,"Transport, extracellular"
r1713,0.5675593592614572,0,12.911097192326189,46.801593873323874,"Transport, extracellular"
r1722,-0.9550218040550547,0,97.63319288800955,2.2461973934710544,"Transport, extracellular"
r1723,0.6771907158374989,0,9.707044575403886,50.43400496465452,"Transport, extracellular"
r1728,-0.39395768024990946,0,12.697008241341264,5.520199384452566,"Transport, extracellular"
r1731,0.4525893260894075,0,77.04223598884046,204.43651355203392,"Transport, extracellular"
r1733,-0.8577425770250923,0,31.34051459951936,2.399913150924613,"Transport, extracellular"
r1735,-0.9533768934860223,0,68.4295484471023,1.6332731981174562,"Transport, extracellular"
r1736,0.5223450381335956,0,156.9945479347348,500.36090932374003,"Transport, extracellular"
r1737,0.9783805175062734,0,0.9436751090538557,86.35490933464766,"Transport, extracellular"
r1738,-0.5038423672058978,0,8.983935555181072,2.9640395133402433,"Transport, extracellular"
r1739,0.6094422547753447,0,0.6574502987320783,2.709274887342018,"Transport, extracellular"
r1740,0.3780249087802199,0,0.39802709989483553,0.8818540577709763,"Transport, extracellular"
r1741,-0.8573288234307078,0,11.053609993238886,0.8490858070896201,"Transport, extracellular"
r1742,-0.8962743247390503,0,57.054678780323265,3.120874973667116,"Transport, extracellular"
r1743,0.9681788640044314,0,5.225526614218291,323.2056528977871,"Transport, extracellular"
r1744,0.7339033192693183,0,7.935610448068008,51.70895502548404,"Transport, extracellular"
r1745,-0.5470349443440051,0,3.634300211085353,1.0641071834889415,"Transport, extracellular"
r1746,0.9667843504710967,0,2.9979350306270427,177.51547194148898,"Transport, extracellular"
r1747,0.9914553378290907,0,2.103651424583909,490.28595567910673,"Transport, extracellular"
r1750,-0.9904006388495892,0,403.8336744037628,1.9476205994084184,"Transport, extracellular"
r1751,0.9360733372610478,0,16.76407669942081,507.7143171713114,"Transport, extracellular"
r1756,0.9180196118940258,0,16.896540447604657,395.3127900513649,"Transport, extracellular"
r1758,0.34651415880078523,0,77.97027189723849,160.6585306921333,"Transport, extracellular"
r1760,0.5418843981953895,0,148.0916585354209,498.433620027709,"Transport, extracellular"
r1762,-0.9703163308802772,0,115.52741882784963,1.7404706142842696,"Transport, extracellular"
r1764,0.9057867605617808,0,1.7026334727788153,34.44161722768293,"Transport, extracellular"
r1767,0.8941848065783398,0,14.25023860341385,255.09177444056272,"Transport, extracellular"
r1768,-0.9410481563751046,0,108.46667357414961,3.2942564346250904,"Transport, extracellular"
r1770,0.951465033884569,0,3.455385719539784,138.9320926737413,"Transport, extracellular"
r1771,0.7875684039678245,0,5.255618071854138,44.22495045014769,"Transport, extracellular"
r1773,0.9893694353796331,0,2.348000712928176,439.3972492862463,"Transport, extracellular"
r1774,0.9088311934084111,0,2.1780114456345507,45.60173970086109,"Transport, extracellular"
r1777,0.7679181961863383,0,1.397675764246784,10.647006251142733,"Transport, extracellular"
r1778,0.42680719892574415,0,134.34577316420078,334.4171733083129,"Transport, extracellular"
r1779,-0.9432861206503621,0,153.14342827777864,4.46941797311306,"Transport, extracellular"
r1780,0.9931201950909264,0,0.3306686336629741,95.7966599848777,"Transport, extracellular"
r1781,0.47733930759519805,0,0.7937266780823761,2.2435274702270314,"Transport, extracellular"
r1783,-0.6991041245061667,0,9.586105297315866,1.6976119970577246,"Transport, extracellular"
r1785,-0.869439201245246,0,11.773055937156082,0.8222249677419966,"Transport, extracellular"
r1786,-0.9959568495548273,0,363.7774841193199,0.7368932335330157,"Transport, extracellular"
r1787,-0.9187361677102829,0,20.65963307285011,0.8749931259192701,"Transport, extracellular"
r1788,0.9632914178415627,0,0.8773344504469612,46.9226294195991,"Transport, extracellular"
r1789,-0.8422548863960736,0,43.57632942975182,3.7312714364870265,"Transport, extracellular"
r1791,0.7276232831152378,0,8.307857774776407,52.69484370276081,"Transport, extracellular"
r1792,0.9021976631901081,0,1.396580843929351,27.162672226762027,"Transport, extracellular"
r1796,-0.6213644449263329,0,12.208870454789698,2.851124838673655,"Transport, extracellular"
r1798,0.7380816823724924,0,1.5583065099047906,10.340872776371528,"Transport, extracellular"
r1799,-0.6083976501799844,0,7.247526072865887,1.7645811906020346,"Transport, extracellular"
r1801,0.7655159077207108,0,1.102799062458356,8.303374735846342,"Transport, extracellular"
r1803,0.968172538470143,0,0.6388460436429814,39.505482968815755,"Transport, extracellular"
r1805,0.759392412110942,0,1.3810427564981103,10.098584869667175,"Transport, extracellular"
r1806,0.9892890654387824,0,2.0318426662352578,377.36412033258677,"Transport, extracellular"
r1807,-0.5179346606484424,0,24.23007989478726,7.694983183272343,"Transport, extracellular"
r1809,-0.7106365818902634,0,183.20212676407098,30.98962933836379,"Transport, extracellular"
r1810,0.5901534709171905,0,10.938391634101235,42.439596748916806,"Transport, extracellular"
r1813,-0.7187133723382501,0,103.13738311059475,16.879583965515113,"Transport, extracellular"
r1817,0.4214338127570534,0,39.32165535891354,96.60628590669631,"Transport, extracellular"
r1818,0.5463198862460779,0,12.074344581971504,41.15410522625912,"Transport, extracellular"
r1820,-0.9942662151484537,0,467.179265076828,1.3432035165147964,"Transport, extracellular"
r1821,-0.772505186234362,0,350.7317674174547,45.01519021213011,"Transport, extracellular"
r1823,0.6884491887709481,0,18.636581798343734,101.00092917345167,"Transport, extracellular"
r1825,0.6522635958539251,0,13.888556062172851,65.99123734788746,"Transport, extracellular"
r1826,0.8619248379144867,0,3.147074744782118,42.43787619422972,"Transport, extracellular"
r1829,-0.7329725832993792,0,5.519779024772463,0.8505225921907349,"Transport, extracellular"
r1830,0.6320343400725925,0,0.770714299327234,3.4183412743873416,"Transport, extracellular"
r1832,0.8236037676425804,0,8.502484795352375,87.89962857999876,"Transport, extracellular"
r1833,0.9346939191897851,0,16.68190027554035,494.2016213989377,"Transport, extracellular"
r1834,0.655319886823323,0,9.78774890801087,47.00548362173382,"Transport, extracellular"
r1835,0.6455420727344886,0,10.274323843305512,47.697712062718345,"Transport, extracellular"
r1836,0.8575495985372934,0,4.445903995308526,57.97447460183371,"Transport, extracellular"
r1837,0.6150021272998639,0,40.82201241593361,171.24156149232388,"Transport, extracellular"
r1841,-0.7881817185231569,0,38.137279501203444,4.5175347228237195,"Transport, extracellular"
r1847,0.8878916343072706,0,1.2311238195863858,20.73197968262136,"Transport, extracellular"
r1848,0.8485810247081467,0,6.01672851107791,73.45453325754703,"Transport, extracellular"
r1850,0.7012258085014534,0,2.0091070867444185,11.439893154323537,"Transport, extracellular"
r1851,0.9817469031624826,0,4.19187953282682,455.1142393292427,"Transport, extracellular"
r1852,0.992719160873335,0,0.461880622453161,126.41377599289417,"Transport, extracellular"
r1853,0.6662939713031972,0,11.56024373560194,57.72375320474282,"Transport, extracellular"
r1854,-0.9434565117017858,0,23.035391523119806,0.6701983724306614,"Transport, extracellular"
r1855,0.9318047378039868,0,5.515164199764328,156.23109271503836,"Transport, extracellular"
r1856,0.6268102741055319,0,10.478097270099912,45.67616713246806,"Transport, extracellular"
r1858,-0.9413795702596062,0,90.58168050828576,2.735135941135257,"Transport, extracellular"
r1859,0.628049691633478,0,11.05095601508324,48.37072352923676,"Transport, extracellular"
r1860,0.34668786307975225,0,5.18609555101156,10.690222239314892,"Transport, extracellular"
r1861,0.9528436248043765,0,11.350501556292176,470.0478887655139,"Transport, extracellular"
r1862,0.6553226437718042,0,12.208213566522673,58.63028711200841,"Transport, extracellular"
r1863,0.7191661186866556,0,27.187388011160493,166.43161468193532,"Transport, extracellular"
r1864,0.37426672341200595,0,21.659307323427498,47.569254218102245,"Transport, extracellular"
r1865,0.39757774315098526,0,23.158736210100354,53.72665753757665,"Transport, extracellular"
r1866,0.8371305089143213,0,4.066534980311987,45.86958200764806,"Transport, extracellular"
r1867,0.9508610310821963,0,1.1926604991178116,47.349688898274486,"Transport, extracellular"
r1871,0.9162194483603573,0,22.181503018069268,507.3328671779275,"Transport, extracellular"
r1874,0.9610470840475471,0,1.1442950331546191,57.608432724191246,"Transport, extracellular"
r1876,-0.4489998330945991,0,26.77557089096606,10.181743084401381,"Transport, extracellular"
r1877,0.8402185045811393,0,0.9666972812065913,11.133543471609428,"Transport, extracellular"
r1879,-0.43963810759160254,0,5.364048046121187,2.0878914626138285,"Transport, extracellular"
r1882,-0.5728794707196805,0,1.762714136554266,0.47867074940616366,"Transport, extracellular"
r1883,0.49431767326894144,0,12.700165063206107,37.52965073955398,"Transport, extracellular"
r1885,-0.902588182358388,0,6.332487621523696,0.3242210453767206,"Transport, extracellular"
r1886,0.830950263798935,0,0.7936852710176027,8.59627639178685,"Transport, extracellular"
r1888,-0.9720336245674457,0,21.477246830189227,0.304579364483431,"Transport, extracellular"
r1889,0.5579841195189816,0,0.6727478181979648,2.3712505895780414,"Transport, extracellular"
r1892,0.42061636547297837,0,2.244460834029957,5.503292814076508,"Transport, extracellular"
r1893,-0.37000055216402145,0,20.785252996879816,9.558169805465639,"Transport, extracellular"
r1894,-0.49010841298450364,0,24.53141748227179,8.394263989639885,"Transport, extracellular"
r1895,-0.7233492803878261,0,6.548370951076248,1.0512155350742431,"Transport, extracellular"
r1897,-0.676133669634819,0,1.929903201890336,0.3729002520976816,"Transport, extracellular"
r1898,0.44660537406627754,0,1.5476663619765008,4.04568886573349,"Transport, extracellular"
r1900,-0.9313532780021618,0,13.642513487552106,0.48490032424337115,"Transport, extracellular"
r1901,-0.9545641233915982,0,30.54050671057105,0.7099458533249446,"Transport, extracellular"
r1903,-0.7705108751939209,0,10.070452115644281,1.30530643714211,"Transport, extracellular"
r1904,0.9759583819029201,0,0.8454555676446064,69.48721207815707,"Transport, extracellular"
r1907,-0.98276433343905,0,73.66027425324619,0.6403100481513219,"Transport, extracellular"
r1908,-0.4964036972499669,0,145.56808212082387,48.98915185065493,"Transport, extracellular"
r1912,-0.4435741142542206,0,33.29397787185907,12.833169384531583,"Transport, extracellular"
r1913,-0.8424981347212415,0,230.1471549589157,19.673618936994423,"Transport, extracellular"
r1914,0.5815622877999431,0,80.98827393096089,306.1100758097529,"Transport, extracellular"
r1916,-0.9335930908966911,0,192.27306534457207,6.603385186606334,"Transport, extracellular"
r1917,0.8454993077551649,0,4.036151110855287,48.21152561099725,"Transport, extracellular"
r1918,-0.37638947026172725,0,258.5430685772896,117.13993999458849,"Transport, extracellular"
r1919,0.8824739758722808,0,18.583881310903653,297.66745874477624,"Transport, extracellular"
r1920,0.8679550995666514,0,2.4344909749154247,34.43919315716158,"Transport, extracellular"
r1921,0.48843432187129987,0,6.000183294121356,17.45793186352542,"Transport, extracellular"
r1922,0.9008638098709452,0,0.3809980342018185,7.305358153298177,"Transport, extracellular"
r1923,0.9329942151440033,0,8.000535964493151,230.80081474536658,"Transport, extracellular"
r1924,-0.5924062982421666,0,203.73676323785782,52.14863920341581,"Transport, extracellular"
r1925,0.917367972629432,0,6.0095492670948705,139.4437200843811,"Transport, extracellular"
r1926,-0.9716309093964606,0,120.19299812386036,1.7294139777564255,"Transport, extracellular"
r1929,-0.8183015749986945,0,159.04554049024583,15.893031501432747,"Transport, extracellular"
r1930,-0.5386468293458119,0,106.79269820501209,32.02109085718259,"Transport, extracellular"
r1931,-0.7529667504241676,0,375.18918783407213,52.872767982587966,"Transport, extracellular"
r1933,0.40798023394032346,0,4.017817245921364,9.55543647384164,"Transport, extracellular"
r1934,0.9817407815692978,0,6.345824516302376,688.7358998615741,"Transport, extracellular"
r1936,0.5131515851909344,0,6.815268690355518,21.182229023705485,"Transport, extracellular"
r1938,0.5526196445205103,0,130.67266770296098,453.49543937858346,"Transport, extracellular"
r1940,-0.5102315922817126,0,144.53623420286178,46.873129687468705,"Transport, extracellular"
r1941,0.3417103062183127,0,387.8459340547562,790.498304715538,"Transport, extracellular"
r1942,-0.6336476042061221,0,70.6684614394337,15.847701847538259,"Transport, extracellular"
r1943,0.8981789621614243,0,1.1872955028266312,22.13392628061147,"Transport, extracellular"
r1944,0.6179204438079733,0,5.119037886820783,21.676627067563963,"Transport, extracellular"
r1946,0.889874620029506,0,4.045230584575969,69.42067864833325,"Transport, extracellular"
r1948,-0.7406622931451072,0,415.5963610724449,61.91884990110546,"Transport, extracellular"
r1949,-0.7048046843621998,0,491.70957377414703,85.14193101639151,"Transport, extracellular"
r1950,0.4657429705278824,0,133.51286848074793,366.2947563722849,"Transport, extracellular"
r1952,-0.8428635378331008,0,70.42960841308832,6.005360283402099,"Transport, extracellular"
r1953,-0.8494512818983523,0,445.47802651224134,36.26272640446648,"Transport, extracellular"
r1955,0.933377435030922,0,3.1536106304908516,91.51733552580178,"Transport, extracellular"
r1956,-0.9795116887790977,0,236.83802189338206,2.451317225859531,"Transport, extracellular"
r1957,0.6995947337692586,0,2.8608935417860653,16.18599986113193,"Transport, extracellular"
r1958,-0.8684053031908897,0,61.879607428109644,4.358277170516521,"Transport, extracellular"
r1960,0.7687088087095758,0,41.05289573820233,313.9359433019638,"Transport, extracellular"
r1961,0.8602353745895607,0,5.791385705926511,77.08202648860068,"Transport, extracellular"
r1963,0.4550350548292555,0,73.02271980359852,194.96780124072134,"Transport, extracellular"
r1964,-0.7438782690691995,0,501.7117902050018,73.68593004159779,"Transport, extracellular"
r1965,0.905225848865627,0,9.380460101208696,188.57351762229203,"Transport, extracellular"
r1967,0.8043852263459441,0,8.188781684379219,75.5347687552318,"Transport, extracellular"
r1968,-0.7320001031012108,0,9.367392507944501,1.4494573192256424,"Transport, extracellular"
r1969,-0.5078960708776217,0,314.4103993661881,102.60826052486897,"Transport, extracellular"
r1970,-0.9766662082096647,0,196.39255846493245,2.3183393581370533,"Transport, extracellular"
r1972,-0.8277187490631679,0,104.90846406183243,9.888699468503148,"Transport, extracellular"
r1974,-0.7274169129216902,0,387.2638576613426,61.10949652370885,"Transport, extracellular"
r1975,0.611824308719779,0,107.3040275151968,445.55917296653985,"Transport, extracellular"
r1977,0.9985345913625663,0,0.3276554161035696,446.8587576207519,"Transport, extracellular"
r1980,0.7446855147049615,0,65.4110837924093,446.98509863978626,"Transport, extracellular"
r1981,0.6938364574754194,0,80.7639435591638,446.8229983294487,"Transport, extracellular"
r1982,-0.49134110886293053,0,399.17475619039533,136.14845567324758,"Transport, extracellular"
r1983,0.9633803135046727,0,9.361203019843584,501.9049445501566,"Transport, extracellular"
r1986,0.6691043668833633,0,62.21646422037184,313.83240432689786,"Transport, extracellular"
r1987,-0.6922888620946861,0,272.0431247366905,49.46596372940056,"Transport, extracellular"
r1988,0.9532826023168629,0,2.1955777107022993,91.79842964364141,"Transport, extracellular"
r1990,-0.5879191620616125,0,525.1994727602959,136.29449407164753,"Transport, extracellular"
r1991,-0.6515683908344262,0,76.37057837619186,16.111911359043326,"Transport, extracellular"
r1992,-0.9925315876318916,0,139.05346043083668,0.5212005622175194,"Transport, extracellular"
r1993,0.3642889142519047,0,115.84129251936675,248.60505776897668,"Transport, extracellular"
r1994,-0.9058558306964306,0,252.54195278782845,12.474895517581443,"Transport, extracellular"
r1996,0.5121765293824755,0,20.352717426273227,63.090243612518904,"Transport, extracellular"
r1998,0.8006254761295708,0,24.077833277344702,217.45586731714607,"Transport, extracellular"
r2001,-0.40434006490322394,0,194.7635577946186,82.61022461333424,"Transport, extracellular"
r2002,-0.9966541160141447,0,353.18300467786787,0.5918448017361093,"Transport, extracellular"
r2004,-0.8301898713433232,0,846.4631580646515,78.53721628816277,"Transport, extracellular"
r2005,0.9375496956327791,0,6.5308999152518,202.6242028957367,"Transport, extracellular"
r2006,0.5318427610277261,0,136.84022990309,447.75066611077784,"Transport, extracellular"
r2007,0.5047970176343279,0,5.561743981227404,16.900737785978325,"Transport, extracellular"
r2008,-0.713967719829246,0,305.2662457474947,50.94378343310952,"Transport, extracellular"
r2009,0.7975535048040853,0,15.522536833816977,137.82698713591398,"Transport, extracellular"
r2014,-0.3769974948006553,0,339.07549173026086,153.40977859239578,"Transport, extracellular"
r2015,-0.9761298854771745,0,672.5442107042313,8.12381182489771,"Transport, extracellular"
r2016,0.7819956192841776,0,70.14504152088165,573.3745179536462,"Transport, extracellular"
r2017,-0.3814664447417579,0,310.4808597203255,139.01374929041268,"Transport, extracellular"
r2018,-0.9312679135547088,0,121.57455105741025,4.326728826268912,"Transport, extracellular"
r2019,-0.6212125558942694,0,86.64927783241272,20.24512971134889,"Transport, extracellular"
r2020,0.4943405400551634,0,151.07670884792805,446.46658190513847,"Transport, extracellular"
r2021,-0.4749700633947246,0,478.29433210287095,170.2535184237361,"Transport, extracellular"
r2022,0.9573747822557227,0,9.717470121906477,446.2318779942632,"Transport, extracellular"
r2023,-0.8327113585563882,0,169.15891123231648,15.440709916495058,"Transport, extracellular"
r2024,0.5973891730834672,0,65.55002884417475,260.074740594846,"Transport, extracellular"
r2026,-0.611368281712816,0,273.62327346868517,65.99278646496981,"Transport, extracellular"
r2027,-0.9940241775649337,0,463.33511832923887,1.3885530708294536,"Transport, extracellular"
r2028,-0.9464490197568083,0,251.03837058458328,6.906603094664004,"Transport, extracellular"
r2030,-0.7592562139344116,0,392.4512639071464,53.70462947402969,"Transport, extracellular"
r2031,-0.5575965414155176,0,151.3589352157593,42.99041160316318,"Transport, extracellular"
r2032,-0.7569769127941268,0,321.81232908506394,44.51272247555628,"Transport, extracellular"
r2034,0.8607430176088235,0,22.417312799460255,299.5387200619936,"Transport, extracellular"
r2035,0.5748522956476784,0,133.06149514132738,492.8927027957678,"Transport, extracellular"
r2036,0.7951589023586947,0,47.825704363298414,419.1284851426125,"Transport, extracellular"
r2038,0.7981225438356516,0,8.062121401333943,71.80931699018777,"Transport, extracellular"
r2040,-0.4039566482120409,0,35.28527825109661,14.980202945965878,"Transport, extracellular"
r2043,-0.7528027602122257,0,111.10677864067554,15.669355175114388,"Transport, extracellular"
r2044,0.5519453835468925,0,129.26295078426003,447.73345116125347,"Transport, extracellular"
r2046,0.9190533604762363,0,2.6604436225222083,63.072825557631255,"Transport, extracellular"
r2047,0.9659980586976441,0,2.4382552138338993,140.9803332809925,"Transport, extracellular"
r2048,0.5891596551013353,0,9.84147251694604,38.06751519152001,"Transport, extracellular"
r2049,-0.4567094014645476,0,162.42937052198647,60.57924102220088,"Transport, extracellular"
r2052,0.9899509415248001,0,2.216610717219195,438.94127938553095,"Transport, extracellular"
r2054,0.7145935875087575,0,51.948322175222636,312.0821964230001,"Transport, extracellular"
r2055,0.47151984101245975,0,116.7535464265585,325.0929238372803,"Transport, extracellular"
r2056,0.4393864459834126,0,171.49699860301018,440.32195359426737,"Transport, extracellular"
r2057,-0.8107735443075198,0,94.82714601229429,9.909469242992433,"Transport, extracellular"
r2058,-0.9968232138310078,0,389.4386963004112,0.6195658461441417,"Transport, extracellular"
r2059,0.5349269134036894,0,0.9348886927323969,3.0855060352209414,"Transport, extracellular"
r2060,-0.9577969898072347,0,376.368910833168,8.11315016972017,"Transport, extracellular"
r2062,0.7145348916800898,0,36.73657249274254,220.64390184230805,"Transport, extracellular"
r2063,0.5720404556689886,0,119.35135559903384,438.4179811526656,"Transport, extracellular"
r2064,-0.5304648544906402,0,202.7598958992958,62.20521624210924,"Transport, extracellular"
r2065,-0.9984021601431162,0,408.8670840276718,0.3269132390151266,"Transport, extracellular"
r2066,0.5641800616136522,0,111.33339451705217,399.58125032123326,"Transport, extracellular"
r2068,0.7502351189613422,0,68.16116750885249,477.64148677465914,"Transport, extracellular"
r2071,-0.5361462098656381,0,371.1083686453819,112.05966088462174,"Transport, extracellular"
r2073,0.4909553425678576,0,47.71264773233533,139.74692790890634,"Transport, extracellular"
r2079,1.8774100244780647,0,-103.5006651136511,339.4238076038897,"Transport, extracellular"
r2080,-0.8565330718246943,0,-45.120272963185606,-583.8786682848215,"Transport, extracellular"
r2081,0.8704113715029869,0,31.077900979368387,448.56142138732673,"Transport, extracellular"
r2082,0.3617904085179791,0,63.58753156551584,135.68096083634794,"Transport, extracellular"
r2083,1.521341436766071,0,-92.27131417707466,446.24783578042985,"Transport, extracellular"
r2085,0.8474370515345558,0,-328.34871582926104,-27.115320746730916,"Transport, extracellular"
r2086,-2.770029307091405,0,506.86674808040857,-237.97401182130577,"Transport, extracellular"
r2088,1.8838728417689876,0,-125.54274574216306,38.47736343830652,"Transport, extracellular"
r2090,4.0303368343860555,0,-12.50921079095807,20.765197814587033,"Transport, extracellular"
r2092,0.7934346894853919,0,-135.71536049054862,-15.631506263200615,"Transport, extracellular"
r2093,-1.5159192236809782,0,80.75353007908761,-393.80071410501984,"Transport, extracellular"
r2095,1.1034818412492708,0,-435.70462188339235,21.434706793823793,"Transport, extracellular"
r2096,1.8021252168654025,0,-253.2162115839742,884.5795106297493,"Transport, extracellular"
r2097,-0.3349578413423763,0,-270.42692975964064,-542.8355867265105,"Transport, extracellular"
r2098,-5.841210651285086,0,144.33326683604662,-203.9601978797242,"Transport, extracellular"
r2100,-0.9750757228234187,0,605.0271046642304,7.635081066379976,"Transport, extracellular"
r2101,1.292530025780435,0,-270.84743720799685,34.560510395953436,"Transport, extracellular"
r2102,8.10775513016516,0,-582.2942974944115,746.1418940507889,"Transport, extracellular"
r2105,1.917242325832656,0,-209.0199478569597,664.7772585920811,"Transport, extracellular"
r2108,-0.9738445467777407,0,785.2821752550125,10.405789673095944,"Transport, extracellular"
r2109,-1.3648467941247648,0,105.70846321626291,-685.1761461917877,"Transport, extracellular"
r2110,0.540101504544112,0,-398.0637117189521,-118.86807562682237,"Transport, extracellular"
r2111,-3.163996473769454,0,490.85187447834016,-255.09188881533743,"Transport, extracellular"
r2112,1.6043227229818415,0,-297.6175745273348,69.06097368750106,"Transport, extracellular"
r2113,1.8258459861297336,0,-115.09721584809962,393.8349412380218,"Transport, extracellular"
r2114,-0.40738281063405907,0,-189.44380461295324,-449.9024985735774,"Transport, extracellular"
r2115,0.40994732597577,0,112.62450027430137,269.1193854238644,"Transport, extracellular"
r2116,4.76827686499509,0,-136.18777004471346,88.96820231863158,"Transport, extracellular"
r2117,5.980709532636247,0,-481.1663898879528,343.3103775045693,"Transport, extracellular"
r2118,1.6601984983579319,0,-148.03185663431586,596.4783678048373,"Transport, extracellular"
r2119,-1.0848312454176265,0,371.874326299572,-15.131470380718632,"Transport, extracellular"
r2120,-2.051511334476826,0,111.0692285808403,-322.3255887152791,"Transport, extracellular"
r2121,36.066935683953766,0,-439.2200644208927,464.2704462608933,"Transport, extracellular"
r2122,-1.0845880839553315,0,370.30042139968873,-15.025991645610251,"Transport, extracellular"
r2123,14.303285402802961,0,-498.53680026783945,433.3825817917824,"Transport, extracellular"
r2124,-58.14728022921548,0,371.345446102047,-384.3415307665348,"Transport, extracellular"
r2126,0.7147361250272024,0,-351.7975537023306,-58.525117602853115,"Transport, extracellular"
r2127,2.148473483752326,0,-461.60861289083215,168.38167909389213,"Transport, extracellular"
r2128,-0.544745077644946,0,-131.69091281794607,-446.8461061195016,"Transport, extracellular"
r2129,10.931681745355037,0,-459.01161633701327,551.445431295228,"Transport, extracellular"
r2130,5.46892387184221,0,-386.42009452744725,266.950426254043,"Transport, extracellular"
r2131,1.751137426729233,0,-131.27702785833273,35.842298511202216,"Transport, extracellular"
r2132,1.3962338718826828,0,-44.45608959143478,268.8492712253228,"Transport, extracellular"
r2136,-0.9944903535465968,0,623.1648374429702,1.7214512621722942,"Transport, extracellular"
r2139,1.0195067787332759,0,-2.355230833629704,243.8334231926784,"Transport, extracellular"
r2140,-0.8669529440949744,0,-16.168860697082707,-226.8859079649864,"Transport, extracellular"
r2141,-0.7147765222529936,0,-44.42014452165039,-267.05592941537054,"Transport, extracellular"
r2142,17.305571079685535,0,-268.69015334382055,301.6470061925467,"Transport, extracellular"
r2143,2.202779385654797,0,-14.748451234985886,39.27240202909894,"Transport, extracellular"
r2144,-0.9007124406225578,0,-40.24437748444918,-770.4186650314808,"Transport, extracellular"
r2147,-0.9910763292214015,0,267.29322329497336,1.1979634788624607,"Transport, extracellular"
r2148,0.8850249404810476,0,4.138381357271037,67.84908052508383,"Transport, extracellular"
r2149,-0.7930816956120399,0,-10.110384705571086,-87.61305967965527,"Transport, extracellular"
r2151,0.3896227919557259,0,48.50117953306567,110.42080803088545,"Transport, extracellular"
r2152,0.5668480592440704,0,19.481384026977672,70.47034973637145,"Transport, extracellular"
r2153,0.9366962919533517,0,1.874971484785591,57.362363661646285,"Transport, extracellular"
r2155,0.3401956853411774,0,22.186851329416783,45.06597147423327,"Transport, extracellular"
r2156,-0.5775376677510389,0,93.44449358782768,25.02430179890124,"Transport, extracellular"
r2157,0.9654636150353024,0,0.6486249727627786,36.91320863696756,"Transport, extracellular"
r2158,0.7850238451592118,0,0.506085681266182,4.20221028431186,"Transport, extracellular"
r2159,-0.9098442271494852,0,22.491681353562505,1.0617383796606492,"Transport, extracellular"
r2160,-0.9741513624231539,0,96.47394684174657,1.26318586051038,"Transport, extracellular"
r2161,0.9249861224783879,0,8.429028737902502,216.30348786808253,"Transport, extracellular"
r2162,0.9646835303012522,0,2.1765267846255987,121.08193042763472,"Transport, extracellular"
r2163,0.801245934309307,0,4.340256720553625,39.33438918387846,"Transport, extracellular"
r2164,0.9194783713810893,0,1.2413865944329532,29.592232042570412,"Transport, extracellular"
r2165,0.9340709459535409,0,2.2827209365643326,66.96507791569084,"Transport, extracellular"
r2166,-0.8695228433252474,0,300.86873588819503,20.998137215159566,"Transport, extracellular"
r2168,-0.3786406874832877,0,3.5510655361742947,1.6004805750271298,"Transport, extracellular"
r2169,0.9986096108786187,0,0.3380858364429441,485.98021347107886,"Transport, extracellular"
r2170,0.9027221362330281,0,0.17305345455283824,3.3848670805318166,"Transport, extracellular"
r2171,0.9940428229842144,0,0.8680628158097395,290.56622342733147,"Transport, extracellular"
r2172,0.9039139484469727,0,0.19414648273346247,3.8469495888710257,"Transport, extracellular"
r2173,-0.875372404853965,0,43.51107734349668,2.891522194470698,"Transport, extracellular"
r2174,0.5789679571378132,0,10.649795033569076,39.93920508704642,"Transport, extracellular"
r2177,0.9152277045466215,0,2.5730993122308923,58.133038193412126,"Transport, extracellular"
r2178,0.9987515895415514,0,0.17148541985991178,274.55453709840776,"Transport, extracellular"
r2179,-0.8324971472011646,0,3.2975550612902014,0.30141923051338426,"Transport, extracellular"
r2180,-0.7290451691979069,0,7.3708222512073815,1.1550651952456916,"Transport, extracellular"
r2182,-0.9985596792351262,0,220.4361496436596,0.1588637892374907,"Transport, extracellular"
r2183,-0.3781751700911025,0,7.97152306902539,3.596706053109269,"Transport, extracellular"
r2184,-0.7127523239647252,0,8.835756740753679,1.4818549969439598,"Transport, extracellular"
r2185,0.9956507446603363,0,0.263994187013444,121.13342509343326,"Transport, extracellular"
r2186,0.5058390177790202,0,1.0106337630833,3.0796679784304115,"Transport, extracellular"
r2187,-0.3501452837912383,0,5.458226113555643,2.627164664877951,"Transport, extracellular"
r2189,0.6929823744754355,0,0.9064836594230841,4.998608322669365,"Transport, extracellular"
r2190,-0.8252614789951154,0,28.79302190412041,2.756454415263924,"Transport, extracellular"
r2191,0.9321865226677218,0,3.4290601969837793,97.70305488927812,"Transport, extracellular"
r2192,-0.9615417501336181,0,52.811223372447486,1.0354239077850564,"Transport, extracellular"
r2194,1.047320846467183,0,-449.6213281192675,10.392343668564267,"Transport, extracellular"
r2195,0.7188445385016741,0,-119.1846705565471,-19.49531810658239,"Transport, extracellular"
r2197,-1.4864462408208263,0,102.95561583008387,-526.2526101962328,"Transport, extracellular"
r2198,-28.93604823679262,0,49.076238058021175,-52.58970837007385,"Transport, extracellular"
r2200,-1.7551950325478964,0,111.41230333479793,-406.4680135370016,"Transport, extracellular"
r2201,-1.7370186528182443,0,348.31307087795733,-93.79301452444476,"Transport, extracellular"
r2202,2.8471817078566715,0,-154.58251173111051,321.95371411322617,"Transport, extracellular"
r2203,0.5819236034697066,0,0.31070152414039476,1.175636985849521,"Transport, extracellular"
r2205,0.7708064087595259,0,4.203088973849464,32.47410562920123,"Transport, extracellular"
r2206,0.5570851599559018,0,10.644668433015422,37.42176543023288,"Transport, extracellular"
r2207,0.5738743215270731,0,45.63598826396167,168.5542873725772,"Transport, extracellular"
r2208,0.6982364780202047,0,5.932882865550693,33.388522363461256,"Transport, extracellular"
r2210,-0.9742509007500818,0,36.1923722766012,0.4720377665706685,"Transport, extracellular"
r2211,-0.5787085532550286,0,8.113566936980886,2.1651725051436164,"Transport, extracellular"
r2213,0.8932098912884666,0,12.210137232533096,216.46529684752227,"Transport, extracellular"
r2214,0.8787341217575516,0,6.084452655837161,94.26451185126751,"Transport, extracellular"
r2215,-0.4060147384584703,0,23.91850914158827,10.104618052387094,"Transport, extracellular"
r2216,-0.8947447343640095,0,48.45828181578368,2.6919137086273666,"Transport, extracellular"
r2217,-0.9053787765767893,0,10.079376257929997,0.5005424247359681,"Transport, extracellular"
r2219,0.829266236809212,0,4.644005253846367,49.75654408163428,"Transport, extracellular"
r2221,-0.9890043636150769,0,133.82913181402682,0.7398357178374543,"Transport, extracellular"
r2222,-0.7649070592270677,0,78.3248092836976,10.433189472338386,"Transport, extracellular"
r2226,0.8787914248475607,0,1.8618403493038729,28.85942416456913,"Transport, extracellular"
r2227,-0.8935358617842946,0,657.1273125648498,36.94701243434325,"Transport, extracellular"
r2228,0.9768168728501507,0,1.596564820383802,136.13850517807305,"Transport, extracellular"
r2229,-0.5582185530573095,0,111.7840623115778,31.692681810421497,"Transport, extracellular"
r2230,-0.9403097840981443,0,39.51697877147943,1.21567030893215,"Transport, extracellular"
r2231,-0.9791198518897248,0,88.10542614777088,0.9295315518803982,"Transport, extracellular"
r2234,0.7728409071103735,0,18.642334808691963,145.4922773835659,"Transport, extracellular"
r2235,-0.40174067531999547,0,50.97779092625715,21.757190406320245,"Transport, extracellular"
r2236,-0.937458666860361,0,173.1101517671585,5.5880106537021925,"Transport, extracellular"
r2237,-0.9078514527968147,0,10.184280011252314,0.4918971054961308,"Transport, extracellular"
r2241,-0.5397513182884007,5.679052490537694e-11,10.535454753067391,3.1491638316774275,"Transport, extracellular"
r2242,-0.9847746251422906,0,67.72493313473463,0.5195237187777413,"Transport, extracellular"
r2243,0.4199057604717637,0,6.420663296538254,15.715958166070585,"Transport, extracellular"
r2244,0.3600552943650532,0,29.926808406887808,63.602548562148215,"Transport, extracellular"
r2245,0.9798306824348717,0,0.6253679736503036,61.386444932854175,"Transport, extracellular"
r2247,-0.45216577981920053,0,2.7617340996984043,1.0418730890651946,"Transport, extracellular"
r2248,-0.9964555903371374,0,247.91442895159722,0.4401351584238049,"Transport, extracellular"
r2249,-0.3807454066632096,0,3.7943426999295307,1.7017359857119623,"Transport, extracellular"
r2252,-0.8583085138612869,0,4.418723982491996,0.3369169130130768,"Transport, extracellular"
r2253,-0.3482215790998801,0,2.9938548360915678,1.4473362596485997,"Transport, extracellular"
r2254,0.6664563798527975,0,0.3566857404048573,1.7820794396782846,"Transport, extracellular"
r2255,0.9928315394222569,0,0.45194902435598777,125.64179717248082,"Transport, extracellular"
r2256,-0.7423762701356976,0,11.171036450720788,1.6517236409909515,"Transport, extracellular"
r2257,-0.705317074688358,0,26.6949932278514,4.612959555920306,"Transport, extracellular"
r2258,-0.5238393743693472,0,1.556770498716025,0.4864507553092644,"Transport, extracellular"
r2259,-0.3755281646077075,0,3.789656696938498,1.720454683469748,"Transport, extracellular"
r2260,-0.5080807042700554,0,6.434741453797277,2.0989417046406333,"Transport, extracellular"
r2261,-0.3306229477043492,0,1.484957493874582,0.7470158783515588,"Transport, extracellular"
r2262,-0.9883231028329251,0,480.84823015122413,2.8238948330107667,"Transport, extracellular"
r2263,-0.8197253380553786,0,358.151709971714,35.48100204453709,"Transport, extracellular"
r2264,-0.7063547572285734,0,4.93963897105325,0.8500585700092081,"Transport, extracellular"
r2265,0.5723917226355367,0,3.532759709724868,12.990586056633118,"Transport, extracellular"
r2266,-0.7051122342848216,0,22.335583252392837,3.8627898555933267,"Transport, extracellular"
r2267,-0.8636836365898894,0,155.49012240402698,11.373093381392463,"Transport, extracellular"
r2268,-0.8127562929301579,0,9.741085127530432,1.0061787661558406,"Transport, extracellular"
r2269,0.9588013265023994,0,0.32879024173136057,15.632415001952438,"Transport, extracellular"
r2270,-0.6781582103415522,0,8.39615498788517,1.6102376587012528,"Transport, extracellular"
r2271,-0.9850084259515618,0,372.37531778354645,2.812326676994655,"Transport, extracellular"
r2272,-0.9466595673368384,0,24.05879124252418,0.659235110114589,"Transport, extracellular"
r2273,-0.9756868286911373,0,452.92867853713034,5.57382495649144,"Transport, extracellular"
r2275,0.9510328024408786,0,3.171557260293432,126.36647711319476,"Transport, extracellular"
r2276,-0.8670500963540355,0,490.6173951143265,34.93614634918459,"Transport, extracellular"
r2279,-0.3477793336408909,0,4.210387480324879,2.0375009910778377,"Transport, extracellular"
r2282,-0.9592920472805075,0,96.4600683227241,2.004138130428636,"Transport, extracellular"
r2283,0.6231351654282109,0,2.5639615717757724,11.042835011880339,"Transport, extracellular"
r2284,0.44190389202781966,0,0.27196906796552356,0.7026625916377379,"Transport, extracellular"
r2285,-0.9085862306850547,0,20.91789848625473,1.0018850162665105,"Transport, extracellular"
r2286,0.8559744165084315,0,0.9148505489454547,11.789150042713471,"Transport, extracellular"
r2287,0.9771058506294713,0,0.2095132176611427,18.093260497168075,"Transport, extracellular"
r2288,0.9988770497752983,0,0.25974922934570494,462.3595612832069,"Transport, extracellular"
r2290,-0.9636673165323327,0,253.37489864957334,4.688059893742017,"Transport, extracellular"
r2291,-0.45682872304946054,0,2.6016104812405074,0.9699974093490862,"Transport, extracellular"
r2292,-0.8866805076717914,0,87.00679041631818,5.225879675436387,"Transport, extracellular"
r2293,0.3477047181790855,0,0.24727673990547847,0.5108975004943394,"Transport, extracellular"
r2294,-0.7400147367381732,0,347.88882578525545,51.98000111606938,"Transport, extracellular"
r2297,-0.9821308546522969,0,501.0467378334999,4.5169959204887435,"Transport, extracellular"
r2298,0.9910739990440202,0,1.9879163046156547,443.433569626081,"Transport, extracellular"
r2299,0.9925527415322509,0,1.4588400770058123,390.3202510673165,"Transport, extracellular"
r2300,0.9910908727516607,0,0.6890430134233786,153.99345151527822,"Transport, extracellular"
r2301,0.9378124580060179,0,1.0531174133071246,32.81596245510241,"Transport, extracellular"
r2302,0.9972923673408595,0,0.2038983502889867,150.40615549188556,"Transport, extracellular"
r2303,0.9835019525120002,0,1.4791813795582682,177.83675047652125,"Transport, extracellular"
r2305,0.8948574859339652,0,0.7374048769740038,13.28936409510663,"Transport, extracellular"
r2306,0.40844809887956784,0,1.3141600205394033,3.1289328612527476,"Transport, extracellular"
r2307,-0.8899028664147486,0,81.2878776188612,4.735461530910925,"Transport, extracellular"
r2313,-0.543215210525896,0,-16.386171177961245,-55.359524193492064,"Transport, extracellular"
r2316,1.2037274681130186,0,-19.737056927694752,213.4964661080569,"Transport, extracellular"
r2317,1.424660429071943,0,-394.5582425546497,69.10380957603269,"Transport, extracellular"
r2319,1.2566177803064655,0,-361.34729856529236,41.09164719289318,"Transport, extracellular"
r2321,-0.7079379120440582,0,-77.01560243886709,-450.3763845038891,"Transport, extracellular"
r2322,3.9087536468229662,0,-23.195710640598872,39.14461072427146,"Transport, extracellular"
r2324,1.163400216582408,0,-580.2089793494224,43.822808263614775,"Transport, extracellular"
r2325,0.5113499188479588,0,-339.3905018324852,-109.73183257858081,"Transport, extracellular"
r2326,-0.7055029789672347,0,324.79185708277225,56.083299499422125,"Transport, extracellular"
r2327,1.2898910620250021,0,-362.65993226737976,45.91129886586638,"Transport, extracellular"
r2329,-9.875462531750602,0,60.28108427182436,-49.195379347397385,"Transport, extracellular"
r2330,1.2390255924442626,0,-446.48140608215334,47.663806507736815,"Transport, extracellular"
r2331,0.44214990263509596,0,-118.93643465561637,-46.00679966183668,"Transport, extracellular"
r2333,-4.292578600913668,0,162.36977285361877,-260.99750056135656,"Transport, extracellular"
r2335,-16.568420903846295,0,243.36103552532197,-274.62445485710504,"Transport, extracellular"
r2342,0.5262377832911992,0,-424.12998831312655,-131.6549528754307,"Transport, extracellular"
r2343,6.893744749423747,0,-382.0250166596115,285.2331824195951,"Transport, extracellular"
r2344,0.6233328417844582,0,-182.52810485108049,-42.35258523640074,"Transport, extracellular"
r2346,1.6236040364901638,0,-156.65546471380367,37.23541310923603,"Transport, extracellular"
r2347,1.9585147274394932,0,-128.3437027986683,396.1407415390461,"Transport, extracellular"
r2352,-1.133750701102228,0,6.691975220843783,-106.75836987441629,"Transport, extracellular"
r2353,2.0198620861312273,0,-108.27870072522909,320.61858902517855,"Transport, extracellular"
r2354,-1.3405292924969978,0,329.3058782218933,-47.91151218892413,"Transport, extracellular"
r2355,-0.3627323037905438,0,-144.67686308255045,-309.376791113655,"Transport, extracellular"
r2356,8.52798293842723,0,-507.60512227582933,401.05473788573744,"Transport, extracellular"
r2358,0.7680205929772075,0,51.32457871760577,391.1679629808307,"Transport, extracellular"
r2359,0.8736430751160948,0,-786.2728816104889,-53.02558676163666,"Transport, extracellular"
r2360,0.48489306393257425,0,-156.20482961711903,-54.18719579032399,"Transport, extracellular"
r2361,-0.8296327145783683,0,-79.37163096385501,-852.3991696029663,"Transport, extracellular"
r2362,-1.586037164584438,0,263.20286921211925,-59.645957643592354,"Transport, extracellular"
r2364,-0.5003636372913038,0,-144.56795556853078,-434.12473519072233,"Transport, extracellular"
r2365,-3.6049953203434884,0,103.4981068013847,-58.54774329323471,"Transport, extracellular"
r2366,0.574015687546477,0,-141.93757191207987,-38.413326792528856,"Transport, extracellular"
r2367,91.67852373312017,0,-165.57077354749563,161.99776079592704,"Transport, extracellular"
r2368,-70.57361229622111,0,141.42235693809093,-145.4877591005074,"Transport, extracellular"
r2369,0.6146932309070376,0,117.28055231421293,491.48400476999876,"Transport, extracellular"
r2371,18.55645666995499,0,-212.33723696494604,236.52631349179745,"Transport, mitochondrial"
r2372,3.3952047447192872,0,-234.5416475067079,127.81549428779222,"Transport, mitochondrial"
r2374,-6.390184135471629,0,294.1474858427843,-214.54257195953576,"Transport, mitochondrial"
r2375,-0.4477289974525988,0,-105.94675250161029,-277.7299280154586,"Transport, mitochondrial"
r2376,1.567015995302806,0,-57.42551153586327,259.97892100430727,"Transport, mitochondrial"
r2377,-0.3610143953749481,0,601.1426055528641,282.23174757035076,"Transport, mitochondrial"
r2378,1.542582113772835,0,-377.33165946135557,80.52184756391533,"Transport, mitochondrial"
r2380,0.680148039357263,0,-223.32609064981378,-42.51487742969748,"Transport, mitochondrial"
r2381,-0.515483217562637,0,4.302938247712771,1.3756970520343537,"Transport, mitochondrial"
r2382,-0.5082033493682927,0,11.637448398050852,3.794752310063434,"Transport, mitochondrial"
r2384,-0.3704743771575323,0,1.820619696076217,0.8362992896728202,"Transport, mitochondrial"
r2385,-0.37712175723409797,0,5.69519702176922,2.5759627240586704,"Transport, mitochondrial"
r2386,-0.782771523892961,0,27.466889025237737,3.34680600760582,"Transport, mitochondrial"
r2387,-0.6475299660651652,0,5.416777492332464,1.158857068378419,"Transport, mitochondrial"
r2390,0.46158300896191096,0,1.0516620206403722,2.854834386958974,"Transport, mitochondrial"
r2392,-0.8278244631164431,0,10.943565286555632,1.0308507554496698,"Transport, mitochondrial"
r2393,-0.9307085590905948,0,278.44048638048173,9.992985434273363,"Transport, mitochondrial"
r2394,0.5645537912868338,0,165.71960099754332,595.4288379211425,"Transport, mitochondrial"
r2396,-0.8675033821104113,0,4.532812891012616,0.3215964069134905,"Transport, mitochondrial"
r2397,-0.7507898870795162,0,3.310212537997931,0.4711807204697427,"Transport, mitochondrial"
r2399,-0.638078163475167,0,2.0724014957402743,0.45788251872176405,"Transport, mitochondrial"
r2400,-0.45091012804800834,0,4.029657806452082,1.5250043722087137,"Transport, mitochondrial"
r2401,-0.7974640970532477,0,6.241590656825732,0.7032942697306975,"Transport, mitochondrial"
r2402,-0.8386616049217469,0,507.15142849855425,44.501390205014125,"Transport, mitochondrial"
r2403,-0.6193624132454684,0,4.902759633049087,1.1524131842860408,"Transport, mitochondrial"
r2404,-0.508521775913489,0,2.8448754976111728,0.9268638873088115,"Transport, mitochondrial"
r2405,-0.8303004146597321,0,10.794284479327672,1.0008114435833413,"Transport, mitochondrial"
r2407,-0.9014079233909091,0,5.936110359526866,0.3078000465480174,"Transport, mitochondrial"
r2408,-0.8664074993866228,0,3.656276188448214,0.2617065561022819,"Transport, mitochondrial"
r2409,-0.5148382780553847,0,6.753655178508127,2.163013057757821,"Transport, mitochondrial"
r2410,-0.5353600745550595,0,0.56674029376189,0.17151036568179626,"Transport, mitochondrial"
r2411,-0.6705029747207297,0,4.116103296593923,0.8118775078485736,"Transport, mitochondrial"
r2412,-0.8128017742154549,0,7.428632116319984,0.7671146244233066,"Transport, mitochondrial"
r2416,-0.8207598016133294,0,6.7723550602828615,0.6666877550100154,"Transport, mitochondrial"
r2433,-0.6967338919967273,0,-101.05308965817531,-565.3787139054775,"Transport, mitochondrial"
r2436,-0.7454359306700734,0,492.35338990505414,71.80755264646018,"Transport, mitochondrial"
r2437,-0.45202703965179974,0,545.9407990228336,206.02976917505862,"Transport, mitochondrial"
r2438,-0.5937857691902679,0,-6.8536443890634935,-26.89034520677956,"Transport, mitochondrial"
r2439,0.3919405593189726,0,160.7912889565468,368.0757204149723,"Transport, extracellular"
r2465,0.4909553425678576,0,47.71264773233533,139.74692790890634,"Transport, extracellular"
r2471,0.5379950316576168,0,95.16887483397723,316.8131658589244,"Transport, extracellular"
r2472,-0.848458575794219,0,3.98741362081465,0.3268985017617466,"Transport, mitochondrial"
r2487,-0.5573244926397539,0,510.6790322939873,145.16248911990525,"Transport, extracellular"
r2488,-0.9058102385437893,0,484.06012577018737,23.92342472228231,"Transport, extracellular"
r2489,-0.5222658527891475,0,639.7901414287567,200.78595144820213,"Transport, extracellular"
r2495,-0.3356344799385611,0,581.8505776512146,289.4215950737357,"Transport, extracellular"
r2499,0.4358768732142017,0,0.2799818816042491,0.7126449699113077,"Transport, peroxisomal"
r2501,0.6975461666606148,0,0.2962446818808829,1.6626968108425033,"Transport, peroxisomal"
r2502,-0.5255710140203896,8.058208901973666e-16,2.8434066974180845,0.8842554976373358,"Transport, peroxisomal"
r2506,1.0222733572868659,0,-2.7652383167882917,251.06532897432837,"Transport, endoplasmic reticular"
r2507,1,0,NA,263.68214365312457,"Transport, endoplasmic reticular"
r2508,-0.8736838969308348,0,-0.9631040333899064,-14.286005304040387,"Transport, endoplasmic reticular"
r2509,-1.0190791967956854,0,2.1992282532704945,-232.73600365545525,"Transport, endoplasmic reticular"
r2510,-0.8441115497065002,0,-1.2904648798724447,-15.265795413212958,"Transport, endoplasmic reticular"
r2514,-0.7165717535773743,0,2.032497267848727,0.33559164380085205,"Transport, endoplasmic reticular"
r2516,9.601196847838123,0,-652.1351512466431,529.1046744793654,"Transport, peroxisomal"
r2518,0.7041843944870828,0,0.3784792454600249,2.1804070229217705,"Transport, peroxisomal"
r2520,-3.7480415312905206,0,113.55080948314071,-65.72022134071663,"Transport, mitochondrial"
r2525,-1.3007650381259155,0,569.6957061673403,-74.47285922127837,"Transport, extracellular"
r2526,1.8261017144674254,0,-262.62078484452815,76.76704610602796,"Transport, extracellular"
r2532,2.0613275677400034,0,-392.5687192530632,136.0991252181632,"Transport, extracellular"
r2534,-0.8834724191964188,0,688.5090153097868,42.597008110018166,"Transport, extracellular"
r2535,2.4366927858212835,0,-33.08985977117249,79.15379229416726,"Transport, extracellular"
r2537,-1.2168567623932771,0,221.0860166300297,-21.62701649927758,"Transport, endoplasmic reticular"
r2538,-5.819437290269944,0,118.27891411468238,-83.5901534207629,"Transport, endoplasmic reticular"
RE0383C,0.9969724412405779,0,1.4327287010458705,945.025335299921,Miscellaneous
RE0456N,-6.848515883054628,0,651.5600526660919,-874.3721525883675,Pyrimidine synthesis
RE0512X,1.8748582086136103,0,-0.07616265780152318,0.2502769475267537,Fatty acid oxidation
RE0565C,0.4957858066182591,0,0.5342093011489877,1.5847683403413124,Fatty acid synthesis
RE0566C,0.4957858066182591,0,0.5342093011489877,1.5847683403413124,Fatty acid synthesis
RE0567C,0.4957858066182591,0,0.5342093011489877,1.5847683403413124,Fatty acid synthesis
RE0568C,0.4957858066182591,0,0.5342093011489877,1.5847683403413124,Fatty acid synthesis
RE0569C,0.48119589579205824,0,0.5991348419030281,1.7105417278986979,Fatty acid synthesis
RE0570C,0.48119589579205824,0,0.5991348419030281,1.7105417278986979,Fatty acid synthesis
RE0571C,0.48119589579205824,0,0.5991348419030281,1.7105417278986979,Fatty acid synthesis
RE0577C,-0.37740897186951167,0,1.1085797080903441,0.5010797768274948,Fatty acid synthesis
RE0581C,0.7931869832527564,0,0.5624564850802655,4.876818991159912,Fatty acid synthesis
RE0583C,102.25212957121278,0,-34.24222300951576,34.918598373758,Fatty acid synthesis
RE0828E,0.43437183939965013,0,0.250122306593885,0.6342831173807936,Urea cycle
RE0915E,-1,0,NA,-1.3072388378310658,Starch and sucrose metabolism
RE0936E,0.47804690084476525,0,-658.8885193202973,-232.6779376625158,Miscellaneous
RE0937E,0.5774831852421433,0,-714.7168328017354,-191.43144121872783,Miscellaneous
RE0938E,1.2339170182211643,0,-610.681816191864,63.94546814421713,Miscellaneous
RE1100C,1.928262493277452,0,-94.61903824084848,298.48171485675573,Steroid metabolism
RE1100R,-0.8982189714201734,0,-15.99663946076706,-298.33776418933866,Steroid metabolism
RE1135C,-1.8066935141588947,0,124.56122227990627,-35.80110532981273,Steroid metabolism
RE1135R,1.8104641157796246,0,-124.47418254768849,35.89508854765052,Steroid metabolism
RE1233C,0.9943204326116685,0,2.3143213985002706,812.6496504191399,Tryptophan metabolism
RE1234C,-0.4161547739179478,0,312.202830316782,128.7134255427927,Urea cycle
RE1235C,-0.5072726432698025,0,-129.52705737526418,-396.22843643300536,Urea cycle
RE1303C,0.5085708538933553,0,0.8432590636180132,2.588605205315756,Vitamin D metabolism
RE1441R,0.591774427087666,0,0.28283496763752153,1.102844844725728,Phosphatidylinositol phosphate metabolism
RE1447N,-1,0,NA,-1.1659027708419278,Phosphatidylinositol phosphate metabolism
RE1448N,-0.9667465907568946,0,-1.1060372049388854,-65.41569576102495,Phosphatidylinositol phosphate metabolism
RE1448R,0.591774427087666,0,0.28283496763752153,1.102844844725728,Phosphatidylinositol phosphate metabolism
RE1516X,1.8748582086136103,0,-0.07616265780152318,0.2502769475267537,Fatty acid oxidation
RE1517X,1.8748582086136103,0,-0.07616265780152318,0.2502769475267537,Fatty acid oxidation
RE1521M,0.43266310512010714,0,1.146961897618184,2.896356659554092,Fatty acid oxidation
RE1523X,1.8748582086136103,0,-0.07616265780152318,0.2502769475267537,Fatty acid oxidation
RE1526M,0.43266310512010714,0,1.146961897618184,2.896356659554092,Fatty acid oxidation
RE1531X,1.8748582086136103,0,-0.07616265780152318,0.2502769475267537,Fatty acid oxidation
RE1533M,0.43266310512010714,0,1.146961897618184,2.896356659554092,Fatty acid oxidation
RE1573M,0.43266310511997513,0,1.1469618976185563,2.896356659554092,Fatty acid oxidation
RE1691M,-0.9034672670361236,0,148.7006584700227,7.541228159909774,Miscellaneous
RE1803C,1,0,NA,5.120052849418426,Bile acid synthesis
RE1834M,-0.5162229931567192,0,15.343489812330715,4.8956041488895226,Bile acid synthesis
RE1834X,1,0,NA,650.0521442350388,Bile acid synthesis
RE1835C,1,0,NA,57.58610288674682,Bile acid synthesis
RE1836X,0.5053601034056437,0,4.170179843191997,12.691298059840454,Bile acid synthesis
RE1860E,-1.8345555203640007,0,197.13655678617954,-669.5714085745811,Miscellaneous
RE1957R,0.3507604575036327,0,0.24428950327167986,0.508250929901479,Phosphatidylinositol phosphate metabolism
RE2080C,-0.5828026354536062,0,1.9660178765796126,0.5182057815597777,Eicosanoid metabolism
RE2111M,0.8287224156811364,0,0.467953092373925,4.996312348254281,"Glycine, serine, alanine, and threonine metabolism"
RE2112R,0.9883089912920056,0,3.6598649927166553,622.4392311809063,Bile acid synthesis
RE2235R,0.37700080070357267,0,0.395488406213567,0.8741389276905682,Androgen and estrogen synthesis and metabolism
RE2269E,0.5876450458088128,0,-840.0977628593445,-218.19642585380524,Miscellaneous
RE2270E,-1.0636399629236164,0,784.2484223646164,-24.185197718055708,Miscellaneous
RE2296C,0.44299574281392545,0,0.14064410430184143,0.3643577964461359,Tyrosine metabolism
RE2349C,-9.400271190176179,0,308.76563443888426,-382.2788883442998,Tryptophan metabolism
RE2404C,0.338032842436138,0,5.168084671730077,10.446238826581835,Miscellaneous
RE2426C,-0.4078982893477819,0,-28.412999499287597,-67.56037462925464,Tryptophan metabolism
RE2428M,0.8357104557106313,0,8.684995002348,97.04291409758628,"Glycine, serine, alanine, and threonine metabolism"
RE2429M,0.948128367698027,0,1.017967769464005,38.231530435561204,"Glycine, serine, alanine, and threonine metabolism"
RE2541E,-1.2780611281631686,0,78.7641984829992,-645.2885379568696,Miscellaneous
RE2562C,0.9816526324670555,0,3.848859235619192,415.7055241066456,Tryptophan metabolism
RE2624M,-0.33858274322052684,0,-0.1870316780585228,-0.37851654778972443,Fatty acid oxidation
RE2625M,-0.42859029296161244,0,-18.52848825681609,-46.323361575589146,Bile acid synthesis
RE2626C,-0.3978037797565394,0,966.4139143447876,416.3465679785774,Bile acid synthesis
RE2636R,0.9787175377418406,0,0.16044095102920902,14.91685124223642,Bile acid synthesis
RE2637C,-0.6048946999355136,0,0.9512312143605225,0.23418140417294758,Bile acid synthesis
RE2637X,0.4321251444790529,0,0.1458151047891186,0.3677315098267136,Bile acid synthesis
RE2649C,1,0,NA,0.5780310752721911,Bile acid synthesis
RE2659R,0.9703791326619486,0,0.2933003837934561,19.510331997806674,Vitamin A metabolism
RE2666C,0.6559191828686275,1.3024324846854083e-12,0.5121810994664622,2.4649165704155984,Glycosphingolipid metabolism
RE2677R,0.8113262576969266,0,0.09264402753324757,0.8894113067424694,Glycosphingolipid metabolism
RE2759X,-0.6920230511408831,0,0.6914131990701814,0.12584895182543565,Fatty acid oxidation
RE2766C,-0.673754039921686,0,361.6519611552954,70.49272979609059,Steroid metabolism
RE2888C,-1.005872789765904,0,2.769762329072322,-946.022437625885,Purine catabolism
RE2973N,0.966153372998136,0,1.1060372049388854,64.24979307486862,Phosphatidylinositol phosphate metabolism
RE2989X,-0.3428353158396063,5.146610902535298e-11,2.955804469698481,1.4465290626905858,Fatty acid oxidation
RE2990X,-0.3428353158396063,5.146610902535298e-11,2.955804469698481,1.4465290626905858,Fatty acid oxidation
RE2991X,-0.3428353158396063,5.146610902535298e-11,2.955804469698481,1.4465290626905858,Fatty acid oxidation
RE2992X,-0.3428353158396063,5.146610902535298e-11,2.955804469698481,1.4465290626905858,Fatty acid oxidation
RE2993X,-0.3428353158396063,5.146610902535298e-11,2.955804469698481,1.4465290626905858,Fatty acid oxidation
RE2994X,-0.3428353158396063,5.146610902535298e-11,2.955804469698481,1.4465290626905858,Fatty acid oxidation
RE2997X,-0.3428353158396063,5.146610902535298e-11,2.955804469698481,1.4465290626905858,Fatty acid oxidation
RE3010C,0.4962113915453138,0,-10.185447719201445,-3.429537137559648,Eicosanoid metabolism
RE3011R,-0.39812035939622237,0,-20.229168286696076,-46.99081033362448,Eicosanoid metabolism
RE3012C,0.9771399457315663,0,0.04763566499996689,4.119954178891563,Eicosanoid metabolism
RE3012R,-0.39812035939622237,0,-20.229168286696076,-46.99081033362448,Eicosanoid metabolism
RE3033C,1,0,NA,1.1069260075422285,Arachidonic acid metabolism
RE3051C,0.7113728808313088,0,0.5355338069216348,3.175370479994221,Heme synthesis
RE3074X,-0.518988645217714,0,0.9653734605826204,0.305700505140481,Fatty acid oxidation
RE3079X,1,0,NA,0.13806495138195218,Fatty acid oxidation
RE3106C,0.48190590952311757,0,1.4594327674341272,4.17441943918257,Fatty acid oxidation
RE3110C,0.48190590952311757,0,1.4594327674341272,4.17441943918257,Fatty acid oxidation
RE3112C,0.48190590952311757,0,1.4594327674341272,4.17441943918257,Fatty acid oxidation
RE3113C,0.48190590952311757,0,1.4594327674341272,4.17441943918257,Fatty acid oxidation
RE3146R,0.8586546979619777,0,0.11991872215289623,1.5769006333377817,Fatty acid oxidation
RE3156X,0.5722608795072782,0,0.3267247676879619,1.2009576538385083,Fatty acid oxidation
RE3157X,0.5722608795072782,0,0.3267247676879619,1.2009576538385083,Fatty acid oxidation
RE3158X,0.5722608795072782,0,0.3267247676879619,1.2009576538385083,Fatty acid oxidation
RE3159X,0.5722608795072782,0,0.3267247676879619,1.2009576538385083,Fatty acid oxidation
RE3169C,0.41509056010135453,0,0.17411252168796054,0.4212361248243309,Fatty acid oxidation
RE3170C,0.41509056010135453,0,0.17411252168796054,0.4212361248243309,Fatty acid oxidation
RE3171C,0.41509056010135453,0,0.17411252168796054,0.4212361248243309,Fatty acid oxidation
RE3172C,0.41509056010135453,0,0.17411252168796054,0.4212361248243309,Fatty acid oxidation
RE3225C,0.532787738756109,0,0.7345044973899683,2.4096959370525988,Fatty acid synthesis
RE3230C,0.532787738756109,0,0.7345044973899683,2.4096959370525988,Fatty acid synthesis
RE3231C,0.532787738756109,0,0.7345044973899683,2.4096959370525988,Fatty acid synthesis
RE3232C,0.532787738756109,0,0.7345044973899683,2.4096959370525988,Fatty acid synthesis
RE3245C,-0.5290141417005403,0,-80.58024131668806,-261.59666228560206,Fatty acid synthesis
RE3247M,0.33858274322052684,0,0.1870316780585228,0.37851654778972443,Fatty acid oxidation
RE3251M,0.37532258788322403,0,20.954859420985727,46.135318691836666,Bile acid synthesis
RE3268R,0.3507604575036327,0,0.24428950327167986,0.508250929901479,Phosphatidylinositol phosphate metabolism
RE3269C,0.3891813546577463,0,0.23921185225322406,0.5440381486343191,Phosphatidylinositol phosphate metabolism
RE3272N,-0.39541482324893157,0,-0.2588496027844227,-0.5974386845845588,Phosphatidylinositol phosphate metabolism
RE3273C,0.6604556413944809,0,-180.06023829165176,-36.82027787851691,Phosphatidylinositol phosphate metabolism
RE3301C,-0.425479744792198,0,26.680076123329997,10.753042405084217,Glycerophospholipid metabolism
RE3346C,-0.40375416496196725,0,958.3362914291382,407.0541955228318,Bile acid synthesis
RE3367E,0.43437183939965013,0,0.250122306593885,0.6342831173807936,Urea cycle
RE3381C,0.338032842436138,0,5.168084671730077,10.446238826581835,Miscellaneous
RE3381E,-1.3694705491949328,0,109.37788506860258,-701.4569306484699,Miscellaneous
RE3430C,0.4962113915453138,0,-10.185447719201445,-3.429537137559648,Eicosanoid metabolism
RE3430M,-0.4962113915453138,0,10.185447719201445,3.429537137559648,Eicosanoid metabolism
RE3431C,0.3332306261689528,0,-222.180858374167,-111.11610317644663,Eicosanoid metabolism
RE3432C,0.3332306261689528,0,-222.180858374167,-111.11610317644663,Eicosanoid metabolism
RE3432M,-0.4962113915453138,0,10.185447719201445,3.429537137559648,Eicosanoid metabolism
RE3470C,0.3981752061802653,0,-9.809153057425474,-4.222211558492039,Arachidonic acid metabolism
RE3476C,-0.34711525484578226,0,10.680188433237747,5.176195636082906,Arachidonic acid metabolism
RE3525M,-0.47256376644620274,0,5.393092861362023,1.9316736231174785,Arachidonic acid metabolism
RE3526C,-0.3981752061802653,0,4.904576528712737,2.1111057792460195,Arachidonic acid metabolism
RE3587C,0.4363821632686408,0,2.6925388159997348,6.861945235160971,Eicosanoid metabolism
RE3628M,-0.3760032430855569,0,-15.100120568668842,-33.2979533038184,Fatty acid oxidation
EX_prostgh2[e],1,0,NA,232.72705755497296,Exchange/demand reaction
EX_prostgi2[e],0.47139829115524234,0,-662.5259981292248,-238.0133080691727,Exchange/demand reaction
EX_cdp[e],-1,0,NA,-826.1225815357208,Exchange/demand reaction
EX_dtdp[e],-0.8928388758309111,0,-2.960881016251137,-52.29947649136855,Exchange/demand reaction
EX_HC00955[e],-0.7409819626509777,0,-36.372848379156,-244.4790085140705,Exchange/demand reaction
EX_citr_L[e],1,0,NA,178.9408247802455,Exchange/demand reaction
EX_HC02193[e],-1.0142673395249358,0,0.11931823872042586,-16.845385283229547,Exchange/demand reaction
EX_HC02196[e],0.5073725353067158,0,-265.1789375066519,-86.66366449842452,Exchange/demand reaction
EX_HC02187[e],-0.926478262914174,0,44.2754553081911,1.6897197581663508,Exchange/demand reaction
EX_HC02180[e],-0.6682074351707901,0,-0.5553776223252836,-2.792362388733518,Exchange/demand reaction
EX_HC02203[e],1,0,NA,709.062164992857,Exchange/demand reaction
EX_HC02217[e],-1,0,NA,-478.1299250951767,Exchange/demand reaction
EX_CE2915[e],-0.47804690084476525,0,658.8885193202973,232.6779376625158,Exchange/demand reaction
EX_CE4722[e],0.47804690084476525,0,-658.8885193202973,-232.6779376625158,Exchange/demand reaction
EX_CE2916[e],-0.5774831852421433,0,714.7168328017354,191.43144121872783,Exchange/demand reaction
EX_CE4723[e],0.5774831852421433,0,-714.7168328017354,-191.43144121872783,Exchange/demand reaction
EX_CE2917[e],-1.2339170182211643,0,610.681816191864,-63.94546814421713,Exchange/demand reaction
EX_CE4724[e],1.2339170182211643,0,-610.681816191864,63.94546814421713,Exchange/demand reaction
EX_23cump[e],1.8345555203640007,0,-197.13655678617954,669.5714085745811,Exchange/demand reaction
EX_3ump[e],-1.8345555203640007,0,197.13655678617954,-669.5714085745811,Exchange/demand reaction
EX_CE5788[e],0.5876450458088128,0,-840.0977628593445,-218.19642585380524,Exchange/demand reaction
EX_CE5789[e],-1.0636399629236153,0,784.2484223646164,-24.185197718055335,Exchange/demand reaction
EX_CE5854[e],1.2780611281631686,0,-78.7641984829992,645.2885379568696,Exchange/demand reaction
EX_CE1926[e],-1.2780611281631686,0,78.7641984829992,-645.2885379568696,Exchange/demand reaction
EX_crm_hs[e],-1,0,NA,-128.0408784204204,Exchange/demand reaction
EX_CE0074[e],-1.005872789765904,0,2.769762329072322,-946.022437625885,Exchange/demand reaction
EX_CE5853[e],1.3694705491949328,0,-109.37788506860258,701.4569306484699,Exchange/demand reaction
EX_CE1925[e],-1.3694705491949328,0,109.37788506860258,-701.4569306484699,Exchange/demand reaction
2MB2COAc,-0.8245882354861361,0,10.233920105652535,0.9838658107691487,Fatty acid oxidation
ADPACDAc,0.3387954212186186,0,0.30307324331653757,0.6136573814928371,Fatty acid oxidation
ADPCOACROT,-0.8216376490316829,0,-0.06008515102347901,-0.6136573814928371,Fatty acid oxidation
C100CPT1,0.6592847230957373,0,3.4036244831465883,16.575664464927023,Fatty acid oxidation
sink_c101coa[c],-0.5901560740123023,0,-0.9707665642234656,-3.766483411527572,Fatty acid oxidation
C101CPT1,0.5901560740123023,0,0.9707665642234656,3.766483411527572,Fatty acid oxidation
C101CRNe,0.5901560740123023,0,0.9707665642234656,3.766483411527572,Fatty acid oxidation
C10CRNe,0.6592847230957373,0,3.4036244831465883,16.575664464927023,Fatty acid oxidation
C10OHc,0.3721029539112014,0,4.0396808988550825,8.827654356242716,Fatty acid oxidation
C141CPT1,0.6943362614572504,0,1.5421714310312586,8.548468946421123,Fatty acid oxidation
C142CPT1,0.8849682315873002,0,0.7062844284450752,11.573530759845115,Fatty acid oxidation
C14OHc,0.6822158116301271,0,1.258982433859089,6.66452339138193,Fatty acid oxidation
C161OHc,0.4184647453889346,0,0.7556866293947182,1.8432499729962284,Fatty acid oxidation
C16OHc,0.4219571671785404,0,0.9118407273448084,2.243083702369379,Fatty acid oxidation
C181OHc,0.8585115356350638,0,1.0465445004898843,13.746809928611407,Fatty acid oxidation
C182OHc,0.4887917571774217,0,4.48842918981376,13.071652255788166,Fatty acid oxidation
C30CPT1,0.7938161474780255,0,17.837908911080174,155.19124631026833,Fatty acid oxidation
C3DCe,-0.4904623901751208,0,2.248755278193668,0.7687717563924946,Fatty acid oxidation
C40CPT1,1.0016343551972535,0,-592.3113800451279,0.4836283809056327,Fatty acid oxidation
C4CRNCPT2,0.9141522251697738,0,-599.5754020990372,-26.89034520677956,Fatty acid oxidation
C4CRNe,0.6521440204759321,0,7.57894746493355,35.996255556172876,Fatty acid oxidation
C4DCe,0.67862235928519,0,0.7041041827283198,3.6776828088137625,Fatty acid oxidation
C4tcx,0.9295249069539558,0,0.31492525705773733,8.622282015644526,"Transport, peroxisomal"
C4x,0.9295249069555376,0,0.31492525705019375,8.622282015638566,"Transport, peroxisomal"
C51CPT1,-0.8245882354861361,0,10.233920105652535,0.9838658107691487,Fatty acid oxidation
C60CPT1,-0.39886636452195157,0,165.89269069576525,71.28892279232144,Fatty acid oxidation
C6CRNe,1,0,NA,71.28892279232144,Fatty acid oxidation
C6DCCACT,-0.8216376490316829,0,-0.06008515102347901,-0.6136573814928371,Fatty acid oxidation
C6DCc,0.3387954212186186,0,0.30307324331653757,0.6136573814928371,Fatty acid oxidation
C80CPT1,1.0517670306199722,0,-244.3925618575096,6.1661373070939565,Fatty acid oxidation
sink_c81coa[c],-0.49959481324234717,0,-1.8732542217349568,-5.613695439488988,Fatty acid oxidation
C81CPT1,0.49959481324234717,0,1.8732542217349568,5.613695439488988,Fatty acid oxidation
C81CRNe,0.49959481324234717,0,1.8732542217349568,5.613695439488988,Fatty acid oxidation
C8CRNe,0.6250636112232685,0,5.764007035466377,24.982579361613094,Fatty acid oxidation
C9BRxtc,0.697935373519309,0,-265.65479938787445,-47.26028976213485,"Transport, peroxisomal"
DCATDr,-0.6572566954715469,0,3.2736372249106642,0.677032860002405,Fatty acid oxidation
DCSPTN1COAtxc,0.63394235637025,0,0.12387225110549799,0.5529187038774769,"Transport, peroxisomal"
DECCRNe,0.3721029539112014,0,4.0396808988550825,8.827654356242716,Fatty acid oxidation
DOCOSDIACTD,0.8135917878795232,0,2.275994089910714,22.143467520929967,Fatty acid oxidation
EX_3deccrn[e],0.3721029539112014,0,4.0396808988550825,8.827654356242716,Exchange/demand reaction
EX_3hdececrn[e],0.4184647453889346,0,0.7556866293947182,1.8432499729962284,Exchange/demand reaction
EX_3hexdcrn[e],0.4219571671785404,0,0.9118407273448084,2.243083702369379,Exchange/demand reaction
EX_3ivcrn[e],0.4709459803557125,1.7956744850483428e-7,0.9085622003796389,2.5261048341531143,Exchange/demand reaction
EX_3octdec2crn[e],0.4887917571774217,0,4.48842918981376,13.071652255788166,Exchange/demand reaction
EX_3octdece1crn[e],0.8585115356350638,0,1.0465445004898843,13.746809928611407,Exchange/demand reaction
EX_3tdcrn[e],0.6822158116301271,0,1.258982433859089,6.66452339138193,Exchange/demand reaction
EX_c101crn[e],0.5901560740123023,0,0.9707665642234656,3.766483411527572,Exchange/demand reaction
EX_c10crn[e],0.6592847230957373,0,3.4036244831465883,16.575664464927023,Exchange/demand reaction
EX_c3dc[e],-0.4904623901751208,0,2.248755278193668,0.7687717563924946,Exchange/demand reaction
EX_c4crn[e],0.6521440204759321,0,7.57894746493355,35.996255556172876,Exchange/demand reaction
EX_c4dc[e],0.67862235928519,0,0.7041041827283198,3.6776828088137625,Exchange/demand reaction
EX_c51crn[e],-0.8245882354861361,0,10.233920105652535,0.9838658107691487,Exchange/demand reaction
EX_c6crn[e],1,0,NA,71.28892279232144,Exchange/demand reaction
EX_c81crn[e],0.49959481324234717,0,1.8732542217349568,5.613695439488988,Exchange/demand reaction
EX_c8crn[e],0.6250636112232685,0,5.764007035466377,24.982579361613094,Exchange/demand reaction
EX_docosdiac[e],0.8135917878795232,0,2.275994089910714,22.143467520929967,Exchange/demand reaction
EX_tetdec2crn[e],0.8849682315873002,0,0.7062844284450752,11.573530759845115,Exchange/demand reaction
EX_tetdece1crn[e],0.6943362614572504,0,1.5421714310312586,8.548468946421123,Exchange/demand reaction
EX_dca[e],0.34864965089056926,0,-4.340969950186182,-2.0965358131818794,Fatty acid oxidation
FAOXC101C8m,-0.6918543825880068,0,653.912167962265,119.10018427337408,Fatty acid oxidation
FAOXC102C101m,0.6952164558728634,0,1.220692425949713,6.789532859970035,Fatty acid oxidation
FAOXC10C8m,0.6228283409835554,0,2.58256560691458,11.111812245595177,Fatty acid oxidation
FAOXC10C8x,0.46038887331772876,0,2.0585027372379496,5.571075807201583,Fatty acid oxidation
FAOXC11BRC9BRx,-0.44156657904666785,0,0.7025316502942588,0.27214639858067385,Fatty acid oxidation
FAOXC11C9m,-0.8319740234736598,7.630859304129032e-12,6.804725846199648,0.6241194965929393,Fatty acid oxidation
FAOXC121C101m,0.6514374836024674,0,1.9448067117547965,9.214205633317679,Fatty acid oxidation
FAOXC122x,0.45935793958267684,2.304723242444167e-16,0.5600500207378267,1.5117459483198616,Fatty acid oxidation
FAOXC12C10m,0.49266042911198427,0,6.18816039231498,18.206390111536347,Fatty acid oxidation
FAOXC12C12OHm,0.9602875159521892,0,0.7232749808007933,35.702297387325395,Fatty acid oxidation
FAOXC12DCTc,-0.5135850873972566,0,-0.10487062394670138,-0.32632760303837277,Fatty acid oxidation
FAOXC12DCx,-0.5135850873972566,0,-0.10487062394670138,-0.32632760303837277,Fatty acid oxidation
FAOXC13BRC11BRx,-0.44156657904666785,0,0.7025316502942588,0.27214639858067385,Fatty acid oxidation
FAOXC13C11m,-0.8319740234736598,7.630859304129032e-12,6.804725846199648,0.6241194965929393,Fatty acid oxidation
FAOXC141C121m,0.6514374836024674,0,1.9448067117547965,9.214205633317679,Fatty acid oxidation
FAOXC142C122x,0.45935793958267684,2.304723242444167e-16,0.5600500207378267,1.5117459483198616,Fatty acid oxidation
FAOXC14C12m,0.5462104620349783,0,8.948832454838092,30.491620469521173,Fatty acid oxidation
FAOXC14C12x,0.6117393581163454,0,1.5233213600616378,6.323579385124441,Fatty acid oxidation
FAOXC14C14OHm,0.8469879619006334,0,4.062225976015208,49.034589496466516,Fatty acid oxidation
FAOXC15ATPx,1,0,NA,1.2092201390214377,Fatty acid oxidation
FAOXC15BRC13BRx,-0.6456101813377558,0,0.4285713905507779,0.09229484546434205,Fatty acid oxidation
FAOXC15C13m,-0.8319740234736598,7.630859304129032e-12,6.804725846199648,0.6241194965929394,Fatty acid oxidation
FAOXC161C141m,0.5655126452900336,0,2.8685290790108966,10.335671447956003,Fatty acid oxidation
FAOXC161C161OHm,0.4184647453889346,0,0.7556866293947182,1.8432499729962284,Fatty acid oxidation
FAOXC162C142m,0.48397079230965084,0,1.4004100448743615,4.027228639154151,Fatty acid oxidation
FAOXC163C142x,0.45935793958267684,2.304723242444167e-16,0.5600500207378267,1.5117459483198616,Fatty acid oxidation
FAOXC163C164x,0.45935793958267684,2.304723242444167e-16,0.5600500207378267,1.5117459483198616,Fatty acid oxidation
FAOXC163x,0.45935793958267684,2.304723242444167e-16,0.5600500207378267,1.5117459483198616,Fatty acid oxidation
FAOXC164C143m,0.3476733469329472,0,15.580888155199588,32.18931434056759,Fatty acid oxidation
FAOXC164C163x,0.45935793958267684,2.304723242444167e-16,0.5600500207378267,1.5117459483198616,Fatty acid oxidation
FAOXC164C165m,0.3476733469329472,0,15.580888155199588,32.18931434056759,Fatty acid oxidation
FAOXC164m,0.3476733469329472,0,15.580888155199588,32.18931434056759,Fatty acid oxidation
FAOXC165C164m,0.3476733469329472,0,15.580888155199588,32.18931434056759,Fatty acid oxidation
FAOXC16C14m,0.7416355280647476,0,9.215088167398552,62.11893154803589,Fatty acid oxidation
FAOXC16C14x,0.5307734628698388,0,2.1130231057610036,6.893386116890702,Fatty acid oxidation
FAOXC16C16OHm,0.4219571671785404,0,0.9118407273448084,2.243083702369379,Fatty acid oxidation
FAOXC181C181OHm,0.8585115356350638,0,1.0465445004898843,13.746809928611407,Fatty acid oxidation
FAOXC182C162m,0.48397079230965084,0,1.4004100448743615,4.027228639154151,Fatty acid oxidation
FAOXC182C182OHm,0.4887917571774217,0,4.48842918981376,13.071652255788166,Fatty acid oxidation
FAOXC183C163Gm,0.3429760051494503,0,4.777482306741671,9.765311698303407,Fatty acid oxidation
FAOXC184C163m,-0.8008525272369628,4.229635292397578e-11,2.5975574551523155,0.28725117394485133,Fatty acid oxidation
FAOXC184C163x,0.45935793958267684,2.304723242444167e-16,0.5600500207378267,1.5117459483198616,Fatty acid oxidation
FAOXC184m,-0.8008525272369628,4.229635292397578e-11,2.5975574551523155,0.28725117394485133,Fatty acid oxidation
FAOXC184x,0.45935793958267684,2.304723242444167e-16,0.5600500207378267,1.5117459483198616,Fatty acid oxidation
FAOXC185C164m,0.5062137971448378,0,7.2602145987825235,22.146093462490292,Fatty acid oxidation
FAOXC185m,0.5062137971448378,0,7.2602145987825235,22.146093462490292,Fatty acid oxidation
FAOXC204C184m,-0.8008525272369628,4.229635292397578e-11,2.5975574551523155,0.28725117394485133,Fatty acid oxidation
FAOXC204C205x,0.45935793958267684,2.304723242444167e-16,0.5600500207378267,1.5117459483198616,Fatty acid oxidation
FAOXC205C184x,0.45935793958267684,2.304723242444167e-16,0.5600500207378267,1.5117459483198616,Fatty acid oxidation
FAOXC205C185m,0.5062137971448378,0,7.2602145987825235,22.146093462490292,Fatty acid oxidation
FAOXC225C204m,-0.8008525272369628,4.229635292397578e-11,2.5975574551523155,0.28725117394485133,Fatty acid oxidation
FAOXC225C204x,0.45935793958267684,2.304723242444167e-16,0.5600500207378267,1.5117459483198616,Fatty acid oxidation
FAOXC225C226m,-0.8008525272369628,4.229635292397578e-11,2.5975574551523155,0.28725117394485133,Fatty acid oxidation
FAOXC225C226x,0.45935793958267684,2.304723242444167e-16,0.5600500207378267,1.5117459483198616,Fatty acid oxidation
FAOXC225m,-0.8008525272369628,4.229635292397578e-11,2.5975574551523155,0.28725117394485133,Fatty acid oxidation
FAOXC225x,0.45935793958267684,2.304723242444167e-16,0.5600500207378267,1.5117459483198616,Fatty acid oxidation
FAOXC226C205m,0.4949801458618975,0,7.66243118434567,22.682637911691515,Fatty acid oxidation
FAOXC226C225m,-0.8008525272369628,4.229635292397578e-11,2.5975574551523155,0.28725117394485133,Fatty acid oxidation
FAOXC226C225x,0.45935793958267684,2.304723242444167e-16,0.5600500207378267,1.5117459483198616,Fatty acid oxidation
FAOXC226C227m,0.4949801458618975,0,7.66243118434567,22.682637911691515,Fatty acid oxidation
FAOXC226m,0.4949801458618975,0,7.66243118434567,22.682637911691515,Fatty acid oxidation
FAOXC227C226m,0.4949801458618975,0,7.66243118434567,22.682637911691515,Fatty acid oxidation
FAOXC22OHC22r,0.8562391231324131,0,1.7149537837161177,22.143467520929967,Fatty acid oxidation
FAOXC3DC,-0.4904623901751208,0,2.248755278193668,0.7687717563924946,Fatty acid oxidation
FAOXC4C2m,0.477715858099649,0,17.913651692563295,50.68368931566179,Fatty acid oxidation
FAOXC4C4DCc,1.3310546402959609,0,-0.5223017677697586,3.6776828088137625,Fatty acid oxidation
FAOXC5C3x,-0.8319740234736598,7.630859304129032e-12,6.804725846199648,0.6241194965929393,Fatty acid oxidation
FAOXC5C5OHm,0.4709459803557125,1.7956744850483428e-7,0.9085622003796389,2.5261048341531143,Fatty acid oxidation
FAOXC5OHc,0.4709459803557125,1.7956744850483428e-7,0.9085622003796389,2.5261048341531143,Fatty acid oxidation
FAOXC61C4m,0.5740684870628034,0,10.071384075002836,37.219712118144336,Fatty acid oxidation
FAOXC61C4x,0.5458266224167625,0,2.9333634091698793,9.984009356177971,Fatty acid oxidation
FAOXC6C4x,0.6239159175869483,0,4.495205226968591,19.41011508399062,Fatty acid oxidation
FAOXC6DCC4DCx,-0.5681967411367828,0,1.2264059521691946,0.3376911027451974,Fatty acid oxidation
FAOXC7C5m,-0.8319740234736598,7.630859304129032e-12,6.804725846199648,0.6241194965929393,Fatty acid oxidation
FAOXC8C6m,0.686055033651045,0,20.888074032627884,112.18030591655373,Fatty acid oxidation
FAOXC8DCC6DCx,-0.5295697550834196,0,1.5441567933664657,0.47491659408064735,Fatty acid oxidation
FAOXC9C7m,-0.8319740234736598,7.630859304129032e-12,6.804725846199648,0.6241194965929393,Fatty acid oxidation
FAOXMC10OHMC10r,-0.6572566954715469,0,3.2736372249106642,0.677032860002405,Fatty acid oxidation
FAOXOHC16C16DCc,-0.7933789907313175,0,6.418976441760548,0.7395510919460561,Fatty acid oxidation
FAOXOHC22C22DCc,0.8562391231324131,0,1.7149537837161177,22.143467520929967,Fatty acid oxidation
FAOXOHMC10DC10c,-0.6572566954715469,0,3.2736372249106642,0.677032860002405,Fatty acid oxidation
FAOXTC101TC102m,0.7894406523832954,0,0.6565080945997405,5.579340392115998,Fatty acid oxidation
FAOXTC102C101m,0.7894406523832954,0,0.6565080945997405,5.579340392115998,Fatty acid oxidation
FAOXTC122TC101m,0.7894406523832954,0,0.6565080945997405,5.579340392115998,Fatty acid oxidation
FAOXTC122m,0.7894406523832954,0,0.6565080945997405,5.579340392115998,Fatty acid oxidation
FAOXTC142TC122m,0.7894406523832954,0,0.6565080945997405,5.579340392115998,Fatty acid oxidation
FAOXTC162TC142m,0.6774430350375026,0,1.2480963367160642,6.490669042981603,Fatty acid oxidation
FAOXTC182TC162m,0.4747664392003557,0,2.882207201527804,8.092747244032658,Fatty acid oxidation
FOAXC122C101x,0.45935793958267684,2.304723242444167e-16,0.5600500207378267,1.5117459483198616,Fatty acid oxidation
HDCACBP,0.3721029539112014,0,4.0396808988550825,8.827654356242716,Fatty acid oxidation
HDECAACBP,0.4219571671785404,0,0.9118407273448084,2.243083702369379,Fatty acid oxidation
HDECEACBP,0.4184647453889346,0,0.7556866293947182,1.8432499729962284,Fatty acid oxidation
HEDCECRNe,0.4184647453889346,0,0.7556866293947182,1.8432499729962284,Fatty acid oxidation
HEXDCRNe,0.4219571671785404,0,0.9118407273448084,2.243083702369379,Fatty acid oxidation
HIVCACBP,0.4709459803557125,1.7956744850483428e-7,0.9085622003796389,2.5261048341531143,Fatty acid oxidation
HIVCRNe,0.4709459803557125,1.7956744850483428e-7,0.9085622003796389,2.5261048341531143,Fatty acid oxidation
HOCTDACBP,0.8585115356350638,0,1.0465445004898843,13.746809928611407,Fatty acid oxidation
HOCTDEC2CRNe,0.4887917571774217,0,4.48842918981376,13.071652255788166,Fatty acid oxidation
HTDCACBP,0.6822158116301271,0,1.258982433859089,6.66452339138193,Fatty acid oxidation
HTDCRNe,0.6822158116301271,0,1.258982433859089,6.66452339138193,Fatty acid oxidation
OCT11EFATP,0.534162207576253,0,0.08531367905789229,0.2809669467110325,Fatty acid oxidation
OCTDEC2ACBP,0.4887917571774217,0,4.48842918981376,13.071652255788166,Fatty acid oxidation
OCTDECCACT,0.8585115356350638,0,1.0465445004898843,13.746809928611407,Fatty acid oxidation
OCTDECCPT1,0.8585115356350638,0,1.0465445004898843,13.746809928611407,Fatty acid oxidation
OCTDECCPT2,0.8585115356350638,0,1.0465445004898843,13.746809928611407,Fatty acid oxidation
OCTDECE1CRNe,0.8585115356350638,0,1.0465445004898843,13.746809928611407,Fatty acid oxidation
sink_octdececoa[c],-0.8585115356350638,0,-1.0465445004898843,-13.746809928611407,Fatty acid oxidation
OMHDEACIDTD,-0.6572566954715469,0,3.2736372249106642,0.677032860002405,Fatty acid oxidation
OMHDOCOSACTD,0.8562391231324131,0,1.7149537837161177,22.143467520929967,Fatty acid oxidation
PRISTCOAtcx,-0.4940710321856711,0,0.3206748573715249,0.1085883442614133,"Transport, peroxisomal"
SBCOAACOTx,0.5340208354753007,0,0.30899664137772337,1.017228498722269,Fatty acid oxidation
STCOATxc,0.4849422366788714,0,0.2952949925185225,0.8513530673590325,"Transport, peroxisomal"
SUBEACtx,0.5340208354753007,0,0.30899664137772337,1.017228498722269,Fatty acid oxidation
SUCCOAPET,1,0,NA,0.3376911027451974,Fatty acid oxidation
sink_tetdec2coa[c],-0.8849682315873002,0,-0.7062844284450752,-11.573530759845115,Fatty acid oxidation
TETDEC2CRNe,0.8849682315873002,0,0.7062844284450752,11.573530759845115,Fatty acid oxidation
sink_tetdece1coa[c],-0.6943362614572504,0,-1.5421714310312586,-8.548468946421123,Fatty acid oxidation
TETDECE1CRNe,0.6943362614572504,0,1.5421714310312586,8.548468946421123,Fatty acid oxidation
TIGCRNe,-0.8245882354861361,0,10.233920105652535,0.9838658107691487,Fatty acid oxidation
34DHPHELAT1tc,0.9573463386193909,0,10.567341508102231,484.92782425538303,"Transport, extracellular"
ALAATB0tc,0.9466088057548455,0,2.1300739789354264,77.66113537872918,"Transport, extracellular"
BALABETAtc,-0.34961320137624324,0,27.907847434583307,13.448961177135654,"Transport, extracellular"
BALAPAT1tc,-0.898646634443664,0,84.0816597510457,4.488438787256627,"Transport, extracellular"
CARPEPT1tc,-0.5622727563223199,0,68.12028136948645,19.086361764770746,"Transport, extracellular"
CYSATB0tc,0.5889308963254828,0,0.8825448153002103,3.4113552001045258,"Transport, extracellular"
GALSGLT1le,0.6361483508407884,0,0.12258198179411228,0.5512200035885277,"Transport, extracellular"
GLNATB0tc,0.4929730602620507,0,0.9572682569469211,2.818737244621392,"Transport, extracellular"
GLYPHEPEPT1tc,0.35732458394470246,0,21.459603523213417,45.32248580869585,"Transport, extracellular"
GLYPROPEPT1tc,0.9895040191806069,0,0.9211224021348462,174.59794875182808,"Transport, extracellular"
GLYSARCNc,-0.6638750634804473,0,33.70722661572993,6.809308977059228,"Transport, extracellular"
GLYSARPEPT1tc,-0.6638750634804473,0,33.70722661572993,6.809308977059228,"Transport, extracellular"
GLYSNAT5tc,3.1002280812477894,0,-223.29502218584196,114.37668020039398,"Transport, extracellular"
HISyLATtc,-0.9812241401699436,0,79.9861496721685,0.7580206116717915,"Transport, extracellular"
HISyLATthc,0.33421956429934074,0,17.42140464446123,34.912379018398,"Transport, extracellular"
LYSATB0tc,-0.4531011765289235,0,68.66843527512849,25.84450901848129,"Transport, extracellular"
METATB0tc,0.38299154619417086,0,0.4670675696616832,1.0469070502344264,"Transport, extracellular"
METyLATthc,-0.5930343852738721,0,483.58721952676774,123.53993855228424,"Transport, extracellular"
OCDEAFABP1tc,0.48556246958941807,0,-41.930081464667616,-14.520027262508716,"Transport, endoplasmic reticular"
OLEICFATPtc,-0.8369405211450442,0,0.9241225292102899,0.08203147367952006,"Transport, extracellular"
PEHSFABPe,0.3332264350689579,0,86.48685305540562,172.93210895563365,"Transport, endoplasmic reticular"
PHEATB0tc,0.9423836276427288,0,2.8330589450975285,95.50909031518995,"Transport, extracellular"
PHEyLATthc,-0.43674409962380517,0,255.86183072676658,100.30713602766245,"Transport, extracellular"
PMTCOAFABP1tc,-0.9997970000697126,0,26.271832551078752,0.0026668607744733982,"Transport, endoplasmic reticular"
PNTORDe,0.5090820125333639,0,3.1911010022905537,9.80944525496969,"Transport, extracellular"
PROGLYPEPT1tc,0.948924471505194,0,7.151042727689445,272.8673119885683,"Transport, extracellular"
PROGLYPRO1c,0.948924471505194,0,7.151042727689445,272.8673119885683,"Transport, extracellular"
SERATB0tc,-0.9081199351455882,0,31.8458385647431,1.5334453871467333,"Transport, extracellular"
TAUBETAtc,0.7417800210986673,0,2.279639886757333,15.37693259424651,"Transport, extracellular"
THRATB0tc,0.8151846380144282,0,7.838150995423464,76.98327197736353,"Transport, extracellular"
TYRATB0tc,-0.921341756287315,0,15.333937405034634,0.627759523537835,"Transport, extracellular"
VALATB0tc,-0.9183156019196851,0,267.7456691532135,11.400962282486342,"Transport, extracellular"
BIDGLCURr,0.893843626848038,0,2.502995433137041,44.653766969700904,Heme degradation
CHOLESACATc,-0.48741232688620323,0,0.43918392487101665,0.1513502759452673,Cholesterol metabolism
CHOLESTle,-0.48741232688620323,0,0.43918392487101665,0.1513502759452673,"Transport, extracellular"
DM_pmtcoa[r],0.6996730021931012,0,61.15045926617384,346.0753959697366,Exchange/demand reaction
DSREDUCr,0.999248675848906,0,0.02481390742524643,66.02898561201543,Squalene and cholesterol synthesis
DTMPKm,0.36291700936781507,0,1.396701229865034,2.9879747084426924,Pyrimidine synthesis
EX_carn[e],0.5622727563223199,0,-68.12028136948645,-19.086361764770746,Exchange/demand reaction
EX_glysar[e],0.6638750634804473,0,-33.70722661572993,-6.809308977059228,Exchange/demand reaction
EX_oh1[e],0.3517337026356587,0,-1.285425361715,-0.6164660525608026,Exchange/demand reaction
EX_q10h2[e],-0.646605502451145,1.5296579264939163e-7,0.1974725346973275,0.04238155834847967,Exchange/demand reaction
FE2DMT1,0.330103047521181,0,80.1095373311162,159.06019477376043,"Transport, extracellular"
FE3MTP1,0.3363051371351476,0,78.0434830202341,157.13532394945622,"Transport, extracellular"
FOLt2le,1,0,NA,127.6068497401461,"Transport, extracellular"
FRDPtcr,0.3786888646534931,0,0.1958196550149769,0.4345236428104121,"Transport, endoplasmic reticular"
G6PDH2c,0.37656715949820296,0,204.99242292966844,452.6322949619055,Pentose phosphate pathway
GLYCTDle,-1,0,NA,-915.6647444459915,"Transport, extracellular"
GNDc,0.9357393690793436,0,7.086127927529439,213.45723823639153,Pentose phosphate pathway
MAL_Ltx,-0.923537889690871,0,638.5904557569027,25.384461690166265,"Transport, peroxisomal"
MDHx,0.923537889690871,0,-638.5904557569027,-25.384461690166265,Citric acid cycle
MTHFR3,0.4253525569808602,0,182.8342036760807,453.5010168044567,Folate metabolism
PGLc,0.9422404923208237,0,9.164920672453404,308.18268288953306,Pentose phosphate pathway
PNTOt5le,0.3903752557240611,0,0.1043624226872821,0.23802007955591353,"Transport, extracellular"
PPItm,-0.6500611552494031,0,439.86462780647275,93.28485748031736,"Transport, mitochondrial"
Q10H2e,-0.646605502451145,1.5296579264939163e-7,0.1974725346973275,0.04238155834847967,"Transport, extracellular"
q10tm,0.646605502451145,1.5296579264939163e-7,-0.1974725346973275,-0.04238155834847967,"Transport, mitochondrial"
3MOBte,1,0,NA,63.94927042288631,"Transport, extracellular"
3MOPte,1,0,NA,296.3190068296108,"Transport, extracellular"
DM_Lcystin,-0.5084483861249331,0,529.6020235652924,172.57914277317525,Exchange/demand reaction
DM_anth,0.9507670686106152,0,2.153136166147071,85.31417911995054,Exchange/demand reaction
EX_3mob[e],-1,0,NA,-63.94927042288631,Exchange/demand reaction
EX_3mop[e],-1,0,NA,-296.3190068296108,Exchange/demand reaction
IDOURte,0.46456029690745343,0,-2.067761748381844,-0.7559686951486859,"Transport, extracellular"
EX_idour[e],-0.46456029690745343,0,2.067761748381844,0.7559686951486859,Exchange/demand reaction
LKYNRtr,0.3652675688063722,0,297.0035094686403,638.8349474071771,"Transport, extracellular"
LKYNRtr2,-0.999790903166695,0,-0.027336815776741425,-261.4478404467419,"Transport, extracellular"
LKYNRtr3,3.731653316976644,0,-296.97617253720165,514.4094541996717,"Transport, extracellular"
3ANTHRNtr,-1,0,NA,-13.137285248865373,"Transport, extracellular"
HKYNRtr,-0.9183773464272474,0,308.76563443888426,13.137285248865373,"Transport, extracellular"
CHOLPtr,1,0,NA,155.53196185623855,"Transport, extracellular"
DHAPtr,1,0,NA,305.1753315918326,"Transport, extracellular"
GLCURtr,-0.91368351904965,0,-43.67025376547277,-968.1933737749576,"Transport, extracellular"
OROT5Ptr,-0.3711475350537958,0,949.6565683929443,435.5431188977241,"Transport, extracellular"
EX_cholp[e],-1,0,NA,-155.53196185623855,Exchange/demand reaction
EX_Lkynr[e],-1,0,NA,-891.7965613226891,Exchange/demand reaction
EX_3hanthrn[e],1,0,NA,13.137285248865373,Exchange/demand reaction
EX_hLkynr[e],0.9183773464272474,0,-308.76563443888426,-13.137285248865373,Exchange/demand reaction
EX_orot5p[e],0.3711475350537958,0,-949.6565683929443,-435.5431188977241,Exchange/demand reaction
ALAB0AT3tc,-0.9409710368825033,0,204.36296631687878,6.215102529647661,"Transport, extracellular"
ASNB0AT3tc,0.8574544853734194,0,5.699963024648094,74.2739742764309,"Transport, extracellular"
CRNATBtc,-0.39127964200194565,0,147.89119002666473,64.70617079414129,"Transport, extracellular"
CYSB0AT3tc,0.6515792982909968,0,50.06495762859881,237.31726382397414,"Transport, extracellular"
FOLABCCte,0.7226977857111814,0,0.5500305316357762,3.4169809330682375,"Transport, extracellular"
FOLOATPtc,-0.573146839267056,0,332.31599082016794,90.16966980004106,"Transport, extracellular"
GLNB0AT3tc,-0.7881125016220939,0,85.14483466884494,10.089480388630964,"Transport, extracellular"
GLYB0AT3tc,-0.9060511274620957,0,186.75004834909439,9.204871913460991,"Transport, extracellular"
H2OGLYAQPt,1.0156842570872238,0,-6.625061124974751,851.4290053770065,"Transport, extracellular"
LEUB0AT3tc,-0.3365769358338878,0,131.0738118740082,65.0597714011386,"Transport, extracellular"
METB0AT3tc,-0.5306668459253407,0,6.359456938703994,1.9499370429229923,"Transport, extracellular"
PGLYCABCte,0.3558835981084976,0,0.27003455643961705,0.5684305273453563,"Transport, extracellular"
PPASMCT1,-1.096014559342629,0,808.6032302564621,-37.04062192223035,"Transport, extracellular"
PSHSABCtc,0.4193980538609566,0,0.12465212989813299,0.3047371641855665,"Transport, extracellular"
PYRSMCT1,0.33503021901677094,0,-266.94547909543104,-132.96378931353763,"Transport, extracellular"
TRPB0AT3tc,-0.3742248506349118,0,400.91087659540176,182.5611460654825,"Transport, extracellular"
TYRB0AT3tc,-0.9273266762829101,0,315.9337413339615,11.912850758334086,"Transport, extracellular"
CAMPt,0.43798784751693176,0,0.3938038300742788,1.00760298411785,"Transport, extracellular"
GALt4,-0.485825466659494,0,-114.92771220093542,-332.11003373435733,"Transport, extracellular"
TCHOLAt3,0.3560231289176251,0,0.18620795464126363,0.3920983883436684,"Transport, extracellular"
CHSTEROLt,0.8787743009312476,0,0.1944468135577019,3.013566257126636,"Transport, extracellular"
RETt,0.5405660771278805,0,20.17476184969077,67.64967098090928,"Transport, extracellular"
r0295,-0.8942113945159089,0,980.571906640625,54.763335750547796,"Transport, extracellular"
ARGSUCte,1,0,NA,171.37859101267458,"Transport, extracellular"
ACRNte,4.040280774720287,0,-304.95324342408514,505.5618490237713,"Transport, extracellular"
PCRNte,-0.9757726677020064,0,573.6301172926903,7.033970909189133,"Transport, extracellular"
EX_argsuc[e],1,0,NA,171.37859101267458,Exchange/demand reaction
EX_acrn[e],1,0,NA,505.5618490237713,Exchange/demand reaction
EX_pcrn[e],1,0,NA,7.033970909189133,Exchange/demand reaction
EX_lneldccrn[e],-1,0,NA,-96.61997358137965,Exchange/demand reaction
15KPROSTGF2c,2.6987515225995353,0,-304.84103617105484,140.00647818116954,Eicosanoid metabolism
AND19ONEc,0.561506685682251,6.213420582643549e-14,0.9048811587129575,3.2223478282140645,Steroid metabolism
DESAT14_9,-0.8488875473779353,0,1.655675546637597,0.13532093552882943,Fatty acid synthesis
SMS1,0.9884382808353663,0,0.8572042090747461,147.42597009546458,Glycerophospholipid metabolism
SMS10,0.8044018268960528,0,0.37174002723268934,3.429318247837544,Glycerophospholipid metabolism
SMS11,0.6802045349301088,0,0.33583570088413833,1.764479891838488,Glycerophospholipid metabolism
SMS12,0.4015555493111059,0,0.4319322347255953,1.0115843163206388,Glycerophospholipid metabolism
SMS13,0.9362225771960206,0,0.42280289459348425,12.835898257159663,Glycerophospholipid metabolism
SMS15,0.9444196581026464,0,0.4396997949692908,15.382433713361197,Glycerophospholipid metabolism
SMS6,0.6927238485345933,0,0.3765503212867072,2.0743416173875464,Glycerophospholipid metabolism
SMS7,0.7937982052708814,0,0.4023769976046098,3.5003727154442132,Glycerophospholipid metabolism
SMS8,0.5910598632334579,0,0.4236172703152057,1.648164060149026,Glycerophospholipid metabolism
SMS9,0.8212767937216165,0,0.47072677222012865,4.796935799666743,Glycerophospholipid metabolism
XOLEST183CEH,-0.3624506784958172,0,0.7243020462306958,0.3389321062603802,Cholesterol metabolism
XOLEST182CEH,-0.5826733811400934,0,7.833310153794498,2.0655233606122465,Cholesterol metabolism
XOLEST205CEH,-0.9757212459132014,0,58.46974831269831,0.7185085668018204,Cholesterol metabolism
XOLEST226CEH,-0.4011154933350474,0,13.873408808593359,5.929967679051866,Cholesterol metabolism
PCHOLMYR_HSPLA2,0.5506203293218009,0,0.23862810582401042,0.8234052766112715,Glycerophospholipid metabolism
PCHOLOLE_HSPLA2,0.4318779378930626,0,0.3005641118653526,0.75753284268938,Glycerophospholipid metabolism
PCHOL2PALM_HSPLA2,-0.8720733084378397,0,298.48041914086343,20.396430174329073,Glycerophospholipid metabolism
PCHOLAR_HSPLA2,-0.49423145090984344,0,0.980490479072457,0.33187713101289157,Glycerophospholipid metabolism
PCHOLN205_HSPLA2,0.3709560702320221,0,0.24238401605712134,0.5282585562240368,Glycerophospholipid metabolism
PE224_HSPLA2,0.7819888196552834,0,4.869144161959656,39.79961231429651,Glycerophospholipid metabolism
PEDH13_HSPLA2,0.4976335539843406,0,0.27316287964801433,0.8143415976693242,Glycerophospholipid metabolism
PAILAR_HSPLA2,-0.8928264404813328,0,119.31186117153167,6.75554640461301,Glycerophospholipid metabolism
PCHOLN261_HSPLA2,-0.9467278473724992,0,18.179676550432156,0.4974863359664596,Glycerophospholipid metabolism
PCHOLN281_HSPLA2,-0.38905333977354745,0,1.2472184560232054,0.5485634917406366,Glycerophospholipid metabolism
PCHOLDET_HSPLA2,0.3764117698213754,0,0.3595881480968398,0.7936990074154991,Glycerophospholipid metabolism
TTDCRNNAt,-1,0,NA,-59.557893033222804,"Transport, extracellular"
15KPROSTGF2t,2.6987515225995353,0,-304.84103617105484,140.00647818116954,"Transport, extracellular"
2OXOADPt,-1.0074761237461476,0,752.7170166442871,-2.803224155793345,"Transport, extracellular"
4AABUTNt,0.39224496900674116,0,-9.331037430323624,-4.073266608182754,"Transport, extracellular"
56DTHMt,-10.924590613774066,0,310.56136951280234,-258.47381706398727,"Transport, extracellular"
56DURAtd,1,0,NA,430.428814844507,"Transport, extracellular"
AND19ONEt,0.561506685682251,6.213420582643549e-14,0.9048811587129575,3.2223478282140645,"Transport, extracellular"
BILIVERDt,-0.7823852637501816,0,-2.6110895817761697,-21.386270401958377,"Transport, extracellular"
C02712te,-0.5434892550240417,0,690.9802523358345,204.36806328955888,"Transport, extracellular"
C03990t,-0.577977258561672,0,299.84037746244667,80.19092632928415,"Transport, extracellular"
C03990tr,-0.8212046928297381,0,-1.9909470467103179,-20.27973866893202,"Transport, endoplasmic reticular"
C03990tx,-0.4321251444790529,0,-0.1458151047891186,-0.3677315098267136,"Transport, peroxisomal"
C14769td1,0.5061323552285536,0,1.088008512966294,3.3180647517433477,"Transport, extracellular"
EX_C14769[e],0.5061323552285536,0,1.088008512966294,3.3180647517433477,Exchange/demand reaction
C14770ATP,-0.5677761617740688,0,1.1318938171979913,0.3120544259200309,"Transport, extracellular"
CE2513td,-0.9134928352997598,0,-32.576354225112496,-720.571765655923,"Transport, extracellular"
DIDECAETH,-0.7450440120480368,0,9.413725130519085,1.37537252607337,Glycerophospholipid metabolism
DOCTETETH,0.7819888196552834,0,4.869144161959656,39.79961231429651,Glycerophospholipid metabolism
EX_15kprostgf2[e],2.6987515225995353,0,-304.84103617105484,140.00647818116954,Exchange/demand reaction
EX_2oxoadp[e],-1.0074761237461478,0,752.7170166442871,-2.803224155793438,Exchange/demand reaction
EX_4aabutn[e],-0.3922449690067749,0,9.331037430324368,4.073266608182754,Exchange/demand reaction
EX_56dthm[e],-10.924590613774066,0,310.56136951280234,-258.47381706398727,Exchange/demand reaction
EX_56dura[e],1,0,NA,430.428814844507,Exchange/demand reaction
EX_and19one[e],0.5615066856822511,6.213420582643549e-14,0.9048811587129574,3.2223478282140645,Exchange/demand reaction
EX_biliverd[e],-0.7823852637501816,0,-2.6110895817761697,-21.386270401958377,Exchange/demand reaction
EX_C02712[e],-0.5434892550240417,0,690.9802523358345,204.36806328955888,Exchange/demand reaction
EX_C14770[e],-0.5677761617740688,0,1.1318938171979913,0.3120544259200309,Exchange/demand reaction
EX_didecaeth[e],-0.7450440120480368,0,9.413725130519085,1.37537252607337,Exchange/demand reaction
EX_docteteth[e],0.7819888196552834,0,4.869144161959656,39.79961231429651,Exchange/demand reaction
EX_hepdeceth[e],0.7080516340581733,0,1.7851561800986204,10.444103431200789,Exchange/demand reaction
EX_hxcoa[e],-0.7210994903064669,0,-14.460377472517825,-89.23521984573343,Exchange/demand reaction
EX_leuktrB4wcooh[e],0.7507280037359262,0,0.6483736570875015,4.553764303091765,Exchange/demand reaction
EX_lnlccrn[e],0.5443123770509474,0,-970.4558580123901,-286.35704128664133,Exchange/demand reaction
EX_lthstrl[e],-0.9407699935319314,0,-3.1718230208252556,-103.93007380355597,"Transport, extracellular"
EX_mev_R[e],0.8370558570577613,0,-158.211108367181,-14.033091785309505,Exchange/demand reaction
EX_nwharg[e],3.510508700349045,0,-4.246027386100034,7.628630589593967,Exchange/demand reaction
EX_pailar_hs[e],-0.8928264404813328,0,119.31186117153167,6.75554640461301,Exchange/demand reaction
EX_pchol2palm_hs[e],-0.8720733084378397,0,298.48041914086343,20.396430174329073,Exchange/demand reaction
EX_pcholar_hs[e],-0.49423145090984344,0,0.980490479072457,0.33187713101289157,Exchange/demand reaction
EX_pcholet_hs[e],0.3764117698213754,0,0.3595881480968398,0.7936990074154991,Exchange/demand reaction
EX_pcholmyr_hs[e],0.5506203293218009,0,0.23862810582401042,0.8234052766112715,Exchange/demand reaction
EX_pcholn205_hs[e],0.3709560702320221,0,0.24238401605712134,0.5282585562240368,Exchange/demand reaction
EX_pcholn261_hs[e],-0.9467278473724992,0,18.179676550432156,0.4974863359664596,Exchange/demand reaction
EX_pcholn281_hs[e],-0.38905333977354745,0,1.2472184560232054,0.5485634917406366,Exchange/demand reaction
EX_pcholole_hs[e],0.4318779378930626,0,0.3005641118653526,0.75753284268938,Exchange/demand reaction
EX_pe15_hs[e],-0.540355003493171,0,-3.8154551989988423,-12.786292793452786,Exchange/demand reaction
EX_sphmyln180241_hs[e],0.9362225771960206,0,0.42280289459348425,12.835898257159663,Exchange/demand reaction
EX_sphmyln18114_hs[e],0.9884382808353663,0,0.8572042090747461,147.42597009546458,Exchange/demand reaction
EX_sphmyln18118_hs[e],0.6927238485345933,0,0.3765503212867072,2.0743416173875464,Exchange/demand reaction
EX_sphmyln181181_hs[e],0.7937982052708814,0,0.4023769976046098,3.5003727154442132,Exchange/demand reaction
EX_sphmyln18120_hs[e],0.8212767937216165,0,0.47072677222012865,4.796935799666743,Exchange/demand reaction
EX_sphmyln181201_hs[e],0.5910598632334579,0,0.4236172703152057,1.648164060149026,Exchange/demand reaction
EX_sphmyln18121_hs[e],0.8044018268960528,0,0.37174002723268934,3.429318247837544,Exchange/demand reaction
EX_sphmyln18122_hs[e],0.4015555493111059,0,0.4319322347255953,1.0115843163206388,Exchange/demand reaction
EX_sphmyln181221_hs[e],0.6802045349301088,0,0.33583570088413833,1.764479891838488,Exchange/demand reaction
EX_sphmyln1825_hs[e],0.9444196581026464,0,0.4396997949692908,15.382433713361197,Exchange/demand reaction
EX_subeac[e],0.6186749711106286,0,-0.7565036947223042,-0.17821600901567472,Exchange/demand reaction
EX_tetdecaeth[e],0.67079477046925,0,5.345767857469956,27.131042216840385,Exchange/demand reaction
EX_trideceth[e],0.4976335539843406,0,0.27316287964801433,0.8143415976693242,Exchange/demand reaction
EX_ttdcrn[e],-1,0,NA,-59.557893033222804,Exchange/demand reaction
EX_xolest182_hs[e],0.5826733811400934,0,-7.833310153794498,-2.0655233606122465,Exchange/demand reaction
EX_xolest183_hs[e],0.3624506784958172,0,-0.7243020462306958,-0.3389321062603802,Exchange/demand reaction
EX_xolest205_hs[e],0.9757212459132014,0,-58.46974831269831,-0.7185085668018204,Exchange/demand reaction
EX_xolest226_hs[e],0.4011154933350474,0,-13.873408808593359,-5.929967679051866,Exchange/demand reaction
GALTt,-4.792641653943339,0,111.14213805742254,-72.76857908480335,"Transport, extracellular"
HC00900t4,-1,0,NA,-997.8229528808594,"Transport, extracellular"
HEPDECETH,0.7080516340581733,0,1.7851561800986204,10.444103431200789,Glycerophospholipid metabolism
HXCOAte,-0.7210994903064669,0,-14.460377472517825,-89.23521984573343,"Transport, extracellular"
LEUKTRB4WCOOHt,0.7507280037359262,0,0.6483736570875015,4.553764303091765,"Transport, extracellular"
LNLCCRNtd,0.5443123770509474,0,-970.4558580123901,-286.35704128664133,"Transport, extracellular"
LTHSTRLt,-0.9407699935319298,0,-3.1718230208252556,-103.93007380355299,"Transport, extracellular"
MEV_Rt,0.8370558570577613,0,-158.211108367181,-14.033091785309505,"Transport, extracellular"
NWHARGtd,3.510508700349045,0,-4.246027386100034,7.628630589593967,"Transport, extracellular"
SUBEACtd,0.6186749711106286,0,-0.7565036947223042,-0.17821600901567472,"Transport, extracellular"
TETDECAETH,0.67079477046925,0,5.345767857469956,27.131042216840385,Glycerophospholipid metabolism
TRIDECETH,0.4976335539843406,0,0.27316287964801433,0.8143415976693242,Glycerophospholipid metabolism
EX_5aop[e],-1,0,NA,-977.626778137207,Exchange/demand reaction
EX_CE2510[e],0.38261087691588846,0,-0.5289407890362386,-0.2361924785626925,Exchange/demand reaction
HC02220c,-0.365922498104384,0,0.3269787000998491,0.1517874093296792,"Transport, extracellular"
HC02198c,-0.7955192019039277,0,0.5597446481530991,0.06374592500207364,Bile acid synthesis
XOL27OHtmc,1,0,NA,5.120052849418426,"Transport, mitochondrial"
EX_progly[e],-0.948924471505194,0,-7.151042727689445,-272.8673119885683,Exchange/demand reaction
EX_alaglylys[e],-1,0,NA,-91.07586846852526,Exchange/demand reaction
EX_serglyglu[e],1,0,NA,662.1553632594347,Exchange/demand reaction
EX_tyrargser[e],-1,0,NA,-127.17245507204197,Exchange/demand reaction
ALAGLYLYSt,1,0,NA,91.07586846852526,"Transport, extracellular"
SERGLYGLUt,-1,0,NA,-662.1553632594347,"Transport, extracellular"
TYRARGSERt,1,0,NA,127.17245507204197,"Transport, extracellular"
ALAGLYLYSr,1,0,NA,91.07586846852526,Peptide metabolism
SERGLYGLUr,-1,0,NA,-662.1553632594347,Peptide metabolism
TYRARGSERr,1,0,NA,127.17245507204197,Peptide metabolism
HOMOVALte,0.9108859512532598,0,5.124399593084771,109.8832712545991,"Transport, extracellular"
EX_homoval[e],0.9108859512532598,0,5.124399593084771,109.8832712545991,Exchange/demand reaction
PCHOL2PALM_HSte,0.8720733084378397,0,-298.48041914086343,-20.39643017432905,"Transport, extracellular"
XOLEST183te,-0.3624506784958172,0,0.7243020462306958,0.3389321062603802,"Transport, extracellular"
XOLEST182_HSte,-0.5826733811400934,0,7.833310153794498,2.0655233606122465,"Transport, extracellular"
XOLEST205_HSte,-0.9757212459132014,0,58.46974831269831,0.7185085668018204,"Transport, extracellular"
XOLEST226_HSte,-0.4011154933350474,0,13.873408808593359,5.929967679051866,"Transport, extracellular"
PE224_HSte,-0.7819888196552834,0,-4.869144161959656,-39.79961231429651,"Transport, extracellular"
PCHOLN261_HSte,0.9467278473730476,0,-18.179676550432156,-0.4974863359611976,"Transport, extracellular"
PCHOLN281_HSte,0.3890533397712784,0,-1.2472184560165887,-0.5485634917406598,"Transport, extracellular"
XOLEST183tl,-0.3624506784958172,0,0.7243020462306958,0.3389321062603802,"Transport, lysosomal"
XOLEST182tl,-0.5826733811400934,0,7.833310153794498,2.0655233606122465,"Transport, lysosomal"
XOLEST205tl,-0.9757212459132014,0,58.46974831269831,0.7185085668018204,"Transport, lysosomal"
TMNDNCtl,-0.9757212459132014,0,58.46974831269831,0.7185085668018204,"Transport, lysosomal"
XOLEST226tl,-0.4011154933350474,0,13.873408808593359,5.929967679051866,"Transport, lysosomal"
CRVNCtl,-0.4011154933350474,0,13.873408808593359,5.929967679051866,"Transport, lysosomal"
TTDCEAc,-0.8488875473779353,0,1.655675546637597,0.13532093552882943,Fatty acid oxidation
PA_HStm,0.7792018391514072,0,0.11732733066041386,0.9454290818884059,"Transport, mitochondrial"
2MOPtm,-0.9425733201260761,0,62.68061415991187,1.8529748794390817,"Transport, mitochondrial"
MMALtm,-0.9425733201260761,0,62.68061415991187,1.8529748794390817,"Transport, mitochondrial"
PGPP_hsc,1,0,NA,0.3268985017617466,Glycerophospholipid metabolism
5AOPt2,1,0,NA,977.626778137207,"Transport, extracellular"
ADRNLtu,-0.8522275490077404,0,-9.932762329128154,-124.50044578824192,"Transport, extracellular"
THMtrbc,-0.8560485365288802,0,-40.12654991086498,-517.3745541875362,"Transport, extracellular"
UNK3r,0.5582113426050075,0,4.092289375325732,14.433715341300191,Methionine and cysteine metabolism
ACGALtr,0.39180723235442766,0,38.01058673737347,86.98460807403326,"Transport, extracellular"
EX_acgal[e],0.3899809394732736,0,38.39917917997837,87.49583513915539,Exchange/demand reaction
EX_pa_hs[e],0.5180893227087653,0,27.425720762372016,86.39504335320592,Exchange/demand reaction
DM_C02712[c],1,0,NA,625.9245403948784,Exchange/demand reaction
C02592tx,-0.4321251444790529,0,-0.1458151047891186,-0.3677315098267136,"Transport, peroxisomal"
PROSTGE2t2r,0.582503805372142,0,99.15209751949459,375.8323396817853,"Transport, endoplasmic reticular"
ESTR2r,0.37700080070357267,0,0.395488406213567,0.8741389276905682,Steroid metabolism
LTHSTRLtr,1,0,NA,96.37136930495798,"Transport, endoplasmic reticular"
PGLYCtm,1,0,NA,0.3268985017617466,"Transport, mitochondrial"
sink_C02528[c],-0.44462114300800837,0,86.41638361723125,33.22243523224781,Exchange/demand reaction
sink_HC02191[c],-0.5411338744718751,0,-18.928436290679127,-63.57247296207398,Exchange/demand reaction
sink_HC02192[c],0.9849055140193,0,0.5373016737526631,70.65447980720234,Exchange/demand reaction
sink_HC02193[c],1,0,NA,93.03169444504431,Exchange/demand reaction
sink_HC02196[c],-0.5067488432900171,0,265.3808040574074,86.87538679911643,Exchange/demand reaction
sink_HC02198[c],-1.0614433293467715,0,0.5597446481530991,-18.779611771369492,Exchange/demand reaction
sink_HC02220[c],-0.365922498104384,0,0.3269787000998491,0.1517874093296792,Exchange/demand reaction
sink_coa[c],1,0,NA,713.7947639129638,Exchange/demand reaction
sink_hdca[c],1,0,NA,75.72005961673494,Exchange/demand reaction
sink_lnlc[c],0.6709340806619627,0,28.173363736969232,143.05897654089333,Exchange/demand reaction
sink_lnlncacoa[c],-0.4040968460752935,0,-16.036947093051673,-37.787057654800265,Exchange/demand reaction
sink_lnlncgcoa[c],1.2187760634890177,0,-9.90797644128408,100.4843976756066,Exchange/demand reaction
sink_tag_hs[c],-0.46819577346453556,0,-0.13828606414403422,-0.3817777384508567,Exchange/demand reaction
sink_tmndnc[c],-0.8234972177411166,0,76.27766542165577,7.383186571467447,Exchange/demand reaction
sink_vitd3[c],-0.5085708538933553,0,-0.8432590636180132,-2.588605205315756,Exchange/demand reaction
DHCHOLESTANATEt,0.4653834657785458,0,-684.1156702134132,-249.5862394774381,"Transport, extracellular"
EX_dhcholestanate[e],0.4653834657785458,0,-684.1156702134132,-249.5862394774381,Exchange/demand reaction
sink_dhcholestanate[c],-1,0,NA,-611.5025914247512,Exchange/demand reaction
THCHOLSTOICt,0.9666558019581515,0,9.317281299427489,549.5374428558112,"Transport, extracellular"
EX_thcholstoic[e],0.9666558019581515,0,9.317281299427489,549.5374428558112,Exchange/demand reaction
sink_thcholstoic[c],-1,0,NA,-541.4843010678529,Exchange/demand reaction
XOL7AONEt,1.124383774145882,0,-229.1038689821601,13.414150607924885,"Transport, extracellular"
EX_xol7aone[e],1.124383774145882,0,-229.1038689821601,13.414150607924885,Exchange/demand reaction
sink_xoldiolone[c],2.6372622458906863,0,-7.975910127168955,3.5902433327661067,Exchange/demand reaction
ACACT1r,0.33820368101625553,0,94.26062774012088,190.6023279344216,Tryptophan metabolism
ACACt2,0.6734455485060633,0,-504.3442691396475,-98.4172244624494,"Transport, extracellular"
ADSS,0.35368761337660154,0,0.29092268000530164,0.60933139535042935,Nucleotide interconversion
AMPTASECG,0.9948425196744713,0,0.10884476064663613,42.09965775476545,Glutathione metabolism
ARGN,-0.4407051939729305,0,37.06347067764478,14.388375033326074,Urea cycle
ASP1DC,0.8962926015666112,0,1.705254220832337,31.180619816932083,Beta-Alanine metabolism
ASPTA,1.419259499970678,0,-37.4096797635571,215.86564684920907,Alanine and aspartate metabolism
BUTt2r,0.7988363952411541,0,-246.94631925333812,-27.615969909409433,"Transport, extracellular"
CO2t,-1,0,NA,-963.9576386886597,"Transport, extracellular"
CTPS1,0.9981856672699475,0,0.31981953248839634,352.228009419632,Nucleotide interconversion
DGK1,-1.143437772539806,0,0.4019217322847399,-6.006048527731199,Nucleotide interconversion
DHORTS,0.3825257962900589,0,-211.56175560417176,-94.48932304027379,Pyrimidine synthesis
DHPR,0.5524521353784624,0,11.487377707497776,39.84736708996389,Tetrahydrobiopterin metabolism
DURIPP,35.48365626695112,0,-382.34556257505415,361.38573553483485,Nucleotide interconversion
EX_acac[e],1,0,NA,423.8026731952727,Exchange/demand reaction
EX_adn[e],1,0,NA,717.7276332903862,Exchange/demand reaction
EX_asn_L[e],-1,0,NA,-479.7351498413086,Exchange/demand reaction
EX_asp_L[e],-0.43076862760915763,0,-97.63239346488007,-245.3999768516466,Exchange/demand reaction
EX_cgly[e],-1,0,NA,-122.1831840472877,Exchange/demand reaction
EX_dad_2[e],-1,0,NA,-419.09144177236556,Exchange/demand reaction
EX_dcyt[e],1,0,NA,428.74709604115486,Exchange/demand reaction
EX_dgsn[e],-0.804334061996721,0,-22.998611162848025,-212.08176509009598,Exchange/demand reaction
EX_duri[e],-147.05633715120797,0,403.52464096345903,-398.07368021800517,Exchange/demand reaction
EX_gal[e],-1.388695977065013,0,18.052136674669203,-110.9377734696691,Exchange/demand reaction
EX_glyb[e],0.4001634840348107,0,51.65070959304329,120.56524664940983,Exchange/demand reaction
EX_glyphe[e],-0.35732458394470246,0,-21.459603523213417,-45.32248580869585,Exchange/demand reaction
EX_glypro[e],-0.9895040191806069,0,-0.9211224021348462,-174.59794875182808,Exchange/demand reaction
EX_ins[e],-1.083730591381785,0,12.109371683088177,-301.3554281900406,Exchange/demand reaction
EX_k[e],-0.3358335367198734,0,-79.23454617808834,-159.36390935600102,Exchange/demand reaction
EX_o2[e],-1,0,NA,-995.1914975219727,Exchange/demand reaction
EX_ppi[e],-7.552724019236497,0,165.5988616188932,-216.142379439193,Exchange/demand reaction
EX_ser_L[e],-1,0,NA,-611.5634848678588,Exchange/demand reaction
EX_so4[e],1.0663841704264625,0,-22.885124492639104,712.3604721733093,Exchange/demand reaction
EX_urea[e],-1.3562885725095333,0,101.56324633909463,-671.6811461287499,Exchange/demand reaction
FBA,-25.533576058867233,0,423.31556682662966,-391.4076501637973,Glycolysis/gluconeogenesis
FERO,0.3363051371351476,0,19.510870755058527,39.283830987364055,Vitamin B2 metabolism
FUM,-0.7639688978893068,0,893.9554819351197,119.61735713793915,Citric acid cycle
G3PD1,0.5141961777847531,0,222.00948957260624,691.9787477378845,Glycerophospholipid metabolism
G6PDH2r,0.5939334886400527,0,-571.0515422388077,-145.47966349679677,Pentose phosphate pathway
GF6PTA,-0.7659847395535361,0,6.827737012328953,0.9047613036588669,Aminosugar metabolism
GLNS,0.9786561867823536,0,1.4107415406172858,130.78133924942017,Glutamate metabolism
GLYPHEHYc,0.35732458394470246,0,21.459603523213417,45.32248580869585,Pentose phosphate pathway
GLYPROPRO1c,0.9895040191806069,0,0.9211224021348462,174.59794875182808,"Transport, extracellular"
HEX1,0.44028777724794316,0,0.3373521088259748,0.8680963166782727,Glycolysis/gluconeogenesis
IMPD,0.49069532106374353,0,0.9622213745160494,2.816347385251732,Nucleotide interconversion
INSt2,-0.6314677940473907,0,-92.87416919668726,-411.1478277770603,"Transport, extracellular"
L_LACt2r,10.710203640388364,0,-369.4166931433499,306.32356436645387,"Transport, extracellular"
MAN1PT2,0.3690394267048138,0,8.9808440146029,19.48636739196889,Fructose and mannose metabolism
MAN6PI,-0.4071156919684996,0,-8.0790347601749,-19.174291565829517,Fructose and mannose metabolism
MTHFC,-6.288896942920675,0,533.3078551018536,-386.9735443609595,Folate metabolism
MTHFD,-0.488443732046076,0,378.9113314557463,130.2262641386524,Folate metabolism
NAt3_1,0.5957501306405074,0,100.60111573484429,397.11637713282255,"Transport, extracellular"
NDPK1,0.49782730558330823,0,-794.6134817539215,-266.40801090002657,Nucleotide interconversion
NDPK2,-0.7361100033151817,0,-113.39409853530861,-746.0101984054565,Nucleotide interconversion
NDPK3,-0.5046118770818806,0,-206.75107542717458,-627.9523252490163,Nucleotide interconversion
NDPK4,-0.3416565571361198,0,-162.97240299254983,-332.12602856043577,Nucleotide interconversion
NDPK5,-5.920143728899938,0,324.423906896317,-456.2996913335545,Nucleotide interconversion
NDPK8,-0.8617864679674476,0,-14.155356368434429,-190.67779072313309,Nucleotide interconversion
O2t,1,0,NA,954.4544018493652,"Transport, extracellular"
OMPDC,-0.9931435862665202,0,832.4959777606964,2.8637860785920037,Pyrimidine synthesis
PGI,-0.542092002030259,0,-209.77476811859609,-706.4563047112704,Glycolysis/gluconeogenesis
PGL,0.8920081667343998,0,16.430964850980416,287.86917255976795,Pentose phosphate pathway
PGMT,1.3237804782383982,0,-64.2807395596047,461.3444532790899,Glycolysis/gluconeogenesis
PMANM,-0.37118806335735777,0,-8.637391403618874,-18.83470605603084,Fructose and mannose metabolism
PNP,0.641337330551638,0,0.4989980578021728,2.2835500036933403,NAD metabolism
PPA,0.3571666911434366,0,27.198370697702725,57.42191989079118,Oxidative phosphorylation
PPBNGS,0.9098347563539702,0,0.8733892873131622,18.499691780196823,Heme synthesis
PROD2,-0.94556635456123594,0,64.89967904527784,1.8157829004176702,Arginine and proline metabolism
PROt2r,0.33544958969046107,0,-675.5104443160359,-336.1495232797608,"Transport, extracellular"
PTPAT,-0.7889679773739449,0,1.1317638508707677,0.13350625478210404,CoA synthesis
PUNP1,-1.2172977724638299,0,49.49804420218468,-505.0760617856264,Nucleotide interconversion
PUNP2,1.0757736516397167,0,-15.00025887162704,410.9230776094437,Purine catabolism
PUNP3,-0.7009734792462519,0,850.3989845546722,149.49783327403068,Purine catabolism
PUNP4,0.8122297929645005,0,22.59668947640599,218.0878134930551,Purine catabolism
PUNP5,0.7598056428143327,0,41.96202854321255,307.43859047946034,Purine catabolism
PUNP6,-0.9713239624868898,0,684.4364628139496,9.956215242386236,Purine catabolism
PUNP7,1.0062698954341098,0,-846.3010722650528,2.644818247511332,Nucleotide interconversion
RBFK,0.7861152277688996,0,0.4814066651895875,4.020144896128977,Vitamin B2 metabolism
RNDR3,0.477455335866209,0,167.44777080965042,473.44584959397315,Nucleotide interconversion
RPE,10.216604289070428,0,-341.01111580997707,280.20641823456884,Pentose phosphate pathway
RPI,-0.37123244682614115,0,421.3324261827439,193.19857789021432,Pentose phosphate pathway
SPODM,-0.961036253963292,0,67.78878757469654,1.3468925410525747,ROS detoxification
THMDt2r,-1,0,NA,-620.0766237406253,"Transport, extracellular"
TKT1,0.3961017262422977,0,348.1913209442139,804.9542867675781,Pentose phosphate pathway
TKT2,0.3961017262422977,0,348.1913209442139,804.9542867675781,Pentose phosphate pathway
TMDK1,0.44315461692149244,0,0.4302866489015476,1.1151572462160422,Nucleotide interconversion
UAG4E,-1.243062698579479,0,6.273056149716052,-0.6797607383227383,Aminosugar metabolism
UMPK,-0.6284106194084754,0,-91.52498645352806,-401.0885877440529,Nucleotide interconversion
UREAt,-1,0,NA,-289.68873954088093,"Transport, extracellular"
URIt2r,-1,0,NA,-312.4033562027682,"Transport, extracellular"
r0082,0.7617998965647057,0,1.646583430489563,12.178628286404996,Miscellaneous
r0127,-0.5753295947526788,0,34.52575513658523,9.307300817658621,Alanine and aspartate metabolism
r0345,-0.538956027563611,0,-169.88229291100478,-567.0638687024355,Nucleotide interconversion
r0398,0.81597543547731,0,4.602349391517602,45.41650981301144,Tetrahydrobiopterin metabolism
r0422,0.7617998965647057,0,1.646583430489563,12.178628286404996,Miscellaneous
ACCOAC,0.8294449626079734,0,1.4404113057692474,15.45045662513111,Fatty acid oxidation
FPGS,0.6033741745811553,0,0.11751498084266931,0.47505853964642725,Folate metabolism
EX_pnto_R[e],0.6804728874614122,0,0.41693622969103017,2.1927717627140204,Exchange/demand reaction
NTD2,0.9934560910148063,0,1.491685133610716,454.4086450775146,Pyrimidine catabolism
NTD4,0.566879823400259,0,0.24322707650974007,0.8799119026956239,Pyrimidine catabolism
NTD7,0.5307199329164293,0,0.899746086595241,2.9348343684702485,Nucleotide interconversion
NTD8,0.691234828620191,0,1.368962667568779,7.498375973322368,Nucleotide interconversion
NTD9,0.643111213484703,0,1.421486227480779,6.544503633732477,Nucleotide interconversion
NTD10,0.565408233093342,0,0.7342597355972786,2.644818247511332,Nucleotide interconversion
NTD11,0.6528591168058276,0,1.2776130895103242,6.083162614892632,Purine catabolism
GUAt,0.36594466952599525,0,-733.8593571990967,-340.648818089962,"Transport, extracellular"
ADPRDP,-0.7582819317936228,0,1.4085659359808749,0.19364120783478972,Nucleotide interconversion
ALCD1,-0.4839506304435177,0,-72.13203316395878,-207.42274364335537,Miscellaneous
ABUTD,-0.683138278971798,0,6.238867850976507,1.1745074241526765,Beta-Alanine metabolism
ALDD2x,0.8996044610182803,0,16.182115547854455,306.1851073782742,Glycolysis/gluconeogenesis
AMANK,-0.37248188854747455,0,0.3051563343267097,0.139521787655159,Aminosugar metabolism
ARGSL,-1.0042518952926305,0,0.36241784272015864,-170.8359680020213,Alanine and aspartate metabolism
CSND,0.39177678000982247,0,2.9918731387921813,6.84620288481145,Pyrimidine catabolism
CYTK1,0.9843696901657676,0,-298.8626197627358,-2.354054976707325,Nucleotide interconversion
CYTK2,-0.9797793747380961,0,-2.13051192337498,-208.59609971992487,Nucleotide interconversion
EX_acgam[e],0.33696282892040985,0,144.34771164894104,291.0659210857272,Exchange/demand reaction
EX_csn[e],-0.39177678001066635,0,-2.9918731387862207,-6.846202884811461,Exchange/demand reaction
EX_galt[e],-4.792641653943339,0,111.14213805742254,-72.76857908480335,Exchange/demand reaction
EX_glcr[e],0.7652723454975684,0,1.8618853817955823,14.002332967272402,Exchange/demand reaction
EX_glcur[e],-4.159502788942687,0,231.81233730519116,-378.55209529272315,Exchange/demand reaction
EX_glyc[e],-1,0,NA,-392.62170296996834,Exchange/demand reaction
EX_malt[e],-1,0,NA,-65.67225682881963,Exchange/demand reaction
EX_malttr[e],-1,0,NA,-63.13890513665825,Exchange/demand reaction
EX_spmd[e],0.9742310518708878,0,5.496528332613293,421.10437947888215,Exchange/demand reaction
EX_trp_L[e],-0.6046067763816869,0,-45.73875307660103,-185.61955224809645,Exchange/demand reaction
EX_xyl_D[e],-1.6500043434688025,0,114.88871860285457,-468.3901059620261,Exchange/demand reaction
FACOAL161,0.5251810250100254,0,0.1106871424884157,0.3555416660412046,Fatty acid oxidation
G6PDA,-0.6553394670186083,0,5.38776102502076,1.121793217317853,Aminosugar metabolism
GALK,-0.3360770121318405,7.623052704887451e-11,1.1653854837417255,0.579103004810652,Galactose metabolism
GALT,-0.3360770121318405,7.623052704887451e-11,1.1653854837417255,0.579103004810652,Galactose metabolism
GLUPRT,-0.6687288458905489,0,1.0241613469407551,0.20331350550502003,Purine synthesis
GLXO1,-0.4210092233709882,0,3.305533120102599,1.3468407923777863,Glyoxylate and dicarboxylate metabolism
GLYOX,-0.8772884033141729,0,15.414714061722346,1.007604463773411,Pyruvate metabolism
GND,0.9237704613798083,0,22.667343076357383,572.0455067362547,Pentose phosphate pathway
HISD,-0.8943804476410544,0,278.0296509862423,15.501304036497814,Histidine metabolism
HXPRT,0.7035541022209593,0,69.43564285075665,399.0184215904474,Nucleotide salvage pathway
IZPN,-0.8943804476410544,0,278.0296509862423,15.501304036497814,Histidine metabolism
LCADi,-0.7760423930544684,0,31.15115802061558,3.9281375439922877,Pyruvate metabolism
LDH_L,1.442379949239369,0,-93.03497605520934,513.6461552697025,Glycolysis/gluconeogenesis
LGTHL,-0.34504484773948807,0,424.9236009964943,206.91198680658937,Pyruvate metabolism
MALT,0.4372817454738287,0,73.42748181895017,187.54674899138212,Starch and sucrose metabolism
MDH,-15.87635475165954,0,372.39635664695203,-422.46189526358245,Citric acid cycle
MI4PP,0.5983249251159466,0,0.5023389219355536,1.9988813595596702,Inositol phosphate metabolism
NTD3,-0.7247425344146561,0,2.2941852432153698,0.3661367439083159,Pyrimidine catabolism
NTD5_a,0.641337330551638,0,0.4989980578021728,2.2835500036933403,Vitamin B2 metabolism
ORNDC,0.9265940738875786,0,3.2488432666715847,85.26834979199171,Urea cycle
PFK,-0.641397586694797,0,392.9032939809799,85.83908649509996,Glycolysis/gluconeogenesis
PHETA1,0.5071295692263947,0,-801.6399116760253,-262.1570279427823,Phenylalanine metabolism
PRFGS,-0.6687288458905489,0,1.0241613469407551,0.20331350550502003,Purine synthesis
PYDAMK,0.6480606158315948,0,0.5102596930481959,2.389442448864022,Vitamin B6 metabolism
TYRTA,-0.7536317198144477,0,127.24775258142948,17.877077385598724,Tyrosine metabolism
XYLt,1.6500043434688025,0,-114.88871860285457,468.3901059620261,"Transport, extracellular"
r0392,4.9623495813776435,0,-1.258258505278307,1.8933657715285663,Miscellaneous
r1667,-2.1399793067378283,0,362.8248904512048,-131.7247111139409,"Transport, extracellular"
URCN,-0.8943804476410544,0,278.0296509862423,15.501304036497814,Histidine metabolism
PYRt2r,2.8586650065608943,0,-242.7422791674562,116.92556340968966,"Transport, extracellular"
DCMPDA,0.7354173077468537,0,-847.9230299560547,-129.27481885062755,Pyrimidine catabolism
EX_lcts[e],-1,0,NA,-94.35852613628266,Exchange/demand reaction
EX_sucr[e],-1,0,NA,-0.4292352628100107,Exchange/demand reaction
THMt3,0.8560485365288802,0,40.12654991086498,517.3745541875362,"Transport, extracellular"
AACOAT,0.3714833375421733,0,1.047788148692239,2.2863737320599524,Propanoate metabolism
FORTHFC,-0.8329588869971339,0,386.82320389056207,35.251951896788555,"Transport, mitochondrial"
MTRI,0.5582113426050075,0,4.092289375325732,14.433715341300191,Arginine and proline metabolism
NADN,-0.7582819317936228,0,1.4085659359808749,0.19364120783478972,NAD metabolism
MTHFD2,-0.4077384010433437,0,-232.4266801472334,-552.4517605846405,Folate metabolism
EX_gua[e],-0.36594466952599525,0,733.8593571990967,340.648818089962,Exchange/demand reaction
AHC,-1.5973032128737201,0,100.28331181402207,-23.062207002723472,Methionine and cysteine metabolism
EX_phpyr[e],0.5022060871076742,0,-772.9745180290222,-256.14462169873127,Exchange/demand reaction
PHPYRte,-0.5022060871076742,0,772.9745180290222,256.14462169873127,"Transport, extracellular"
PHPYRtm,-0.540426341843003,0,30.215490124335886,9.014545487993816,"Transport, mitochondrial"
CE4970tm,0.8357104557106313,0,8.684995002348,97.04291409758628,"Transport, mitochondrial"
CE4970te,0.8357104557106313,0,8.684995002348,97.04291409758628,"Transport, extracellular"
EX_CE4970[e],0.8357104557106313,0,8.684995002348,97.04291409758628,Exchange/demand reaction
CE2026tm,0.8287224156811364,0,0.467953092373925,4.996312348254281,"Transport, mitochondrial"
CE2026te,0.8287224156811364,0,0.467953092373925,4.996312348254281,"Transport, extracellular"
EX_CE2026[e],0.8287224156811364,0,0.467953092373925,4.996312348254281,Exchange/demand reaction
2HIVc,0.3713163429934876,0,-664.8388041866302,-304.797133696723,"Valine, leucine, and isoleucine metabolism"
2HIVte,0.3713163429934876,0,-664.8388041866302,-304.797133696723,"Transport, extracellular"
EX_2hiv[e],0.3713163429934876,0,-664.8388041866302,-304.797133696723,Exchange/demand reaction
2M3OVCOAm,-0.6138284585070684,0,4.547831689469679,1.0882465014885085,Propanoate metabolism
2M3OVACm,-0.6138284585070684,0,4.547831689469679,1.0882465014885085,Propanoate metabolism
2M3OVACtm,-0.6138284585070684,0,4.547831689469679,1.0882465014885085,"Transport, mitochondrial"
2M3HVACc,-0.6138284585070684,0,4.547831689469679,1.0882465014885085,Propanoate metabolism
2M3HVACte,-0.6138284585070684,0,4.547831689469679,1.0882465014885085,"Transport, extracellular"
EX_2m3hvac[e],-0.6138284585070684,0,4.547831689469679,1.0882465014885085,Exchange/demand reaction
3MGLUTACc,1,0,NA,0.8877683531853392,"Valine, leucine, and isoleucine metabolism"
3MGLUTACtm,1,0,NA,0.8877683531853392,"Transport, mitochondrial"
3MGLUTACte,1,0,NA,0.8877683531853392,"Transport, extracellular"
EX_3mglutac[e],1,0,NA,0.8877683531853392,Exchange/demand reaction
PPIOGLYc,0.9961390232162252,0,0.5606466724285943,289.85636634078026,"Glycine, serine, alanine, and threonine metabolism"
PPIOGLYtm,0.9961390232162252,0,0.5606466724285943,289.85636634078026,"Transport, mitochondrial"
PPIOGLYte,0.9961390232162252,0,0.5606466724285943,289.85636634078026,"Transport, extracellular"
EX_ppiogly[e],0.9961390232162252,0,0.5606466724285943,289.85636634078026,Exchange/demand reaction
TIGGLYc,0.9865543026695541,0,3.657452481791139,540.3756894080401,"Glycine, serine, alanine, and threonine metabolism"
TIGGLYtm,0.9865543026695541,0,3.657452481791139,540.3756894080401,"Transport, mitochondrial"
TIGGLYte,0.9865543026695541,0,3.657452481791139,540.3756894080401,"Transport, extracellular"
EX_tiggly[e],0.9865543026695541,0,3.657452481791139,540.3756894080401,Exchange/demand reaction
3HADICOAx,0.6138366212271162,0,0.07476274765429407,0.3124451118370363,Fatty acid oxidation
3HADPACx,0.6138366212271162,0,0.07476274765429407,0.3124451118370363,Fatty acid oxidation
3HADPACtxc,0.6138366212271162,0,0.07476274765429407,0.3124451118370363,"Transport, peroxisomal"
3HADPACte,0.6138366212271162,0,0.07476274765429407,0.3124451118370363,"Transport, extracellular"
EX_3hadpac[e],0.6138366212271162,0,0.07476274765429407,0.3124451118370363,Exchange/demand reaction
3OHSEBCOAx,0.4351793429362986,0,0.10793669679272268,0.27426142377123325,Fatty acid oxidation
3OHSEBACx,0.4351793429362986,0,0.10793669679272268,0.27426142377123325,Fatty acid oxidation
3OHSEBACtxc,0.4351793429362986,0,0.10793669679272268,0.27426142377123325,"Transport, peroxisomal"
3OHSEBACte,0.4351793429362986,0,0.10793669679272268,0.27426142377123325,"Transport, extracellular"
EX_3ohsebac[e],0.4351793429362986,0,0.10793669679272268,0.27426142377123325,Exchange/demand reaction
SUBGLYc,0.34960148093548077,0,0.2084125255488936,0.4324638585137804,"Glycine, serine, alanine, and threonine metabolism"
SUBGLYte,0.34960148093548077,0,0.2084125255488936,0.4324638585137804,"Transport, extracellular"
EX_subgly[e],0.34960148093548077,0,0.2084125255488936,0.4324638585137804,Exchange/demand reaction
CE2537ABCt,0.38133347839472825,0,0.06177380640640622,0.13792604561118788,"Transport, extracellular"
PAFABCt,-0.44773875767235577,0,0.6666540083226311,0.2543049765628237,"Transport, extracellular"
PAILR_HSSECt,-0.8928264404813328,0,119.31186117153167,6.75554640461301,"Transport, extracellular"
PCHOLAR_HSABCt,-0.49423145090984344,0,0.980490479072457,0.33187713101289157,"Transport, extracellular"
PCHOLET_HSABCt,0.3764117698213754,0,0.3595881480968398,0.7936990074154991,"Transport, extracellular"
PCHOLMYR_HsABCt,0.5506203293218009,0,0.23862810582401042,0.8234052766112715,"Transport, extracellular"
PCHOLN205_HSABCt,0.3709560702320221,0,0.24238401605712134,0.5282585562240368,"Transport, extracellular"
PCHOLOLE_HSABCt,0.4318779378930626,0,0.3005641118653526,0.75753284268938,"Transport, extracellular"
Pe13_HSABCt,0.4976335539843406,0,0.27316287964801433,0.8143415976693242,"Transport, extracellular"
SPHMYLN180241_hs_SECt,0.9362225771960206,0,0.42280289459348425,12.835898257159663,"Transport, extracellular"
SPHMYLN18114_hs_SECt,0.9884382808353663,0,0.8572042090747461,147.42597009546458,"Transport, extracellular"
SPHMYLN18118_hs_SECt,0.6927238485345933,0,0.3765503212867072,2.0743416173875464,"Transport, extracellular"
SPHMYLN181181_hs_SECt,0.7937982052708814,0,0.4023769976046098,3.5003727154442132,"Transport, extracellular"
SPHMYLN18120_hs_SECt,0.8212767937216165,0,0.47072677222012865,4.796935799666743,"Transport, extracellular"
SPHMYLN181201_hs_SECt,0.5910598632334579,0,0.4236172703152057,1.648164060149026,"Transport, extracellular"
SPHMYLN18121_hs_SECt,0.8044018268960528,0,0.37174002723268934,3.429318247837544,"Transport, extracellular"
SPHMYLN18122_hs_SECt,0.4015555493111059,0,0.4319322347255953,1.0115843163206388,"Transport, extracellular"
SPHMYLN181221_hs_SECt,0.6802045349301088,0,0.33583570088413833,1.764479891838488,"Transport, extracellular"
SPHMYLN1825_hs_SECt,0.9444196581026464,0,0.4396997949692908,15.382433713361197,"Transport, extracellular"
PAFt1,-0.44773875767235577,0,0.6666540083226311,0.2543049765628237,"Transport, extracellular"
2HYDOGOAT3t,-0.9680960099229051,0,-3.873518994837694,-238.94996392861307,"Transport, extracellular"
2HYDOGte,0.9680960099229051,0,3.873518994837694,238.94996392861307,"Transport, extracellular"
T4HCINNMte,-0.9806631173208579,0,301.8297596711159,2.946713452072915,"Transport, extracellular"
AGRMte,1.2509409279320989,0,-7.980166314360339,71.58211741991818,"Transport, extracellular"
11DOCRTSTRNte,-0.7027067752324243,0,4.3489400631354,0.7593265232141577,"Transport, extracellular"
17AHPRGSTRNte,1,0,NA,0.35858718575458914,"Transport, extracellular"
MMAt2e,0.9206493892048151,0,28.23540290037692,683.4264889849037,"Transport, extracellular"
GLCRt1,-0.7652723454975684,0,-1.8618853817955823,-14.002332967272402,"Transport, extracellular"
N8ASPMDte,-0.5072726432698025,0,-129.52705737526418,-396.22843643300536,"Transport, extracellular"
MHISTAte,10.383308699324449,0,-37.02213232494863,30.517497635186462,"Transport, extracellular"
CE4890te2,-2.6755673506107054,0,538.551789937973,-245.5076209345177,"Transport, extracellular"
TRYPTAte,0.6299810792792307,0,32.06007472928129,141.2287650242679,"Transport, extracellular"
CE4877te,-0.5828026354536062,0,1.9660178765796126,0.5182057815597777,"Transport, extracellular"
CE1447te,0.6682074351707901,0,0.5553776223252836,2.792362388733518,"Transport, extracellular"
MMAte,0.803115964842132,0,74.62402169840634,683.4264889849037,"Transport, extracellular"
HDD2CRNte2,0.6401986232653488,0,182.20780400677918,830.6165807156563,"Transport, extracellular"
ARGN1ASPMDte,-0.4161547739179478,0,312.202830316782,128.7134255427927,"Transport, extracellular"
CE1918te,0.4309771978576292,0,-932.8810879623413,-370.95672211456747,"Transport, extracellular"
CE6205te,0.9816526324670555,0,3.848859235619192,415.7055241066456,"Transport, extracellular"
ISOBUTtm,0.948128367698027,0,1.017967769464005,38.231530435561204,"Transport, mitochondrial"
ISOBUTte,0.948128367698027,0,1.017967769464005,38.231530435561204,"Transport, extracellular"
EX_CE4969[e],0.948128367698027,0,1.017967769464005,38.231530435561204,Exchange/demand reaction
AGRMtm,1.2509409279320989,0,-7.980166314360339,71.58211741991818,"Transport, mitochondrial"
EX_agm[e],1.2509409279320989,0,-7.980166314360339,71.58211741991818,Exchange/demand reaction
T4HCINNMtm,-0.9806631173208579,0,301.8297596711159,2.946713452072915,"Transport, mitochondrial"
EX_T4hcinnm[e],-0.9806631173208579,0,301.8297596711159,2.946713452072915,Exchange/demand reaction
EGMEtr,0.5130785637034847,0,67.36240050816221,209.3245370007515,"Transport, endoplasmic reticular"
EX_orn_D[e],-0.34224325457301635,0,-1.950492031155283,-3.9802476981320796,Exchange/demand reaction
EX_11docrtstrn[e],-0.7027067752324243,0,4.3489400631354,0.7593265232141577,Exchange/demand reaction
EX_17ahprgstrn[e],1,0,NA,0.35858718575458914,Exchange/demand reaction
35DIODTYRte,-1,0,NA,-114.6764195241563,"Transport, extracellular"
EX_35diotyr[e],-1,0,NA,-114.6764195241563,Exchange/demand reaction
FNA5MOXAMte,1,0,NA,10.33382444582581,"Transport, extracellular"
EX_fna5moxam[e],1,0,NA,10.33382444582581,Exchange/demand reaction
EX_CE4877[e],-0.5828026354536062,0,1.9660178765796126,0.5182057815597777,Exchange/demand reaction
EX_CE1447[e],0.6682074351707901,0,0.5553776223252836,2.792362388733518,Exchange/demand reaction
EX_n8aspmd[e],-0.5072726432698025,0,-129.52705737526418,-396.22843643300536,Exchange/demand reaction
EX_CE6205[e],0.9816526324670555,0,3.848859235619192,415.7055241066456,Exchange/demand reaction
EX_trypta[e],0.6299810792792307,0,32.06007472928129,141.2287650242679,Exchange/demand reaction
EX_C05769[e],0.7113728808313088,0,0.5355338069216348,3.175370479994221,Exchange/demand reaction
PPBNGte,0.5248931285436708,0,-10.149558174426025,-3.1622706802547325,"Transport, extracellular"
EX_ppbng[e],0.5248931285434135,0,-10.149558174437958,-3.162270680260696,Exchange/demand reaction
XYLULte,-0.6464675790623216,0,-101.93473838890995,-474.72942224760055,"Transport, extracellular"
EX_xylu_L[e],-0.6464675790623216,0,-101.93473838890995,-474.72942224760055,Exchange/demand reaction
SPHGNSte,0.42562714935913964,0,92.00346805807352,228.35801126818657,"Transport, extracellular"
EX_sphings[e],0.4253248767751661,0,92.14016555513442,228.5285456223488,Exchange/demand reaction
EX_hdd2crn[e],-1,0,NA,-830.6165807156563,Exchange/demand reaction
EX_CE1918[e],-0.4309771978576292,0,932.8810879623413,370.95672211456747,Exchange/demand reaction
EX_mlthf[e],1,0,NA,65.08917214284301,Exchange/demand reaction
AACTte,1,0,NA,3.619600573989727,"Transport, extracellular"
EX_aact[e],-1,0,NA,-3.619600573942049,Exchange/demand reaction
EX_N1aspmd[e],-0.4161547739179478,0,312.202830316782,128.7134255427927,Exchange/demand reaction
FDPte,1,0,NA,478.06464370727537,"Transport, extracellular"
EX_fdp[e],1,0,NA,478.06464370727537,Exchange/demand reaction
COKEtr,0.5130785637034847,0,67.36240050816221,209.3245370007515,"Transport, endoplasmic reticular"
EX_5a2opntn[e],0.34224325457350996,0,1.950492031155283,3.9802476981365307,Exchange/demand reaction
5A2OPNTNte,0.34224325457350996,0,1.950492031155283,3.9802476981365307,"Transport, extracellular"
5A2OPNTNtx,0.34224325457350996,0,1.950492031155283,3.9802476981365307,"Transport, peroxisomal"
UDPG4DOPA,-0.3452901785711724,5.751413091485992e-15,0.636969426141501,0.30999270334943724,Tyrosine metabolism
TYRDOPOX,0.3466378079335942,0,8.684116577580944,17.898739556519686,Tyrosine metabolism
34DHPEAR,-0.4391534019581038,0,857.1490005699158,334.0360383615613,Tyrosine metabolism
DOPA4GLCURt,-0.3452901785711724,5.751413091485992e-15,0.636969426141501,0.30999270334943724,"Transport, extracellular"
EX_dopa4glcur[e],-0.3452901785711724,5.751413091485992e-15,0.636969426141501,0.30999270334943724,Exchange/demand reaction
GGTe_1,-1.0015075888388065,0,0.3968198642570067,-526.8266448173523,Tyrosine metabolism
CE5025t,0.44299574281392545,0,0.14064410430184143,0.3643577964461359,"Transport, extracellular"
EX_CE5025[e],0.44299574281392545,0,0.14064410430184143,0.3643577964461359,Exchange/demand reaction
ACER12r,-0.5960097393448414,0,11.943984396553551,3.0233232609254452,Exchange/demand reaction
ACER21g,0.7419440809645679,0,2.190262192616554,14.784835304107185,Exchange/demand reaction
ACER22g,-0.4119740156588321,0,16.202077505424764,6.747463103316279,Sphingolipid metabolism
BGAL1l,-0.5363272455284159,0,0.26226283232437564,0.0791524919012531,Sphingolipid metabolism
BGAL2l,0.99549323705061,0,0.17262899509051693,76.43623507391214,Sphingolipid metabolism
BGAL3l,-0.4208794146133881,0,0.8744107142486973,0.3563914287841352,Sphingolipid metabolism
CRMte,1,0,NA,188.35352894075214,Sphingolipid metabolism
EX_gd3_hs[e],-0.4475240274913396,0,-162.40200608682633,-425.50412619037627,Exchange/demand reaction
EX_gluside_hs[e],0.4249333805514553,0,-83.51222708936409,-33.70339608179708,Exchange/demand reaction
GA1tl,0.99549323705061,0,0.17262899509051693,76.43623507391214,"Transport, extracellular"
GALGLUSIDEtg2,-0.5086942536702695,0,55.89383885268271,18.201808713690937,"Transport, extracellular"
GD3tg,0.5994176789094435,0,80.7671084497273,322.48138354485036,"Transport, extracellular"
GLA2l,-0.5750680898388053,0,3.052197837443417,0.8234413900083731,Sphingolipid metabolism
GM2tg,0.524761898524165,0,0.08801255595277543,0.2823809612313711,"Transport, extracellular"
HEXA2l,-0.4208794146133881,0,0.8744107142486973,0.3563914287841352,Sphingolipid metabolism
HEXAHBl,0.99549323705061,0,0.17262899509051693,76.43623507391214,Sphingolipid metabolism
NEU24,-0.35596181025031776,0,0.7347146589696466,0.348965800783146,Sphingolipid metabolism
SMS1S2,0.9174213598648648,0,2.537100318343351,58.90978992328644,Sphingolipid metabolism
SMS21e,-0.9943934790319905,0,89.87209923957586,0.2526431289126895,Sphingolipid metabolism
SMSn,0.7010917015167751,0,0.9062943364789796,5.1577349399102275,Sphingolipid metabolism
SPHK21n,-0.6422834700377078,0,3.987155459147476,0.868468471666281,Sphingolipid metabolism
SPHMYLNtl2,1,0,NA,0.2526431289126895,"Transport, extracellular"
SPMD3n,0.7010917015167751,0,0.9062943364789796,5.1577349399102275,Sphingolipid metabolism
NH4tr,-0.4257802700326482,0,-2.414938415577484,-5.996261303090453,"Transport, endoplasmic reticular"
WHTSTSTERONEtr,-0.7201320778162,0,-0.9704385026870325,-5.96453636056084,"Transport, endoplasmic reticular"
TETTET6COAtm,228.19763366834525,0,-229.731794937596,227.727133796373,"Transport, mitochondrial"
TETPENT6COAtm,1.4478892522707636,0,-56.50403152710709,308.81654512566325,"Transport, mitochondrial"
TETPENT3COAtm,4.536310946058052,0,-225.98634764374344,144.3484664461024,"Transport, mitochondrial"
THCRMtl,-0.5616507678290149,8.058208901973666e-16,3.4481217822882173,0.9678742308047077,"Transport, lysosomal"
PCHOL_HStn,0.7010917015167751,0,0.9062943364789796,5.1577349399102275,"Transport, nuclear"
CHOLPtn,-0.7010917015167751,0,-0.9062943364789796,-5.1577349399102275,"Transport, nuclear"
DAG_HStg,0.9174213598648648,0,2.537100318343351,58.90978992328644,"Transport, golgi apparatus"
SPHGNtg,0.4119740156588321,0,-16.202077505424764,-6.747463103316279,"Transport, golgi apparatus"
SPHINGStn,-0.6422834700377078,0,3.987155459147476,0.868468471666281,"Transport, nuclear"
SPHINGStg,-0.7419440809645681,0,-2.1902621926165513,-14.784835304107185,"Transport, golgi apparatus"
DHCRMtg,-0.4119740156588321,0,16.202077505424764,6.747463103316279,"Transport, golgi apparatus"
DHCRMter,-0.5960097393448414,0,11.943984396553551,3.0233232609254452,"Transport, endoplasmic reticular"
sink_34dhpac[c],0.8383157922330641,0,26.50104028442707,301.31131257847846,Exchange/demand reaction
34DHPEt,0.4391534019581038,0,-857.1490005699158,-334.0360383615613,"Transport, extracellular"
EX_34dhpe[c],-0.4391534019581038,0,857.1490005699158,334.0360383615613,Exchange/demand reaction
DM_sphs1p[n],-0.6422834700377078,0,3.987155459147476,0.868468471666281,Exchange/demand reaction
GALSIDEter,-0.8113262576974991,0,-0.09264402753324757,-0.8894113067454497,"Transport, endoplasmic reticular"
GD1Btl,-0.4208794146133881,0,0.8744107142486973,0.3563914287841352,"Transport, lysosomal"
DM_pail35p_hs[n],0.966153372998136,0,1.1060372049388854,64.24979307486862,Exchange/demand reaction
CATr,-0.8618811434536408,0,70.53917944605351,5.232767323017866,ROS detoxification
DM_k[g],0.3358335367198734,0,79.23454617808834,159.36390935600102,Exchange/demand reaction
EX_CE5026[e],1,0,NA,527.407127866745,Miscellaneous
EX_5cysgly34dhphe[e],-1.0015075888388065,0,0.3968198642570067,-526.8266448173523,Miscellaneous
EX_ga1_hs[e],-1,0,NA,-76.43623507391214,Miscellaneous
HMR_0003,0.8846371600353362,0,13.183279219155759,215.37002656273842,Glycerophospholipid metabolism
HMR_0156,-0.6254753327731268,3.4561924824417624e-16,2.0989966007096292,0.4836283809056327,Fatty acid synthesis
HMR_0176,0.7338277232124009,0,-0.6121599209945301,-0.09397704151790749,"Transport, extracellular"
HMR_0177,0.3546131763664846,0,0.23541789069744895,0.4941225401779469,Fatty acid synthesis
HMR_0178,0.3546131763664846,0,0.23541789069744895,0.4941225401779469,"Transport, mitochondrial"
HMR_0182,-0.7642142995017219,0,-1.9877216332252778,-14.872687026203112,"Transport, mitochondrial"
HMR_0189,0.6700275364089991,0,1.2059979001595638,6.103690229783254,Fatty acid oxidation
HMR_0197,0.9717053811736517,0,1.9489690177842043,135.81355252354146,Fatty acid oxidation
HMR_0200,-0.7361451233515384,0,1.4915080701274288,0.22667556563701655,Fatty acid synthesis
HMR_0201,-0.9907495627869715,0,19.66006425006818,0.0913546301096576,Fatty acid oxidation
HMR_0208,0.40957875397295507,0,0.23802126889591965,0.5682548280351072,"Transport, extracellular"
HMR_0240,0.9228814346410276,0,0.21213836693887134,5.289477643457777,"Transport, extracellular"
HMR_0243,0.9228814346410276,0,0.21213836693887134,5.289477643457777,"Transport, extracellular"
HMR_0260,0.8975719845912445,0,0.2495531158943777,4.623198052787268,Fatty acid oxidation
HMR_0261,0.5568926989827493,0,0.08531367905789229,0.29975638799826265,"Transport, extracellular"
HMR_0268,0.7373728989615714,0,0.7465611831804737,4.938771215711853,Fatty acid oxidation
HMR_0270,-0.5785016210557763,0,1.1083791609171925,0.2959642317438251,"Transport, extracellular"
HMR_0273,-0.5785016210557763,0,1.1083791609171925,0.2959642317438251,"Transport, extracellular"
HMR_0276,0.9973370788262653,0,0.14593761128931074,109.46122066943497,Fatty acid oxidation
HMR_0293,-0.38261087691588846,0,0.5289407890362386,0.2361924785626925,Fatty acid synthesis
HMR_0297,0.48032419737439724,0,0.06421763862355874,0.18292736331459747,Fatty acid synthesis
HMR_0298,0.513790648878239,0,0.06421763862355874,0.199938690231074,Fatty acid oxidation
HMR_0308,-0.34318529347179627,0,1.0591281530223786,0.5179113785597438,"Transport, extracellular"
HMR_0309,0.37246796503701146,0,0.3958898979881487,0.8658461598738155,Fatty acid synthesis
HMR_0310,0.6469013054540267,0,0.10973332256969297,0.5118114424756263,Fatty acid oxidation
HMR_0311,-0.6501532347592575,0,0.7729715768625487,0.16387666314386298,"Transport, extracellular"
HMR_0327,0.4813033381877773,0,0.07883827113811276,0.22514776518094726,Fatty acid synthesis
HMR_0328,0.4813033381877773,0,0.07883827113811276,0.22514776518094726,Fatty acid oxidation
HMR_0354,0.6146217488361989,0,7.898209854521416,33.0911808579522,Fatty acid oxidation
HMR_0358,0.9155706069575205,0,0.12223165455560665,2.773244675449692,Fatty acid oxidation
HMR_0378,0.5777522282065173,0,3.0812880368040636,11.513403718306444,Fatty acid oxidation
HMR_0390,0.4793699303591387,3.708531140756207e-12,0.13902543319955077,0.3950406582786178,Fatty acid oxidation
HMR_0393,0.3535390410050614,0,0.12591108500947484,0.2636285561940109,Fatty acid synthesis
HMR_0398,0.7096838374349936,0,24.244360264979303,142.77603605588078,Fatty acid oxidation
HMR_0427,-0.5042413546036815,1.609980722130992e-14,0.8009229811063677,0.26396328685212067,"Transport, extracellular"
HMR_0482,-0.6011035418101554,0,667.2386641736985,166.23480802828072,Glycerophospholipid metabolism
HMR_0641,-0.9679472135162275,0,33.280600549945234,0.5420551812327947,Glycerophospholipid metabolism
HMR_0653,0.7754628370276215,0,16.77477582052946,132.6417002627015,Glycerophospholipid metabolism
HMR_0654,0.7754628370276215,0,16.77477582052946,132.6417002627015,Glycerophospholipid metabolism
HMR_0657,0.7754628370276215,0,16.77477582052946,132.6417002627015,Glycerophospholipid metabolism
HMR_0765,0.8282082673662687,0,0.3553086483701145,3.7811959775847415,Sphingolipid metabolism
HMR_0775,-0.688866987375076,0,0.9682508621136018,0.17837687038593286,Sphingolipid metabolism
HMR_0795,0.9818295840317899,0,0.17579432821837498,19.173716274723876,Sphingolipid metabolism
HMR_0805,-0.3571452525225216,0,3.826693180301013,1.812634184530939,Glycosphingolipid metabolism
HMR_0806,-0.6358821436201331,0,2.4301808178762774,0.5409144133466727,Glycosphingolipid metabolism
HMR_0807,-0.4825644742953331,0,6.400019740059454,2.233695489224454,Glycosphingolipid metabolism
HMR_0808,-0.6737768509050113,1.9005685249452408e-9,2.034256856171293,0.39648157239685244,Glycosphingolipid metabolism
HMR_0816,0.6059130950629089,0,0.3417452494014124,1.3926196590492546,Glycosphingolipid metabolism
HMR_0821,-0.3910897908612505,0,0.6409158545385791,0.2805427870948639,Glycosphingolipid metabolism
HMR_0822,-0.49742308371567723,0,0.13361791153615113,0.044845894704359304,Glycosphingolipid metabolism
HMR_0831,1.1174403701657232,0,-1.427113023523541,0.0791524919012531,"Transport, lysosomal"
HMR_0837,-0.3430893970417426,0,1.2493901566373637,0.6110819152727286,Glycosphingolipid metabolism
HMR_0839,-0.4624207261762755,0,1.0729203989896232,0.39440070742677596,Glycosphingolipid metabolism
HMR_0875,0.44546594241868925,0,0.3388522964153672,0.8832630697474465,Glycosphingolipid metabolism
HMR_0889,0.5625136100068099,0,0.21734975273348392,0.7762800273237525,Glycosphingolipid metabolism
HMR_0890,0.5625136100068099,0,0.21734975273348392,0.7762800273237525,Glycosphingolipid metabolism
HMR_0906,0.798356276168103,1.7825019266780938e-12,0.07502561039187901,0.6691146878147257,Glycosphingolipid metabolism
HMR_0907,0.798356276168103,1.7825019266780938e-12,0.07502561039187901,0.6691146878147257,Glycosphingolipid metabolism
HMR_0908,0.798356276168103,1.7825019266780938e-12,0.07502561039187901,0.6691146878147257,Glycosphingolipid metabolism
HMR_0909,0.798356276168103,1.7825019266780938e-12,0.07502561039187901,0.6691146878147257,Glycosphingolipid metabolism
HMR_0946,0.5061323552285536,0,1.088008512966294,3.3180647517433477,Arachidonic acid metabolism
HMR_0950,-0.5677761617740688,0,1.1318938171979913,0.3120544259200309,Arachidonic acid metabolism
HMR_0960,-0.33414632664059496,0,11.105814717125147,5.542755976150744,Arachidonic acid metabolism
HMR_0962,-0.47256376644620274,0,10.786185722724046,3.863347246234957,"Transport, mitochondrial"
HMR_0963,-0.47256376644620274,0,10.786185722724046,3.863347246234957,Arachidonic acid metabolism
HMR_1033,0.9059237803186607,0,0.19200802152502147,3.889959178590006,Arachidonic acid metabolism
HMR_1039,0.9059237803186607,0,0.19200802152502147,3.889959178590006,Arachidonic acid metabolism
HMR_1077,0.9059237803186607,0,0.19200802152502147,3.889959178590006,Arachidonic acid metabolism
HMR_1081,0.9991927493657983,0,0.2348186948928974,581.5391309163093,Leukotriene metabolism
HMR_1084,0.4834218799476061,0,138.69830823777914,398.2903982281923,Leukotriene metabolism
HMR_1102,-0.4962113915453138,0,10.185447719201445,3.429537137559648,Leukotriene metabolism
HMR_1126,0.7418095564949099,0,0.6107055692180493,4.119954178891563,Leukotriene metabolism
HMR_1129,0.9771399457315663,0,0.04763566499996689,4.119954178891563,Leukotriene metabolism
HMR_1284,0.49621139154531374,0,-10.185447719201445,-3.429537137559649,"Transport, mitochondrial"
HMR_1305,0.420607888489855,0,1.0078153635405085,2.471056176196918,Eicosanoid metabolism
HMR_1306,1,0,NA,478.1299250951767,"Transport, endoplasmic reticular"
HMR_1307,0.9958147966950165,0,1.0078153635405085,480.60098119859697,Eicosanoid metabolism
HMR_1317,-0.6682074351707901,0,-0.5553776223252836,-2.792362388733518,Eicosanoid metabolism
HMR_1332,0.5828026354536062,0,-1.9660178765796126,-0.5182057815597777,Eicosanoid metabolism
HMR_1390,0.4363821632686408,0,2.6925388159997348,6.861945235160971,Eicosanoid metabolism
HMR_1392,0.4363821632686408,0,2.6925388159997348,6.861945235160971,"Transport, endoplasmic reticular"
HMR_1557,0.3369841784605725,0,2.098277150932346,4.231216302362473,Cholesterol metabolism
HMR_1558,0.49697152583075743,0,1.2062923976703206,3.5898273435134236,Cholesterol metabolism
HMR_1565,0.40595282441669994,0,3.3045695449352266,7.821043641224411,Cholesterol metabolism
HMR_1620,1.0920097411345566,0,-3.2165830588448387,73.13489864547053,"Transport, mitochondrial"
HMR_1623,-0.9954681790624649,0,-0.16744709337798414,-73.730924305674435,"Transport, peroxisomal"
HMR_1629,-0.5651785184972641,0,0.8108019088717541,0.22524848319497215,"Transport, peroxisomal"
HMR_1631,-0.41292529198745376,0,0.3686400043453512,0.15317103044306787,"Transport, endoplasmic reticular"
HMR_1665,1,0,NA,650.0521442350388,"Transport, peroxisomal"
HMR_1666,-0.5162229931567192,0,15.343489812330715,4.8956041488895226,"Transport, mitochondrial"
HMR_1681,-0.5216266835893659,0,14.98285008027628,4.710350941847265,Bile acid synthesis
HMR_1735,-0.4559125854222464,0,2.0493286342941985,0.7658522423789,Bile acid synthesis
HMR_1737,-0.4559125854222464,0,2.0493286342941985,0.7658522423789,Bile acid synthesis
HMR_1741,-0.3517337026356587,0,1.285425361715,0.6164660525608026,Bile acid synthesis
HMR_1743,-0.3517337026356587,0,1.285425361715,0.6164660525608026,Bile acid synthesis
HMR_1745,-0.3517337026356587,0,1.285425361715,0.6164660525608026,"Transport, mitochondrial"
HMR_1747,-0.3517337026356587,0,1.285425361715,0.6164660525608026,Bile acid synthesis
HMR_1749,-0.3517337026356587,0,1.285425361715,0.6164660525608026,Bile acid synthesis
HMR_1751,-0.3517337026356587,0,1.285425361715,0.6164660525608026,Bile acid synthesis
HMR_1753,-0.3517337026356587,0,1.285425361715,0.6164660525608026,"Transport, mitochondrial"
HMR_1756,-0.3517337026356587,0,1.285425361715,0.6164660525608026,Bile acid synthesis
HMR_1759,-0.3517337026356587,0,1.285425361715,0.6164660525608026,"Transport, peroxisomal"
HMR_1761,-0.3517337026356587,0,1.285425361715,0.6164660525608026,Bile acid synthesis
HMR_1766,-0.9440112780098018,0,258.133241135025,7.434396311287675,Bile acid synthesis
HMR_1769,-0.9500531855624115,0,257.706388881588,6.600647243955769,Bile acid synthesis
HMR_1771,-0.9500531855624115,0,257.706388881588,6.600647243955769,Bile acid synthesis
HMR_1781,0.8324893874233726,0,1.1900863445148628,13.018999589911662,Bile acid synthesis
HMR_1783,0.8324893874233726,0,1.1900863445148628,13.018999589911662,Bile acid synthesis
HMR_1807,-0.37532258788322403,0,-20.954859420985727,-46.135318691836666,Bile acid synthesis
HMR_1834,-0.4352955866116774,1.8739504041997346e-13,0.5353681315517426,0.2106358784175122,Bile acid synthesis
HMR_1838,0.47920647091056395,0,7.223016152464226,20.515485764382035,Bile acid synthesis
HMR_1847,0.9977573253536471,0,0.08546863790093921,76.13480525687784,Bile acid synthesis
HMR_1927,0.8144116697247662,0,0.5978068719032162,5.8444825868860155,Steroid metabolism
HMR_1928,0.8144116697247662,0,0.5978068719032162,5.8444825868860155,Steroid metabolism
HMR_1929,0.8144116697247662,0,0.5978068719032162,5.8444825868860155,Steroid metabolism
HMR_1940,0.3439791792930124,0,0.14112908825852555,0.2891288663790484,Steroid metabolism
HMR_1941,0.3439791792930124,0,0.14112908825852555,0.2891288663790484,Steroid metabolism
HMR_1944,0.7828801297379256,0,1.0197264067697338,8.373484869000409,Androgen and estrogen synthesis and metabolism
HMR_1948,0.5004321089072403,0,0.3153118696038729,0.947026544156694,Steroid metabolism
HMR_1949,0.5004321089072403,0,0.3153118696038729,0.947026544156694,Steroid metabolism
HMR_1958,0.8894075251586783,0,0.3965986511713156,6.775655188709858,Androgen and estrogen synthesis and metabolism
HMR_1967,0.5773853632201943,0,90.4446691118002,337.57964069895746,Androgen and estrogen synthesis and metabolism
HMR_1970,0.5773853632201943,0,90.4446691118002,337.57964069895746,Androgen and estrogen synthesis and metabolism
HMR_1979,0.33850969404243614,0,0.498783412456857,1.0092762158239392,Steroid metabolism
HMR_1980,0.33850969404243614,0,0.498783412456857,1.0092762158239392,Steroid metabolism
HMR_1982,0.510572536562122,0,0.10943727406778399,0.3377680106502634,Androgen and estrogen synthesis and metabolism
HMR_1983,0.510572536562122,0,0.10943727406778399,0.3377680106502634,Androgen and estrogen synthesis and metabolism
HMR_1989,0.4320115057249557,0,0.7055495126707959,1.778830082276206,Steroid metabolism
HMR_1993,0.345430919714983,0,0.2768592512071598,0.5690690382458277,Steroid metabolism
HMR_2029,0.9047352958021319,0,0.9258013100866216,18.5105957874932,Androgen and estrogen synthesis and metabolism
HMR_2041,0.6074285268218146,0,202.9750877946377,831.1045724078178,Steroid metabolism
HMR_2190,0.7931869832527564,0,0.5624564850802655,4.876818991159912,Fatty acid synthesis
HMR_2193,0.7931869832527564,0,0.5624564850802655,4.876818991159912,Fatty acid synthesis
HMR_2210,0.48119589579205824,0,0.5991348419030281,1.7105417278986979,Fatty acid synthesis
HMR_2259,0.9423651838133705,1.2078233555949023e-13,0.511464790243077,17.237001296189302,Fatty acid synthesis
HMR_2260,0.9423651838133705,1.2078233555949023e-13,0.511464790243077,17.237001296189302,Fatty acid synthesis
HMR_2261,0.9423651838133705,1.2078233555949023e-13,0.511464790243077,17.237001296189302,Fatty acid synthesis
HMR_2262,0.9423651838133705,1.2078233555949023e-13,0.511464790243077,17.237001296189302,Fatty acid synthesis
HMR_2281,-0.6767708040799163,0,7.190004157099873,1.386008902771119,Fatty acid synthesis
HMR_2284,0.6053599052611305,0,0.9496677608738348,3.86316181997361,Fatty acid synthesis
HMR_2286,0.8875901797610637,0,1.8635196311797866,31.292295887761934,Fatty acid synthesis
HMR_2287,-0.37225231514959123,0,3.9969478986656366,1.8284354576450772,Fatty acid synthesis
HMR_2288,-0.3331874917330885,0,0.4896065340606816,0.2448836064434322,Fatty acid synthesis
HMR_2293,0.5290990073646208,0,3.2944197292722763,10.697564916311856,Fatty acid synthesis
HMR_2332,0.6978988606027403,0,0.44698208136274337,2.512173135691681,Fatty acid synthesis
HMR_2334,0.6978988606027403,0,0.44698208136274337,2.512173135691681,Fatty acid synthesis
HMR_2336,0.6978988606027403,0,0.44698208136274337,2.512173135691681,Fatty acid synthesis
HMR_2338,0.6978988606027403,0,0.44698208136274337,2.512173135691681,Fatty acid synthesis
HMR_2342,0.560691430228837,0,0.4859424984327645,1.7263635291318389,Fatty acid synthesis
HMR_2343,0.560691430228837,0,0.4859424984327645,1.7263635291318389,Fatty acid synthesis
HMR_2344,0.560691430228837,0,0.4859424984327645,1.7263635291318389,Fatty acid synthesis
HMR_2345,0.560691430228837,0,0.4859424984327645,1.7263635291318389,Fatty acid synthesis
HMR_2359,0.8694503948624378,0,0.6628722521853371,9.492229350563418,Fatty acid synthesis
HMR_2365,0.4191594359628772,0,0.18091849584066805,0.4420355712210296,Fatty acid synthesis
HMR_2368,0.9553271523300709,0,1.5138434848240911,66.26081444651335,Fatty acid synthesis
HMR_2440,-0.5750107160517415,0,2.179497650194126,0.5880995832491113,Linoleate metabolism
HMR_2611,1.3217286874577563,0,-10.978552016059826,1.5213298390094074,Fatty acid oxidation
HMR_2612,-0.42137380741726216,0,-74.10853893171176,-182.04488060473614,"Transport, mitochondrial"
HMR_2613,0.6589520833503034,0,-2.15660169055384,-0.44335488709307835,"Transport, mitochondrial"
HMR_2620,0.7092818709395626,0,0.5686161553049635,3.3431877431492265,Fatty acid oxidation
HMR_2621,-0.7092818709395626,0,-0.5686161553049635,-3.3431877431492265,"Transport, mitochondrial"
HMR_2622,-0.7092818709395626,0,-0.5686161553049635,-3.3431877431492265,"Transport, mitochondrial"
HMR_2624,1.3381266494162516,0,-548.9855041185141,79.39117803222057,"Transport, mitochondrial"
HMR_2633,-0.37225231514959123,0,3.9969478986656366,1.8284354576450772,Fatty acid oxidation
HMR_2634,-0.4984758045646793,0,-278.69355668397543,-832.6927302411079,"Transport, mitochondrial"
HMR_2635,-3.4215314160790515,0,12.03137331764293,-6.589198566202546,"Transport, mitochondrial"
HMR_2644,1.8299224329594908,0,-91.5982539836809,26.86273125920198,"Transport, mitochondrial"
HMR_2648,-0.3331874917330885,0,0.4896065340606816,0.2448836064434322,Fatty acid oxidation
HMR_2649,0.3331874917330885,0,-0.4896065340606816,-0.2448836064434322,"Transport, mitochondrial"
HMR_2650,0.3331874917330885,0,-0.4896065340606816,-0.2448836064434322,"Transport, mitochondrial"
HMR_2659,-0.4800035887133219,0,-0.3554476249664731,-1.0116680598781749,"Transport, mitochondrial"
HMR_2667,0.4383340473494026,0,-37.90422264665645,-14.80150689719643,"Transport, mitochondrial"
HMR_2668,-0.6894674306690253,0,-0.22364423179694276,-1.216747236825958,"Transport, mitochondrial"
HMR_2669,0.35107435379779256,0,0.44669614350004466,0.9300290517956044,Fatty acid oxidation
HMR_2670,-0.35107435379779256,0,-0.44669614350004466,-0.9300290517956044,"Transport, mitochondrial"
HMR_2671,-0.35107435379779256,0,-0.44669614350004466,-0.9300290517956044,"Transport, mitochondrial"
HMR_2673,-0.8807268358888503,0,168.44765333324074,10.682723411376402,"Transport, mitochondrial"
HMR_2675,-0.9767129545067069,0,-0.20576590982491613,-17.466369431189335,Fatty acid oxidation
HMR_2676,-0.9767129545067069,0,-0.20576590982491613,-17.466369431189335,"Transport, mitochondrial"
HMR_2677,0.9767129545067069,0,0.20576590982491613,17.466369431189335,"Transport, mitochondrial"
HMR_2679,-0.3646370504302713,0,726.3309179748535,338.17325585780145,"Transport, mitochondrial"
HMR_2681,0.560691430228837,0,0.4859424984327645,1.7263635291318389,Fatty acid oxidation
HMR_2682,-0.560691430228837,0,-0.4859424984327645,-1.7263635291318389,"Transport, mitochondrial"
HMR_2683,-0.560691430228837,0,-0.4859424984327645,-1.7263635291318389,"Transport, mitochondrial"
HMR_2684,-3.5658622212525,0,0.754995260855589,-1.343487701799706,Fatty acid oxidation
HMR_2685,3.5658622212525,0,-0.754995260855589,1.343487701799706,"Transport, mitochondrial"
HMR_2686,3.5658622212525,0,-0.754995260855589,1.343487701799706,"Transport, mitochondrial"
HMR_2690,-0.4031156701852631,1.8441033429378474e-4,0.5662965018856896,0.240902097515481,Fatty acid oxidation
HMR_2691,-0.4031156701852631,1.8441033429378474e-4,0.5662965018856896,0.240902097515481,"Transport, mitochondrial"
HMR_2692,0.4031156701852631,1.8441033429378474e-4,-0.5662965018856896,-0.240902097515481,"Transport, mitochondrial"
HMR_2693,0.4191594359628772,0,0.18091849584066805,0.4420355712210296,Fatty acid oxidation
HMR_2695,0.4191594359628772,0,0.18091849584066805,0.4420355712210296,"Transport, mitochondrial"
HMR_2697,-0.4191594359628772,0,-0.18091849584066805,-0.4420355712210296,"Transport, mitochondrial"
HMR_2705,0.5683567306588421,1.6063949897338118e-12,0.6943413720858749,2.522858669724985,Fatty acid oxidation
HMR_2706,-0.5683567306588421,1.6063949897338118e-12,-0.6943413720858749,-2.522858669724985,"Transport, mitochondrial"
HMR_2707,-0.5683567306588421,1.6063949897338118e-12,-0.6943413720858749,-2.522858669724985,"Transport, mitochondrial"
HMR_2715,-0.3684726948866656,0,-11.620176529099231,-25.180058187636778,"Transport, mitochondrial"
HMR_2718,1.0025477244374459,0,-405.3302554541647,0.5156779958124942,"Transport, mitochondrial"
HMR_2722,2.2336087074167557,0,-205.9340526613066,78.56301225745894,"Transport, mitochondrial"
HMR_2727,1.0034889962650904,0,-319.4800847499747,0.5563618390424752,"Transport, mitochondrial"
HMR_2731,93.38848510935956,0,-38.98021431894898,39.82404706007053,"Transport, mitochondrial"
HMR_2733,0.39412892356724855,0,0.2255435139717414,0.5189829133325519,Fatty acid oxidation
HMR_2734,0.39412892356724855,0,0.2255435139717414,0.5189829133325519,"Transport, mitochondrial"
HMR_2735,-0.39412892356724855,0,-0.2255435139717414,-0.5189829133325519,"Transport, mitochondrial"
HMR_2744,-2.63485179817696,0,48.340414688848774,-21.74212822605893,"Transport, mitochondrial"
HMR_2757,-1.0029160661594503,0,418.2734797607759,-0.608968673392638,"Transport, mitochondrial"
HMR_2760,-3.139184338604447,0,469.31117610820684,-242.5461240030676,"Transport, mitochondrial"
HMR_2764,-0.994737506762829,0,330.33564691649525,0.8714876528870548,"Transport, mitochondrial"
HMR_2821,-0.5244488137231267,0,-81.66093473069668,-261.7760583300352,"Transport, endoplasmic reticular"
HMR_2827,0.5244488137231267,0,81.66093473069668,261.7760583300352,"Transport, endoplasmic reticular"
HMR_2851,0.5369455740334678,0,-73.49741734788418,-22.143467520929967,"Transport, endoplasmic reticular"
HMR_2852,-0.5369455740334678,0,73.49741734788418,22.143467520929967,"Transport, endoplasmic reticular"
HMR_2861,0.7737832367840383,0,2.1409221984942994,16.78713749132127,"Transport, endoplasmic reticular"
HMR_2862,-0.7737832367840426,0,-2.1409221984942532,-16.78713749132127,"Transport, endoplasmic reticular"
HMR_2865,-0.9405691529879519,0,8.30052288050633,0.2542074342838125,"Transport, endoplasmic reticular"
HMR_2866,0.9405691529879519,0,-8.30052288050633,-0.2542074342838125,"Transport, endoplasmic reticular"
HMR_2884,-1.2369347416204266,0,219.6519298511505,-23.265396293148246,"Transport, endoplasmic reticular"
HMR_2886,1.2369347416204266,0,-219.6519298511505,23.265396293148246,"Transport, endoplasmic reticular"
HMR_2888,-5.819437290269944,0,118.27891411468238,-83.5901534207629,"Transport, endoplasmic reticular"
HMR_2890,5.819437290269944,0,-118.27891411468238,83.5901534207629,"Transport, endoplasmic reticular"
HMR_2962,0.6156501813591155,0,0.12343392297102218,0.5188659662679115,Fatty acid synthesis
HMR_2964,0.5211436298624419,0,0.1051926387417794,0.33415680005366305,Fatty acid synthesis
HMR_2975,-0.3969110271616455,0,0.5057557304609531,0.21835012972197873,Fatty acid synthesis
HMR_2982,-0.7144048756366942,0,1.5629231792253384,0.2603604586550093,Fatty acid synthesis
HMR_2994,0.8671864983708194,0,0.13619904694718715,1.9147828980580608,Fatty acid synthesis
HMR_2998,0.8738208263676596,0,0.16912248789635195,2.511549496675989,Fatty acid synthesis
HMR_3023,0.6978988606027403,0,0.44698208136274337,2.512173135691681,"Transport, peroxisomal"
HMR_3070,-0.6289868226350451,0,49.20896834272146,11.207687776228786,Fatty acid oxidation
HMR_3071,-0.6289868226350451,0,49.20896834272146,11.207687776228786,Fatty acid oxidation
HMR_3072,-0.6289868226350451,0,49.20896834272146,11.207687776228786,Fatty acid oxidation
HMR_3073,-0.6289868226350451,0,49.20896834272146,11.207687776228786,Fatty acid oxidation
HMR_3074,-0.9033936611011814,0,62.50877505406141,3.1726195323825146,Fatty acid oxidation
HMR_3075,-0.9033936611011814,0,62.50877505406141,3.1726195323825146,Fatty acid oxidation
HMR_3076,-0.9033936611011814,0,62.50877505406141,3.1726195323825146,Fatty acid oxidation
HMR_3094,0.35573711546645215,0,5.968021825509519,12.558644753554463,Fatty acid oxidation
HMR_3095,0.35573711546645215,0,5.968021825509519,12.558644753554463,Fatty acid oxidation
HMR_3096,0.35573711546645215,0,5.968021825509519,12.558644753554463,Fatty acid oxidation
HMR_3097,0.35573711546645215,0,5.968021825509519,12.558644753554463,Fatty acid oxidation
HMR_3106,-1.340684472756999,0,110.69250878417007,-760.5167164352417,"Transport, peroxisomal"
HMR_3116,-0.8761561527730113,0,99.5771245449841,6.573021217463573,Fatty acid oxidation
HMR_3117,-0.8761561527730113,0,99.5771245449841,6.573021217463573,Fatty acid oxidation
HMR_3118,-0.8761561527730113,0,99.5771245449841,6.573021217463573,Fatty acid oxidation
HMR_3121,0.3770065583880858,0,5.209124492322782,11.513762602105858,Fatty acid oxidation
HMR_3128,0.3517389911740543,0,0.7386520630287938,1.5402203447581677,Fatty acid oxidation
HMR_3135,0.8272291732357604,0,1.223180894912839,12.936395901949677,Fatty acid oxidation
HMR_3142,0.7296983903761053,0,1.8512472935274533,11.84639436020396,Fatty acid oxidation
HMR_3156,-0.414761973096464,0,70.09935538086891,28.99767537610531,Fatty acid oxidation
HMR_3174,0.8783531795621501,0,1.1891788468263111,18.36215578807886,Fatty acid oxidation
HMR_3175,0.8783531795621501,0,1.1891788468263111,18.36215578807886,Fatty acid oxidation
HMR_3176,0.8783531795621501,0,1.1891788468263111,18.36215578807886,Fatty acid oxidation
HMR_3177,0.8783531795621501,0,1.1891788468263111,18.36215578807886,Fatty acid oxidation
HMR_3178,0.40710849329200594,0,0.26162105204979014,0.6209048370540372,Fatty acid oxidation
HMR_3179,0.40710849329200594,0,0.26162105204979014,0.6209048370540372,Fatty acid oxidation
HMR_3180,0.40710849329200594,0,0.26162105204979014,0.6209048370540372,Fatty acid oxidation
HMR_3181,0.40710849329200594,0,0.26162105204979014,0.6209048370540372,Fatty acid oxidation
HMR_3218,0.5683567306588421,1.6063949897338118e-12,0.6943413720858749,2.522858669724985,Fatty acid oxidation
HMR_3219,0.5683567306588421,1.6063949897338118e-12,0.6943413720858749,2.522858669724985,Fatty acid oxidation
HMR_3220,0.5683567306588421,1.6063949897338118e-12,0.6943413720858749,2.522858669724985,Fatty acid oxidation
HMR_3221,0.5683567306588421,1.6063949897338118e-12,0.6943413720858749,2.522858669724985,Fatty acid oxidation
HMR_3229,-0.5570528342463826,0,14.055779208891094,3.998558960942591,Fatty acid oxidation
HMR_3230,0.6789756313281452,0,2.024405897223874,10.587757507063879,Fatty acid oxidation
HMR_3231,0.6789756313281452,0,2.024405897223874,10.587757507063879,Fatty acid oxidation
HMR_3232,0.6789756313281452,0,2.024405897223874,10.587757507063879,Fatty acid oxidation
HMR_3233,0.6789756313281452,0,2.024405897223874,10.587757507063879,Fatty acid oxidation
HMR_3234,0.6861501829299348,0,2.593022053705738,13.930945224101283,Fatty acid oxidation
HMR_3235,0.6861501829299348,0,2.593022053705738,13.930945224101283,Fatty acid oxidation
HMR_3236,0.6861501829299348,0,2.593022053705738,13.930945224101283,Fatty acid oxidation
HMR_3237,0.6861501829299348,0,2.593022053705738,13.930945224101283,Fatty acid oxidation
HMR_3240,0.560691430228837,0,0.4859424984327645,1.7263635291318389,Fatty acid oxidation
HMR_3241,0.560691430228837,0,0.4859424984327645,1.7263635291318389,Fatty acid oxidation
HMR_3242,0.560691430228837,0,0.4859424984327645,1.7263635291318389,Fatty acid oxidation
HMR_3243,0.560691430228837,0,0.4859424984327645,1.7263635291318389,Fatty acid oxidation
HMR_3326,0.6978988606027403,0,0.44698208136274337,2.512173135691681,Fatty acid oxidation
HMR_3327,0.6978988606027403,0,0.44698208136274337,2.512173135691681,Fatty acid oxidation
HMR_3328,0.6978988606027403,0,0.44698208136274337,2.512173135691681,Fatty acid oxidation
HMR_3329,0.6978988606027403,0,0.44698208136274337,2.512173135691681,Fatty acid oxidation
HMR_3330,-0.33176286497489554,0,21.571466263527974,10.823890043294124,Fatty acid oxidation
HMR_3331,-0.33176286497489554,0,21.571466263527974,10.823890043294124,Fatty acid oxidation
HMR_3332,-0.33176286497489554,0,21.571466263527974,10.823890043294124,Fatty acid oxidation
HMR_3333,-0.33176286497489554,0,21.571466263527974,10.823890043294124,Fatty acid oxidation
HMR_3334,-0.33176286497489554,0,21.571466263527974,10.823890043294124,Fatty acid oxidation
HMR_3335,-0.33176286497489554,0,21.571466263527974,10.823890043294124,Fatty acid oxidation
HMR_3336,-0.33176286497489554,0,21.571466263527974,10.823890043294124,Fatty acid oxidation
HMR_3337,-0.33176286497489554,0,21.571466263527974,10.823890043294124,Fatty acid oxidation
HMR_3338,-0.33176286497489554,0,21.571466263527974,10.823890043294124,Fatty acid oxidation
HMR_3339,-0.33176286497489554,0,21.571466263527974,10.823890043294124,Fatty acid oxidation
HMR_3340,-0.33176286497489554,0,21.571466263527974,10.823890043294124,Fatty acid oxidation
HMR_3341,-0.33176286497489554,0,21.571466263527974,10.823890043294124,Fatty acid oxidation
HMR_3396,-0.3331874917330885,0,0.4896065340606816,0.2448836064434322,Fatty acid oxidation
HMR_3398,-0.6589520833503034,0,2.15660169055384,0.44335488709307835,Fatty acid oxidation
HMR_3406,0.4800035887133219,0,0.3554476249664731,1.0116680598781749,Fatty acid oxidation
HMR_3407,0.6894674306690253,0,0.22364423179694276,1.216747236825958,Fatty acid oxidation
HMR_3408,0.35107435379779256,0,0.44669614350004466,0.9300290517956044,Fatty acid oxidation
HMR_3409,0.5232541626926638,0,0.13051887674135215,0.41702183165171397,Fatty acid oxidation
HMR_3413,-0.4031156701852631,1.8441033429378474e-4,0.5662965018856896,0.240902097515481,Fatty acid oxidation
HMR_3414,0.4191594359628772,0,0.18091849584066805,0.4420355712210296,Fatty acid oxidation
HMR_3431,0.39412892356724855,0,0.2255435139717414,0.5189829133325519,Fatty acid oxidation
HMR_3475,-0.5473679032136112,0,843.4010386926651,246.70951218675972,Fatty acid oxidation
HMR_3491,-0.4474899690715359,0,0.6914131990701814,0.2639139034916068,Fatty acid oxidation
HMR_3520,1,0,NA,1.3180335032384027,"Transport, mitochondrial"
HMR_3639,0.6156501813591155,0,0.12343392297102218,0.5188659662679115,Cholesterol metabolism
HMR_3644,0.5211436298624419,0,0.1051926387417794,0.33415680005366305,Cholesterol metabolism
HMR_3653,-0.5358175247948481,0,73.75230822601318,22.290752925883606,Cholesterol metabolism
HMR_3655,-0.3969110271616455,0,0.5057557304609531,0.21835012972197873,Cholesterol metabolism
HMR_3662,0.6430259659474336,0,3.703845380174182,17.04749800537173,Cholesterol metabolism
HMR_3664,-0.8975576245981308,0,8.594973861840554,0.4640120160305523,Cholesterol metabolism
HMR_3667,0.8586546979619777,0,0.11991872215289623,1.5769006333377817,Cholesterol metabolism
HMR_3675,0.8671864983708194,0,0.13619904694718715,1.9147828980580608,Cholesterol metabolism
HMR_3677,0.8738208263676596,0,0.16912248789635195,2.511549496675989,Cholesterol metabolism
HMR_3698,0.6156501813591155,0,0.12343392297102218,0.5188659662679115,Cholesterol metabolism
HMR_3703,0.5211436298624419,0,0.1051926387417794,0.33415680005366305,Cholesterol metabolism
HMR_3712,-0.5358175247948481,0,73.75230822601318,22.290752925883606,Cholesterol metabolism
HMR_3714,-0.3969110271616455,0,0.5057557304609531,0.21835012972197873,Cholesterol metabolism
HMR_3721,0.6430259659474336,0,3.703845380174182,17.04749800537173,Cholesterol metabolism
HMR_3723,-0.8975576245981308,0,8.594973861840554,0.4640120160305523,Cholesterol metabolism
HMR_3726,0.8586546979619777,0,0.11991872215289623,1.5769006333377817,Cholesterol metabolism
HMR_3734,0.8671864983708194,0,0.13619904694718715,1.9147828980580608,Cholesterol metabolism
HMR_3736,0.8738208263676596,0,0.16912248789635195,2.511549496675989,Cholesterol metabolism
HMR_3831,-0.500184775221146,0,73.96235867335797,24.64197313297568,Glutamate metabolism
HMR_3855,-0.4095161824600719,0,3.3112404806860583,1.3871667059655324,Pyruvate metabolism
HMR_3864,-0.7027069870065163,0,55.267541398769616,9.649724837312501,"Transport, mitochondrial"
HMR_3915,0.6628437356997616,0,112.19236901810169,553.3291169964314,Methionine and cysteine metabolism
HMR_4182,0.39864836571597306,0,2.3648563574782457,5.500280187112204,Pyrimidine synthesis
HMR_4261,0.9804893983152525,0,1.3134335840371445,133.3245038060665,NAD metabolism
HMR_4263,1,0,NA,0.15359101637831482,NAD metabolism
HMR_4278,0.9967280909592042,0,0.49543863871523014,302.3483339343548,NAD metabolism
HMR_4422,-0.548847797891421,0,332.8506294063568,96.95355130074024,Arginine and proline metabolism
HMR_4592,1.5460381046430527,0,-101.13896923827333,471.58553103779553,Pentose phosphate pathway
HMR_4764,0.595397974760351,0,2.6603096500253165,10.489944100927085,Heme synthesis
HMR_4771,-0.7113728808313088,0,-0.5355338069216348,-3.175370479994221,Heme synthesis
HMR_4776,-0.7832999549860516,0,2.6983040552794972,0.3278879745415346,Arginine and proline metabolism
HMR_4938,-0.9554742635441612,0,14.134649397381024,0.32184298494565883,"Transport, extracellular"
HMR_5301,-0.6763471313900893,0,0.8861912780659452,0.17109722915520834,Purine synthesis
HMR_5387,0.5582113426050075,0,4.092289375325732,14.433715341300191,Methionine and cysteine metabolism
HMR_5389,0.5582113426050075,0,4.092289375325732,14.433715341300191,Methionine and cysteine metabolism
HMR_5996,0.43111903331131474,0,86.33065897598863,217.17979059485197,"Transport, extracellular"
HMR_6385,0.8249692576204724,0,0.4479526758842636,4.670607295859966,"Transport, endoplasmic reticular"
HMR_6511,0.34297837191268277,0,154.21583663198948,315.2233113027096,Vitamin B2 metabolism
HMR_6515,-0.9034672670361236,0,148.7006584700227,7.541228159909774,Methionine and cysteine metabolism
HMR_6533,-0.3798214185511848,0,330.2513585235596,148.435744145602,"Transport, extracellular"
HMR_6534,0.47664872701644706,0,194.50334662590026,548.7960649416447,"Transport, extracellular"
HMR_6617,-6.848515883054628,0,651.5600526660919,-874.3721525883675,"Transport, nuclear"
HMR_6619,6.848515883054628,0,-651.5600526660919,874.3721525883675,"Transport, nuclear"
HMR_6629,0.9311604229066249,0,1.210329793140199,33.95344791277125,"Transport, endoplasmic reticular"
HMR_6632,0.9090672588990835,0,0.6798001846751104,14.271914158141707,Vitamin A metabolism
HMR_6633,0.9475036664385761,0,0.5305296091648801,19.681533716900645,Vitamin A metabolism
HMR_6647,0.9311604229066249,0,1.210329793140199,33.95344791277125,Vitamin A metabolism
HMR_6728,0.5294461831252179,0,2.449906094884464,7.962956396193372,Phenylalanine metabolism
HMR_6729,0.8175221613334017,0,4.250084308466985,42.3318386200726,Phenylalanine metabolism
HMR_6747,0.5053616408362956,0,1.458506610869721,4.438757860634872,Phenylalanine metabolism
HMR_6755,-0.5033873881875874,0,-3.0949961487311985,-9.369432160633941,Phenylalanine metabolism
HMR_6790,0.3482007647891479,0,145.8252270819187,301.62920122757555,Phenylalanine metabolism
HMR_6826,0.9264782629141779,0,-44.2754553081911,-1.6897197581662529,Phenylalanine metabolism
HMR_6834,-0.9264782629141779,0,44.2754553081911,1.6897197581662529,Phenylalanine metabolism
HMR_6854,2.026824481149305,0,-0.5373645374837382,1.584017684830355,Phenylalanine metabolism
HMR_6907,0.3955741433140545,0,0.005003243092352451,0.01155211448214024,Ubiquinone synthesis
HMR_6908,0.3955741433140545,0,0.005003243092352451,0.01155211448214024,Ubiquinone synthesis
HMR_6909,0.3955741433140545,0,0.005003243092352451,0.01155211448214024,Ubiquinone synthesis
HMR_6910,0.3955741433140545,0,0.005003243092352451,0.01155211448214024,Ubiquinone synthesis
HMR_6986,0.6847234382891719,0,1.7399119269570802,9.297457406910043,"Transport, peroxisomal"
HMR_6989,-0.418429563614435,0,625.2553024670601,256.3609843139172,"Transport, extracellular"
HMR_7628,0.5259394683447783,0,0.3179468764013898,1.023429826237203,Phenylalanine metabolism
HMR_7700,-0.4878645395182015,0,82.84411607569456,28.515639971077068,"Transport, extracellular"
HMR_7703,0.4970058006938325,0,7.181364148164238,21.3730969492808,"Glycine, serine, alanine, and threonine metabolism"
HMR_7712,-0.9967280909592042,0,-0.49543863871523014,-302.3483339343548,"Transport, nuclear"
HMR_7715,0.9930769894567364,0,0.37346223488143043,107.51666231355667,"Transport, lysosomal"
HMR_7755,0.9985937777839574,0,0.21472313976104634,305.1753315918326,Glycerophospholipid metabolism
HMR_7756,0.5259394683447783,0,0.3179468764013898,1.023429826237203,Phenylalanine metabolism
HMR_7757,-1.9096578664628596,0,1.1497685470008734,-3.6776828088137625,"Transport, mitochondrial"
HMR_7758,-0.5684857743961748,0,14.54600753519701,4.001827290779445,"Transport, mitochondrial"
HMR_7898,0.9579426234284567,0,-331.60022678661346,-7.122903113857967,"Transport, extracellular"
HMR_7944,0.8150994167566206,0,1.2735451109395843,12.501912906553562,"Transport, endoplasmic reticular"
HMR_7947,1.8104641157796246,0,-124.47418254768849,35.89508854765052,"Transport, endoplasmic reticular"
HMR_7949,-0.8982189714201734,0,-15.99663946076706,-298.33776418933866,"Transport, endoplasmic reticular"
HMR_8056,0.5551283358518843,0,3.0915793992571663,10.807167805410177,"Transport, extracellular"
HMR_8090,-0.457117872652255,0,1.861941148907205,0.6937081693158818,"Transport, extracellular"
HMR_8374,0.4144929610718375,0,-0.23672695367832067,-0.09798938665459962,"Transport, extracellular"
HMR_8476,-0.3528668012862473,0,-439.79749897232057,-919.4203555480957,"Transport, nuclear"
HMR_8501,0.632768862533612,0,78.92342080488541,350.9062573068142,Pyruvate metabolism
HMR_8585,-0.9928529956911005,0,489.5683106437683,1.7557475805977316,Starch and sucrose metabolism
HMR_8670,-0.6788208986018558,0,227.82327560830117,43.5853967498228,"Transport, extracellular"
HMR_9174,-0.3618591070874239,0,2.72365865131038,1.2762538758164603,"Transport, mitochondrial"
HMR_9175,0.3618591070874239,0,-2.72365865131038,-1.2762538758164603,"Transport, extracellular"
HMR_9179,0.34224325457350996,0,1.950492031155283,3.9802476981365307,"Transport, peroxisomal"
HMR_9180,-1,0,NA,-3.9802476981365307,"Transport, extracellular"
HMR_9187,-0.9928529956911005,0,489.5683106437683,1.7557475805977316,"Transport, extracellular"
HMR_9188,-1,0,NA,-35.49811499474998,"Transport, extracellular"
HMR_9561,0.5405660771278805,0,20.17476184969077,67.64967098090928,Miscellaneous
HMR_9607,0.4892332334946685,0,2.4372833408669248,7.106342050200816,"Transport, extracellular"
HMR_9609,0.43290886540452267,0,26.64097088422766,67.31560596556365,"Transport, extracellular"
HMR_9610,-0.741979044629054,0,54.06353139330149,8.007859832663645,"Transport, extracellular"
HMR_9621,-0.4764547044516134,0,136.6334766881585,48.44971790792234,"Transport, extracellular"
HMR_9623,-0.4790838332986577,0,473.084950401783,166.61503110191225,"Transport, extracellular"
HMR_9627,0.8282082673662687,0,0.3553086483701145,3.7811959775847415,"Transport, endoplasmic reticular"
HMR_9628,0.9059237803186607,0,0.19200802152502147,3.889959178590006,"Transport, endoplasmic reticular"
HMR_9634,-1.0031238450823465,0,0.571173988195312,-366.25767452762125,"Transport, endoplasmic reticular"
HMR_9639,-1.005872789765904,0,2.769762329072322,-946.022437625885,"Transport, extracellular"
HMR_9644,0.798356276168103,1.7825019266780938e-12,0.07502561039187901,0.6691146878147257,"Transport, extracellular"
HMR_9674,0.552401697528608,0,1.713165514997486,5.941758578942669,"Transport, nuclear"
HMR_9679,-0.5473679032136112,0,843.4010386926651,246.70951218675972,"Transport, peroxisomal"
HMR_9719,0.34126506561004916,0,0.5367537932740645,1.0928965114305065,Fatty acid oxidation
HMR_9726,-0.6927026228428755,0,108.79355296909809,19.750647885722483,Folate metabolism
HMR_9797,1,0,NA,15.778377080049566,Purine catabolism
HMR_9805,0.7026566414256596,0,7.488177203360784,42.879029511892796,Glycerophospholipid metabolism
HMR_4772,0.7113728808306217,0,0.5355338069231249,3.175370479994221,Heme synthesis
HMR_6672,-2.5935734224760454,0,116.90915035163164,-263.6349286593318,Vitamin A metabolism
EX_glc_D[e],-1,0,NA,-90.29432328297587,Exchange/demand reaction
12DHCHOLabc,-0.5835138424143492,0,1.582940875251847,0.41633545925543003,"Transport, extracellular"
12DHCHOLt2,-0.5835138424143492,0,1.582940875251847,0.41633545925543003,"Transport, extracellular"
3DHCAS,0.488778932052811,0,9.223396394848981,26.860391903961077,Bile acid synthesis
3DHCDCAS,0.8165138293900148,0,3.5837068858251637,35.47871262962297,Bile acid synthesis
3DHCDCHOLabc,0.4497185337195026,0,0.08838294515175803,0.23284519196564288,"Transport, extracellular"
3DHCDCHOLt2,0.4497185337195026,0,0.08838294515175803,0.23284519196564288,"Transport, extracellular"
CA24GSc,0.7999754583406852,0,2.263887174417579,20.37220693320917,Bile acid synthesis
CA24GSr,0.6447069290450856,0,0.21521820447298814,0.9962785685687734,Bile acid synthesis
CA24Gte,0.34673200241187313,0,0.16988355074332212,0.35022014749548397,"Transport, extracellular"
CA24Gtr,-0.644706929048568,0,-0.21521820447298814,-0.9962785685806477,"Transport, extracellular"
CDCA24GSc,0.7143115030388697,0,4.86275098402726,29.179578586483004,Bile acid synthesis
CDCA24GSr,0.5376001021264729,0,0.3450594140127786,1.147412429513265,Bile acid synthesis
CDCA24Gtr,-0.5376001021264729,0,-0.3450594140127786,-1.147412429513265,"Transport, extracellular"
CDCA3GSr,0.9573239346190819,0,0.24901788783885423,11.421124877955931,Bile acid synthesis
CDCA3Gtr,-0.9573239346191037,0,-0.24901788783885423,-11.42112487796189,"Transport, extracellular"
CDCA6AH,0.7253627793530423,0,1.2257213542190613,7.7003910738899375,Bile acid synthesis
COPROSTabc,0.7332586934432805,0,0.10022615651965025,0.651259676802819,"Transport, extracellular"
COPROSTt2,0.7332586934432805,0,0.10022615651965025,0.651259676802819,"Transport, extracellular"
DCA24GSr,0.9804540643560334,0,2.51201368023847,254.52491982812285,Bile acid synthesis
DCA24Gte,0.679524339964131,0,0.19181916554088238,1.005271218917102,"Transport, extracellular"
DCA24Gtr,-0.9804540643560334,0,-2.51201368023847,-254.52491982812285,"Transport, extracellular"
DCA3GSc,0.9792344355590062,0,2.2697288936258353,216.3353468388796,Bile acid synthesis
DCA3GSr,0.9931884514992847,0,1.3082922623521989,382.8311621406555,Bile acid synthesis
DCA3Gte,0.41769754672327497,0,0.188836777760569,0.4597498002211966,"Transport, extracellular"
DCA3Gtr,-0.9931884514992847,0,-1.3082922623521989,-382.8311621406555,"Transport, extracellular"
DCASULT,-0.4321576851155177,0,0.37153156863382136,0.14731013782792715,Bile acid synthesis
DM_3dhcdchol[c],0.8165138293900148,0,3.5837068858251637,35.47871262962297,Exchange/demand reaction
DM_3dhchol[c],0.488778932052811,0,9.223396394848981,26.860391903961077,Exchange/demand reaction
DM_ca24g[c],0.8020170957603519,0,2.3092218322278537,21.018265367703886,Exchange/demand reaction
DM_cdca24g[c],0.7131967632906459,0,5.021307395716943,29.994388056880236,Exchange/demand reaction
DM_cdca3g[c],0.8810859975093039,0,0.7600590308603481,12.02328044036494,Exchange/demand reaction
DM_dca3g[c],0.9887420454724734,0,3.3891843763207437,598.7067590801715,Exchange/demand reaction
DM_dca3s[c],-0.4321576851155177,0,0.37153156863382136,0.14731013782792715,Exchange/demand reaction
DM_gca3s[c],0.5901347193345836,0,0.1185003930596955,0.45974030528542936,Exchange/demand reaction
DM_gcdca3s[c],0.43987640580421367,0,0.09897377954471777,0.2544260078247903,Exchange/demand reaction
DM_gdca3s[c],-0.4352955866116774,1.8739504041997346e-13,0.5353681315517426,0.2106358784175122,Exchange/demand reaction
DM_hca24g[c],0.7972064603021282,0,3.8758657471315447,34.34888000074513,Exchange/demand reaction
DM_hca6g[c],0.8323847925241274,0,0.6778869949621876,7.410722686349289,Exchange/demand reaction
DM_hdca24g[c],0.819483493326583,0,4.55516253006733,45.912937191232295,Exchange/demand reaction
DM_hdca6g[c],0.6086471521891708,0,2.255510175230502,9.271224268366861,Exchange/demand reaction
DM_lca24g[c],0.8237320057359109,0,1.4483904274130377,14.985567801475897,Exchange/demand reaction
DM_tcdca3s[c],0.4883008298084389,0,0.07084996560704385,0.20607041939385526,Exchange/demand reaction
DM_thyochol[c],0.3863034773116795,0,8.3535523143642,18.87017148244388,Exchange/demand reaction
EX_ca24g[e],0.34673200241187313,0,0.16988355074332212,0.35022014749548397,Exchange/demand reaction
EX_dca24g[e],0.679524339964131,0,0.19181916554088238,1.005271218917102,Exchange/demand reaction
EX_dca3g[e],0.41769754672327497,0,0.188836777760569,0.4597498002211966,Exchange/demand reaction
EX_hdca6g[e],0.3762454043176956,0,0.1940006421845331,0.42804092200569865,Exchange/demand reaction
EX_hyochol[e],-0.8030361549456742,0,-3.7875340000737285,-34.671646150771345,Exchange/demand reaction
EX_lca24g[e],0.8762128976745245,0,0.2369563655328384,3.5914936277436027,Exchange/demand reaction
EX_lca3g[e],-0.7555856594184801,0,2.9269744649797866,0.4074962277795941,Exchange/demand reaction
GCASULT,0.5901347193345836,0,0.1185003930596955,0.45974030528542936,Bile acid synthesis
GCDCASULT,0.43987640580421367,0,0.09897377954471777,0.2544260078247903,Bile acid synthesis
GDCASULT,-0.4352955866116774,1.8739504041997346e-13,0.5353681315517426,0.2106358784175122,Bile acid synthesis
GUDCA3Sabc,0.43449762026319383,0,0.08949536698739975,0.22702095617662418,"Transport, extracellular"
GUDCA3St,0.43449762026319383,0,0.08949536698739975,0.22702095617662418,"Transport, extracellular"
HCA24GSc,0.7637869717606085,0,3.7947446653778023,28.335106034745277,Bile acid synthesis
HCA24GSr,0.9118635281208097,0,0.2898318109405227,6.287055254332506,Bile acid synthesis
HCA24Gtr,-0.9118635281208097,0,-0.2898318109405227,-6.287055254332506,"Transport, extracellular"
HCA6GSc,0.811472293975865,0,0.6862014459451893,6.593380536104104,Bile acid synthesis
HCA6GSr,0.6533493508796283,0,0.24247742974866415,1.1564954575887878,Bile acid synthesis
HCA6Gtr,-0.6533493508796283,0,-0.24247742974866415,-1.1564954575887878,"Transport, extracellular"
HDCA24GSc,0.4826276715463848,0,4.435608650197326,12.71107046754756,Bile acid synthesis
HDCA24GSr,0.9800892681292455,0,0.33789668572870213,33.60326508793905,Bile acid synthesis
HDCA24Gtr,-0.9800892681292455,0,-0.33789668572870213,-33.60326508793905,"Transport, extracellular"
HDCA6GSc,0.3438200105222903,0,2.1942221127132595,4.493644472367347,Bile acid synthesis
HDCA6GSr,0.9065032263293834,0,0.2552887061756119,5.205620716752243,Bile acid synthesis
HDCA6Gte,0.3762454043176956,0,0.1940006421845331,0.42804092200569865,"Transport, extracellular"
HDCA6Gtr,-0.9065032263293834,0,-0.2552887061756119,-5.205620716752243,"Transport, extracellular"
HYOCHOLt2,0.7795735295191999,0,4.3471120634733555,35.09562867443636,"Transport, extracellular"
HYOCHOLtr,0.86651991276666,0,0.5323092406986282,7.443550705633056,"Transport, extracellular"
ICDCHOLabc,0.8760590250808665,0,0.11473727492952021,1.7367452554343337,"Transport, extracellular"
ICDCHOLt2,0.8760590250808665,0,0.11473727492952021,1.7367452554343337,"Transport, extracellular"
LCA24GSc,0.8134378888838503,0,1.4432203610967895,14.028520952961035,Bile acid synthesis
LCA24GSr,0.8989174431934781,0,0.24212643037375528,4.548540486316921,Bile acid synthesis
LCA24Gte,0.8762128976745245,0,0.2369563655328384,3.5914936277436027,"Transport, extracellular"
LCA24Gtr,-0.8989174431934781,0,-0.24212643037375528,-4.548540486316921,"Transport, extracellular"
LCA3Gte,-0.7555856594184801,0,2.9269744649797866,0.4074962277795941,"Transport, extracellular"
LCA3Sabc,0.41178170319042146,0,0.1066702936405316,0.256019184803433,"Transport, extracellular"
LCA3St,0.41178170319042146,0,0.1066702936405316,0.256019184803433,"Transport, extracellular"
M02155tr,0.9698906492256019,0,0.5931853919163347,38.80888583578467,"Transport, extracellular"
TCDCA6AH,0.3863034773116795,0,8.3535523143642,18.87017148244388,Bile acid synthesis
TCDCASULT,0.4883008298084389,0,0.07084996560704385,0.20607041939385526,Bile acid synthesis
THYOCHOLabc,0.9560592331120082,0,0.1265383867576893,5.632959943357704,"Transport, extracellular"
THYOCHOLt2,0.9560592331120082,0,0.1265383867576893,5.632959943357704,"Transport, extracellular"
UDCHOLt2,0.5130480104674396,0,13.429733774830513,41.728614742123334,"Transport, extracellular"
14HMDZALThr,0.36672271030378195,0,1.3986770741164103,3.0185887804268754,Drug metabolism
14HMDZhr,0.5445228746977993,0,0.4186944756173325,1.4197929142358305,Drug metabolism
14MDZtev,0.41897594615509315,0,1.8173715549125335,4.438381689333171,Drug metabolism
1HIBUPGLUC_Sthv,0.5321517271846169,0,0.3147412099837003,1.030742906435812,Drug metabolism
1HIBUP_SGLUhep,0.5321517271846169,0,0.3147412099837003,1.030742906435812,Drug metabolism
1HMDGLUChr,0.8950668085723352,0,0.5552060760221023,10.026880839819604,Drug metabolism
1HMDZGLUChc,-0.8950668085723389,0,-0.5552060760221023,-10.026880839819976,Drug metabolism
1OHMDZhr,-0.8103253743080417,0,14.238677881973743,1.4918400503799087,Drug metabolism
1OHMDZtep,-7.015107717973055,0,13.264777317699076,-9.954833700109464,Drug metabolism
2HATVACIDGLUChr,0.7212328366999108,0,0.16973116026794086,1.0479959081474124,Drug metabolism
2HATVACIDGLUCteb,0.7212328366999108,0,0.16973116026794086,1.0479959081474124,Drug metabolism
2HATVACIDOXDhc,0.7212328366999108,0,0.16973116026794086,1.0479959081474124,Drug metabolism
2HATVACIDhc,0.7525307951879233,0,17.0189825998202,120.52526346299052,Drug metabolism
2HATVACIDthc,-0.7525307951879233,0,-17.0189825998202,-120.52526346299052,Drug metabolism
2HATVLACGLUChr,-0.5784811307482598,0,4.42600298046158,1.181923391598993,Drug metabolism
2HATVLACGLUCteb,-0.5784811307483122,0,4.42600298046158,1.1819233915988068,Drug metabolism
2HATVLACOXDhc,-0.5784811307483122,0,4.42600298046158,1.1819233915988068,Drug metabolism
2HIBUP_Rthv,-0.6334163437731255,0,3.6739678661065844,0.8245396700918937,Drug metabolism
3HIBUPGLUC_Sthv,0.6595523922101363,0,0.29450133967885617,1.4355818387033688,Drug metabolism
3HIBUP_SGLUhep,0.6595523922101363,0,0.29450133967885617,1.4355818387033688,Drug metabolism
3HIBUP_Sthv,-0.8173080673411901,0,-0.5898024181483604,-5.86699520356007,Drug metabolism
3ISPVStep,-1.084347115079432,0,28.552352654644846,-705.5726070582813,Drug metabolism
3ISPVSthc,-1.1033906316374844,0,34.24880605633706,-696.761560140723,Drug metabolism
4HATVACIDOXDhc,0.764363636287511,0,0.617749314149277,4.625493319683098,Drug metabolism
4HATVACIDthc,0.9830148561069206,0,-685.9584190473556,-5.875448898583698,Drug metabolism
4HMDGLUCtev,0.9337478849421907,0,0.886643833098968,25.879107941778376,Drug metabolism
4HMDZGLUChr,0.9337478849421907,0,0.886643833098968,25.879107941778376,Drug metabolism
4OHMDZhr,0.85679393396334,0,0.6978919209642154,9.04878907208197,Drug metabolism
4OHMDZtev,-0.8518936302735157,0,-1.587429001573666,-19.848907659776618,Drug metabolism
56DHPVShc,0.5830657854556566,0,0.4282047657751944,1.625859164877119,Drug metabolism
56DHPVStev,0.5830657854556566,0,0.4282047657751944,1.625859164877119,Drug metabolism
56EPPVShc,0.8220126966381661,0,0.7566317514551018,7.745455050960571,Drug metabolism
56EPPVStev,0.8220126966381661,0,0.7566317514551018,7.745455050960571,Drug metabolism
6BHGLZhr,0.8252085532438785,0,0.670245269387052,6.998840167295837,Drug metabolism
6BHGLZtev,0.8252085532438785,0,0.670245269387052,6.998840167295837,Drug metabolism
6HMSMVACIDhep,0.8439265333199787,0,0.31925916198542253,3.771880335030574,Drug metabolism
6HMSMVACIDteb,0.8439265333199787,0,0.31925916198542253,3.771880335030574,Drug metabolism
6HMSMVhep,0.8439265333199787,0,0.31925916198542253,3.771880335030574,Drug metabolism
6MSMVhep,0.6261474690176294,0,0.9588795725855511,4.170841336704043,Drug metabolism
7BHGLZhr,0.5350553435070999,0,0.516367666262915,1.7048328962208064,Drug metabolism
7BHGLZtev,0.5350553435070999,0,0.516367666262915,1.7048328962208064,Drug metabolism
7HPVShc,-0.6451228942001725,0,4.939821611953387,1.0655918794867576,Drug metabolism
7HPVStev,-0.6451228942001725,0,4.939821611953387,1.0655918794867576,Drug metabolism
ALLOP2tu,1,0,NA,50.724443227082354,Drug metabolism
ACMPGLUChr,0.7265647976765788,0,0.3249016645662465,2.0515419082108273,Drug metabolism
ACMPGLUTtep,0.4063432667770827,0,0.043424802807316885,0.10287119748081909,Drug metabolism
ACMPGLUTthc,0.4063432667770827,0,0.043424802807316885,0.10287119748081909,Drug metabolism
ACMPGLUtep,0.6949955795526891,0,0.3797725337163254,2.110503070547781,Drug metabolism
ACMPShc,-0.3896765101863781,0,0.2857429407546977,0.1254936868491969,Drug metabolism
ALLOPOXDhep,0.8426150846544606,0,1.0051965207557894,11.768537461930851,Drug metabolism
ALLOPtepvb,-1.0529737936871943,0,1.0051965207557894,-38.95590575979519,Drug metabolism
AM19CSALThr,0.688186293493726,0,0.46905281563091555,2.539492388404096,Drug metabolism
AM1CSAhr,0.688186293493726,0,0.46905281563091555,2.539492388404096,Drug metabolism
AM4N9CShc,0.37340098708236075,0,4.552642511022343,9.97863639994762,Drug metabolism
AM4N9CStev,0.37340098708236075,0,4.552642511022343,9.97863639994762,Drug metabolism
AM9CSAhr,0.37340098708236075,0,4.552642511022343,9.97863639994762,Drug metabolism
ATVACIDhr,0.5511251321879798,0,0.4720101382436427,1.6310710190703863,Drug metabolism
ATVACYLGLUChc,0.4915956163995774,0,0.5108493866274512,1.4987689530481962,Drug metabolism
ATVETHGLUChc,0.5511251321879798,0,0.4720101382436427,1.6310710190703863,Drug metabolism
ATVLACGLCURhc,0.3621332324411248,0,0.25721779952096113,0.5492760095399408,Drug metabolism
ATVLACh2r,0.4915956163995774,0,0.5108493866274512,1.4987689530481962,Drug metabolism
ATVLAChr,0.3621332324411248,0,0.25721779952096113,0.5492760095399408,Drug metabolism
Am19CStev,0.688186293493726,0,0.46905281563091555,2.539492388404096,Drug metabolism
CARBIBUP_SGLUthv,0.8173080673411901,0,0.5898024181483604,5.86699520356007,Drug metabolism
CARIBUP_Rthv,-0.40832609520824853,0,3.189426688759803,1.3399599349939577,Drug metabolism
CARIBUP_SGLUhep,0.8173080673411901,0,0.5898024181483604,5.86699520356007,Drug metabolism
CRVS1M24hc,0.5995810905179277,0,0.5197130336874719,2.0761335728561714,Drug metabolism
CRVSM1hc,0.5995810905179277,0,0.5197130336874719,2.0761335728561714,Drug metabolism
CRVSM1hr,0.5692465299940512,0,0.3735175095299499,1.360734379490429,Drug metabolism
CRVSM24tev,0.42990038192777713,0,1.1155087942215964,2.7978732143251226,Drug metabolism
CRVStu,1,0,NA,710.7276385970116,Drug metabolism
CRVSthc,-1.003156441125566,0,1.1155087942215964,-707.9297656395912,Drug metabolism
CSAtd,0.42739501879274183,0,5.021695329388604,12.518128787408479,Drug metabolism
CVM1GLUChc,0.5692465299940512,0,0.3735175095299499,1.360734379490429,Drug metabolism
DSPVShc,0.3866412235239956,0,100.49573738751411,227.1941604073882,Drug metabolism
DSPVStev,0.3866412235239956,0,100.49573738751411,227.1941604073882,Drug metabolism
EX_14hmdz[e],0.41897594615509315,0,1.8173715549125335,4.438381689333171,Exchange/demand reaction
EX_1hibupglu_S[e],0.5321517271846169,0,0.3147412099837003,1.030742906435812,Exchange/demand reaction
EX_1hmdgluc[e],0.8950668085723352,0,0.5552060760221023,10.026880839819604,Exchange/demand reaction
EX_1ohmdz[e],-7.015107717973727,0,13.264777317698716,-9.954833700109472,Exchange/demand reaction
EX_2hatvacid[e],0.7525307951879233,0,17.0189825998202,120.52526346299052,Exchange/demand reaction
EX_2hatvacidgluc[e],0.7212328366999108,0,0.16973116026794086,1.0479959081474124,Exchange/demand reaction
EX_2hatvlac[e],-0.7525307951879233,0,-17.0189825998202,-120.52526346299052,Exchange/demand reaction
EX_2hatvlacgluc[e],-0.5784811307483122,0,4.42600298046158,1.1819233915988068,Exchange/demand reaction
EX_2hibup_R[e],-0.6334163437731255,0,3.6739678661065844,0.8245396700918937,Exchange/demand reaction
EX_3hibup_S[e],-0.8173080673411901,0,-0.5898024181483604,-5.86699520356007,Exchange/demand reaction
EX_3hibupglu_S[e],0.6595523922101363,0,0.29450133967885617,1.4355818387033688,Exchange/demand reaction
EX_4hatvacid[e],0.5965691659271822,0,1.4846442611406092,5.875448898583698,Exchange/demand reaction
EX_4hmdgluc[e],0.9337478849421907,0,0.886643833098968,25.879107941778376,Exchange/demand reaction
EX_4ohmdz[e],-0.851893630273774,0,-1.5874290015706845,-19.848907659776675,Exchange/demand reaction
EX_56dhpvs[e],0.5830657854556566,0,0.4282047657751944,1.625859164877119,Exchange/demand reaction
EX_56eppvs[e],0.8220126966381661,0,0.7566317514551018,7.745455050960571,Exchange/demand reaction
EX_6bhglz[e],0.8252085532438785,0,0.670245269387052,6.998840167295837,Exchange/demand reaction
EX_6hmsmvacid[e],0.8439265333199787,0,0.31925916198542253,3.771880335030574,Exchange/demand reaction
EX_7bhglz[e],0.5350553435070999,0,0.516367666262915,1.7048328962208064,Exchange/demand reaction
EX_7hpvs[e],-0.6451228942001725,0,4.939821611953387,1.0655918794867576,Exchange/demand reaction
EX_acmpglu[e],0.7265647976765788,0,0.3249016645662465,2.0515419082108273,Exchange/demand reaction
EX_allop[e],-0.8426150846544606,0,-1.0051965207557894,-11.768537461930851,Exchange/demand reaction
EX_am19cs[e],0.688186293493726,0,0.46905281563091555,2.539492388404096,Exchange/demand reaction
EX_am4n9cs[e],0.37340098708236075,0,4.552642511022343,9.97863639994762,Exchange/demand reaction
EX_caribup_R[e],-0.40832609520824853,0,3.189426688759803,1.3399599349939577,Exchange/demand reaction
EX_caribupglu_S[e],0.8173080673411901,0,0.5898024181483604,5.86699520356007,Exchange/demand reaction
EX_crvs[e],-0.42990038192777713,0,-1.1155087942215964,-2.7978732143251226,Exchange/demand reaction
EX_crvsm24[e],0.42990038192777713,0,1.1155087942215964,2.7978732143251226,Exchange/demand reaction
EX_csa[e],-0.42739501879274183,0,-5.021695329388604,-12.518128787408479,Exchange/demand reaction
EX_dspvs[e],0.3866412235239956,0,100.49573738751411,227.1941604073882,Exchange/demand reaction
EX_glz[e],-0.688839026291303,0,-1.8536764676934108,-10.060905528882984,Exchange/demand reaction
EX_ibup_R[e],0.45818984881696984,0,-7.079405734349601,-2.630448905076296,Exchange/demand reaction
EX_ibup_S[e],-0.5981479144721215,0,-1.2915514033435145,-5.136442626583762,Exchange/demand reaction
EX_ibupgluc[e],0.6938655777441949,0,0.46848125781521305,2.592143250615604,Exchange/demand reaction
EX_lst4exp[e],0.36088403572476796,0,1.1274580932073202,2.4007219436843448,Exchange/demand reaction
EX_lstn[e],-0.35241973253414804,0,-3.5443193396553396,-7.402028218231723,Exchange/demand reaction
EX_lstn1gluc[e],0.34784289576790944,0,0.30357756927358803,0.6274176381804442,Exchange/demand reaction
EX_lstnm7[e],0.6996827107383382,0,0.4395887148325304,2.487906508058375,Exchange/demand reaction
EX_mhglz[e],0.3409426949724861,0,0.6670635307922457,1.3572324619952025,Exchange/demand reaction
EX_nfdoh[e],1,0,NA,1.632886211146781,Exchange/demand reaction
EX_oxyp[e],0.8426150846544606,0,1.0051965207557894,11.768537461930851,Exchange/demand reaction
EX_pvs[e],-0.37444112720161493,0,-104.78133261566163,-230.21937530150413,Exchange/demand reaction
EX_smv[e],0.4370350790285874,0,-43.14987219249606,-16.90415546793472,Exchange/demand reaction
EX_smvacid[e],-0.565404140918423,0,41.077062375074625,11.404033466379717,Exchange/demand reaction
EX_sulpacmp[e],-0.3896765101863781,0,0.2857429407546977,0.1254936868491969,Exchange/demand reaction
EX_tmd[e],-0.7139324753746021,0,-0.7791717984679555,-4.66829588936744,Exchange/demand reaction
EX_tmdm5[e],0.7139324753746021,0,0.7791717984679555,4.66829588936744,Exchange/demand reaction
FVStu,-4.72118025637389,0,183.94341173838376,-282.80635256115795,Drug metabolism
GLZtd,0.6888390262911498,0,1.8536764676934108,10.060905528877116,Drug metabolism
IBUPGLUCtchep,-0.6938655777441949,0,-0.46848125781521305,-2.592143250615604,Drug metabolism
IBUPGT_HEP,0.6938655777441949,0,0.46848125781521305,2.592143250615604,Drug metabolism
IBUP_RASCL1hep,0.3664994034639242,0,0.21601118644450326,0.4659492967046302,Drug metabolism
IBUP_RCYP2hep,-0.6334163437731255,0,3.6739678661065844,0.8245396700918937,Drug metabolism
IBUP_RCYP3hep,-0.40832609520824853,0,3.189426688759803,1.3399599349939577,Drug metabolism
IBUP_RCYPCARhep,-0.40832609520824853,0,3.189426688759803,1.3399599349939577,Drug metabolism
IBUP_Rshep,0.3664994034639242,0,0.21601118644450326,0.4659492967046302,Drug metabolism
IBUP_Rtdhep,-0.45818984881696984,0,7.079405734349601,2.630448905076296,Drug metabolism
IBUP_SACOT2,0.3664994034639242,0,0.21601118644450326,0.4659492967046302,Drug metabolism
IBUP_SCYP1hep,0.5321517271846169,0,0.3147412099837003,1.030742906435812,Drug metabolism
IBUP_SCYP3hep,0.659552392210132,0,0.29450133967885617,1.4355818387033454,Drug metabolism
IBUP_SCYPCARhep,0.8173080673411901,0,0.5898024181483604,5.86699520356007,Drug metabolism
IBUP_Stdhep,0.5981479144721215,0,1.2915514033435145,5.136442626583762,Drug metabolism
LST4EXPTDhc,-0.36088403572476796,0,-1.1274580932073202,-2.4007219436843448,Drug metabolism
LST4EXPhr,0.36088403572476796,0,1.1274580932073202,2.4007219436843448,Drug metabolism
LSTN1GLUChr,0.34784289576790944,0,0.30357756927358803,0.6274176381804442,Drug metabolism
LSTN1GLUCtev,0.34784289576790944,0,0.30357756927358803,0.6274176381804442,Drug metabolism
LSTNM7TDhc,-0.6996827107383382,0,-0.4395887148325304,-2.487906508058375,Drug metabolism
LSTNM7hr,0.6996827107383382,0,0.4395887148325304,2.487906508058375,Drug metabolism
LSTNtd,0.35241973253414804,0,3.5443193396553396,7.402028218231723,Drug metabolism
MHGLZhr,0.3409426949724861,0,0.6670635307922457,1.3572324619952025,Drug metabolism
MHGLZtev,0.3409426949724861,0,0.6670635307922457,1.3572324619952025,Drug metabolism
NFDOHtep,1,0,NA,1.632886211146781,Drug metabolism
OXYPthc,2.3594735395595148,0,-387.2449911304474,156.7058982812613,Drug metabolism
OXYPtepv,2.547302444784418,0,-386.23979465487,168.47443595377783,Drug metabolism
PTVSTGLUChc,0.525381905153524,0,0.13243849981280945,0.4256459948613734,Drug metabolism
PTVSTLAChc,0.525381905153524,0,0.13243849981280945,0.4256459948613734,Drug metabolism
PTVSThc,0.525381905153524,0,0.13243849981280945,0.4256459948613734,Drug metabolism
PVSHtu,-1,0,NA,-571.2511244790077,Drug metabolism
PVSOATPtu,0.7687589060700478,0,104.78133261566163,801.4705003513812,Drug metabolism
RSVGLUChc,0.8801733885250499,0,0.15686872973668506,2.461393237380338,Drug metabolism
RSVLAChv,0.8801733885250499,0,0.15686872973668506,2.461393237380338,Drug metabolism
RSVSPONhc,0.8801733885250499,0,0.15686872973668506,2.461393237380338,Drug metabolism
SMVACIDhep,0.5014483192082244,0,0.3175108235384045,0.956222014084966,Drug metabolism
SMVACIDtev,-0.565404140918423,0,41.077062375074625,11.404033466379717,Drug metabolism
SMVGLUChep,0.5014483192082244,0,0.3175108235384045,0.956222014084966,Drug metabolism
SMVHYDROhep,-0.565404140918423,0,41.077062375074625,11.404033466379717,Drug metabolism
SMVthep,-0.4370350790285874,0,43.14987219249606,16.90415546793472,Drug metabolism
SULPACMPtev,-0.3896765101863781,0,0.2857429407546977,0.1254936868491969,Drug metabolism
TMDM1hr,0.7139324753746021,0,0.7791717984679555,4.66829588936744,Drug metabolism
TMDM5OATt,0.7139324753746021,0,0.7791717984679555,4.66829588936744,Drug metabolism
TMDM5hr,0.7139324753746021,0,0.7791717984679555,4.66829588936744,Drug metabolism
TMDOATthc,0.7139324753746021,0,0.7791717984679555,4.66829588936744,Drug metabolism
TRIPVShc,0.5830657854556566,0,0.4282047657751944,1.625859164877119,Drug metabolism
14HMDZitr,0.41897594615509315,0,1.8173715549125335,4.438381689333171,Drug metabolism
1HIBUPGLUitr,0.5321517271846169,0,0.3147412099837003,1.030742906435812,Drug metabolism
1HMDGLUCitr,0.8950668085723352,0,0.5552060760221023,10.026880839819604,Drug metabolism
2HATVACIDGLUCitr,0.7212328366999108,0,0.16973116026794086,1.0479959081474124,Drug metabolism
2HATVLACGLUCitr,-0.5784811307483122,0,4.42600298046158,1.1819233915988068,Drug metabolism
2HIBUP_Ritr,-0.6334163437731255,0,3.6739678661065844,0.8245396700918937,Drug metabolism
3HIBUP_Ritr,-0.40832609520824853,0,3.189426688759803,1.3399599349939577,Drug metabolism
3HIBUPGLUC_Sitr,0.6595523922101363,0,0.29450133967885617,1.4355818387033688,Drug metabolism
4HATVACIDitr,0.764363636287511,0,0.617749314149277,4.625493319683098,Drug metabolism
4HMDGLUCitr,0.9337478849421907,0,0.886643833098968,25.879107941778376,Drug metabolism
4OHMDZitr,-0.851893630273774,0,-1.5874290015706845,-19.848907659776675,Drug metabolism
56DHPVSitr,0.5830657854556566,0,0.4282047657751944,1.625859164877119,Drug metabolism
56EPPVSitr,0.8220126966381661,0,0.7566317514551018,7.745455050960571,Drug metabolism
6HMSMVitr,-0.8439265333199787,0,-0.31925916198542253,-3.771880335030574,Drug metabolism
7HPVSitr,-0.6451228942001725,0,4.939821611953387,1.0655918794867576,Drug metabolism
ACMPGLUitr,0.7265647976765788,0,0.3249016645662465,2.0515419082108273,Drug metabolism
AM19CSitr,0.688186293493726,0,0.46905281563091555,2.539492388404096,Drug metabolism
CARIBUP_Sitr,0.8173080673411901,0,0.5898024181483604,5.86699520356007,Drug metabolism
CARIBUPGLU_Sitr,-0.8173080673411901,0,-0.5898024181483604,-5.86699520356007,Drug metabolism
CRVSitr,0.42990038192777713,0,1.1155087942215964,2.7978732143251226,Drug metabolism
CRVSM24itr,0.42990038192777713,0,1.1155087942215964,2.7978732143251226,Drug metabolism
CSAitr,0.42739501879274183,0,5.021695329388604,12.518128787408479,Drug metabolism
DSPVSitr,0.3866412235239956,0,100.49573738751411,227.1941604073882,Drug metabolism
GLZitr,0.6888390262911498,0,1.8536764676934108,10.060905528877116,Drug metabolism
IBUP_Ritr,-0.5204862685300338,0,6.863394546673074,2.1644996063052675,Drug metabolism
IBUP_Sitr,0.5759290477929926,0,1.5075625885739923,5.602391916577239,Drug metabolism
IBUPGLUCitr,0.6938655777441949,0,0.46848125781521305,2.592143250615604,Drug metabolism
LSTN1GLUCitr,-0.34784289576790944,0,-0.30357756927358803,-0.6274176381804442,Drug metabolism
LSTNitr,0.35241973253414804,0,3.5443193396553396,7.402028218231723,Drug metabolism
LSTNM7itr,0.6996827107383382,0,0.4395887148325304,2.487906508058375,Drug metabolism
PVSitr,0.37444112720161493,0,104.78133261566163,230.21937530150413,Drug metabolism
RSVLACitr,-0.8801733885250499,0,-0.15686872973668506,-2.461393237380338,Drug metabolism
TMDitr,0.7139324753746021,0,0.7791717984679555,4.66829588936744,Drug metabolism
TMDM5itr,-0.7139324753746021,0,-0.7791717984679555,-4.66829588936744,Drug metabolism
1OHMDZitr,-7.015107717973727,0,13.264777317698716,-9.954833700109472,Drug metabolism
ATVACIDitr,0.693449888384321,0,1.2983298609407619,7.1722582207134,Drug metabolism
ATVLACitr,-0.6734613803141809,0,4.782048536125843,0.9331099878528177,Drug metabolism
SMVitr,0.45257401885969956,0,2.0728098179863768,5.5001220098697585,Drug metabolism
6BHGLZitr,0.8252085532438785,0,0.670245269387052,6.998840167295837,Drug metabolism
7BHGLZitr,0.5350553435070999,0,0.516367666262915,1.7048328962208064,Drug metabolism
LST4EXPitr,0.36088403572476796,0,1.1274580932073202,2.4007219436843448,Drug metabolism
MHGLZitr,0.3409426949724861,0,0.6670635307922457,1.3572324619952025,Drug metabolism
RSVitr,0.6261006165717937,0,0.695653980774479,3.025421857308864,Drug metabolism
AM9CSAitr,0.37340098708236075,0,4.552642511022343,9.97863639994762,Drug metabolism
EX_M00234[e],-0.8846371600353362,0,-13.183279219155759,-215.37002656273842,Exchange/demand reaction
EX_M01807[e],0.8846371600353362,0,13.183279219155759,215.37002656273842,Exchange/demand reaction
EX_M00503[e],0.8846371600353362,0,13.183279219155759,215.37002656273842,Exchange/demand reaction
EX_M00260[e],0.5624501011206201,0,-0.4512332778341031,-0.12636376351841072,Exchange/demand reaction
EX_M00315[e],-1.69948598531124,0,0.034255703440856454,-0.008876276670536023,Exchange/demand reaction
EX_C01601[e],-0.7338277232124009,0,0.6121599209945301,0.09397704151790749,Exchange/demand reaction
EX_M01111[e],0.4834218799476061,0,138.69830823777914,398.2903982281923,Exchange/demand reaction
EX_hnifedipine[e],0.5551283358518843,0,3.0915793992571663,10.807167805410177,Exchange/demand reaction
EX_itacon[e],0.3618591070874239,0,-2.72365865131038,-1.2762538758164603,Exchange/demand reaction
EX_M01966[e],-0.9928529956911005,0,489.5683106437683,1.7557475805977316,Exchange/demand reaction
EX_M02155[e],-1,0,NA,-35.49811499474998,Exchange/demand reaction
EX_M02837[e],-0.5405660771278805,0,-20.17476184969077,-67.64967098090928,Exchange/demand reaction
EX_M01881[e],0.798356276168103,1.7825019266780938e-12,0.07502561039187901,0.6691146878147257,Exchange/demand reaction
sink_his_L[c],0.482780368630031,0,-266.2430715023041,-92.87022286682911,Exchange/demand reaction
sink_leu_L[c],-1,0,NA,-736.7940924663544,Exchange/demand reaction
sink_thr_L[c],-1,0,NA,-120.21307008666992,Exchange/demand reaction
sink_4abut[l],0.8031753644438223,0,-102.20258730176687,-11.155868361574104,Exchange/demand reaction
DM_kynate[c],0.9943204326116685,0,2.3143213985002706,812.6496504191399,Exchange/demand reaction
2HCO3_NAt,1,0,-548.3031952858031,NA,"Transport, extracellular"
3DPHBH1,-1,0,0.1974725346973275,NA,Ubiquinone synthesis
3MOBt2im,-1,0,263.84163759169576,NA,"Transport, mitochondrial"
3MOPt2im,-1,0,80.6360084937036,NA,"Transport, mitochondrial"
ACN23ACNGALGBSIDEte,-1,0,0.15750886238045825,NA,"Transport, extracellular"
ACN23ACNGALGBSIDEtg,1,0,-0.15750886238045825,NA,"Transport, golgi apparatus"
ACRNtm,1,0,-630.2781207539916,NA,"Transport, mitochondrial"
C161CRNt,1,0,-22.74481125118538,NA,Fatty acid oxidation
CK,-1,0,2.633916632367368,NA,Urea cycle
CLPNDCRNt,-1,0,319.80017133379533,NA,Fatty acid oxidation
CREATtmdiffir,-1,0,2.633916632367368,NA,Urea cycle
CRNtx,-1,0,1.0997390794596635,NA,"Transport, peroxisomal"
DCSPTN1CRNt,1,0,-327.06136789067983,NA,Fatty acid oxidation
DNDPt38m,-1,0,3.0960482409649512,NA,"Transport, mitochondrial"
ELAIDCRNt,-1,0,90.95964142481147,NA,Fatty acid oxidation
EX_34dhphe[e],1,0,-10.567341508102231,NA,Exchange/demand reaction
EX_ach[e],1,0,-549.8409731408119,NA,Exchange/demand reaction
EX_acn23acngalgbside_hs[e],-1,0,0.15750886238045825,NA,Exchange/demand reaction
EX_glygn5[e],-1,0,8.39738026324883,NA,Exchange/demand reaction
EX_retn[e],1,0,-9.201515041171245,NA,Exchange/demand reaction
EX_xoltri27[e],1,0,-256.59348591699603,NA,Exchange/demand reaction
GLYKm,-1,0,4.771273496130359,NA,Glycerophospholipid metabolism
HMGCOAtm,-1,0,388.4592229270935,NA,"Transport, mitochondrial"
LNELDCCRNt,1,0,-164.4970890862316,NA,Fatty acid oxidation
MGCHrm,-1,0,0.9876368314853186,NA,"Valine, leucine, and isoleucine metabolism"
NACASPAH,-1,0,21.26850394835996,NA,Alanine and aspartate metabolism
OCCOAtm,-1,0,279.1514357240677,NA,"Transport, mitochondrial"
PCREATtmdiffir,-1,0,2.633916632367368,NA,Urea cycle
PCRNtm,1,0,-409.31482399168834,NA,Fatty acid oxidation
SPHMYLNtl,-1,0,0.372857440950487,NA,"Transport, lysosomal"
ST6GALNAC22,-1,0,0.15750886238045825,NA,Sphingolipid metabolism
THFtm,1,0,-952.4489222854614,NA,"Transport, mitochondrial"
TXA2tr,1,0,-216.78444788948298,NA,"Transport, endoplasmic reticular"
TXASr,-1,0,216.78444788948298,NA,Eicosanoid metabolism
XOLTRI27te,1,0,-256.59348591699603,NA,"Transport, extracellular"
r0330,-1,0,563.8104812109947,NA,Pyrimidine catabolism
r0633,-1,0,43.39660888322443,NA,Fatty acid oxidation
r1044,-1,0,549.2901931715012,NA,"Transport, extracellular"
RE0344C,-1,0,0.16238684178919066,NA,Fatty acid synthesis
RE2644C,1,0,-466.2764292704582,NA,Urea cycle
RE3015R,-1,0,20.229168286696076,NA,Eicosanoid metabolism
RE3016R,1,0,-20.229168286696076,NA,Eicosanoid metabolism
RE3565C,-1,0,217.99661593010313,NA,Eicosanoid metabolism
EX_HC02204[e],-1,0,217.99661593010313,NA,Exchange/demand reaction
EX_HC02206[e],1,0,-217.99661593010313,NA,Exchange/demand reaction
C2tcx,1,0,-259.8652125537872,NA,"Transport, peroxisomal"
C4tmc,1,0,-592.7217580673695,NA,"Transport, mitochondrial"
C6COAt,1,0,-165.89269069576525,NA,"Transport, peroxisomal"
C6CRNtcx,1,0,-165.89269069576525,NA,"Transport, peroxisomal"
SUCCACT,-1,0,0.6274667778695489,NA,Fatty acid oxidation
3HCO3_NAt,1,0,-471.38318880042436,NA,"Transport, extracellular"
DHAPtc,-1,0,8.560282315911724,NA,"Transport, mitochondrial"
LACLt,-1,0,979.9435441196441,NA,"Transport, peroxisomal"
FRUt4,1,0,-162.27649647161215,NA,"Transport, extracellular"
HMCRNc,1,0,-69.92330198674277,NA,Lysine metabolism
CE1556td,-1,0,466.2764292704582,NA,"Transport, extracellular"
EX_CE1557[e],-1,0,466.2764292704582,NA,Exchange/demand reaction
EX_hmcr[e],1,0,-69.92330198674277,NA,Exchange/demand reaction
EX_Nacasp[e],1,0,-21.26850394835996,NA,Exchange/demand reaction
HC00900t2,1,0,-748.3941406295538,NA,"Transport, extracellular"
HMCRNt,1,0,-69.92330198674277,NA,"Transport, extracellular"
HXCOAtx,-1,0,170.10514164942205,NA,"Transport, peroxisomal"
NACASPt,1,0,-21.26850394835996,NA,"Transport, extracellular"
EX_ttdcea[e],-1,0,19.824231752836145,NA,Exchange/demand reaction
TTDCEAt,-1,0,19.824231752836145,NA,"Transport, extracellular"
r0202m,-1,0,8.560282315911724,NA,Glycerophospholipid metabolism
EX_maltttr[e],1,0,-1.763121102058678,NA,Exchange/demand reaction
EX_sphmyln_hs[e],-1,0,89.87209923957586,NA,Exchange/demand reaction
PGP_hs_tm,-1,0,0.19840479687864096,NA,"Transport, mitochondrial"
sink_crvnc[c],-1,0,16.509337761680783,NA,Exchange/demand reaction
sink_stcoa[c],1,0,-169.88576232013702,NA,Exchange/demand reaction
EX_thymd[e],1,0,-689.6650291082382,NA,Exchange/demand reaction
r0339,-1,0,0.5506415430360343,NA,Miscellaneous
GLYK,-1,0,0.6366965469380919,NA,Glycerophospholipid metabolism
XOL25OHtr,-1,0,181.2533981967449,NA,"Transport, endoplasmic reticular"
XOL25OHte,-1,0,181.2533981967449,NA,"Transport, extracellular"
EX_xol25oh[e],-1,0,181.2533981967449,NA,Exchange/demand reaction
EX_mma[e],1,0,-46.388618904066085,NA,Exchange/demand reaction
GM1tl,-1,0,1.6893758554487954,NA,"Transport, extracellular"
EX_gm1_hs[e],1,0,-1.6893758554487954,NA,Miscellaneous
HMR_0157,-1,0,594.4103767471313,NA,"Transport, mitochondrial"
HMR_2569,1,0,-8.11163955997667,NA,"Transport, endoplasmic reticular"
H2O2itr,1,0,-136.93266075701715,NA,Drug metabolism
DM_btn[n],-1,0,52.054133513250946,NA,Exchange/demand reaction
AACTtm,-1,0,3.368917452490304,NA,"Transport, mitochondrial"
ADA,-1,0,22.522324672648566,NA,Purine catabolism
ADAe,-1,0,30.271462462458015,NA,Purine catabolism
AOBUTDsm,-1,0,3.368917452490304,NA,"Glycine, serine, alanine, and threonine metabolism"
ARACHt,-1,0,0.22647350616506884,NA,"Transport, extracellular"
C161CRN2t,1,0,-274.5365593463302,NA,Fatty acid oxidation
C181CRNt,1,0,-454.12971050480604,NA,Fatty acid oxidation
C204CRNt,-1,0,418.4165081635394,NA,Fatty acid oxidation
CYSGLTH,-1,0,185.31072257692813,NA,Methionine and cysteine metabolism
CYSTSERex,-1,0,159.11817675111294,NA,"Transport, extracellular"
DATPtn,-1,0,0.25271697640906443,NA,"Transport, nuclear"
DM_datp_n_,-1,0,0.252716976409111,NA,Exchange/demand reaction
DNDPt31m,-1,0,2.6987667936201243,NA,"Transport, mitochondrial"
DSAT,-1,0,0.7590121068117542,NA,Sphingolipid metabolism
EBP1r,-1,0,0.046201749402208496,NA,Cholesterol metabolism
EICOSTETCRNt,-1,0,405.8672959277168,NA,Fatty acid oxidation
EX_chol[e],-1,0,156.366652273719,NA,Exchange/demand reaction
EX_inost[e],1,0,-127.38668615637603,NA,Exchange/demand reaction
EX_txa2[e],-1,0,216.78444788948298,NA,Exchange/demand reaction
FUMSO4tm,-1,0,4.19730340971165,NA,"Transport, mitochondrial"
GLCter,1,0,-390.1971432085991,NA,"Transport, endoplasmic reticular"
GLYATm,-1,0,3.368917452490304,NA,"Glycine, serine, alanine, and threonine metabolism"
GLYtm,1,0,-945.0627508012772,NA,"Transport, mitochondrial"
GULNDer,-1,0,1.4327287010458705,NA,Pentose phosphate pathway
GULNter,-1,0,1.4327287010458705,NA,"Transport, endoplasmic reticular"
H2O2tm,-1,0,126.48358999173641,NA,"Transport, mitochondrial"
Htx,-1,0,842.5583132905781,NA,"Transport, peroxisomal"
P4504F122r,-1,0,0.19200802152502147,NA,Eicosanoid metabolism
PA_HSter,-1,0,209.01430121620893,NA,"Transport, endoplasmic reticular"
PCHOL_HSter,1,0,-131.1946109205002,NA,"Transport, endoplasmic reticular"
PROSTGI2t,-1,0,218.54496810746716,NA,"Transport, extracellular"
SARCOXp,-1,0,18.02216280292049,NA,"Glycine, serine, alanine, and threonine metabolism"
SARCStp,-1,0,18.02216280292049,NA,"Transport, peroxisomal"
SERLYSNaex,-1,0,302.6207561869621,NA,"Transport, extracellular"
SUCD1m,-1,0,138.77033875342607,NA,Citric acid cycle
TRIOK,-1,0,4.324220298660826,NA,Fructose and mannose metabolism
TXA2te,1,0,-216.78444788948298,NA,"Transport, extracellular"
UMPtr,-1,0,98.49162149169497,NA,"Transport, endoplasmic reticular"
XOL27OHtm,1,0,-2.932856033366307,NA,"Transport, mitochondrial"
r0242,-1,0,0.21472313976104634,NA,Miscellaneous
r0525,-1,0,756.7335020565033,NA,Lysine metabolism
r0636,1,0,-250.15656895287037,NA,Fatty acid oxidation
r0817,-1,0,815.2937819431305,NA,"Transport, extracellular"
r1030,-1,0,308.76563443888426,NA,"Transport, extracellular"
r1116,-1,0,0.3249332545257406,NA,"Transport, extracellular"
r1384,1,0,-847.0353321006775,NA,Nucleotide interconversion
r2434,1,0,-250.15656895287037,NA,"Transport, mitochondrial"
r2435,-1,0,454.7007887358129,NA,"Transport, mitochondrial"
r2519,1,0,-98.49162149169497,NA,"Transport, endoplasmic reticular"
r2539,1,0,-756.7335020565033,NA,"Transport, mitochondrial"
RE1096C,-1,0,4.0845014283551775,NA,Steroid metabolism
RE1925C,-1,0,931.894374810791,NA,Tyrosine metabolism
RE2814R,-1,0,2.932856033366307,NA,Bile acid synthesis
RE3014R,-1,0,20.229168286696076,NA,Eicosanoid metabolism
RE3566C,-1,0,758.6144902239799,NA,Eicosanoid metabolism
RE3567C,1,0,-127.52994761457443,NA,Eicosanoid metabolism
EX_C02470[e],-1,0,308.76563443888426,NA,Exchange/demand reaction
EX_HC02205[e],1,0,-127.52994761457443,NA,Exchange/demand reaction
EX_HC02207[e],-1,0,886.144438248825,NA,Exchange/demand reaction
C10DCe,-1,0,0.35959285316351336,NA,Fatty acid oxidation
C12DCe,-1,0,0.1861022075188137,NA,Fatty acid oxidation
C4DCCACT,-1,0,1.2264059521691946,NA,Fatty acid oxidation
C6DCe,-1,0,0.24298809244085132,NA,Fatty acid oxidation
C8DCe,-1,0,0.23401889507301094,NA,Fatty acid oxidation
DOCOSACTDr,1,0,-71.22142324804663,NA,Fatty acid oxidation
DOCOSADIACTD,-1,0,0.5610403052574567,NA,Fatty acid oxidation
EX_c10dc[e],-1,0,0.35959285316351336,NA,Exchange/demand reaction
EX_c12dc[e],-1,0,0.1861022075188137,NA,Exchange/demand reaction
EX_c6dc[e],-1,0,0.24298809244085132,NA,Exchange/demand reaction
EX_c8dc[e],-1,0,0.23401889507301094,NA,Exchange/demand reaction
FAOXC16OHC16r,-1,0,4.108170922696161,NA,Fatty acid oxidation
FAOXC22C22DCHYr,-1,0,0.5610403052574567,NA,Fatty acid oxidation
OMHPALTD,-1,0,4.108170922696161,NA,Fatty acid oxidation
SUCCCROT,-1,0,1.2264059521691946,NA,Fatty acid oxidation
CYSTALArBATtc,-1,0,4.400103978204108,NA,"Transport, extracellular"
CYSTLEUrBATtc,-1,0,297.5842379611015,NA,"Transport, extracellular"
ORNALArBATtc,-1,0,470.90148832798,NA,"Transport, extracellular"
ORNLEUrBATtc,-1,0,253.114184470129,NA,"Transport, extracellular"
CRNrtx,1,0,-690.6862721240998,NA,"Transport, peroxisomal"
DM_fol,-1,0,619.5038466545105,NA,Exchange/demand reaction
DOPAENT4tc,-1,0,490.4531287485212,NA,"Transport, extracellular"
SRTNENT4tc,-1,0,648.0608537827015,NA,"Transport, extracellular"
15HPETATP,-1,0,0.4421647310182947,NA,"Transport, extracellular"
3HPPt,-1,0,1.9954633580290873,NA,"Transport, extracellular"
3MOXTYRt,1,0,-921.6549180358887,NA,"Transport, extracellular"
C04717td,-1,0,1.3319198384768307,NA,"Transport, extracellular"
EX_15HPET[e],-1,0,0.4421647310182947,NA,Exchange/demand reaction
EX_3hpp[e],-1,0,1.9954633580290873,NA,Exchange/demand reaction
EX_C04717[e],-1,0,1.3319198384768307,NA,Exchange/demand reaction
EX_hexdiac[e],-1,0,5.634289354697602,NA,Exchange/demand reaction
EX_leuktrB4woh[e],-1,0,0.7550779257842368,NA,Exchange/demand reaction
EX_saccrp_L[e],1,0,-756.7335020565033,NA,Exchange/demand reaction
EX_sebacid[e],-1,0,1.933961995021539,NA,Exchange/demand reaction
HC02149td,1,0,-573.6301172926903,NA,"Transport, extracellular"
HEXDIACtd,-1,0,5.634289354697602,NA,"Transport, extracellular"
LEUKTRB4WOHt,-1,0,0.7550779257842368,NA,"Transport, extracellular"
LEUKTRB4WOHtr,-1,0,0.19200802152502147,NA,"Transport, extracellular"
SACCRP_Lte,-1,0,756.7335020565033,NA,"Transport, mitochondrial"
SACCRP_Ltm,1,0,-756.7335020565033,NA,"Transport, extracellular"
SEBACIDtd,-1,0,1.933961995021539,NA,"Transport, extracellular"
EX_3moxtyr[e],1,0,-921.6549180358887,NA,Exchange/demand reaction
EX_glnproglu[e],1,0,-127.78757210760116,NA,Exchange/demand reaction
GLNPROGLUt,-1,0,127.78757210760116,NA,"Transport, extracellular"
GLNPROGLUr,-1,0,127.78757210760116,NA,Peptide metabolism
ACRNtr,1,0,-304.95324342408514,NA,"Transport, extracellular"
DM_akg[c],-1,0,85.3281649144411,NA,Exchange/demand reaction
34HPLtm,-1,0,126.08972276856899,NA,"Transport, mitochondrial"
3HPPtm,1,0,-1.9954633580290873,NA,"Transport, mitochondrial"
sink_cholate[c],1,0,-413.4921806511879,NA,Exchange/demand reaction
sink_gchola[c],-1,0,362.17791237253647,NA,Exchange/demand reaction
sink_lnlccoa[c],-1,0,930.3858007013321,NA,Exchange/demand reaction
sink_tdchola[c],1,0,-508.09487513809205,NA,Exchange/demand reaction
EX_co2[e],1,0,-917.581567873764,NA,Exchange/demand reaction
EX_din[e],1,0,-667.7248274114609,NA,Exchange/demand reaction
EX_ile_L[e],1,0,-799.3573364866256,NA,Exchange/demand reaction
EX_lac_L[e],-1,0,447.801137681365,NA,Exchange/demand reaction
EX_leu_L[e],1,0,-648.4371523014069,NA,Exchange/demand reaction
URIDK3,1,0,-838.7844308563233,NA,Nucleotide interconversion
EX_thr_L[e],1,0,-100.94610292282104,NA,Exchange/demand reaction
EX_phe_L[e],1,0,-754.4260617868423,NA,Exchange/demand reaction
EX_tyr_L[e],1,0,-276.992984479353,NA,Exchange/demand reaction
EX_ppa[e],1,0,-1.0059258588137803,NA,Exchange/demand reaction
EX_pyr[e],-1,0,79.60088408075161,NA,Exchange/demand reaction
11DOCRTSLte,-1,0,0.2161846503977169,NA,"Transport, extracellular"
SUCSALtm,-1,0,76.03895927754007,NA,"Transport, mitochondrial"
SUCSALte,-1,0,76.03895927754007,NA,"Transport, extracellular"
EX_sucsal[e],-1,0,76.03895927754007,NA,Exchange/demand reaction
ORN_Dte,1,0,-1.950492031155283,NA,"Transport, extracellular"
EX_11docrtsl[e],-1,0,0.2161846503977169,NA,Exchange/demand reaction
CHSTEROLSte,-1,0,110.70948060235978,NA,"Transport, extracellular"
EX_chsterols[e],-1,0,110.70948060235978,NA,Exchange/demand reaction
MELATNte,-1,0,9.012302831406332,NA,"Transport, extracellular"
EX_melatn[e],-1,0,9.012302831406332,NA,Exchange/demand reaction
EX_CE4890[e],-1,0,931.894374810791,NA,Exchange/demand reaction
HDD2CRNte,-1,0,182.20780400677918,NA,"Transport, extracellular"
DOPACHRMDC,-1,0,1.929125836615425,NA,Tyrosine metabolism
DOPAOQCYS,-1,0,2.205682891579402,NA,Tyrosine metabolism
NEU310e,-1,0,0.17262899509051693,NA,Sphingolipid metabolism
NEU39e,-1,0,0.17262899509051693,NA,Sphingolipid metabolism
HMR_1085,-1,0,792.1016585935593,NA,Leukotriene metabolism
HMR_3867,1,0,-18.02216280292049,NA,"Transport, peroxisomal"
HMR_6782,-1,0,126.08972276856899,NA,Phenylalanine metabolism
HMR_9680,1,0,-614.2093183945179,NA,"Transport, peroxisomal"
3HPVShc,-1,0,1.8166429212574127,NA,Drug metabolism
4HATVACIDtep,1,0,-684.4737748514175,NA,Drug metabolism
EX_nfdlac[e],-1,0,1.0543859632547887,NA,Exchange/demand reaction
NFDLAChc,-1,0,1.0543859632547887,NA,Drug metabolism
NFDLACtep,-1,0,1.0543859632547887,NA,Drug metabolism
3HPVSitr,-1,0,1.8166429212574127,NA,Drug metabolism
sink_val_L[c],1,0,-88.7279923648864,NA,Exchange/demand reaction
sink_asn_L[c],1,0,-890.121938986206,NA,Exchange/demand reaction
sink_tyr_L[c],1,0,-88.8869314452052,NA,Exchange/demand reaction
DM_5cysdopa[c],-1,0,2.205682891579402,NA,Exchange/demand reaction
