Reaction,fc,pval,Truncating,WT,subSystem
10FTHF7GLUtl,0.6882472151076084,0,14.3112946904853,2.6427326135942186,"Transport, lysosomal"
10FTHF7GLUtm,0.5951935544689395,0,4.716501913910778,1.1968894744852994,"Transport, mitochondrial"
10FTHFtl,-0.6882472151076084,0,-14.3112946904853,-2.6427326135942186,"Transport, lysosomal"
11DOCRTSLtm,0.5171937564783707,0,9.155963999612874,2.9136401106297223,"Transport, mitochondrial"
11DOCRTSLtr,-0.3757762073576901,0,-3.0105050919531395,-1.3659408385010625,"Transport, endoplasmic reticular"
11DOCRTSTRNtm,0.6749761646952137,0,11.656559237341071,2.261918509429913,"Transport, mitochondrial"
2AMACHYD,0.9639816747338691,0,120.57712438344956,2.211317010524706,"Glycine, serine, alanine, and threonine metabolism"
2AMADPTm,-0.6446941037696529,0,19.695817271624133,91.17100188667774,Lysine metabolism
2HBO,0.8479089680560554,0,90.84792223307763,7.477183390114311,Propanoate metabolism
2HBt2,-0.3561593811947691,0,-209.10382580223083,-99.27265074142069,"Transport, extracellular"
2OXOADPTm,1.0776886027005852,0,28.784780254643458,-769.8144616760254,Tryptophan metabolism
34DHPHAMT,0.6738347381758569,0,39.816544116727286,7.758695192882581,Tyrosine metabolism
34DHPLACOX_NADP_,0.5163739223588303,0,-265.1518287084475,-831.3640167633057,Tyrosine metabolism
34DHXMANDACOX,0.9369885260947164,0,248.63840208189487,8.088366024667211,Tyrosine metabolism
3AIBTm,-1,0,NA,6.228439187472258,"Valine, leucine, and isoleucine metabolism"
3AIBtmi,-1,0,NA,6.228439187472258,"Transport, mitochondrial"
3DSPHR,0.8263953560048451,0,56.602756318684854,5.380270666776551,Sphingolipid metabolism
3HBCOAHLm,-0.9272991290292885,0,14.166114877418126,375.5435182609558,"Valine, leucine, and isoleucine metabolism"
3HKYNAKGAT,1,0,391.82916852832733,NA,Tryptophan metabolism
3HLYTCL,0.5732588434721926,0,70.46268002518187,19.11276436853312,Tyrosine metabolism
3M4HDXPAC,-0.33172870234851354,0,2.8768655927935964,5.733007681440381,Tyrosine metabolism
3MLDAt,0.44779219643637286,0,22.848906371607924,8.71488631611165,"Transport, extracellular"
3MOXTYROX,-0.33172870234851354,0,2.8768655927935964,5.733007681440381,Tyrosine metabolism
41R1H2MAE12BOOX,-0.3488916174293923,0,4.292398882632043,8.892499354080693,Tyrosine metabolism
4ABUTtm,1,0,NA,-577.165106351471,"Transport, mitochondrial"
4HBZCOAFm,0.4033014330295306,0,0.8915769175365829,0.37910790690885876,Ubiquinone synthesis
4HBZFm,0.4033014330295306,0,0.8915769175365829,0.37910790690885876,Ubiquinone synthesis
4PYRDX,0.45348632608213496,0,10.029876748893201,3.771253084820038,"Transport, extracellular"
5ADTSTSTERONEGLCte,0.7287774694742142,0,10.490658452773914,1.645846838406813,"Transport, extracellular"
5ADTSTSTERONEGLCtr,-0.72877746947371,0,-10.490658452750143,-1.6458468384066223,"Transport, endoplasmic reticular"
5ADTSTSTERONESte,-1,0,NA,243.07639752726556,"Transport, extracellular"
5AOPtm,1,0,NA,-12.354887944227457,Heme synthesis
5FTHFt2,0.4050342183581983,0,268.0806749649048,113.51953300463595,"Transport, extracellular"
5HLTDL,0.35955396944344453,0,8.003084597083799,3.7700186072854867,Tryptophan metabolism
5MTHFt2,-0.45289638314221187,0,-970.975727557373,-365.63125807971954,"Transport, extracellular"
7DHFtl,0.4634246397512479,0,6.098473245819419,2.2360498723044278,"Transport, lysosomal"
7DHFtm,0.4765704481607728,0,3.155319083044934,1.1185292619158136,"Transport, mitochondrial"
7THFtl,0.652754461771595,0,7.102960480434098,1.4923398436326754,"Transport, lysosomal"
A_MANASEly,0.3821834792189065,0,7.0345624021899535,3.1443501777307596,N-glycan degradation
A4GALTc,-1,0,NA,12.01628797150341,Sphingolipid metabolism
A4GALTg,0.3761647192675649,0,12.106582832401385,5.4880883038342,Sphingolipid metabolism
AACTOOR,-0.8546999531059171,0,6.896155564969519,88.0268084998184,"Glycine, serine, alanine, and threonine metabolism"
AATAi,1,0,NA,-82.72931762542724,Lysine metabolism
ABO6g,0.4014054610595417,0,0.6809431050296204,0.29085716826857116,Blood group synthesis
ABO7g,0.4014054610594914,0,0.6809431050296204,0.2908571682686061,Blood group synthesis
ABO8g,0.35825576760783445,0,0.5867335194973339,0.27721792983932725,Blood group synthesis
ABTArm,1,0,NA,-577.165106351471,Glutamate metabolism
ABTti,-1,0,NA,447.4811171391487,"Transport, extracellular"
ACACT10m,-0.38855953711079605,0,-190.69381530902385,-83.97041076486036,"Valine, leucine, and isoleucine metabolism"
ACACt2m,-1.5966583904237055,0,-463.03789099121093,106.39653015694618,"Transport, mitochondrial"
ACACT4p,0.35910872753799633,0,14.95522121073678,7.052173646962241,Fatty acid oxidation
ACACT5p,0.38025925331346255,0,7.204540023967647,3.234861134434102,Fatty acid oxidation
ACACT6p,0.5911725381527585,0,11.393840168141224,2.927473070922952,Fatty acid oxidation
ACACT7p,0.5256796036043728,0,8.07141369077103,2.509331665858966,Fatty acid oxidation
ACACT8p,0.40174080015469465,0,17.2551895085208,7.364468429118649,Fatty acid oxidation
ACALDtm,-0.5017924488939385,0,-159.33813868751525,-52.859144372293535,"Transport, mitochondrial"
ACCOAgt,0.7373301897017592,0,263.0237979453683,39.767000838276374,"Transport, extracellular"
ACCOAtr,-1.3033679611006979,0,-517.4440007781982,68.15060995502286,"Transport, endoplasmic reticular"
ACETONEt2,-1.2198763153855288,0,-149.16121541247367,14.774254860963262,"Transport, extracellular"
ACETONEt2m,-1.2198763153855288,0,-149.16121541247367,14.774254860963262,"Transport, mitochondrial"
ACGAGBSIDEtg,-0.45346225032159165,0,-1.7482290403372869,-0.6573773521926538,"Transport, golgi apparatus"
ACGAGBSIDEtl,0.45346225032159165,0,1.7482290403372869,0.6573773521926538,"Transport, lysosomal"
ACGALFUCGALACGALFUCGALACGLCGAL14ACGLCGALGLUSIDEte,-0.4014054610595453,0,-0.6809431050296262,-0.29085716826857116,"Transport, extracellular"
ACGALFUCGALACGALFUCGALACGLCGAL14ACGLCGALGLUSIDEtg,0.4014054610595417,0,0.6809431050296204,0.29085716826857116,"Transport, golgi apparatus"
ACGALK,1,0,18.47055185116783,NA,Aminosugar metabolism
ACGALtly,0.39296982524462054,0,162.8556277269423,70.9694340590775,"Transport, lysosomal"
ACGAM6PSi,0.5037982350753059,0,36.10557791502476,11.91360055304506,Aminosugar metabolism
ACHEe,0.341203805552915,0,284.5159418911934,139.75356989102363,Glycerophospholipid metabolism
ACITL,0.5823198669248663,0,25.630745376555154,6.765669422137615,Citric acid cycle
ACNAMlt,-0.37313976874060767,0,-25.276174248068685,-11.538977164013778,"Transport, lysosomal"
ACNAMtn,0.6751482885437803,0,48.97070217039781,9.49660189492578,"Transport, nuclear"
ACOAD10m,0.39551139235027233,0,72.74776516537247,31.511885546404496,"Valine, leucine, and isoleucine metabolism"
ACOAD8m,0.3632273170907185,0,193.3458705137253,90.31316138764136,"Valine, leucine, and isoleucine metabolism"
ACOAD9m,-0.9075138791309065,0,19.083832799603417,393.6015003135681,"Valine, leucine, and isoleucine metabolism"
ACOAHi,0.3963166075776484,0,80.6939615860721,34.88721985681173,Pyruvate metabolism
ACOAO7p,0.5256796036043728,0,8.07141369077103,2.509331665858966,Fatty acid oxidation
ACONTm,0.936660572125104,0,360.6426618578806,11.794994021224984,Citric acid cycle
ACSm,0.48713271743532643,0,6.947370829758484,2.3959389479185935,Glycolysis/gluconeogenesis
ACSRTNMT,-0.569295609662609,0,8.60470573389021,31.35172808444045,Tryptophan metabolism
ACtg,-0.3470063979177587,0,-0.6020761642415797,-0.2918708358206121,"Transport, golgi apparatus"
ADCim,1,0,149.16121541247367,NA,Propanoate metabolism
ADEt,-1.0024311060822102,0,-194.83253119294645,0.23654174675818357,"Transport, extracellular"
ADMDC,0.5752602544201035,0,35.13289563855697,9.472934464723775,Arginine and proline metabolism
ADNCYC,0.6830663408841186,0,13.824653471822536,2.6032830105390747,Nucleotide interconversion
ADNt,2.90606095752223,0,102.25647281673923,-49.8986248830989,"Transport, extracellular"
ADNtl,0.8246322199374532,0,28.43039222750496,2.732482040362051,"Transport, lysosomal"
ADRNCRNt,-0.523689019376143,0,230.4624489467263,737.2349517929077,Fatty acid oxidation
ADRNt,-1,0,NA,2.4730254986179605,"Transport, extracellular"
AG13T16g,0.3485667887444521,0,0.4211722940746675,0.20344978262171765,Keratan sulfate synthesis
AG13T17g,0.3485667887444521,0,0.4211722940746675,0.20344978262171765,Keratan sulfate synthesis
AG13T18g,0.3485667887444521,0,0.4211722940746675,0.20344978262171765,Keratan sulfate synthesis
AGPAT1,0.4784190434055884,0,5.774585936540212,2.0372532876600626,Triacylglycerol synthesis
AGTix,0.5037551759701405,0,33.411800354856254,11.026018897603894,Alanine and aspartate metabolism
AHCYStr,1,0,791.1347073364258,NA,"Transport, endoplasmic reticular"
AHEXASE2ly,0.48661190348477246,0,3.691343690249539,1.2747724582847848,N-glycan degradation
AKGDm,-0.7001832115041468,0,132.3228320720434,750.3684457305908,Citric acid cycle
AKGtp,1,0,NA,-6.320991497490433,"Transport, peroxisomal"
AKR1D2,0.3668985363027099,0,25.02655726792356,11.591460241433465,Bile acid synthesis
ALACYSNaEx,0.3417088910736117,0,192.19948242403566,94.3000462035805,"Transport, extracellular"
ALADGLNexR,0.7719634606289114,0,550.3790624603272,70.82907719847226,"Transport, extracellular"
ALADGLYexR,2.855153902310361,0,208.59546259378195,-433.4775732736587,"Transport, extracellular"
ALAGLNexR,3.7250657532238023,0,445.61187951431276,-772.6585784698486,"Transport, extracellular"
ALAGLNNaEx,-0.34139630340567206,0,41.75514879947575,85.04386254951507,"Transport, extracellular"
ALAGLYexR,0.854826144166878,0,-36.64683993622046,-468.22147434684337,"Transport, extracellular"
ALAt4,0.4618458514512062,0,259.08881509339216,95.37922247183955,"Transport, extracellular"
ALATA_L,0.6977999652795728,0,-105.73301367623321,-594.0221254920959,Glutamate metabolism
ALCD2if,-0.3415477799849877,0,96.95615853822343,197.54101404633522,Glycolysis/gluconeogenesis
ALCD2yf,-0.34247092354595465,0,170.6858673664093,348.48772807941435,Glycolysis/gluconeogenesis
ALDD21,0.9922301192651232,0,573.5001399997711,2.236703303570744,Fatty acid oxidation
ALDD2xm,0.5017924488939385,0,159.33813868751525,52.859144372293535,Glycolysis/gluconeogenesis
ALDD2y,0.3783289861067794,0,410.0258821418762,184.93495271661877,Glycolysis/gluconeogenesis
ALDSTRNte,0.6749761646952137,0,11.656559237341071,2.261918509429913,"Transport, extracellular"
ALDSTRNtm,-0.6749761646952137,0,-11.656559237341071,-2.261918509429913,"Transport, mitochondrial"
ALOX15,0.5122109232460078,0,4.6443870283875315,1.4981251793912753,Eicosanoid metabolism
ALOX5,0.40126450550370685,0,10.344939307789089,4.420209266455908,Eicosanoid metabolism
ALOX52,0.5970667845990564,0,855.9471353866577,215.95185298475621,Eicosanoid metabolism
AMETr,-1,0,-791.1347073364258,NA,"Transport, endoplasmic reticular"
AMETt2m,-1.051400977967648,0,-394.57875133666994,9.886771977681189,"Transport, mitochondrial"
AMPDA,0.8319736768200778,0,632.6454488700866,58.025445449996,Nucleotide interconversion
AMPTASECGe,0.9393754881277269,0,73.92319044320332,2.3108249867521935,Glutathione metabolism
AMY2e,0.37292318255818246,0,26.89714355100095,12.285155783304432,Starch and sucrose metabolism
APAT2rm,-1,0,NA,4.919641020021586,Beta-Alanine metabolism
APNNOXte,-0.42076638784607007,0,-7.4737825876137975,-3.0469935956464282,"Transport, extracellular"
APPNNte,0.4207663878450313,0,7.473782587612847,3.046993595653733,"Transport, extracellular"
APRTO2,0.43859856298507754,0,15.481381532355288,6.041483748743808,Arginine and proline metabolism
ARACHCOAtx,-1.268293056801701,0,-2.8371270387677856,23.98659003709461,"Transport, peroxisomal"
ARACHCPT1,1.2108791984591516,0,2.4933472102280154,-26.140508508699945,Fatty acid oxidation
ARACHCPT2,1.2108791984591516,0,2.4933472102280154,-26.140508508699945,Fatty acid oxidation
ARACHCRNt,-1,0,NA,583.5561353880883,Fatty acid oxidation
ARACHDCOAtx,-1,0,NA,122.36222181337327,"Transport, peroxisomal"
ARGDCm,-1,0,NA,60.39799419784844,Arginine and proline metabolism
ARGSS,0.5677241578163295,0,13.416190488930518,3.699308334048421,Alanine and aspartate metabolism
ARGt4,0.4329919534829394,0,152.07579898990468,60.17354214600176,"Transport, extracellular"
ARSA,0.3883689249036992,0,4.381803689857583,1.9303567327210427,Sphingolipid metabolism
ASNGLNNaEx,-0.582576439941664,0,10.103526925010327,38.30546524399103,"Transport, extracellular"
ASNNm,-0.36075626071246136,0,43.95309567007153,93.56282499912083,Alanine and aspartate metabolism
ASNSERNaEx,-0.8119948899176958,0,8.083307117820342,77.90698446820788,"Transport, extracellular"
ASNt4,-0.6743800320533923,0,6.37319024834398,32.77176937150955,"Transport, extracellular"
ASNTHRNaEx,0.34236488596042186,0,422.3078346929789,206.89192926066517,"Transport, extracellular"
ASNtm,-0.36075626071246136,0,43.95309567007153,93.56282499912083,"Transport, mitochondrial"
ASPCTr,0.5118782167365385,0,-36.0880255184412,-111.77681787029505,Pyrimidine synthesis
ASPGLUm,-0.5531315638876911,0,7.190715030274412,24.991978797164375,"Transport, mitochondrial"
ASPTAm,-9.330291522095703,0,-25.690561444791825,31.858547613498846,Alanine and aspartate metabolism
ATPasel,0.5788246793705609,0,13.754202840169146,3.6691412712905422,"Transport, lysosomal"
ATPH1e,0.9851078736555033,0,162.35111577692032,1.2179455637681325,Nucleotide interconversion
ATPH2e,0.9425375339957055,0,201.51379556189255,5.961006891358827,Nucleotide interconversion
B_MANNASEly,0.3821834792189065,0,7.0345624021899535,3.1443501777307596,N-glycan degradation
B3GALT3g,0.3624371151473375,0,10.035986373644207,4.696416703262413,Sphingolipid metabolism
B3GALT42g,0.36645369581791876,0,3.9132151329856044,1.814333696458294,Sphingolipid metabolism
B3GALT43g,0.7694354908928389,0,5.006476054966068,0.6523638188061617,Sphingolipid metabolism
B3GALT5g,0.48760731490850867,0,2.9746099007561804,1.0245770768086964,Sphingolipid metabolism
B3GNT11g,0.36457479065646853,0,5.27589945177061,2.456764947272677,Blood group synthesis
B3GNT312g,0.36457479065255016,0,5.2758994517229265,2.456764947272677,Blood group synthesis
B3GNT313g,0.4014054610594914,0,0.6809431050296204,0.2908571682686061,Blood group synthesis
B3GNT31g,0.44682218053839534,0,2.0705964565806565,0.7916716015578228,Sphingolipid metabolism
B3GNT32g,0.44682218053839534,0,2.0705964565806565,0.7916716015578228,Sphingolipid metabolism
B3GNT33g,0.44682218053839534,0,2.0705964565806565,0.7916716015578228,Sphingolipid metabolism
B3GNT39g,0.548582091263735,0,6.702127034652463,1.9536969897402363,Sphingolipid metabolism
BAAT1x,-0.38064671991818333,0,14.001204701560514,31.21113259230496,Bile acid synthesis
BAAT2x,-0.9294245186385998,0,8.633389994740902,236.02353131002113,Bile acid synthesis
BALAtmr,-1,0,NA,4.919641020021586,"Transport, mitochondrial"
BAMPPALDOX,0.7205508630375635,0,17.833288698206413,2.896454410605211,Beta-Alanine metabolism
BCDO,0.5629758038312349,0,16.3989335836911,4.585311397572607,Vitamin A metabolism
BDHm,1.0389243889420485,0,15.727746168454226,-823.8455661743164,Butanoate metabolism
BHBtm,1.0389243889420485,0,15.727746168454226,-823.8455661743164,"Transport, mitochondrial"
BHMT,-0.7266946631134007,0,51.49599265522733,325.3425516765594,"Glycine, serine, alanine, and threonine metabolism"
BILDGLCURt,-3.058541407921253,0,-107.25588865383854,211.46160270080267,"Transport, extracellular"
BILDGLCURtr,-2.0996008578710166,0,-2.132826919748464,6.012101666546898,"Transport, endoplasmic reticular"
BILGLCURt,0.7148661248151307,0,-13.658928716932483,-82.14819843045807,"Transport, extracellular"
BILIRED,0.6266010959546745,0,4.250143336603599,0.9756533841457272,Heme degradation
BILIRUBt2,-1.2761981046532556,0,-318.4709703741193,38.643858908675426,"Transport, extracellular"
BILIRUBtr,-1,0,-301.52719957151413,NA,"Transport, endoplasmic reticular"
BIOCYTtn,0.35035854839478364,0,7.496823835672119,3.6066328641560035,"Transport, nuclear"
BTND1n,0.35035854839478364,0,7.496823835672119,3.6066328641560035,Biotin metabolism
BTNDe,-0.3727120899669906,0,31.33754255137369,68.57684141857922,Biotin metabolism
BTNt2m,-0.3880545591199068,0,23.649051372740324,53.64232067744937,"Transport, mitochondrial"
BTNtn,-0.966723135073544,0,0.19166734156735407,11.327887880413536,"Transport, nuclear"
C160CPT1,-2.5765997559993146,0,-137.50415272034556,60.6131601010574,Fatty acid oxidation
C160CPT2,-0.6732902122190388,0,-273.47013894319537,-53.395024010853255,Fatty acid oxidation
C160CRNt,0.42970121396096506,0,-273.47013894319537,-685.571491997528,Fatty acid oxidation
C161CPT1,-0.8156077729605482,0,-73.44742508539333,-7.459284149089867,Fatty acid oxidation
C161CPT2,-0.3606843056034289,0,-51.5909799950731,-24.239952694627924,Fatty acid oxidation
C161CPT22,0.4835112377513326,0,346.3104438766479,120.56899062170639,Fatty acid oxidation
C180CPT1,-5.160891155032764,0,-34.179323010137466,50.608170454895166,Fatty acid oxidation
C180CPT2,1.3631760266878727,0,8.188165236187364,-1.2583680956302559,Fatty acid oxidation
C180CRNt,-1,0,NA,806.3540453796387,Fatty acid oxidation
C181CPT1,0.5067829667738928,0,270.35163576974867,88.4945175665699,Fatty acid oxidation
C181CPT2,-1.0326536442599352,0,-2.2329942559107896,139.0014503666788,Fatty acid oxidation
C204CPT1,1.0078086695164947,0,0.5092052640194655,-130.92969826704712,Fatty acid oxidation
C204CPT2,-0.8511772019103019,0,4.232906191956557,52.652278689533325,Fatty acid oxidation
C226COAtx,0.8933152260592606,0,415.00921584415437,23.384993563808862,"Transport, peroxisomal"
C226CPT1,0.7246625793297078,0,282.1023900513649,45.0368352468431,Fatty acid oxidation
C226CPT2,0.7246625793297078,0,282.1023900513649,45.0368352468431,Fatty acid oxidation
C4STMO1r,0.4759724088143083,0,0.6637144387141874,0.23564443107304472,Cholesterol metabolism
CAROtr,0.5629758038312349,0,16.3989335836911,4.585311397572607,"Transport, extracellular"
CAt7r,2.5938180210948283,0,218.86309969296457,-97.0633321987331,"Transport, extracellular"
CBPPer,-0.5347016228753049,0,13.889473238272819,45.811887957537174,Glycolysis/gluconeogenesis
CBPSam,0.3387804739120857,0,8.120662131196328,4.010769854014402,Glutamate metabolism
CBPter,-0.5347016228753049,0,13.889473238272819,45.811887957537174,"Transport, endoplasmic reticular"
CDPDAGtm,-0.4238155924583821,0,-6.415540372452529,-2.596217057981784,"Transport, mitochondrial"
CDSm,0.42248230613083365,0,10.622257433103817,4.312560929588462,Glycerophospholipid metabolism
CEPTC,0.34850926572479135,0,14.945691841678764,7.220550870262579,Glycerophospholipid metabolism
CERT1rt,-0.4742228934762217,0,13.487166304129886,37.81657490781247,"Transport, endoplasmic reticular"
CERT2gt,0.548582091263735,0,6.702127034652463,1.9536969897402363,"Transport, golgi apparatus"
CERT2rt,-0.3809565900505917,0,0.49659713066750266,1.1078045080094598,"Transport, endoplasmic reticular"
CHAT,2.1672453834492136,0,66.00642798900215,-179.1042031867981,Glycerophospholipid metabolism
CHLPCTD,0.39232259989941354,0,20.147976612833467,8.793558365179575,Glycerophospholipid metabolism
CHOLATEt,1.696840135209515,0,617.838192851603,-159.64403830368892,"Transport, extracellular"
CHOLATEt2,0.44329569144663117,0,87.55430512410105,33.77122178347865,"Transport, extracellular"
CHOLATEt3,0.38193021406187017,0,5.577431733128341,2.4945123873128012,"Transport, extracellular"
CHOLPtl,-0.5469862943751141,0,-7.9455692463296375,-2.326750909601868,"Transport, lysosomal"
CHOLtr,0.7849622744359537,0,363.97684037218096,43.84896702444572,"Transport, endoplasmic reticular"
CHSTEROLSULT,0.43486285565775706,0,3.3610216679474,1.323776819510372,Steroid metabolism
CHSTEROLtg,-0.46011188551772986,0,76.88204241499808,207.92527359241097,"Transport, golgi apparatus"
CHTNASE,0.4294755663193456,0,4.022828717688995,1.6055692941036643,Aminosugar metabolism
CHTNASEe,0.4899683786803627,0,157.85504922029972,54.035419703757576,Aminosugar metabolism
CITRtm,0.6151097414348067,0,241.6350024390936,57.583058402312204,"Transport, mitochondrial"
CITt4_2,1.014788126490506,0,2.712170653748978,-369.5159920154572,"Transport, extracellular"
CITtam,2.3967730611119133,0,41.69126365998797,-101.38780967842173,"Transport, mitochondrial"
CLFORtex,0.4546201365151158,0,448.42050265307427,168.126032619524,"Transport, extracellular"
CLHCO3tex2,-0.3354754879191798,0,267.22233765591534,537.0289210949898,"Transport, extracellular"
CLI2tex,0.654380942545521,0,219.64470199222563,45.88628466707217,"Transport, extracellular"
CMPACNAtg,0.3622938494431835,0,51.77178080408266,24.234993835975462,"Transport, golgi apparatus"
CMPACNAtn,0.6751482885437803,0,48.97070217039781,9.49660189492578,"Transport, nuclear"
CMPSASn,0.6751482885437803,0,48.97070217039781,9.49660189492578,Aminosugar metabolism
CO2tp,-1.2904210777689464,0,-14.144719783833239,111.55307521378249,"Transport, peroxisomal"
COAtg,-0.7373301897017592,0,-263.0237979453683,-39.767000838276374,"Transport, golgi apparatus"
COAtr,1,0,212.53829781927095,NA,"Transport, endoplasmic reticular"
CORE3GTg,0.3485667887444521,0,0.4211722940746675,0.20344978262171765,O-glycan metabolism
CORE4GTg,0.3485667887444521,0,0.4211722940746675,0.20344978262171765,O-glycan metabolism
CORE6GTg,0.3692823411507097,0,1.4550840086706007,0.6702395494317925,O-glycan metabolism
COt,0.5360133760243325,0,1.642268579011607,0.49608334506120944,"Transport, extracellular"
COUCOAFm,0.4033014330295306,0,0.8915769175365829,0.37910790690885876,Ubiquinone synthesis
CREATt4_2_r,0.7138767649894324,0,120.58924764159694,20.131777469377685,"Transport, extracellular"
CRNCAR3tp,-0.6479926065694387,0,48.11939785364157,225.28052925972938,"Transport, peroxisomal"
CRNt,1.1321172188259534,0,28.46536896200268,-459.3761800577462,"Transport, extracellular"
CRNtim,-1,0,NA,461.27052211990355,"Transport, mitochondrial"
CRTSLtm,-0.5171937564783707,0,-9.155963999612874,-2.9136401106297223,"Transport, mitochondrial"
CRTSLtr,1,0,NA,-364.2587931837082,"Transport, endoplasmic reticular"
CSDPASEly,-0.3664119756810076,0,3.5687418932516506,7.696439127451787,Chondroitin sulfate degradation
CSEPASEly,0.8700972872708984,0,12.422012399122027,0.8628712095269373,Chondroitin sulfate degradation
CSNAT2m,-0.5324842949140354,0,33.02140681763436,108.24189817256928,Fatty acid oxidation
CSNATer,-1.3033679611006979,0,-517.4440007781982,68.15060995502286,Fatty acid oxidation
CSNATp,0.7425399035277301,0,668.4862030033112,98.768769637461,Fatty acid oxidation
CSNt,0.7966526799280799,0,75.12655936115831,8.502914716341897,"Transport, extracellular"
CSPG_At,0.3889118823544238,0,0.7141180486232755,0.3141949173695465,"Transport, extracellular"
CSPG_Bt,0.5387773546816259,0,0.710114097350965,0.21284476370907196,"Transport, extracellular"
CSPG_Dtly,-0.3664119756810076,0,3.5687418932516506,7.696439127451787,"Transport, lysosomal"
CSPG_Etly,0.8700972872708984,0,12.422012399122027,0.8628712095269373,"Transport, lysosomal"
CTPtn,0.6751482885437803,0,48.97070217039781,9.49660189492578,"Transport, nuclear"
CYANt,-0.6010381233870685,0,125.27594144997597,502.73364439582826,"Transport, extracellular"
CYSALANaEx,-0.447804292296166,0,21.998370821951376,57.67762272543069,"Transport, extracellular"
CYSASNNaEx,-0.5542410826873717,0,31.990763535734175,111.54316161196083,"Transport, extracellular"
CYSGLNNaEx,0.7559106205551943,0,164.51523662202655,22.869285911368834,"Transport, extracellular"
CYSGLUexR,-1.9715473203334715,0,-16.860210442343867,51.568165658682304,"Transport, extracellular"
CYSGLYexR,0.803816395019524,0,439.74286569976806,47.82656421996434,"Transport, extracellular"
CYTD,-1,0,NA,185.88611949939093,Pyrimidine catabolism
CYTDK1,0.8323678298578929,0,143.4329290934341,13.121804902914091,Nucleotide interconversion
CYTDK2m,0.4238155924583821,0,6.415540372452529,2.596217057981784,Nucleotide interconversion
CYTDt,-1.0288395491237106,0,-224.07460510063171,3.1851757739870963,"Transport, extracellular"
CYTDtl,0.44533180204192097,0,6.558160030200304,2.5167942757038966,"Transport, lysosomal"
CYTDtm,0.4238155924583821,0,6.415540372452529,2.596217057981784,"Transport, mitochondrial"
CYTK10,-0.9792653966017736,0,3.3556048670157406,320.3163557264328,Nucleotide interconversion
CYTK10n,-1.2362813705578228,0,-407.77586857910154,43.08484718282255,Nucleotide interconversion
CYTK11,0.6098764393597126,0,-83.00505280304766,-342.52706664555075,Nucleotide interconversion
CYTK11n,-0.39341611412154365,0,-509.51086833953855,-221.80099633019267,Nucleotide interconversion
CYTK12,1.2061527054793733,0,15.877546861459287,-169.9143015529752,Nucleotide interconversion
CYTK13,-2.2966636806236753,0,-86.05047709599094,33.8458936550064,Nucleotide interconversion
CYTK13n,-2.6413070735039423,0,-47.90461183578162,21.59284473195197,Nucleotide interconversion
CYTK14,1.004430098729264,0,560.518432518959,-1.2388319239496293,Nucleotide interconversion
CYTK1m,0.42248230613083365,0,10.622257433103817,4.312560929588462,Nucleotide interconversion
CYTK2n,-0.6578720244826992,0,-597.5365539367676,-123.3110689347446,Nucleotide interconversion
CYTK3,1.254175247840991,0,52.94975900588036,-469.5895337726593,Nucleotide interconversion
CYTK3n,3.877940294427746,0,296.908577158165,-175.17335317547918,Nucleotide interconversion
CYTK4,-0.7356312893483019,0,73.93412848908147,485.391733537674,Nucleotide interconversion
CYTK4n,9.399183336382585,0,82.13112488269508,-101.68805597787173,Nucleotide interconversion
CYTK5,-1.6400569013594644,0,-144.5018990490893,596.0301889313512,Nucleotide interconversion
CYTK5n,-20.36056269727078,0,-96.56450872896463,106.53989118441125,Nucleotide interconversion
CYTK6,2.5588348389631155,0,584.1299294769287,-255.85960735817713,Nucleotide interconversion
CYTK6n,1.1616882855438109,0,417.3306849372864,-31.215177231419833,Nucleotide interconversion
CYTK7,-0.5152470186945973,0,171.34826240291596,535.6025723974734,Nucleotide interconversion
CYTK7n,-1.5607691473250556,0,-137.14462121689022,626.2750303026558,Nucleotide interconversion
CYTK8,-1.0321288180500197,0,-203.24059248331784,3.213319922572933,Nucleotide interconversion
CYTK8n,2.3784613198939413,0,555.3388657714844,-226.58632833594083,Nucleotide interconversion
CYTK9,0.49487813171313966,0,-151.6229804203272,-448.71919417037964,Nucleotide interconversion
CYTK9n,-0.5104263773910018,0,64.61547834749021,199.35086037454457,Nucleotide interconversion
DADA,0.60608887306069,0,79.70439268895369,19.548387186250462,Nucleotide interconversion
DADAe,0.5137404239263408,0,82.4206371241128,26.476021538579324,Nucleotide interconversion
DADNt4,-0.5137404239263408,0,-82.4206371241128,-26.476021538579324,"Transport, extracellular"
DAGt,-1,0,-203.0573233689308,NA,"Transport, extracellular"
DALAOXx,0.5009014732436082,0,26.19683091821226,8.711297810048778,D-alanine metabolism
DALAxt,0.5009014732436082,0,26.19683091821226,8.711297810048778,D-alanine metabolism
DASCBR,0.8436514324145444,0,358.7371711708188,30.42225979710277,Vitamin C metabolism
DCK1n,-1.5880470884628852,0,-412.31103312225343,93.68388374752034,Nucleotide interconversion
DCK2n,1.0626079713747747,0,20.2674923461271,-667.7087654327393,Nucleotide interconversion
DCSPTN1t,0.33667534930854776,0,22.63812047046146,11.234158960998082,"Transport, extracellular"
DCYTD,-1,0,NA,516.4182850898743,Pyrimidine catabolism
DCYTDn,0.8102434878470078,0,221.3084877635956,23.19838575849207,Nucleotide interconversion
DDPGAm,0.4422331266980552,0,27.18059967111377,10.511780524510844,Arginine and proline metabolism
DECDPtm,0.4033014330295306,0,0.8915769175365829,0.37910790690885876,"Transport, mitochondrial"
DESAT18_4,-0.4227240044668279,0,3.8986044972412848,9.608295243637544,Fatty acid synthesis
DESAT18_5,0.5895985746562508,0,12.576973788898183,3.247114115330018,Fatty acid synthesis
DESAT18_6,0.7073371916438971,0,12.248666268103625,2.0996022848821942,Fatty acid synthesis
DESAT18_9,0.6948407010153403,0,61.795143549338725,11.126333392203529,Fatty acid synthesis
DESAT20_1,0.39684926368457535,0,4.3323792152730185,1.8706941268643758,Fatty acid synthesis
DESAT20_2,0.5071050313937937,0,12.954837288571499,4.236847456307454,Fatty acid synthesis
DESAT22_1p,0.41449461530690807,0,5.107542475589864,2.1141781592132056,Fatty acid synthesis
DESAT22_2p,0.3633630687453149,0,4.285162766989414,2.001002474281193,Fatty acid synthesis
DGAT,0.34697913151423704,0,5.073880360252499,2.4598374851733342,Triacylglycerol synthesis
DGSNt,-1.1169414574029,0,-587.2318925689697,32.439136713173994,"Transport, extracellular"
DGULND,-1,0,-834.8868170959473,NA,Pentose phosphate pathway
DHAAt1r,0.8522984818788929,0,353.5097379412174,28.188720919076168,"Transport, extracellular"
DHCR241r,0.4428991485415495,0,1.25231747337324,0.4835175981756688,Cholesterol metabolism
DHCR243r,0.6896125592642878,0,3.0576396942236386,0.5616985705854659,Cholesterol metabolism
DHCR71r,0.8814879951318672,0,15.090238128009608,0.9505106485479412,Cholesterol metabolism
DHCR72r,0.7608210393524397,0,7.541000164340716,1.024322484364115,Cholesterol metabolism
DHCRD1,0.7191023807305538,0,53.514021724736594,8.744075669084888,Sphingolipid metabolism
DHDPBMTm,0.4033014330295306,0,0.8915769175365829,0.37910790690885876,Ubiquinone synthesis
DHEASt,16.002587100261877,0,317.32993231821956,-280.00267965402566,"Transport, extracellular"
DHEAStr,0.3943467204270716,0,-99.18172035250683,-228.338079168579,"Transport, extracellular"
DHEASULT,0.5769777984174812,0,4.91683196779265,1.3189336501212585,Steroid metabolism
DHEAtr,0.7984422526347736,0,-47.64632296402084,-425.1345409507245,"Transport, endoplasmic reticular"
DHFtl,-0.4634246397512479,0,-6.098473245819419,-2.2360498723044278,"Transport, lysosomal"
DINt,-2.2202020263587925,0,-439.7206318328857,166.61936164326667,"Transport, extracellular"
D_LACtm,0.6868453509125612,0,-79.26064499989003,-426.9470401222229,"Transport, mitochondrial"
DLNLCGCPT1,-0.6991939239643028,0,-354.5489299227506,-62.765332943221225,Fatty acid oxidation
DLNLCGCPT2,0.3506280472074347,0,29.547493184874977,14.206215685553891,Fatty acid oxidation
DLNLCGCRNt,1,0,NA,-124.28487129647732,Fatty acid oxidation
DLNLCGt,0.4894816948264324,0,30.159571264840896,10.33716175255326,"Transport, extracellular"
DM_Asn_X_Ser_Thr_ly_,0.3821834792189065,0,7.0345624021899535,3.1443501777307596,Exchange/demand reaction
DM_dctp_m_,-0.5500463068831719,0,20.067577903887535,69.13083611458391,Exchange/demand reaction
DM_dem2emgacpail_prot_hs_r_,0.3814020066673494,0,4.835798910173637,2.165492367576952,Exchange/demand reaction
DM_dsT_antigen_g_,0.37627105091964835,0,2.033375605059988,0.9215301218333458,Exchange/demand reaction
DM_dttp_m_,0.6367365366162077,0,65.94457670036554,14.635987397872888,Exchange/demand reaction
DM_dttp_n_,-1,0,NA,5.682667193445336,Exchange/demand reaction
DM_ethamp_r_,1,0,28.279287705818923,NA,Exchange/demand reaction
DM_sTn_antigen_g_,0.44239117145985674,0,3.7810686321708027,1.4617097583041614,Exchange/demand reaction
DMATTx,0.4514470284261636,0,5.267728055826912,1.9908600326944128,Cholesterol metabolism
DMNONCRNCPT2,0.5377579039828607,0,14.397753726180177,4.32789052365832,Fatty acid oxidation
DNDPt30m,1,0,20.067577903887535,NA,"Transport, mitochondrial"
DOLGLCP_Lter,0.4917540092492774,0,0.6386069553639596,0.21757570129983905,N-glycan synthesis
DOLGPP_Ler,0.4556999133006393,0,6.469909491212066,2.4191608894301346,N-glycan synthesis
DOLICHOL_Lter,0.49175400924919627,0,0.6386069553639596,0.21757570129988563,N-glycan synthesis
DOLPGT3_Ler,0.49175400924919627,0,0.6386069553639596,0.21757570129988563,N-glycan synthesis
DOPABMO,-1,0,NA,2.233538865523178,Tyrosine metabolism
DOPAMT,-0.8455608052126311,0,2.8768655927935964,34.378775331188834,Tyrosine metabolism
DOPAVESSEC,0.3905786395002,0,5.157870995927412,2.2604379718865153,"Transport, extracellular"
DPHMBDCm,0.4033014330295306,0,0.8915769175365829,0.37910790690885876,Ubiquinone synthesis
DPPS,0.4033014330295306,0,0.8915769175365829,0.37910790690885876,Miscellaneous
DTDPtn,-1.0363671592798491,0,-318.19908618106246,5.682667193445336,"Transport, nuclear"
DUDPtn,-0.585344138435622,0,18.85671938739242,72.09445789128591,"Transport, nuclear"
DUMPtn,-0.3424879193882236,0,-4.976325505319058,-2.4372615124125976,"Transport, nuclear"
DURIt,-0.6322159831795333,0,-513.4740212127685,-115.70009116484523,"Transport, extracellular"
DURItn,-0.8102434878470078,0,-221.3084877635956,-23.19838575849207,"Transport, nuclear"
DUTPDPn,0.34248791938599427,0,4.976325505343321,2.437261512436792,Nucleotide interconversion
ECOAH12m,-0.9272991290292885,0,14.166114877418126,375.5435182609558,"Valine, leucine, and isoleucine metabolism"
ECOAH9m,-0.38855953711079605,0,-190.69381530902385,-83.97041076486036,"Valine, leucine, and isoleucine metabolism"
EHGLAT2m,0.5566145270276902,0,14.593975355746597,4.156942231555335,Arginine and proline metabolism
EICOSTETt,0.44670040195547656,0,8.36161931771486,3.1979534955816913,"Transport, extracellular"
ELAIDCPT1,2.649581243546981,0,71.56356424879432,-158.32929892084493,Fatty acid oxidation
ELAIDCPT2,-0.747604736367594,0,4.932234629373145,34.15118205911559,Fatty acid oxidation
ELAIDt,-1,0,-72.32204614037946,NA,"Transport, extracellular"
ENGASE2ly,0.48661190348477246,0,3.691343690249539,1.2747724582847848,N-glycan degradation
ESTRADIOLGLCt,-1.4442928456005328,0,-3.894224526725517,0.7078432109722045,"Transport, extracellular"
ESTRADIOLGLCt2,0.4593667640235375,0,7.582748294882855,2.8090853165348655,"Transport, extracellular"
ESTRADIOLGLCtr,-0.69049803428834855,0,-11.476972811043572,-2.1012421034446898,"Transport, endoplasmic reticular"
ESTRIOLGLCte,0.4443148574540534,0,3.874397591173167,1.4906342385245617,"Transport, extracellular"
ESTRIOLGLCtr,-0.44431485743758953,0,-3.874397591173167,-1.4906342385857176,"Transport, endoplasmic reticular"
ESTRONEGLCt,0.3824898279987226,0,3.8756124642229266,1.731101430856101,"Transport, extracellular"
ESTRONEGLCtr,-0.38248982799784864,0,-3.8756124642149916,-1.731101430856101,"Transport, endoplasmic reticular"
ETF,0.9272202122269606,0,33.299442532172144,1.2575243581798825,Fatty acid oxidation
ETFQO,0.9272202122269606,0,33.299442532172144,1.2575243581798825,Fatty acid oxidation
EX_10fthf[e],-0.35252124262643253,0,151.1843359519005,315.809628653717,Exchange/demand reaction
EX_10fthf7glu[e],0.35252124262643253,0,-151.1843359519005,-315.809628653717,Exchange/demand reaction
EX_13_cis_retnglc[e],0.7062001730979026,0,51.445657657569086,8.858705767925782,Exchange/demand reaction
EX_1glyc_hs[e],0.37139293170347526,0,18.457111119536805,8.46020877157611,Exchange/demand reaction
EX_2hb[e],-0.8479089680560554,0,-90.84792223307763,-7.477183390114311,Exchange/demand reaction
EX_3aib[e],-1,0,NA,6.228439187472258,Exchange/demand reaction
EX_3mlda[e],0.44779219643637286,0,22.848906371607924,8.71488631611165,Exchange/demand reaction
EX_4pyrdx[e],0.45348632608213496,0,10.029876748893201,3.771253084820038,Exchange/demand reaction
EX_5adtststeroneglc[e],0.7287774694742142,0,10.490658452773914,1.645846838406813,Exchange/demand reaction
EX_5adtststerones[e],-1,0,NA,243.07639752726556,Exchange/demand reaction
EX_5fthf[e],-0.4050342183581983,0,-268.0806749649048,-113.51953300463595,Exchange/demand reaction
EX_5mthf[e],1,0,NA,-281.76408712997437,Exchange/demand reaction
EX_abt[e],-1,0,NA,447.4811171391487,Exchange/demand reaction
EX_acetone[e],1,0,149.16121541247367,NA,Exchange/demand reaction
EX_acgalfucgalacgalfucgalacglcgal14acglcgalgluside_hs[e],0.4014054610595453,0,0.6809431050296262,0.29085716826857116,Exchange/demand reaction
EX_adrn[e],0.7055873637016088,0,7.119004929506211,1.2288581949671658,Exchange/demand reaction
EX_ala_B[e],0.5561998947007731,0,231.55901946247815,66.0364504395455,Exchange/demand reaction
EX_ala_D[e],-1,0,NA,853.3492167358398,Exchange/demand reaction
EX_aldstrn[e],0.6749761646952137,0,11.656559237341071,2.261918509429913,Exchange/demand reaction
EX_apnnox[e],0.4207663878450313,0,7.473782587612847,3.046993595653733,Exchange/demand reaction
EX_appnn[e],-0.4207663878448706,0,-7.473782587612847,-3.0469935956549237,Exchange/demand reaction
EX_arach[e],1,0,7.871768868603275,NA,Exchange/demand reaction
EX_atp[e],-1,0,-363.86491126475335,NA,Exchange/demand reaction
EX_bhb[e],-1.0389243889420485,0,-15.727746168454226,823.8455661743164,Exchange/demand reaction
EX_biocyt[e],0.3727120899669906,0,-31.33754255137369,-68.57684141857922,Exchange/demand reaction
EX_camp[e],0.8320630802567854,0,12.5488429251533,1.150295560181419,Exchange/demand reaction
EX_caro[e],-0.5629758038312349,0,-16.3989335836911,-4.585311397572607,Exchange/demand reaction
EX_clpnd[e],0.5308603282416631,0,7.801747292797095,2.3908838034154964,Exchange/demand reaction
EX_co[e],0.5360133760243325,0,1.642268579011607,0.49608334506120944,Exchange/demand reaction
EX_crn[e],-3.735588593528612,0,-498.7334818572998,288.1013832248971,Exchange/demand reaction
EX_cspg_d[e],0.40669228893470377,0,-3.1423191410860403,-7.450225275516743,Exchange/demand reaction
EX_cyan[e],0.6010381233870685,0,-125.27594144997597,-502.73364439582826,Exchange/demand reaction
EX_dcsptn1[e],-0.3387136265909841,0,-18.391038085574948,-9.084648603903927,Exchange/demand reaction
EX_dheas[e],0.37781934454370236,0,-377.32748637824056,-835.591890234375,Exchange/demand reaction
EX_eicostet[e],-1,0,-6.140015475173621,NA,Exchange/demand reaction
EX_elaid[e],0.8789203545209101,0,76.71759899695925,4.943764468892191,Exchange/demand reaction
EX_estradiolglc[e],0.6904980342872962,0,11.4769728109974,2.1012421034446898,Exchange/demand reaction
EX_estriolglc[e],0.4443148574540534,0,3.874397591173167,1.4906342385245617,Exchange/demand reaction
EX_estroneglc[e],0.3824898279987226,0,3.8756124642229266,1.731101430856101,Exchange/demand reaction
EX_estrones[e],-0.4086470562881704,0,-23.161066852443014,-9.72306370254946,Exchange/demand reaction
EX_fucacgalfucgalacglcgalgluside_hs[e],0.36124698937196603,0,7.102835540894396,3.332942236908304,Exchange/demand reaction
EX_fucfucfucgalacglcgal14acglcgalgluside_hs[e],0.6236898495161732,0,1.7733815373488606,0.4110030455532157,Exchange/demand reaction
EX_fuc_L[e],-0.5165813706470708,0,41.48341225527711,130.1417992546886,Exchange/demand reaction
EX_galfucgalacglcgal14acglcgalgluside_hs[e],0.35825576760783445,0,0.5867335194973339,0.27721792983932725,Exchange/demand reaction
EX_galgalgalthcrm_hs[e],0.4468221805406992,0,2.070596456592577,0.7916716015578228,Exchange/demand reaction
EX_gchola[e],-1,0,-23.609718370062204,NA,Exchange/demand reaction
EX_gd1c_hs[e],0.9865225408670188,0,5.294092582109782,0.03591749650646382,Exchange/demand reaction
EX_glygn2[e],-0.37292318255818246,0,-26.89714355100095,-12.285155783304432,Exchange/demand reaction
EX_gq1b_hs[e],0.7622884310736786,0,-0.3194885114026778,-2.3685465122667257,Exchange/demand reaction
EX_gthox[e],0.4863867982215273,0,4.673707961840617,1.6149753976089463,Exchange/demand reaction
EX_gthrd[e],-1,0,-517.1677614112854,NA,Exchange/demand reaction
EX_gtp[e],-0.7590485474040145,0,-32.000801203240826,-4.383414855454399,Exchange/demand reaction
EX_hdca[e],-1,0,NA,133.1894653326243,Exchange/demand reaction
EX_hista[e],0.603010541148958,0,-56.14274729737893,-226.69976171969174,Exchange/demand reaction
EX_hpdca[e],-0.4228434560030269,0,-7.934623904208226,-3.2185691905510976,Exchange/demand reaction
EX_htaxol[e],0.5919245653474837,0,15.881228549090247,4.071009006366672,Exchange/demand reaction
EX_i[e],0.531507662889841,0,-3.8537713756806804,-12.598029733606289,Exchange/demand reaction
EX_idp[e],1,0,NA,-30.354933797976376,Exchange/demand reaction
EX_imp[e],0.7477087477298053,0,26.451072475340446,3.8183560088954938,Exchange/demand reaction
EX_ksii_core2[e],-0.3421757871748718,0,-2.5895206786272866,-1.269170117871039,Exchange/demand reaction
EX_Lcystin[e],0.5256395721008098,0,-187.69977058490514,-603.6806209716797,Exchange/demand reaction
EX_leuktrD4[e],0.976975447363175,0,653.6196229217529,7.612284427960846,Exchange/demand reaction
EX_lnlncg[e],0.40034308942518154,0,21.405521750322613,9.166302986012877,Exchange/demand reaction
EX_mercplaccys[e],0.8305836319514145,0,598.923117276001,55.4289776758641,Exchange/demand reaction
EX_n2m2nmasn[e],-0.48661190348477246,0,-3.691343690249539,-1.2747724582847848,Exchange/demand reaction
EX_nrpphrsf[e],0.3498435415239772,0,3.2199115107963867,1.55088067621678,Exchange/demand reaction
EX_nrvnc[e],9.83495515094813,0,4.104756854602091,-5.033965160580099,Exchange/demand reaction
EX_oagt3_hs[e],0.42215021267839636,0,14.562657879547611,5.917116689583359,Exchange/demand reaction
EX_oxa[e],0.3362610482658884,0,16.77496650910396,8.332352948981582,Exchange/demand reaction
EX_phyt[e],-0.5377579039828607,0,-14.397753726180177,-4.32789052365832,Exchange/demand reaction
EX_prostge1[e],0.41675543844563934,0,6.191846405873825,2.5490360892264823,Exchange/demand reaction
EX_s2l2fn2m2masn[e],0.6295287473064092,0,-26.760673525175545,-117.70761291058064,Exchange/demand reaction
EX_s2l2n2m2masn[e],-0.6434072785385481,0,25.3514951088432,116.83590010743141,Exchange/demand reaction
EX_spc_hs[e],-1,0,-9.724977858065976,NA,Exchange/demand reaction
EX_srtn[e],0.5988489323285453,0,-8.026710795814328,-31.99168348346131,Exchange/demand reaction
EX_strdnc[e],-0.40050808583660924,0,-144.7694407758713,-61.969016845230755,Exchange/demand reaction
EX_tagat_D[e],-0.81907294901384875,0,-43.15895719641447,-4.29263865059287,Exchange/demand reaction
EX_taxol[e],-0.5919245653464025,0,-15.881228549043309,-4.07100900636819,Exchange/demand reaction
EX_tcynt[e],-0.6010381233870685,0,125.27594144997597,502.73364439582826,Exchange/demand reaction
EX_tetpent3[e],-0.33282930580109554,0,-7.562561780375638,-3.7855707186020444,Exchange/demand reaction
EX_tetpent6[e],-0.4829407564287889,0,-11.094967938382993,-3.868499604449728,Exchange/demand reaction
EX_thym[e],0.3761015186899232,0,277.63546659755707,125.87468556312322,Exchange/demand reaction
EX_tststeroneglc[e],0.4679602764378948,0,2.825270812786714,1.0239761431900858,Exchange/demand reaction
EX_ttdca[e],0.6162549491651529,0,25.336747797531938,6.015667006356735,Exchange/demand reaction
EX_ump[e],-2.1572213618264002,0,-8.16981485980842,2.994495220464337,Exchange/demand reaction
EX_utp[e],-1,0,-877.2816539978028,NA,Exchange/demand reaction
EX_whddca[e],0.46389655787272216,0,3.6463324593121045,1.3353480285644623,Exchange/demand reaction
EX_whtststerone[e],0.5426008392579966,0,19.344757093505233,5.735946353810688,Exchange/demand reaction
EX_whttdca[e],0.5053686354970113,0,4.4918539837350036,1.4759254396113275,Exchange/demand reaction
F1Atg,0.3692823411507097,0,1.4550840086706007,0.6702395494317925,"Transport, golgi apparatus"
FACOAL140i,0.3572287245090095,0,3.2654174831292857,1.54647225094716,Fatty acid oxidation
FACOAL150,0.4194627205794454,0,5.6673598056027785,2.317858437098628,Fatty acid oxidation
FACOAL180i,0.5454698285278446,0,2.8187380690807213,0.8290045358535247,Fatty acid oxidation
FACOAL1812,0.46192894174227894,0,2.997528144552646,1.1032568648477292,Fatty acid oxidation
FACOAL1813,0.5749746549985658,0,5.089445130689764,1.3734463381185371,Fatty acid oxidation
FACOAL181i,0.7571244483303422,0,8.064768138996218,1.1147389205743614,Fatty acid oxidation
FACOAL1821,0.7038813633095419,0,20.660705935048696,3.590637356738097,Fatty acid oxidation
FACOAL1822,0.7099618912568753,0,8.025449840681032,1.3612503913131164,Fatty acid oxidation
FACOAL1831,0.554270080174984,0,4.751386985817824,1.3625915902645254,Fatty acid oxidation
FACOAL1832,0.6443176086807982,0,6.036521256442229,1.305760094281983,Fatty acid oxidation
FACOAL184,0.5745648821086075,0,8.09355416243358,2.1868150422891217,Fatty acid oxidation
FACOAL2042,0.7989634474450612,0,13.13879625353365,1.4682779170880382,Fatty acid oxidation
FACOAL205,0.6297249966108801,0,28.6852461352447,6.517314045028104,Fatty acid oxidation
FACOAL206,0.4718562028736535,0,12.061170740363188,4.32789052365832,Fatty acid oxidation
FACOAL2251,0.3361798111339274,0,21.67278845510301,10.767139576305798,Fatty acid oxidation
FACOAL2252,0.5966478697512447,0,5.142250246161362,1.2990576258899964,Fatty acid oxidation
FACOAL241,0.33979162713940686,0,1.9274741045809456,0.9498003395000364,Fatty acid oxidation
FACOAL245_1,0.41189738375569285,0,13.328707117029396,5.551853567309578,Fatty acid oxidation
FAEL183,0.5064445949342996,0,3.0495379074212936,0.999118004221169,Fatty acid synthesis
FAEL184,0.41535094296110847,0,3.5601348574668386,1.4706101675352963,Fatty acid synthesis
FAEL204,-0.4054956126036033,0,1.477892721545833,3.493955267728705,Fatty acid synthesis
FAH1,0.46389655787272216,0,3.6463324593121045,1.3353480285644623,Cytochrome metabolism
FAH2,0.5053686354970113,0,4.4918539837350036,1.4759254396113275,Cytochrome metabolism
FALDH,0.39581522602153724,0,-139.9215733356271,-323.25320154082436,Tyrosine metabolism
FALDtly,0.627116919901671,0,44.57964647410512,10.216227047754801,"Transport, lysosomal"
FAOXC16080x,0.4737739285716988,0,2.4162013132884184,0.8627294188219925,Fatty acid oxidation
FAOXC170m,0.43379244574354536,0,1.8028501695301558,0.7119492003259493,Fatty acid oxidation
FAOXC180,-0.45070327088826734,0,21.251859204644028,56.12657062511444,Fatty acid oxidation
FAOXC180x,0.4121469006331817,0,12.945593370139099,5.389033663825319,Fatty acid oxidation
FAOXC18280m,0.6978218161731251,0,7.396452621642603,1.316420014561519,Fatty acid oxidation
FAOXC183803m,0.8258640683684935,0,24.620715149916407,2.3481217711325124,Fatty acid oxidation
FAOXC183806m,0.7798330624394294,0,15.431320326654314,1.9088680902348865,Fatty acid oxidation
FAOXC183806x,0.5456955345757253,0,8.165409797798958,2.399943617730271,Fatty acid oxidation
FAOXC200180m,-0.40741883968429304,0,32.3552405745015,76.84580306739807,Fatty acid oxidation
FAOXC200180x,-0.3943620557762541,0,11.638343751197572,26.79499373103231,Fatty acid oxidation
FAOXC204,-0.3852020621204985,0,0.8116000461539895,1.8286171574146428,Fatty acid oxidation
FAOXC204184m,0.35122346825881195,0,8.17119279706651,3.9233170882538184,Fatty acid oxidation
FAOXC2251836x,0.7518463167697644,0,6.916549183214645,0.9797475604039323,Fatty acid oxidation
FAOXC2252053m,0.5214779722718192,0,7.435321993975504,2.3384928485402035,Fatty acid oxidation
FAOXC2252053x,0.4259354714034376,0,7.456895237633964,3.0020566394726775,Fatty acid oxidation
FAOXC226205m,0.7712610964324703,0,270.8144548042059,34.972710452975335,Fatty acid oxidation
FAOXC226205x,0.8791727539739338,0,422.5717775783539,27.170564294931292,Fatty acid oxidation
FAOXC240200x,0.45167621626579607,0,5.369246529623878,2.028059383998379,Fatty acid oxidation
FAOXC2452253x,0.3633630687453149,0,4.285162766989414,2.001002474281193,Fatty acid oxidation
FAOXC2452256x,0.5928458485370119,0,6.471750883866099,1.654271969896223,Fatty acid oxidation
FAOXC80,-0.3604438212327736,0,3.9726465650496947,8.450489030973008,Fatty acid oxidation
FAS100COA,0.4595454745931006,0,14.732843328666688,5.455418818867952,Fatty acid synthesis
FAS80COA_L,0.5605269074036764,0,15.86054196207982,4.4666204685478785,Fatty acid synthesis
FATP1t,-1.5294380835141537,0,-115.53880735785476,24.183491637031537,"Transport, extracellular"
FATP2t,-0.8164034256662092,0,63.23805686028675,625.6425182785034,"Transport, extracellular"
FATP3t,-1.0179471186985576,0,-4.583477753685858,515.3593667050719,"Transport, extracellular"
FATP6t,1,0,4.941578242810091,NA,"Transport, extracellular"
FATP7t,1,0,431.91280050964355,NA,"Transport, extracellular"
FATP8t,1,0,557.6775427642822,NA,"Transport, extracellular"
FATP9t,1,0,28.661248398192182,NA,"Transport, extracellular"
FBA5,0.6868482239887393,0,13.85014804415492,2.571184767169044,Galactose metabolism
FBP26,0.5547235291457412,0,6.165261766957056,1.7657454524996699,Fructose and mannose metabolism
FCOAH,0.5377579039828607,0,14.397753726180177,4.32789052365832,Fatty acid oxidation
FDH,0.6259939868113761,0,50.495439372503945,11.614801848654624,Fatty acid oxidation
FE3R2e,-0.4078004541181227,0,11.8577513442592,28.188720919076168,Heme synthesis
FKYNH,0.36633792893733536,0,6.389661427713241,2.9633123753089414,Tryptophan metabolism
FORMCOAtx,0.5377579039828607,0,14.397753726180177,4.32789052365832,"Transport, peroxisomal"
FPGS4,0.4495887146365913,0,2.943154163480377,1.1175206110445053,Folate metabolism
FPGS4m,0.4765704481607728,0,3.155319083044934,1.1185292619158136,Folate metabolism
FPGS5,0.4495887146365913,0,2.943154163480377,1.1175206110445053,Folate metabolism
FPGS5m,0.4765704481607728,0,3.155319083044934,1.1185292619158136,Folate metabolism
FPGS6,0.4495887146365913,0,2.943154163480377,1.1175206110445053,Folate metabolism
FPGS6m,0.4765704481607728,0,3.155319083044934,1.1185292619158136,Folate metabolism
FPGS7m,0.5951935544689395,0,4.716501913910778,1.1968894744852994,Folate metabolism
FPGS8,0.7380869815572108,0,9.594792775466386,1.4458431389342699,Folate metabolism
FPGS8m,0.5951935544689395,0,4.716501913910778,1.1968894744852994,Folate metabolism
FPGS9,0.7380869815572108,0,9.594792775466386,1.4458431389342699,Folate metabolism
FPGS9m,0.5951935544689395,0,4.716501913910778,1.1968894744852994,Folate metabolism
FRDPtr,0.4514470284261636,0,5.267728055826912,1.9908600326944128,"Transport, peroxisomal"
FRUt1r,7.376530053834539,0,100.24242686579994,-131.68348525319638,"Transport, extracellular"
FUC13GALACGLCGAL14ACGLCGALGLUSIDEtg,0.3820130838647588,0,0.7816132771470031,0.3495095555851511,"Transport, golgi apparatus"
FUCACGALFUCGALACGLCGALGLUSIDEte,-0.36124698937196603,0,-7.102835540894396,-3.332942236908304,"Transport, extracellular"
FUCACNGAL14ACGLCGALGLUSIDEtg,0.4836379741431689,0,2.292641774064058,0.7979258900429559,"Transport, golgi apparatus"
FUCASEe,-0.6434072785385481,0,25.3514951088432,116.83590010743141,N-glycan degradation
FUCFUCFUCGALACGLCGAL14ACGLCGALGLUSIDEte,-0.6236898495161732,0,-1.7733815373488606,-0.4110030455532157,"Transport, extracellular"
FUCFUCFUCGALACGLCGAL14ACGLCGALGLUSIDEtg,0.6236898495161732,0,1.7733815373488606,0.4110030455532157,"Transport, golgi apparatus"
FUMm,0.9106590189522189,0,-25.44314175776383,-544.1306744096756,Citric acid cycle
FUMSO3tm,-1,0,NA,29.18873792788276,"Transport, mitochondrial"
FUMtm,1,0,NA,-108.71635022929611,"Transport, mitochondrial"
FUT16g,0.5129129614287465,0,3.0410581601788436,0.9790781433755467,Blood group synthesis
FUT17g,0.4014054610594914,0,0.6809431050296204,0.2908571682686061,Blood group synthesis
FUT92g,0.4836379741431689,0,2.292641774064058,0.7979258900429559,Blood group synthesis
FUT94g,0.6236898495161732,0,1.7733815373488606,0.4110030455532157,Blood group synthesis
FUT95g,0.6236898495161732,0,1.7733815373488606,0.4110030455532157,Blood group synthesis
FUT98g,0.38201308386475885,0,0.7816132771470031,0.34950955558515107,Blood group synthesis
G14T18g,0.3485667887444521,0,0.4211722940746675,0.20344978262171765,Keratan sulfate synthesis
G14T19g,0.3485667887444521,0,0.4211722940746675,0.20344978262171765,Keratan sulfate synthesis
G14T20g,0.3485667887444521,0,0.4211722940746675,0.20344978262171765,Keratan sulfate synthesis
G14T21g,0.3485667887444521,0,0.4211722940746675,0.20344978262171765,Keratan sulfate synthesis
G6PDH1rer,2.179781346373596,0,276.20198153331876,-102.47809838121758,Pentose phosphate pathway
G6PPer,-0.6911366109144164,0,56.628765188217166,310.0625759634256,Glycolysis/gluconeogenesis
G6Pter,0.8904812823009051,0,-36.62055914607614,-632.1337855987549,"Transport, endoplasmic reticular"
GAL3ST11,0.3883689249036992,0,4.381803689857583,1.9303567327210427,Sphingolipid metabolism
GALFUCGALACGLCGAL14ACGLCGALGLUSIDEte,-0.35825576760783445,0,-0.5867335194973339,-0.27721792983932725,"Transport, extracellular"
GALFUCGALACGLCGAL14ACGLCGALGLUSIDEtg,0.35825576760783445,0,0.5867335194973339,0.27721792983932725,"Transport, golgi apparatus"
GALGALGALTHCRMte,0.4468221805406992,0,2.070596456592577,0.7916716015578228,"Transport, extracellular"
GALGALGALTHCRMtg,-0.44682218053839534,0,-2.0705964565806565,-0.7916716015578228,"Transport, golgi apparatus"
GALGLUSIDEtg,1.7708193223217095,0,6.88932085074663,-24.76464040032923,"Transport, golgi apparatus"
GALGT3,0.7694354908928389,0,5.006476054966068,0.6523638188061617,Sphingolipid metabolism
GALNACT2g,0.459798810595816,0,1.4242321459150566,0.5270396808290098,Chondroitin synthesis
GALSIDEtg,0.3883689249036993,0,4.381803689857584,1.9303567327210427,"Transport, golgi apparatus"
GAMt1r,0.44001095777287186,0,25.536682956519584,9.930662369817023,"Transport, extracellular"
GAO1g,0.7539067285291147,0,256.77642056981324,36.02868290926926,Sphingolipid metabolism
GAO2,0.5847565679299759,0,8.315280598872455,2.178798765927344,Sphingolipid metabolism
GASNASE2ly,0.48661190348477246,0,3.691343690249539,1.2747724582847848,N-glycan degradation
GBA,0.375166203711005,0,311.2306171065569,141.41374874053002,Sphingolipid metabolism
GBGT1,0.45346225032159165,0,1.7482290403372869,0.6573773521926539,Sphingolipid metabolism
GBSIDEtl,3.9783563295295252,0,5.755215681536135,-3.443120965696449,"Transport, lysosomal"
GCC2cm,0.3535285548678115,0,527.042237840128,251.7255775039673,"Glycine, serine, alanine, and threonine metabolism"
GCHOLAt,-0.6997874846869443,0,-217.53713466432094,-38.42090317755141,"Transport, extracellular"
GCHOLAt2,0.45558767244981946,0,20.88599551059847,7.811685715907661,"Transport, extracellular"
GCHOLAtx,-0.38064671991818333,0,14.001204701560514,31.21113259230496,"Transport, peroxisomal"
GD1Cte,0.33056743996056176,0,5.294092582109782,2.663553792081818,"Transport, extracellular"
GGH_10FTHF5GLUe,-0.35252124262643253,0,151.1843359519005,315.809628653717,Folate metabolism
GGH_10FTHF5GLUl,0.6882472151076084,0,14.3112946904853,2.6427326135942186,Folate metabolism
GGH_10FTHF6GLUe,-0.35252124262643253,0,151.1843359519005,315.809628653717,Folate metabolism
GGH_10FTHF6GLUl,0.6882472151076084,0,14.3112946904853,2.6427326135942186,Folate metabolism
GGH_10FTHF7GLUe,-0.35252124262643253,0,151.1843359519005,315.809628653717,Folate metabolism
GGH_10FTHF7GLUl,0.6882472151076084,0,14.3112946904853,2.6427326135942186,Folate metabolism
GGH_5DHFl,0.4634246397512479,0,6.098473245819419,2.2360498723044278,Folate metabolism
GGH_5THFl,0.652754461771595,0,7.102960480434098,1.4923398436326754,Folate metabolism
GGH_6DHFl,0.4634246397512479,0,6.098473245819419,2.2360498723044278,Folate metabolism
GGH_6THFl,0.652754461771595,0,7.102960480434098,1.4923398436326754,Folate metabolism
GGH_7DHFl,0.4634246397512479,0,6.098473245819419,2.2360498723044278,Folate metabolism
GGH_7THFl,0.652754461771595,0,7.102960480434098,1.4923398436326754,Folate metabolism
GGNG,0.8213096157797908,0,5.849621838226803,0.573911851537742,Starch and sucrose metabolism
GGT_L,0.4917540092492774,0,0.6386069553639596,0.21757570129983905,N-glycan synthesis
GGT5r,0.9175060890337194,0,95.08136770105902,4.09053923037916,Eicosanoid metabolism
GGT6,-1,0,NA,210.01795467897355,Eicosanoid metabolism
GLACO,0.75873602320486,0,37.190471045789494,5.101800853001875,Vitamin C metabolism
GLACter,-0.75873602320486,0,-37.190471045789494,-5.101800853001875,"Transport, endoplasmic reticular"
GLBRAN,0.8213096157797908,0,5.849621838226803,0.573911851537742,Starch and sucrose metabolism
GLCAASE1ly,0.3470063979177583,0,0.15051904106039493,0.0729677089551531,Heparan sulfate degradation
GLCAASE6ly,-0.3664119756810076,0,3.5687418932516506,7.696439127451787,Chondroitin sulfate degradation
GLCAASE7ly,0.8700972872708984,0,12.422012399122027,0.8628712095269373,Chondroitin sulfate degradation
GLCAASE8ly,0.49281544366171987,0,2.81264373108164,0.9555966673195445,Hyaluronan metabolism
GLCAASE9ly,0.49281544366171987,0,2.81264373108164,0.9555966673195445,Hyaluronan metabolism
GLCAE1g,0.5387773546815865,0,0.710114097350965,0.2128447637090956,Chondroitin synthesis
GLCAE2g,0.3470063979177587,0,0.15051904106039493,0.07296770895515302,Chondroitin synthesis
GLCAT2g,0.459798810595816,0,1.4242321459150566,0.5270396808290098,Chondroitin synthesis
GLCAT6g,0.3470063979177587,0,0.15051904106039493,0.07296770895515302,Chondroitin synthesis
GLCAT7g,0.3470063979177587,0,0.15051904106039493,0.07296770895515302,Chondroitin synthesis
GLCAT8g,0.3470063979177587,0,0.15051904106039493,0.07296770895515302,Chondroitin synthesis
GLCAT9g,0.3470063979177587,0,0.15051904106039493,0.07296770895515302,Chondroitin synthesis
GLCMter,1,0,49.20920144816339,NA,"Transport, extracellular"
GLCNACASE1ly,0.3470063979177583,0,0.15051904106039493,0.0729677089551531,Heparan sulfate degradation
GLCNACASE2ly,0.3470063979177583,0,0.15051904106039493,0.0729677089551531,Heparan sulfate degradation
GLCNACASE3ly,0.3470063979177583,0,0.15051904106039493,0.0729677089551531,Heparan sulfate degradation
GLCNACASE4ly,0.3470063979177587,0,0.15051904106039493,0.07296770895515302,Heparan sulfate degradation
GLCNACASE5ly,0.3470063979177587,0,0.15051904106039493,0.07296770895515302,Heparan sulfate degradation
GLCNACDASg,0.3470063979177587,0,0.15051904106039493,0.07296770895515302,Chondroitin synthesis
GLCNACT1g,0.3470063979177587,0,0.15051904106039493,0.07296770895515302,Chondroitin synthesis
GLCNACT2g,0.3470063979177587,0,0.15051904106039493,0.07296770895515302,Chondroitin synthesis
GLCNACT3g,0.3470063979177587,0,0.15051904106039493,0.07296770895515302,Chondroitin synthesis
GLCNACT4g,0.3470063979177587,0,0.15051904106039493,0.07296770895515302,Chondroitin synthesis
GLCNACT5g,0.3470063979177587,0,0.15051904106039493,0.07296770895515302,Chondroitin synthesis
GLCtg,0.4482044116979788,0,4.42340810541936,1.6854092268425114,"Transport, golgi apparatus"
GLGNS1,0.8213096157797908,0,5.849621838226803,0.573911851537742,Starch and sucrose metabolism
GLNSERNaEx,-0.34286413874077193,0,50.855939470685364,103.92465452469736,"Transport, extracellular"
GLNtm,0.9003346271757983,0,145.55618628787994,7.633872143249913,"Transport, mitochondrial"
GLPASE1,0.741152093730275,0,672.1755429840088,99.9287957517624,Starch and sucrose metabolism
GLPASE2,0.8213096157797908,0,5.849621838226803,0.573911851537742,Starch and sucrose metabolism
GLUDC,0.5104977892137521,0,39.755753219066165,12.883520407093759,Glutamate metabolism
GLUDxm,-3.1621263611883608,0,-145.93224111472742,280.9217992962569,Glutamate metabolism
GLUNm,0.9562031180171996,0,140.7243748954773,3.150638490775785,Glutamate metabolism
GLUt6,-0.6492928000994822,0,14.980246676116316,70.44854794438557,"Transport, extracellular"
GLUt7l,0.6239434309169497,0,165.07637045059204,38.22673396528368,"Transport, lysosomal"
GLUTCOADHm,1,0,6.17201871749059,NA,Tryptophan metabolism
GLUtr,-0.9175060890337194,0,-95.08136770105902,-4.09053923037916,"Transport, endoplasmic reticular"
GLXO2p,0.4515511296297559,0,4.819861231253355,1.821119073012946,Glyoxylate and dicarboxylate metabolism
GLXtm,-2.5755812313498265,0,-17.58205269418264,7.747538215793795,"Transport, mitochondrial"
GLXtp,1,0,22.54408029887269,NA,"Transport, peroxisomal"
GLYBt4_2_r,-0.6510371483817664,0,-474.47113093147277,-100.28411475941539,"Transport, extracellular"
GLYOXm,-0.6868453509125612,0,79.26064499989003,426.9470401222229,Pyruvate metabolism
GLYt4,0.5131410201231713,0,145.15866206588595,46.70536136012608,"Transport, extracellular"
GLYVESSEC,0.5315964921810463,0,8.780569753879508,2.6853350045933624,"Transport, extracellular"
GPAM_hs,0.4784190434055797,0,5.774585936540213,2.037253287660109,Triacylglycerol synthesis
GPIDA2er,0.3814020066673494,0,4.835798910173637,2.165492367576952,Phosphatidylinositol phosphate metabolism
GQ1Bte,0.7622884310736786,0,-0.3194885114026778,-2.3685465122667257,"Transport, extracellular"
GQ1Btg,-0.7694354908928389,0,-5.006476054966068,-0.6523638188061617,"Transport, golgi apparatus"
GRTTx,0.4514470284261636,0,5.267728055826912,1.9908600326944128,Cholesterol metabolism
GSNt,0.9759318957501817,0,359.86752987556457,4.383414855440334,"Transport, extracellular"
GSNtl,0.5440166775803953,0,12.685958605549633,3.746452766365861,"Transport, lysosomal"
GT1Atg,-0.36645369581791876,0,-3.9132151329856044,-1.814333696458294,"Transport, golgi apparatus"
GTHPe,0.4863867982215273,0,4.673707961840617,1.6149753976089463,Glutathione metabolism
GTHRDtr,0.8943582975716277,0,104.21548461995125,5.811731196132512,"Transport, endoplasmic reticular"
GTHS,-0.3984746898630411,0,7.714624271633912,17.935582433308895,Glutathione metabolism
GULN3D,-1,0,-834.8868170959473,NA,Pentose phosphate pathway
H2O2syn,0.46845093950992783,0,12.745822046393029,4.613725628583085,Tyrosine metabolism
H2O2t,0.5135431561637354,0,59.93569401042443,19.263493361726823,"Transport, extracellular"
H2O2tp,1.7962362387419404,0,158.80176159240602,-45.219254226109385,"Transport, peroxisomal"
H2Otm,-0.570633550746591,0,27.42469302781299,100.320234762887,"Transport, mitochondrial"
H2Otn,1.79730294327115,0,36.95314757321179,-129.64852236162423,"Transport, nuclear"
H3ETer,0.44238628293633087,0,2.0191076882651737,0.7805690864678543,Phosphatidylinositol phosphate metabolism
H6ET3er,0.45099497244151127,0,6.830874607480422,2.5845606451813787,Phosphatidylinositol phosphate metabolism
H6_ETer,0.43815195170153526,0,2.711994360612775,1.05950469051893,Phosphatidylinositol phosphate metabolism
H7ET2er,0.4490884052405533,0,6.51297028956936,2.4760883020466373,Phosphatidylinositol phosphate metabolism
H7_TAer,0.3814020066673494,0,4.835798910173637,2.165492367576952,Phosphatidylinositol phosphate metabolism
HACD9m,-0.38855953711079605,0,-190.69381530902385,-83.97041076486036,"Valine, leucine, and isoleucine metabolism"
HAS1,0.49281544366171987,0,2.81264373108164,0.9555966673195445,Hyaluronan metabolism
HAS2,0.49281544366171987,0,2.81264373108164,0.9555966673195445,Hyaluronan metabolism
HAtly,0.49281544366171987,0,2.81264373108164,0.9555966673195445,"Transport, lysosomal"
HBZOPT10m,0.4033014330295306,0,0.8915769175365829,0.37910790690885876,Ubiquinone synthesis
HDCEAtr,0.982425533449956,0,254.55923829507827,2.2567015723592085,"Transport, extracellular"
HEX10,0.3413042824220425,0,7.836076201952565,3.848187100036859,Aminosugar metabolism
HEX4,0.6593463504339938,0,25.678258717211033,5.271589348558977,Fructose and mannose metabolism
HIBDm,-0.9056702290125836,0,23.621049495193873,477.1974990486145,"Valine, leucine, and isoleucine metabolism"
HISt4,-0.870333177244109,0,5.398486611432887,77.86855883157924,"Transport, extracellular"
HISTAVESSEC,0.5367768768660781,0,6.327272449937352,1.907198728260549,"Transport, extracellular"
HKt,0.5179323065129466,0,16.281888679421414,5.1708317212989625,"Transport, extracellular"
HKYNH,1,0,149.63344480845817,NA,Tryptophan metabolism
HMGCOASim,-0.3350149806542519,0,225.68730509109497,453.086798160553,Cholesterol metabolism
HMGCOAtx,1,0,216.02678850809932,NA,"Transport, peroxisomal"
HOMt4,0.4841921574560441,0,425.8340583797216,147.99198731184936,"Transport, extracellular"
HOXG,0.5360133760243325,0,1.642268579011607,0.49608334506120944,Heme degradation
HPCLx,0.46918579215215706,0,6.1907399355216475,2.236703303570744,Fatty acid oxidation
HPDCACRNCPT1,12.699862593696498,0,2.243668424081962,-1.9161223032742531,Fatty acid oxidation
HPDCACRNCPT2,12.699862593697748,0,2.243668424081927,-1.9161223032742531,Fatty acid oxidation
HPDCACRNt,-1,0,NA,62.98136075995229,Fatty acid oxidation
HPYRRy,0.7935990388184724,0,414.2347651677132,47.66865494182147,Glyoxylate and dicarboxylate metabolism
HS1ly,0.3470063979177583,0,0.15051904106039493,0.0729677089551531,Heparan sulfate degradation
HS2ly,0.3470063979177583,0,0.15051904106039493,0.0729677089551531,Heparan sulfate degradation
HS3ly,0.3470063979177583,0,0.15051904106039493,0.0729677089551531,Heparan sulfate degradation
HS4ly,0.3470063979177587,0,0.15051904106039493,0.07296770895515302,Heparan sulfate degradation
HSAT1ly,0.3470063979177583,0,0.15051904106039493,0.0729677089551531,Heparan sulfate degradation
HSAT2ly,0.3470063979177583,0,0.15051904106039493,0.0729677089551531,Heparan sulfate degradation
HSAT3ly,0.3470063979177583,0,0.15051904106039493,0.0729677089551531,Heparan sulfate degradation
HSAT4ly,0.3470063979177583,0,0.15051904106039493,0.0729677089551531,Heparan sulfate degradation
HSD11B1r,1.6577220612410388,0,144.90513129993755,-35.86052245000142,Steroid metabolism
HSD11B2r,-2.135557035380664,0,-144.90513129993752,400.11931567837706,Steroid metabolism
HSD17B2r,-0.8208159725020808,0,41.34030237205438,420.08812904920575,Steroid metabolism
HSD17B9r,0.7332461019698492,0,42.20076290065497,6.4948757079574335,Steroid metabolism
HSD3A1r,1.916194499116534,0,143.02910488710404,-455.2534306716919,Steroid metabolism
HSD3A2r,-1.5306453853082769,0,-97.22980402502948,463.68848515930176,Steroid metabolism
HSD3B11r,0.3952943787784296,0,6.900938197690039,2.9907926121649564,Steroid metabolism
HSD3B12r,-0.7502456671042377,0,42.11158487840965,295.1124735805511,Steroid metabolism
HSD3B2r,0.42201583963387906,0,9.872737439590518,4.012814555572087,Steroid metabolism
HSD3B3r,0.8573941409580235,0,32.32802544738073,2.4820611513702397,Steroid metabolism
HSPASEly,0.3470063979177587,0,0.15051904106039493,0.07296770895515302,Heparan sulfate degradation
HSPGt,0.3470063979177587,0,0.15051904106039493,0.07296770895515302,"Transport, extracellular"
HSPGtly,0.3470063979177587,0,0.15051904106039493,0.07296770895515302,"Transport, lysosomal"
HTAXOLte,-0.5919245653475144,0,-15.88122854909175,-4.071009006366672,"Transport, extracellular"
HYPOE,0.423912146280138,0,9.740371851597201,3.940769751195051,Vitamin B6 metabolism
ICDHxm,0.8230337825806935,0,344.14595646743777,33.40706504625406,Citric acid cycle
ICDHy,0.7116158468800621,0,64.85787502687452,10.92767597173025,Citric acid cycle
ICDHyp,0.84448845601295,0,40.44752018571361,3.410190122915867,Citric acid cycle
IDHPOXOX3,0.9338983504339741,0,101.69571734302043,3.476012412268453,Tyrosine metabolism
IDHPOXOX4,0.9368561209098557,0,22.18722964800773,0.72333083036696455,Tyrosine metabolism
IDHPOXOXb,0.33750760531778395,0,16.956129808661075,8.398686479852511,Tyrosine metabolism
IDOAASE1ly,0.3470063979177583,0,0.15051904106039493,0.0729677089551531,Heparan sulfate degradation
IDOAASE2ly,0.3470063979177583,0,0.15051904106039493,0.0729677089551531,Heparan sulfate degradation
IDOAASE3ly,0.3470063979177654,0,0.1505190410603972,0.07296770895515302,Heparan sulfate degradation
IDPtn,-0.6225826547435286,0,180.61422108857036,776.4918756958008,"Transport, nuclear"
ILEt5m,0.7475089986871231,0,209.00053480434417,30.197701040350292,"Transport, mitochondrial"
ILETAm,0.7475089986871231,0,209.00053480434417,30.197701040350292,"Valine, leucine, and isoleucine metabolism"
ILEtec,-2.367232393587127,0,-175.85856595030427,433.1060781876564,"Transport, extracellular"
INSt,-6.115416448398784,0,-109.36958116702819,78.62799858779907,"Transport, extracellular"
INSTt4,1.724056900538782,0,61.014031232300304,-229.54783344286915,"Transport, extracellular"
IPDDIx,0.4514470284261636,0,5.267728055826912,1.9908600326944128,Cholesterol metabolism
ITCOAL1m,-0.3855663516341551,0,-605.9040638580323,-268.6900155138016,C5-branched dibasic acid metabolism
ITCOALm,0.3806419176227474,0,609.8445760162354,273.5772124027252,C5-branched dibasic acid metabolism
ITPtn,0.6225826547435286,0,-180.61422108857036,-776.4918756958008,"Transport, nuclear"
KAS8,0.3612153905042646,0,1.4455552326610792,0.6783632048546335,Fatty acid synthesis
KCCt,1.1641646798194587,0,43.638886843288596,-575.2865822096825,"Transport, extracellular"
KHK,0.7524602700755539,0,61.90991340671778,8.744941900271465,Fructose and mannose metabolism
KHK3,0.6868482239887393,0,13.85014804415492,2.571184767169044,Galactose metabolism
KSII_CORE4t,0.3485667887444521,0,0.4211722940746675,0.20344978262171765,"Transport, extracellular"
KYN,1,0,20.93714880783041,NA,Tryptophan metabolism
LACZe,0.603244095609927,0,19.764595581947546,4.891157882004482,Galactose metabolism
LALDO,-1.1582773112484002,0,-18.00388646861112,245.5018939417839,Pyruvate metabolism
LCADi_D,-0.4377657690718812,0,13.246099384675542,33.87340581802011,Pyruvate metabolism
LCADim,-0.5882877410987879,0,5.736440689958594,22.129820592948793,Pyruvate metabolism
LCTStg,0.4482044116979788,0,4.42340810541936,1.6854092268425114,"Transport, extracellular"
LEUKTRA4t,0.42595447057752567,0,-89.47732417662199,-222.26562857014622,"Transport, extracellular"
LEUKTRA4tr,0.9175060890337194,0,95.08136770105902,4.09053923037916,"Transport, endoplasmic reticular"
LEUKTRB4t,0.45232781865603733,0,-134.64974589959047,-357.0668337856004,"Transport, extracellular"
LEUKTRB4tr,-1,0,-4.567058452441625,NA,"Transport, endoplasmic reticular"
LEUKTRC4t,-1.4056542251219728,0,-394.982533444158,66.60405800126148,"Transport, extracellular"
LEUKTRD4tr,-0.9175060890337194,0,-95.08136770105902,-4.09053923037916,"Transport, endoplasmic reticular"
LEUKTRE4t,-0.3546558982079865,0,359.2680955925226,754.1475057739258,"Transport, extracellular"
LEUKTRF4t,-0.670176072734493,0,23.739153659399086,120.21131019090339,"Transport, extracellular"
LEUt4,0.4517937265349469,0,153.96871014186667,58.13953544113338,"Transport, extracellular"
LEUtec,660.3359312879417,0,509.9163583770752,-508.37427867369655,"Transport, extracellular"
LGNCt,0.9778131544598473,0,566.5480017150879,6.355460310692358,"Transport, extracellular"
LINKDEG1ly,0.3470063979177583,0,0.15051904106039493,0.0729677089551531,Heparan sulfate degradation
LINKDEG4ly,0.8700972872708984,0,12.422012399122027,0.8628712095269373,Chondroitin sulfate degradation
LNELDCCPT1,0.35805857101590627,0,25.27879651186903,11.949047782002669,Fatty acid oxidation
LNELDCCPT2,0.36178327622938383,0,25.49606243512577,11.949047782002669,Fatty acid oxidation
LNLNCACPT1,-1.324126777165251,0,-11.8274227796291,84.80764911618428,Fatty acid oxidation
LNLNCACPT2,-1.324126777165251,0,-11.8274227796291,84.80764911618428,Fatty acid oxidation
LNLNCACRNt,-1.3241267771667693,0,-11.827422779676784,84.80764911618428,Fatty acid oxidation
LNLNCAt,-0.6411081004820602,0,0.5916465909518878,2.705427495961648,"Transport, extracellular"
LNLNCGCPT1,-1.5719259121399562,0,-280.40015063299535,62.35331708350945,Fatty acid oxidation
LNLNCGCPT2,0.48961746246362037,0,-7.2891847339897655,-21.27442862619577,Fatty acid oxidation
LNLNCGCRNt,-1,0,NA,156.6239732982695,Fatty acid oxidation
LNS14DM,0.5171591465438325,0,0.6666241324568447,0.2121553073605919,Cholesterol metabolism
LPASE,-0.8136520367077195,0,19.94114336537197,194.07936979789733,Glycerophospholipid metabolism
LPS2e,0.6621703294712814,0,423.44684025878905,86.06392738135159,Fatty acid oxidation
LPS3e,0.4634087982812631,0,401.12069788093567,147.0797753594082,Fatty acid oxidation
LPS4e,0.37139293170347526,0,18.457111119536805,8.46020877157611,Triacylglycerol synthesis
LRAT,-0.8070048966606869,0,11.488179695898573,107.56333505368232,Vitamin A metabolism
LSTO1r,0.8814879951318672,0,15.090238128009608,0.9505106485479412,Cholesterol metabolism
LSTO2r,0.7608210393524397,0,7.541000164340716,1.024322484364115,Cholesterol metabolism
LTC4CP,-0.5561501547388485,0,-736.328909790039,-210.01795467897355,Eicosanoid metabolism
LTC4Sr,0.9175060890337194,0,95.08136770105902,4.09053923037916,Eicosanoid metabolism
LTDCL,-0.7538527103701199,0,10.980664828491062,78.23961336349845,Tryptophan metabolism
LYSt4,0.709812982663637,0,334.87912548575105,56.835206878316775,"Transport, extracellular"
LYStiDF,0.46458973539804127,0,392.11588137125966,143.3458549691111,"Transport, extracellular"
LYStm,-0.48495008336704465,0,-55.92423719697977,-19.39713262331016,"Transport, mitochondrial"
LYStn,-0.3503585483947596,0,-7.496823835671709,-3.6066328641560035,"Transport, nuclear"
MACOXO,0.44779219643637286,0,22.848906371607924,8.71488631611165,Histidine metabolism
MALTSULtm,1,0,NA,-19.54177805997506,"Transport, mitochondrial"
MANt1r,-0.45332587635906035,0,-317.6123218437135,-119.47109765668195,"Transport, extracellular"
MANtly,0.38218347949187975,0,21.103687207789534,9.433050527706627,"Transport, lysosomal"
MAOLNOR,-0.3858285510597562,0,3.375545958802847,7.6166483694335785,Tyrosine metabolism
MAOX,0.6068681099231583,0,46.02307968022842,11.259878884963692,Tyrosine metabolism
MCCCrm,0.7752959927716956,0,29.598318888028757,3.7463391391863405,"Valine, leucine, and isoleucine metabolism"
MCLACCYSR,0.8305836319514145,0,598.923117276001,55.4289776758641,Methionine and cysteine metabolism
MCLOR,-0.8305836319514145,0,-598.923117276001,-55.4289776758641,Methionine and cysteine metabolism
MCPST,-0.6575349019001926,0,99.83279970664978,483.1918662261963,Methionine and cysteine metabolism
MDRPD,0.5853513192604864,0,14.892502608137791,3.895134462848655,Arginine and proline metabolism
ME2,0.3894402841897041,0,22.21481547571635,9.761823935845866,Pyruvate metabolism
ME2m,-0.5316262185254539,0,21.706840181340986,70.98340440495062,Pyruvate metabolism
MECOALm,-0.41703489924365095,0,45.18900457392335,109.8425899942398,C5-branched dibasic acid metabolism
MECOAS1m,0.41703489924365095,0,-45.18900457392335,-109.8425899942398,C5-branched dibasic acid metabolism
MELATN23DOX,1,0,8.60470573389021,NA,Tryptophan metabolism
MEOHtly,0.627116919901671,0,44.57964647410512,10.216227047754801,"Transport, lysosomal"
MERCPLACCYSt,0.8305836319514145,0,598.923117276001,55.4289776758641,"Transport, extracellular"
MHISOR,0.44779219643637286,0,22.848906371607924,8.71488631611165,Histidine metabolism
MI134PP,0.4692899884400792,0,3.7640247418175483,1.3595720585850066,Inositol phosphate metabolism
MI145PP,0.5511789644566212,0,6.073567273317228,1.7573373643624117,Inositol phosphate metabolism
MI1P_Dtn,-0.35067720228955945,0,-14.813288271362131,-7.1213208954348435,"Transport, nuclear"
MI34PP,0.4692899884400792,0,3.7640247418175483,1.3595720585850066,Inositol phosphate metabolism
MINOHPtn,0.5016308707705112,0,-3.2952950487722994,-9.92901944224379,"Transport, nuclear"
MLTG1,0.3384010823266391,0,41.47154094875269,20.500227449192295,Starch and sucrose metabolism
MMSAD1m,0.8299143733149934,0,80.9510421215266,7.524181967652184,"Valine, leucine, and isoleucine metabolism"
MMSAD3m,0.8843549385056925,0,80.16209020918012,4.919641020021586,Propanoate metabolism
MTAP,0.5853513192604864,0,14.892502608137791,3.895134462848655,Arginine and proline metabolism
MTHFD2m,-0.7957578238569691,0,-216.8917671538979,-24.668385637810818,Folate metabolism
MTHFDm,0.8581512306995203,0,-24.8845551875924,-325.9758056080546,Folate metabolism
N2M2NMASNtly,0.48661190348477246,0,3.691343690249539,1.2747724582847848,"Transport, lysosomal"
N4Tg,0.3692823411507097,0,1.4550840086706007,0.6702395494317925,O-glycan metabolism
NABTNO,0.43859856298507754,0,15.481381532355288,6.041483748743808,Arginine and proline metabolism
NACHEX10ly,0.43938407462976725,0,1.2531972789236467,0.488099295093249,Keratan sulfate degradation
NACHEX11ly,0.4776001255996534,0,1.3489370025554883,0.4769115192264791,Keratan sulfate degradation
NACHEX26ly,0.41873033289417566,0,0.8526894482717704,0.3493563930013975,Keratan sulfate degradation
NACHEX27ly,0.49281544366171987,0,2.81264373108164,0.9555966673195445,Hyaluronan metabolism
NACHEX6ly,-0.4661312953706046,0,1.411213925863072,3.8755313492424173,Chondroitin sulfate degradation
NACHEX7ly,-0.6108741998370144,0,0.6757866821798232,2.7975717119270165,Chondroitin sulfate degradation
NACHEX8ly,0.9064832986264777,0,10.092051647175547,0.49503469598449773,Chondroitin sulfate degradation
NACHEX9ly,0.8928378590957916,0,10.265345555399987,0.5811677960433764,Chondroitin sulfate degradation
NACHEXA11ly,0.39287389480258134,0,1.352257836844676,0.5894223710916469,Keratan sulfate degradation
NACHEXA12ly,0.45604564235805134,0,1.3360141791195455,0.4991126057192647,Keratan sulfate degradation
NACHEXA13ly,0.42942431896736705,0,1.2732794086855392,0.5082481500527524,Keratan sulfate degradation
NACHEXA14ly,0.46602915005089807,0,1.3994258451391148,0.5097119712413154,Keratan sulfate degradation
NACHEXA15ly,0.3593558881256501,0,1.4918680610760886,0.7030951183355268,Keratan sulfate degradation
NACHEXA16ly,0.3521496651648904,0,1.2518194307780113,0.5997794905963557,Keratan sulfate degradation
NACHEXA17ly,0.37412805693273105,0,1.376879205185121,0.6271250042311848,Keratan sulfate degradation
NACHEXA18ly,0.4148841996063949,0,1.2842730700176588,0.5311024502898396,Keratan sulfate degradation
NACHEXA19ly,0.33207017897390173,0,1.3695780969503015,0.6867371311336906,Keratan sulfate degradation
NACHEXA20ly,0.4224453111473277,0,1.9557515221913904,0.7940927169715258,Keratan sulfate degradation
NACHEXA21ly,0.393276575400592,0,3.4539522233685576,1.5040759016295022,Keratan sulfate degradation
NACHEXA2ly,0.5736511388616514,0,5.60898409740362,1.5196404863920614,Chondroitin sulfate degradation
NACHEXA7ly,0.7273060374140081,0,2.329960751735975,0.3678365132168134,Chondroitin sulfate degradation
NACHEXA8ly,0.7689412322429272,0,2.156666843984574,0.2817034135168926,Chondroitin sulfate degradation
NADPHtru,1,0,416.0405264831543,NA,"Transport, endoplasmic reticular"
NADPtru,1,0,416.0405264831543,NA,"Transport, endoplasmic reticular"
NAGAly,0.45346225032159165,0,1.7482290403372869,0.6573773521926539,Sphingolipid metabolism
NaKt,0.38995745873545185,0,10.99951877751105,4.827611338425209,"Transport, extracellular"
NBAHH_ir,0.8246211974423129,0,107.38900653604418,10.322008425941524,Beta-Alanine metabolism
NCKt,-1,0,-108.15086185235675,NA,"Transport, extracellular"
NCNt,1,0,517.0084380380631,NA,"Transport, extracellular"
NDP10ex,0.7477087477298053,0,26.451072475340446,3.8183560088954938,Nucleotide interconversion
NDP3ex,0.7590485474046944,0,32.000801203240826,4.383414855440334,Nucleotide interconversion
NDP7ex,0.512719491908869,0,9.4200829942977,3.034417717411508,Nucleotide interconversion
NDP8,0.9761423767333256,0,322.3249612624645,3.8913732055870884,Nucleotide interconversion
NDP8ex,0.512719491908869,0,9.4200829942977,3.034417717411508,Nucleotide interconversion
NDPK3m,0.42248230613083365,0,10.622257433103817,4.312560929588462,Nucleotide interconversion
NDPK3n,1.4574760252810814,0,420.22185819015505,-78.22718246013169,Nucleotide interconversion
NDPK4m,0.6511661324702303,0,61.19740118123293,12.928878395103151,Nucleotide interconversion
NDPK4n,0.8479503193940163,0,-47.9279718838597,-582.4971851154328,Nucleotide interconversion
NDPK5n,0.3515930198108615,0,-268.63639137933404,-559.9678636241317,Nucleotide interconversion
NDPK6m,-0.6349438274121076,0,-430.86792808551786,-96.20574975150339,Nucleotide interconversion
NDPK6n,-0.5853441384367124,0,18.856719387379755,72.09445789147665,Nucleotide interconversion
NDPK7m,-0.5500463068831719,0,20.067577903887535,69.13083611458391,Nucleotide interconversion
NDPK7n,-0.37935104623185606,0,234.29081004400254,520.6957523969829,Nucleotide interconversion
NDPK8m,0.47101526078500344,0,4.747175519492327,1.707109009084228,Nucleotide interconversion
NDPK8n,0.6973791984121781,0,-0.9071871442630279,-5.088350105675543,Nucleotide interconversion
NDPK9n,-0.6225826547435286,0,180.61422108857036,776.4918756958008,Nucleotide interconversion
NH4tn,-0.7459762226527666,0,-232.55501187829972,-33.83465467164321,"Transport, nuclear"
NICRNS,0.49613779719763584,0,92.3903798297286,31.114794630514083,NAD metabolism
NMNATr,-1,0,-860.9312363769532,NA,NAD metabolism
NNMT,0.9839077849825125,0,936.8246020202637,7.598933298966309,NAD metabolism
NP1,0.5289355191136562,0,87.88491821635961,27.077311541122423,NAD metabolism
NRPPHRSFt,0.3498435415239772,0,3.2199115107963867,1.55088067621678,"Transport, extracellular"
NRPPHRSULT,0.3498435415239772,0,3.2199115107963867,1.55088067621678,Tyrosine metabolism
NRPPHRVESSEC,0.4419544574411196,0,3.4600277768105925,1.3390527474810403,"Transport, extracellular"
NRVNCCOAtx,1.510666480155254,0,2.5949485673002375,-12.757936224180769,"Transport, peroxisomal"
NS26T2g,0.37627105091964835,0,2.033375605059988,0.9215301218333458,O-glycan metabolism
NS26Tg,0.44239117145985674,0,3.7810686321708027,1.4617097583041614,O-glycan metabolism
NTD2e,0.7762397861501389,0,42.328225389281265,5.332260226823972,Nucleotide interconversion
NTD2l,0.6595034323179536,0,12.604062641853746,2.5860989406971266,Pyrimidine catabolism
NTD4e,0.7290301516059846,0,20.32427218020414,3.1851757739870963,Nucleotide interconversion
NTD4l,0.44533180204192097,0,6.558160030200304,2.5167942757038966,Pyrimidine catabolism
NTD7e,0.8728483207121146,0,102.25647281673923,6.942410708284486,Nucleotide interconversion
NTD7l,0.8246322199374532,0,28.43039222750496,2.732482040362051,Purine catabolism
NTD9e,0.7590485474046944,0,32.000801203240826,4.383414855440334,Nucleotide interconversion
NTD9l,0.5440166775803953,0,12.685958605549633,3.746452766365861,Purine catabolism
NTP3e,0.7590485474046944,0,32.000801203240826,4.383414855440334,Nucleotide interconversion
NTPP9,-0.5981496335224242,0,6.672550105591669,26.5365777798946,Nucleotide interconversion
O16G1e,0.37292318255818246,0,26.89714355100095,12.285155783304432,Starch and sucrose metabolism
O2ter,10.607048736621625,0,189.551570823776,-156.89011223513094,"Transport, endoplasmic reticular"
O2tm,40.24291698195607,0,133.9377663177632,-140.76385248150825,"Transport, mitochondrial"
O2tp,0.9204352263131026,0,90.00566816119664,3.7289883666276973,"Transport, peroxisomal"
OAGD3tg,-0.7539067285302572,0,-256.77642056981324,-36.028682909078526,"Transport, golgi apparatus"
OAGT3te,0.42215021267839636,0,14.562657879547611,5.917116689583359,"Transport, extracellular"
OCCOAtx,1.5617319076392044,0,123.66200768890381,-27.116379850067197,"Transport, peroxisomal"
OCDCAtr,-1,0,NA,516.899162727844,"Transport, extracellular"
OCDCEAtr,-1,0,NA,625.4443352767944,"Transport, extracellular"
OIVD1m,0.46289450579336494,0,326.737397589159,119.96247898459434,"Valine, leucine, and isoleucine metabolism"
OIVD2m,-0.7437977074774886,0,92.95965997728221,632.7142523208618,"Valine, leucine, and isoleucine metabolism"
OIVD3m,0.47394114860482905,0,257.55527868156435,91.92309625267964,"Valine, leucine, and isoleucine metabolism"
ORNt4m,1.1739984654541298,0,81.32674658491909,-6.509079620346847,"Transport, mitochondrial"
ORNtiDF,-0.3477198501960013,0,73.58270809027627,152.03417788237482,"Transport, extracellular"
ORPT,-1.004820229881572,0,-0.906217143544628,376.91199521198274,Pyrimidine synthesis
OXAtp,0.4515511296284532,0,4.819861231253355,1.8211190730189064,"Transport, peroxisomal"
P45011B12m,0.5171937564783707,0,9.155963999612874,2.9136401106297223,Steroid metabolism
P45011B21m,0.7755077335258422,0,9.74798359782157,1.232518952244839,Steroid metabolism
P45017A3r,0.47207085409267097,0,3.9685417216654995,1.4232391299587375,Steroid metabolism
P45017A4r,0.36514713672875054,0,3.551869744487038,1.6517740956901412,Steroid metabolism
P45019A1r,0.40300537778270223,0,2.2034554762741405,0.9375951728067102,Steroid metabolism
P45021A2r,0.3757762073576901,0,3.0105050919531395,1.3659408385010625,Steroid metabolism
P45027A12m,0.39356912110205605,0,5.027150784259745,2.1876341993285773,Bile acid synthesis
P45027A13m,0.39356912110205605,0,5.027150784259745,2.1876341993285773,Bile acid synthesis
P45027A14m,0.44212353777516394,0,8.544325695758337,3.3053189039547983,Bile acid synthesis
P45027A15m,0.45581881200646207,0,9.240504345421662,3.4540758718597258,Bile acid synthesis
P4502C8,0.5919245653474837,0,15.881228549090247,4.071009006366672,Cytochrome metabolism
P4502C94,0.4207663878450313,0,7.473782587612847,3.046993595653733,Limonene and pinene degradation
P45039A1r,0.48085673157503944,0,2.7035027360563806,0.9477657201175461,Bile acid synthesis
P4503A43r,0.5776540084442308,0,12.563892738198028,3.3634179027296844,Steroid metabolism
P45046A1r,0.48085673157503944,0,2.7035027360563806,0.9477657201175461,Bile acid synthesis
P4504F121r,0.4208622576096007,0,6.637610445235612,2.705463325197914,Eicosanoid metabolism
P4504F81r,0.580927115473321,0,4.5814550044390305,1.2144541928896113,Eicosanoid metabolism
P4507A1r,0.4077719026570477,0,13.453261518784613,5.6595812555210046,Bile acid synthesis
P4508B11r,0.3676187141607505,0,5.091234291931917,2.354165861218504,Bile acid synthesis
PAFH,-0.38504606667347446,0,30.28136533822771,68.20199641351849,Glycerophospholipid metabolism
PAIL_HStn,0.9154354676480411,0,687.1985012420654,30.339116546619405,"Transport, nuclear"
PAIL45P_HStn,-1,0,-4.76097243335389,NA,"Transport, nuclear"
PCHOLP_hs,0.4124114500818823,0,153.02664567579106,63.66183510212898,Glycerophospholipid metabolism
PCHOLPr_hs,0.7849622744359537,0,363.97684037218096,43.84896702444572,Glycerophospholipid metabolism
PCRNtc,1,0,95.96266680369376,NA,Fatty acid oxidation
PEFLIP,0.5341312015716869,0,15.621230328186932,4.743690627965049,"Transport, extracellular"
PETOHMr_hs,0.3474267737057646,0,363.97684037218096,176.27788437423706,Glycerophospholipid metabolism
PFK26,0.5547235291457412,0,6.165261766957056,1.7657454524996699,Fructose and mannose metabolism
PGCD,0.4426148660049087,0,74.93766923705898,28.953772620305045,"Glycine, serine, alanine, and threonine metabolism"
PGDI,-1.9921711070018557,0,-56.496642440649126,170.38151984122322,Eicosanoid metabolism
PGDIr,1.7558727482579901,0,72.88415906733228,-265.7318552841984,Eicosanoid metabolism
PGESr,-3.041317514924194,0,-88.97208940885066,176.14332931481377,Eicosanoid metabolism
PGLer,0.8525702031293771,0,360.5619798224926,28.693962234038676,Pentose phosphate pathway
PGLYCt,2.4778380366521247,0,36.400901319569094,-15.4678383442675,"Transport, extracellular"
PGS,0.49152181819459445,0,4.925564179198074,1.6791855725155143,Eicosanoid metabolism
PHEt4,0.6376282411122809,0,343.70390876170546,76.05425140321813,"Transport, extracellular"
PHETA1m,0.5641779540103646,0,243.60682095625103,67.87541203606594,Phenylalanine metabolism
PHEtec,-0.3751332466887286,0,234.11062100307942,515.2031159255981,"Transport, extracellular"
PHETHPTOX2,0.8540526990861731,0,82.52381924066981,6.4961091371419,Phenylalanine metabolism
PHYHx,0.5377579039828607,0,14.397753726180177,4.32789052365832,Fatty acid oxidation
PHYTt,0.5377579039828607,0,14.397753726180177,4.32789052365832,"Transport, extracellular"
PI345P3Pn,-0.389176209923844,0,5.843103697887005,13.288776208619261,Inositol phosphate metabolism
PI3P5K,-0.4431537592234704,0,3.9331566096083717,10.19338792492429,Inositol phosphate metabolism
PI45P3Kn,-0.389176209923844,0,5.843103697887005,13.288776208619261,Inositol phosphate metabolism
PI45PLC,0.5187912963275134,0,9.837592012010258,3.1169094205405794,Inositol phosphate metabolism
PIK3,-0.5391557858255784,0,3.0985653309100583,10.348778633084269,Inositol phosphate metabolism
PIK4,0.3590396883214753,0,5.364286515537076,2.529944332367604,Glycerophospholipid metabolism
PIPLC,0.4707071514755441,0,17.420504893987104,6.26946611962945,Inositol phosphate metabolism
PIPLCn,0.35067720228955945,0,14.813288271362131,7.1213208954348435,Inositol phosphate metabolism
PIter,-2.9572267380126243,0,-173.230050935972,85.67881245274543,"Transport, endoplasmic reticular"
PItx,-0.5333203252625951,0,-135.8657890317589,-41.35196096251011,"Transport, peroxisomal"
PLA2_2,-0.8219847779827781,0,8.452963670338981,86.51603476195484,Glycerophospholipid metabolism
PMI12346PHn,-0.5016308707705112,0,3.2952950487722994,9.92901944224379,Inositol phosphate metabolism
PNTEH,-0.49165355898047625,0,3.602568396705156,10.57110572002499,CoA catabolism
PNTOt5,0.6585462617713131,0,5.122925709867311,1.0546839570419142,"Transport, extracellular"
PPA2,0.44223436032067726,0,7.811273664911383,3.0209098966764376,Miscellaneous
PPAP,0.5476891086330683,0,10.800356965843388,3.1563955958934486,Triacylglycerol synthesis
PPDOy,0.7768047336097292,0,261.9859994046211,32.90965733124809,Pyruvate metabolism
PPItr,-1,0,-110.86203300267384,NA,"Transport, endoplasmic reticular"
PPItx,-1,0,-21.276691779350468,NA,"Transport, peroxisomal"
PPMI12346Ptn,-0.5016308707705112,0,3.2952950487722994,9.92901944224379,"Transport, nuclear"
PRDX,0.4286840292683614,0,57.81454657806978,23.119439374971204,Miscellaneous
PRDXl,0.627116919901671,0,44.57964647410512,10.216227047754801,Miscellaneous
PRGNLONESULT,-1,0,NA,1.3243268747953014,Steroid metabolism
PRGNLONEtr,-1.1968845129800674,0,-33.4838739891205,373.62107911820414,"Transport, endoplasmic reticular"
PRISTANALtx,0.9922301192651232,0,573.5001399997711,2.236703303570744,"Transport, peroxisomal"
PROSTGD2t,0.9325729529489288,0,-7.2414618966867215,-207.552518068114,"Transport, extracellular"
PROSTGE1t,1.0195818277909348,0,374.77041404352934,-3.633766955095326,"Transport, extracellular"
PROSTGE2t2,0.778084907492388,0,-62.50491255582827,-500.81785967683794,"Transport, extracellular"
PROSTGE2t3,0.6460030466541097,0,5.2079923259891325,1.1200546804554892,"Transport, extracellular"
PROSTGF2t,0.7883913930110198,0,-18.848863806688318,-159.29950241425558,"Transport, extracellular"
PROt4,-0.6799817054904023,0,11.607688222582988,60.93621580872144,"Transport, extracellular"
PROtm,1,0,23.76745992798354,NA,"Transport, mitochondrial"
PSFLIP,0.8314033876141516,0,54.401278025007805,5.008110854499185,"Transport, extracellular"
PSSA2_hs,0.9335989445349152,0,63.84613155069448,2.1925180163710056,Glycerophospholipid metabolism
PTDCACRNt,1,0,NA,-365.973722171101,Fatty acid oxidation
PTE2x,0.7543973453241167,0,110.84629195787161,15.517661172020155,Fatty acid oxidation
PTE3x,0.7549323730279816,0,9.321056859140718,1.3016394936059736,Fatty acid oxidation
PTE4x,-1,0,NA,1.6590569315745305,Fatty acid oxidation
PTHPS,0.44223436032067726,0,7.811273664911383,3.0209098966764376,Tetrahydrobiopterin metabolism
PTRCAT1,0.43859856298507754,0,15.481381532355288,6.041483748743808,Arginine and proline metabolism
PTRCOX1,0.5056566058458336,0,12.995238907475441,4.266650499472166,Arginine and proline metabolism
PYDXDH,0.45348632608213496,0,10.029876748893201,3.771253084820038,Vitamin B6 metabolism
PYDXK,0.525227059649643,0,5.221960644520128,1.6254928037810772,Vitamin B6 metabolism
RAI1,-1,0,NA,272.2236183630407,Vitamin A metabolism
RAI2,1,0,67.79869302239176,NA,Vitamin A metabolism
RAI3,-1.1312768248095626,0,-72.63651415260247,4.474074335247616,Vitamin A metabolism
RETI1,1,0,NA,-272.2236183630407,Vitamin A metabolism
RETI2,-1,0,-67.79869302239176,NA,Vitamin A metabolism
RETNGLCt2,0.7062001730979026,0,51.445657657569086,8.858705767925782,"Transport, endoplasmic reticular"
RIBFLVt3,0.42978192976334595,0,6.4751763908581905,2.582395615146874,"Transport, extracellular"
RTOTAL2t,0.555910610328909,0,-191.37909568270445,-670.5153793212891,"Transport, extracellular"
RTOTALt,0.34157784652818907,0,-155.7730907652855,-317.3977767211914,"Transport, extracellular"
S23T4g,0.3485667887444521,0,0.4211722940746675,0.20344978262171765,Keratan sulfate synthesis
S23Tg,0.37627105091964835,0,2.033375605059988,0.9215301218333458,O-glycan metabolism
S2T3g,0.5387773546815865,0,0.710114097350965,0.2128447637090956,Chondroitin synthesis
S2T4g,0.3470063979177587,0,0.15051904106039493,0.07296770895515302,Chondroitin synthesis
S2TASE1ly,0.3470063979177583,0,0.15051904106039493,0.0729677089551531,Heparan sulfate degradation
S2TASE2ly,0.3470063979177587,0,0.15051904106039493,0.07296770895515302,Heparan sulfate degradation
S2TASE4ly,-0.3664119756810076,0,3.5687418932516506,7.696439127451787,Chondroitin sulfate degradation
S2TASE5ly,-0.3664119756810076,0,3.5687418932516506,7.696439127451787,Chondroitin sulfate degradation
S3T1g,0.3470063979177587,0,0.15051904106039493,0.07296770895515302,Chondroitin synthesis
S3T2g,0.3470063979177587,0,0.15051904106039493,0.07296770895515302,Chondroitin synthesis
S3T3g,0.3470063979179209,0,0.15051904106045058,0.0729677089551531,Chondroitin synthesis
S3TASE1ly,0.3470063979177583,0,0.15051904106039493,0.0729677089551531,Heparan sulfate degradation
S3TASE2ly,0.3470063979177587,0,0.15051904106039493,0.07296770895515302,Heparan sulfate degradation
S3TASE3ly,0.3470063979177654,0,0.1505190410603972,0.07296770895515302,Heparan sulfate degradation
S4T1g,0.6133553934758073,0,2.1991831705223768,0.5270396808290098,Chondroitin synthesis
S4T2g,0.38891188235434787,0,0.7141180486232755,0.31419491736960276,Chondroitin synthesis
S4T4g,-1,0,NA,0.8628712095269373,Chondroitin synthesis
S4T5g,-1,0,NA,0.40819935910686417,Chondroitin synthesis
S4T6g,0.5387773546815865,0,0.710114097350965,0.2128447637090956,Chondroitin synthesis
S4TASE4ly,0.9064832986264777,0,10.092051647175547,0.49503469598449773,Chondroitin sulfate degradation
S4TASE5ly,0.8928378590957916,0,10.265345555399987,0.5811677960433764,Chondroitin sulfate degradation
S6T16g,0.3485667887444521,0,0.4211722940746675,0.20344978262171765,Keratan sulfate synthesis
S6T17g,0.3485667887444521,0,0.4211722940746675,0.20344978262171765,Keratan sulfate synthesis
S6T18g,0.3485667887444521,0,0.4211722940746675,0.20344978262171765,Keratan sulfate synthesis
S6T24g,-1,0,NA,0.40819935910686417,Chondroitin synthesis
S6T25g,0.3470063979177587,0,0.15051904106039493,0.07296770895515302,Chondroitin synthesis
S6TASE11ly,0.43938407462976725,0,1.2531972789236467,0.488099295093249,Keratan sulfate degradation
S6TASE12ly,0.4776001255996534,0,1.3489370025554883,0.4769115192264791,Keratan sulfate degradation
S6TASE1ly,0.3470063979177583,0,0.15051904106039493,0.0729677089551531,Heparan sulfate degradation
S6TASE26ly,0.41873033289417566,0,0.8526894482717704,0.3493563930013975,Keratan sulfate degradation
S6TASE2ly,0.3470063979177583,0,0.15051904106039493,0.0729677089551531,Heparan sulfate degradation
S6TASE3ly,0.3470063979177583,0,0.15051904106039493,0.0729677089551531,Heparan sulfate degradation
S6TASE6ly,-0.4661312953706046,0,1.411213925863072,3.8755313492424173,Chondroitin sulfate degradation
S6TASE7ly,-0.6108741998370144,0,0.6757866821798232,2.7975717119270165,Chondroitin sulfate degradation
S6TASE8ly,0.9064832986264777,0,10.092051647175547,0.49503469598449773,Chondroitin sulfate degradation
S6TASE9ly,0.8928378590957916,0,10.265345555399987,0.5811677960433764,Chondroitin sulfate degradation
SALMCOM,-0.3858285510597562,0,3.375545958802847,7.6166483694335785,Tyrosine metabolism
SALMCOM2,0.5167003491569884,0,8.419259071819376,2.6828140258745283,Tyrosine metabolism
SARCStm,1,0,112.80402275924682,NA,"Transport, mitochondrial"
SARDHm,1,0,112.80402275924682,NA,Urea cycle
SBPP1er,0.3541257539097931,0,8.548632099761425,4.0774213891096,Sphingolipid metabolism
SBPP3er,0.5431907473221143,0,12.160724715720757,3.5997698787720616,Sphingolipid metabolism
SBTD_D2,0.6792224184274849,0,70.10118533018567,13.391250884228656,Fructose and mannose metabolism
SBTR,0.6792224184274849,0,70.10118533018567,13.391250884228656,Fructose and mannose metabolism
SCP21x,0.5440458555897724,0,7.897407371580694,2.3320911151260453,"Transport, peroxisomal"
SCPx,0.5830527651691608,0,31.440047073000624,8.280735158337095,Bile acid synthesis
SERALANaEx,-0.8203145720396985,0,4.490405331000136,45.49033469865005,"Transport, extracellular"
SERCYSNaEx,0.7905090138080031,0,74.23144114935863,8.685137965186378,"Transport, extracellular"
SERDGLNexR,0.4223149824114093,0,-191.71617103859504,-472.02328974530695,"Transport, extracellular"
SERDGLYexR,-0.4340142035934049,0,108.49097704374611,274.8789864166371,"Transport, extracellular"
SERGLYexR,0.551684793531888,0,-189.51095498474538,-655.9252570846081,"Transport, extracellular"
SERPT,0.8263953560048451,0,56.602756318684854,5.380270666776551,Sphingolipid metabolism
SERt4,0.7604747868795536,0,160.45997343768627,21.831729497863307,"Transport, extracellular"
SERTHRNaEx,0.4303948051633355,0,416.8318065380782,165.98883155908064,"Transport, extracellular"
SGALSIDEtg,-0.3883689248993673,0,-4.38180368980949,-1.9303567327195503,"Transport, golgi apparatus"
SGALSIDEtl,0.3883689249036992,0,4.381803689857583,1.9303567327210427,"Transport, lysosomal"
SGPL12r,0.531406101642367,0,28.279287705818923,8.653159769074389,Sphingolipid metabolism
SIAT4Bg,0.6236976706230999,0,2.0757964299993494,0.4810791110030037,Sphingolipid metabolism
SLCBK1,0.49077104766077845,0,9.241240005541021,3.156693292186725,Sphingolipid metabolism
SMPD3l,0.5469862943751141,0,7.9455692463296375,2.326750909601868,Sphingolipid metabolism
SMPD4,1,0,9.724977858077898,NA,Sphingolipid metabolism
SMS,0.4000428174413495,0,11.977386321590352,5.132642275220199,Sphingolipid metabolism
SO4CLtex2,0.3385504709323688,0,430.1145503166199,212.54265186870097,"Transport, extracellular"
SO4HCOtex,0.5322865444788307,0,378.0492578838587,115.39533868465423,"Transport, extracellular"
SO4OXAtex2,-0.5784654992023303,0,163.93814191093446,613.877868881607,"Transport, extracellular"
SPC_HSt,-1,0,-9.724977858077711,NA,"Transport, extracellular"
SPH1Ptr,0.3541257539097931,0,8.548632099761425,4.0774213891096,"Transport, endoplasmic reticular"
SPHS1Ptr,0.5349308969928551,0,40.44001240936415,12.252929648928903,"Transport, endoplasmic reticular"
SPODMe,-0.41182763144972545,0,5.323423035206817,12.778151672656369,ROS detoxification
SPR,0.5446901703674231,0,4.3350719656395915,1.2777972670408275,Tetrahydrobiopterin metabolism
SR5ARr,0.7287774694742142,0,10.490658452773914,1.645846838406813,Steroid metabolism
SRTNACT,-0.569295609662609,0,8.60470573389021,31.35172808444045,Tryptophan metabolism
ST3GAL22g,0.36645369581791876,0,3.9132151329856044,1.814333696458294,Sphingolipid metabolism
ST3GAL23g,0.7694354908928389,0,5.006476054966068,0.6523638188061617,Sphingolipid metabolism
ST8SIA52g,0.7694354908928389,0,5.006476054966068,0.6523638188061617,Sphingolipid metabolism
ST8SIA53g,0.36645369581791876,0,3.9132151329856044,1.814333696458294,Sphingolipid metabolism
STCOAtx,2.207856025402553,0,10.282927587142098,-27.30967145541897,"Transport, peroxisomal"
STRDNCt,0.3852907750463419,0,147.6090065975189,65.50005217403174,"Transport, extracellular"
STS1,-0.36507093320173517,0,283.0625980040073,608.5727446064592,Steroid metabolism
STS1r,-0.3943467204270716,0,99.18172035250683,228.338079168579,Steroid metabolism
STS2,0.5211452199745611,0,14.102368482318631,4.439409511178232,Steroid metabolism
SUCCtp,-0.6558429540307101,0,-20.822781672920847,-4.32789052365832,"Transport, peroxisomal"
TAGAT_Dt,0.81907294901384875,0,43.15895719641447,4.29263865059287,"Transport, extracellular"
TAXOLte,0.5919245653474837,0,15.881228549090247,4.071009006366672,"Transport, extracellular"
TCHOLAtx,-0.9294245186385998,0,8.633389994740902,236.02353131002113,"Transport, peroxisomal"
TCYNTt,-0.6010381233870685,0,125.27594144997597,502.73364439582826,"Transport, extracellular"
TDCHOLAtx,0.549892394648622,0,-248.27030709167718,-854.8894890991211,"Transport, peroxisomal"
TETPENT3COAtx,0.3633630687453149,0,4.285162766989414,2.001002474281193,"Transport, peroxisomal"
TETPENT3CPT1,14.371161312140405,0,25.745845030526073,-29.596796257499907,Fatty acid oxidation
TETPENT3CPT2,14.371161306054988,0,25.745845029000193,-29.59679625749842,Fatty acid oxidation
TETPENT3CRNt,14.371161312145574,0,25.745845030526073,-29.59679625749842,Fatty acid oxidation
TETPENT6COAtx,0.4829407564287889,0,11.094967938382993,3.868499604449728,"Transport, peroxisomal"
TETPENT6CPT1,-2.0072586066245734,0,-93.01580293963104,277.70680945549793,Fatty acid oxidation
TETPENT6CPT2,-2.0072586066245734,0,-93.01580293963104,277.70680945549793,Fatty acid oxidation
TETPENT6CRNt,-2.0072586066276794,0,-93.01580293982178,277.70680945549793,Fatty acid oxidation
TETPENT6t,0.39386294192007876,0,15.711542915338137,6.832342057592014,"Transport, extracellular"
TETTET6t,0.3876886550436998,0,10.87654897582418,4.799228060029249,"Transport, extracellular"
THCHOLSTOICtm,-1,0,-113.22129418789034,NA,"Transport, peroxisomal"
THFtl,-0.652754461771595,0,-7.102960480434098,-1.4923398436326754,"Transport, lysosomal"
THRALANaEx,-0.5323996877024275,0,21.642788551539045,70.92681836423203,"Transport, extracellular"
THRASNNaEx,-0.8183043677228304,0,64.23402625957671,642.8168307647705,"Transport, extracellular"
THRCYSNaEx,0.8679931145103831,0,30.96926084342268,2.188528232839506,"Transport, extracellular"
THRGLNexR,0.5888867912419039,0,-45.08989675308701,-174.26523848713552,"Transport, extracellular"
THRGLYexR,-5.929524354482872,0,-243.95620745959877,342.9337922798246,"Transport, extracellular"
THYMt,-0.3761015186899232,0,-277.63546659755707,-125.87468556312322,"Transport, extracellular"
THYOXt,0.49874181015432495,0,788.8931391235352,263.84741135500667,"Transport, extracellular"
TMNDNCCOAtx,-0.9611586170758647,0,-414.15271714191437,-8.202428980255126,"Transport, peroxisomal"
TMNDNCCPT1,-0.9180283445565544,0,-237.92154302225114,-10.168161905710486,Fatty acid oxidation
TMNDNCCPT2,-0.8945688947975368,0,-241.1109941619873,-13.417616356294905,Fatty acid oxidation
TMNDNCCRNt,1,0,NA,-166.2626183627367,Fatty acid oxidation
TRDR2,0.4608098867563169,0,0.29328537183227943,0.10825267153832029,Miscellaneous
TRDR3,0.3767330412011704,0,0.5982915457932603,0.27085523559184194,Miscellaneous
TRPHYDRO2,-0.4573361964960138,0,1.7229145037451323,4.626926752001996,Tryptophan metabolism
TRPO2,0.3321171284731188,0,10.592362719109142,5.310687384675915,Tryptophan metabolism
TRPt4,-0.3433543979227287,0,411.5278312052101,841.8966336914062,"Transport, extracellular"
TSTSTERONEGLCte,0.4679602764378948,0,2.825270812786714,1.0239761431900858,"Transport, extracellular"
TSTSTERONEGLCtr,-0.46796027642347365,0,-2.8252708127807593,-1.0239761432257424,"Transport, endoplasmic reticular"
TSTSTERONEtr,-0.6991898847863224,0,114.14131254446507,644.7514691253662,"Transport, endoplasmic reticular"
TSULt4_3,0.9626141407779207,0,-15.755722339443164,-827.1149601745606,"Transport, extracellular"
TTDCAtr,-1,0,-15.956111671984871,NA,"Transport, extracellular"
TTDCPT2,-6.431365976371945,0,-91.60259481802974,125.33355502823404,Fatty acid oxidation
TYR3MO2,0.6492772424777715,0,17.334027550327768,3.686122493440741,Tyrosine metabolism
TYRDOPO,0.37435314140100956,0,3.5093876381953995,1.5975787338069887,Tyrosine metabolism
TYRt4,-0.6473086370254602,0,69.70814829599392,325.5844821108699,"Transport, extracellular"
UAGALDP,1,0,18.47055185116783,NA,Aminosugar metabolism
UDPDOLPT_L,0.4917540092492774,0,0.6386069553639596,0.21757570129983905,N-glycan synthesis
UDPGD,-0.3555763409972896,0,112.63474531869889,236.93263553447724,Starch and sucrose metabolism
UGALGTg,0.4482044116979788,0,4.42340810541936,1.6854092268425114,Galactose metabolism
UGALNACtg,0.3342600250120231,0,38.4925908459451,19.2061936853508,"Transport, golgi apparatus"
UGT1A10r,0.6184314614951434,0,4.8557228866601525,1.1448066410769397,Steroid metabolism
UGT1A1r,0.3824898279987226,0,3.8756124642229266,1.731101430856101,Steroid metabolism
UGT1A4r,0.4679602764378948,0,2.825270812786714,1.0239761431900858,Steroid metabolism
UGT1A6r,0.6904980342872962,0,11.4769728109974,2.1012421034446898,Steroid metabolism
UGT1A8r,0.4443148574540534,0,3.874397591173167,1.4906342385245617,Steroid metabolism
UGT1A9r,0.7287774694742142,0,10.490658452773914,1.645846838406813,Steroid metabolism
UMPK2n,-2.5454527389986255,0,-294.0174038722992,128.16134795130492,Nucleotide interconversion
UMPK3,0.378203554892113,0,290.50080295633376,131.06363420559828,Nucleotide interconversion
UMPK3n,-0.38941579297408124,0,154.70915076658912,352.04863623926394,Nucleotide interconversion
UMPK6n,-2.8533689182339357,0,-136.41629399273992,283.625295558095,Nucleotide interconversion
UMPK7,-0.33768387950012335,0,-259.65434057711064,-128.56046047759057,Nucleotide interconversion
UMPK7n,3.851560698084996,0,648.6503455963135,-381.2517141199112,Nucleotide interconversion
UMPKn,-0.425784451516407,0,187.34929583131225,465.19066525497436,Nucleotide interconversion
URATEtx,0.3573977899285073,0,8.17721926780493,3.871156423503091,"Transport, peroxisomal"
URIt,-0.5674278578494738,0,-555.4935656261445,-153.3027759015441,"Transport, extracellular"
Uritl,0.6595034323179536,0,12.604062641853746,2.5860989406971266,"Transport, lysosomal"
UROLACer,0.75873602320486,0,37.190471045789494,5.101800853001875,Vitamin C metabolism
UTPtn,0.6676850782488855,0,-13.880393883865327,-69.6571963677152,"Transport, nuclear"
VALt4,0.760587120439375,0,500.06711369781493,68.0014673934944,"Transport, extracellular"
VALt5m,-1.1787160096982197,0,-34.436696045916044,419.81566801452635,"Transport, mitochondrial"
VALTAm,-1.1787160096982197,0,-34.436696045916044,419.81566801452635,"Valine, leucine, and isoleucine metabolism"
VALtec,1.5041401222677047,0,153.83268871632396,-764.1101965820312,"Transport, extracellular"
VLCS2p,0.7468135223553306,0,15.475978483823942,2.24311778577303,Bile acid synthesis
VLCS2r,1,0,2.7728029723502963,NA,Bile acid synthesis
VLCSp,1,0,20.166479193417203,NA,Bile acid synthesis
VLCSr,1,0,5.748266667347567,NA,Bile acid synthesis
WHDDCAte,-0.46389655787332174,0,-3.646332459311773,-1.3353480285623005,"Transport, extracellular"
WHTSTSTERONEte,0.5426008392579966,0,19.344757093505233,5.735946353810688,"Transport, extracellular"
WHTTDCAte,-0.5053686354963944,0,-4.4918539837275615,-1.4759254396113275,"Transport, extracellular"
XANDp,0.4062450922142443,0,6.062825967032192,2.5598899458614732,Purine catabolism
XANtx,1,0,4.621213936820842,NA,"Transport, peroxisomal"
XOL7AONEtr,-1,0,NA,97.95634149207622,"Transport, endoplasmic reticular"
XOLTRI24tc,0.48085673157503944,0,2.7035027360563806,0.9477657201175461,"Transport, endoplasmic reticular"
XYLUR,-0.8344962319296427,0,-571.8086896118164,-51.58718295462729,Pentose phosphate pathway
EX_4abutn[e],0.8241605833355509,0,22.869000521298613,2.204450500739949,Exchange/demand reaction
EX_ctp[e],1.0073635633471283,0,868.3032236068725,-3.1851757739807343,Exchange/demand reaction
EX_dgmp[e],-0.6001496745064882,0,-81.9178843106601,-20.46989305263548,Exchange/demand reaction
EX_dgtp[e],0.6001496745064882,0,81.9178843106601,20.46989305263548,Exchange/demand reaction
EX_dha[e],-1,0,-201.51379556189255,NA,Exchange/demand reaction
EX_HC01440[e],0.5660207905866673,0,97.7658236727152,27.093085302675703,Exchange/demand reaction
EX_HC01441[e],-0.6543096243651549,0,-15.341187471619877,-3.2057486589210953,Exchange/demand reaction
EX_HC01444[e],0.5025761463345341,0,401.12069788093567,132.78994466380496,Exchange/demand reaction
EX_HC01446[e],-0.5660207905866697,0,-97.7658236727152,-27.093085302675515,Exchange/demand reaction
EX_HC01577[e],0.5575240657859822,0,261.2641197230339,74.22234300611913,Exchange/demand reaction
EX_HC01700[e],0.3903691124446222,0,43.989695041926204,19.288026892763703,Exchange/demand reaction
EX_orot[e],-0.5982419946380911,0,126.35426123209484,502.65255155448915,Exchange/demand reaction
EX_prpp[e],0.9907883773883962,0,51.120696110601536,0.23654174675818357,Exchange/demand reaction
r0009,0.6008445147974705,0,54.339298053914305,13.548991597737464,Purine catabolism
r0024,0.3461095525067257,0,1.9665835530325886,0.9552938667812981,Arginine and proline metabolism
r0027,-13.205178593454447,0,-187.69977058490514,218.4571690363407,Methionine and cysteine metabolism
r0051,0.9907883773883953,0,51.120696110601536,0.23654174675820688,Purine catabolism
r0083,0.9041030471664064,0,77.61779452832806,3.9090898951122477,Miscellaneous
r0084,-0.48397480524833764,0,2.517123190553631,7.2386918981456665,Miscellaneous
r0085,0.8117292287410157,0,20.846967302453237,2.1663693173240457,Urea cycle
r0129,0.8311255954476588,0,25.316441697697154,2.33479288788898,Glutathione metabolism
r0139,-1.0073635633471292,0,-868.3032236068725,3.1851757739811357,Pyrimidine catabolism
r0142,0.523499104218582,0,5.1225836696905684,1.6021773170485645,Methionine and cysteine metabolism
r0145,0.39877284037633653,0,4.38098244085783,1.8830545984646334,Arginine and proline metabolism
r0149,-1.0073635633471292,0,-868.3032236068725,3.1851757739811357,Pyrimidine catabolism
r0156,0.8117292287410157,0,20.846967302453237,2.1663693173240457,Urea cycle
r0160,0.7771953174939382,0,457.5334769565582,57.3603813074126,"Glycine, serine, alanine, and threonine metabolism"
r0166,0.6475377631235769,0,24.73832753714854,5.292337726932561,Pyrimidine catabolism
r0181,619.7001523066432,0,26.451072475340446,-26.5365777798946,Purine catabolism
r0193,-0.4652603414642624,0,-802.7487349060059,-292.95925935227575,Methionine and cysteine metabolism
r0205,-0.3714412456577981,0,28.869536332404426,62.989931483351064,Oxidative phosphorylation
r0208,0.7504237309149155,0,10.114088464934962,1.4420716651022456,Fructose and mannose metabolism
r0210,-0.5516052984141094,0,111.49572697153091,385.81490840034485,Methionine and cysteine metabolism
r0245,0.4046546134062365,0,37.7414277508148,15.996234718812815,Glycerophospholipid metabolism
r0249,-0.4487000179090995,0,10.004894509634282,26.290751543859102,Pentose phosphate pathway
r0276,1.5530373285729129,0,146.10539857989846,-31.649258871539473,Purine catabolism
r0281,0.8241605833355509,0,22.869000521298613,2.204450500739949,Methionine and cysteine metabolism
r0287,0.3306563295550562,0,12.037761061036027,6.055206737886485,Fatty acid oxidation
r0301,0.4615920695274927,0,5.459700047744542,2.0111944125812697,Bile acid synthesis
r0308,-0.6550505488529134,0,13.675051572886769,65.61222676550214,Fatty acid oxidation
r0309,-1.1032260094053885,0,-308.2229113419771,15.127533133796785,Fatty acid oxidation
r0317,-1.8132857404578968,0,-109.3468605942918,31.610810521756857,Miscellaneous
r0321,0.5904418123389165,0,5.778398740409362,1.4880082360415439,Cholesterol metabolism
r0354,0.4530042357914943,0,20.304613000274543,7.643843721483081,Glycolysis/gluconeogenesis
r0355,0.5488986450736489,0,17.860525513311476,5.201700759682936,Glycolysis/gluconeogenesis
r0357,0.6167810391381844,0,21.028065165443497,4.984195810418,Fructose and mannose metabolism
r0358,0.34590432777911717,0,23.521517660781893,11.431215866117237,Fructose and mannose metabolism
r0361,0.717270666398049,0,7.587287645482924,1.249161720297198,Fructose and mannose metabolism
r0364,0.5541012279668122,0,14.061672306634627,4.034539257435912,Aminosugar metabolism
r0365,1,0,80.16209020918012,NA,Propanoate metabolism
r0380,0.6543096243652384,0,15.341187471619877,3.205748658920158,Miscellaneous
r0381,-0.49165355898047625,0,3.602568396705156,10.57110572002499,Taurine and hypotaurine metabolism
r0386,0.8919044992708565,0,169.9470979311794,9.710065521497327,Miscellaneous
r0388,-0.8751305197713339,0,5.645630797062953,84.77887944714472,Vitamin B6 metabolism
r0389,0.7337291511827976,0,27.149993630168215,4.169770026854849,Vitamin B6 metabolism
r0391,0.6208719307997691,0,87.88491821635961,20.55661445056186,NAD metabolism
r0394,-5.2715666054983075,0,-222.6685940913677,326.924767367351,Nucleotide interconversion
r0395,0.35010858134885153,0,35.66722614105102,17.1688592431586,Nucleotide interconversion
r0399,0.47835841014890695,0,11.499408338915696,4.057588205322076,Tetrahydrobiopterin metabolism
r0402,0.33205301803740506,0,3.476201701596125,1.7431126267747155,Tetrahydrobiopterin metabolism
r0403,0.4265215567123273,0,10.996646231570926,4.420781117952839,Tetrahydrobiopterin metabolism
r0410,-0.6001496745064882,0,-81.9178843106601,-20.46989305263548,Pyrimidine catabolism
r0424,-0.48397480524833764,0,2.517123190553631,7.2386918981456665,Miscellaneous
r0425,0.3454578724947392,0,-278.3103401705503,-572.0866884555817,Miscellaneous
r0426,-0.7831713147708159,0,109.3468605942918,899.2545657226563,Miscellaneous
r0434,-0.6307408500323751,0,-490.9541305138588,-111.16990471112729,Fatty acid oxidation
r0437,-0.9363907908526612,0,-86.40286567792893,-2.838279328635262,Fatty acid oxidation
r0438,0.5727370889347452,0,146.110564076519,39.6936178233094,Fatty acid oxidation
r0440,0.5257567463994777,0,23.393483013134123,7.271278022120941,Fatty acid oxidation
r0441,-0.6641361986771678,0,-14.754070632590377,-2.977735987947628,Fatty acid oxidation
r0443,-0.8197620145283591,0,18.477771573377122,186.55971289500593,Fatty acid oxidation
r0450,-0.9522979221795319,0,19.695817271624133,806.088642086792,Lysine metabolism
r0475,1.0404021021270926,0,247.13318016182185,-4.893496224828506,Nucleotide interconversion
r0483,0.3389061743396145,0,-60.0015747854175,-121.52054040142521,Pyrimidine catabolism
r0488,0.6598039829605288,0,341.5967161366701,70.01419652950764,Cholesterol metabolism
r0502,0.5001174630361995,0,15.531250215968083,5.175461889806925,Purine catabolism
r0527,1,0,10.483611687119001,NA,NAD metabolism
r0531,-0.3744867943803819,0,-539.3664501106263,-245.45949702227787,Nucleotide interconversion
r0539,-0.4916535589805546,0,3.6025683967044113,10.57110572002499,Taurine and hypotaurine metabolism
r0541,-0.7227682633636391,0,3.190144302188615,19.824134949490706,Tryptophan metabolism
r0545,0.4364762381311743,0,24.142651174200047,9.471063460730683,Phenylalanine metabolism
r0552,3.600708857089832,0,198.51741162911952,-351.1814909534454,"Glycine, serine, alanine, and threonine metabolism"
r0553,-0.4126816990554665,0,321.74320915442706,773.8916744750976,"Glycine, serine, alanine, and threonine metabolism"
r0560,-0.8970373046766621,0,4.537216700559162,83.59599866080545,"Valine, leucine, and isoleucine metabolism"
r0568,0.6185474310654647,0,14.730618505368755,3.471651286220629,Glutathione metabolism
r0578,0.35628548987627684,0,4.166212329701839,1.9773501588740574,CoA synthesis
r0584,-0.38444782657177345,0,-21.28168464095937,-9.462246957615855,NAD metabolism
r0591,-1.0460611981525758,0,-0.22546718375555638,10.015363790817581,CoA synthesis
r0594,-0.9469869295978267,0,19.695817271624133,723.35932449646,Lysine metabolism
r0596,0.48612721800349346,0,80.16209020918012,27.718432047685887,CoA synthesis
r0610,0.6819955046424869,0,-56.23983487444779,-297.46481833317915,Miscellaneous
r0611,-0.6819955046424302,0,56.23983487445971,297.46481833317915,Miscellaneous
r0615,0.47741756308592703,0,-103.30007533229869,-292.04453648550754,Arginine and proline metabolism
r0617,-0.47741756308592703,0,103.30007533229869,292.04453648550754,Arginine and proline metabolism
r0627,-0.5025761463345341,0,-401.12069788093567,-132.78994466380496,Miscellaneous
r0629,-1.3451414886415458,0,-34.78826440089941,236.3766885444224,Bile acid synthesis
r0630,0.8987449570884035,0,-26.863902137763052,-503.7546500901461,Bile acid synthesis
r0637,1,0,174.94736469183565,NA,Fatty acid oxidation
r0639,0.33710050657568413,0,23.470818152770093,11.63621835995831,Fatty acid oxidation
r0641,-2.372031385358886,0,-196.75118545038953,80.05524584278751,Fatty acid oxidation
r0642,-0.5750772412376057,0,-325.21127577171325,-87.73517187828365,Miscellaneous
r0643,-1.3748798975480196,0,-555.8059991065979,87.73517187828365,"Valine, leucine, and isoleucine metabolism"
r0647,-1,0,-391.82916852832733,NA,Tryptophan metabolism
r0648,0.5575240657859822,0,261.2641197230339,74.22234300611913,Miscellaneous
r0649,0.3903691124446222,0,43.989695041926204,19.288026892763703,Miscellaneous
r0650,1,0,10.830884457255776,NA,Bile acid synthesis
r0653,-0.3316751983295146,0,74.15680381697975,147.76165149583815,Fatty acid oxidation
r0656,0.8919044992708565,0,169.9470979311794,9.710065521497327,Miscellaneous
r0661,0.38025925331346255,0,7.204540023967647,3.234861134434102,Fatty acid oxidation
r0669,-0.8298078133016166,0,9.454934633122198,101.65398072358965,"Valine, leucine, and isoleucine metabolism"
r0672,0.8052230591382933,0,-11.172915525607872,-103.55232326475532,Bile acid synthesis
r0673,0.33205301803740506,0,3.476201701596125,1.7431126267747155,Tetrahydrobiopterin metabolism
r0698,-0.3545827340277516,0,172.3888803768158,361.8047009403229,Bile acid synthesis
r0706,0.6368090995654889,0,19.764327126510434,4.385498447842883,Bile acid synthesis
r0714,-0.3316751983295146,0,74.15680381697975,147.76165149583815,Fatty acid oxidation
r0715,0.5256796036043728,0,8.07141369077103,2.509331665858966,Fatty acid oxidation
r0716,-0.3316751983295146,0,74.15680381697975,147.76165149583815,Miscellaneous
r0717,0.5256796036043728,0,8.07141369077103,2.509331665858966,Fatty acid oxidation
r0718,0.33710050657568413,0,23.470818152770093,11.63621835995831,Fatty acid oxidation
r0719,0.5911725381527585,0,11.393840168141224,2.927473070922952,Fatty acid oxidation
r0721,0.5911725381527585,0,11.393840168141224,2.927473070922952,Fatty acid oxidation
r0722,-0.5079269759523611,0,-210.50959927625655,-68.69437098670006,Fatty acid oxidation
r0723,0.38025925331346255,0,7.204540023967647,3.234861134434102,Fatty acid oxidation
r0724,0.5079269759523611,0,210.50959927625655,68.69437098670006,Fatty acid oxidation
r0727,0.35910872753799633,0,14.95522121073678,7.052173646962241,Fatty acid oxidation
r0729,0.35910872753799633,0,14.95522121073678,7.052173646962241,Fatty acid oxidation
r0733,0.3306563295550562,0,12.037761061036027,6.055206737886485,Fatty acid oxidation
r0734,0.3306563295550562,0,12.037761061036027,6.055206737886485,Fatty acid oxidation
r0735,-0.557635480193282,0,-274.8716120811462,-78.06283962643593,Fatty acid oxidation
r0737,0.5660207905866673,0,97.7658236727152,27.093085302675703,Miscellaneous
r0741,0.5123062164201542,0,14.25252870205676,4.596205168514162,Bile acid synthesis
r0743,0.6764727521805233,0,28.111165308904788,5.424918438763265,Bile acid synthesis
r0744,0.7122401498250203,0,25.462400745174776,4.2792225286129195,Bile acid synthesis
r0779,-0.8298078133016166,0,9.454934633122198,101.65398072358965,Miscellaneous
r0782,0.45922196063641835,0,24.757165646474437,9.174842388378549,Aminosugar metabolism
r0791,-0.47283984055711026,0,40.013826918440124,111.79516775493316,Fatty acid oxidation
r0812,-1.159500266959389,0,-129.5328579968974,9.567271533431253,Purine catabolism
r0829,1,0,5.1225836696905684,NA,"Transport, mitochondrial"
r0840,-0.4487000179090995,0,10.004894509634282,26.290751543859102,"Transport, endoplasmic reticular"
r0859,1,0,15.291099710111785,NA,Purine catabolism
r0885,1,0,NA,-135.94486905097963,"Transport, mitochondrial"
r0892,-1.0199491865738717,0,-843.1232432678223,8.326755443411052,"Transport, extracellular"
r0913,-0.8212701471323794,0,53.884264442767204,549.0845578129922,"Transport, mitochondrial"
r0915,-3.348755019509557,0,-351.46443678548934,650.7416571563721,"Transport, mitochondrial"
r0917,1.7821476688420606,0,111.90870315293203,-398.06618366708756,"Transport, mitochondrial"
r0927,-1,0,NA,14.774254860963262,"Transport, mitochondrial"
r0944,28.219032431831252,0,64.65332036740226,-69.40391688690187,"Transport, extracellular"
r0946,1.2151363329356775,0,46.36088034937093,-477.351589512682,"Transport, extracellular"
r0960,0.9636723635277289,0,309.8610891269207,5.732382454312523,"Transport, endoplasmic reticular"
r0970,-0.6900664421563079,0,30.525993848085403,166.45812146014126,"Transport, endoplasmic reticular"
r0987,-0.3960706770134089,0,6.286903364866136,14.533093696298991,"Transport, lysosomal"
r0990,1,0,NA,-256.6895204846412,"Transport, peroxisomal"
r0994,0.36460852405392985,0,16.655777807663764,7.755293227102133,"Transport, endoplasmic reticular"
r0995,-1.3033679611006979,0,-517.4440007781982,68.15060995502286,"Transport, endoplasmic reticular"
r0997,1,0,174.94736469183565,NA,"Transport, peroxisomal"
r0998,-0.6307408500323751,0,-490.9541305138588,-111.16990471112729,"Transport, endoplasmic reticular"
r0999,-0.93639079085263,0,-86.40286567792893,-2.838279328636706,"Transport, peroxisomal"
r1002,0.5727370889347452,0,146.110564076519,39.6936178233094,"Transport, endoplasmic reticular"
r1003,0.5257567463994777,0,23.393483013134123,7.271278022120941,"Transport, peroxisomal"
r1007,-0.6641361986779436,0,-14.754070632602437,-2.977735987941796,"Transport, peroxisomal"
r1008,-0.8197620145283591,0,18.477771573377122,186.55971289500593,"Transport, mitochondrial"
r1011,1,0,2.7728029723502963,NA,"Transport, endoplasmic reticular"
r1012,1,0,2.7728029723502963,NA,"Transport, peroxisomal"
r1013,1,0,5.748266667347567,NA,"Transport, endoplasmic reticular"
r1015,0.4582032779661124,0,145.56017230138517,54.083011198258404,"Transport, extracellular"
r1018,1,0,10.830884457255776,NA,"Transport, endoplasmic reticular"
r1019,-1.1566510587661312,0,-233.66940695614815,16.972870901923706,"Transport, peroxisomal"
r1020,0.5019984591440213,0,9.969013132341821,3.3053189039547983,"Transport, mitochondrial"
r1028,-0.7188875459096513,0,2.0933530193339913,12.799996520143855,"Transport, extracellular"
r1106,-0.5384190474954613,0,0.4845625484768885,1.6150151999013822,"Transport, extracellular"
r1117,-1,0,NA,2.6699218318504165,"Transport, mitochondrial"
r1143,-0.5354033078287866,0,164.88526510533094,544.914300340423,"Transport, extracellular"
r1144,-0.4905049910571745,0,144.69158243639023,423.2887898801804,"Transport, extracellular"
r1147,0.7556883377566663,0,316.5781591648102,44.05322666454317,"Transport, peroxisomal"
r1150,0.5029136168739183,0,92.24931602696888,30.511320367887617,"Transport, lysosomal"
r1154,0.8479089680560554,0,90.84792223307763,7.477183390114311,Propanoate metabolism
r1163,0.3918743423848985,0,146.3336133971572,63.93481233791709,"Transport, extracellular"
r1168,0.40725837432949363,0,3.8528996702130613,1.6228533833778616,Miscellaneous
r1169,-0.6937380533426228,0,2.975741033508903,16.45691173962807,Miscellaneous
r1170,0.6716651191997636,0,13.857618109227449,2.7218007589022837,Miscellaneous
r1171,0.5358533573355793,0,16.99658940415096,5.13649943922259,Miscellaneous
r1179,0.40725837432949363,0,3.8528996702130613,1.6228533833778616,Miscellaneous
r1181,-0.6937380533426228,0,2.975741033508903,16.45691173962807,Miscellaneous
r1182,0.6716651191997636,0,13.857618109227449,2.7218007589022837,Miscellaneous
r1183,0.5358533573355793,0,16.99658940415096,5.13649943922259,Miscellaneous
r1253,0.47395395307393123,0,42.36748822734356,15.120723177071287,Fatty acid oxidation
r1254,0.33523869600718403,0,108.783672544384,54.15898762519322,Fatty acid oxidation
r1255,0.3844874523313667,0,3.321610523029101,1.4767146874100014,Fatty acid oxidation
r1257,0.40725837432949363,0,3.8528996702130613,1.6228533833778616,Fatty acid oxidation
r1298,0.4306933336118441,0,10.702430961299784,4.258750040754734,"Transport, lysosomal"
r1318,0.5727370889347452,0,146.110564076519,39.6936178233094,"Transport, endoplasmic reticular"
r1377,-0.34059949877774204,0,166.6631890744917,338.83593858939855,Miscellaneous
r1378,-0.34059949877774204,0,166.6631890744917,338.83593858939855,Miscellaneous
r1382,0.37356399906282295,0,2.272142825807663,1.0362473582069684,Folate metabolism
r1427,0.6308488417738619,0,12.44319694975322,2.816582658292917,"Transport, mitochondrial"
r1444,0.5911725381527585,0,11.393840168141224,2.927473070922952,Fatty acid oxidation
r1445,0.6211883327469546,0,17.788589786481765,4.156534573426051,Fatty acid oxidation
r1447,-0.3616835147345044,0,3.422650945236586,7.301342635511997,Fatty acid oxidation
r1448,-0.3811437657061736,0,4.925909250925099,10.993488431304048,Fatty acid oxidation
r1451,0.44426762799418357,0,59.14313150236756,22.757383825953212,Fatty acid oxidation
r1455,0.5641779540103646,0,243.60682095625103,67.87541203606594,"Transport, mitochondrial"
r1459,1.111771588206477,0,275.3711677574158,-14.574811470334652,"Transport, nuclear"
r1467,-1,0,-233.29545297403337,NA,"Transport, mitochondrial"
r1481,0.39669522123446305,0,47.70389342647693,20.605774568683888,Fatty acid oxidation
r1495,0.8010549874115855,0,55.996814830842055,6.185423048878386,"Transport, extracellular"
r1497,-0.7916095333728852,0,5.540234513678335,47.631435029072875,"Transport, extracellular"
r1499,0.869443997876457,0,231.35222177798227,16.156900764100186,"Transport, extracellular"
r1500,-0.7045396211325566,0,30.23099578297124,174.40555074047447,"Transport, extracellular"
r1501,-0.4842691531833323,0,11.850898449081386,34.10678867485421,"Transport, extracellular"
r1514,0.3952815939238701,0,7.185399000154089,3.114169246778783,"Transport, extracellular"
r1515,0.7418352122450185,0,24.107434149494697,3.5730651078639615,"Transport, extracellular"
r1516,0.3923955490316209,0,3.068353305740155,1.3389479210902873,"Transport, extracellular"
r1518,0.346296984992794,0,2.6606316772516356,1.2918865366488086,"Transport, extracellular"
r1520,0.40034308942518154,0,21.405521750322613,9.166302986012877,"Transport, extracellular"
r1523,0.47631026520677117,0,6.361766281513213,2.2567015723592085,"Transport, extracellular"
r1525,0.8265316479066169,0,22.14410889246594,2.1030580458624977,"Transport, extracellular"
r1540,0.7531896384313185,0,400.3680876396179,56.36297996793501,"Transport, extracellular"
r1544,0.616748899484243,0,234.1556231420517,55.506702549648935,"Transport, extracellular"
r1546,1.7711870744249425,0,509.11308280911,-141.67987159960865,"Transport, extracellular"
r1547,4.328946661063907,0,78.58969002501051,-125.80564030995369,"Transport, extracellular"
r1548,-0.5450008487248761,0,-706.4527965576171,-208.04870308967233,"Transport, extracellular"
r1549,-0.3877423200132606,0,115.57763665009738,261.96809426699167,"Transport, extracellular"
r1551,0.5388149065316736,0,-153.88746340793148,-513.4691601577878,"Transport, extracellular"
r1553,0.38972897248579663,0,323.1956176457554,141.92473897695803,"Transport, extracellular"
r1559,-1.7250588411342243,0,-43.72120706982529,164.32164551543147,"Transport, extracellular"
r1561,-6.9720125905396895,0,-516.3591566015243,386.81617087812424,"Transport, extracellular"
r1562,4.32461551291985,0,346.0085059366867,-554.1579924514771,"Transport, extracellular"
r1563,-4.620880692334724,0,-382.92562351932526,246.6745111121445,"Transport, extracellular"
r1565,2.7252785478530206,0,643.301450680542,-297.93052476613263,"Transport, extracellular"
r1566,2.352091652142531,0,109.19613065627105,-270.71791874399185,"Transport, extracellular"
r1568,-0.7921900310787361,0,102.53232309003239,884.256940411377,"Transport, extracellular"
r1569,-2.295252994716154,0,-887.3296858215332,348.77942139914035,"Transport, extracellular"
r1570,-1.1603326048560754,0,-63.744946731473505,858.9038202331543,"Transport, extracellular"
r1571,2.6608090294972406,0,115.97652563515716,-255.63921240446686,"Transport, extracellular"
r1574,-0.726779190740211,0,59.221010046528185,374.2819153490156,"Transport, extracellular"
r1576,3.5197142271124138,0,396.417191734314,-711.0696927749634,"Transport, extracellular"
r1578,12.907455174796368,0,371.68562313842773,-434.11468420684935,"Transport, extracellular"
r1579,-0.5107908353488979,0,-256.5011855014086,-83.05764620433565,"Transport, extracellular"
r1580,-0.5386526368957024,0,-810.9363876708984,-243.14998403545022,"Transport, extracellular"
r1584,2.6289662859909817,0,637.998320576477,-286.38396524925173,"Transport, extracellular"
r1585,0.44213563953680896,0,331.2524868537903,128.13909570245707,"Transport, extracellular"
r1586,-1.9403096983637271,0,-833.5894512451172,266.5815257133223,"Transport, extracellular"
r1587,-1.2694529694603667,0,-24.628815306391008,207.43485641787052,"Transport, extracellular"
r1588,-0.6259607832550761,0,63.139884133410455,274.47115399721804,"Transport, extracellular"
r1590,15.024189124048844,0,606.3435956359863,-530.6650585266113,"Transport, extracellular"
r1593,-3.3684919898658507,0,-407.2464229400635,751.1331024665833,"Transport, extracellular"
r1594,-2.908423779110843,0,-582.1871899690151,284.27313413883525,"Transport, extracellular"
r1595,0.6446699880366623,0,-60.15155700598438,-278.41571837626344,"Transport, extracellular"
r1596,7.838308425757833,0,780.1670244262696,-603.624865713501,"Transport, extracellular"
r1597,-0.6768487864011693,0,52.254643652724475,271.1521173541824,"Transport, extracellular"
r1598,2.2860126562451164,0,247.20417301514297,-631.65477980299,"Transport, extracellular"
r1600,0.6639405372053848,0,547.6948975171417,110.61576355612503,"Transport, extracellular"
r1603,-3.6187389700503934,0,-299.54186344856026,528.309882616806,"Transport, extracellular"
r1604,0.3573086048529589,0,-400.83111349145474,-846.5206217834473,"Transport, extracellular"
r1605,1.5760530954370895,0,66.1558938997617,-295.8426863978207,"Transport, extracellular"
r1606,-4.312640720881333,0,-366.17190091647507,587.247430543518,"Transport, extracellular"
r1608,-1.3843917479081036,0,-52.81662971689189,327.6228918404937,"Transport, extracellular"
r1609,-0.5363946310579224,0,-870.2676254333496,-262.6022868158299,"Transport, extracellular"
r1610,-0.81756184048432,0,3.1790888874163095,31.672050762927253,"Transport, extracellular"
r1613,-0.6129949161825574,0,64.97096106129885,270.79186882414444,"Transport, extracellular"
r1614,-0.7536133892612583,0,67.95092505087457,483.628763854599,"Transport, extracellular"
r1616,-0.5771485718001279,0,72.07869309535492,268.8386518085152,"Transport, extracellular"
r1618,1.9179969983030623,0,78.5303583634195,-249.62102316643,"Transport, extracellular"
r1619,-0.5021147596529105,0,-638.7054156330108,-211.70286579629183,"Transport, extracellular"
r1620,1.9957614046100973,0,112.4446376608014,-338.29118511727864,"Transport, extracellular"
r1621,0.6187671629961476,0,-168.89664665119275,-717.1584370533943,"Transport, extracellular"
r1622,2.109968564944701,0,238.2609986228287,-667.5722532793045,"Transport, extracellular"
r1623,0.33762442385232955,0,77.98945727810073,38.61944412561732,"Transport, extracellular"
r1624,-1.971244815878117,0,-807.3615930541993,263.91152879849244,"Transport, extracellular"
r1626,4.38151945996664,0,292.4639253358364,-465.4417412545546,"Transport, extracellular"
r1627,-2.4305415450636843,0,-138.58125070797726,332.3278093957335,"Transport, extracellular"
r1628,-15.801531633596266,0,-450.05666672058106,510.8688418199539,"Transport, extracellular"
r1629,-5.09340651338685,0,-390.5711179799497,262.3764481768147,"Transport, extracellular"
r1630,-1.8559598024057349,0,-874.2396302734375,262.0183871473848,"Transport, extracellular"
r1631,3.3340078854770527,0,479.6906764770508,-890.7352830200196,"Transport, extracellular"
r1632,-0.6614745088647264,0,-264.8899333714604,-53.97133348295293,"Transport, extracellular"
r1634,0.400344809529314,0,-135.26669321400112,-315.88155118900835,"Transport, extracellular"
r1635,0.6028849801142253,0,457.78388818054196,113.41603428416191,"Transport, extracellular"
r1637,-2.7759305514713377,0,-285.07382483459713,134.07855574866832,"Transport, extracellular"
r1639,-0.9440355762287014,0,9.241610863883746,321.0257354649216,"Transport, extracellular"
r1642,-0.7561117664340509,0,62.85672600957826,452.59844860491455,"Transport, extracellular"
r1643,-1.3482594243481179,0,-450.36703255766037,66.79183819200098,"Transport, extracellular"
r1644,2.119427606354174,0,844.6060380737305,-303.09256531142296,"Transport, extracellular"
r1645,2.307076542330493,0,123.36181117986627,-312.1216996557385,"Transport, extracellular"
r1646,0.938858931505053,0,-27.041772627115993,-857.5280686523438,"Transport, extracellular"
r1647,-0.3966572186997133,0,-659.4833195114136,-284.8905908248563,"Transport, extracellular"
r1648,-23.35923246531332,0,-470.7419585891724,512.8491247738302,"Transport, extracellular"
r1650,-6.69971293714784,0,-400.49848509584365,296.4690262406677,"Transport, extracellular"
r1651,3.767575492458179,0,469.33691635131834,-808.5052011047363,"Transport, extracellular"
r1652,-2.9937743182154057,0,-178.80175098654627,358.161821334517,"Transport, extracellular"
r1653,-0.6421019821721676,0,55.855181221907586,256.27385241122545,"Transport, extracellular"
r1654,-0.623886172012621,0,59.07136471302328,255.04292897896772,"Transport, extracellular"
r1655,1.8143567336028958,0,84.74970261693173,-292.8887137404233,"Transport, extracellular"
r1656,-5.36099005189106,0,-875.357371258545,600.1306018035889,"Transport, extracellular"
r1657,-1.1178659345546234,0,-394.7074694495231,21.966718479818233,"Transport, extracellular"
r1658,1.5542426256249942,0,64.11754567091447,-295.4875006562859,"Transport, extracellular"
r1659,-0.6295117487831605,0,66.40051461465414,292.04817786920665,"Transport, extracellular"
r1660,-3.788139136125861,0,-371.4241230400026,216.2807103360325,"Transport, extracellular"
r1661,-7.299695173441327,0,-369.1414648868293,280.18844741503915,"Transport, extracellular"
r1662,-5.039236546971971,0,-381.084615601477,254.88170480721445,"Transport, extracellular"
r1666,0.763988773111271,0,-70.27970096219782,-525.282653326416,"Transport, extracellular"
r1669,-1.0073274875409541,0,-1.0263676775592148,281.1681411907151,"Transport, extracellular"
r1670,0.4807410437935589,0,-95.22093887406513,-271.5361010804206,"Transport, extracellular"
r1671,1.5722423623745385,0,63.05533893873477,-283.4351747729242,"Transport, extracellular"
r1672,0.4742109143009766,0,45.68665022022901,16.294508346748703,"Transport, extracellular"
r1673,-0.737331836894144,0,7.829380942728856,51.78485513485465,"Transport, extracellular"
r1674,0.42083929366443135,0,51.427941407460345,20.962992087663572,"Transport, extracellular"
r1675,-0.8148203227726096,0,9.888350403346202,96.90901042371542,"Transport, extracellular"
r1677,-0.673224305647837,0,12.96518178123285,66.38699774323571,"Transport, extracellular"
r1679,-0.7836879297040061,0,10.544818536042067,86.95153034188151,"Transport, extracellular"
r1680,-0.6446358226337644,0,14.424742826977464,66.75813235130161,"Transport, extracellular"
r1681,0.5768956097811481,0,61.08406293115281,16.38975658138988,"Transport, extracellular"
r1682,-0.5969942113732056,0,3.425170100262207,13.57294852196981,"Transport, extracellular"
r1683,0.39450702112227776,0,21.76248853257641,9.449241782072411,"Transport, extracellular"
r1685,-0.43685777504142564,0,3.9218137993335898,10.006510611509816,"Transport, extracellular"
r1686,0.843311069464135,0,83.75458632247802,7.11948014404207,"Transport, extracellular"
r1687,0.6532632884363929,0,122.34797599183693,25.659878350044686,"Transport, extracellular"
r1691,-0.8680309013756133,0,41.43919258643007,586.5743805664063,"Transport, extracellular"
r1692,-0.8701428412525232,0,4.8052431617178755,69.20289328707456,"Transport, extracellular"
r1693,0.9397848102178957,0,110.77693345622346,3.4387598234655434,"Transport, extracellular"
r1695,-0.7068672528915088,0,14.302394114908203,83.28065831433646,"Transport, extracellular"
r1696,-0.4906505118461917,0,11.577203872994625,33.88157891662763,"Transport, extracellular"
r1698,-0.9514470566668807,0,5.545343090125939,222.87924703532158,"Transport, extracellular"
r1701,0.9283698802315861,0,385.5395531446755,14.321030757801145,"Transport, extracellular"
r1702,0.6976928424850644,0,78.939123830536,14.056642959628187,"Transport, extracellular"
r1705,-0.38655486378980497,0,9.682363163559225,21.884805901879723,"Transport, extracellular"
r1706,0.6644650564334573,0,474.33525623168947,95.61994276548774,"Transport, extracellular"
r1708,0.45788542051599845,0,12.007358032913798,4.4649351445074545,"Transport, extracellular"
r1711,-0.33270519149046873,0,6.993441330639057,13.967133340276181,"Transport, extracellular"
r1716,0.9819945186498392,0,204.93632193535865,1.8617494084147794,"Transport, extracellular"
r1720,0.8521907808902469,0,107.92274260846526,8.612490934369566,"Transport, extracellular"
r1722,-0.39802902332739454,0,6.8416014988925244,15.88906746694193,"Transport, extracellular"
r1723,0.6773118175629339,0,390.69911227879527,75.16431059562917,"Transport, extracellular"
r1725,0.7841736519300192,0,71.00753474129438,8.589576968636324,"Transport, extracellular"
r1726,-0.3832677997006971,0,7.141679801666879,16.018063757047873,"Transport, extracellular"
r1731,-0.8899600368543206,0,14.106176159268133,242.27660980356038,"Transport, extracellular"
r1733,0.4799740219526367,0,17.07533742173231,5.99984791051235,"Transport, extracellular"
r1734,0.9446871028280389,0,71.62252204189804,2.0371653574186017,"Transport, extracellular"
r1735,0.3469773388019652,0,10.746244638898316,5.209843603026067,"Transport, extracellular"
r1736,-0.4645957929124561,0,213.27849094275908,583.4223497283936,"Transport, extracellular"
r1737,0.8151680428378065,0,98.91439010202046,10.072092435848806,"Transport, extracellular"
r1738,-0.3839616456493398,0,3.4355835068185465,7.718213923342596,"Transport, extracellular"
r1740,0.8029142153396265,0,69.84309983648508,7.634906873144517,"Transport, extracellular"
r1741,0.38683660086041943,0,13.727665060608253,6.069425746039555,"Transport, extracellular"
r1745,0.9467720802496056,0,390.4835141949147,10.676455332538994,"Transport, extracellular"
r1746,0.945317420255681,0,190.53626717261523,5.35594577798104,"Transport, extracellular"
r1747,-0.8922636722084796,0,32.53011017005048,571.3536649108887,"Transport, extracellular"
r1748,-0.7184631519134479,0,9.460277280555085,57.744263402849434,"Transport, extracellular"
r1751,-0.9532756728577497,0,13.764393227596628,575.4102003707886,"Transport, extracellular"
r1753,0.8903922967312345,0,468.81784021148684,27.18274233652889,"Transport, extracellular"
r1754,-0.9923877893794555,0,2.181725039166015,571.0354776687622,"Transport, extracellular"
r1755,-0.9220379481323984,0,23.077696425151593,568.946137538147,"Transport, extracellular"
r1756,-0.3800702049119919,0,129.38441019794195,288.0319205643952,"Transport, extracellular"
r1757,0.9460234370993056,0,466.4404243484497,12.93758873829327,"Transport, extracellular"
r1758,-0.5580140536094746,0,205.1220431800604,723.0615104156494,"Transport, extracellular"
r1761,0.6690980045166962,0,473.7265608520508,93.91723186726645,"Transport, extracellular"
r1762,-0.8548253850248063,0,10.259355847199949,131.07879543982745,"Transport, extracellular"
r1763,-0.4880437283994454,0,57.38209523527818,166.78585979682504,"Transport, extracellular"
r1764,-0.6081959492740756,0,10.296708775308378,42.26379311961029,"Transport, extracellular"
r1765,0.3773206407011329,0,5.536713289571001,2.5031187233326984,"Transport, extracellular"
r1766,0.5054208164257463,0,10.276360677173857,3.376115182131136,"Transport, extracellular"
r1767,0.7928638645042493,0,468.9953048538208,54.18474706105702,"Transport, extracellular"
r1769,-0.9169118763789784,0,4.787178156483976,110.44416774125398,"Transport, extracellular"
r1775,0.9534436520327713,0,423.2191224701971,10.086565185335104,"Transport, extracellular"
r1776,0.7487009840210413,0,138.81047345550172,19.947913168510702,"Transport, extracellular"
r1777,-0.7871309124363597,0,1.7972998061867895,15.089133322808147,"Transport, extracellular"
r1778,0.6160242037149644,0,473.37419648284913,112.47618297884762,"Transport, extracellular"
r1779,0.843990118962972,0,200.73860676374434,16.98339152617734,"Transport, extracellular"
r1781,0.6973431105072686,0,144.3412673030436,25.737800870633684,"Transport, extracellular"
r1782,-0.91793680249574106,0,24.498679364918452,572.5699241012574,"Transport, extracellular"
r1783,0.8687290427593519,0,21.583562824040836,1.5161614593370278,"Transport, extracellular"
r1784,0.6693940669676781,0,61.66045389236566,12.211204228915413,"Transport, extracellular"
r1786,0.9936198215794241,0,466.1329690658569,1.4917646173867218,"Transport, extracellular"
r1788,-0.9114616843722505,0,1.739435223544361,37.552823979977056,"Transport, extracellular"
r1789,0.8087354697177924,0,31.440621232313056,3.324684981556429,"Transport, extracellular"
r1790,-0.6677557256765358,0,10.990272821659303,55.16751330746729,"Transport, extracellular"
r1792,-0.3308140423574898,0,2.3420969404114467,4.6577419344581665,"Transport, extracellular"
r1796,0.9138601090178385,0,64.29874359091455,2.893987254927264,"Transport, extracellular"
r1798,0.7553546079387525,0,56.62517016465105,7.891902236057631,"Transport, extracellular"
r1800,-0.9358114044431847,0,14.887976157349954,448.99430785904156,"Transport, extracellular"
r1809,-0.5403299691796056,0,2.990448604192432,10.020835158881004,"Transport, extracellular"
r1810,-0.47530799347376584,0,3.7732898624388964,10.60958548350078,"Transport, extracellular"
r1811,0.6701291233359825,0,78.57487288877219,15.51949597274866,"Transport, extracellular"
r1812,-0.8985689903567771,0,30.285564908885352,566.8802331130981,"Transport, extracellular"
r1813,-0.8526468117100187,0,8.336375727884509,104.81184759360998,"Transport, extracellular"
r1816,0.42945616048944935,0,79.48989564953837,31.727080213954824,"Transport, extracellular"
r1817,-0.3850817451290324,0,7.977421798551676,17.968862070433907,"Transport, extracellular"
r1819,0.8921529401453022,0,21.54329066361254,1.2279031511519143,"Transport, extracellular"
r1820,-0.7132846478030356,0,21.803688076684672,130.28923551190795,"Transport, extracellular"
r1821,0.9343408591031082,0,395.5294573349386,13.425826294165873,"Transport, extracellular"
r1822,0.8530002824161086,0,54.58998950378746,4.330659372324008,"Transport, extracellular"
r1825,-0.5343064694022821,0,25.268544839626877,83.25151472484544,"Transport, extracellular"
r1826,0.3589312154142937,0,10.747891306710127,5.070262231595999,"Transport, extracellular"
r1828,-0.7121000390081287,0,4.456536155857985,26.502385411927943,"Transport, extracellular"
r1830,0.86155136840366,0,173.03367927370667,12.868984720023024,"Transport, extracellular"
r1831,-0.5975559740645003,0,14.892041210205491,59.115971087098494,"Transport, extracellular"
r1832,-0.464361135499513,0,7.029586274521222,19.217897768955353,"Transport, extracellular"
r1834,0.47506204344586994,0,57.460866847662906,20.448895799919637,"Transport, extracellular"
r1835,0.8610863156122256,0,29.00897181075446,2.165263975522468,"Transport, extracellular"
r1836,0.6315086351719769,0,41.34258084776718,9.337605522695114,"Transport, extracellular"
r1837,0.5083791134292251,0,107.49055686789156,35.03403248884794,"Transport, extracellular"
r1841,-0.627426762346989,0,7.183487561184845,31.377991553292237,"Transport, extracellular"
r1842,-0.5166029774459103,0,180.29158172290175,565.644256980896,"Transport, extracellular"
r1843,-0.3951185867609053,0,8.39193965099546,19.355448406631407,"Transport, extracellular"
r1844,-0.3741268075718003,0,7.285246870621326,15.995018073645607,"Transport, extracellular"
r1846,-0.6574073281361464,0,8.51862894241472,41.21173391718566,"Transport, extracellular"
r1847,0.6818135987039884,0,19.102457365533734,3.6140403251189714,"Transport, extracellular"
r1851,-0.7828289893858287,0,17.137055432179093,140.68378247537203,"Transport, extracellular"
r1853,-0.42433818052743133,0,3.462763591757258,8.567784464842717,"Transport, extracellular"
r1854,0.9408297723128305,0,122.20939048644304,3.7258071592625477,"Transport, extracellular"
r1855,0.8383313267330134,0,23.171849089099094,2.0378057235389475,"Transport, extracellular"
r1856,0.8370153795427571,0,26.232619128159712,2.327423885404117,"Transport, extracellular"
r1857,0.37820598849918297,0,473.106988381958,213.44784062027932,"Transport, extracellular"
r1858,0.9108809989230152,0,136.3956744799994,6.361173860502041,"Transport, extracellular"
r1859,-0.9581632085462509,0,3.45299666966252,161.61686407622398,"Transport, extracellular"
r1860,0.49227606473866997,0,6.307305952166038,2.145963655519568,"Transport, extracellular"
r1862,-0.5293424200067013,0,54.210756952726655,176.15101456489563,"Transport, extracellular"
r1864,-0.8454068474913162,0,27.42440619050829,327.3701722946912,"Transport, extracellular"
r1866,-0.7255604300349516,0,16.761516814608875,105.3893582705224,"Transport, extracellular"
r1871,0.9701732225217782,0,138.48004308602512,2.096472220353611,"Transport, extracellular"
r1873,-0.5058019404045535,0,42.00583589413306,127.99012049840837,"Transport, extracellular"
r1874,-0.6993707297177025,0,3.712358534307066,20.98489420373193,"Transport, extracellular"
r1877,-0.4650519358302877,0,19.91809970429009,54.549315128605066,"Transport, extracellular"
r1879,0.9583355586155398,0,254.65792139468826,5.417958118749782,"Transport, extracellular"
r1880,0.3989229311956536,0,15.994334258372161,6.872306786251891,"Transport, extracellular"
r1881,-0.9808333360972318,0,5.7914424790624555,598.5330772644043,"Transport, extracellular"
r1882,0.7178957578642297,0,20.408459742450027,3.3513751008734163,"Transport, extracellular"
r1884,0.9865929891314569,0,361.40852833099365,2.439054247058532,"Transport, extracellular"
r1885,-0.42722929433163276,0,28.726345953261944,71.58027122870833,"Transport, extracellular"
r1886,0.8553099844206244,0,32.74722865114696,2.5538573410930394,"Transport, extracellular"
r1889,-0.6594578922925959,0,13.622949636712368,66.38448162296191,"Transport, extracellular"
r1891,0.34705541546836555,0,46.768978536070136,22.66985523278229,"Transport, extracellular"
r1892,0.6143632605300433,0,17.627625801243912,4.21086152341961,"Transport, extracellular"
r1894,-0.4493174031810725,0,4.482215899226337,11.796547675719742,"Transport, extracellular"
r1897,0.82841470974772,0,14.873517574540806,1.395786643202024,"Transport, extracellular"
r1898,-0.42442033770681953,0,9.253188913704015,22.8994027078907,"Transport, extracellular"
r1901,0.8844526863987019,0,42.71308002815559,2.619000035666821,"Transport, extracellular"
r1902,-0.39558605296745,0,243.4309146745205,562.0796658462524,"Transport, extracellular"
r1904,-0.37631161139093544,0,6.260073171630006,13.814288596082479,"Transport, extracellular"
r1905,0.8679805171732184,0,275.1823714019373,19.448508173151485,"Transport, extracellular"
r1906,0.6185941757996608,0,84.94823650356494,20.01721780692837,"Transport, extracellular"
r1907,0.4019276464011934,0,12.203383284175292,5.206050527194195,"Transport, extracellular"
r1910,-0.7492111511781063,0,7.701011735237738,53.71329573029773,"Transport, extracellular"
r1911,0.4942631043716249,0,10.597582150657916,3.586776841615356,"Transport, extracellular"
r1912,-0.7825548524331845,0,5.336154775004376,43.74431296332218,"Transport, extracellular"
r1913,-0.9813525249734365,0,5.206460714850312,553.2027295303345,"Transport, extracellular"
r1914,-0.33528827031624464,0,76.27206328833773,153.2170818020463,"Transport, extracellular"
r1916,0.9704304576390984,0,441.21139884643554,6.621101037960058,"Transport, extracellular"
r1917,-0.8082018660522199,0,5.477715041164125,51.64187135330532,"Transport, extracellular"
r1918,0.5836575007752384,0,115.4029541978661,30.339359580679563,"Transport, extracellular"
r1921,-0.9747763753157191,0,7.124759261429242,557.8027125518798,"Transport, extracellular"
r1922,0.35078455236713135,0,211.40610826541072,101.60621911861226,"Transport, extracellular"
r1924,0.7110371634717839,0,394.6825748341084,66.65465764689371,"Transport, extracellular"
r1925,0.33402448930871587,0,284.20519713909925,141.8817291756835,"Transport, extracellular"
r1926,0.9694521288822403,0,439.84730653839114,6.822404380681422,"Transport, extracellular"
r1928,0.8159621248649619,0,147.50274926234485,14.948600622844426,"Transport, extracellular"
r1930,0.6792066060988421,0,19.06940069066767,3.6429929140359083,"Transport, extracellular"
r1931,-0.5286472925080444,0,173.61299729454518,563.0455368988037,"Transport, extracellular"
r1932,0.9725105467424096,0,402.60873910245897,5.6108668888652264,"Transport, extracellular"
r1935,0.35499746549820255,0,23.992622416880202,11.420908645421301,"Transport, extracellular"
r1943,0.4572294435642136,0,77.99607367736604,29.05099982479533,"Transport, extracellular"
r1944,0.6406295289744091,0,23.671058464036744,5.185009339197306,"Transport, extracellular"
r1945,-0.5149023250192305,0,5.445645672446711,17.006103545533318,"Transport, extracellular"
r1946,-0.8936046109465793,0,31.287357170306798,556.8463476577758,"Transport, extracellular"
r1947,0.722223039522282,0,461.4731727462769,74.43090257521271,"Transport, extracellular"
r1948,0.7183677236826189,0,101.67794753597379,16.664530776024144,"Transport, extracellular"
r1949,0.451717632112303,0,19.86298304749774,7.501819319194415,"Transport, extracellular"
r1952,0.5750563261909477,0,294.43930919757486,79.43850621952191,"Transport, extracellular"
r1957,0.4142371786555449,0,8.781516232792232,3.637215738517482,"Transport, extracellular"
r1958,-0.8159151476956373,0,10.359306344745235,102.18994705734718,"Transport, extracellular"
r1959,0.47703515637908966,0,10.06874009058546,3.5649774916942927,"Transport, extracellular"
r1960,-0.8088344173530712,0,4.501435983019728,42.59319183326038,"Transport, extracellular"
r1961,-0.7340885769439612,0,7.298992672174828,47.598932270572895,"Transport, extracellular"
r1964,0.507082907057492,0,409.6573706182003,133.9854093507357,"Transport, extracellular"
r1966,0.6250402050125249,0,129.14336671440304,29.798382930994407,"Transport, extracellular"
r1967,-0.9507083617542067,0,5.0497356796903246,199.8424472301066,"Transport, extracellular"
r1968,-0.4797042013230814,0,8.669970938957144,24.65711323510064,"Transport, extracellular"
r1969,-0.3713401684523538,0,285.4168102690488,622.5998815765381,"Transport, extracellular"
r1970,0.9823504616375519,0,202.15271092450618,1.7998341340651058,"Transport, extracellular"
r1971,0.7044549405587619,0,435.67883385620115,75.544811297334,"Transport, extracellular"
r1975,0.7409277648140977,0,439.3419576217651,65.37968161141649,"Transport, extracellular"
r1978,-0.9921449488868264,0,2.1764670252378893,551.9808500640869,"Transport, extracellular"
r1979,-0.44296692174051533,0,213.33850124804974,552.6429442871093,"Transport, extracellular"
r1981,-0.8802524169078129,0,35.26649578993963,553.747409614563,"Transport, extracellular"
r1982,0.9893206310503179,0,455.2865385971069,2.4441373841958747,"Transport, extracellular"
r1983,0.7542273080716134,0,437.2850939147949,61.264999226205795,"Transport, extracellular"
r1984,-0.4588840080312473,0,41.96621164239868,113.14364378697871,"Transport, extracellular"
r1985,0.44975996277579416,0,172.8099840681456,65.58807975653559,"Transport, extracellular"
r1986,0.8619463044177343,0,441.8232208099365,32.758908397170714,"Transport, extracellular"
r1988,0.9646014041103902,0,353.98147091064453,6.378111618447941,"Transport, extracellular"
r1993,0.7645047524153288,0,465.4311410507202,62.117612120523304,"Transport, extracellular"
r1994,0.9728361659906994,0,263.69702772788406,3.6308247047717113,"Transport, extracellular"
r1995,-0.7257231500940822,0,10.39593692039919,65.4102196981065,"Transport, extracellular"
r1996,-0.838397584447806,0,35.75796149228511,406.7844518757388,"Transport, extracellular"
r1998,-0.6900924550894513,0,12.628046890889484,68.8675287946552,"Transport, extracellular"
r1999,0.43014922517103393,0,104.41069494515918,41.60301202681437,"Transport, extracellular"
r2002,-0.5152022895644304,0,49.17905348263923,153.70578868567048,"Transport, extracellular"
r2003,-0.5480156655571732,0,20.79284450041,71.2140810318295,"Transport, extracellular"
r2006,0.98155134383867,0,437.56172938079834,4.073790931435214,"Transport, extracellular"
r2008,-0.44943041094908553,0,84.98516369601897,223.73208253808022,"Transport, extracellular"
r2009,0.6308726697036493,0,178.95842790736222,40.504968876252136,"Transport, extracellular"
r2011,-0.6866671057634095,0,102.46501451877356,551.5679095916748,"Transport, extracellular"
r2012,0.5233619355917214,0,203.21628121899218,63.58345490551144,"Transport, extracellular"
r2014,0.7646263636451254,0,440.85251840820314,58.802850559026744,"Transport, extracellular"
r2016,0.9148800473675728,0,174.78284958679677,7.769420282090891,"Transport, extracellular"
r2020,0.42689474562601026,0,206.00349238910675,82.74028919757008,"Transport, extracellular"
r2021,-0.4800424757667532,0,194.11964486788585,552.5553653808594,"Transport, extracellular"
r2022,0.7135050725438744,0,181.89977553300633,30.413311189237703,"Transport, extracellular"
r2024,0.5360811791999784,0,225.89026174330712,68.22213908821047,"Transport, extracellular"
r2026,-0.5231809197334601,0,185.79566536441297,593.5173825134277,"Transport, extracellular"
r2027,0.9341180966162104,0,273.7465480618149,9.324634138218851,"Transport, extracellular"
r2028,0.7196671077216181,0,209.87423673113062,34.21281452286746,"Transport, extracellular"
r2030,-0.7397294136545696,0,113.72893386206552,760.1995069885254,"Transport, extracellular"
r2031,-0.8764967958043205,0,53.70022805205109,815.916530505371,"Transport, extracellular"
r2032,0.9750097329363193,0,264.38974842471555,3.345386259038801,"Transport, extracellular"
r2035,0.9943691553241806,0,467.9223382034302,1.3211185099488263,"Transport, extracellular"
r2036,0.7859214214076896,0,446.72701265411376,53.549211483448744,"Transport, extracellular"
r2037,0.9288497413119235,0,59.17262202953696,2.1827243846323405,"Transport, extracellular"
r2038,-0.9683849648628399,0,8.785747352794592,547.0097666915893,"Transport, extracellular"
r2039,-0.6246680342027482,0,128.99198456839025,558.3567963668823,"Transport, extracellular"
r2041,0.8236725316592909,0,48.733374488193824,4.711938354077442,"Transport, extracellular"
r2042,0.6225865113153999,0,190.374810361062,44.28116518594138,"Transport, extracellular"
r2043,-0.7341285829152304,0,89.84744584641662,586.0239722366333,"Transport, extracellular"
r2044,-0.7289723330052662,0,19.857189732186637,126.67537612997293,"Transport, extracellular"
r2048,0.8384349713160065,0,60.447988029891995,5.3122797772652275,"Transport, extracellular"
r2051,0.9247748743297052,0,621.0451042785645,24.27203131095823,"Transport, extracellular"
r2053,0.5763480878622395,0,541.6728727996826,145.57745848250389,"Transport, extracellular"
r2054,-0.8535644502106355,0,3.8403176125244727,48.6103013532725,"Transport, extracellular"
r2055,-0.7623498797433241,0,55.45546201051045,411.24290911267997,"Transport, extracellular"
r2056,0.9532013226060614,0,433.49173490753174,10.386456132339994,"Transport, extracellular"
r2057,-0.3610587396634421,0,3.993310404110045,8.506462742506269,"Transport, extracellular"
r2059,0.34930794608757454,0,111.67116012963056,53.85244840381053,"Transport, extracellular"
r2060,-0.6437093268773532,0,118.19438455168232,545.2772888198853,"Transport, extracellular"
r2062,0.6791753004544624,0,180.44625288483203,34.47621868319893,"Transport, extracellular"
r2065,0.6352877780290056,0,187.82384104731082,41.889660846151415,"Transport, extracellular"
r2066,-0.837718907044769,0,5.846269649534901,66.20487990918457,"Transport, extracellular"
r2067,0.9886938851731554,0,441.3895294143677,2.5093860549036826,"Transport, extracellular"
r2068,0.6525117255555278,0,20.25960578974889,4.260166719505993,"Transport, extracellular"
r2069,-0.9702358080396173,0,8.232666114028355,544.9599839660644,"Transport, extracellular"
r2070,-0.8781691931333953,0,36.128867262435335,556.9701721618652,"Transport, extracellular"
r2071,0.9639662402477961,0,438.0082595916748,8.036331822901417,"Transport, extracellular"
r2073,-0.8004422764122038,0,6.190383527608949,55.850648173030464,"Transport, extracellular"
r2079,0.8165334166976184,0,-87.7321990909934,-868.6512197509766,"Transport, extracellular"
r2081,-0.6198308180210856,0,104.41947350145728,444.91213174816966,"Transport, extracellular"
r2082,0.8526906502351979,0,417.6882852142334,33.21082755584307,"Transport, extracellular"
r2084,-3.416148445244978,0,-285.6016831905961,522.0123919387818,"Transport, extracellular"
r2085,0.4998870293313691,0,-108.02414033582318,-323.9748145858988,"Transport, extracellular"
r2090,0.5794672730761903,0,250.86389619916082,66.79244334698897,"Transport, extracellular"
r2093,-1.7843926387125244,0,-170.02702393108365,603.5523160861969,"Transport, extracellular"
r2094,0.5961740147481316,0,347.9511483978271,88.03032377609759,"Transport, extracellular"
r2096,-2.9784171927658947,0,-434.20571554592846,873.1482370056152,"Transport, extracellular"
r2098,6.1873525320627145,0,406.8116137878418,-293.6095377875179,"Transport, extracellular"
r2099,3.023117311674313,0,422.56010191537143,-212.49409131747848,"Transport, extracellular"
r2101,7.18543416295108,0,416.095522410202,-314.4282157953534,"Transport, extracellular"
r2102,0.4931075186194953,0,-249.07669467829615,-733.6827812561036,"Transport, extracellular"
r2103,-0.6320124013768428,0,49.22256337402901,218.30038336764127,"Transport, extracellular"
r2104,-9.753534603369213,0,-163.8163681561947,201.24498998243212,"Transport, extracellular"
r2105,-120.29773144798874,0,-446.6525340418786,439.2879687081337,"Transport, extracellular"
r2106,1.0321271943488963,0,390.3841975903273,-6.171832659687858,"Transport, extracellular"
r2107,-7.232669815644485,0,-246.96307956280708,186.9672130715979,"Transport, extracellular"
r2108,-0.9560723377451329,0,8.614528814609441,383.5997786360443,"Transport, extracellular"
r2110,-0.5406306478259135,0,154.84651379067898,519.3234675449371,"Transport, extracellular"
r2112,7.530317287727978,0,278.32597524337916,-363.5671551065445,"Transport, extracellular"
r2114,-1.048856817102301,0,-13.390099384729982,561.5264774337769,"Transport, extracellular"
r2115,2.380186488019068,0,871.4293914123535,-355.81914653320314,"Transport, extracellular"
r2117,0.8899871811723356,0,532.6600850616455,31.005203642845164,"Transport, extracellular"
r2118,-3.2176389539857877,0,-236.77912533721923,124.49871066898108,"Transport, extracellular"
r2119,-0.9113651338707573,0,25.578077576804514,551.5780392837524,"Transport, extracellular"
r2120,2.3630494095284695,0,838.5726020568848,-339.8748430046558,"Transport, extracellular"
r2121,-9.260588970490362,0,-6.231254562605545,5.01665478075545,"Transport, extracellular"
r2122,0.37331555688775053,0,485.21474773101806,221.41781795639972,"Transport, extracellular"
r2123,-6.717342488750963,0,-427.8035136426955,316.9354229064673,"Transport, extracellular"
r2124,-40.445546559624695,0,-438.41430071258543,417.2581410232991,"Transport, extracellular"
r2125,9.669556312720768,0,138.3788442283593,-170.30177989816218,"Transport, extracellular"
r2126,-3.6544247280628728,0,-421.8330898949534,739.6669960029602,"Transport, extracellular"
r2128,11.675148063835215,0,407.2677354751587,-343.0053326339364,"Transport, extracellular"
r2130,-0.8844957969446188,0,12.377222212459241,201.939172949796,"Transport, extracellular"
r2131,1.2723803495564967,0,13.160919060479104,-109.79725190833956,"Transport, extracellular"
r2132,-0.805387139911919,0,60.12638055319334,557.7811978666545,"Transport, extracellular"
r2133,1.4273747309500708,0,51.589941306494964,-293.0171365541339,"Transport, extracellular"
r2136,-0.9591042923587877,0,15.483668622216099,741.7434104667664,"Transport, extracellular"
r2139,-1.1283290635995227,0,-25.307634246162326,419.72544633493425,"Transport, extracellular"
r2140,0.44337890371465843,0,-44.45275804322632,-115.2708253419008,"Transport, extracellular"
r2142,-0.6220208022950396,0,-195.64260017735361,-45.59055774581702,"Transport, extracellular"
r2143,2.3525757255616813,0,123.93388952809572,-307.19000922021866,"Transport, extracellular"
r2144,-0.9350082488785662,0,-736.0491547119141,-24.721922247051097,"Transport, extracellular"
r2148,0.9276286155227618,0,274.1881270155981,10.294189554743784,"Transport, extracellular"
r2151,0.7649060832184121,0,105.58935838223063,14.06500667008094,"Transport, extracellular"
r2152,-0.5475252981276757,0,84.92028129916396,290.43896397031443,"Transport, extracellular"
r2153,0.39920314855311007,0,87.69626932359803,37.65546307392139,"Transport, extracellular"
r2155,0.5980635455845239,0,103.09474635452628,25.92984298596494,"Transport, extracellular"
r2156,0.6620344454323105,0,12.009422608016502,2.4420499724964015,"Transport, extracellular"
r2157,0.8553159143636915,0,46.97470235467246,3.663253144979618,"Transport, extracellular"
r2158,0.5879009126469628,0,28.475829973137472,7.390173687845989,"Transport, extracellular"
r2159,-0.35002792800468757,0,5.854426843816708,12.159968223480677,"Transport, extracellular"
r2160,0.7907344834533999,0,39.66617540122494,4.635395566157586,"Transport, extracellular"
r2161,0.8558234212769319,0,176.26134153430573,13.693521103461853,"Transport, extracellular"
r2162,-0.5797800128515173,0,7.6904881920899,28.91171268976631,"Transport, extracellular"
r2164,0.4976831308701961,0,8.225710253920889,2.758869974530399,"Transport, extracellular"
r2168,0.4481198545171512,0,42.62057445594035,16.24275004443589,"Transport, extracellular"
r2169,0.37243031525119985,0,4.65174535718431,2.1270984288958417,"Transport, extracellular"
r2170,0.9807901523055975,0,280.1190671586171,2.7166151902319084,"Transport, extracellular"
r2171,0.5035847573482569,0,11.27141415247902,3.7213078705314335,"Transport, extracellular"
r2172,0.7776091339923802,0,34.713282309775934,4.342865238040093,"Transport, extracellular"
r2173,0.9909277449311465,0,282.4880349296659,1.2872408420174655,"Transport, extracellular"
r2174,-0.8969303141100325,0,8.167668800463819,150.32061473196595,"Transport, extracellular"
r2175,0.5883334383849094,0,40.73774355533412,10.55846739235975,"Transport, extracellular"
r2178,-0.6453226319309562,0,2.118279612584615,9.826545759933976,"Transport, extracellular"
r2179,-0.5242264975315225,0,1.2346582798359584,3.955451187926009,"Transport, extracellular"
r2181,-0.9942599239906055,0,1.2020018129849177,417.60841498904375,"Transport, extracellular"
r2185,-0.5445518286860558,0,1.6209672099696664,5.497152093455181,"Transport, extracellular"
r2187,0.5930101868269743,0,9.015725374537029,2.303380365138039,"Transport, extracellular"
r2188,0.496786820339276,0,11.666587799018838,3.922255769732493,"Transport, extracellular"
r2190,-0.42303610706966455,0,32.44738647012981,80.0289291805191,"Transport, extracellular"
r2191,0.8728682795183771,0,62.91444641213389,4.270680379925227,"Transport, extracellular"
r2192,-0.8080806922165819,0,4.565754731302261,43.01418690182138,"Transport, extracellular"
r2193,10.386183742915392,0,157.75478548047394,-130.0449242939055,"Transport, extracellular"
r2194,-0.44489937961331827,0,-853.9783756286621,-328.0809257701695,"Transport, extracellular"
r2195,-2.136580804573586,0,-71.29454537464473,196.74896988675408,"Transport, extracellular"
r2196,4.052798002042859,0,134.50133372191712,-222.61809325327954,"Transport, extracellular"
r2197,-0.7678031242862899,0,73.0890547760247,556.4547713531495,"Transport, extracellular"
r2198,0.5145079221320763,0,-190.01724623258858,-592.7648212609291,"Transport, extracellular"
r2199,0.41501826352601484,0,19.545726471678563,8.08038546693843,"Transport, extracellular"
r2200,-3.0925611273217517,0,-373.4587783706665,730.3981991546631,"Transport, extracellular"
r2202,-0.961882797234361,0,2.6801686261886726,137.94760212957786,"Transport, extracellular"
r2203,0.47236664975472337,0,6.899967313116748,2.4726537174753136,"Transport, extracellular"
r2204,-0.6819118522689557,0,1.2502388608878414,6.610719617483168,"Transport, extracellular"
r2205,0.6259191949115726,0,9.26331877182499,2.131243517389864,"Transport, extracellular"
r2206,0.41479515751734514,0,5.6648558735284515,2.3431668334039495,"Transport, extracellular"
r2207,0.3412715927974941,0,7.633641890369342,3.7490518628739258,"Transport, extracellular"
r2209,-0.6752825754821907,0,5.79624418791497,29.90399084888436,"Transport, extracellular"
r2211,0.979102112418944,0,281.7293641773224,2.974858418833197,"Transport, extracellular"
r2212,0.9071489313265195,0,56.28851691040155,2.7404513949211093,"Transport, extracellular"
r2214,0.5661838174273788,0,8.3099191018018,2.3017587987548715,"Transport, extracellular"
r2215,0.7151669455376485,0,21.72249806674614,3.6073954730770055,"Transport, extracellular"
r2216,0.7966213740762272,0,71.54322428866625,8.098736250127617,"Transport, extracellular"
r2218,-0.6153463878802613,0,18.681232026380858,78.45152033974318,"Transport, extracellular"
r2219,-0.46635338687864897,0,15.315159316308051,42.082972480043814,"Transport, extracellular"
r2220,-0.42964874867387987,0,8.397912969010907,21.05030144091621,"Transport, extracellular"
r2221,-0.38612149077156743,0,17.619726796085143,39.78487861429453,"Transport, extracellular"
r2222,-0.7101417438972969,0,10.011081151067582,59.06462009458151,"Transport, extracellular"
r2223,-0.5531974980000811,0,3.9965482363920164,13.89300349397292,"Transport, extracellular"
r2224,-0.9629259417818121,0,10.098508557440047,534.6764118469239,"Transport, extracellular"
r2225,-0.6070063893041853,0,3.060019377619133,12.512851500363928,"Transport, extracellular"
r2226,0.64201647280985,0,55.766420208199506,12.157892527556355,"Transport, extracellular"
r2227,0.5472683788393174,0,182.10834016330242,53.28500549520692,"Transport, extracellular"
r2228,0.7412828673936757,0,186.67190503294094,27.735424790901483,"Transport, extracellular"
r2229,-0.8230858885825018,0,9.141185190129123,94.19918847352862,"Transport, extracellular"
r2230,-0.8242509543241406,0,8.562762166304223,88.88029515870511,"Transport, extracellular"
r2233,-0.4312307901487105,0,38.62104444767381,97.18463482871205,"Transport, extracellular"
r2234,-0.9632031573882223,0,8.837457076055726,471.5003354511261,"Transport, extracellular"
r2235,-0.7370526540995238,0,14.834907080992469,98.00066484835781,"Transport, extracellular"
r2238,0.39891554804903,0,7.449542708946607,3.200911093409032,"Transport, extracellular"
r2240,0.6176743037880623,0,7.186674864694305,1.6985189569117762,"Transport, extracellular"
r2242,0.8654948713951919,0,63.89471734883636,4.606910105169879,"Transport, extracellular"
r2243,-0.3441590826430696,0,4.394513526126528,9.006643400271487,"Transport, extracellular"
r2244,0.8007201846153521,0,220.0208619234938,24.348989431831544,"Transport, extracellular"
r2245,0.8832546342817001,0,37.935472863130414,2.3516685277092164,"Transport, extracellular"
r2246,0.5510831890819105,0,8.122548334258767,2.350840058360615,"Transport, extracellular"
r2248,-0.7809686805919245,0,5.708806763046008,46.4189599734541,"Transport, extracellular"
r2249,-0.8094359256097897,0,5.1648458849868195,49.04102583048642,"Transport, extracellular"
r2250,0.33096255534296415,0,5.856517531065652,2.9439066545066264,"Transport, extracellular"
r2251,-0.53076677686811,0,12.682565060117273,41.37398692683578,"Transport, extracellular"
r2252,0.9701881196200424,0,278.4381552188836,4.213183956363628,"Transport, extracellular"
r2253,0.9263421224095656,0,92.65001739843785,3.542674772511056,"Transport, extracellular"
r2255,-0.5501886868378251,0,2.532475919876825,8.727694048163826,"Transport, extracellular"
r2257,-0.37277373347616594,0,6.8267231633009295,14.941252853186638,"Transport, extracellular"
r2258,-0.9553252173252604,0,7.7490080902533665,339.15846974443497,"Transport, extracellular"
r2259,-0.6132847471655835,0,4.247947808649694,17.721435490894365,"Transport, extracellular"
r2260,0.9661174848313666,0,366.355014311409,6.31347283429295,"Transport, extracellular"
r2262,0.6435108964904115,0,10.277204104966488,2.229198045348002,"Transport, extracellular"
r2264,-0.8092357085251386,0,53.2400645963639,504.9363549499512,"Transport, extracellular"
r2265,0.5849427251479673,0,12.130374434175284,3.1766448564338643,"Transport, extracellular"
r2266,-0.8438536590414969,0,8.578136562242138,101.2949031719625,"Transport, extracellular"
r2270,0.9274866504933136,0,208.47677922826708,7.843037227956201,"Transport, extracellular"
r2271,0.4411066288430343,0,9.131675256260866,3.5414678318284056,"Transport, extracellular"
r2272,-0.37815928712817976,0,8.723225631195174,19.33291624124375,"Transport, extracellular"
r2274,0.3601556957475964,0,10.483713658272078,4.931747514369348,"Transport, extracellular"
r2276,-0.5317747781013642,0,1.0437059320136963,3.414430380171741,"Transport, extracellular"
r2277,0.9851618323316712,0,436.26572363361714,3.2608847549809714,"Transport, extracellular"
r2278,-0.8889056352031307,0,3.1363118165300494,53.325810673024506,"Transport, extracellular"
r2280,0.3506089573129061,0,6.944821048151617,3.3391638322220976,"Transport, extracellular"
r2281,0.36084505114717064,0,8.350665844809964,3.92209928413765,"Transport, extracellular"
r2282,-0.5734185409050663,0,98.14469187746327,362.00044469595554,"Transport, extracellular"
r2283,-0.3607405447917954,0,2.559131938526043,5.447419760244036,"Transport, extracellular"
r2284,0.5927385412210644,0,10.746427285286314,2.7478494050330196,"Transport, extracellular"
r2286,-0.3660071659751336,0,6.436225457226939,13.867554370588902,"Transport, extracellular"
r2288,-0.9953231600983234,0,0.7733821182176515,329.95511596031787,"Transport, extracellular"
r2289,-0.858569782875619,0,5.177963942217786,68.0449165354954,"Transport, extracellular"
r2290,0.8348167493452033,0,25.783758781390127,2.3212373067387326,"Transport, extracellular"
r2292,-0.9536994374403046,0,6.928873288905796,292.37087193437816,"Transport, extracellular"
r2293,-0.5711284537011831,0,1.5673193126161553,5.741719144899624,"Transport, extracellular"
r2295,0.34408631157196917,0,3.877265907585794,1.8921045178166604,"Transport, extracellular"
r2296,0.4301426028411579,0,426.9204087379068,170.111534635818,"Transport, extracellular"
r2297,-0.8828624498642926,0,6.863779923693737,110.32801580264419,"Transport, extracellular"
r2299,0.9113056121758737,0,92.69737450823598,4.30163383214888,"Transport, extracellular"
r2301,0.955669350611921,0,146.28639646448866,3.3159853683260154,"Transport, extracellular"
r2302,-0.9739607234601773,0,2.30436321272425,174.68697594373077,"Transport, extracellular"
r2305,0.3553649538755278,0,374.1906412185669,177.97154970810115,"Transport, extracellular"
r2306,-0.8449617665177287,0,5.190257193005256,61.76428784312308,"Transport, extracellular"
r2307,-0.9112432477667957,0,6.144849595245888,132.32009962012359,"Transport, extracellular"
r2313,5.905274116221668,0,32.984864688462295,-46.43359921662326,"Transport, extracellular"
r2314,1.1106926186542787,0,39.376409115307084,-750.8314201904296,"Transport, extracellular"
r2315,-0.4332495867120244,0,-452.47906643981935,-178.9239643160984,"Transport, extracellular"
r2316,-2.794391946607452,0,-389.72429913262727,184.30308560666145,"Transport, extracellular"
r2317,-5.1411014722999555,0,-198.6331021901794,133.94337084926812,"Transport, extracellular"
r2318,3.1236948275630345,0,328.819018494156,-169.34115592473933,"Transport, extracellular"
r2319,1.090086739704688,0,22.62713358139433,-524.9681807891845,"Transport, extracellular"
r2320,-0.416436102316622,0,-400.397831942749,-164.96170850935727,"Transport, extracellular"
r2321,7.459559347152252,0,283.5531030602485,-371.3464300726414,"Transport, extracellular"
r2323,1.6373949964748002,0,37.49071736262273,-155.1280303944797,"Transport, extracellular"
r2324,-3.3102226291949335,0,-424.4578126953125,227.50380395326613,"Transport, extracellular"
r2325,-0.4582139380635125,0,-411.0152531417847,-152.70896099870987,"Transport, extracellular"
r2327,0.8795752605233952,0,-56.884772317710144,-887.8508785949707,"Transport, extracellular"
r2328,-22.995073776912424,0,-442.15561986379623,405.30175360986294,"Transport, extracellular"
r2329,2.6156258380086297,0,29.801982066035027,-66.6941651011467,"Transport, extracellular"
r2331,-0.8721848264041506,0,10.16304334912626,148.86413727751412,"Transport, extracellular"
r2334,1.2014221183466687,0,31.502331474687534,-344.30145932884625,"Transport, extracellular"
r2335,1.0820854002100404,0,29.755961683966593,-754.7560617706299,"Transport, extracellular"
r2341,-2.3581551191374386,0,-692.1603682464599,279.93380711950084,"Transport, extracellular"
r2342,1.6954350164486967,0,185.78465936148763,-720.0823434505463,"Transport, extracellular"
r2343,-6.24396842596889,0,-504.3430068687439,365.09805790935155,"Transport, extracellular"
r2344,1.5213062908742074,0,64.73749436335684,-313.10393649776876,"Transport, extracellular"
r2346,0.4608751155264392,0,418.56303307800295,154.46751365311863,"Transport, extracellular"
r2347,2.8406381382333032,0,353.46383759002686,-737.5304612766266,"Transport, extracellular"
r2352,-0.685573960802826,0,-438.6429333761692,-81.8242114381075,"Transport, extracellular"
r2353,0.42366728628690353,0,-49.35398293291768,-121.91508355802782,"Transport, extracellular"
r2354,-1.7422062516490349,0,-41.450812613746805,153.14702245205342,"Transport, extracellular"
r2355,-0.6934593373076975,0,27.547156639483294,152.18206034295932,"Transport, extracellular"
r2356,-1.0216189316600517,0,-415.3445816459388,4.441641293200083,"Transport, extracellular"
r2359,6.86038811570606,0,385.25611804656984,-516.7341397885323,"Transport, extracellular"
r2360,-1.5526609430107967,0,-31.039655648818613,143.3676789743686,"Transport, extracellular"
r2361,-1.0268891169482592,0,-1.9930944185093056,150.23852935372742,"Transport, extracellular"
r2362,-1.2247187562879174,0,-52.16971742322063,516.4809149841309,"Transport, extracellular"
r2363,1.2384618651445027,0,45.199245792055315,-424.2891750322342,"Transport, extracellular"
r2364,-1.8416278232687007,0,-46.53224721965305,157.1090269628223,"Transport, extracellular"
r2365,0.4361603802525344,0,371.18924679870605,145.72968774735926,"Transport, extracellular"
r2366,-1.1427686395022265,0,-27.44290711829234,411.8817756817818,"Transport, extracellular"
r2367,-0.33742375460405083,0,259.4690154350281,523.7435347824097,"Transport, extracellular"
r2368,-1.759298117464202,0,-44.10020720954929,160.26066170093938,"Transport, extracellular"
r2369,-29.308391369333,0,-415.2817096128941,387.8779649170875,"Transport, extracellular"
r2370,-0.7577462128936046,0,81.90506571444273,594.2871762542725,"Transport, extracellular"
r2372,0.661426019347272,0,-86.7788045547538,-425.83474234247205,"Transport, mitochondrial"
r2374,-0.8763136675841695,0,50.17715498961266,761.1841977088928,"Transport, mitochondrial"
r2375,-1.8482226247559503,0,-613.7652042419434,182.78400290798248,"Transport, mitochondrial"
r2376,1.094235895017062,0,369.9132406738281,-16.645262072196555,"Transport, mitochondrial"
r2377,-0.7327355209995854,0,114.17615843579173,740.229626147461,"Transport, mitochondrial"
r2381,-0.40241056443546847,0,4.946180616689764,11.607594675596653,"Transport, mitochondrial"
r2382,0.4192711907159684,0,30.329548240204154,12.410061270088306,"Transport, mitochondrial"
r2384,0.6424483622493218,0,15.837577885301226,3.4477503470113815,"Transport, mitochondrial"
r2389,-0.621068128481274,0,3.4564961623614945,14.786868527487153,"Transport, mitochondrial"
r2392,0.3349256334729354,0,5.419474461958965,2.7000407021325197,"Transport, mitochondrial"
r2393,0.444706724093901,0,283.2717182435513,108.87945475139021,"Transport, mitochondrial"
r2397,-0.3701805537213484,0,6.501876039138046,14.144917506393144,"Transport, mitochondrial"
r2398,-0.5559879760262975,0,15.473158249922854,54.223865319147336,"Transport, mitochondrial"
r2399,0.7857809426413682,0,20.912966287880398,2.5086816741006497,"Transport, mitochondrial"
r2400,-0.3932392381264343,0,5.562810380965524,12.773280976651563,"Transport, mitochondrial"
r2401,-0.911674146359838,0,3.3707319549612778,72.95419027434602,"Transport, mitochondrial"
r2402,0.734678478156517,0,137.51834819091633,21.03362547173067,"Transport, mitochondrial"
r2403,0.39424340572720457,0,55.599072618280395,24.156115593323484,"Transport, mitochondrial"
r2404,-0.4875949245946156,0,31.076170428906288,90.21915594669869,"Transport, mitochondrial"
r2406,0.38872897861914363,0,5.238215100504001,2.3056832139281225,"Transport, mitochondrial"
r2409,-0.63845760333067,0,13.661035912501823,61.90982957023341,"Transport, mitochondrial"
r2410,-0.7671710547624566,0,9.410794106482285,71.4279014163698,"Transport, mitochondrial"
r2412,0.44431130864697205,0,13.575573801958107,5.223107231254431,"Transport, mitochondrial"
r2416,-0.5193675239804386,0,10.520869142325566,33.25839949742975,"Transport, mitochondrial"
r2433,1,0,NA,-27.703982389415696,"Transport, mitochondrial"
r2436,-1,0,NA,204.6904322086476,"Transport, mitochondrial"
r2437,-1,0,NA,284.45975859727565,"Transport, mitochondrial"
r2438,1,0,NA,-140.17081202392586,"Transport, mitochondrial"
r2465,-0.8004422764122038,0,6.190383527608949,55.850648173030464,"Transport, extracellular"
r2471,-0.7478844043606535,0,26.04245271325931,180.54891381618978,"Transport, extracellular"
r2472,-0.6827139311445948,0,27.99183607527106,148.45357910636812,"Transport, mitochondrial"
r2473,-0.3554260144697942,0,439.92183122558595,925.0784359313965,"Transport, endoplasmic reticular"
r2486,-0.5006736268835172,0,233.35409508845285,701.3215305229187,"Transport, extracellular"
r2487,0.38613464010335335,0,467.87847644028665,207.2052605989963,"Transport, extracellular"
r2494,-0.43311360613982297,0,275.1386366730571,695.5625113983155,"Transport, extracellular"
r2497,-0.5830782726785079,0,17.619352693243744,66.90180098439752,"Transport, peroxisomal"
r2499,0.8816991588459036,0,35.38696829365616,2.22474889004066,"Transport, peroxisomal"
r2501,0.8681481614993215,0,32.08336181688588,2.2644083205069756,"Transport, peroxisomal"
r2503,0.38742372949413356,0,6.962795558793084,3.074218239913931,"Transport, peroxisomal"
r2506,-0.9636723635277289,0,-309.8610891269207,-5.732382454312523,"Transport, endoplasmic reticular"
r2508,-0.47735740543621197,0,-49.43651984885931,-17.48908619196523,"Transport, endoplasmic reticular"
r2509,-1.1520478115569541,0,-70.69167138506018,4.994551641315757,"Transport, endoplasmic reticular"
r2510,0.5026687954417299,0,40.26064946472645,13.324877281892766,"Transport, endoplasmic reticular"
r2512,0.6635556090186746,0,21.879599401587342,4.425020994594111,"Transport, endoplasmic reticular"
r2518,0.7656557531999398,0,16.90066591194952,2.24311778577303,"Transport, peroxisomal"
r2520,0.5718681888920856,0,-79.26064499989003,-291.00217099960446,"Transport, mitochondrial"
r2526,-68.39179523516592,0,-253.53196258659364,261.0560821534307,"Transport, extracellular"
r2532,-1.5339240520672004,0,-99.60580367139795,472.71431333959106,"Transport, extracellular"
r2534,-3.1744381121061207,0,-65.07308447223883,124.92586585051428,"Transport, extracellular"
r2535,-0.528177450558363,0,61.706660164176675,199.86057623519173,"Transport, extracellular"
r2537,1.6598754949781702,0,283.65670686716436,-70.37100428243316,"Transport, endoplasmic reticular"
r2538,0.6661162632189306,0,384.09642311418054,76.97154866362042,"Transport, endoplasmic reticular"
RE0383C,0.9714429573513975,0,834.8868170959473,12.093628351588826,Miscellaneous
RE0453C,1,0,NA,-259.9382453687906,Pyrimidine synthesis
RE0453M,0.47101526078500344,0,4.747175519492327,1.707109009084228,Pyrimidine synthesis
RE0453N,-2.700306298045633,0,-270.27111442801953,588.1798520933152,Pyrimidine synthesis
RE0456N,0.6676850782488855,0,-13.880393883865327,-69.6571963677152,Pyrimidine synthesis
RE0512X,-0.69738222562702,0,2.634423239435619,14.776472369020349,Fatty acid oxidation
RE0565C,0.7390675215878171,0,19.492023745491334,2.9246144856620746,Fatty acid synthesis
RE0566C,0.7390675215878171,0,19.492023745491334,2.9246144856620746,Fatty acid synthesis
RE0567C,0.7390675215878171,0,19.492023745491334,2.9246144856620746,Fatty acid synthesis
RE0568C,0.7390675215878171,0,19.492023745491334,2.9246144856620746,Fatty acid synthesis
RE0569C,0.4040178615117576,0,11.964034711277648,5.0785329643152135,Fatty acid synthesis
RE0570C,0.4040178615117576,0,11.964034711277648,5.0785329643152135,Fatty acid synthesis
RE0571C,0.4040178615117576,0,11.964034711277648,5.0785329643152135,Fatty acid synthesis
RE0577C,0.6555147748627226,0,9.16968951160947,1.908060624893941,Fatty acid synthesis
RE0578C,0.5642279162274684,0,-45.06694748399025,-161.7702922668457,Fatty acid synthesis
RE0581C,0.7858851436247903,0,26.016703920898586,3.119216733094631,Fatty acid synthesis
RE0583C,-1.6055997702725122,0,-37.083718948613296,159.5531146418319,Fatty acid synthesis
RE0688E,0.6776899120972288,0,9.518025753470884,1.8285594346974006,Urea cycle
RE0689E,0.8992032118662587,0,5.207508812208427,0.2763791463542064,Urea cycle
RE0690E,0.8992032118662587,0,5.207508812208427,0.2763791463542064,Urea cycle
RE0827E,0.6776899120972288,0,9.518025753470884,1.8285594346974006,Urea cycle
RE0828E,0.6102614030663612,0,3.4829546265946387,0.8429947130121817,Urea cycle
RE0915C,0.332607022079096,0,45.139369641153884,22.606588309343344,Starch and sucrose metabolism
RE0916C,0.39813994319663726,0,2.379143384588539,1.0241545415818334,Tyrosine metabolism
RE0937E,-0.36709828551966595,0,-709.446854914093,-328.44027058166563,Miscellaneous
RE1100C,0.9012092962160777,0,156.03734908476585,8.10801817734727,Steroid metabolism
RE1135C,-1.2745811395183884,0,-44.43590872306591,368.099134835434,Steroid metabolism
RE1135R,1.2757092540761856,0,44.43590872306591,-366.77480787940027,Steroid metabolism
RE1233C,0.9915429779895313,0,697.8300334716797,2.9633123753089414,Tryptophan metabolism
RE1441R,0.4634913466248402,0,5.126983611134242,1.8795267081215405,Phosphatidylinositol phosphate metabolism
RE1447M,0.45107934637183766,0,5.0077842879115035,1.894366584034356,Phosphatidylinositol phosphate metabolism
RE1447N,-1,0,-4.760972433330002,NA,Phosphatidylinositol phosphate metabolism
RE1448N,-0.9521942210108189,0,-663.6646160705567,-16.25197104742015,Phosphatidylinositol phosphate metabolism
RE1448R,0.4634913466248402,0,5.126983611134242,1.8795267081215405,Phosphatidylinositol phosphate metabolism
RE1516X,-0.6973822256270017,0,2.634423239435805,14.776472369020349,Fatty acid oxidation
RE1517X,-0.6973822256270017,0,2.634423239435805,14.776472369020349,Fatty acid oxidation
RE1518X,-0.4561742180662656,0,7.66546583610226,20.52542209438686,Fatty acid oxidation
RE1519X,0.5894695325062768,0,-12.934312314678682,-50.07836683501899,Fatty acid oxidation
RE1520M,0.4114129642376771,0,14.360080453987011,5.988436695624239,Fatty acid oxidation
RE1520X,-0.4561742180662656,0,7.66546583610226,20.52542209438686,Fatty acid oxidation
RE1521M,0.44692319946327896,0,8.136221188346923,3.110016609713083,Fatty acid oxidation
RE1521X,-0.4561742180662656,0,7.66546583610226,20.52542209438686,Fatty acid oxidation
RE1522M,0.4114129642376771,0,14.360080453987011,5.988436695624239,Fatty acid oxidation
RE1522X,-0.4561742180662656,0,7.66546583610226,20.52542209438686,Fatty acid oxidation
RE1523X,-0.6973822256270017,0,2.634423239435805,14.776472369020349,Fatty acid oxidation
RE1525M,0.4114129642376771,0,14.360080453987011,5.988436695624239,Fatty acid oxidation
RE1525X,-0.4561742180662656,0,7.66546583610226,20.52542209438686,Fatty acid oxidation
RE1526M,0.44692319946327896,0,8.136221188346923,3.110016609713083,Fatty acid oxidation
RE1526X,-0.4561742180662656,0,7.66546583610226,20.52542209438686,Fatty acid oxidation
RE1527M,0.4114129642376771,0,14.360080453987011,5.988436695624239,Fatty acid oxidation
RE1527X,-0.4561742180662656,0,7.66546583610226,20.52542209438686,Fatty acid oxidation
RE1531X,-0.69738222562702,0,2.634423239435619,14.776472369020349,Fatty acid oxidation
RE1532M,0.4114129642376771,0,14.360080453987011,5.988436695624239,Fatty acid oxidation
RE1532X,-0.4561742180662656,0,7.66546583610226,20.52542209438686,Fatty acid oxidation
RE1533M,0.44692319946327896,0,8.136221188346923,3.110016609713083,Fatty acid oxidation
RE1533X,-0.4561742180662656,0,7.66546583610226,20.52542209438686,Fatty acid oxidation
RE1534M,0.4114129642376771,0,14.360080453987011,5.988436695624239,Fatty acid oxidation
RE1534X,-0.4561742180662656,0,7.66546583610226,20.52542209438686,Fatty acid oxidation
RE1573M,0.44692319946210757,0,8.136221188323104,3.110016609713083,Fatty acid oxidation
RE1573X,-0.4561742180662656,0,7.66546583610226,20.52542209438686,Fatty acid oxidation
RE1810M,-0.4421235377641321,0,-8.544325695765787,-3.3053189040483275,Bile acid synthesis
RE1834M,0.474944538345694,0,39.35077730010413,14.008215227493116,Bile acid synthesis
RE1834X,1,0,40.88881419336423,NA,Bile acid synthesis
RE1835C,1,0,24.672806530502182,NA,Bile acid synthesis
RE1845X,0.549892394648622,0,-248.27030709167718,-854.8894890991211,Bile acid synthesis
RE1860E,0.48799558161114126,0,-94.09796140873674,-273.4690283638825,Miscellaneous
RE1916C,0.5635686809298555,0,4.746709992605165,1.3249260672605174,Tyrosine metabolism
RE2112R,-0.7142264132937338,0,27.588084675302216,165.4884343499411,Bile acid synthesis
RE2147C,0.8151598124623146,0,43.93611605514502,4.474074335247616,Vitamin A metabolism
RE2235R,0.4443148574540534,0,3.874397591173167,1.4906342385245617,Androgen and estrogen synthesis and metabolism
RE2269E,0.749388144350307,0,-120.60463269385696,-841.8768299743653,Miscellaneous
RE2270E,-1.7812968902524249,0,-117.96895720530003,419.9513628108978,Miscellaneous
RE2296C,0.5628876236138569,0,4.014563362826652,1.1228032682351488,Tyrosine metabolism
RE2349C,-2.3643919537113645,0,-391.82916852832733,158.9019864881441,Tryptophan metabolism
RE2404C,0.598277903819767,0,18.662112923963647,4.690663059940735,Miscellaneous
RE2405C,0.5260370065391761,0,7.350848743141426,2.283057527338938,Miscellaneous
RE2427M,0.7822301497797265,0,246.61926165497303,30.13428971486971,"Glycine, serine, alanine, and threonine metabolism"
RE2428M,0.37163641426135485,0,209.4567231739998,95.95471238750815,"Glycine, serine, alanine, and threonine metabolism"
RE2445E,0.7227864281670694,0,-143.67960076963902,-892.919003112793,Miscellaneous
RE2541C,0.5260370065391761,0,7.350848743141426,2.283057527338938,Miscellaneous
RE2541E,-55.98487526927272,0,-261.7297536715031,271.2498172304275,Miscellaneous
RE2562C,0.5577565574723482,0,172.6389896795392,49.011805306895916,Tryptophan metabolism
RE2624X,-0.5330460333439806,0,-9.026955372948171,-2.749540800826838,Fatty acid oxidation
RE2625C,0.5171202537758134,0,19.831259795397706,6.3120333892283735,Bile acid synthesis
RE2625M,-0.8935426686634128,0,-7.033236326234951,-0.3954173213741334,Bile acid synthesis
RE2626C,-1,0,NA,933.0236292480469,Bile acid synthesis
RE2636R,0.5536143524840624,0,2.7441672590605184,0.7884562065670869,Bile acid synthesis
RE2637X,0.49410497771152245,0,6.7108983468727805,2.272270101105581,Bile acid synthesis
RE2649C,1,0,11.777180389511189,NA,Bile acid synthesis
RE2677C,0.3626415984943079,0,9.666436033009749,4.5213533955398715,Glycosphingolipid metabolism
RE2759X,-0.6128780483855503,0,0.3852168932518229,1.6049409453585586,Fatty acid oxidation
RE2766C,-0.7860500542314373,0,47.67807003679403,398.015616545105,Steroid metabolism
RE2954C,0.4427501873632372,0,713.2939236663818,275.5036241197586,Pyrimidine synthesis
RE2972M,0.45107934637183766,0,5.0077842879115035,1.894366584034356,Phosphatidylinositol phosphate metabolism
RE2973N,0.951857110625609,0,658.9036441864014,16.251971047348622,Phosphatidylinositol phosphate metabolism
RE2985M,-0.7089797781366817,0,9.457796382013289,55.539723869038376,Fatty acid oxidation
RE2992M,0.6317255957946771,0,8.001339445024321,1.8058725833284464,Fatty acid oxidation
RE2999M,0.36753861836464063,0,6.223859256940804,2.8784200840017613,Fatty acid oxidation
RE3000M,0.36753861836464063,0,6.223859256940804,2.8784200840017613,Fatty acid oxidation
RE3001M,0.36753861836464063,0,6.223859256940804,2.8784200840017613,Fatty acid oxidation
RE3003M,-0.36753861836464063,0,-6.223859256940804,-2.8784200840017613,Fatty acid oxidation
RE3004M,0.36753861836464063,0,6.223859256940804,2.8784200840017613,Fatty acid oxidation
RE3005M,0.36753861836464063,0,6.223859256940804,2.8784200840017613,Fatty acid oxidation
RE3006M,0.36753861836464063,0,6.223859256940804,2.8784200840017613,Fatty acid oxidation
RE3011R,1,0,NA,-7.377454551019464,Eicosanoid metabolism
RE3012C,0.8055385535668615,0,7.227582445284314,0.7784304210775201,Eicosanoid metabolism
RE3033C,1,0,19.442634392787376,NA,Arachidonic acid metabolism
RE3038C,-3.5968605196765346,0,-112.8263839691529,63.737931758689875,Arachidonic acid metabolism
RE3040C,2.8601173545199634,0,132.26901836331822,-63.737931758689875,Arachidonic acid metabolism
RE3051C,0.80825305009053106,0,27.67996864053011,2.935180759211589,Heme synthesis
RE3074X,0.4153323192434268,0,8.213173841931921,3.392826713926671,Fatty acid oxidation
RE3079X,1,0,3.805980156837258,NA,Fatty acid oxidation
RE3081X,0.6281374768570552,0,7.827956953259796,1.7878857682907545,Fatty acid oxidation
RE3082X,0.6281374768570552,0,7.827956953259796,1.7878857682907545,Fatty acid oxidation
RE3086X,0.6281374768570552,0,7.827956953259796,1.7878857682907545,Fatty acid oxidation
RE3095C,-0.35271768096583056,0,4.485111357665522,9.37317343020849,Tyrosine metabolism
RE3103C,0.5819387105176427,0,51.870290485193024,13.707838604549021,Fatty acid oxidation
RE3104C,0.5819387105176427,0,51.870290485193024,13.707838604549021,Fatty acid oxidation
RE3106C,0.38033732256766206,0,25.87638903773925,11.616459434407787,Fatty acid oxidation
RE3110C,0.38033732256766206,0,25.87638903773925,11.616459434407787,Fatty acid oxidation
RE3112C,0.38033732256766206,0,25.87638903773925,11.616459434407787,Fatty acid oxidation
RE3113C,0.38033732256766206,0,25.87638903773925,11.616459434407787,Fatty acid oxidation
RE3119C,0.405112489819424,0,7.815795032460319,3.309001151601435,Fatty acid oxidation
RE3120C,0.40511248981942594,0,7.815795032460355,3.309001151601435,Fatty acid oxidation
RE3121C,0.405112489819424,0,7.815795032460319,3.309001151601435,Fatty acid oxidation
RE3122C,0.405112489819424,0,7.815795032460319,3.309001151601435,Fatty acid oxidation
RE3134C,1,0,NA,-0.3503728345333788,Cholesterol metabolism
RE3151C,0.5627890894492635,0,18.702133108597437,5.232169011707464,Fatty acid oxidation
RE3152C,0.5627890894492635,0,18.702133108597437,5.232169011707464,Fatty acid oxidation
RE3153C,0.5627890894492635,0,18.702133108597437,5.232169011707464,Fatty acid oxidation
RE3154C,0.5207608287100137,0,6.109458539401764,1.9252809463385616,Fatty acid oxidation
RE3156X,0.3523230569907494,0,4.623217050105375,2.21422763621561,Fatty acid oxidation
RE3157X,0.3523230569907494,0,4.623217050105375,2.21422763621561,Fatty acid oxidation
RE3158X,0.3523230569907494,0,4.623217050105375,2.21422763621561,Fatty acid oxidation
RE3159X,0.3523230569907494,0,4.623217050105375,2.21422763621561,Fatty acid oxidation
RE3160R,0.6029141488594629,0,3.92894108602503,0.9733065968226478,Fatty acid oxidation
RE3161C,0.759426619357414,0,8.269593513514183,1.1307343234426575,Fatty acid oxidation
RE3162C,0.759426619357414,0,8.269593513514183,1.1307343234426575,Fatty acid oxidation
RE3163C,0.759426619357414,0,8.269593513514183,1.1307343234426575,Fatty acid oxidation
RE3169C,0.4568314095137664,0,6.187061638838643,2.3067992134663515,Fatty acid oxidation
RE3170C,0.4568314095137664,0,6.187061638838643,2.3067992134663515,Fatty acid oxidation
RE3171C,0.4568314095137664,0,6.187061638838643,2.3067992134663515,Fatty acid oxidation
RE3172C,0.4568314095137664,0,6.187061638838643,2.3067992134663515,Fatty acid oxidation
RE3173C,0.4743711294480002,0,9.906486632102515,3.531767053469139,Fatty acid oxidation
RE3174C,0.40539210326513153,0,3.7970280973311326,1.6064861084332802,Fatty acid oxidation
RE3175C,0.40539210326513153,0,3.7970280973311326,1.6064861084332802,Fatty acid oxidation
RE3176C,0.4743711294480002,0,9.906486632102515,3.531767053469139,Fatty acid oxidation
RE3177M,0.7079888624988988,0,11.518236794336396,1.9692478693334443,Fatty acid oxidation
RE3178M,0.7079888624988988,0,11.518236794336396,1.9692478693334443,Fatty acid oxidation
RE3179M,0.7079888624988988,0,11.518236794336396,1.9692478693334443,Fatty acid oxidation
RE3180C,1,0,NA,-0.1167909449140901,Cholesterol metabolism
RE3181C,-1,0,NA,0.1167909449140901,Cholesterol metabolism
RE3185M,0.7079888624988988,0,11.518236794336396,1.9692478693334443,Fatty acid oxidation
RE3186M,0.7079888624988988,0,11.518236794336396,1.9692478693334443,Fatty acid oxidation
RE3189M,0.7079888624988988,0,11.518236794336396,1.9692478693334443,Fatty acid oxidation
RE3190M,0.7079888624988988,0,11.518236794336396,1.9692478693334443,Fatty acid oxidation
RE3191M,0.7079888624988988,0,11.518236794336396,1.9692478693334443,Fatty acid oxidation
RE3192M,0.7079888624988988,0,11.518236794336396,1.9692478693334443,Fatty acid oxidation
RE3193M,0.7079888624988988,0,11.518236794336396,1.9692478693334443,Fatty acid oxidation
RE3194M,0.7079888624988988,0,11.518236794336396,1.9692478693334443,Fatty acid oxidation
RE3195M,-0.7079888624988988,0,-11.518236794336396,-1.9692478693334443,Fatty acid oxidation
RE3218C,-1.035795162977426,0,-4.216809714936073,239.82460496902465,Androgen and estrogen synthesis and metabolism
RE3224C,0.6011435298424359,0,14.016167427063802,3.4915289984316615,Fatty acid synthesis
RE3225C,0.6157891292367658,0,18.012519864789443,4.28311208230484,Fatty acid synthesis
RE3226C,0.6421096836033521,0,17.659303966233065,3.8487647609210116,Fatty acid synthesis
RE3227C,0.6011435298424359,0,14.016167427063802,3.4915289984316615,Fatty acid synthesis
RE3228C,0.6011435298424359,0,14.016167427063802,3.4915289984316615,Fatty acid synthesis
RE3229C,0.6011435298424359,0,14.016167427063802,3.4915289984316615,Fatty acid synthesis
RE3230C,0.6157891292367658,0,18.012519864789443,4.28311208230484,Fatty acid synthesis
RE3231C,0.6157891292367658,0,18.012519864789443,4.28311208230484,Fatty acid synthesis
RE3232C,0.6157891292367658,0,18.012519864789443,4.28311208230484,Fatty acid synthesis
RE3234C,0.6421096836033521,0,17.659303966233065,3.8487647609210116,Fatty acid synthesis
RE3235C,0.6421096836033521,0,17.659303966233065,3.8487647609210116,Fatty acid synthesis
RE3236C,0.6421096836033521,0,17.659303966233065,3.8487647609210116,Fatty acid synthesis
RE3237C,5.193045329835,0,6.032230960029449,-4.084164818491885,Fatty acid synthesis
RE3241C,0.6203177147004658,0,29.929889091179273,7.01334595419225,Fatty acid synthesis
RE3242C,0.6203177147004658,0,29.929889091179273,7.01334595419225,Fatty acid synthesis
RE3243C,0.6203177147004658,0,29.929889091179273,7.01334595419225,Fatty acid synthesis
RE3244C,0.6203177147004658,0,29.929889091179273,7.01334595419225,Fatty acid synthesis
RE3245C,1,0,NA,-67.84390919551635,Fatty acid synthesis
RE3247X,0.5330460333438366,0,9.026955372944538,2.749540800826838,Fatty acid oxidation
RE3251M,0.42134303194329814,0,12.780114110880275,5.203038194593741,Bile acid synthesis
RE3269C,-0.4192257817144173,0,5.010603542630793,12.244306833459428,Phosphatidylinositol phosphate metabolism
RE3273C,-1.992309482807733,0,-414.129399017328,137.33356529979184,Phosphatidylinositol phosphate metabolism
RE3301C,0.433199311296556,0,127.03179073839337,50.23844618835058,Glycerophospholipid metabolism
RE3346C,-1.0437351191561444,0,-19.831259795397706,926.7115966064454,Bile acid synthesis
RE3367E,0.6102614030663612,0,3.4829546265946387,0.8429947130121817,Urea cycle
RE3381C,0.598277903819767,0,18.662112923963647,4.690663059940735,Miscellaneous
RE3381E,-0.7696462051761378,0,-638.7255566827297,-83.14252611764633,Miscellaneous
RE3431C,-7.029843351439024,0,-102.9593582898641,137.10928633577024,Eicosanoid metabolism
RE3432C,-7.029843351439024,0,-102.9593582898641,137.10928633577024,Eicosanoid metabolism
RE3470C,-0.5666684624997522,0,-12.557540934518864,-3.4733440103178292,Arachidonic acid metabolism
RE3475C,0.471628207909575,0,6.030618908791153,2.1652268576576343,Arachidonic acid metabolism
RE3476C,0.35278861868683714,0,18.929931043541245,9.056601045879617,Arachidonic acid metabolism
RE3488R,0.8042293387079891,0,14.798247389087093,1.6057064449461542,Eicosanoid metabolism
RE3520E,1.5309781012951564,0,197.25419879275188,-41.38228611850737,Arachidonic acid metabolism
RE3526C,0.5666684624997349,0,6.278770467259432,1.7366720051590034,Arachidonic acid metabolism
RE3570C,0.47565211470026203,0,5.5913764253627996,1.986800530658482,Eicosanoid metabolism
RE3587C,0.41675543844563934,0,6.191846405873825,2.5490360892264823,Eicosanoid metabolism
RE3597C,0.635544874952934,0,329.42219488105775,73.40648921791873,Eicosanoid metabolism
RE3597X,-0.6285904026649228,0,-332.4328272476196,-75.81325685510807,Eicosanoid metabolism
RE3624M,0.36753861836464063,0,6.223859256940804,2.8784200840017613,Fatty acid oxidation
RE3626M,0.597052410231393,0,22.595250961562687,5.700941219492806,Fatty acid oxidation
EX_prostgi2[e],1,0,NA,-315.6333714627743,Exchange/demand reaction
EX_dtdp[e],1,0,NA,-7.853930952313224,Exchange/demand reaction
EX_HC00955[e],-0.5309991542748504,0,-305.2538146250963,-93.51036989161967,Exchange/demand reaction
EX_C02528[e],-0.6472859788115968,0,-137.30177409722245,-29.398818105081375,Exchange/demand reaction
EX_HC02192[e],1,0,208.6547064333856,NA,Exchange/demand reaction
EX_HC02193[e],0.9178781229454882,0,141.4459920241464,6.056594643783096,Exchange/demand reaction
EX_HC02194[e],-0.33256715340464077,0,-16.290425014849937,-8.159262152102567,Exchange/demand reaction
EX_HC02180[e],1,0,NA,-5.783700635241305,Exchange/demand reaction
EX_HC02203[e],-1,0,-9.164287076520326,NA,Exchange/demand reaction
EX_CE1943[e],0.771785438276097,0,8.690463441651291,1.1193738602139895,Exchange/demand reaction
EX_CE1936[e],0.6776899120972288,0,9.518025753470884,1.8285594346974006,Exchange/demand reaction
EX_CE2916[e],0.36709828551966595,0,709.446854914093,328.44027058166563,Exchange/demand reaction
EX_CE4723[e],-0.36709828551966595,0,-709.446854914093,-328.44027058166563,Exchange/demand reaction
EX_23cump[e],-0.48799558161114126,0,94.09796140873674,273.4690283638825,Exchange/demand reaction
EX_3ump[e],0.4879955816112378,0,-94.0979614087129,-273.4690283638825,Exchange/demand reaction
EX_CE5788[e],0.749388144350307,0,-120.60463269385696,-841.8768299743653,Exchange/demand reaction
EX_CE5789[e],-1.7812968902524249,0,-117.96895720530003,419.9513628108978,Exchange/demand reaction
EX_CE5867[e],-0.7227864281670694,0,143.67960076963902,892.919003112793,Exchange/demand reaction
EX_CE5868[e],0.7227864281670694,0,-143.67960076963902,-892.919003112793,Exchange/demand reaction
EX_CE5869[e],0.7227864281670694,0,-143.67960076963902,-892.919003112793,Exchange/demand reaction
EX_CE5854[e],55.98487526927272,0,261.7297536715031,-271.2498172304275,Exchange/demand reaction
EX_CE1926[e],-55.98487526927272,0,-261.7297536715031,271.2498172304275,Exchange/demand reaction
EX_CE5853[e],0.7696462051761378,0,638.7255566827297,83.14252611764633,Exchange/demand reaction
EX_CE1925[e],-0.7696462051761378,0,-638.7255566827297,-83.14252611764633,Exchange/demand reaction
EX_C04849[e],1.5309781012951564,0,197.25419879275188,-41.38228611850737,Exchange/demand reaction
HSD17B3r,-0.3825394110016482,0,104.69488075573146,234.41949389793874,Steroid metabolism
ADPACDAc,0.7123848466281683,0,11.524121900827478,1.9356116672655312,Fatty acid oxidation
ADPACtx,0.40888771410013014,0,4.613437349094823,1.9356116672655312,Fatty acid oxidation
ADPCOACROT,-0.9463400847477491,0,-11.524121900827478,-0.3177160093453846,Fatty acid oxidation
ADPCOAPTE,0.40888771410013014,0,4.613437349094823,1.9356116672655312,Fatty acid oxidation
C100CPT1,0.6930760368538306,0,25.00160910461604,4.532338054751285,Fatty acid oxidation
C102CPT1,0.3325002845664567,0,6.3712523833208685,3.191600934033317,Fatty acid oxidation
C10CRNe,0.6930760368538306,0,25.00160910461604,4.532338054751285,Fatty acid oxidation
C10DCCACT,-0.4591534796161061,0,-19.17384697298105,-7.106934645722372,Fatty acid oxidation
C10DCc,0.34240127736066145,0,19.17384697298105,9.392643980721513,Fatty acid oxidation
C120CPT1,0.4793087189578367,0,59.74537062522899,21.02934510458731,Fatty acid oxidation
C12OHc,0.7819731570486691,0,98.97017060458064,12.10913517856205,Fatty acid oxidation
C140CPT1,-2.4489572331111003,0,-100.95672820274234,240.30760191483265,Fatty acid oxidation
C141ACBP,0.33654326832812315,0,4.876196353363413,2.420531659734178,Fatty acid oxidation
C141OHc,0.33654326832812315,0,4.876196353363413,2.420531659734178,Fatty acid oxidation
C141OHe,0.33654326832812315,0,4.876196353363413,2.420531659734178,Fatty acid oxidation
C142CPT1,0.36022486702579776,0,12.687447656455904,5.967479133991129,Fatty acid oxidation
C14OHc,0.6628439206001185,0,17.993530144697555,3.648344864477942,Fatty acid oxidation
C161OHc,0.36099824343531445,0,6.913611879891804,3.246007227978697,Fatty acid oxidation
C16OHc,0.48014674720130057,0,11.78711099538704,4.139838163774931,Fatty acid oxidation
C16txc,0.34438795458766064,0,12.535656956344168,6.113211346241894,"Transport, peroxisomal"
C30CPT1,0.535682084123101,0,-35.38696829365616,-117.03863099352718,Fatty acid oxidation
C3DCe,0.8439507711483611,0,67.5802176189052,5.719155310468754,Fatty acid oxidation
C40CPT1,-0.3992671892936972,0,-612.3268888736725,-262.88392655715944,Fatty acid oxidation
C4CRNCPT2,-0.39611480662895576,0,-610.2235535770416,-263.9503333835602,Fatty acid oxidation
C4CRNe,-1,0,NA,6.012076225856138,Fatty acid oxidation
C4DCe,0.9237372673797458,0,133.18617159036697,5.279900517052476,Fatty acid oxidation
C4tcx,-0.40322478235250403,0,2.1033357704987603,4.945669309806574,"Transport, peroxisomal"
C4x,-0.4032247823525037,0,2.103335770498762,4.945669309806574,"Transport, peroxisomal"
C50CPT1,0.840696334928341,0,54.35158954976103,4.703876056820899,Fatty acid oxidation
C60CPT1,1.028668683825347,0,150.07630876111983,-2.1208442166291532,Fatty acid oxidation
C6DCCACT,-0.94634008474904,0,-11.524121901018214,-0.31771600934278793,Fatty acid oxidation
C6DCc,0.7123848466281683,0,11.524121900827478,1.9356116672655312,Fatty acid oxidation
sink_c81coa[c],-0.49011372285213733,0,-16.171545760422532,-5.533570449727583,Fatty acid oxidation
C81CPT1,0.49011372285213733,0,16.171545760422532,5.533570449727583,Fatty acid oxidation
C81CRNe,0.49011372285213733,0,16.171545760422532,5.533570449727583,Fatty acid oxidation
C8CRNe,-1,0,NA,6.275509192039229,Fatty acid oxidation
DCATDc,0.36133211326970777,0,32.40278686950579,15.201741891193668,Fatty acid oxidation
DCATDr,0.5175982975800454,0,16.67575993178541,5.300753824689533,Fatty acid oxidation
DCSPTN1COAtxc,0.4497836964767477,0,4.544775137649946,1.7248154898272712,"Transport, peroxisomal"
DDCRNe,0.7819731570486691,0,98.97017060458064,12.10913517856205,Fatty acid oxidation
DDECCRNe,0.4793087189578367,0,59.74537062522899,21.02934510458731,Fatty acid oxidation
sink_decdicoa[c],-0.3325002845664567,0,-6.3712523833208685,-3.191600934033317,Fatty acid oxidation
DECDICRNe,0.3325002845664567,0,6.3712523833208685,3.191600934033317,Fatty acid oxidation
DOCOSACTDe,-0.3523270023518893,0,55.58595077882577,116.06224508752823,Fatty acid oxidation
DOCOSDIACTD,0.6301768781252206,0,15.52320696200435,3.521606113564188,Fatty acid oxidation
EX_3ddcrn[e],0.7819731570486691,0,98.97017060458064,12.10913517856205,Exchange/demand reaction
EX_3hdececrn[e],0.36099824343531445,0,6.913611879891804,3.246007227978697,Exchange/demand reaction
EX_3hexdcrn[e],0.48014674720130057,0,11.78711099538704,4.139838163774931,Exchange/demand reaction
EX_3tdcrn[e],0.6628439206001185,0,17.993530144697555,3.648344864477942,Exchange/demand reaction
EX_3tetd7ecoacrn[e],0.33654326832812315,0,4.876196353363413,2.420531659734178,Exchange/demand reaction
EX_c10crn[e],0.6930760368538306,0,25.00160910461604,4.532338054751285,Exchange/demand reaction
EX_c3dc[e],0.8439507711483611,0,67.5802176189052,5.719155310468754,Exchange/demand reaction
EX_c4crn[e],-1,0,NA,6.012076225856138,Exchange/demand reaction
EX_c4dc[e],0.9237372673797458,0,133.18617159036697,5.279900517052476,Exchange/demand reaction
EX_c81crn[e],0.49011372285213733,0,16.171545760422532,5.533570449727583,Exchange/demand reaction
EX_c8crn[e],-1,0,NA,6.275509192039229,Exchange/demand reaction
EX_ddecrn[e],0.4793087189578367,0,59.74537062522899,21.02934510458731,Exchange/demand reaction
EX_decdicrn[e],0.3325002845664567,0,6.3712523833208685,3.191600934033317,Exchange/demand reaction
EX_docosac[e],0.3977282178993477,0,-47.72599904677411,-110.76058613014222,Exchange/demand reaction
EX_docosdiac[e],0.6301768781252206,0,15.52320696200435,3.521606113564188,Exchange/demand reaction
EX_ivcrn[e],0.840696334928341,0,54.35158954976103,4.703876056820899,Exchange/demand reaction
EX_tetdec2crn[e],0.36022486702579776,0,12.687447656455904,5.967479133991129,Exchange/demand reaction
EX_dca[e],-0.49600016151312565,0,-25.76950129933972,-8.681699926835577,Fatty acid oxidation
FAOXC101C102m,-0.6678949417416383,0,10.424215140919399,52.3523965468789,Fatty acid oxidation
FAOXC101x,-0.40125915681539254,0,9.416089915575087,22.036883512769638,Fatty acid oxidation
FAOXC102C101m,-0.691801536218826,0,9.189393936943915,50.443569992873314,Fatty acid oxidation
FAOXC102C101x,-0.6844329533577113,0,3.029270621407339,16.169632772591022,Fatty acid oxidation
FAOXC102C103x,-0.7106374680840013,0,2.55570401091213,15.10867011513433,Fatty acid oxidation
FAOXC102C81x,-0.7106374680840013,0,2.55570401091213,15.10867011513433,Fatty acid oxidation
FAOXC102x,-0.7106374680840024,0,2.5557040109121183,15.10867011513433,Fatty acid oxidation
FAOXC103C102x,-0.7106374680840013,0,2.55570401091213,15.10867011513433,Fatty acid oxidation
FAOXC11BRC9BRx,0.6255634408456996,0,12.060447434376867,2.7780351881191425,Fatty acid oxidation
FAOXC122C101m,-0.472334426464896,0,18.659385663959103,52.06490108057968,Fatty acid oxidation
FAOXC122m,-0.472334426464896,0,18.659385663959103,52.06490108057968,Fatty acid oxidation
FAOXC123C102x,-0.7106374680840013,0,2.55570401091213,15.10867011513433,Fatty acid oxidation
FAOXC123x,-0.7106374680840013,0,2.55570401091213,15.10867011513433,Fatty acid oxidation
FAOXC12C10x,0.6950383375096488,0,11.17970091717618,2.0113882396642513,Fatty acid oxidation
FAOXC12DCTc,-0.4574890260439154,0,-3.186019603825034,-1.1859098541591475,Fatty acid oxidation
FAOXC12DCx,-0.4574890260444956,0,-3.186019603829709,-1.1859098541591475,Fatty acid oxidation
FAOXC13BRC11BRx,0.6255634408456996,0,12.060447434376867,2.7780351881191425,Fatty acid oxidation
FAOXC141C121x,0.3694797051549745,0,5.768990576887794,2.656093132162071,Fatty acid oxidation
FAOXC141C141OHm,0.33654326832812315,0,4.876196353363413,2.420531659734178,Fatty acid oxidation
FAOXC142C122m,-0.472334426464896,0,18.659385663959103,52.06490108057968,Fatty acid oxidation
FAOXC143C123x,-0.7106374680840013,0,2.55570401091213,15.10867011513433,Fatty acid oxidation
FAOXC14C12m,0.3440803591471417,0,11.976216998592864,5.844468970201627,Fatty acid oxidation
FAOXC14C14OHm,0.6469498790562265,0,27.71189371861019,5.940488871794206,Fatty acid oxidation
FAOXC15ATPx,1,0,8.371440715116396,NA,Fatty acid oxidation
FAOXC15BRC13BRx,0.6208241660740309,0,4.232490483555766,0.990149420447797,Fatty acid oxidation
FAOXC15NADPx,0.6718868740804362,0,4.5795361038701285,0.898748551470496,Fatty acid oxidation
FAOXC15NADx,0.5052035851079638,0,3.6274776945368337,1.1924386681745207,Fatty acid oxidation
FAOXC161C141x,0.3694797051549745,0,5.768990576887794,2.656093132162071,Fatty acid oxidation
FAOXC161C161OHm,0.36099824343531445,0,6.913611879891804,3.246007227978697,Fatty acid oxidation
FAOXC163C164Gm,-0.5587377885925832,0,13.758526070780423,48.601339401938205,Fatty acid oxidation
FAOXC163GC142m,-0.5587377885925832,0,13.758526070780423,48.601339401938205,Fatty acid oxidation
FAOXC163Gm,-0.5587377885925832,0,13.758526070780423,48.601339401938205,Fatty acid oxidation
FAOXC164C143x,-0.7106374680840013,0,2.55570401091213,15.10867011513433,Fatty acid oxidation
FAOXC164C165x,-0.7106374680840013,0,2.55570401091213,15.10867011513433,Fatty acid oxidation
FAOXC164GC163m,-0.5587377885925832,0,13.758526070780423,48.601339401938205,Fatty acid oxidation
FAOXC164x,-0.7106374680840013,0,2.55570401091213,15.10867011513433,Fatty acid oxidation
FAOXC165C164x,-0.7106374680840013,0,2.55570401091213,15.10867011513433,Fatty acid oxidation
FAOXC16C14x,0.4698506275523436,0,7.805398534139269,2.815270515935762,Fatty acid oxidation
FAOXC16C16OHm,0.48014674720130057,0,11.78711099538704,4.139838163774931,Fatty acid oxidation
FAOXC181C161x,0.3694797051549745,0,5.768990576887794,2.656093132162071,Fatty acid oxidation
FAOXC183C163Gm,-0.6365650179996595,0,10.342730916798628,46.57380947715243,Fatty acid oxidation
FAOXC184C164x,-0.7106374680840013,0,2.55570401091213,15.10867011513433,Fatty acid oxidation
FAOXC201C181x,0.3694797051549745,0,5.768990576887794,2.656093132162071,Fatty acid oxidation
FAOXC221C201x,0.3694797051549745,0,5.768990576887794,2.656093132162071,Fatty acid oxidation
FAOXC22OHC22r,0.7637664091398372,0,15.52320696200435,2.079131852889838,Fatty acid oxidation
FAOXC241C221x,0.3982364352506111,0,4.262669634177419,1.8345390019477084,Fatty acid oxidation
FAOXC3DC,0.8439507711483611,0,67.5802176189052,5.719155310468754,Fatty acid oxidation
FAOXC4C4DCc,0.9502233234451704,0,133.18617159036697,3.399387600963711,Fatty acid oxidation
FAOXC61C4x,-0.7118820800705618,0,2.8486521063584775,16.925557752272525,Fatty acid oxidation
FAOXC61x,-0.7106374680840013,0,2.55570401091213,15.10867011513433,Fatty acid oxidation
FAOXC6C4x,0.4340522290661056,0,9.016237431676197,3.5582521844346746,Fatty acid oxidation
FAOXC6DCC4DCx,0.547166657662101,0,6.425027946668793,1.8805129139099257,Fatty acid oxidation
FAOXC81C61x,-0.7106374680840013,0,2.55570401091213,15.10867011513433,Fatty acid oxidation
FAOXC8C6m,-0.5929729847004757,0,20.47053442566176,80.11509579643955,Fatty acid oxidation
FAOXC8C6x,-0.4167807464690816,0,4.106957517456563,9.97679397940255,Fatty acid oxidation
FAOXMC10OHMC10r,0.5175982975800454,0,16.67575993178541,5.300753824689533,Fatty acid oxidation
FAOXOHC22C22DCc,0.7637664091398372,0,15.52320696200435,2.079131852889838,Fatty acid oxidation
FAOXOHMC10DC10c,0.5175982975800454,0,16.67575993178541,5.300753824689533,Fatty acid oxidation
FAOXTC101TC102m,0.6221496184433305,0,5.054832568447693,1.177431719600509,Fatty acid oxidation
FAOXTC102C101m,0.6221496184433305,0,5.054832568447693,1.177431719600509,Fatty acid oxidation
FAOXTC122TC101m,0.6221496184433305,0,5.054832568447693,1.177431719600509,Fatty acid oxidation
FAOXTC122m,0.6221496184433305,0,5.054832568447693,1.177431719600509,Fatty acid oxidation
FAOXTC142TC122m,0.6221496184433305,0,5.054832568447693,1.177431719600509,Fatty acid oxidation
HDDACBP,0.7819731570486691,0,98.97017060458064,12.10913517856205,Fatty acid oxidation
HDECAACBP,0.48014674720130057,0,11.78711099538704,4.139838163774931,Fatty acid oxidation
HDECEACBP,0.36099824343531445,0,6.913611879891804,3.246007227978697,Fatty acid oxidation
HEDCECRNe,0.36099824343531445,0,6.913611879891804,3.246007227978697,Fatty acid oxidation
HEXCOAACBP,-0.4191376159402066,0,42.82594160231929,104.6304707168879,Fatty acid oxidation
HEXDCRNe,0.48014674720130057,0,11.78711099538704,4.139838163774931,Fatty acid oxidation
HTDCACBP,0.6628439206001185,0,17.993530144697555,3.648344864477942,Fatty acid oxidation
HTDCRNe,0.6628439206001185,0,17.993530144697555,3.648344864477942,Fatty acid oxidation
IVCOAACBP,0.840696334928341,0,54.35158954976103,4.703876056820899,Fatty acid oxidation
IVCRNe,0.840696334928341,0,54.35158954976103,4.703876056820899,Fatty acid oxidation
NRVNCCOAtxc,0.42686058914357,0,6.936183296271299,2.786116624332064,"Transport, peroxisomal"
OCT11EFATP,0.5321920925187659,0,3.4786974147954433,1.0621136646780491,Fatty acid oxidation
OMHDEACIDTD,0.5175982975800454,0,16.67575993178541,5.300753824689533,Fatty acid oxidation
OMHDOCOSACTD,0.7637664091398372,0,15.52320696200435,2.079131852889838,Fatty acid oxidation
SBCOAACOTx,0.5545387263642118,0,6.273218702623306,1.797623916132475,Fatty acid oxidation
SCP21cx,0.3519671827270071,0,4.16376336612941,1.995799409249241,"Transport, peroxisomal"
SEBACACT,0.34240127736066145,0,19.17384697298105,9.392643980721513,Fatty acid oxidation
SEBCOACROT,-0.4591534796161061,0,-19.17384697298105,-7.106934645722372,Fatty acid oxidation
SUBEACtx,0.5545387263642118,0,6.273218702623306,1.797623916132475,Fatty acid oxidation
SUCCOAPET,1,0,6.425027946668793,NA,Fatty acid oxidation
sink_tetdec2coa[c],-0.36022486702579776,0,-12.687447656455904,-5.967479133991129,Fatty acid oxidation
TETDEC2CRNe,0.36022486702579776,0,12.687447656455904,5.967479133991129,Fatty acid oxidation
34DHPHELAT1tc,0.3546392207357467,0,42.11350916207824,20.063206995903784,"Transport, extracellular"
4OHPROIMINOtc,0.4244551878978259,0,11.524123613002926,4.6562711244544595,"Transport, extracellular"
ALAATB0tc,-0.553098201499788,0,4.183233408282947,14.53780742136573,"Transport, extracellular"
ALAyLATthc,0.40519304121075383,0,380.61912030334474,161.11302487635612,"Transport, extracellular"
ASCBSVCTtc,-0.4284568411248752,0,5.147447936068153,12.865007837872122,"Transport, extracellular"
ASNATB0tc,-0.7270618364629625,0,2.6938449934885016,17.045754325116487,"Transport, extracellular"
BALABETAtc,-0.35061476610879333,0,12.817437259466452,26.658167021408815,"Transport, extracellular"
BALAPAT1tc,-0.765795534090102,0,6.709916333663579,50.58972829604205,"Transport, extracellular"
BTNTe,-1,0,NA,47.98848008742873,"Transport, extracellular"
CARPEPT1tc,0.8246211974423129,0,107.38900653604418,10.322008425941524,"Transport, extracellular"
CYSATB0tc,-0.3739632145499208,0,6.217709868253626,13.646010643899674,"Transport, extracellular"
CYSSNAT5tc,3.604262776805269,0,353.53569813842773,-199.96683585740328,"Transport, extracellular"
GLNATB0tc,-0.3599285676589116,0,2.7604387814395244,5.864969702557652,"Transport, extracellular"
GLNyLATthc,-0.4938271765692335,0,245.0069954170227,723.0694562438965,"Transport, extracellular"
GLYGLYCNc,0.8147242717154813,0,54.60242018804345,5.574677830739436,"Transport, extracellular"
GLYGLYPEPT1tc,0.8147242717154813,0,54.60242018804345,5.574677830739436,"Transport, extracellular"
GLYPHEPEPT1tc,0.33441564654244604,0,118.62475506641269,59.168056901547686,"Transport, extracellular"
GLYPROPEPT1tc,0.9274249729517526,0,73.20451022695228,2.756433783068846,"Transport, extracellular"
GLYSNAT5tc,0.9418014258460417,0,-13.193179482569638,-440.1917934093237,"Transport, extracellular"
HISyLATtc,0.6229228307263879,0,19.099905163368035,4.4377576284226246,"Transport, extracellular"
ILEATB0tc,0.9401732024079421,0,308.92558050220015,9.525968172726094,"Transport, extracellular"
LEUGLYPEPT1tc,0.594294378337892,0,72.8323266475588,18.533894844721775,"Transport, extracellular"
LEUyLAThtc,0.42824304008349157,0,477.27278223838806,191.0627444804929,"Transport, extracellular"
LINOFATPtc,0.346296984992794,0,2.6606316772516356,1.2918865366488086,"Transport, extracellular"
METATB0tc,0.574486593192611,0,11.37707156930982,3.0747143252151448,"Transport, extracellular"
METyLATthc,0.6355018856576011,0,551.3196303589821,122.87051909145154,"Transport, extracellular"
OCDEAFABP1tc,0.9070477586662853,0,-1.839753460170935,-37.74516528462615,"Transport, endoplasmic reticular"
OLEICFATPtc,0.44170823520479385,0,3.9694194141748778,1.5371308256675464,"Transport, extracellular"
PEHSFABPe,0.3756092063217428,0,222.62586551635565,101.0501676088333,"Transport, endoplasmic reticular"
PHEATB0tc,-0.9230146755022142,0,2.3711697624170074,59.22939574497919,"Transport, extracellular"
PHEyLATthc,-0.4798038206563543,0,149.61243594886065,425.6029996494293,"Transport, extracellular"
PMTCOAFABP1tc,1.167251528285856,0,3.3238801669519393,-43.07096291134358,"Transport, endoplasmic reticular"
PROGLYPEPT1tc,0.9311346030187794,0,95.63349043535293,3.410346577206605,"Transport, extracellular"
PROGLYPRO1c,0.9311346030187794,0,95.63349043535293,3.410346577206605,"Transport, extracellular"
PROIMINOtc,0.4639487738233974,0,49.43397670955463,18.101141449597666,"Transport, extracellular"
TAUPAT1c,0.7215960384030421,0,536.0531283672333,86.68660431068093,"Transport, extracellular"
THRATB0tc,-0.5892500633712618,0,1.6136681919168183,6.2435122870925,"Transport, extracellular"
TRPATB0tc,-0.43008033772678833,0,91.08840908663664,228.565096894598,"Transport, extracellular"
TYRATB0tc,0.6310252287495883,0,13.64162721408022,3.086044404510816,"Transport, extracellular"
VALATB0tc,-0.5056965265133289,0,3.8699773572777545,11.7883279747891,"Transport, extracellular"
5MTHFt2le,-1,0,NA,138.25099246406555,"Transport, extracellular"
ASPPROASCT1,-0.8541200231135299,0,5.3030946654342515,67.40180670099984,"Transport, extracellular"
BIDGLCURr,0.6184314614951434,0,4.8557228866601525,1.1448066410769397,Heme degradation
CHOLESACATc,0.49368319176518277,0,7.904629983606175,2.679448390154942,Cholesterol metabolism
CHOLESTle,0.49368319176518277,0,7.904629983606175,2.679448390154942,"Transport, extracellular"
DM_pmtcoa[r],0.9204357983799426,0,490.9043336204052,20.33830623720045,Exchange/demand reaction
DSREDUCr,0.9373964692127078,0,12.032598429276556,0.3888120775426241,Squalene and cholesterol synthesis
EX_4hpro[e],-1,0,-18.780456479733484,NA,Exchange/demand reaction
EX_carn[e],-0.8246211974423129,0,-107.38900653604418,-10.322008425941524,Exchange/demand reaction
EX_glygly[e],-0.8147242717152763,0,-54.60242018804345,-5.574677830746234,Exchange/demand reaction
EX_leugly[e],-0.594294378337892,0,-72.8323266475588,-18.533894844721775,Exchange/demand reaction
EX_fmn[e],-0.40298428745110465,0,-4.792728553649212,-2.0394627923515083,Exchange/demand reaction
EX_q10h2[e],0.4033014330295306,0,0.8915769175365829,0.37910790690885876,Exchange/demand reaction
FE2DMT1,-0.570219843823463,0,10.95031864175276,40.00744887906686,"Transport, extracellular"
FE3MTP1,-0.6830080803890599,0,7.094351241265357,37.66610353608422,"Transport, extracellular"
FMNALKPle,0.4029842874412434,0,4.792728553649209,2.0394627923995285,"Transport, extracellular"
FRDPtcr,-1.9348009251229896,0,-0.6239243906171207,1.9588062330479725,"Transport, endoplasmic reticular"
G6PDH2c,0.36407429612261166,0,316.53948589253423,147.5693779608488,Pentose phosphate pathway
GLUPROASCT1,-0.5241159654246788,0,35.56620698113516,113.90805312038064,"Transport, extracellular"
LEUGLYHYc,0.594294378337892,0,72.8323266475588,18.533894844721775,"Transport, extracellular"
MAL_Ltx,-0.9686614505128238,0,10.090507818866062,633.8772561004639,"Transport, peroxisomal"
MDHx,0.9686614505128238,0,-10.090507818866062,-633.8772561004639,Citric acid cycle
PGLc,0.9065181308473648,0,122.70176317753791,6.016407599051855,Pentose phosphate pathway
Q10H2e,0.4033014330295306,0,0.8915769175365829,0.37910790690885876,"Transport, extracellular"
RTOTAL2FATPc,0.47841904340557967,0,5.774585936540212,2.037253287660109,"Transport, extracellular"
RTOTALFATPc,0.34258826125473335,0,8.81741244442882,4.317533985369981,"Transport, extracellular"
sink_5hpet[c],-0.5748364913994983,0,-906.6237363464355,-244.7640315871775,Exchange/demand reaction
q10tm,-0.4033014330295306,0,-0.8915769175365829,-0.37910790690885876,"Transport, mitochondrial"
34HPPte,1,0,320.3145020681381,NA,"Transport, extracellular"
4HPRO_LTte,0.5183426634744994,0,22.892680241246474,7.262146850103259,"Transport, extracellular"
4MOPte,-1,0,NA,822.7430018432617,"Transport, extracellular"
AHCYSte,-0.6188788651083037,0,58.194389248434874,247.19087501916886,"Transport, extracellular"
DM_Lcystin,-1,0,NA,602.9649606933593,Exchange/demand reaction
DM_anth,0.8292024751583363,0,25.139850115385233,2.3473750079124165,Exchange/demand reaction
EX_34hpp[e],-1,0,-320.3145020681381,NA,Exchange/demand reaction
EX_4mop[e],1,0,NA,-822.7430018432617,Exchange/demand reaction
OROTGLUt,0.5982419946380911,0,-126.35426123209484,-502.65255155448915,"Transport, extracellular"
LKYNRtr,1.927859422441923,0,210.8796044917505,-66.82924273232521,"Transport, extracellular"
LKYNRtr2,1.0060772962727573,0,378.37081901943685,-1.1462527253657158,"Transport, extracellular"
KYNATEtr,-0.5506827022471569,0,-697.8300334716797,-202.19939545072467,"Transport, extracellular"
KYNATEtr2,-1,0,NA,202.19939545072467,"Transport, extracellular"
3ANTHRNtr,-1,0,-149.63344480845817,NA,"Transport, extracellular"
QULNtr,0.5718150466544881,0,10.798072936263704,2.941549876543363,"Transport, extracellular"
CYST_Ltr,-0.6911416753363315,0,-523.5717603561401,-95.62149588244557,"Transport, extracellular"
DHAPtr,1,0,201.51379556189255,NA,"Transport, extracellular"
DMGLYtr,1,0,NA,-352.4285439228058,"Transport, extracellular"
GLCURtr,-0.849876839204264,0,-936.377404675293,-75.98988900689781,"Transport, extracellular"
OROT5Ptr,-0.9355984499284161,0,16.310972239777513,490.2287685474396,"Transport, extracellular"
EX_cyst_L[e],0.6911416753363315,0,523.5717603561401,95.62149588244557,Exchange/demand reaction
EX_dmgly[e],-1,0,NA,352.4285439228058,Exchange/demand reaction
EX_Lkynr[e],-1,0,-712.377520300293,NA,Exchange/demand reaction
EX_quln[e],-0.5718150466562095,0,-10.798072936263658,-2.9415498765283017,Exchange/demand reaction
EX_3hanthrn[e],1,0,149.63344480845817,NA,Exchange/demand reaction
EX_orot5p[e],0.9355984499284161,0,-16.310972239777513,-490.2287685474396,Exchange/demand reaction
ARACHDFATPtc,0.34549445633232806,0,11.060848257009079,5.380465499362317,"Transport, extracellular"
ARGB0AT3tc,-0.6650850029752455,0,5.932847587679147,29.49612776656952,"Transport, extracellular"
ASNB0AT3tc,-0.7531717390187246,0,5.931151682132991,42.12778337298157,"Transport, extracellular"
FOLOATPtc,4.06373219553697,0,60.410460187242926,-36.55040682956852,"Transport, extracellular"
GLNB0AT3tc,-0.8516918738548412,0,4.809547978011449,60.04931178944372,"Transport, extracellular"
GLUB0AT3tc,-0.5597257290385852,0,163.65063115288615,579.7524788927078,"Transport, extracellular"
GLYB0AT3tc,-0.5203319647171573,0,46.97031061047781,148.8747620459944,"Transport, extracellular"
H2OGLYAQPt,-1,0,NA,14.289830722226625,"Transport, extracellular"
ILEB0AT3tc,-0.76258744702344194,0,63.90641354656853,474.4510805736229,"Transport, extracellular"
LEUB0AT3tc,0.34143723105761364,0,66.27550331521527,32.53717577370856,"Transport, extracellular"
METB0AT3tc,0.7228433248161902,0,194.2092611799404,31.242767315640346,"Transport, extracellular"
PGLYCABCte,0.9293332135961554,0,69.29861354930792,2.538239785259073,"Transport, extracellular"
PHEB0AT3tc,-0.9672073324820886,0,3.4237123990075253,205.38591842089892,"Transport, extracellular"
PPASMCT1,-2.721443403286788,0,-97.22008536141915,210.17190843709486,"Transport, extracellular"
TRPB0AT3tc,-0.6771007439284586,0,108.19531855733432,561.9537543991089,"Transport, extracellular"
TYRB0AT3tc,0.5623595081930605,0,230.99244928095638,64.70447331544347,"Transport, extracellular"
VALB0AT3tc,-0.800634426319926,0,43.29786737478217,391.05864238314774,"Transport, extracellular"
CAMPt,0.8320630802567854,0,12.5488429251533,1.150295560181419,"Transport, extracellular"
GALt4,1.0568552405793028,0,14.40664957357887,-521.190173019731,"Transport, extracellular"
GCHOLAt3,0.48589771741641125,0,3.3389355604587836,1.1552305201841317,"Transport, extracellular"
MANt4,0.4746989670606772,0,335.39607436535357,119.47109765668195,"Transport, extracellular"
CHSTEROLt,0.5742445580906859,0,7.009468471017767,1.8957152058045474,"Transport, extracellular"
ACRNte,0.5935909632277808,0,214.92948341841696,54.812863743344494,"Transport, extracellular"
PCRNte,-0.696693954048789,0,75.67368966135979,423.3186032488346,"Transport, extracellular"
ODECRNte,-0.387142291816995,0,206.49822041175588,467.3881243451044,"Transport, extracellular"
STCRNte,0.6563303329953418,0,322.84790946422515,66.98726173665523,"Transport, extracellular"
HDCECRNte,0.9342049835779148,0,598.9830153877258,20.375346805840778,"Transport, extracellular"
EX_acrn[e],1,0,214.92948341841696,NA,Exchange/demand reaction
EX_pcrn[e],1,0,75.67368966135979,NA,Exchange/demand reaction
EX_stcrn[e],-1,0,NA,66.98726173665523,Exchange/demand reaction
EX_hdcecrn[e],-11.502527810115073,0,-17.1159504477129,20.375346805840778,Exchange/demand reaction
HC00342te,-1,0,NA,930.8653762207031,"Transport, extracellular"
15KPROSTGF2c,3.722409277414588,0,257.1155836598635,-446.00384950065614,Eicosanoid metabolism
AND19ONEc,0.6492862513794749,0,9.707959244704176,2.0643564907654786,Steroid metabolism
21HPRGNLONE,0.4855100617587368,0,2.8855686867413692,0.9993847188586764,Steroid metabolism
SMS1,0.9711510640956139,0,163.487977029109,2.392741102577275,Glycerophospholipid metabolism
SMS10,0.42025544849832097,0,4.15939997172511,1.6978561664195726,Glycerophospholipid metabolism
SMS11,0.3374877054121213,0,3.8711203751042147,1.9175240504703783,Glycerophospholipid metabolism
SMS12,-0.5685354009601127,0,3.855432718030407,14.015941789216185,Glycerophospholipid metabolism
SMS14,0.8166672121390408,0,15.58288715363784,1.5725797910093504,Glycerophospholipid metabolism
SMS15,0.5076246219186835,0,20.683854093935572,6.7551433769497145,Glycerophospholipid metabolism
SMS5,0.3874691829330402,0,2.86619035099427,1.2653469634926544,Glycerophospholipid metabolism
SMS6,0.5036976474407366,0,4.183015554725317,1.3806236008519044,Glycerophospholipid metabolism
SMS9,0.42521239681249207,0,5.63244018546594,2.271560927719678,Glycerophospholipid metabolism
XOLEST183CEH,0.4306933336118441,0,10.702430961299784,4.258750040754734,Cholesterol metabolism
XOLEST182CEH,-0.3960706770134089,0,6.286903364866136,14.533093696298991,Cholesterol metabolism
XOLEST205CEH,0.6003183698048408,0,67.86965536644925,16.95053622421027,Cholesterol metabolism
PCHOLOLE_HSPLA2,0.36076467422378045,0,2.8670370609467244,1.3468246232304686,Glycerophospholipid metabolism
PAILPALM_HSPLA2,-0.7796011843916477,0,21.207257824427913,171.23713227713333,Glycerophospholipid metabolism
PCHOL2LINL_HSPLA2,0.5493849938628326,0,3.873234222481259,1.1264711287687834,Glycerophospholipid metabolism
PCHOL2PALM_HSPLA2,-0.9265860792971983,0,10.040512150412896,263.49104846625664,Glycerophospholipid metabolism
PCHOLAR_HSPLA2,0.39575027306531946,0,2.865272206199263,1.2404367612173914,Glycerophospholipid metabolism
PCHOLN183_HSPLA2,0.3566016510977274,0,2.589748401342214,1.2282454795389655,Glycerophospholipid metabolism
PCHOLN1836_HSPLA2,0.38788991813490015,0,3.0068026522477758,1.3261096529131882,Glycerophospholipid metabolism
PCHOLN19_HSPLA2,0.4124786912047305,0,2.6257811757374543,1.0921951620122847,Glycerophospholipid metabolism
PE224_HSPLA2,-0.6320172680695968,0,12.22444961748952,54.21589421800077,Glycerophospholipid metabolism
PEDH161_HSPLA2,0.45708689279766607,0,5.168301080078886,1.925717959726678,Glycerophospholipid metabolism
PCHOLN203_HSPLA2,0.43919985512519566,0,2.1785575088338938,0.8488990338773081,Glycerophospholipid metabolism
PAILAR_HSPLA2,-0.721152246157892,0,2.4660609243332168,15.221446974543925,Glycerophospholipid metabolism
PCHOLDOC_HSPLA2,0.4295443794561478,0,3.5029537735651224,1.3978437447291707,Glycerophospholipid metabolism
PELINL_HSPLA2,0.3420560090567162,0,2.396174779077873,1.1747265289264923,Glycerophospholipid metabolism
GPDDACHOL,-0.53290334680202,0,47.89256481189001,157.1723376402825,Glycerophospholipid metabolism
GLYC2P3Pc,-0.53290334680202,0,47.89256481189001,157.1723376402825,"Transport, extracellular"
15KPROSTGF2t,1,0,NA,-446.00384950065614,"Transport, extracellular"
21HPRGNLONEt2,0.4855100617587368,0,2.8855686867413692,0.9993847188586764,"Transport, extracellular"
2OXOADPt,-1.0874518132885698,0,-28.784780254643433,687.0851441284179,"Transport, extracellular"
4AABUTNt,-0.4385985629850656,0,-15.48138153235531,-6.041483748743994,"Transport, extracellular"
56DTHMt,-1,0,NA,425.99708598289493,"Transport, extracellular"
ADPACtd,-1,0,-6.910684551284449,NA,"Transport, extracellular"
AND19ONEt,0.6492862513794749,0,9.707959244704176,2.0643564907654786,"Transport, extracellular"
C03990t,-2.1634475727713185,0,-92.4331590271512,251.32843061549877,"Transport, extracellular"
C03990tr,-0.34304664548737335,0,-8.48352319803969,-4.149728560630441,"Transport, endoplasmic reticular"
C03990tx,-0.49410497771152245,0,-6.7108983468727805,-2.272270101105581,"Transport, peroxisomal"
C06314t,2.8601173545199634,0,132.26901836331822,-63.737931758689875,"Transport, extracellular"
C06315t,-3.5968605196765346,0,-112.8263839691529,63.737931758689875,"Transport, extracellular"
C14768td,0.40254799587377815,0,4.181799779362131,1.7813469958851536,"Transport, extracellular"
CE2176t,-0.8523497643343831,0,5.56292702443874,69.78984162317906,"Transport, extracellular"
CE2510t,-1,0,NA,5.454996993620235,"Transport, extracellular"
CE2537ATP,0.48725757026976174,0,9.739146529394993,3.3576387539080024,"Transport, extracellular"
CORTSNti,1,0,NA,-364.2587931837082,"Transport, endoplasmic reticular"
DIDECAETH,-0.5837549782029886,0,16.888072051912207,64.25678815087453,Glycerophospholipid metabolism
DOCTETETH,-0.6320172680695968,0,12.22444961748952,54.21589421800077,Glycerophospholipid metabolism
EX_12HPET[e],-1.5309781012951564,0,-197.25419879275188,41.38228611850737,Exchange/demand reaction
EX_15kprostgf2[e],1,0,NA,-446.00384950065614,Exchange/demand reaction
EX_21hprgnlone[e],0.4855100617587368,0,2.8855686867413692,0.9993847188586764,Exchange/demand reaction
EX_2oxoadp[e],-1.0874518132885698,0,-28.784780254643458,687.0851441284179,Exchange/demand reaction
EX_4aabutn[e],0.43859856298507754,0,15.481381532355288,6.041483748743808,Exchange/demand reaction
EX_adpac[e],-1,0,-6.9106845512822135,NA,Exchange/demand reaction
EX_amet[e],0.6188788651083037,0,-58.194389248434874,-247.19087501916886,Exchange/demand reaction
EX_and19one[e],0.6492862513794749,0,9.707959244704176,2.0643564907654786,Exchange/demand reaction
EX_C06314[e],2.8601173545199634,0,132.26901836331822,-63.737931758689875,Exchange/demand reaction
EX_C06315[e],-3.5968605196765346,0,-112.8263839691529,63.737931758689875,Exchange/demand reaction
EX_C14768[e],0.40254799587377815,0,4.181799779362131,1.7813469958851536,Exchange/demand reaction
EX_CE2176[e],0.8523497643343825,0,-5.562927024438763,-69.78984162317906,Exchange/demand reaction
EX_CE2537[e],0.47565211470026203,0,5.5913764253627996,1.986800530658482,Exchange/demand reaction
EX_didecaeth[e],-0.5837549782029886,0,16.888072051912207,64.25678815087453,Exchange/demand reaction
EX_docteteth[e],-0.6320172680695968,0,12.22444961748952,54.21589421800077,Exchange/demand reaction
EX_hexdeceeth[e],0.45708689279766607,0,5.168301080078886,1.925717959726678,Exchange/demand reaction
EX_hxcoa[e],-0.6463314396370079,0,12.987823725948255,60.45847702873596,Exchange/demand reaction
EX_leuktrB4wcooh[e],0.5254264916596108,0,10.238214627894271,3.1851980162056104,Exchange/demand reaction
EX_lineth[e],0.3420560090567162,0,2.396174779077873,1.1747265289264923,Exchange/demand reaction
EX_lnlccrn[e],0.39380874751699485,0,-407.1139490556717,-936.0725366882324,Exchange/demand reaction
EX_lthstrl[e],-0.6390688974220716,0,-32.52235974227413,-7.161584957579934,"Transport, extracellular"
EX_mev_R[e],-2.233273824532036,0,-148.2589515013054,56.550695691723014,Exchange/demand reaction
EX_pailar_hs[e],-0.721152246157892,0,2.4660609243332168,15.221446974543925,Exchange/demand reaction
EX_pailpalm_hs[e],-0.7796011843916477,0,21.207257824427913,171.23713227713333,Exchange/demand reaction
EX_pchol2linl_hs[e],0.5493849938630635,0,3.873234222481259,1.1264711287680382,Exchange/demand reaction
EX_pchol2palm_hs[e],-0.9265860792971986,0,10.04051215041285,263.49104846625664,Exchange/demand reaction
EX_pcholar_hs[e],0.39575027306531946,0,2.865272206199263,1.2404367612173914,Exchange/demand reaction
EX_pcholdoc_hs[e],0.4295443794561478,0,3.5029537735651224,1.3978437447291707,Exchange/demand reaction
EX_pcholn183_hs[e],0.3566016510977274,0,2.589748401342214,1.2282454795389655,Exchange/demand reaction
EX_pcholn1836_hs[e],0.38788991813490015,0,3.0068026522477758,1.3261096529131882,Exchange/demand reaction
EX_pcholn19_hs[e],0.4124786912047305,0,2.6257811757374543,1.0921951620122847,Exchange/demand reaction
EX_pcholn203_hs[e],0.43919985512519566,0,2.1785575088338938,0.8488990338773081,Exchange/demand reaction
EX_pcholole_hs[e],0.36076467422378045,0,2.8670370609467244,1.3468246232304686,Exchange/demand reaction
EX_pcollg5hlys[e],-0.3999691654557097,0,-19.695817271624133,-8.441684264294148,Exchange/demand reaction
EX_pe12_hs[e],-0.5676821320868863,0,-278.504698422195,-76.80291492854431,Exchange/demand reaction
EX_sphmyln18114_hs[e],0.9711510640956139,0,163.487977029109,2.392741102577275,Exchange/demand reaction
EX_sphmyln18117_hs[e],0.3874691829330402,0,2.86619035099427,1.2653469634926544,Exchange/demand reaction
EX_sphmyln18118_hs[e],0.5036976474407366,0,4.183015554725317,1.3806236008519044,Exchange/demand reaction
EX_sphmyln18120_hs[e],0.42521239681249207,0,5.63244018546594,2.271560927719678,Exchange/demand reaction
EX_sphmyln18121_hs[e],0.42025544849832097,0,4.15939997172511,1.6978561664195726,Exchange/demand reaction
EX_sphmyln18122_hs[e],-0.5685354009601127,0,3.855432718030407,14.015941789216185,Exchange/demand reaction
EX_sphmyln181221_hs[e],0.3374877054121213,0,3.8711203751042147,1.9175240504703783,Exchange/demand reaction
EX_sphmyln1824_hs[e],0.8166672121390408,0,15.58288715363784,1.5725797910093504,Exchange/demand reaction
EX_sphmyln1825_hs[e],0.5076246219186835,0,20.683854093935572,6.7551433769497145,Exchange/demand reaction
EX_tetdecaeth[e],0.9007421128304898,0,263.8024545356199,13.775921567994196,Exchange/demand reaction
EX_wharachd[e],0.4208622576096007,0,6.637610445235612,2.705463325197914,Exchange/demand reaction
EX_xolest182_hs[e],0.3960706770136592,0,-6.286903364862406,-14.533093696298998,Exchange/demand reaction
EX_xolest183_hs[e],-0.43069333361178525,0,-10.702430961305764,-4.258750040757729,Exchange/demand reaction
EX_xolest205_hs[e],-0.6003183698048408,0,-67.86965536644925,-16.95053622421027,Exchange/demand reaction
HC00900t3,-0.9626141407779207,0,15.755722339443164,827.1149601745606,"Transport, extracellular"
HEXDECEETH,0.45708689279766607,0,5.168301080078886,1.925717959726678,Glycerophospholipid metabolism
HXCOAte,-0.6463314396370076,0,12.987823725948267,60.45847702873596,"Transport, extracellular"
LEUKTRB4WCOOHt,0.5254264916596108,0,10.238214627894271,3.1851980162056104,"Transport, extracellular"
LNLCCRNtd,0.39380874751699485,0,-407.1139490556717,-936.0725366882324,"Transport, extracellular"
LTHSTRLt,-0.6390688974219484,0,-32.52235974227413,-7.161584957582914,"Transport, extracellular"
MEV_Rt,-2.2332738245328763,0,-148.2589515013054,56.55069569174684,"Transport, extracellular"
PCOLLG5HLYStd,-0.3999691654475795,0,-19.695817271242664,-8.441684264294055,"Transport, extracellular"
PELINETH,0.3420560090567162,0,2.396174779077873,1.1747265289264923,Glycerophospholipid metabolism
TETDECAETH,0.9007421128304898,0,263.8024545356199,13.775921567994196,Glycerophospholipid metabolism
WHARACHDtr,0.4208622576096007,0,6.637610445235612,2.705463325197914,"Transport, endoplasmic reticular"
EX_5aop[e],-1,0,-374.84595130081175,NA,Exchange/demand reaction
EX_CE2510[e],-0.96975798285703,0,-326.97591120033263,-5.020114754156785,Exchange/demand reaction
EX_ddca[e],1,0,7.3726282056046655,NA,Exchange/demand reaction
HC02220c,0.4063756525275111,0,2.7400967906539373,1.1565815765084753,"Transport, extracellular"
HC02197c,0.35412713099774007,0,2.441329368371468,1.1644315863959946,Bile acid synthesis
HC02194te,0.43374034828722313,0,7.975374079833608,3.149895693540853,"Transport, extracellular"
PCSF,0.3850789843428396,0,2.569952277915466,1.140958517738253,Miscellaneous
PCRESOLup,0.3850789843428396,0,2.569952277915466,1.140958517738253,"Transport, extracellular"
PCSsec,0.3850789843428396,0,2.569952277915466,1.140958517738253,"Transport, extracellular"
EX_pcresol[e],-0.3850789843428396,0,-2.569952277915466,-1.140958517738253,Exchange/demand reaction
EX_pcs[e],0.3850789843428396,0,2.569952277915466,1.140958517738253,Exchange/demand reaction
RETINALt,-1,0,NA,3.417447761298901,"Transport, extracellular"
MALTTTRt,0.332607022079096,0,45.139369641153884,22.606588309343344,"Transport, extracellular"
1MNCAMt,-0.9839077849825185,0,-936.8246020202637,-7.598933298963465,"Transport, extracellular"
EX_1mncam[e],0.9839077849825125,0,936.8246020202637,7.598933298966309,Exchange/demand reaction
EX_progly[e],-0.9311346030187794,0,-95.63349043535293,-3.410346577206605,Exchange/demand reaction
HOMOVALte,0.5197410041082198,0,42.693409708833464,13.491702877354669,"Transport, extracellular"
EX_homoval[e],0.5197410041082198,0,42.693409708833464,13.491702877354669,Exchange/demand reaction
PCHOL2PALM_HSte,0.9265860792971985,0,-10.040512150412857,-263.49104846625664,"Transport, extracellular"
XOLEST183te,0.4306933336118441,0,10.702430961299784,4.258750040754734,"Transport, extracellular"
XOLEST182_HSte,-0.39607067701343374,0,6.286903364865764,14.533093696298991,"Transport, extracellular"
XOLEST205_HSte,0.6003183698048408,0,67.86965536644925,16.95053622421027,"Transport, extracellular"
PE224_HSte,0.6320172680684071,0,-12.22444961753795,-54.21589421800077,"Transport, extracellular"
ODECRNtr,-1,0,NA,467.3881243451044,"Transport, extracellular"
XOLEST183tl,0.4306933336118441,0,10.702430961299784,4.258750040754734,"Transport, lysosomal"
XOLEST182tl,-0.3960706770134089,0,6.286903364866136,14.533093696298991,"Transport, lysosomal"
XOLEST205tl,0.6003183698048408,0,67.86965536644925,16.95053622421027,"Transport, lysosomal"
TMNDNCtl,0.6003183698048408,0,67.86965536644925,16.95053622421027,"Transport, lysosomal"
LHCYSTIN,0.35265323625913214,0,545.6011549877167,261.1113717151642,Methionine and cysteine metabolism
LHCYSTINt,-0.35265323625913214,0,-545.6011549877167,-261.1113717151642,"Transport, extracellular"
EX_Lhcystin[e],-0.35265323625913214,0,-545.6011549877167,-261.1113717151642,Exchange/demand reaction
PA_HStm,0.5576314344011228,0,4.915754468224333,1.3960781767226909,"Transport, mitochondrial"
2MOPtm,0.5750772412376057,0,325.21127577171325,87.73517187828365,"Transport, mitochondrial"
MMALtm,-1.3748798975480196,0,-555.8059991065979,87.73517187828365,"Transport, mitochondrial"
ACNAMt2,0.6316246826784164,0,43.239858559463826,9.762353307646233,"Transport, extracellular"
ARGtD,1.5376550144162209,0,109.61046682900898,-517.3457762374878,"Transport, extracellular"
UNK3r,0.5853513192604864,0,14.892502608137791,3.895134462848655,Methionine and cysteine metabolism
ACGALtr,0.3619619515851882,0,207.1276369457841,97.0330434678033,"Transport, extracellular"
DDCAte,1,0,7.372628205604618,NA,"Transport, extracellular"
EX_acgal[e],0.42291602379336785,0,250.36749537346364,101.5401241724968,Exchange/demand reaction
EX_HC00342[e],-1,0,NA,930.8653762207031,Exchange/demand reaction
EX_pa_hs[e],0.35909920814282714,0,336.11507638020515,158.49940704591273,Exchange/demand reaction
C02592tx,-0.494104977711606,0,-6.7108983468742665,-2.272270101105581,"Transport, peroxisomal"
PROSTGE2t2r,-3.041317514924194,0,-88.97208940885066,176.14332931481377,"Transport, endoplasmic reticular"
ESTR2r,0.4443148574540534,0,3.874397591173167,1.4906342385245617,Steroid metabolism
LTHSTRLtr,1,0,20.309336451624706,NA,"Transport, endoplasmic reticular"
sink_HC02191[c],1.2531969250447375,0,358.0567555709839,-40.23566182537205,Exchange/demand reaction
sink_HC02192[c],-1.037650674834044,0,-199.81498096702248,3.6920797898652196,Exchange/demand reaction
sink_HC02193[c],-1,0,-137.58888153894543,NA,Exchange/demand reaction
sink_HC02220[c],0.4063756525275111,0,2.7400967906539373,1.1565815765084753,Exchange/demand reaction
sink_c226coa[c],-0.8218444672997565,0,-693.4931271148681,-67.81568882673383,Exchange/demand reaction
sink_coa[c],1,0,480.35687519226076,NA,Exchange/demand reaction
sink_dgchol[c],-1,0,NA,575.8471772125245,Exchange/demand reaction
sink_fad[c],0.4029842874412434,0,4.792728553649209,2.0394627923995285,Exchange/demand reaction
sink_glygn2[c],-0.7404796275009391,0,-666.325921182251,-99.35488387145996,Exchange/demand reaction
sink_hdca[c],1,0,242.27738954930305,NA,Exchange/demand reaction
sink_lnlc[c],0.8055714687679848,0,262.21408933911323,28.23588051783475,Exchange/demand reaction
sink_lnlncacoa[c],-0.5645772426185042,0,-68.8760294839885,-19.168239099026756,Exchange/demand reaction
sink_lnlncgcoa[c],0.6342278228527657,0,40.8597022448739,9.145201200653984,Exchange/demand reaction
sink_pydam[c],0.8354184010111879,0,-7.786131912836188,-86.83115167991186,Exchange/demand reaction
sink_pydx[c],-0.5233228958930198,0,28.098475399744906,89.7946441046431,Exchange/demand reaction
sink_pydxn[c],-0.6367153940003522,0,-30.342220196187217,-6.734745423384255,Exchange/demand reaction
sink_retfa[c],-1,0,NA,107.56333505368232,Exchange/demand reaction
sink_tchola[c],1,0,NA,-269.4081449088335,Exchange/demand reaction
sink_tmndnc[c],0.5658619707359002,0,47.76467835049532,13.242842418461851,Exchange/demand reaction
sink_tmndnccoa[c],1,0,NA,-513.3374452514648,Exchange/demand reaction
DXTRNt,0.7404796275009391,0,666.325921182251,99.35488387145996,"Transport, extracellular"
EX_dxtrn[e],0.7404796275009391,0,666.325921182251,99.35488387145996,Exchange/demand reaction
THCHOLSTOICt,-1.1593698985542191,0,-7.967966718340903,0.5880669395436143,"Transport, extracellular"
EX_thcholstoic[e],-1.1593698985542151,0,-7.96796671834109,0.5880669395436143,Exchange/demand reaction
XOL7AONEt,0.9732715832160145,0,-4.311909284179649,-318.33415830955505,"Transport, extracellular"
EX_xol7aone[e],0.9732715832161049,0,-4.311909284164876,-318.33415830955505,Exchange/demand reaction
sink_xoldiolone[c],-0.4483149241189156,0,-15.789949042013975,-6.0146305822964115,Exchange/demand reaction
7KILTCHOLt,0.8179535161688999,0,277.2972173267365,27.76802758789062,"Transport, extracellular"
EX_7klitchol[e],0.8179535161688999,0,277.2972173267365,27.76802758789062,Exchange/demand reaction
sink_7klitchol[c],-0.8179535161688999,0,-277.2972173267365,-27.76802758789062,Exchange/demand reaction
ACCOAL,-0.695377764659924,0,4.192176913236848,23.33159795865825,Propanoate metabolism
ACONT,-1.324988621735748,0,-233.2260309955284,32.60050636701585,Citric acid cycle
ADPT,-0.6562039574652488,0,24.28771270390358,117.0036909133941,Nucleotide salvage pathway
ALAR,-0.9410152225233305,0,26.19683091821226,862.060514074707,Alanine and aspartate metabolism
AMPTASECG,0.8311255954476588,0,25.316441697697154,2.33479288788898,Glutathione metabolism
ASP1DC,0.5268647353875855,0,57.78209674214125,17.905153612060705,Beta-Alanine metabolism
ASPTA,-1.783120476777653,0,-93.95120370479525,333.89181690745653,Alanine and aspartate metabolism
BUTt2r,19.329811253590755,0,524.4245498168946,-581.645493618393,"Transport, extracellular"
CBPS,0.587199420610053,0,8.611974842562061,2.2398119344920513,Pyrimidine synthesis
CTPS1,0.9619240631523135,0,311.75564650573733,6.050381118823425,Nucleotide interconversion
CTPS2,0.39146114798245046,0,13.041377615861414,5.703490158234563,Pyrimidine synthesis
CYSTS,0.6911416753363315,0,523.5717603561401,95.62149588244557,Methionine and cysteine metabolism
DGK1,-0.9307235569098907,0,-98.9331333046943,-3.5498275009801046,Nucleotide interconversion
DHPR,0.6634054886546957,0,86.57989554761136,17.51967144087339,Tetrahydrobiopterin metabolism
DPCOAK,0.5739533927693031,0,15.632364602255839,4.231456873107376,CoA synthesis
DTMPK,0.770425627238987,0,43.823443833685666,5.682667193445336,Nucleotide interconversion
DURIPP,-0.7955289709075456,0,23.361743251800906,205.14733556970359,Nucleotide interconversion
EX_acac[e],1,0,654.305014730072,NA,Exchange/demand reaction
EX_asp_L[e],1,0,NA,-317.1428855463505,Exchange/demand reaction
EX_dcyt[e],1,0,331.3309713101387,NA,Exchange/demand reaction
EX_duri[e],-1,0,NA,115.70009116484523,Exchange/demand reaction
EX_gal[e],-1,0,NA,106.7474190484047,Exchange/demand reaction
EX_glyb[e],0.6510371483817664,0,474.47113093147277,100.28411475941539,Exchange/demand reaction
EX_glyleu[e],-0.8927416086563683,0,-36.69528300320855,-2.0794581821538114,Exchange/demand reaction
EX_glyphe[e],-0.33441564654244604,0,-118.62475506641269,-59.168056901547686,Exchange/demand reaction
EX_glypro[e],1.012894880539934,0,430.2801746246338,-2.756433783068846,Exchange/demand reaction
EX_ins[e],1.1835049588932707,0,347.19407973709104,-29.17869962724278,Exchange/demand reaction
EX_o2[e],-1,0,-987.4364617126465,NA,Exchange/demand reaction
EX_ppi[e],-0.7508114927182391,0,-108.30025281791687,-15.4140970916491,Exchange/demand reaction
EX_ser_L[e],-1,0,-400.9347544527173,NA,Exchange/demand reaction
EX_so4[e],-0.8699242267739986,0,-212.7161798502095,-14.79697475198352,Exchange/demand reaction
EX_uri[e],0.6529489638444302,0,755.5534816011428,158.63503616636993,Exchange/demand reaction
FBA2,0.7524602700755539,0,61.90991340671778,8.744941900271465,Fructose and mannose metabolism
FCLTc,0.4001426131440886,0,4.025944954981046,1.7248191703112912,Heme synthesis
FERO,-0.6830080803890599,0,1.7735878103163392,9.416525884021056,Vitamin B2 metabolism
FMNAT,0.4029842874412434,0,4.792728553649209,2.0394627923995285,Vitamin B2 metabolism
FPGS7,0.7380869815572108,0,9.594792775466386,1.4458431389342699,Folate metabolism
G3PD1,1.229355351884239,0,362.41459620962144,-37.28509551937879,Glycerophospholipid metabolism
GF6PTA,0.4328195426395275,0,22.74545796739012,9.003771144167974,Aminosugar metabolism
GHMT2r,0.903259962066806,0,-27.957380988220496,-550.0324892974853,"Glycine, serine, alanine, and threonine metabolism"
GK1,0.7979820001574909,0,117.61447391898632,13.21494918834634,Nucleotide interconversion
GLNS,-0.3734457773865585,0,15.527457703764574,34.037151849092545,Glutamate metabolism
GLYLEUHYDROc,0.8927416086563683,0,36.69528300320855,2.0794581821538114,"Transport, extracellular"
GLYLEUPEPT1tc,0.8927416086563683,0,36.69528300320855,2.0794581821538114,"Transport, extracellular"
GLYPHEHYc,0.33441564654244604,0,118.62475506641269,59.168056901547686,Pentose phosphate pathway
GLYPROPRO1c,-1.012894880539934,0,-430.2801746246338,2.756433783068846,"Transport, extracellular"
GTPCI,0.44223436032067726,0,7.811273664911383,3.0209098966764376,Tetrahydrobiopterin metabolism
GUAPRT,-0.5111727634626886,0,18.08002610015953,55.89304556512814,Nucleotide salvage pathway
HMBS,0.7035949267253048,0,33.17820462050438,5.772609449223336,Heme synthesis
IMPD,0.9022928914057476,0,336.3890371353388,17.277886244431162,Nucleotide interconversion
INSt2,-0.7331545155783086,0,-237.82449874135256,-36.616696897798775,"Transport, extracellular"
LEUTA,2.19931091100831,0,308.4178707581043,-822.7430018432617,"Valine, leucine, and isoleucine metabolism"
MTHFC,0.4327361479819058,0,58.801404671235616,23.281265964332412,Folate metabolism
NAt3_1,-0.6223295728207311,0,66.72441514279468,286.6228969099045,"Transport, extracellular"
NDPK1,0.8945507501452316,0,411.10795071735384,22.881955001286137,Nucleotide interconversion
NDPK3,1.087985138697079,0,20.12344702586066,-477.5517655773163,Nucleotide interconversion
NDPK4,-0.9241933936650628,0,-395.0948372782223,-15.565378663663385,Nucleotide interconversion
NDPK5,-1002.3998076645323,0,-261.9998387527466,261.47761453713196,Nucleotide interconversion
NDPK7,-0.33036661073612117,0,112.33392168197743,223.17480139846802,Nucleotide interconversion
NDPK8,-0.8612575876278326,0,-104.53917800468076,-7.792590257352916,Nucleotide interconversion
NDPK9,0.7242968251378877,0,-73.78088006073573,-461.438782154876,Nucleotide interconversion
NNDPR,0.5718150466544881,0,10.798072936263704,2.941549876543363,NAD metabolism
O2t,1,0,929.3186178161621,NA,"Transport, extracellular"
OMPDC,-0.7362036820469514,0,17.217189373481997,113.31677339810133,Pyrimidine synthesis
PGK,0.6325741577135449,0,-216.33256841091253,-961.2251507995605,Glycolysis/gluconeogenesis
PGL,0.85677612856463925,0,330.3836383315563,25.484399014395382,Pentose phosphate pathway
PGMT,1.2020211672749948,0,900.8431070922852,-82.64651527016373,Glycolysis/gluconeogenesis
PNP,0.9840948374009145,0,861.8200032043457,6.908635123543606,NAD metabolism
PNTK,0.33145197198638643,0,9.438662730944856,4.739336820722581,CoA synthesis
PPBNGS,0.936183568360457,0,187.42297565040587,6.177443972113682,Heme synthesis
PPCDC,0.33145197198638643,0,9.438662730944856,4.739336820722581,CoA synthesis
PPNCL3,0.3619402069327373,0,6.5166207162073695,3.0529928146004606,CoA synthesis
PRO1x,-0.3419857478657251,0,223.98695283527374,456.8097080539703,"Transport, extracellular"
PROD2,0.6152494752141795,0,98.4939446651442,23.461141749087954,Arginine and proline metabolism
PSERT,0.4426148660049087,0,74.93766923705898,28.953772620305045,"Glycine, serine, alanine, and threonine metabolism"
PSP_L,-1,0,NA,28.953772620305045,"Glycine, serine, alanine, and threonine metabolism"
PUNP2,2.2237639903234507,0,7.106997793761455,-18.72197886847508,Purine catabolism
PUNP3,-1.4140540859131767,0,-122.72054548914879,715.4959807006836,Purine catabolism
PUNP4,0.4665223111962601,0,98.9331333046943,35.98896443549396,Purine catabolism
PUNP5,-3.5302293946358976,0,-316.5107082255483,176.77795712013244,Purine catabolism
PUNP7,1.0610432174634263,0,20.091243576717762,-678.3541730743408,Nucleotide interconversion
RPE,-0.8818248260993528,0,-245.35866589279175,-15.408077631759655,Pentose phosphate pathway
TPI,20.70384396177645,0,96.79485884823055,-87.87525372955203,Glycolysis/gluconeogenesis
UMPK,-2.8780991601041337,0,-251.63078986520767,121.86062181285136,Nucleotide interconversion
URIt2r,-1,0,-157.73169055502416,NA,"Transport, extracellular"
r0082,0.4605951850561089,0,33.53626503302679,12.38510370233364,Miscellaneous
r0127,-0.678672654036167,0,11.767177812021657,61.473882806243374,Alanine and aspartate metabolism
r0345,-0.4334787363532123,0,-409.3723532253802,-161.7869431682706,Nucleotide interconversion
r0422,0.4605951850561089,0,33.53626503302679,12.38510370233364,Miscellaneous
EX_pnto_R[e],-2697.50084273575,0,-5.836094331799036,5.831768897291569,Exchange/demand reaction
GLYt2r,-0.3863737267464929,0,-809.9419826049805,-358.4904061214447,"Transport, extracellular"
NTD2,0.8949608388549404,0,95.2323840043962,5.278805516482601,Pyrimidine catabolism
NTD4,-0.3429041804755279,0,6.7168288793693876,13.727157156731803,Pyrimidine catabolism
NTD6,0.7221613939028521,0,169.23202767380477,27.302429866533313,Nucleotide interconversion
NTD8,0.7689960196588819,0,111.54010815673172,14.565442016569595,Nucleotide interconversion
NTD9,0.5233842819679807,0,48.722187314725666,15.24353412725221,Nucleotide interconversion
NTD11,0.6321295914637731,0,30.683371581175273,6.9158138531834465,Purine catabolism
NADS2,0.8207247964704291,0,7.725151230452207,0.7606465632921524,NAD metabolism
GUAt,4.787143485699024,0,231.69068189225197,-354.04711373443604,"Transport, extracellular"
EX_ac[e],0.5083138001835097,0,738.9602632263184,240.88923909397127,Exchange/demand reaction
ALCD1,-0.5808253673937143,0,-85.24872134368168,-22.604711555399525,Miscellaneous
ABUTD,0.5056566058458336,0,12.995238907475441,4.266650499472166,Beta-Alanine metabolism
ARGSL,0.5677241578163295,0,13.416190488930518,3.699308334048421,Alanine and aspartate metabolism
CSND,0.7966526799280799,0,75.12655936115831,8.502914716341897,Pyrimidine catabolism
CYTK1,-2.466170814917582,0,-496.9014113506317,210.18651016221642,Nucleotide interconversion
CYTK2,-1.028015753594504,0,-3.1633530011292557,228.9900822703229,Nucleotide interconversion
EX_acgam[e],0.4899683784127122,0,473.56514752116203,162.10625917762815,Exchange/demand reaction
EX_csn[e],-0.7966526799280795,0,-75.12655936115831,-8.502914716341909,Exchange/demand reaction
EX_glcr[e],0.75873602320486,0,37.190471045789494,5.101800853001875,Exchange/demand reaction
EX_glcur[e],-0.7605347588788474,0,35.92209388809595,264.0971800567343,Exchange/demand reaction
EX_hxan[e],1.0251927839347745,0,2.458115931344312,-197.60256187336446,Exchange/demand reaction
EX_malt[e],-1,0,-115.81756997361182,NA,Exchange/demand reaction
EX_spmd[e],8.686976517674731,0,55.96285692025484,-70.52329086761476,Exchange/demand reaction
EX_trp_L[e],1,0,NA,-92.60637051146402,Exchange/demand reaction
EX_xyl_D[e],-0.8088462368654104,0,-376.99358131713865,-39.839617253060645,Exchange/demand reaction
FACOAL161,0.41174108308855023,0,3.5901218622779645,1.4959692138896863,Fatty acid oxidation
GALK,0.6924091576443446,0,80.86553818948865,14.697095496617095,Galactose metabolism
GALT,0.8727341958331523,0,216.26982594520152,14.697095496617095,Galactose metabolism
GLYOX,-0.5913199963164778,0,5.660821044316595,22.042129886946874,Pyruvate metabolism
GND,0.5206168544900979,0,32.45346935548331,10.231141511026909,Pentose phosphate pathway
HISD,-0.7380274886668122,0,15.212720764239126,100.92710388240815,Histidine metabolism
HXPRT,-0.7313149152012551,0,33.652441568897615,216.84483924670516,Nucleotide salvage pathway
HYXNt,-1.0251927839347745,0,-2.458115931344312,197.60256187336446,"Transport, extracellular"
IZPN,-0.7380274886668566,0,15.212720764236147,100.92710388240815,Histidine metabolism
LCADi,-0.877359265958278,0,8.939810581318381,136.8487914059639,Pyruvate metabolism
MDH,-0.9780072913160736,0,-433.0270616565704,-4.814662747240486,Citric acid cycle
NTD3,0.6741774228104683,0,14.757653346753298,2.8720830786482465,Pyrimidine catabolism
NTD5_a,0.9840948374009145,0,861.8200032043457,6.908635123543606,Vitamin B2 metabolism
ORNDC,0.3453343035016756,0,55.70956448174901,27.10935173371732,Urea cycle
TMDS,0.42874537841900223,0,37.29644704708364,14.912221635861858,Nucleotide interconversion
TYRTA,-1.8634155446142588,0,-316.39504031734464,95.40368549115061,Tyrosine metabolism
XYLt,0.8088462368654104,0,376.99358131713865,39.839617253060645,"Transport, extracellular"
r0392,-0.8465373924809122,0,-388.5379273837328,-32.29073166845497,Miscellaneous
r0792,-1.7979134293070589,0,-167.8555371161867,588.5917497200012,Folate metabolism
r1667,-7.8221992079613285,0,-299.50392083740235,387.30666939622165,"Transport, extracellular"
EX_34dhpha[e],0.4808332228995386,0,-272.8517010414548,-778.2621724822998,Exchange/demand reaction
EX_gam[e],-0.4400109577731117,0,-25.536682956519584,-9.930662369811115,Exchange/demand reaction
URCN,-0.7380274886668566,0,15.212720764236147,100.92710388240815,Histidine metabolism
GLNt4,-0.9028701778471145,0,20.932339437641527,410.08542572810427,"Transport, extracellular"
MTRI,0.5853513192604864,0,14.892502608137791,3.895134462848655,Arginine and proline metabolism
NADN,-1,0,NA,7.598933298966309,NAD metabolism
EX_gua[e],-4.787143485699024,0,-231.69068189225197,354.04711373443604,Exchange/demand reaction
AHC,-0.7971605269541728,0,27.242912468417032,241.37257996349337,Methionine and cysteine metabolism
EX_taur[e],-1,0,NA,839.9823541931153,Exchange/demand reaction
PHPYRtm,0.5641779540103646,0,243.60682095625103,67.87541203606594,"Transport, mitochondrial"
CE4970tm,0.37163641426135485,0,209.4567231739998,95.95471238750815,"Transport, mitochondrial"
CE4970te,0.37163641426135485,0,209.4567231739998,95.95471238750815,"Transport, extracellular"
EX_CE4970[e],0.37163641426135485,0,209.4567231739998,95.95471238750815,Exchange/demand reaction
CE4968tm,0.7822301497797265,0,246.61926165497303,30.13428971486971,"Transport, mitochondrial"
CE4968te,0.7822301497797265,0,246.61926165497303,30.13428971486971,"Transport, extracellular"
EX_CE4968[e],0.7822301497797265,0,246.61926165497303,30.13428971486971,Exchange/demand reaction
VANILPYRc,-0.8523497643343831,0,5.56292702443874,69.78984162317906,Tyrosine metabolism
VANILLACc,-0.8523497643343831,0,5.56292702443874,69.78984162317906,Tyrosine metabolism
VANILLACte,-0.8523497643343831,0,5.56292702443874,69.78984162317906,"Transport, extracellular"
EX_vanillac[e],-0.8523497643343831,0,5.56292702443874,69.78984162317906,Exchange/demand reaction
2M3OVCOAm,-0.384966203356171,0,12.196689377376217,27.465161545068025,Propanoate metabolism
2M3OVACm,-0.384966203356171,0,12.196689377376217,27.465161545068025,Propanoate metabolism
2M3OVACtm,-0.384966203356171,0,12.196689377376217,27.465161545068025,"Transport, mitochondrial"
2M3HVACc,-0.384966203356171,0,12.196689377376217,27.465161545068025,Propanoate metabolism
2M3HVACte,-0.384966203356171,0,12.196689377376217,27.465161545068025,"Transport, extracellular"
EX_2m3hvac[e],-0.384966203356171,0,12.196689377376217,27.465161545068025,Exchange/demand reaction
PPIOGLYc,0.6737992890931314,0,35.08215885857949,6.837035500246042,"Glycine, serine, alanine, and threonine metabolism"
PPIOGLYtm,0.6737992890931314,0,35.08215885857949,6.837035500246042,"Transport, mitochondrial"
PPIOGLYte,0.6737992890931314,0,35.08215885857949,6.837035500246042,"Transport, extracellular"
EX_ppiogly[e],0.6737992890931314,0,35.08215885857949,6.837035500246042,Exchange/demand reaction
TIGGLYc,0.47869289244648944,0,183.71064195225537,64.76643248381242,"Glycine, serine, alanine, and threonine metabolism"
TIGGLYtm,0.47869289244648944,0,183.71064195225537,64.76643248381242,"Transport, mitochondrial"
TIGGLYte,0.47869289244648944,0,183.71064195225537,64.76643248381242,"Transport, extracellular"
EX_tiggly[e],0.47869289244648944,0,183.71064195225537,64.76643248381242,Exchange/demand reaction
TD2GLTRCOAm,0.6584510693962695,0,18.96366464160793,3.905463054165844,Lysine metabolism
3HGLUTCOAm,0.6584510693962695,0,18.96366464160793,3.905463054165844,Lysine metabolism
3OHGLUTACm,0.6584510693962695,0,18.96366464160793,3.905463054165844,Lysine metabolism
3OHGLUTACtm,0.6584510693962695,0,18.96366464160793,3.905463054165844,"Transport, mitochondrial"
3OHGLUTACOAT3t,0.6584510693962695,0,18.96366464160793,3.905463054165844,"Transport, extracellular"
EX_3ohglutac[e],0.6584510693962695,0,18.96366464160793,3.905463054165844,Exchange/demand reaction
3HADICOAx,0.6195156848778185,0,4.554904099147434,1.0701159505856082,Fatty acid oxidation
3HADPACx,0.6195156848778185,0,4.554904099147434,1.0701159505856082,Fatty acid oxidation
3HADPACtxc,0.6195156848778185,0,4.554904099147434,1.0701159505856082,"Transport, peroxisomal"
3HADPACte,0.6195156848778185,0,4.554904099147434,1.0701159505856082,"Transport, extracellular"
EX_3hadpac[e],0.6195156848778185,0,4.554904099147434,1.0701159505856082,Exchange/demand reaction
3OHSEBCOAx,0.872883509832311,0,11.879084979764176,0.8062581474522871,Fatty acid oxidation
3OHSEBACx,0.872883509832311,0,11.879084979764176,0.8062581474522871,Fatty acid oxidation
3OHSEBACtxc,0.872883509832311,0,11.879084979764176,0.8062581474522871,"Transport, peroxisomal"
3OHSEBACte,0.872883509832311,0,11.879084979764176,0.8062581474522871,"Transport, extracellular"
EX_3ohsebac[e],0.872883509832311,0,11.879084979764176,0.8062581474522871,Exchange/demand reaction
HEXGLYc,-0.3420197251641583,0,23.67068268591496,48.27883796444349,"Glycine, serine, alanine, and threonine metabolism"
HEXGLYte,-0.3420197251641583,0,23.67068268591496,48.27883796444349,"Transport, extracellular"
EX_hexgly[e],-0.3420197251641583,0,23.67068268591496,48.27883796444349,Exchange/demand reaction
AK2LGCHOLABCt,0.4211157858407062,0,3.2832725896543584,1.3374242210731844,"Transport, extracellular"
CE2510ABCt,0.4766181794074603,0,3.4077876875314908,1.2078776686934654,"Transport, extracellular"
CE2537ABCt,0.5031942322496576,0,4.147770100974712,1.370838222538108,"Transport, extracellular"
NRVNCABCt,0.7308046804399465,0,24.55649154802196,3.8193174910199725,"Transport, extracellular"
PAFABCt,0.5426772643096074,0,10.95394392707867,3.2472687056632488,"Transport, extracellular"
PAILPALM_HSSECt,-0.7796011843916477,0,21.207257824427913,171.23713227713333,"Transport, extracellular"
PAILR_HSSECt,-0.721152246157892,0,2.4660609243332168,15.221446974543925,"Transport, extracellular"
PCHOL2LINL_HSABCt,0.5493849938630635,0,3.873234222481259,1.1264711287680382,"Transport, extracellular"
PCHOLAR_HSABCt,0.39575027306531946,0,2.865272206199263,1.2404367612173914,"Transport, extracellular"
PCHOLDOC_HSABCt,0.4295443794561478,0,3.5029537735651224,1.3978437447291707,"Transport, extracellular"
PCHOLN183_HSABCt,0.3566016510977274,0,2.589748401342214,1.2282454795389655,"Transport, extracellular"
PCHOLN1836_HSABCt,0.38788991813490015,0,3.0068026522477758,1.3261096529131882,"Transport, extracellular"
PCHOLN19_HSABCt,0.4124786912047305,0,2.6257811757374543,1.0921951620122847,"Transport, extracellular"
PCHOLN203_HSABCt,0.43919985512519566,0,2.1785575088338938,0.8488990338773081,"Transport, extracellular"
PCHOLOLE_HSABCt,0.36076467422378045,0,2.8670370609467244,1.3468246232304686,"Transport, extracellular"
PE161_HSABCt,0.45708689279766607,0,5.168301080078886,1.925717959726678,"Transport, extracellular"
PELINL_HSABCt,0.3420560090567162,0,2.396174779077873,1.1747265289264923,"Transport, extracellular"
SPHMYLN18114_hs_SECt,0.9711510640956139,0,163.487977029109,2.392741102577275,"Transport, extracellular"
SPHMYLN18117_hs_SECt,0.3874691829330402,0,2.86619035099427,1.2653469634926544,"Transport, extracellular"
SPHMYLN18118_hs_SECt,0.5036976474407366,0,4.183015554725317,1.3806236008519044,"Transport, extracellular"
SPHMYLN18120_hs_SECt,0.42521239681249207,0,5.63244018546594,2.271560927719678,"Transport, extracellular"
SPHMYLN18121_hs_SECt,0.42025544849832097,0,4.15939997172511,1.6978561664195726,"Transport, extracellular"
SPHMYLN18122_hs_SECt,-0.5685354009601127,0,3.855432718030407,14.015941789216185,"Transport, extracellular"
SPHMYLN181221_hs_SECt,0.3374877054121213,0,3.8711203751042147,1.9175240504703783,"Transport, extracellular"
SPHMYLN1824_hs_SECt,0.8166672121390408,0,15.58288715363784,1.5725797910093504,"Transport, extracellular"
SPHMYLN1825_hs_SECt,0.5076246219186835,0,20.683854093935572,6.7551433769497145,"Transport, extracellular"
AK2LGCHOLt1,0.8282561706140978,0,14.237216519794904,1.3374242210731844,"Transport, extracellular"
APRGSTRNt1e,1.5711637031521948,0,22.567451970196796,-101.59016243183612,"Transport, extracellular"
PAFt1,-1,0,NA,3.2472687056632488,"Transport, extracellular"
2HYDOGOAT3t,-0.9715668937205879,0,-428.2513479675293,-6.17606033548458,"Transport, extracellular"
2HYDOGte,0.9715668937205879,0,428.2513479675293,6.176060335484586,"Transport, extracellular"
HEXDTRm,0.4317617496123473,0,3.493489912818073,1.3864978557669492,Fatty acid oxidation
HEXDTRtm,0.4317617496123473,0,3.493489912818073,1.3864978557669492,"Transport, mitochondrial"
HEXDTRte,0.4317617496123473,0,3.493489912818073,1.3864978557669492,"Transport, extracellular"
EX_hexdtr[e],0.4317617496123473,0,3.493489912818073,1.3864978557669492,Exchange/demand reaction
HPDECECOAm,0.48269599539197783,0,4.005305284030616,1.3974277057104674,Fatty acid oxidation
HPDECEm,0.48269599539197783,0,4.005305284030616,1.3974277057104674,Fatty acid oxidation
HPDECEtm,0.48269599539197783,0,4.005305284030616,1.3974277057104674,"Transport, mitochondrial"
HPDECEte,0.48269599539197783,0,4.005305284030616,1.3974277057104674,"Transport, extracellular"
EX_hpdece[e],0.48269599539197783,0,4.005305284030616,1.3974277057104674,Exchange/demand reaction
EIC21114TRc,0.759426619357414,0,8.269593513514183,1.1307343234426575,Fatty acid oxidation
EIC21114TRte,0.759426619357414,0,8.269593513514183,1.1307343234426575,"Transport, extracellular"
EX_eic21114tr[e],0.759426619357414,0,8.269593513514183,1.1307343234426575,Exchange/demand reaction
AGRMte,-1.6676743446757172,0,-68.63934313375913,17.17928147311971,"Transport, extracellular"
17AHPRGSTRNte,1,0,5.127246297859311,NA,"Transport, extracellular"
SAMHISTAe,-0.6188788651083037,0,58.194389248434874,247.19087501916886,"Transport, extracellular"
GLCRt1,-0.75873602320486,0,-37.190471045789494,-5.101800853001878,"Transport, extracellular"
CE4890te2,-1.2722209283447667,0,-27.847234477664113,3.3362072881118645,"Transport, extracellular"
MLTHFte,0.8494803036640897,0,467.22354485492707,38.024922976051414,"Transport, extracellular"
TYMte2,0.7803967377500752,0,669.5505759498119,82.5858010196686,"Transport, extracellular"
TRYPTAte,-1,0,NA,69.66113938736468,"Transport, extracellular"
CE4890te,-0.9396789106218747,0,27.847234477664113,895.4528837646484,"Transport, extracellular"
CE7090te,0.3391925097467474,0,3.091358261822652,1.5253913680080193,"Transport, extracellular"
CE7096te,0.471628207909575,0,12.061237817582306,4.330453715315269,"Transport, extracellular"
MLTHFte2,-0.8506906575242099,0,-430.933100545311,-34.766662722309775,"Transport, extracellular"
TYMte,-0.780868851912296,0,-669.5505759498119,-82.38640720405579,"Transport, extracellular"
MLTHFte1,0.8352279657277598,0,36.29044420040997,3.2582602418950963,"Transport, extracellular"
CE1918te,0.5074589958128529,0,-215.20670578103065,-658.6563998346805,"Transport, extracellular"
34DHPHAte,0.4808332228995386,0,-272.8517010414548,-778.2621724822998,"Transport, extracellular"
CE6205te,0.5577565574723482,0,172.6389896795392,49.011805306895916,"Transport, extracellular"
AGRMtm,-1.6676743446757174,0,-68.63934313375913,17.179281473119712,"Transport, mitochondrial"
EX_agm[e],-1.6676743446756401,0,-68.63934313375913,17.179281473118223,Exchange/demand reaction
CE7081tr,0.8042293387079891,0,14.798247389087093,1.6057064449461542,"Transport, endoplasmic reticular"
CE7081tm,-1,0,NA,1.6057064449461542,"Transport, extracellular"
EX_CE7081[e],-1,0,NA,1.6057064449461542,Exchange/demand reaction
18HARACHDtr,0.580927115473321,0,4.5814550044390305,1.2144541928896113,"Transport, endoplasmic reticular"
18HARACHDte,0.580927115473321,0,4.5814550044390305,1.2144541928896113,"Transport, extracellular"
EX_18harachd[e],0.580927115473321,0,4.5814550044390305,1.2144541928896113,Exchange/demand reaction
EX_17ahprgstrn[e],1,0,5.127246297859311,NA,Exchange/demand reaction
35DIODTYRte,-1,0,-136.98530549452306,NA,"Transport, extracellular"
EX_35diotyr[e],-1,0,-136.98530549452306,NA,Exchange/demand reaction
FNA5MOXAMte,1,0,8.60470573389021,NA,"Transport, extracellular"
EX_fna5moxam[e],1,0,8.60470573389021,NA,Exchange/demand reaction
EX_CE7090[e],0.3391925097467474,0,3.091358261822652,1.5253913680080193,Exchange/demand reaction
EX_CE7096[e],0.471628207909575,0,12.061237817582306,4.330453715315269,Exchange/demand reaction
EX_CE6205[e],0.5577565574723482,0,172.6389896795392,49.011805306895916,Exchange/demand reaction
EX_trypta[e],-1,0,NA,69.66113938736468,Exchange/demand reaction
EX_C05769[e],0.80825305009053106,0,27.67996864053011,2.935180759211589,Exchange/demand reaction
EX_mhista[e],-0.6083590195327817,0,62.02403783642445,254.71522556972502,Exchange/demand reaction
PPBNGte,1.8949345562951472,0,54.71015717824958,-16.9129938128255,"Transport, extracellular"
EX_ppbng[e],1.894934556298804,0,54.71015717824958,-16.91299381287324,Exchange/demand reaction
12PPDRte,1,0,NA,-553.8143791721344,"Transport, extracellular"
EX_12ppd_R[e],1,0,NA,-553.8143791721344,Exchange/demand reaction
EX_hdd2crn[e],-1,0,-306.6331319882125,NA,Exchange/demand reaction
EX_CE1918[e],-0.5074589958128529,0,215.20670578103065,658.6563998346805,Exchange/demand reaction
AACTte,1,0,6.896155564969519,NA,"Transport, extracellular"
EX_aact[e],-1,0,-6.896155564963739,NA,Exchange/demand reaction
UDPG4DOPA,0.47038439921033987,0,5.968744767233293,2.149873425993958,Tyrosine metabolism
TYRDOPOX,0.4729247026513126,0,16.28100659131212,5.826038747809123,Tyrosine metabolism
34DHPEAR,-0.5045360168195517,0,237.99403281577415,722.6975245727539,Tyrosine metabolism
DOPA4GLCURt,0.47038439921033987,0,5.968744767233293,2.149873425993958,"Transport, extracellular"
EX_dopa4glcur[e],0.47038439921033987,0,5.968744767233293,2.149873425993958,Exchange/demand reaction
CE5026t,0.5635686809298555,0,4.746709992605165,1.3249260672605174,"Transport, extracellular"
GGTe_1,-1.0102403689058903,0,-260.0902263092041,1.3249260672605174,Tyrosine metabolism
DOPACCL,0.555678697342724,0,33.0325611805154,9.434512819969108,Tyrosine metabolism
NADPQNOXR,-0.4467901862708934,0,5.259514577459166,13.755023657159438,Tyrosine metabolism
TYRDHINDOX,0.3770624617128497,0,16.5162805902577,7.471419386276463,Tyrosine metabolism
CE5025t,0.5628876236139203,0,4.014563362827397,1.1228032682351488,"Transport, extracellular"
EX_CE5025[e],0.5628876236139203,0,4.014563362827397,1.1228032682351488,Exchange/demand reaction
ACER11r,-0.6448227095169216,0,6.709600469912164,31.072097007347153,Sphingolipid metabolism
ACER12r,-0.39778274939610314,0,6.361095038972228,14.76448724082262,Exchange/demand reaction
ACER31r,0.3322989683110162,0,3.23282046530115,1.6201750592686324,Sphingolipid metabolism
BGAL2l,0.8508566096667778,0,32.60873975039832,2.627636293091175,Sphingolipid metabolism
BGAL3l,0.6313308449732395,0,17.948441787839222,4.056220041666796,Sphingolipid metabolism
EX_gluside_hs[e],-0.38076690519646805,0,-337.4875461920738,-151.35317691904828,Exchange/demand reaction
GA1tl,0.8508566096667778,0,32.60873975039832,2.627636293091175,"Transport, extracellular"
GD3tg,0.7348012250314399,0,268.9079519304633,41.10791392251346,"Transport, extracellular"
GD3tl,-0.3587889458390542,0,111.52410600875318,236.33048971304893,"Transport, extracellular"
GLA2l,0.34227356595959535,0,12.816592161577008,6.280248432783335,Sphingolipid metabolism
GM2tg,0.36645369581791876,0,3.9132151329856044,1.814333696458294,"Transport, extracellular"
GM2tl,0.5041960775342212,0,11.730055585226498,3.8663892671695934,"Transport, extracellular"
HEXA1l,0.3720778524200631,0,8.032854670743511,3.6761816008867143,Sphingolipid metabolism
HEXA2l,0.6313308449732395,0,17.948441787839222,4.056220041666796,Sphingolipid metabolism
HEXA3e,0.8112096488337941,0,43.239858559463826,4.507080716511436,Sphingolipid metabolism
HEXAHBl,0.8508566096667778,0,32.60873975039832,2.627636293091175,Sphingolipid metabolism
NEU11l,0.43121995009288183,0,15.714611729249736,6.245132093815203,Sphingolipid metabolism
NEU21,0.4272729163389033,0,8.29044777851968,3.3267386524896065,Sphingolipid metabolism
NEU22,0.5729331447094926,0,9.562422279416383,2.5962919184238324,Sphingolipid metabolism
NEU23,0.35021613276556934,0,10.616534973066813,5.109147331323345,Sphingolipid metabolism
NEU31e,0.8112096488337941,0,43.239858559463826,4.507080716511436,Sphingolipid metabolism
SMSn,0.49130393316420257,0,9.922607903363504,3.384683363963904,Sphingolipid metabolism
SPHK21n,0.6271596861348017,0,12.359950334201159,2.8321054173290583,Sphingolipid metabolism
SPHMYLNtl2,1,0,15.291099710111785,NA,"Transport, extracellular"
SPMD3n,0.49130393316420257,0,9.922607903363504,3.384683363963904,Sphingolipid metabolism
NH4tr,0.5347016228753049,0,-13.889473238272819,-45.811887957537174,"Transport, endoplasmic reticular"
WHTSTSTERONEtr,-0.5776540084442308,0,-12.563892738198028,-3.3634179027296844,"Transport, endoplasmic reticular"
TETPENT6COAtm,2.0072586066245734,0,93.01580293963104,-277.70680945549793,"Transport, mitochondrial"
TETPENT3COAtm,-14.371161306054988,0,-25.745845029000193,29.59679625749842,"Transport, mitochondrial"
THCRMtl,-1,0,NA,6.051529772262386,"Transport, lysosomal"
PCHOL_HStn,0.49130393316420257,0,9.922607903363504,3.384683363963904,"Transport, nuclear"
CHOLPtn,-0.49130393316420257,0,-9.922607903363504,-3.384683363963904,"Transport, nuclear"
PHCRMter,0.3322989683110162,0,3.23282046530115,1.6201750592686324,"Transport, endoplasmic reticular"
SPHINGStn,0.6271596861348017,0,12.359950334201159,2.8321054173290583,"Transport, nuclear"
DHCRMter,-0.39778274939610314,0,6.361095038972228,14.76448724082262,"Transport, endoplasmic reticular"
PHSPHINGStr,0.3322989683110162,0,3.23282046530115,1.6201750592686324,"Transport, endoplasmic reticular"
sink_34dhpac[c],-1,0,NA,52.95488482284956,Exchange/demand reaction
34DHPEt,0.5045360168195517,0,-237.99403281577415,-722.6975245727539,"Transport, extracellular"
EX_34dhpe[c],-0.5045360168195517,0,237.99403281577415,722.6975245727539,Exchange/demand reaction
DM_sphs1p[n],0.6271596861348017,0,12.359950334201159,2.8321054173290583,Exchange/demand reaction
Rtotalter,0.488599573924331,0,-16.30351597719621,-47.45675932137724,"Transport, endoplasmic reticular"
GD1Btl,0.6313308449732395,0,17.948441787839222,4.056220041666796,"Transport, lysosomal"
DM_pail35p_hs[n],0.951857110625609,0,658.9036441864014,16.251971047348622,Exchange/demand reaction
DM_pcreat[c],0.3473829065182575,0,64.38930828256645,31.187543659178075,Exchange/demand reaction
DM_15HPET[x],0.507220111806586,0,3.9443011103472125,1.2895742598792233,Exchange/demand reaction
EX_CE5026[e],1,0,264.8369362400055,NA,Miscellaneous
EX_5cysgly34dhphe[e],-1.0102403689058903,0,-260.0902263092041,1.3249260672605174,Miscellaneous
EX_ga1_hs[e],-1,0,-32.60873975039832,NA,Miscellaneous
EX_gm2_hs[e],-0.7050046018787122,0,-58.883129274417456,-10.187803683224134,Miscellaneous
HMR_0003,0.6927740207883903,0,207.40858103141227,37.64312520261188,Glycerophospholipid metabolism
HMR_0170,0.5926143174664924,0,3.0051607389643977,0.768710569369642,"Transport, extracellular"
HMR_0171,0.5926143174664924,0,3.0051607389643977,0.768710569369642,Fatty acid synthesis
HMR_0172,0.592614317466512,0,3.0051607389643977,0.7687105693695954,"Transport, mitochondrial"
HMR_0176,0.3604951476335306,0,-1.8851754437994863,-4.0105591603194615,"Transport, extracellular"
HMR_0177,0.3522406500017927,0,4.945861582911403,2.3691996569719658,Fatty acid synthesis
HMR_0178,0.3522406500017927,0,4.945861582911403,2.3691996569719658,"Transport, mitochondrial"
HMR_0180,0.45795097300865656,0,9.093741368558735,3.3809461029859493,Fatty acid synthesis
HMR_0182,-0.43489335080319796,0,-21.81310148103101,-8.590693294128938,"Transport, mitochondrial"
HMR_0188,0.6210154318069577,0,4.154215107899357,0.971232838353225,Fatty acid synthesis
HMR_0189,0.7360854714884558,0,15.173175776059628,2.306580866394969,Fatty acid oxidation
HMR_0192,0.5181876735946642,0,3.155755967253896,1.001511308908222,Fatty acid synthesis
HMR_0193,0.5181876735946642,0,3.155755967253896,1.001511308908222,Fatty acid oxidation
HMR_0197,0.5709652196106215,0,33.09401928023863,9.038064698605018,Fatty acid oxidation
HMR_0200,0.34538125030778005,0,7.634771167914762,3.714831282941709,Fatty acid synthesis
HMR_0201,-0.8872425129953598,0,7.224555006559803,120.91868760157834,Fatty acid oxidation
HMR_0230,0.6239069223342171,0,74.79598156778906,17.32257589272931,Fatty acid oxidation
HMR_0241,0.6017297050468372,0,3.392361258072858,0.8435110584409445,Fatty acid synthesis
HMR_0242,0.6017297050468372,0,3.392361258072858,0.8435110584409445,Fatty acid oxidation
HMR_0245,0.5417028215828514,0,3.997081902713257,1.1882000423628916,Fatty acid synthesis
HMR_0246,0.5417028215828514,0,3.997081902713257,1.1882000423628916,Fatty acid oxidation
HMR_0253,0.4970677707782806,0,4.58347775368751,1.5397958123511168,"Transport, extracellular"
HMR_0255,0.47977871935664484,0,2.9568573773662954,1.0394933454658748,Fatty acid synthesis
HMR_0256,0.47977871935664484,0,2.9568573773662954,1.0394933454658748,Fatty acid oxidation
HMR_0259,0.5787755120862854,0,3.596325189432408,0.9595159189465984,Fatty acid synthesis
HMR_0260,0.49177173775615934,0,9.172290548897136,3.124886447757311,Fatty acid oxidation
HMR_0261,0.517900465691213,0,3.344087084720561,1.0621136646780491,"Transport, extracellular"
HMR_0267,0.5667385315238754,0,3.418153081681316,0.9452464427520012,Fatty acid synthesis
HMR_0268,0.842952936967385,0,85.22519717887045,7.262457247194467,Fatty acid oxidation
HMR_0270,0.5109278619128723,0,4.096756507798939,1.3260788387044247,"Transport, extracellular"
HMR_0271,-0.9677453910992528,0,1.9084853514256204,116.43028336831625,Fatty acid synthesis
HMR_0272,-0.9677453910992533,0,1.908485351425593,116.43028336831625,Fatty acid oxidation
HMR_0273,0.5109278619128723,0,4.096756507798939,1.3260788387044247,"Transport, extracellular"
HMR_0276,0.7099618912568753,0,8.025449840681032,1.3612503913131164,Fatty acid oxidation
HMR_0280,0.6777435920986931,0,8.68875279937922,1.6689119120805804,Fatty acid oxidation
HMR_0287,0.38097469051389177,0,7.871768868603275,3.528539801317407,"Transport, extracellular"
HMR_0289,0.46143784583207176,0,3.9430705818473872,1.4530816980361194,Fatty acid synthesis
HMR_0290,0.46143784583207176,0,3.9430705818473872,1.4530816980361194,Fatty acid oxidation
HMR_0292,0.9443134037838626,0,323.5681234963417,9.26723408195821,"Transport, extracellular"
HMR_0305,0.4173527070435871,0,1.8912595844187134,0.7774615814844925,Fatty acid synthesis
HMR_0306,0.4173527070435871,0,1.8912595844187134,0.7774615814844925,Fatty acid oxidation
HMR_0309,0.3728901429502312,0,7.69453035160572,3.5147137253759806,Fatty acid synthesis
HMR_0310,0.5042596898555917,0,4.163203774742319,1.372015712714644,Fatty acid oxidation
HMR_0321,0.3365926917801624,0,5.508106793016615,2.7339056418719143,"Transport, extracellular"
HMR_0327,0.48851533393630875,0,4.391568954059078,1.5090339540020445,Fatty acid synthesis
HMR_0328,0.48851533393630875,0,4.391568954059078,1.5090339540020445,Fatty acid oxidation
HMR_0350,0.8900005734880002,0,22.435456304506026,1.305760094281983,Fatty acid oxidation
HMR_0358,0.6531787555367774,0,6.998780779737185,1.4682779170880382,Fatty acid oxidation
HMR_0362,0.5558607579973107,0,29.604188330894804,8.450873060332821,Fatty acid oxidation
HMR_0366,0.5563358220261336,0,12.943997546406981,3.6899414315646104,Fatty acid oxidation
HMR_0367,0.5308603282416631,0,7.801747292797095,2.3908838034154964,"Transport, extracellular"
HMR_0385,0.4542024200434722,0,2.960847714946523,1.1112782478998473,Fatty acid synthesis
HMR_0386,0.4542024200434722,0,2.960847714946523,1.1112782478998473,Fatty acid oxidation
HMR_0390,0.5185402888207397,0,5.328592977713142,1.6894532564782392,Fatty acid oxidation
HMR_0394,0.3820714472192694,0,10.35029199766499,4.62764856899645,Fatty acid oxidation
HMR_0398,0.8354969443945949,0,292.51103488044737,26.21576635313006,Fatty acid oxidation
HMR_0406,0.5903062643551172,0,11.20075652602521,2.885532105387824,Fatty acid oxidation
HMR_0414,0.359138108516136,0,9.70919344100866,4.578086681846331,Fatty acid oxidation
HMR_0419,0.47733839165117453,0,6.272395919323797,2.219085727360194,"Transport, extracellular"
HMR_0430,0.42728500133388464,0,2.8232188238637685,1.132849965796739,Fatty acid oxidation
HMR_0482,-0.4065306071144796,0,243.94519232914448,578.1534542179107,Glycerophospholipid metabolism
HMR_0582,0.42045375195381807,0,4.2067170605138875,1.7163438694566882,Glycerophospholipid metabolism
HMR_0597,0.5356635742404634,0,5.202284757149154,1.5730074935929332,Glycerophospholipid metabolism
HMR_0625,0.5356635742404634,0,5.202284757149154,1.5730074935929332,Glycerophospholipid metabolism
HMR_0629,0.5356635742404634,0,5.202284757149154,1.5730074935929332,Glycerophospholipid metabolism
HMR_0750,0.3656772505754142,0,84.84936913682222,39.41039882968934,Sphingolipid metabolism
HMR_0758,0.35986988958965754,0,86.77215318819731,40.846163611773775,Sphingolipid metabolism
HMR_0761,0.3941227047133585,0,7.2309227301459895,3.14251528316392,Sphingolipid metabolism
HMR_0770,-0.37536793293592774,0,-311.1984186508894,-141.33273493881225,"Transport, extracellular"
HMR_0793,0.5303834195552807,0,8.048740334367775,2.4698528907296144,Glycosphingolipid metabolism
HMR_0795,0.7470934486251799,0,19.307353137936328,2.7949026436644115,Sphingolipid metabolism
HMR_0803,0.49982514057331984,0,20.760253795534187,6.923311753444967,Glycosphingolipid metabolism
HMR_0807,0.391221104339325,0,32.48904816485522,14.216753038877808,Glycosphingolipid metabolism
HMR_0808,0.47918370088662937,0,26.83843179765819,9.449734143558056,Glycosphingolipid metabolism
HMR_0810,0.7498353979775624,0,21.109540313242476,3.0179180038547972,Glycosphingolipid metabolism
HMR_0811,0.7498353979775624,0,21.109540313242476,3.0179180038547972,Glycosphingolipid metabolism
HMR_0816,0.8137554592449823,0,50.822257320813925,5.218657193615564,Glycosphingolipid metabolism
HMR_0819,0.6852321036003934,0,60.62193502166569,11.322973803831642,Glycosphingolipid metabolism
HMR_0822,0.36256593645499957,0,3.749620099964378,1.7541430569508745,Glycosphingolipid metabolism
HMR_0830,0.47828188397005084,0,32.591878229373854,11.50238901801419,Glycosphingolipid metabolism
HMR_0831,-0.40719636000415754,0,-37.72221517051067,-15.891077533571114,"Transport, lysosomal"
HMR_0835,0.4987759668154959,0,7.681757058241668,2.5689504902165283,Glycosphingolipid metabolism
HMR_0836,0.4987759668154959,0,7.681757058241668,2.5689504902165283,Glycosphingolipid metabolism
HMR_0842,-1,0,NA,3.6316016280945123,Glycosphingolipid metabolism
HMR_0843,0.7186604325667877,0,22.184899486393228,3.6316016280945123,Glycosphingolipid metabolism
HMR_0844,0.43399064709453217,0,5.29057039863223,2.088237000637317,Glycosphingolipid metabolism
HMR_0846,0.6350251038144415,0,5.733624353413812,1.2798757329610317,Glycosphingolipid metabolism
HMR_0847,0.44001548582051403,0,11.059588922479266,4.300786061512749,Glycosphingolipid metabolism
HMR_0855,0.5847565679299759,0,8.315280598872455,2.178798765927344,Glycosphingolipid metabolism
HMR_0867,0.44588804868376186,0,6.329967583615537,2.425852190090884,Glycosphingolipid metabolism
HMR_0870,0.44588804868376186,0,6.329967583615537,2.425852190090884,Glycosphingolipid metabolism
HMR_0889,0.4227183912462625,0,5.032192889068526,2.041860444367984,Glycosphingolipid metabolism
HMR_0890,0.4227183912462625,0,5.032192889068526,2.041860444367984,Glycosphingolipid metabolism
HMR_0906,0.6702711543269335,0,2.8417481722525904,0.5609905565949721,Glycosphingolipid metabolism
HMR_0907,0.6702711543269335,0,2.8417481722525904,0.5609905565949721,Glycosphingolipid metabolism
HMR_0908,0.6702711543269335,0,2.8417481722525904,0.5609905565949721,Glycosphingolipid metabolism
HMR_0909,0.6702711543269335,0,2.8417481722525904,0.5609905565949721,Glycosphingolipid metabolism
HMR_0942,0.40254799587377815,0,4.181799779362131,1.7813469958851536,Arachidonic acid metabolism
HMR_0960,0.3966836132256724,0,30.991168847233013,13.387054758696188,Arachidonic acid metabolism
HMR_0987,0.507220111806586,0,3.9443011103472125,1.2895742598792233,Arachidonic acid metabolism
HMR_1033,0.6828847549007759,0,4.567058452441625,0.8605959833618555,Arachidonic acid metabolism
HMR_1039,0.6828847549007759,0,4.567058452441625,0.8605959833618555,Arachidonic acid metabolism
HMR_1077,0.6828847549007759,0,4.567058452441625,0.8605959833618555,Arachidonic acid metabolism
HMR_1081,0.9777086705026107,0,312.4526964904785,3.521745196195626,Leukotriene metabolism
HMR_1084,0.6996211188185874,0,755.2894407897949,133.484454082492,Leukotriene metabolism
HMR_1095,-7.949857065584604,0,-425.0107910484314,547.3185700538635,"Transport, nuclear"
HMR_1129,0.8055385535668615,0,7.227582445284314,0.7784304210775201,Leukotriene metabolism
HMR_1135,-0.6285904026649228,0,-332.4328272476196,-75.81325685510807,"Transport, peroxisomal"
HMR_1242,0.6285904026649228,0,332.4328272476196,75.81325685510807,"Transport, peroxisomal"
HMR_1280,-4.51931094482993,0,-91.55505944291615,143.58516469827347,Leukotriene metabolism
HMR_1317,1,0,NA,-5.783700635248772,Eicosanoid metabolism
HMR_1321,1.0329176607875314,0,9.164287076520326,-565.9649136867523,Eicosanoid metabolism
HMR_1325,-0.3842212287817774,0,293.6051785569012,660.0008640029907,Eicosanoid metabolism
HMR_1329,1.0685584086529885,0,3.4597022410065863,-104.38684769206345,Eicosanoid metabolism
HMR_1331,-1.7558727482579901,0,-72.88415906733228,265.7318552841984,"Transport, endoplasmic reticular"
HMR_1388,0.47565211470026203,0,5.5913764253627996,1.986800530658482,Eicosanoid metabolism
HMR_1390,0.41675543844563934,0,6.191846405873825,2.5490360892264823,Eicosanoid metabolism
HMR_1392,0.41675543844563934,0,6.191846405873825,2.5490360892264823,"Transport, endoplasmic reticular"
HMR_1558,0.5773205639926865,0,7.31978557805915,1.9615054228398774,Cholesterol metabolism
HMR_1620,-0.8931945305549304,0,-123.99532272129059,-6.995255077331364,"Transport, mitochondrial"
HMR_1623,1.1020989956737843,0,128.04342870381325,-6.21907222266515,"Transport, peroxisomal"
HMR_1631,-7.173508479011185,0,-2.7127833568140423,3.591629920655986,"Transport, endoplasmic reticular"
HMR_1637,0.45104030194290673,0,7.4146244722827,2.8051116196159236,Bile acid synthesis
HMR_1665,1,0,40.88881419336423,NA,"Transport, peroxisomal"
HMR_1666,0.474944538345694,0,39.35077730010413,14.008215227493116,"Transport, mitochondrial"
HMR_1735,-0.33657070387941596,0,2.4979969145227985,5.032562646623762,Bile acid synthesis
HMR_1737,-0.33657070387941596,0,2.4979969145227985,5.032562646623762,Bile acid synthesis
HMR_1739,0.39612183742666307,0,2.6487645703848943,1.1456959120427812,Bile acid synthesis
HMR_1740,0.39612183742666307,0,2.6487645703848943,1.1456959120427812,Bile acid synthesis
HMR_1742,0.39612183742666307,0,2.6487645703848943,1.1456959120427812,Bile acid synthesis
HMR_1744,0.39612183742666307,0,2.6487645703848943,1.1456959120427812,"Transport, mitochondrial"
HMR_1746,0.39612183742666307,0,2.6487645703848943,1.1456959120427812,Bile acid synthesis
HMR_1748,0.39612183742666307,0,2.6487645703848943,1.1456959120427812,Bile acid synthesis
HMR_1750,0.39612183742666307,0,2.6487645703848943,1.1456959120427812,Bile acid synthesis
HMR_1752,0.39612183742666307,0,2.6487645703848943,1.1456959120427812,"Transport, mitochondrial"
HMR_1754,0.39612183742666307,0,2.6487645703848943,1.1456959120427812,Bile acid synthesis
HMR_1758,0.39612183742666307,0,2.6487645703848943,1.1456959120427812,"Transport, peroxisomal"
HMR_1760,0.39612183742666135,0,2.6487645703848837,1.1456959120427812,Bile acid synthesis
HMR_1767,0.5295594583403757,0,5.578731104900237,1.7158282199832182,Bile acid synthesis
HMR_1768,0.5295594583403757,0,5.578731104900237,1.7158282199832182,Bile acid synthesis
HMR_1770,0.5295594583403757,0,5.578731104900237,1.7158282199832182,Bile acid synthesis
HMR_1781,0.5726416140325089,0,6.956262225147891,1.8903334175947717,Bile acid synthesis
HMR_1783,0.5726416140325089,0,6.956262225147891,1.8903334175947717,Bile acid synthesis
HMR_1807,-0.421343031943418,0,-12.780114110880275,-5.203038194592224,Bile acid synthesis
HMR_1847,0.35412713099774007,0,2.441329368371468,1.1644315863959946,Bile acid synthesis
HMR_1916,-0.46011188551772986,0,76.88204241499808,207.92527359241097,"Transport, golgi apparatus"
HMR_1927,0.3840600081327009,0,3.188910141872865,1.4191417101204173,Steroid metabolism
HMR_1928,0.3840600081330993,0,3.188910141875845,1.4191417101204173,Steroid metabolism
HMR_1929,0.3840600081330993,0,3.188910141875845,1.4191417101204173,Steroid metabolism
HMR_1968,-0.5450947367946879,0,106.17372178909778,360.621149041748,Androgen and estrogen synthesis and metabolism
HMR_1971,-0.5450947367946879,0,106.17372178909778,360.621149041748,Androgen and estrogen synthesis and metabolism
HMR_1976,-0.6178248512174563,0,57.42139411481991,243.07639752726556,Androgen and estrogen synthesis and metabolism
HMR_1988,0.36747938683614706,0,5.341201119402493,2.470545325653767,Steroid metabolism
HMR_1989,0.6159677445926437,0,3.5243066999362447,0.8375460805159528,Steroid metabolism
HMR_1991,0.36136392682099194,0,7.996306158592063,3.751186192354461,Steroid metabolism
HMR_1996,-0.9746087193965237,0,4.683964544042841,364.2587931837082,Steroid metabolism
HMR_2007,0.6085626750367006,0,11.121638601737228,2.7064064901128355,Steroid metabolism
HMR_2014,-0.3667928901788666,0,270.6056311372757,584.108812020874,Androgen and estrogen synthesis and metabolism
HMR_2016,-0.4677712366507479,0,168.3987652813159,464.40718914175034,Androgen and estrogen synthesis and metabolism
HMR_2029,0.48160676627961624,0,6.7808643586179445,2.3725284483614835,Androgen and estrogen synthesis and metabolism
HMR_2190,0.7858851436247903,0,26.016703920898586,3.119216733094631,Fatty acid synthesis
HMR_2193,0.7858851436247903,0,26.016703920898586,3.119216733094631,Fatty acid synthesis
HMR_2210,0.4040178615117576,0,11.964034711277648,5.0785329643152135,Fatty acid synthesis
HMR_2281,0.5193906621120025,0,12.200892573623474,3.8593516780607318,Fatty acid synthesis
HMR_2282,0.4067176597658729,0,2.371757680096064,1.0002873975079345,Fatty acid synthesis
HMR_2284,0.4290152045341965,0,4.66379961724625,1.8634921882548223,Fatty acid synthesis
HMR_2287,0.4307372571871079,0,4.863534195493535,1.9351063949604466,Fatty acid synthesis
HMR_2294,-0.36212580065482236,0,2.719807188478528,5.8079156486282235,Fatty acid synthesis
HMR_2295,-0.8518186327660675,0,16.000064176840947,199.95237944694867,Fatty acid synthesis
HMR_2296,-0.9153389078301136,0,5.256071397197939,118.91127070726654,Fatty acid synthesis
HMR_2332,-0.6482715760617771,0,4.0234152393809435,18.854549494499135,Fatty acid synthesis
HMR_2334,-0.6482715760617771,0,4.0234152393809435,18.854549494499135,Fatty acid synthesis
HMR_2336,-0.6482715760617771,0,4.0234152393809435,18.854549494499135,Fatty acid synthesis
HMR_2338,-0.6482715760617771,0,4.0234152393809435,18.854549494499135,Fatty acid synthesis
HMR_2342,-0.9515574024206678,0,5.073593194550789,204.39466193945626,Fatty acid synthesis
HMR_2343,-0.9515574024206678,0,5.073593194550789,204.39466193945626,Fatty acid synthesis
HMR_2344,-0.9515574024206678,0,5.073593194550789,204.39466193945626,Fatty acid synthesis
HMR_2345,-0.9515574024206678,0,5.073593194550789,204.39466193945626,Fatty acid synthesis
HMR_2365,0.45157449232246333,0,2.798213727910738,1.0572049815124398,Fatty acid synthesis
HMR_2368,0.5910783763412469,0,36.76686596353054,9.449419180231553,Fatty acid synthesis
HMR_2374,0.5819387105176427,0,51.870290485193024,13.707838604549021,Fatty acid synthesis
HMR_2376,0.5819387105176427,0,51.870290485193024,13.707838604549021,Fatty acid synthesis
HMR_2380,0.8270472145497401,0,15.958451991915213,1.5106663371894173,Fatty acid synthesis
HMR_2391,0.5627890894492635,0,18.702133108597437,5.232169011707464,Fatty acid synthesis
HMR_2395,0.5207608287100137,0,6.109458539401764,1.9252809463385616,Fatty acid synthesis
HMR_2472,0.41711122396766837,0,13.790195580696041,5.67220842466616,Fatty acid synthesis
HMR_2484,0.644858646552013,0,7.251615189889662,1.5656958964953585,Fatty acid synthesis
HMR_2571,-0.8042293387079891,0,-14.798247389087093,-1.6057064449461542,Fatty acid synthesis
HMR_2585,0.3391925097467474,0,3.091358261822652,1.5253913680080193,"Transport, nuclear"
HMR_2602,0.5450331387077049,0,71.14888131289035,20.95125496302232,Fatty acid oxidation
HMR_2603,0.5450331387077049,0,71.14888131289035,20.95125496302232,"Transport, mitochondrial"
HMR_2604,-0.5450331387077049,0,-71.14888131289035,-20.95125496302232,"Transport, mitochondrial"
HMR_2608,-1.5100303328994849,0,-53.52802484877538,263.42936363571573,Fatty acid oxidation
HMR_2609,-1.5100303328994849,0,-53.52802484877538,263.42936363571573,"Transport, mitochondrial"
HMR_2610,1.5100303328994849,0,53.52802484877538,-263.42936363571573,"Transport, mitochondrial"
HMR_2611,1.2503858550003113,0,12.611108740201999,-113.3445047236638,Fatty acid oxidation
HMR_2612,3.04517127067193,0,88.34561948716994,-44.66607487669161,"Transport, mitochondrial"
HMR_2613,-0.3330455667524593,0,-3.256975307730628,-1.6295422862106062,"Transport, mitochondrial"
HMR_2620,0.6432397293545704,0,2.510913377668016,0.545139044645616,Fatty acid oxidation
HMR_2621,-0.6432397293561799,0,-2.5109133776679693,-0.5451390446426124,"Transport, mitochondrial"
HMR_2622,-0.6432397293561799,0,-2.5109133776679693,-0.5451390446426124,"Transport, mitochondrial"
HMR_2624,1.0058313917067545,0,1.0603868637342349,-364.7426490262807,"Transport, mitochondrial"
HMR_2633,0.4307372571871079,0,4.863534195493535,1.9351063949604466,Fatty acid oxidation
HMR_2635,-0.568881538181063,0,32.06525472288118,116.68854527721295,"Transport, mitochondrial"
HMR_2644,-1.0716211275367382,0,-2.243668424081927,64.89748305248283,"Transport, mitochondrial"
HMR_2655,-1.0204851560475976,0,-8.188165236187364,807.6124134246826,"Transport, mitochondrial"
HMR_2657,-0.840785639382641,0,10.517762873171316,121.60301859890612,Fatty acid oxidation
HMR_2659,-0.5762491691977905,0,-2.2329942559107896,-0.6003068484409292,"Transport, mitochondrial"
HMR_2660,-1.016382553216355,0,-1.6257906731430702,200.10409276344086,Fatty acid oxidation
HMR_2661,-1.016382553216401,0,-1.6257906731475813,200.10409276343995,"Transport, mitochondrial"
HMR_2662,1.016382553216401,0,1.6257906731475813,-200.10409276343995,"Transport, mitochondrial"
HMR_2666,-2.0296160906716083,0,-65.80697991950177,193.6351685341077,Fatty acid oxidation
HMR_2667,-3.548020921415454,0,-323.3500406322479,577.1548959335328,"Transport, mitochondrial"
HMR_2673,-2.197278829859431,0,-141.0947538364053,376.78714280643464,"Transport, mitochondrial"
HMR_2679,-1.0082125615063813,0,-2.4933472102280154,609.6966438407898,"Transport, mitochondrial"
HMR_2681,-0.9515574024206678,0,5.073593194550789,204.39466193945626,Fatty acid oxidation
HMR_2682,0.9515574024206678,0,-5.073593194550789,-204.39466193945626,"Transport, mitochondrial"
HMR_2683,0.9515574024206678,0,-5.073593194550789,-204.39466193945626,"Transport, mitochondrial"
HMR_2684,0.9741538684538434,0,322.9795586210251,4.228531672344565,Fatty acid oxidation
HMR_2685,-0.9741538684526564,0,-322.9795586210251,-4.228531672541283,"Transport, mitochondrial"
HMR_2686,-0.9741538684526564,0,-322.9795586210251,-4.228531672541283,"Transport, mitochondrial"
HMR_2693,0.45157449232246333,0,2.798213727910738,1.0572049815124398,Fatty acid oxidation
HMR_2695,0.45157449232246333,0,2.798213727910738,1.0572049815124398,"Transport, mitochondrial"
HMR_2697,-0.45157449232246333,0,-2.798213727910738,-1.0572049815124398,"Transport, mitochondrial"
HMR_2702,0.5396318933994719,0,-47.95318025579601,-160.3721992319107,Fatty acid oxidation
HMR_2703,0.5255724026906574,0,-32.42997329203964,-104.28202860651017,"Transport, mitochondrial"
HMR_2704,-0.5255724026906574,0,32.42997329203964,104.28202860651017,"Transport, mitochondrial"
HMR_2711,-2.9356104216194088,0,-39.35731464295681,80.02388081077989,Fatty acid oxidation
HMR_2712,-7.314949277757894,0,-50.83387490264513,66.93341035946627,"Transport, mitochondrial"
HMR_2713,7.314949277757894,0,50.83387490264513,-66.93341035946627,"Transport, mitochondrial"
HMR_2715,-1.277117406234177,0,-439.2104278204322,53.45040805334942,"Transport, mitochondrial"
HMR_2718,1.0520296406752045,0,9.183025272272292,-362.17509491186144,"Transport, mitochondrial"
HMR_2722,-4.4632817944501095,0,-241.1109941619873,152.84500194942356,"Transport, mitochondrial"
HMR_2731,-0.7246625793297078,0,-282.1023900513649,-45.0368352468431,"Transport, mitochondrial"
HMR_2744,-1.2383671201773863,0,-28.4582255958762,267.23466065704025,"Transport, mitochondrial"
HMR_2748,-0.9212778257296778,0,7.2891847339897655,177.89840190353394,"Transport, mitochondrial"
HMR_2753,0.6483248888434751,0,-29.547493184874977,-138.49108701322078,"Transport, mitochondrial"
HMR_2757,-1.0122789517707331,0,-4.232906191955713,693.6901613372803,"Transport, mitochondrial"
HMR_2760,-0.5319995707787022,0,223.51088668741622,731.6629667182922,"Transport, mitochondrial"
HMR_2764,-0.8892179294234234,0,34.56611923696489,589.4720316490411,"Transport, mitochondrial"
HMR_2817,0.47395395307393123,0,42.36748822734356,15.120723177071287,"Transport, endoplasmic reticular"
HMR_2819,-0.47395395307393123,0,-42.36748822734356,-15.120723177071287,"Transport, endoplasmic reticular"
HMR_2851,0.566471866339421,0,-15.52320696200435,-56.090170610201355,"Transport, endoplasmic reticular"
HMR_2852,-0.566471866339421,0,15.52320696200435,56.090170610201355,"Transport, endoplasmic reticular"
HMR_2884,1.8826928919079962,0,273.11096567427813,-83.62774570247494,"Transport, endoplasmic reticular"
HMR_2886,-1.8826928919079962,0,-273.11096567427813,83.62774570247494,"Transport, endoplasmic reticular"
HMR_2888,0.6661162632189306,0,384.09642311418054,76.97154866362042,"Transport, endoplasmic reticular"
HMR_2890,-0.6661162632189306,0,-384.09642311418054,-76.97154866362042,"Transport, endoplasmic reticular"
HMR_2965,0.44952470340866507,0,2.716702720852166,1.0317021382904725,Fatty acid synthesis
HMR_2978,0.6128096163290381,0,4.0177076861036385,0.9645390036804385,Fatty acid synthesis
HMR_2989,0.41580204143737876,0,2.3733825619036826,0.9793214072107139,Fatty acid synthesis
HMR_2990,0.3890445149625358,0,2.00827955801315,0.8833189996721172,Fatty acid synthesis
HMR_3021,0.4948958451268464,0,2.059712583917595,0.6959477393510434,"Transport, peroxisomal"
HMR_3023,-0.6482715760617771,0,4.0234152393809435,18.854549494499135,"Transport, peroxisomal"
HMR_3053,0.4948958451268464,0,2.059712583917595,0.6959477393510434,Fatty acid oxidation
HMR_3066,0.43626621204804905,0,9.59105912850665,3.7644860316489233,Fatty acid oxidation
HMR_3067,0.43626621204804905,0,9.59105912850665,3.7644860316489233,Fatty acid oxidation
HMR_3068,0.43626621204804905,0,9.59105912850665,3.7644860316489233,Fatty acid oxidation
HMR_3069,0.4362662120493311,0,9.59105912850665,3.7644860316370026,Fatty acid oxidation
HMR_3070,-0.4075130377561199,0,4.744095103320485,11.270080416605017,Fatty acid oxidation
HMR_3071,-0.40751303775391456,0,4.744095103320485,11.270080416545412,Fatty acid oxidation
HMR_3072,-0.40751303775391456,0,4.744095103320485,11.270080416545412,Fatty acid oxidation
HMR_3073,-0.40751303775391456,0,4.744095103320485,11.270080416545412,Fatty acid oxidation
HMR_3074,0.4017408001552885,0,17.2551895085208,7.364468429108217,Fatty acid oxidation
HMR_3075,0.4017408001552885,0,17.2551895085208,7.364468429108217,Fatty acid oxidation
HMR_3076,0.4017408001552885,0,17.2551895085208,7.364468429108217,Fatty acid oxidation
HMR_3107,-0.5255724026906574,0,32.42997329203964,104.28202860651017,Fatty acid oxidation
HMR_3108,-0.5255724026906574,0,32.42997329203964,104.28202860651017,Fatty acid oxidation
HMR_3109,-0.5255724026906574,0,32.42997329203964,104.28202860651017,Fatty acid oxidation
HMR_3110,-0.5255724026906574,0,32.42997329203964,104.28202860651017,Fatty acid oxidation
HMR_3116,-0.44782223136073657,0,18.30456229986895,47.99496419130815,Fatty acid oxidation
HMR_3117,-0.44782223136073657,0,18.30456229986895,47.99496419130815,Fatty acid oxidation
HMR_3118,-0.44782223136073657,0,18.30456229986895,47.99496419130815,Fatty acid oxidation
HMR_3121,0.6485820797139588,0,23.36918917225542,4.981463743139789,Fatty acid oxidation
HMR_3142,0.6824849499629887,0,26.974440138637956,5.090560073377419,Fatty acid oxidation
HMR_3156,-0.44915738495295576,0,39.962003635394716,105.13208510711044,Fatty acid oxidation
HMR_3222,0.9562066043171762,0,326.4263229856491,7.307672457628609,Fatty acid oxidation
HMR_3223,0.9562066043171762,0,326.4263229856491,7.307672457628609,Fatty acid oxidation
HMR_3224,0.9562066043171762,0,326.4263229856491,7.307672457628609,Fatty acid oxidation
HMR_3225,0.9562066043171762,0,326.4263229856491,7.307672457628609,Fatty acid oxidation
HMR_3229,-0.4985915825822442,0,41.4165710890125,123.78436950271944,Fatty acid oxidation
HMR_3240,-0.9515574024206678,0,5.073593194550789,204.39466193945626,Fatty acid oxidation
HMR_3241,-0.9515574024206678,0,5.073593194550789,204.39466193945626,Fatty acid oxidation
HMR_3242,-0.9515574024206678,0,5.073593194550789,204.39466193945626,Fatty acid oxidation
HMR_3243,-0.9515574024206678,0,5.073593194550789,204.39466193945626,Fatty acid oxidation
HMR_3296,0.515915616533622,0,23.83007217449031,7.609767767236126,Fatty acid oxidation
HMR_3321,-0.5773495231651927,0,18.338302564572032,68.43932372325798,Fatty acid oxidation
HMR_3326,-0.6482715760617771,0,4.0234152393809435,18.854549494499135,Fatty acid oxidation
HMR_3327,-0.6482715760617771,0,4.0234152393809435,18.854549494499135,Fatty acid oxidation
HMR_3328,-0.6482715760617771,0,4.0234152393809435,18.854549494499135,Fatty acid oxidation
HMR_3329,-0.6482715760617771,0,4.0234152393809435,18.854549494499135,Fatty acid oxidation
HMR_3398,0.3330455667524593,0,3.256975307730628,1.6295422862106062,Fatty acid oxidation
HMR_3406,0.5762491691977905,0,2.2329942559107896,0.6003068484409292,Fatty acid oxidation
HMR_3409,0.37972343340107084,0,1.2622784231306592,0.5674772983027222,Fatty acid oxidation
HMR_3414,0.45157449232246333,0,2.798213727910738,1.0572049815124398,Fatty acid oxidation
HMR_3428,0.39020667495503203,0,2.3492426091847896,1.0304600659743248,Fatty acid oxidation
HMR_3446,-0.7089797781366817,0,9.457796382013289,55.539723869038376,Fatty acid synthesis
HMR_3447,-0.7089797781366817,0,9.457796382013289,55.539723869038376,Fatty acid synthesis
HMR_3448,0.5134051208056413,0,10.220224891924984,3.286039559571496,Fatty acid synthesis
HMR_3449,-0.4986733098219512,0,19.678021276511856,58.82576342931781,Fatty acid synthesis
HMR_3450,-0.4986733098219512,0,19.678021276511856,58.82576342931781,Fatty acid synthesis
HMR_3451,-0.4986733098219512,0,19.678021276511856,58.82576342931781,Fatty acid synthesis
HMR_3452,0.6317255957946771,0,8.001339445024321,1.8058725833284464,Fatty acid synthesis
HMR_3453,0.6317255957946771,0,8.001339445024321,1.8058725833284464,Fatty acid synthesis
HMR_3454,0.6317255957946771,0,8.001339445024321,1.8058725833284464,Fatty acid synthesis
HMR_3455,-0.6317255957946771,0,-8.001339445024321,-1.8058725833284464,Fatty acid synthesis
HMR_3456,0.6317255957946771,0,8.001339445024321,1.8058725833284464,Fatty acid synthesis
HMR_3457,0.6317255957946771,0,8.001339445024321,1.8058725833284464,Fatty acid synthesis
HMR_3491,0.44620333527003053,0,4.1911970510344885,1.6049409453585586,Fatty acid oxidation
HMR_3505,0.6281374768570552,0,7.827956953259796,1.7878857682907545,Fatty acid oxidation
HMR_3522,0.7079888624988988,0,11.518236794336396,1.9692478693334443,Fatty acid oxidation
HMR_3645,0.44952470340866507,0,2.716702720852166,1.0317021382904725,Cholesterol metabolism
HMR_3653,-0.5552036466798937,0,16.557192982080696,57.89122755236104,Cholesterol metabolism
HMR_3658,0.6128096163290381,0,4.0177076861036385,0.9645390036804385,Cholesterol metabolism
HMR_3669,0.41580204143737876,0,2.3733825619036826,0.9793214072107139,Cholesterol metabolism
HMR_3670,0.3890445149625358,0,2.00827955801315,0.8833189996721172,Cholesterol metabolism
HMR_3679,0.6029141488594629,0,3.92894108602503,0.9733065968226478,Cholesterol metabolism
HMR_3704,0.44952470340866507,0,2.716702720852166,1.0317021382904725,Cholesterol metabolism
HMR_3712,-0.5552036466798937,0,16.557192982080696,57.89122755236104,Cholesterol metabolism
HMR_3717,0.6128096163290381,0,4.0177076861036385,0.9645390036804385,Cholesterol metabolism
HMR_3728,0.41580204143737876,0,2.3733825619036826,0.9793214072107139,Cholesterol metabolism
HMR_3729,0.3890445149625358,0,2.00827955801315,0.8833189996721172,Cholesterol metabolism
HMR_3738,0.6029141488594629,0,3.92894108602503,0.9733065968226478,Cholesterol metabolism
HMR_3855,0.6711854342285039,0,253.47139542760848,49.871836551459786,Pyruvate metabolism
HMR_3864,0.3868878359029748,0,67.0020329209555,29.620103615892585,"Transport, mitochondrial"
HMR_3915,-0.34344876963823334,0,212.41428736963272,434.6465284408569,Methionine and cysteine metabolism
HMR_4078,0.5574242902884827,0,43.54622380803572,12.374598898498055,Beta-Alanine metabolism
HMR_4079,0.3757949798418782,0,29.510960809681286,13.389269591032948,Beta-Alanine metabolism
HMR_4124,0.3897094278163961,0,2.5167612867821414,1.1052351340619542,Aminosugar metabolism
HMR_4182,0.5299923421021805,0,162.78614257364273,50.00726572535262,Pyrimidine synthesis
HMR_4263,1,0,5.928037868640453,NA,NAD metabolism
HMR_4592,0.730346053677901,0,412.0168017745972,64.20794055234194,Pentose phosphate pathway
HMR_4700,-3.219253721293982,0,-51.49599265522733,27.08599218745064,"Glycine, serine, alanine, and threonine metabolism"
HMR_4771,-0.80825305009053106,0,-27.67996864053011,-2.935180759211589,Heme synthesis
HMR_4964,0.4194169823995753,0,16.718119650665557,6.838199398586588,"Transport, mitochondrial"
HMR_5301,-0.3310479454697413,0,11.048649669209786,21.984060506015553,Purine synthesis
HMR_5387,0.5853513192604864,0,14.892502608137791,3.895134462848655,Methionine and cysteine metabolism
HMR_5389,0.5853513192604864,0,14.892502608137791,3.895134462848655,Methionine and cysteine metabolism
HMR_6533,0.4570582695720502,0,633.6130159439086,236.1023951357126,"Transport, extracellular"
HMR_6583,-0.38095355742114856,0,6.990063414321141,15.59326130426256,Inositol phosphate metabolism
HMR_6617,0.6676850782488855,0,-13.880393883865327,-69.6571963677152,"Transport, nuclear"
HMR_6619,-0.6676850782488855,0,13.880393883865327,69.6571963677152,"Transport, nuclear"
HMR_6633,0.5904267952174966,0,15.381424047551187,3.9610871498255165,Vitamin A metabolism
HMR_6729,0.5249732898101079,0,12.934182752654902,4.028976981461472,Phenylalanine metabolism
HMR_6747,0.5167003491569884,0,8.419259071819376,2.6828140258745283,Phenylalanine metabolism
HMR_6844,0.39813994319663726,0,2.379143384588539,1.0241545415818334,Phenylalanine metabolism
HMR_6854,-0.9368561209098557,0,-22.18722964800773,-0.72333083036696455,Phenylalanine metabolism
HMR_6907,0.61751317815259,0,0.3999880931592474,0.09458357223650005,Ubiquinone synthesis
HMR_6908,0.61751317815259,0,0.3999880931592474,0.09458357223650005,Ubiquinone synthesis
HMR_6909,0.61751317815259,0,0.3999880931592474,0.09458357223650005,Ubiquinone synthesis
HMR_6910,0.61751317815259,0,0.3999880931592474,0.09458357223650005,Ubiquinone synthesis
HMR_6989,0.39683373095846386,0,397.669008927536,171.7173111675091,"Transport, extracellular"
HMR_7255,0.49175400917945883,0,0.06386069555979089,0.02175757014196183,N-glycan metabolism
HMR_7256,0.4917540092492774,0,0.6386069553639596,0.21757570129983905,N-glycan metabolism
HMR_7278,0.4518570995280231,0,5.8313025376011804,2.201585188741652,N-glycan metabolism
HMR_7328,0.5692606760940595,0,5.383260487133649,1.4776270239620326,N-glycan metabolism
HMR_7329,0.5692606760940595,0,5.383260487133649,1.4776270239620326,N-glycan metabolism
HMR_7330,0.5692606760940595,0,5.383260487133649,1.4776270239620326,"Transport, golgi apparatus"
HMR_7711,0.8246322199374532,0,28.43039222750496,2.732482040362051,"Transport, lysosomal"
HMR_7715,0.6595034323179536,0,12.604062641853746,2.5860989406971266,"Transport, lysosomal"
HMR_7720,0.44533180204192097,0,6.558160030200304,2.5167942757038966,"Transport, lysosomal"
HMR_7727,0.5440166775803953,0,12.685958605549633,3.746452766365861,"Transport, lysosomal"
HMR_7755,0.9425375339957055,0,201.51379556189255,5.961006891358827,Glycerophospholipid metabolism
HMR_7757,-1.027560020149962,0,-120.12039445598936,1.6327607857367383,"Transport, mitochondrial"
HMR_7758,0.5565462615961884,0,29.568804732581786,8.424032951869588,"Transport, mitochondrial"
HMR_7898,0.5981496335229961,0,-6.672550105579785,-26.5365777798946,"Transport, extracellular"
HMR_7947,1.275709254076186,0,44.43590872306593,-366.77480787940027,"Transport, endoplasmic reticular"
HMR_8090,-1,0,NA,6.228439187472258,"Transport, extracellular"
HMR_8287,0.3672818785706215,0,1.9837902981093822,0.9180111946205128,Blood group synthesis
HMR_8374,-0.4294755663193456,0,-4.022828717688995,-1.6055692941036643,"Transport, extracellular"
HMR_8476,0.5267623307420549,0,-170.735052853024,-550.8264962127686,"Transport, nuclear"
HMR_8505,-0.5882877410987879,0,5.736440689958594,22.129820592948793,"Transport, mitochondrial"
HMR_8510,-0.6868453509125612,0,79.26064499989003,426.9470401222229,"Transport, mitochondrial"
HMR_8585,0.9407388186727066,0,758.7769607261657,23.169536582629195,Starch and sucrose metabolism
HMR_8643,0.3409558349590442,0,456.5782855163574,224.39609650764464,Miscellaneous
HMR_8670,0.41452527228973624,0,288.13032629145385,119.2576955924511,"Transport, extracellular"
HMR_8761,0.8890467745287125,0,29.30880914681796,1.7214538853190267,Galactose metabolism
HMR_8762,0.8890467745287127,0,29.30880914681796,1.7214538853190235,Galactose metabolism
HMR_8884,0.6172918386840663,0,94.74775007753372,22.42065182898507,"Transport, extracellular"
HMR_9180,-1,0,-8.916450340711197,NA,"Transport, extracellular"
HMR_9187,0.9407388186727066,0,758.7769607261657,23.169536582629195,"Transport, extracellular"
HMR_9188,-1,0,-16.330736065494456,NA,"Transport, extracellular"
HMR_9191,-0.4063177722478338,0,83.22519388677291,197.14430345150828,"Transport, extracellular"
HMR_9590,-0.4977756727039097,0,36.58750767061044,109.11434579233416,"Transport, extracellular"
HMR_9607,0.37351960998051037,0,119.45588925570846,54.48540490230285,"Transport, extracellular"
HMR_9617,-0.6761812007542656,0,43.07956993039757,222.99250513591767,"Transport, extracellular"
HMR_9623,-0.5105156786050982,0,186.4191306387864,575.276893076706,"Transport, extracellular"
HMR_9624,-0.42952979206419206,0,188.01826730773448,471.1511851622224,"Transport, extracellular"
HMR_9628,0.6828847549007759,0,4.567058452441625,0.8605959833618555,"Transport, endoplasmic reticular"
HMR_9634,-1,0,NA,8.653159769074389,"Transport, endoplasmic reticular"
HMR_9644,0.6702711543269335,0,2.8417481722525904,0.5609905565949721,"Transport, extracellular"
HMR_9648,-0.5692606760940595,0,-5.383260487133649,-1.4776270239620326,"Transport, extracellular"
HMR_9667,-0.5692606760940595,0,-5.383260487133649,-1.4776270239620326,"Transport, golgi apparatus"
HMR_9678,0.723123498013749,0,116.05275320645161,18.647694370551502,"Transport, peroxisomal"
HMR_9719,0.3783243075591827,0,2.1920058253875943,0.9886764180668891,Fatty acid oxidation
HMR_9720,0.49175400917945883,0,0.06386069555979089,0.02175757014196183,"Transport, extracellular"
HMR_9726,0.4050342183581983,0,268.0806749649048,113.51953300463595,Folate metabolism
HMR_9801,0.3999691654557097,0,19.695817271624133,8.441684264294148,Miscellaneous
HMR_9803,0.48612721800349346,0,80.16209020918012,27.718432047685887,Propanoate metabolism
HMR_9804,-0.48612721800349346,0,-80.16209020918012,-27.718432047685887,Propanoate metabolism
HMR_9807,0.3999691654557097,0,19.695817271624133,8.441684264294148,Miscellaneous
HMR_1635,0.45104030194290673,0,7.4146244722827,2.8051116196159236,Bile acid synthesis
HMR_4772,0.80825305009053106,0,27.67996864053011,2.935180759211589,Heme synthesis
3DHCDCAS,0.5928670057000892,0,18.617804976050927,4.758666392151115,Bile acid synthesis
3DHCDCHOLabc,0.33528919061639195,0,2.425600258822253,1.2074708030389685,"Transport, extracellular"
3DHCDCHOLt2,0.33528919061639195,0,2.425600258822253,1.2074708030389685,"Transport, extracellular"
3DHDCAS,-0.6200615213822948,0,12.802521038346152,54.59007938961983,Bile acid synthesis
3DHLCAS,0.41120869179253505,0,12.535022361046272,5.229922588554525,Bile acid synthesis
CA24GSc,0.3744236843971842,0,14.351137185150991,6.531997103160306,Bile acid synthesis
CA24GSr,0.5036912620404234,0,2.9379091442687777,0.9696870736971394,Bile acid synthesis
CA24Gtr,-0.5036912620404593,0,-2.9379091442687777,-0.9696870736970463,"Transport, extracellular"
CDCA24GSc,0.92603741411608,0,109.48495418257713,4.20437851693667,Bile acid synthesis
CDCA6AH,0.4880837275796512,0,10.241948260645284,3.5233366770560095,Bile acid synthesis
COPROSTabc,0.6405446388932023,0,5.1699309024006785,1.1327697737462206,"Transport, extracellular"
COPROSTt2,0.6405446388932023,0,5.1699309024006785,1.1327697737462206,"Transport, extracellular"
DCA24GSc,-0.5925456578109063,0,213.44589298624993,834.2587005615235,Bile acid synthesis
DCA3GSc,-0.6595815467920813,0,14.034250114069309,68.41868380780332,Bile acid synthesis
DCA3GSr,-0.9083275740554865,0,6.824200017032126,142.05808266986006,Bile acid synthesis
DCA3Gtr,0.9083275740554865,0,-6.824200017032126,-142.05808266986006,"Transport, extracellular"
DCASULT,-0.6354708924706777,0,3.15914454079257,14.173597759016511,Bile acid synthesis
DM_3dhcdchol[c],0.5928670057000892,0,18.617804976050927,4.758666392151115,Exchange/demand reaction
DM_3dhdchol[c],-0.6200615213822948,0,12.802521038346152,54.59007938961983,Exchange/demand reaction
DM_3dhlchol[c],0.41120869179253505,0,12.535022361046272,5.229922588554525,Exchange/demand reaction
DM_ca24g[c],0.44399000909762626,0,15.209947857460753,5.856607674963889,Exchange/demand reaction
DM_cdca24g[c],0.877435249788944,0,108.77960067229272,7.101467060425536,Exchange/demand reaction
DM_dca24g[c],-0.5693316795312893,0,234.23730896520615,853.5478743530274,Exchange/demand reaction
DM_dca3g[c],-0.8438436182966105,0,17.573118208814055,207.49764761096836,Exchange/demand reaction
DM_dca3s[c],-0.6354708924706777,0,3.15914454079257,14.173597759016511,Exchange/demand reaction
DM_hca24g[c],0.8867669044870996,0,76.17934611985153,4.571854188657373,Exchange/demand reaction
DM_hdca24g[c],0.5812637918206639,0,13.709543401762145,3.6304393040671012,Exchange/demand reaction
DM_lca24g[c],0.9543464915016063,0,157.56200345511436,3.6806463413942074,Exchange/demand reaction
DM_lca3s[c],0.427125740122,0,6.640329905032305,2.6655493435119,Exchange/demand reaction
DM_tca3s[c],0.4199921453648676,0,4.105743974039866,1.6770260045713792,Exchange/demand reaction
DM_thyochol[c],-0.39056991886925413,0,2.4937837579861664,5.6902026752373525,Exchange/demand reaction
DM_tudca3s[c],0.5475223783356753,0,3.504634954603329,1.0247146737651902,Exchange/demand reaction
DM_udca3s[c],0.5151340264906006,0,5.18178663785774,1.6582506753559974,Exchange/demand reaction
EX_hca6g[e],0.3983113786364485,0,3.0285940536799454,1.3031937011093395,Exchange/demand reaction
EX_hdca24g[e],0.39555568008937936,0,3.1694242865403415,1.372743871647877,Exchange/demand reaction
EX_hyochol[e],-0.8223296454812054,0,-76.12875998820141,-7.42227061372771,Exchange/demand reaction
EX_lca3g[e],0.4769100769228136,0,3.948391320636998,1.3984356559431732,Exchange/demand reaction
GCA3Sabc,-0.7013202545305856,0,1.4558083016072916,8.292481120022536,"Transport, extracellular"
GCA3St,-0.7013202545305856,0,1.4558083016072916,8.292481120022536,"Transport, extracellular"
GCDCA3Sabc,0.47956647185815504,0,2.534201013048853,0.8913983922501946,"Transport, extracellular"
GCDCA3St,0.47956647185815504,0,2.534201013048853,0.8913983922501946,"Transport, extracellular"
GDCA3Sabc,0.46991112286653314,0,4.803913300339718,1.7324183534699524,"Transport, extracellular"
GDCA3St,0.46991112286653314,0,4.803913300339718,1.7324183534699524,"Transport, extracellular"
GUDCA3Sabc,0.4029523004586435,0,6.383447693239356,2.716573299851462,"Transport, extracellular"
GUDCA3St,0.4029523004586435,0,6.383447693239356,2.716573299851462,"Transport, extracellular"
HCA24GSc,0.8922369973685427,0,75.57424508206621,4.303957476243606,Bile acid synthesis
HCA6Gte,0.3983113786364485,0,3.0285940536799454,1.3031937011093395,"Transport, extracellular"
HDCA24GSc,0.6155904120842773,0,13.44484354038532,3.199032828056473,Bile acid synthesis
HDCA24Gte,0.39555568008937936,0,3.1694242865403415,1.372743871647877,"Transport, extracellular"
HDCA6GSr,0.5865333426602705,0,3.147566269692537,0.8202876481012797,Bile acid synthesis
HDCA6Gtr,-0.5865333426497505,0,-3.147566269692403,-0.8202876481275547,"Transport, extracellular"
HYOCHOLabc,0.5108056156146832,0,7.467164096603105,2.417845621956924,"Transport, extracellular"
HYOCHOLt2,0.7893721480042597,0,83.59592406273484,9.84011623326717,"Transport, extracellular"
ICDCHOLabc,0.3763530193509942,0,2.9874323522855235,1.3536521082901767,"Transport, extracellular"
ICDCHOLt2,0.3763530193509942,0,2.9874323522855235,1.3536521082901767,"Transport, extracellular"
LCA24GSc,0.9511768094328955,0,157.28448600940703,3.9356404794080633,Bile acid synthesis
LCA24GSr,0.37860082992187977,0,3.345109169027774,1.5077954519818173,Bile acid synthesis
LCA24Gtr,-0.3786008299215594,0,-3.345109169027774,-1.507795451982945,"Transport, extracellular"
LCA3GSc,0.374803345709066,0,6.6800693146003765,3.037785003182181,Bile acid synthesis
LCA3Gte,0.4769100769228136,0,3.948391320636998,1.3984356559431732,"Transport, extracellular"
LCASULT,0.427125740122,0,6.640329905032305,2.6655493435119,Bile acid synthesis
M02155tr,0.4298497956504475,0,6.581690409972909,2.6244379959536133,"Transport, extracellular"
TCASULT,0.4199921453648676,0,4.105743974039866,1.6770260045713792,Bile acid synthesis
TCDCA3Sabc,0.3567341942263985,0,5.043771009969452,2.3913935660149828,"Transport, extracellular"
TCDCA3St,0.3567341942263985,0,5.043771009969452,2.3913935660149828,"Transport, extracellular"
TCDCA6AH,-0.39056991886925413,0,2.4937837579861664,5.6902026752373525,Bile acid synthesis
TDCA3Sabc,0.5882977385642414,0,3.2073216406723746,0.8313690440750169,"Transport, extracellular"
TDCA3St,0.5882977385642414,0,3.2073216406723746,0.8313690440750169,"Transport, extracellular"
THYOCHOLabc,0.5115723439923514,0,3.284380688976975,1.0612673404151187,"Transport, extracellular"
THYOCHOLt2,0.5115723439923514,0,3.284380688976975,1.0612673404151187,"Transport, extracellular"
TUDCA3Sabc,0.5958729770223973,0,7.294680208988132,1.8472506514474532,"Transport, extracellular"
TUDCA3St,0.5958729770223973,0,7.294680208988132,1.8472506514474532,"Transport, extracellular"
TUDCASULT,0.5475223783356753,0,3.504634954603329,1.0247146737651902,Bile acid synthesis
UDCA3Sabc,0.7000558959726557,0,11.081533354931162,1.9551360642129265,"Transport, extracellular"
UDCA3St,0.7000558959726557,0,11.081533354931162,1.9551360642129265,"Transport, extracellular"
UDCASULT,0.5151340264906006,0,5.18178663785774,1.6582506753559974,Bile acid synthesis
UDCHOLt2,0.701553409291206,0,8.433759302635828,1.479252250905673,"Transport, extracellular"
12HTACRhr,0.35063601085636703,0,4.471164916812132,2.1496639088271343,Drug metabolism
12HTACRtep,0.35063601085636703,0,4.471164916812132,2.1496639088271343,Drug metabolism
2HATVACIDhc,0.38033875129014477,0,69.69750287546618,31.28858160607554,Drug metabolism
2HATVACIDthc,-0.38033875129014477,0,-69.69750287546618,-31.28858160607554,Drug metabolism
2HATVLACtep,1,0,NA,-745.359221270752,Drug metabolism
2HATVLACthc,1.2163265313368812,0,69.69750287546618,-714.0706405090332,Drug metabolism
3HPVSTETCOAhcx,0.528834539027575,0,7.422874883805262,2.28762640893323,Drug metabolism
4HATVACIDthc,0.9830161385548468,0,-6.8512579432678695,-799.945001599121,Drug metabolism
4HMDGLUCtev,-0.45874125241350777,0,2.8523318420411545,7.687292153912304,Drug metabolism
4HMDZGLUChr,-0.45874125241350777,0,2.8523318420411545,7.687292153912304,Drug metabolism
4OHMDZhr,0.357762836774413,0,4.315359009833763,2.041213571112114,Drug metabolism
4OHMDZtev,0.3632426131389477,0,-4.920359852947652,-10.534065818352273,Drug metabolism
56DHPVShc,0.39095763358950497,0,2.554250078787345,1.1183996369280758,Drug metabolism
56DHPVStev,0.39095763359176244,0,2.554250078787345,1.1183996369221152,Drug metabolism
6CSMVACIDhep,0.35236302040163375,0,1.7835731323294821,0.8541404185775587,Drug metabolism
6CSMVACIDteb,0.35236302040163375,0,1.7835731323294821,0.8541404185775587,Drug metabolism
6CSMVhep,0.35236302040163375,0,1.7835731323294821,0.8541404185775587,Drug metabolism
ACMPGLUTtep,0.3565977586035596,0,2.725896053202571,1.2928280467230038,Drug metabolism
ACMPGLUTthc,0.3565977586035596,0,2.725896053202571,1.2928280467230038,Drug metabolism
ACMPdt,1.5186012188308826,0,3.461069465289857,-16.808779958884056,Drug metabolism
ACMPthc,-0.6807646387010283,0,4.098488106566256,21.57841742100104,Drug metabolism
ALLOPOXDhep,0.5016418719341708,0,30.25709150068555,10.041586987432643,Drug metabolism
ALLOPtepvb,0.5016418719341708,0,30.25709150068555,10.041586987432643,Drug metabolism
ATVACIDhc,-0.4174300519416128,0,27.22820456291139,66.2479682251243,Drug metabolism
ATVACIDhr,-0.3795985763189059,0,0.7226591975160189,1.6069911544389714,Drug metabolism
ATVETHGLUChc,-0.3795985763189059,0,0.7226591975160189,1.6069911544389714,Drug metabolism
ATVLACGLCURhc,0.3312567260009592,0,2.0952979210850806,1.052551596083963,Drug metabolism
ATVLACThc,-0.42185717505422926,0,27.176046217766338,66.83548534561656,Drug metabolism
ATVLAChr,0.3312567260009592,0,2.0952979210850806,1.052551596083963,Drug metabolism
CARIBUP_Rthv,0.6432972476424254,0,10.820535975501649,2.3487625078073817,Drug metabolism
DSPVShc,0.5667387820031805,0,371.2078521911621,102.65270000190735,Drug metabolism
DSPVStev,0.5667387820031805,0,371.2078521911621,102.65270000190735,Drug metabolism
EX_12htacr[e],0.35063601085603757,0,4.4711649168089656,2.149663908827227,Exchange/demand reaction
EX_2hatvacid[e],0.38033875129014477,0,69.69750287546618,31.28858160607554,Exchange/demand reaction
EX_2hatvlac[e],-0.3803387512950331,0,-69.69750287546618,-31.288581605717912,Exchange/demand reaction
EX_3hpvs[e],-0.3511116479010847,0,-26.16939666426899,-12.568181691927464,Exchange/demand reaction
EX_3ispvs[e],1,0,NA,-6.797490779180446,Exchange/demand reaction
EX_4hmdgluc[e],-0.45874125241350777,0,2.8523318420411545,7.687292153912304,Exchange/demand reaction
EX_4ohmdz[e],0.3632426131353186,0,-4.920359852989363,-10.534065818353492,Exchange/demand reaction
EX_56dhpvs[e],0.39095763359176244,0,2.554250078787345,1.1183996369221152,Exchange/demand reaction
EX_6csmvacid[e],0.35236302040163375,0,1.7835731323294821,0.8541404185775587,Exchange/demand reaction
EX_allop[e],-0.501641871932394,0,-30.25709150068555,-10.041586987480326,Exchange/demand reaction
EX_atvacid[e],-0.5488859829679832,0,17.213075229330066,59.100559813885205,Exchange/demand reaction
EX_atvlac[e],0.4218571750542293,0,-27.176046217766334,-66.83548534561656,Exchange/demand reaction
EX_caribup_R[e],0.6432972476424254,0,10.820535975501649,2.3487625078073817,Exchange/demand reaction
EX_dspvs[e],0.5667387820031805,0,371.2078521911621,102.65270000190735,Exchange/demand reaction
EX_ibup_R[e],-0.3804471465518874,0,-25.29344714594276,-11.351848849809507,Exchange/demand reaction
EX_ibup_S[e],1.0274813829312541,0,0.022810427901314736,-1.6828744762336845,Exchange/demand reaction
EX_ibupgluc[e],0.40043978886826676,0,3.4292455623748155,1.4681382303922859,Exchange/demand reaction
EX_isolvstacid[e],-0.3678854529112824,0,3.724433467994968,8.05961258868356,Exchange/demand reaction
EX_lstn1gluc[e],0.3927598211624082,0,3.382753634437881,1.4748730475475433,Exchange/demand reaction
EX_lstnm7[e],0.4609440447650009,0,4.61861482287085,1.7041664491713298,Exchange/demand reaction
EX_mhglz[e],0.37991580506044687,0,5.793420595175825,2.6033534310801407,Exchange/demand reaction
EX_ndersv[e],0.3899712021591925,0,4.774282976062878,2.0953312557233175,Exchange/demand reaction
EX_nfdoh[e],1,0,4.409599030198346,NA,Exchange/demand reaction
EX_oxyp[e],0.5016418719341708,0,30.25709150068555,10.041586987432643,Exchange/demand reaction
EX_profvs[e],0.6083835420129491,0,15.794642947346729,3.845750696049016,Exchange/demand reaction
EX_pvs[e],-0.5573773924918839,0,-384.87291667175293,-109.38482525672913,Exchange/demand reaction
EX_rsv[e],-0.3899712021473309,0,-4.774282976047922,-2.095331255775377,Exchange/demand reaction
EX_smv[e],0.6251156809367979,0,-26.263859633126064,-113.85328209612408,Exchange/demand reaction
EX_smvacid[e],-0.7665530555136104,0,14.097903311193779,106.68245937216282,Exchange/demand reaction
EX_tacr[e],-0.3506360108587043,0,-4.4711649168089656,-2.149663908814155,Exchange/demand reaction
FVStu,-0.5338967557288713,0,-117.38472929205149,-35.6695474754524,Drug metabolism
IBUPGLUCtchep,-0.40043978886826676,0,-3.4292455623748155,-1.4681382303922859,Drug metabolism
IBUPGT_HEP,0.40043978886826676,0,3.4292455623748155,1.4681382303922859,Drug metabolism
IBUP_RCYP3hep,0.6432972476424254,0,10.820535975501649,2.3487625078073817,Drug metabolism
IBUP_RCYPCARhep,0.6432972476424254,0,10.820535975501649,2.3487625078073817,Drug metabolism
IBUP_Rtdhep,0.38044714655188555,0,25.29344714594276,11.351848849809555,Drug metabolism
IBUP_Stdhep,-1,0,NA,1.682874476239685,Drug metabolism
ISOLVSTAChep,-0.3678854529112824,0,3.724433467994968,8.05961258868356,Drug metabolism
ISOLVSTtbc,-0.3678854529112824,0,3.724433467994968,8.05961258868356,Drug metabolism
LSTN1GLUChr,0.3927598211624078,0,3.382753634437881,1.4748730475475447,Drug metabolism
LSTN1GLUCtev,0.3927598211624082,0,3.382753634437881,1.4748730475475433,Drug metabolism
LSTNM7TDhc,-0.4609440447649192,0,-4.61861482287085,-1.7041664491716837,Drug metabolism
LSTNM7hr,0.4609440447650009,0,4.61861482287085,1.7041664491713298,Drug metabolism
LVSTACOXD6Hhep,-0.5766572873808333,0,1.6176178890627606,6.024502033374395,Drug metabolism
LVSTACOXD6MEhep,0.41119988033688437,0,3.542228237943231,1.4779369240572413,Drug metabolism
MHGLZhr,0.3799158050609864,0,5.793420595175825,2.6033534310768576,Drug metabolism
MHGLZtev,0.37991580506069167,0,5.793420595175825,2.6033534310786504,Drug metabolism
NDERSVhc,0.3899712021591925,0,4.774282976062878,2.0953312557233175,Drug metabolism
NDERSVteb,0.3899712021591925,0,4.774282976062878,2.0953312557233175,Drug metabolism
NFDOHtep,1,0,4.409599030198346,NA,Drug metabolism
OXYPthc,0.7829324319129488,0,-30.257091500494816,-248.5233063925773,Drug metabolism
OXYPtepv,1,0,NA,-238.48171944467128,Drug metabolism
PROFVSCOAhc,0.6083835420129471,0,15.794642947346729,3.845750696049039,Drug metabolism
PROFVShc,0.6083835420129471,0,15.794642947346729,3.845750696049039,Drug metabolism
PROFVStev,0.6083835420129092,0,15.794642947346729,3.845750696049503,Drug metabolism
PTVSTGLUChc,0.33451142121787364,0,1.28147494594049,0.6390405709233783,Drug metabolism
PTVSTLAChc,0.33451142121787364,0,1.28147494594049,0.6390405709233783,Drug metabolism
PTVSThc,0.33451142121787364,0,1.28147494594049,0.6390405709233783,Drug metabolism
PVSOATPtu,0.5573773924918839,0,384.87291667175293,109.38482525672913,Drug metabolism
RSVGLUChc,0.7348310222083168,0,7.783711497114739,1.1897405538021586,Drug metabolism
RSVLAChv,0.7348310222083168,0,7.783711497114739,1.1897405538021586,Drug metabolism
RSVSPONhc,0.7348310222083168,0,7.783711497114739,1.1897405538021586,Drug metabolism
RSVtev,-1.2528344883175757,0,-1.7019951657203667,15.165310056389528,Drug metabolism
RSVtu,-0.6978017482953981,0,3.0722878187965517,17.260641319388583,Drug metabolism
SMVACIDhep,0.4744287593344697,0,4.830101102092287,1.7217259312769027,Drug metabolism
SMVACIDtev,-0.7665530555136104,0,14.097903311193779,106.68245937216282,Drug metabolism
SMVGLUChep,0.4744287593344697,0,4.830101102092287,1.7217259312769027,Drug metabolism
SMVHYDROhep,-0.7665530555136104,0,14.097903311193779,106.68245937216282,Drug metabolism
SMVthep,-1.3974417269541244,0,-686.7839754516601,113.85328209612408,Drug metabolism
TACRDtsc,0.35063601085603757,0,4.4711649168089656,2.149663908827227,Drug metabolism
TRIPVShc,0.39095763359176244,0,2.554250078787345,1.1183996369221152,Drug metabolism
12HTACRitr,0.3506360108560558,0,4.471164916809151,2.149663908827227,Drug metabolism
3HIBUP_Ritr,0.6432972476424254,0,10.820535975501649,2.3487625078073817,Drug metabolism
3HPVSCOAitx,0.528834539027575,0,7.422874883805262,2.28762640893323,Drug metabolism
3HPVSTETCOAitx,0.528834539027575,0,7.422874883805262,2.28762640893323,Drug metabolism
4HMDGLUCitr,-0.45874125241350777,0,2.8523318420411545,7.687292153912304,Drug metabolism
4OHMDZitr,0.3632426131353166,0,-4.920359852989363,-10.534065818353444,Drug metabolism
56DHPVSitr,0.39095763359176244,0,2.554250078787345,1.1183996369221152,Drug metabolism
6CSMVitr,-0.35236302040163375,0,-1.7835731323294821,-0.8541404185775587,Drug metabolism
6HLVSTACIDitr,-0.5766572873808333,0,1.6176178890627606,6.024502033374395,Drug metabolism
6MELVACIDitr,0.41119988033688437,0,3.542228237943231,1.4779369240572413,Drug metabolism
DSPVSitr,0.5667387820031805,0,371.2078521911621,102.65270000190735,Drug metabolism
FVSCOAitx,0.6083835420129471,0,15.794642947346729,3.845750696049039,Drug metabolism
IBUP_Ritr,0.4193032855597099,0,16.068739708394045,6.574397768818587,Drug metabolism
IBUPGLUCitr,0.40043978886826676,0,3.4292455623748155,1.4681382303922859,Drug metabolism
LSTN1GLUCitr,-0.3927598211624082,0,-3.382753634437881,-1.4748730475475433,Drug metabolism
LSTNM7itr,0.4609440447650009,0,4.61861482287085,1.7041664491713298,Drug metabolism
NDERSVitr,-0.3899712021591925,0,-4.774282976062878,-2.0953312557233175,Drug metabolism
PROFVSCOAitx,0.6083835420129471,0,15.794642947346729,3.845750696049039,Drug metabolism
PVSitr,0.550277958962131,0,377.0704305465698,109.38482525672913,Drug metabolism
RSVLACitr,-0.7348310222083168,0,-7.783711497114739,-1.1897405538021586,Drug metabolism
TACRitr,0.3506360108560558,0,4.471164916809151,2.149663908827227,Drug metabolism
FVSCOAhc,0.6083835420129471,0,15.794642947346729,3.845750696049039,Drug metabolism
ATVLACitr,-1.1948537315868257,0,-0.05215833225235495,0.587517155792396,Drug metabolism
MHGLZitr,0.3799158050609864,0,5.793420595175825,2.6033534310768576,Drug metabolism
RSVitr,0.5852984833751467,0,12.557994478163076,3.2850718085424275,Drug metabolism
EX_M00234[e],-0.6927740207883903,0,-207.40858103141227,-37.64312520261188,Exchange/demand reaction
EX_M01807[e],0.6927740207883903,0,207.40858103141227,37.64312520261188,Exchange/demand reaction
EX_M00503[e],0.6927740207883903,0,207.40858103141227,37.64312520261188,Exchange/demand reaction
EX_M00117[e],0.4067176597658729,0,2.371757680096064,1.0002873975079345,Exchange/demand reaction
EX_M00260[e],10.437082330427533,0,1.083622645961441,-0.8941297989827075,Exchange/demand reaction
EX_M00315[e],0.4690766154451991,0,7.846774054277545,2.8358193132570744,Exchange/demand reaction
EX_C01601[e],-0.36049514763343476,0,1.8851754437994213,4.01055916031844,Exchange/demand reaction
EX_M02108[e],-0.5926143174668335,0,-3.005160738952478,-0.7687105693657846,Exchange/demand reaction
EX_M01111[e],0.6996211188185874,0,755.2894407897949,133.484454082492,Exchange/demand reaction
EX_M01870[e],0.5692606760940595,0,5.383260487133649,1.4776270239620326,Exchange/demand reaction
EX_M01966[e],0.9407388186727066,0,758.7769607261657,23.169536582629195,Exchange/demand reaction
EX_M02155[e],-1,0,-16.330736065494456,NA,Exchange/demand reaction
EX_M01881[e],0.6702711543269335,0,2.8417481722525904,0.5609905565949721,Exchange/demand reaction
EX_n5m2masn[e],-0.5692606760940595,0,-5.383260487133649,-1.4776270239620326,Exchange/demand reaction
EX_dolichol_L[e],0.49175400917945883,0,0.06386069555979089,0.02175757014196183,Exchange/demand reaction
sink_his_L[c],1,0,NA,-130.76844973630904,Exchange/demand reaction
sink_leu_L[c],-1,0,-690.3169197059632,NA,Exchange/demand reaction
DM_ind56qn[c],0.3770624617128497,0,33.0325611805154,14.942838772552927,Exchange/demand reaction
DM_4abut[c],-0.41681269847542507,0,295.6082444174856,718.1595233123779,Exchange/demand reaction
DM_kynate[c],-1,0,NA,2.9633123753089414,Exchange/demand reaction
DM_btn[m],-0.3880545591199068,0,23.649051372740324,53.64232067744937,Exchange/demand reaction
2HCO3_NAt,0.5241141747877169,0,-136.8838370352868,-438.3963238067627,"Transport, extracellular"
3DPHBH1,0.4033014330295306,0,0.8915769175365829,0.37910790690885876,Ubiquinone synthesis
4MOPt2im,1,0,308.4178707581043,NA,"Transport, mitochondrial"
5ADTSTSTERONEte,-1,0,-57.42139411481991,NA,"Transport, extracellular"
ABTD,1,0,446.6649365385056,NA,Pentose phosphate pathway
ACN23ACNGALGBSIDEte,0.6236976706230999,0,2.0757964299993494,0.4810791110030037,"Transport, extracellular"
ACN23ACNGALGBSIDEtg,-0.6236976706230999,0,-2.0757964299993494,-0.4810791110030037,"Transport, golgi apparatus"
ADPRIBt,1,0,11.143217920481018,NA,"Transport, extracellular"
AMPtp,-1,0,-194.6133916323859,NA,"Transport, peroxisomal"
ANDRSTRNte,1,0,493.01248889102936,NA,"Transport, extracellular"
ASCBOX,1,0,5.227433168085794,NA,Vitamin C metabolism
ATPtx,1,0,194.6133916323859,NA,"Transport, peroxisomal"
C161CRNt,-0.3606843056034289,0,-51.5909799950731,-24.239952694627924,Fatty acid oxidation
CK,0.40784331092774256,0,31.131678508156586,13.0943774264934,Urea cycle
CO2tm,-1,0,-351.65407610542775,NA,"Transport, mitochondrial"
CREATtmdiffir,0.4078433109277403,0,31.131678508156586,13.094377426493471,Urea cycle
CRNtx,0.5377579039828607,0,14.397753726180177,4.32789052365832,"Transport, peroxisomal"
CRVNCtr,1,0,431.91280050964355,NA,"Transport, extracellular"
DCSPTN1CRNt,0.9312582795561511,0,-20.71985628238609,-582.1121982138634,Fatty acid oxidation
DHPR2,1,0,28.357711836649848,NA,Tetrahydrobiopterin metabolism
DNDPt20m,1,0,43.823443833685666,NA,"Transport, mitochondrial"
DNDPt38m,0.6295665254415419,0,433.5441317831039,98.5533616477117,"Transport, mitochondrial"
DTTPtn,1,0,318.19908618106246,NA,"Transport, nuclear"
ELAIDCRNt,4.093944816944305,0,329.106624839592,-541.8490260855392,Fatty acid oxidation
EX_34dhphe[e],-0.3546392207356168,0,-42.11350916207824,-20.063206995909745,Exchange/demand reaction
EX_5adtststerone[e],1,0,57.42139411481991,NA,Exchange/demand reaction
EX_ach[e],0.39888668406005745,0,-105.3172162889477,-245.08998147630692,Exchange/demand reaction
EX_acn23acngalgbside_hs[e],0.6236976706230999,0,2.0757964299993494,0.4810791110030037,Exchange/demand reaction
EX_adprbp[e],1,0,229.82019362721442,NA,Exchange/demand reaction
EX_amp[e],1,0,210.48774239826201,NA,Exchange/demand reaction
EX_andrstrn[e],-1,0,-493.01248889102936,NA,Exchange/demand reaction
EX_ascb_L[e],1,0,341.6519865309477,NA,Exchange/demand reaction
EX_cmp[e],-1,0,-888.6274961738586,NA,Exchange/demand reaction
EX_cspg_e[e],-1,0,-11.647061371476296,NA,Exchange/demand reaction
EX_dag_hs[e],-1,0,-111.26987667506728,NA,Exchange/demand reaction
EX_dhdascb[e],-1,0,-341.6519865309477,NA,Exchange/demand reaction
EX_gbside_hs[e],-1,0,-29.72412655923986,NA,Exchange/demand reaction
EX_glygn5[e],0.37292318255818246,0,26.89714355100095,12.285155783304432,Exchange/demand reaction
EX_gsn[e],1,0,216.12949258635723,NA,Exchange/demand reaction
EX_hdcea[e],1,0,47.16894502049682,NA,Exchange/demand reaction
EX_leuktrA4[e],1,0,190.8915303226948,NA,Exchange/demand reaction
EX_leuktrC4[e],1,0,490.24335096168517,NA,Exchange/demand reaction
EX_leuktrF4[e],-1,0,-736.328909790039,NA,Exchange/demand reaction
EX_nad[e],-1,0,-11.143217920481018,NA,Exchange/demand reaction
EX_nadp[e],-1,0,-229.82019362721442,NA,Exchange/demand reaction
EX_ncam[e],1,0,160.51447210938932,NA,Exchange/demand reaction
EX_ocdcea[e],1,0,62.33699076262116,NA,Exchange/demand reaction
EX_retn[e],1.131276824809563,0,72.63651415260247,-4.47407433524764,Exchange/demand reaction
EX_tchola[e],-1,0,-22.336256122735517,NA,Exchange/demand reaction
EX_triodthy[e],0.45832639679418596,0,-107.47052295915559,-289.33863415356836,Exchange/demand reaction
FUMTSULtm,-1,0,-25.44314175776383,NA,"Transport, mitochondrial"
GBSIDEte,-1,0,-29.72412655923986,NA,"Transport, extracellular"
H2Oter,-1,0,-230.45674154367447,NA,"Transport, endoplasmic reticular"
LNELDCCRNt,2.6806366005995224,0,166.59081633905134,-364.83809511380196,Fatty acid oxidation
MGCHrm,0.7752959927716956,0,29.598318888028757,3.7463391391863405,"Valine, leucine, and isoleucine metabolism"
MGSA2,1,0,105.94766113632917,NA,Pyruvate metabolism
NACASPAH,-0.5326635119431087,0,6.593564383096133,21.624067030667838,Alanine and aspartate metabolism
NADNe,1,0,11.143217920481018,NA,NAD metabolism
NADPNe,1,0,229.82019362721442,NA,NAD metabolism
NCAMUP,1,0,80.44893956562206,NA,"Transport, extracellular"
OCCOAtm,-0.4337105814226905,0,71.55939509029389,181.17142679252623,"Transport, mitochondrial"
PAFHe,1,0,10.95394392707867,NA,Glycerophospholipid metabolism
PCREATtmdiffir,0.40784331092774256,0,31.131678508156586,13.0943774264934,Urea cycle
PCRNtm,1.4612042540325605,0,33.02140681763436,-176.21786057498886,Fatty acid oxidation
PE_HSter,-1,0,-36.03111906115087,NA,"Transport, endoplasmic reticular"
PPAn,1,0,334.00389339752195,NA,Miscellaneous
PRISTtx,-1,0,-570.1719242702484,NA,"Transport, peroxisomal"
RADH4,1,0,116.57263023795485,NA,Vitamin A metabolism
RETH,1,0,11.488179695898573,NA,Vitamin A metabolism
S6T22g,1,0,0.7749510233814855,NA,Chondroitin synthesis
SPHMYLNtl,-1.9272178144652405,0,-7.3455304742369325,2.326750909601868,"Transport, lysosomal"
ST6GALNAC22,0.6236976706230999,0,2.0757964299993494,0.4810791110030037,Sphingolipid metabolism
STRDNCCRNt,1.3615878825566496,0,422.25420115490556,-64.65226368411017,Fatty acid oxidation
TDCHOLAte,1,0,174.32403826146611,NA,"Transport, extracellular"
THFtm,0.38913789773888735,0,-199.8732640443802,-454.52406492576597,"Transport, mitochondrial"
TXA2tr,0.8914192363469352,0,-11.189034121656405,-194.90703198094369,"Transport, endoplasmic reticular"
TXASr,-0.8914192363469358,0,11.18903412165636,194.90703198094369,Eicosanoid metabolism
EX_itp[e],-1,0,-33.12362259034459,NA,Exchange/demand reaction
r0002,-1,0,-97.00664654529251,NA,"Transport, endoplasmic reticular"
r0179,1,0,504.7406639412582,NA,Glutamate metabolism
r0633,0.366787522616841,0,29.84243211242296,13.825558147375238,Fatty acid oxidation
r0784,-1,0,-183.5868094749689,NA,Pentose phosphate pathway
r0830,1,0,30.365442555174955,NA,"Transport, mitochondrial"
r1044,-0.754598366990162,0,93.52683381910325,668.7079783294678,"Transport, extracellular"
r1045,1,0,587.2318925689697,NA,"Transport, extracellular"
r1148,-1,0,-28.566889625783823,NA,"Transport, peroxisomal"
r1364,1,0,12.107987438168665,NA,"Transport, lysosomal"
r1365,1,0,12.107987438168665,NA,"Transport, lysosomal"
r2447,1,0,513.4740212127685,NA,"Transport, extracellular"
r2449,1,0,522.1412691894532,NA,"Transport, extracellular"
RE0124C,-1,0,-963.0020919067383,NA,Pentose phosphate pathway
RE0344C,0.5454698285278446,0,2.8187380690807213,0.8290045358535247,Fatty acid synthesis
RE1530C,-1,0,-193.42757751278876,NA,Pyrimidine synthesis
RE2644C,1.1769170844606034,0,33.28615776633061,-409.57720809440616,Urea cycle
RE2814M,1,0,4.871793850210461,NA,Bile acid synthesis
RE3017R,1,0,4.833155592781701,NA,Eicosanoid metabolism
RE3073X,-1,0,-567.3093999164581,NA,Fatty acid oxidation
RE3238C,-1,0,-324.09493837490083,NA,Fatty acid synthesis
RE3565C,2.3491810155070243,0,59.40687718594149,-147.47048985635294,Eicosanoid metabolism
EX_HC02191[e],-1,0,-573.494605090332,NA,Exchange/demand reaction
EX_HC02204[e],2.3491810155070243,0,59.40687718594149,-147.47048985635294,Exchange/demand reaction
EX_HC02206[e],-2.3491810155070243,0,-59.40687718594149,147.47048985635294,Exchange/demand reaction
C2tcx,1.8648682611477254,0,319.3431076599121,-96.40573075450659,"Transport, peroxisomal"
C4tmc,-0.6627275120614252,0,-610.2235535770416,-123.77952167188523,"Transport, mitochondrial"
C6COAt,-1.028668683825347,0,-150.07630876111983,2.1208442166291532,"Transport, peroxisomal"
C6CRNtcx,-1.028668683825306,0,-150.07630876111983,2.1208442166261725,"Transport, peroxisomal"
SUCCACT,0.44389776779391993,0,13.06577710939278,5.032148382043524,Fatty acid oxidation
AHCYStd,1,0,414.37299086990356,NA,"Transport, mitochondrial"
AMETtd,1,0,414.37299086990356,NA,"Transport, mitochondrial"
DHAPtc,-0.6887575929971971,0,28.359779208329225,153.8761794544235,"Transport, mitochondrial"
GLYALDtr,-1,0,-531.3482258922577,NA,"Transport, extracellular"
PEPtr,-1,0,-562.6911919532776,NA,"Transport, extracellular"
G3PCtr,1,0,67.44278473975602,NA,"Transport, extracellular"
XMPtr,-1,0,-308.8587616234064,NA,"Transport, extracellular"
EX_g3pc[e],-1,0,-67.44278473975602,NA,Exchange/demand reaction
EX_glyald[e],1,0,531.3482258922577,NA,Exchange/demand reaction
EX_kynate[e],1,0,697.8300334716797,NA,Exchange/demand reaction
EX_pep[e],-1,0,-562.6911919532776,NA,Exchange/demand reaction
EX_xmp[e],1,0,308.8587616234064,NA,Exchange/demand reaction
GSNt2r,-1,0,-543.9962216503143,NA,"Transport, extracellular"
FRUt4,-7.376530053834539,0,-100.24242686579994,131.68348525319638,"Transport, extracellular"
EX_odecrn[e],1,0,206.49822041175588,NA,Exchange/demand reaction
EX_pmtcrn[e],-1,0,-441.3910100100815,NA,Exchange/demand reaction
HMCRNc,-0.37766109333674525,0,30.810527111062967,68.20474184024631,Lysine metabolism
56DTHMtd,1,0,320.06406071710586,NA,"Transport, extracellular"
5AOPt,-1,0,-374.84595130081175,NA,"Transport, extracellular"
CE1556td,-1.1769170844606034,0,-33.28615776633061,409.57720809440616,"Transport, extracellular"
CORTSNt,1,0,4.683964544042841,NA,"Transport, extracellular"
EX_CE1557[e],-1.1769170844606034,0,-33.28615776633061,409.57720809440616,Exchange/demand reaction
EX_cortsn[e],1,0,4.683964544042841,NA,Exchange/demand reaction
EX_HC00900[e],-1,0,-881.0172744018555,NA,Exchange/demand reaction
EX_hmcr[e],-0.37766109333674525,0,30.810527111062967,68.20474184024631,Exchange/demand reaction
EX_Nacasp[e],0.5326635119407657,0,-6.593564383139269,-21.624067030667838,Exchange/demand reaction
HMCRNt,-0.37766109333674525,0,30.810527111062967,68.20474184024631,"Transport, extracellular"
HXCOAtx,1.0349833216105426,0,139.23880588178633,-2.3936490658682072,"Transport, peroxisomal"
NACASPt,0.5326635119404269,0,-6.593564383145507,-21.624067030667838,"Transport, extracellular"
PROSTGI2c,-1,0,-257.1155836598635,NA,"Transport, extracellular"
PSERtr,1,0,74.93766923705898,NA,"Transport, extracellular"
TXB2c,1,0,11.18903412165636,NA,Eicosanoid metabolism
EX_pser_L[e],1,0,74.93766923705898,NA,Exchange/demand reaction
EX_ttdcea[e],-0.9306306946356289,0,4.311581886097296,119.99647809663328,Exchange/demand reaction
TTDCEAt,-0.9306306946356289,0,4.311581886097296,119.99647809663328,"Transport, extracellular"
r0202m,-0.6887575929970866,0,28.35977920834115,153.8761794544235,Glycerophospholipid metabolism
GLYPROt,1,0,503.48468506469726,NA,"Transport, extracellular"
EX_retinal[e],-1,0,-5.72891573101672,NA,Exchange/demand reaction
EX_maltttr[e],-0.332607022079096,0,-45.139369641153884,-22.606588309343344,Exchange/demand reaction
EX_argvaltrp[e],1,0,312.58320778388975,NA,Exchange/demand reaction
EX_asnasnarg[e],-1,0,-11.341408579345606,NA,Exchange/demand reaction
EX_histrphis[e],1,0,29.229664869459345,NA,Exchange/demand reaction
EX_proproarg[e],1,0,78.99098312073778,NA,Exchange/demand reaction
EX_protrpthr[e],-1,0,-520.8754677131653,NA,Exchange/demand reaction
EX_thrthrarg[e],1,0,260.2985767009735,NA,Exchange/demand reaction
EX_trpglngln[e],-1,0,-105.98261270475388,NA,Exchange/demand reaction
EX_trptyrtyr[e],1,0,55.97754840331588,NA,Exchange/demand reaction
EX_valtrpval[e],1,0,194.763227973938,NA,Exchange/demand reaction
ARGVALTRPt,-1,0,-312.58320778388975,NA,"Transport, extracellular"
ASNASNARGt,1,0,11.341408579345606,NA,"Transport, extracellular"
HISTRPHISt,-1,0,-29.229664869459345,NA,"Transport, extracellular"
PROPROARGt,-1,0,-78.99098312073778,NA,"Transport, extracellular"
PROTRPTHRt,1,0,520.8754677131653,NA,"Transport, extracellular"
THRTHRARGt,-1,0,-260.2985767009735,NA,"Transport, extracellular"
TRPGLNGLNt,1,0,105.98261270475388,NA,"Transport, extracellular"
TRPTYRTYRt,-1,0,-55.97754840331588,NA,"Transport, extracellular"
VALTRPVALt,-1,0,-194.763227973938,NA,"Transport, extracellular"
ARGVALTRPr,-1,0,-312.58320778388975,NA,Peptide metabolism
ASNASNARGr,1,0,11.341408579345606,NA,Peptide metabolism
HISTRPHISr,-1,0,-29.229664869456368,NA,Peptide metabolism
PROPROARGr,-1,0,-78.99098312073778,NA,Peptide metabolism
PROTRPTHRr,1,0,520.8754677131653,NA,Peptide metabolism
THRTHRARGr,-1,0,-260.2985767009735,NA,Peptide metabolism
TRPGLNGLNr,1,0,105.98261270475388,NA,Peptide metabolism
TRPTYRTYRr,-1,0,-55.97754840331588,NA,Peptide metabolism
VALTRPVALr,-1,0,-194.763227973938,NA,Peptide metabolism
HDCECRNtr,1,0,616.0989658496857,NA,"Transport, extracellular"
STCRNtr,1,0,322.84790946422515,NA,"Transport, extracellular"
FldAct,1,0,87.92292833200358,NA,Miscellaneous
MLTHFtm,-1,0,-83.80209115803969,NA,"Transport, mitochondrial"
r2514e,1,0,295.366417036438,NA,"Transport, extracellular"
ETHAt,-1,0,-64.42649214294735,NA,"Transport, extracellular"
PGP_hs_tm,0.42045375195381807,0,4.2067170605138875,1.7163438694566882,"Transport, mitochondrial"
sink_nad[c],-1.0044169305005242,0,-845.5775892944336,1.8633136588910595,Exchange/demand reaction
sink_stcoa[c],1.1050840236312334,0,8.183136071022506,-163.92776381270895,Exchange/demand reaction
sink_xol7ah3[c],-1,0,-259.2086147432536,NA,Exchange/demand reaction
sink_dchac[c],1,0,728.2933187110901,NA,Exchange/demand reaction
EX_glcn[e],1,0,963.0020919067383,NA,Exchange/demand reaction
ADK1,1,0,35.07565365831945,NA,Nucleotide interconversion
EX_cytd[e],1,0,244.39887727394105,NA,Exchange/demand reaction
EX_glu_L[e],-1,0,-129.84456693820647,NA,Exchange/demand reaction
EX_met_L[e],-1,0,-253.7751488732338,NA,Exchange/demand reaction
EX_orn[e],-0.46767091277765943,0,-472.80632571754455,-171.48841583692132,Exchange/demand reaction
EX_pi[e],1,0,357.40301194066404,NA,Exchange/demand reaction
EX_ala_L[e],1,0,887.7332551620483,NA,Exchange/demand reaction
EX_etha[e],1,0,64.42649214294735,NA,Exchange/demand reaction
EX_fol[e],1,0,357.53048680052757,NA,Exchange/demand reaction
EX_man[e],-1,0,-17.783752570904415,NA,Exchange/demand reaction
GLYK,-0.5099195062052236,0,10.223809258573317,31.49917048872749,Glycerophospholipid metabolism
LDH_D,-1,0,-359.0463559488207,NA,Pyruvate metabolism
UGLT,-1,0,-135.4042878176391,NA,Galactose metabolism
EX_ade[e],1,0,245.95322734804003,NA,Exchange/demand reaction
XOL25OHtr,-0.8052230591382933,0,11.172915525607872,103.55232326475532,"Transport, endoplasmic reticular"
XOL25OHte,-0.8052230591382933,0,11.17291552560787,103.55232326475532,"Transport, extracellular"
EX_xol25oh[e],-0.8052230591382933,0,11.17291552560787,103.55232326475532,Exchange/demand reaction
3ITYR_Lte,-1,0,-93.82445873224884,NA,"Transport, extracellular"
EX_3ityr_L[e],-1,0,-93.82445873186737,NA,Exchange/demand reaction
EX_mma[e],-1.0191195673757587,0,-33.311421738552745,0.3154345005632058,Exchange/demand reaction
GLCNte,1,0,963.0020919067383,NA,"Transport, extracellular"
GM1tl,0.39076830294262993,0,41.70677132081247,18.26982036964814,"Transport, extracellular"
RE3477C1,1,0,11.18903412165636,NA,Eicosanoid metabolism
EX_gm1_hs[e],-0.39076830294262993,0,-41.70677132081247,-18.26982036964814,Miscellaneous
HMR_0157,0.3901178289421974,0,616.3391264354706,270.40459212322236,"Transport, mitochondrial"
HMR_0851,1,0,22.184899486393228,NA,Glycosphingolipid metabolism
HMR_2558,1,0,14.798247389087093,NA,Fatty acid synthesis
HMR_2560,1,0,14.798247389087093,NA,Fatty acid synthesis
HMR_2569,1.3299026750505258,0,11.608796068698778,-1.643748006382586,"Transport, endoplasmic reticular"
HMR_3478,1,0,2.336582991513978,NA,"Transport, peroxisomal"
HMR_3953,-1,0,-340.00641170458795,NA,"Transport, endoplasmic reticular"
3ISPVShc,1,0,7.802485971372857,NA,Drug metabolism
SMVtv,1,0,713.0478350402832,NA,Drug metabolism
sink_ile_L[c],-1,0,-618.8655944030762,NA,Exchange/demand reaction
sink_glu_L[c],-1,0,-205.19714002332688,NA,Exchange/demand reaction
sink_ser_L[c],-1,0,-542.8012550338746,NA,Exchange/demand reaction
AACTtm,-1,0,NA,88.0268084998184,"Transport, mitochondrial"
ADA,-1,0,NA,127.85084151620103,Purine catabolism
ADAe,-1,0,NA,12.83260213729621,Purine catabolism
AOBUTDsm,-1,0,NA,88.0268084998184,"Glycine, serine, alanine, and threonine metabolism"
ARACHt,-1,0,NA,3.528539801317407,"Transport, extracellular"
C161CRN2t,1,0,NA,-426.574639752388,Fatty acid oxidation
C181CRNt,1,0,NA,-65.08867499299534,Fatty acid oxidation
C204CRNt,-1,0,NA,746.3424403656006,Fatty acid oxidation
CYSGLTH,-1,0,NA,219.1728295587629,Methionine and cysteine metabolism
CYSTSERex,-1,0,NA,123.2071619991362,"Transport, extracellular"
DATPtn,-1,0,NA,13.10896669818114,"Transport, nuclear"
DM_datp_n_,-1,0,NA,13.10896669818114,Exchange/demand reaction
DNDPt31m,-1,0,NA,69.13083611458391,"Transport, mitochondrial"
DSAT,-1,0,NA,10.513799019940082,Sphingolipid metabolism
EBP1r,-1,0,NA,0.6393424579008417,Cholesterol metabolism
EICOSTETCRNt,-1,0,NA,367.1528221162796,Fatty acid oxidation
EX_chol[e],1,0,NA,-99.14211282004118,Exchange/demand reaction
EX_inost[e],-1,0,NA,255.88931890517475,Exchange/demand reaction
EX_mag_hs[e],1,0,NA,-74.14102924436033,Exchange/demand reaction
EX_txa2[e],-1,0,NA,194.90703198094369,Exchange/demand reaction
FUMSO4tm,-1,0,NA,1.6021773170485645,"Transport, mitochondrial"
GLCter,1,0,NA,-266.6698489465475,"Transport, endoplasmic reticular"
GLYATm,-1,0,NA,88.0268084998184,"Glycine, serine, alanine, and threonine metabolism"
GLYtm,1,0,NA,-735.6980881164551,"Transport, mitochondrial"
GULNDer,-1,0,NA,12.093628351588826,Pentose phosphate pathway
GULNter,-1,0,NA,12.093628351588826,"Transport, endoplasmic reticular"
H2O2tm,-1,0,NA,396.18520655526515,"Transport, mitochondrial"
Htx,-1,0,NA,235.41336581192016,"Transport, peroxisomal"
LNLCCRNt,-1,0,NA,294.33420294800845,Fatty acid oxidation
P4504F122r,-1,0,NA,0.8605959833618555,Eicosanoid metabolism
PA_HSter,-1,0,NA,347.38942483768466,"Transport, endoplasmic reticular"
PCHOL_HSter,1,0,NA,-132.4289173009798,"Transport, endoplasmic reticular"
PROSTGI2t,-1,0,NA,310.45553133219033,"Transport, extracellular"
SARCOXp,-1,0,NA,20.67789565739152,"Glycine, serine, alanine, and threonine metabolism"
SARCStp,-1,0,NA,20.67789565739152,"Transport, peroxisomal"
SERLYSNaex,-1,0,NA,76.00510465719756,"Transport, extracellular"
SUCD1m,1,0,NA,-466.20523955841065,Citric acid cycle
TRIOK,-1,0,NA,61.32454692267925,Fructose and mannose metabolism
TTDCRNt,-1,0,NA,82.29702253211495,Fatty acid oxidation
TXA2te,1,0,NA,-194.90703198094369,"Transport, extracellular"
XOL27OHtm,1,0,NA,-3.6228967492422575,"Transport, mitochondrial"
r0242,-1,0,NA,5.961006891358827,Miscellaneous
r0525,-1,0,NA,714.9176403137207,Lysine metabolism
r0636,1,0,NA,-150.7574523763299,Fatty acid oxidation
r0817,-1,0,NA,744.5399159927368,"Transport, extracellular"
r1030,-1,0,NA,158.9019864881441,"Transport, extracellular"
r1116,-1,0,NA,7.1789524529229505,"Transport, extracellular"
r1292,-1,0,NA,147.8618254110114,"Transport, peroxisomal"
r1384,1,0,NA,-692.1225790374756,Nucleotide interconversion
r2434,1,0,NA,-150.7574523763299,"Transport, mitochondrial"
r2435,-1,0,NA,632.1764683374405,"Transport, mitochondrial"
r2539,1,0,NA,-714.9176403137207,"Transport, mitochondrial"
RE1096C,-1,0,NA,4.700699741934602,Steroid metabolism
RE1925C,-1,0,NA,898.7890908325195,Tyrosine metabolism
RE2814R,-1,0,NA,3.6228967492453323,Bile acid synthesis
RE3014R,-1,0,NA,7.377454551019464,Eicosanoid metabolism
RE3566C,-1,0,NA,565.9649136867523,Eicosanoid metabolism
RE3567C,-1,0,NA,314.93450697050093,Eicosanoid metabolism
EX_C02470[e],-1,0,NA,158.9019864881441,Exchange/demand reaction
EX_HC02205[e],-1,0,NA,314.93450697050093,Exchange/demand reaction
EX_HC02207[e],-1,0,NA,251.03040681920098,Exchange/demand reaction
C10DCe,-1,0,NA,2.2857093324190703,Fatty acid oxidation
C12DCe,-1,0,NA,1.482624555157579,Fatty acid oxidation
C4DCCACT,-1,0,NA,1.8805129139099257,Fatty acid oxidation
C6DCe,-1,0,NA,1.617895657486788,Fatty acid oxidation
C8DCe,-1,0,NA,1.6571455792060752,Fatty acid oxidation
DOCOSACTDr,1,0,NA,-52.56856451343298,Fatty acid oxidation
DOCOSADIACTD,-1,0,NA,1.4424742637300012,Fatty acid oxidation
EX_c10dc[e],-1,0,NA,2.2857093324190703,Exchange/demand reaction
EX_c12dc[e],-1,0,NA,1.482624555157579,Exchange/demand reaction
EX_c6dc[e],-1,0,NA,1.617895657486788,Exchange/demand reaction
EX_c8dc[e],-1,0,NA,1.6571455792060752,Exchange/demand reaction
FAOXC16OHC16r,-1,0,NA,2.973332752052256,Fatty acid oxidation
FAOXC22C22DCHYr,-1,0,NA,1.4424742637300012,Fatty acid oxidation
OMHPALTD,-1,0,NA,2.973332752052256,Fatty acid oxidation
SUCCCROT,-1,0,NA,1.8805129139099257,Fatty acid oxidation
CYSTALArBATtc,-1,0,NA,320.34569084692004,"Transport, extracellular"
CYSTLEUrBATtc,-1,0,NA,24.59923121061418,"Transport, extracellular"
ORNALArBATtc,-1,0,NA,521.7054449359894,"Transport, extracellular"
ORNLEUrBATtc,-1,0,NA,103.86038746941871,"Transport, extracellular"
CRNrtx,1,0,NA,-242.1073836887002,"Transport, peroxisomal"
DM_fol,-1,0,NA,468.6752833957672,Exchange/demand reaction
DOPAENT4tc,-1,0,NA,241.65324511544554,"Transport, extracellular"
SRTNENT4tc,-1,0,NA,523.3226112182617,"Transport, extracellular"
15HPETATP,-1,0,NA,1.4981251793793544,"Transport, extracellular"
3HPPt,-1,0,NA,27.718432047685887,"Transport, extracellular"
3MOXTYRt,1,0,NA,-870.1433234191894,"Transport, extracellular"
C04717td,1,0,NA,-2.566845122353924,"Transport, extracellular"
C06439t,-1,0,NA,495.2186066267967,"Transport, extracellular"
EX_15HPET[e],-1,0,NA,1.4981251793793544,Exchange/demand reaction
EX_3hpp[e],-1,0,NA,27.718432047685887,Exchange/demand reaction
EX_C04717[e],1,0,NA,-2.566845122355503,Exchange/demand reaction
EX_hexdiac[e],1,0,NA,-2.0835644119173797,Exchange/demand reaction
EX_leuktrB4woh[e],-1,0,NA,5.21472510623097,Exchange/demand reaction
EX_saccrp_L[e],1,0,NA,-714.9176403137207,Exchange/demand reaction
EX_sebacid[e],1,0,NA,-2.1343344005068547,Exchange/demand reaction
HC02149td,1,0,NA,-423.3186032488346,"Transport, extracellular"
HEXDIACtd,1,0,NA,-2.083564411871303,"Transport, extracellular"
LEUKTRB4WOHt,-1,0,NA,5.21472510623097,"Transport, extracellular"
LEUKTRB4WOHtr,-1,0,NA,0.8605959833618555,"Transport, extracellular"
SACCRP_Lte,-1,0,NA,714.9176403137207,"Transport, mitochondrial"
SACCRP_Ltm,1,0,NA,-714.9176403137207,"Transport, extracellular"
SEBACIDtd,1,0,NA,-2.13433440051731,"Transport, extracellular"
EX_3moxtyr[e],1,0,NA,-870.1433234191894,Exchange/demand reaction
DM_akg[c],-1,0,NA,60.29038124943245,Exchange/demand reaction
34HPLtm,-1,0,NA,93.2412928240478,"Transport, mitochondrial"
3HPPtm,1,0,NA,-27.718432047685887,"Transport, mitochondrial"
sink_cholate[c],1,0,NA,-514.0841351663589,Exchange/demand reaction
sink_gchola[c],-1,0,NA,265.7410738535643,Exchange/demand reaction
sink_lnlccoa[c],-1,0,NA,851.1567928588868,Exchange/demand reaction
sink_tdchola[c],1,0,NA,-578.1558064224243,Exchange/demand reaction
sink_xol7aone[c],-1,0,NA,216.98323193662483,Exchange/demand reaction
EX_co2[e],1,0,NA,-663.4356443199158,Exchange/demand reaction
EX_din[e],1,0,NA,-140.14334007704258,Exchange/demand reaction
EX_lac_L[e],-1,0,NA,306.7499100269318,Exchange/demand reaction
EX_leu_L[e],-1,0,NA,145.44578931210395,Exchange/demand reaction
URIDK3,1,0,NA,-582.8106704353332,Nucleotide interconversion
EX_thr_L[e],1,0,NA,-0.19650373378318317,Exchange/demand reaction
EX_phe_L[e],1,0,NA,-334.6123736923218,Exchange/demand reaction
EX_tyr_L[e],1,0,NA,-338.17279864168165,Exchange/demand reaction
EX_nac[e],1,0,NA,-6.52069707564778,Exchange/demand reaction
EX_ppa[e],1,0,NA,-33.04794336084127,Exchange/demand reaction
EX_pyr[e],-1,0,NA,296.220537321531,Exchange/demand reaction
11DOCRTSLte,-1,0,NA,1.8319705742225314,"Transport, extracellular"
SUCSALtm,-1,0,NA,318.5694147867203,"Transport, mitochondrial"
SUCSALte,-1,0,NA,318.5694147867203,"Transport, extracellular"
EX_sucsal[e],-1,0,NA,318.5694147867203,Exchange/demand reaction
ORN_Dte,1,0,NA,-7.601757393945783,"Transport, extracellular"
EX_11docrtsl[e],-1,0,NA,1.8319705742225314,Exchange/demand reaction
CHSTEROLSte,-1,0,NA,111.01481292876899,"Transport, extracellular"
EX_chsterols[e],-1,0,NA,111.01481292876899,Exchange/demand reaction
MELATNte,-1,0,NA,31.35172808444045,"Transport, extracellular"
EX_melatn[e],-1,0,NA,31.35172808444045,Exchange/demand reaction
EX_CE4890[e],-1,0,NA,898.7890908325195,Exchange/demand reaction
HDD2CRNte,-1,0,NA,382.90385637769845,"Transport, extracellular"
DOPACHRMDC,-1,0,NA,5.508325943294936,Tyrosine metabolism
DOPAOQCYS,-1,0,NA,10.467934839498485,Tyrosine metabolism
NEU310e,-1,0,NA,2.627636293091175,Sphingolipid metabolism
NEU39e,-1,0,NA,2.627636293091175,Sphingolipid metabolism
HMR_1085,-1,0,NA,210.01795467897355,Leukotriene metabolism
HMR_3867,1,0,NA,-20.67789565739152,"Transport, peroxisomal"
HMR_6782,-1,0,NA,93.2412928240478,Phenylalanine metabolism
HMR_9626,1,0,NA,-250.952129006565,"Transport, endoplasmic reticular"
HMR_9680,1,0,NA,-624.9083919494628,"Transport, peroxisomal"
3HPVShc,-1,0,NA,2.8245493601086245,Drug metabolism
4HATVACIDtep,1,0,NA,-794.4130980163574,Drug metabolism
EX_nfdlac[e],-1,0,NA,3.7705911673670363,Exchange/demand reaction
NFDLAChc,-1,0,NA,3.7705911673670363,Drug metabolism
NFDLACtep,-1,0,NA,3.7705911673670363,Drug metabolism
3HPVSitr,-1,0,NA,2.8245493601086245,Drug metabolism
sink_val_L[c],1,0,NA,-44.292289020443896,Exchange/demand reaction
sink_arg_L[c],-1,0,NA,476.27281733474734,Exchange/demand reaction
sink_asn_L[c],1,0,NA,-564.7895118423462,Exchange/demand reaction
sink_tyr_L[c],-1,0,NA,67.94978699508681,Exchange/demand reaction
DM_5cysdopa[c],-1,0,NA,10.467934839498485,Exchange/demand reaction
