Reaction,fc,pval,OVCAR3_A1AKO,OVCAR3_P,subSystem
10FTHF7GLUtm,0.3835059673462221,0,1.730428474890406,0.7710836482696187,"Transport, mitochondrial"
10FTHFtm,0.37517588095647597,0,114.19940270525217,51.88757465770604,"Transport, mitochondrial"
13DAMPPOX,-0.5758407068746195,0,1.1528867546799855,4.283216017865871,Beta-Alanine metabolism
25HVITD2tin_m,-0.5150787217872878,0,2.6586982448022254,8.306785697669687,"Transport, mitochondrial"
2AMACSULT,-0.358445747269476,0,0.27407573711402367,0.580335985503441,Methionine and cysteine metabolism
2HBO,-1.4306754189376387,0,-292.0768908002496,51.751186656743684,Propanoate metabolism
2HBt2,-0.6324350253609006,0,-407.97091324744,-91.86020641044081,"Transport, extracellular"
34DHOXPEGOX,-1.1803160994493944,0,-16.225477089839615,196.1925143026568,Tyrosine metabolism
34DHOXPEGt,-1.1803160994493944,0,-16.225477089839615,196.1925143026568,"Transport, extracellular"
34DHPHAMT,0.8477669986524898,0,279.77285373774765,23.04980078717453,Tyrosine metabolism
34DHXMANDACOX_NADP_,1.1773384952709312,0,16.225477089839615,-199.21425304681304,Tyrosine metabolism
34HPPOR,-0.4675984826904431,0,7.450441548703454,20.537613730904273,Tyrosine metabolism
3DPHBH1,-0.41347674442804194,0,0.05876735495832509,0.14162488661108072,Ubiquinone synthesis
3DSPHR,-0.7110864968690682,0,3.578115295508728,21.191341699287204,Sphingolipid metabolism
3HBCOAHLm,0.8963733528090142,0,269.2740621765077,14.714385327929026,"Valine, leucine, and isoleucine metabolism"
3MOBt2im,1,0,653.0928168834686,NA,"Transport, mitochondrial"
3MOPt2im,-0.4846733601451957,0,329.8886448286772,950.420267288208,"Transport, mitochondrial"
3SALAASPm,0.5191870302653354,0,-23.93076791519765,-75.6121704893291,"Transport, mitochondrial"
3SALATAi,0.6499515600205786,0,22.78559110033894,4.8341180504615275,Methionine and cysteine metabolism
3SPYRSP,0.6499515600205786,0,22.78559110033894,4.8341180504615275,Methionine and cysteine metabolism
42A12BOOX,1,0,1.1402082001181115,NA,Tyrosine metabolism
4ABUTtm,1,0,NA,-804.32976506958,"Transport, mitochondrial"
4HBZCOAFm,-0.5421240168927691,0,0.042050207038574226,0.14162488661108072,Ubiquinone synthesis
4HBZFm,-0.5421240168927691,0,0.042050207038574226,0.14162488661108072,Ubiquinone synthesis
4MPTNLte,-0.4829007570149989,0,1.3053343249956146,3.7433457599353046,"Transport, extracellular"
4MPTNLtm,0.4829007570149989,0,-1.3053343249956146,-3.7433457599353046,"Transport, mitochondrial"
4NPHSFte,0.3710936733914574,0,-0.19317947590479834,-0.42115518008934066,"Transport, extracellular"
4NPHSULT,-0.3710936733914574,0,0.19317947590479834,0.42115518008934066,Cytochrome metabolism
4NPHte,-0.3710936733914574,0,0.19317947590479834,0.42115518008934066,"Transport, extracellular"
5FTHFt2,-0.8432235362966499,0,6.244968856432138,73.42220450510979,"Transport, extracellular"
5HOXINDACTO2OX,1,0,67.17540911035296,NA,Tryptophan metabolism
7DHFtl,-0.37779889513890114,0,0.41950611958697265,0.9289521724651567,"Transport, lysosomal"
7THFtl,-0.37658634516225875,0,0.28436039227621884,0.6279083399517611,"Transport, lysosomal"
A4GALTc,-0.9123512932563821,0,3.0383133463149163,66.29102325650156,Sphingolipid metabolism
A4GALTg,-0.42361669386123085,0,0.5235574963028193,1.2931415327171796,Sphingolipid metabolism
ABTArm,1,0,NA,-804.32976506958,Glutamate metabolism
ABUTt2rL,0.7921840173229788,0,513.8669938678264,59.58638915631175,"Transport, lysosomal"
ACACT1x,0.4109956943084266,0,340.26761593170164,142.04089472392798,Cholesterol metabolism
ACACT4p,-0.41684221074357003,0,13.480416347061842,32.75206685186922,Fatty acid oxidation
ACACtx,0.7891316069793456,0,-7.990888952894468,-67.79940696036518,"Transport, peroxisomal"
ACALDtm,0.9970300556409929,0,-0.4464568763773219,-300.20353680000306,"Transport, mitochondrial"
ACALDtx,-0.7687070201220139,0,20.832537953029014,159.30728266771604,"Transport, peroxisomal"
ACCOAgt,-0.8412804832525278,0,7.279621353662177,84.44975765199959,"Transport, extracellular"
ACCOALm,-0.6145644477598124,0,0.20054384557465765,0.8400651195769898,Propanoate metabolism
ACCOAtr,-0.5321990976805521,0,-664.7494236989021,-202.95690076663493,"Transport, endoplasmic reticular"
ACETONEt2,-2.1636668299305457,0,-13.363286401935468,36.33083356959524,"Transport, extracellular"
ACETONEt2m,-2.1636668299305457,0,-13.363286401935468,36.33083356959524,"Transport, mitochondrial"
ACGAMPM,0.3574717944661907,0,127.84387248928547,60.51197108764649,Aminosugar metabolism
ACGAMtly,-0.38552134269137744,0,11.790043523283304,26.584091633576154,"Transport, lysosomal"
ACGPID,0.8944552624026433,0,94.24617433198691,5.250684952469543,Phosphatidylinositol phosphate metabolism
ACNAM9PL2,-0.3781864353160464,0,1.1761803145499252,2.6068838749478935,Aminosugar metabolism
ACNGALACGLCGAL14ACGLCGALGLUSIDEte,1,0,NA,-0.6765472104988941,"Transport, extracellular"
ACNMLr,2.7098678878700633,0,3.853559289373293,-8.360994415456126,Aminosugar metabolism
ACOAD10m,0.4899020511263705,0,48.35300667906776,16.5546248561902,"Valine, leucine, and isoleucine metabolism"
ACOAD1fm,-0.689317179920571,0,7.834643835779245,42.600355008226636,Butanoate metabolism
ACOAD9m,0.9512522771430514,0,570.8844177732468,14.262284639947861,"Valine, leucine, and isoleucine metabolism"
ACS2,-0.6998573216198158,0,0.17960213444388357,1.0171762471789094,Propanoate metabolism
ACt2m,1,0,NA,-300.20353680000306,"Transport, mitochondrial"
ADA,0.39428028563037615,0,12.257646428470883,5.325111579082824,Purine catabolism
ADEt,-0.8950264159638964,0,-823.7134277702331,-45.628994932887984,"Transport, extracellular"
ADK1m,0.6673618556476468,0,-113.91668164965958,-571.0118725993157,Nucleotide interconversion
ADK3,1.110015375794211,0,342.10514899871947,-17.837228562404295,Nucleotide interconversion
ADK3m,-0.6508626223531262,0,123.7786174294211,585.2753272594451,Nucleotide interconversion
ADMDC,-0.34048645817877876,0,60.31096216708869,122.58433366123438,Arginine and proline metabolism
ADNCYC,-0.4846122974368195,0,0.8207128142526257,2.3641238055230116,Nucleotide interconversion
ADNK1m,0.46667144847356473,0,7.091783883624317,2.5787989739135138,Nucleotide interconversion
ADNtl,0.4529885238996986,0,2.317303920595231,0.8724032002508204,"Transport, lysosomal"
ADNtm,0.9024469417436276,0,6.32300545265238,0.3242290261785816,"Transport, mitochondrial"
ADRNCRNt,0.8579307620911416,0,28.167667333351122,2.153879527359444,Fatty acid oxidation
AG13T1g,-0.3640603747242017,0,0.025346690384699132,0.054367450320738496,Keratan sulfate synthesis
AG13T2g,-0.3640603747242017,0,0.025346690384699132,0.054367450320738496,Keratan sulfate synthesis
AG13T3g,-0.3640603747242017,0,0.025346690384699132,0.054367450320738496,Keratan sulfate synthesis
AGMTm,-1,0,NA,5.588899424341245,Arginine and proline metabolism
AGPAT1,-0.48361481945529033,0,1.7109599205464598,4.915721033936593,Triacylglycerol synthesis
AGTix,-1,0,NA,40.890506159064174,Alanine and aspartate metabolism
AHANDROSTANGLCte,-0.45342910905310074,0,0.49040591799826044,1.304076467072278,"Transport, extracellular"
AHANDROSTANGLCtr,0.45342910905310074,0,-0.49040591799826044,-1.304076467072278,"Transport, endoplasmic reticular"
AHCYStr,1,0,877.7081689373016,NA,"Transport, endoplasmic reticular"
AHEXASE2ly,-0.3667731074463709,0,0.12093742408469826,0.2610344267853463,N-glycan degradation
AHEXASEly,-0.36926464334198816,0,0.0688526143284433,0.14947227772537436,N-glycan degradation
AKGMALtm,0.9087930393549257,0,-3.814477594958991,-79.82996287275424,"Transport, mitochondrial"
AKR1D,1,0,30.593921046282862,NA,Bile acid synthesis
AKR1D2,1,0,3.873999476946797,NA,Bile acid synthesis
ALACYSNaEx,-0.45903362415640836,0,105.15766525358259,283.6194194204807,"Transport, extracellular"
ALADGLNexR,-1,0,-700.2485725259304,NA,"Transport, extracellular"
ALAGLNNaEx,-0.4205776031175401,0,69.45906671746224,170.29371843955516,"Transport, extracellular"
ALASERNaEx,0.5547317802044508,0,24.736298212948302,7.084365039584454,"Transport, extracellular"
ALASm,0.6969387469295807,0,34.794500587208105,6.214051607342028,"Glycine, serine, alanine, and threonine metabolism"
ALAt4,-0.462572776842253,0,23.76049449832196,64.66262020254135,"Transport, extracellular"
ALCD2if,-0.3353726500976402,0,70.37172621937394,141.39123005894422,Glycolysis/gluconeogenesis
ALCD2yf,-0.43147247551916923,0,77.66385251182913,195.54667527308465,Glycolysis/gluconeogenesis
ALDD20x,-0.42046599226717996,0,1.1928715351649377,2.9237860526495876,Tryptophan metabolism
ALDD20xm,-0.7795740882795089,0,0.7924458937340214,6.3976878573185765,Tryptophan metabolism
ALDD21,-0.4914681179782019,0,0.15260913974778567,0.4475858338340049,Fatty acid oxidation
ALDD2xm,-0.9970300556409929,0,0.4464568763773219,300.20353680000306,Glycolysis/gluconeogenesis
ALOX52,0.33792886547122325,0,806.3232489862442,399.0072731297493,Eicosanoid metabolism
AMACR2p,0.6417232061626353,0,591.7157713363647,129.1314081579685,Bile acid synthesis
AMETr,-1,0,-877.7081689373016,NA,"Transport, endoplasmic reticular"
AMETt2m,-1.130961882776599,0,-211.0715602123916,12.971761320287781,"Transport, mitochondrial"
AMPDA,-0.9684866818081643,0,14.640704082968877,914.5349538940429,Nucleotide interconversion
AMY1e,1,0,4.527420949853046,NA,Starch and sucrose metabolism
AMY2e,1,0,0.6326623742908725,NA,Starch and sucrose metabolism
ANDRSTRNGLCte,-0.4039948696762522,0,0.47201441163148555,1.1119129326686852,"Transport, extracellular"
ANDRSTRNGLCtr,0.4039948696762522,0,-0.47201441163148555,-1.1119129326686852,"Transport, endoplasmic reticular"
ANDRSTRNte,1,0,780.7516158099174,NA,"Transport, extracellular"
ANDRSTRNtr,-1.003326960976164,0,-0.8694073731911718,523.5129727291107,"Transport, endoplasmic reticular"
APOCF,-0.4222414813238774,0,0.31449217578487476,0.7741708750187827,Biotin metabolism
APOCFm,-0.3868598109530921,0,0.8317707973431483,1.881379676893712,Biotin metabolism
APOC_LYS_BTNP,-0.4222414813238774,0,0.31449217578487476,0.7741708750187827,Biotin metabolism
APOC_LYS_BTNPm,-0.3868598109530921,0,0.8317707973431483,1.881379676893712,Biotin metabolism
APRTO2,-0.6390959330879925,0,1.377163487793647,6.254579205365944,Arginine and proline metabolism
ARACHCPT1,0.9825322331713467,0,325.9491253973961,2.871884363432246,Fatty acid oxidation
ARACHCPT2,0.9825322331713467,0,325.9491253973961,2.871884363432246,Fatty acid oxidation
ARACHCRNt,-1,0,NA,2.871884363432246,Fatty acid oxidation
ARGLYSex,1,0,385.6237512998342,NA,"Transport, extracellular"
ARGNm,-0.9520548630260903,0,1.9578998394552851,79.71461015965939,Urea cycle
ARGtm,-0.5833667490773115,0,25.616007179624237,97.35068893929692,"Transport, mitochondrial"
R_group_phosphotase_1,-0.47995256765051786,0,2.004264423058252,5.70374180246368,Miscellaneous
R_group_phosphotase_2,-0.48361481945529033,0,1.7109599205464598,4.915721033936593,Miscellaneous
R_group_phosphotase_3,-0.4909435323840221,0,0.6824407002081396,1.9987577271653805,Miscellaneous
ARTPLM3m,-0.4968400320604448,0,0.4385727200043351,1.3047007832526691,R group synthesis
ASAH1,-0.773692871305284,0,1.114915052205573,8.73819968294333,Sphingolipid metabolism
ASCBOX,-0.8342838167758153,0,4.306174951529503,47.664306962165234,Vitamin C metabolism
ASNALANaEx,0.9794107767594721,0,114.38254302260727,1.1897720982237123,"Transport, extracellular"
ASNCYSNaEx,0.5683881862324902,0,251.09410904200672,69.09971956004799,"Transport, extracellular"
ASNGLNNaEx,0.3647328143401616,0,25.27815405931352,11.76668547806556,"Transport, extracellular"
ASNSERNaEx,0.5079233045236293,0,75.43283953551203,24.61580260592918,"Transport, extracellular"
ASNt4,0.6983192115373732,0,144.17191617824733,25.609966048402246,"Transport, extracellular"
ASNTHRNaEx,-0.5570166622890744,0,76.60418337934911,269.2516394387007,"Transport, extracellular"
ASPCTr,0.8221570077178305,0,-19.343152274456248,-198.18751369371415,Pyrimidine synthesis
ASPDxt,0.7435045583818537,0,-4.058060211393855,-27.58429714040057,"Transport, peroxisomal"
ASPGLUm,-0.6794385610738889,0,6.0905537434339525,31.90873752402142,"Transport, mitochondrial"
ATP1ter,-0.3353857426909848,0,1.9076289835326141,3.8329309354089203,"Transport, endoplasmic reticular"
ATPH1e,-0.997748094537205,0,0.35946282108781813,318.8926789999008,Nucleotide interconversion
ATPH2e,-0.8109088687035063,0,0.3796719512081091,3.6360843521669657,Nucleotide interconversion
ATPtn,-0.4347690510368679,0,1.3207350944979117,3.3525231441766956,"Transport, nuclear"
B3GALT3g,-0.42361669386123085,0,0.5235574963028193,1.2931415327171796,Sphingolipid metabolism
B3GALT41g,-0.423803203142631,0,0.09469205167434963,0.2339874973644819,Sphingolipid metabolism
B3GALT42g,-0.40602482806064083,0,0.13229546903751285,0.3131624399372391,Sphingolipid metabolism
B3GALT43g,-0.5742792814910903,0,0.08102085375778988,0.29960827813678215,Sphingolipid metabolism
B3GALT44g,-0.4434466554335635,0,0.08977685644383991,0.232840399638872,Sphingolipid metabolism
B3GNT51g,0.9293014579307755,0,5.2122351794431685,0.1910004403893305,Blood group synthesis
BAAT3x,0.6415663703651915,0,593.7913674835205,129.65348153762818,Bile acid synthesis
BACCL,-0.4222414813238774,0,0.31449217578487476,0.7741708750187827,Biotin metabolism
BACCLm,-0.3868598109530921,0,0.8317707973431483,1.881379676893712,Biotin metabolism
BAMPPALDOX,-0.7111694313956562,0,1.4890916085031554,8.822085741585411,Beta-Alanine metabolism
BDHm,0.6582925731352259,0,-27.81098981736437,-134.96562918992564,Butanoate metabolism
BHBtm,0.6582925731352259,0,-27.81098981736437,-134.96562918992564,"Transport, mitochondrial"
BILDGLCURt,-0.38460306957611595,0,0.8240075010395667,1.8539632859514967,"Transport, extracellular"
BILDGLCURtr,-0.42996318363288655,0,0.5460793059763331,1.3698646832436498,"Transport, endoplasmic reticular"
BILGLCURt,1,0,NA,-546.760737914896,"Transport, extracellular"
BILGLCURtr,0.4427833314570098,0,956.7211576623916,369.49482612810135,"Transport, endoplasmic reticular"
BILIRUBtr,-0.44325796198370127,0,-956.5061681232453,-368.97575308308603,"Transport, endoplasmic reticular"
BMTer_U,0.8586233043248962,0,42.87051400515884,3.2609575043201677,Phosphatidylinositol phosphate metabolism
BTND1,-0.4222414813238774,0,0.31449217578487476,0.7741708750187827,Biotin metabolism
BTNDm,-0.3868598109530921,0,0.8317707973431483,1.881379676893712,Biotin metabolism
BTNPL,-0.4222414813238774,0,0.31449217578487476,0.7741708750187827,Biotin metabolism
BTNPLm,-0.3868598109530921,0,0.8317707973431483,1.881379676893712,Biotin metabolism
BTNt2m,-0.7488941644526357,0,1.2826988981448486,8.933701651438575,"Transport, mitochondrial"
BUTt2m,-0.37169034241510734,0,1.0080000704549958,2.200609118617678,"Transport, mitochondrial"
C160CPT1,-0.4114151118600266,0,-235.6373176737845,-98.26489960267786,Fatty acid oxidation
C161CPT1,2.8791025392746588,0,313.83360632535295,-152.02627942543774,Fatty acid oxidation
C161CPT2,1.4636903546822904,0,314.2009618290715,-59.1356601105121,Fatty acid oxidation
C161CPT22,-0.7628679263399508,0,12.621466420724621,93.82947651514039,Fatty acid oxidation
C161CRNt,8.405410115600226,0,75.10659465360702,-59.1356601105121,Fatty acid oxidation
C180CPT1,-3.469879774820001,0,-298.58636345193383,540.3684667720795,Fatty acid oxidation
C180CPT2,-1.4144352472544066,0,-305.3976368851453,52.421180189998424,Fatty acid oxidation
C181CPT1,0.4580806119981564,0,517.372287966919,192.28983045040368,Fatty acid oxidation
C181CPT2,0.5277196191295918,0,-0.21364681212284872,-0.6910988465009532,Fatty acid oxidation
C204CPT1,1.2910259333136458,0,3.0213522684583625,-0.38379830232895906,Fatty acid oxidation
C204CPT2,0.3341971552629853,0,3.0213522684583625,1.507741886090063,Fatty acid oxidation
C204CRNt,-1,0,NA,1.5077418860900615,Fatty acid oxidation
C226COAtx,1,0,NA,-6.181079538366786,"Transport, peroxisomal"
C226CPT1,-0.9542816387844234,0,13.629874470955878,582.6239766540527,Fatty acid oxidation
C226CPT2,-0.9542816387844234,0,13.629874470955878,582.6239766540527,Fatty acid oxidation
C3STDH1r,0.5142246201621106,0,0.7603290727611042,0.2439196531375732,Cholesterol metabolism
C3STKR2r,-0.7912268485797537,0,0.06951969550906797,0.5964634065913502,Cholesterol metabolism
C4STMO1r,-0.5459645378189392,0,0.03972424426637031,0.13525875849533478,Cholesterol metabolism
C4STMO2Pr,-0.7212633699937957,0,0.049378502200722395,0.30492370917080264,Cholesterol metabolism
C4STMO2r,-0.8707575992464468,0,0.020141193284162317,0.2915396973017172,Cholesterol metabolism
CAATPS,1,0,12.555525186409527,NA,"Transport, extracellular"
CAT2p,-0.7687070201220139,0,20.832537953029014,159.30728266771604,Glycolysis/gluconeogenesis
CATm,-0.40063285490522177,0,70.69397175183296,165.20141334023475,ROS detoxification
CBPPer,-0.8186421695395674,0,19.879682020440324,199.3518997642517,Glycolysis/gluconeogenesis
CBPter,-0.8186421695395674,0,19.879682020440324,199.3518997642517,"Transport, endoplasmic reticular"
CBR2,-1,0,NA,386.578719037199,Eicosanoid metabolism
CDPDAGtm,0.5738584734834923,0,-1.3734757791613381,-5.072625779580476,"Transport, mitochondrial"
CDS,-0.4405370722143595,0,0.3848774682777981,0.9910044683543456,Glycerophospholipid metabolism
CEPTE,-0.3421016637779781,0,0.6567179825552513,1.339693761929318,Glycerophospholipid metabolism
CERT1gt,-0.5582238838707579,0,15.260859423712557,53.82779823132455,"Transport, golgi apparatus"
CERT1rt,-0.5673785350576632,0,5.465751306375395,19.802302867052703,"Transport, endoplasmic reticular"
CHAT,-1,0,NA,11.990568828224704,Glycerophospholipid metabolism
CHLtm,0.6536373778428998,0,-0.8760027288316269,-4.1822955562200255,"Transport, mitochondrial"
CHOLK,-0.793753050706378,0,2.018419123837231,17.554419463595377,Glycerophospholipid metabolism
CHOLPtg,-1,0,-7.974719076436638,NA,"Transport, golgi apparatus"
CHOLPtl,0.773692871305284,0,-1.114915052205573,-8.73819968294333,"Transport, lysosomal"
CHOLtg,-0.701751710526986,0,21.522919647265883,122.80595268454552,"Transport, golgi apparatus"
CHOLtr,-0.6810720640203418,0,52.49022209288301,276.6764401604414,"Transport, endoplasmic reticular"
CHSTEROLt1,0.9843433412988238,0,474.4360450514793,3.7433457599353046,"Transport, mitochondrial"
CHSTEROLt2,-1,0,-467.5325759778857,NA,"Transport, mitochondrial"
CITMCOAHm,-1,0,NA,1.0068704354129543,C5-branched dibasic acid metabolism
CITMCOALm,-1,0,NA,1.0068704354129543,C5-branched dibasic acid metabolism
CITRtm,1.2563826191126168,0,378.1675344114214,-42.96947783345859,"Transport, mitochondrial"
CITtam,1.1126286904442526,0,25.021834390508012,-469.3461764708757,"Transport, mitochondrial"
CKc,-0.8979456781720849,0,1.5295095161578678,28.444909768837086,Urea cycle
CLFORtex,-0.7962847280846292,0,58.81148969268054,518.577619525528,"Transport, extracellular"
CLI2tex,0.8238594999699229,0,204.41939866770505,19.74194563658606,"Transport, extracellular"
CLOXAtex2,-0.6052520279439868,0,40.212177213511055,163.52377615475655,"Transport, extracellular"
CLPNDCPT1,-0.4324830650805437,0,0.2129520834292086,0.5375174455882167,Fatty acid oxidation
CLPNDCPT2,-0.43248306508055473,0,0.21295208342920277,0.5375174455882167,Fatty acid oxidation
CLPNDCRNt,-1,0,-109.06376929546707,NA,Fatty acid oxidation
CMPACNAtg,-0.503493721891418,0,2.6222652995162177,7.9406033494185655,"Transport, golgi apparatus"
CMPACNAtn,-0.6426837274146694,0,0.5109161684556306,2.348825789328388,"Transport, nuclear"
CMPSAS,-0.6390264569629429,0,4.70297094162032,21.354179408246278,Aminosugar metabolism
CMPSASn,-0.6426837274146694,0,0.5109161684556306,2.348825789328388,Aminosugar metabolism
CO2ter,0.7634007720207252,0,-26.995415507893266,-201.1998811416626,"Transport, endoplasmic reticular"
CO2tg,0.37817126262441053,0,-0.06977636394192252,-0.15464672797374443,"Transport, golgi apparatus"
CO2tp,0.6649934580198885,0,233.92731662470996,47.06756116046831,"Transport, peroxisomal"
COAtg,0.8412804832525278,0,-7.279621353662177,-84.44975765199959,"Transport, golgi apparatus"
COAtm,-1.5643011533319764,0,-106.20701182872318,482.62662820417285,"Transport, mitochondrial"
COAtr,3.033125158486066,0,413.0787638349473,-208.23574627285078,"Transport, endoplasmic reticular"
COQ3m,-0.38650113555392357,0,0.0515167132473076,0.11642724307548578,Ubiquinone synthesis
COQ5m,-0.38650113555392357,0,0.0515167132473076,0.11642724307548578,Ubiquinone synthesis
COQ6m,-0.38650113555392357,0,0.0515167132473076,0.11642724307548578,Ubiquinone synthesis
COQ7m,-0.38650113555392357,0,0.0515167132473076,0.11642724307548578,Ubiquinone synthesis
CORE2GTg,-0.3640603747242017,0,0.025346690384699132,0.054367450320738496,O-glycan metabolism
COUCOAFm,-0.5421240168927691,0,0.042050207038574226,0.14162488661108072,Ubiquinone synthesis
CREATt4_2_r,0.3760386403173554,0,-370.3411643453926,-816.7232543030739,"Transport, extracellular"
CRNCAR3tp,1,0,87.71654636014699,NA,"Transport, peroxisomal"
CRNCARtp,-0.5174854981927876,0,23.312198995042728,73.31577346062065,"Transport, peroxisomal"
CRNtHa,1,0,126.36071609418393,NA,"Transport, extracellular"
CRNtx,-0.4471791195663733,0,1.0544892580522922,2.7604507898893207,"Transport, peroxisomal"
CSCPASEly,-0.42400422762024076,0,4.908382441735826,12.134737237620726,Chondroitin sulfate degradation
CSm,-0.7866961605475297,0,31.27391921604425,261.95961372289656,Citric acid cycle
CSNAT2m,-0.5224129703198399,0,56.52323002664223,180.18014135467783,Fatty acid oxidation
CSNAT2x,-0.37049781030058954,0,-387.33901995649336,-177.91401006701142,Fatty acid oxidation
CSNATer,-0.5321990976805521,0,-664.7494236989021,-202.95690076663493,Fatty acid oxidation
CSNATp,-3.8447655288309424,0,-96.70878151441329,164.69946864436864,Fatty acid oxidation
CSNATr,0.5650936914185156,0,-162.40199177993983,-584.4346881000996,Fatty acid oxidation
CSPG_At,-0.6637095791718957,0,0.05778409921032612,0.28587183406326894,"Transport, extracellular"
CSPG_Bt,-0.4441784411913632,0,0.03773473634358478,0.09804530221579189,"Transport, extracellular"
CSPG_Ct,0.3326492464978423,0,0.23415254789908044,0.11725656971296267,"Transport, extracellular"
CSPG_Ctly,-0.42400422762024076,0,4.908382441735826,12.134737237620726,"Transport, lysosomal"
CTPtn,-0.6426837274147832,0,0.5109161684554326,2.348825789328388,"Transport, nuclear"
CYANt,-0.6575819978210433,0,2.4528664194888026,11.873871099450811,"Transport, extracellular"
CYSALANaEx,0.7739816140819287,0,292.0320052690387,37.20703864311725,"Transport, extracellular"
CYSASNNaEx,0.973110416689078,0,269.53503998879194,3.6732282449519684,"Transport, extracellular"
CYSGLNNaEx,-0.9917024701986404,0,1.0412561622837955,249.93853835756778,"Transport, extracellular"
CYSGLYexR,1,0,635.65319153747555,NA,"Transport, extracellular"
CYStec,1,0,NA,-552.2465170381904,"Transport, extracellular"
CYSTGLUex,1,0,55.47161743842661,NA,"Transport, extracellular"
CYTDK1,0.8360967777430105,0,155.4010703930378,13.872218767745792,Nucleotide interconversion
CYTDK2m,-0.5738584734834923,0,1.3734757791613381,5.072625779580475,Nucleotide interconversion
CYTDt,-0.8375226554540913,0,17.43096652904153,197.13392038190068,"Transport, extracellular"
CYTDtl,0.7061465928719179,0,4.4201045941061095,0.7612844056114907,"Transport, lysosomal"
CYTDtm,-0.5738584734834923,0,1.3734757791613381,5.072625779580475,"Transport, mitochondrial"
CYTK10n,0.6229549263228901,0,-112.9923090075031,-486.3647275693297,Nucleotide interconversion
CYTK11n,1.4870105629236354,0,313.37791239892846,-61.36618629629926,Nucleotide interconversion
CYTK12,0.9609849722065016,0,-4.804203598270516,-241.47031522040368,Nucleotide interconversion
CYTK12n,0.965747491027876,0,271.77132917621134,4.73552678228609,Nucleotide interconversion
CYTK13n,-3.5612028613887183,0,-350.5426130457759,196.8363983921051,Nucleotide interconversion
CYTK14n,0.4589948069694089,0,196.91439802297353,73.01719745953497,Nucleotide interconversion
CYTK3n,-1.0069882597565096,0,-709.0442331411361,2.468866101213079,Nucleotide interconversion
CYTK4n,3.6023416004561786,0,436.7845453233123,-246.97484267976284,Nucleotide interconversion
CYTK5,0.9233871109583437,0,162.0737966392141,6.455768434620114,Nucleotide interconversion
CYTK5n,-1.9552277574920967,0,-153.28104386638404,474.2119269236684,Nucleotide interconversion
CYTK6,13.83894690955866,0,427.1094534658857,-369.5434474589825,Nucleotide interconversion
CYTK6n,0.726176784134937,0,554.1651578897595,87.90715241242778,Nucleotide interconversion
CYTK7,-1.6022420086935298,0,-466.6059841148343,107.98754466454163,Nucleotide interconversion
CYTK7n,-6.718876761360155,0,-599.0334623409271,808.5268602012634,Nucleotide interconversion
CYTK8,-1.7882342902838446,0,-84.54813155068628,299.07351465788486,Nucleotide interconversion
CYTK8n,2.0562260145190403,0,706.3661791379928,-244.11883500683308,Nucleotide interconversion
CYTK9,7.715421800921334,0,99.91661041954644,-76.98791856690795,Nucleotide interconversion
D3AIBTm,0.4874772625168854,0,-101.21923355742469,-293.7651296904962,Pyrimidine catabolism
DAG_HSter,0.8892805335640539,0,189.74496982512474,11.119821246615425,"Transport, endoplasmic reticular"
DAGK_hs,-0.7992496820898258,0,7.9421735143096415,71.18271751438975,Glycerophospholipid metabolism
DASCBR,0.5783267507932317,0,731.0212136036873,195.30308931558133,Vitamin C metabolism
DASPO1p,-0.7435045583816645,0,4.058060211397396,27.584297140401315,Alanine and aspartate metabolism
DCIm,-0.40516256818642343,0,-108.41583696659804,-45.89490176383257,Fatty acid oxidation
DCK1n,-2.4662017409749666,0,-353.9513037658691,149.7212385727737,Nucleotide interconversion
DCSPTN1CPT1,-0.6606712350950845,0,1.0179752550548873,4.9819596773115915,Fatty acid oxidation
DCSPTN1CPT2,-0.6606712350950845,0,1.0179752550548873,4.9819596773115915,Fatty acid oxidation
DCSPTN1t,-0.6849011074598276,0,1.0179752550548873,5.443331205583364,"Transport, extracellular"
DCYTD,-0.49689205872503256,0,5.681582949515074,16.904357296694936,Pyrimidine catabolism
DDPGAm,-0.34519288100632156,0,2.399929422833351,4.93025790476203,Arginine and proline metabolism
DECDPtm,-0.41347674442804194,0,0.05876735495832509,0.14162488661108072,"Transport, mitochondrial"
DESAT16_2,-0.8613383413748819,0,1.9056078379347374,25.58011325944066,Fatty acid synthesis
DESAT18_10,-1,0,NA,10.711278888233261,Fatty acid synthesis
DESAT18_3,-0.8588453080315701,0,2.539435635436692,33.44145313310176,Fatty acid synthesis
DESAT18_5,0.6962457119078249,0,84.07894513693154,15.056391856628325,Fatty acid synthesis
DESAT18_6,-1,0,NA,2.680074889866647,Fatty acid synthesis
DESAT18_9,-0.7259764656683537,0,28.921301576776056,182.1649589323163,Fatty acid synthesis
DESAT20_1,0.403435707908286,0,3.9143123281913574,1.6638731293032958,Fatty acid synthesis
DESAT22_1p,-0.7875838256761076,0,0.6325615918279919,5.323308707045401,Fatty acid synthesis
DESAT22_2p,-1,0,NA,6.181079538366786,Fatty acid synthesis
DESAT24_1,-1,0,NA,0.4051449381964081,Fatty acid synthesis
DGAT,-0.4799840065163005,0,0.2438679805602101,0.6940569433502481,Triacylglycerol synthesis
DGCHOLtx,0.6415663703651915,0,593.7913674835205,129.65348153762818,"Transport, peroxisomal"
DGK2m,0.9322787972197235,0,810.8641277355194,28.418618524739145,Nucleotide interconversion
DGNSKm,0.9322787972197235,0,810.8641277355194,28.418618524739145,Nucleotide interconversion
DGSNtm,0.9322787972197235,0,810.8641277355194,28.418618524739145,"Transport, mitochondrial"
DHAAt1r,0.6678032272671849,0,724.2590127569199,144.2595281787157,"Transport, extracellular"
DHCR241r,-0.6090504179364349,0,0.015162800042635677,0.06240628169215608,Cholesterol metabolism
DHCR242r,-0.9754048219870116,0,7.298587196187036,586.1988204934597,Cholesterol metabolism
DHCR243r,-0.718738614768427,0,0.013213379793590684,0.08074462857440212,Cholesterol metabolism
DHCR71r,0.47118771379909946,0,0.7678414135240309,0.27599739279825297,Cholesterol metabolism
DHDPBMTm,-0.41347674442804194,0,0.05876735495832509,0.14162488661108072,Ubiquinone synthesis
DHEASt,-1,0,NA,746.0850565582275,"Transport, extracellular"
DHFtl,0.37779889513890114,0,-0.41950611958697265,-0.9289521724651567,"Transport, lysosomal"
DHORD9,-0.9715624538080809,0,2.7184510470981933,188.46900435091257,Pyrimidine synthesis
DHPM1,-1,0,NA,864.7449519485474,Pyrimidine catabolism
DIGALSGALSIDEtg,0.41709049723891,0,-0.0906685697677476,-0.22042112541915285,"Transport, golgi apparatus"
DINt,0.8657296655581255,0,846.0617011199951,60.8882356672287,"Transport, extracellular"
DLNLCGCPT1,0.49658807405711625,0,-57.464732248894315,-170.83630428798804,Fatty acid oxidation
DLNLCGCRNt,-1,0,NA,1.6392547935303767,Fatty acid oxidation
DLNLCGt,-1.1879625249708832,0,-0.07584171261767879,0.8828293036752825,"Transport, extracellular"
DM_dctp_m_,-0.7869781793968473,0,3.3877223163462067,28.418618524739145,Exchange/demand reaction
DM_dttp_m_,-0.6547466698303935,0,3.410608562657749,16.34652780432403,Exchange/demand reaction
DM_ethamp_r_,-0.9866340210980438,0,3.2958685021655,489.8769138793945,Exchange/demand reaction
DM_gpi_sig_er_,0.8944552624026433,0,94.24617433198691,5.250684952469543,Exchange/demand reaction
DM_kdn_c_,-0.3781864353160464,0,1.1761803145499252,2.6068838749478935,Exchange/demand reaction
DM_mem2emgacpail_prot_hs_r_,0.9726661950529285,0,87.75872531644106,1.2160090167403454,Exchange/demand reaction
DMATTx,0.599723755249656,0,1.6266443439405556,0.4070122028257931,Cholesterol metabolism
DMHPTCRNCPT2,0.7156375315687499,0,-0.27044092438868633,-1.6316450005270373,Fatty acid oxidation
DMHPTCRNt,0.7156375315687499,0,-0.27044092438868633,-1.6316450005270373,Fatty acid oxidation
DMHPTCRNte,-0.7156375315687499,0,0.27044092438868633,1.6316450005270373,"Transport, extracellular"
DMNONCOACRNCPT1,0.3650162351284567,0,388.3935089188099,180.67446100501977,Fatty acid oxidation
DMNONCRNCPT2,-0.4471791195663733,0,1.0544892580522922,2.7604507898893207,Fatty acid oxidation
DNDPt24m,-1,0,NA,14.481302679189016,"Transport, mitochondrial"
DNDPt38m,-1,0,NA,4.509976700821763,"Transport, mitochondrial"
DOLICHOL_Uter,-0.3531965817716254,0,0.3038669901855377,0.6357291270330258,N-glycan synthesis
DOLK_U,-0.3531965817716254,0,0.3038669901855377,0.6357291270330258,N-glycan synthesis
DOLMANP_Uter,0.912415055771664,0,370.4972484492779,16.96806388563402,N-glycan synthesis
DOLPGT3_Uer,-0.3531965817716254,0,0.3038669901855377,0.6357291270330258,N-glycan synthesis
DOLPMT3_Uer,0.912415055771664,0,370.4972484492779,16.96806388563402,N-glycan synthesis
DOLPMT4_Uer,0.9154916006639351,0,370.19338149776456,16.332334792978315,N-glycan synthesis
DOPAMT,0.9914613345058617,0,339.6773988634586,1.456413757354593,Tyrosine metabolism
DPHMBDCm,-0.41347674442804194,0,0.05876735495832509,0.14162488661108072,Ubiquinone synthesis
DPMVDx,0.7971395826406917,0,6.646595129635791,0.7502650740322814,Cholesterol metabolism
DPPS,-0.41347674442804194,0,0.05876735495832509,0.14162488661108072,Miscellaneous
DRIBt,1,0,0.386049082089022,NA,"Transport, extracellular"
DUDPtn,1.3738786891106924,0,27.157954343190788,-4.277295388065529,"Transport, nuclear"
DURIK1,-0.8185994486135884,0,37.136802275455,372.3085052677155,Nucleotide interconversion
DUTPDPm,-0.4071642392397851,0,0.35100485622542155,0.8331506197374834,Nucleotide interconversion
EBP1r,-0.37263539792517064,0,0.18660554005212734,0.40828151425403775,Cholesterol metabolism
EBP2r,0.6040260011930197,0,0.7622941138776514,0.1881818925096304,Cholesterol metabolism
ECOAH12m,0.8963733528090142,0,269.2740621765077,14.714385327929026,"Valine, leucine, and isoleucine metabolism"
ECOAH1m,0.3608961334840537,0,269.92953999472854,126.76427572459058,Tryptophan metabolism
ECOAH1x,-0.7569357926104555,0,-221.9040542956829,-30.699433240965007,Tryptophan metabolism
EHGLAT2m,-0.42939128038032703,0,1.3336648121088677,3.3408687737003127,Arginine and proline metabolism
EICOSTETCRNt,-1,0,-321.2124686928749,NA,Fatty acid oxidation
EICOSTETt,-1.935215209222404,0,-0.20963201539325102,0.6579395564298262,"Transport, extracellular"
ELAIDCPT2,-0.33049230447718403,0,152.10142630444764,302.2665438371718,Fatty acid oxidation
ELAIDCRNt,1,0,144.12304310116693,NA,Fatty acid oxidation
ENGASE2ly,-0.3667731074463709,0,0.12093742408469826,0.2610344267853463,N-glycan degradation
ENGASEly,-0.36926464334198816,0,0.0688526143284433,0.14947227772537436,N-glycan degradation
ESTRADIOLGLCt,-0.34093012094198905,0,0.22363233638502797,0.45499778612841185,"Transport, extracellular"
ESTRADIOLGLCt2,-0.34093012094198905,0,0.22363233638502797,0.45499778612841185,"Transport, extracellular"
ESTRADIOLt,-0.5891970875331656,0,-169.8337634215951,-43.90154323595725,"Transport, extracellular"
ESTRIOLGLCte,-0.48748687005084834,0,0.6739613224798766,1.9560642635836172,"Transport, extracellular"
ESTRIOLGLCtr,0.48748687005084834,0,-0.6739613224798766,-1.9560642635836172,"Transport, endoplasmic reticular"
ESTRONESt,0.5619331924749602,0,172.02740243005752,48.247578931304815,"Transport, extracellular"
ESTSULT,0.5107490298292237,0,1.2996446406641355,0.42088552682642183,Steroid metabolism
ETF,-0.6080725255399698,0,0.23249661293834942,0.95393010164024306,Fatty acid oxidation
ETFQO,-0.6080725255399698,0,0.23249661293834942,0.95393010164024306,Fatty acid oxidation
ETHAK,-0.6042861833978938,0,0.8425410049096513,3.4157940319831024,Glycerophospholipid metabolism
ETOHtx,-0.7687070201220139,0,20.832537953029014,159.30728266771604,"Transport, peroxisomal"
EX_10fthf[e],0.38738276671901045,0,271.91989715551136,120.06983153135776,Exchange/demand reaction
EX_10fthf7glu[e],-0.38738276671901045,0,-271.91989715551136,-120.06983153135776,Exchange/demand reaction
EX_2hb[e],1.4306754189376387,0,292.0768908002496,-51.751186656743684,Exchange/demand reaction
EX_34dhoxpeg[e],-1.1803160994493944,0,-16.225477089839615,196.1925143026568,Exchange/demand reaction
EX_35cgmp[e],-0.5873020431429413,0,0.11795437798317507,0.45367131593335436,Exchange/demand reaction
EX_4mptnl[e],-0.4829007570149989,0,1.3053343249956146,3.7433457599353046,Exchange/demand reaction
EX_4nph[e],0.3710936733914574,0,-0.19317947590479834,-0.42115518008934066,Exchange/demand reaction
EX_4nphsf[e],-0.3710936733914574,0,0.19317947590479834,0.42115518008934066,Exchange/demand reaction
EX_5fthf[e],0.8432235362966499,0,-6.244968856432138,-73.42220450510979,Exchange/demand reaction
EX_acngalacglcgal14acglcgalgluside_hs[e],-1,0,NA,0.6765472104988941,Exchange/demand reaction
EX_ahandrostanglc[e],-0.45342910905310074,0,0.49040591799826044,1.304076467072278,Exchange/demand reaction
EX_ala_B[e],-0.623996745185374,0,5.3279223130861295,23.011844669584576,Exchange/demand reaction
EX_amp[e],-0.700871787522184,0,-431.3961587558627,-75.86860031726776,Exchange/demand reaction
EX_andrstrn[e],-1,0,-780.7516158099174,NA,Exchange/demand reaction
EX_andrstrnglc[e],-0.4039948696762522,0,0.47201441163148555,1.1119129326686852,Exchange/demand reaction
EX_arach[e],-0.9891838217373142,0,-325.7467266749144,-1.7712463904543023,Exchange/demand reaction
EX_ascb_L[e],1.8585852325597747,0,646.1271953523636,-194.0663731016472,Exchange/demand reaction
EX_asp_D[e],0.7435045583816645,0,-4.058060211397396,-27.584297140401315,Exchange/demand reaction
EX_bhb[e],-0.6582925731352259,0,27.81098981736437,134.96562918992564,Exchange/demand reaction
EX_bilglcur[e],-1,0,NA,547.910418296194,Exchange/demand reaction
EX_bilirub[e],2.1880238497687636,0,160.768415758124,-431.41688092052937,Exchange/demand reaction
EX_camp[e],-0.5279407959292952,0,0.5515435954254154,1.7852124329256622,Exchange/demand reaction
EX_clpnd[e],1,0,0.9322684016791509,NA,Exchange/demand reaction
EX_creat[e],-1,0,-181.03212019729614,NA,Exchange/demand reaction
EX_cspg_c[e],0.43993398637011677,0,-4.674229899028782,-12.017480668210611,Exchange/demand reaction
EX_cyan[e],0.6575819978210433,0,-2.4528664194888026,-11.873871099450811,Exchange/demand reaction
EX_dcsptn1[e],0.6606712350950845,0,-1.0179752550548873,-4.9819596773115915,Exchange/demand reaction
EX_dhdascb[e],-1.8585852325597747,0,-646.1271953523636,194.0663731016472,Exchange/demand reaction
EX_digalsgalside_hs[e],-0.4170904972389133,0,0.09066856976774688,0.22042112541915285,Exchange/demand reaction
EX_dmhptcrn[e],-0.7156375315687499,0,0.27044092438868633,1.6316450005270373,Exchange/demand reaction
EX_estradiol[e],0.5891970875331656,0,169.8337634215951,43.90154323595725,Exchange/demand reaction
EX_estriolglc[e],-0.48748687005084834,0,0.6739613224798766,1.9560642635836172,Exchange/demand reaction
EX_estrones[e],-0.5619331924749602,0,-172.02740243005752,-48.247578931304815,Exchange/demand reaction
EX_fucacgalfucgalacglcgalgluside_hs[e],-1,0,NA,7.199514850568772,Exchange/demand reaction
EX_fuc_L[e],-0.7503548084278999,0,5.483097385062464,38.44402454773784,Exchange/demand reaction
EX_glyc_S[e],0.7754692827734352,0,848.1611894906044,107.26079130052923,Exchange/demand reaction
EX_glygn2[e],-1,0,-0.6326623742908725,NA,Exchange/demand reaction
EX_glygn4[e],1,0,0.6326623742908725,NA,Exchange/demand reaction
EX_gq1b_hs[e],-0.9383507808181143,0,-17.8786500317432,-0.5686302115130886,Exchange/demand reaction
EX_gsn[e],1,0,366.3136944046021,NA,Exchange/demand reaction
EX_gthox[e],-0.504797291755063,0,31.80809334941581,96.65684765281678,Exchange/demand reaction
EX_gtp[e],-0.4861583686347845,0,-209.8695159854889,-72.56272059812545,Exchange/demand reaction
EX_hdca[e],0.4612523927259653,0,269.54975724687205,99.38001640301356,Exchange/demand reaction
EX_hdcea[e],-1,0,NA,114.89538557431698,Exchange/demand reaction
EX_hista[e],0.5716476773633713,0,-74.40875498725772,-273.00971833512784,Exchange/demand reaction
EX_hom_L[e],-1,0,-0.7520927048616508,NA,Exchange/demand reaction
EX_inost[e],0.3336237403273873,0,-496.35482473163603,-993.3585842529296,Exchange/demand reaction
EX_ksii_core4[e],0.8582054166734412,0,-0.12468901104877068,-1.634038411727411,Exchange/demand reaction
EX_Lcystin[e],-1,0,-55.47161743842661,NA,Exchange/demand reaction
EX_leuktrC4[e],1.6073573306495725,0,801.5491728686333,-186.71271493753494,Exchange/demand reaction
EX_lneldc[e],1,0,6.426241725416563,NA,Exchange/demand reaction
EX_lnlc[e],20.161565369940718,0,166.79140238443017,-184.20035610655984,Exchange/demand reaction
EX_lnlnca[e],-0.38027306339521016,0,3.031692864821316,6.752270638300307,Exchange/demand reaction
EX_lnlncg[e],-1,0,NA,20.617502966347896,Exchange/demand reaction
EX_mag_hs[e],1,0,471.8745824394226,NA,Exchange/demand reaction
EX_n2m2nmasn[e],0.3667731074463709,0,-0.12093742408469826,-0.2610344267853463,Exchange/demand reaction
EX_oagd3_hs[e],-0.9032470860963548,0,18.515562922088243,364.2235645118952,Exchange/demand reaction
EX_oagt3_hs[e],-0.7919261444878316,0,0.9006088670954777,7.756018029913307,Exchange/demand reaction
EX_octa[e],0.8629133796265708,0,-0.7385954988613441,-10.037007500897216,Exchange/demand reaction
EX_oxa[e],-0.6793041950048629,0,4.9783254317543735,26.068700155810546,Exchange/demand reaction
EX_pchol_hs[e],-1.1122557617252598,0,-85.61238486068696,4.549867326579242,Exchange/demand reaction
EX_peplys[e],0.7814957034537249,0,-1.8299665117417425,-14.919969674105197,Exchange/demand reaction
EX_pglyc_hs[e],0.7023287325963163,0,3.0828967787269383,0.5390790708201004,Exchange/demand reaction
EX_phyt[e],0.4471791195663733,0,-1.0544892580522922,-2.7604507898893207,Exchange/demand reaction
EX_ps_hs[e],0.3349244903547272,0,-422.33989877285956,-847.7110733283996,Exchange/demand reaction
EX_retnglc[e],-0.6796219795304287,0,11.105297254361771,58.22091456307173,Exchange/demand reaction
EX_s2l2fn2m2masn[e],0.8164821019653674,0,-3.5868393609268314,-35.502964950693396,Exchange/demand reaction
EX_strch1[e],-1,0,-4.527420949853046,NA,Exchange/demand reaction
EX_strch2[e],1,0,4.527420949853046,NA,Exchange/demand reaction
EX_strdnc[e],1,0,NA,-13.034760632919118,Exchange/demand reaction
EX_tagat_D[e],0.6161754233941952,0,-0.6246581690180844,-2.6302567431117874,Exchange/demand reaction
EX_tcynt[e],-0.6575819978210433,0,2.4528664194888026,11.873871099450811,Exchange/demand reaction
EX_tetpent3[e],1,0,NA,-0.4051449381964081,Exchange/demand reaction
EX_tetpent6[e],0.7875838256761076,0,-0.6325615918279919,-5.323308707045401,Exchange/demand reaction
EX_triodthy[e],0.35566020247768504,0,271.85431128606797,129.21125188265367,Exchange/demand reaction
EX_triodthysuf[e],-1,0,NA,0.5136525620507019,Exchange/demand reaction
EX_tststerone[e],5.293375902700721,0,396.1528763221145,-270.2576866983354,Exchange/demand reaction
EX_ump[e],-2.155279018817321,0,-2.955905821380549,8.073121270175871,Exchange/demand reaction
EX_whtststerone[e],-0.7579788321851652,0,6.39341699500879,46.44011862283647,Exchange/demand reaction
EX_xoltri24[e],-0.37274674462959795,0,-2.7637679564431195,-1.2628567174166674,Exchange/demand reaction
FACOAL140i,-0.45423672141623045,0,0.22037438425476139,0.5872079244217137,Fatty acid oxidation
FACOAL180i,-0.5396279827188241,0,0.12885673282686913,0.4309372076817646,Fatty acid oxidation
FACOAL181i,-0.4983951210926421,0,0.21568608153188323,0.6442979042766703,Fatty acid oxidation
FACOAL191,-0.4914681179782019,0,0.15260913974778567,0.4475858338340049,Fatty acid oxidation
FACOAL203,-0.3491209910362433,0,0.7788492323572089,1.6143735375618562,Fatty acid oxidation
FACOAL204,-0.3531336026523758,0,0.33168515886116323,0.6938284872988074,Fatty acid oxidation
FACOAL2042,-0.6005297094617992,0,0.40626393019834506,1.6277493109415213,Fatty acid oxidation
FACOAL206,-0.4471791195663733,0,1.0544892580522922,2.7604507898893207,Fatty acid oxidation
FACOAL224,-0.4001001910886933,0,1.2383247827385189,2.890113880997083,Fatty acid oxidation
FACOAL2251,-0.6523325277691604,0,1.150985067588184,5.470198445512913,Fatty acid oxidation
FACOAL244_1,-0.45235127145228876,0,0.22014556447877404,0.5838207482435056,Fatty acid oxidation
FACOAL245_1,-0.5336346776088192,0,1.7811479847598821,5.857275796954659,Fatty acid oxidation
FACOAL245_2,-0.6840935732499678,0,0.19990572939083504,1.0656951730499045,Fatty acid oxidation
FACOAL246_1,-0.4934796205257768,0,0.2090197850968536,0.6162966032143915,Fatty acid oxidation
FACOAL260,-0.4784022791623844,0,0.16774524662787735,0.47545252792719983,Fatty acid oxidation
FACOAL40im,-0.37169034241510734,0,1.0080000704549958,2.200609118617678,Fatty acid oxidation
FACOAL80i,-0.8629133796263811,0,0.7385954988613441,10.037007500882314,Fatty acid oxidation
FADH2tru,-0.9753163322927988,0,7.326963360330905,586.3419716815472,"Transport, endoplasmic reticular"
FADtru,-0.9753163322927988,0,7.326963360330905,586.3419716815472,"Transport, endoplasmic reticular"
FAEL184,0.5686413219655899,0,4.456520962496847,1.225493020040082,Fatty acid synthesis
FALDH,0.4668806014780115,0,-58.58907512784005,-161.20812336192205,Tyrosine metabolism
FAOXC11,-0.7156375315687499,0,0.27044092438868633,1.6316450005270373,Fatty acid oxidation
FAOXC140,-0.7587377743489413,0,0.5339450171529992,3.892317865170338,Fatty acid oxidation
FAOXC150m,-0.5491563122690102,0,0.09892850111056341,0.33993092535030883,Fatty acid oxidation
FAOXC161802m,-0.8447297780338205,0,0.9114916216566322,10.829222214060952,Fatty acid oxidation
FAOXC16180m,-0.7761462512326006,0,1.0663865298263635,8.461142365250737,Fatty acid oxidation
FAOXC170m,-0.7376971718570432,0,0.06907946744863876,0.4576359167331131,Fatty acid oxidation
FAOXC1811601m,-0.683195666957365,0,0.22405085078149667,1.190392244927957,Fatty acid oxidation
FAOXC1811602m,-0.8103417154961433,0,0.5023287740085732,4.7948695563744925,Fatty acid oxidation
FAOXC183803m,-0.5262038614521107,0,1.8786365334423427,6.051510551335802,Fatty acid oxidation
FAOXC183806m,0.8526999306086726,0,57.42609147993028,4.565697402000458,Fatty acid oxidation
FAOXC18480m,-0.5427759330284718,0,6.555436527557846,22.11950427762973,Fatty acid oxidation
FAOXC200180m,0.9791689645002198,0,323.24810019557475,3.4022323364952465,Fatty acid oxidation
FAOXC204,-0.4702282707486151,0,0.35065074338104896,0.973129760635464,Fatty acid oxidation
FAOXC2051843m,-0.5073153748804015,0,6.718027795446259,20.55308014227543,Fatty acid oxidation
FAOXC2251836m,-0.7624149006328779,0,0.13675281928982586,1.0144373829081,Fatty acid oxidation
FAOXC2252053m,-0.7714389294505418,0,0.35601496415740186,2.759257144969022,Fatty acid oxidation
FAOXC226205m,-0.9666174166563232,0,9.568726241329033,563.7078319458008,Fatty acid oxidation
FAOXC80,-0.36582896535982634,0,4.9559051503585305,10.673648643975495,Fatty acid oxidation
FAS100COA,0.33999802181768907,0,1.486392745694217,0.7321071647428827,Fatty acid synthesis
FAS120COA,0.33999802181768907,0,1.486392745694217,0.7321071647428827,Fatty acid synthesis
FAS140COA,-0.42193808231047664,0,1.014442570462887,2.495363349697186,Fatty acid synthesis
FBA5,-0.5786131153160019,0,0.44919409467191634,1.6827853807157487,Galactose metabolism
FCLTm,-0.37068895404846974,0,1.5285511607742404,3.329304650299414,Heme synthesis
FCOAH,-0.4471791195663733,0,1.0544892580522922,2.7604507898893207,Fatty acid oxidation
FE2t,-0.37068895404846974,0,1.5285511607742404,3.329304650299414,"Transport, extracellular"
FE3R2e,-0.6247791125473511,0,78.13181739340425,338.32590127911567,Heme synthesis
FKYNH,-0.6587786691498614,0,8.748384540003398,42.528506727064624,Tryptophan metabolism
FOLR2,0.5174563581470235,0,259.69782075417044,82.58262686448693,Folate metabolism
FORMCOAtx,-0.4471791195663733,0,1.0544892580522922,2.7604507898893207,"Transport, peroxisomal"
FORt2m,0.42594216453849443,0,-0.3913425722816176,-0.9720830204271844,"Transport, mitochondrial"
FPGS4,-0.6039306498830984,0,0.17508671832759937,0.7090348037034376,Folate metabolism
FPGS5,-0.6039306498830984,0,0.17508671832759937,0.7090348037034376,Folate metabolism
FPGS6,-0.6039306498830984,0,0.17508671832759937,0.7090348037034376,Folate metabolism
FPGS7m,0.3835059673462221,0,1.730428474890406,0.7710836482696187,Folate metabolism
FPGS8,-0.4205150298755632,0,0.11858926851759242,0.29070268772460983,Folate metabolism
FPGS8m,0.3835059673462221,0,1.730428474890406,0.7710836482696187,Folate metabolism
FPGS9,-0.4205150298755632,0,0.11858926851759242,0.29070268772460983,Folate metabolism
FPGS9m,0.3835059673462221,0,1.730428474890406,0.7710836482696187,Folate metabolism
FRDPtr,0.599723755249656,0,1.6266443439405556,0.4070122028257931,"Transport, peroxisomal"
FRUt1r,1.6203932367870693,0,122.96631972900033,-519.3804404432296,"Transport, extracellular"
FTHFLm,-0.42594216453849443,0,0.3913425722816176,0.9720830204271844,Folate metabolism
FUCACGALFUCGALACGLCGALGLUSIDEte,1,0,NA,-7.199514850568772,"Transport, extracellular"
FUCASEe,-0.8189939358087366,0,3.5179867453301745,35.35349262801092,N-glycan degradation
FUMAC,-0.4675984826904431,0,7.450441548703454,20.537613730904273,Tyrosine metabolism
FUMSO3tm,-1.8188746165850633,0,-179.6360843231352,52.18374340223533,"Transport, mitochondrial"
FUMSO4tm,0.871397023267025,0,-35.11561548107386,-510.99329075344053,"Transport, mitochondrial"
FUMtm,-0.3381656602930781,0,-505.6932162234306,-250.10740133639575,"Transport, mitochondrial"
G14T2g,-0.3640603747242017,0,0.025346690384699132,0.054367450320738496,Keratan sulfate synthesis
G14T3g,-0.3640603747242017,0,0.025346690384699132,0.054367450320738496,Keratan sulfate synthesis
G14T4g,-0.3640603747242017,0,0.025346690384699132,0.054367450320738496,Keratan sulfate synthesis
G14T5g,-0.3640603747242017,0,0.025346690384699132,0.054367450320738496,Keratan sulfate synthesis
G5SADrm,-0.5965193263670164,0,0.6885389694940574,2.7244570647118844,Arginine and proline metabolism
G6PDH1rer,-1.0748707374580888,0,-14.868461673868028,412.045307492733,Pentose phosphate pathway
G6PDH2rer,-0.6443689127609843,0,19.6170543791879,90.7054403806895,Pentose phosphate pathway
GACMTRc,-1.3766098594658034,0,-179.50261074981688,28.444909768837086,Urea cycle
GACPAILter,0.8944552624026433,0,94.24617433198691,5.250684952469543,"Transport, endoplasmic reticular"
GAL3ST12,-0.41709049723891,0,0.0906685697677476,0.22042112541915285,Sphingolipid metabolism
GALASE17ly,-0.5234691358288093,0,0.850761236692383,2.7198836077798623,Keratan sulfate degradation
GALASE18ly,-0.5234691358288093,0,0.850761236692383,2.7198836077798623,Keratan sulfate degradation
GALASE19ly,-0.7039236457656635,0,0.850761236692383,4.896143063669466,Keratan sulfate degradation
GALASE1ly,-0.36926464334198816,0,0.0688526143284433,0.14947227772537436,N-glycan degradation
GALASE20ly,-0.7882720949890565,0,0.20018463613892673,1.6907766533385264,Keratan sulfate degradation
GALGT2,-0.40602482806065,0,0.13229546903750994,0.3131624399372391,Sphingolipid metabolism
GALGT3,-0.5742792814910903,0,0.08102085375778988,0.29960827813678215,Sphingolipid metabolism
GALGT4,-0.4434466554335635,0,0.08977685644383991,0.232840399638872,Sphingolipid metabolism
GALNACT2g,-0.6015366339683001,0,0.09551883553311709,0.38391713613168105,Chondroitin synthesis
GALNACT3g,0.3326492464978423,0,0.23415254789908044,0.11725656971296267,Chondroitin synthesis
GALNTg,-0.6199033454518705,0,0.2158067485799431,0.9197294156964868,O-glycan metabolism
GALOR,1.2725995121396367,0,38.07751978390275,-317.4435354090361,Galactose metabolism
GALSIDEtg,-0.4170904972389133,0,0.09066856976774688,0.22042112541915285,"Transport, golgi apparatus"
GALt1r,0.5782456018283717,0,698.2704253864289,186.59872879020125,"Transport, extracellular"
GAMt1r,-0.4420655271139169,0,0.30114476611034807,0.7783539232342503,"Transport, extracellular"
GAO1,-0.9204410451710713,0,11.665477406785616,281.58818415448667,Sphingolipid metabolism
GAO1g,-0.8469006003473324,0,6.850085568421899,82.63538052697108,Sphingolipid metabolism
GAO2,-0.8530815349645914,0,0.4710730441756299,5.941640892933597,Sphingolipid metabolism
GAO2g,-0.6171546488922546,0,0.42953582238837046,1.8143771369594615,Sphingolipid metabolism
GASNASE2ly,-0.3667731074463709,0,0.12093742408469826,0.2610344267853463,N-glycan degradation
GASNASEly,-0.36926464334198816,0,0.0688526143284433,0.14947227772537436,N-glycan degradation
GBA,1,0,32.92083355633868,NA,Sphingolipid metabolism
GDPFUCtg,0.898311053687038,0,10.696686125231022,0.5730013208333509,"Transport, golgi apparatus"
GDPtg,-0.898311053687038,0,-10.696686125231022,-0.5730013208333509,"Transport, golgi apparatus"
GFUCS,0.39678026319794163,0,12.718392192157653,5.492621418585634,Fructose and mannose metabolism
GGH_10FTHF5GLUe,0.38738276671901045,0,271.91989715551136,120.06983153135776,Folate metabolism
GGH_10FTHF6GLUe,0.38738276671901045,0,271.91989715551136,120.06983153135776,Folate metabolism
GGH_10FTHF7GLUe,0.38738276671901045,0,271.91989715551136,120.06983153135776,Folate metabolism
GGH_5DHFl,-0.37779889513890114,0,0.41950611958697265,0.9289521724651567,Folate metabolism
GGH_5THFl,-0.37658634516225875,0,0.28436039227621884,0.6279083399517611,Folate metabolism
GGH_6DHFl,-0.37779889513890114,0,0.41950611958697265,0.9289521724651567,Folate metabolism
GGH_6THFl,-0.37658634516225875,0,0.28436039227621884,0.6279083399517611,Folate metabolism
GGH_7DHFl,-0.37779889513890114,0,0.41950611958697265,0.9289521724651567,Folate metabolism
GGH_7THFl,-0.37658634516225875,0,0.28436039227621884,0.6279083399517611,Folate metabolism
GGLUCT,-0.6132715079161802,0,98.51496311319173,410.9637286809444,Glutathione metabolism
GGNG,-0.9920223096872538,0,0.12413246626784831,30.995768507957457,Starch and sucrose metabolism
GGT5r,0.911218988473839,0,260.5132612085581,12.101507459667744,Eicosanoid metabolism
GHMT2rm,-0.9077253098474191,0,7.410464059469791,153.2070150611043,"Glycine, serine, alanine, and threonine metabolism"
GHMT3,-0.7814957034537249,0,1.8299665117417425,14.919969674105197,Lysine metabolism
GLBRAN,-0.9920223096872538,0,0.12413246626784831,30.995768507957457,Starch and sucrose metabolism
GLCAASE5ly,-0.42400422762024076,0,4.908382441735826,12.134737237620726,Chondroitin sulfate degradation
GLCAASE8ly,-0.42700538759319984,0,0.6075292995116855,1.5130117539541623,Hyaluronan metabolism
GLCAASE9ly,-0.42700538759319984,0,0.6075292995116855,1.5130117539541623,Hyaluronan metabolism
GLCAE1g,-0.4441784411913632,0,0.03773473634358478,0.09804530221579189,Chondroitin synthesis
GLCAT2g,-0.6015366339683001,0,0.09551883553311709,0.38391713613168105,Chondroitin synthesis
GLCAT3g,0.3326492464978423,0,0.23415254789908044,0.11725656971296267,Chondroitin synthesis
GLCMter,1,0,3.8924991771187174,NA,"Transport, extracellular"
GLCt1r,0.6186928857134822,0,829.5106235791206,195.4035289452374,"Transport, extracellular"
GLCtg,-0.4790802953311633,0,0.3657460697052952,1.0384859700015163,"Transport, golgi apparatus"
GLCtly,-0.9485433594706334,0,1.29547921204631,49.05678625724614,"Transport, lysosomal"
GLGNS1,-0.9920223096872538,0,0.12413246626784831,30.995768507957457,Starch and sucrose metabolism
GLNASNNaEx,-0.9791081605625049,0,1.5629768717981083,148.0626103316903,"Transport, extracellular"
GLNCYSNaEx,-0.65071957239167455,0,79.52450622572127,375.8374318608761,"Transport, extracellular"
GLNSERNaEx,0.4250200231250596,0,204.06640282330514,82.3385592287913,"Transport, extracellular"
GLNTHRNaEx,-0.46038625613149026,0,52.37436080011175,141.74360374481677,"Transport, extracellular"
GLNtm,0.4496087444455345,0,635.6054364433288,241.3283415554285,"Transport, mitochondrial"
GLPASE2,-0.9920223096872538,0,0.12413246626784831,30.995768507957457,Starch and sucrose metabolism
GLUDym,0.6632081428488142,0,-132.39428000981883,-653.814039453125,Glutamate metabolism
GLUt2m,-0.5676960379891393,0,209.21060938061672,758.6760063583374,"Transport, mitochondrial"
GLUTCOADHm,-1,0,NA,7.94629338314964,Tryptophan metabolism
GLUtr,-0.911218988473839,0,-260.5132612085581,-12.101507459667744,"Transport, endoplasmic reticular"
GLXtm,0.6854272157579543,0,-0.9201969338288187,-4.930257904761285,"Transport, mitochondrial"
GLYAMDTRc,-1.3766098594658034,0,-179.50261074981688,28.444909768837086,Urea cycle
GLYC3Ptm,0.8662257220874293,0,2.632003213225852,0.18866652899791042,"Transport, mitochondrial"
GLYC_St,0.7754692827734352,0,848.1611894906044,107.26079130052923,"Transport, extracellular"
GLYt4,-0.3847163654397934,0,33.92478957556642,76.34887177352905,"Transport, extracellular"
GLYtp,0.9207370980971563,0,593.7913674835205,24.503940158301173,"Transport, peroxisomal"
GMPtg,0.898311053687038,0,10.696686125231022,0.5730013208333509,"Transport, golgi apparatus"
GNDer,1,0,4.748592682512333,NA,Pentose phosphate pathway
GNMT,1,0,2.82111869474703,NA,"Glycine, serine, alanine, and threonine metabolism"
GPAM_hs,-0.48361481945529033,0,1.7109599205464598,4.915721033936593,Triacylglycerol synthesis
GPIAT,0.8944552624026433,0,94.24617433198691,5.250684952469543,Phosphatidylinositol phosphate metabolism
GPIMTer_U,0.8944552624026433,0,94.24617433198691,5.250684952469543,Phosphatidylinositol phosphate metabolism
GQ1BALPHAtg,0.4436329216341477,0,-0.1502796246715443,-0.38993790621810476,"Transport, golgi apparatus"
GRTTx,0.599723755249656,0,1.6266443439405556,0.4070122028257931,Cholesterol metabolism
GSNt,0.8191774197151273,0,730.0220061965942,72.56272059812545,"Transport, extracellular"
GTHOm,0.40081669576716117,0,604.1339068734169,258.4113621813059,Glutamate metabolism
GTHP,-0.42449569911566215,0,18.199637403129206,45.047978210387754,Glutathione metabolism
GTHPe,-0.504797291755063,0,31.80809334941581,96.65684765281678,Glutathione metabolism
GTHRDtr,0.911218988473839,0,260.5132612085581,12.101507459667744,"Transport, endoplasmic reticular"
GTMLTe,-0.6132715079161802,0,98.51496311319173,410.9637286809444,Glutathione metabolism
GUACYC,-0.6953178748091111,0,0.31054171261687297,1.727921898744069,Nucleotide interconversion
GULNDer,-1,0,NA,190.5739603534937,Pentose phosphate pathway
GULNter,-1,0,NA,190.5739603534937,"Transport, endoplasmic reticular"
H2ETer,0.8074610585211518,0,26.512840461232514,2.8242678944242092,Phosphatidylinositol phosphate metabolism
H2MTer_U,0.9308316513782141,0,67.73333389271795,2.426417056434322,Phosphatidylinositol phosphate metabolism
H2O2tp,-1,0,NA,351.02580695512705,"Transport, peroxisomal"
H2Otg,-0.46290366797832805,0,74.59056005545258,203.16430665416718,"Transport, golgi apparatus"
H2Otm,1.3824101110067666,0,837.322317060852,-134.4019313620072,"Transport, mitochondrial"
H2Otn,-0.6071868910802667,0,238.06776472558974,974.0494448059083,"Transport, nuclear"
H3ETer,0.9479956930334553,0,16.35767354854909,0.4366896084624277,Phosphatidylinositol phosphate metabolism
H3MTer_U,0.9254300387906088,0,51.37566034643948,1.989727448911732,Phosphatidylinositol phosphate metabolism
H4ET3er,0.9188273845959356,0,34.29002001959235,1.4505789471178316,Phosphatidylinositol phosphate metabolism
H4ETer,0.9388192951949843,0,17.085640325626358,0.5391485012334247,Phosphatidylinositol phosphate metabolism
H5MTer_U,0.8074610585211518,0,26.512840461232514,2.8242678944242092,Phosphatidylinositol phosphate metabolism
H6_ET2er,0.6931239845036433,0,1.8816343431604619,0.3410432166427941,Phosphatidylinositol phosphate metabolism
H6ET3er,0.8767073553080251,0,52.96121309306621,3.479353352493068,Phosphatidylinositol phosphate metabolism
H6_ETer,0.9685430184296264,0,31.923340501888212,0.5101295346005434,Phosphatidylinositol phosphate metabolism
H6MTer_U,0.9123110759864224,0,6.994941226618865,0.3207526627873688,Phosphatidylinositol phosphate metabolism
H7ET2er,-1,0,NA,0.8569582664142253,Phosphatidylinositol phosphate metabolism
H7_ETer,0.6560514895786869,0,1.7376663263357663,0.3608992524166708,Phosphatidylinositol phosphate metabolism
H7MTer_U,0.9780733070433837,0,80.76378412364721,0.8952563538408953,Phosphatidylinositol phosphate metabolism
HACD1m,0.3608961334840537,0,269.92953999472854,126.76427572459058,Tryptophan metabolism
HACD1x,-0.7569357926104555,0,-221.9040542956829,-30.699433240965007,Tryptophan metabolism
HAS1,-0.42700538759319984,0,0.6075292995116855,1.5130117539541623,Hyaluronan metabolism
HAS2,-0.42700538759319984,0,0.6075292995116855,1.5130117539541623,Hyaluronan metabolism
HAtly,-0.42700538759319984,0,0.6075292995116855,1.5130117539541623,"Transport, lysosomal"
HBZOPT10m,-0.41347674442804194,0,0.05876735495832509,0.14162488661108072,Ubiquinone synthesis
HEX10,-1,0,NA,0.7783539232342503,Aminosugar metabolism
HEXCt,-1,0,NA,0.5545615341117256,"Transport, extracellular"
HGNTOR,-0.4675984826904431,0,7.450441548703454,20.537613730904273,Tyrosine metabolism
HIBDm,0.9425532736144335,0,573.978220287323,16.974139252700283,"Valine, leucine, and isoleucine metabolism"
HISTAtu,6.2805373252162155,0,61.67602172542526,-85.03577393507369,"Transport, extracellular"
HMGCOASim,-0.9166022746556135,0,16.21297955626864,372.5980938709259,Cholesterol metabolism
HMGLx,-0.7891316069793456,0,7.990888952894468,67.79940696036518,Cholesterol metabolism
HPCLx,-0.4914681179782019,0,0.15260913974778567,0.4475858338340049,Fatty acid oxidation
HPYRR2x,0.7754692827734352,0,424.0805947453022,53.63039565026462,Glyoxylate and dicarboxylate metabolism
HPYRRy,-0.9898826965462019,0,1.6717873091301576,328.80902049989703,Glyoxylate and dicarboxylate metabolism
HSD17B1,0.3319785128420646,0,-238.80174056889788,-476.15053315172196,Steroid metabolism
HSD17B42x,-0.5937213392646833,0,28.929695052094758,113.48337187952995,Bile acid synthesis
HSD17B7r,1,0,381.08600069994924,NA,Steroid metabolism
HSD3A1r,-1,0,NA,525.1177810024261,Steroid metabolism
HSD3B7P,-1,0,NA,797.3854319915771,Bile acid synthesis
Htr,-2.509250445811339,0,-402.6450242702603,173.16865574782574,"Transport, endoplasmic reticular"
HYPOE,-0.5057197405278356,0,0.2318732180252351,0.7063524690489343,Vitamin B6 metabolism
ICDHyp,-0.36677883253697813,0,0.6544144453858057,1.412523550410178,Citric acid cycle
ILEt5m,0.49076554854542487,0,-277.81651105206015,-813.2978479961396,"Transport, mitochondrial"
ILETAm,0.49076554854542487,0,-277.81651105206015,-813.2978479961396,"Valine, leucine, and isoleucine metabolism"
ILEtec,0.9670944023734203,0,168.53132043367475,2.8191955663010027,"Transport, extracellular"
INSt,0.4470989623125427,0,889.9868228054047,340.04214685560237,"Transport, extracellular"
INSTt2r,-0.35017716018244016,0,445.3439154202223,925.3186348381042,"Transport, extracellular"
IPDDIx,0.599723755249656,0,1.6266443439405556,0.4070122028257931,Cholesterol metabolism
IPDPtx,1.7265606234011013,0,1.7666621126094149,-0.4707715335063637,"Transport, peroxisomal"
ITCOAL1m,0.4638087209873808,0,-166.9259407786608,-455.70985100836754,C5-branched dibasic acid metabolism
ITCOALm,-0.4646744013165917,0,166.9259407786608,456.71672151584625,C5-branched dibasic acid metabolism
KCC2t,-1.742678311595766,0,-96.58344818721041,26.153425257532234,"Transport, extracellular"
KDNH,-0.3781864353160464,0,1.1761803145499252,2.6068838749478935,Aminosugar metabolism
KHK,-0.45369282013271633,0,0.7436350027867796,1.978771109347546,Fructose and mannose metabolism
KHK3,-0.5786131153160019,0,0.44919409467191634,1.6827853807157487,Galactose metabolism
KSII_CORE2t,-0.3640603747242017,0,0.025346690384699132,0.054367450320738496,"Transport, extracellular"
KSII_CORE4tly,-0.7882720949888896,0,0.20018463613892673,1.6907766533370363,"Transport, lysosomal"
LACZe,-0.6895818805635445,0,6.471088037069002,35.22163305032663,Galactose metabolism
LALDO,-0.6843259984220359,0,96.7727748958217,516.3456600217343,Pyruvate metabolism
LCADim,-0.4799592869102117,0,0.9013201029132409,2.5650242821565583,Pyruvate metabolism
LCAT1e,0.49513052286085835,0,27.82560306517063,9.396034296533035,Fatty acid oxidation
LCTStg,-0.4790802953311633,0,0.3657460697052952,1.0384859700015163,"Transport, extracellular"
LDH_Lm,-0.7247274716259569,0,13.484639515188523,84.4883735917747,Pyruvate metabolism
LEUKTRA4tr,0.911218988473839,0,260.5132612085581,12.101507459667744,"Transport, endoplasmic reticular"
LEUKTRD4tr,-0.911218988473839,0,-260.5132612085581,-12.101507459667744,"Transport, endoplasmic reticular"
LEUt4,0.7001252028152598,0,62.81034557843059,11.078736795528815,"Transport, extracellular"
LFORKYNHYD,-0.34713450328784806,0,2.155092982141496,4.4468579342252035,Tryptophan metabolism
LIPOti,-0.7245330334357634,0,0.37364616537417644,2.3391739599169283,"Transport, extracellular"
L_LACtm,-0.7337051539712328,0,12.583319394178165,81.92334929905533,"Transport, mitochondrial"
LNELDCCPT2,-0.45204375836610805,0,4.312972837548283,11.429060959485918,Fatty acid oxidation
LNELDCCRNt,1,0,478.19436168886944,NA,Fatty acid oxidation
LNLCCPT1,0.7129381829829297,0,-89.02032477309704,-531.1967817590713,Fatty acid oxidation
LNLCCPT2,-0.5645495198902494,0,6.122184784732107,21.99667172996998,Fatty acid oxidation
LNLCCRNt,-1,0,NA,21.99667172996998,Fatty acid oxidation
LNLNCGCPT2,0.9565357798505584,0,56.02130926176309,1.244507023019638,Fatty acid oxidation
LNLNCGt,1.0412860046845092,0,0.4047526356000795,-20.012008832610864,"Transport, extracellular"
LPS,-0.4909435323840221,0,0.6824407002081396,1.9987577271653805,Triacylglycerol synthesis
LPS2,1,0,471.8745824394226,NA,Triacylglycerol synthesis
LSTO1r,0.47118771379909946,0,0.7678414135240309,0.27599739279825297,Cholesterol metabolism
LTA4H,-0.9018493426992756,0,4.774075674523988,92.50648883349896,Eicosanoid metabolism
LTC4Sr,0.911218988473839,0,260.5132612085581,12.101507459667744,Eicosanoid metabolism
LYStm,-0.6046206698074257,0,1.0679046229337401,4.334019764027025,"Transport, mitochondrial"
M4BTAer,0.9726661950529285,0,87.75872531644106,1.2160090167403454,Phosphatidylinositol phosphate metabolism
M4CET3er,0.9123110759864224,0,6.994941226618865,0.3207526627873688,Phosphatidylinositol phosphate metabolism
MACACI,-0.4675984826904431,0,7.450441548703454,20.537613730904273,Tyrosine metabolism
MAGt,-1,0,-471.8745824394226,NA,"Transport, extracellular"
MALSO3tm,-0.431421049459365,0,-311.1783066730976,-123.60404725501724,"Transport, mitochondrial"
MALSO4tm,-5.7483637960635265,0,-78.36517928166985,55.14023716240176,"Transport, mitochondrial"
MALTly,-0.9485433595190518,0,0.43182640365704283,16.352262087970228,Starch and sucrose metabolism
MAOX,1,0,1.509612437340891,NA,Tyrosine metabolism
MCPST,-1,0,NA,6.0737766196914444,Methionine and cysteine metabolism
ME2,0.9023774486413497,0,822.3436070626259,42.19944946901221,Pyruvate metabolism
METAT,-0.6152464643969321,0,0.22546181606487717,0.9465186607953822,Methionine and cysteine metabolism
METt4,-0.6654599420848932,0,54.78541263186931,272.7413593385696,"Transport, extracellular"
MEVK1x,0.7971395826406917,0,6.646595129635791,0.7502650740322814,Cholesterol metabolism
MI145PP,0.8866436712585738,0,134.52974784528612,8.083030491962656,Inositol phosphate metabolism
MLTG1,-0.9838669460170815,0,1.6397306006464503,201.63617765362264,Starch and sucrose metabolism
MLTG1ly,-0.9485433595190518,0,0.43182640365704283,16.352262087970228,Starch and sucrose metabolism
MMSAD1m,-0.713687446650163,0,3.066178291444338,18.352220975861723,"Valine, leucine, and isoleucine metabolism"
MMSAD3m,-0.5192896662039117,0,1.3106501185763824,4.142322394938772,Propanoate metabolism
MTHFCm,-0.36842771405056873,0,-112.86031674206257,-52.08857399326777,Folate metabolism
MTHFD2m,-0.9015980355097147,0,-461.3294991649628,-23.872410544946558,Folate metabolism
MTHFDm,1.176211694197276,0,348.46918201606053,-28.216163483690327,Folate metabolism
N2M2NMASNtly,-0.3667731074463709,0,0.12093742408469826,0.2610344267853463,"Transport, lysosomal"
N3Tg,-0.896211647866452,0,0.025346690384699132,0.4630836558661918,O-glycan metabolism
NABTNO,-0.6390959330879925,0,1.377163487793647,6.254579205365944,Arginine and proline metabolism
NACHEX14ly,-0.4533133841270916,0,0.057584506116823315,0.15308282849453045,Keratan sulfate degradation
NACHEX15ly,-0.46261635081107044,0,0.058070577544211764,0.15805277355460712,Keratan sulfate degradation
NACHEX16ly,-0.4717432043853698,0,0.053605844476321364,0.14934788909165145,Keratan sulfate degradation
NACHEX17ly,-0.5073764992149995,0,0.04960895750706932,0.15179823247886087,Keratan sulfate degradation
NACHEX18ly,-0.5429055270335698,0,0.04733076424513856,0.1597632482375484,Keratan sulfate degradation
NACHEX19ly,-0.49844513197272416,0,0.04424701880632929,0.13219237647005358,Keratan sulfate degradation
NACHEX20ly,-0.5360528599654903,0,0.03757589612364916,0.12440762691673063,Keratan sulfate degradation
NACHEX23ly,-0.4392131872031172,0,0.1403968358365496,0.3603169207381843,Keratan sulfate degradation
NACHEX24ly,-0.362048597020173,0,0.2453187072773944,0.5237640351745467,Keratan sulfate degradation
NACHEX25ly,-0.5234691358288093,0,0.850761236692383,2.7198836077798623,Keratan sulfate degradation
NACHEX26ly,-0.9192558006145194,0,0.0591755552009246,1.4065781621259312,Keratan sulfate degradation
NACHEX27ly,-0.42700538759319984,0,0.6075292995116855,1.5130117539541623,Hyaluronan metabolism
NACHEX3ly,0.3747715095825099,0,3.7608874711264044,1.7104034960082135,Chondroitin sulfate degradation
NACHEX4ly,-0.5803617731556513,0,1.1912635086013426,4.486310327126466,Chondroitin sulfate degradation
NACHEX7ly,0.5263569377596883,0,3.696050633361728,1.1469196338506182,Chondroitin sulfate degradation
NACHEXA21ly,-0.5677821805626377,0,0.6054425299854823,2.1961195655968537,Keratan sulfate degradation
NACHEXA22ly,-0.3367517916494316,0,0.14100908062984982,0.28419849280792914,Keratan sulfate degradation
NACHEXA2ly,-0.4422449694750165,0,1.1544131282890113,2.985085630520666,Chondroitin sulfate degradation
NACHEXA3ly,-0.3458969805147202,0,3.717118931944709,7.648426926167205,Chondroitin sulfate degradation
NACHEXA4ly,-0.4726385179198991,0,3.587656929332661,10.018406657949704,Chondroitin sulfate degradation
NACHEXA7ly,-0.35251679951982645,0,0.06328025565540006,0.13218506486093587,Chondroitin sulfate degradation
NACHEXA8ly,-0.34579923817189345,0,0.06756360733572499,0.13898952215597546,Chondroitin sulfate degradation
NADPHtru,1,0,745.7090489799499,NA,"Transport, endoplasmic reticular"
NADPHtxu,-0.4704139511415616,0,77.58639110027254,215.4212939303875,"Transport, peroxisomal"
NADPtru,1,0,745.7090489799499,NA,"Transport, endoplasmic reticular"
NADPtxu,-0.4704139511415616,0,77.58639110027254,215.4212939303875,"Transport, peroxisomal"
NADtn,-0.46712288962936016,0,0.8533046977869468,2.3493275083268994,"Transport, nuclear"
NAGA2ly,-0.6199033454518705,0,0.2158067485799431,0.9197294156964868,Keratan sulfate degradation
NAGLCAly,-0.7039236457656635,0,0.850761236692383,4.896143063669466,Keratan sulfate degradation
NAIt,1,0,NA,-497.80283536982535,"Transport, extracellular"
NaKt,-1,0,NA,3.574559690538852,"Transport, extracellular"
NAtx,1,0,537.4948039048671,NA,"Transport, peroxisomal"
NDP3ex,0.4861583686347845,0,209.8695159854889,72.56272059812545,Nucleotide interconversion
NDP6,-0.42681389580980744,0,0.3544515109299919,0.882324846133888,Nucleotide interconversion
NDP7er,-0.5516291209152234,0,0.922536572744936,3.1925235963188343,Nucleotide interconversion
NDP7ex,-0.724779397265364,0,1.329323611288844,8.33073525116892,Nucleotide interconversion
NDP8,0.7024951236460254,0,4.185902906290187,0.7314714205457702,Nucleotide interconversion
NDP8ex,-0.724779397265364,0,1.329323611288844,8.33073525116892,Nucleotide interconversion
NDPK4m,0.9430092374301935,0,159.73522499799728,4.685223367201071,Nucleotide interconversion
NDPK5m,-0.48460304027995177,0,0.360611027043729,1.0387415311848047,Nucleotide interconversion
NDPK6m,-0.9923162579378955,0,-953.3636505546569,-3.676826082737655,Nucleotide interconversion
NDPK6n,1.3738786891106924,0,27.157954343190788,-4.277295388065529,Nucleotide interconversion
NDPK7m,-0.7869781793968473,0,3.3877223163462067,28.418618524739145,Nucleotide interconversion
NDPK8m,0.9047116662213109,0,511.68898374676706,25.598620273518563,Nucleotide interconversion
NH4tn,-0.3643110039132504,0,0.4674303935261154,1.0031956402846924,"Transport, nuclear"
NH4tp,0.7435045583816645,0,-4.058060211397396,-27.584297140401315,"Transport, peroxisomal"
NMNS,-0.672924136877718,0,0.7697123179203823,3.9369163557620563,NAD metabolism
NP1,0.35868019208112023,0,3.0406102246657363,1.4352189548387753,NAD metabolism
NTD12,-0.810789182279369,0,0.38383699406256694,3.6734045388111074,Nucleotide interconversion
NTD2e,0.34544072756474054,0,5.084955040665128,2.47383954089766,Nucleotide interconversion
NTD4e,-0.8904413700780093,0,17.43096652904153,300.7724747051716,Nucleotide interconversion
NTD4l,0.7061465928719179,0,4.4201045941061095,0.7612844056114907,Pyrimidine catabolism
NTD5l,-0.3525053769450547,0,0.4246835880708648,0.8870912837177674,Pyrimidine catabolism
NTD7e,0.33531648420462795,0,894.6283497924804,445.3211833331585,Nucleotide interconversion
NTD7l,0.4529885238996986,0,2.317303920595231,0.8724032002508204,Purine catabolism
NTD9e,0.4861583686347845,0,209.8695159854889,72.56272059812545,Nucleotide interconversion
NTP3e,0.4861583686347845,0,209.8695159854889,72.56272059812545,Nucleotide interconversion
NTPP10,-0.810789182279369,0,0.38383699406256694,3.6734045388111074,Nucleotide interconversion
O2Stx,0.3435527297749418,0,269.1173702521324,131.48822458330392,"Transport, peroxisomal"
O2ter,-1.6590432725627113,0,-134.18209627325535,33.25700215552449,"Transport, endoplasmic reticular"
OAGD3te,-0.9032470860963548,0,18.515562922088243,364.2235645118952,"Transport, extracellular"
OAGD3tg,0.8469006003472086,0,-6.850085568427906,-82.63538052697108,"Transport, golgi apparatus"
OAGT3te,-0.7919261444878316,0,0.9006088670954777,7.756018029913307,"Transport, extracellular"
OAGT3tg,0.6171546488922546,0,-0.42953582238837046,-1.8143771369594615,"Transport, golgi apparatus"
OCDCEAtr,-0.39199466518732495,0,369.7345251907483,846.4867940010071,"Transport, extracellular"
OCTAt,-0.8629133796263811,0,0.7385954988613441,10.037007500882314,"Transport, extracellular"
OIVD2m,0.9602490125263196,0,570.1023493453979,11.560843139177724,"Valine, leucine, and isoleucine metabolism"
OIVD3m,-0.5032444272286974,0,44.32852502937689,134.14365508961677,"Valine, leucine, and isoleucine metabolism"
ORNt3m,-6.688081666529835,0,-329.89363300155287,445.8883223685265,"Transport, mitochondrial"
ORNt4m,1.2109942811549903,0,378.6366809679061,-36.13314380804338,"Transport, mitochondrial"
ORNTArm,0.7573439555118484,0,-47.34926850342248,-342.909038090992,Urea cycle
ORPT,1.431439891732899,0,137.854272115922,-776.8970438087464,Pyrimidine synthesis
OXAHCOtex,-0.7703660215290846,0,56.2351315613091,433.5454482620001,"Transport, extracellular"
P45011A1m,-0.4829007570149989,0,1.3053343249956146,3.7433457599353046,Steroid metabolism
P45027A11m,1,0,1.0530843829790804,NA,Bile acid synthesis
P45027A12m,1,0,1.5674397487520473,NA,Bile acid synthesis
P45027A13m,1,0,1.5674397487520473,NA,Bile acid synthesis
P45027A14m,1,0,4.535087098581821,NA,Bile acid synthesis
P45027A15m,1,0,53.67044509931058,NA,Bile acid synthesis
P45027A16m,1,0,38.94079000894725,NA,Bile acid synthesis
P45027A1m,1,0,4.535087098581821,NA,Bile acid synthesis
P5CRxm,-0.6300742332863704,0,3.1003868106570525,13.66182382527928,Arginine and proline metabolism
PA_HStg,0.701751710526986,0,-21.522919647265883,-122.80595268454552,"Transport, golgi apparatus"
PAFH,-0.9707648677383223,0,1.0106492651691712,68.12871744766534,Glycerophospholipid metabolism
PAFS,-0.9707648677383223,0,1.0106492651691712,68.12871744766534,Glycerophospholipid metabolism
PAIL_HStn,-0.541290986498297,0,289.22564194698333,971.8162536071777,"Transport, nuclear"
PCHOL_HStg,-0.6243137727991608,0,29.49763865990229,127.5357393251419,"Transport, golgi apparatus"
PCHOLPg_hs,-0.701751710526986,0,21.522919647265883,122.80595268454552,Glycerophospholipid metabolism
PCHOLPm_hs,-0.6536373778428998,0,0.8760027288316269,4.1822955562200255,Glycerophospholipid metabolism
PCHOLPr_hs,-0.6810720640203418,0,52.49022209288301,276.6764401604414,Glycerophospholipid metabolism
PCRNtm,1,0,56.52323002664223,NA,Fatty acid oxidation
PCt,-1,0,NA,1.3049834216851173,"Transport, extracellular"
PDE1,-0.36522726389825727,0,0.26916921953601125,0.5789113744385486,Nucleotide interconversion
PDE4,-0.4102154786449456,0,0.19258733474402714,0.4604896035979618,Nucleotide interconversion
PDX5PO,-0.4422204314134429,0,0.9851889041010349,2.547349609626012,Vitamin B6 metabolism
PDXPP,-0.5260206157060772,0,0.29453413266306727,0.9482799745446907,Vitamin B6 metabolism
PETHCT,-0.4146148567756332,0,1.4733614628915908,3.5604576558381784,Glycerophospholipid metabolism
PETOHMm_hs,-0.6536373778428998,0,0.8760027288316269,4.1822955562200255,Glycerophospholipid metabolism
PGESr,-1.80905512591941,0,-41.40203743971488,143.74867888189257,Eicosanoid metabolism
PGLer,-0.9812863099351861,0,4.748592682512333,502.75074775390624,Pentose phosphate pathway
PGLYCt,-1.1338605253937588,0,-2.7265329915815264,0.17103982871100323,"Transport, extracellular"
PHCDm,-0.43646675521317563,0,81.1158253370732,206.76719163651467,Arginine and proline metabolism
PHEMEtm,-0.37068895404846974,0,1.5285511607742404,3.329304650299414,"Transport, mitochondrial"
PHEt4,-0.35960323173420256,0,77.85747344577312,165.29638773504496,"Transport, extracellular"
PHETA1m,-0.8245509464243852,0,2.0245097662122156,21.053525993492755,Phenylalanine metabolism
PHYHx,-0.4471791195663733,0,1.0544892580522922,2.7604507898893207,Fatty acid oxidation
PHYTt,-0.4471791195663733,0,1.0544892580522922,2.7604507898893207,"Transport, extracellular"
PI345P5P,-0.40128671401570015,0,0.20602543374180934,0.48220193172611514,Inositol phosphate metabolism
PI34P5K,-0.43703332846114246,0,0.20750116769653396,0.5296691771458485,Inositol phosphate metabolism
PI3P5K,-0.35950054917958835,0,0.33263285157884237,0.7060342422110901,Inositol phosphate metabolism
PI45P3K,-0.43289849000170766,0,0.2608338015650661,0.6590501943913245,Inositol phosphate metabolism
PI45P5P,0.9342711618472245,0,116.2432526110351,3.9500841908464497,Inositol phosphate metabolism
PI45PLC,0.884300915518555,0,134.70555172460078,8.271135932030901,Inositol phosphate metabolism
PI4PLC,0.9148442344922021,0,116.29359247342349,5.171736537281563,Inositol phosphate metabolism
PI5P3K,-0.3449835888548389,0,0.343341693724152,0.7050036236821398,Inositol phosphate metabolism
PI5P4K,-0.4658934923225105,0,0.12892458726180775,0.3538427462515915,Inositol phosphate metabolism
PIACGT,0.8944552624026433,0,94.24617433198691,5.250684952469543,Phosphatidylinositol phosphate metabolism
PIK4,-0.448052329600894,0,0.7254778617962118,1.9033143252298819,Glycerophospholipid metabolism
PIter,2.7938583796631566,0,42.6814165518485,-90.26757723847197,"Transport, endoplasmic reticular"
PItx,-0.5445961242929774,0,-7.561282269746251,-2.229344743781118,"Transport, peroxisomal"
PLA2_2e,-0.5154843402523914,0,27.012263726285845,84.48986497831345,Glycerophospholipid metabolism
PMEVKx,0.7971395826406917,0,6.646595129635791,0.7502650740322814,Cholesterol metabolism
PPA2,-0.3886822403474595,0,0.4165133896223124,0.946160548916785,Miscellaneous
PPAm,0.4017759106125388,0,16.300557703934516,6.956451609075585,Oxidative phosphorylation
PPAP,0.41283232919166485,0,1.7552535785728653,0.7294766223238154,Triacylglycerol synthesis
PPDOy,0.9604765354254484,0,240.73322849900126,4.8532135205754505,Pyruvate metabolism
PPItr,0.6429820310905265,0,-56.983321634334324,-262.2349059993744,"Transport, endoplasmic reticular"
PPPG9tm,-0.3968815586264297,0,0.9433897699931709,2.184983382864336,Heme synthesis
PPPGOm,-0.3968815586264297,0,0.47169488499658546,1.092491691432168,Heme synthesis
PRGNLONEtm,0.4829007570149989,0,-1.3053343249956146,-3.7433457599353046,"Transport, mitochondrial"
PRISTANALtx,-0.4914681179782019,0,0.15260913974778567,0.4475858338340049,"Transport, peroxisomal"
PROSTGE2t,-4.092842655710447,0,-766.685538177681,465.60200192587075,"Transport, extracellular"
PROSTGE2t2,1,0,611.2292042450905,NA,"Transport, extracellular"
PROt4,-0.7356712031671374,0,20.441273523740907,134.22423223018646,"Transport, extracellular"
PSDm_hs,1,0,0.8760027288316269,NA,Glycerophospholipid metabolism
PSFLIPm,1,0,0.8760027288316269,NA,"Transport, mitochondrial"
PSSA1_hs,0.5213343900725874,0,-265.7666898183301,-844.6815408729553,Glycerophospholipid metabolism
PSSA2_hs,-0.8469963949827506,0,-5.486280376698205,-0.4544787840682594,Glycerophospholipid metabolism
PSt3,-0.3352504048936598,0,422.33989877285956,848.333756034851,"Transport, extracellular"
PTE3x,-0.7024828222838142,0,0.6099988616136012,3.490597052182711,Fatty acid oxidation
PTE4x,-0.5732181873320429,0,0.1882667023656075,0.6939953658733778,Fatty acid oxidation
PTHPS,-0.3886822403474595,0,0.4165133896223124,0.946160548916785,Tetrahydrobiopterin metabolism
PTRCAT1,-0.6390959330879925,0,1.377163487793647,6.254579205365944,Arginine and proline metabolism
PYDXK,-1,0,NA,1.4892234568222644,Vitamin B6 metabolism
PYDXPP,-0.48883851850326543,0,0.6326161871816178,1.8425945244285418,Vitamin B6 metabolism
PYNP2r,1,0,36.7733464272365,NA,Pyrimidine catabolism
PYRt2m,-0.7780632690866393,0,15.793979809224652,126.5346896654129,"Transport, mitochondrial"
PYRt2p,0.4139031096844288,0,969.0607953899383,401.6990378014952,D-alanine metabolism
RETH,-0.6750428859164338,0,6.8944896807510405,35.53873847118318,Vitamin A metabolism
RETNGLCt,-0.6796219795304287,0,11.105297254361771,58.22091456307173,"Transport, extracellular"
RETNGLCtr,-0.6796219795304287,0,11.105297254361771,58.22091456307173,"Transport, endoplasmic reticular"
RNMK,1,0,0.5974261384350859,NA,NAD metabolism
RTOTAL3CRNCPT1,-0.4968400320604448,0,0.4385727200043351,1.3047007832526691,Fatty acid oxidation
RTOTAL3CRNCPT2,-0.4968400320604448,0,0.4385727200043351,1.3047007832526691,Fatty acid oxidation
RTOTAL3CRNt,-0.4968400320604448,0,0.4385727200043351,1.3047007832526691,Fatty acid oxidation
RTOTALt,-0.44502017837225466,0,-515.8897931238174,-198.13455178871155,"Transport, extracellular"
Rtotaltl,0.773692871305284,0,-1.114915052205573,-8.73819968294333,"Transport, lysosomal"
S23T2g,-0.3640603747242017,0,0.025346690384699132,0.054367450320738496,Keratan sulfate synthesis
S2T3g,-0.4441784411913632,0,0.03773473634358478,0.09804530221579189,Chondroitin synthesis
S4T2g,-0.6637095791718959,0,0.057784099210326074,0.28587183406326894,Chondroitin synthesis
S4T5g,-0.5315993188395167,0,0.021871519673890658,0.07151655832677752,Chondroitin synthesis
S4T6g,-0.4441784411913632,0,0.03773473634358478,0.09804530221579189,Chondroitin synthesis
S4TASE3ly,0.3747715095825099,0,3.7608874711264044,1.7104034960082135,Chondroitin sulfate degradation
S6T1g,-0.3640603747242017,0,0.025346690384699132,0.054367450320738496,Keratan sulfate synthesis
S6T20g,0.3326492464978423,0,0.23415254789908044,0.11725656971296267,Chondroitin synthesis
S6T22g,1,0,0.15068326997459516,NA,Chondroitin synthesis
S6T24g,-0.5315993188395167,0,0.021871519673890658,0.07151655832677752,Chondroitin synthesis
S6T2g,-0.3640603747242017,0,0.025346690384699132,0.054367450320738496,Keratan sulfate synthesis
S6T3g,-0.3640603747242017,0,0.025346690384699132,0.054367450320738496,Keratan sulfate synthesis
S6TASE15ly,-0.4533133841270916,0,0.057584506116823315,0.15308282849453045,Keratan sulfate degradation
S6TASE16ly,-0.46261635081107044,0,0.058070577544211764,0.15805277355460712,Keratan sulfate degradation
S6TASE17ly,-0.4717432043853698,0,0.053605844476321364,0.14934788909165145,Keratan sulfate degradation
S6TASE18ly,-0.5073764992149995,0,0.04960895750706932,0.15179823247886087,Keratan sulfate degradation
S6TASE19ly,-0.5429055270335698,0,0.04733076424513856,0.1597632482375484,Keratan sulfate degradation
S6TASE20ly,-0.49844513197272416,0,0.04424701880632929,0.13219237647005358,Keratan sulfate degradation
S6TASE21ly,-0.5360528599654903,0,0.03757589612364916,0.12440762691673063,Keratan sulfate degradation
S6TASE23ly,-0.4392131872031172,0,0.1403968358365496,0.3603169207381843,Keratan sulfate degradation
S6TASE24ly,-0.362048597020173,0,0.2453187072773944,0.5237640351745467,Keratan sulfate degradation
S6TASE25ly,-0.7882720949888896,0,0.20018463613892673,1.6907766533370363,Keratan sulfate degradation
S6TASE26ly,-0.9192558006145194,0,0.0591755552009246,1.4065781621259312,Keratan sulfate degradation
S6TASE4ly,-0.5803617731556513,0,1.1912635086013426,4.486310327126466,Chondroitin sulfate degradation
S6TASE7ly,0.5263569377596883,0,3.696050633361728,1.1469196338506182,Chondroitin sulfate degradation
SARCStm,1,0,4.499676085121231,NA,"Transport, mitochondrial"
SARDHm,1,0,4.499676085121231,NA,Urea cycle
SBPP3er,-0.43119762894436364,0,0.253457665837821,0.6377399758577671,Sphingolipid metabolism
SBTD_D2,-0.9957815027094845,0,1.3411485489029826,634.5006958530427,Fructose and mannose metabolism
SBTR,-0.9957815027094845,0,1.3411485489029826,634.5006958530427,Fructose and mannose metabolism
SCP21x,-0.5521306365118359,0,0.6516500161347318,2.2583503958579634,"Transport, peroxisomal"
SCP22x,-0.3650162351284567,0,-388.3935089188099,-180.67446100501977,"Transport, peroxisomal"
SCP2x,0.6415663701483287,0,84.8273381734848,18.52192593920529,Bile acid synthesis
Ser_Thrtg,0.6199033454518705,0,-0.2158067485799431,-0.9197294156964868,"Transport, golgi apparatus"
SERCYSNaEx,0.3580910397614231,0,278.9369218248129,131.8410211234212,"Transport, extracellular"
SERGLNNaEx,-0.5064149845613634,0,25.553102343781607,77.98773274852037,"Transport, extracellular"
SERHL,-0.358445747269476,0,0.27407573711402367,0.580335985503441,"Glycine, serine, alanine, and threonine metabolism"
SERPT,-0.7110864968690682,0,3.578115295508728,21.191341699287204,Sphingolipid metabolism
SERt4,-0.6295418824839228,0,26.493103711307793,116.53577031604051,"Transport, extracellular"
SFGTH,-0.9540932498389182,0,1.509612437340891,64.25903518174887,Tyrosine metabolism
SGPL12r,-0.43408610553635524,0,3.2958685021655,8.352081952520614,Sphingolipid metabolism
SIAASE4ly,-0.7882720949888896,0,0.20018463613892673,1.6907766533370363,Keratan sulfate degradation
SIAASEly,-0.36926464334198816,0,0.0688526143284433,0.14947227772537436,N-glycan degradation
SIAT9g,-0.40602482806064083,0,0.13229546903751285,0.3131624399372391,Sphingolipid metabolism
sink_pre_prot[r],-0.8944552624026433,0,-94.24617433198691,-5.250684952469543,Exchange/demand reaction
SMPD3g,1,0,7.974719076436638,NA,Sphingolipid metabolism
SMPD3l,-0.773692871305284,0,1.114915052205573,8.73819968294333,Sphingolipid metabolism
SO4HCOtex,0.9104978059175289,0,93.29288498987853,4.370545662504784,"Transport, extracellular"
SO4t4_2,1,0,NA,-911.1799911407471,"Transport, extracellular"
SPHINGStl,0.773692871305284,0,-1.114915052205573,-8.73819968294333,"Transport, lysosomal"
SPHK21c,-0.3504893916233073,0,5.437430196455913,11.305730350361205,Sphingolipid metabolism
SPHS1Ptr,-0.43388081186623945,0,3.549326172654709,8.989821932730079,"Transport, endoplasmic reticular"
SPODMx,0.3435527297749418,0,134.5586851260662,65.74411229165196,ROS detoxification
SPR,-0.42257250214205366,0,0.19637628979776783,0.4838001497595967,Tetrahydrobiopterin metabolism
SPRMS,-0.6912639483432458,0,4.175035554907116,22.870951024909782,Urea cycle
SQLSr,0.9972573377890042,0,434.35568214017155,0.5964634065913502,Cholesterol metabolism
SR5AR2r,-1,0,NA,525.1177810024261,Steroid metabolism
SR5ARr,-1,0,NA,0.9077204200501797,Steroid metabolism
ST3GAL21g,-0.423803203142631,0,0.09469205167434963,0.2339874973644819,Sphingolipid metabolism
ST3GAL22g,-0.40602482806064083,0,0.13229546903751285,0.3131624399372391,Sphingolipid metabolism
ST3GAL23g,-0.5742792814910903,0,0.08102085375778988,0.29960827813678215,Sphingolipid metabolism
ST6GALNAC27,-0.4434466554335635,0,0.08977685644383991,0.232840399638872,Sphingolipid metabolism
ST6GALNAC31,-0.423803203142631,0,0.09469205167434963,0.2339874973644819,Sphingolipid metabolism
ST6GALNAC62,-0.5742792814910903,0,0.08102085375778988,0.29960827813678215,Sphingolipid metabolism
ST8SIA51g,-0.5953192554737776,0,0.5193126790549082,2.0472175355857236,Sphingolipid metabolism
STRDNCCPT2,-0.3349708112602949,0,0.5322106048981909,1.068352540027167,Fatty acid oxidation
STRDNCCRNt,1,0,224.1691022484422,NA,Fatty acid oxidation
STRDNCt,-1,0,NA,13.435492917239582,"Transport, extracellular"
SUCCtp,0.4471791195663733,0,-1.0544892580522922,-2.7604507898893207,"Transport, peroxisomal"
T4HCINNMFM,-0.5421240168927691,0,0.042050207038574226,0.14162488661108072,Ubiquinone synthesis
TAGAT_Dt,-0.6161754233941952,0,0.6246581690180844,2.6302567431117874,"Transport, extracellular"
TAURt4_2_r,-1,0,-954.867839229107,NA,"Transport, extracellular"
TAURtcx,-1,0,-537.4948039048671,NA,Taurine and hypotaurine metabolism
TCYNTt,-0.6575819978210433,0,2.4528664194888026,11.873871099450811,"Transport, extracellular"
TETPENT3CPT1,0.5532026188781916,0,284.77949248523714,81.9202400852894,Fatty acid oxidation
TETPENT3CPT2,0.5532026188781916,0,284.77949248523714,81.9202400852894,Fatty acid oxidation
TETPENT3CRNt,0.5532026188781916,0,284.77949248523714,81.9202400852894,Fatty acid oxidation
TETPENT3t,-1,0,NA,1.0064768521072809,"Transport, extracellular"
TETPENT6COAtx,-0.7875838256761076,0,0.6325615918279919,5.323308707045401,"Transport, peroxisomal"
TETPENT6t,-0.8067845526992724,0,0.6325615918279919,5.915171528531169,"Transport, extracellular"
TETTET6CPT1,-0.3712304758156535,0,38.15697189836456,83.21332494565826,Fatty acid oxidation
TETTET6CPT2,-0.3712304758156535,0,38.15697189836456,83.21332494565826,Fatty acid oxidation
TETTET6CRNt,-0.3712304758156535,0,38.15697189836456,83.21332494565826,Fatty acid oxidation
TETTET6t,-1,0,NA,0.6069702471450437,"Transport, extracellular"
THCHOLSTOICtm,-1,0,NA,438.2445467317134,"Transport, peroxisomal"
THD1m,-0.7412479201631629,0,11.702439639996085,78.75047302741409,NAD metabolism
THFt2,-0.6159539590444766,0,147.33385322758556,619.937971062088,"Transport, extracellular"
THFtl,0.37658634516225875,0,-0.28436039227621884,-0.6279083399517611,"Transport, lysosomal"
THFtm,-14.012705753938828,0,-119.48065431009847,137.8443453931667,"Transport, mitochondrial"
THMTP,-0.9160192305666112,0,0.45741060389862687,10.435811903700127,Thiamine metabolism
THRASNNaEx,-0.3569173625916322,0,31.13287821288891,65.69100227113366,"Transport, extracellular"
THRGLNNaEx,-0.9787514350976032,0,0.7521576747227111,70.04393403101564,"Transport, extracellular"
THRSERNaEx,-0.48788485318307445,0,6.509455396444467,18.91238747191932,"Transport, extracellular"
THYMDtl,-0.3525053769450547,0,0.4246835880708648,0.8870912837177674,"Transport, lysosomal"
THYMDtm,-0.7604106482833066,0,0.2538544525675141,1.865225137143875,"Transport, mitochondrial"
THYOXt,1,0,271.85431128606797,NA,"Transport, extracellular"
TMABADH,-0.7814957034537249,0,1.8299665117417425,14.919969674105197,Lysine metabolism
TMDK1m,-0.6075366545046718,0,0.6496182158546435,2.660847453415743,Nucleotide interconversion
TMLYSOX,-0.7814957034537249,0,1.8299665117417425,14.919969674105197,Lysine metabolism
TMNDNCCPT2,0.988906054549317,0,-3.0379252203665854,-544.634719083023,Fatty acid oxidation
TMNDNCCRNt,1.2743574185689863,0,65.69968922680603,-544.634719083023,Fatty acid oxidation
TMNDNCt,-1,0,NA,0.5110003741995198,"Transport, extracellular"
TRDR,-0.7160641028106453,0,160.01180241063238,967.0862784912109,Nucleotide interconversion
TREH,-0.8916945950505595,0,10.26819857279191,179.34742730636597,Starch and sucrose metabolism
TRIODTHYSUFt,-1,0,NA,0.5136525620507019,"Transport, extracellular"
TRIODTHYSULT,-0.5396013586772277,0,0.17454085182738072,0.5836753380636539,Tyrosine metabolism
TRIODTHYt,0.3929543373353614,0,-271.85431128606797,-623.8091552569866,"Transport, extracellular"
TRPO2,-0.6232309729305024,0,10.903477520152741,46.97536461801231,Tryptophan metabolism
TRYPTAOX,-0.6488274403192589,0,1.9853174289975315,9.321473914850223,Tryptophan metabolism
TSTSTERONEt,-5.293375902700721,0,-396.1528763221145,270.2576866983354,"Transport, extracellular"
TSTSTERONEtr,1,0,NA,-1.870496670586476,"Transport, endoplasmic reticular"
TTDCAtr,-0.3496764930867062,0,0.3777874652523091,0.7840572512194842,"Transport, extracellular"
TTDCPT2,-0.44063324037803203,0,36.90910354363441,95.05835039867125,Fatty acid oxidation
TTDCRNt,-1,0,-159.1812777221255,NA,Fatty acid oxidation
UDPACGALtl,1.1096812634416093,0,0.11198080685924447,-2.15391218776204,"Transport, lysosomal"
UDPGD,-0.891608369890182,0,2.682950079550092,46.82179630782008,Starch and sucrose metabolism
UDPGLCAter,-1.088612518800594,0,-0.3457456722017072,8.149285778758067,"Transport, endoplasmic reticular"
UDPGLDCg,-0.37817126262441053,0,0.06977636394192252,0.15464672797374443,Nucleotide sugar metabolism
UDPtl,-1.1096812634416098,0,-0.11198080685924447,2.1539121877620286,"Transport, lysosomal"
UDPXYLter,-0.37817126262441053,0,0.06977636394192252,0.15464672797374443,"Transport, endoplasmic reticular"
UDPXYLtg,0.37817126262441053,0,-0.06977636394192252,-0.15464672797374443,"Transport, golgi apparatus"
UGALGTg,-0.4790802953311633,0,0.3657460697052952,1.0384859700015163,Galactose metabolism
UGCG,-0.9268483234608754,0,0.4163459673419657,10.966741530845093,Sphingolipid metabolism
UGLCNACtg,0.4287932533889626,0,8.082385284604598,3.231197370456159,"Transport, golgi apparatus"
UGT1A10r,-0.44325796198370127,0,-956.5061681232453,-368.97575308308603,Steroid metabolism
UGT1A3r,-0.4039948696762522,0,0.47201441163148555,1.1119129326686852,Steroid metabolism
UGT1A5r,-0.6796219795304287,0,11.105297254361771,58.22091456307173,Vitamin A metabolism
UGT1A7r,-0.45342910905310074,0,0.49040591799826044,1.304076467072278,Steroid metabolism
UGT1A8r,-0.48748687005084834,0,0.6739613224798766,1.9560642635836172,Steroid metabolism
UMPK2,-20.288864244013027,0,-185.13741880932628,167.74453051925306,Nucleotide interconversion
UMPK2n,3.802224346460559,0,154.8790753635347,-90.37601836758778,Nucleotide interconversion
UMPK3,1.594770372079052,0,31.09743223410249,-135.66697266161142,Nucleotide interconversion
UMPK3n,1.4724654346407329,0,402.119064378953,-76.84125968650132,Nucleotide interconversion
UMPK5,-0.5504647187822269,0,-504.4667731421471,-146.26299456049068,Nucleotide interconversion
UMPK5n,-1.306490331515126,0,-355.8235661855195,47.28243655348661,Nucleotide interconversion
UMPK6n,-1.6802311054960566,0,-98.07990536823256,386.45220876858383,Nucleotide interconversion
UMPK7,2.2675962060396406,0,254.56986077969373,-98.75509988043625,Nucleotide interconversion
UMPK7n,-2.153812054858452,0,-200.3856032992959,547.7309139250874,Nucleotide interconversion
UMPKn,4.693147331431442,0,380.7944370455295,-587.0111962875367,Nucleotide interconversion
UREAtm,0.9551256425388391,0,-1.9578998394314548,-85.30350958023668,Urea cycle
URIDK2m,-1.0017493416112018,0,-953.3636505546569,0.8331506197374834,Nucleotide interconversion
URIK1,-0.9034673036253076,0,0.7414333755806761,14.619856703851,Pyrimidine synthesis
URIt,0.8923876960157943,0,-23.81737103989301,-418.8340760174751,"Transport, extracellular"
UTPtn,-1.5178218560554873,0,-26.41960862223208,5.433526101189852,"Transport, nuclear"
VALt5m,-1.560439895346184,0,-79.8986448670566,17.488552747902276,"Transport, mitochondrial"
VALTAm,-1.560439895346184,0,-79.8986448670566,17.488552747902276,"Valine, leucine, and isoleucine metabolism"
VALtec,0.6330101491117389,0,438.0870909321785,98.45224554466093,"Transport, extracellular"
VLCS2p,0.5786822503965109,0,1.871801426226028,0.49954521526043416,Bile acid synthesis
VLCSp,-0.8273645411343046,0,0.2489245269393112,2.6348923734225775,Bile acid synthesis
WHTSTSTERONEte,-0.7579788321851652,0,6.39341699500879,46.44011862283647,"Transport, extracellular"
XOL7AONEtr,-1,0,NA,199.17886735215188,"Transport, endoplasmic reticular"
XOLTRI24te,-0.37274674462959795,0,-2.7637679564431195,-1.2628567174166674,"Transport, extracellular"
XOLTRIOLtm,1,0,1.0530843829790804,NA,"Transport, mitochondrial"
XYLUR,-1.597413992245692,0,-118.18350700569543,513.8337881832123,Pentose phosphate pathway
EX_HC01440[e],-0.8583166939924545,0,10.227058335503056,134.1379854186058,Exchange/demand reaction
EX_HC01446[e],0.8583166939923778,0,-10.22705833550902,-134.1379854186058,Exchange/demand reaction
EX_HC02160[e],-0.9022811502767072,0,2.396456341489595,46.65152873560786,Exchange/demand reaction
EX_HC02161[e],0.9022811502767072,0,-2.396456341489595,-46.65152873560786,Exchange/demand reaction
EX_orot[e],1.6277595389774553,0,140.572723269624,-588.4280390123367,Exchange/demand reaction
EX_prpp[e],-0.8202562703391466,0,-462.08267900209427,-45.628994932697246,Exchange/demand reaction
EX_pydx5p[e],-0.42530781399717976,0,1.1373020071185018,2.8206498663142114,Exchange/demand reaction
r0013,-0.5205607619837063,0,0.24369138129566031,0.7728769842972222,Aminosugar metabolism
r0021,3.413324733039373,0,256.3355092532277,-468.7690087685585,Glutathione metabolism
r0022,0.41625366933264774,0,595.4832175332784,245.44412539657372,Glutathione metabolism
r0027,3.3427453281466954,0,287.5907602535814,-155.14423690365552,Methionine and cysteine metabolism
r0033,0.5246263601432746,0,1.0398728044422596,0.3242290261787708,CoA synthesis
r0047,-0.4914390759448503,0,0.7687784206322682,2.254569950305094,Purine catabolism
r0051,-0.8202562703384629,0,-462.08267900209427,-45.628994932887984,Purine catabolism
r0074,-0.4677890551824599,0,-948.4083724731445,-343.8868236580849,Urea cycle
r0081,0.48240397828877263,0,-97.55099916452274,-279.38775257475373,Citric acid cycle
r0083,-0.8052092514595546,0,2.4101967343552677,22.336324878346733,Miscellaneous
r0084,-0.5422490344879324,0,0.4000748135165648,1.3479272385119534,Miscellaneous
r0086,-0.47268874468098687,0,5.147966821479514,14.37737715535289,Urea cycle
r0119,-0.5466784774097345,0,0.19543944475631905,0.6668158641890138,Purine catabolism
r0122,0.983635604541112,0,666.4634828221559,5.498122723166528,Glycolysis/gluconeogenesis
r0157,-0.47268874468098687,0,5.147966821479514,14.37737715535289,Urea cycle
r0165,-0.6251506354858457,0,144.20813847544193,625.2110049308777,Glycolysis/gluconeogenesis
r0166,-0.4696693876738109,0,0.7997256239116106,2.2162255783158984,Pyrimidine catabolism
r0170,-1,0,-433.4067826266885,NA,Cholesterol metabolism
r0173,-0.34779498637928025,0,-914.620334987259,-442.5895437114254,Glycolysis/gluconeogenesis
r0202,0.9710050607542342,0,-9.8270097670521,-668.0160913173676,Glycolysis/gluconeogenesis
r0208,-0.7395372369242028,0,1.2384217982721253,8.27097435223813,Fructose and mannose metabolism
r0210,0.6154737110299054,0,30.465500807049825,7.251610401930846,Methionine and cysteine metabolism
r0226,-0.3916627633426611,0,7.711370701473056,17.64091824879772,Folate metabolism
r0239,-0.34713450328784806,0,2.155092982141496,4.4468579342252035,Tryptophan metabolism
r0245,-0.9819453018766552,0,5.753881611515208,631.6294268444061,Glycerophospholipid metabolism
r0249,0.9358050623457462,0,-4.748592682512333,-143.1943092356322,Pentose phosphate pathway
r0276,-0.9441073780571018,0,-794.3993727783203,-22.838791887486934,Purine catabolism
r0301,-0.7886346320882958,0,0.09073873381981029,0.7678573050328312,Bile acid synthesis
r0309,-1.0243408173323425,0,-2.4280702321757985,201.93412617299558,Fatty acid oxidation
r0310,-0.6929341545253278,0,0.6651261399812822,3.6670140168186975,Fatty acid oxidation
r0321,-0.7435613160087753,0,0.3251517424202513,2.210750699126968,Cholesterol metabolism
r0357,1,0,2.669070553597747,NA,Fructose and mannose metabolism
r0363,1,0,0.30114476611034807,NA,Aminosugar metabolism
r0365,1,0,1.3106501185763824,NA,Propanoate metabolism
r0383,-0.7717479113592983,0,24.78005218772143,192.34875776352882,Miscellaneous
r0386,-0.4890475676461907,0,0.7723699508728994,2.250885843467155,Miscellaneous
r0388,-0.3916991538800713,0,3.172131756337185,7.2573515382225855,Vitamin B6 metabolism
r0389,-0.3896941070861313,0,89.18968689276483,203.08894888095855,Vitamin B6 metabolism
r0391,-0.8102859975894395,0,102.56807461732924,978.7234833496094,NAD metabolism
r0402,-0.35490723372458605,0,0.22013709988569952,0.46236039937075574,Tetrahydrobiopterin metabolism
r0407,1,0,NA,-375.3568376411438,Miscellaneous
r0409,2.3330639950013357,0,402.5696977428496,-161.00836057885178,Miscellaneous
r0424,-0.5422490344879324,0,0.4000748135165648,1.3479272385119534,Miscellaneous
r0456,0.4065946210054805,0,1.8151535481558227,0.765765674837211,Nucleotide interconversion
r0463,-0.5299020062427025,0,-562.1716703788758,-172.74032801704408,Cholesterol metabolism
r0480,0.9724142585228587,0,-6.772011545340158,-484.2071090232849,Glycerophospholipid metabolism
r0483,-0.4874772625168854,0,101.21923355742469,293.7651296904962,Pyrimidine catabolism
r0488,0.7073296885180769,0,545.5129497001648,93.51178391605616,Cholesterol metabolism
r0510,-0.570009816971096,0,1.6815149003948233,6.139663195114355,Miscellaneous
r0514,-0.38366925336900276,0,7.95579009672876,17.860835603731264,Folate metabolism
r0527,-1,0,NA,973.43456763916015,NAD metabolism
r0531,-1.0462452808811482,0,-194.82937363196461,4.403156939049135,Nucleotide interconversion
r0555,-0.7717479113592983,0,24.78005218772143,192.34875776352882,Miscellaneous
r0568,-0.4088342548644322,0,0.4764472137556396,1.1354432507244339,Glutathione metabolism
r0575,-1,0,-433.4067826266885,NA,Cholesterol metabolism
r0579,0.5246263601432746,0,1.0398728044422596,0.3242290261787708,CoA synthesis
r0584,0.4358464474333287,0,-1.172962654047981,-2.9853472554136316,NAD metabolism
r0590,0.5246263601432746,0,1.0398728044422596,0.3242290261787708,CoA synthesis
r0595,0.40221396518468083,0,16.67822623219751,7.1101921494449485,Methionine and cysteine metabolism
r0596,-0.5113343201791309,0,1.3106501185763824,4.053549466943228,CoA synthesis
r0603,1,0,3.7191271096023644,NA,"Valine, leucine, and isoleucine metabolism"
r0604,0.4443833891660998,0,7.743608717035623,2.978764269414073,Miscellaneous
r0610,-1.3065137970880196,0,-287.29603069630116,38.17891632307414,Miscellaneous
r0611,1.3065137970880196,0,287.29603069630116,-38.17891632307414,Miscellaneous
r0615,0.8978873791958869,0,-18.94068937864192,-352.03577228669224,Arginine and proline metabolism
r0617,-0.8978873791958869,0,18.94068937864192,352.03577228669224,Arginine and proline metabolism
r0633,0.4385529115290261,0,189.92688189201354,74.12580656995178,Fatty acid oxidation
r0634,-0.7849627426814297,0,-100.78423856289386,-12.141635073541222,Fatty acid oxidation
r0636,-1,0,-242.84107423658818,NA,Fatty acid oxidation
r0638,0.35864858056975857,0,-12.33419841355352,-26.12895311267488,Fatty acid oxidation
r0641,-0.9265068289200121,0,-317.22181011760233,-12.101507459667744,Fatty acid oxidation
r0642,0.9560059551036099,0,-2.240519143306014,-99.61504556244611,Miscellaneous
r0643,1.0061383445324024,0,2.73336267648862,-893.3196313552857,"Valine, leucine, and isoleucine metabolism"
r0652,-0.9959901418761963,0,0.30035366884541664,149.50727521579265,Fatty acid oxidation
r0655,-0.4296938212141029,0,0.8141508298325484,2.040985095805721,"Valine, leucine, and isoleucine metabolism"
r0656,-0.4890475676461907,0,0.7723699508728994,2.250885843467155,Miscellaneous
r0660,-0.5480617943803185,0,-97.62291336115598,-28.4998470035024,Fatty acid oxidation
r0669,0.9747058780446051,0,304.70415845131873,3.9029732123021503,"Valine, leucine, and isoleucine metabolism"
r0670,0.4443833891660998,0,7.743608717035623,2.978764269414073,Miscellaneous
r0672,1,0,NA,-199.17886735215188,Bile acid synthesis
r0673,-0.35490723372458605,0,0.22013709988569952,0.46236039937075574,Tetrahydrobiopterin metabolism
r0686,0.4388515274087045,0,-78.71589591087103,-201.83693370790482,Arginine and proline metabolism
r0688,0.48759576473262406,0,2.8750117593471716,0.9903014225089457,Bile acid synthesis
r0698,0.5164681455413039,0,603.7812761672974,192.51804333047866,Bile acid synthesis
r0720,-0.963497574878327,0,2.825545412559244,151.98857464334964,Fatty acid oxidation
r0722,0.7064725687531717,0,94.58453795826435,16.26932478782388,Fatty acid oxidation
r0724,-0.7064725687531717,0,-94.58453795826435,-16.26932478782388,Fatty acid oxidation
r0726,0.7849627426810528,0,100.78423856289386,12.141635073565064,Fatty acid oxidation
r0727,-0.41684221074357003,0,13.480416347061842,32.75206685186922,Fatty acid oxidation
r0728,-0.6355755805702843,0,-99.73306572080254,-22.221635615626212,Fatty acid oxidation
r0729,-0.41684221074357003,0,13.480416347061842,32.75206685186922,Fatty acid oxidation
r0730,0.4016163393945506,0,191.25879415507316,81.6529703263402,Fatty acid oxidation
r0731,0.4016163393945506,0,191.25879415507316,81.6529703263402,Fatty acid oxidation
r0732,0.4016163393945506,0,191.25879415507316,81.6529703263402,Fatty acid oxidation
r0735,0.8121953432057918,0,89.3836303149104,9.263163641407644,Fatty acid oxidation
r0737,-0.8583166939924545,0,10.227058335503056,134.1379854186058,Miscellaneous
r0739,0.48759576473262406,0,2.8750117593471716,0.9903014225089457,Bile acid synthesis
r0741,1,0,2.8209151018144722,NA,Bile acid synthesis
r0743,-0.3802785565292452,0,1.6172434784124257,3.602015901592374,Bile acid synthesis
r0744,-0.509764140649045,0,0.9290714757863109,2.8612325505913176,Bile acid synthesis
r0747,-1,0,-30.593921046282862,NA,Bile acid synthesis
r0750,-1,0,-3.873999476946797,NA,Bile acid synthesis
r0758,0.743628578254047,0,-67.17540911035296,-456.8721516736984,Tryptophan metabolism
r0779,0.9747058780446051,0,304.70415845131873,3.9029732123021503,Miscellaneous
r0782,-0.7036977695464672,0,1.5660298353200568,9.004459849641309,Aminosugar metabolism
r0783,-0.9734662131314407,0,7.879823059421775,586.0665366106987,Cholesterol metabolism
r0784,1,0,153.226885353148,NA,Pentose phosphate pathway
r0788,0.9724142585228585,0,-6.772011545340204,-484.2071090232849,Sphingolipid metabolism
r0789,0.9724142585228589,0,-6.772011545340071,-484.2071090232849,Sphingolipid metabolism
r0791,-0.5407067203494617,0,-146.1663968177438,-43.57301936990088,Fatty acid oxidation
r0795,0.40221396518468083,0,16.67822623219751,7.1101921494449485,Miscellaneous
r0797,-0.6471464517499969,0,-589.6983003051757,-126.32582697100639,Bile acid synthesis
r0812,-0.43195749226372715,0,3.8208716386600865,9.631894964623823,Purine catabolism
r0813,-0.42996318363288655,0,0.5460793059763331,1.3698646832436498,"Transport, extracellular"
r0819,3.876179958323277,0,258.1611443602443,-437.67782836547195,"Transport, mitochondrial"
r0821,-0.5960844045421072,0,28.321911059582234,111.91486800053566,"Transport, mitochondrial"
r0822,-1.3693826849670776,0,-61.01793543642744,391.39582221726477,"Transport, mitochondrial"
r0826,-0.6810720640203418,0,52.49022209288301,276.6764401604414,"Transport, endoplasmic reticular"
r0829,-0.6160988016838717,0,59.216331514424084,249.28143704769238,"Transport, mitochondrial"
r0830,3.3354149343315247,0,113.23750211001746,-210.2117060901165,"Transport, mitochondrial"
r0835,-0.5578789892715043,0,59.12797855047137,208.34620664169788,"Transport, mitochondrial"
r0838,-1.084167310820491,0,-35.284031921411305,873.7100568817139,"Transport, mitochondrial"
r0840,0.9358050623457462,0,-4.748592682512333,-143.1943092356322,"Transport, endoplasmic reticular"
r0841,-1,0,NA,143.1943092356322,"Transport, endoplasmic reticular"
r0842,-0.4702217823941387,0,9.0231006606834,25.04058999636173,"Transport, endoplasmic reticular"
r0853,1,0,1.2613437795611158,NA,Purine catabolism
r0859,-0.6215359043469587,0,1.114915052205573,4.776872649778588,Purine catabolism
r0860,-0.7971395832347314,0,-19.939785462346112,-2.250795223051542,Purine catabolism
r0870,0.5186764963398874,0,-0.4103767729246694,-1.294824696789794,"Transport, extracellular"
r0871,0.42530781399977774,0,-1.137302007112489,-2.8206498663171913,"Transport, extracellular"
r0907,-1,0,NA,5.588899424341245,"Transport, mitochondrial"
r0913,0.7462342117575897,0,119.37568133087196,17.347881324242895,"Transport, mitochondrial"
r0915,5.232196330659064,0,304.3250797374129,-206.6628548680529,"Transport, mitochondrial"
r0917,1.323009508103192,0,418.53112449640037,-58.195858509354295,"Transport, mitochondrial"
r0927,-1,0,NA,36.33083356959524,"Transport, mitochondrial"
r0934,1,0,537.4948039048671,NA,"Transport, peroxisomal"
r0954,-0.6802618247111851,0,-547.5341863704681,-104.19065593448877,"Transport, peroxisomal"
r0962,-0.38366925336900276,0,7.95579009672876,17.860835603731264,"Transport, mitochondrial"
r0970,-0.6568800012506248,0,4.772742982454621,23.046929434487595,"Transport, endoplasmic reticular"
r0973,-0.5246263601432746,0,-1.0398728044422596,-0.3242290261787708,"Transport, mitochondrial"
r0987,0.9914250882118802,0,156.03243574898838,0.671862768302466,"Transport, lysosomal"
r0993,-0.3462483952351057,0,0.3207853966545401,0.6605824327059788,"Transport, extracellular"
r0995,-0.5321990976805521,0,-664.7494236989021,-202.95690076663493,"Transport, endoplasmic reticular"
r1019,-0.6477907409129655,0,-599.5007903289795,-128.1411067201853,"Transport, peroxisomal"
r1106,-0.5186764963398874,0,0.4103767729246694,1.294824696789794,"Transport, extracellular"
r1116,1,0,0.7391347726923181,NA,"Transport, extracellular"
r1135,1,0,0.8793799561708918,NA,Miscellaneous
r1146,1,0,0.8793799561708918,NA,"Transport, mitochondrial"
r1147,0.8469807827809445,0,377.4866295645416,31.27412537538917,"Transport, peroxisomal"
r1154,-0.3742087499607943,0,44.119973738546484,96.88542937561459,Propanoate metabolism
r1155,-0.42636823275314445,0,53.26787302083075,132.45361613758803,"Transport, mitochondrial"
r1164,-0.3715247070630756,0,9.345559107208686,20.39485936982008,Miscellaneous
r1165,-0.332267873810912,0,0.24291954365599028,0.48467625150933163,Miscellaneous
r1166,-0.5862642092960507,0,0.21322509381753588,0.8175056218149926,Miscellaneous
r1167,0.4500921768706774,0,514.9751808468342,195.29026166890858,Miscellaneous
r1168,-0.44736491745694223,0,0.23038208367231128,0.6033763618182042,Miscellaneous
r1170,-0.870729355953449,0,0.22177608353511605,3.2094141170065202,Miscellaneous
r1171,-0.5601774729533054,0,0.22028530409564992,0.7814155663659621,Miscellaneous
r1172,-0.3715247070630756,0,9.345559107208686,20.39485936982008,Miscellaneous
r1174,-0.332267873810912,0,0.24291954365599028,0.48467625150933163,Miscellaneous
r1175,-0.5862642092960507,0,0.21322509381753588,0.8175056218149926,Miscellaneous
r1177,0.4500921768706774,0,514.9751808468342,195.29026166890858,Miscellaneous
r1179,-0.44736491745694223,0,0.23038208367231128,0.6033763618182042,Miscellaneous
r1182,-0.870729355953449,0,0.22177608353511605,3.2094141170065202,Miscellaneous
r1183,-0.5601774729533054,0,0.22028530409564992,0.7814155663659621,Miscellaneous
r1251,-0.332267873810912,0,0.24291954365599028,0.48467625150933163,Fatty acid oxidation
r1253,-0.4174613308529093,0,0.6561881681404138,1.5966688622818077,Fatty acid oxidation
r1292,-1,0,NA,61.49295433519183,"Transport, peroxisomal"
r1298,0.8082963346671086,0,6.020140897470395,0.6382156805499329,"Transport, lysosomal"
r1375,-0.5205607619837063,0,0.24369138129566031,0.7728769842972222,Aminosugar metabolism
r1377,-0.5790905082517585,0,60.09868757078498,225.4671585267499,Miscellaneous
r1378,-0.5790905082517585,0,60.09868757078498,225.4671585267499,Miscellaneous
r1380,0.7118235461711401,6.286346542792341e-15,0.74713131334076055,0.1257756109878359,Cholesterol metabolism
r1384,-0.9922493827204453,0,-963.7412370513916,-3.7493245322080475,Nucleotide interconversion
r1411,-0.9022811502767072,0,2.396456341489595,46.65152873560786,Miscellaneous
r1428,-0.9710050607542342,0,9.8270097670521,668.0160913173676,"Transport, peroxisomal"
r1429,0.9710050607542342,0,-9.8270097670521,-668.0160913173676,"Transport, peroxisomal"
r1435,-0.9077253098474191,0,7.410464059469791,153.2070150611043,"Transport, mitochondrial"
r1448,-0.6787974076411261,0,0.4851340759032402,2.535601668104756,Fatty acid oxidation
r1450,-0.4935477032221726,0,0.8011756997583851,2.3626985875364293,Fatty acid oxidation
r1451,0.3841410012400343,0,1.568311750849571,0.6978038391727467,Fatty acid oxidation
r1454,-0.5908452559194094,0,9.14789937364011,35.568186684197514,"Transport, mitochondrial"
r1455,-0.8245509464243852,0,2.0245097662122156,21.053525993492755,"Transport, mitochondrial"
r1459,1.052852259491219,0,266.3575405424118,-6.857579635896161,"Transport, nuclear"
r1467,-0.9782942624385496,0,0.5073706275453107,46.24253834089339,"Transport, mitochondrial"
r1472,-0.8730386258787303,0,3.270887043988728,48.25481621225476,Fatty acid oxidation
r1474,-0.8730386258787303,0,3.270887043988728,48.25481621225476,Fatty acid oxidation
r1477,-0.8730386258787303,0,3.270887043988728,48.25481621225476,Fatty acid oxidation
r1514,-1,0,NA,0.38168853830199223,"Transport, extracellular"
r1515,-1,0,NA,0.6094826127894702,"Transport, extracellular"
r1516,-1,0,NA,0.38203297609480086,"Transport, extracellular"
r1517,-1,0,NA,0.4007322576451415,"Transport, extracellular"
r1518,-1,0,NA,0.6283721206568531,"Transport, extracellular"
r1521,-1,0,NA,0.4814543912201087,"Transport, extracellular"
r1522,-1,0,NA,0.5005449809523649,"Transport, extracellular"
r1523,-1,0,NA,0.8318980223879111,"Transport, extracellular"
r1525,-1,0,NA,0.4510616477034353,"Transport, extracellular"
r1529,-0.3496764930867062,0,0.3777874652523091,0.7840572512194842,"Transport, extracellular"
r1530,-0.41159178497293647,0,0.4448321395082251,1.0671526633816029,"Transport, extracellular"
r1531,-0.653552941221166,0,0.45089375711249885,2.1520653137586545,"Transport, extracellular"
r1533,-0.5318174501079481,0,0.2772966123669292,0.907269589132315,"Transport, extracellular"
r1540,1,0,601.1571935984134,NA,"Transport, extracellular"
r1664,6.23335543673221,0,244.81529952664374,-338.37489145052433,"Transport, extracellular"
r1666,-1.1990511402962072,0,-47.148100584314015,520.8766159211576,"Transport, extracellular"
r1668,-0.827865571121209,0,42.08137188522883,446.8547713294506,"Transport, extracellular"
r1669,-0.7607242472161758,0,-463.32317657322886,-62.9638638940949,"Transport, extracellular"
r1670,32.38141359832928,0,316.2973698206544,-336.4556312596798,"Transport, extracellular"
r1671,1.1814123297643448,0,60.26297962186411,-724.6387659881592,"Transport, extracellular"
r1672,0.8217130965466412,0,138.00340485821962,13.50607829785794,"Transport, extracellular"
r1673,0.9370766414424757,0,35.29209435443063,1.1464167497555193,"Transport, extracellular"
r1674,0.6539890168422086,0,76.23625904058218,15.948463184638205,"Transport, extracellular"
r1675,-0.7992458860952283,0,1.547970694285992,13.873588188639575,"Transport, extracellular"
r1676,0.6555604023374713,0,189.01892548350395,39.32541666992009,"Transport, extracellular"
r1679,-0.44817127342377094,0,9.449935964468548,24.799589329728484,"Transport, extracellular"
r1682,-0.5788517912898774,0,1.3794614659608622,5.171493458842576,"Transport, extracellular"
r1683,0.4603626259780416,0,16.429483380196242,6.071069685098761,"Transport, extracellular"
r1684,0.4885139102335699,0,8.991066616035171,3.0895280686652753,"Transport, extracellular"
r1685,-0.8332771534830604,0,12.056158293229226,132.56899111008644,"Transport, extracellular"
r1686,-0.9577690722424632,0,6.891339125883673,319.4732231422901,"Transport, extracellular"
r1687,0.812994987627363,0,50.98691675391368,5.2591480194251865,"Transport, extracellular"
r1690,0.968097919492943,0,67.41131103917994,1.092710403561748,"Transport, extracellular"
r1692,0.9515514705614515,0,174.75767800728082,4.338472561583164,"Transport, extracellular"
r1693,-0.49812519279476114,0,3.8928618611336687,11.620416770290863,"Transport, extracellular"
r1695,0.9008508233908717,0,87.70399404506833,4.574677132942108,"Transport, extracellular"
r1696,0.8998333603951131,0,44.45305788573101,2.3437389412138496,"Transport, extracellular"
r1698,-0.9478155795837682,0,0.7424950356913643,27.71408375809789,"Transport, extracellular"
r1701,0.940012703029511,0,72.8505809218943,2.2526189779118324,"Transport, extracellular"
r1702,0.8817761921024868,0,15.669027883636858,0.9844168239721097,"Transport, extracellular"
r1705,0.3801585251915201,0,29.52396231296841,13.259474189547078,"Transport, extracellular"
r1707,-0.6400411446614087,0,3.62764143950406,16.528225741992333,"Transport, extracellular"
r1708,0.6780222699075469,0,65.8421486138016,12.633745055272616,"Transport, extracellular"
r1710,0.8296213201053189,0,108.47400253528356,10.101356576775155,"Transport, extracellular"
r1713,-0.9216974352117274,0,0.5445280702803342,13.363779320485705,"Transport, extracellular"
r1715,-0.9882066468567311,0,0.8498556049659944,143.27465158848761,"Transport, extracellular"
r1717,0.3801248307452057,0,78.69969109635949,35.34751585645676,"Transport, extracellular"
r1721,-0.9375554336682755,0,15.890397763836011,493.05373292069436,"Transport, extracellular"
r1722,-0.9267167433199072,0,0.7807584379943939,20.52720393607635,"Transport, extracellular"
r1723,0.8022057382023009,0,30.110455589723994,3.3046589573633507,"Transport, extracellular"
r1726,0.5120715255465799,0,29.51655055730748,9.524658881032957,"Transport, extracellular"
r1728,0.6446471367675498,0,45.387575461302696,9.806726643535566,"Transport, extracellular"
r1730,-0.8990284143444085,0,0.7492313055969797,14.09120723426249,"Transport, extracellular"
r1731,0.7326814649786079,0,26.60518195332305,4.104654206494731,"Transport, extracellular"
r1732,0.9143696058715288,0,45.410857125446434,2.031242860018862,"Transport, extracellular"
r1733,-0.5762874435123301,0,1.0711941613655094,3.985036271100711,"Transport, extracellular"
r1734,0.4721630384156583,0,13.39918000791631,4.804211407665629,"Transport, extracellular"
r1738,-0.3827742284387059,0,2.452320523273251,5.493946908399346,"Transport, extracellular"
r1739,-0.3533959740476264,0,10.068669586208742,21.07456238293573,"Transport, extracellular"
r1740,0.9603231131626083,0,99.97725450139492,2.023536929463278,"Transport, extracellular"
r1741,-0.9228161787873459,0,1.4462683233284566,36.02967678034157,"Transport, extracellular"
r1742,0.49272779398985816,0,39.94295556668071,13.57377498191935,"Transport, extracellular"
r1743,-0.9166146345316477,0,0.4485700241220824,10.310392813123752,"Transport, extracellular"
r1744,-0.744653921507775,0,5.92837846951313,40.50568861715757,"Transport, extracellular"
r1745,-0.675280423691989,0,3.960315844120746,20.431905217194082,"Transport, extracellular"
r1747,0.9879575256971636,0,272.4162289938092,1.650219079093798,"Transport, extracellular"
r1748,-0.9139933803091865,0,3.27868955375026,72.96403607683182,"Transport, extracellular"
r1749,-0.9881667921239051,0,2.9792410198514916,500.5597910071373,"Transport, extracellular"
r1750,-0.9897990584251577,0,2.4846177881627693,484.65037263083457,"Transport, extracellular"
r1752,-0.9940239092102139,0,0.7447387269637635,248.4946899097681,"Transport, extracellular"
r1753,-0.856193397766325,0,31.657655236268045,408.6233157976866,"Transport, extracellular"
r1754,-0.99072409972127,0,2.23339703838008,479.3149101380825,"Transport, extracellular"
r1755,-0.8803489342532813,0,30.882864227359743,485.3325833263397,"Transport, extracellular"
r1756,-0.6773844683058783,0,92.30949754157066,479.94749862246516,"Transport, extracellular"
r1757,-0.8816547697712281,0,30.54135090528801,485.598604144001,"Transport, extracellular"
r1762,-0.7085039820248843,0,2.5114664558683595,14.720099678820715,"Transport, extracellular"
r1763,-0.9070261925886974,0,3.211188546969298,65.86608464167118,"Transport, extracellular"
r1765,-0.4611599569316896,0,4.216686468070517,11.43429018934154,"Transport, extracellular"
r1767,-0.9480114243751879,0,10.074079320091753,377.4756544057846,"Transport, extracellular"
r1768,-0.6645676567270077,0,4.848465692595058,24.06028917156616,"Transport, extracellular"
r1769,-0.7656148177693276,0,2.1613317454918244,16.281231260600684,"Transport, extracellular"
r1771,0.938003660153202,0,289.3081792200029,9.254909352422873,"Transport, extracellular"
r1772,-0.6441701594334543,0,2.236489428900147,10.33406634764322,"Transport, extracellular"
r1773,-0.6491188780265762,0,2.353911125142651,11.063232048042597,"Transport, extracellular"
r1775,-0.7170880640506968,0,12.606533228953742,76.51330674282312,"Transport, extracellular"
r1776,-0.5265985677132827,0,1.2933743079291926,4.170801419979698,"Transport, extracellular"
r1777,-0.8283015086902071,0,1.3436514317432449,14.307638471776247,"Transport, extracellular"
r1778,-0.40729591891678457,0,2.675714242825209,6.353122669973236,"Transport, extracellular"
r1779,0.5715233735536972,0,5.445275559103139,1.48465707917471,"Transport, extracellular"
r1780,0.8548508368637676,0,12.435041663520597,0.9730895094917883,"Transport, extracellular"
r1782,-0.9484175520105342,0,14.270122855937853,539.0236199634076,"Transport, extracellular"
r1783,-0.39435472271583266,0,4.359041295145676,10.035659559098496,"Transport, extracellular"
r1784,-0.9649590230128896,0,2.068908564940674,116.01618739010095,"Transport, extracellular"
r1785,0.707365602058741,0,10.281735527649518,1.7622408945670294,"Transport, extracellular"
r1786,-0.6034296117443086,0,5.1357352193291295,20.765014667310567,"Transport, extracellular"
r1787,-0.7595136324154383,0,1.1418583540136868,8.35438349522276,"Transport, extracellular"
r1788,0.37562819741368964,0,8.738405222421289,3.96619801099645,"Transport, extracellular"
r1789,-0.760584543579964,0,3.9326549825941095,28.919484485749713,"Transport, extracellular"
r1790,0.5783057346020901,0,30.63555695035942,8.185257393425516,"Transport, extracellular"
r1791,0.8753748795183799,0,113.3198696123302,7.530495666565057,"Transport, extracellular"
r1792,-0.8323745056393521,0,3.7928315817895344,41.4608047610119,"Transport, extracellular"
r1796,0.39415426065302855,0,8.921193936100183,3.8768072433696594,"Transport, extracellular"
r1797,-0.9826401189048848,0,4.105524379075412,468.8843949160099,"Transport, extracellular"
r1799,-0.34089788724347736,0,1.1840625178914483,2.408893702319759,"Transport, extracellular"
r1800,-0.9243717316983625,0,0.545840088028628,13.888976424008565,"Transport, extracellular"
r1801,-0.8955847888595131,0,1.1967840199062572,21.72677293763372,"Transport, extracellular"
r1803,0.9128867718408795,0,393.7548839715362,17.93167246024207,"Transport, extracellular"
r1805,-0.8729362950955826,0,1.9556818063916406,28.82701586266793,"Transport, extracellular"
r1806,-0.9193452353679553,0,1.2935803372293362,30.783392254056036,"Transport, extracellular"
r1807,0.5739312428114983,0,57.818259279112226,15.651607391597004,"Transport, extracellular"
r1808,0.8252268246505492,0,152.51414624067544,14.603873482572055,"Transport, extracellular"
r1809,0.8578762143303239,0,91.68326963582858,7.013585330772138,"Transport, extracellular"
r1811,-0.41077447253612537,0,2.1240210308840246,5.085513966780339,"Transport, extracellular"
r1812,-0.8144915624923932,0,49.46082078625709,483.78522937498093,"Transport, extracellular"
r1813,-0.6720978568531725,0,30.154863416218294,153.7711282032728,"Transport, extracellular"
r1814,-0.6698405240317163,0,13.114469848134368,66.32877381266057,"Transport, extracellular"
r1815,0.3396221759004854,0,67.80185322203562,33.4234839540374,"Transport, extracellular"
r1818,-0.9782606386229128,0,0.7165091734537709,65.20163451304435,"Transport, extracellular"
r1820,-0.5738543713339529,0,2.8614453072109027,10.56797935293644,"Transport, extracellular"
r1821,-0.8676918721596532,0,0.9337401262478472,13.180889737981966,"Transport, extracellular"
r1823,-0.9944225743900703,0,0.6207179513892123,221.96152511219978,"Transport, extracellular"
r1825,0.37637637677384905,0,13.729651397375259,6.220780227376701,"Transport, extracellular"
r1826,-0.787374557902414,0,5.143421429053135,43.23669130169451,"Transport, extracellular"
r1828,0.4753106167326445,0,4.187994951562938,1.489446672002475,"Transport, extracellular"
r1829,0.7031702911497334,0,3.4173885533092077,0.595584865810595,"Transport, extracellular"
r1830,-0.8301297667006876,0,3.7478411802886056,40.3780908031553,"Transport, extracellular"
r1831,-0.7642378422088705,0,9.322901000353292,69.76443928954005,"Transport, extracellular"
r1832,-0.9951975461294502,0,0.32909197305677224,136.72249953721763,"Transport, extracellular"
r1833,-0.9186574441673742,0,1.2363125277560436,29.161368368820103,"Transport, extracellular"
r1834,-0.8472300698778819,0,2.10453650380139,25.447174780207312,"Transport, extracellular"
r1835,-0.5867037830488978,0,7.380455763043763,28.334634094248386,"Transport, extracellular"
r1836,-0.8645832177935253,0,3.008739603992656,41.427992017722126,"Transport, extracellular"
r1843,-0.3557769447202478,0,3.1297138566795857,6.586529084425698,"Transport, extracellular"
r1844,0.3785041479807494,0,5.66258826711541,2.5529666521933816,"Transport, extracellular"
r1846,0.5378997437078716,0,67.50283040732128,20.282905540032683,"Transport, extracellular"
r1847,-0.9282911539626977,0,0.4787376579063319,12.873524562498043,"Transport, extracellular"
r1848,0.391205090402069,0,26.93642977771312,11.787450638693757,"Transport, extracellular"
r1850,-0.7504100390363353,0,2.094116288560885,14.68633658282481,"Transport, extracellular"
r1851,-0.9179716034786245,0,0.8899062316029609,20.807609978434446,"Transport, extracellular"
r1852,-0.7085429556291234,0,3.306180576206214,19.381077392409743,"Transport, extracellular"
r1853,-0.7431799935950429,0,7.754783830093359,52.636024025160076,"Transport, extracellular"
r1854,-0.9275560074138498,0,0.6658917685601423,17.717737978744765,"Transport, extracellular"
r1855,-0.7718927783839586,0,1.83891721203427,14.284353230754286,"Transport, extracellular"
r1856,-0.4634746997469629,0,0.4351708946306666,1.1870113004137441,"Transport, extracellular"
r1858,-0.907038179193657,0,0.76170672238085535,15.625810556731716,"Transport, extracellular"
r1859,-0.6037139768898734,0,3.0977756529578824,12.53626376456162,"Transport, extracellular"
r1861,-0.9014069111130945,0,0.5862753720860797,11.306553602135152,"Transport, extracellular"
r1862,-0.8955136718156181,0,1.7854667408213718,32.39061680707871,"Transport, extracellular"
r1864,0.45004734882907016,0,13.964285219399258,5.296168903944478,"Transport, extracellular"
r1866,0.5843252660226986,0,17.369114818653465,4.557083281130696,"Transport, extracellular"
r1871,-0.3596173267964738,0,1.030021085034962,2.186871339247108,"Transport, extracellular"
r1873,0.8282977518765866,0,49.093130222784126,4.610518619308854,"Transport, extracellular"
r1876,-0.8357323832165382,0,0.9726707529899286,10.869842969871312,"Transport, extracellular"
r1877,-0.8762580446040619,0,0.5614767929484719,8.513485553523433,"Transport, extracellular"
r1879,-0.8393461795259576,0,0.5929930549025652,6.789253481816151,"Transport, extracellular"
r1880,0.511615072786366,0,24.070039269053098,7.776744614471827,"Transport, extracellular"
r1881,-0.46753906829187064,0,4.132064893253556,11.38856637634188,"Transport, extracellular"
r1882,0.7482468115335601,0,9.412347962573861,1.3554085126315585,"Transport, extracellular"
r1885,0.6600174861985428,0,6.531447386529552,1.3376834399012394,"Transport, extracellular"
r1886,0.3602144988281557,0,4.247461745862482,1.997820523252766,"Transport, extracellular"
r1888,-0.8855172018799228,0,17.900816402552742,294.82418152730463,"Transport, extracellular"
r1890,-0.6902814293564798,0,2.9781700534834137,16.253289314907043,"Transport, extracellular"
r1891,-0.405736661489392,0,5.8475638674325925,13.832478593501449,"Transport, extracellular"
r1892,-0.9635034229562203,0,6.330123564480984,340.5584932440281,"Transport, extracellular"
r1893,-0.40066813531321205,0,3.7518971708030753,8.768368784900195,"Transport, extracellular"
r1894,0.585708081731395,0,10.688159193097357,2.7924546931952876,"Transport, extracellular"
r1895,0.33636083387377186,0,13.459774920895695,6.684148156944313,"Transport, extracellular"
r1898,0.4407147295677966,0,3.1843155525735636,1.2361508829002152,"Transport, extracellular"
r1899,-0.5244545784952018,0,0.7701583892750161,2.4688945148112253,"Transport, extracellular"
r1900,0.7580584658886407,0,10.934868522402482,1.504841230794225,"Transport, extracellular"
r1901,-0.39402335961829116,0,0.5253022400579915,1.2084353499821132,"Transport, extracellular"
r1902,0.8342345517469169,0,403.4679219053745,36.462643704256415,"Transport, extracellular"
r1903,-0.5118749501262991,0,1.8224318542182292,5.6446377202269735,"Transport, extracellular"
r1904,-0.9080235077001988,0,0.5941356593436445,12.325158053380996,"Transport, extracellular"
r1905,-0.9609558317154502,0,0.6231816333159688,31.298698672817647,"Transport, extracellular"
r1906,-0.9274163214569875,0,0.7785103388928925,20.672878031608462,"Transport, extracellular"
r1907,-0.349583326951812,0,2.3787175950564445,4.935724649815745,"Transport, extracellular"
r1908,-0.4502716270820721,0,28.23864322971329,74.49807046699524,"Transport, extracellular"
r1909,-0.9401239104463178,0,0.7746989197178096,25.1020383719936,"Transport, extracellular"
r1910,-0.33878599871716253,0,13.009114462075383,26.340065793745218,"Transport, extracellular"
r1911,0.8829288911837897,0,60.3097517288506,3.7497589741097315,"Transport, extracellular"
r1915,0.786492564896192,0,31.83155679729403,3.8042554336330765,"Transport, extracellular"
r1916,-0.9194236352681123,0,0.9036090910528934,21.525029730258787,"Transport, extracellular"
r1917,0.40813028939917456,0,8.270180312989948,3.476147956844649,"Transport, extracellular"
r1919,0.9561016587269769,0,104.04092300508022,2.334860217545982,"Transport, extracellular"
r1921,-0.9790240374231125,0,0.8742173517325762,82.47998854257465,"Transport, extracellular"
r1923,0.9122469079216442,0,22.15221342991717,1.0165660181235165,"Transport, extracellular"
r1924,-0.4814243828762147,0,1.6157148351668071,4.615641911331099,"Transport, extracellular"
r1925,0.7831836620427047,0,33.27042829981674,4.045333399911039,"Transport, extracellular"
r1926,-0.5119075199688639,0,0.8244652479960342,2.5538504676791605,"Transport, extracellular"
r1930,0.9202421254315182,0,71.88867706824541,2.9859193341124803,"Transport, extracellular"
r1932,-0.4314285301521687,0,0.39887710040309465,1.0042080755373988,"Transport, extracellular"
r1933,0.7463229024183377,0,9.406146278394235,1.366370379743207,"Transport, extracellular"
r1934,0.7260617423722798,0,12.148293004173274,1.928020381322191,"Transport, extracellular"
r1936,0.9286753696233634,0,32.866581488238275,1.2154439328221338,"Transport, extracellular"
r1938,-0.7352232670645316,0,64.33216420292557,421.60301212244036,"Transport, extracellular"
r1941,0.6330003245717464,0,397.98455634684564,89.44284995353819,"Transport, extracellular"
r1942,0.985216707267931,0,54.907443060678986,0.40887868864075244,"Transport, extracellular"
r1943,0.7624596515434164,0,3.275991717836587,0.44153079675572626,"Transport, extracellular"
r1944,0.5230993588886012,0,31.260749075633996,9.788114733808907,"Transport, extracellular"
r1946,-0.9467212034352755,0,1.1639857856502132,42.53016125598475,"Transport, extracellular"
r1947,0.9177010027521256,0,13.913472066315892,0.5971028839484396,"Transport, extracellular"
r1948,0.9160787435828515,0,15.11202050695885,0.6618828960934421,"Transport, extracellular"
r1949,-0.5455431746955883,0,1.269587752008372,4.317687788007804,"Transport, extracellular"
r1950,-0.36702872385133917,0,0.3954860018093452,0.8541315297023393,"Transport, extracellular"
r1952,-0.8071489124866474,0,0.25975366450429427,2.434072622436499,"Transport, extracellular"
r1953,-0.454433166701949,0,0.5196231964114628,1.3852697138493968,"Transport, extracellular"
r1955,-0.41930196296331634,0,0.3426284793459199,0.8374288223607,"Transport, extracellular"
r1957,-0.5106404056890788,0,0.3857794916280312,1.190891308793309,"Transport, extracellular"
r1958,0.9036242449544459,0,13.875331586745114,0.7024734853657981,"Transport, extracellular"
r1961,0.49788012764151035,0,1.9797274434856256,0.6636448891226034,"Transport, extracellular"
r1962,-0.9771536104757376,0,0.6520575320899734,56.42983117487654,"Transport, extracellular"
r1964,-0.9722116726645371,0,0.7284270865852471,51.6984122687757,"Transport, extracellular"
r1965,0.9395410503019843,0,77.25004624876827,2.408021557262979,"Transport, extracellular"
r1966,-0.757497751422153,0,1.5287621981037316,11.07946891784796,"Transport, extracellular"
r1967,0.6112061435305233,0,2.1937623655700937,0.5293682212622726,"Transport, extracellular"
r1968,0.9611261794969621,0,31.104102138473372,0.6165514978487103,"Transport, extracellular"
r1969,0.9158704302592061,0,22.432814602735824,0.9850682023146161,"Transport, extracellular"
r1970,0.621555970451285,0,10.344876225880741,2.41432100738124,"Transport, extracellular"
r1971,-0.4438073073144215,0,0.4149310531083682,1.0771095959870813,"Transport, extracellular"
r1973,-0.6167131415051018,0,0.33111550965189235,1.3966531435814908,"Transport, extracellular"
r1974,-0.35077476623108694,0,1.173149943053408,2.4408498894638293,"Transport, extracellular"
r1975,-0.49087457581660243,0,0.59261761956267,1.7353651972969995,"Transport, extracellular"
r1976,0.3851528134095415,0,1.5068836800873453,0.668881571947431,"Transport, extracellular"
r1977,-0.7747983713766969,0,0.9002489847236138,7.094799632171332,"Transport, extracellular"
r1979,0.9533186171309258,0,38.238519310227225,0.9138432125779334,"Transport, extracellular"
r1983,-0.4111388992307909,0,0.32748105829287344,0.7847712465888588,"Transport, extracellular"
r1985,0.3356368409657769,2.245678390719067e-16,3.3200833240084555,1.6514526836502705,"Transport, extracellular"
r1986,-0.5715328172691474,0,0.620805265714266,2.2769908350631094,"Transport, extracellular"
r1988,0.8245409520829099,0,7.998202729821775,0.7691562277187127,"Transport, extracellular"
r1989,0.8253126163107625,0,7.790305830276338,0.7455534638118654,"Transport, extracellular"
r2079,-0.9250818440776414,0,29.079946093528893,747.2324373470307,"Transport, extracellular"
r2081,-0.5231722998284333,0,185.87134714562893,593.7450513092041,"Transport, extracellular"
r2082,58.12029048613138,0,387.9286240607262,-401.5114900006294,"Transport, extracellular"
r2083,2.4094084045829334,0,155.562700410527,-376.3116329480202,"Transport, extracellular"
r2084,-0.3952165759716206,0,-108.80634320328312,-47.16419940227764,"Transport, extracellular"
r2085,-0.40776351159424595,0,57.78945267307414,137.3672247840613,"Transport, extracellular"
r2086,1.536564965503841,0,148.33924554257453,-31.37851513754055,"Transport, extracellular"
r2087,0.6567201556556955,0,319.57003196302054,66.21634345116802,"Transport, extracellular"
r2089,-1.053985465116549,0,-110.94715674414392,2.9160546468869115,"Transport, extracellular"
r2090,0.8324243822617,0,-9.592953951142638,-104.89809290417955,"Transport, extracellular"
r2091,12.351895781429505,0,170.60464298105686,-145.04952395169138,"Transport, extracellular"
r2092,-1.013925893584254,0,-109.84363480818942,0.7595467013555753,"Transport, extracellular"
r2093,-12.360888386648742,0,-506.30949843230246,430.51970305638315,"Transport, extracellular"
r2094,-3.971935540471056,0,-211.4182254281774,126.37358890493438,"Transport, extracellular"
r2096,2.541368747274077,0,374.5718284881115,-860.5967711250305,"Transport, extracellular"
r2098,-0.9251190534143501,0,-244.62747220067027,-9.515222784145548,"Transport, extracellular"
r2099,0.9051757065954509,0,887.3153264450074,44.16340632829666,"Transport, extracellular"
r2100,0.44543262925031096,0,171.79875956587594,65.91382016878966,"Transport, extracellular"
r2101,-0.4584723792976677,0,108.92071399325765,293.3513394691062,"Transport, extracellular"
r2103,-1.2133604271890983,0,-287.71075969952045,27.734339984720975,"Transport, extracellular"
r2104,-0.988483457087408,0,-314.76578905742167,-1.8230042116645755,"Transport, extracellular"
r2106,0.44948229025308506,0,-117.4919055100321,-309.3496054162765,"Transport, extracellular"
r2107,3.8446993852721802,0,496.719850091362,-845.9446944900512,"Transport, extracellular"
r2108,-3.6143659394578025,0,-474.4768185664415,837.4534098731995,"Transport, extracellular"
r2109,-1.2757083059519998,0,-374.36238297799827,45.35502997157611,"Transport, extracellular"
r2110,0.4820983615015421,0,-206.48434753527997,-590.9039292577266,"Transport, extracellular"
r2111,-0.39090649670584093,0,-109.1567861088533,-47.80097685706169,"Transport, extracellular"
r2112,1.6451110512290321,0,209.96491102415322,-860.906824433136,"Transport, extracellular"
r2114,-0.6601079063542119,0,93.20806265889406,455.2487234882355,"Transport, extracellular"
r2116,-0.3677840474073468,0,-109.53939597202651,-50.63120432070233,"Transport, extracellular"
r2118,1.3083107821506201,0,23.423739688642186,-175.37262402703612,"Transport, extracellular"
r2119,-0.7902906136676334,0,-419.65875464758574,-49.15759443426803,"Transport, extracellular"
r2120,0.9548218230209655,0,-10.831413431438571,-468.6661739309311,"Transport, extracellular"
r2121,0.885503471750894,0,-27.693635665497553,-456.05265933561327,"Transport, extracellular"
r2122,-0.3746494413639565,0,-110.19763610811084,-50.13071058480367,"Transport, extracellular"
r2123,-0.8474048274714894,0,-673.4238606910706,-55.62464094435498,"Transport, extracellular"
r2124,0.8607290812642444,0,402.49855173786057,30.12601009721216,"Transport, extracellular"
r2125,-1.3752927150121685,0,-51.32358898989409,324.8359005104095,"Transport, extracellular"
r2127,-1.276035062191669,0,-19.99016539144721,164.8280365859896,"Transport, extracellular"
r2128,-0.7426946640092761,0,-321.68136880000236,-47.49560229364423,"Transport, extracellular"
r2130,-1.7684786523253162,0,-113.20371215111892,407.82142679700854,"Transport, extracellular"
r2132,1.7229429193114572,0,167.92552085543275,-44.58432287108749,"Transport, extracellular"
r2133,-0.6250784365943274,0,-206.97947554806768,-47.75219879724458,"Transport, extracellular"
r2193,-2.1880238497687636,0,-160.768415758124,431.41688092052937,"Transport, extracellular"
r2198,-0.47370930099918085,0,-858.2577218417167,-306.50078414018157,"Transport, extracellular"
r2338,1,0,36.35026029168554,NA,"Transport, extracellular"
r2347,-0.7097095655745745,0,0.682250359282186,4.018217023548188,"Transport, extracellular"
r2370,0.8453965592672966,0,59.31667712661177,4.969426398110413,"Transport, extracellular"
r2371,0.5119795880725116,0,720.4031902254909,232.52394703020303,"Transport, mitochondrial"
r2372,-0.6991487977749584,0,-623.249378630495,-110.35250420241803,"Transport, mitochondrial"
r2374,0.640827851866259,0,870.8581949940682,190.62816873819528,"Transport, mitochondrial"
r2375,0.5572950682380633,0,820.1724274259567,233.1570849495068,"Transport, mitochondrial"
r2376,-43.5362939903478,0,-413.92981096851827,395.3413845916748,"Transport, mitochondrial"
r2377,-0.4432276730733992,0,-731.6074684789658,-282.2415341818333,"Transport, mitochondrial"
r2378,1.0577879714988963,0,226.88991512996853,-6.371651564940952,"Transport, mitochondrial"
r2380,3.4799759236624435,0,67.78440644579567,-122.4497810561195,"Transport, mitochondrial"
r2381,-0.4001659284874767,0,1.3344567688742013,3.114962936509575,"Transport, mitochondrial"
r2382,-0.9206856053847745,0,0.5818973999504753,14.09128778348085,"Transport, mitochondrial"
r2384,-0.7635040618905105,0,2.0651927225617213,15.399739141135733,"Transport, mitochondrial"
r2385,-0.483167571794334,0,4.232621728239155,12.146465562912184,"Transport, mitochondrial"
r2387,-0.7964828832181939,0,2.028021890545766,17.901720851633907,"Transport, mitochondrial"
r2388,-0.621774242645585,0,2.9557781417686257,12.67392493526917,"Transport, mitochondrial"
r2390,-0.6096498538886729,0,2.199960107799631,9.071766723690818,"Transport, mitochondrial"
r2391,-0.5251671162830935,0,1.9713983051592787,6.332147522280166,"Transport, mitochondrial"
r2392,-0.7629617516929612,0,1.0141201921203333,7.542475204304722,"Transport, mitochondrial"
r2394,0.47403982148107066,0,286.36785122936965,102.18047298297883,"Transport, mitochondrial"
r2404,-1,0,NA,12.377395810391475,"Transport, mitochondrial"
r2434,-1,0,-242.84107423658818,NA,"Transport, mitochondrial"
r2437,-1,0,NA,180.18014135467783,"Transport, mitochondrial"
r2473,-1,0,NA,325.61066543478967,"Transport, endoplasmic reticular"
r2498,-0.39164103693514885,0,0.24215574837039475,0.5539391990943011,"Transport, peroxisomal"
r2499,0.6768751751199497,0,3.4074411733360424,0.6565955825212353,"Transport, peroxisomal"
r2502,0.629488866114997,0,4.8356729476415445,1.0995292475973633,"Transport, peroxisomal"
r2503,-0.4510590507091412,0,0.3158240034079541,0.8348425803692139,"Transport, peroxisomal"
r2505,-0.5142682352096828,0,0.33520701636869055,1.0450074998196595,"Transport, endoplasmic reticular"
r2510,-1,0,-0.367355694847421,NA,"Transport, endoplasmic reticular"
r2512,-1,0,NA,1.0778823891803027,"Transport, endoplasmic reticular"
r2516,-1.3560732426654722,0,-66.88853773529958,442.5895437114254,"Transport, peroxisomal"
r2517,-0.45091091928390603,0,0.2489245269393112,0.6577572326566966,"Transport, peroxisomal"
r2518,0.6905775127172527,1.9532378329966118e-4,2.7293423788332336,0.49954521526043416,"Transport, peroxisomal"
r2519,0.4702217823941387,0,-9.0231006606834,-25.04058999636173,"Transport, endoplasmic reticular"
r2525,-3.598175300567166,0,-287.02245430856345,507.9640160622358,"Transport, extracellular"
r2526,4.509862253219882,0,428.64543589493036,-273.05336618595123,"Transport, extracellular"
r2532,2.651238356356543,0,185.36921416054815,-409.890663104558,"Transport, extracellular"
r2534,0.656107691515441,0,449.2836164592743,93.29416246300339,"Transport, extracellular"
r2535,-1.1504320214000006,0,-14.666372198991128,209.65640241327733,"Transport, extracellular"
r2538,-0.4920024733037938,0,58.724538986210156,172.47555904626995,"Transport, endoplasmic reticular"
RE0383C,0.6157670930841173,0,801.397091179657,190.5739603534937,Miscellaneous
RE0453M,-1.161219928879427,0,-156.3246164582491,11.661304437707054,Pyrimidine synthesis
RE0456N,-1.5178218560554873,0,-26.41960862223208,5.433526101189852,Pyrimidine synthesis
RE0512X,0.629488866114997,0,4.8356729476415445,1.0995292475973633,Fatty acid oxidation
RE0577C,-1,0,-325.7467266749144,NA,Fatty acid synthesis
RE0578C,1,0,0.3856401834759583,NA,Fatty acid synthesis
RE0579C,-0.6892962107660118,0,0.17815611226977307,0.9686346153811551,Fatty acid synthesis
RE0830N,1,0,139.91715801627115,NA,Tetrahydrobiopterin metabolism
RE0915C,-0.981172797976308,0,2.0715570076155942,217.9884396938324,Starch and sucrose metabolism
RE0916C,-0.5034226350091847,0,0.123507617257128,0.373927932425699,Tyrosine metabolism
RE0918C,-0.4079289674755391,0,0.12405874009741337,0.2950083423384698,Tyrosine metabolism
RE1135C,-8.929988111131365,0,-289.0555634699218,361.9574542216048,Steroid metabolism
RE1233C,-4.436610997567405,0,-492.38670147620144,311.249334209528,Tryptophan metabolism
RE1234C,1,0,16.442020693320035,NA,Urea cycle
RE1447M,0.43063506048881256,0,1.6144840167623509,0.6425332496965344,Phosphatidylinositol phosphate metabolism
RE1448N,0.541290986498297,0,-289.22564194698333,-971.8162536071777,Phosphatidylinositol phosphate metabolism
RE1516X,0.629488866114997,0,4.8356729476415445,1.0995292475973633,Fatty acid oxidation
RE1517X,0.629488866114997,0,4.8356729476415445,1.0995292475973633,Fatty acid oxidation
RE1518M,1,0,NA,-300.8906541452408,Fatty acid oxidation
RE1518X,0.5475872464366203,0,7.708357920980453,2.2534170144608243,Fatty acid oxidation
RE1519X,-0.3860862849322349,0,-10.052740451796492,-4.452475509254541,Fatty acid oxidation
RE1520X,0.5475872464366203,0,7.708357920980453,2.2534170144608243,Fatty acid oxidation
RE1521M,2.0241472539482728,0,4.608362500971167,-1.5606521125603043,Fatty acid oxidation
RE1521X,0.5475872464366203,0,7.708357920980453,2.2534170144608243,Fatty acid oxidation
RE1522X,0.5475872464366203,0,7.708357920980453,2.2534170144608243,Fatty acid oxidation
RE1523X,0.629488866114997,0,4.8356729476415445,1.0995292475973633,Fatty acid oxidation
RE1525X,0.5475872464366203,0,7.708357920980453,2.2534170144608243,Fatty acid oxidation
RE1526M,2.0241472539482728,0,4.608362500971167,-1.5606521125603043,Fatty acid oxidation
RE1526X,0.5475872464366203,0,7.708357920980453,2.2534170144608243,Fatty acid oxidation
RE1527X,0.5475872464366203,0,7.708357920980453,2.2534170144608243,Fatty acid oxidation
RE1531X,0.629488866114997,0,4.8356729476415445,1.0995292475973633,Fatty acid oxidation
RE1532X,0.5475872464366203,0,7.708357920980453,2.2534170144608243,Fatty acid oxidation
RE1533M,2.0241472539482728,0,4.608362500971167,-1.5606521125603043,Fatty acid oxidation
RE1533X,0.5475872464366203,0,7.708357920980453,2.2534170144608243,Fatty acid oxidation
RE1534X,0.5475872464366203,0,7.708357920980453,2.2534170144608243,Fatty acid oxidation
RE1573M,2.02414725394829,0,4.608362500971167,-1.5606521125603219,Fatty acid oxidation
RE1573X,0.5475872464366203,0,7.708357920980453,2.2534170144608243,Fatty acid oxidation
RE1709N,-1,0,-139.91715801627115,NA,Tetrahydrobiopterin metabolism
RE1711C,1,0,NA,-456.8721516736984,Tryptophan metabolism
RE1796R,1,0,NA,-797.3854319915771,Bile acid synthesis
RE1804M,-1,0,-678.6118170855284,NA,Bile acid synthesis
RE1807M,-1,0,-39.798330955313894,NA,Bile acid synthesis
RE1810M,-1,0,-4.535087098581821,NA,Bile acid synthesis
RE1834C,1,0,62.034383354970814,NA,Bile acid synthesis
RE1834M,-0.9563252485794054,0,1.7469312865084154,78.25037744160295,Bile acid synthesis
RE1835C,1,0,0.476958034175192,NA,Bile acid synthesis
RE1836X,-0.8753088663519211,0,4.2804859205836205,64.37693654963971,Bile acid synthesis
RE1925C,1,0,339.6773988634586,NA,Tyrosine metabolism
RE2080C,-0.356785061263849,0,0.5427250514077466,1.144813650582427,Eicosanoid metabolism
RE2155C,-0.4204268158806966,0,0.3368989597416221,0.8256771185617953,Miscellaneous
RE2235R,-0.48748687005084834,0,0.6739613224798766,1.9560642635836172,Androgen and estrogen synthesis and metabolism
RE2349C,-0.4393909870967708,0,-442.1831286977291,-172.21995241313093,Tryptophan metabolism
RE2407C,-0.6737656285540382,0,0.14986182867492903,0.7688753847627575,Cholesterol metabolism
RE2624M,0.36593325393071663,0,-0.39503353056865054,-0.850997847097971,Fatty acid oxidation
RE2625C,1,0,2.8209151018144722,NA,Bile acid synthesis
RE2625M,-1,0,-146.73940343866946,NA,Bile acid synthesis
RE2626M,0.3662040766159043,0,843.1672500946045,391.15383637607096,Bile acid synthesis
RE2640C,-1,0,-898.2354564155579,NA,Methionine and cysteine metabolism
RE2649C,1,0,0.41588166237758706,NA,Bile acid synthesis
RE2660N,-1,0,-139.91715801627115,NA,Tetrahydrobiopterin metabolism
RE2666G,-0.4170904972389133,0,0.09066856976774688,0.22042112541915285,Glycosphingolipid metabolism
RE2677R,-0.4170904972389133,0,0.09066856976774688,0.22042112541915285,Glycosphingolipid metabolism
RE2759X,-0.9531986333793754,0,0.03677927495403692,1.5349387157692915,Fatty acid oxidation
RE2814M,1,0,4.535087098581821,NA,Bile acid synthesis
RE2888C,0.48278159977144713,0,560.0341433023452,195.34904109739065,Purine catabolism
RE2972M,0.43063506048881256,0,1.6144840167623509,0.6425332496965344,Phosphatidylinositol phosphate metabolism
RE2973N,-0.9211421077998752,0,39.43846645443365,960.8029895141601,Phosphatidylinositol phosphate metabolism
RE2985X,0.4268635679311656,0,2.872684972679196,1.153887766639325,Fatty acid oxidation
RE2986X,0.4268635679311656,0,2.872684972679196,1.153887766639325,Fatty acid oxidation
RE2987X,0.4268635679311656,0,2.872684972679196,1.153887766639325,Fatty acid oxidation
RE2988X,0.4268635679311656,0,2.872684972679196,1.153887766639325,Fatty acid oxidation
RE2989X,0.4268635679311656,0,2.872684972679196,1.153887766639325,Fatty acid oxidation
RE2990X,0.4268635679311656,0,2.872684972679196,1.153887766639325,Fatty acid oxidation
RE2991X,0.4268635679311656,0,2.872684972679196,1.153887766639325,Fatty acid oxidation
RE2992M,0.41450235748856235,0,4.256697579015737,1.7619528056657983,Fatty acid oxidation
RE2992X,0.4268635679311656,0,2.872684972679196,1.153887766639325,Fatty acid oxidation
RE2993X,0.4268635679311656,0,2.872684972679196,1.153887766639325,Fatty acid oxidation
RE2994X,0.4268635679311656,0,2.872684972679196,1.153887766639325,Fatty acid oxidation
RE2996X,0.4268635679311656,0,2.872684972679196,1.153887766639325,Fatty acid oxidation
RE2997X,0.4268635679311656,0,2.872684972679196,1.153887766639325,Fatty acid oxidation
RE2998M,-0.9598302659814617,0,6.284438842896465,306.6097834587097,Fatty acid oxidation
RE2999M,-0.6257027881114059,0,1.6760763282140778,7.279781610225205,Fatty acid oxidation
RE3000M,-0.6257027881114059,0,1.6760763282140778,7.279781610225205,Fatty acid oxidation
RE3001M,-0.6257027881114059,0,1.6760763282140778,7.279781610225205,Fatty acid oxidation
RE3002X,-0.4268635679311656,0,-2.872684972679196,-1.153887766639325,Fatty acid oxidation
RE3003M,0.6257027881114059,0,-1.6760763282140778,-7.279781610225205,Fatty acid oxidation
RE3004M,-0.6257027881114059,0,1.6760763282140778,7.279781610225205,Fatty acid oxidation
RE3005M,-0.6257027881114059,0,1.6760763282140778,7.279781610225205,Fatty acid oxidation
RE3006M,-0.6257027881114059,0,1.6760763282140778,7.279781610225205,Fatty acid oxidation
RE3010C,0.4485063697023805,0,334.7398696611166,127.44638876713515,Eicosanoid metabolism
RE3010X,-0.44717114899175453,0,-333.62357360801695,-127.44638876713515,Eicosanoid metabolism
RE3012C,0.4127914776260999,1.879312946144621e-9,4.006301211969823,1.6651673315714681,Eicosanoid metabolism
RE3074X,-0.7958695990961331,0,0.3315913921832318,2.9172278989657747,Fatty acid oxidation
RE3081X,-0.6484265862405673,0,0.294812117290841,1.3822891978419858,Fatty acid oxidation
RE3082X,-0.6484265862405673,0,0.294812117290841,1.3822891978419858,Fatty acid oxidation
RE3086X,-0.6484265862405673,0,0.294812117290841,1.3822891978419858,Fatty acid oxidation
RE3106C,-0.3707877142989334,0,2.307347661746867,5.026735649026465,Fatty acid oxidation
RE3110C,-0.3707877142989334,0,2.307347661746867,5.026735649026465,Fatty acid oxidation
RE3112C,-0.3707877142989334,0,2.307347661746867,5.026735649026465,Fatty acid oxidation
RE3113C,-0.3707877142989334,0,2.307347661746867,5.026735649026465,Fatty acid oxidation
RE3119C,-0.7603310547147838,0,0.8419624512130169,6.184082998363656,Fatty acid oxidation
RE3120C,-0.7603310547147838,0,0.8419624512130169,6.184082998363656,Fatty acid oxidation
RE3121C,-0.7603310547147838,0,0.8419624512130169,6.184082998363656,Fatty acid oxidation
RE3122C,-0.7603310547147838,0,0.8419624512130169,6.184082998363656,Fatty acid oxidation
RE3136C,-0.6737656285540548,0,0.14986182867492903,0.768875384762804,Cholesterol metabolism
RE3146R,-0.4465245807042044,0,0.26338026691530686,0.6883522138167697,Fatty acid oxidation
RE3154C,0.4152880459603606,0,0.9208680622956905,0.38044733413419235,Fatty acid oxidation
RE3156X,-0.7875838256761076,0,0.6325615918279919,5.323308707045401,Fatty acid oxidation
RE3157X,-0.7875838256761076,0,0.6325615918279919,5.323308707045401,Fatty acid oxidation
RE3158X,-0.7875838256761076,0,0.6325615918279919,5.323308707045401,Fatty acid oxidation
RE3159X,-0.7875838256761076,0,0.6325615918279919,5.323308707045401,Fatty acid oxidation
RE3160R,-0.3966326539317492,0,0.2681370868912494,0.6206650288961656,Fatty acid oxidation
RE3165C,-0.42630132257847725,0,0.1533355043277079,0.38121515915602633,Fatty acid oxidation
RE3166C,-0.42630132257847725,0,0.1533355043277079,0.38121515915602633,Fatty acid oxidation
RE3167C,-0.42630132257847725,0,0.1533355043277079,0.38121515915602633,Fatty acid oxidation
RE3168C,-0.42630132257847725,0,0.1533355043277079,0.38121515915602633,Fatty acid oxidation
RE3169C,-0.5670389772396455,0,0.18274934283647962,0.6614344669270704,Fatty acid oxidation
RE3170C,-0.5670389772396455,0,0.18274934283647962,0.6614344669270704,Fatty acid oxidation
RE3171C,-0.5670389772396455,0,0.18274934283647962,0.6614344669270704,Fatty acid oxidation
RE3172C,-0.5670389772396455,0,0.18274934283647962,0.6614344669270704,Fatty acid oxidation
RE3224C,0.41704368091664223,0,4.1194798091483715,1.6947090752529985,Fatty acid synthesis
RE3227C,0.41704368091664223,0,4.1194798091483715,1.6947090752529985,Fatty acid synthesis
RE3228C,0.41704368091664223,0,4.1194798091483715,1.6947090752529985,Fatty acid synthesis
RE3229C,0.41704368091664223,0,4.1194798091483715,1.6947090752529985,Fatty acid synthesis
RE3237C,-1,0,NA,0.6756234980725742,Fatty acid synthesis
RE3247M,-0.3659332539276361,0,0.39503353056865054,0.8509978470919174,Fatty acid oxidation
RE3251M,1,0,146.22504801039696,NA,Bile acid synthesis
RE3269C,-0.7132842314496604,0,0.12234623930969656,0.7310859937920264,Phosphatidylinositol phosphate metabolism
RE3273R,0.6810720640203418,0,-52.49022209288301,-276.6764401604414,Phosphatidylinositol phosphate metabolism
RE3301C,1,0,148.19759559468628,NA,Glycerophospholipid metabolism
RE3346C,-1.005878161039479,0,-2.8209151018144722,962.616022064209,Bile acid synthesis
RE3346M,0.3664680764886272,0,843.681605563736,391.15383637607096,Bile acid synthesis
RE3352C,-0.48278159977144713,0,-560.0341433023452,-195.34904109739065,Purine catabolism
RE3430C,0.4485063697023805,0,334.7398696611166,127.44638876713515,Eicosanoid metabolism
RE3430X,-0.44717114899175453,0,-333.62357360801695,-127.44638876713515,Eicosanoid metabolism
RE3431C,1.2451246901203246,0,6.173050339846581,-56.53966446440835,Eicosanoid metabolism
RE3432C,1.2451246901203246,0,6.173050339846581,-56.53966446440835,Eicosanoid metabolism
RE3432X,-0.44717114899175453,0,-333.62357360801695,-127.44638876713515,Eicosanoid metabolism
RE3470C,0.8386538671406875,0,-0.3485216039741184,-3.9716514029366285,Arachidonic acid metabolism
RE3470M,-1,0,-0.8186589422199517,NA,Arachidonic acid metabolism
RE3475C,-0.4392074010340875,0,0.226169152216422,0.5804361868464409,Arachidonic acid metabolism
RE3476C,-0.5474369764189148,0,1.7064420200604713,5.834792818603851,Arachidonic acid metabolism
RE3476M,1,0,0.8186589422199517,NA,Arachidonic acid metabolism
RE3526C,-0.8386538671406875,0,0.1742608019870592,1.9858257014683143,Arachidonic acid metabolism
RE3526M,1,0,0.40932947110997586,NA,Arachidonic acid metabolism
RE3597C,0.7572964097023673,0,764.6719634040833,105.61031701506973,Eicosanoid metabolism
RE3597X,-0.7558638960824777,0,-766.6069181434632,-106.58936985339821,Eicosanoid metabolism
RE3624M,-0.6257027881114059,0,1.6760763282140778,7.279781610225205,Fatty acid oxidation
RE3626M,0.4024043935558187,0,5.054778481841936,2.1539531865257944,Fatty acid oxidation
EX_HC02187[e],-1,0,NA,407.5618224469986,Exchange/demand reaction
EX_HC02180[e],0.7097095655745745,0,-0.682250359282186,-4.018217023548188,Exchange/demand reaction
EX_HC02203[e],-1,0,NA,463.7969726769984,Exchange/demand reaction
EX_crm_hs[e],-0.5262717287314876,0,-109.19888240416944,-33.89343903314976,Exchange/demand reaction
EX_CE0074[e],0.48278159977144713,0,560.0341433023452,195.34904109739065,Exchange/demand reaction
HCO3_NAt,0.4807280239880445,0,-177.00387737140423,-504.7347318668842,"Transport, extracellular"
2MB2COAc,-0.8840404431059888,0,1.559631337328212,25.33994260212276,Fatty acid oxidation
ADPACtx,-0.7175539729381681,0,0.20114086999716219,1.2231374042596697,Fatty acid oxidation
ADPCOACROT,1.216487249490872,0,0.19479854853261425,-1.9944292333949822,Fatty acid oxidation
ADPCOAPTE,-0.7175539729381681,0,0.20114086999716219,1.2231374042596697,Fatty acid oxidation
C10DCCACT,1.2493055260674832,0,0.2930158340687329,-2.6436723854154347,Fatty acid oxidation
C10DCe,1,0,0.2930158340687329,NA,Fatty acid oxidation
C10OHc,-0.7755440676658318,0,1.7179495843206234,13.58972855503863,Fatty acid oxidation
C12DCACOT,-0.6319164612337,0,0.3043957337193566,1.3495534471627615,Fatty acid oxidation
C12DCTD,-0.6319164612337,0,0.3043957337193566,1.3495534471627615,Fatty acid oxidation
C12DCe,1,0,0.295192898047977,NA,Fatty acid oxidation
C12OHc,-0.5750858320337239,0,4.3999562735430775,16.309902823893683,Fatty acid oxidation
C141ACBP,-0.5395982824682903,0,1.5090392838132065,5.046276330139832,Fatty acid oxidation
C141OHc,-0.5395982824682903,0,1.5090392838132065,5.046276330139832,Fatty acid oxidation
C141OHe,-0.5395982824682903,0,1.5090392838132065,5.046276330139832,Fatty acid oxidation
C142ACBP,-0.4314825612144887,0,0.5593174724691379,1.4083177637127926,Fatty acid oxidation
C142OHc,-0.4314825612144887,0,0.5593174724691379,1.4083177637127926,Fatty acid oxidation
C142OHe,-0.4314825612144887,0,0.5593174724691379,1.4083177637127926,Fatty acid oxidation
C14OHc,-0.963497574878327,0,2.825545412559244,151.98857464334964,Fatty acid oxidation
C162ACBP,-0.651685960302272,0,1.1229810005729013,5.325113951599802,Fatty acid oxidation
C162OHc,-0.651685960302272,0,1.1229810005729013,5.325113951599802,Fatty acid oxidation
C162OHe,-0.651685960302272,0,1.1229810005729013,5.325113951599802,Fatty acid oxidation
C16DCc,-0.45789040726661095,0,0.33994308335342865,0.9142058485604677,Fatty acid oxidation
C16DCe,-0.45789040726661095,0,0.33994308335342865,0.9142058485604677,Fatty acid oxidation
C16OHc,-0.4101342216768952,0,1.1240308570873745,2.687110247869813,Fatty acid oxidation
C16txc,-0.6810205111099099,0,0.7303452544586487,3.848916296181693,"Transport, peroxisomal"
C181OHc,-0.816497816820891,0,0.8779882825625828,8.691252446367756,Fatty acid oxidation
C182OHc,-0.8318274634334042,0,1.134029225991385,12.352468024316943,Fatty acid oxidation
C18OHc,-0.33221915654781814,0,1.2584793434262755,2.510659456424284,Fatty acid oxidation
C2tcx,-7.382147912116396,0,-120.02098046525549,91.38369519574476,"Transport, peroxisomal"
C4CRNCPT2,-0.923637614428068,0,-458.34594051647184,-18.19489761092807,Fatty acid oxidation
C4CRNe,-0.454445702205883,0,6.915222753224816,18.43595780271869,Fatty acid oxidation
C4DCCACT,1,0,0.47955854404706444,NA,Fatty acid oxidation
C4tcx,-1.003575682947724,0,-135.0741642627239,0.2410602154652442,"Transport, peroxisomal"
C4tmc,-0.923637614428068,0,-458.34594051647184,-18.19489761092807,"Transport, mitochondrial"
C4x,-1.003575682947724,0,-135.0741642627239,0.2410602154652442,"Transport, peroxisomal"
C51CPT1,-0.8840404431059888,0,1.559631337328212,25.33994260212276,Fatty acid oxidation
C5DCe,0.6698946772632883,0,20.845993624385205,4.120842797356941,Fatty acid oxidation
C60CPT1,1,0,332.51812794504167,NA,Fatty acid oxidation
C6COAt,-1,0,-332.51812794504167,NA,"Transport, peroxisomal"
C6CRNtcx,-1,0,-332.51812794504167,NA,"Transport, peroxisomal"
C6DCCACT,1.216487249490872,0,0.19479854853261425,-1.9944292333949822,Fatty acid oxidation
C6DCe,1,0,0.19479854853261425,NA,Fatty acid oxidation
C80CPT1,-1,0,-262.6396978495657,NA,Fatty acid oxidation
C8CRNe,-1,0,NA,23.920431438560037,Fatty acid oxidation
C8DCe,1,0,0.5965879274906656,NA,Fatty acid oxidation
C9BRxtc,-0.3650162351284567,0,-388.3935089188099,-180.67446100501977,"Transport, peroxisomal"
DDCRNe,-0.5750858320337239,0,4.3999562735430775,16.309902823893683,Fatty acid oxidation
DECCRNe,-0.7755440676658318,0,1.7179495843206234,13.58972855503863,Fatty acid oxidation
DOCO13EFATP,0.5262022861095469,0,2.5839220643713534,0.8021586509944288,Fatty acid oxidation
DOCOSACTDe,-1,0,NA,1.7857980407732539,Fatty acid oxidation
DOCOSACTDr,-0.5197649398449096,0,0.3856401834759583,1.2204074189269858,Fatty acid oxidation
EX_3ddcrn[e],-0.5750858320337239,0,4.3999562735430775,16.309902823893683,Exchange/demand reaction
EX_3deccrn[e],-0.7755440676658318,0,1.7179495843206234,13.58972855503863,Exchange/demand reaction
EX_3hexdcrn[e],-0.4101342216768952,0,1.1240308570873745,2.687110247869813,Exchange/demand reaction
EX_3ivcrn[e],-0.39737681790184326,0,1.5393549282636487,3.569492437694187,Exchange/demand reaction
EX_3octdec2crn[e],-0.8318274634334042,0,1.134029225991385,12.352468024316943,Exchange/demand reaction
EX_3octdeccrn[e],-0.33221915654781814,0,1.2584793434262755,2.510659456424284,Exchange/demand reaction
EX_3octdece1crn[e],-0.816497816820891,0,0.8779882825625828,8.691252446367756,Exchange/demand reaction
EX_3tdcrn[e],-0.963497574878327,0,2.825545412559244,151.98857464334964,Exchange/demand reaction
EX_3tetd7ecoacrn[e],-0.5395982824682903,0,1.5090392838132065,5.046276330139832,Exchange/demand reaction
EX_3thexddcoacrn[e],-0.651685960302272,0,1.1229810005729013,5.325113951599802,Exchange/demand reaction
EX_3ttetddcoacrn[e],-0.4314825612144887,0,0.5593174724691379,1.4083177637127926,Exchange/demand reaction
EX_c10dc[e],1,0,0.2930158340687329,NA,Exchange/demand reaction
EX_c12dc[e],1,0,0.295192898047977,NA,Exchange/demand reaction
EX_c16dc[e],-0.45789040726661095,0,0.33994308335342865,0.9142058485604677,Exchange/demand reaction
EX_c4crn[e],-0.454445702205883,0,6.915222753224816,18.43595780271869,Exchange/demand reaction
EX_c51crn[e],-0.8840404431068254,0,1.559631337316268,25.33994260212276,Exchange/demand reaction
EX_c5dc[e],0.6698946772632883,0,20.845993624385205,4.120842797356941,Exchange/demand reaction
EX_c6dc[e],1,0,0.19479854853261425,NA,Exchange/demand reaction
EX_c8crn[e],-1,0,NA,23.920431438560037,Exchange/demand reaction
EX_c8dc[e],1,0,0.5965879274906656,NA,Exchange/demand reaction
EX_docosac[e],1,0,NA,-1.2204074189269858,Exchange/demand reaction
FAOXC101C102m,-0.4543906242535316,0,1.6815261708097329,4.48232014693059,Fatty acid oxidation
FAOXC102C103m,-0.6621916427281105,0,3.654348534465237,17.981282768309118,Fatty acid oxidation
FAOXC102C81m,-0.6621916427281105,0,3.654348534465237,17.981282768309118,Fatty acid oxidation
FAOXC102m,-0.6621916427281105,0,3.654348534465237,17.981282768309118,Fatty acid oxidation
FAOXC103C102m,-0.6621916427281105,0,3.654348534465237,17.981282768309118,Fatty acid oxidation
FAOXC10DCC8DCx,1,0,1.9978079427312594,NA,Fatty acid oxidation
FAOXC11BRC9BRx,-0.6484265862405673,0,0.294812117290841,1.3822891978419858,Fatty acid oxidation
FAOXC122C101m,-0.33986467294294975,0,0.4518658121991975,0.9171438246995299,Fatty acid oxidation
FAOXC122m,-0.33986467294294975,0,0.4518658121991975,0.9171438246995299,Fatty acid oxidation
FAOXC122x,-0.7875838256761076,0,0.6325615918279919,5.323308707045401,Fatty acid oxidation
FAOXC123C102m,-0.6621916427281105,0,3.654348534465237,17.981282768309118,Fatty acid oxidation
FAOXC123m,-0.6621916427281105,0,3.654348534465237,17.981282768309118,Fatty acid oxidation
FAOXC12C12OHm,-0.49950727493244595,0,1.3615808042123543,4.079380616469934,Fatty acid oxidation
FAOXC12DCC10DCx,1,0,2.688158138150768,NA,Fatty acid oxidation
FAOXC12DCTc,1,0,0.295192898047977,NA,Fatty acid oxidation
FAOXC12DCx,1,0,0.295192898047977,NA,Fatty acid oxidation
FAOXC13BRC11BRx,-0.6484265862405673,0,0.294812117290841,1.3822891978419858,Fatty acid oxidation
FAOXC141C141OHm,-0.5395982824682903,0,1.5090392838132065,5.046276330139832,Fatty acid oxidation
FAOXC142C122m,-0.33986467294294975,0,0.4518658121991975,0.9171438246995299,Fatty acid oxidation
FAOXC142C122x,-0.7875838256761076,0,0.6325615918279919,5.323308707045401,Fatty acid oxidation
FAOXC142C142OHm,-0.4314825612144887,0,0.5593174724691379,1.4083177637127926,Fatty acid oxidation
FAOXC143C123m,-0.6621916427281105,0,3.654348534465237,17.981282768309118,Fatty acid oxidation
FAOXC14DCC12DCx,0.41795726635380925,0,3.28774676860841,1.3495534471627615,Fatty acid oxidation
FAOXC15NADPx,-0.43891033556941,0,0.9018801174332581,2.312864956684306,Fatty acid oxidation
FAOXC161C141m,-0.5395982824682903,0,1.5090392838132065,5.046276330139832,Fatty acid oxidation
FAOXC162C162OHm,-0.651685960302272,0,1.1229810005729013,5.325113951599802,Fatty acid oxidation
FAOXC163C142x,-0.7875838256761076,0,0.6325615918279919,5.323308707045401,Fatty acid oxidation
FAOXC163C164Gm,-0.33986467294294975,0,0.4518658121991975,0.9171438246995299,Fatty acid oxidation
FAOXC163C164x,-0.7875838256761076,0,0.6325615918279919,5.323308707045401,Fatty acid oxidation
FAOXC163GC142m,-0.33986467294294975,0,0.4518658121991975,0.9171438246995299,Fatty acid oxidation
FAOXC163Gm,-0.33986467294294975,0,0.4518658121991975,0.9171438246995299,Fatty acid oxidation
FAOXC163x,-0.7875838256761076,0,0.6325615918279919,5.323308707045401,Fatty acid oxidation
FAOXC164C143m,-0.6621916427281105,0,3.654348534465237,17.981282768309118,Fatty acid oxidation
FAOXC164C163x,-0.7875838256761076,0,0.6325615918279919,5.323308707045401,Fatty acid oxidation
FAOXC164C165m,-0.6621916427281105,0,3.654348534465237,17.981282768309118,Fatty acid oxidation
FAOXC164GC163m,-0.33986467294294975,0,0.4518658121991975,0.9171438246995299,Fatty acid oxidation
FAOXC164m,-0.6621916427281105,0,3.654348534465237,17.981282768309118,Fatty acid oxidation
FAOXC165C164m,-0.6621916427281105,0,3.654348534465237,17.981282768309118,Fatty acid oxidation
FAOXC16BRx,-0.5732181873320429,0,0.1882667023656075,0.6939953658733778,Fatty acid oxidation
FAOXC16C16OHm,-0.4101342216768952,0,1.1240308570873745,2.687110247869813,Fatty acid oxidation
FAOXC16DCC14DCx,0.41795726635380925,0,3.28774676860841,1.3495534471627615,Fatty acid oxidation
FAOXC181C181OHm,-0.816497816820891,0,0.8779882825625828,8.691252446367756,Fatty acid oxidation
FAOXC182C182OHm,-0.8318274634334042,0,1.134029225991385,12.352468024316943,Fatty acid oxidation
FAOXC183C163m,-0.363305640755412,0,0.240160927938094,0.5142384929175742,Fatty acid oxidation
FAOXC184C163m,-0.33986467294294975,0,0.4518658121991975,0.9171438246995299,Fatty acid oxidation
FAOXC184C163x,-0.7875838256761076,0,0.6325615918279919,5.323308707045401,Fatty acid oxidation
FAOXC184m,-0.33986467294294975,0,0.4518658121991975,0.9171438246995299,Fatty acid oxidation
FAOXC184x,-0.7875838256761076,0,0.6325615918279919,5.323308707045401,Fatty acid oxidation
FAOXC185C164m,-0.6621916427281105,0,3.654348534465237,17.981282768309118,Fatty acid oxidation
FAOXC185m,-0.6621916427281105,0,3.654348534465237,17.981282768309118,Fatty acid oxidation
FAOXC18C18OHm,-0.33221915654781814,0,1.2584793434262755,2.510659456424284,Fatty acid oxidation
FAOXC204C184m,-0.33986467294294975,0,0.4518658121991975,0.9171438246995299,Fatty acid oxidation
FAOXC204C205x,-0.7875838256761076,0,0.6325615918279919,5.323308707045401,Fatty acid oxidation
FAOXC205C184x,-0.7875838256761076,0,0.6325615918279919,5.323308707045401,Fatty acid oxidation
FAOXC205C185m,-0.6621916427281105,0,3.654348534465237,17.981282768309118,Fatty acid oxidation
FAOXC225C204m,-0.33986467294294975,0,0.4518658121991975,0.9171438246995299,Fatty acid oxidation
FAOXC225C204x,-0.7875838256761076,0,0.6325615918279919,5.323308707045401,Fatty acid oxidation
FAOXC225C226m,-0.33986467294294975,0,0.4518658121991975,0.9171438246995299,Fatty acid oxidation
FAOXC225C226x,-0.7875838256761076,0,0.6325615918279919,5.323308707045401,Fatty acid oxidation
FAOXC225m,-0.33986467294294975,0,0.4518658121991975,0.9171438246995299,Fatty acid oxidation
FAOXC225x,-0.7875838256761076,0,0.6325615918279919,5.323308707045401,Fatty acid oxidation
FAOXC226C205m,-0.6552278928661308,0,3.895252135446342,18.700845720775426,Fatty acid oxidation
FAOXC226C225m,-0.33986467294294975,0,0.4518658121991975,0.9171438246995299,Fatty acid oxidation
FAOXC226C225x,-0.7875838256761076,0,0.6325615918279919,5.323308707045401,Fatty acid oxidation
FAOXC226C227m,-0.6552278928661308,0,3.895252135446342,18.700845720775426,Fatty acid oxidation
FAOXC226m,-0.6552278928661308,0,3.895252135446342,18.700845720775426,Fatty acid oxidation
FAOXC227C226m,-0.6552278928661308,0,3.895252135446342,18.700845720775426,Fatty acid oxidation
FAOXC4C4DCc,-1,0,-0.47955854404706444,NA,Fatty acid oxidation
FAOXC5C5DCc,0.6698946772632883,0,20.845993624385205,4.120842797356941,Fatty acid oxidation
FAOXC5C5OHm,-0.39737681790184326,0,1.5393549282636487,3.569492437694187,Fatty acid oxidation
FAOXC5OHc,-0.39737681790184326,0,1.5393549282636487,3.569492437694187,Fatty acid oxidation
FAOXC61C4m,-1,0,NA,30.176323271137477,Fatty acid oxidation
FAOXC61C4x,1,0,14.306105386638967,NA,Fatty acid oxidation
FAOXC61m,-0.6621916427281105,0,3.654348534465237,17.981282768309118,Fatty acid oxidation
FAOXC81C61m,-0.6621916427281105,0,3.654348534465237,17.981282768309118,Fatty acid oxidation
FAOXC8DCC6DCx,1,0,0.9805470406836364,NA,Fatty acid oxidation
FAOXTC101TC102m,-0.4103754135484308,0,1.181345609810533,2.825765480722551,Fatty acid oxidation
FAOXTC102C101m,-0.4103754135484308,0,1.181345609810533,2.825765480722551,Fatty acid oxidation
FAOXTC122TC101m,-0.4103754135484308,0,1.181345609810533,2.825765480722551,Fatty acid oxidation
FAOXTC122m,-0.4103754135484308,0,1.181345609810533,2.825765480722551,Fatty acid oxidation
FAOXTC142TC122m,-0.4103754135484308,0,1.181345609810533,2.825765480722551,Fatty acid oxidation
FAOXTC162TC142m,-0.41732653235152656,0,1.7406630794699887,4.23408324455563,Fatty acid oxidation
FAOXTC182TC162m,-0.5394022544813113,0,3.0673152109779185,10.251530748737975,Fatty acid oxidation
FOAXC122C101x,-0.7875838256761076,0,0.6325615918279919,5.323308707045401,Fatty acid oxidation
GLUTCOAACBP,0.6698946772632883,0,20.845993624385205,4.120842797356941,Fatty acid oxidation
HDCACBP,-0.7755440676658318,0,1.7179495843206234,13.58972855503863,Fatty acid oxidation
HDDACBP,-0.5750858320337239,0,4.3999562735430775,16.309902823893683,Fatty acid oxidation
HDECAACBP,-0.4101342216768952,0,1.1240308570873745,2.687110247869813,Fatty acid oxidation
HEXDCRNe,-0.4101342216768952,0,1.1240308570873745,2.687110247869813,Fatty acid oxidation
HEXDICOAACBP,-0.45789040726661095,0,0.33994308335342865,0.9142058485604677,Fatty acid oxidation
HEXDICOAACBPx,0.41795726635380925,0,3.28774676860841,1.3495534471627615,Fatty acid oxidation
HIVCACBP,-0.39737681790184326,0,1.5393549282636487,3.569492437694187,Fatty acid oxidation
HIVCRNe,-0.39737681790184326,0,1.5393549282636487,3.569492437694187,Fatty acid oxidation
HOCDACBP,-0.33221915654781814,0,1.2584793434262755,2.510659456424284,Fatty acid oxidation
HOCTDACBP,-0.816497816820891,0,0.8779882825625828,8.691252446367756,Fatty acid oxidation
HOCTDEC2CRNe,-0.8318274634334042,0,1.134029225991385,12.352468024316943,Fatty acid oxidation
HOCTDECCRNe,-0.33221915654781814,0,1.2584793434262755,2.510659456424284,Fatty acid oxidation
HTDCACBP,-0.963497574878327,0,2.825545412559244,151.98857464334964,Fatty acid oxidation
HTDCRNe,-0.963497574878327,0,2.825545412559244,151.98857464334964,Fatty acid oxidation
OCD11COACPT1,-0.8103417154961433,0,0.5023287740085732,4.7948695563744925,Fatty acid oxidation
OCD11CRNCACT,-0.8103417154961433,0,0.5023287740085732,4.7948695563744925,Fatty acid oxidation
OCD11CRNCPT2,-0.8103417154961433,0,0.5023287740085732,4.7948695563744925,Fatty acid oxidation
OCT11EFATP,-0.4641772004847189,0,0.24777761149328106,0.6770714681555392,Fatty acid oxidation
OCTDEC2ACBP,-0.8318274634334042,0,1.134029225991385,12.352468024316943,Fatty acid oxidation
OCTDECCACT,-0.816497816820891,0,0.8779882825625828,8.691252446367756,Fatty acid oxidation
OCTDECCPT1,-0.816497816820891,0,0.8779882825625828,8.691252446367756,Fatty acid oxidation
OCTDECCPT2,-0.816497816820891,0,0.8779882825625828,8.691252446367756,Fatty acid oxidation
OCTDECE1CRNe,-0.816497816820891,0,0.8779882825625828,8.691252446367756,Fatty acid oxidation
sink_octdececoa[c],0.816497816820891,0,-0.8779882825625828,-8.691252446367756,Fatty acid oxidation
PRISTCOAtcx,-0.4914681179782019,0,0.15260913974778567,0.4475858338340049,"Transport, peroxisomal"
SBCOAACOTx,-0.4746985307941005,0,0.29846454155380975,0.8378907098602016,Fatty acid oxidation
SEBACIDtx,-0.7506824284109338,0,0.3005638068904082,2.110528239087064,Fatty acid oxidation
SEBCOACROT,1.2493055260674832,0,0.2930158340687329,-2.6436723854154347,Fatty acid oxidation
SEBCOAPET,-0.7506824284107987,0,0.3005638068905944,2.110528239087064,Fatty acid oxidation
STCOATxc,-0.4682758587295824,0,0.29069871755129134,0.8027205763582977,"Transport, peroxisomal"
SUBEACtx,-0.4746985307941005,0,0.29846454155380975,0.8378907098602016,Fatty acid oxidation
SUBERCACT,2.177958959078095,0,0.5965879274906656,-1.6095059462263481,Fatty acid oxidation
SUBERCROT,2.1779589590659647,0,0.5965879274906656,-1.609505946236779,Fatty acid oxidation
SUCCCROT,1,0,0.47955854404706444,NA,Fatty acid oxidation
TIGCRNe,-0.8840404431068254,0,1.559631337316268,25.33994260212276,Fatty acid oxidation
ALAyLATthc,1,0,39.053858557367114,NA,"Transport, extracellular"
BALABETAtc,1,0,15.127901999722235,NA,"Transport, extracellular"
GLNyLATthc,1,0,6.773924423989185,NA,"Transport, extracellular"
GLYSARCNc,-0.9490864824713484,0,1.6785573875367061,64.25903518174887,"Transport, extracellular"
GLYSARPEPT1tc,-0.9490864824713484,0,1.6785573875367061,64.25903518174887,"Transport, extracellular"
HISyLATtc,1,0,103.58142316103876,NA,"Transport, extracellular"
HISyLATthc,1,0,60.505292715203765,NA,"Transport, extracellular"
LEUyLAThtc,1,0,64.61286340244412,NA,"Transport, extracellular"
METyLATthc,1,0,4.219501040750552,NA,"Transport, extracellular"
OCDEAFABP1tc,-0.4518507695679904,0,-257.31393233027455,-97.14940195144415,"Transport, endoplasmic reticular"
PHEyLATthc,1,0,35.090298650916665,NA,"Transport, extracellular"
PMTCOAFABP1tc,-0.38348877458925035,0,40.24291747974006,90.30756017921344,"Transport, endoplasmic reticular"
PNTORDe,-1,0,NA,16.367573539817265,"Transport, extracellular"
TAUBETAtc,1,0,353.7106451177716,NA,"Transport, extracellular"
VITEtl,-1,0,NA,0.606017535668728,"Transport, extracellular"
AHCYStd,1,0,213.87587054989635,NA,"Transport, mitochondrial"
AMETtd,1,0,213.87587054989635,NA,"Transport, mitochondrial"
CHOLESACATc,-0.4575092040582964,0,0.29330450366686456,0.7880207680650572,Cholesterol metabolism
CRNrtx,-1,0,-973.0931388214111,NA,"Transport, peroxisomal"
DATPtm,0.8159138853135776,0,142.8505276313901,14.481302679189016,"Transport, mitochondrial"
DPMVDc,-0.6816977512612055,0,2.0212365633526077,10.678872036956252,Squalene and cholesterol synthesis
DSREDUCr,0.5888899652851398,2.8839905614306524e-8,0.7546280341632022,0.19525276394200555,Squalene and cholesterol synthesis
DTMPKm,-0.7604106482833066,0,0.2538544525675141,1.865225137143875,Pyrimidine synthesis
EX_glysar[e],0.9490864824713484,0,-1.6785573875367061,-64.25903518174887,Exchange/demand reaction
EX_oh1[e],-0.598044782953461,0,-2.0755959554478305,-0.5220733684515573,Exchange/demand reaction
EX_q10h2[e],-0.41347674442804194,0,0.05876735495832509,0.14162488661108072,Exchange/demand reaction
FADDPle,-0.5186764963398874,0,0.4103767729246694,1.294824696789794,Vitamin B2 metabolism
FADH2ETC,-0.9591455479689883,0,0.5604439463473389,26.875682031889657,Oxidative phosphorylation
FMNALKPle,-0.5186764963398874,0,0.4103767729246694,1.294824696789794,"Transport, extracellular"
FOLt2le,-2.7873039916110005,0,-110.08987586188009,51.95359944692492,"Transport, extracellular"
FRDPtcr,-0.48696856527659294,0,0.2711549589152035,0.785914610560174,"Transport, endoplasmic reticular"
GNDc,1,0,270.9816289194107,NA,Pentose phosphate pathway
LACLt,1,0,981.508873248291,NA,"Transport, peroxisomal"
MAL_Ltx,0.9237788157595164,0,696.2117817389488,27.584297140401315,"Transport, peroxisomal"
MDHx,-0.9237788157595164,0,-696.2117817389488,-27.584297140401315,Citric acid cycle
MEVK1c,-0.6816977512612055,0,2.0212365633526077,10.678872036956252,Squalene and cholesterol synthesis
P5CR,0.4541747596520348,0,901.5118200177193,338.3829230782747,Arginine and proline metabolism
PGLc,0.38233770362548514,0,199.73556473031044,89.24673562431336,Pentose phosphate pathway
PHEMEe,-0.37068895404846974,0,1.5285511607742404,3.329304650299414,"Transport, extracellular"
PMEVKc,-0.6816977512612055,0,2.0212365633526077,10.678872036956252,Squalene and cholesterol synthesis
PNTOt5le,-0.3652683676289824,0,0.1745372523670976,0.37541880296646085,"Transport, extracellular"
PPItm,3.274314964143978,0,7.306503287601498,-13.731737613359513,"Transport, mitochondrial"
Q10H2e,-0.41347674442804194,0,0.05876735495832509,0.14162488661108072,"Transport, extracellular"
RPEc,0.5919543491726936,0,709.5894973632812,181.88015782129168,Pentose phosphate pathway
sink_5hpet[c],-0.3307772971645487,0,-809.3006878803253,-406.98199082884787,Exchange/demand reaction
5MTAte,-0.9263026039043656,0,0.26972879404550176,7.050171455767529,"Transport, extracellular"
5OXPROt,0.6127182243850816,0,-98.49816630263328,-410.1659253460884,"Transport, extracellular"
DM_anth,-0.34713450328784806,0,2.155092982141496,4.4468579342252035,Exchange/demand reaction
EX_5mta[e],0.9263026039043506,0,-0.26972879404550176,-7.050171455766039,Exchange/demand reaction
EX_5oxpro[e],-0.6127182243850816,0,98.49816630263328,410.1659253460884,Exchange/demand reaction
5HOXINDOAtr,-1,0,NA,456.8721516736984,"Transport, extracellular"
GLYALDtr,1,0,NA,-965.0474754516601,"Transport, extracellular"
LKYNRtr2,-1.0006229860376175,0,-0.2106508319446584,676.472458400917,"Transport, extracellular"
LKYNRtr3,-0.5426603928448432,0,-214.21136280959502,-63.50544874938279,"Transport, extracellular"
CRTNtr,-0.36368408777604444,1.0127375851725316e-10,-24.3212398202172,-11.34866355143736,"Transport, extracellular"
CHOLPtr,-1.5630834063740995,0,-56.479747690012864,257.08856354451177,"Transport, extracellular"
G3PCtr,1,0,2.923220456783194,NA,"Transport, extracellular"
GLCURtr,-0.552881798704744,0,-833.898326471138,-240.10270460114478,"Transport, extracellular"
OROT5Ptr,1.4564673435137652,0,140.0666782547757,-753.765249445343,"Transport, extracellular"
EX_5hoxindoa[e],1,0,NA,-456.8721516736984,Exchange/demand reaction
EX_cala[e],-1,0,NA,864.7449519485474,Exchange/demand reaction
EX_cholp[e],1.5630834063740995,0,56.479747690012864,-257.08856354451177,Exchange/demand reaction
EX_g3pc[e],-1,0,-2.923220456783194,NA,Exchange/demand reaction
EX_glyald[e],-1,0,NA,965.0474754516601,Exchange/demand reaction
EX_Lkynr[e],1,0,NA,-792.8755952293396,Exchange/demand reaction
EX_orot5p[e],-1.4564673435137652,0,-140.0666782547757,753.765249445343,Exchange/demand reaction
FOLOAT2tc,1,0,585.0681852948322,NA,"Transport, extracellular"
GSNt2r,-1,0,-886.4661847076416,NA,"Transport, extracellular"
H2OGLYAQPt,-0.9838440123197993,0,4.230454115290007,519.4706279887199,"Transport, extracellular"
LGNCFATPtc,-0.37566683868981743,0,0.17815611226977307,0.3925523597771287,"Transport, extracellular"
NACSMCTte,0.8151448537928946,0,-99.52746451005638,-977.2882644775391,"Transport, extracellular"
PGLYCABCte,-0.33170265293420703,0,0.3563637713505588,0.7101189041087986,"Transport, extracellular"
PSHSABCtc,-1,0,NA,0.6226823651225007,"Transport, extracellular"
CAMPt,-0.5279407959292952,0,0.5515435954254154,1.7852124329256622,"Transport, extracellular"
CGMPt,-0.5873020431429413,0,0.11795437798317507,0.45367131593335436,"Transport, extracellular"
FRUt4,0.45841296217583083,0,-122.96631972900033,-331.1299238702506,"Transport, extracellular"
CHSTEROLt,-1,0,NA,0.7470146830014047,"Transport, extracellular"
RETt,-0.6868471252429076,0,4.210807570015726,22.682176077552466,"Transport, extracellular"
AVITE1t,-1,0,NA,0.606017535668728,"Transport, extracellular"
r0295,1,0,124.77045688319207,NA,"Transport, extracellular"
EX_odecrn[e],1,0,8.639452840668195,NA,Exchange/demand reaction
biomass_maintenance_noTrTr,-1,0,NA,0.1355870427138436,Exchange/demand reaction
DESAT14_9,-0.6188733504529544,0,6.251467095320028,26.55372825247136,Fatty acid synthesis
LCAT10e,-0.7963651155887841,0,2.5375986882620767,22.385426613608146,Cholesterol metabolism
LCAT11e,0.529907542065609,0,2.9223768644078962,0.897954474650987,Cholesterol metabolism
LCAT12e,0.6673226971447479,0,3.6295428324277728,0.7241948557153589,Cholesterol metabolism
LCAT54e,-0.5944739371948199,0,0.9076542539733419,3.5687744504840113,Cholesterol metabolism
LCAT55e,-0.9181091155194313,0,1.2828573249093722,30.048037024235725,Cholesterol metabolism
LCAT19e,-0.3596970791689683,0,0.49326403297230426,1.047456825624156,Cholesterol metabolism
LCAT21e,-0.5558794252067993,0,0.37890977198162,1.3274276214528304,Cholesterol metabolism
LCAT23e,0.8082963346671086,0,6.020140897470395,0.6382156805499329,Cholesterol metabolism
LCAT25e,-0.45962705470860005,0,52.72672355715558,142.42265990697146,Cholesterol metabolism
LCAT27e,-0.7337448569444589,0,12.699388201580732,82.69323449740409,Cholesterol metabolism
LCAT29e,0.6589390517302622,0,2.8027968870346434,0.5762264521427002,Cholesterol metabolism
LCAT30e,-0.34293505132238505,0,0.40720599322731793,0.8322635418524209,Cholesterol metabolism
LCAT37e,-0.5701242092379198,0,0.41366310396066985,1.5109072619458697,Cholesterol metabolism
LCAT38e,0.4522226960001841,0,2.5788487672931812,0.9727398070983793,Cholesterol metabolism
LCAT39e,-0.3441955999445443,0,0.34615980208347247,0.7095202209666953,Cholesterol metabolism
LCAT3e,0.6348331960756048,0,3.26105981905871,0.7284111886096449,Cholesterol metabolism
LCAT41e,-0.3439377331318371,0,0.37728836540110205,0.772871869242964,Cholesterol metabolism
LCAT42e,0.41925216616867333,0,1.9510208105965205,0.7983437591449899,Cholesterol metabolism
LCAT43e,-0.5830848217936918,0,0.879006413461978,3.3377094050588174,Cholesterol metabolism
LCAT56e,-0.5087733772552169,0,1.0118642550232335,3.107880922342479,Cholesterol metabolism
LCAT46e,0.709232333964143,0,3.5537133261114593,0.6045432847607415,Cholesterol metabolism
LCAT47e,-0.33941283344036494,0,0.83623711921738,1.6955623511614861,Cholesterol metabolism
LCAT4e,-0.866646141231624,0,0.9666574694341707,13.530972795816279,Cholesterol metabolism
LCAT52e,-0.4192605976294334,0,0.37134858491196937,0.9075334175701486,Cholesterol metabolism
LCAT53e,-0.4476729609933431,0,0.38331795906614063,1.0046928823206078,Cholesterol metabolism
LCAT6e,-0.36400069313763644,0,0.41567774641055333,0.891486402749471,Cholesterol metabolism
LCAT8e,0.9312535262559836,0,15.151196399274609,0.5393343293836952,Cholesterol metabolism
LCAT9e,-0.719505634598467,0,0.5011662682286274,3.0722835407270583,Cholesterol metabolism
SMS14,-0.4760416253657083,0,0.32194610610509555,0.9069534465733209,Glycerophospholipid metabolism
SMS15,-0.6775041970226076,0,0.34447482624025805,1.791830967881387,Glycerophospholipid metabolism
SMS3,-0.9209052537006125,0,0.3138693701775395,7.622672179358223,Glycerophospholipid metabolism
SMS4,-0.4084302490974418,0,0.3389706596373075,0.8070333715699671,Glycerophospholipid metabolism
XOLEST183CEH,0.8082963346671086,0,6.020140897470395,0.6382156805499329,Cholesterol metabolism
XOLEST182CEH,0.9914250882118802,0,156.03243574898838,0.671862768302466,Cholesterol metabolism
XOLEST205CEH,0.9630695452403694,0,59.81495690686731,1.1252752432302833,Cholesterol metabolism
XOLEST226CEH,0.9896958399070698,0,252.5685112142086,1.3079920668205185,Cholesterol metabolism
MAGLINL_HSe,1,0,1.4605337782022354,NA,Glycerophospholipid metabolism
MAGOLE_HSe,1,0,0.41750294046681663,NA,Glycerophospholipid metabolism
LPS5e,1,0,0.7227811161460239,NA,Glycerophospholipid metabolism
LPS6e,1,0,0.6780146027162293,NA,Glycerophospholipid metabolism
LPS7e,1,0,2.8872959026639116,NA,Glycerophospholipid metabolism
PCHOLMYR_HSPLA2,-0.411877458082804,0,0.4052765664972879,0.9729279320963004,Glycerophospholipid metabolism
PEOLE_HSPLA2,-0.4347429864913956,0,0.2644441568930407,0.6712157308157751,Glycerophospholipid metabolism
PAILPALM_HSPLA2,0.9353633886732534,0,103.32030019901693,3.4506564117164564,Glycerophospholipid metabolism
PCHOLSTE_HSPLA2,-0.35203135035393035,0,0.28698170873827183,0.598807160507256,Glycerophospholipid metabolism
PCHOL2OLE_HSPLA2,-0.35589447811555475,0,0.24231034233956306,0.5100829662308745,Glycerophospholipid metabolism
PCHOL2PALM_HSPLA2,-0.5476863686450135,0,17.880866650999746,61.18315181527734,Glycerophospholipid metabolism
PCHOLN15_HSPLA2,-0.39635773793905316,0,0.2696345978316356,0.6237243161418592,Glycerophospholipid metabolism
PCHOLN183_HSPLA2,-0.40925259160892546,0,0.2973712834143182,0.70939160437971,Glycerophospholipid metabolism
PCHOLN201_HSPLA2,-0.345126496928656,0,0.31366413238082025,0.6442739454609051,Glycerophospholipid metabolism
PCHOLN225_HSPLA2,-0.8470036414058952,0,0.2682509348466399,3.238380691051102,Glycerophospholipid metabolism
PCHOLN2254_HSPLA2,-0.3821455406097355,0,0.32082337098460995,0.7176845368525124,Glycerophospholipid metabolism
PCHOLN226_HSPLA2,-0.3547015651624002,0,0.29874403413283707,0.627165647355918,Glycerophospholipid metabolism
PE203_HSPLA2,-0.36434924241402267,0,0.3079542354816062,0.6609873784673167,Glycerophospholipid metabolism
PE226_HSPLA2,-0.3677036143067908,0,0.3042146034478201,0.6580385750652873,Glycerophospholipid metabolism
PEDH12_HSPLA2,-0.6140674011469504,0,0.3996348213379617,1.6713735491683575,Glycerophospholipid metabolism
PEDH14_HSPLA2,-0.3870880422547643,0,0.2858987085208151,0.6470206281244405,Glycerophospholipid metabolism
PCHOLN203_HSPLA2,-0.672102522891134,0,0.6399243564104045,3.26327344829818,Glycerophospholipid metabolism
PCHOLN261_HSPLA2,-0.8541598420859339,0,0.5396698549866906,6.861170389641705,Glycerophospholipid metabolism
PCHOLN281_HSPLA2,-0.8411519012048956,0,0.4527465854421458,5.247624887384055,Glycerophospholipid metabolism
PCHOLDOC_HSPLA2,-0.39979953332552154,0,0.319703234690454,0.7456182785093901,Glycerophospholipid metabolism
PCHOLDET_HSPLA2,-0.3945525435351469,0,0.339020934039966,0.7808811496832863,Glycerophospholipid metabolism
PCHOLHEP_HSPLA2,-0.4882245379462784,0,0.29420324175682683,0.8555323886941071,Glycerophospholipid metabolism
PCHOLLINL_HSPLA2,-0.5007307808520228,0,0.2599714031371601,0.7814362910155527,Glycerophospholipid metabolism
PELINL_HSPLA2,-0.4323378935428252,0,0.2874416341420305,0.7252792463690081,Glycerophospholipid metabolism
2OXOADPt,-1,0,-20.24745050820682,NA,"Transport, extracellular"
3HMPtd,-1,0,NA,1.6432192886738979,"Transport, extracellular"
3MHISt3,1,0,43.66187761650085,NA,"Transport, extracellular"
4AABUTNt,0.6390959330882922,0,-1.3771634877922516,-6.254579205365944,"Transport, extracellular"
56DURAtd,1,0,991.5079383483886,NA,"Transport, extracellular"
ADPACtd,1.7055705723756198,0,0.20114086999716219,-0.7712918311403721,"Transport, extracellular"
ALLTNt,-0.48278159977144713,0,-560.0341433023452,-195.34904109739065,"Transport, extracellular"
ARACHETH,0.3461230245543393,0,15.352967823060442,7.457678073355075,Glycerophospholipid metabolism
C02712te,3.947066781808878,0,430.3752770940241,-256.38317386364935,"Transport, extracellular"
C14771ATP,-0.39783873235523876,0,0.33560081004668757,0.7790534464760742,"Transport, extracellular"
C14826td,0.33448525674140483,0,14.227779295899369,7.095467587533849,"Transport, extracellular"
CE2510t,-0.6630214841784157,0,1.019339164720103,5.030537114394375,"Transport, extracellular"
CE6247t,-0.33094413557087254,0,0.4805005578886863,0.9558535148722597,"Transport, extracellular"
DOCOHEXETHc,-0.978063096067693,0,0.6291216072278679,56.72825290370714,Glycerophospholipid metabolism
DOCTETETH,-0.42758335736129294,0,0.9340409647903402,2.3294594131323887,Glycerophospholipid metabolism
DODECANACtd,-0.6319164612337,0,0.3043957337193566,1.3495534471627615,"Transport, extracellular"
ELAIDCRNtd,1,0,NA,-215.79911863305196,"Transport, extracellular"
EX_2oxoadp[e],-1,0,-20.247450508203716,NA,Exchange/demand reaction
EX_3hmp[e],-1,0,NA,1.6432192886738979,Exchange/demand reaction
EX_4aabutn[e],-0.6390959330879925,0,1.377163487793647,6.254579205365944,Exchange/demand reaction
EX_4tmeabutn[e],-0.7814957034537249,0,1.8299665117417425,14.919969674105197,Exchange/demand reaction
EX_56dura[e],1,0,991.5079383483886,NA,Exchange/demand reaction
EX_adpac[e],1.7055705723756198,0,0.20114086999716219,-0.7712918311403721,Exchange/demand reaction
EX_amet[e],-2.422185998941272,0,-111.92277713013813,269.31819125101623,Exchange/demand reaction
EX_aracheth[e],0.3461230245543393,0,15.352967823060442,7.457678073355075,Exchange/demand reaction
EX_C02712[e],3.947066781808878,0,430.3752770940241,-256.38317386364935,Exchange/demand reaction
EX_C14771[e],-0.39783873235523876,0,0.33560081004668757,0.7790534464760742,Exchange/demand reaction
EX_C14826[e],0.33448525674140483,0,14.227779295899369,7.095467587533849,Exchange/demand reaction
EX_CE6247[e],-0.33094413557087254,0,0.4805005578886863,0.9558535148722597,Exchange/demand reaction
EX_docohxeth[e],-0.978063096067693,0,0.6291216072278679,56.72825290370714,Exchange/demand reaction
EX_docteteth[e],-0.42758335736129294,0,0.9340409647903402,2.3294594131323887,Exchange/demand reaction
EX_dodecanac[e],-0.6319164612337,0,0.3043957337193566,1.3495534471627615,Exchange/demand reaction
EX_elaidcrn[e],1,0,NA,-215.79911863305196,Exchange/demand reaction
EX_forglu[e],-0.8432235362966499,0,6.244968856432138,73.42220450510979,Exchange/demand reaction
EX_HC00900[e],1,0,NA,-995.3944243713379,Exchange/demand reaction
EX_hepdeceth[e],-0.3359063802503358,0,0.7107521894536063,1.429765858955082,Exchange/demand reaction
EX_hexdeceeth[e],-0.4748614735391466,0,0.9523012724028447,2.674556116335455,Exchange/demand reaction
EX_hexdiac[e],-1,0,-3.62768984998418,NA,Exchange/demand reaction
EX_hxcoa[e],-7.598571979837202,0,-27.40953511283451,35.7172523572892,Exchange/demand reaction
EX_leuktrB4wcooh[e],0.38402482252398207,0,5.941256215552799,2.64422017022185,Exchange/demand reaction
EX_lnlccrn[e],0.706502446631401,0,-95.1425094889164,-553.1934537715912,Exchange/demand reaction
EX_magarachi_hs[e],1,0,2.8872959026639116,NA,Exchange/demand reaction
EX_maglinl_hs[e],1,0,1.4605337782022354,NA,Exchange/demand reaction
EX_magole_hs[e],1,0,0.41750294046681663,NA,Exchange/demand reaction
EX_magpalm_hs[e],1,0,0.7227811161460239,NA,Exchange/demand reaction
EX_magste_hs[e],1,0,0.6780146027162293,NA,Exchange/demand reaction
EX_pailar_hs[e],-0.7567322758926174,0,1.979416873835167,14.294150703599955,Exchange/demand reaction
EX_pailpalm_hs[e],0.5148697391651601,0,104.60315745168329,33.49869348281324,Exchange/demand reaction
EX_pchol2palm_hs[e],-0.5478594525622001,0,18.25977647404091,62.51057945849299,Exchange/demand reaction
EX_pcholet_hs[e],-0.37809799230449304,0,0.7546986808933667,1.6723675499745645,Exchange/demand reaction
EX_pcholhep_hs[e],-0.39740945031878844,0,0.7204000682513463,1.6706101081693079,Exchange/demand reaction
EX_pchollinl_hs[e],0.8421258090176468,0,15.411167795159935,1.3207706204668153,Exchange/demand reaction
EX_pcholmyr_hs[e],-0.7762176692253832,0,2.942875255475566,23.358354562704264,Exchange/demand reaction
EX_pcholn15_hs[e],0.4382755581367948,0,3.0724314850011956,1.1999507683430217,Exchange/demand reaction
EX_pcholn183_hs[e],-0.372658617174998,0,0.7045772763083572,1.5416551438631023,Exchange/demand reaction
EX_pcholn203_hs[e],-0.5385967584477653,0,1.1484340246570646,3.829571854944248,Exchange/demand reaction
EX_pcholn225_hs[e],-0.7488901946933477,0,0.6819140386091312,4.74928796305214,Exchange/demand reaction
EX_pcholn226_hs[e],-0.3491045753374753,0,0.6449038361629006,1.336685868503619,Exchange/demand reaction
EX_pcholn261_hs[e],-0.7545269555127936,0,1.0509229859353975,7.511507875919738,Exchange/demand reaction
EX_pcholn281_hs[e],-0.7638443212777528,0,0.8240951711492613,6.155158307811245,Exchange/demand reaction
EX_pcholole_hs[e],0.35718304927578604,0,3.254519980064902,1.5414726928491378,Exchange/demand reaction
EX_pe13_hs[e],1.6286610438504625,0,1.1767443434534357,-4.920397159113965,Exchange/demand reaction
EX_pe226_hs[e],1.0018963308454607,0,0.05238136190534729,-55.29734247270599,Exchange/demand reaction
EX_pedh203_hs[e],-1.3881664840775378,0,-0.44287823219646993,2.7247765946939557,Exchange/demand reaction
EX_pelinl_hs[e],-1.76496445934312,0,-0.6468248042677558,2.337948611047455,Exchange/demand reaction
EX_peole_hs[e],0.5357761183568804,0,-4.619452520473161,-15.282378053699876,Exchange/demand reaction
EX_pmeth[e],-0.5669123893254377,0,1.1248846682600873,4.069836402185709,Exchange/demand reaction
EX_sebacid[e],3.5846020493998942,0,0.3005638068905944,-0.5331441431635466,Exchange/demand reaction
EX_sphmyln18116_hs[e],-0.4084302490974418,0,0.3389706596373075,0.8070333715699671,Exchange/demand reaction
EX_sphmyln181161_hs[e],-0.9209052537006125,0,0.3138693701775395,7.622672179358223,Exchange/demand reaction
EX_sphmyln1824_hs[e],-0.4760416253657083,0,0.32194610610509555,0.9069534465733209,Exchange/demand reaction
EX_sphmyln1825_hs[e],-0.6775041970226076,0,0.3444748262402579,1.791830967881387,Exchange/demand reaction
EX_subeac[e],2.2616045794900255,0,0.29846454155380975,-0.7716152361628243,Exchange/demand reaction
EX_tetdecaeth[e],-0.6681920274804197,0,0.7953404997385048,3.998640149364622,Exchange/demand reaction
EX_xolest181_hs[e],-0.45962705470860005,0,52.72672355715558,142.42265990697146,Exchange/demand reaction
EX_xolest182_hs[e],-0.9914250882118802,0,-156.03243574898838,-0.671862768302466,Exchange/demand reaction
EX_xolest204_hs[e],-0.7337448569444589,0,12.699388201580732,82.69323449740409,Exchange/demand reaction
EX_xolest205_hs[e],-0.9630695452403694,0,-59.81495690686731,-1.1252752432302833,Exchange/demand reaction
EX_xolest226_hs[e],-0.9896958399070698,0,-252.5685112142086,-1.3079920668205185,Exchange/demand reaction
FORGLUt,-0.8432235362966499,0,6.244968856432138,73.42220450510979,"Transport, extracellular"
GALTt,1.2725995121396367,0,38.07751978390275,-317.4435354090361,"Transport, extracellular"
HC00900t2,1,0,NA,-995.3944243713379,"Transport, extracellular"
HEPDECETH,-0.3359063802503358,0,0.7107521894536063,1.429765858955082,Glycerophospholipid metabolism
HEXDECEETH,-0.4748614735391466,0,0.9523012724028447,2.674556116335455,Glycerophospholipid metabolism
HEXDIACtd,-1,0,-3.62768984998418,NA,"Transport, extracellular"
HXCOAte,-7.598571979837202,0,-27.40953511283451,35.7172523572892,"Transport, extracellular"
HXCOAtx,1,0,261.8282371211618,NA,"Transport, peroxisomal"
IND3ACt,-0.6488274403192589,0,1.9853174289975315,9.321473914850223,"Transport, extracellular"
LEUKTRB4WCOOHt,0.38402482252398207,0,5.941256215552799,2.64422017022185,"Transport, extracellular"
LNLCCRNtd,0.706502446631401,0,-95.1425094889164,-553.1934537715912,"Transport, extracellular"
PEPALM,-0.5669123893254377,0,1.1248846682600873,4.069836402185709,Glycerophospholipid metabolism
SEBACIDtd,3.5846020493998942,0,0.3005638068905944,-0.5331441431635466,"Transport, extracellular"
SUBEACtd,2.2616045794900255,0,0.29846454155380975,-0.7716152361628243,"Transport, extracellular"
TETDECAETH,-0.6681920274804197,0,0.7953404997385048,3.998640149364622,Glycerophospholipid metabolism
EX_alltn[e],-0.48278159977144713,0,-560.0341433023452,-195.34904109739065,Exchange/demand reaction
PCSF,-0.4110951768740275,0,0.17460805898011394,0.4183843979445039,Miscellaneous
PCRESOLup,-0.4110951768740275,0,0.17460805898011394,0.4183843979445039,"Transport, extracellular"
PCSsec,-0.4110951768740275,0,0.17460805898011394,0.4183843979445039,"Transport, extracellular"
EX_pcresol[e],0.4110951768740275,0,-0.17460805898011394,-0.4183843979445039,Exchange/demand reaction
EX_pcs[e],-0.4110951768740275,0,0.17460805898011394,0.4183843979445039,Exchange/demand reaction
NORMETEt,-1,0,-2.456025808210564,NA,"Transport, extracellular"
TREt,-0.8916945950505595,0,10.26819857279191,179.34742730636597,"Transport, extracellular"
MALTTTRt,-0.981172797976308,0,2.0715570076155942,217.9884396938324,"Transport, extracellular"
EX_normete_L[e],1,0,2.456025808216923,NA,Exchange/demand reaction
EX_serglyglu[e],1,0,NA,-31.33703019524964,Exchange/demand reaction
SERGLYGLUt,-1,0,NA,31.33703019524964,"Transport, extracellular"
SERGLYGLUr,-1,0,NA,31.33703019524964,Peptide metabolism
HOMOVALte,0.8389227708864235,0,279.77285373774765,24.50621460277606,"Transport, extracellular"
EX_homoval[e],0.8389227708864235,0,279.77285373774765,24.50621460277606,Exchange/demand reaction
PCHOL2PALM_HSte,0.5476863686450135,0,-17.880866650999746,-61.18315181527734,"Transport, extracellular"
XOLEST183te,0.8082963346671086,0,6.020140897470395,0.6382156805499328,"Transport, extracellular"
XOLEST182_HSte,0.9914250882118802,0,156.03243574898838,0.671862768302466,"Transport, extracellular"
XOLEST205_HSte,0.9630695452403694,0,59.81495690686731,1.1252752432302833,"Transport, extracellular"
XOLEST226_HSte,0.9896958399070698,0,252.5685112142086,1.3079920668205185,"Transport, extracellular"
PCHOLN261_HSte,0.8541598420859555,0,-0.5396698549866629,-6.86117038964245,"Transport, extracellular"
PCHOLN281_HSte,0.8411519012050086,0,-0.452746585441796,-5.247624887384055,"Transport, extracellular"
ODECRNtr,-1,0,NA,329.6289924168348,"Transport, extracellular"
EX_sphmyln_hs[e],1,0,108.5513740074262,NA,Exchange/demand reaction
XOLEST183tl,0.8082963346671086,0,6.020140897470395,0.6382156805499329,"Transport, lysosomal"
XOLEST182tl,0.9914250882118802,0,156.03243574898838,0.671862768302466,"Transport, lysosomal"
XOLEST205tl,0.9630695452403694,0,59.81495690686731,1.1252752432302833,"Transport, lysosomal"
TMNDNCtl,0.9630695452403694,0,59.81495690686731,1.1252752432302833,"Transport, lysosomal"
XOLEST226tl,0.9896958399070698,0,252.5685112142086,1.3079920668205185,"Transport, lysosomal"
CRVNCtl,0.9896958399070698,0,252.5685112142086,1.3079920668205185,"Transport, lysosomal"
TTDCEAc,-0.6188733504529544,0,6.251467095320028,26.55372825247136,Fatty acid oxidation
LHCYSTIN,-1,0,NA,796.8974361373902,Methionine and cysteine metabolism
LHCYSTINt,1,0,NA,-796.8974361373902,"Transport, extracellular"
EX_Lhcystin[e],1,0,NA,-796.8974361373902,Exchange/demand reaction
PA_HStm,0.42341457489472323,0,3.129476249612373,1.2676632834626362,"Transport, mitochondrial"
2MOPtm,-0.9560059551036099,0,2.240519143306014,99.61504556244611,"Transport, mitochondrial"
MMALtm,1.0050149338627092,0,2.240519143306014,-895.779379133606,"Transport, mitochondrial"
PGPP_hsc,-1,0,NA,0.18866652899791042,Glycerophospholipid metabolism
CE2512te,0.8552174762927282,0,-0.2775216107628206,-3.5561124999938998,"Transport, extracellular"
ARGtD,1.0504538243360282,0,660.1602331185937,-16.24401780722011,"Transport, extracellular"
DM_mi14p[c],0.9027556461838391,0,250.2841482641697,12.791301036047935,Exchange/demand reaction
THMtrbc,-0.5320228388706769,0,-841.803392688179,-257.1402670665413,"Transport, extracellular"
EX_acgal[e],-0.34865447249078013,0,97.25618855204583,201.37544226288796,Exchange/demand reaction
EX_pa_hs[e],-0.37827154559822485,0,54.82771615813523,121.54418951856493,Exchange/demand reaction
34HPLtm,-1,0,NA,0.08821510221226443,"Transport, mitochondrial"
3HMPtm,-1,0,NA,1.6432192886738979,"Transport, mitochondrial"
PROSTGE2t2r,-1.80905512591941,0,-41.40203743971488,143.74867888189257,"Transport, endoplasmic reticular"
ESTR2r,-0.48748687005084834,0,0.6739613224798766,1.9560642635836172,Steroid metabolism
sink_25hvitd2[c],0.5150787217872878,0,-2.6586982448022254,-8.306785697669687,Exchange/demand reaction
sink_btn[c],1,0,NA,-8.933701651438575,Exchange/demand reaction
sink_c226coa[c],0.9474865215427567,0,-15.57812689191252,-577.7220066955566,Exchange/demand reaction
sink_coa[c],-1,0,NA,627.8323147591591,Exchange/demand reaction
sink_crvnc[c],0.9798750473945886,0,254.51676372351648,2.5871015516655462,Exchange/demand reaction
sink_doco13ecoa[c],0.5262022861095469,0,2.5839220643713534,0.8021586509944288,Exchange/demand reaction
sink_hdca[c],-1.682389167284736,0,-107.83847795986642,27.433681165204035,Exchange/demand reaction
sink_lnlc[c],-1,0,NA,382.0110565775044,Exchange/demand reaction
sink_lnlncacoa[c],0.331126176158946,0,-16.748249481619336,-33.33070079166647,Exchange/demand reaction
sink_lnlncgcoa[c],-1,0,NA,296.2902266687393,Exchange/demand reaction
sink_nad[c],1.0010176148678238,0,0.49340531472376353,-970.2223869262696,Exchange/demand reaction
sink_pmtcoa[c],1.4707958322637407,0,40.91714588812934,-214.73833581407368,Exchange/demand reaction
sink_pydam[c],0.33166120390218917,0,-3.9568610479278026,-7.884022860145429,Exchange/demand reaction
sink_pydx[c],-0.3875782709740056,0,92.99443485846818,210.69967150959968,Exchange/demand reaction
sink_pydxn[c],0.3903213698803947,0,-90.17487580034584,-205.63629862987995,Exchange/demand reaction
sink_retfa[c],0.6750428859164338,0,-6.8944896807510405,-35.53873847118318,Exchange/demand reaction
sink_tag_hs[c],0.4968400320604448,0,-0.4385727200043351,-1.3047007832526691,Exchange/demand reaction
sink_thf[c],0.5970190574491768,0,-150.10041782387583,-594.8500350375294,Exchange/demand reaction
sink_tmndnccoa[c],-1,0,-751.1473520233154,NA,Exchange/demand reaction
sink_xol7aone[c],0.7337028352266688,0,-30.593921046282862,-199.17886735215188,Exchange/demand reaction
sink_xoldiolone[c],-1,0,-3.873999476946797,NA,Exchange/demand reaction
ACS,-0.6135829912242788,0,0.4329473507726471,1.807882327736316,Glycolysis/gluconeogenesis
ADNCNT3tc,-3.1807649905253204,0,-81.107005742158,155.4910004362587,"Transport, extracellular"
ADPT,0.8760167527149639,0,28.97180949090272,1.9147051939739836,Nucleotide salvage pathway
ASPTA,0.4054295300682136,0,-247.14140422182084,-584.1861396778106,Alanine and aspartate metabolism
BUTt2r,-3.0934148438320817,0,-305.05891365813017,156.01029518361125,"Transport, extracellular"
CBPS,-0.36912833031351916,0,0.5365297755938048,1.1643859617080132,Pyrimidine synthesis
CPPPGO,-0.37068895404846974,0,1.5285511607742404,3.329304650299414,Heme synthesis
CTPS1,0.33186287769908895,0,3.8478795204678407,1.9303121911524925,Nucleotide interconversion
CYSTGL,0.35551869668506586,0,19.625430376019935,9.330909988763105,Methionine and cysteine metabolism
CYSTS,0.35551869668506586,0,19.625430376019935,9.330909988763105,Methionine and cysteine metabolism
DHORTS,0.9715624538080809,0,-2.7184510470981933,-188.46900435091257,Pyrimidine synthesis
DMATT,-0.5093580284993098,0,0.9126184341949702,2.807480893645296,Cholesterol metabolism
DPCOAK,-1,0,NA,0.8417081897268915,CoA synthesis
DTMPK,-0.6420519385394879,0,3.1567541195128745,14.481302679189016,Nucleotide interconversion
EX_but[e],0.37169034241481513,0,-1.0080000704549972,-2.2006091186161885,Exchange/demand reaction
EX_co2[e],1,0,137.0307296210632,NA,Exchange/demand reaction
EX_din[e],-0.8695275535536381,0,-843.2800340759277,-58.851664890480045,Exchange/demand reaction
EX_fe2[e],-0.6262697498099937,0,154.73508354322735,673.3224979052067,Exchange/demand reaction
EX_fe3[e],1,0,168.94297259834335,NA,Exchange/demand reaction
EX_gal[e],-0.7455312020905951,0,102.77654608610784,704.9967206599235,Exchange/demand reaction
EX_ins[e],-1.356691661194923,0,-180.2035122425318,27.274289290079473,Exchange/demand reaction
EX_lac_L[e],1,0,884.6390254882813,NA,Exchange/demand reaction
EX_leu_L[e],1,0,263.32020213880764,NA,Exchange/demand reaction
EX_orn[e],-6.823979609329974,0,-238.76573799453973,177.7313923247695,Exchange/demand reaction
FBA,-8.655734504271058,0,-291.9949456642151,368.2763123969078,Glycolysis/gluconeogenesis
FBA2,-0.45369282013271633,0,0.7436350027867796,1.978771109347546,Fructose and mannose metabolism
FMNAT,-0.5186764963398874,0,0.4103767729246694,1.294824696789794,Vitamin B2 metabolism
FPGS7,-0.4205150298755632,0,0.11858926851759242,0.29070268772460983,Folate metabolism
G3PD1,-1,0,NA,304.94110580173395,Glycerophospholipid metabolism
GALU,-0.8044245442806688,0,34.47561524680928,318.0800274846077,Galactose metabolism
GF6PTA,0.464813987872924,0,111.65277398443222,40.79357744147777,Aminosugar metabolism
GHMT2r,-0.579007791872745,0,18.275891471864146,68.54705260666292,"Glycine, serine, alanine, and threonine metabolism"
GK1,-0.9778545064589268,0,-792.6771723649979,-8.875388530066168,Nucleotide interconversion
GMPS2,-0.4268807522773406,0,0.15824517267488827,0.3939790749095006,Nucleotide interconversion
GRTT,-0.5093580284993098,0,0.9126184341949702,2.807480893645296,Cholesterol metabolism
GTPCI,-0.3676707263109249,0,0.5539424747512997,1.1981272072975524,Tetrahydrobiopterin metabolism
GUAPRT,-0.48157821045074084,0,5.5009259816650795,15.720890278981868,Nucleotide salvage pathway
IMPD,-0.6453121094425981,0,1.058722714895336,4.9111609100094995,Nucleotide interconversion
INSt2,-0.33122127446601984,0,-700.5498110293388,-351.94209916845114,"Transport, extracellular"
L_LACt2r,1.9559764139362597,0,116.07139308804642,-358.9045663671218,"Transport, extracellular"
MAN1PT2,0.8859501500592202,0,383.5432488138676,23.194170838315785,Fructose and mannose metabolism
MAN6PI,-0.8448628792540787,0,-383.73526050772665,-32.2688391171515,Fructose and mannose metabolism
MTHFD,-0.42658274493503695,0,-75.51602805108207,-30.35379032320492,Folate metabolism
NADK,-0.8650610247487643,0,0.34648999596549984,4.789016559058921,NAD metabolism
NAt3_1,-0.8195339344838938,0,71.57056463984289,721.6042013214111,"Transport, extracellular"
NDPK5,0.41940022887989425,0,-245.8726191062091,-601.0881663996696,Nucleotide interconversion
NDPK6,0.6074104817331488,0,-240.44966440217496,-984.4921805236817,Nucleotide interconversion
NDPK9,1.3029023023363553,0,290.26624632084145,-38.17891632307414,Nucleotide interconversion
NTD1,-0.5033255303911724,0,0.22755610742197385,0.6887628151157326,Pyrimidine catabolism
OMPDC,-0.8254112492790172,0,2.2124061271472564,23.131794092063792,Pyrimidine synthesis
PGI,-1,0,NA,14.82223234411648,Glycolysis/gluconeogenesis
PGK,-0.9846170605787213,0,-200.12456132184266,-1.5511828778828323,Glycolysis/gluconeogenesis
PMANM,-0.8506812023274096,0,-384.15910834646223,-30.99516875252724,Fructose and mannose metabolism
PNP,1,0,0.7974017584927191,NA,NAD metabolism
PPA,0.4295379087207988,0,17.543649974580937,7.000854746220232,Oxidative phosphorylation
PPBNGS,0.485472211345087,0,8.251498646005428,2.8580981313502933,Heme synthesis
PPM,0.8426731623053946,0,933.9133101791382,79.73721589756012,Pentose phosphate pathway
PRPPS,-0.8177165322475374,0,0.5486039561885689,5.4706358898907554,Pentose phosphate pathway
PTPAT,-1,0,NA,0.7730292222469681,CoA synthesis
PUNP1,1,0,848.1460712463379,NA,Nucleotide interconversion
PUNP2,-2.001183032188989,0,-4.449959356505901,13.339361620498531,Purine catabolism
PUNP3,0.8181794654906291,0,811.712794711113,81.17243484687805,Purine catabolism
PUNP4,-0.8498238113173724,0,-806.2118687131882,-65.45154461376592,Purine catabolism
PUNP5,1,0,202.45580437748433,NA,Purine catabolism
PUNP6,0.8553711461545245,0,849.0985142333984,66.18845246677398,Purine catabolism
PUNP7,-1,0,-962.9314983917236,NA,Nucleotide interconversion
RBFK,-0.43807859666257115,0,0.7263900815590401,1.858989572053653,Vitamin B2 metabolism
RNDR1,-0.8905142067470364,0,0.9846839447453374,17.002744661087682,Nucleotide interconversion
RNDR2,-0.6764781350785787,0,147.56594331102372,764.6811676956177,Nucleotide interconversion
SPMS,0.5866666250857229,0,16.442020693320035,4.283216017865871,Urea cycle
THRS,1,0,0.7520927048616508,NA,"Glycine, serine, alanine, and threonine metabolism"
TKT1,0.9161501056209926,0,584.554023210144,25.579829555737973,Pentose phosphate pathway
TKT2,0.9161501056209926,0,584.554023210144,25.579829555737973,Pentose phosphate pathway
TPI,-0.9424433673766868,0,-299.08078272094724,-8.862077023646028,Glycolysis/gluconeogenesis
UAGDP,0.3574717944661907,0,127.84387248928547,60.51197108764649,Aminosugar metabolism
UDPG4E,-0.7392763393802386,0,20.534547910129785,136.98508695014715,Galactose metabolism
UPP3S,-0.37068895404846974,0,1.5285511607742404,3.329304650299414,Heme synthesis
UPPDC1,-0.37068895404846974,0,1.5285511607742404,3.329304650299414,Heme synthesis
VALTA,0.6104916012385713,0,-41.89246873118021,-173.2118466796875,"Valine, leucine, and isoleucine metabolism"
r0345,-1.0100592066942102,0,-384.17147631761645,1.922560426791815,Nucleotide interconversion
ACCOAC,-0.759309890779634,0,1.6651644662936211,12.171419610113645,Fatty acid oxidation
EX_gln_L[e],-1,0,-633.8635814352035,NA,Exchange/demand reaction
NTD2,0.6030980506308852,0,3.8544144571528944,0.9542926030746733,Pyrimidine catabolism
NTD4,-0.34318790923460674,0,0.4411229876925827,0.902101334437466,Pyrimidine catabolism
NTD5,-0.6468844983432358,0,0.4211247855973383,1.9640709003551893,Pyrimidine catabolism
NTD6,-0.8905142067470364,0,0.9846839447453374,17.002744661087682,Nucleotide interconversion
NTD7,-0.7754084154012413,0,1.063727785753235,8.408824693482572,Nucleotide interconversion
NTD8,0.7882630153760694,0,6.467412564640405,0.765765674837211,Nucleotide interconversion
NTD10,-0.6447784347352394,0,0.8097388079087358,3.7493245322080475,Nucleotide interconversion
NTD11,-0.7924898131498496,0,0.7611459939944274,6.574840788611811,Purine catabolism
EX_for[e],-1,0,NA,149.0045222821951,Exchange/demand reaction
NADS2,-0.6722946415883697,0,0.19853386366634532,1.0131269076352163,NAD metabolism
EX_nac[e],-0.8151448537928946,0,99.52746451005638,977.2882644775391,Exchange/demand reaction
ADPRDP,0.4350919227343048,0,1.3753690786533448,0.5413988396453394,Nucleotide interconversion
EX_ind3ac[e],-0.6488274403192589,0,1.9853174289975315,9.321473914850223,Exchange/demand reaction
EX_ac[e],-53.48324565435122,0,-840.1930509969711,872.2106231010437,Exchange/demand reaction
ADNK1,1,0,3.6436057453880784,NA,Nucleotide interconversion
ACYP,-0.4688136551183113,0,0.16702760588559176,0.46185755840752973,Glycolysis/gluconeogenesis
CYTK2,-0.4653446685834854,0,-875.7160709518432,-319.5195479805648,Nucleotide interconversion
DRBK,-0.6185958321866445,0,0.386049082089022,1.6383078320071007,Pentose phosphate pathway
EX_drib[e],-1,0,-0.386049082089022,NA,Exchange/demand reaction
EX_galt[e],1.2725995121396367,0,38.07751978390275,-317.4435354090361,Exchange/demand reaction
EX_glcur[e],0.552881798704744,0,833.898326471138,240.10270460114478,Exchange/demand reaction
EX_glyc[e],1.741907001304562,0,89.99279362891615,-332.5913766606808,Exchange/demand reaction
EX_man[e],-1,0,NA,0.8747390315703241,Exchange/demand reaction
EX_trp_L[e],0.5464779368782663,0,-15.499355575323104,-52.85169869813919,Exchange/demand reaction
EX_xyl_D[e],-8.023407345502994,0,-278.7601814773809,358.14050722649694,Exchange/demand reaction
GALK,-0.4122824853094846,0,0.7151566190817448,1.718518067160462,Galactose metabolism
GALT,-0.994636187828434,0,0.7151566190817448,265.9446726989031,Galactose metabolism
GLXO1,-0.6793041950048629,0,4.9783254317543735,26.068700155810546,Glyoxylate and dicarboxylate metabolism
GLYOX,-0.7876566688679151,0,1.1386510673489967,9.585971752481555,Pyruvate metabolism
LCADi,0.4612394418473938,0,18.34807891401901,6.764956483960908,Pyruvate metabolism
LDH_L,-3.3655736952677566,0,-269.4447027894735,146.00401819787027,Glycolysis/gluconeogenesis
LGTHL,0.3533696280508958,0,870.0749453719139,415.7156137453079,Pyruvate metabolism
MALT,-0.6972730115875707,0,44.94205497819334,251.972701211071,Starch and sucrose metabolism
MDH,0.36204757469593446,0,938.8132476257324,439.7189931960531,Citric acid cycle
NT5C,-0.45870942719562646,0,0.2076835120050637,0.5596807187410057,NAD metabolism
NTD3,-0.5338982214437044,0,0.43780584078317186,1.4407788843780684,Pyrimidine catabolism
NTD5_a,1,0,1.3948278961744973,NA,Vitamin B2 metabolism
ORNDC,0.9074078234232901,0,101.94773368478715,4.948895796178346,Urea cycle
PFK,0.34101549122901925,0,632.2269456878186,310.6807982166052,Glycolysis/gluconeogenesis
PYDXNK,-0.4640299310776973,0,1.279723036949546,3.4956295849710703,Vitamin B6 metabolism
THRD_L,-1,0,NA,35.80333282895386,"Glycine, serine, alanine, and threonine metabolism"
TMDS,-0.6547466698303935,0,3.410608562657749,16.34652780432403,Nucleotide interconversion
TYRTA,-15.837046852147097,0,-14.949585094364103,13.173788516063592,Tyrosine metabolism
XYLt,8.023407345502994,0,278.7601814773809,-358.14050722649694,"Transport, extracellular"
r0392,0.9898826965462019,0,-1.6717873091301576,-328.80902049989703,Miscellaneous
r1667,-3.7865562508439803,0,-133.75358933677188,77.86639932905473,"Transport, extracellular"
EX_34dhpha[e],0.4724751544430348,0,-279.77285373774765,-780.9273430173874,Exchange/demand reaction
EX_ppa[e],1,0,NA,-1.0171762471789094,Exchange/demand reaction
EX_gam[e],0.4420655271139169,0,-0.30114476611034807,-0.7783539232342503,Exchange/demand reaction
EX_tre[e],0.8916945950505595,0,-10.26819857279191,-179.34742730636597,Exchange/demand reaction
ACGAM2E,-2.26160398119928,0,-3.4098412954406405,8.815406506481347,Aminosugar metabolism
DCMPDA,0.9880567494472237,0,-2.669800895691852,-444.41131557159423,Pyrimidine catabolism
FTHFL,-0.46196274686852,0,0.3443943693975749,0.935793451773296,Folate metabolism
EX_etoh[e],0.49221248290204106,0,-168.86811677859424,-496.24518787169455,Exchange/demand reaction
ETOHt,-0.49221248290204106,0,168.86811677859424,496.24518787169455,"Transport, extracellular"
THMt3,0.5320228388706769,0,841.803392688179,257.1402670665413,"Transport, extracellular"
AACOAT,-0.4272831324220185,0,0.5953542947468441,1.4836984744324406,Propanoate metabolism
EX_pheme[e],-0.37068895404846974,0,1.5285511607742404,3.329304650299414,Exchange/demand reaction
GLNt4,-0.4578109573957423,0,74.82882844404243,201.19603581593037,"Transport, extracellular"
AHC,0.9457421513297681,0,-18.405552387383672,-660.042002702713,Methionine and cysteine metabolism
PHPYRtm,-0.8245509464243852,0,2.0245097662122156,21.053525993492755,"Transport, mitochondrial"
3MOX4HOXMte,-0.7938147253733314,0,16.225477089839615,141.16187386641502,"Transport, extracellular"
EX_3mox4hoxm[e],-0.7938147253733314,0,16.225477089839615,141.16187386641502,Exchange/demand reaction
2H3MVc,0.6320677438513604,0,-150.88385708618165,-669.2880879646301,"Valine, leucine, and isoleucine metabolism"
2H3MVte,0.6320677438513604,0,-150.88385708618165,-669.2880879646301,"Transport, extracellular"
EX_2h3mv[e],0.6320677438513604,0,-150.88385708618165,-669.2880879646301,Exchange/demand reaction
2HIVc,-0.6009849831735451,0,-694.9852856353759,-173.2118466796875,"Valine, leucine, and isoleucine metabolism"
2HIVte,-0.6009849831735451,0,-694.9852856353759,-173.2118466796875,"Transport, extracellular"
EX_2hiv[e],-0.6009849831735451,0,-694.9852856353759,-173.2118466796875,Exchange/demand reaction
2M3HBUc,-0.8603656469397127,0,0.6068872353080904,8.085633222692188,"Valine, leucine, and isoleucine metabolism"
2M3HBUtm,-0.8603656469397127,0,0.6068872353080904,8.085633222692188,"Transport, mitochondrial"
2M3HBUte,-0.8603656469397127,0,0.6068872353080904,8.085633222692188,"Transport, extracellular"
EX_2m3hbu[e],-0.8603656469397127,0,0.6068872353080904,8.085633222692188,Exchange/demand reaction
2M3OVCOAm,-0.7891984028094321,0,1.443705913655103,12.253589864896052,Propanoate metabolism
2M3OVACm,-0.7891984028094321,0,1.443705913655103,12.253589864896052,Propanoate metabolism
2M3OVACtm,-0.7891984028094321,0,1.443705913655103,12.253589864896052,"Transport, mitochondrial"
2M3HVACc,-0.7891984028094321,0,1.443705913655103,12.253589864896052,Propanoate metabolism
2M3HVACte,-0.7891984028094321,0,1.443705913655103,12.253589864896052,"Transport, extracellular"
EX_2m3hvac[e],-0.7891984028094321,0,1.443705913655103,12.253589864896052,Exchange/demand reaction
TIGGLYc,0.3867587649737677,0,163.17745749258995,72.15901430634857,"Glycine, serine, alanine, and threonine metabolism"
TIGGLYtm,0.3867587649737677,0,163.17745749258995,72.15901430634857,"Transport, mitochondrial"
TIGGLYte,0.3867587649737677,0,163.17745749258995,72.15901430634857,"Transport, extracellular"
EX_tiggly[e],0.3867587649737677,0,163.17745749258995,72.15901430634857,Exchange/demand reaction
3HADICOAx,-0.7602552216595352,0,0.1050490785752234,0.7712918311403721,Fatty acid oxidation
3HADPACx,-0.7602552216595352,0,0.1050490785752234,0.7712918311403721,Fatty acid oxidation
3HADPACtxc,-0.7602552216595352,0,0.1050490785752234,0.7712918311403721,"Transport, peroxisomal"
3HADPACte,-0.7602552216595352,0,0.1050490785752234,0.7712918311403721,"Transport, extracellular"
EX_3hadpac[e],-0.7602552216595352,0,0.1050490785752234,0.7712918311403721,Exchange/demand reaction
3OHSEBCOAx,-0.6927503024593948,0,0.0967705493802292,0.5331441431635466,Fatty acid oxidation
3OHSEBACx,-0.6927503024593948,0,0.0967705493802292,0.5331441431635466,Fatty acid oxidation
3OHSEBACtxc,-0.6927503024593948,0,0.0967705493802292,0.5331441431635466,"Transport, peroxisomal"
3OHSEBACte,-0.6927503024593948,0,0.0967705493802292,0.5331441431635466,"Transport, extracellular"
EX_3ohsebac[e],-0.6927503024593948,0,0.0967705493802292,0.5331441431635466,Exchange/demand reaction
3OHSUBCOAx,-0.7265491209058977,0,0.12220843420916935,0.7716152361628243,Fatty acid oxidation
3OHSUBACx,-0.7265491209058977,0,0.12220843420916935,0.7716152361628243,Fatty acid oxidation
3OHSUBACtxc,-0.7265491209058977,0,0.12220843420916935,0.7716152361628243,"Transport, peroxisomal"
3OHSUBACte,-0.7265491209058977,0,0.12220843420916935,0.7716152361628243,"Transport, extracellular"
EX_3ohsubac[e],-0.7265491209058977,0,0.12220843420916935,0.7716152361628243,Exchange/demand reaction
5OHHEXAc,-0.8700462891033505,0,2.1643656492860757,31.145428035749493,Fatty acid oxidation
5OHHEXAte,-0.8700462891033505,0,2.1643656492860757,31.145428035749493,"Transport, extracellular"
EX_5ohhexa[e],-0.8700462891033505,0,2.1643656492860757,31.145428035749493,Exchange/demand reaction
AK2LGCHOLABCt,-1,0,NA,0.49650415811204585,"Transport, extracellular"
PAFABCt,-1,0,NA,0.41684920103817785,"Transport, extracellular"
PAILPALM_HSSECt,0.9353633886732534,0,103.32030019901693,3.4506564117164564,"Transport, extracellular"
PCHLN225_HSABCt,-0.3547015651624002,0,0.29874403413283707,0.627165647355918,"Transport, extracellular"
PCHOL2OLE_HSABCt,-0.35589447811555475,0,0.24231034233956306,0.5100829662308745,"Transport, extracellular"
PCHOLDOC_HSABCt,-0.39979953332552154,0,0.319703234690454,0.7456182785093901,"Transport, extracellular"
PCHOLET_HSABCt,-0.3945525435351469,0,0.339020934039966,0.7808811496832863,"Transport, extracellular"
PCHOLHEP_HSABCt,-0.4882245379462784,0,0.29420324175682683,0.8555323886941071,"Transport, extracellular"
PCHOLLINL_HSABCt,-0.5007307808520228,0,0.2599714031371601,0.7814362910155527,"Transport, extracellular"
PCHOLMYR_HsABCt,-0.411877458082804,0,0.4052765664972879,0.9729279320963004,"Transport, extracellular"
PCHOLN15_HSABCt,-0.39635773793905316,0,0.2696345978316356,0.6237243161418592,"Transport, extracellular"
PCHOLN183_HSABCt,-0.40925259160892546,0,0.2973712834143182,0.70939160437971,"Transport, extracellular"
PCHOLN201_HSABCt,-0.345126496928656,0,0.31366413238082025,0.6442739454609051,"Transport, extracellular"
PCHOLN203_HSABCt,-0.672102522891134,0,0.6399243564104045,3.26327344829818,"Transport, extracellular"
PCHOLN225_HSABCt,-0.8470036414058952,0,0.2682509348466399,3.238380691051102,"Transport, extracellular"
PCHOLN2254_HSABCt,-0.3821455406097355,0,0.32082337098460995,0.7176845368525124,"Transport, extracellular"
PCHOLSTE_HSABCt,-0.35203135035393035,0,0.28698170873827183,0.598807160507256,"Transport, extracellular"
PE12_HSABCt,-0.6140674011469504,0,0.3996348213379617,1.6713735491683575,"Transport, extracellular"
PE14_HSABCt,-0.3870880422547643,0,0.2858987085208151,0.6470206281244405,"Transport, extracellular"
PE203_HSABCt,-0.36434924241402267,0,0.3079542354816062,0.6609873784673167,"Transport, extracellular"
PE226_HSABCt,-0.3677036143067908,0,0.3042146034478201,0.6580385750652873,"Transport, extracellular"
PELINL_HSABCt,-0.4323378935428252,0,0.2874416341420305,0.7252792463690081,"Transport, extracellular"
PEOLE_HSABCt,-0.4347429864913956,0,0.2644441568930407,0.6712157308157751,"Transport, extracellular"
PESTE_HSABCt,-0.3924528413098516,0,0.3494057694018873,0.8008120018578601,"Transport, extracellular"
AK2LGCHOLt1,-1,0,NA,0.49650415811204585,"Transport, extracellular"
APRGSTRNt1e,0.5489699333901988,0,-130.30329765200372,-447.49985694226774,"Transport, extracellular"
DIGALSGALSIDEATPte,-0.4170904972389133,0,0.09066856976774688,0.22042112541915285,"Transport, extracellular"
PAFt1,-1,0,NA,0.41684920103817785,"Transport, extracellular"
PESTE_HSt1e,-0.3924528413098516,0,0.3494057694018873,0.8008120018578601,"Transport, extracellular"
SPHMYLN18116_hs_ATPt,-0.4084302490974418,0,0.3389706596373075,0.8070333715699671,"Transport, extracellular"
SPHMYLN181161_hs_ATPt,-0.9209052537006125,0,0.3138693701775395,7.622672179358223,"Transport, extracellular"
SPHMYLN1824_hs_ATPt,-0.4760416253657083,0,0.32194610610509555,0.9069534465733209,"Transport, extracellular"
SPHMYLN1825_hs_ATPt,-0.6775041970226076,0,0.3444748262402579,1.791830967881387,"Transport, extracellular"
THEXDDm,-0.545379320688257,0,0.20367112890184907,0.6923335544319131,Fatty acid oxidation
THEXDDtm,-0.545379320688257,0,0.20367112890184907,0.6923335544319131,"Transport, mitochondrial"
THEXDDte,-0.545379320688257,0,0.20367112890184907,0.6923335544319131,"Transport, extracellular"
EX_thexdd[e],-0.545379320688257,0,0.20367112890184907,0.6923335544319131,Exchange/demand reaction
HEXDTRm,-0.363305640755412,0,0.240160927938094,0.5142384929175742,Fatty acid oxidation
HEXDTRtm,-0.363305640755412,0,0.240160927938094,0.5142384929175742,"Transport, mitochondrial"
HEXDTRte,-0.363305640755412,0,0.240160927938094,0.5142384929175742,"Transport, extracellular"
EX_hexdtr[e],-0.363305640755412,0,0.240160927938094,0.5142384929175742,Exchange/demand reaction
HPDECECOAm,-0.5744187594353615,0,0.0946508982587664,0.3501567635319112,Fatty acid oxidation
HPDECEm,-0.5744187594353615,0,0.0946508982587664,0.3501567635319112,Fatty acid oxidation
HPDECEtm,-0.5744187594353615,0,0.0946508982587664,0.3501567635319112,"Transport, mitochondrial"
HPDECEte,-0.5744187594353615,0,0.0946508982587664,0.3501567635319112,"Transport, extracellular"
EX_hpdece[e],-0.5744187594353615,0,0.0946508982587664,0.3501567635319112,Exchange/demand reaction
5EIPENCm,-0.4983612949605055,0,0.24090359983422976,0.719562956729675,Fatty acid oxidation
5EIPENCtm,-0.4983612949605055,0,0.24090359983422976,0.719562956729675,"Transport, mitochondrial"
5EIPENCte,-0.4983612949605055,0,0.24090359983422976,0.719562956729675,"Transport, extracellular"
EX_5eipenc[e],-0.4983612949605055,0,0.24090359983422976,0.719562956729675,Exchange/demand reaction
ANDRSTNDNte,-0.5069216591163898,0,0.3930553347578185,1.201236290599127,"Transport, extracellular"
CE5072te,-0.4204268158806966,0,0.3368989597416221,0.8256771185617953,"Transport, extracellular"
PRGNLONEte,-0.3767340590920544,0,0.5718768859688127,1.2632206171475242,"Transport, extracellular"
C03681te,-0.40200663717006774,0,0.24792681303370573,0.5812690558315328,"Transport, extracellular"
PRGNLONESte,-0.679601987506745,0,0.188710560954432,0.9892652915543586,"Transport, extracellular"
CE1352te,-0.5865649434870619,0,0.26897874412416095,1.0322110794618002,"Transport, extracellular"
SAMHISTAe,-0.5859896138565368,0,70.24282909468748,269.0859966819048,"Transport, extracellular"
MLTHFte,-0.4640113405396669,0,113.05881408286989,308.8113583073616,"Transport, extracellular"
TRYPTAte,0.6488274403192589,0,-1.9853174289975315,-9.321473914850223,"Transport, extracellular"
CE7096te,-0.4392074010340875,0,0.452338304432844,1.1608723736928819,"Transport, extracellular"
CE4877te,-0.356785061263849,0,0.5427250514077466,1.144813650582427,"Transport, extracellular"
CE1447te,-0.7097095655745745,0,0.682250359282186,4.018217023548188,"Transport, extracellular"
C05770te4,-0.5112679339663634,0,0.2162592723898939,0.6687216299068258,"Transport, extracellular"
C05770te,-0.5112679339663733,0,0.21625927238988807,0.6687216299068258,"Transport, extracellular"
SPHS1Pt2e,-0.5061346193607629,0,0.2546814205106998,0.7766985080886752,"Transport, extracellular"
13DAMPPte,-1,0,-1.1528867546799855,NA,"Transport, extracellular"
ARGN1ASPMDte,1,0,16.442020693320035,NA,"Transport, extracellular"
CE1918te,1,0,NA,-456.8721516736984,"Transport, extracellular"
34DHPHAte,0.4724751544430348,0,-279.77285373774765,-780.9273430173874,"Transport, extracellular"
34DHOXMANDte,1,0,NA,-290.6053461434733,"Transport, extracellular"
EX_andrstndn[e],-0.5069216591163898,0,0.3930553347578185,1.201236290599127,Exchange/demand reaction
EX_ahandrostan[e],0.45342910905310074,0,-0.49040591799826044,-1.304076467072278,Exchange/demand reaction
EX_CE5072[e],-0.4204268158806966,0,0.3368989597416221,0.8256771185617953,Exchange/demand reaction
EX_prgnlone[e],-0.3767340590920544,0,0.5718768859688127,1.2632206171475242,Exchange/demand reaction
EX_C03681[e],-0.40200663717006774,0,0.24792681303370573,0.5812690558315328,Exchange/demand reaction
EX_prgnlones[e],-0.679601987506745,0,0.188710560954432,0.9892652915543586,Exchange/demand reaction
EX_CE1352[e],-0.5865649434870619,0,0.26897874412416095,1.0322110794618002,Exchange/demand reaction
XOL25OHtr,-1,0,NA,199.17886735215188,"Transport, endoplasmic reticular"
XOL25OHte,-1,0,NA,199.17886735215188,"Transport, extracellular"
EX_xol25oh[e],-1,0,NA,199.17886735215188,Exchange/demand reaction
CHSTEROLSte,-0.6717417912468919,0,30.649893737444344,156.09269438468218,"Transport, extracellular"
EX_chsterols[e],-0.6717417912468919,0,30.649893737444344,156.09269438468218,Exchange/demand reaction
EX_34dhoxmand[e],1,0,NA,-290.6053461434733,Exchange/demand reaction
EX_CE7096[e],-0.4392074010340875,0,0.452338304432844,1.1608723736928819,Exchange/demand reaction
EX_CE4877[e],-0.356785061263849,0,0.5427250514077466,1.144813650582427,Exchange/demand reaction
EX_CE1447[e],-0.7097095655745745,0,0.682250359282186,4.018217023548188,Exchange/demand reaction
EX_trypta[e],0.6488274403192589,0,-1.9853174289975315,-9.321473914850223,Exchange/demand reaction
EX_CE4890[e],1,0,339.6773988634586,NA,Exchange/demand reaction
EX_mhista[e],-0.5859896138565368,0,70.24282909468748,269.0859966819048,Exchange/demand reaction
PPBNGte,1,0,NA,-12.663218137052375,"Transport, extracellular"
EX_ppbng[e],1,0,NA,-12.663218137052375,Exchange/demand reaction
EX_13dampp[e],-1,0,-1.1528867546762602,NA,Exchange/demand reaction
EX_mma[e],-1.0694533830105686,0,-1.5096124373424609,44.980855216480975,Exchange/demand reaction
12PPDRte,0.8572509231945387,0,-73.61833608548343,-957.8186123413086,"Transport, extracellular"
EX_12ppd_R[e],0.8572509231945387,0,-73.61833608548343,-957.8186123413086,Exchange/demand reaction
AMETAMte,-0.41248209557530136,0,39.69390600157592,95.43016665266752,"Transport, extracellular"
EX_ametam[e],-0.41248209557530136,0,39.69390600157592,95.43016665266752,Exchange/demand reaction
XYLUDte,-1,0,-0.9932076527189344,NA,"Transport, extracellular"
EX_xylu_D[e],-1,0,-0.993207652712322,NA,Exchange/demand reaction
EX_CE1918[e],-1,0,NA,456.8721516736984,Exchange/demand reaction
EX_mlthf[e],-1.564900076676249,0,-111.11140950035453,504.4957055482864,Exchange/demand reaction
AACTte,1,0,NA,-947.4002273864746,"Transport, extracellular"
EX_aact[e],-1,0,NA,947.4002273864746,Exchange/demand reaction
SPHGNte,-1.466006967388364,0,-1.546250723115407,8.182420700491656,"Transport, extracellular"
EX_sphgn[e],1.4660069673887999,0,1.5462507231154536,-8.182420700485697,Exchange/demand reaction
EX_N1aspmd[e],1,0,16.442020693320035,NA,Exchange/demand reaction
DOPASULT4,-0.3593362087245259,0,0.11755918914375652,0.24943264259286224,Tyrosine metabolism
UDPG4DOPA,-0.8551392431279359,0,0.3132157780807047,4.011154532331599,Tyrosine metabolism
UDPG3DOPA,-0.3446502975298989,0,0.30457640086269966,0.6249316151315406,Tyrosine metabolism
34DHPEAR,-0.9885670681781797,0,1.1402082001181115,198.32012583982944,Tyrosine metabolism
DOPA4SFt,-0.3593362087245259,0,0.11755918914375652,0.24943264259286224,"Transport, extracellular"
EX_dopa4sf[e],-0.3593362087245259,0,0.11755918914375652,0.24943264259286224,Exchange/demand reaction
DOPA4GLCURt,-0.8551392431279359,0,0.3132157780807047,4.011154532331599,"Transport, extracellular"
EX_dopa4glcur[e],-0.8551392431279359,0,0.3132157780807047,4.011154532331599,Exchange/demand reaction
DOPA3GLCURt,-0.3446502975298989,0,0.30457640086269966,0.6249316151315406,"Transport, extracellular"
EX_dopa3glcur[e],-0.3446502975298989,0,0.30457640086269966,0.6249316151315406,Exchange/demand reaction
NADPQNOXR,0.9070292026925135,0,101.02926797673405,4.9253422978143755,Tyrosine metabolism
ACER12r,0.34011742195530914,0,16.03349933327923,7.89499987223878,Exchange/demand reaction
ACER21g,-0.525757392514112,0,15.260859423712557,49.098011680742886,Exchange/demand reaction
ACER23g,-0.5315733337207458,0,0.783358921611297,2.561279537311512,Sphingolipid metabolism
ACER31r,-0.59950053403353,0,0.8245691626033753,3.293135017668408,Sphingolipid metabolism
BGAL1e,-0.4171832734788865,0,16.10381295034783,39.15820070692301,Sphingolipid metabolism
BGAL3l,-0.5712361706060953,0,0.5900929425935523,2.1624384144833755,Sphingolipid metabolism
CRMte,-0.7086930251427207,0,26.501488258957675,155.44738730052114,Sphingolipid metabolism
DES21,-0.5690554129655161,0,1.607928084107535,5.854414558005146,Sphingolipid metabolism
GBA2e,-0.6504979316127135,0,26.69343060029298,126.05777183730602,Sphingolipid metabolism
GD3tg,-0.8387924384524996,0,7.450419070061855,84.98220628004074,"Transport, extracellular"
GD3tl,-0.9188893175561481,0,12.153770467415685,287.5298248673677,"Transport, extracellular"
GM1tl,-1,0,NA,4.270044242669269,"Transport, extracellular"
HEXA2l,-0.5712361706060953,0,0.5900929425935523,2.1624384144833755,Sphingolipid metabolism
HEXA3e,-0.669010586863306,0,16.480266039992635,83.10156580057144,Sphingolipid metabolism
NEU24,-0.7812278860666645,0,0.4753534309516137,3.8702957690781834,Sphingolipid metabolism
NEU31e,-0.73660312834332,0,6.664780441225855,43.941594640653996,Sphingolipid metabolism
NEU32e,-0.5047790522894913,0,1.2181308357609901,3.7014140316062636,Sphingolipid metabolism
NEU33e,0.9356254908026169,0,17.097685807132525,0.5686302115130886,Sphingolipid metabolism
NEU34e,0.9356254908026169,0,17.097685807132525,0.5686302115130886,Sphingolipid metabolism
NEU36e,0.9356254908026169,0,17.097685807132525,0.5686302115130886,Sphingolipid metabolism
NEU37e,-0.9569629099774694,0,1.324663025431204,60.23447235001922,Sphingolipid metabolism
NEU38n,-0.6426837274146694,0,0.5109161684556306,2.348825789328388,Sphingolipid metabolism
SMS21e,0.9209124615005875,0,109.39082472545057,4.503823695952382,Sphingolipid metabolism
SMSn,-0.4261911408167333,0,3.190902295192399,7.9309277153591395,Sphingolipid metabolism
SPHK11,-0.5690554129655161,0,1.607928084107535,5.854414558005146,Sphingolipid metabolism
SPHK21n,-0.8566416334331559,0,2.6140462509351265,33.85464844106622,Sphingolipid metabolism
SPHK22n,-0.9069025948823234,0,1.191126796807169,24.397702350505046,Sphingolipid metabolism
SPHMYLNtl2,-0.6215359043469587,0,1.114915052205573,4.776872649778588,"Transport, extracellular"
SPMD3n,-0.4261911408167333,0,3.190902295192399,7.9309277153591395,Sphingolipid metabolism
ST8SIA13e,-0.9071841620601228,0,18.58202776274737,381.8243721618891,Sphingolipid metabolism
NH4tr,0.8186421695395674,0,-19.879682020440324,-199.3518997642517,"Transport, endoplasmic reticular"
TETTET6COAtm,0.3712304758156535,0,-38.15697189836456,-83.21332494565826,"Transport, mitochondrial"
TETPENT3COAtm,-0.5532026188781916,0,-284.77949248523714,-81.9202400852894,"Transport, mitochondrial"
PCHOL_HStn,-0.4261911408167333,0,3.190902295192399,7.9309277153591395,"Transport, nuclear"
CHOLPtn,0.4261911408167333,0,-3.190902295192399,-7.9309277153591395,"Transport, nuclear"
PHCRMtg,-0.5315733337207458,0,0.783358921611297,2.561279537311512,"Transport, golgi apparatus"
PHCRMter,-0.59950053403353,0,0.8245691626033753,3.293135017668408,"Transport, endoplasmic reticular"
SPHGNtn,-0.9069025948823234,0,1.191126796807169,24.397702350505046,"Transport, nuclear"
SPHINGStn,-0.8566416334331559,0,2.6140462509351265,33.85464844106622,"Transport, nuclear"
SPHINGStg,0.525757392514112,0,-15.260859423712557,-49.098011680742886,"Transport, golgi apparatus"
EX_cmpacna[e],0.9071841620601228,0,-18.58202776274737,-381.8243721618891,Exchange/demand reaction
EX_gd2_hs[e],0.9569629099774714,0,-1.3246630254311458,-60.23447235001922,Exchange/demand reaction
EX_gd1a_hs[e],0.5047790522894913,0,-1.2181308357609901,-3.7014140316062636,Exchange/demand reaction
DHCRMter,0.34011742195530914,0,16.03349933327923,7.89499987223878,"Transport, endoplasmic reticular"
PHSPHINGStg,-0.5315733337207458,0,0.783358921611297,2.561279537311512,"Transport, golgi apparatus"
PHSPHINGStr,-0.59950053403353,0,0.8245691626033753,3.293135017668408,"Transport, endoplasmic reticular"
34DHPEt,0.9885670681781797,0,-1.1402082001181115,-198.32012583982944,"Transport, extracellular"
EX_34dhpe[c],-0.9885670681781797,0,1.1402082001181115,198.32012583982944,Exchange/demand reaction
DM_sph1p[n],-0.9069025948823234,0,1.191126796807169,24.397702350505046,Exchange/demand reaction
DM_sphs1p[n],-0.8566416334331559,0,2.6140462509351265,33.85464844106622,Exchange/demand reaction
DM_gm1_hs[n],-0.6426837274146694,0,0.5109161684556306,2.348825789328388,Exchange/demand reaction
GALSIDEter,0.41709049723891,0,-0.0906685697677476,-0.22042112541915285,"Transport, endoplasmic reticular"
Rtotaltg,0.4530341687493399,0,-23.087754753449,-61.333440993487834,"Transport, golgi apparatus"
DM_phsph1p[c],-0.5690554129655161,0,1.607928084107535,5.854414558005146,Exchange/demand reaction
GD1Atg,-0.48668459458897606,0,0.1577287495734985,0.45682030900073733,"Transport, golgi apparatus"
GD1Atn,-0.6426837274146694,0,0.5109161684556306,2.348825789328388,"Transport, nuclear"
GD1Btl,-0.5712361706060953,0,0.5900929425935523,2.1624384144833755,"Transport, lysosomal"
GD3tlc,-0.9157252570717589,0,12.743863422979228,289.69226346809864,"Transport, lysosomal"
DM_pail35p_hs[n],-0.9211421077998752,0,39.43846645443365,960.8029895141601,Exchange/demand reaction
CATr,0.9293314501018346,0,161.0703638048947,5.899768565458804,ROS detoxification
DM_pcreat[c],-0.8979456781720849,0,1.5295095161578678,28.444909768837086,Exchange/demand reaction
EX_pail_hs[e],0.8845083823086737,0,-2.715532549274573,-44.31008893837929,Miscellaneous
EX_galgluside_hs[e],-0.37863729463903545,0,-34.464619646886966,-15.53347598117413,Miscellaneous
EX_gm1_hs[e],1,0,18.315816657881438,NA,Miscellaneous
HMR_0003,-0.9301455685560786,0,1.6374524150269063,45.244395484384896,Glycerophospholipid metabolism
HMR_0155,0.3717119612425725,0,796.0663819877625,364.62391521813424,"Transport, extracellular"
HMR_0167,-0.8700462891033505,0,2.1643656492860757,31.145428035749493,"Transport, extracellular"
HMR_0170,-0.6722607968347659,0,0.2889843907934642,1.4745177353026246,"Transport, extracellular"
HMR_0171,-0.6722607968347659,0,0.2889843907934642,1.4745177353026246,Fatty acid synthesis
HMR_0172,-0.6722607968347659,0,0.2889843907934642,1.4745177353026246,"Transport, mitochondrial"
HMR_0177,-0.40551017509015247,0,0.32696583843086374,0.7730221671853705,Fatty acid synthesis
HMR_0178,-0.40551017509015247,0,0.32696583843086374,0.7730221671853705,"Transport, mitochondrial"
HMR_0183,-0.5225067333457152,0,0.2425672908957029,0.7734356889801443,"Transport, extracellular"
HMR_0184,-0.5225067333457152,0,0.2425672908957029,0.7734356889801443,Fatty acid synthesis
HMR_0185,-0.5225067333457152,0,0.2425672908957029,0.7734356889801443,"Transport, mitochondrial"
HMR_0191,-0.39412584990191113,0,0.28371094510556577,0.652823300693282,"Transport, extracellular"
HMR_0192,-0.5803388398462114,0,0.16047034714818292,0.6042911432379042,Fatty acid synthesis
HMR_0193,-0.5803388398462114,0,0.16047034714818292,0.6042911432379042,Fatty acid oxidation
HMR_0194,-0.39412584990191113,0,0.28371094510556577,0.652823300693282,"Transport, extracellular"
HMR_0197,-0.45423672141623045,0,0.22037438425476139,0.5872079244217137,Fatty acid oxidation
HMR_0203,-0.406658232541273,0,0.22095497762790042,0.5238264948588484,"Transport, extracellular"
HMR_0210,-0.460695848966031,0,0.6783632072563298,1.8373348675897578,Fatty acid oxidation
HMR_0211,-0.3838239112791916,0,0.7852043335307749,1.763431836888859,"Transport, extracellular"
HMR_0215,-1,0,NA,0.4898397630960442,"Transport, extracellular"
HMR_0230,-0.9881240233660645,0,0.727420467075659,121.77542531944513,Fatty acid oxidation
HMR_0232,-0.6211908127636534,0,0.29585148072005835,1.2661564678119328,"Transport, extracellular"
HMR_0234,-0.5490770951990986,0,0.12016682192297812,0.412814850303391,Fatty acid oxidation
HMR_0235,-0.6211908127636534,0,0.29585148072005835,1.2661564678119328,"Transport, extracellular"
HMR_0238,-0.41241749728642235,0,0.486207486600228,1.168734532111429,Fatty acid oxidation
HMR_0239,-1,0,NA,0.5739103070885158,"Transport, extracellular"
HMR_0240,-0.506394366024248,0,0.25825606436728266,0.7881504050530777,"Transport, extracellular"
HMR_0241,-0.6857568234005962,0,0.10143833639854566,0.5441657304662629,Fatty acid synthesis
HMR_0242,-0.6857568234005962,0,0.10143833639854566,0.5441657304662629,Fatty acid oxidation
HMR_0243,-0.506394366024248,0,0.25825606436728266,0.7881504050530777,"Transport, extracellular"
HMR_0245,-0.4199747481002382,0,0.15702164228221227,0.38440872395759507,Fatty acid synthesis
HMR_0246,-0.4199747481002382,0,0.15702164228221227,0.38440872395759507,Fatty acid oxidation
HMR_0253,-1,0,NA,0.5570931966023287,"Transport, extracellular"
HMR_0254,-0.42399473122450476,0,0.23607862578080507,0.5836313268127691,"Transport, extracellular"
HMR_0256,-0.3499420442301072,0,0.17280422095162648,0.3588536702189129,Fatty acid oxidation
HMR_0257,-0.42399473122450476,0,0.23607862578080507,0.5836313268127691,"Transport, extracellular"
HMR_0260,-0.9499795141846672,0,0.20122066139237985,7.844309409437107,Fatty acid oxidation
HMR_0261,-1,0,NA,0.6715792908430085,"Transport, extracellular"
HMR_0268,-0.7916019164198754,0,0.13389873332386631,1.1511297182202689,Fatty acid oxidation
HMR_0272,-0.4404824296413056,0,0.22573919563823583,0.5811673524207265,Fatty acid oxidation
HMR_0276,0.8230857792411963,0,6.426241725416563,0.623609464900208,Fatty acid oxidation
HMR_0277,-1,0,NA,0.7020871166911716,"Transport, extracellular"
HMR_0278,-0.7016652175549417,0,0.48391291724577423,2.760180267462865,"Transport, extracellular"
HMR_0279,-0.5969129480633257,0,0.6577510764238891,2.6058172930568704,Fatty acid synthesis
HMR_0280,-0.6001465386443352,0,0.17383815912462758,0.6956711782973667,Fatty acid oxidation
HMR_0281,-1,0,NA,0.8500341538732413,"Transport, extracellular"
HMR_0287,-1,0,NA,0.5698682689840265,"Transport, extracellular"
HMR_0288,-0.3929511637981598,0,0.24753776435862496,0.5680070471837535,"Transport, extracellular"
HMR_0289,-0.5673957677782893,0,0.1343274188404059,0.48669017107333673,Fatty acid synthesis
HMR_0290,-0.5673957677782893,0,0.1343274188404059,0.48669017107333673,Fatty acid oxidation
HMR_0291,-0.3929511637981598,0,0.24753776435862496,0.5680070471837535,"Transport, extracellular"
HMR_0292,-0.7176242317452105,0,0.9056832621721547,5.509054572945135,"Transport, extracellular"
HMR_0296,-0.7836641900609319,0,0.10482712455194579,0.8642877398014942,"Transport, extracellular"
HMR_0297,-0.46795907023316324,0,0.2583492171227117,0.7128137241793098,Fatty acid synthesis
HMR_0298,-0.6237708874759755,0,0.1535220926089096,0.6625874932706589,Fatty acid oxidation
HMR_0299,-1,0,NA,0.8140615090336007,"Transport, extracellular"
HMR_0300,-0.7505759702509432,0,0.10421672766983729,0.7314423527699164,"Transport, extracellular"
HMR_0302,-0.792831762455524,0,0.13848107702676207,1.1984137932308687,Fatty acid oxidation
HMR_0303,-1,0,NA,1.2506649055633141,"Transport, extracellular"
HMR_0305,-0.7117322243582757,0,0.1052942701205524,0.6252367084888508,Fatty acid synthesis
HMR_0306,-0.7117322243582757,0,0.1052942701205524,0.6252367084888508,Fatty acid oxidation
HMR_0308,-0.7478485958891417,0,0.29977340437229943,2.0779520374460145,"Transport, extracellular"
HMR_0309,-0.5713583862458321,0,0.535980408596975,1.9648519483116456,Fatty acid synthesis
HMR_0310,-0.45669504642255443,0,0.2362070038653198,0.6333120473047137,Fatty acid oxidation
HMR_0311,-1,0,NA,0.7464121354693664,"Transport, extracellular"
HMR_0317,-1,0,NA,0.565390621810616,"Transport, extracellular"
HMR_0321,-1,0,NA,0.9845122402168519,"Transport, extracellular"
HMR_0327,-0.647815324888979,0,0.1002589729279949,0.46909557321396717,Fatty acid synthesis
HMR_0328,-0.647815324888979,0,0.1002589729279949,0.46909557321396717,Fatty acid oxidation
HMR_0342,-0.4784022791623844,0,0.16774524662787735,0.47545252792719983,Fatty acid oxidation
HMR_0343,-1,0,NA,0.5545615341117256,"Transport, extracellular"
HMR_0345,-0.5855765458214286,0,0.10775007146103094,0.4122498000452877,Fatty acid synthesis
HMR_0346,-0.5855765458214286,0,0.10775007146103094,0.4122498000452877,Fatty acid oxidation
HMR_0350,-0.4433703584404252,0,3.031692864821316,7.861341348473775,Fatty acid oxidation
HMR_0354,-0.6132060508199532,0,3.1178720735153083,13.003745548088103,Fatty acid oxidation
HMR_0358,-0.4009057672815911,0,0.61589594582443,1.4401944392550017,Fatty acid oxidation
HMR_0359,-1,0,NA,0.47038468265711564,"Transport, extracellular"
HMR_0362,-0.7656084456985295,0,4.724677455231481,35.58972268868052,Fatty acid oxidation
HMR_0363,-1,0,NA,0.5110003741995198,"Transport, extracellular"
HMR_0367,-1,0,NA,0.5728434887137787,"Transport, extracellular"
HMR_0370,-0.5353493080041848,0,0.19990572939083504,0.6605502339143288,Fatty acid oxidation
HMR_0371,-1,0,NA,0.6013319138305112,"Transport, extracellular"
HMR_0374,-0.6602578550864291,0,0.2090197850968536,1.0214415410952642,Fatty acid oxidation
HMR_0375,-1,0,NA,0.4051449381964081,"Transport, extracellular"
HMR_0382,-0.6516663742169959,0,0.1610811033891485,0.7637856993897177,Fatty acid oxidation
HMR_0383,-1,0,NA,0.7651825371250975,"Transport, extracellular"
HMR_0384,-0.347598266634326,0,0.27156446001013973,0.5609424023158274,"Transport, extracellular"
HMR_0385,-0.48492714511342916,0,0.15115933961324773,0.43578418955617815,Fatty acid synthesis
HMR_0386,-0.48492714511342916,0,0.15115933961324773,0.43578418955617815,Fatty acid oxidation
HMR_0387,-0.347598266634326,0,0.27156446001013973,0.5609424023158274,"Transport, extracellular"
HMR_0388,-0.6224755637900693,0,0.2406362957964684,1.0341754658594438,"Transport, extracellular"
HMR_0389,-0.37807404821860163,0,0.3596318076171214,0.7968782450250583,Fatty acid synthesis
HMR_0390,-0.5805171740557495,0,0.11899551181211136,0.4483483909770148,Fatty acid oxidation
HMR_0391,-1,0,NA,0.685645612403245,"Transport, extracellular"
HMR_0398,-0.7836235668769655,0,24.986745909840845,205.9695144295931,Fatty acid oxidation
HMR_0402,-0.980327234445866,0,0.20416896708745044,20.552339976775496,Fatty acid oxidation
HMR_0414,-0.6613353625429653,0,0.4909602097706636,2.4084284802159033,Fatty acid oxidation
HMR_0415,-1,0,NA,0.7730656202296144,"Transport, extracellular"
HMR_0418,-0.45235127145228876,0,0.22014556447877404,0.5838207482435056,Fatty acid oxidation
HMR_0419,-1,0,NA,0.6069702471450437,"Transport, extracellular"
HMR_0422,0.36528960981322883,0,1.148586390753412,0.5339670872746501,Fatty acid oxidation
HMR_0423,-1,0,NA,0.5918628347855743,"Transport, extracellular"
HMR_0426,-0.5717984159925942,0,0.1330098113506643,0.4882387609029305,Fatty acid oxidation
HMR_0427,-1,0,NA,0.46137151640913215,"Transport, extracellular"
HMR_0428,-0.5943095945944193,0,0.34810879104174963,1.3680214718553239,"Transport, extracellular"
HMR_0429,-0.3466119964419643,0,0.7460417351799057,1.5375684049430303,Fatty acid synthesis
HMR_0431,-1,0,NA,0.4890082513108893,"Transport, extracellular"
HMR_0432,-0.3591039973693696,0,0.2705858601683576,0.5738127912749569,"Transport, extracellular"
HMR_0433,-0.5632795751749134,0,0.14110100258134697,0.5050835794100272,Fatty acid synthesis
HMR_0434,-0.5632795751749134,0,0.14110100258134697,0.5050835794100272,Fatty acid oxidation
HMR_0435,-0.3591039973693696,0,0.2705858601683576,0.5738127912749569,"Transport, extracellular"
HMR_0436,-0.3312991356693824,0,0.32649871636161115,0.6500177913251035,"Transport, extracellular"
HMR_0437,-0.4534378581351037,0,0.11929296914306714,0.31722818739380454,Fatty acid synthesis
HMR_0438,-0.4534378581351037,0,0.11929296914306714,0.31722818739380454,Fatty acid oxidation
HMR_0439,-0.3312991356693824,0,0.32649871636161115,0.6500177913251035,"Transport, extracellular"
HMR_0467,0.6810720640203418,0,-52.49022209288301,-276.6764401604414,"Transport, endoplasmic reticular"
HMR_0482,-1,0,NA,296.5136751646519,Glycerophospholipid metabolism
HMR_0582,0.8662257220874293,0,2.632003213225852,0.18866652899791042,Glycerophospholipid metabolism
HMR_0586,-1,0,NA,0.18866652899791042,Glycerophospholipid metabolism
HMR_0587,1,0,NA,-0.18866652899791042,"Transport, mitochondrial"
HMR_0597,-0.36487372782787386,0,0.1494594196522582,0.3211853204593682,Glycerophospholipid metabolism
HMR_0598,-0.7531650636962735,0,0.18763029344780516,1.3326593078339923,Glycerophospholipid metabolism
HMR_0614,-0.4622759615222714,0,0.8166434804538614,2.2207638958863916,Glycerophospholipid metabolism
HMR_0625,-0.36487372782787386,0,0.1494594196522582,0.3211853204593682,Glycerophospholipid metabolism
HMR_0629,-0.36487372782787386,0,0.1494594196522582,0.3211853204593682,Glycerophospholipid metabolism
HMR_0641,0.5039154666345546,0,36.35026029168554,11.990568828224704,Glycerophospholipid metabolism
HMR_0642,-0.7531650636962735,0,0.18763029344780516,1.3326593078339923,Glycerophospholipid metabolism
HMR_0761,-0.9498331470373821,0,0.8352222647499511,32.46255168062076,Sphingolipid metabolism
HMR_0765,-0.9268483234608754,0,0.4163459673419657,10.966741530845093,Sphingolipid metabolism
HMR_0770,-1.3014426153334353,0,-663.4575408916473,86.89957114576697,"Transport, extracellular"
HMR_0783,-0.5061346193607629,0,0.2546814205106998,0.7766985080886752,Sphingolipid metabolism
HMR_0803,-0.825612016171705,0,6.919481300192757,72.43783619716167,Glycosphingolipid metabolism
HMR_0805,-0.34364363354219396,0,6.575974364950787,13.461842592442967,Glycosphingolipid metabolism
HMR_0806,-0.4570224129179637,0,1.1586708147492566,3.1091694877426312,Glycosphingolipid metabolism
HMR_0808,-0.4570224129179637,0,1.1586708147492566,3.1091694877426312,Glycosphingolipid metabolism
HMR_0816,-0.8593285982113911,0,1.9791831940984623,26.15991500117846,Glycosphingolipid metabolism
HMR_0817,-0.657911216214389,0,0.5127575506922745,2.485046382064682,Glycosphingolipid metabolism
HMR_0819,-0.8829579421478774,0,1.6490647562276772,26.52994689975665,Glycosphingolipid metabolism
HMR_0823,-0.657911216214389,0,0.5127575506922745,2.485046382064682,Glycosphingolipid metabolism
HMR_0829,-0.9521080970832129,0,0.3888488792515121,15.849757464169157,Glycosphingolipid metabolism
HMR_0830,-0.9419502455710048,0,0.47824232019521407,15.998737639476673,Glycosphingolipid metabolism
HMR_0831,1.2057098477489485,0,0.28016577719075286,-3.0040584858438786,"Transport, lysosomal"
HMR_0835,-0.5533419612038832,0,0.22771629268018842,0.7919285940163776,Glycosphingolipid metabolism
HMR_0836,-0.5533419612038832,0,0.22771629268018842,0.7919285940163776,Glycosphingolipid metabolism
HMR_0842,-0.5614675185842174,0,0.6073129748302599,2.1624384144833755,Glycosphingolipid metabolism
HMR_0843,-0.5614675185842174,0,0.6073129748302599,2.1624384144833755,Glycosphingolipid metabolism
HMR_0853,-1,0,NA,0.5930409073069597,Glycosphingolipid metabolism
HMR_0855,-0.8530815349645914,0,0.4710730441756299,5.941640892933597,Glycosphingolipid metabolism
HMR_0859,-0.594968863317091,0,2.0000706227731078,7.876062057559192,Glycosphingolipid metabolism
HMR_0860,-0.7348825935747697,0,1.1001993516862505,7.199514850568772,Glycosphingolipid metabolism
HMR_0864,-0.7348825935747697,0,1.1001993516862505,7.199514850568772,Glycosphingolipid metabolism
HMR_0867,-1,0,NA,7.199514850568772,Glycosphingolipid metabolism
HMR_0870,-1,0,NA,7.199514850568772,Glycosphingolipid metabolism
HMR_0910,-1,0,NA,0.6765472104988941,Glycosphingolipid metabolism
HMR_0954,-0.39783873235523876,0,0.33560081004668757,0.7790534464760742,Arachidonic acid metabolism
HMR_0960,-0.5283645923573214,0,2.1587803209485488,6.995665193388611,Arachidonic acid metabolism
HMR_0981,-0.33094413557087254,0,0.4805005578886863,0.9558535148722597,Arachidonic acid metabolism
HMR_1095,1.3543874748843718,0,52.44623141988963,-348.42865256500244,"Transport, nuclear"
HMR_1104,-0.44717114899175453,0,-333.62357360801695,-127.44638876713515,"Transport, peroxisomal"
HMR_1126,0.4127914776260999,1.879312946144621e-9,4.006301211969823,1.6651673315714681,Leukotriene metabolism
HMR_1129,0.4127914776260999,1.879312946144621e-9,4.006301211969823,1.6651673315714681,Leukotriene metabolism
HMR_1135,-0.7558638960824777,0,-766.6069181434632,-106.58936985339821,"Transport, peroxisomal"
HMR_1242,0.7558638960824777,0,766.6069181434632,106.58936985339821,"Transport, peroxisomal"
HMR_1283,0.44717114899175453,0,333.62357360801695,127.44638876713515,"Transport, peroxisomal"
HMR_1317,0.7097095655745745,0,-0.682250359282186,-4.018217023548188,Eicosanoid metabolism
HMR_1329,0.356785061263849,0,-0.5427250514077466,-1.144813650582427,Eicosanoid metabolism
HMR_1332,0.356785061263849,0,-0.5427250514077466,-1.144813650582427,Eicosanoid metabolism
HMR_1465,0.5402752883326276,0,-0.2741794612226542,-0.9186189864754677,Cholesterol metabolism
HMR_1470,-0.5402752883326276,0,0.2741794612226542,0.9186189864754677,Cholesterol metabolism
HMR_1473,-0.5402752883326276,0,0.2741794612226542,0.9186189864754677,Cholesterol metabolism
HMR_1536,-0.6737656285540548,0,0.14986182867492903,0.768875384762804,Cholesterol metabolism
HMR_1538,-0.6737656285540382,0,0.14986182867492903,0.7688753847627575,Cholesterol metabolism
HMR_1539,-0.6737656285540382,0,0.14986182867492903,0.7688753847627575,Cholesterol metabolism
HMR_1540,-0.6737656285540382,0,0.14986182867492903,0.7688753847627575,Cholesterol metabolism
HMR_1543,-0.6737656285540382,0,0.14986182867492903,0.7688753847627575,Cholesterol metabolism
HMR_1544,-0.6737656285540382,0,0.14986182867492903,0.7688753847627575,Cholesterol metabolism
HMR_1545,-0.6737656285540382,0,0.14986182867492903,0.7688753847627575,Cholesterol metabolism
HMR_1546,-0.6737656285540382,0,0.14986182867492903,0.7688753847627575,Cholesterol metabolism
HMR_1547,-0.6737656285540382,0,0.14986182867492903,0.7688753847627575,Cholesterol metabolism
HMR_1548,-0.6737656285540382,0,0.14986182867492903,0.7688753847627575,Cholesterol metabolism
HMR_1549,-0.6737656285540382,0,0.14986182867492903,0.7688753847627575,Cholesterol metabolism
HMR_1550,-0.6737656285540382,0,0.14986182867492903,0.7688753847627575,Cholesterol metabolism
HMR_1551,-0.6737656285540382,0,0.14986182867492903,0.7688753847627575,Cholesterol metabolism
HMR_1552,-0.6737656285540382,0,0.14986182867492903,0.7688753847627575,Cholesterol metabolism
HMR_1620,-1.0048174974750037,0,-1.0530843829790804,438.2445467317134,"Transport, mitochondrial"
HMR_1666,-0.9563252485794054,0,1.7469312865084154,78.25037744160295,"Transport, mitochondrial"
HMR_1681,1,0,30.593921046282862,NA,Bile acid synthesis
HMR_1685,1,0,624.0838311090231,NA,Bile acid synthesis
HMR_1706,-0.615863494894098,0,26.854099107056857,112.96129854515792,Bile acid synthesis
HMR_1738,0.37274674462959795,0,2.7637679564431195,1.2628567174166674,Bile acid synthesis
HMR_1741,0.598044782953461,0,2.0755959554478305,0.5220733684515573,Bile acid synthesis
HMR_1743,0.598044782953461,0,2.0755959554478305,0.5220733684515573,Bile acid synthesis
HMR_1745,0.598044782953461,0,2.0755959554478305,0.5220733684515573,"Transport, mitochondrial"
HMR_1747,0.598044782953461,0,2.0755959554478305,0.5220733684515573,Bile acid synthesis
HMR_1749,0.598044782953461,0,2.0755959554478305,0.5220733684515573,Bile acid synthesis
HMR_1751,0.598044782953461,0,2.0755959554478305,0.5220733684515573,Bile acid synthesis
HMR_1753,0.598044782953461,0,2.0755959554478305,0.5220733684515573,"Transport, mitochondrial"
HMR_1756,0.598044782953461,0,2.0755959554478305,0.5220733684515573,Bile acid synthesis
HMR_1759,0.598044782953461,0,2.0755959554478305,0.5220733684515573,"Transport, peroxisomal"
HMR_1761,0.598044782953461,0,2.0755959554478305,0.5220733684515573,Bile acid synthesis
HMR_1762,1,0,1.0630475705792513,NA,Bile acid synthesis
HMR_1764,-1,0,-1.0630475705792513,NA,"Transport, mitochondrial"
HMR_1765,1,0,1.0630475705792513,NA,Bile acid synthesis
HMR_1766,-1,0,NA,271.1609878394127,Bile acid synthesis
HMR_1769,-1,0,NA,271.1609878394127,Bile acid synthesis
HMR_1771,-1,0,NA,271.1609878394127,Bile acid synthesis
HMR_1807,-1,0,-146.22504801039696,NA,Bile acid synthesis
HMR_1897,-0.4142484897993594,0,0.21498893925419763,0.5190729812368184,"Transport, extracellular"
HMR_1944,-0.46478180581763096,0,0.544746879354067,1.4908598517894978,Androgen and estrogen synthesis and metabolism
HMR_1962,-0.47898326075556047,0,0.12388424677216535,0.3516638016526051,Androgen and estrogen synthesis and metabolism
HMR_1968,-0.9974991608731104,0,0.6574396218430607,525.1177810024261,Androgen and estrogen synthesis and metabolism
HMR_1971,-0.9974991608731104,0,0.6574396218430607,525.1177810024261,Androgen and estrogen synthesis and metabolism
HMR_1976,-1,0,NA,440.8921147834301,Androgen and estrogen synthesis and metabolism
HMR_2029,-0.7579788321851652,0,6.39341699500879,46.44011862283647,Androgen and estrogen synthesis and metabolism
HMR_2041,-0.8962699494520754,0,28.532225506885826,521.5923595323086,Steroid metabolism
HMR_2267,-0.3571885683528901,0,0.14891356912789377,0.3144060353362789,Fatty acid synthesis
HMR_2268,-0.3571885683528901,0,0.14891356912789377,0.3144060353362789,Fatty acid synthesis
HMR_2269,-0.3571885683528901,0,0.14891356912789377,0.3144060353362789,Fatty acid synthesis
HMR_2270,-0.3571885683528901,0,0.14891356912789377,0.3144060353362789,Fatty acid synthesis
HMR_2284,0.6752950922369058,0,103.75756742913723,20.110242976248635,Fatty acid synthesis
HMR_2286,-0.472176302696973,0,2.8348442505424463,7.906788855463947,Fatty acid synthesis
HMR_2287,-0.6755585374571054,0,13.843424472978072,71.4935380994171,Fatty acid synthesis
HMR_2289,-0.5752857581311546,0,0.15269804851158525,0.5663644808713565,Fatty acid synthesis
HMR_2292,0.5976365829361961,0,5.669290553668561,1.4278060128726575,Fatty acid synthesis
HMR_2293,-0.8081128060436563,0,0.9521420100390969,8.971834576493501,Fatty acid synthesis
HMR_2294,-0.5298618629137629,0,3.529398390846094,11.484905331545603,Fatty acid synthesis
HMR_2295,0.9803823262029732,0,70.72031302185357,0.7005556519717004,Fatty acid synthesis
HMR_2296,-0.8041776123270332,0,0.8378893368640915,7.719756668999232,Fatty acid synthesis
HMR_2342,0.8672295533396742,0,16.211822390299954,1.152751088417694,Fatty acid synthesis
HMR_2343,0.8672295533396742,0,16.211822390299954,1.152751088417694,Fatty acid synthesis
HMR_2344,0.8672295533396742,0,16.211822390299954,1.152751088417694,Fatty acid synthesis
HMR_2345,0.8672295533396742,0,16.211822390299954,1.152751088417694,Fatty acid synthesis
HMR_2347,-0.5293076516347396,0,0.33675588721288,1.0941400616269559,Fatty acid synthesis
HMR_2348,-0.5293076516347396,0,0.33675588721288,1.0941400616269559,Fatty acid synthesis
HMR_2349,-0.5293076516347396,0,0.33675588721288,1.0941400616269559,Fatty acid synthesis
HMR_2350,-0.5293076516347396,0,0.33675588721288,1.0941400616269559,Fatty acid synthesis
HMR_2353,-0.44109595877828833,0,0.22963206271223316,0.592090615156687,Fatty acid synthesis
HMR_2354,-0.44109595877828833,0,0.22963206271223316,0.592090615156687,Fatty acid synthesis
HMR_2355,-0.44109595877828833,0,0.22963206271223316,0.592090615156687,Fatty acid synthesis
HMR_2356,-0.44109595877828833,0,0.22963206271223316,0.592090615156687,Fatty acid synthesis
HMR_2359,0.5406746804380859,0,4.356323772105056,1.2987620515502654,Fatty acid synthesis
HMR_2361,-0.6697086140888471,0,0.33832669143513483,1.710329167401846,Fatty acid synthesis
HMR_2362,-0.6697086140888471,0,0.33832669143513483,1.710329167401846,Fatty acid synthesis
HMR_2363,-0.6697086140888471,0,0.33832669143513483,1.710329167401846,Fatty acid synthesis
HMR_2364,-0.6697086140888471,0,0.33832669143513483,1.710329167401846,Fatty acid synthesis
HMR_2365,-0.4228919631054061,0,0.3014799871293879,0.7433156762671759,Fatty acid synthesis
HMR_2368,-0.6531887700778294,0,30.071759039112926,143.34684130933286,Fatty acid synthesis
HMR_2395,0.4152880459603606,0,0.9208680622956905,0.38044733413419235,Fatty acid synthesis
HMR_2433,-0.3525174862406495,0,0.1846613658992419,0.3857366355141983,Fatty acid synthesis
HMR_2434,-0.3525174862406495,0,0.1846613658992419,0.3857366355141983,Fatty acid synthesis
HMR_2435,-0.3525174862406495,0,0.1846613658992419,0.3857366355141983,Fatty acid synthesis
HMR_2436,-0.3525174862406495,0,0.1846613658992419,0.3857366355141983,Fatty acid synthesis
HMR_2457,0.33448525674140483,0,14.227779295899369,7.095467587533849,Linoleate metabolism
HMR_2530,-0.6301137445666818,0,0.3113986068469822,1.3723547214954392,Fatty acid synthesis
HMR_2533,-0.6301137445666818,0,0.3113986068469822,1.3723547214954392,Fatty acid synthesis
HMR_2535,-0.6301137445666818,0,0.3113986068469822,1.3723547214954392,Fatty acid synthesis
HMR_2537,-0.6301137445666818,0,0.3113986068469822,1.3723547214954392,Fatty acid synthesis
HMR_2569,1.1853107709587667,0,0.32971578678545777,-3.8882330287090006,"Transport, endoplasmic reticular"
HMR_2608,-0.6769472662746627,0,44.369773200001035,230.32081795113086,Fatty acid oxidation
HMR_2609,-0.6769472662746627,0,44.369773200001035,230.32081795113086,"Transport, mitochondrial"
HMR_2610,0.6769472662746627,0,-44.369773200001035,-230.32081795113086,"Transport, mitochondrial"
HMR_2612,-0.3364464587660635,0,-197.36515973337413,-97.99296469998434,"Transport, mitochondrial"
HMR_2613,0.39431716324238847,0,-1.2747785488395336,-2.9346144584438734,"Transport, mitochondrial"
HMR_2620,0.6864714365218447,0,103.56292709111571,19.25317859366536,Fatty acid oxidation
HMR_2621,-0.6864714365218447,0,-103.56292709111571,-19.25317859366536,"Transport, mitochondrial"
HMR_2622,-0.6864714365218447,0,-103.56292709111571,-19.25317859366536,"Transport, mitochondrial"
HMR_2634,0.6712911322146026,0,-14.203489254272823,-72.21638344320357,"Transport, mitochondrial"
HMR_2635,-1.1579568933640192,0,-1.5820228131028387,21.61309305524784,"Transport, mitochondrial"
HMR_2651,-0.5752857581311546,0,0.15269804851158525,0.5663644808713565,Fatty acid oxidation
HMR_2652,0.5752857581311546,0,-0.15269804851158525,-0.5663644808713565,"Transport, mitochondrial"
HMR_2653,0.5752857581311546,0,-0.15269804851158525,-0.5663644808713565,"Transport, mitochondrial"
HMR_2655,1.4144352472544066,0,305.3976368851453,-52.421180189998424,"Transport, mitochondrial"
HMR_2659,0.5277196191295918,0,-0.21364681212284872,-0.6910988465009532,"Transport, mitochondrial"
HMR_2660,1.0992872284422943,0,15.2596803858487,-0.7217170437179198,Fatty acid oxidation
HMR_2661,1.0992872284422135,0,15.2596803858487,-0.7217170437173609,"Transport, mitochondrial"
HMR_2662,-1.0992872284421933,0,-15.25968038585168,0.7217170437173609,"Transport, mitochondrial"
HMR_2667,-0.9477734475794126,0,8.118814919421075,302.7887423720956,"Transport, mitochondrial"
HMR_2668,0.5761387809327944,0,-0.14043164757768936,-0.5221986722554779,"Transport, mitochondrial"
HMR_2669,-0.9128477617396346,0,0.2753942538012263,6.0444492590754555,Fatty acid oxidation
HMR_2670,0.9128477617396346,0,-0.2753942538012263,-6.0444492590754555,"Transport, mitochondrial"
HMR_2671,0.9128477617396346,0,-0.2753942538012263,-6.0444492590754555,"Transport, mitochondrial"
HMR_2673,-1.0494280610729936,0,-473.88138910595774,11.429060959485918,"Transport, mitochondrial"
HMR_2675,0.7539515429066532,0,-0.25292163036008886,-1.8029468221222988,Fatty acid oxidation
HMR_2676,0.7539515429062964,0,-0.25292163036008886,-1.8029468221193157,"Transport, mitochondrial"
HMR_2677,-0.7539515429062962,0,0.25292163036008886,1.802946822119315,"Transport, mitochondrial"
HMR_2679,-1,0,-325.9491253973961,NA,"Transport, mitochondrial"
HMR_2681,0.8672295533396742,0,16.211822390299954,1.152751088417694,Fatty acid oxidation
HMR_2682,-0.8672295533396742,0,-16.211822390299954,-1.152751088417694,"Transport, mitochondrial"
HMR_2683,-0.8672295533396742,0,-16.211822390299954,-1.152751088417694,"Transport, mitochondrial"
HMR_2684,0.4404280386220438,0,2.5651923626422843,0.9965160932639522,Fatty acid oxidation
HMR_2685,-0.44042803862629887,0,-2.5651923626422843,-0.996516093253431,"Transport, mitochondrial"
HMR_2686,-0.44042803862629887,0,-2.5651923626422843,-0.996516093253431,"Transport, mitochondrial"
HMR_2687,-0.44531912074832924,0,0.21195094914111987,0.5522756794279646,Fatty acid oxidation
HMR_2688,0.44531912074832924,0,-0.21195094914111987,-0.5522756794279646,"Transport, mitochondrial"
HMR_2689,0.44531912074832924,0,-0.21195094914111987,-0.5522756794279646,"Transport, mitochondrial"
HMR_2690,-0.5208885643253417,0,0.1410634315521369,0.44779093947116855,Fatty acid oxidation
HMR_2691,-0.5208885643253417,0,0.1410634315521369,0.44779093947116855,"Transport, mitochondrial"
HMR_2692,0.5208885643253417,0,-0.1410634315521369,-0.44779093947116855,"Transport, mitochondrial"
HMR_2693,-0.4228919631054061,0,0.3014799871293879,0.7433156762671759,Fatty acid oxidation
HMR_2695,-0.4228919631054061,0,0.3014799871293879,0.7433156762671759,"Transport, mitochondrial"
HMR_2697,0.4228919631054061,0,-0.3014799871293879,-0.7433156762671759,"Transport, mitochondrial"
HMR_2699,0.33287104268947565,0,-1.0117061879536078,-2.0213091739704745,Fatty acid oxidation
HMR_2700,0.33287104268945517,0,-1.0117061879536078,-2.0213091739703812,"Transport, mitochondrial"
HMR_2701,-0.33287104268945517,0,1.0117061879536078,2.0213091739703812,"Transport, mitochondrial"
HMR_2703,0.5197649398449096,0,-0.3856401834759583,-1.2204074189269858,"Transport, mitochondrial"
HMR_2704,-0.5197649398449096,0,0.3856401834759583,1.2204074189269858,"Transport, mitochondrial"
HMR_2705,-0.4807500770203139,0,1.0046259878092016,2.864901741898345,Fatty acid oxidation
HMR_2706,0.4807500770203139,0,-1.0046259878092016,-2.864901741898345,"Transport, mitochondrial"
HMR_2707,0.4807500770203139,0,-1.0046259878092016,-2.864901741898345,"Transport, mitochondrial"
HMR_2708,-0.44109595877828833,0,0.22963206271223316,0.592090615156687,Fatty acid oxidation
HMR_2709,0.44109595877828833,0,-0.22963206271223316,-0.592090615156687,"Transport, mitochondrial"
HMR_2710,0.44109595877828833,0,-0.22963206271223316,-0.592090615156687,"Transport, mitochondrial"
HMR_2715,-1.0096002116394591,0,-223.63689168283344,1.0683525400280982,"Transport, mitochondrial"
HMR_2718,0.9907369760254927,0,321.9678040839493,1.4981363807304298,"Transport, mitochondrial"
HMR_2727,0.9902104235177842,0,109.27672151862062,0.5375174455882167,"Transport, mitochondrial"
HMR_2731,0.9542816387844234,0,-13.629874470955878,-582.6239766540527,"Transport, mitochondrial"
HMR_2739,-0.5795776364166028,0,0.19146526857405624,0.71935815643186,Fatty acid oxidation
HMR_2740,-0.5795776364166028,0,0.19146526857405624,0.71935815643186,"Transport, mitochondrial"
HMR_2741,0.5795776364166028,0,-0.19146526857405624,-0.71935815643186,"Transport, mitochondrial"
HMR_2744,-1,0,-6.122184784732107,NA,"Transport, mitochondrial"
HMR_2748,-1,0,-56.02130926176309,NA,"Transport, mitochondrial"
HMR_2753,-1,0,-1.2598068369505695,NA,"Transport, mitochondrial"
HMR_2764,-0.6606712350950845,0,1.0179752550548873,4.9819596773115915,"Transport, mitochondrial"
HMR_2768,-0.5022340530549264,0,0.16344742425420264,0.4932765853222838,Fatty acid oxidation
HMR_2769,0.5022340530549264,0,-0.16344742425420264,-0.4932765853222838,"Transport, mitochondrial"
HMR_2770,0.5022340530549264,0,-0.16344742425420264,-0.4932765853222838,"Transport, mitochondrial"
HMR_2771,-0.3525174862406495,0,0.1846613658992419,0.3857366355141983,Fatty acid oxidation
HMR_2772,-0.3525174862406495,0,0.1846613658992419,0.3857366355141983,"Transport, mitochondrial"
HMR_2773,0.3525174862406495,0,-0.1846613658992419,-0.3857366355141983,"Transport, mitochondrial"
HMR_2774,-0.42630132257847725,0,0.1533355043277079,0.38121515915602633,Fatty acid oxidation
HMR_2775,-0.42630132257847725,0,0.1533355043277079,0.38121515915602633,"Transport, mitochondrial"
HMR_2776,0.42630132257847725,0,-0.1533355043277079,-0.38121515915602633,"Transport, mitochondrial"
HMR_2817,-0.4174613308529093,0,0.6561881681404138,1.5966688622818077,"Transport, endoplasmic reticular"
HMR_2819,0.4174613308529093,0,-0.6561881681404138,-1.5966688622818077,"Transport, endoplasmic reticular"
HMR_2821,-0.4518507695679904,0,-514.6278646605491,-194.2988039028883,"Transport, endoplasmic reticular"
HMR_2827,0.4518507695679904,0,514.6278646605491,194.2988039028883,"Transport, endoplasmic reticular"
HMR_2851,-0.5197649398449096,0,0.3856401834759583,1.2204074189269858,"Transport, endoplasmic reticular"
HMR_2852,0.5197649398449096,0,-0.3856401834759583,-1.2204074189269858,"Transport, endoplasmic reticular"
HMR_2861,2.909041735329243,0,0.1981209688738274,-0.4056816158804875,"Transport, endoplasmic reticular"
HMR_2862,-2.909041735329243,0,-0.1981209688738274,0.4056816158804875,"Transport, endoplasmic reticular"
HMR_2865,-1.1853107709587667,0,-0.32971578678545777,3.8882330287090006,"Transport, endoplasmic reticular"
HMR_2866,1.1853107709588733,0,0.32971578678563535,-3.8882330287090445,"Transport, endoplasmic reticular"
HMR_2888,-0.4920024733037938,0,58.724538986210156,172.47555904626995,"Transport, endoplasmic reticular"
HMR_2890,0.4920024733037938,0,-58.724538986210156,-172.47555904626995,"Transport, endoplasmic reticular"
HMR_2942,-0.47462629983693583,0,0.22283031231526146,0.6254432584634051,Fatty acid synthesis
HMR_2943,-0.42365085477972503,0,0.2648613676492938,0.6542390416974274,Fatty acid synthesis
HMR_2944,-0.44989508382306553,0,0.2448264466369801,0.6452817470452399,Fatty acid synthesis
HMR_2945,-0.46222643114765727,0,0.26362001193072976,0.7167926643312094,Fatty acid synthesis
HMR_2946,-0.4429837639041475,0,0.23732030973790771,0.6147924092783085,Fatty acid synthesis
HMR_2947,-0.4725538744934646,0,0.21926737407388672,0.6121630354805006,Fatty acid synthesis
HMR_2948,-0.4286603673133365,0,0.23279457463385897,0.5821132711221493,Fatty acid synthesis
HMR_2954,-0.33492291330636687,0,0.3162339843898884,0.6347354316879239,Fatty acid synthesis
HMR_2955,-0.8955652834744589,0,0.23714676091711237,4.304384423478157,Fatty acid synthesis
HMR_2956,-0.41924561187043635,0,0.23969261443179277,0.5857600014451912,Fatty acid synthesis
HMR_2961,-0.749607596594111,0,0.2274233011852215,1.5891118499756207,Fatty acid synthesis
HMR_2962,-0.4692805801668894,0,0.22985396235423514,0.6363437073165478,Fatty acid synthesis
HMR_2963,-0.4171765552087253,0,0.223985498251063,0.5446366299520276,Fatty acid synthesis
HMR_2964,-0.4240000602398131,0,0.2981794114652264,0.7371658755130018,Fatty acid synthesis
HMR_2965,-0.42799225119138384,0,0.20692053476173605,0.5165680375267071,Fatty acid synthesis
HMR_2966,-0.4528138202229988,0,0.22685774947462342,0.6023216335539335,Fatty acid synthesis
HMR_2967,-0.8049544458272916,0,0.25480207670181115,2.3579421899651423,Fatty acid synthesis
HMR_2968,-0.4776706294068035,0,0.2613074347663769,0.7392391531829722,Fatty acid synthesis
HMR_2970,-0.4413963925981605,0,0.21121607405119502,0.5450127481492091,Fatty acid synthesis
HMR_2971,-0.5362585853079265,0,0.23694079790743855,0.7849252265655683,Fatty acid synthesis
HMR_2972,-0.7468577543565863,0,0.2332733322120108,1.6097484172324417,Fatty acid synthesis
HMR_2975,-0.425115026209127,0,0.22351641003187853,0.5540875289195246,Fatty acid synthesis
HMR_2976,-0.6209222278356017,0,0.21883556246007357,0.9357325949425663,Fatty acid synthesis
HMR_2977,-0.47052230918021604,0,0.22401515467854952,0.622158946941141,Fatty acid synthesis
HMR_2978,0.55528692231682,0,2.4057123009707526,0.6878806129169353,Fatty acid synthesis
HMR_2979,-0.43084305720657196,0,0.25806135541811964,0.6487583142201067,Fatty acid synthesis
HMR_2980,-0.46481502884689607,0,0.2306628121829599,0.6313300486628005,Fatty acid synthesis
HMR_2982,-0.5433178389299063,0,0.3884746841773542,1.3128165739137592,Fatty acid synthesis
HMR_2983,-0.5544759027195861,0,0.19467828122814826,0.6792510187424312,Fatty acid synthesis
HMR_2986,-0.9128062787030061,0,0.2068597290585749,4.537971113840814,Fatty acid synthesis
HMR_2989,-0.4084542490576896,0,0.2600827729553668,0.6192499668743577,Fatty acid synthesis
HMR_2990,-0.4048840986221343,0,0.25300636953614886,0.5972695815865344,Fatty acid synthesis
HMR_2998,-0.4391633122209598,0,0.23900363395187416,0.613307347693597,Fatty acid synthesis
HMR_2999,-0.3609968986762378,0,0.27667074240207495,0.5892741703187628,Fatty acid synthesis
HMR_3001,-0.46484795755712344,0,0.23526749543353945,0.6439872836740352,Fatty acid synthesis
HMR_3002,-0.5038821506079435,0,0.22365421786480874,0.6779630818911865,Fatty acid synthesis
HMR_3003,-0.5021977482313383,0,0.24518228560924035,0.7398766800267018,Fatty acid synthesis
HMR_3018,-0.3571885683528901,0,0.14891356912789377,0.3144060353362789,"Transport, peroxisomal"
HMR_3056,-0.3571885683528901,0,0.14891356912789377,0.3144060353362789,Fatty acid oxidation
HMR_3094,-0.3384750120152346,0,14.902234729994461,30.151950676944853,Fatty acid oxidation
HMR_3095,-0.3384750120152346,0,14.902234729994461,30.151950676944853,Fatty acid oxidation
HMR_3096,-0.3384750120152346,0,14.902234729994461,30.151950676944853,Fatty acid oxidation
HMR_3097,-0.3384750120152346,0,14.902234729994461,30.151950676944853,Fatty acid oxidation
HMR_3098,0.4789893074003314,0,85.59212561637163,30.151950676944853,Fatty acid oxidation
HMR_3099,0.40190964358210163,0,72.52378453751803,30.940493448626995,Fatty acid oxidation
HMR_3100,0.40190964358210163,0,72.52378453751803,30.940493448626995,Fatty acid oxidation
HMR_3101,0.40190964358210163,0,72.52378453751803,30.940493448626995,Fatty acid oxidation
HMR_3102,0.7569357926104555,0,221.9040542956829,30.699433240965007,Fatty acid oxidation
HMR_3107,-0.5197649398449096,0,0.3856401834759583,1.2204074189269858,Fatty acid oxidation
HMR_3108,-0.5197649398449096,0,0.3856401834759583,1.2204074189269858,Fatty acid oxidation
HMR_3109,-0.5197649398449096,0,0.3856401834759583,1.2204074189269858,Fatty acid oxidation
HMR_3110,-0.5197649398449096,0,0.3856401834759583,1.2204074189269858,Fatty acid oxidation
HMR_3111,0.6345725622699184,0,3.086665422133054,0.6900594457389787,Fatty acid oxidation
HMR_3112,0.6345725622699184,0,3.086665422133054,0.6900594457389787,Fatty acid oxidation
HMR_3113,0.6345725622699184,0,3.086665422133054,0.6900594457389787,Fatty acid oxidation
HMR_3114,0.6345725622699184,0,3.086665422133054,0.6900594457389787,Fatty acid oxidation
HMR_3115,-0.8987690179053167,0,1.0972799638172248,20.581457930692547,Fatty acid oxidation
HMR_3116,-0.35539714942724465,0,152.974655446434,321.6576093985319,Fatty acid oxidation
HMR_3117,-0.35539714942724465,0,152.974655446434,321.6576093985319,Fatty acid oxidation
HMR_3118,-0.35539714942724465,0,152.974655446434,321.6576093985319,Fatty acid oxidation
HMR_3121,-0.48866466215140264,0,0.8731293646898913,2.5419655840125137,Fatty acid oxidation
HMR_3135,-0.8586290164344896,0,0.5270095938732208,6.928687191726462,Fatty acid oxidation
HMR_3142,-0.5284275460281106,0,0.863473381780667,2.7986293322686104,Fatty acid oxidation
HMR_3149,-0.7099250373395801,0,0.8467781712931146,4.991562122035866,Fatty acid oxidation
HMR_3156,1,0,1.0108657646891537,NA,Fatty acid oxidation
HMR_3170,-0.33287104268945517,0,1.0117061879536078,2.0213091739703812,Fatty acid oxidation
HMR_3171,-0.33287104268945517,0,1.0117061879536078,2.0213091739703812,Fatty acid oxidation
HMR_3172,-0.33287104268945517,0,1.0117061879536078,2.0213091739703812,Fatty acid oxidation
HMR_3173,-0.33287104268945517,0,1.0117061879536078,2.0213091739703812,Fatty acid oxidation
HMR_3174,-0.5029842041703593,0,1.2646278203523718,3.8242559976816177,Fatty acid oxidation
HMR_3175,-0.5029842041703593,0,1.2646278203523718,3.8242559976816177,Fatty acid oxidation
HMR_3176,-0.5029842041703593,0,1.2646278203523718,3.8242559976816177,Fatty acid oxidation
HMR_3177,-0.5029842041703593,0,1.2646278203523718,3.8242559976816177,Fatty acid oxidation
HMR_3182,-0.481511890372981,0,1.0298830870784488,2.9427560842202265,Fatty acid oxidation
HMR_3183,-0.481511890372981,0,1.0298830870784488,2.9427560842202265,Fatty acid oxidation
HMR_3184,-0.481511890372981,0,1.0298830870784488,2.9427560842202265,Fatty acid oxidation
HMR_3185,-0.481511890372981,0,1.0298830870784488,2.9427560842202265,Fatty acid oxidation
HMR_3186,-0.481511890372981,0,1.0298830870784488,2.9427560842202265,Fatty acid oxidation
HMR_3187,-0.481511890372981,0,1.0298830870784488,2.9427560842202265,Fatty acid oxidation
HMR_3188,-0.481511890372981,0,1.0298830870784488,2.9427560842202265,Fatty acid oxidation
HMR_3189,-0.481511890372981,0,1.0298830870784488,2.9427560842202265,Fatty acid oxidation
HMR_3190,-0.4898610329115581,0,1.2724503765257076,3.7161917724482016,Fatty acid oxidation
HMR_3191,-0.4898610329115581,0,1.2724503765257076,3.7161917724482016,Fatty acid oxidation
HMR_3192,-0.4898610329115581,0,1.2724503765257076,3.7161917724482016,Fatty acid oxidation
HMR_3193,-0.4898610329115581,0,1.2724503765257076,3.7161917724482016,Fatty acid oxidation
HMR_3194,-0.47462198369080316,0,1.5994162145487498,4.489213933262602,Fatty acid oxidation
HMR_3195,-0.47462198369080316,0,1.5994162145487498,4.489213933262602,Fatty acid oxidation
HMR_3196,-0.47462198369080316,0,1.5994162145487498,4.489213933262602,Fatty acid oxidation
HMR_3197,-0.47462198369080316,0,1.5994162145487498,4.489213933262602,Fatty acid oxidation
HMR_3198,-0.5190094772194717,0,1.8884006052117794,5.963731675047055,Fatty acid oxidation
HMR_3199,-0.5190094772194717,0,1.8884006052117794,5.963731675047055,Fatty acid oxidation
HMR_3200,-0.5190094772194717,0,1.8884006052117794,5.963731675047055,Fatty acid oxidation
HMR_3201,-0.5190094772194717,0,1.8884006052117794,5.963731675047055,Fatty acid oxidation
HMR_3202,-0.4964261999689024,0,2.222982396414061,6.605842281425744,Fatty acid oxidation
HMR_3203,-0.4964261999689024,0,2.222982396414061,6.605842281425744,Fatty acid oxidation
HMR_3204,-0.4964261999689024,0,2.222982396414061,6.605842281425744,Fatty acid oxidation
HMR_3205,-0.4964261999689024,0,2.222982396414061,6.605842281425744,Fatty acid oxidation
HMR_3218,-0.4807500770203139,0,1.0046259878092016,2.864901741898345,Fatty acid oxidation
HMR_3219,-0.4807500770203139,0,1.0046259878092016,2.864901741898345,Fatty acid oxidation
HMR_3220,-0.4807500770203139,0,1.0046259878092016,2.864901741898345,Fatty acid oxidation
HMR_3221,-0.4807500770203139,0,1.0046259878092016,2.864901741898345,Fatty acid oxidation
HMR_3229,-0.8730386258787303,0,3.270887043988728,48.25481621225476,Fatty acid oxidation
HMR_3230,-0.6918262318667223,0,4.852909863127836,26.641723132559658,Fatty acid oxidation
HMR_3231,-0.6918262318667223,0,4.852909863127836,26.641723132559658,Fatty acid oxidation
HMR_3232,-0.6918262318667223,0,4.852909863127836,26.641723132559658,Fatty acid oxidation
HMR_3233,-0.6918262318667223,0,4.852909863127836,26.641723132559658,Fatty acid oxidation
HMR_3234,0.40516256818642343,0,108.41583696659804,45.89490176383257,Fatty acid oxidation
HMR_3235,0.40516256818642343,0,108.41583696659804,45.89490176383257,Fatty acid oxidation
HMR_3236,0.40516256818642343,0,108.41583696659804,45.89490176383257,Fatty acid oxidation
HMR_3237,0.40516256818642343,0,108.41583696659804,45.89490176383257,Fatty acid oxidation
HMR_3240,0.8672295533396742,0,16.211822390299954,1.152751088417694,Fatty acid oxidation
HMR_3241,0.8672295533396742,0,16.211822390299954,1.152751088417694,Fatty acid oxidation
HMR_3242,0.8672295533396742,0,16.211822390299954,1.152751088417694,Fatty acid oxidation
HMR_3243,0.8672295533396742,0,16.211822390299954,1.152751088417694,Fatty acid oxidation
HMR_3397,-0.5752857581311546,0,0.15269804851158525,0.5663644808713565,Fatty acid oxidation
HMR_3398,-0.39431716324238847,0,1.2747785488395336,2.9346144584438734,Fatty acid oxidation
HMR_3406,-0.5277196191295918,0,0.21364681212284872,0.6910988465009532,Fatty acid oxidation
HMR_3407,-0.5761387809327944,0,0.14043164757768936,0.5221986722554779,Fatty acid oxidation
HMR_3408,-0.9128477617396346,0,0.2753942538012263,6.0444492590754555,Fatty acid oxidation
HMR_3411,-0.44531912074832924,0,0.21195094914111987,0.5522756794279646,Fatty acid oxidation
HMR_3413,-0.5208885643253417,0,0.1410634315521369,0.44779093947116855,Fatty acid oxidation
HMR_3414,-0.4228919631054061,0,0.3014799871293879,0.7433156762671759,Fatty acid oxidation
HMR_3416,-0.44109595877828833,0,0.22963206271223316,0.592090615156687,Fatty acid oxidation
HMR_3421,-0.5561440874321324,0,0.0738856521116586,0.25904064229863,Fatty acid oxidation
HMR_3422,-0.5975357631092857,0,0.07334166034699911,0.29112133350114455,Fatty acid oxidation
HMR_3423,-0.5022340530549442,0,0.16344742425420264,0.49327658532230706,Fatty acid oxidation
HMR_3424,-0.3525174862406495,0,0.1846613658992419,0.3857366355141983,Fatty acid oxidation
HMR_3425,-0.42630132257847725,0,0.1533355043277079,0.38121515915602633,Fatty acid oxidation
HMR_3426,-0.5880773168596698,0,0.165233941617537,0.6370231244797265,Fatty acid oxidation
HMR_3427,-0.41868141269001796,0,0.1198908059323927,0.2925880259837875,Fatty acid oxidation
HMR_3428,-0.766879703015216,0,0.16878818989178848,1.2792898374179091,Fatty acid oxidation
HMR_3429,-0.43248306508055473,0,0.21295208342920277,0.5375174455882167,Fatty acid oxidation
HMR_3433,-0.5795776364166028,0,0.19146526857405624,0.71935815643186,Fatty acid oxidation
HMR_3452,0.41450235748856235,0,4.256697579015737,1.7619528056657983,Fatty acid synthesis
HMR_3453,0.41450235748856235,0,4.256697579015737,1.7619528056657983,Fatty acid synthesis
HMR_3454,0.41450235748856235,0,4.256697579015737,1.7619528056657983,Fatty acid synthesis
HMR_3455,-0.41450235748856235,0,-4.256697579015737,-1.7619528056657983,Fatty acid synthesis
HMR_3456,0.41450235748856235,0,4.256697579015737,1.7619528056657983,Fatty acid synthesis
HMR_3457,0.41450235748856235,0,4.256697579015737,1.7619528056657983,Fatty acid synthesis
HMR_3491,-0.7293001073776189,0,0.3754782574948622,2.3986510844671893,Fatty acid oxidation
HMR_3505,-0.6484265862405673,0,0.294812117290841,1.3822891978419858,Fatty acid oxidation
HMR_3625,-0.47462629983693583,0,0.22283031231526146,0.6254432584634051,Cholesterol metabolism
HMR_3626,-0.42365085477972503,0,0.2648613676492938,0.6542390416974274,Cholesterol metabolism
HMR_3627,-0.44989508382306553,0,0.2448264466369801,0.6452817470452399,Cholesterol metabolism
HMR_3628,-0.4429837639041475,0,0.23732030973790771,0.6147924092783085,Cholesterol metabolism
HMR_3629,-0.4725538744934646,0,0.21926737407388672,0.6121630354805006,Cholesterol metabolism
HMR_3630,-0.46222643114765727,0,0.26362001193072976,0.7167926643312094,Cholesterol metabolism
HMR_3631,-0.4286603673133365,0,0.23279457463385897,0.5821132711221493,Cholesterol metabolism
HMR_3635,-0.33492291330636687,0,0.3162339843898884,0.6347354316879239,Cholesterol metabolism
HMR_3636,-0.8955652834744589,0,0.23714676091711237,4.304384423478157,Cholesterol metabolism
HMR_3637,-0.41924561187043635,0,0.23969261443179277,0.5857600014451912,Cholesterol metabolism
HMR_3639,-0.4692805801668894,0,0.22985396235423514,0.6363437073165478,Cholesterol metabolism
HMR_3640,-0.4171765552087253,0,0.223985498251063,0.5446366299520276,Cholesterol metabolism
HMR_3642,-0.749607596594111,0,0.2274233011852215,1.5891118499756207,Cholesterol metabolism
HMR_3644,-0.4240000602398131,0,0.2981794114652264,0.7371658755130018,Cholesterol metabolism
HMR_3645,-0.42799225119138384,0,0.20692053476173605,0.5165680375267071,Cholesterol metabolism
HMR_3646,-0.4528138202229988,0,0.22685774947462342,0.6023216335539335,Cholesterol metabolism
HMR_3647,-0.4776706294068035,0,0.2613074347663769,0.7392391531829722,Cholesterol metabolism
HMR_3648,-0.8049544458272916,0,0.25480207670181115,2.3579421899651423,Cholesterol metabolism
HMR_3650,-0.4413963925981605,0,0.21121607405119502,0.5450127481492091,Cholesterol metabolism
HMR_3651,-0.5362585853079265,0,0.23694079790743855,0.7849252265655683,Cholesterol metabolism
HMR_3652,-0.7468577543565863,0,0.2332733322120108,1.6097484172324417,Cholesterol metabolism
HMR_3653,0.7093467568617056,0,3.7336808603282,0.6348661829681449,Cholesterol metabolism
HMR_3655,-0.425115026209127,0,0.22351641003187853,0.5540875289195246,Cholesterol metabolism
HMR_3656,-0.6209222278356017,0,0.21883556246007357,0.9357325949425663,Cholesterol metabolism
HMR_3657,-0.47052230918021604,0,0.22401515467854952,0.622158946941141,Cholesterol metabolism
HMR_3658,0.55528692231682,0,2.4057123009707526,0.6878806129169353,Cholesterol metabolism
HMR_3659,-0.43084305720657196,0,0.25806135541811964,0.6487583142201067,Cholesterol metabolism
HMR_3660,-0.46481502884689607,0,0.2306628121829599,0.6313300486628005,Cholesterol metabolism
HMR_3663,-0.5544759027195861,0,0.19467828122814826,0.6792510187424312,Cholesterol metabolism
HMR_3664,-0.6216925784180867,0,1.1332712802375244,4.858000450561137,Cholesterol metabolism
HMR_3666,-0.9128062787030061,0,0.2068597290585749,4.537971113840814,Cholesterol metabolism
HMR_3667,-0.4465245807042044,0,0.26338026691530686,0.6883522138167697,Cholesterol metabolism
HMR_3669,-0.4084542490576896,0,0.2600827729553668,0.6192499668743577,Cholesterol metabolism
HMR_3670,-0.4048840986221343,0,0.25300636953614886,0.5972695815865344,Cholesterol metabolism
HMR_3675,-0.39933909373869414,0,0.26511808760293937,0.6176365076748326,Cholesterol metabolism
HMR_3677,-0.4391633122209598,0,0.23900363395187416,0.613307347693597,Cholesterol metabolism
HMR_3678,-0.3609968986762378,0,0.27667074240207495,0.5892741703187628,Cholesterol metabolism
HMR_3679,-0.3966326539317492,0,0.2681370868912494,0.6206650288961656,Cholesterol metabolism
HMR_3680,-0.46484795755712344,0,0.23526749543353945,0.6439872836740352,Cholesterol metabolism
HMR_3681,-0.5038821506079435,0,0.22365421786480874,0.6779630818911865,Cholesterol metabolism
HMR_3682,-0.5021977482313383,0,0.24518228560924035,0.7398766800267018,Cholesterol metabolism
HMR_3684,-0.47462629983693583,0,0.22283031231526146,0.6254432584634051,Cholesterol metabolism
HMR_3685,-0.42365085477972503,0,0.2648613676492938,0.6542390416974274,Cholesterol metabolism
HMR_3686,-0.44989508382306553,0,0.2448264466369801,0.6452817470452399,Cholesterol metabolism
HMR_3687,-0.4429837639041475,0,0.23732030973790771,0.6147924092783085,Cholesterol metabolism
HMR_3688,-0.4725538744934646,0,0.21926737407388672,0.6121630354805006,Cholesterol metabolism
HMR_3689,-0.46222643114765727,0,0.26362001193072976,0.7167926643312094,Cholesterol metabolism
HMR_3690,-0.4286603673133365,0,0.23279457463385897,0.5821132711221493,Cholesterol metabolism
HMR_3694,-0.33492291330636687,0,0.3162339843898884,0.6347354316879239,Cholesterol metabolism
HMR_3695,-0.8955652834744589,0,0.23714676091711237,4.304384423478157,Cholesterol metabolism
HMR_3696,-0.41924561187043635,0,0.23969261443179277,0.5857600014451912,Cholesterol metabolism
HMR_3698,-0.4692805801668894,0,0.22985396235423514,0.6363437073165478,Cholesterol metabolism
HMR_3699,-0.4171765552087253,0,0.223985498251063,0.5446366299520276,Cholesterol metabolism
HMR_3701,-0.749607596594111,0,0.2274233011852215,1.5891118499756207,Cholesterol metabolism
HMR_3703,-0.4240000602398131,0,0.2981794114652264,0.7371658755130018,Cholesterol metabolism
HMR_3704,-0.42799225119138384,0,0.20692053476173605,0.5165680375267071,Cholesterol metabolism
HMR_3705,-0.4528138202229988,0,0.22685774947462342,0.6023216335539335,Cholesterol metabolism
HMR_3706,-0.4776706294068035,0,0.2613074347663769,0.7392391531829722,Cholesterol metabolism
HMR_3707,-0.8049544458272916,0,0.25480207670181115,2.3579421899651423,Cholesterol metabolism
HMR_3709,-0.4413963925981605,0,0.21121607405119502,0.5450127481492091,Cholesterol metabolism
HMR_3710,-0.5362585853079265,0,0.23694079790743855,0.7849252265655683,Cholesterol metabolism
HMR_3711,-0.7468577543565863,0,0.2332733322120108,1.6097484172324417,Cholesterol metabolism
HMR_3712,0.7093467568617056,0,3.7336808603282,0.6348661829681449,Cholesterol metabolism
HMR_3714,-0.425115026209127,0,0.22351641003187853,0.5540875289195246,Cholesterol metabolism
HMR_3715,-0.6209222278356017,0,0.21883556246007357,0.9357325949425663,Cholesterol metabolism
HMR_3716,-0.47052230918021604,0,0.22401515467854952,0.622158946941141,Cholesterol metabolism
HMR_3717,0.55528692231682,0,2.4057123009707526,0.6878806129169353,Cholesterol metabolism
HMR_3718,-0.43084305720657196,0,0.25806135541811964,0.6487583142201067,Cholesterol metabolism
HMR_3719,-0.46481502884689607,0,0.2306628121829599,0.6313300486628005,Cholesterol metabolism
HMR_3722,-0.5544759027195861,0,0.19467828122814826,0.6792510187424312,Cholesterol metabolism
HMR_3723,-0.6216925784180867,0,1.1332712802375244,4.858000450561137,Cholesterol metabolism
HMR_3725,-0.9128062787030061,0,0.2068597290585749,4.537971113840814,Cholesterol metabolism
HMR_3726,-0.4465245807042044,0,0.26338026691530686,0.6883522138167697,Cholesterol metabolism
HMR_3728,-0.4084542490576896,0,0.2600827729553668,0.6192499668743577,Cholesterol metabolism
HMR_3729,-0.4048840986221343,0,0.25300636953614886,0.5972695815865344,Cholesterol metabolism
HMR_3734,-0.39933909373869414,0,0.26511808760293937,0.6176365076748326,Cholesterol metabolism
HMR_3736,-0.4391633122209598,0,0.23900363395187416,0.613307347693597,Cholesterol metabolism
HMR_3737,-0.3609968986762378,0,0.27667074240207495,0.5892741703187628,Cholesterol metabolism
HMR_3738,-0.3966326539317492,0,0.2681370868912494,0.6206650288961656,Cholesterol metabolism
HMR_3739,-0.46484795755712344,0,0.23526749543353945,0.6439872836740352,Cholesterol metabolism
HMR_3740,-0.5038821506079435,0,0.22365421786480874,0.6779630818911865,Cholesterol metabolism
HMR_3741,-0.5021977482313383,0,0.24518228560924035,0.7398766800267018,Cholesterol metabolism
HMR_3855,0.9047066470334684,0,202.17696547046899,10.115006928907478,Pyruvate metabolism
HMR_3864,-0.7086578937280752,0,10.985971770401997,64.43032772012353,"Transport, mitochondrial"
HMR_3915,-0.5489310734864005,0,102.04385362637043,350.40963021295073,Methionine and cysteine metabolism
HMR_3966,-0.4836910704566304,0,0.38408882496738844,1.1037367886902394,Nucleotide metabolism
HMR_4078,-0.6912639483432458,0,4.175035554907116,22.870951024909782,Beta-Alanine metabolism
HMR_4079,-0.6537056566982231,0,3.838830702915555,18.332081280883273,Beta-Alanine metabolism
HMR_4182,0.922237546585298,0,58.13879919357896,2.351954716475404,Pyrimidine synthesis
HMR_4261,-0.3557353420811178,0,1.2304995757611168,2.5893578714435876,NAD metabolism
HMR_4278,-0.3643110039132504,0,0.4674303935261154,1.0031956402846924,NAD metabolism
HMR_4343,-0.9386441660958711,0,3.505485542514255,110.76190581889152,Pyrimidine synthesis
HMR_4422,-0.6060862881765257,0,87.94532584434748,358.5754384988785,Arginine and proline metabolism
HMR_4592,17.6399611425145,0,296.86092005539984,-332.54140242106246,Pentose phosphate pathway
HMR_4630,0.6815734616080665,0,554.180781269455,104.940921019423,Cholesterol metabolism
HMR_4764,0.36166547486203543,0,98.40763041940033,46.1324673301898,Heme synthesis
HMR_4777,-0.5965193263670164,0,0.6885389694940574,2.7244570647118844,Arginine and proline metabolism
HMR_4790,-7.035519565615794,0,-54.440460132212195,40.890506159064174,"Transport, peroxisomal"
HMR_4964,-0.8204039422257311,0,0.5784986280876326,5.863721042621809,"Transport, mitochondrial"
HMR_5301,-0.8096442660093721,0,0.1606287230869771,1.5270401452948463,Purine synthesis
HMR_5420,-0.37068895404846974,0,1.5285511607742404,3.329304650299414,"Transport, mitochondrial"
HMR_5996,-0.9314097567284604,0,3.613043537093742,101.73848649875075,"Transport, extracellular"
HMR_6385,-0.9132876936877679,0,0.5070145372254745,11.187162651415449,"Transport, endoplasmic reticular"
HMR_6515,-0.40557905157145874,0,2.4528664194888026,5.800094469502059,Methionine and cysteine metabolism
HMR_6533,-0.4940971488705856,0,238.30086035181284,703.7806472728729,"Transport, extracellular"
HMR_6558,-0.5815689226981655,0,0.1990864977085847,0.7524991206080682,Inositol phosphate metabolism
HMR_6564,0.3782558294824631,0,1.3444713983181935,0.6065036957948411,Inositol phosphate metabolism
HMR_6595,-0.34054557788964657,0,0.42008195221181377,0.8539468149848283,Inositol phosphate metabolism
HMR_6611,-0.48278159977144713,0,-560.0341433023452,-195.34904109739065,Purine catabolism
HMR_6617,-1.5178218560554873,0,-26.41960862223208,5.433526101189852,"Transport, nuclear"
HMR_6619,1.5178218560554873,0,26.41960862223208,-5.433526101189852,"Transport, nuclear"
HMR_6629,-0.6796219795304287,0,11.105297254361771,58.22091456307173,"Transport, endoplasmic reticular"
HMR_6632,-0.7284514814897732,0,8.106081412302297,51.59655630985498,Vitamin A metabolism
HMR_6633,-0.37669397435843077,0,2.9992158559471704,6.624358223446898,Vitamin A metabolism
HMR_6647,-0.6796219795304287,0,11.105297254361771,58.22091456307173,Vitamin A metabolism
HMR_6755,-0.7066933285880966,0,16.225477089839615,94.41283203374296,Phenylalanine metabolism
HMR_6782,-1,0,NA,0.08821510221226443,Phenylalanine metabolism
HMR_6826,1.0008570265465484,0,0.17454085182738072,-407.49179964696987,Phenylalanine metabolism
HMR_6834,-1.0008570265465484,0,-0.17454085182738072,407.49179964696987,Phenylalanine metabolism
HMR_6838,-0.7531407334270807,0,0.12930951993698983,0.9183280407846236,Phenylalanine metabolism
HMR_6844,-0.5034226350091847,0,0.123507617257128,0.373927932425699,Phenylalanine metabolism
HMR_6850,-0.4079289674755391,0,0.12405874009741337,0.2950083423384698,Phenylalanine metabolism
HMR_6907,-0.5530955377309394,0,0.007250641747989187,0.025197643557445554,Ubiquinone synthesis
HMR_6908,-0.5530955377309394,0,0.007250641747989187,0.025197643557445554,Ubiquinone synthesis
HMR_6909,-0.5530955377309394,0,0.007250641747989187,0.025197643557445554,Ubiquinone synthesis
HMR_6910,-0.5530955377309394,0,0.007250641747989187,0.025197643557445554,Ubiquinone synthesis
HMR_6975,-0.7814957034537249,0,1.8299665117417425,14.919969674105197,Lysine metabolism
HMR_6976,-0.7814957034537249,0,1.8299665117417425,14.919969674105197,Lysine metabolism
HMR_6977,-0.7814957034537249,0,1.8299665117417425,14.919969674105197,Lysine metabolism
HMR_6978,-0.7814957034537249,0,1.8299665117417425,14.919969674105197,Lysine metabolism
HMR_6986,-0.4471791195663733,0,1.0544892580522922,2.7604507898893207,"Transport, peroxisomal"
HMR_7469,-0.724613403772538,0,0.6349544881374269,3.9764136527649097,Keratan sulfate degradation
HMR_7628,-0.3946252533175369,0,1.500752319931501,3.457341251549074,Phenylalanine metabolism
HMR_7711,0.4529885238996986,0,2.317303920595231,0.8724032002508204,"Transport, lysosomal"
HMR_7712,0.3643110039132504,0,-0.4674303935261154,-1.0031956402846924,"Transport, nuclear"
HMR_7720,0.7061465928719179,0,4.4201045941061095,0.7612844056114907,"Transport, lysosomal"
HMR_7724,-0.3525053769450547,0,0.4246835880708648,0.8870912837177674,"Transport, lysosomal"
HMR_7755,-0.8109088687035063,0,0.3796719512081091,3.6360843521669657,Glycerophospholipid metabolism
HMR_7756,-0.3946252533175369,0,1.500752319931501,3.457341251549074,Phenylalanine metabolism
HMR_7757,-0.8317116796109717,0,0.47955854404706444,5.219690731701599,"Transport, mitochondrial"
HMR_7758,-0.9968675851182417,0,0.11805778393891972,75.26006956849695,"Transport, mitochondrial"
HMR_7900,0.8107891822793691,0,-0.38383699406256694,-3.673404538811107,"Transport, extracellular"
HMR_7977,0.5489699333901988,0,-130.30329765200372,-447.49985694226774,"Transport, extracellular"
HMR_8023,0.7814957034537049,0,-1.8299665117419288,-14.919969674105197,"Transport, extracellular"
HMR_8395,-1,0,NA,0.30855442638396197,Inositol phosphate metabolism
HMR_8399,-0.33450800657159163,0,0.14396801419622535,0.28869839086312565,Inositol phosphate metabolism
HMR_8501,0.9267354397737747,0,337.6866959196687,12.84061462725075,Pyruvate metabolism
HMR_8505,-0.4799592869102117,0,0.9013201029132409,2.5650242821565583,"Transport, mitochondrial"
HMR_8562,-0.7795740882795089,0,0.7924458937340214,6.3976878573185765,"Transport, mitochondrial"
HMR_8590,-0.9485433595190511,0,0.43182640365704866,16.352262087970228,"Transport, lysosomal"
HMR_8761,-0.6874903605067084,0,0.17546407433164132,0.9474713628992983,Galactose metabolism
HMR_8762,-0.6874903605067041,0,0.17546407433164424,0.9474713628992983,Galactose metabolism
HMR_9174,-1,0,NA,1.0068704354129543,"Transport, mitochondrial"
HMR_9175,1,0,NA,-1.0068704354129543,"Transport, extracellular"
HMR_9177,-0.45342910905310074,0,0.49040591799826044,1.304076467072278,"Transport, endoplasmic reticular"
HMR_9178,0.3860059302253653,0,-0.8276772484331625,-1.868365886761807,"Transport, extracellular"
HMR_9188,-0.928314898105228,0,-910.0566958702087,-33.831355572462876,"Transport, extracellular"
HMR_9561,-0.6868471252429076,0,4.210807570015726,22.682176077552466,Miscellaneous
HMR_9581,-0.9204644607726384,0,0.40870559397275863,9.868601832193706,"Transport, extracellular"
HMR_9582,-0.9204644607726384,0,0.40870559397275863,9.868601832193706,"Transport, extracellular"
HMR_9583,-0.9189211223356525,0,1.2503551206975978,29.59257602775395,"Transport, extracellular"
HMR_9584,-0.9189211223356525,0,1.2503551206975978,29.59257602775395,"Transport, extracellular"
HMR_9590,-0.91309226604831,0,26.034106951015414,573.0864952611446,"Transport, extracellular"
HMR_9619,0.36368408777604444,1.0127375851725316e-10,24.3212398202172,11.34866355143736,"Transport, extracellular"
HMR_9621,-0.5142682352096828,0,0.33520701636869055,1.0450074998196595,"Transport, extracellular"
HMR_9627,-0.9268483234608754,0,0.4163459673419657,10.966741530845093,"Transport, endoplasmic reticular"
HMR_9639,0.48278159977144713,0,560.0341433023452,195.34904109739065,"Transport, extracellular"
HMR_9674,-0.4261911408167333,0,3.190902295192399,7.9309277153591395,"Transport, nuclear"
HMR_9676,-0.7795740882795089,0,0.7924458937340214,6.3976878573185765,"Transport, mitochondrial"
HMR_9718,1,0,0.7520927048616508,NA,"Glycine, serine, alanine, and threonine metabolism"
HMR_9726,-0.8432235362966499,0,6.244968856432138,73.42220450510979,Folate metabolism
HMR_9797,1,0,11.897659748194693,NA,Purine catabolism
HMR_9803,-0.5113343201791309,0,1.3106501185763824,4.053549466943228,Propanoate metabolism
HMR_9804,0.5113343201791309,0,-1.3106501185763824,-4.053549466943228,Propanoate metabolism
HMR_9805,-0.9499819397038528,0,2.923220456783194,113.96337768298388,Glycerophospholipid metabolism
HMR_2957,-0.5862642092960507,0,0.21322509381753588,0.8175056218149926,Fatty acid synthesis
HMR_0980,0.33094413557087254,0,-0.4805005578886863,-0.9558535148722597,Arachidonic acid metabolism
HMR_1467,-0.5402752883326276,0,0.2741794612226542,0.9186189864754677,Cholesterol metabolism
CA24GSr,-0.6669793876696435,0,4.091049105271877,20.478295576693675,Bile acid synthesis
CA24Gtr,0.6669793876695929,0,-4.0910491052726226,-20.478295576693675,"Transport, extracellular"
DM_hdca24g[c],0.928314898105228,0,910.0566958702087,33.831355572462876,Exchange/demand reaction
HDCA24GSr,0.928314898105228,0,910.0566958702087,33.831355572462876,Bile acid synthesis
HDCA24Gtr,-0.928314898105228,0,-910.0566958702087,-33.831355572462876,"Transport, extracellular"
M02155tr,0.928314898105228,0,910.0566958702087,33.831355572462876,"Transport, extracellular"
2HATVACIDteb,-0.35423354393479356,0,0.19428113203938263,0.40742597186681667,Drug metabolism
2HATVACIDthc,-0.35423354393479356,0,0.19428113203938263,0.40742597186681667,Drug metabolism
2HATVLACteb,-0.34576771305605586,0,0.25880545249309544,0.532367522787687,Drug metabolism
3HLVSTAChep,-0.8555887605485113,0,0.4190052235546825,5.383939549250715,Drug metabolism
3HLVSTACtbc,-0.8555887605485113,0,0.4190052235546825,5.383939549250715,Drug metabolism
3HPVSTETCOAhcx,-0.35354158694348875,0,0.3152537594095378,0.6600719631500644,Drug metabolism
3HSMVACIDhep,-0.41273640811808715,0,0.34824822851071247,0.8377548996407713,Drug metabolism
3HSMVACIDteb,-0.41273640811808715,0,0.34824822851071247,0.8377548996407713,Drug metabolism
3HSMVhep,-0.41273640811808715,0,0.34824822851071247,0.8377548996407713,Drug metabolism
4HATVACIDhc,-0.7313641445636927,0,0.3286970102032279,2.118459641088698,Drug metabolism
4HATVACIDteb,-0.7313641445636927,0,0.3286970102032279,2.118459641088698,Drug metabolism
4HATVLACthc,-1,0,NA,2.3771813961998096,Drug metabolism
ACMPShc,-0.6054189697749899,0,0.13935375232280045,0.5669840675330293,Drug metabolism
ACMPthc,-0.48192974473166084,0,0.29191005277024523,0.8350029471627378,Drug metabolism
ATVACIDMCTtu,0.7302999173889828,0,-99.32160883636512,-637.2121576705932,Drug metabolism
ATVACIDhc,-0.507417777435866,0,7.601191656563589,23.261439223599435,Drug metabolism
ATVACIDtdu,-1,0,NA,614.7874714032173,Drug metabolism
ATVACIDtu,-0.35952102175121364,0,0.3941995293527507,0.8367527508628496,Drug metabolism
ATVLACThc,-0.45522625957012497,0,9.161095776718389,24.471567095355688,Drug metabolism
ATVLACtu,0.39256385666398413,0,1.036143500673963,0.45196563804250617,Drug metabolism
CRVS23M24hc,-0.3746668423276879,0,4.090725470941409,8.992621927966347,Drug metabolism
CRVSM1hr,-0.9406819286744582,0,1.3227631552181438,43.27623090036139,Drug metabolism
CRVSM23hc,-0.3746668423276879,0,4.090725470941409,8.992621927966347,Drug metabolism
CRVSM23hr,-0.5395223986541665,0,6.019241365016662,20.124229446263985,Drug metabolism
CRVSM24tev,-0.3746668423276879,0,4.090725470941409,8.992621927966347,Drug metabolism
CRVSthc,-0.3746668423276856,0,4.090725470941409,8.9926219279662991,Drug metabolism
CVM1GLUChc,-0.9406819286744582,0,1.3227631552181438,43.27623090036139,Drug metabolism
CVM23GLUChc,-0.5395223986541665,0,6.019241365016662,20.124229446263985,Drug metabolism
EX_3hlvstacid[e],-0.8555887605485113,0,0.4190052235546825,5.383939549250715,Exchange/demand reaction
EX_3hsmvacid[e],-0.41273640811808715,0,0.34824822851071247,0.8377548996407713,Exchange/demand reaction
EX_4hatvacid[e],-0.7313641445636927,0,0.3286970102032279,2.118459641088698,Exchange/demand reaction
EX_4hatvlac[e],0.7313641445636927,0,-0.3286970102032279,-2.118459641088698,Exchange/demand reaction
EX_acmp[e],0.6054189697749899,0,-0.13935375232280045,-0.5669840675330293,Exchange/demand reaction
EX_atvacid[e],-0.507417777435866,0,7.601191656563589,23.261439223599435,Exchange/demand reaction
EX_atvlac[e],0.49447409663152125,0,-8.124952290051803,-24.019601474305986,Exchange/demand reaction
EX_crvs[e],0.3746668423276856,0,-4.090725470941409,-8.9926219279662991,Exchange/demand reaction
EX_crvsm24[e],-0.3746668423276879,0,4.090725470941409,8.992621927966347,Exchange/demand reaction
EX_ibup_R[e],0.6602783819009682,0,-0.3006406389719279,-1.4692828687177621,Exchange/demand reaction
EX_ibup_S[e],1,0,0.3006406389719279,NA,Exchange/demand reaction
EX_lvst[e],0.3468742998436306,0,-2.8947203578574117,-5.969485589525662,Exchange/demand reaction
EX_ptvst[e],0.538161617527082,1.084203137815943e-9,10.126236638200917,3.0404378163092276,Exchange/demand reaction
EX_ptvstlac[e],-0.538161617527082,1.084203137815943e-9,-10.126236638200917,-3.0404378163092276,Exchange/demand reaction
EX_sulpacmp[e],-0.6054189697749899,0,0.13935375232280045,0.5669840675330293,Exchange/demand reaction
IBUP_RASCL1hep,-0.6602783819009682,0,0.3006406389719279,1.4692828687177621,Drug metabolism
IBUP_Rshep,-0.6602783819009682,0,0.3006406389719279,1.4692828687177621,Drug metabolism
IBUP_Rtdu,-0.6602783819009682,0,0.3006406389719279,1.4692828687177621,Drug metabolism
IBUP_SACOT2,1,0,0.3006406389719279,NA,Drug metabolism
IBUP_Stdu,-1,0,-0.3006406389719279,NA,Drug metabolism
LSTNRATt,1,0,0.3364789587195702,NA,Drug metabolism
LVSTACIDhep,0.6174478347721221,0,2.4757151307248466,0.5855460456810601,Drug metabolism
LVSTACIDtu,0.6174478347721837,0,2.4757151307248466,0.5855460456809436,Drug metabolism
LVSTOXD3Hhep,-0.8555887605485113,0,0.4190052235546825,5.383939549250715,Drug metabolism
LVSTPGPtu,-0.4864615292289137,0,0.1830958126000125,0.5299795382109646,Drug metabolism
LVSTtu,-0.3572672506837612,0,3.0778161689734786,6.499465126394667,Drug metabolism
MDZtd,-0.4341472407136721,0,0.25213726243814544,0.6390389607056605,Drug metabolism
MDZtu,-0.4341472407136721,0,0.25213726243814544,0.6390389607056605,Drug metabolism
PTVSTLACtev,-0.538161617527033,1.084203137815943e-9,-10.126236638199519,-3.0404378163092276,Drug metabolism
PTVSThc,0.538161617527082,1.084203137815943e-9,10.126236638200917,3.0404378163092276,Drug metabolism
PTVSTtep,0.538161617527082,1.084203137815943e-9,10.126236638200917,3.0404378163092276,Drug metabolism
RSVGLUChc,-0.8711427381884191,0,4.460014411260106,64.76409214754105,Drug metabolism
RSVLAChv,-0.8711427381884191,0,4.460014411260106,64.76409214754105,Drug metabolism
RSVSPONhc,-0.8711427381884191,0,4.460014411260106,64.76409214754105,Drug metabolism
SMVACIDhep,-0.8398485825642784,0,1.9002515542981693,21.83043512614728,Drug metabolism
SMVGLUChep,-0.8398485825642784,0,1.9002515542981693,21.83043512614728,Drug metabolism
SULPACMPtev,-0.6054189697749899,0,0.13935375232280045,0.5669840675330293,Drug metabolism
TACRDtsc,-0.3737533362819335,0,0.1741259655283605,0.3819679048790713,Drug metabolism
TACRtu,-0.3737533362819335,0,0.1741259655283605,0.3819679048790713,Drug metabolism
3HLVSTitr,-0.8555887605485113,0,0.4190052235546825,5.383939549250715,Drug metabolism
3HPVSCOAitx,-0.35354158694348875,0,0.3152537594095378,0.6600719631500644,Drug metabolism
3HPVSTETCOAitx,-0.35354158694348875,0,0.3152537594095378,0.6600719631500644,Drug metabolism
3HSMVitr,-0.41273640811808715,0,0.34824822851071247,0.8377548996407713,Drug metabolism
CRVSitr,-0.3746668423276856,0,4.090725470941409,8.9926219279662991,Drug metabolism
CRVSM24itr,-0.3746668423276879,0,4.090725470941409,8.992621927966347,Drug metabolism
LVSTitr,-0.8555887605485113,0,0.4190052235546825,5.383939549250715,Drug metabolism
EX_lvstacid[e],0.6174478347721837,0,2.4757151307248466,0.5855460456809436,Xenobiotics metabolism
PTVSTLACitr,-0.538161617527082,1.084203137815943e-9,-10.126236638200917,-3.0404378163092276,Drug metabolism
RSVLACitr,0.8711427381884191,0,-4.460014411260106,-64.76409214754105,Drug metabolism
H2O2itr,-1,0,-314.778189857316,NA,Drug metabolism
RSVitr,-0.8711427381884191,0,4.460014411260106,64.76409214754105,Drug metabolism
PTVSTitr,-0.538161617527082,1.084203137815943e-9,-10.126236638200917,-3.0404378163092276,Drug metabolism
EX_caproic[e],0.8700462891033899,0,-2.164365649285377,-31.145428035749493,Exchange/demand reaction
EX_M00234[e],0.9301455685560479,0,-1.6374524150276542,-45.244395484384896,Exchange/demand reaction
EX_M01807[e],-0.9301455685560786,0,1.6374524150269063,45.244395484384896,Exchange/demand reaction
EX_M00503[e],-0.9301455685560786,0,1.6374524150269063,45.244395484384896,Exchange/demand reaction
EX_M00315[e],1.7484380610359407,0,0.061346902079326665,-0.2252800457102483,Exchange/demand reaction
EX_M01207[e],-1.5022422401046296,0,-0.10421672766983729,0.5192225529390394,Exchange/demand reaction
EX_M02053[e],0.6324759893940571,0,-0.29977340437229943,-1.3315399015423708,Exchange/demand reaction
EX_M02613[e],0.5957385257190441,0,-0.48391291724577423,-1.9101461164847648,Exchange/demand reaction
EX_M02745[e],-0.6298574937923674,0,0.19464029920458198,0.8570643601646283,Exchange/demand reaction
EX_M02108[e],0.6722607968354346,0,-0.2889843907934642,-1.4745177353062229,Exchange/demand reaction
EX_M03117[e],0.5225067333457152,0,-0.2425672908957029,-0.7734356889801443,Exchange/demand reaction
EX_ditp[e],0.8107891822793691,0,-0.38383699406256694,-3.673404538811107,Exchange/demand reaction
EX_itacon[e],1,0,NA,-1.0068704354105211,Exchange/demand reaction
EX_M02155[e],-0.928314898105228,0,-910.0566958702087,-33.831355572462876,Exchange/demand reaction
EX_M02837[e],0.6868471252429076,0,-4.210807570015726,-22.682176077552466,Exchange/demand reaction
sink_ala_L[c],1,0,250.32073546248375,NA,Exchange/demand reaction
sink_asn_L[c],-1,0,-563.0114807952881,NA,Exchange/demand reaction
sink_4abut[l],-0.7921840173229788,0,-513.8669938678264,-59.58638915631175,Exchange/demand reaction
DM_btn[m],-0.7488941644526357,0,1.2826988981448486,8.933701651438575,Exchange/demand reaction
24_25DHVITD2t,-0.5150787217872878,0,2.6586982448022254,8.306785697669687,"Transport, extracellular"
24_25DHVITD2tm,-0.5150787217872878,0,2.6586982448022254,8.306785697669687,"Transport, mitochondrial"
24_25VITD2Hm,-0.5150787217872878,0,2.6586982448022254,8.306785697669687,Vitamin D metabolism
2DR1PP,-1,0,NA,1.6383078320071007,Pyrimidine catabolism
5MTHFt2,1,0,NA,-503.48984545283315,"Transport, extracellular"
AACTOOR,1,0,938.2883890747071,NA,"Glycine, serine, alanine, and threonine metabolism"
ADKd,1.1039105468952963,0,383.1867922943043,-18.925305169990704,Nucleotide interconversion
AMPTASECGe,-1,0,NA,197.9146515076399,Glutathione metabolism
ASCBt,-1,0,NA,301.7114257305462,"Transport, extracellular"
ASNNm,-0.7011297065863886,0,13.889877005564259,79.05932076794505,Alanine and aspartate metabolism
ASNtm,-0.7011297065863886,0,13.889877005564259,79.05932076794505,"Transport, mitochondrial"
ASPDt6,-0.7435045583816645,0,4.058060211397396,27.584297140401315,"Transport, extracellular"
BZt,0.9095237361025554,0,-4.860930517974938,-102.59113057696223,"Transport, extracellular"
BZtr,0.8489356547768762,0,-2.966156349304554,-36.30394865030348,"Transport, endoplasmic reticular"
CHOLtu,-0.59541332043077555,0,88.89993884043693,350.56059374601097,"Transport, extracellular"
CITt4_2,1,0,NA,-754.7091224311829,"Transport, extracellular"
COKECBESr,-0.8489356547768762,0,2.966156349304554,36.30394865030348,Alkaloid synthesis
CYANtm,-0.40557905157145874,0,2.4528664194888026,5.800094469502059,"Transport, mitochondrial"
DNDPt28m,-1,0,NA,28.418618524739145,"Transport, mitochondrial"
DURIt,-1,0,NA,450.6405184375763,"Transport, extracellular"
EX_2425dhvitd2[e],-0.5150787217872878,0,2.6586982448022254,8.306785697669687,Exchange/demand reaction
EX_atp[e],1,0,NA,-322.52876325798036,Exchange/demand reaction
EX_crn[e],0.44308258435024345,0,-161.77595923027172,-419.19333598032034,Exchange/demand reaction
EX_dag_hs[e],0.9163856759232264,0,103.22469640347511,4.503823695952382,Exchange/demand reaction
EX_dlnlcg[e],1.4261656896343136,0,0.07584171261767879,-0.43176765627005226,Exchange/demand reaction
EX_eicostet[e],17.990862228392775,0,0.20963201539325102,-0.18755486977741528,Exchange/demand reaction
EX_fucgalfucgalacglcgalgluside_hs[e],1,0,1.1001993516862505,NA,Exchange/demand reaction
EX_leuktrB4[e],-1,0,NA,94.8129728744924,Exchange/demand reaction
EX_spc_hs[e],0.3662761622935431,0,-33.71076285749299,-72.67867952011228,Exchange/demand reaction
EX_tethex3[e],-1,0,NA,0.4051449381964081,Exchange/demand reaction
EX_xylt[e],-0.7515535417747863,0,25.450527689903353,179.42683600213826,Exchange/demand reaction
FATP4t,-0.9857287325848709,0,-325.7467266749144,-2.341114659669157,"Transport, extracellular"
FOLt2,-0.38197839273557654,0,-673.9872414937884,-301.4075187088728,"Transport, extracellular"
FUCGALFUCGALACGLCGALGLUSIDEte,-1,0,-1.1001993516862505,NA,"Transport, extracellular"
GLUt6,-0.5283666766356939,0,41.449234853732584,134.3196635695696,"Transport, extracellular"
GLYBt4_2_r,0.33043893918347,0,-211.45771249830722,-420.17314202132223,"Transport, extracellular"
HDCAtr,-0.3649843958700463,0,308.4355613621533,662.9911543159485,"Transport, extracellular"
HDCEAtr,-14.203634101502933,0,-10.551328959417042,9.16332805266357,"Transport, extracellular"
HMGCOAtm,0.41012613098234757,0,837.0454471641541,350.1468596418142,"Transport, mitochondrial"
LEUKTRD4t,1,0,56.708548858906326,NA,"Transport, extracellular"
LNLCt,-19.494028043220805,0,-166.79140238443017,184.82872794645877,"Transport, extracellular"
LNLNCAt,0.3481988934791674,0,-3.0316928648225026,-6.270816242610579,"Transport, extracellular"
LYSt4,0.5743844511540129,0,529.7009111770153,143.19815205845833,"Transport, extracellular"
MCD,-0.394845321484607,0,2.670077825748671,6.1543696107285255,Fatty acid oxidation
MCDm,-0.45849153372241824,0,0.5112344048207881,1.376951788592207,Fatty acid oxidation
MCDp,0.6824437030066783,0,11.799124175466273,2.2270499596684443,Fatty acid oxidation
MMCDm,-0.6661620148687163,0,0.49284353657954527,2.4597475916333322,"Valine, leucine, and isoleucine metabolism"
NICRNTtn,-0.3643110039132504,0,0.4674303935261154,1.0031956402846924,"Transport, nuclear"
NMNATn,-0.5544192516995247,0,0.3858743036669504,1.346131870920906,NAD metabolism
NMNATr,1,0,NA,-970.2094093566894,NAD metabolism
NMNtn,-0.5544192516995247,0,0.3858743036669504,1.346131870920906,"Transport, nuclear"
NNATn,-0.3643110039132504,0,0.4674303935261154,1.0031956402846924,NAD metabolism
PMI12346PH,-0.611173073089135,0,0.21942850072211922,0.9092407633405586,Inositol phosphate metabolism
SARCOXp,-1,0,NA,64.25903518174887,"Glycine, serine, alanine, and threonine metabolism"
SARCStp,-1,0,NA,64.25903518174887,"Transport, peroxisomal"
SMPD4,-0.3662761622935431,0,33.71076285749299,72.67867952011228,Sphingolipid metabolism
SPC_HSt,0.3662761622935431,0,-33.71076285749299,-72.67867952011228,"Transport, extracellular"
STS2,0.5700836028609404,0,100.26404226430952,27.454051322060778,Steroid metabolism
TCYNTtm,-0.40557905157145874,0,2.4528664194888026,5.800094469502059,"Transport, mitochondrial"
THMMPt4,1,0,NA,-806.3609694480896,"Transport, extracellular"
TRDR2,-0.6836582716959502,0,0.006504644209200842,0.034619517589327006,Miscellaneous
TRDR3,-0.3437139339095924,0,0.05226271081277723,0.10700536910887604,Miscellaneous
VLCS2r,-0.5422265332426877,0,0.14566937198130037,0.4907562077411989,Bile acid synthesis
VLCSr,-0.5811009212575973,0,0.4438005952652587,1.6750896949574563,Bile acid synthesis
XYLTD_Dr,-1,0,NA,1.8655498787109637,Pentose phosphate pathway
XYLTt,0.7515535417747863,0,-25.450527689903353,-179.42683600213826,"Transport, extracellular"
r0142,0.46533239147263705,0,4.863515223581003,1.7745898942526968,Methionine and cysteine metabolism
r0179,1,0,663.0786620504856,NA,Glutamate metabolism
r0311,-0.5374950408150093,0,0.4135814149939655,1.3748595812831923,Fatty acid oxidation
r0433,0.6824437030066783,0,11.799124175466273,2.2270499596684443,Fatty acid oxidation
r0443,-1,0,NA,1.891540188886696,Fatty acid oxidation
r0444,-0.4916329718856563,0,0.367355694847421,1.0778823891803027,Fatty acid oxidation
r0552,0.7559547243631661,0,-51.54654074610425,-370.88770315879435,"Glycine, serine, alanine, and threonine metabolism"
r0553,-0.500971517461227,0,263.00425321318505,791.0608449357986,"Glycine, serine, alanine, and threonine metabolism"
r0571,0.6661620148693895,0,-0.49284353657954527,-2.4597475916392866,"Valine, leucine, and isoleucine metabolism"
r0573,-0.4227836475514592,0,0.27611585617494877,0.6805994378518768,Bile acid synthesis
r0650,-0.3873263391383994,0,0.2833152477326337,0.6415335448014164,Bile acid synthesis
r0651,-0.7167700029455851,0,0.19364278637731622,1.1737461794186554,Bile acid synthesis
r0653,-0.9283346541046443,0,10.82016005882239,291.1433600676775,Fatty acid oxidation
r0714,-0.9283346541046443,0,10.82016005882239,291.1433600676775,Fatty acid oxidation
r0716,-0.9283346541046443,0,10.82016005882239,291.1433600676775,Miscellaneous
r0839,-1.6277595389774553,0,-140.572723269624,588.4280390123367,"Transport, extracellular"
r0983,-0.41620293701412997,0,0.825422894782185,2.002350477562318,"Transport, endoplasmic reticular"
r0984,0.41620293701412997,0,-0.825422894782185,-2.002350477562318,"Transport, lysosomal"
r0989,-0.4227836475514592,0,0.27611585617494877,0.6805994378518768,"Transport, endoplasmic reticular"
r0994,-0.3873263391383994,0,0.2833152477326337,0.6415335448014164,"Transport, endoplasmic reticular"
r1000,-0.4916329718856563,0,0.367355694847421,1.0778823891803027,"Transport, endoplasmic reticular"
r1001,-1,0,-239.0943671024032,NA,"Transport, mitochondrial"
r1006,0.6824437030066783,0,11.799124175466273,2.2270499596684443,"Transport, peroxisomal"
r1008,-1,0,NA,1.891540188886696,"Transport, mitochondrial"
r1011,-0.5422265332426877,0,0.14566937198130037,0.4907562077411989,"Transport, endoplasmic reticular"
r1012,-0.5422265332426877,0,0.14566937198130037,0.4907562077411989,"Transport, peroxisomal"
r1013,-0.5811009212575973,0,0.4438005952652587,1.6750896949574563,"Transport, endoplasmic reticular"
r1018,-0.3873263391383994,0,0.2833152477326337,0.6415335448014164,"Transport, endoplasmic reticular"
r1252,-0.3350052634887836,0,0.36006477241283075,0.7228453700098005,Fatty acid oxidation
r1254,-0.7857839521246776,0,2.6598048765837214,22.173114066368434,Fatty acid oxidation
r1255,-0.4811434400881556,0,0.3473156696746999,0.9914576889341231,Fatty acid oxidation
r1257,-0.44736491745694223,0,0.23038208367231128,0.6033763618182042,Fatty acid oxidation
r1259,-0.5005393673164669,0,0.22926160668763634,0.6887751380938105,Fatty acid oxidation
r1260,0.3852972558829355,0,6.241916975471697,2.7697474149169747,Fatty acid oxidation
r1262,-0.5601774729533054,0,0.22028530409564992,0.7814155663659621,Fatty acid oxidation
r1487,-0.4916329718856563,0,0.367355694847421,1.0778823891803027,Fatty acid oxidation
r1495,-0.3462483952351057,0,0.3207853966545401,0.6605824327059788,"Transport, extracellular"
r1544,-1,0,NA,33.26165205395663,"Transport, extracellular"
r1546,1,0,NA,-412.7168846073628,"Transport, extracellular"
r1547,-1,0,NA,115.13748949332647,"Transport, extracellular"
r1548,1,0,NA,-772.0182023475647,"Transport, extracellular"
r1549,1,0,NA,-219.2472846708946,"Transport, extracellular"
r1551,1,0,NA,-172.4360637428976,"Transport, extracellular"
r1552,-1,0,NA,546.8953652385711,"Transport, extracellular"
r1553,-1,0,NA,527.2740299957752,"Transport, extracellular"
r1554,-1,0,NA,48.70912949987133,"Transport, extracellular"
r1557,-1,0,NA,752.1851169204712,"Transport, extracellular"
r1559,1,0,NA,-697.2064740560531,"Transport, extracellular"
r1560,1,0,NA,-348.4456751430586,"Transport, extracellular"
r1561,-1,0,NA,818.2402460735321,"Transport, extracellular"
r1562,1,0,NA,-372.7999369898796,"Transport, extracellular"
r1564,-1,0,NA,44.606609679384526,"Transport, extracellular"
r1565,1,0,NA,-346.0378786737617,"Transport, extracellular"
r1566,1,0,NA,-100.30420418742597,"Transport, extracellular"
r1567,1,0,NA,-235.07758781845476,"Transport, extracellular"
r1568,-1,0,NA,425.6452157423764,"Transport, extracellular"
r1569,1,0,NA,-71.13356317285597,"Transport, extracellular"
r1570,-1,0,NA,256.8240514355421,"Transport, extracellular"
r1571,1,0,NA,-110.70100087232971,"Transport, extracellular"
r1573,-1,0,NA,70.37617209289418,"Transport, extracellular"
r1574,-1,0,NA,118.64939241202579,"Transport, extracellular"
r1575,1,0,NA,-161.27452906288394,"Transport, extracellular"
r1576,1,0,NA,-844.0411065582275,"Transport, extracellular"
r1578,1,0,NA,-109.06399951675155,"Transport, extracellular"
r1579,-1,0,NA,870.552537664795,"Transport, extracellular"
r1580,1,0,NA,-519.9548675415992,"Transport, extracellular"
r1581,1,0,NA,-502.17122300186156,"Transport, extracellular"
r1583,1,0,NA,-420.2235053048134,"Transport, extracellular"
r1584,-1,0,NA,317.380111931172,"Transport, extracellular"
r1585,1,0,NA,-296.2922420902252,"Transport, extracellular"
r1586,-1,0,NA,168.2933722461909,"Transport, extracellular"
r1587,-1,0,NA,416.9463296014637,"Transport, extracellular"
r1588,-1,0,NA,568.2582381466389,"Transport, extracellular"
r1589,1,0,NA,-247.21962617595727,"Transport, extracellular"
r1590,1,0,NA,-401.91514619996843,"Transport, extracellular"
r1591,-1,0,NA,340.21664468915463,"Transport, extracellular"
r1592,1,0,NA,-850.8074657302857,"Transport, extracellular"
r1593,1,0,NA,-459.6512655816555,"Transport, extracellular"
r1594,1,0,NA,-143.34597365958692,"Transport, extracellular"
r1595,-1,0,NA,349.11724133960155,"Transport, extracellular"
r1596,1,0,NA,-120.81513454009043,"Transport, extracellular"
r1597,-1,0,NA,122.2035866256103,"Transport, extracellular"
r1598,1,0,NA,-129.2617231206339,"Transport, extracellular"
r1599,1,0,NA,-394.14000401272773,"Transport, extracellular"
r1600,1,0,NA,-476.67981458954813,"Transport, extracellular"
r1602,-1,0,NA,545.807155973959,"Transport, extracellular"
r1603,-1,0,NA,610.2218055053711,"Transport, extracellular"
r1604,1,0,NA,-466.7163938242555,"Transport, extracellular"
r1605,1,0,NA,-436.87668701491356,"Transport, extracellular"
r1606,1,0,NA,-387.88317679576875,"Transport, extracellular"
r1607,1,0,NA,-459.06508781781196,"Transport, extracellular"
r1608,1,0,NA,-156.803455355497,"Transport, extracellular"
r1609,1,0,NA,-119.92018994993698,"Transport, extracellular"
r1610,1,0,NA,-207.6769907158114,"Transport, extracellular"
r1611,1,0,NA,-208.4210164577417,"Transport, extracellular"
r1612,1,0,NA,-333.95245826877357,"Transport, extracellular"
r1613,-1,0,NA,485.82817186985017,"Transport, extracellular"
r1614,1,0,NA,-300.9114936457593,"Transport, extracellular"
r1615,1,0,NA,-371.82335299215316,"Transport, extracellular"
r1616,-1,0,NA,377.3193041283607,"Transport, extracellular"
r1617,-1,0,NA,467.2377862932682,"Transport, extracellular"
r1618,-1,0,NA,99.41832733825278,"Transport, extracellular"
r1619,-1,0,NA,216.3033535714224,"Transport, extracellular"
r1620,-1,0,NA,841.951257557106,"Transport, extracellular"
r1621,1,0,NA,-704.4637010379791,"Transport, extracellular"
r1622,1,0,NA,-69.37680947057251,"Transport, extracellular"
r1623,1,0,NA,-449.43624314205647,"Transport, extracellular"
r1624,-1,0,NA,420.51625850896835,"Transport, extracellular"
r1625,1,0,NA,-122.64984461034163,"Transport, extracellular"
r1626,1,0,NA,-101.63106674572062,"Transport, extracellular"
r1627,-1,0,NA,74.44896725600427,"Transport, extracellular"
r1628,1,0,NA,-121.35556125858575,"Transport, extracellular"
r1629,-1,0,NA,455.7073619144916,"Transport, extracellular"
r1630,-1,0,NA,90.87242926447047,"Transport, extracellular"
r1631,1,0,NA,-371.9656147133827,"Transport, extracellular"
r1632,1,0,NA,-297.79953375941216,"Transport, extracellular"
r1633,1,0,NA,-360.87486274828314,"Transport, extracellular"
r1634,1,0,NA,-426.8001943190575,"Transport, extracellular"
r1635,1,0,NA,-453.81133020998965,"Transport, extracellular"
r1636,1,0,NA,-350.74956754484174,"Transport, extracellular"
r1637,1,0,NA,-371.09293403410913,"Transport, extracellular"
r1638,-1,0,NA,67.83959167583012,"Transport, extracellular"
r1639,-1,0,NA,560.1789783196926,"Transport, extracellular"
r1640,-1,0,NA,867.1859957221985,"Transport, extracellular"
r1641,-1,0,NA,99.24317644310146,"Transport, extracellular"
r1642,1,0,NA,-410.44116269927025,"Transport, extracellular"
r1643,-1,0,NA,78.94045411777273,"Transport, extracellular"
r1644,-1,0,NA,216.8344105121821,"Transport, extracellular"
r1645,1,0,NA,-288.95691001229284,"Transport, extracellular"
r1646,-1,0,NA,58.297527757520605,"Transport, extracellular"
r1647,1,0,NA,-827.7705938293457,"Transport, extracellular"
r1648,-1,0,NA,484.3243802163124,"Transport, extracellular"
r1649,-1,0,NA,429.7279409371376,"Transport, extracellular"
r1650,-1,0,NA,147.66644382686914,"Transport, extracellular"
r1652,1,0,NA,-353.7550957921028,"Transport, extracellular"
r1653,-1,0,NA,464.63472793359756,"Transport, extracellular"
r1655,-1,0,NA,92.67142344737834,"Transport, extracellular"
r1656,-1,0,NA,464.825679691124,"Transport, extracellular"
r1657,-1,0,NA,95.74358935593366,"Transport, extracellular"
r1658,1,0,NA,-804.2634576103211,"Transport, extracellular"
r1659,1,0,NA,-288.00492114886043,"Transport, extracellular"
r1660,-1,0,NA,386.92634058308005,"Transport, extracellular"
r1661,-1,0,NA,114.69546967182029,"Transport, extracellular"
r1662,1,0,NA,-250.6172525165163,"Transport, extracellular"
r2317,1,0,NA,-94.8129728744924,"Transport, extracellular"
r2514,-0.4916329718856563,0,0.367355694847421,1.0778823891803027,"Transport, endoplasmic reticular"
RE0124C,1,0,NA,-997.8806966552735,Pentose phosphate pathway
RE1530M,-0.48460304027995177,0,0.360611027043729,1.0387415311848047,Pyrimidine synthesis
RE1691M,-0.40557905157145874,0,2.4528664194888026,5.800094469502059,Miscellaneous
RE1846C,-0.6463412823503202,0,0.4055780164464446,1.8880344195302867,Bile acid synthesis
RE2112R,-0.6463412823503202,0,0.4055780164464446,1.8880344195302867,Bile acid synthesis
RE2626C,-1,0,NA,962.616022064209,Bile acid synthesis
RE2635R,-0.6463412823503202,0,0.4055780164464446,1.8880344195302867,Bile acid synthesis
RE3079X,-0.43663376923696035,0,0.3386989829157823,0.863712395050691,Fatty acid oxidation
RE3238C,1,0,0.27177832042804756,NA,Fatty acid synthesis
RE3525M,-1,0,NA,0.48952641887759857,Arachidonic acid metabolism
EX_CE5786[e],-1,0,NA,316.21732507624404,Exchange/demand reaction
C140CPT1,-1.3523560808218225,0,-194.77282476243676,29.174745160142333,Fatty acid oxidation
C40CPT1,-1,0,-316.3565533809066,NA,Fatty acid oxidation
FAOXC15ATPx,-0.412321095990502,0,0.8415886054267343,2.0225217095255705,Fatty acid oxidation
FAOXC6DCC4DCx,1,0,0.47955854404706444,NA,Fatty acid oxidation
5MTHFt2le,-1,0,NA,503.48984545283315,"Transport, extracellular"
ASPte,0.8684266665118091,0,660.3634170837403,46.50234213450253,"Transport, extracellular"
GLU5SAtmc,1,0,901.5118200177193,NA,"Transport, mitochondrial"
q10tm,0.41347674442804194,0,-0.05876735495832509,-0.14162488661108072,"Transport, mitochondrial"
HKYNRtr,-1,0,NA,140.98845826267376,"Transport, extracellular"
EX_hLkynr[e],1,0,NA,-140.98845826267376,Exchange/demand reaction
ALAPAT4te,-0.5870462113329372,0,-69.16057976818672,-17.995773051684534,"Transport, extracellular"
TRPt,-1.3411703371729218,0,-101.26341515616066,14.75675346793749,"Transport, extracellular"
ODECRNte,-0.948919546225534,0,8.639452840668195,329.6289924168348,"Transport, extracellular"
STCRNte,-0.9699505427779487,0,7.467461655622372,489.5439552522659,"Transport, extracellular"
PMTCRNte,-0.9662113552722885,0,3.4831045135409897,202.68701811847686,"Transport, extracellular"
EX_stcrn[e],-0.9699505427779487,0,7.467461655622372,489.5439552522659,Exchange/demand reaction
TTDCRNNAt,-2.36246723826125,0,-130.66262581313256,52.944321630815,"Transport, extracellular"
3HPPt,-1,0,NA,4.053549466943228,"Transport, extracellular"
EX_3hpp[e],-1,0,NA,4.053549466943228,Exchange/demand reaction
EX_ttdcrn[e],-2.36246723826125,0,-130.66262581313256,52.944321630815,Exchange/demand reaction
GLYCLTtd,1.094742343973645,0,2.276638539685066,-50.33621663748622,"Transport, extracellular"
EX_glyclt[e],1.094742343973645,0,2.276638539685066,-50.33621663748622,Exchange/demand reaction
EX_bz[e],-0.9095237361025521,0,4.860930517975125,102.59113057696223,Exchange/demand reaction
MEPIt,-1,0,-31.434352606960402,NA,"Transport, extracellular"
EX_mepi[e],1,0,31.434352606960402,NA,Exchange/demand reaction
r2514e,-1.1872870359761531,0,-10.551328959417042,123.22681559331863,"Transport, extracellular"
DM_for[c],1,0,35.395648844844104,NA,Exchange/demand reaction
THMMPtrbc,-1,0,NA,806.3609694480896,"Transport, extracellular"
3HPPtm,1,0,NA,-4.053549466943228,"Transport, mitochondrial"
sink_C02528[c],1,0,NA,-1.8152797239741776,Exchange/demand reaction
sink_stcoa[c],1,0,956.8254957580566,NA,Exchange/demand reaction
sink_tdechola[c],-0.6463412823503202,0,0.4055780164464446,1.8880344195302867,Exchange/demand reaction
sink_thmpp[c],-0.9160192305666112,0,0.45741060389862687,10.435811903700127,Exchange/demand reaction
sink_xol7ah3[c],-0.7816453800482845,0,33.111537362707594,270.1706864805937,Exchange/demand reaction
EX_2obut[e],-1,0,-316.5714339529991,NA,Exchange/demand reaction
EX_glcn[e],-1,0,NA,997.8806966552735,Exchange/demand reaction
ADK1,0.49965761309330614,0,-217.0705004202269,-650.6173313552856,Nucleotide interconversion
DGK1,-1,0,-4.652259019468012,NA,Nucleotide interconversion
EX_asn_L[e],1,0,NA,-202.4596860206604,Exchange/demand reaction
EX_cytd[e],-1,0,NA,274.10928802194593,Exchange/demand reaction
EX_duri[e],1,0,NA,-450.6405184375763,Exchange/demand reaction
EX_glyb[e],-0.33043893918347,0,211.45771249830722,420.17314202132223,Exchange/demand reaction
EX_pi[e],1,0,NA,-835.1717826287806,Exchange/demand reaction
EX_ser_L[e],-1,0,-650.9328870174407,NA,Exchange/demand reaction
G5SADs,1,0,901.5118200177193,NA,Urea cycle
LEUTA,-0.8654290802202281,0,-458.2234468768835,-33.05596088573886,"Valine, leucine, and isoleucine metabolism"
NNATr,-0.413494389063703,0,0.2560707869486854,0.617137524016641,NAD metabolism
PSP_L,-1,0,NA,2.885388852481113,"Glycine, serine, alanine, and threonine metabolism"
URIDK3,1,0,NA,-966.8321230285644,Nucleotide interconversion
EX_ala_L[e],1,0,427.07081723278014,NA,Exchange/demand reaction
EX_thr_L[e],1,0,NA,-173.89674138183594,Exchange/demand reaction
EX_ptrc[e],-0.3661551056342216,0,166.36559787402152,358.5754384988785,Exchange/demand reaction
2OBUTt,1,0,316.5714339529991,NA,"Transport, extracellular"
MLTHFte2,1,0,NA,-812.2463082138062,"Transport, extracellular"
EGMEtr,-0.8489356547768762,0,2.966156349304554,36.30394865030348,"Transport, endoplasmic reticular"
EGMEte,-0.9095237361025521,0,4.860930517975125,102.59113057696223,"Transport, extracellular"
EX_egme[e],-0.9095237361025521,0,4.860930517975125,102.59113057696223,Exchange/demand reaction
GLCNte,-1,0,NA,997.8806966552735,"Transport, extracellular"
FDPte,1,0,968.3840281906128,NA,"Transport, extracellular"
EX_fdp[e],1,0,968.3840281906128,NA,Exchange/demand reaction
EX_coke[e],0.9095237361025521,0,-4.860930517975125,-102.59113057696223,Exchange/demand reaction
COKEte,-0.9095237361025521,0,4.860930517975125,102.59113057696223,"Transport, extracellular"
COKEtr,-0.8489356547768762,0,2.966156349304554,36.30394865030348,"Transport, endoplasmic reticular"
BGAL1l,-0.63759596557713,0,0.28016577719075286,1.2659857585498364,Sphingolipid metabolism
NEU21,1,0,0.1595701352756889,NA,Sphingolipid metabolism
NEU25,-0.5839853792644629,0,0.2678606659677229,1.0198857382049493,Sphingolipid metabolism
HMR_0200,-0.5740882294950905,0,0.4072407249023563,1.5050836253713205,Fatty acid synthesis
HMR_0204,-0.6305333274301066,0,0.10063236237675882,0.44411156094813486,Fatty acid synthesis
HMR_0209,-0.33917338200716335,0,0.48372290879178437,0.9802705067913267,Fatty acid synthesis
HMR_0233,-0.5490770951990986,0,0.12016682192297812,0.412814850303391,Fatty acid synthesis
HMR_0255,-0.3499420442301072,0,0.17280422095162648,0.3588536702189129,Fatty acid synthesis
HMR_0259,-0.575557098490036,0,0.20122066139237985,0.7469429699301531,Fatty acid synthesis
HMR_0267,-0.54181363584292,0,0.13389873332386631,0.4505740655129048,Fatty acid synthesis
HMR_0271,-0.4404824296413056,0,0.22573919563823583,0.5811673524207265,Fatty acid synthesis
HMR_0293,-0.392745746654015,0,0.27177832042804756,0.6233272105107404,Fatty acid synthesis
HMR_0301,-0.4734771909743921,0,0.24269780467118254,0.6791912398711545,Fatty acid synthesis
HMR_0319,-0.805187967503334,0,0.2775216107628206,2.5716002551318846,Fatty acid synthesis
HMR_0820,-0.5524012573623011,0,0.29271431455284147,1.0152174853797333,Glycosphingolipid metabolism
HMR_0824,-0.7481907666052334,0,0.16808274695948347,1.1669179175791087,Glycosphingolipid metabolism
HMR_0825,-0.6693015251659945,0,0.21829608144378584,1.101916124272372,Glycosphingolipid metabolism
HMR_0849,-0.5579276496858867,0,0.22868055868679074,0.8059037509824407,Glycosphingolipid metabolism
HMR_0868,1,0,1.1001993516862505,NA,Glycosphingolipid metabolism
HMR_0873,-1,0,-1.1001993516862505,NA,Glycosphingolipid metabolism
HMR_1623,1,0,NA,-436.2674117910147,"Transport, peroxisomal"
HMR_1631,0.5811009212575973,0,-0.4438005952652587,-1.6750896949574563,"Transport, endoplasmic reticular"
HMR_2633,-0.6755585374571054,0,13.843424472978072,71.4935380994171,Fatty acid oxidation
HMR_2657,0.49165673699048473,0,5.895029747585952,2.0089733670710586,Fatty acid oxidation
HMR_2666,1,0,70.72031302185357,NA,Fatty acid oxidation
HMR_2973,0.3789457804594033,0,4.11932102680346,1.8552736021907068,Fatty acid synthesis
HMR_2994,-0.39933909373869414,0,0.26511808760293937,0.6176365076748326,Fatty acid synthesis
HMR_3106,0.41497324637605,0,-221.08101199520826,-534.7169429725647,"Transport, peroxisomal"
HMR_3867,1,0,NA,-64.25903518174887,"Transport, peroxisomal"
HMR_4270,1,0,0.3464899959655013,NA,NAD metabolism
HMR_4696,-0.33043893918347,0,211.45771249830722,420.17314202132223,"Glycine, serine, alanine, and threonine metabolism"
HMR_6511,-1,0,NA,289.82829642736914,Vitamin B2 metabolism
HMR_6549,-0.38396623216151204,0,0.2995374387095246,0.672933404116278,Inositol phosphate metabolism
HMR_8643,-0.94442007022185,0,1.8947741661662862,66.28718193667049,Miscellaneous
HMR_9634,1,0,NA,-481.52483176727293,"Transport, endoplasmic reticular"
HMR_9716,-0.6463412823503202,0,0.4055780164464446,1.8880344195302867,"Transport, endoplasmic reticular"
PVSHtu,-1,0,NA,254.1279993180275,Drug metabolism
EX_M00008[e],0.4326419252159327,0,-0.34810879104174963,-0.8790132206586655,Exchange/demand reaction
EX_M00010[e],-0.8691457993642562,0,-1.4874588910206559,-0.10413325928305867,Exchange/demand reaction
DM_kynate[c],-0.9792729757136128,0,8.748384540003398,835.4041015213013,Exchange/demand reaction
NADH2_u10mi,-1,0,NA,36.603247163423276,Oxidative phosphorylation
35CGMPtn,-1,0,NA,0.8137609803889296,"Transport, nuclear"
3AIBTm,-1,0,NA,20.234029425262474,"Valine, leucine, and isoleucine metabolism"
3AIBtmi,-1,0,NA,20.234029425262474,"Transport, mitochondrial"
5ADTSTSTERONEte,0.4163196561884955,0,897.2437152050019,369.7636461410999,"Transport, extracellular"
AGTim,1,0,1.4797324922123458,NA,Alanine and aspartate metabolism
APAT2rm,-1,0,NA,4.142322394938772,Beta-Alanine metabolism
BALAtmr,-1,0,NA,4.142322394938772,"Transport, mitochondrial"
BPNT2,-1,0,NA,0.6992871164456763,Nucleotide interconversion
C161CPT12,-0.3350052634887836,0,0.36006477241283075,0.7228453700098005,Fatty acid oxidation
CAt7r,0.9733267460113438,0,-12.555525186409527,-928.8763069964409,"Transport, extracellular"
CLPNDCOAtx,-1,0,NA,6.181079538366786,"Transport, peroxisomal"
CORE6GTg,-1,0,NA,0.22598916557116536,O-glycan metabolism
DALAt2r,1,0,NA,-945.904857510376,"Transport, extracellular"
DCK2n,1,0,NA,-804.7027981201172,Nucleotide interconversion
DCYTt,1,0,NA,-408.4801328075409,"Transport, extracellular"
DGSNt,1,0,NA,-37.0329260714097,"Transport, extracellular"
DGULND,-1,0,-801.397091179657,NA,Pentose phosphate pathway
DHEAStr,0.9974991608731104,0,-0.6574396218430607,-525.1177810024261,"Transport, extracellular"
DM_dsT_antigen_g_,-1,0,NA,0.40871620535763215,Exchange/demand reaction
EX_3aib[e],-1,0,NA,20.234029425262474,Exchange/demand reaction
EX_5adtststerone[e],-0.4163196561884955,0,-897.2437152050019,-369.7636461410999,Exchange/demand reaction
EX_h2o2[e],0.504797291755063,0,-31.80809334941581,-96.65684765281678,Exchange/demand reaction
EX_leuktrD4[e],-1,0,NA,493.2134989758492,Exchange/demand reaction
EX_s2l2n2m2masn[e],-0.8189939358087366,0,3.5179867453301745,35.35349262801092,Exchange/demand reaction
EX_vacc[e],-1.0965576381259385,0,-0.24777761149328106,5.379999490618138,Exchange/demand reaction
EX_whhdca[e],1,0,NA,-2.263759295936767,Exchange/demand reaction
F1Atg,-1,0,NA,0.22598916557116536,"Transport, golgi apparatus"
FACOAL1812,-1,0,NA,1.0402954835329248,Fatty acid oxidation
FACOAL1813,-1,0,NA,0.7005556519717004,Fatty acid oxidation
FACOAL1821,-1,0,NA,1.7352090212345164,Fatty acid oxidation
FACOAL1822,-1,0,NA,0.623609464900208,Fatty acid oxidation
FACOAL1831,-0.6644409206356482,0,0.20416896708745044,1.0127193821964187,Fatty acid oxidation
FACOAL1832,-1,0,NA,1.1090707112794742,Fatty acid oxidation
FACOAL184,-1,0,NA,1.8630416469575393,Fatty acid oxidation
FACOAL200,-1,0,NA,1.7712463904543023,Fatty acid oxidation
FACOAL205,-1,0,NA,1.9202485591091054,Fatty acid oxidation
FACOAL2252,-1,0,NA,0.5516250509329373,Fatty acid oxidation
FACOAL226,-1,0,NA,2.064601827331794,Fatty acid oxidation
FACOAL240,-1,0,NA,0.5760822558250976,Fatty acid oxidation
FACOAL241,-1,0,NA,0.6756234980725742,Fatty acid oxidation
FATP2t,-0.39180362172205646,0,369.7345251907483,846.1047609214783,"Transport, extracellular"
FUCASEly,-0.36926464334198816,0,0.0688526143284433,0.14947227772537436,N-glycan degradation
GMPtn,1,0,NA,-0.8137609803889296,"Transport, nuclear"
GULN3D,-1,0,-801.397091179657,NA,Pentose phosphate pathway
LCYSTCBOXL,0.4545029923510409,0,38.30291957739331,14.36513236725197,Taurine and hypotaurine metabolism
LNELDCCPT1,-0.4627810155735176,0,4.197421525323863,11.429060959485918,Fatty acid oxidation
ME2m,-0.6136743583259815,0,1.218636681083043,5.090220664251172,Pyruvate metabolism
N4Tg,-1,0,NA,0.22598916557116536,O-glycan metabolism
NS26T2g,-1,0,NA,0.40871620535763215,O-glycan metabolism
NTD5m,-0.3356246655039054,0,0.3957637629107274,0.7956223177025764,Nucleotide interconversion
OCCOAtm,0.9243673416066136,0,262.5647285410762,10.319479025932763,"Transport, mitochondrial"
P5CRm,-0.7297093723708035,0,2.189978404491866,14.014641220693436,Arginine and proline metabolism
PAIL45P_HStn,-0.9155425961493395,0,-249.78717542676927,-11.013264019365982,"Transport, nuclear"
PDE4n,-1,0,NA,0.8137609803889296,Nucleotide interconversion
PE_HStm,-1,0,NA,4.1822955562200255,"Transport, mitochondrial"
PI345P3Pn,-0.4055714302802171,0,0.48371631417757927,1.1437839064312854,Inositol phosphate metabolism
PI45P3Kn,-0.4055714302802171,0,0.48371631417757927,1.1437839064312854,Inositol phosphate metabolism
PItn,1,0,NA,-980.8656638366699,"Transport, nuclear"
PRGNLONEtr,-8.891331848264404,0,-289.28879660875725,362.60691379638575,"Transport, endoplasmic reticular"
PROD2m,-0.6885800863158491,0,4.601826249804824,24.952007963071484,Arginine and proline metabolism
S23Tg,-1,0,NA,0.40871620535763215,O-glycan metabolism
S2L2FN2M2MASNtly,-0.36926464334198816,0,0.0688526143284433,0.14947227772537436,"Transport, lysosomal"
STS1r,-0.9974991608731104,0,0.6574396218430607,525.1177810024261,Steroid metabolism
STS2r,0.5499576975715209,0,73.06300477001668,21.214413103376963,Steroid metabolism
TMNDNCCPT1,0.9876215637926694,0,-3.3676410056496233,-540.7464860527039,Fatty acid oxidation
VACCt,1,0,NA,-5.385491672755239,"Transport, extracellular"
WHHDCAte,-1,0,NA,2.263759295936767,"Transport, extracellular"
EX_dha[e],0.8109088687035063,0,-0.3796719512081091,-3.6360843521669657,Exchange/demand reaction
EX_HC01577[e],-0.5225038350824631,0,242.44665523496866,773.0448734848022,Exchange/demand reaction
EX_HC01700[e],0.8784928911327982,0,426.64292690194844,27.596670081213443,Exchange/demand reaction
r0287,0.6359707945065823,0,151.63278686423303,33.74067747070492,Fatty acid oxidation
r0434,-0.38619626153592124,0,71.55385703792562,161.59512057167595,Fatty acid oxidation
r0648,-0.5225038350824631,0,242.44665523496866,773.0448734848022,Miscellaneous
r0649,0.8784928911327982,0,426.64292690194844,27.596670081213443,Miscellaneous
r0733,0.6359707945065823,0,151.63278686423303,33.74067747070492,Fatty acid oxidation
r0734,0.6359707945065823,0,151.63278686423303,33.74067747070492,Fatty acid oxidation
r0998,-0.38619626153592124,0,71.55385703792562,161.59512057167595,"Transport, endoplasmic reticular"
r1400,1.0671119159529086,0,6.395048637375611,-196.9736827464938,Fatty acid oxidation
r1468,-1.586585780006729,0,-309.4220711897284,70.17072017601994,"Transport, mitochondrial"
r2395,-0.6046206698074257,0,1.0679046229337401,4.334019764027025,"Transport, mitochondrial"
RE0915E,0.981172797976308,0,-2.0715570076155942,-217.9884396938324,Starch and sucrose metabolism
RE1099C,0.6485291760886578,0,-0.14509449755567375,-0.6805472780033326,Steroid metabolism
RE1100C,-0.4532536408475868,0,190.30196306103915,505.8232506707996,Steroid metabolism
RE1100R,0.4996813037417308,0,-220.69819383445977,-661.5322544178009,Steroid metabolism
RE1135R,8.891331848264404,0,289.28879660875725,-362.60691379638575,Steroid metabolism
RE1447N,-0.9155425961493395,0,-249.78717542676927,-11.013264019365982,Phosphatidylinositol phosphate metabolism
RE2069C,-1,0,-433.12717961103994,NA,Eicosanoid metabolism
RE2912M,-1,0,NA,3.6243467812024908,Fatty acid oxidation
RE3566C,1,0,433.12717961103994,NA,Eicosanoid metabolism
RE3567C,1,0,433.12717961103994,NA,Eicosanoid metabolism
ADPACDAc,-1,0,NA,1.9944292333949822,Fatty acid oxidation
C10DCc,-1,0,NA,2.6436723854154347,Fatty acid oxidation
C30CPT1,-1,0,NA,135.84130922698117,Fatty acid oxidation
C6DCc,-1,0,NA,1.9944292333949822,Fatty acid oxidation
C8DCc,-1,0,NA,1.609505946236779,Fatty acid oxidation
FAOXOHC16C16DCc,-1,0,NA,2.263759295936767,Fatty acid oxidation
SEBACACT,-1,0,NA,2.6436723854154347,Fatty acid oxidation
SUBERICACT,-1,0,NA,1.609505946236779,Fatty acid oxidation
CHSTEROLtrc,2.197146425110353,0,247.602223634094,-661.2562569930792,"Transport, endoplasmic reticular"
FE3MTP1,-0.35079327752021133,0,325.2066073391438,676.6518025582313,"Transport, extracellular"
CBASPte,-0.8920448976540152,0,22.06160332148038,386.6565182319641,"Transport, extracellular"
EX_cbasp[e],0.8920448976540152,0,-22.06160332148038,-386.6565182319641,Exchange/demand reaction
QULNtr,0.8460298087017003,0,101.42392840748131,8.459376758443433,"Transport, extracellular"
DHAPtr,-0.8109088687035063,0,0.3796719512081091,3.6360843521669657,"Transport, extracellular"
EX_quln[e],-0.8460298087017127,0,-101.42392840748131,-8.459376758442701,Exchange/demand reaction
EX_pmtcrn[e],-0.9662113552722885,0,3.4831045135409897,202.68701811847686,Exchange/demand reaction
EX_hdcecrn[e],1,0,NA,-91.81273696316704,Exchange/demand reaction
3MHISt2,-1,0,NA,55.826498348999024,"Transport, extracellular"
AMETt,-1.167819263439597,0,-41.67994806175423,538.4041882650375,"Transport, extracellular"
PSERtr,1,0,2.0321980290032227,NA,"Transport, extracellular"
EX_CE2510[e],1,0,NA,-0.6233272105107404,Exchange/demand reaction
EX_pser_L[e],1,0,2.0321980290032227,NA,Exchange/demand reaction
r2514m,-1,0,NA,3.6243467812024908,"Transport, mitochondrial"
sink_HC02193[c],0.42825374353824847,0,112.05987295175791,44.85884469031766,Exchange/demand reaction
sink_HC02197[c],-0.42825374353824847,0,-112.05987295175791,-44.85884469031766,Exchange/demand reaction
sink_fe3[c],0.35079327752021133,0,-325.2066073391438,-676.6518025582313,Exchange/demand reaction
sink_thcholstoic[c],1,0,NA,-6.767228586480953,Exchange/demand reaction
EX_adn[e],1,0,NA,-226.46326937339896,Exchange/demand reaction
EX_asp_L[e],1,0,172.0657295908181,NA,Exchange/demand reaction
EX_dcyt[e],-1,0,NA,408.4801328075409,Exchange/demand reaction
EX_dgsn[e],-1,0,NA,37.0329260714097,Exchange/demand reaction
H2Ot,-1,0,NA,703.982800995636,"Transport, extracellular"
NNDPR,0.8460298087017003,0,101.42392840748131,8.459376758443433,NAD metabolism
EX_phe_L[e],1,0,NA,-318.7934849897623,Exchange/demand reaction
EX_malttr[e],0.981172797976308,0,-2.0715570076155942,-217.9884396938324,Exchange/demand reaction
FACOAL161,-1,0,NA,1.45496525070076,Fatty acid oxidation
UGLT,1,0,NA,-264.22615453072785,Galactose metabolism
EX_btn[e],-1,0,-1.2826988981448486,NA,Exchange/demand reaction
EX_ade[e],1,0,361.6307487479832,NA,Exchange/demand reaction
EX_gm3_hs[e],1,0,NA,-333.35205996115207,Exchange/demand reaction
HMR_0157,1,0,316.3565533809066,NA,"Transport, mitochondrial"
HMR_1084,-0.7937578641111457,0,56.708548858906326,493.2134989758492,Leukotriene metabolism
HMR_1847,0.42825374353824847,0,112.05987295175791,44.85884469031766,Bile acid synthesis
HMR_6839,-0.529716620408521,0,0.30385037175063334,0.9883508198567713,Phenylalanine metabolism
HMR_7944,0.5499576975715209,0,73.06300477001668,21.214413103376963,"Transport, endoplasmic reticular"
HMR_7947,8.891331848264404,0,289.28879660875725,-362.60691379638575,"Transport, endoplasmic reticular"
HMR_7949,0.4996813037417308,0,-220.69819383445977,-661.5322544178009,"Transport, endoplasmic reticular"
HMR_9626,1.848362295320372,0,142.3110473186314,-477.8069742442608,"Transport, endoplasmic reticular"
HMR_9680,-1,0,-692.1537214398384,NA,"Transport, peroxisomal"
EX_tauribup_S[e],-1,0,NA,1.4692828687237227,Exchange/demand reaction
IBUP_SCONJhep,-1,0,NA,1.4692828687177621,Drug metabolism
TAURIBUP_Sthv,-1,0,NA,1.4692828687237227,Drug metabolism
EX_M01235[e],-0.3521426118022426,0,-0.10482712455194579,-0.05022623096981224,Exchange/demand reaction
EX_M01111[e],-0.7937578641111457,0,56.708548858906326,493.2134989758492,Exchange/demand reaction
sink_lys_L[c],1,0,NA,-261.4937738311768,Exchange/demand reaction
sink_arg_L[c],1,0,NA,-398.68172684173584,Exchange/demand reaction
ADCim,1,0,13.363286401935468,NA,Propanoate metabolism
CLPNDt,-4.187555831829429,0,-0.9322684016791509,0.5728434887137787,"Transport, extracellular"
EX_acetone[e],1,0,13.363286401935468,NA,Exchange/demand reaction
EX_gp1c_hs[e],-0.4434466554335635,0,0.08977685644383991,0.232840399638872,Exchange/demand reaction
G3PD2m,-1,0,NA,51.394805668240224,Glycolysis/gluconeogenesis
GP1Cte,-0.4434466554335635,0,0.08977685644383991,0.232840399638872,"Transport, extracellular"
GP1Ctg,0.4434466554335635,0,-0.08977685644383991,-0.232840399638872,"Transport, golgi apparatus"
HSD11B1r,1,0,NA,-203.20232403661888,Steroid metabolism
HSD11B2r,-1,0,NA,203.20232403661888,Steroid metabolism
LNELDCt,-1.2453068320744232,0,-6.426241725464293,0.7020871166911716,"Transport, extracellular"
MAOLNOR,-1,0,NA,1.7681868823678188,Tyrosine metabolism
PCRNtc,-1,0,NA,92.53686237000824,Fatty acid oxidation
PGISr,1,0,NA,-143.74867888189257,Eicosanoid metabolism
PROSTGI2tr,-1,0,NA,143.74867888189257,"Transport, endoplasmic reticular"
ST6GALNAC28,-0.4434466554335635,0,0.08977685644383991,0.232840399638872,Sphingolipid metabolism
EX_HC00229[e],-0.46789686111523454,0,116.02795070206523,320.08280386047363,Exchange/demand reaction
r0205,-1,0,NA,3.274290979408991,Oxidative phosphorylation
r0390,0.46789686111523454,0,-116.02795070206523,-320.08280386047363,Miscellaneous
r1030,-1,0,NA,140.98845826267376,"Transport, extracellular"
r2320,1,0,NA,-463.7969726769984,"Transport, extracellular"
RE1836C,1,0,9.80248979866404,NA,Bile acid synthesis
EX_C02470[e],-1,0,NA,140.98845826267376,Exchange/demand reaction
EX_HC00822[e],0.5205607619837063,0,-0.24369138129566031,-0.7728769842972222,Exchange/demand reaction
3HCO3_NAt,-1,0,NA,416.66782909492554,"Transport, extracellular"
DM_taur[c],0.3352006542906451,0,53.94750602701605,26.860582036237417,Exchange/demand reaction
15KPROSTGF2c,-1,0,NA,143.74867888189257,Eicosanoid metabolism
PROSTGI2c,1,0,NA,-143.74867888189257,"Transport, extracellular"
MLTHFtm,1,0,NA,-205.29558902934716,"Transport, mitochondrial"
CA2t,1,0,NA,-928.8763069964409,"Transport, extracellular"
PRO1x,-1,0,NA,338.3829230782747,"Transport, extracellular"
EX_fru[e],-1,0,NA,850.5103645019532,Exchange/demand reaction
NADN,0.4350919227343048,0,1.3753690786533448,0.5413988396453394,NAD metabolism
T4HCINNMte,-1,0,-0.01671714793397796,NA,"Transport, extracellular"
EX_T4hcinnm[e],-1,0,-0.01671714793397796,NA,Exchange/demand reaction
sink_34dhpac[c],-1,0,NA,559.5574157194137,Exchange/demand reaction
HMR_1701,-1,0,-9.80248979866404,NA,"Transport, peroxisomal"
34DHPLACOX,-1,0,NA,35.0963956806086,Tyrosine metabolism
34DHPLACOX_NADP_,1,0,NA,-792.9739375469208,Tyrosine metabolism
34DHXMANDACOX,-1,0,NA,3.0217389026666877,Tyrosine metabolism
3M4HDXPAC,-1,0,NA,1.456413757354593,Tyrosine metabolism
3MOX4HOXPGALDOX,-1,0,NA,45.79924691455085,Tyrosine metabolism
3MOXTYROX,-1,0,NA,1.456413757354593,Tyrosine metabolism
4HOXPACDOX_NADP_,1,0,NA,-85.59424634494036,Tyrosine metabolism
ABO4g,1,0,0.0775328843229977,NA,Blood group synthesis
ABO5g,1,0,0.07753288432299696,NA,Blood group synthesis
ABO6g,1,0,0.05143228354938542,NA,Blood group synthesis
ABO7g,1,0,0.05143228354938542,NA,Blood group synthesis
ABO9g,1,0,0.10313371247168998,NA,Blood group synthesis
ACGALFUCGALACGALFUC12GAL14ACGLCGALGLUSIDEte,-1,0,-0.07753288432299696,NA,"Transport, extracellular"
ACGALFUCGALACGALFUC12GAL14ACGLCGALGLUSIDEtg,1,0,0.07753288432299696,NA,"Transport, golgi apparatus"
ACGALFUCGALACGALFUCGALACGLCGAL14ACGLCGALGLUSIDEte,-1,0,-0.05143228354938542,NA,"Transport, extracellular"
ACGALFUCGALACGALFUCGALACGLCGAL14ACGLCGALGLUSIDEtg,1,0,0.05143228354938542,NA,"Transport, golgi apparatus"
ACN13ACNGALGBSIDEte,-0.5766558218722863,0,0.05313141347074125,0.19787670812772157,"Transport, extracellular"
ACN13ACNGALGBSIDEtg,0.5766558218722863,0,-0.05313141347074125,-0.19787670812772157,"Transport, golgi apparatus"
ACN23ACNGALGBSIDEte,-0.6684382835272463,0,0.1447372024260967,0.7283262137357663,"Transport, extracellular"
ACN23ACNGALGBSIDEtg,0.6684382835272463,0,-0.1447372024260967,-0.7283262137357663,"Transport, golgi apparatus"
ACSm,1,0,0.4464568763773219,NA,Glycolysis/gluconeogenesis
ASNS1,1,0,2.915287443995108,NA,Alanine and aspartate metabolism
B3GALT5g,-0.47739598919804266,0,0.3276287248766981,0.9262029262579279,Sphingolipid metabolism
B3GALTg,1,0,4.8376806817274405,NA,Blood group synthesis
B3GNT311g,1,0,0.07753288432299696,NA,Blood group synthesis
B3GNT313g,1,0,0.05143228354938542,NA,Blood group synthesis
B3GNT314g,1,0,0.10313371247168998,NA,Blood group synthesis
CYSGLTH,1,0,343.06237773973345,NA,Methionine and cysteine metabolism
EX_acgalfucgalacgalfuc12gal14acglcgalgluside_hs[e],1,0,0.07753288432299696,NA,Exchange/demand reaction
EX_acgalfucgalacgalfucgalacglcgal14acglcgalgluside_hs[e],1,0,0.05143228354938542,NA,Exchange/demand reaction
EX_acn13acngalgbside_hs[e],-0.5766558218722863,0,0.05313141347074125,0.19787670812772157,Exchange/demand reaction
EX_acn23acngalgbside_hs[e],-0.6684382835272463,0,0.1447372024260967,0.7283262137357663,Exchange/demand reaction
EX_chol[e],1,0,NA,-339.2096913223952,Exchange/demand reaction
EX_fuc14galacglcgalgluside_hs[e],1,0,4.8376806817274405,NA,Exchange/demand reaction
EX_fucgalgbside_hs[e],1,0,0.1297601081432258,NA,Exchange/demand reaction
EX_galgalfucfucgalacglcgalacglcgal14acglcgalgluside_hs[e],1,0,0.10313371247168998,NA,Exchange/demand reaction
EX_prostge2[e],2.009068664666821,0,155.91474961699248,-464.94178628247676,Exchange/demand reaction
EX_xoltri27[e],1.0078715711013657,0,1.0630475705792513,-271.1609878394127,Exchange/demand reaction
FADH2tx,-1,0,-7.326963360330905,NA,"Transport, peroxisomal"
FADtx,1,0,7.326963360330905,NA,"Transport, peroxisomal"
FUC14GALACGLCGALGLUSIDEte,-1,0,-4.8376806817274405,NA,"Transport, extracellular"
FUC14GALACGLCGALGLUSIDEtg,1,0,4.8376806817274405,NA,"Transport, golgi apparatus"
FUCGALGBSIDEte,1,0,0.1297601081432258,NA,"Transport, extracellular"
FUCGALGBSIDEtg,-1,0,-0.1297601081432258,NA,"Transport, golgi apparatus"
FUT11g,1,0,0.1297601081432258,NA,Sphingolipid metabolism
FUT12g,1,0,4.8376806817274405,NA,Blood group synthesis
FUT14g,1,0,0.07753288432299696,NA,Blood group synthesis
FUT15g,1,0,0.07753288432299696,NA,Blood group synthesis
FUT16g,1,0,0.05143228354938542,NA,Blood group synthesis
FUT17g,1,0,0.05143228354938542,NA,Blood group synthesis
FUT18g,1,0,0.10313371247168998,NA,Blood group synthesis
GALGALFUCFUCGALACGLCGALACGLCGAL14ACGLCGALGLUSIDEte,-1,0,-0.10313371247168998,NA,"Transport, extracellular"
GALGALFUCFUCGALACGLCGALACGLCGAL14ACGLCGALGLUSIDEtg,1,0,0.10313371247168998,NA,"Transport, golgi apparatus"
GCNTg,1,0,0.10313371247168998,NA,Blood group synthesis
GLUNm,0.47061177513205144,0,630.4574692756653,226.95096432545185,Glutamate metabolism
GLXtp,-1,0,NA,40.890506159064174,"Transport, peroxisomal"
GQ1Bte,-1,0,-0.7809642102879821,NA,"Transport, extracellular"
It,1,0,136.98448621807992,NA,"Transport, extracellular"
LPASE,-1,0,NA,113.96337768298388,Glycerophospholipid metabolism
OPAHir,-0.5934507766944662,0,0.49324397678151144,1.9332468317414409,Glutathione metabolism
S4T4g,-1,0,NA,0.2060262367078103,Chondroitin synthesis
SIAT4Bg,-0.6479430186479802,0,0.19786861720819435,0.9262029262579279,Sphingolipid metabolism
SO4OXAtex2,-0.8675381099201671,0,21.001279776081944,296.0903722217083,"Transport, extracellular"
ST6GALNAC21,-0.5766558218722863,0,0.05313141347074125,0.19787670812772157,Sphingolipid metabolism
ST6GALNAC22,-0.6684382835272463,0,0.1447372024260967,0.7283262137357663,Sphingolipid metabolism
THYOXt2,-1,0,NA,537.2867265700102,"Transport, extracellular"
TRIODTHYt2,-1,0,NA,494.59790350842474,"Transport, extracellular"
XOLTRI27te,1.0078715711013657,0,1.0630475705792513,-271.1609878394127,"Transport, extracellular"
r0068,1,0,0.7762167945512034,NA,Miscellaneous
r0097,1,0,0.7762167945512034,NA,Miscellaneous
r0221,1,0,0.30086804822610075,NA,Miscellaneous
r0319,1,0,0.30086804822610075,NA,Miscellaneous
r0394,1,0,962.9314983917236,NA,Nucleotide interconversion
r0545,-1,0,NA,10.258148369010375,Phenylalanine metabolism
r0546,-1,0,NA,0.7394100855713834,Miscellaneous
r0547,1,0,NA,-12.194861148237623,Phenylalanine metabolism
r0548,-1,0,NA,1.1973026892888767,Miscellaneous
r0752,1,0,NA,-332.2345599000454,Miscellaneous
r0753,-1,0,NA,332.23455990042686,Miscellaneous
r0754,1,0,NA,-586.6552051200866,Miscellaneous
r0755,-1,0,NA,586.6552051200866,Miscellaneous
r0756,1,0,NA,-376.1537520189285,Miscellaneous
r0757,-1,0,NA,376.1537520189285,Miscellaneous
r0974,-1,0,-30.171385427284616,NA,"Transport, extracellular"
RE0583C,1,0,NA,-76.49552504266016,Fatty acid synthesis
RE0691C,1,0,NA,-4.283216017865871,Urea cycle
RE1897C,-1,0,NA,4.283216017865871,Urea cycle
RE1898C,-1,0,NA,4.283216017865871,Urea cycle
PTCRTD,-1,0,-78.42027205349878,NA,"Transport, extracellular"
GLYNATm,-1,0,NA,1.9367127760079224,Phenylalanine metabolism
PHEACGLYsec,-1,0,NA,1.9367127760079224,"Transport, extracellular"
EX_pheacgly[e],-1,0,NA,1.9367127760079224,Exchange/demand reaction
PHEACGLYtm,-1,0,NA,1.9367127760079224,"Transport, mitochondrial"
PACCOALm,-1,0,NA,1.9367127760079224,Phenylalanine metabolism
PACALDtm,-1,0,NA,1.9367127760079224,"Transport, mitochondrial"
ACNAMt2,1,0,0.8217281048786286,NA,"Transport, extracellular"
PGP_hs_tm,1,0,2.632003213225852,NA,"Transport, mitochondrial"
CYTDt2r,1,0,NA,-170.47073361511826,"Transport, extracellular"
r0220,1,0,0.23627952812495304,NA,Miscellaneous
r0318,1,0,0.23627952812495304,NA,Miscellaneous
CITL,-1,0,NA,143.52912072371245,Citric acid cycle
CE4890te,1,0,NA,-320.41524435093385,"Transport, extracellular"
HMR_0906,1,0,0.8998712738193542,NA,Glycosphingolipid metabolism
HMR_0907,1,0,0.8998712738193542,NA,Glycosphingolipid metabolism
HMR_0908,1,0,0.8998712738193542,NA,Glycosphingolipid metabolism
HMR_0909,1,0,0.8998712738193542,NA,Glycosphingolipid metabolism
HMR_3953,1,0,NA,-502.75074775390624,"Transport, endoplasmic reticular"
HMR_6747,-1,0,NA,44.980855216480975,Phenylalanine metabolism
HMR_6790,-1,0,NA,85.59424634494036,Phenylalanine metabolism
HMR_8271,1,0,4.8376806817274405,NA,Blood group synthesis
HMR_9644,1,0,0.8998712738193542,NA,"Transport, extracellular"
EX_M01881[e],1,0,0.8998712738193542,NA,Exchange/demand reaction
sink_ile_L[c],-1,0,NA,141.03438108519407,Exchange/demand reaction
sink_phe_L[c],-1,0,-402.33036898105144,NA,Exchange/demand reaction
5ADTSTSTERONEtr,-1,0,-0.48694419887742113,NA,"Transport, endoplasmic reticular"
EX_nrpphr[e],-1,0,NA,1.6110672540378195,Exchange/demand reaction
EX_prostgf2[e],-1,0,-156.45747469475864,NA,Exchange/demand reaction
EX_thf[e],1,0,NA,-354.67018696506995,Exchange/demand reaction
PROSTGF2t,1,0,156.45747469475864,NA,"Transport, extracellular"
SRTNt6_2_r,1,0,1.58728506786715,NA,"Transport, extracellular"
r2313,1,0,152.95771176515146,NA,"Transport, extracellular"
RE3245C,-0.4530048932886534,0,-514.4121789307594,-193.65450591909885,Fatty acid synthesis
4MOPte,0.8654290802202281,0,458.2234468768835,33.05596088573886,"Transport, extracellular"
EX_4mop[e],-0.8654290802202281,0,-458.2234468768835,-33.05596088573886,Exchange/demand reaction
EX_hcys_L[e],-1,0,-968.4580591247559,NA,Exchange/demand reaction
ADPOHc,1,0,NA,-11.73642742782461,Lysine metabolism
ADPOHt,1,0,NA,-11.73642742782461,"Transport, extracellular"
EX_adpoh[e],1,0,NA,-11.73642742782461,Exchange/demand reaction
EX_propropro[e],0.7391237419974052,0,-86.1701213184774,-574.4505267868042,Exchange/demand reaction
PROPROPROt,-0.7391237419974052,0,86.1701213184774,574.4505267868042,"Transport, extracellular"
PROPROPROr,-0.7391237419974052,0,86.1701213184774,574.4505267868042,Peptide metabolism
HCYSte,1,0,968.4580591247559,NA,"Transport, extracellular"
EX_lys_L[e],-1,0,-204.5141551574707,NA,Exchange/demand reaction
LSTNtd,-1,0,NA,0.28570315791909817,Drug metabolism
ACHEe,0.7735499845844455,0,88.89993884043693,11.350902255836745,Glycerophospholipid metabolism
ALAtN1,-1,0,-910.0583561477661,NA,"Transport, extracellular"
ASNtN1,-1,0,-914.759489093399,NA,"Transport, extracellular"
ASPNATm,1,0,7.935600061528815,NA,Alanine and aspartate metabolism
CERT2gt,1,0,674.0471584314823,NA,"Transport, golgi apparatus"
DNDPt21m,1,0,3.1567541195128745,NA,"Transport, mitochondrial"
DNDPt31m,1,0,3.3877223163462067,NA,"Transport, mitochondrial"
DNDPt39m,1,0,810.8641277355194,NA,"Transport, mitochondrial"
DNDPt40m,1,0,142.8505276313901,NA,"Transport, mitochondrial"
DURIK1m,1,0,0.4065448008547011,NA,Nucleotide interconversion
ETHP,0.4152158903275494,0,6.141191067568926,2.537613501460549,Glycerophospholipid metabolism
EX_ach[e],-0.8338095061142576,0,-125.2501991722703,-11.350902255836745,Exchange/demand reaction
GLNtN1,-1,0,-897.3717151027679,NA,"Transport, extracellular"
H2Otp,1,0,471.81784507169726,NA,"Transport, peroxisomal"
HIStN1,-1,0,-858.8847739091873,NA,"Transport, extracellular"
HPYRtp,-1,0,-54.440460132212195,NA,"Transport, peroxisomal"
HSD17B2r,1,0,0.6574396218430607,NA,Steroid metabolism
ME1m,1,0,0.6576450695516362,NA,Pyruvate metabolism
NACASPAH,1,0,7.935600061528815,NA,Alanine and aspartate metabolism
NACASPtm,1,0,7.935600061528815,NA,"Transport, mitochondrial"
PPAn,1,0,268.9275375879288,NA,Miscellaneous
PTRCOX1,1,0,5.708277444422764,NA,Arginine and proline metabolism
SERtp,1,0,54.440460132212195,NA,"Transport, peroxisomal"
SPTix,1,0,54.440460132212195,NA,"Glycine, serine, alanine, and threonine metabolism"
TRIOK,1,0,8.793962085236982,NA,Fructose and mannose metabolism
r0139,0.9950858270966951,0,-1.1510612095468562,-467.31483618399204,Pyrimidine catabolism
r0818,1,0,953.7146552520752,NA,Pyruvate metabolism
r1088,-1,0,-344.7213191454053,NA,"Transport, extracellular"
r1143,1,0,450.9335817168474,NA,"Transport, extracellular"
r1144,1,0,400.19780504422187,NA,"Transport, extracellular"
r2308,-4.657309596947541,0,-57.51009576565475,88.9594955176767,"Transport, extracellular"
r2343,1,0,404.16877719442846,NA,"Transport, extracellular"
r2353,1,0,0.5912005403294083,NA,"Transport, extracellular"
r2411,-0.752826964773383,0,1.0332666335281615,7.327407762696536,"Transport, mitochondrial"
r2488,1,0,0.45089375711249885,NA,"Transport, extracellular"
r2489,1,0,0.8590946968363103,NA,"Transport, extracellular"
r2490,1,0,0.2772966123669292,NA,"Transport, extracellular"
RE2644C,-1,0,-455.525524305439,NA,Urea cycle
EX_cdp[e],-1,0,-245.2104825430615,NA,Exchange/demand reaction
EX_ahcys[e],-0.5859896138565368,0,70.24282909468748,269.0859966819048,Exchange/demand reaction
4TMEABUTNt1,-0.7814957034537249,0,1.8299665117417425,14.919969674105197,"Transport, extracellular"
CE1556td,1,0,455.525524305439,NA,"Transport, extracellular"
EX_CE1557[e],1,0,455.525524305439,NA,Exchange/demand reaction
EX_thrthrarg[e],-1,0,-53.62534795894623,NA,Exchange/demand reaction
THRTHRARGt,1,0,53.62534795894623,NA,"Transport, extracellular"
THRTHRARGr,1,0,53.62534795894623,NA,Peptide metabolism
DM_akg[c],1,0,64.67339102950395,NA,Exchange/demand reaction
MMAt2e,-1.0694533830104251,0,-1.5096124373394462,44.980855216480975,"Transport, extracellular"
4HBZtm,-1,0,-0.01671714793397796,NA,"Transport, mitochondrial"
GLUSIDEte,1,0,674.0471584314823,NA,"Transport, extracellular"
NEU22,1,0,0.39262820123019226,NA,Sphingolipid metabolism
NEU23,1,0,0.3754081691700117,NA,Sphingolipid metabolism
HMR_0847,1,0,0.7809642102879821,NA,Glycosphingolipid metabolism
HMR_6784,1,0,0.01671714793397796,NA,Phenylalanine metabolism
HMR_6785,1,0,0.01671714793397796,NA,Phenylalanine metabolism
HMR_6786,1,0,0.01671714793397796,NA,Phenylalanine metabolism
4HATVLACtep,-1,0,-0.653362878580176,NA,Drug metabolism
ATVACIDOATPtu,1,0,92.11461678061188,NA,Drug metabolism
PVStep,-1,0,-350.0339724786758,NA,Drug metabolism
sink_cys_L[c],1,0,300.17074426327906,NA,Exchange/demand reaction
EX_cmp[e],1,0,NA,-386.2629392200828,Exchange/demand reaction
GLCter,-1,0,NA,163.0235303363055,"Transport, endoplasmic reticular"
NADPN,-1,0,NA,4.789016559057434,NAD metabolism
SPHMYLNtg,1,0,NA,-4.729786629083871,"Transport, golgi apparatus"
r2196,1,0,NA,-407.5618224469986,"Transport, extracellular"
r2485,-1,0,NA,1.6110672540378195,"Transport, extracellular"
r2494,-1,0,NA,0.5409980690121389,"Transport, extracellular"
r2495,-1,0,NA,0.6181513199392037,"Transport, extracellular"
r2496,-1,0,NA,0.907269589132315,"Transport, extracellular"
RE2270E,1,0,NA,-316.21732507624404,Miscellaneous
RE2273E,1,0,NA,-113.9854391817391,Miscellaneous
RE2428M,-1,0,NA,120.56779450340868,"Glycine, serine, alanine, and threonine metabolism"
EX_CE5789[e],1,0,NA,-316.21732507624404,Exchange/demand reaction
EX_CE5797[e],-1,0,NA,113.9854391817391,Exchange/demand reaction
EX_CE5798[e],1,0,NA,-113.9854391817391,Exchange/demand reaction
SUCCACT,-1,0,NA,5.219690731701599,Fatty acid oxidation
BALABETAtc2,1,0,NA,-864.7449519485474,"Transport, extracellular"
EX_aspmetasp[e],-1,0,NA,360.5221684235491,Exchange/demand reaction
EX_metmetile[e],-1,0,NA,264.7896638519525,Exchange/demand reaction
ASPMETASPt,1,0,NA,-360.5221684235491,"Transport, extracellular"
METMETILEt,1,0,NA,-264.7896638519525,"Transport, extracellular"
ASPMETASPr,1,0,NA,-360.5221684235491,Peptide metabolism
METMETILEr,1,0,NA,-264.7896638519525,Peptide metabolism
DM_adprbp[c],-1,0,NA,4.789016559057434,Exchange/demand reaction
CE4970tm,-1,0,NA,120.56779450340868,"Transport, mitochondrial"
CE4970te,-1,0,NA,120.56779450340868,"Transport, extracellular"
EX_CE4970[e],-1,0,NA,120.56779450340868,Exchange/demand reaction
3AIBt1,1,0,NA,-20.234029425262474,"Transport, extracellular"
HMR_3996,-1,0,NA,155.14423690365552,Methionine and cysteine metabolism
sink_leu_L[c],1,0,NA,-736.302012771225,Exchange/demand reaction
sink_gly[c],1,0,NA,-368.31249004582764,Exchange/demand reaction
