Reaction,fc,pval,OVCAR3_A1AKO,OVCAR3_P,subSystem
10FTHF7GLUtl,-0.5719271333641173,0,3.7629301782544995,13.817862586427946,"Transport, lysosomal"
10FTHFtl,0.5719271333641173,0,-3.7629301782544995,-13.817862586427946,"Transport, lysosomal"
10FTHFtm,-0.5828979087292189,0,32.88694150943197,124.80558604052887,"Transport, mitochondrial"
2HBO,5.441622798174184,0,86.6711874645732,-125.69799879137072,Propanoate metabolism
2HBt2,2.5372298033622105,0,117.38179895863234,-270.10040837135165,"Transport, extracellular"
34DHOXPEGOX,-1.0813270153950845,0,-9.013028299285494,230.6620893277876,Tyrosine metabolism
34DHOXPEGt,-1.081327015395086,0,-9.013028299285681,230.6620893277876,"Transport, extracellular"
34DHXMANDACOX_NADP_,1.0440491332293762,0,9.013028299285494,-418.2391645935982,Tyrosine metabolism
34HPLFM,-0.5950435728350237,0,0.47241554477070263,1.8607517447473079,Ubiquinone synthesis
3DPHBH1,-0.4326412385549657,0,1.0157852972216612,2.5649659531318436,Ubiquinone synthesis
3DSPHR,-0.5601669242525246,0,10.771673971934506,38.209062429613084,Sphingolipid metabolism
3HBCDm,0.35389485061778614,0,193.9977657441616,92.57953478348256,Butanoate metabolism
3HBCOAHLm,0.6579966367878285,0,142.97268771715164,29.49170038214419,"Valine, leucine, and isoleucine metabolism"
3MOBt2im,1,-3.0671892497200446,205.67437482147216,NA,"Transport, mitochondrial"
3SALATAim,-0.41063303569490234,0,8.436797489974065,20.19323439490297,Methionine and cysteine metabolism
3SPYRSPm,-0.41063303569490234,0,8.436797489974065,20.19323439490297,Methionine and cysteine metabolism
42A12BOOX,1,-3.070627802690583,7.835275733826356,NA,Tyrosine metabolism
4ABUTtm,1,-3.074074074074074,NA,-886.9878784606933,"Transport, mitochondrial"
4HBZCOAFm,-0.6889323615768669,0,0.47241554477144765,2.5649659531318436,Ubiquinone synthesis
4HBZFm,-0.6889323615768669,0,0.47241554477144765,2.5649659531318436,Ubiquinone synthesis
5FTHFt2,-0.5690269293712427,0,51.710129402744165,188.25906091025138,"Transport, extracellular"
5HOXINDACTO2OX,1,-3.0775280898876405,23.52049428101919,NA,Tryptophan metabolism
7DHFtl,-0.37723964708944885,0,4.221362939739751,9.335578891931661,"Transport, lysosomal"
7DHFtm,-0.37844824262777643,0,2.0854656794575424,4.625047659847962,"Transport, mitochondrial"
ABTArm,1,-3.0809898762654666,NA,-886.9878784606933,Glutamate metabolism
ABUTt2rL,0.7167679941506098,0,315.30237142848966,52.01851584665906,"Transport, lysosomal"
ACACT1x,0.4516808129190957,0,291.7916805688858,110.21360595431328,Cholesterol metabolism
ACACT5p,-0.3435310649999239,0,5.023706727480402,10.281531524135632,Fatty acid oxidation
ACALDtm,0.8797651253841207,0,-5.786642806266042,-90.46900389778614,"Transport, mitochondrial"
ACALDtx,-0.6177035048199824,0,19.79260762459453,83.75324160049185,"Transport, peroxisomal"
ACCOAgt,-0.5040216708065397,0,130.85466503649968,396.8081675283432,"Transport, extracellular"
ACETONEt2,-3.699599116943465,0,-155.4929817486763,89.32011130614113,"Transport, extracellular"
ACETONEt2m,-3.699599116943465,0,-155.4929817486763,89.32011130614113,"Transport, mitochondrial"
ACNGALACGLCGAL14ACGLCGALGLUSIDEte,1,-3.0844594594594597,NA,-4.360286251765238,"Transport, extracellular"
ACNMLr,2.3452927013306253,0,14.781924604238617,-36.75769922877625,Aminosugar metabolism
ACOAD10m,0.7477631309708468,0,140.72947384930868,20.310053024262935,"Valine, leucine, and isoleucine metabolism"
ACOAD9m,0.5785784001292584,0,144.45979850978853,38.56538224519931,"Valine, leucine, and isoleucine metabolism"
ACS2,-0.3360973601095358,0,4.578785731019742,9.214760056884296,Propanoate metabolism
ACt2m,1,-3.08793686583991,NA,-90.46900389778614,"Transport, mitochondrial"
ADEt,-0.8780050586054766,0,-258.69138658356667,-16.804555664490348,"Transport, extracellular"
ADNK1m,0.3504973623234842,0,17.888089739461893,8.603024184205534,Nucleotide interconversion
ADNt,0.6513524924488298,0,831.2293207214356,175.4961658387184,"Transport, extracellular"
ADRNCRNt,-1.0706144345440558,0,-441.396996370697,15.053019426586165,Fatty acid oxidation
ADSL2,-0.42582332698818476,0,4.394944311717216,10.913738601727365,Purine synthesis
AG13T16g,-0.5673398995879839,0,0.2092920217627372,0.7581742251291363,Keratan sulfate synthesis
AG13T17g,-0.5673398995879839,0,0.2092920217627372,0.7581742251291363,Keratan sulfate synthesis
AG13T18g,-0.5673398995879839,0,0.2092920217627372,0.7581742251291363,Keratan sulfate synthesis
AGMTm,-1,-3.0914221218961626,NA,9.660913934289301,Arginine and proline metabolism
AGTix,-1,-3.094915254237288,NA,31.147580556260607,Alanine and aspartate metabolism
AHCYStr,1,-3.0984162895927603,658.1788460794448,NA,"Transport, endoplasmic reticular"
AHEXASE2ly,-0.33608031356195617,0,1.512426124056091,3.043625322980579,N-glycan degradation
AIRCr,-0.42582332698818476,0,4.394944311717216,10.913738601727365,Purine synthesis
AKGMALtm,0.6721278630095996,0,470.92920636162756,92.34016648886715,"Transport, mitochondrial"
AKR1D,1,-3.101925254813137,35.94614051664614,NA,Bile acid synthesis
AKR1D2,1,-3.1054421768707483,27.864033297270538,NA,Bile acid synthesis
ALAASNNaEx,0.3319012938114723,0,43.544240649459,21.84234745850719,"Transport, extracellular"
ALACYSNaEx,0.35525278775002733,0,228.18150544763805,108.55494329483155,"Transport, extracellular"
ALADGLNexR,-1,-3.108967082860386,-766.0855811035157,NA,"Transport, extracellular"
ALAGLNNaEx,0.3347780326410293,0,92.2420782036297,45.97128154295967,"Transport, extracellular"
ALASERNaEx,0.8027412549155571,0,367.4158229286194,40.20320939427447,"Transport, extracellular"
ALAt4,-0.40832267758311996,0,92.01731905993857,219.02153801190852,"Transport, extracellular"
ALATHRNaEx,-0.36793242728957687,0,87.8042665948811,190.027631087704,"Transport, extracellular"
ALCD2if,-0.44822055522290455,0,44.417434382592795,116.57962631993583,Glycolysis/gluconeogenesis
ALCD2yf,-0.8103096088470706,0,30.17503390227154,287.97533437805174,Glycolysis/gluconeogenesis
ALDD21,-0.3570075460610574,0,1.8566271619482486,3.918330695098548,Fatty acid oxidation
ALDD2xm,-0.8797651253843558,0,5.78664280625401,90.46900389778614,Glycolysis/gluconeogenesis
AMACR2p,0.5697470020259819,0,276.84229656310083,75.87988886652118,Bile acid synthesis
AMETr,-1,-3.1125,-658.1788460794448,NA,"Transport, endoplasmic reticular"
AMETt2m,-1.1248992328340757,0,-541.0648582969666,31.8031954977161,"Transport, mitochondrial"
AMPDA,-0.8859997488232247,0,37.38184813809286,618.4386040489197,Nucleotide interconversion
AMY1e,1,-3.1160409556313993,29.645797996181994,NA,Starch and sucrose metabolism
AMY2e,1,-3.1195899772209565,13.337717910001153,NA,Starch and sucrose metabolism
ANDRSTRNGLCte,-0.3340217500296979,0,10.005242631429326,20.04151229450253,"Transport, extracellular"
ANDRSTRNGLCtr,0.3340217500297115,0,-10.005242631429033,-20.041512294502557,"Transport, endoplasmic reticular"
ANDRSTRNte,1,-3.1231470923603193,599.0888949134827,NA,"Transport, extracellular"
ANDRSTRNtr,-1.056595384167108,0,-12.579841714708955,457.1334709493726,"Transport, endoplasmic reticular"
ARACHCPT1,0.6314930393704344,0,80.48037768030167,18.178183206182638,Fatty acid oxidation
ARACHCPT2,0.6314930393704344,0,80.48037768030167,18.178183206182638,Fatty acid oxidation
ARACHCRNt,-1,-3.1267123287671232,NA,18.178183206182638,Fatty acid oxidation
ARACHDCOAtx,-1,-3.1302857142857143,-13.535310530596293,NA,"Transport, peroxisomal"
ARACHDt2,-0.48480996159429673,0,251.48143497736453,724.7852481114387,"Transport, extracellular"
ARGDCm,0.6304978159324724,0,100.18200246916786,22.70316976502412,Arginine and proline metabolism
ARGLYSex,1,-3.1338672768878717,725.974233178711,NA,"Transport, extracellular"
ARGNm,-0.4487347100371722,0,13.54785276992048,35.6039912391011,Urea cycle
ARGtm,2.846063476907117,0,71.43379231336229,-34.28734751739283,"Transport, mitochondrial"
R_group_phosphotase_3,-0.35586664999534284,0,7.781197579813719,16.379009556666517,Miscellaneous
ASNCYSNaEx,0.9027357867749063,0,228.47863822202683,11.679390874900923,"Transport, extracellular"
ASNGLNNaEx,0.6221937982636939,0,69.19994088994395,16.11654961077393,"Transport, extracellular"
ASNt4,0.3880653205566144,0,232.0732215555191,102.31049673009831,"Transport, extracellular"
ASNTHRNaEx,0.4981067808145513,0,192.68418413143158,64.55273195363581,"Transport, extracellular"
ASPCTr,0.6244143344940772,0,-22.229585816080125,-96.14333337473273,Pyrimidine synthesis
ASPTAm,-0.5130430139639808,0,-345.21609232616424,-111.10416974192047,Alanine and aspartate metabolism
ATPH1e,-0.8900431498775394,0,5.124168176899752,88.07908693986461,Nucleotide interconversion
ATPH2e,-0.8410564440800115,0,15.447980869658501,178.93524882774352,Nucleotide interconversion
ATPtn,-0.6079327780627006,0,10.20600057005912,41.85650299567529,"Transport, nuclear"
B3GALT44g,-0.38310186360362286,0,0.9018882683444351,2.02205724270163,Sphingolipid metabolism
B3GNT310g,0.4230014663661175,0,4.071520486024823,1.6509198378381744,Blood group synthesis
B3GNT51g,0.6560331626759776,0,7.948376714596507,1.6509198378381744,Blood group synthesis
BAAT3x,0.562399415742422,0,278.39500638337137,77.973542629537,Bile acid synthesis
BDHm,0.960841530768429,0,-0.5790808118908208,-28.99719340180834,Butanoate metabolism
BHBtm,0.960841530768429,0,-0.5790808118908208,-28.99719340180834,"Transport, mitochondrial"
BILDGLCURte,0.4088565503415616,0,7.617417180586119,3.1961992642383894,"Transport, extracellular"
BILGLCURt,1,-3.1374570446735395,NA,-97.70275559824285,"Transport, extracellular"
BILGLCURte,0.36391934344747157,0,8.154450686499555,3.802928942545359,"Transport, extracellular"
BTNt2,0.6537304748763875,0,-28.36923169696612,-135.48712665185928,"Transport, extracellular"
BUTt2m,-0.49587383688322095,0,6.61340950529798,19.623711236106615,"Transport, mitochondrial"
C161CPT1,2.5571808732202954,0,58.95753037862629,-134.68095004367828,Fatty acid oxidation
C161CPT2,2.9181527983193156,0,64.94689000337199,-132.66505099688453,Fatty acid oxidation
C161CRNt,2.8170295346169425,0,278.68915073707103,-132.66505099688453,Fatty acid oxidation
C180CPT1,-1.0401334426607962,0,-10.660173995095294,541.8966335828782,Fatty acid oxidation
C180CPT2,-1.536180623218882,0,-18.038703082726403,85.32462242249548,Fatty acid oxidation
C181CPT1,0.8629051780752269,0,313.60893131980896,23.079092322739466,Fatty acid oxidation
C204CPT1,1.2039309039761596,0,2.9307807465440594,-31.673660706382616,Fatty acid oxidation
C204CPT2,3.6607555160574403,0,2.9307807465440594,-1.673138831431025,Fatty acid oxidation
C226COAtx,1,-3.1410550458715596,NA,-26.168145847456156,"Transport, peroxisomal"
C226CPT1,-0.6057702125221837,0,120.19821505955457,489.58937013816836,Fatty acid oxidation
C226CPT2,-0.6057702125221837,0,120.19821505955457,489.58937013816836,Fatty acid oxidation
C3STKR2r,-0.3845830503182961,0,2.0393073120410934,4.588093227043283,Cholesterol metabolism
C4STMO2Pr,-0.3557150357692005,0,1.1277859768540992,2.3731058317900557,Cholesterol metabolism
C4STMO2r,-0.4169078580897869,0,0.9115213363216044,2.2149873946499894,Cholesterol metabolism
CAATPS,1,-3.1446613088404134,98.98190842607022,NA,"Transport, extracellular"
CAT2p,-0.6177035048199824,0,19.79260762459453,83.75324160049185,Glycolysis/gluconeogenesis
CATm,-0.38020442550309386,0,56.76775924277305,126.41444333701133,ROS detoxification
CBPPer,-0.5455648335927619,0,33.1742115572989,112.82774431937337,Glycolysis/gluconeogenesis
CBPter,-0.5455648335927619,0,33.1742115572989,112.82774431937337,"Transport, endoplasmic reticular"
CBR2,-1,-3.1482758620689655,NA,638.5125955165863,Eicosanoid metabolism
CDIPTr,0.6188931557863518,0,-3.828561500381632,-16.26323983308035,Glycerophospholipid metabolism
CDPDAGtm,-0.40436573688472943,0,-14.280856281545695,-6.0569459112428765,"Transport, mitochondrial"
CDSm,0.5066361723754182,0,18.574490692502383,6.082411926816992,Glycerophospholipid metabolism
CEPTC,0.5594699893250128,0,20.498131994543293,5.790455967852217,Glycerophospholipid metabolism
CERT1gt,-0.6514435670631723,0,16.11061273235928,76.33130605029687,"Transport, golgi apparatus"
CHAT,-1,-3.151898734177215,NA,12.2320272764842,Glycerophospholipid metabolism
CHOLK,-0.4600051552904768,0,45.4755131731679,122.95392136200927,Glycerophospholipid metabolism
CHOLPtg,-1,-3.1555299539170507,-9.511793222058726,NA,"Transport, golgi apparatus"
CHOLtg,-0.3770919367547072,0,8.887894128363868,19.648882493402017,"Transport, golgi apparatus"
CHSTEROLt1,0.8513296479303986,0,225.69207665772439,18.124119890551665,"Transport, mitochondrial"
CHSTEROLt2,-1,-3.1591695501730106,-193.55002082834244,NA,"Transport, mitochondrial"
CITMCOAHm,-1,-3.1628175519630486,NA,11.314626394628625,C5-branched dibasic acid metabolism
CITMCOALm,-1,-3.1664739884393063,NA,11.314626394628625,C5-branched dibasic acid metabolism
CITtam,-0.7606555699556331,0,-829.913202482605,-112.81883056746857,"Transport, mitochondrial"
CKc,-0.49844597416898334,0,29.191524136305837,87.21278181234598,Urea cycle
CLI2tex,0.8247606320432266,0,73.34645051217116,7.0437653048409095,"Transport, extracellular"
CLOXAtex2,-0.8686688136669026,0,20.483463320018817,291.4525496246338,"Transport, extracellular"
CLPNDCRNt,-1,-3.170138888888889,-534.0557368171692,NA,Fatty acid oxidation
CLS_hs,-0.38585717716784645,0,0.010601007186946702,0.02392193045175946,Glycerophospholipid metabolism
CO2ter,0.4160031912049531,0,-51.51832833976746,-124.91526706314087,"Transport, endoplasmic reticular"
CO2tp,13.922226925272431,0,53.401186823370864,-46.243919065576605,"Transport, peroxisomal"
COAtg,0.5040216708065397,0,-130.85466503649968,-396.8081675283432,"Transport, golgi apparatus"
COAtl,-0.7986434615044494,0,2.5531104701568648,22.805991242979513,"Transport, lysosomal"
COAtm,-1.4737979055902675,0,-69.43593219078518,362.53951653137204,"Transport, mitochondrial"
COAtr,4.650987715020492,0,179.87295591138601,-278.406815760529,"Transport, endoplasmic reticular"
COQ3m,-0.48033151737042845,0,0.6317512052628561,1.7996111974217766,Ubiquinone synthesis
COQ5m,-0.48033151737042845,0,0.6317512052628561,1.7996111974217766,Ubiquinone synthesis
COQ6m,-0.48033151737042845,0,0.6317512052628561,1.7996111974217766,Ubiquinone synthesis
COQ7m,-0.48033151737042845,0,0.6317512052628561,1.7996111974217766,Ubiquinone synthesis
CORE3GTg,-0.5673398995879839,0,0.2092920217627372,0.7581742251291363,O-glycan metabolism
CORE4GTg,-0.5673398995879839,0,0.2092920217627372,0.7581742251291363,O-glycan metabolism
COUCOAFm,-0.6889323615772812,0,0.4724155447707026,2.5649659531318436,Ubiquinone synthesis
CRNCAR3tp,1,-3.1738122827346467,99.73759014749527,NA,"Transport, peroxisomal"
CRNt,-1.810877486969689,0,-170.6477332413357,591.5441965999603,"Transport, extracellular"
CRNtHa,1,-3.1774941995359627,165.00612071071862,NA,"Transport, extracellular"
CSm,-0.3758899426387826,0,142.84441714692713,314.9095173141956,Citric acid cycle
CSNAT2m,11.683492032780858,0,39.02632437559478,-46.332236011200024,Fatty acid oxidation
CSNAT3x,-0.5554578125130394,0,99.73759014749527,348.98288208179474,Fatty acid oxidation
CSNATp,1.086561764712652,0,156.6559717305124,-6.498929288889701,Fatty acid oxidation
CSPG_At,-0.3322064292531949,0,0.7179272479881281,1.432219981447632,"Transport, extracellular"
CSPG_Bt,-0.3428427973523523,0,0.4714240618948045,0.9633135016454404,"Transport, extracellular"
CYANt,-0.5303204806719122,0,24.151188871324553,78.6899522790269,"Transport, extracellular"
CYSALANaEx,-0.8975996961839121,0,1.6452842587641512,30.48907857904737,"Transport, extracellular"
CYSASNNaEx,-0.8795539833060451,0,11.994515853418507,187.1738117118798,"Transport, extracellular"
CYSGLNNaEx,0.4682201023496062,0,136.3383540869832,49.38087679508915,"Transport, extracellular"
CYSGLYexR,1,-3.181184668989547,125.41753823054283,NA,"Transport, extracellular"
CYSt4,0.3899352459414582,0,222.3670379721403,97.60044054377042,"Transport, extracellular"
CYSTA,-0.5425835393075328,0,217.45555127186776,733.3434249725342,Methionine and cysteine metabolism
CYStec,-1,-3.1848837209302325,NA,74.41898606801834,"Transport, extracellular"
CYSTGLUex,1,-3.1885913853317813,57.36535115795592,NA,"Transport, extracellular"
CYSTHRNaEx,-0.4252335588896447,0,124.54819716332527,308.83896066279414,"Transport, extracellular"
CYTD,0.48890353112732243,0,84.31090236838162,28.941434812316274,Pyrimidine catabolism
CYTDK2m,0.40436573688472943,0,14.280856281545695,6.0569459112428765,Nucleotide interconversion
CYTDt,-0.37584715773577737,0,79.9020329968512,176.1315138728313,"Transport, extracellular"
CYTDtm,0.40436573688472943,0,14.280856281545695,6.0569459112428765,"Transport, mitochondrial"
CYTK10,-0.6121228109543292,0,-32.701539426337604,-7.867999326084436,Nucleotide interconversion
CYTK11n,3.019208105038297,0,62.32708437971082,-124.06127039470672,Nucleotide interconversion
CYTK12,1.129454282460683,0,11.045720529140857,-181.69624392910004,Nucleotide interconversion
CYTK12n,-0.9294424544746992,0,6.207523777384458,169.74881742381416,Nucleotide interconversion
CYTK13,-3.275495401069157,0,-279.4492484771252,148.72790638084115,Nucleotide interconversion
CYTK13n,0.3316411173898443,0,-87.91077043246236,-175.15379778017999,Nucleotide interconversion
CYTK14,0.9112300154580912,0,423.27439846375137,19.659623124748283,Nucleotide interconversion
CYTK14n,-0.5553339968843172,0,-714.1356428817749,-204.1695498451233,Nucleotide interconversion
CYTK1m,0.5066361723754182,0,18.574490692502383,6.082411926816992,Nucleotide interconversion
CYTK3n,-0.35578320064015306,0,198.0678080095291,416.8426016735077,Nucleotide interconversion
CYTK4n,2.0911864959926834,0,610.2821095798492,-215.4291232776642,Nucleotide interconversion
CYTK5,-1.337694710828504,0,-34.84423212335557,241.20951417274475,Nucleotide interconversion
CYTK5n,-2.3842152318789553,0,-225.297762276268,550.8219395683288,Nucleotide interconversion
CYTK6,-1.146792685152214,0,-10.692718918174993,156.3773476459261,Nucleotide interconversion
CYTK6n,0.8220276320674436,0,88.06122336052135,8.601661230969523,Nucleotide interconversion
CYTK7,1.9473085079158663,0,50.46518702054359,-157.00954210412652,Nucleotide interconversion
CYTK8,5.678235603410278,0,301.90253195791246,-211.48867120590657,Nucleotide interconversion
CYTK8n,0.9292465653732292,0,466.8133656349182,17.119972916454728,Nucleotide interconversion
CYTK9,0.4098247981521564,0,-144.06635781402923,-344.1492004234441,Nucleotide interconversion
CYTK9n,2.8204759214454564,0,269.0683166875541,-128.21240123618617,Nucleotide interconversion
DADAe,0.3572619756516534,0,45.77115900368732,21.675155451134874,Nucleotide interconversion
DADNt4,-0.3572619756516534,0,-45.77115900368732,-21.675155451134874,"Transport, extracellular"
DAGK_hs,-0.40497036189876595,0,121.85682112881038,287.7255368782997,Glycerophospholipid metabolism
DCK1m,0.43576459729270706,0,-141.1252071123846,-359.11000122528077,Nucleotide interconversion
DCK1n,0.4375532864904661,0,-240.2981824693501,-614.176300881958,Nucleotide interconversion
DCTPtn,-0.33565748833977793,0,240.2981824693501,483.1183632183075,"Transport, nuclear"
DCYTD,0.5142312914790188,0,390.8003549562454,125.36960818661488,Pyrimidine catabolism
DECDPtm,-0.4326412385549657,0,1.0157852972216612,2.5649659531318436,"Transport, mitochondrial"
DESAT18_10,-1,-3.1923076923076925,NA,12.821297887443855,Fatty acid synthesis
DESAT18_5,0.7206992964699546,0,87.96735113148596,14.278696521294,Fatty acid synthesis
DESAT18_6,-1,-3.1960326721120187,NA,6.489845449143879,Fatty acid synthesis
DESAT18_9,-0.6391679624134204,0,22.70921332312068,103.16216702886224,Fatty acid synthesis
DESAT22_2p,-1,-3.199766355140187,NA,26.168145847456156,Fatty acid synthesis
DESAT24_1,-1,-3.2035087719298247,NA,4.565836974834075,Fatty acid synthesis
DGAT,-0.4274646631038153,0,3.3826624332246955,8.43376955004015,Triacylglycerol synthesis
DGCHOLtx,0.562399415742422,0,278.39500638337137,77.973542629537,"Transport, peroxisomal"
DGK2m,0.629722086309562,0,334.6367420879364,76.03050590366125,Nucleotide interconversion
DGNSKm,0.629722086309562,0,334.6367420879364,76.03050590366125,Nucleotide interconversion
DGSNtm,0.629722086309562,0,334.6367420879364,76.03050590366125,"Transport, mitochondrial"
DHCR241r,-0.39629469906897025,0,0.45478159536181034,1.0518528325964986,Cholesterol metabolism
DHCR242r,-0.9356307603747891,0,27.942647035180872,840.2561136734009,Cholesterol metabolism
DHCR243r,-0.3826223154831216,0,0.5693956479476204,1.2751661566896633,Cholesterol metabolism
DHDPBMTm,-0.4326412385549657,0,1.0157852972216612,2.5649659531318436,Ubiquinone synthesis
DHEASt,-1,-3.2072599531615924,NA,573.5419256799698,"Transport, extracellular"
DHFtl,0.37723964708944885,0,-4.221362939739751,-9.335578891931661,"Transport, lysosomal"
DHPM1,-1,-3.2110199296600235,NA,83.87076828447934,Pyrimidine catabolism
DINt,0.3549998262000609,0,432.12690081710815,205.69886485691072,"Transport, extracellular"
D_LACt2,0.3951317821003133,0,-167.3704175867185,-386.0407640021801,"Transport, extracellular"
DLNLCGCPT1,0.5160563876455424,0,-124.42893564840593,-389.8001293579102,Fatty acid oxidation
DLNLCGCRNt,-1,-3.214788732394366,NA,8.759488944018205,Fatty acid oxidation
DLNLCGt,-0.7981493874109225,0,0.2993286842162794,2.666515019470121,"Transport, extracellular"
DM_ethamp_r_,-0.8233632887386589,0,46.60767335652225,481.1158448600769,Exchange/demand reaction
DM_Ser_Gly_Ala_X_Gly_ly_,-0.3304432160503991,0,31.0537066632092,61.705286771309375,Exchange/demand reaction
DNDPt24m,-1,-3.218566392479436,NA,23.269873068300413,"Transport, mitochondrial"
DNDPt38m,-1,-3.2223529411764704,NA,332.20149907183645,"Transport, mitochondrial"
DOPAMT,0.941583116889081,0,357.8497175994873,10.76671142350014,Tyrosine metabolism
DPCOAtl,-0.7986434615044494,0,2.5531104701568648,22.805991242979513,"Transport, lysosomal"
DPHMBDCm,-0.4326412385549657,0,1.0157852972216612,2.5649659531318436,Ubiquinone synthesis
DPPS,-0.4326412385549657,0,1.0157852972216612,2.5649659531318436,Miscellaneous
DRIBt,1,-3.2261484098939928,8.016333061691734,NA,"Transport, extracellular"
DURAD,-0.82767823206368,0,-889.5497030685425,-83.87076828447934,Pyrimidine catabolism
ECOAH12m,0.6579966367878285,0,142.97268771715164,29.49170038214419,"Valine, leucine, and isoleucine metabolism"
ECOAH1m,0.6256141734113897,0,139.41388580206632,32.10760814443759,Tryptophan metabolism
EICOSTETCRNt,1,-3.229952830188679,17.72185474532994,NA,Fatty acid oxidation
EICOSTETt,-0.5214620435817863,0,2.8092833258825256,8.931826394690521,"Transport, extracellular"
ELAIDCPT2,-0.3655187334332834,0,107.85764273426383,232.12920453042983,Fatty acid oxidation
ELAIDCRNt,1,-3.2337662337662336,369.66136010055544,NA,Fatty acid oxidation
ENGASE2ly,-0.33608031356195617,0,1.512426124056091,3.043625322980579,N-glycan degradation
ESTRADIOLGLCt,-0.3920576363995788,0,3.109761635453061,7.120687241430922,"Transport, extracellular"
ESTRADIOLGLCt2,-0.39205763639958996,0,3.109761635453061,7.120687241431107,"Transport, extracellular"
ESTRADIOLt,-0.37919807054030774,0,-19.53040318208323,-8.790986760743614,"Transport, extracellular"
ETF,0.5861383401137245,0,9.697879646155318,2.53041015794839,Fatty acid oxidation
ETFQO,0.5861383401137245,0,9.697879646155318,2.53041015794839,Fatty acid oxidation
ETOHtx,-0.6177035048199824,0,19.79260762459453,83.75324160049185,"Transport, peroxisomal"
EX_10fthf[e],0.39355073157698783,0,247.84897841567994,107.85960513219834,Exchange/demand reaction
EX_10fthf7glu[e],-0.39355073157698783,0,-247.84897841567994,-107.85960513219834,Exchange/demand reaction
EX_2hb[e],-5.441622798174168,0,-86.6711874645731,125.69799879137072,Exchange/demand reaction
EX_34dhoxpeg[e],-1.0813270153950845,0,-9.013028299285494,230.6620893277876,Exchange/demand reaction
EX_35cgmp[e],-0.4695785010282872,0,2.261589600839114,6.265929005489938,Exchange/demand reaction
EX_5fthf[e],0.5690269293712427,0,-51.710129402744165,-188.25906091025138,Exchange/demand reaction
EX_7dhf[e],-0.3756837329740566,0,-34.9681178644991,-15.869319587643178,Exchange/demand reaction
EX_acngalacglcgal14acglcgalgluside_hs[e],-1,-3.2375886524822697,NA,4.360286251765238,Exchange/demand reaction
EX_adrn[e],-0.7041741612714748,0,1.8970495511729009,10.928399093384435,Exchange/demand reaction
EX_amp[e],0.5784259352324769,0,-45.43518387959972,-170.1150013750598,Exchange/demand reaction
EX_andrstrn[e],-1,-3.2414201183431954,-599.0888949134827,NA,Exchange/demand reaction
EX_andrstrnglc[e],-0.3340217500296979,0,10.005242631429326,20.04151229450253,Exchange/demand reaction
EX_arach[e],-0.8407003054510734,0,-74.86975284142792,-6.479451719149027,Exchange/demand reaction
EX_bhb[e],-0.960841530768429,0,0.5790808118908208,28.99719340180834,Exchange/demand reaction
EX_bilglcur[e],-1,-3.245260663507109,NA,109.09204997943677,Exchange/demand reaction
EX_bilirub[e],0.9618655538659264,0,398.604924017334,7.748022270823922,Exchange/demand reaction
EX_chtn[e],0.39271265326365407,0,-1.9627874644433199,-4.5013270111558725,Exchange/demand reaction
EX_clpnd[e],1,-3.2491103202846974,19.601384925744767,NA,Exchange/demand reaction
EX_creat[e],-1,-3.2529691211401426,-304.30143528690337,NA,Exchange/demand reaction
EX_cyan[e],0.5303204806720008,0,-24.151188871318595,-78.6899522790269,Exchange/demand reaction
EX_dhf[e],0.3756837329740566,0,34.9681178644991,15.869319587643178,Exchange/demand reaction
EX_estradiol[e],0.37919807054030874,0,19.530403182083276,8.790986760743614,Exchange/demand reaction
EX_fucacgalfucgalacglcgalgluside_hs[e],-1,-3.256837098692033,NA,9.543074472379638,Exchange/demand reaction
EX_fuc_L[e],-0.7858383655127678,0,34.81744124335861,290.33361885871886,Exchange/demand reaction
EX_glyc_S[e],0.4721768799000335,0,360.9419463499069,129.40938476788142,Exchange/demand reaction
EX_glygn2[e],-1,-3.2607142857142857,-13.337717910001153,NA,Exchange/demand reaction
EX_glygn4[e],1,-3.264600715137068,13.337717910001153,NA,Exchange/demand reaction
EX_gq1b_hs[e],-0.8484188752324654,0,-55.51145900089145,-4.552263291394795,Exchange/demand reaction
EX_gsn[e],1,-3.268496420047733,320.9016641433716,NA,Exchange/demand reaction
EX_gthox[e],-0.6897880154112664,0,13.462445410892224,73.33268875350952,Exchange/demand reaction
EX_hdca[e],0.457090722503578,0,275.7188301738471,102.73232034903334,Exchange/demand reaction
EX_hista[e],0.47330504180840227,0,-85.64479268727376,-239.5711272878647,Exchange/demand reaction
EX_hom_L[e],-1,-3.272401433691756,-12.314037679126475,NA,Exchange/demand reaction
EX_i[e],-6.001804661131823,0,-554.5091198074341,396.1187771331787,Exchange/demand reaction
EX_lac_D[e],-0.3951317821003133,0,167.3704175867185,386.0407640021801,Exchange/demand reaction
EX_Lcystin[e],-1,-3.276315789473684,-57.36535115795592,NA,Exchange/demand reaction
EX_leuktrC4[e],2.351938536751382,0,280.4516338449478,-695.3397759033203,Exchange/demand reaction
EX_lipoate[e],-0.5338352469560315,0,-421.15318476819994,-127.99730007559062,Exchange/demand reaction
EX_lneldc[e],1,-3.2802395209580837,18.40589848839295,NA,Exchange/demand reaction
EX_lnlncg[e],-1,-3.2841726618705036,NA,16.28237079558978,Exchange/demand reaction
EX_mag_hs[e],1,-3.2881152460984393,199.72424002763182,NA,Exchange/demand reaction
EX_mercplaccys[e],-0.5611923212229207,0,181.44801353306585,645.556719104004,Exchange/demand reaction
EX_n2m2nmasn[e],0.33608031356195617,0,-1.512426124056091,-3.043625322980579,Exchange/demand reaction
EX_oagd3_hs[e],-0.5392366279311145,0,164.17812635386585,548.4571927978516,Exchange/demand reaction
EX_oxa[e],-0.8288455587483226,0,14.814188417285573,158.29482714722155,Exchange/demand reaction
EX_pchol_hs[e],-0.4769306341591277,0,-242.94611917877197,-86.04173381825164,Exchange/demand reaction
EX_ps_hs[e],0.4580506775834073,0,-183.49572194228173,-493.6735791431427,Exchange/demand reaction
EX_s2l2fn2m2masn[e],0.900795303248987,0,-14.518235067251627,-278.1742591941834,Exchange/demand reaction
EX_strch1[e],-1,-3.2920673076923075,-29.645797996181994,NA,Exchange/demand reaction
EX_strch2[e],1,-3.296028880866426,29.645797996181994,NA,Exchange/demand reaction
EX_strdnc[e],1,-3.3,NA,-133.07898194389344,Exchange/demand reaction
EX_tcynt[e],-0.5303204806719122,0,24.151188871324553,78.6899522790269,Exchange/demand reaction
EX_tetpent3[e],1,-3.3039806996381182,NA,-4.565836974834075,Exchange/demand reaction
EX_thyox_L[e],6.001804661131823,0,554.5091198074341,-396.1187771331787,Exchange/demand reaction
EX_triodthy[e],-2.9489565634861172,0,-554.5091198074341,273.6708219468385,Exchange/demand reaction
EX_triodthysuf[e],-1,-3.3079710144927534,NA,8.420130768907516,Exchange/demand reaction
EX_tststerone[e],3.2674162986417934,0,549.6450954648018,-292.0442161506653,Exchange/demand reaction
EX_ump[e],-0.775271289207971,0,5.069931680579503,40.0505307891347,Exchange/demand reaction
FACOAL150,-0.45319130097856486,0,3.6367920036282486,9.665088563146291,Fatty acid oxidation
FACOAL191,-0.3570075460610574,0,1.8566271619482486,3.918330695098548,Fatty acid oxidation
FACOAL244_1,-0.5632494841632416,0,2.1016007908374847,7.522203713713977,Fatty acid oxidation
FACOAL245_2,-0.511351646318721,0,2.816203014645147,8.710298582787907,Fatty acid oxidation
FACOAL40im,-0.49587383688322095,0,6.61340950529798,19.623711236106615,Fatty acid oxidation
FADH2tru,-0.933528023127958,0,28.966824294294604,842.5831327667237,"Transport, endoplasmic reticular"
FADtru,-0.933528023127958,0,28.966824294294604,842.5831327667237,"Transport, endoplasmic reticular"
FAEL184,0.6927907489893398,0,26.954100922299038,4.8916554872178,Fatty acid synthesis
FAOXC180,0.39705163382815833,0,53.81882572712302,23.227468660222296,Fatty acid oxidation
FAOXC182806m,0.5954181692424535,0,19.628262949535998,4.977527968410001,Fatty acid oxidation
FAOXC200180m,0.5706668998430807,0,69.26450573803521,18.93306912007781,Fatty acid oxidation
FAOXC2051843m,0.35844126152773836,0,60.04463606439568,28.357619910762086,Fatty acid oxidation
FAOXC226205m,-0.6216593067363402,0,111.62583025366663,478.4551853027344,Fatty acid oxidation
FBA4,-0.536292576493566,0,11.368224180946294,37.66365930706328,Glyoxylate and dicarboxylate metabolism
FPGS2,-0.41462239893824054,0,2.466419031249218,5.9603435465317585,Folate metabolism
FPGS3,-0.41462239893824054,0,2.466419031249218,5.9603435465317585,Folate metabolism
FPGS4,-0.37605504439854975,0,2.1358972620791943,4.710531234230392,Folate metabolism
FPGS4m,-0.37844824262777643,0,2.0854656794575424,4.625047659847962,Folate metabolism
FPGS5,-0.37605504439854975,0,2.1358972620791943,4.710531234230392,Folate metabolism
FPGS5m,-0.37844824262777643,0,2.0854656794575424,4.625047659847962,Folate metabolism
FPGS6,-0.37605504439854975,0,2.1358972620791943,4.710531234230392,Folate metabolism
FPGS6m,-0.37844824262777643,0,2.0854656794575424,4.625047659847962,Folate metabolism
FPGS8,-0.7531275917829453,0,1.5468935553012726,10.985033900449192,Folate metabolism
FPGS9,-0.7531275917829453,0,1.5468935553012726,10.985033900449192,Folate metabolism
FRUt1r,2.7727740490689308,0,69.72792720167972,-148.39325653488058,"Transport, extracellular"
FUCACGALFUCGALACGLCGALGLUSIDEte,1,-3.311970979443773,NA,-9.543074472379638,"Transport, extracellular"
FUCASEe,-0.906583135100228,0,13.571093868506136,276.9780244960785,N-glycan degradation
FUMm,-0.33094131094276696,0,-126.1996961835757,-63.44006500797173,Citric acid cycle
FUMSO3tm,-0.4401837936220521,0,-455.3179589978218,-176.9873912140429,"Transport, mitochondrial"
FUMSO4tm,0.6337815295809577,0,-126.62461261168123,-564.9003804712296,"Transport, mitochondrial"
FUMtm,-2.528959735229723,0,-248.88271834540367,107.83111276271642,"Transport, mitochondrial"
FUMTSULtm,-2.749002126373473,0,-290.67619631311686,135.60762792353472,"Transport, mitochondrial"
G14T18g,-0.5673398995879839,0,0.2092920217627372,0.7581742251291363,Keratan sulfate synthesis
G14T19g,-0.5673398995879839,0,0.2092920217627372,0.7581742251291363,Keratan sulfate synthesis
G14T20g,-0.5673398995879839,0,0.2092920217627372,0.7581742251291363,Keratan sulfate synthesis
G14T21g,-0.5673398995879839,0,0.2092920217627372,0.7581742251291363,Keratan sulfate synthesis
G5SADrm,-0.33082757615265435,0,5.407144285841604,10.753546421506204,Arginine and proline metabolism
G6PDH1rer,-3.976182041989137,0,-106.96843699966072,178.85143037204742,Pentose phosphate pathway
G6PPer,-0.5031272150314325,0,22.98882816448584,69.54523230308486,Glycolysis/gluconeogenesis
GACMTRc,-1.9283035040055103,0,-275.1099112232208,87.21278181234598,Urea cycle
GALASE19ly,-0.7207000342894303,0,7.809550609743176,48.112766386428476,Keratan sulfate degradation
GALGLUSIDEtg,-0.3378727283483382,0,-50.552401893891165,-25.018914902887097,"Transport, golgi apparatus"
GALGLUSIDEtl,0.35550767382095155,0,60.97946522395931,28.993415640769847,"Transport, lysosomal"
GALGT4,-0.3831018636036224,0,0.9018882683444359,2.02205724270163,Sphingolipid metabolism
GALNACT2g,-0.33646330101893973,0,1.1893513109232714,2.3955334821851193,Chondroitin synthesis
GALNTg,-0.6672381396123449,0,1.4584538719726516,7.307297529186169,O-glycan metabolism
GALOR,1.9296678129080211,0,60.02293716160296,-189.15064563598781,Galactose metabolism
GALt1r,0.930616262719683,0,703.6816057159424,25.289365164264943,"Transport, extracellular"
GAO1,-0.6156270398864172,0,39.78174219976291,167.21378728809356,Sphingolipid metabolism
GAO1g,-0.5079644177096767,0,124.39638418662548,381.24340555210114,Sphingolipid metabolism
GAO2g,-0.4134978562697299,0,6.4582808417167,15.564761736237921,Sphingolipid metabolism
GARFT,-0.42582332698818476,0,4.394944311717216,10.913738601727365,Purine synthesis
GASNASE2ly,-0.33608031356195617,0,1.512426124056091,3.043625322980579,N-glycan degradation
GBA,1,-3.3159806295399514,104.33138818507194,NA,Sphingolipid metabolism
GDPFUCtg,0.5728573330835227,0,18.237429156076384,4.952759518344134,"Transport, golgi apparatus"
GDPtg,-0.5728573330835227,0,-18.237429156076384,-4.952759518344134,"Transport, golgi apparatus"
GGH_10FTHF5GLUe,0.39355073157698783,0,247.84897841567994,107.85960513219834,Folate metabolism
GGH_10FTHF5GLUl,-0.5719271333641173,0,3.7629301782544995,13.817862586427946,Folate metabolism
GGH_10FTHF6GLUe,0.39355073157698783,0,247.84897841567994,107.85960513219834,Folate metabolism
GGH_10FTHF6GLUl,-0.5719271333641173,0,3.7629301782544995,13.817862586427946,Folate metabolism
GGH_10FTHF7GLUe,0.39355073157698783,0,247.84897841567994,107.85960513219834,Folate metabolism
GGH_10FTHF7GLUl,-0.5719271333641173,0,3.7629301782544995,13.817862586427946,Folate metabolism
GGH_5DHFe,0.3756837329740566,0,34.9681178644991,15.869319587643178,Folate metabolism
GGH_5DHFl,-0.37723964708944885,0,4.221362939739751,9.335578891931661,Folate metabolism
GGH_6DHFe,0.3756837329740566,0,34.9681178644991,15.869319587643178,Folate metabolism
GGH_6DHFl,-0.37723964708944885,0,4.221362939739751,9.335578891931661,Folate metabolism
GGH_7DHFe,0.3756837329740566,0,34.9681178644991,15.869319587643178,Folate metabolism
GGH_7DHFl,-0.37723964708944885,0,4.221362939739751,9.335578891931661,Folate metabolism
GGNG,-0.4932689015009684,0,1.4334099874464827,4.224067880765398,Starch and sucrose metabolism
GGT5r,0.5381782936806457,0,73.69648285283289,22.126586755681085,Eicosanoid metabolism
GHMT2rm,-0.492495693283464,0,106.72747502882778,313.86984253616333,"Glycine, serine, alanine, and threonine metabolism"
GLBRAN,-0.4932689015009684,0,1.4334099874464827,4.224067880765398,Starch and sucrose metabolism
GLCAE1g,-0.3428427973523523,0,0.4714240618948045,0.9633135016454404,Chondroitin synthesis
GLCAT2g,-0.33646330101893973,0,1.1893513109232714,2.3955334821851193,Chondroitin synthesis
GLCMter,1,-3.32,13.662955727958831,NA,"Transport, extracellular"
GLCt1r,2.658293393435665,0,432.407881996727,-196.00919250253438,"Transport, extracellular"
GLCtly,-0.6719190838281421,0,12.417993792107453,63.282805492435905,"Transport, lysosomal"
GLGNS1,-0.4932689015009684,0,1.4334099874464827,4.224067880765398,Starch and sucrose metabolism
GLNASNNaEx,-0.8591876903644685,0,14.301120555610288,188.82203810326382,"Transport, extracellular"
GLNCYSNaEx,0.648648276300427,0,21.91475534646737,4.670363701052171,"Transport, extracellular"
GLNTHRNaEx,-0.4572605893112902,0,66.43341885372726,178.37437488812208,"Transport, extracellular"
GLPASE2,-0.4932689015009684,0,1.4334099874464827,4.224067880765398,Starch and sucrose metabolism
GLUDxm,0.45411453355605924,0,-179.14179884584985,-477.1929448242187,Glutamate metabolism
GLUt7l,-0.4298898664215653,0,62.234427547482866,156.08980099009239,"Transport, lysosomal"
GLUTCOADHm,-1,-3.3240291262135924,NA,15.477196858516255,Tryptophan metabolism
GLUtr,-0.5381782936806457,0,-73.69648285283289,-22.126586755681085,"Transport, endoplasmic reticular"
GLXtm,3.4180510010158813,0,9.289656220808334,-16.97324620042872,"Transport, mitochondrial"
GLYAMDTRc,-1.9283035040055103,0,-275.1099112232208,87.21278181234598,Urea cycle
GLYC3Ptm,0.9940864280481012,0,4.293634404420425,0.012733006768689688,"Transport, mitochondrial"
GLYCLTDy,-0.40658854651468784,0,30.51821567165166,72.33863177343066,Glyoxylate and dicarboxylate metabolism
GLYC_St,0.4721768799000335,0,360.9419463499069,129.40938476788142,"Transport, extracellular"
GLYt4,-0.8121448172848205,0,8.366165713892693,80.70420852834722,"Transport, extracellular"
GLYtp,0.909749596227527,0,278.39500638337137,13.15631210708008,"Transport, peroxisomal"
GMPtg,0.5728573330835227,0,18.237429156076384,4.952759518344134,"Transport, golgi apparatus"
GNDer,1,-3.3280680437424057,10.185383384256859,NA,Pentose phosphate pathway
GNMT,1,-3.332116788321168,28.366995327959955,NA,"Glycine, serine, alanine, and threonine metabolism"
GSNt,0.5787821696197085,0,461.03794757537844,123.00455866401195,"Transport, extracellular"
GSNtl,-0.3392754548570707,0,8.35033005531203,16.925952222064755,"Transport, lysosomal"
GTHP,0.5390944547013866,0,83.82656444490058,25.10315613051988,Glutathione metabolism
GTHPe,-0.6897880154112664,0,13.462445410892224,73.33268875350952,Glutathione metabolism
GTHPm,-0.49412056963068857,0,6.383298086616209,18.85314246980711,Glutathione metabolism
GTHRDtr,0.5381782936806457,0,73.69648285283289,22.126586755681085,"Transport, endoplasmic reticular"
GUACYC,-0.3726221848918147,0,8.55344485692022,18.71384018549162,Nucleotide interconversion
GULNDer,-1,-3.336175395858709,NA,146.3882075825436,Pentose phosphate pathway
GULNter,-1,-3.3402439024390245,NA,146.3882075825436,"Transport, endoplasmic reticular"
H2O2tp,-1,-3.3443223443223444,NA,396.16579206390384,"Transport, peroxisomal"
H2Otm,0.5425356920424718,0,460.53111491030455,136.5780700324636,"Transport, mitochondrial"
H2Otn,-0.3694849804420273,0,354.08295474205016,769.0717481872558,"Transport, nuclear"
H6_ET2er,0.658920887397407,0,4.752025367225955,0.9770306755623853,Phosphatidylinositol phosphate metabolism
H7ET2er,-1,-3.34841075794621,NA,5.480267740899617,Phosphatidylinositol phosphate metabolism
HACD1m,0.6256141734113897,0,139.41388580206632,32.10760814443759,Tryptophan metabolism
HBZOPT10m,-0.4326412385549657,0,1.0157852972216612,2.5649659531318436,Ubiquinone synthesis
HEX10,-1,-3.3525091799265607,NA,8.698006130450635,Aminosugar metabolism
HEXCt,-1,-3.3566176470588234,NA,13.425841479005843,"Transport, extracellular"
HIBDm,0.8159183747682304,0,172.60344312171935,17.4969991889094,"Valine, leucine, and isoleucine metabolism"
HISt4,-0.36252130851400793,0,72.01334939322844,153.91843579432665,"Transport, extracellular"
HISTAtu,0.6897876168242153,0,215.6341616005063,39.58626900694349,"Transport, extracellular"
HIStiDF,0.4026236804142503,0,883.0962011627197,376.1099757954598,"Transport, extracellular"
HMGCOASim,-0.365996911953589,0,203.62156126093865,438.71462006073,Cholesterol metabolism
HOMt4,0.7505231369164209,0,310.7689787701931,44.289428875441864,"Transport, extracellular"
HPCLx,-0.35700754606105706,0,1.85662716194825,3.918330695098548,Fatty acid oxidation
HPYRR2x,0.4721768799000335,0,180.47097317495346,64.70469238394071,Glyoxylate and dicarboxylate metabolism
HPYRRy,-0.4904520717674938,0,65.14060220368765,190.53937840046882,Glyoxylate and dicarboxylate metabolism
HSD17B42x,-0.3631491137617963,0,37.61180471990537,80.50628393369914,Bile acid synthesis
HSD17B7r,1,-3.3607361963190185,269.5525956729889,NA,Steroid metabolism
HSD17B9r,-0.591274099999224,0,2.574599072821029,10.023570374312811,Steroid metabolism
HSD3A1r,-1,-3.364864864864865,NA,487.1985534717083,Steroid metabolism
HSD3B7P,-1,-3.3690036900369003,NA,284.12868621273043,Bile acid synthesis
Htr,-1.5910993311035315,0,-394.538046482831,90.00472215458154,"Transport, endoplasmic reticular"
ICDHxm,0.40816696582317635,0,128.93129789908826,54.188035288391404,Citric acid cycle
ILEt5m,0.44730106102712636,0,-71.69035802681596,-187.72884100419395,"Transport, mitochondrial"
ILETAm,0.44730106102712636,0,-71.69035802681596,-187.72884100419395,"Valine, leucine, and isoleucine metabolism"
IPDPtx,0.4413911884287064,0,11.184539461459325,4.334550083762397,"Transport, peroxisomal"
ITCOAL1m,-0.8324238318780629,0,-559.6719707847595,-51.1823098116112,C5-branched dibasic acid metabolism
ITCOALm,0.7990997766014658,0,559.6719707847595,62.49693620270137,C5-branched dibasic acid metabolism
KCC2t,0.7827891878899063,0,239.95718320719004,29.23581486253828,"Transport, extracellular"
KHK,-0.5904147163511761,0,13.14394120499379,51.03776516834032,Fructose and mannose metabolism
KHK2,-0.536292576493566,0,11.368224180946294,37.66365930706328,Glyoxylate and dicarboxylate metabolism
KSII_CORE4t,-0.5673398995879839,0,0.2092920217627372,0.7581742251291363,"Transport, extracellular"
LALDO,-6.492779391795279,0,-144.0557266760759,196.50848925789595,Pyruvate metabolism
LAPCOAl,-0.7986434615044494,0,2.5531104701568648,22.805991242979513,CoA catabolism
LCADi_D,-0.45307605665770034,0,95.52567156018074,253.79409299945831,Pyruvate metabolism
LCADim,-0.4149057164998692,0,11.774729425869605,28.474268925067015,Pyruvate metabolism
LEUKTRA4tr,0.5381782936806457,0,73.69648285283289,22.126586755681085,"Transport, endoplasmic reticular"
LEUKTRD4tr,-0.5381782936806457,0,-73.69648285283289,-22.126586755681085,"Transport, endoplasmic reticular"
LEUt4,-0.711442690746693,0,64.34691671365667,381.64363455787895,"Transport, extracellular"
LEUtec,0.8123359895393663,0,-50.83282389162375,-490.91008959350586,"Transport, extracellular"
LNELDCCRNt,1,-3.373152709359606,392.42222400131226,NA,Fatty acid oxidation
LNLCCPT2,0.34206169482135307,0,51.72478535331618,25.357789245016967,Fatty acid oxidation
LNLCCRNt,-1,-3.37731196054254,NA,25.357789245016967,Fatty acid oxidation
LNLNCACPT1,-0.5811412755187819,0,204.06438828697205,770.3185067558288,Fatty acid oxidation
LNLNCACPT2,-0.5811412755187819,0,204.06438828697205,770.3185067558288,Fatty acid oxidation
LNLNCACRNt,-0.5811412755187819,0,204.06438828697205,770.3185067558288,Fatty acid oxidation
LNLNCGCRNt,1,-3.3814814814814813,NA,-3.1182514847036513,Fatty acid oxidation
LNLNCGt,4.96576248234446,0,6.497864094289399,-9.774845064893581,"Transport, extracellular"
LPS,-0.35586664999534284,0,7.781197579813719,16.379009556666517,Triacylglycerol synthesis
LPS2,1,-3.3856613102595796,199.72424002763182,NA,Triacylglycerol synthesis
LTA4H,-0.9512572288411056,0,6.81276282001113,272.726650226593,Eicosanoid metabolism
LTC4Sr,0.5381782936806457,0,73.69648285283289,22.126586755681085,Eicosanoid metabolism
MAGt,-1,-3.389851485148515,-199.72424002763182,NA,"Transport, extracellular"
MALSO3tm,-1.6955590456803364,0,-493.8104749458313,127.42230345526934,"Transport, mitochondrial"
MALSO4tm,0.8541748045825941,0,471.16393850097654,37.055607289953855,"Transport, mitochondrial"
MALTly,-0.6719190837651959,0,4.1393312650787735,21.094268497952235,Starch and sucrose metabolism
MALtm,-1.252954023790291,0,-7.22685623340329,64.36653818125518,"Transport, mitochondrial"
MALTSULtm,3.6603785932937956,0,266.5250072735041,-152.14588466014862,"Transport, mitochondrial"
MANt1r,3.691879597768673,0,96.61371039142013,-168.3953089974679,"Transport, extracellular"
MAOX,1,-3.3940520446096656,7.110337682258458,NA,Tyrosine metabolism
MCLACCYSR,-0.5611923212229207,0,181.44801353306585,645.556719104004,Methionine and cysteine metabolism
MCLOR,0.5611923212229207,0,-181.44801353306585,-645.556719104004,Methionine and cysteine metabolism
MCPST,-1,-3.398263027295285,NA,62.15169556215075,Methionine and cysteine metabolism
ME2,0.7980689906795636,0,225.81197277482747,25.35967185654334,Pyruvate metabolism
MERCPLACCYSt,-0.5611923212229207,0,181.44801353306585,645.556719104004,"Transport, extracellular"
METAT,-0.5793430412252001,0,2.83637792802122,10.64908983308473,Methionine and cysteine metabolism
METt4,0.5797603380777012,0,505.0019031463623,134.33799034768938,"Transport, extracellular"
MI145PK,-0.5189447807905058,0,6.546035394616536,20.66928265296007,Inositol phosphate metabolism
MI145PP,0.5670380397765236,0,95.78251811608226,26.46405878225758,Inositol phosphate metabolism
MLTG1,-0.8329399829112623,0,19.99113453402026,219.33763942871093,Starch and sucrose metabolism
MLTG1ly,-0.6719190837651959,0,4.1393312650787735,21.094268497952235,Starch and sucrose metabolism
MMMm,-0.5993006417524057,0,145.39531151768566,580.3124218490601,"Valine, leucine, and isoleucine metabolism"
MMSAD1m,-0.8708993394503491,0,16.04128739478432,232.4669282330513,"Valine, leucine, and isoleucine metabolism"
MMSAD3m,-0.36963510204254996,0,17.69414921511862,38.44523694820479,Propanoate metabolism
MMTSADm,-0.5993006417524057,0,145.39531151768566,580.3124218490601,"Valine, leucine, and isoleucine metabolism"
MTHFCm,0.5365675547510478,0,-43.13594048381364,-143.02254248835445,Folate metabolism
N2M2NMASNtly,-0.33608031356195617,0,1.512426124056091,3.043625322980579,"Transport, lysosomal"
N3Tg,-0.7953842926070098,0,0.31423170069946016,2.7572011301724997,O-glycan metabolism
NACHEX1ly,-0.462418383189958,0,0.9636320544996171,2.6214312154005617,Chondroitin sulfate degradation
NACHEX7ly,0.36000092529606725,0,3.0155523110573648,1.419080423329768,Chondroitin sulfate degradation
NACHEXA2ly,0.5545907346119686,0,7.126822696106929,2.0419218968367683,Chondroitin sulfate degradation
NADPHtru,1,-3.4024844720496894,590.0620744781494,NA,"Transport, endoplasmic reticular"
NADPtru,1,-3.406716417910448,590.0620744781494,NA,"Transport, endoplasmic reticular"
NADtn,-0.584289848186282,0,7.453899180541793,28.407140767705254,"Transport, nuclear"
NAGA2ly,-0.6672381396123449,0,1.4584538719726516,7.307297529186169,Keratan sulfate degradation
NAGLCAly,-0.7207000342894303,0,7.809550609743176,48.112766386428476,Keratan sulfate degradation
NAIt,1,-3.410958904109589,NA,-382.0312463897705,"Transport, extracellular"
NaKt,-1,-3.415211970074813,NA,95.52324302315712,"Transport, extracellular"
NAtx,1,-3.4194756554307117,568.8490137954711,NA,"Transport, peroxisomal"
NDP7ex,-0.686751710526214,0,5.662728753854459,30.492161434801073,Nucleotide interconversion
NDP8,0.8130752413785953,0,89.52807162694847,9.230181294617688,Nucleotide interconversion
NDP8ex,-0.686751710526214,0,5.662728753854459,30.492161434801073,Nucleotide interconversion
NDPK3m,0.5066361723754182,0,18.574490692502383,6.082411926816992,Nucleotide interconversion
NDPK4m,-0.7764101352300056,0,5.9177847552851714,47.016499733618275,Nucleotide interconversion
NDPK8m,0.34680986163036504,0,83.64762550985758,40.568313046753396,Nucleotide interconversion
NH4tn,-0.6602650905838956,0,2.7521013921431616,13.449362254163562,"Transport, nuclear"
NP1,0.3319888034484808,0,42.949916478831966,21.539989694006522,NAD metabolism
NTD2l,0.3510196079448548,0,16.31126816220957,7.835336470749027,Pyrimidine catabolism
NTD4e,-0.5665377459963601,0,79.9020329968512,288.7668984214783,Nucleotide interconversion
NTD9l,-0.3392754548570707,0,8.35033005531203,16.925952222064755,Purine catabolism
O2ter,-5.954007893112433,0,-164.69923789058254,117.33108978890776,"Transport, endoplasmic reticular"
O2tp,-1,-3.42375,NA,70.23461117129055,"Transport, peroxisomal"
OAGD3te,-0.5392366279311145,0,164.17812635386585,548.4571927978516,"Transport, extracellular"
OAGD3tg,0.5079644177096767,0,-124.39638418662548,-381.24340555210114,"Transport, golgi apparatus"
OAGT3tg,0.41349785626952906,0,-6.458280841719827,-15.564761736237921,"Transport, golgi apparatus"
OIVD2m,0.6577700515125823,0,142.32854196028708,29.382295535448474,"Valine, leucine, and isoleucine metabolism"
ORNTArm,0.7409518437632773,0,-18.856680620921587,-126.72768403821178,Urea cycle
ORPT,1.0348796155195261,0,420.53955365848543,-7.208415589054954,Pyrimidine synthesis
OXAHCOtex,-0.896755066260393,0,25.378093310163404,466.23137150230406,"Transport, extracellular"
P45027A11m,1,-3.4280350438047558,10.364390369586914,NA,Bile acid synthesis
P45027A12m,1,-3.4323308270676693,8.58480353492308,NA,Bile acid synthesis
P45027A13m,1,-3.4366373902133,8.58480353492308,NA,Bile acid synthesis
P45027A14m,1,-3.440954773869347,4.607290315050211,NA,Bile acid synthesis
P45027A15m,1,-3.4452830188679244,16.877744808934956,NA,Bile acid synthesis
P45027A16m,1,-3.4496221662468516,13.394803760298686,NA,Bile acid synthesis
P45027A1m,1,-3.4539722572509457,4.607290315050211,NA,Bile acid synthesis
P5CRxm,-0.706597114337305,0,19.089590197381227,111.03585253140777,Arginine and proline metabolism
PA_HStg,0.3770919367547072,0,-8.887894128363868,-19.648882493402017,"Transport, golgi apparatus"
PCHOL_HStg,-0.5854100945756835,0,18.399687350151613,70.36121642207243,"Transport, golgi apparatus"
PCHOLPg_hs,-0.3770919367547072,0,8.887894128363868,19.648882493402017,Glycerophospholipid metabolism
PCRNtm,1,-3.4583333333333335,39.02632437559478,NA,Fatty acid oxidation
PCt,-1,-3.4627054361567637,NA,28.08804633246949,"Transport, extracellular"
PDXPP,-0.36274092850965095,0,4.903312346157161,10.485444175393335,Vitamin B6 metabolism
PGESr,-0.9665363968660518,0,4.837622351882443,284.2897816827863,Eicosanoid metabolism
PGLer,-0.9322731757158151,0,10.185383384256859,290.59303024749755,Pentose phosphate pathway
PHEt4,-0.3750576667335635,0,99.01894934950452,217.87092697541715,"Transport, extracellular"
PI345P5P,0.33493792043834303,0,6.754740057139655,3.3651912950563396,Inositol phosphate metabolism
PI45P5P,0.656505756225045,0,103.50986355606355,21.463880926356698,Inositol phosphate metabolism
PI45PLC,0.5166025218218209,0,98.62884150431603,31.436670170869633,Inositol phosphate metabolism
PI4P3K,-0.48674549965266967,0,5.276105900301792,15.283308178800633,Inositol phosphate metabolism
PI4P5K,-0.5328859292154211,0,3.307126830895592,10.852698521146758,Glycerophospholipid metabolism
PI4PLC,0.6704725399049055,0,114.13802224830333,22.515552739287703,Inositol phosphate metabolism
PIK3,-0.37974656202459467,0,4.004915952689158,8.908888977636641,Inositol phosphate metabolism
PPDOy,0.7697707070982116,0,215.10837759599687,27.983427159543872,Pyruvate metabolism
PRAGSr,-0.42582332698818476,0,4.394944311717216,10.913738601727365,Purine synthesis
PRASCS,-0.42582332698818476,0,4.394944311717216,10.913738601727365,Purine synthesis
PRDX,0.3543115168441739,0,165.57375570805073,78.93979032435966,Miscellaneous
PRISTANALtx,-0.3570075460610574,0,1.8566271619482486,3.918330695098548,"Transport, peroxisomal"
PROSTGE2t,-1.592535709851597,0,-573.3764264431,131.04776399553708,"Transport, extracellular"
PROSTGE2t2,1,-3.4670886075949365,166.01716283075513,NA,"Transport, extracellular"
PROt4,-0.47133112703888785,0,27.070877077473025,75.3405886320442,"Transport, extracellular"
PSDm_hs,1,-3.4714828897338403,5.176554354431825,NA,Glycerophospholipid metabolism
PSFLIPm,1,-3.4758883248730963,5.176554354431825,NA,"Transport, mitochondrial"
PSSA1_hs,0.7236472248554092,0,-72.04320776427518,-449.34260228652954,Glycerophospholipid metabolism
PSt3,-0.4657815739038859,0,183.49572194228173,503.47317684021,"Transport, extracellular"
PTDCAt,-2.20662446331755,0,-2.1309458907992105,5.663023940899882,"Transport, extracellular"
PTE4x,-0.39148321183759976,0,3.3763096229098206,7.720539925335528,Fatty acid oxidation
PYAM5POr,-0.35142299486148615,0,4.774010482165317,9.947481165987556,Vitamin B6 metabolism
PYDXK,-1,-3.480304955527319,NA,39.880493804522395,Vitamin B6 metabolism
PYNP2r,1,-3.484732824427481,255.14492660179138,NA,Pyrimidine catabolism
PYRt2m,-0.3957277062389702,0,35.648201429621594,82.33900995730096,"Transport, mitochondrial"
RBK_D,-0.374129274671728,0,4.902252381932821,10.763130846725359,Pentose phosphate pathway
RNMK,1,-3.489171974522293,6.742435978970614,NA,NAD metabolism
S23T4g,-0.5673398995879839,0,0.2092920217627372,0.7581742251291363,Keratan sulfate synthesis
S2T3g,-0.3428427973523523,0,0.4714240618948045,0.9633135016454404,Chondroitin synthesis
S4T2g,-0.33220642925325256,0,0.717927247988035,1.4322199814476317,Chondroitin synthesis
S4T6g,-0.3428427973523523,0,0.4714240618948045,0.9633135016454404,Chondroitin synthesis
S4TASE1ly,-0.462418383189958,0,0.9636320544996171,2.6214312154005617,Chondroitin sulfate degradation
S6T16g,-0.5673398995879839,0,0.2092920217627372,0.7581742251291363,Keratan sulfate synthesis
S6T17g,-0.5673398995879839,0,0.2092920217627372,0.7581742251291363,Keratan sulfate synthesis
S6T18g,-0.5673398995879839,0,0.2092920217627372,0.7581742251291363,Keratan sulfate synthesis
S6T19g,-0.442743648174002,0,1.1397208961669267,2.950751621310279,Chondroitin synthesis
S6T22g,1,-3.493622448979592,1.156127773614365,NA,Chondroitin synthesis
S6TASE7ly,0.36000092529606725,0,3.0155523110573648,1.419080423329768,Chondroitin sulfate degradation
SALMCOM,0.4191845649486237,0,19.72139100812272,8.071175928139949,Tyrosine metabolism
SARCStm,1,-3.4980842911877397,36.70119056401998,NA,"Transport, mitochondrial"
SARDHm,1,-3.502557544757033,36.70119056401998,NA,Urea cycle
SBTD_D2,-0.800461851928232,0,30.202447856186353,272.5210979724884,Fructose and mannose metabolism
SBTR,-0.800461851928232,0,30.202447856186353,272.5210979724884,Fructose and mannose metabolism
SCP2x,0.5623994160386603,0,39.770715240538124,11.139077520871908,Bile acid synthesis
Ser_Thrtg,0.6672381396123449,0,-1.4584538719726516,-7.307297529186169,"Transport, golgi apparatus"
SERALANaEx,-0.759376951709802,0,9.338434894784903,68.28035483580231,"Transport, extracellular"
SERASNNaEx,-0.7039340748652025,0,49.2846328204263,283.6454927790478,"Transport, extracellular"
SERCYSNaEx,0.5120782474318953,0,249.04776229000092,80.36344736529588,"Transport, extracellular"
SERGLNNaEx,-0.6564404559657446,0,28.51069963746788,137.46169223778247,"Transport, extracellular"
SERPT,-0.5601669242525246,0,10.771673971934506,38.209062429613084,Sphingolipid metabolism
SERt4,0.8691304937871237,0,263.7115580435395,18.464094132807443,"Transport, extracellular"
SERTHRNaEx,0.4225193704440503,0,177.78828903696044,72.17426715861876,"Transport, extracellular"
SFGTH,-0.6512829898338168,0,7.110337682258458,33.669649957977306,Tyrosine metabolism
SLCBK1,-0.38041828196605354,0,6.909803849676815,15.394933842077451,Sphingolipid metabolism
SMPD3g,1,-3.507042253521127,9.511793222058726,NA,Sphingolipid metabolism
SO4HCOtex,-0.6656351716183019,0,25.77645881788302,128.40518129444123,"Transport, extracellular"
SO4t4_2,1,-3.5115384615384615,NA,-822.5000057250977,"Transport, extracellular"
SPRMS,-0.4487284443637498,0,17.699276315345674,46.51327423033975,Urea cycle
SQLSr,0.9748779728714426,0,360.67647746739385,4.588093227043283,Cholesterol metabolism
SR5AR2r,-1,-3.51604621309371,NA,487.1985534717083,Steroid metabolism
SR5ARr,-1,-3.520565552699229,NA,9.876302509207092,Steroid metabolism
ST6GALNAC27,-0.3831018636036224,0,0.9018882683444359,2.02205724270163,Sphingolipid metabolism
ST8SIA51g,-0.40993525297074185,0,7.360169109884379,17.586818985709908,Sphingolipid metabolism
STCOAtx,0.5474380967177626,0,10.739890598007408,3.140975616657408,"Transport, peroxisomal"
STRDNCCPT2,-0.5392973214137602,0,-39.51396806277,-11.826299360652252,Fatty acid oxidation
STRDNCCRNt,-1,-3.525096525096525,-52.164964149502104,NA,Fatty acid oxidation
STRDNCt,-1,-3.529639175257732,NA,137.71778132400513,"Transport, extracellular"
STS1,0.7519627663896931,0,609.8696185489655,86.34337210235614,Steroid metabolism
SUCCt2m,2.069725201743273,0,102.57616892745271,-294.35657899966554,"Transport, mitochondrial"
SUCD1m,0.4830272352417115,0,364.3211712228775,126.99977361937762,Citric acid cycle
SUCOAS1m,0.5364666132407785,0,-216.93233472220896,-719.0620981227875,Citric acid cycle
T4HCINNMFM,-0.6889323615768669,0,0.4724155447714477,2.5649659531318436,Ubiquinone synthesis
TAURt4_2_r,-1,-3.5341935483870968,-770.5055617858886,NA,"Transport, extracellular"
TAURtcx,-1,-3.5387596899224807,-568.8490137954711,NA,Taurine and hypotaurine metabolism
TCHOLAt,-1,-3.5433376455368695,-474.9101765041351,NA,"Transport, extracellular"
TCHOLAte,1,-3.5479274611398965,474.9101765041351,NA,"Transport, extracellular"
TCYNTt,-0.5303204806719122,0,24.151188871324553,78.6899522790269,"Transport, extracellular"
TETPENT3CPT1,-0.4085163134468313,0,-147.6306138438127,-61.995092915011384,Fatty acid oxidation
TETPENT3CPT2,-0.4085163134468313,0,-147.6306138438127,-61.995092915011384,Fatty acid oxidation
TETPENT3CRNt,-0.4085163134468313,0,-147.6306138438127,-61.995092915011384,Fatty acid oxidation
TETPENT3t,-1,-3.5525291828793772,NA,10.297891850279155,"Transport, extracellular"
TETPENT6t,-0.3639432132699487,0,3.9437611393703222,8.45689622848854,"Transport, extracellular"
TETTET6t,-1,-3.557142857142857,NA,10.404310904021985,"Transport, extracellular"
THCHOLSTOICtm,1,-3.5617685305591675,NA,-53.81389556231871,"Transport, peroxisomal"
THD1m,-0.48281560743067675,0,56.06296436218596,160.73771704921722,NAD metabolism
THFt2,-0.6194537502463164,0,94.48973637583852,402.11080264930723,"Transport, extracellular"
THFtm,-1.4299199117976817,0,-55.05399147388152,311.1667695198059,"Transport, mitochondrial"
THRALANaEx,-0.5421692574142785,0,67.46828107176172,227.26195347175783,"Transport, extracellular"
THRASNNaEx,-0.7362455891336133,0,9.867005952350956,64.95264100589007,"Transport, extracellular"
THRCYSNaEx,0.7842866227438103,0,70.11793229092346,8.476987826897835,"Transport, extracellular"
THRGLNNaEx,0.4057323262746215,0,10.744525700709266,4.542204923439777,"Transport, extracellular"
THRt4,-0.696484221614858,0,13.806367747603622,77.16990914357156,"Transport, extracellular"
THYMDtm,-0.4171874920860327,0,4.75166102660553,11.55430688617287,"Transport, mitochondrial"
THYOXt,-1,-3.56640625,-554.5091198074341,NA,"Transport, extracellular"
TMDK1m,-0.35383660228412395,0,11.131048564314915,23.3216877053719,Nucleotide interconversion
TMNDNCCPT2,0.7873249395015774,0,-54.0372703581811,-454.1301680950165,Fatty acid oxidation
TMNDNCCRNt,2.844099406631529,0,217.8562739748031,-454.1301680950165,Fatty acid oxidation
TMNDNCt,-1,-3.5710560625814862,NA,7.0868821775387785,"Transport, extracellular"
TRIODTHYSUFt,-1,-3.5757180156657964,NA,8.420130768907516,"Transport, extracellular"
TRIODTHYSULT,-0.6811012671461104,0,1.939658201208183,10.225069979739963,Tyrosine metabolism
TRIODTHYt,6.89604058360001,0,554.5091198074341,-742.6045414535522,"Transport, extracellular"
TSTSTERONEt,-3.2674162986417934,0,-549.6450954648018,292.0442161506653,"Transport, extracellular"
TSTSTERONEtr,1,-3.5803921568627453,NA,-18.465725962437666,"Transport, endoplasmic reticular"
TTDCAtr,-0.818355337039513,0,6.175214003271808,61.81702868227404,"Transport, extracellular"
TTDCPT2,3.2925701622284937,0,113.51275669060973,-212.53939374696017,Fatty acid oxidation
TTDCRNt,1,-3.5850785340314135,279.0828517068863,NA,Fatty acid oxidation
TYRTAm,-0.5950435728344973,0,0.47241554477144915,1.8607517447472146,Tyrosine metabolism
UDPACGALtl,1.0366695816753713,0,0.8264782764088188,-45.903527898925546,"Transport, lysosomal"
UDPtl,-1.0366695816753713,0,-0.8264782764088188,45.903527898925546,"Transport, lysosomal"
UGT1A3r,-0.3340217500296979,0,10.005242631429326,20.04151229450253,Steroid metabolism
UMPK2,-1.661710081927726,0,-53.22574526820425,214.09905435590744,Nucleotide interconversion
UMPK3n,1.9284760400975969,0,195.91711399345397,-617.9357887518465,Nucleotide interconversion
UMPK5n,-2.4310201008268373,0,-378.90259518241885,158.03382493469715,Nucleotide interconversion
UMPK6,-0.34324503126808886,0,-407.147626121521,-199.06734827842712,Nucleotide interconversion
UMPK6n,-1.1720476589388238,0,-34.97765802731803,441.5819471302033,Nucleotide interconversion
UMPK7,-1.3093504675496748,0,-237.34337049444318,31.79347771764414,Nucleotide interconversion
UMPKn,0.38219491812281503,0,435.03063280029295,194.44734761525692,Nucleotide interconversion
UREAtm,0.5392886427301461,0,-13.547852769920471,-45.2649051798908,Urea cycle
URIDK2m,-1.013739146473776,0,-593.4492385822297,4.048928595299685,Nucleotide interconversion
URIK1,-0.46510331630732354,0,18.982952602891462,51.995063083584796,Pyrimidine synthesis
Uritl,0.3510196079448548,0,16.31126816220957,7.835336470749027,"Transport, lysosomal"
VALt5m,-88.18660843775791,0,-41.032240888791634,40.112097346895936,"Transport, mitochondrial"
VALTAm,-88.18660843549844,0,-41.03224088881548,40.112097346895936,"Valine, leucine, and isoleucine metabolism"
VLCSp,-0.5678772632659659,0,3.5189277806047876,12.767777275466546,Bile acid synthesis
XOL7AONEtr,-1,-3.5897771952817825,NA,196.80783715205789,"Transport, endoplasmic reticular"
XOLTRIOLtm,1,-3.594488188976378,10.364390369586914,NA,"Transport, mitochondrial"
XYLUR,-1.2357045229249517,0,-51.55382431780458,488.9983304991245,Pentose phosphate pathway
EX_HC01440[e],-0.376597581420882,0,164.64814346709252,363.5761256731033,Exchange/demand reaction
EX_HC01446[e],0.376597581420882,0,-164.64814346709252,-363.5761256731033,Exchange/demand reaction
EX_orot[e],0.6346930532085433,0,494.6897167322129,110.5489435303308,Exchange/demand reaction
EX_prpp[e],-0.8993554344986047,0,-317.13410422782897,-16.804555664490348,Exchange/demand reaction
EX_pydx5p[e],-1.115749172273715,0,-2.463881460066675,45.03665172990966,Exchange/demand reaction
r0021,-0.481761572745249,0,-79.66663354307366,-27.862992016692832,Glutathione metabolism
r0022,0.34026876870181416,0,531.9987675083161,261.8700145324841,Glutathione metabolism
r0027,2.3831842945573847,0,395.6352830974579,-161.751906579113,Methionine and cysteine metabolism
r0047,0.5413091617897815,0,13.895421340181795,4.1352524333346246,Purine catabolism
r0051,-0.8993554344985879,0,-317.13410422782897,-16.80455566449333,Purine catabolism
r0074,-0.7651120304780238,0,-842.9495350891114,-112.17344921327945,Urea cycle
r0083,-0.7572424328422181,0,33.25868327325601,240.74870329475402,Miscellaneous
r0085,0.5021405365820042,0,155.92580773568153,51.67901210424868,Urea cycle
r0129,-0.45828169996745394,0,22.225653775925863,59.830476779717394,Glutathione metabolism
r0156,0.5021405365820042,0,155.92580773568153,51.67901210424868,Urea cycle
r0165,0.3915665936012637,0,465.23881879110337,203.41594905166625,Glycolysis/gluconeogenesis
r0170,-1,-3.5992115637319317,-357.3394263273239,NA,Cholesterol metabolism
r0202,0.73169303174035,0,-66.82277207827772,-431.28409791259764,Glycolysis/gluconeogenesis
r0208,-0.40098606514485724,0,3.059950949101326,7.156675980759003,Fructose and mannose metabolism
r0210,0.6970074708207366,0,116.19041904053093,20.745240982623677,Methionine and cysteine metabolism
r0224,0.5943966490446418,0,165.54068188056945,42.1123911232668,Folate metabolism
r0245,-0.8700402421887383,0,49.014160815057295,705.2833485145569,Glycerophospholipid metabolism
r0249,0.847584946565631,0,-10.185383384256859,-123.46786351950448,Pentose phosphate pathway
r0276,-0.6422574953413106,0,-271.7128147345543,-59.18878322476474,Purine catabolism
r0309,-1.0421915245627982,0,-2.4814068634387576,120.10725182409743,Fatty acid oxidation
r0310,-0.4467407796536649,0,6.72023991238091,17.57303768785177,Fatty acid oxidation
r0317,0.8910901684090256,0,-26.620826525558765,-462.23910717697146,Miscellaneous
r0357,1,-3.6039473684210526,41.18897247313009,NA,Fructose and mannose metabolism
r0361,-0.40235268964686194,0,12.401994843052712,29.100726337854528,Fructose and mannose metabolism
r0363,1,-3.608695652173913,4.8037912533603935,NA,Aminosugar metabolism
r0365,1,-3.613456464379947,17.69414921511862,NA,Propanoate metabolism
r0385,0.35056296593636854,0,22.313591868044345,10.72980178457806,Miscellaneous
r0391,-0.5838412299508475,0,236.45035326862336,899.8964945495605,NAD metabolism
r0407,1,-3.618229854689564,NA,-569.9537121704102,Miscellaneous
r0408,1.0414008037399707,0,7.646217368178817,-377.02152786712645,Miscellaneous
r0409,0.9237583178100232,0,-7.646217368178817,-192.93218406651616,Miscellaneous
r0426,-0.8910901684090256,0,26.620826525558765,462.23910717697146,Miscellaneous
r0451,-0.4641834861319124,0,5.037304884176305,13.765045374914202,Miscellaneous
r0456,0.7715837441602844,0,39.09436226800438,5.040567731068027,Nucleotide interconversion
r0463,-0.3903962176491625,0,-327.945454709053,-143.78404303588866,Cholesterol metabolism
r0480,0.6875829358308069,0,-98.8279925536096,-533.8390662475585,Glycerophospholipid metabolism
r0488,1.4530579462250905,0,166.48800840435027,-30.748851764734972,Cholesterol metabolism
r0510,-0.46061765337299293,0,5.176753984139824,14.018364345231996,Miscellaneous
r0527,-1,-3.623015873015873,NA,891.9473292053223,NAD metabolism
r0557,-0.4641834861319124,0,5.037304884176305,13.765045374914202,Miscellaneous
r0560,0.5257517656117443,0,28.14364462323189,8.747867164660818,"Valine, leucine, and isoleucine metabolism"
r0561,0.35056296593636854,0,22.313591868044345,10.72980178457806,"Valine, leucine, and isoleucine metabolism"
r0575,-1,-3.6278145695364237,-357.3394263273239,NA,Cholesterol metabolism
r0584,0.6439704525855836,0,-8.791105479099311,-40.59302874763953,NAD metabolism
r0591,-0.5578823632705657,0,2.5531104701568648,8.996351745571522,CoA synthesis
r0603,1,-3.63262599469496,26.74954681479123,NA,"Valine, leucine, and isoleucine metabolism"
r0604,0.4016334867616328,0,27.954202481498978,11.933832080353607,Miscellaneous
r0633,0.35899626685174496,0,117.30917653498649,55.331734108197686,Fatty acid oxidation
r0636,-1,-3.637450199203187,-310.10836109085085,NA,Fatty acid oxidation
r0641,-0.8590248199122308,0,-291.78096408987045,-22.126586755681085,Fatty acid oxidation
r0642,0.5487508170210211,0,-36.44377935565929,-125.08018890981674,Miscellaneous
r0643,1.1310613929675741,0,47.6106235064778,-774.1498800861359,"Valine, leucine, and isoleucine metabolism"
r0652,-0.775994149347507,0,5.947235908936511,47.151697816349426,Fatty acid oxidation
r0660,0.6613986816275867,0,34.50140486420011,7.031557989003626,Fatty acid oxidation
r0661,-0.3435310649999239,0,5.023706727480402,10.281531524135632,Fatty acid oxidation
r0666,-0.42582332698818476,0,4.394944311717216,10.913738601727365,Purine synthesis
r0670,0.4016334867616328,0,27.954202481498978,11.933832080353607,Miscellaneous
r0672,1,-3.6422872340425534,NA,-196.80783715205789,Bile acid synthesis
r0720,-0.440682309387105,0,21.890739982056477,56.38584718638733,Fatty acid oxidation
r0722,-0.40020625120853254,0,-29.237016339766093,-12.523997531627957,Fatty acid oxidation
r0723,-0.3435310649999239,0,5.023706727480402,10.281531524135632,Fatty acid oxidation
r0724,0.40020625120853254,0,29.237016339766093,12.523997531627957,Fatty acid oxidation
r0737,-0.376597581420882,0,164.64814346709252,363.5761256731033,Miscellaneous
r0741,1,-3.6471371504660453,17.499642941248556,NA,Bile acid synthesis
r0747,-1,-3.652,-35.94614051664614,NA,Bile acid synthesis
r0750,-1,-3.656875834445928,-27.864033297270538,NA,Bile acid synthesis
r0758,0.8040773329645734,0,-23.52049428101919,-216.57928219626024,Tryptophan metabolism
r0783,-0.9342032425885188,0,28.591481937246186,840.4933502662659,Cholesterol metabolism
r0784,1,-3.661764705882353,266.6258384724617,NA,Pentose phosphate pathway
r0788,0.6875829358308069,0,-98.8279925536096,-533.8390662475585,Sphingolipid metabolism
r0789,0.6875829358308069,0,-98.8279925536096,-533.8390662475585,Sphingolipid metabolism
r0797,-0.6910130412584288,0,-264.1377856985092,-48.26404593011206,Bile acid synthesis
r0819,-9.598970205731964,0,-196.30330721969605,241.96070630891322,"Transport, mitochondrial"
r0821,0.46717090715996845,0,267.3234816520691,97.08325562372981,"Transport, mitochondrial"
r0822,0.41963526133198403,0,199.4131026729487,81.5225828577809,"Transport, mitochondrial"
r0829,-105.88340788478399,0,-275.8241060806036,270.6628914161548,"Transport, mitochondrial"
r0830,1.6383313714661067,0,565.4907679637909,-136.81772554035132,"Transport, mitochondrial"
r0835,-1.5922185773054196,0,-59.94363669441938,262.3811791543722,"Transport, mitochondrial"
r0840,0.847584946565631,0,-10.185383384256859,-123.46786351950448,"Transport, endoplasmic reticular"
r0841,-1,-3.6666666666666665,NA,123.46786351950448,"Transport, endoplasmic reticular"
r0853,1,-3.6715817694369974,50.44083019137383,NA,Purine catabolism
r0871,1.115749172271343,0,2.463881460018945,-45.03665172990966,"Transport, extracellular"
r0885,1.4403526104927182,0,463.9918009344101,-83.72560584489959,"Transport, mitochondrial"
r0899,0.43068586049837077,0,50.363675892011585,20.04126384013577,"Transport, extracellular"
r0907,-1,-3.676510067114094,NA,9.660913934289301,"Transport, mitochondrial"
r0913,-8.326772184094509,0,-104.91949709052807,133.55952968722733,"Transport, mitochondrial"
r0915,4.838974008609375,0,600.3170493934631,-394.6928940167427,"Transport, mitochondrial"
r0917,-0.5926331217365057,0,-397.44230518798827,-101.65858598855901,"Transport, mitochondrial"
r0927,-1,-3.681451612903226,NA,89.32011130614113,"Transport, mitochondrial"
r0934,1,-3.686406460296097,568.8490137954711,NA,"Transport, peroxisomal"
r0954,-0.7824284315126515,0,-189.43941623220445,-23.123863036671846,"Transport, peroxisomal"
r0970,0.3921360627025037,0,54.52775172561854,23.809062019103767,"Transport, endoplasmic reticular"
r0987,0.5602396357156085,0,11.940548274498957,3.3654957474148817,"Transport, lysosomal"
r1019,-0.6488862531649628,0,-286.9505619648933,-61.10323666931163,"Transport, peroxisomal"
r1020,1,-3.6913746630727764,8.008361518749059,NA,"Transport, mitochondrial"
r1078,-0.5950435728350237,0,0.4724155447707026,1.8607517447473079,"Transport, mitochondrial"
r1090,-0.929325923993516,0,23.070959707963258,629.8122758888245,"Transport, extracellular"
r1116,1,-3.6963562753036436,20.572149046132036,NA,"Transport, extracellular"
r1135,1,-3.7013513513513514,1.2977439386749978,NA,Miscellaneous
r1146,1,-3.706359945872801,1.2977439386749978,NA,"Transport, mitochondrial"
r1147,2.1321942523433814,0,345.44794101104736,-124.86906679046083,"Transport, peroxisomal"
r1154,0.40609234774069597,0,264.5037952007413,111.72155817060023,Propanoate metabolism
r1164,-0.49681433693666405,0,18.603754362176726,55.3401424051486,Miscellaneous
r1167,0.764889877318925,0,312.78446963825223,41.66763942297552,Miscellaneous
r1172,-0.49681433693666405,0,18.603754362176726,55.3401424051486,Miscellaneous
r1177,0.764889877318925,0,312.78446963825223,41.66763942297552,Miscellaneous
r1253,-0.5957545330142092,0,8.281380240165861,32.69065737804174,Fatty acid oxidation
r1292,-1,-3.7113821138211383,NA,262.7593381643295,"Transport, peroxisomal"
r1383,-0.34037901724853215,0,6.941173554797837,14.10477172682197,Folate metabolism
r1384,-0.6646807296268346,0,-410.48522570209207,-82.6846877792865,Nucleotide interconversion
r1428,-0.73169303174035,0,66.82277207827772,431.28409791259764,"Transport, peroxisomal"
r1429,0.73169303174035,0,-66.82277207827772,-431.28409791259764,"Transport, peroxisomal"
r1435,-0.492495693283464,0,106.72747502882778,313.86984253616333,"Transport, mitochondrial"
r1449,0.6597733988543454,0,8.491512333775459,1.7406221728224962,Fatty acid oxidation
r1459,1.4256291542998287,0,304.01977785224915,-53.34685259215832,"Transport, nuclear"
r1467,-0.365718754969003,0,11.64262328674351,25.06860971266369,"Transport, mitochondrial"
r1472,-0.33323097710612526,0,14.974795463290182,29.942694549360336,Fatty acid oxidation
r1474,-0.33323097710612526,0,14.974795463290182,29.942694549360336,Fatty acid oxidation
r1477,-0.33323097710612526,0,14.974795463290182,29.942694549360336,Fatty acid oxidation
r1514,-1,-3.716417910447761,NA,3.476540893161655,"Transport, extracellular"
r1515,-1,-3.7214673913043477,NA,4.740384701811772,"Transport, extracellular"
r1516,-1,-3.726530612244898,NA,3.5279209999228027,"Transport, extracellular"
r1517,-1,-3.731607629427793,NA,4.638799296438809,"Transport, extracellular"
r1518,-1,-3.7366984993178716,NA,6.2139416770442395,"Transport, extracellular"
r1521,-1,-3.7418032786885247,NA,5.3820214462291665,"Transport, extracellular"
r1522,-1,-3.746922024623803,NA,3.90005322604141,"Transport, extracellular"
r1523,-1,-3.752054794520548,NA,24.704331726385444,"Transport, extracellular"
r1525,-1,-3.757201646090535,NA,4.765216358899728,"Transport, extracellular"
r1527,-0.770920163934836,0,3.8341260876050915,29.640021209361173,"Transport, extracellular"
r1529,-0.818355337039513,0,6.175214003271808,61.81702868227404,"Transport, extracellular"
r1531,-0.501627840593949,0,3.8067950910132478,11.470122044767784,"Transport, extracellular"
r1533,-0.9328966675483371,0,3.7548508049556157,108.1576479568718,"Transport, extracellular"
r1540,1,-3.7623626373626373,400.5244885430813,NA,"Transport, extracellular"
r1664,0.5944470311399725,0,-103.15229188014493,-405.5471866126232,"Transport, extracellular"
r1666,-2.183515666928396,0,-35.38345201187666,95.17725618467331,"Transport, extracellular"
r1669,-1.1155478091292148,0,-510.4040686420441,27.877446989250927,"Transport, extracellular"
r1670,1.3102486286433273,0,62.01964145486821,-461.825704908371,"Transport, extracellular"
r1671,1.0423799083167098,0,14.843956625142297,-715.362537940216,"Transport, extracellular"
r1672,-0.7130615089824872,0,42.05562481426101,251.07775485277176,"Transport, extracellular"
r1673,0.796145608597525,0,171.4034099503208,19.453510702294693,"Transport, extracellular"
r1674,-0.6435392214680337,0,12.830026575539287,59.155601848311164,"Transport, extracellular"
r1676,0.608192852056378,0,49.924037637290546,12.163090250951518,"Transport, extracellular"
r1677,0.803216448081298,0,70.51590268951236,7.6953434030400905,"Transport, extracellular"
r1682,-0.4359694352175922,0,9.020466062275823,22.96526884468173,"Transport, extracellular"
r1685,0.8287762590979693,0,120.57309473247528,11.28895688005723,"Transport, extracellular"
r1687,0.8502529369472306,0,82.62874331479571,6.687416292145951,"Transport, extracellular"
r1690,0.8169281861973143,0,47.945357715361915,4.830924891280587,"Transport, extracellular"
r1692,-0.4915069031504475,0,9.643039380418148,28.284867370580393,"Transport, extracellular"
r1693,0.4707615617028416,0,20.348038727052806,7.3220326929453226,"Transport, extracellular"
r1696,-0.36054980508628187,0,12.392498739611526,26.367357268513274,"Transport, extracellular"
r1700,0.896449626838819,0,222.47507526874543,12.147634578378586,"Transport, extracellular"
r1706,0.8110259330208988,0,498.08891057472226,51.97379310382791,"Transport, extracellular"
r1707,0.7077540680738522,0,62.47642550113909,10.691516732610319,"Transport, extracellular"
r1710,0.7084649576694922,0,63.62747014804019,10.857487664420978,"Transport, extracellular"
r1715,0.9563324232223267,0,314.1247127312422,7.011622793820646,"Transport, extracellular"
r1720,0.3718475070770693,0,7.591979851746955,3.4762763685421754,"Transport, extracellular"
r1721,-0.9022492905271667,0,26.737808826287115,520.3233628108978,"Transport, extracellular"
r1722,-0.4252717291003713,0,6.123712695458082,15.186228038351878,"Transport, extracellular"
r1723,0.9305710558843624,0,288.3500108394861,10.369904141729393,"Transport, extracellular"
r1725,-0.826902648535422,0,12.416816249212419,131.04946031889952,"Transport, extracellular"
r1726,0.6085138226336628,0,31.063471392073414,7.56034514586887,"Transport, extracellular"
r1731,0.632420491504557,0,47.44338577434195,10.68304184801004,"Transport, extracellular"
r1732,0.5807284840596723,0,13.15745082596863,3.489874706088954,"Transport, extracellular"
r1733,0.3639122992723588,0,30.4678748154346,14.209301028920024,"Transport, extracellular"
r1735,0.4796116965843549,0,16.443016253350788,5.783107386127142,"Transport, extracellular"
r1737,-0.46855109611055057,0,8.00830864597118,22.129334267060575,"Transport, extracellular"
r1740,0.7968188143951723,0,52.09453497400181,5.890760545666228,"Transport, extracellular"
r1741,-0.856407164374496,0,2.025030356754355,26.180142247200852,"Transport, extracellular"
r1742,0.613769849721624,0,89.11116417990065,21.327340040849744,"Transport, extracellular"
r1744,0.6779797140090781,0,70.4530672029607,13.520614498628143,"Transport, extracellular"
r1745,0.350537123185108,0,14.797850840370694,7.116172234347058,"Transport, extracellular"
r1748,-0.9910868868942276,0,2.3655079394135488,528.4272490562439,"Transport, extracellular"
r1749,-0.8711735434369785,0,3.04623491020606,44.24583523558502,"Transport, extracellular"
r1750,-0.8923163416371935,0,2.3950518855260126,42.08805580118788,"Transport, extracellular"
r1751,0.5064911275343007,0,169.5510237517357,55.542932200388236,"Transport, extracellular"
r1753,-0.6480352769829061,0,6.395866830003292,29.947927941114504,"Transport, extracellular"
r1754,-0.9649848962590948,0,10.46130577595379,587.0697398757934,"Transport, extracellular"
r1755,-0.9773017037986997,0,5.333717892277103,464.63264830322265,"Transport, extracellular"
r1756,0.983275453038854,0,498.0888118938446,4.200278742206984,"Transport, extracellular"
r1758,-0.748734513178578,0,67.67776706802708,471.0175223182678,"Transport, extracellular"
r1759,-0.613498133266473,0,122.68762450256348,512.1741190612793,"Transport, extracellular"
r1761,0.4613192377254381,0,99.91959393621683,36.832994213848096,"Transport, extracellular"
r1762,-0.9545776016512477,0,4.3340846432959506,186.5006048866987,"Transport, extracellular"
r1765,-0.7897847231680737,0,3.0612475756390567,26.06363451451104,"Transport, extracellular"
r1768,-0.8131969384978736,0,17.94736142320361,174.2053932360053,"Transport, extracellular"
r1770,-0.844631313004713,0,10.56894106345771,125.4808804012537,"Transport, extracellular"
r1771,-0.621795276769077,0,4.079110553049468,17.49180224889805,"Transport, extracellular"
r1772,-0.552701338643592,0,7.795833921654855,27.06156492686586,"Transport, extracellular"
r1774,-0.4907428494838588,0,8.086282363166504,23.670885326951986,"Transport, extracellular"
r1776,-0.7692405852827923,0,2.6339651891770126,20.194704162449636,"Transport, extracellular"
r1777,0.5683550352357484,0,16.599767364916705,4.568612232782612,"Transport, extracellular"
r1778,0.7819899438217376,0,188.03781215997338,23.00469435013502,"Transport, extracellular"
r1782,-0.8860065532142576,0,30.531431939438388,505.1385175239563,"Transport, extracellular"
r1785,0.905449777269966,0,254.9290254413247,12.649819703126566,"Transport, extracellular"
r1786,0.353395850139242,0,21.86973084792883,10.44857550076996,"Transport, extracellular"
r1791,0.8830927163423588,0,202.82041592521668,12.5916178690265,"Transport, extracellular"
r1792,-0.8479311636998703,0,2.344762001612369,28.493403906156466,"Transport, extracellular"
r1796,0.6530027038990229,0,32.91320507707838,6.909119471386425,"Transport, extracellular"
r1798,-0.33238033901842895,0,3.907425955006359,7.798118933415432,"Transport, extracellular"
r1799,-0.372314709263123,0,2.9695243779691474,6.492301227289331,"Transport, extracellular"
r1800,0.5091700662551968,0,259.657320368588,84.44878957154992,"Transport, extracellular"
r1805,-0.5434727516788694,0,3.1750274738916873,10.734448841345944,"Transport, extracellular"
r1807,-0.5261851010902535,0,16.147717141569586,52.012727701873146,"Transport, extracellular"
r1808,0.9384513863961211,0,110.52701968090534,3.509391504408983,"Transport, extracellular"
r1810,0.45092437430201476,0,14.66404748636213,5.549338884538768,"Transport, extracellular"
r1811,0.7522735557211532,0,20.977737933938215,2.9657129792438512,"Transport, extracellular"
r1815,-0.5286162498906777,0,18.630340599456407,60.41498328001844,"Transport, extracellular"
r1817,0.40824961064237525,0,54.07623397259437,22.722983387639676,"Transport, extracellular"
r1819,-0.9718887508352749,0,2.5290672292804897,177.40368598711117,"Transport, extracellular"
r1821,-0.4755561043140157,0,14.52271230710873,40.86057054381548,"Transport, extracellular"
r1822,-0.8852976827072158,0,7.996252656161544,131.4299218953194,"Transport, extracellular"
r1824,0.6916262945098687,0,52.010966426775,9.481298851407663,"Transport, extracellular"
r1825,-0.42268456379205394,0,3.577830425302075,8.816885533802676,"Transport, extracellular"
r1827,-0.9247753146650656,0,19.721071406667708,504.6033925338745,"Transport, extracellular"
r1828,-0.5119043510607565,0,3.2285160813109686,10.000514287336484,"Transport, extracellular"
r1829,-0.7059680342358114,0,9.918560605790624,57.547305426919834,"Transport, extracellular"
r1830,0.6387162456100935,0,49.336197654589554,10.877030580322712,"Transport, extracellular"
r1831,0.3840012863799771,0,11.619450750511326,5.171647444062475,"Transport, extracellular"
r1832,-0.9155516666246426,0,2.3268482658009253,52.780178073215396,"Transport, extracellular"
r1834,-0.4844925223139607,0,15.902509561963765,45.79401376819405,"Transport, extracellular"
r1835,-0.5524069342697545,0,6.684883987781446,23.185480410626276,"Transport, extracellular"
r1836,0.6273277382321204,0,95.70422807620764,21.91710391212044,"Transport, extracellular"
r1843,0.769260383038071,0,57.64511671059092,7.5178375535022806,"Transport, extracellular"
r1846,0.8186380883203376,0,42.89188735390799,4.277351682014974,"Transport, extracellular"
r1850,-0.589019672198099,0,18.566483649929427,71.78569329844639,"Transport, extracellular"
r1851,0.7934953668283536,0,57.332766379364394,6.601345121299907,"Transport, extracellular"
r1852,0.6173040490550442,0,43.99006515300041,10.4091867114871,"Transport, extracellular"
r1853,-0.7573856855795281,0,2.890730362292689,20.939111411039782,"Transport, extracellular"
r1854,0.33332404638092766,0,17.33253287819792,8.666447527569177,"Transport, extracellular"
r1856,-0.5457219432170705,0,4.550545175265434,15.483639207273866,"Transport, extracellular"
r1858,0.6000273437554939,0,25.13456512071095,6.283104357007496,"Transport, extracellular"
r1859,0.4485603834262344,0,9.523185243123784,3.625297004608124,"Transport, extracellular"
r1860,-0.409803375078113,0,25.382063377433678,60.63016477040779,"Transport, extracellular"
r1862,0.47653127856922345,0,14.332391105166462,5.081205224543155,"Transport, extracellular"
r1863,-0.7626135312741497,0,4.576773604464466,33.98291034913128,"Transport, extracellular"
r1864,0.723994384592647,0,30.912331724830903,4.948958777150638,"Transport, extracellular"
r1865,-0.7313125727330088,0,2.9231018730589597,18.835280369027203,"Transport, extracellular"
r1866,-0.8265820755940281,0,15.902144637950824,167.4946373547092,"Transport, extracellular"
r1867,-0.3732793956956839,0,5.403853833478158,11.841003911311144,"Transport, extracellular"
r1871,0.42851748185447036,0,13.510129051880073,5.404765898290948,"Transport, extracellular"
r1872,-0.9521348934890543,0,11.11829397098092,453.4495209335327,"Transport, extracellular"
r1873,0.7778481597455412,0,148.5895512044387,18.567076193601803,"Transport, extracellular"
r1876,-0.5263891068054405,0,2.6230102644817856,8.45363641815375,"Transport, extracellular"
r1879,-0.9657447838607165,0,3.30626105117442,189.73067894248962,"Transport, extracellular"
r1880,-0.9348322915382269,0,14.242723923596222,422.8671349246979,"Transport, extracellular"
r1881,0.428754584790018,0,3.5478342984248625,1.418496989248706,"Transport, extracellular"
r1883,-0.7420512334034676,0,1.6361608697925587,11.049775887189421,"Transport, extracellular"
r1884,-0.6660233724253609,0,27.206370877633546,135.71743055846133,"Transport, extracellular"
r1885,0.36824885369778115,0,45.7690829971285,21.132610906629708,"Transport, extracellular"
r1889,-0.73817064783371,0,11.103187139866055,73.70920725367256,"Transport, extracellular"
r1891,-0.6120032217506618,0,3.6906953326177843,15.333665381254093,"Transport, extracellular"
r1893,-0.9361383672646759,0,2.23078573420901,67.63231167373061,"Transport, extracellular"
r1894,0.5204348343498466,0,8.643050312464085,2.7261318677902118,"Transport, extracellular"
r1895,-0.534793221145599,0,4.1405031845358815,13.660196945982916,"Transport, extracellular"
r1896,0.42355952741364933,0,18.654327017711406,7.553677155606096,"Transport, extracellular"
r1899,-0.870969623313395,0,5.686629383399129,82.45741125923303,"Transport, extracellular"
r1900,-0.5965781672112571,0,5.605893668304789,22.185828111118045,"Transport, extracellular"
r1901,0.9525076268662815,0,186.182213146735,4.528655876145171,"Transport, extracellular"
r1902,-0.8326825664419423,0,40.7447296232,446.2903480342865,"Transport, extracellular"
r1904,0.8352765895066497,0,354.39549257392883,31.80841216742217,"Transport, extracellular"
r1905,0.7293725519361777,0,31.00628174237566,4.852136049281234,"Transport, extracellular"
r1906,0.9210228646908472,0,86.12166751627922,3.540635935938038,"Transport, extracellular"
r1907,-0.38264731021758297,0,2.399029972612899,5.372961669501516,"Transport, extracellular"
r1908,0.3705993704670886,0,15.163040291135275,6.963104836113454,"Transport, extracellular"
r1909,-0.38538062724855693,0,11.71936074906874,26.41598372146145,"Transport, extracellular"
r1910,-0.9803411470351103,0,4.422935646795766,445.54590584106444,"Transport, extracellular"
r1911,0.7209499091848021,0,22.164174037662566,3.5938958740428,"Transport, extracellular"
r1914,-0.8676385942936343,0,4.951370744420706,69.86455793202389,"Transport, extracellular"
r1915,0.45215753662825897,0,7.143060320095715,2.6947983693699893,"Transport, extracellular"
r1916,-0.6838646795476885,0,14.777325700469017,78.71001813271177,"Transport, extracellular"
r1920,0.7386453011553855,0,14.625320023764546,2.1984910365426393,"Transport, extracellular"
r1923,0.7374386127546525,0,24.54619190779453,3.7094157753768946,"Transport, extracellular"
r1925,-0.3532751441424073,0,2.872696782493186,6.011133045521796,"Transport, extracellular"
r1929,-0.48708980680626157,0,6.838431464947411,19.82678812200033,"Transport, extracellular"
r1930,-0.5891210045008128,0,3.855504232160138,14.911598853632748,"Transport, extracellular"
r1932,-0.41771617747592066,0,5.710725648074389,13.904195554165371,"Transport, extracellular"
r1933,0.5230978768333185,0,7.023666659136831,2.199203080186522,"Transport, extracellular"
r1934,0.6355536414078086,0,36.5110193590779,8.135659826143947,"Transport, extracellular"
r1936,-0.33169114428074825,0,2.266344729267261,4.515982662842965,"Transport, extracellular"
r1937,0.9673782164253316,0,213.87819610500335,3.546388877556568,"Transport, extracellular"
r1940,0.9102052298878827,0,416.02102283058167,19.55628197556165,"Transport, extracellular"
r1943,-0.9663689679605776,0,1.8864205356047383,110.29690666015148,"Transport, extracellular"
r1944,-0.7148996494459781,0,11.637792508901876,70.00218082881383,"Transport, extracellular"
r1945,0.6966448672959021,0,16.735245805874584,2.9922129316125052,"Transport, extracellular"
r1946,0.3748072856088659,0,4.973221105577431,2.261569046665503,"Transport, extracellular"
r1947,-0.9493938356210408,0,3.545454950071921,136.57403419050576,"Transport, extracellular"
r1953,-0.8839543544996845,0,2.423435446474397,39.34349921145401,"Transport, extracellular"
r1956,0.46464407589104495,0,14.734538143374406,5.385760550231904,"Transport, extracellular"
r1957,-0.6525425532839114,0,2.298688435368186,10.93279333078012,"Transport, extracellular"
r1958,0.5814169659439739,0,7.888058056457547,2.0878790004071934,"Transport, extracellular"
r1959,-0.9674369148030532,0,4.4505169154536315,268.89685717617124,"Transport, extracellular"
r1960,-0.4653462308033933,0,1.8998935158541317,5.207111522973114,"Transport, extracellular"
r1963,-0.33312231716801466,0,1.6401832401345688,3.2788094997913233,"Transport, extracellular"
r1964,0.470504805311417,0,23.950901591738862,8.624172634783841,"Transport, extracellular"
r1965,-0.48562904872218005,0,2.253759745405686,6.509409091430105,"Transport, extracellular"
r1966,-0.5414127017496011,0,4.266048725545047,14.339127396082676,"Transport, extracellular"
r1967,-0.7483826186304782,0,1.5892079689803258,11.042733118161316,"Transport, extracellular"
r1968,0.9092098294393179,0,87.19659808985442,4.146529046110152,"Transport, extracellular"
r1969,0.818346841638164,0,54.90997126876139,5.485515457294168,"Transport, extracellular"
r1970,-0.4383923764465633,0,1.3800846696249165,3.5346800584347347,"Transport, extracellular"
r1975,-0.885352506760394,0,1.547507109661566,25.4484099563553,"Transport, extracellular"
r1976,0.3391663019746363,0,5.345328724003353,2.6377406171554316,"Transport, extracellular"
r1977,-0.6085419567254144,0,3.5477758558755617,14.578181277093595,"Transport, extracellular"
r1979,-0.3840385936294816,0,2.505164716598401,5.628996582109566,"Transport, extracellular"
r1980,0.5171295046845767,0,6.6691314611328165,2.1226446404325956,"Transport, extracellular"
r1984,0.645276073916951,0,45.409235463660956,9.790297530888735,"Transport, extracellular"
r1985,0.49812021967206105,0,23.9519931357807,8.024069694509112,"Transport, extracellular"
r1987,0.3924645569369462,0,6.230236502484156,2.718266310670426,"Transport, extracellular"
r1990,-0.8505675803844495,0,10.882806153216503,134.77241620368622,"Transport, extracellular"
r1991,0.37209399674834653,0,24.36996091053926,11.152329790086718,"Transport, extracellular"
r2080,0.3509300710895035,0,-189.07854007068872,-393.53523280296326,"Transport, extracellular"
r2081,9.276085316395532,0,151.1198303819474,-121.70788493209109,"Transport, extracellular"
r2082,0.6425321431926129,0,433.2898173442841,94.29780904102675,"Transport, extracellular"
r2083,3.6272500196788995,0,305.06633273106814,-537.2987662231445,"Transport, extracellular"
r2084,-28.335891299399556,0,-762.9425551055908,818.7623962623596,"Transport, extracellular"
r2085,1.5708042363847954,0,617.5446125061035,-137.11548938117176,"Transport, extracellular"
r2086,-0.7352185996186422,0,57.50543024692941,376.8561235790253,"Transport, extracellular"
r2087,11.869094901122185,0,380.60106007347105,-450.63468541870117,"Transport, extracellular"
r2089,-1.7923493612208765,0,-19.200558242292143,5.448297505192086,"Transport, extracellular"
r2091,-2.181154619974432,0,-415.9779686264038,154.45156182147636,"Transport, extracellular"
r2092,2.669502131155293,0,52.97551015455965,-24.102105392218753,"Transport, extracellular"
r2093,-0.5425281024666753,0,-75.10651467297981,-22.274550285092694,"Transport, extracellular"
r2094,-0.4017157155447192,0,208.58615607295036,488.6949241508484,"Transport, extracellular"
r2095,-2.462958068824998,0,-409.4416110448837,172.97232501404844,"Transport, extracellular"
r2096,-1.0150081916318445,0,-63.73584250017861,0.47471754310093905,"Transport, extracellular"
r2097,-0.6251481617573496,0,-546.8091657394409,-126.12537476196215,"Transport, extracellular"
r2098,2.239729028430353,0,234.39906651821136,-612.5447114822388,"Transport, extracellular"
r2100,2.611901768925223,0,245.43494838662147,-549.9633670758963,"Transport, extracellular"
r2101,-0.6659222256149818,0,-444.8540784759343,-89.2093629451856,"Transport, extracellular"
r2102,-1.2984963895913701,0,-48.65944644145621,6.319204653991884,"Transport, extracellular"
r2103,0.6718133724547031,0,422.6980346683502,82.97806726126633,"Transport, extracellular"
r2104,-0.3592565224937606,0,-846.5924192871094,-399.07740870666504,"Transport, extracellular"
r2105,2.087681162007639,0,694.5389598299026,-244.66157716756396,"Transport, extracellular"
r2106,-0.3866596600374341,0,253.40675157243012,572.9101725284577,"Transport, extracellular"
r2107,-0.9258155908048418,0,-498.85175799102785,-19.216285878682882,"Transport, extracellular"
r2109,2.416039037571937,0,415.8556670579433,-172.38323452185233,"Transport, extracellular"
r2110,-1.1709610790633425,0,-765.4895405578613,60.28155876564011,"Transport, extracellular"
r2111,1.2986844498833576,0,221.3605787305832,-28.762957302539238,"Transport, extracellular"
r2112,6.1345719784299755,0,276.0952104109764,-383.63882322654723,"Transport, extracellular"
r2113,1.1033170342917755,0,15.817047545784757,-322.00174698491446,"Transport, extracellular"
r2114,-1.4349631756748586,0,-74.17702328563854,415.24968154251576,"Transport, extracellular"
r2115,-1.122094970451038,0,-46.101757984698985,801.2804162765503,"Transport, extracellular"
r2117,-2.407002218258827,0,-181.0918818164587,438.507086236763,"Transport, extracellular"
r2118,-25.98576444039951,0,-497.57738356151583,460.7003564414978,"Transport, extracellular"
r2121,0.7561455438704179,0,-58.45720861085449,-420.9862228414774,"Transport, extracellular"
r2123,-0.6182412649671213,0,15.951432809362418,67.6167024841947,"Transport, extracellular"
r2124,-0.6172021541692855,0,-206.40946830005646,-48.85789919375402,"Transport, extracellular"
r2126,1.1196380712827696,0,779.9981197441101,-44.02519086378645,"Transport, extracellular"
r2127,-13.722077947651309,0,-135.29033361298664,156.55892419538648,"Transport, extracellular"
r2128,-0.7153498604109104,0,-451.6619524924278,-74.95009664865248,"Transport, extracellular"
r2130,-1.4526700094799612,0,-55.24410783698131,299.32525604667666,"Transport, extracellular"
r2132,-1.4911672155325209,0,-59.17723452167483,300.14296940898896,"Transport, extracellular"
r2133,1.286772950358188,0,342.56827585277557,-42.959802874190174,"Transport, extracellular"
r2193,-0.9618655538659264,0,-398.604924017334,-7.748022270823922,"Transport, extracellular"
r2198,-0.6323184178550922,0,-498.5361152212143,-112.29582757620067,"Transport, extracellular"
r2338,1,-3.767537826685007,144.41034523680509,NA,"Transport, extracellular"
r2347,-0.6340292003636397,0,9.138418693338178,40.80227986741252,"Transport, extracellular"
r2371,-1.880896803410923,0,-227.87928791475295,745.2595009712219,"Transport, mitochondrial"
r2372,0.8380023597509424,0,220.44562822683156,19.429611385704018,"Transport, mitochondrial"
r2374,0.673929247135767,0,-60.72379616563693,-311.73399486427905,"Transport, mitochondrial"
r2375,-0.5415892091579458,0,108.75528276163683,365.7330361623764,"Transport, mitochondrial"
r2377,5.30813810284611,0,147.9803733519271,-101.06308303922415,"Transport, mitochondrial"
r2378,3.3612591610998583,0,268.9430951502949,-145.6103211894507,"Transport, mitochondrial"
r2379,-3.7686812599057964,0,-476.10091721246243,276.4226870000839,"Transport, mitochondrial"
r2380,-1.3690790156765122,0,-518.9177326030731,80.84223645513951,"Transport, mitochondrial"
r2384,-0.3815625119668472,0,12.726194718658755,28.429766764635215,"Transport, mitochondrial"
r2386,-0.428101047390168,0,9.956665760368931,24.8630019971333,"Transport, mitochondrial"
r2387,-0.5906935599896261,0,23.632638460741052,91.8438659409101,"Transport, mitochondrial"
r2389,-0.39876794076066974,0,13.045298709746442,30.34992118671469,"Transport, mitochondrial"
r2390,-0.36934159301523645,0,21.76407108562409,47.25608576816348,"Transport, mitochondrial"
r2404,-1,-3.772727272727273,NA,49.79426619424708,"Transport, mitochondrial"
r2434,-1,-3.7779310344827586,-310.10836109085085,NA,"Transport, mitochondrial"
r2437,1,-3.7831491712707184,NA,-46.332236011200024,"Transport, mitochondrial"
r2473,-1,-3.788381742738589,NA,247.31051825752257,"Transport, endoplasmic reticular"
r2498,-0.4682047540342641,0,2.0977119220745752,5.791459476083177,"Transport, peroxisomal"
r2499,0.41878327344638544,0,20.48522219307837,8.391946824170393,"Transport, peroxisomal"
r2501,-0.5543832196695896,0,4.9485081903124195,17.26119489422251,"Transport, peroxisomal"
r2502,0.41310917558029364,0,11.995218278413295,4.9818398083937,"Transport, peroxisomal"
r2503,-0.4092382942831908,0,4.2346337844333775,10.10154861687926,"Transport, peroxisomal"
r2510,-1,-3.793628808864266,-5.989359645256461,NA,"Transport, endoplasmic reticular"
r2512,-1,-3.798890429958391,NA,6.939338606595371,"Transport, endoplasmic reticular"
r2516,-1.9967153566383353,0,-175.97082418174745,529.0722849142313,"Transport, peroxisomal"
r2517,-0.3525231879368904,0,3.5189277806047876,7.350736476226691,"Transport, peroxisomal"
r2520,-0.6826723360677244,0,-680.1532075939178,-128.2670570232369,"Transport, mitochondrial"
r2525,-3.1096995803329164,0,-316.4126362800598,616.3725350540161,"Transport, extracellular"
r2532,-1.3613766224595354,0,-46.41896149568951,7.103791645874547,"Transport, extracellular"
r2534,4.20313352225983,0,487.74489442749024,-300.26368052404524,"Transport, extracellular"
r2535,0.5261842417987803,0,117.56986383129875,36.500477889343586,"Transport, extracellular"
r2537,5.331149835791517,0,121.0286276826066,-176.91615513892174,"Transport, endoplasmic reticular"
r2538,-0.4907717449171398,0,136.14278611427545,398.55961798591613,"Transport, endoplasmic reticular"
RE0383C,0.6429606807863084,0,673.6234813537598,146.3882075825436,Miscellaneous
RE0453M,161.5567643948492,0,12.344195301223989,-12.19231979672342,Pyrimidine synthesis
RE0512X,0.4131091755802626,0,11.995218278413295,4.981839808394073,Fatty acid oxidation
RE0577C,-1,-3.8041666666666667,-74.86975284142792,NA,Fatty acid synthesis
RE0578C,1,-3.8094575799721837,3.20556759111215,NA,Fatty acid synthesis
RE0579C,-0.33199381198770855,0,3.353964792962897,6.687752943044613,Fatty acid synthesis
RE0830N,1,-3.8147632311977717,52.508677170937226,NA,Tetrahydrobiopterin metabolism
RE0915C,-0.8175820282445372,0,24.130465806998917,240.43190789756775,Starch and sucrose metabolism
RE1135C,-1.1540258698438872,0,-60.00848135169488,839.2085133010864,Steroid metabolism
RE1233C,-3.5593879235422388,0,-390.1364073139906,219.00097692012787,Tryptophan metabolism
RE1234C,1,-3.8200836820083683,267.1789137973785,NA,Urea cycle
RE1516X,0.41310917558029364,0,11.995218278413295,4.9818398083937,Fatty acid oxidation
RE1517X,0.4131091755802626,0,11.995218278413295,4.981839808394073,Fatty acid oxidation
RE1518M,1,-3.8254189944134076,NA,-168.7321151418686,Fatty acid oxidation
RE1518X,0.4088379249100015,0,18.799638019089123,7.888510683736391,Fatty acid oxidation
RE1520X,0.4088379249100015,0,18.799638019089123,7.888510683736391,Fatty acid oxidation
RE1521M,0.5096151302647481,0,9.325439158721194,3.0292848656541436,Fatty acid oxidation
RE1521X,0.4088379249100015,0,18.799638019089123,7.888510683736391,Fatty acid oxidation
RE1522X,0.4088379249100015,0,18.799638019089123,7.888510683736391,Fatty acid oxidation
RE1523X,0.4131091755802626,0,11.995218278413295,4.981839808394073,Fatty acid oxidation
RE1525X,0.4088379249100015,0,18.799638019089123,7.888510683736391,Fatty acid oxidation
RE1526M,0.5096151302647481,0,9.325439158721194,3.0292848656541436,Fatty acid oxidation
RE1526X,0.4088379249100015,0,18.799638019089123,7.888510683736391,Fatty acid oxidation
RE1527X,0.4088379249100015,0,18.799638019089123,7.888510683736391,Fatty acid oxidation
RE1531X,0.4131091755802626,0,11.995218278413295,4.981839808394073,Fatty acid oxidation
RE1532X,0.4088379249100015,0,18.799638019089123,7.888510683736391,Fatty acid oxidation
RE1533M,0.5096151302647481,0,9.325439158721194,3.0292848656541436,Fatty acid oxidation
RE1533X,0.4088379249100015,0,18.799638019089123,7.888510683736391,Fatty acid oxidation
RE1534X,0.4088379249100015,0,18.799638019089123,7.888510683736391,Fatty acid oxidation
RE1573M,0.5096151302654708,0,9.325439158721194,3.0292848656482296,Fatty acid oxidation
RE1573X,0.4088379249100015,0,18.799638019089123,7.888510683736391,Fatty acid oxidation
RE1709N,-1,-3.830769230769231,-52.508677170937226,NA,Tetrahydrobiopterin metabolism
RE1711C,1,-3.8361344537815127,NA,-216.57928219626024,Tryptophan metabolism
RE1796R,1,-3.841514726507714,NA,-284.12868621273043,Bile acid synthesis
RE1804M,-1,-3.8469101123595504,-419.44375569763184,NA,Bile acid synthesis
RE1807M,-1,-3.852320675105485,-16.795874966163492,NA,Bile acid synthesis
RE1810M,-1,-3.8577464788732394,-4.6072903150443665,NA,Bile acid synthesis
RE1834C,1,-3.863187588152327,406.3664329963684,NA,Bile acid synthesis
RE1834M,-0.8888606054748959,0,13.771892054835147,234.05907937850952,Bile acid synthesis
RE1835C,1,-3.8686440677966103,6.296025036603633,NA,Bile acid synthesis
RE1918C,-0.5409899089125392,0,199.9697497452855,671.3389801849365,Tyrosine metabolism
RE1925C,1,-3.8741159830268743,357.8497175994873,NA,Tyrosine metabolism
RE2080C,-0.4718046521097542,0,6.947606890068667,19.35935290357312,Eicosanoid metabolism
RE2349C,-1.6736740797617724,0,-343.9507806584358,86.6637887532128,Tryptophan metabolism
RE2407C,-0.3767041391562761,0,0.726261779338603,1.6041300135910002,Cholesterol metabolism
RE2624M,0.45033851465396263,0,-3.995634741460466,-10.542894327735745,Fatty acid oxidation
RE2625C,1,-3.8796033994334276,17.499642941248556,NA,Bile acid synthesis
RE2625M,-1,-3.8851063829787233,-13.405020194468309,NA,Bile acid synthesis
RE2640C,-1,-3.890625,-767.0709392837524,NA,Methionine and cysteine metabolism
RE2649C,1,-3.8961593172119486,7.282463279739667,NA,Bile acid synthesis
RE2660N,-1,-3.9017094017094016,-52.508677170937226,NA,Tetrahydrobiopterin metabolism
RE2766C,-0.8355421650201452,0,-584.8257946044922,-52.398242793824615,Steroid metabolism
RE2814M,1,-3.907275320970043,4.607290315050211,NA,Bile acid synthesis
RE2888C,-0.39008900678253494,0,102.8053443924144,234.31054804325103,Purine catabolism
RE2973N,-0.4635628702639232,0,276.92188448729513,755.5267255615234,Phosphatidylinositol phosphate metabolism
RE2985X,0.4013708668569179,0,6.804419742202506,2.906670880744271,Fatty acid oxidation
RE2986X,0.4013708668569179,0,6.804419742202506,2.906670880744271,Fatty acid oxidation
RE2987X,0.4013708668569179,0,6.804419742202506,2.906670880744271,Fatty acid oxidation
RE2988X,0.4013708668569179,0,6.804419742202506,2.906670880744271,Fatty acid oxidation
RE2989X,0.4013708668569179,0,6.804419742202506,2.906670880744271,Fatty acid oxidation
RE2990X,0.4013708668569179,0,6.804419742202506,2.906670880744271,Fatty acid oxidation
RE2991X,0.4013708668569179,0,6.804419742202506,2.906670880744271,Fatty acid oxidation
RE2992X,0.4013708668569179,0,6.804419742202506,2.906670880744271,Fatty acid oxidation
RE2993X,0.4013708668569179,0,6.804419742202506,2.906670880744271,Fatty acid oxidation
RE2994X,0.4013708668569179,0,6.804419742202506,2.906670880744271,Fatty acid oxidation
RE2996X,0.4013708668569179,0,6.804419742202506,2.906670880744271,Fatty acid oxidation
RE2997X,0.4013708668569179,0,6.804419742202506,2.906670880744271,Fatty acid oxidation
RE2998M,-0.8301255894093255,0,16.892557501743383,181.99034008131028,Fatty acid oxidation
RE3002X,-0.4013708668569179,0,-6.804419742202506,-2.906670880744271,Fatty acid oxidation
RE3010C,0.9627722275268967,0,104.63691120604659,1.9846414515326882,Eicosanoid metabolism
RE3010X,-0.9625759845570574,0,-104.07781219182397,-1.9846414515326882,Eicosanoid metabolism
RE3136C,-0.3767041391562761,0,0.726261779338603,1.6041300135910002,Cholesterol metabolism
RE3237C,-1,-3.912857142857143,NA,3.1830593935800797,Fatty acid synthesis
RE3247M,-0.4503385146539625,0,3.9956347414604685,10.54289432773575,Fatty acid oxidation
RE3251M,1,-3.9184549356223175,15.184607026199636,NA,Bile acid synthesis
RE3301C,1,-3.9240687679083095,39.33199060017198,NA,Glycerophospholipid metabolism
RE3346C,-1.03887916621037,0,-17.499642941248556,917.7063421569824,Bile acid synthesis
RE3352C,0.39008900678253494,0,-102.8053443924144,-234.31054804325103,Purine catabolism
RE3430C,0.96277222752693,0,104.63691120614195,1.9846414515326882,Eicosanoid metabolism
RE3430X,-0.9625759845570574,0,-104.07781219182397,-1.9846414515326882,Eicosanoid metabolism
RE3431C,-0.714341457188913,0,-256.0638594813943,-42.66759615437426,Eicosanoid metabolism
RE3432C,-0.714341457188913,0,-256.0638594813943,-42.66759615437426,Eicosanoid metabolism
RE3432X,-0.9625759845570572,0,-104.07781219182397,-1.9846414515326896,Eicosanoid metabolism
RE3470M,-1,-3.9296987087517934,-7.138647497916293,NA,Arachidonic acid metabolism
RE3476M,1,-3.935344827586207,7.138647497916293,NA,Arachidonic acid metabolism
RE3526M,1,-3.9410071942446043,3.5693237489581464,NA,Arachidonic acid metabolism
RE3597C,0.4843851354946805,0,176.65876812678874,61.36405210027602,Eicosanoid metabolism
RE3597X,-0.45944780778604893,0,-184.356514783144,-68.28220761530734,Eicosanoid metabolism
EX_HC02187[e],-1,-3.946685878962536,NA,114.02782421902864,Exchange/demand reaction
EX_HC02180[e],0.6340292003636397,0,-9.138418693338178,-40.80227986741252,Exchange/demand reaction
EX_HC02203[e],-1,-3.9523809523809526,NA,106.42224011298678,Exchange/demand reaction
EX_crm_hs[e],-0.3888745579386262,0,-190.7641453310013,-83.93905841136444,Exchange/demand reaction
EX_CE0074[e],-0.39008900678253494,0,102.8053443924144,234.31054804325103,Exchange/demand reaction
3HBCOARc,0.35389485061778614,0,193.9977657441616,92.57953478348256,Fatty acid oxidation
ADPACtx,-0.5363425796311444,0,1.2708444140924022,4.210980563846705,Fatty acid oxidation
ADPCOACROT,1.3075336677534866,0,1.1864363185132096,-8.90225050679412,Fatty acid oxidation
ADPCOAPTE,-0.5363425796311444,0,1.2708444140924022,4.210980563846705,Fatty acid oxidation
BCRNe,0.35389485061778614,0,193.9977657441616,92.57953478348256,Fatty acid oxidation
C10DCCACT,1.9068278893830364,0,2.2798936352839836,-7.30817664681579,Fatty acid oxidation
C10DCe,1,-3.958092485549133,2.2798936352839836,NA,Fatty acid oxidation
C12DCe,1,-3.963820549927641,5.196076788216157,NA,Fatty acid oxidation
C12OHc,-0.44636179188026043,0,6.9427764172029445,18.13777732847126,Fatty acid oxidation
C14OHc,-0.440682309387105,0,21.890739982056477,56.38584718638733,Fatty acid oxidation
C16OHc,-0.693532414211964,0,3.6727367730388436,20.295453948305756,Fatty acid oxidation
C4CRNCPT2,-0.7817878029194476,0,-226.66186240456702,-27.758851479749662,Fatty acid oxidation
C4DCCACT,1,-3.9695652173913043,1.175913890524459,NA,Fatty acid oxidation
C4OHc,0.35389485061778614,0,193.9977657441616,92.57953478348256,Fatty acid oxidation
C4tcx,0.6302570718439919,0,-2.0259489043861016,-8.932740228574296,"Transport, peroxisomal"
C4tmc,-0.7817878029194476,0,-226.66186240456702,-27.758851479749662,"Transport, mitochondrial"
C4x,0.6302570718455913,0,-2.0259489043861016,-8.9327402286217,"Transport, peroxisomal"
C60CPT1,1,-3.9753265602322205,169.31596020059288,NA,Fatty acid oxidation
C6COAt,-1,-3.9811046511627906,-169.31596020059288,NA,"Transport, peroxisomal"
C6CRNtcx,-1,-3.986899563318777,-169.31596020059288,NA,"Transport, peroxisomal"
C6DCCACT,1.3075336677534866,0,1.1864363185132096,-8.90225050679412,Fatty acid oxidation
C6DCe,1,-3.992711370262391,1.1864363185132096,NA,Fatty acid oxidation
C80CPT1,-1,-3.9985401459854013,-332.96713205280304,NA,Fatty acid oxidation
C8CRNe,-1,-4.004385964912281,NA,10.91013450036156,Fatty acid oxidation
C8DCe,1,-4.010248901903368,2.342761349130669,NA,Fatty acid oxidation
DCATDc,-0.770920163934836,0,3.8341260876050915,29.640021209361173,Fatty acid oxidation
DDCRNe,-0.44636179188026043,0,6.9427764172029445,18.13777732847126,Fatty acid oxidation
DOCO13EFATP,0.43056565189728696,0,20.356926423859317,8.103041696947937,Fatty acid oxidation
DOCOSACTDe,-1,-4.016129032258065,NA,12.050257767323172,Fatty acid oxidation
EX_3bcrn[e],0.35389485061778614,0,193.9977657441616,92.57953478348256,Exchange/demand reaction
EX_3ddcrn[e],-0.44636179188026043,0,6.9427764172029445,18.13777732847126,Exchange/demand reaction
EX_3hexdcrn[e],-0.693532414211964,0,3.6727367730388436,20.295453948305756,Exchange/demand reaction
EX_3tdcrn[e],-0.440682309387105,0,21.890739982056477,56.38584718638733,Exchange/demand reaction
EX_c10dc[e],1,-4.022026431718062,2.2798936352839836,NA,Exchange/demand reaction
EX_c12dc[e],1,-4.027941176470589,5.196076788216157,NA,Exchange/demand reaction
EX_c6dc[e],1,-4.0338733431516935,1.1864363185132096,NA,Exchange/demand reaction
EX_c8crn[e],-1,-4.039823008849558,NA,10.91013450036156,Exchange/demand reaction
EX_c8dc[e],1,-4.045790251107829,2.342761349130669,NA,Exchange/demand reaction
EX_doco13ac[e],-0.37808820748245614,0,-24.800367317126877,-11.192056364421244,Exchange/demand reaction
EX_docosac[e],1,-4.0517751479289945,NA,-5.654163845537416,Exchange/demand reaction
FAOXC101x,0.38092350712362494,0,22.743399153782427,10.196005580018461,Fatty acid oxidation
FAOXC10DCC8DCx,1,-4.057777777777778,8.71880715775902,NA,Fatty acid oxidation
FAOXC12DCC10DCx,1,-4.063798219584569,14.424037232472495,NA,Fatty acid oxidation
FAOXC12DCTc,1,-4.069836552748885,5.196076788216157,NA,Fatty acid oxidation
FAOXC12DCx,1,-4.075892857142857,5.196076788216157,NA,Fatty acid oxidation
FAOXC14DCC12DCx,0.6319547517704912,0,23.700037049552357,5.34493129143924,Fatty acid oxidation
FAOXC16BRx,-0.39148321183759976,0,3.3763096229098206,7.720539925335528,Fatty acid oxidation
FAOXC16C16OHm,-0.693532414211964,0,3.6727367730388436,20.295453948305756,Fatty acid oxidation
FAOXC16DCC14DCx,0.6319547517704912,0,23.700037049552357,5.34493129143924,Fatty acid oxidation
FAOXC16DCr,0.40123023907132493,0,30.61712011373255,13.083221571762703,Fatty acid oxidation
FAOXC4C4DCc,-1,-4.081967213114754,-1.175913890524459,NA,Fatty acid oxidation
FAOXC61C4m,-1,-4.088059701492537,NA,22.028780191554453,Fatty acid oxidation
FAOXC61C4x,1,-4.0941704035874436,11.329874848261005,NA,Fatty acid oxidation
FAOXC8DCC6DCx,1,-4.100299401197605,4.364299945311412,NA,Fatty acid oxidation
FAOXTC101TC102m,0.3632836411789578,0,13.456726215993811,6.28491200150366,Fatty acid oxidation
FAOXTC102C101m,0.3632836411789578,0,13.456726215993811,6.28491200150366,Fatty acid oxidation
FAOXTC122TC101m,0.3632836411789578,0,13.456726215993811,6.28491200150366,Fatty acid oxidation
FAOXTC122m,0.3632836411789578,0,13.456726215993811,6.28491200150366,Fatty acid oxidation
FAOXTC142TC122m,0.3632836411789578,0,13.456726215993811,6.28491200150366,Fatty acid oxidation
FAOXTC162TC142m,0.3434676946600739,0,18.718519456763843,9.147456824117299,Fatty acid oxidation
HDDACBP,-0.44636179188026043,0,6.9427764172029445,18.13777732847126,Fatty acid oxidation
HDECAACBP,-0.693532414211964,0,3.6727367730388436,20.295453948305756,Fatty acid oxidation
HEXCOAACBP,0.3350032303994545,0,84.3859486107111,42.03464227499254,Fatty acid oxidation
HEXDCRNe,-0.693532414211964,0,3.6727367730388436,20.295453948305756,Fatty acid oxidation
HEXDIACtr,0.40123023907132493,0,30.61712011373255,13.083221571762703,Fatty acid oxidation
HEXDICOAACBPx,0.6319547517704912,0,23.700037049552357,5.34493129143924,Fatty acid oxidation
HTDCACBP,-0.440682309387105,0,21.890739982056477,56.38584718638733,Fatty acid oxidation
HTDCRNe,-0.440682309387105,0,21.890739982056477,56.38584718638733,Fatty acid oxidation
PRISTCOAtcx,-0.3570075460610574,0,1.8566271619482486,3.918330695098548,"Transport, peroxisomal"
SBCOAACOTx,-0.6226154047731743,0,1.4961114336921386,6.4327306685823675,Fatty acid oxidation
SEBCOACROT,1.9068278893819668,0,2.2798936352839836,-7.308176646821724,Fatty acid oxidation
STCOATxc,-0.40277618731765125,0,5.343543083998514,12.551065170145687,"Transport, peroxisomal"
SUBEACtx,-0.6226154047731743,0,1.4961114336921386,6.4327306685823675,Fatty acid oxidation
SUBERCACT,1.4912321088262437,0,2.342761349130669,-11.881068422454899,Fatty acid oxidation
SUBERCROT,1.4912321088262437,0,2.342761349130669,-11.881068422454899,Fatty acid oxidation
SUCCCROT,1,-4.106446776611694,1.175913890524459,NA,Fatty acid oxidation
ALAyLATthc,1,-4.112612612612613,113.82029952514935,NA,"Transport, extracellular"
BALABETAtc,1,-4.118796992481203,22.161215873215806,NA,"Transport, extracellular"
GLNyLATthc,1,-4.125,64.08541572403745,NA,"Transport, extracellular"
GLYSARCNc,-0.603169890721898,0,8.334195240008615,33.669649957977306,"Transport, extracellular"
GLYSARPEPT1tc,-0.6031698907219016,0,8.334195240008523,33.669649957977306,"Transport, extracellular"
HISyLATtc,1,-4.131221719457014,24.61650218332852,NA,"Transport, extracellular"
HISyLATthc,1,-4.137462235649547,230.4756281205654,NA,"Transport, extracellular"
LEUyLAThtc,1,-4.143721633888048,35.19606570877938,NA,"Transport, extracellular"
METyLATthc,1,-4.15,25.002399927200617,NA,"Transport, extracellular"
OCDEAFABP1tc,-0.787031661755021,0,-154.37684098205565,-18.397759810908617,"Transport, endoplasmic reticular"
PHEyLATthc,1,-4.156297420333839,21.105363063841278,NA,"Transport, extracellular"
PMTCOAFABP1tc,-0.5993595323186229,0,43.80863236776367,174.88436497869492,"Transport, endoplasmic reticular"
PNTORDe,-1,-4.1626139817629175,NA,39.13990985365065,"Transport, extracellular"
PROGLYPRO1c,-0.9045345613858816,0,-220.05736487514972,-11.030449792828316,"Transport, extracellular"
TAUBETAtc,1,-4.168949771689498,369.98107288475035,NA,"Transport, extracellular"
VITEtl,-1,-4.175304878048781,NA,5.694879294684218,"Transport, extracellular"
AHCYStd,1,-4.181679389312977,559.6418775039673,NA,"Transport, mitochondrial"
AMETtd,1,-4.1880733944954125,559.6418775039673,NA,"Transport, mitochondrial"
BTNt3ile,-0.4592597906077774,0,2.3336860822385304,6.297764073323344,"Transport, extracellular"
CRNrtx,-1,-4.194486983154671,-403.8859829901218,NA,"Transport, peroxisomal"
DATPtm,0.8376160888318492,0,263.3333119504929,23.269873068300413,"Transport, mitochondrial"
DPMVDc,-0.4024947621655184,0,22.951407820759155,53.872714772512765,Squalene and cholesterol synthesis
DTMPKm,-0.4171874920860327,0,4.75166102660553,11.55430688617287,Pyrimidine synthesis
EX_glysar[e],0.6031698907219016,0,-8.334195240008523,-33.669649957977306,Exchange/demand reaction
EX_q10h2[e],-0.43264123855400655,0,1.0157852972216612,2.5649659531257902,Exchange/demand reaction
GNDc,1,-4.200920245398773,80.4826078292787,NA,Pentose phosphate pathway
LACLt,1,-4.207373271889401,789.3093796379089,NA,"Transport, peroxisomal"
MAL_Ltx,0.9520512363051401,0,658.0886331665039,16.164809496343324,"Transport, peroxisomal"
MDHx,-0.9520512363051401,0,-658.0886331665039,-16.164809496343324,Citric acid cycle
MEVK1c,-0.4024947621655184,0,22.951407820759155,53.872714772512765,Squalene and cholesterol synthesis
P5CR,0.3923766901353407,0,841.9840310440063,367.4358579978943,Arginine and proline metabolism
PGLc,-0.5725659578603717,0,49.40651048648655,181.77072677412033,Pentose phosphate pathway
PMEVKc,-0.4024947621655184,0,22.951407820759155,53.872714772512765,Squalene and cholesterol synthesis
Q10H2e,-0.43264123855400655,0,1.0157852972216612,2.5649659531257902,"Transport, extracellular"
5MTAte,-0.8369461698329701,0,-256.7402882751465,-22.789174799420778,"Transport, extracellular"
EX_5mta[e],0.8369461698329701,0,256.7402882751465,22.789174799420778,Exchange/demand reaction
5HOXINDOAtr,-1,-4.213846153846154,NA,216.57928219626024,"Transport, extracellular"
GLYALDtr,1,-4.220338983050848,NA,-963.4210422180175,"Transport, extracellular"
LKYNRtr,1.7036002076650625,0,25.401805163234055,-97.6070287731912,"Transport, extracellular"
LKYNRtr2,-0.9584063073858662,0,4.569833528576271,215.16701796815394,"Transport, extracellular"
LKYNRtr3,-1.1404478703126955,0,-29.971638684855403,456.7725380950928,"Transport, extracellular"
CRTNtr,0.36458558629772364,0,-38.23075820135295,-82.10254673140543,"Transport, extracellular"
CHOLPtr,-3.389751711070194,0,-109.00344692028762,200.22919762513638,"Transport, extracellular"
G3PCtr,1,-4.226851851851852,62.3556653411245,NA,"Transport, extracellular"
GLCURtr,-0.5631619926187262,0,-725.6271609748841,-202.78226095490456,"Transport, extracellular"
OROT5Ptr,0.762622733701702,0,480.8668867064476,64.7596702557154,"Transport, extracellular"
EX_5hoxindoa[e],1,-4.23338485316847,NA,-216.57928219626024,Exchange/demand reaction
EX_cala[e],-1,-4.239938080495356,NA,83.87076828447934,Exchange/demand reaction
EX_cholp[e],3.389751711070194,0,109.00344692028762,-200.22919762513638,Exchange/demand reaction
EX_g3pc[e],-1,-4.246511627906977,-62.3556653411245,NA,Exchange/demand reaction
EX_glyald[e],-1,-4.253105590062112,NA,963.4210422180175,Exchange/demand reaction
EX_Lkynr[e],1,-4.259720062208398,NA,-574.3325275115967,Exchange/demand reaction
EX_orot5p[e],-0.762622733701702,0,-480.8668867064476,-64.7596702557154,Exchange/demand reaction
FOLOAT2tc,-1,-4.266355140186916,-38.19181060300297,NA,"Transport, extracellular"
GSNt2r,-1,-4.273010920436818,-592.9049094276428,NA,"Transport, extracellular"
H2OGLYAQPt,-0.9702993669442063,0,10.27013866734162,681.306949810791,"Transport, extracellular"
NACSMCTte,0.6389435394273534,0,-193.50043673534392,-878.3565045776368,"Transport, extracellular"
PSHSABCtc,-1,-4.2796875,NA,9.799597744807985,"Transport, extracellular"
CGMPt,-0.4695785010282872,0,2.261589600839114,6.265929005489938,"Transport, extracellular"
FRUt4,0.6361229310601493,0,-69.72792720167972,-313.5219841204643,"Transport, extracellular"
MANt4,-3.349970182192715,0,-96.61371039142013,178.8391880792022,"Transport, extracellular"
CHSTEROLt,-1,-4.286384976525822,NA,8.171504883556032,"Transport, extracellular"
AVITE1t,-1,-4.293103448275862,NA,5.694879294684218,"Transport, extracellular"
r0295,1,-4.2998430141287285,186.56460609002113,NA,"Transport, extracellular"
EX_lneldccrn[e],-1,-4.306603773584905,-26.978958825279538,NA,Exchange/demand reaction
EX_odecrn[e],1,-4.313385826771653,17.307726658525475,NA,Exchange/demand reaction
biomass_maintenance,-0.33164745597833495,0,0.9093332636372943,1.8117853189765476,Exchange/demand reaction
biomass_maintenance_noTrTr,-1,-4.32018927444795,NA,1.332402125705978,Exchange/demand reaction
DESAT14_9,-0.8063405592417537,0,8.694097801658065,81.09339479480451,Fatty acid synthesis
3MHISc,0.33164745581882754,0,-0.11494881793452005,-0.22902778224540088,Histidine metabolism
LCAT10e,-0.6952871288768526,0,16.2344854308411,90.32146916997432,Cholesterol metabolism
LCAT12e,0.7806488149055577,0,31.644001695033953,3.898101194818915,Cholesterol metabolism
LCAT14e,0.3653692630197468,0,8.518468113482719,3.959428297694247,Cholesterol metabolism
LCAT15e,-0.34028878173416643,0,4.648460713205366,9.443949979535796,Cholesterol metabolism
LCAT19e,0.39502761276405196,0,4.076957342688282,1.7680270940145326,Cholesterol metabolism
LCAT20e,-0.4036474583300565,0,1.9105107233758103,4.496809074493682,Cholesterol metabolism
LCAT25e,0.4825974348611837,0,84.5776718804121,29.516241803353513,Cholesterol metabolism
LCAT31e,-0.5853143009376559,0,0.9809931745661796,3.750268003643375,Cholesterol metabolism
LCAT44e,-0.6655666218793655,0,11.11852025731626,55.373169775522875,Cholesterol metabolism
LCAT49e,-0.3603372044076015,0,2.224175654241623,4.730037314113963,Cholesterol metabolism
LCAT7e,0.3381365567931918,0,4.7808872842191255,2.3647022446648216,Cholesterol metabolism
SMS15,-0.3884978685073397,0,2.30167751627633,5.226268496464449,Glycerophospholipid metabolism
SMS6,-0.3689867793547913,0,1.9872657321956626,4.311384334640309,Glycerophospholipid metabolism
XOLEST182CEH,0.5602396357156085,0,11.940548274498957,3.3654957474148817,Cholesterol metabolism
XOLEST205CEH,0.8042056786664001,0,47.681716829558916,5.174470680950879,Cholesterol metabolism
XOLEST226CEH,0.9335961235351123,0,163.15344382771252,5.603042433157674,Cholesterol metabolism
MAGLINL_HSe,1,-4.327014218009479,4.640948163843562,NA,Glycerophospholipid metabolism
MAGOLE_HSe,1,-4.333860759493671,2.3230493815066073,NA,Glycerophospholipid metabolism
LPS5e,1,-4.340729001584786,7.972652249013868,NA,Glycerophospholipid metabolism
LPS6e,1,-4.347619047619047,3.4472073288359812,NA,Glycerophospholipid metabolism
LPS7e,1,-4.354531001589825,25.76377084677813,NA,Glycerophospholipid metabolism
PEPALM_HSPLA2,-0.3725779610790211,0,3.4270296067737496,7.497131146863306,Glycerophospholipid metabolism
PCHOL2PALM_HSPLA2,-0.7376530620025108,0,6.350672602446579,42.06363442870588,Glycerophospholipid metabolism
PCHOLAR_HSPLA2,-0.5699061566915979,0,3.099408398186533,11.313299183698467,Glycerophospholipid metabolism
PEDH12_HSPLA2,0.6807252714500183,0,12.61201700761624,2.3958099369211356,Glycerophospholipid metabolism
PAILAR_HSPLA2,-0.38029062051154594,0,3.8940421762437265,8.673275037699707,Glycerophospholipid metabolism
PELINL_HSPLA2,-0.3373445112859676,0,2.4083098517681942,4.860353557152863,Glycerophospholipid metabolism
2OXOADPt,-1,-4.361464968152866,-39.43723699381929,NA,"Transport, extracellular"
3HMPtd,-1,-4.368421052631579,NA,29.816250222964282,"Transport, extracellular"
3MHISt3,1,-4.375399361022364,0.11494881793452005,NA,"Transport, extracellular"
56DURAtd,1,-4.3824,889.5497030685425,NA,"Transport, extracellular"
ADPACtd,1.7430914104902888,0,1.2708444140924022,-4.691269939543987,"Transport, extracellular"
ALLTNt,0.39008900678253494,0,-102.8053443924144,-234.31054804325103,"Transport, extracellular"
ARACHETH,0.6283079420914766,0,60.71964130764408,13.860405547194533,Glycerophospholipid metabolism
BILIVERDt,-0.5466438783993333,0,-398.604924017334,-116.8400721893711,"Transport, extracellular"
C02712te,29.553577355364617,0,237.85208406957815,-222.28257603435517,"Transport, extracellular"
C14826td,0.4561741422338666,0,12.274662368160463,4.584121223931519,"Transport, extracellular"
DIDECAETH,-0.4754945366288312,0,19.034436272206484,53.546070896835815,Glycerophospholipid metabolism
DIHOLINETH,0.5136513904708223,0,27.41959188688884,8.810139819511475,Glycerophospholipid metabolism
DOCOHEXETHc,-0.9349184257246823,0,4.922795459784752,146.35797838749886,Glycerophospholipid metabolism
ELAIDCRNtd,1,-4.389423076923077,NA,-33.524350353623184,"Transport, extracellular"
EX_2oxoadp[e],-1,-4.396468699839486,-39.43723699381929,NA,Exchange/demand reaction
EX_3hmp[e],-1,-4.403536977491961,NA,29.816250222964282,Exchange/demand reaction
EX_3mhis[e],0.3316474558190085,0,-0.11494881793452005,-0.22902778224549403,Exchange/demand reaction
EX_56dura[e],1,-4.4106280193236715,889.5497030685425,NA,Exchange/demand reaction
EX_adpac[e],1.7430914104902888,0,1.2708444140924022,-4.691269939543987,Exchange/demand reaction
EX_amet[e],-2.760213111315924,0,-417.94223861312867,195.6451366986759,Exchange/demand reaction
EX_aracheth[e],0.6283079420914766,0,60.71964130764408,13.860405547194533,Exchange/demand reaction
EX_biliverd[e],-0.5466438783993333,0,-398.604924017334,-116.8400721893711,Exchange/demand reaction
EX_C02712[e],29.553577355364617,0,237.85208406957815,-222.28257603435517,Exchange/demand reaction
EX_C14826[e],0.4561741422338666,0,12.274662368160463,4.584121223931519,Exchange/demand reaction
EX_didecaeth[e],-0.4754945366288312,0,19.034436272206484,53.546070896835815,Exchange/demand reaction
EX_diholineth[e],0.5136513904708223,0,27.41959188688884,8.810139819511475,Exchange/demand reaction
EX_docohxeth[e],-0.9349184257246823,0,4.922795459784752,146.35797838749886,Exchange/demand reaction
EX_elaidcrn[e],1,-4.417741935483871,NA,-33.524350353623184,Exchange/demand reaction
EX_forglu[e],-0.5690269293712427,0,51.710129402744165,188.25906091025138,Exchange/demand reaction
EX_HC00900[e],1,-4.424878836833603,NA,-924.2450150009155,Exchange/demand reaction
EX_hexdiac[e],-1,-4.432038834951456,-30.617120113732536,NA,Exchange/demand reaction
EX_lineth[e],-0.8874138513142511,0,4.547346004228143,76.23250226859487,Exchange/demand reaction
EX_magarachi_hs[e],1,-4.439222042139384,25.76377084677813,NA,Exchange/demand reaction
EX_maglinl_hs[e],1,-4.446428571428571,4.640948163843562,NA,Exchange/demand reaction
EX_magole_hs[e],1,-4.453658536585366,2.3230493815066073,NA,Exchange/demand reaction
EX_magpalm_hs[e],1,-4.460912052117264,7.972652249013868,NA,Exchange/demand reaction
EX_magste_hs[e],1,-4.468189233278956,3.4472073288359812,NA,Exchange/demand reaction
EX_oleth[e],0.4491287268583365,0,24.152322776504782,9.181255295425688,Exchange/demand reaction
EX_pchol2palm_hs[e],-0.6637723744138248,0,9.156045748731747,45.30732996448758,Exchange/demand reaction
EX_pcholar_hs[e],-0.34314154187714546,0,6.929645798562792,14.169711948511283,Exchange/demand reaction
EX_pcholmyr_hs[e],-0.5634976930215246,0,26.77646816936028,95.91002278969287,Exchange/demand reaction
EX_pe13_hs[e],4.127378913032645,0,0.6217672530210694,-1.019395599512756,Exchange/demand reaction
EX_pe161_hs[e],-31.108286187236775,0,-0.34457210831544255,0.367460963972827,Exchange/demand reaction
EX_pe226_hs[e],1.000897864781957,0,0.06363786248235083,-141.817415850389,Exchange/demand reaction
EX_pear_hs[e],-0.7192654822160849,0,-52.7535607635377,-8.61399568334663,Exchange/demand reaction
EX_pedh203_hs[e],-1.332827120033017,0,-18.687955493670525,2.6662320378783684,Exchange/demand reaction
EX_pelinl_hs[e],1.175231119470497,0,5.371747051854952,-66.68217031556499,Exchange/demand reaction
EX_peole_hs[e],1.3365891912176477,0,11.23147862399756,-1.6179114071222738,Exchange/demand reaction
EX_pepalm_hs[e],-0.7380237316552521,0,-0.783260021490109,-0.11806256372470957,Exchange/demand reaction
EX_sebacid[e],6.788698420991296,0,2.7785120457983448,-3.738490211433214,Exchange/demand reaction
EX_sphmyln18118_hs[e],-0.3689867793547913,0,1.9872657321956626,4.311384334640309,Exchange/demand reaction
EX_sphmyln1825_hs[e],-0.3884978685073397,0,2.30167751627633,5.226268496464449,Exchange/demand reaction
EX_subeac[e],1.757098057339646,0,1.4961114336921386,-5.448337751507031,Exchange/demand reaction
EX_xolest181_hs[e],0.4825974348611837,0,84.5776718804121,29.516241803353513,Exchange/demand reaction
EX_xolest182_hs[e],-0.5602396357140952,0,-11.940548274594322,-3.3654957474566065,Exchange/demand reaction
EX_xolest205_hs[e],-0.8042056786663748,0,-47.681716829558916,-5.174470680951624,Exchange/demand reaction
EX_xolest226_hs[e],-0.9335961235345679,0,-163.15344382771252,-5.603042433205183,Exchange/demand reaction
FORGLUt,-0.5690269293712427,0,51.710129402744165,188.25906091025138,"Transport, extracellular"
GALTt,1.9296678129080211,0,60.02293716160296,-189.15064563598781,"Transport, extracellular"
HC00900t2,1,-4.4754901960784315,NA,-924.2450150009155,"Transport, extracellular"
HEXDIACtd,-1,-4.482815057283142,-30.617120113923285,NA,"Transport, extracellular"
HXCOAtx,1,-4.49016393442623,153.1604169811368,NA,"Transport, peroxisomal"
OLEETH,0.4491287268583365,0,24.152322776504782,9.181255295425688,Glycerophospholipid metabolism
PELINETH,-0.8874138513142511,0,4.547346004228143,76.23250226859487,Glycerophospholipid metabolism
SEBACIDtd,6.788698420991296,0,2.7785120457983448,-3.738490211433214,"Transport, extracellular"
SUBEACtd,1.757098057339646,0,1.4961114336921386,-5.448337751507031,"Transport, extracellular"
EX_alltn[e],0.39008900678253494,0,-102.8053443924144,-234.31054804325103,Exchange/demand reaction
EX_ddca[e],1.2444709447622888,0,25.965052881575236,-2.8281502255908095,Exchange/demand reaction
EX_ttdcea[e],-0.8587573347814456,0,10.665805550232305,140.3622925634414,Exchange/demand reaction
TTDCEAt,-0.8587573347814456,0,10.665805550232305,140.3622925634414,"Transport, extracellular"
PCSF,-0.42197574976285573,0,2.4398451513972343,6.002171426267963,Miscellaneous
PCRESOLup,-0.42197574976285573,0,2.4398451513972343,6.002171426267963,"Transport, extracellular"
PCSsec,-0.42197574976285573,0,2.4398451513972343,6.002171426267963,"Transport, extracellular"
EX_pcresol[e],0.42197574976285573,0,-2.4398451513972343,-6.002171426267963,Exchange/demand reaction
EX_pcs[e],-0.42197574976285573,0,2.4398451513972343,6.002171426267963,Exchange/demand reaction
NORMETEt,-1,-4.497536945812808,-19.72139100812272,NA,"Transport, extracellular"
MALTTTRt,-0.8175820282445372,0,24.130465806998917,240.43190789756775,"Transport, extracellular"
GLYPROt,0.9115777641007111,0,731.2399035873414,33.82434576727301,"Transport, extracellular"
PROGLyt,0.9045345613858816,0,220.05736487514972,11.030449792828316,"Transport, extracellular"
EX_normete_L[e],1,-4.504934210526316,19.72139100812272,NA,Exchange/demand reaction
EX_progly[e],0.9045345613858816,0,220.05736487514972,11.030449792828316,Exchange/demand reaction
EX_serglyglu[e],-1,-4.512355848434926,NA,307.75668116378785,Exchange/demand reaction
SERGLYGLUt,1,-4.51980198019802,NA,-307.75668116378785,"Transport, extracellular"
SERGLYGLUr,1,-4.527272727272727,NA,-307.75668116378785,Peptide metabolism
PCHOL2PALM_HSte,0.7376530620024606,0,-6.350672602447982,-42.06363442870588,"Transport, extracellular"
XOLEST182_HSte,0.5602396357156085,0,11.940548274498957,3.3654957474148817,"Transport, extracellular"
XOLEST205_HSte,0.8042056786664001,0,47.681716829558916,5.174470680950879,"Transport, extracellular"
XOLEST226_HSte,0.9335961235351123,0,163.15344382771252,5.603042433157674,"Transport, extracellular"
ODECRNtr,-1,-4.53476821192053,NA,376.08450824813843,"Transport, extracellular"
EX_sphmyln_hs[e],1,-4.54228855721393,206.75992527275085,NA,Exchange/demand reaction
XOLEST182tl,0.5602396357156085,0,11.940548274498957,3.3654957474148817,"Transport, lysosomal"
XOLEST205tl,0.8042056786664001,0,47.681716829558916,5.174470680950879,"Transport, lysosomal"
TMNDNCtl,0.8042056786664001,0,47.681716829558916,5.174470680950879,"Transport, lysosomal"
XOLEST226tl,0.9335961235351123,0,163.15344382771252,5.603042433157674,"Transport, lysosomal"
CRVNCtl,0.9335961235351123,0,163.15344382771252,5.603042433157674,"Transport, lysosomal"
TTDCEAc,-0.8063405592417537,0,8.694097801658065,81.09339479480451,Fatty acid oxidation
LHCYSTIN,-1,-4.54983388704319,NA,527.5492996612548,Methionine and cysteine metabolism
LHCYSTINt,1,-4.5574043261231285,NA,-527.5492996612548,"Transport, extracellular"
EX_Lhcystin[e],1,-4.565,NA,-527.5492996612548,Exchange/demand reaction
PA_HStm,1.3414269077213448,0,13.397936343761893,-1.9536872838579553,"Transport, mitochondrial"
2MOPtm,-0.5487508170210211,0,36.44377935565929,125.08018890981674,"Transport, mitochondrial"
MMALtm,1.095562537610784,0,36.44377935565929,-799.1648260505676,"Transport, mitochondrial"
PGPP_hsc,-1,-4.572621035058431,NA,0.012733006768689688,Glycerophospholipid metabolism
CE2512te,0.4100740995046208,0,-4.443440898194685,-10.620962595408118,"Transport, extracellular"
DM_mi14p[c],0.7499039408976721,0,197.78695405518414,28.267687496994622,Exchange/demand reaction
DDCAte,1.244470944725283,0,25.965052881575236,-2.8281502252093405,"Transport, extracellular"
EX_lpam[e],0.5338352469560315,0,421.15318476819994,127.99730007559062,Exchange/demand reaction
LPAMt,-0.5338352469560315,0,-421.15318476819994,-127.99730007559062,"Transport, extracellular"
DM_C02712[c],0.40843073117129924,0,529.2188549797058,222.28257603435517,Exchange/demand reaction
34HPLtm,-1,-4.580267558528428,NA,0.7042142095105857,"Transport, mitochondrial"
3HMPtm,-1,-4.5879396984924625,NA,29.816250222964282,"Transport, mitochondrial"
LPAMtm,0.5338352469560315,0,421.15318476819994,127.99730007559062,"Transport, mitochondrial"
PROSTGE2t2r,-0.9665363968660518,0,4.837622351882443,284.2897816827863,"Transport, endoplasmic reticular"
sink_btn[c],1,-4.595637583892618,NA,-11.900899901900596,Exchange/demand reaction
sink_c226coa[c],0.5206186497242549,0,-145.91040611206293,-462.8342020298004,Exchange/demand reaction
sink_coa[c],-1,-4.603361344537815,NA,599.9078787322998,Exchange/demand reaction
sink_crvnc[c],0.9482568877207849,0,188.8656348594904,5.01602012127488,Exchange/demand reaction
sink_dgchol[c],-0.3514539362993814,0,14.257220787444409,29.70949672246501,Exchange/demand reaction
sink_doco13ecoa[c],0.43056565189728696,0,20.356926423859317,8.103041696947937,Exchange/demand reaction
sink_hdca[c],-1.189138658043211,0,-164.77674200213178,14.236490568794496,Exchange/demand reaction
sink_lnlc[c],-1,-4.611111111111111,NA,157.69610877555982,Exchange/demand reaction
sink_lnlncgcoa[c],-1,-4.618887015177066,NA,106.22435728422701,Exchange/demand reaction
sink_nad[c],0.9927693463265576,0,-3.18056676072959,-876.564724432373,Exchange/demand reaction
sink_pmtcoa[c],5.065839478345463,0,72.47280930880731,-108.12242592293843,Exchange/demand reaction
sink_tmndnc[c],1.2837943141011408,0,46.520846223282405,-5.780884716204088,Exchange/demand reaction
sink_tmndnccoa[c],-1,-4.6266891891891895,-613.2573171600342,NA,Exchange/demand reaction
sink_xol7aone[c],0.691123297855636,0,-35.94614051664614,-196.80783715205789,Exchange/demand reaction
sink_xoldiolone[c],-1,-4.634517766497462,-27.864033297270538,NA,Exchange/demand reaction
ACONT,-2.640746399321083,0,-90.88966418629363,201.68029486986845,Citric acid cycle
ADNCNT3tc,-2.4908040327391374,0,-517.182902021122,220.87128030267058,"Transport, extracellular"
ADPT,0.4577710740317472,0,78.57017755863666,29.224769066742144,Nucleotide salvage pathway
ASPTA,1.0885505304243626,0,10.562379088063958,-249.1240011911869,Alanine and aspartate metabolism
BUTt2r,-0.4181676467549916,0,-65.70267450811416,-26.955869294451126,"Transport, extracellular"
CTPS1,-0.5823438195104675,0,38.43040767530967,145.59851118453145,Nucleotide interconversion
CTPS2,0.4868472538781204,0,35.10349952443587,12.115203584274138,Pyrimidine synthesis
DPCOAK,-1,-4.642372881355932,NA,18.338219483578143,CoA synthesis
EX_but[e],0.49587383688322095,0,-6.61340950529798,-19.623711236106615,Exchange/demand reaction
EX_co2[e],-1,-4.6502546689303905,-314.2237995995447,NA,Exchange/demand reaction
EX_din[e],-0.35473233102646307,0,-386.35574169769285,-184.02370942968392,Exchange/demand reaction
EX_fe3[e],-1,-4.658163265306122,-36.08608504480049,NA,Exchange/demand reaction
EX_glypro[e],0.9115777641007111,0,731.2399035873414,33.82434576727301,Exchange/demand reaction
EX_ins[e],-0.5525607094107706,0,55.19761217928589,191.52909841690064,Exchange/demand reaction
EX_lac_L[e],1,-4.666098807495741,375.7006840560913,NA,Exchange/demand reaction
EX_leu_L[e],1,-4.674061433447099,141.7563419263363,NA,Exchange/demand reaction
EX_orn[e],-0.45071369054305427,0,-371.6577941669464,-140.72145280606802,Exchange/demand reaction
FBA,-1.7249757037185594,0,-163.70024509773253,615.3022622634887,Glycolysis/gluconeogenesis
FBA2,-0.5904147163511761,0,13.14394120499379,51.03776516834032,Fructose and mannose metabolism
FPGS7,-0.7531275917829453,0,1.5468935553012726,10.985033900449192,Folate metabolism
G3PD1,1,-4.682051282051282,NA,-264.4181285713911,Glycerophospholipid metabolism
GHMT2r,0.4760756597512253,0,-197.26086546840668,-555.7519278472901,"Glycine, serine, alanine, and threonine metabolism"
GK1,-0.7305966353922867,0,-252.1412676516533,-39.251033125007616,Nucleotide interconversion
GLYPROPRO1c,-0.9115777641007111,0,-731.2399035873414,-33.82434576727301,"Transport, extracellular"
GMPS2,-0.42393780117049706,0,3.385708106966234,8.368953503691895,Nucleotide interconversion
GUAPRT,-0.5054860392116463,0,46.079066325999555,140.281966849041,Nucleotide salvage pathway
ILETA,1.5804828097727603,0,71.43021591459421,-317.53643891388253,"Valine, leucine, and isoleucine metabolism"
IMPD,-0.5871416939145523,0,24.72135300095128,95.03572896428257,Nucleotide interconversion
L_LACt2r,1.0884476180024731,0,190.82165051463247,-8.081466973762353,"Transport, extracellular"
NADK,-0.8945598896476155,0,3.0351276767625794,54.53551914102007,NAD metabolism
NAt3_1,-0.5472758524812056,0,197.47214444875755,674.9007807907104,"Transport, extracellular"
NDPK1,-2.405442982415928,0,-439.8385445892334,181.52351957759856,Nucleotide interconversion
NDPK2,0.556207594357721,0,-59.58784805170274,-208.95143875949978,Nucleotide interconversion
NDPK3,-7.092135892006791,0,-362.45147359496355,272.87031024525163,Nucleotide interconversion
NDPK4,-0.827700238208211,0,-179.2108035812378,-16.894443695993395,Nucleotide interconversion
NDPK5,-0.5095625521412596,0,-306.39530078371763,-99.54389047285802,Nucleotide interconversion
PGI,1,-4.690068493150685,NA,-55.790817665149554,Glycolysis/gluconeogenesis
PGK,-0.5532842253444794,0,-156.33345697689057,-44.960619697608244,Glycolysis/gluconeogenesis
PGMT,-0.5672931716523536,0,241.69806298325062,875.4466047180176,Glycolysis/gluconeogenesis
PNP,1,-4.69811320754717,13.686092947988246,NA,NAD metabolism
PPBNGS,-0.4897155272998814,0,60.00520477721691,175.17814093465805,Heme synthesis
PPM,0.3414688650887021,0,685.9252556625366,336.7227886022568,Pentose phosphate pathway
PTPAT,-1,-4.706185567010309,NA,4.528579998637594,CoA synthesis
PUNP1,1,-4.714285714285714,437.91432973697783,NA,Nucleotide interconversion
PUNP2,-1.6475100146181374,0,-42.245014843314024,10.331998756455357,Purine catabolism
PUNP5,1,-4.722413793103448,92.53734005391821,NA,Purine catabolism
PUNP7,-1,-4.730569948186528,-391.2923654151916,NA,Nucleotide interconversion
RNDR1,-0.4512981149616677,0,20.79836288218873,55.01097347806729,Nucleotide interconversion
SPMS,0.9142171970077176,0,267.1789137973785,11.973226529256854,Urea cycle
TALA,-0.36592444823533615,0,319.57211768875123,688.4216988189697,Pentose phosphate pathway
THRS,1,-4.7387543252595155,12.314037679114554,NA,"Glycine, serine, alanine, and threonine metabolism"
TKT1,0.4590998161719802,0,319.57211768875123,118.46798641757965,Pentose phosphate pathway
TKT2,0.4590998161719802,0,319.57211768875123,118.46798641757965,Pentose phosphate pathway
TPI,-4.4640028794698265,0,-171.7028790161133,270.83840805031133,Glycolysis/gluconeogenesis
VALTA,2070.2029401620657,0,40.71160090899909,-40.75095094095469,"Valine, leucine, and isoleucine metabolism"
r0082,-0.4267646705026995,0,116.03227839850635,288.8006843578577,Miscellaneous
r0345,134.98411635327878,0,320.5746547721863,-315.85977095532417,Nucleotide interconversion
r0422,-0.4267646705026995,0,116.03227839850635,288.8006843578577,Miscellaneous
FPGS,-0.41462239893824054,0,2.466419031249218,5.9603435465317585,Folate metabolism
EX_gln_L[e],-1,-4.746967071057193,-566.1271582405091,NA,Exchange/demand reaction
NTD4,-0.5453904319129108,0,5.498912916687727,18.6928916677433,Pyrimidine catabolism
NTD6,-0.4512981149616677,0,20.79836288218873,55.01097347806729,Nucleotide interconversion
NTD7,-0.7444589563995214,0,23.916379671065762,163.26591663713455,Nucleotide interconversion
NTD8,0.9030342023901958,0,98.92532241406441,5.040567731068027,Nucleotide interconversion
NTD9,-0.5999588659227119,0,33.91625417981548,135.64757958965302,Nucleotide interconversion
NTD10,-0.6232170762781325,0,19.192860193377594,82.6846877792865,Nucleotide interconversion
NTD11,-0.5216873583133842,0,18.6485714824468,59.32792278995463,Purine catabolism
EX_for[e],-1,-4.755208333333333,NA,124.6950452765137,Exchange/demand reaction
NADS2,-0.410398381594358,0,6.163997143811874,14.745026683090463,NAD metabolism
EX_nac[e],-0.6389435394273534,0,193.50043673534392,878.3565045776368,Exchange/demand reaction
EX_ac[e],-0.7983835864092989,0,87.85024484409615,783.6090106750488,Exchange/demand reaction
ALCD1,-0.3543115168441739,0,-165.57375570805073,-78.93979032435966,Miscellaneous
ADNK1,1,-4.763478260869565,28.284300850848947,NA,Nucleotide interconversion
GCALDD,-0.536292576493566,0,11.368224180946294,37.66365930706328,Glyoxylate and dicarboxylate metabolism
AGDC,0.4385559645220237,0,74.80426233336003,29.19483701098085,Aminosugar metabolism
CYTK1,3.3529168565798253,0,277.41704843645095,-149.95444918321223,Nucleotide interconversion
CYTK2,-2.075831308559446,0,-612.5819001238823,214.2623314146459,Nucleotide interconversion
EX_drib[e],-1,-4.7717770034843205,-8.016333061679791,NA,Exchange/demand reaction
EX_galt[e],1.9296678129080211,0,60.02293716160296,-189.15064563598781,Exchange/demand reaction
EX_glcur[e],0.5631619926187262,0,725.6271609748841,202.78226095490456,Exchange/demand reaction
EX_glyc[e],1.9710683802409323,0,171.704688292861,-525.3454653723478,Exchange/demand reaction
EX_man[e],1,-4.780104712041885,NA,-10.443879130173393,Exchange/demand reaction
EX_xyl_D[e],-54.075175072842875,0,-352.0357823455811,365.30133566170036,Exchange/demand reaction
GLUPRT,-0.42582332698818476,0,4.394944311717216,10.913738601727365,Purine synthesis
GLXO1,-0.8288455587483226,0,14.814188417285573,158.29482714722155,Glyoxylate and dicarboxylate metabolism
GLYOX,0.3891907916582068,0,14.580453909450052,6.410836843414932,Pyruvate metabolism
LDH_L,-4.592271700298857,0,-172.88890023160428,269.1449268663496,Glycolysis/gluconeogenesis
LGTHL,0.8896122061011849,0,374.79758750355245,21.89501036748692,Pyruvate metabolism
MALT,-0.4528746932258468,0,114.91182027733326,305.14486090545654,Starch and sucrose metabolism
MDH,0.8567297906014828,0,601.7679972337722,46.434019322262145,Citric acid cycle
NTD5_a,1,-4.788461538461538,20.428528925509205,NA,Vitamin B2 metabolism
ORNDC,0.7976517461135326,0,136.11995016441344,15.32200788858604,Urea cycle
PRFGS,-0.42582332698818476,0,4.394944311717216,10.913738601727365,Purine synthesis
THRD_L,-1,-4.796847635726795,NA,187.34933495073318,"Glycine, serine, alanine, and threonine metabolism"
TYRTA,-0.5967272641714471,0,-15.185867556247208,-3.8353740759325503,Tyrosine metabolism
XYLt,54.075175072842875,0,352.0357823455811,-365.30133566170036,"Transport, extracellular"
r0392,0.4904520717674938,0,-65.14060220368765,-190.53937840046882,Miscellaneous
r1667,0.6652707797241764,0,-12.228260145856648,-60.8353351732512,"Transport, extracellular"
EX_34dhpha[e],0.511114594068301,0,-239.50053889236264,-740.2813731323242,Exchange/demand reaction
EX_ppa[e],1,-4.8052631578947365,NA,-9.214760056885082,Exchange/demand reaction
ACGAM2E,-1.7645849242704938,0,-11.678137029250873,42.22578885587622,Aminosugar metabolism
DCMPDA,0.41153256624338924,0,-360.0808829929352,-863.7111650878907,Pyrimidine catabolism
EX_etoh[e],0.6760385627125202,0,-94.38507592385952,-488.308202104187,Exchange/demand reaction
ETOHt,-0.6760385627125202,0,94.38507592385952,488.308202104187,"Transport, extracellular"
GLNt4,-0.4070356517589573,0,75.52469744375031,179.21135091323853,"Transport, extracellular"
AHC,2.0685226487462662,0,176.29209802951812,-506.2656334269524,Methionine and cysteine metabolism
EX_phpyr[e],0.7051856466506558,0,89.83279587184927,15.531445315964893,Exchange/demand reaction
PHPYRte,-0.7051856466505592,0,-89.83279587184927,-15.531445315970853,"Transport, extracellular"
3MOX4HOXMte,-0.875885740389381,0,9.013028299285494,136.22456692243816,"Transport, extracellular"
EX_3mox4hoxm[e],-0.875885740389381,0,9.013028299285494,136.22456692243816,Exchange/demand reaction
2H3MVc,0.6308310769299659,0,-167.73916270976363,-741.0001824920654,"Valine, leucine, and isoleucine metabolism"
2H3MVte,0.6308310769299659,0,-167.73916270976363,-741.0001824920654,"Transport, extracellular"
EX_2h3mv[e],0.6308310769299659,0,-167.73916270976363,-741.0001824920654,Exchange/demand reaction
2HIVc,-0.6038091189454278,0,-164.9627738801956,-40.75095094095469,"Valine, leucine, and isoleucine metabolism"
2HIVte,-0.6038091189454278,0,-164.9627738801956,-40.75095094095469,"Transport, extracellular"
EX_2hiv[e],-0.6038091189454278,0,-164.9627738801956,-40.75095094095469,Exchange/demand reaction
2M3HBUc,-0.44751324579120155,0,4.533512402984631,11.877785672303903,"Valine, leucine, and isoleucine metabolism"
2M3HBUtm,-0.44751324579120155,0,4.533512402984631,11.877785672303903,"Transport, mitochondrial"
2M3HBUte,-0.44751324579120155,0,4.533512402984631,11.877785672303903,"Transport, extracellular"
EX_2m3hbu[e],-0.44751324579120155,0,4.533512402984631,11.877785672303903,Exchange/demand reaction
2M3OVCOAm,-0.4459571583457061,0,15.837837827095948,41.33405082976818,Propanoate metabolism
2M3OVACm,-0.4459571583457061,0,15.837837827095948,41.33405082976818,Propanoate metabolism
2M3OVACtm,-0.4459571583457061,0,15.837837827095948,41.33405082976818,"Transport, mitochondrial"
2M3HVACc,-0.4459571583457061,0,15.837837827095948,41.33405082976818,Propanoate metabolism
2M3HVACte,-0.4459571583457061,0,15.837837827095948,41.33405082976818,"Transport, extracellular"
EX_2m3hvac[e],-0.4459571583457061,0,15.837837827095948,41.33405082976818,Exchange/demand reaction
TIGGLYc,0.7301999619342857,0,405.9842003690243,63.3074529669892,"Glycine, serine, alanine, and threonine metabolism"
TIGGLYtm,0.7301999619342857,0,405.9842003690243,63.3074529669892,"Transport, mitochondrial"
TIGGLYte,0.7301999619342857,0,405.9842003690243,63.3074529669892,"Transport, extracellular"
EX_tiggly[e],0.7301999619342857,0,405.9842003690243,63.3074529669892,Exchange/demand reaction
3HADICOAx,-0.730337616209944,0,0.7311053190134035,4.691269939543987,Fatty acid oxidation
3HADPACx,-0.730337616209944,0,0.7311053190134035,4.691269939543987,Fatty acid oxidation
3HADPACtxc,-0.730337616209944,0,0.7311053190134035,4.691269939543987,"Transport, peroxisomal"
3HADPACte,-0.730337616209944,0,0.7311053190134035,4.691269939543987,"Transport, extracellular"
EX_3hadpac[e],-0.730337616209944,0,0.7311053190134035,4.691269939543987,Exchange/demand reaction
3OHSEBCOAx,-0.705004336741971,0,0.6468243955395223,3.7384902114332137,Fatty acid oxidation
3OHSEBACx,-0.705004336741971,0,0.6468243955395223,3.7384902114332137,Fatty acid oxidation
3OHSEBACtxc,-0.705004336741971,0,0.6468243955395223,3.7384902114332137,"Transport, peroxisomal"
3OHSEBACte,-0.7050043367431299,0,0.646824395536542,3.7384902114332137,"Transport, extracellular"
EX_3ohsebac[e],-0.7050043367431299,0,0.646824395536542,3.7384902114332137,Exchange/demand reaction
3OHSUBCOAx,-0.8270835565765574,0,0.5156344290709489,5.448337751507031,Fatty acid oxidation
3OHSUBACx,-0.8270835565765574,0,0.5156344290709489,5.448337751507031,Fatty acid oxidation
3OHSUBACtxc,-0.8270835565765574,0,0.5156344290709489,5.448337751507031,"Transport, peroxisomal"
3OHSUBACte,-0.8270835565765574,0,0.5156344290709489,5.448337751507031,"Transport, extracellular"
EX_3ohsubac[e],-0.8270835565765574,0,0.5156344290709489,5.448337751507031,Exchange/demand reaction
AK2LGCHOLABCt,-1,-4.813708260105448,NA,3.6170984375099766,"Transport, extracellular"
NRVNCABCt,-0.6933020855794003,0,3.858656293282289,21.303929507614964,"Transport, extracellular"
PAFABCt,-1,-4.822183098591549,NA,4.117025805082469,"Transport, extracellular"
PAILR_HSSECt,-0.38029062051154594,0,3.8940421762437265,8.673275037699707,"Transport, extracellular"
PCHOLAR_HSABCt,-0.5699061566915979,0,3.099408398186533,11.313299183698467,"Transport, extracellular"
PE12_HSABCt,0.6807252714500183,0,12.61201700761624,2.3958099369211356,"Transport, extracellular"
PELINL_HSABCt,-0.3373445112859676,0,2.4083098517681942,4.860353557152863,"Transport, extracellular"
PELPALM_HSABCt,-0.3725779610790211,0,3.4270296067737496,7.497131146863307,"Transport, extracellular"
PESTE_HSABCt,0.5826465694810322,0,14.869159541610141,3.921086908026316,"Transport, extracellular"
AK2LGCHOLt1,-1,-4.830687830687831,NA,3.6170984375099766,"Transport, extracellular"
APRGSTRNt1e,-2.118179584033784,0,-453.84303982839583,162.74817014722825,"Transport, extracellular"
PAFt1,-1,-4.839222614840989,NA,4.117025805082469,"Transport, extracellular"
PESTE_HSt1e,0.5826465694810322,0,14.869159541610141,3.921086908026316,"Transport, extracellular"
SPHMYLN_HsATPte,-0.6397805157954575,0,1.972285042966247,8.978177824535553,"Transport, extracellular"
SPHMYLN18118_hs_ATPt,-0.3689867793547913,0,1.9872657321956626,4.311384334640309,"Transport, extracellular"
SPHMYLN1825_hs_ATPt,-0.3884978685073397,0,2.30167751627633,5.226268496464449,"Transport, extracellular"
AGRMte,0.7696208210210783,0,100.18200246916786,13.042255834215391,"Transport, extracellular"
EANDRSTRNte,-0.591274099999224,0,2.574599072821029,10.023570374312811,"Transport, extracellular"
11DOCRTSLte,-0.36650831824780183,0,2.459675814534895,5.305779945615218,"Transport, extracellular"
PRGNLONEte,-0.3802799669247742,0,2.3388814364710946,5.209305846953986,"Transport, extracellular"
C03681te,-0.3824641714371767,0,7.023413780884198,15.72316530337598,"Transport, extracellular"
SAMHISTAe,-0.5309081250164078,0,66.76689040728807,217.89756006789207,"Transport, extracellular"
C09642te,-0.5409899089125392,0,199.9697497452855,671.3389801849365,"Transport, extracellular"
CE4877te,-0.47180465210999356,0,6.947606890068667,19.35935290358504,"Transport, extracellular"
CE1447te,-0.6340292003636397,0,9.138418693338178,40.80227986741252,"Transport, extracellular"
SPHS1Pt2e,-0.4227888558770352,0,3.9899358455408613,9.83493876461003,"Transport, extracellular"
13DAMPPte,-1,-4.847787610619469,-10.503183716897622,NA,"Transport, extracellular"
ARGN1ASPMDte,1,-4.8563829787234045,267.1789137973785,NA,"Transport, extracellular"
CE1918te,1,-4.865008880994671,NA,-216.57928219626024,"Transport, extracellular"
34DHPHAte,0.511114594068301,0,-239.50053889236264,-740.2813731323242,"Transport, extracellular"
34DHOXMANDte,1,-4.8736654804270465,NA,-337.1748210423548,"Transport, extracellular"
AGRMtm,0.7696208210210783,0,100.18200246916786,13.042255834215391,"Transport, mitochondrial"
EX_agm[e],0.7696208210210783,0,100.18200246916786,13.042255834215391,Exchange/demand reaction
EANDRSTRNtr,-0.591274099999224,0,2.574599072821029,10.023570374312811,"Transport, endoplasmic reticular"
EX_eandrstrn[e],-0.591274099999224,0,2.574599072821029,10.023570374312811,Exchange/demand reaction
EX_11docrtsl[e],-0.36650831824780183,0,2.459675814534895,5.305779945615218,Exchange/demand reaction
EX_prgnlone[e],-0.3802799669247742,0,2.3388814364710946,5.209305846953986,Exchange/demand reaction
EX_C03681[e],-0.3824641714371767,0,7.023413780884198,15.72316530337598,Exchange/demand reaction
XOL25OHtr,-1,-4.882352941176471,NA,196.80783715205789,"Transport, endoplasmic reticular"
XOL25OHte,-1,-4.891071428571428,NA,196.80783715205789,"Transport, extracellular"
EX_xol25oh[e],-1,-4.899821109123435,NA,196.80783715205789,Exchange/demand reaction
EX_34dhoxmand[e],1,-4.908602150537634,NA,-337.1748210423548,Exchange/demand reaction
EX_CE4877[e],-0.47180465210999356,0,6.947606890068667,19.35935290358504,Exchange/demand reaction
EX_CE1447[e],-0.6340292003636397,0,9.138418693338178,40.80227986741252,Exchange/demand reaction
EX_CE4890[e],1,-4.917414721723519,357.8497175994873,NA,Exchange/demand reaction
EX_C09642[e],-0.5409899089125392,0,199.9697497452855,671.3389801849365,Exchange/demand reaction
EX_mhista[e],-0.5309081250164078,0,66.76689040728807,217.89756006789207,Exchange/demand reaction
PPBNGte,-1,-4.926258992805756,NA,94.07640814874937,"Transport, extracellular"
EX_ppbng[e],-1,-4.935135135135135,NA,94.07640814874937,Exchange/demand reaction
EX_13dampp[e],-1,-4.944043321299639,-10.503183716891659,NA,Exchange/demand reaction
EX_mma[e],-1.9786896459541643,0,-7.110337682258453,21.64065934582586,Exchange/demand reaction
12PPDRte,0.7364896094927452,0,-84.08579535665983,-554.1113944755555,"Transport, extracellular"
EX_12ppd_R[e],0.7364896094927452,0,-84.08579535665983,-554.1113944755555,Exchange/demand reaction
AMETAMte,-2.4415717958297845,0,-107.15856182183177,44.88552602366666,"Transport, extracellular"
EX_ametam[e],-2.4415717958297845,0,-107.15856182183177,44.88552602366666,Exchange/demand reaction
XYLUDte,-1,-4.952983725135624,-11.368224180946294,NA,"Transport, extracellular"
EX_xylu_D[e],-1,-4.961956521739131,-11.368224180946282,NA,Exchange/demand reaction
EX_CE1918[e],-1,-4.970961887477314,NA,216.57928219626024,Exchange/demand reaction
EX_mlthf[e],-17.76316236841745,0,-238.00075817438363,212.6318194527328,Exchange/demand reaction
AACTte,1,-4.98,NA,-543.7479023023606,"Transport, extracellular"
EX_aact[e],-1,-4.9890710382513666,NA,543.7479023023606,Exchange/demand reaction
SPHGNte,-0.693033740183383,0,2.5814824462990567,14.237841265963297,"Transport, extracellular"
EX_sphgn[e],0.6930337401834887,0,-2.581482446298277,-14.237841265964787,Exchange/demand reaction
EX_N1aspmd[e],1,-4.998175182481752,267.1789137973785,NA,Exchange/demand reaction
34DHPEAR,-0.7967052154987442,0,7.835275733826356,69.2476238894835,Tyrosine metabolism
ACER22g,-0.7305047813502517,0,6.9027539060436505,44.32452901666281,Sphingolipid metabolism
CRMte,-0.5870551136802009,0,63.80268336848095,245.2103858432293,Sphingolipid metabolism
EX_gd3_hs[e],-1,-5.007312614259598,-171.56989585329444,NA,Exchange/demand reaction
GD3tg,-0.49982987370267223,0,133.69419198973404,400.90067867736815,"Transport, extracellular"
GD3tl,-0.5627004732649804,0,49.852026483120675,178.1474266849518,"Transport, extracellular"
GM1tl,-1,-5.016483516483516,NA,19.327580513383076,"Transport, extracellular"
HEXA3e,-0.4178721855988446,0,51.385275872732976,125.15765714479983,Sphingolipid metabolism
NEU24,-0.4312505957504124,0,5.0521060932572714,12.713560316268238,Sphingolipid metabolism
NEU33e,0.8190606303798913,0,45.76584382871399,4.552263291394795,Sphingolipid metabolism
NEU34e,0.8190606303798913,0,45.76584382871399,4.552263291394795,Sphingolipid metabolism
NEU36e,0.8190606303798913,0,45.76584382871399,4.552263291394795,Sphingolipid metabolism
NEU37e,-0.6226010751394655,0,42.80553618929703,184.03949896874204,Sphingolipid metabolism
SMS1S2,-0.6841201798984797,0,9.511793222058726,50.71233390959371,Sphingolipid metabolism
SMS21e,0.8754870409450342,0,217.014026521492,14.40748883287845,Sphingolipid metabolism
SMSn,-0.8089865876356241,0,5.538638853691402,52.453507196513,Sphingolipid metabolism
SPHK21n,-0.39375625815839155,0,27.777833640924143,63.8613263990374,Sphingolipid metabolism
SPHK22n,-0.6390891076226003,0,12.478912428577075,56.67340573159661,Sphingolipid metabolism
SPMD3n,-0.8089865876356241,0,5.538638853691402,52.453507196513,Sphingolipid metabolism
ST8SIA13e,-0.5756681983132282,0,194.10515995807648,720.7692811584473,Sphingolipid metabolism
NH4tr,0.5455648335927619,0,-33.1742115572989,-112.82774431937337,"Transport, endoplasmic reticular"
TETPENT3COAtm,0.4085163134468313,0,147.6306138438127,61.995092915011384,"Transport, mitochondrial"
PCHOL_HStn,-0.8089865876355776,0,5.538638853692892,52.453507196513,"Transport, nuclear"
CHOLPtn,0.8089865876356241,0,-5.538638853691402,-52.453507196513,"Transport, nuclear"
DAG_HStg,-0.6841201798984797,0,9.511793222058726,50.71233390959371,"Transport, golgi apparatus"
SPHGNtn,-0.6390891076226003,0,12.478912428577075,56.67340573159661,"Transport, nuclear"
SPHGNtg,0.7305047813505159,0,-6.902753906035825,-44.32452901666281,"Transport, golgi apparatus"
SPHINGStn,-0.39375625815839155,0,27.777833640924143,63.8613263990374,"Transport, nuclear"
EX_cmpacna[e],0.5756681983132282,0,-194.10515995807648,-720.7692811584473,Exchange/demand reaction
EX_gd2_hs[e],0.6226010751394655,0,-42.80553618929703,-184.03949896874204,Exchange/demand reaction
DHCRMtg,-0.7305047813502517,0,6.9027539060436505,44.32452901666281,"Transport, golgi apparatus"
34DHPEt,0.796705215498745,0,-7.835275733826321,-69.2476238894835,"Transport, extracellular"
EX_34dhpe[c],-0.7967052154987442,0,7.835275733826356,69.2476238894835,Exchange/demand reaction
DM_sph1p[n],-0.6390891076226003,0,12.478912428577075,56.67340573159661,Exchange/demand reaction
DM_sphs1p[n],-0.39375625815839155,0,27.777833640924143,63.8613263990374,Exchange/demand reaction
Rtotaltg,0.4667044680695618,0,-27.07588413129868,-74.46587840058915,"Transport, golgi apparatus"
GD3tlc,-0.5438531979456821,0,54.86790183079177,185.70334226732254,"Transport, lysosomal"
DM_pail35p_hs[n],-0.4635628702639232,0,276.92188448729513,755.5267255615234,Exchange/demand reaction
CATr,0.9100919092321615,0,258.045120160675,12.146192533180269,ROS detoxification
DM_pcreat[c],-0.49844597416898334,0,29.191524136305837,87.21278181234598,Exchange/demand reaction
EX_galgluside_hs[e],-0.3868095973142928,0,-123.47232615922763,-54.59440542143807,Miscellaneous
EX_gm1_hs[e],1,-5.0256880733944955,55.67575733791292,NA,Miscellaneous
EX_gm2_hs[e],-2.8703418890842496,0,-20.657667807997075,42.7473915409253,Miscellaneous
HMR_0155,0.402018559069226,0,728.7358710876465,310.8165176787913,"Transport, extracellular"
HMR_0191,-0.37007483048211154,0,2.4664405384655823,5.36445956782249,"Transport, extracellular"
HMR_0194,-0.37007483048211154,0,2.4664405384655823,5.36445956782249,"Transport, extracellular"
HMR_0201,-0.6602425092581007,0,14.586953876509156,71.27990277266656,Fatty acid oxidation
HMR_0214,-0.33740979436493085,0,5.767737891144849,11.641930534655913,Fatty acid oxidation
HMR_0215,-1,-5.0349264705882355,NA,7.63986591116935,"Transport, extracellular"
HMR_0230,-0.5979628392164238,0,9.81688347845127,39.01881847167704,Fatty acid oxidation
HMR_0234,0.38650882702169115,0,2.5826839420766077,1.1427650298197725,Fatty acid oxidation
HMR_0239,-1,-5.044198895027624,NA,7.344491126691813,"Transport, extracellular"
HMR_0240,-0.3639389373191161,0,6.2737518950352085,13.453133660865552,"Transport, extracellular"
HMR_0243,-0.3639389373191161,0,6.2737518950352085,13.453133660865552,"Transport, extracellular"
HMR_0244,-0.43480251711076234,0,2.87149659425752,7.289541560331185,"Transport, extracellular"
HMR_0245,-0.41169055651135367,0,1.250372378924349,3.0003578881599315,Fatty acid synthesis
HMR_0246,-0.41169055651135367,0,1.250372378924349,3.0003578881599315,Fatty acid oxidation
HMR_0247,-0.43480251711076234,0,2.87149659425752,7.289541560331185,"Transport, extracellular"
HMR_0253,-1,-5.053505535055351,NA,3.6864667375446687,"Transport, extracellular"
HMR_0260,-0.5291319322893223,0,2.4227804729384133,7.867917236582536,Fatty acid oxidation
HMR_0261,-1,-5.062846580406655,NA,7.4449081601118365,"Transport, extracellular"
HMR_0268,-0.45571018761475024,0,2.391726957634846,6.396704878535458,Fatty acid oxidation
HMR_0270,-0.49563840641769447,0,2.969584600829812,8.806032887162809,"Transport, extracellular"
HMR_0273,-0.49563840641769447,0,2.969584600829812,8.806032887162809,"Transport, extracellular"
HMR_0276,0.7084518487019504,0,18.405898488392996,3.1409756624675653,Fatty acid oxidation
HMR_0277,-1,-5.072222222222222,NA,2.3710950872046386,"Transport, extracellular"
HMR_0278,-0.5745435198740383,0,5.3468193028718485,19.78768705739727,"Transport, extracellular"
HMR_0280,-0.3475303240933115,0,3.188639748702579,6.585422913356202,Fatty acid oxidation
HMR_0281,-1,-5.081632653061225,NA,10.076125503365349,"Transport, extracellular"
HMR_0287,-1,-5.091078066914498,NA,4.188623921030802,"Transport, extracellular"
HMR_0296,-0.7499606452537417,0,1.2661184750163077,8.861235087395288,"Transport, extracellular"
HMR_0298,-0.5695439958350623,0,1.9755056381812783,7.20315893644189,Fatty acid oxidation
HMR_0299,-1,-5.100558659217877,NA,10.965429460467556,"Transport, extracellular"
HMR_0300,-0.5978839261699359,0,1.8007888232524971,7.1557734255548855,"Transport, extracellular"
HMR_0302,-0.41531816389969195,0,2.378038365068534,5.756431420856397,Fatty acid oxidation
HMR_0303,-1,-5.110074626865671,NA,8.92667877348547,"Transport, extracellular"
HMR_0310,-0.667521879046931,0,1.3604184576370117,6.8230881967996115,Fatty acid oxidation
HMR_0311,-1,-5.119626168224299,NA,3.4570284645716165,"Transport, extracellular"
HMR_0317,-1,-5.129213483146067,NA,6.396093923241118,"Transport, extracellular"
HMR_0321,-1,-5.138836772983114,NA,7.53194793420646,"Transport, extracellular"
HMR_0343,-1,-5.148496240601504,NA,13.425841479005843,"Transport, extracellular"
HMR_0344,-0.40956940590633434,0,3.1227573008918013,7.4551407014478555,"Transport, extracellular"
HMR_0347,-0.40956940590633434,0,3.1227573008918013,7.4551407014478555,"Transport, extracellular"
HMR_0359,-1,-5.15819209039548,NA,3.7475897074319806,"Transport, extracellular"
HMR_0362,-0.3717505108652828,0,7.055027184564673,15.404289716055501,Fatty acid oxidation
HMR_0363,-1,-5.167924528301887,NA,7.0868821775387785,"Transport, extracellular"
HMR_0366,0.6757415333716543,0,19.601384925744767,3.792896991116303,Fatty acid oxidation
HMR_0367,-1,-5.177693761814745,NA,12.510577713799156,"Transport, extracellular"
HMR_0371,-1,-5.1875,NA,5.732054878568682,"Transport, extracellular"
HMR_0374,-0.36202864077364827,0,3.6785237391797643,7.853416326720991,Fatty acid oxidation
HMR_0375,-1,-5.197343453510436,NA,4.565836974834075,"Transport, extracellular"
HMR_0378,0.5682395032865963,0,25.71219109606173,7.078962349794069,Fatty acid oxidation
HMR_0380,-0.4302600338510519,0,2.3237112287695587,5.833382767904942,"Transport, extracellular"
HMR_0382,-0.6387746659129147,0,1.2933915135219782,5.867742501569905,Fatty acid oxidation
HMR_0383,-1,-5.2072243346007605,NA,6.13649408293927,"Transport, extracellular"
HMR_0388,-0.5540571825062146,0,2.6055347280838697,9.079975726942934,"Transport, extracellular"
HMR_0390,-0.5321051130970869,0,2.53375332555816,8.296684862512516,Fatty acid oxidation
HMR_0391,-1,-5.217142857142857,NA,9.956082911769554,"Transport, extracellular"
HMR_0392,-0.33340922520157784,0,4.28146500540697,8.564392354985364,"Transport, extracellular"
HMR_0402,-0.6962230356478889,0,3.026830845929715,16.901150542555584,Fatty acid oxidation
HMR_0414,-0.40255920610465956,0,7.877747912313582,18.493895915187103,Fatty acid oxidation
HMR_0415,-1,-5.227099236641221,NA,5.06917917947461,"Transport, extracellular"
HMR_0418,-0.5632494841632416,0,2.1016007908374847,7.522203713713977,Fatty acid oxidation
HMR_0419,-1,-5.237093690248566,NA,10.404310904021985,"Transport, extracellular"
HMR_0422,-0.40919263113843013,0,2.106416953019017,5.0242217764128245,Fatty acid oxidation
HMR_0423,-1,-5.247126436781609,NA,6.149401328373448,"Transport, extracellular"
HMR_0427,-1,-5.257197696737044,NA,6.063355302012553,"Transport, extracellular"
HMR_0428,-0.5528259342827339,0,2.5345811375364153,8.801412301488064,"Transport, extracellular"
HMR_0431,-1,-5.267307692307693,NA,5.852578349598034,"Transport, extracellular"
HMR_0482,-1,-5.277456647398844,NA,570.3003796689212,Glycerophospholipid metabolism
HMR_0582,0.9940864280481012,0,4.293634404420425,0.012733006768689688,Glycerophospholipid metabolism
HMR_0586,-1,-5.287644787644788,NA,0.01273300676878282,Glycerophospholipid metabolism
HMR_0587,1,-5.297872340425532,NA,-0.012733006768689688,"Transport, mitochondrial"
HMR_0597,-0.41369424323357756,0,2.7922270771287856,6.732588413438459,Glycerophospholipid metabolism
HMR_0625,-0.41369424323357756,0,2.7922270771287856,6.732588413438459,Glycerophospholipid metabolism
HMR_0629,-0.41369424323357756,0,2.7922270771287856,6.732588413438459,Glycerophospholipid metabolism
HMR_0634,-0.6445333915782852,0,14.537000177086307,67.25408698933497,Glycerophospholipid metabolism
HMR_0641,0.8438222419614279,0,144.41034523680509,12.2320272764842,Glycerophospholipid metabolism
HMR_0761,-0.45877007596304414,0,8.352395980112028,22.512105811705812,Sphingolipid metabolism
HMR_0770,-1.402121546093088,0,-604.190968277359,101.14317766073458,"Transport, extracellular"
HMR_0783,-0.4227888558770352,0,3.9899358455408613,9.83493876461003,Sphingolipid metabolism
HMR_0795,-0.5168304768319661,0,24.60455427198557,77.24191199790268,Sphingolipid metabolism
HMR_0806,0.41742804191361416,0,15.881722708728205,6.527489242923198,Glycosphingolipid metabolism
HMR_0808,0.41742804191361416,0,15.881722708728205,6.527489242923198,Glycosphingolipid metabolism
HMR_0816,-0.44195779693763965,0,10.25477627436898,26.497914536806196,Glycosphingolipid metabolism
HMR_0819,-0.5607180152862241,0,8.216118730881623,29.19091828309938,Glycosphingolipid metabolism
HMR_0827,-0.6705607613735688,0,6.994300080805222,35.46755182224895,Glycosphingolipid metabolism
HMR_0828,-0.7267570725989415,0,5.783299639679844,36.54752805776519,Glycosphingolipid metabolism
HMR_0829,-0.4569810863622318,0,5.093849536141883,13.66737372224296,Glycosphingolipid metabolism
HMR_0830,-0.3428477663214322,0,7.448795251262265,15.221127696624073,Glycosphingolipid metabolism
HMR_0831,3.8615342671380986,0,5.300985678926644,-9.005981100301282,"Transport, lysosomal"
HMR_0835,-0.40547255061290305,0,3.0973106751328263,7.322092763096538,Glycosphingolipid metabolism
HMR_0836,-0.40547255061290305,0,3.0973106751328263,7.322092763096538,Glycosphingolipid metabolism
HMR_0853,-1,-5.308139534883721,NA,3.811985306307135,Glycosphingolipid metabolism
HMR_0867,-1,-5.318446601941748,NA,9.543074472379638,Glycosphingolipid metabolism
HMR_0870,-1,-5.328793774319066,NA,9.543074472379638,Glycosphingolipid metabolism
HMR_0910,-1,-5.3391812865497075,NA,4.360286251765052,Glycosphingolipid metabolism
HMR_1081,0.3926451090840396,0,206.75515099124274,90.16924079041975,Leukotriene metabolism
HMR_1104,-0.9625759845570574,0,-104.07781219182397,-1.9846414515326882,"Transport, peroxisomal"
HMR_1135,-0.45944780778604893,0,-184.356514783144,-68.28220761530734,"Transport, peroxisomal"
HMR_1242,0.45944780778604893,0,184.356514783144,68.28220761530734,"Transport, peroxisomal"
HMR_1280,-0.7796871532342896,0,-360.7007707909107,-44.65223761328682,Leukotriene metabolism
HMR_1283,0.9625759845570574,0,104.07781219182397,1.9846414515326882,"Transport, peroxisomal"
HMR_1317,0.6340292003636397,0,-9.138418693338178,-40.80227986741252,Eicosanoid metabolism
HMR_1321,-0.5679589944631747,0,-386.2265536317349,-106.42224011298678,Eicosanoid metabolism
HMR_1329,0.4718046521099248,0,-6.947606890065617,-19.35935290357312,Eicosanoid metabolism
HMR_1332,0.4718046521097542,0,-6.947606890068667,-19.35935290357312,Eicosanoid metabolism
HMR_1536,-0.3767041391562761,0,0.726261779338603,1.6041300135910002,Cholesterol metabolism
HMR_1538,-0.3767041391562761,0,0.726261779338603,1.6041300135910002,Cholesterol metabolism
HMR_1539,-0.3767041391562761,0,0.726261779338603,1.6041300135910002,Cholesterol metabolism
HMR_1540,-0.3767041391562761,0,0.726261779338603,1.6041300135910002,Cholesterol metabolism
HMR_1543,-0.3767041391562761,0,0.726261779338603,1.6041300135910002,Cholesterol metabolism
HMR_1544,-0.3767041391562761,0,0.726261779338603,1.6041300135910002,Cholesterol metabolism
HMR_1545,-0.3767041391562761,0,0.726261779338603,1.6041300135910002,Cholesterol metabolism
HMR_1546,-0.3767041391562761,0,0.726261779338603,1.6041300135910002,Cholesterol metabolism
HMR_1547,-0.3767041391562761,0,0.726261779338603,1.6041300135910002,Cholesterol metabolism
HMR_1548,-0.3767041391562761,0,0.726261779338603,1.6041300135910002,Cholesterol metabolism
HMR_1549,-0.3767041391562761,0,0.726261779338603,1.6041300135910002,Cholesterol metabolism
HMR_1550,-0.3767041391562761,0,0.726261779338603,1.6041300135910002,Cholesterol metabolism
HMR_1551,-0.3767041391562761,0,0.726261779338603,1.6041300135910002,Cholesterol metabolism
HMR_1552,-0.3767041391562761,0,0.726261779338603,1.6041300135910002,Cholesterol metabolism
HMR_1620,0.6770125527944536,0,-10.364390369586914,-53.81389556231871,"Transport, mitochondrial"
HMR_1630,-0.40853956477034853,0,8.166227508720784,19.44754687857196,"Transport, mitochondrial"
HMR_1637,-0.3620627888741268,0,4.170592769048257,8.904652557016743,Bile acid synthesis
HMR_1651,-0.40853956477034853,0,8.166227508720784,19.44754687857196,Steroid metabolism
HMR_1653,-0.40853956477034853,0,8.166227508720784,19.44754687857196,Bile acid synthesis
HMR_1666,-0.8888606054748959,0,13.771892054835147,234.05907937850952,"Transport, mitochondrial"
HMR_1681,1,-5.349609375,35.94614051664614,NA,Bile acid synthesis
HMR_1685,1,-5.3600782778864975,399.16493962707517,NA,Bile acid synthesis
HMR_1706,-0.3699912410383429,0,36.05909463869294,78.41263016120791,Bile acid synthesis
HMR_1762,1,-5.370588235294117,17.09188292569865,NA,Bile acid synthesis
HMR_1764,-1,-5.381139489194499,-17.09188292569865,NA,"Transport, mitochondrial"
HMR_1765,1,-5.391732283464567,17.09188292569865,NA,Bile acid synthesis
HMR_1766,-1,-5.402366863905326,NA,206.10909465532302,Bile acid synthesis
HMR_1769,-1,-5.413043478260869,NA,206.10909465532302,Bile acid synthesis
HMR_1771,-1,-5.423762376237624,NA,206.10909465532302,Bile acid synthesis
HMR_1807,-1,-5.434523809523809,-15.184607026199636,NA,Bile acid synthesis
HMR_1897,-0.3724271053213499,0,3.469034694194603,7.586365319443427,"Transport, extracellular"
HMR_1962,-0.38931705932789856,0,1.903758152825159,4.331091475461275,Androgen and estrogen synthesis and metabolism
HMR_1968,-0.9587216789915124,0,10.26727712302158,487.1985534717083,Androgen and estrogen synthesis and metabolism
HMR_1971,-0.9587216789915124,0,10.26727712302158,487.1985534717083,Androgen and estrogen synthesis and metabolism
HMR_1976,-1,-5.4453280318091455,NA,300.573331803751,Androgen and estrogen synthesis and metabolism
HMR_1988,-0.36650831824780183,0,2.459675814534895,5.305779945615218,Steroid metabolism
HMR_2002,0.33117669217060836,0,-14.128188933274778,-28.119707537697792,Steroid metabolism
HMR_2041,-0.8766196661824729,0,29.44896560080411,447.91990980453494,Steroid metabolism
HMR_2281,0.5806984892222548,0,49.78874545076452,13.207133637171973,Fatty acid synthesis
HMR_2287,0.4024488578019117,0,10.96885444564293,4.673576128024693,Fatty acid synthesis
HMR_2288,-0.5072331016184356,0,1.6341199574441296,4.998305892633083,Fatty acid synthesis
HMR_2294,0.5460972354658571,0,14.637568702373606,4.297293047072748,Fatty acid synthesis
HMR_2295,0.3517996024745554,0,7.016711195019331,3.364577839501457,Fatty acid synthesis
HMR_2347,-0.4815978109930613,0,1.9263361477669168,5.505484892406713,Fatty acid synthesis
HMR_2348,-0.4815978109930613,0,1.9263361477669168,5.505484892406713,Fatty acid synthesis
HMR_2349,-0.4815978109930613,0,1.9263361477669168,5.505484892406713,Fatty acid synthesis
HMR_2350,-0.4815978109930613,0,1.9263361477669168,5.505484892406713,Fatty acid synthesis
HMR_2359,0.3535339125210909,0,16.101579649765778,7.690332027977105,Fatty acid synthesis
HMR_2361,-0.34423175397772793,0,2.809043853229744,5.758140880915922,Fatty acid synthesis
HMR_2362,-0.34423175397772793,0,2.809043853229744,5.758140880915922,Fatty acid synthesis
HMR_2363,-0.34423175397772793,0,2.809043853229744,5.758140880915922,Fatty acid synthesis
HMR_2364,-0.34423175397772793,0,2.809043853229744,5.758140880915922,Fatty acid synthesis
HMR_2368,-0.6428622707460483,0,12.143960625293673,55.86319532914432,Fatty acid synthesis
HMR_2457,0.4561741422340588,0,12.274662368166423,4.584121223931519,Linoleate metabolism
HMR_2530,-0.36152878990593257,0,2.3883044286745347,5.093017801415246,Fatty acid synthesis
HMR_2533,-0.36152878990593257,0,2.3883044286745347,5.093017801415246,Fatty acid synthesis
HMR_2535,-0.36152878990593257,0,2.3883044286745347,5.093017801415246,Fatty acid synthesis
HMR_2537,-0.36152878990593257,0,2.3883044286745347,5.093017801415246,Fatty acid synthesis
HMR_2602,0.40684922651342936,0,40.28876522785425,16.986406082011293,Fatty acid oxidation
HMR_2603,0.40684922651342936,0,40.28876522785425,16.986406082011293,"Transport, mitochondrial"
HMR_2604,-0.40684922651342936,0,-40.28876522785425,-16.986406082011293,"Transport, mitochondrial"
HMR_2608,18.766726783160227,0,113.88040836458914,-102.35797375881448,Fatty acid oxidation
HMR_2609,18.766726783160227,0,113.88040836458914,-102.35797375881448,"Transport, mitochondrial"
HMR_2610,-18.766726783160227,0,-113.88040836458914,102.35797375881448,"Transport, mitochondrial"
HMR_2620,0.6170485041339236,0,5.960767319627102,1.4116365438174698,Fatty acid oxidation
HMR_2621,-0.617048504133923,0,-5.960767319627102,-1.4116365438174725,"Transport, mitochondrial"
HMR_2622,-0.617048504133923,0,-5.960767319627102,-1.4116365438174725,"Transport, mitochondrial"
HMR_2635,-0.49705146916886433,0,2.9410374756277773,8.75414521341452,"Transport, mitochondrial"
HMR_2648,-0.507233101618408,0,1.6341199574441296,4.998305892632711,Fatty acid oxidation
HMR_2649,0.507233101618408,0,-1.6341199574441296,-4.998305892632711,"Transport, mitochondrial"
HMR_2650,0.5072331016184356,0,-1.6341199574441296,-4.998305892633083,"Transport, mitochondrial"
HMR_2655,1.536180623218882,0,18.038703082726403,-85.32462242249548,"Transport, mitochondrial"
HMR_2667,-18.171019234523822,0,-260.492782540679,233.31709831085206,"Transport, mitochondrial"
HMR_2673,-1.1697307902420313,0,-355.74399651564954,27.82866423982682,"Transport, mitochondrial"
HMR_2679,-1,-5.456175298804781,-80.48037768030167,NA,"Transport, mitochondrial"
HMR_2711,-0.5800762786100998,0,202.93085875263213,763.5820978431701,Fatty acid oxidation
HMR_2712,-0.5887322889585237,0,196.73237820091248,759.9796267494202,"Transport, mitochondrial"
HMR_2713,0.5887322889585237,0,-196.73237820091248,-759.9796267494202,"Transport, mitochondrial"
HMR_2715,29.68036172374118,0,12.650996027630637,-11.826299360652229,"Transport, mitochondrial"
HMR_2718,-53.24111715021032,0,-9.06704810498706,8.732724308525508,"Transport, mitochondrial"
HMR_2722,-1,-5.467065868263473,-271.8935442154884,NA,"Transport, mitochondrial"
HMR_2727,0.991508137812784,0,536.9642204589844,2.2896347110143,"Transport, mitochondrial"
HMR_2731,0.6057702125221837,0,-120.19821505955457,-489.58937013816836,"Transport, mitochondrial"
HMR_2744,-1,-5.478,-51.72478535331618,NA,"Transport, mitochondrial"
HMR_2748,1,-5.488977955911824,5.633476951058512,NA,"Transport, mitochondrial"
HMR_2753,-1,-5.5,-11.713850441258133,NA,"Transport, mitochondrial"
HMR_2760,-1,-5.511066398390342,-458.95054988708495,NA,"Transport, mitochondrial"
HMR_2817,-0.5957545330142092,0,8.281380240165861,32.69065737804174,"Transport, endoplasmic reticular"
HMR_2819,0.5957545330142092,0,-8.281380240165861,-32.69065737804174,"Transport, endoplasmic reticular"
HMR_2821,-0.787031661755021,0,-308.7536819641113,-36.795519621817235,"Transport, endoplasmic reticular"
HMR_2827,0.787031661755021,0,308.7536819641113,36.795519621817235,"Transport, endoplasmic reticular"
HMR_2861,6.801827947596972,0,4.294001887096639,-3.193233729701108,"Transport, endoplasmic reticular"
HMR_2862,-6.801827947779038,0,-4.294001887102699,3.193233729731302,"Transport, endoplasmic reticular"
HMR_2884,4.582714346374248,0,117.74651487125139,-183.47685421042442,"Transport, endoplasmic reticular"
HMR_2886,-4.582714346374248,0,-117.74651487125139,183.47685421042442,"Transport, endoplasmic reticular"
HMR_2888,-0.4907717449171398,0,136.14278611427545,398.55961798591613,"Transport, endoplasmic reticular"
HMR_2890,0.4907717449171398,0,-136.14278611427545,-398.55961798591613,"Transport, endoplasmic reticular"
HMR_2945,-0.33513192989175966,0,1.4546179632948644,2.921040994302702,Fatty acid synthesis
HMR_2982,-0.4300222217856546,0,2.7305859249467708,6.850790856096468,Fatty acid synthesis
HMR_3111,0.49284720390901093,0,14.421439493799175,4.899277932655089,Fatty acid oxidation
HMR_3112,0.49284720390901093,0,14.421439493799175,4.899277932655089,Fatty acid oxidation
HMR_3113,0.49284720390901093,0,14.421439493799175,4.899277932655089,Fatty acid oxidation
HMR_3114,0.49284720390901093,0,14.421439493799175,4.899277932655089,Fatty acid oxidation
HMR_3115,-0.8537334392963798,0,5.96715600657936,75.62573819800373,Fatty acid oxidation
HMR_3116,-0.46287424370618696,0,111.60475975188035,303.9581077671051,Fatty acid oxidation
HMR_3117,-0.46287424370618696,0,111.60475975188035,303.9581077671051,Fatty acid oxidation
HMR_3118,-0.46287424370618696,0,111.60475975188035,303.9581077671051,Fatty acid oxidation
HMR_3142,0.42333565874857376,0,12.438128623843937,5.039306930296254,Fatty acid oxidation
HMR_3156,1,-5.522177419354839,18.933742499061104,NA,Fatty acid oxidation
HMR_3229,-0.33323097710612526,0,14.974795463290182,29.942694549360336,Fatty acid oxidation
HMR_3396,-0.5072331016184356,0,1.6341199574441296,4.998305892633083,Fatty acid oxidation
HMR_3426,-0.4747539734439035,0,1.3165217781499743,3.6964500925067916,Fatty acid oxidation
HMR_3630,-0.33513192989175966,0,1.4546179632948644,2.921040994302702,Cholesterol metabolism
HMR_3689,-0.33513192989175966,0,1.4546179632948644,2.921040994302702,Cholesterol metabolism
HMR_4078,-0.4487284443637498,0,17.699276315345674,46.51327423033975,Beta-Alanine metabolism
HMR_4079,-0.5928970892454851,0,11.582668783995043,45.32023452626625,Beta-Alanine metabolism
HMR_4261,-0.6183581148602996,0,7.001645670010607,29.690583053509332,NAD metabolism
HMR_4278,-0.6602650905838956,0,2.7521013921431616,13.449362254163562,NAD metabolism
HMR_4343,-0.7088056133700094,0,71.59369637392871,420.13073006496427,Pyrimidine synthesis
HMR_4422,-0.5668966386061033,0,147.87098582662344,534.9728755126953,Arginine and proline metabolism
HMR_4592,17.315885530257134,0,380.4130121032715,-338.8738780575991,Pentose phosphate pathway
HMR_4630,0.6368525611783784,0,212.59510546007155,47.165743503653395,Cholesterol metabolism
HMR_4764,0.7205490660859122,0,354.6531815704346,57.60263671580274,Heme synthesis
HMR_4777,-0.33082757615265435,0,5.407144285841604,10.753546421506204,Arginine and proline metabolism
HMR_4790,-4.0222733501465235,0,-51.75960134170712,31.147580556260607,"Transport, peroxisomal"
HMR_5301,-0.529304977686731,0,10.861168983981113,35.28832684286242,Purine synthesis
HMR_5390,-0.35008648021510674,0,7.532805974612676,15.648142706392962,Methionine and cysteine metabolism
HMR_6397,0.5338352469560315,0,421.15318476819994,127.99730007559062,Lipoate metabolism
HMR_6408,0.5338352469560315,0,421.15318476819994,127.99730007559062,"Transport, mitochondrial"
HMR_6533,-0.5633241043593501,0,152.7428822413558,546.828052477932,"Transport, extracellular"
HMR_6534,0.3411812369358227,0,175.4853920887947,86.20242049904559,"Transport, extracellular"
HMR_6550,-0.48491046853420516,0,5.760420516299506,16.60625620456891,Inositol phosphate metabolism
HMR_6564,-0.6185152620147045,0,3.6997121102632238,15.696671240757393,Inositol phosphate metabolism
HMR_6611,0.39008900678253494,0,-102.8053443924144,-234.31054804325103,Purine catabolism
HMR_6755,-0.8439650463765812,0,9.013028299285494,106.51273166649639,Phenylalanine metabolism
HMR_6782,-1,-5.533333333333333,NA,0.7042142095105857,Phenylalanine metabolism
HMR_6826,1.0351759420965678,0,1.939658201208184,-112.22288506593779,Phenylalanine metabolism
HMR_6834,-1.0351759420964353,0,-1.9396582012010164,112.22288506593779,Phenylalanine metabolism
HMR_6854,6.001804661131823,0,554.5091198074341,-396.1187771331787,Phenylalanine metabolism
HMR_6907,-0.33175949556543655,0,0.38403409190965815,0.7653547564499946,Ubiquinone synthesis
HMR_6908,-0.33175949556543655,0,0.38403409190965815,0.7653547564499946,Ubiquinone synthesis
HMR_6909,-0.33175949556543655,0,0.38403409190965815,0.7653547564499946,Ubiquinone synthesis
HMR_6910,-0.33175949556543655,0,0.38403409190965815,0.7653547564499946,Ubiquinone synthesis
HMR_7328,-0.4832223882154346,0,2.1107548319320015,6.058154903313783,N-glycan metabolism
HMR_7329,-0.4832223882154346,0,2.1107548319320015,6.058154903313783,N-glycan metabolism
HMR_7330,-0.4832223882154346,0,2.1107548319320015,6.058154903313783,"Transport, golgi apparatus"
HMR_7469,-0.7306378588479464,0,6.351096738877776,40.80546885504224,Keratan sulfate degradation
HMR_7628,-0.5117248494131987,0,5.1561018907106835,15.963555271912329,Phenylalanine metabolism
HMR_7712,0.6602650905838956,0,-2.7521013921431616,-13.449362254163562,"Transport, nuclear"
HMR_7715,0.3510196079448548,0,16.31126816220957,7.835336470749027,"Transport, lysosomal"
HMR_7727,-0.3392754548570707,0,8.35033005531203,16.925952222064755,"Transport, lysosomal"
HMR_7755,-0.8410564440800115,0,15.447980869658501,178.93524882774352,Glycerophospholipid metabolism
HMR_7756,-0.5117248494131987,0,5.1561018907106835,15.963555271912329,Phenylalanine metabolism
HMR_7757,-0.891370420134179,0,1.175913890524459,20.474061962773412,"Transport, mitochondrial"
HMR_7758,-0.9490896749398329,0,5.605664538716018,214.61153234977724,"Transport, mitochondrial"
HMR_7977,-2.118179584033784,0,-453.84303982839583,162.74817014722825,"Transport, extracellular"
HMR_8395,-1,-5.544534412955466,NA,2.918526389108575,Inositol phosphate metabolism
HMR_8475,0.43576459729270706,0,-141.1252071123846,-359.11000122528077,"Transport, mitochondrial"
HMR_8476,0.33565748833977793,0,-240.2981824693501,-483.1183632183075,"Transport, nuclear"
HMR_8501,0.7131073220543268,0,49.71149432650022,8.32514317603186,Pyruvate metabolism
HMR_8505,-0.4149057164998692,0,11.774729425869605,28.474268925067015,"Transport, mitochondrial"
HMR_8590,-0.6719190837651959,0,4.1393312650787735,21.094268497952235,"Transport, lysosomal"
HMR_8761,0.34724173443292083,0,9.330676090259752,4.5208486239552625,Galactose metabolism
HMR_8762,0.3472417344329209,0,9.330676090259752,4.520848623955262,Galactose metabolism
HMR_9174,-1,-5.555780933062881,NA,11.314626394628625,"Transport, mitochondrial"
HMR_9175,1,-5.567073170731708,NA,-11.314626394533258,"Transport, extracellular"
HMR_9185,0.374129274671728,0,-4.902252381932821,-10.763130846725359,"Transport, extracellular"
HMR_9188,-0.6776307008052023,0,-395.4514352350235,-75.98895393432234,"Transport, extracellular"
HMR_9590,-0.6531317067668067,0,34.848280008087656,166.0826248218894,"Transport, extracellular"
HMR_9607,0.5631954954716489,0,99.07154333934207,27.683611247960652,"Transport, extracellular"
HMR_9608,0.5628734213296623,0,414.43122675151824,115.91399647062626,"Transport, extracellular"
HMR_9609,-0.5386692696255546,0,36.983863594650664,123.35170982198342,"Transport, extracellular"
HMR_9619,-0.3645855862977406,0,38.230758201351456,82.10254673140543,"Transport, extracellular"
HMR_9639,-0.39008900678253494,0,102.8053443924144,234.31054804325103,"Transport, extracellular"
HMR_9648,0.4832223882154346,0,-2.1107548319320015,-6.058154903313783,"Transport, extracellular"
HMR_9667,0.4832223882154346,0,-2.1107548319320015,-6.058154903313783,"Transport, golgi apparatus"
HMR_9674,-0.8089865876356241,0,5.538638853691402,52.453507196513,"Transport, nuclear"
HMR_9718,1,-5.5784114052953155,12.314037679114554,NA,"Glycine, serine, alanine, and threonine metabolism"
HMR_9719,-0.4672777125550397,0,2.2455516345503344,6.184925886187297,Fatty acid oxidation
HMR_9726,-0.5690269293712427,0,51.710129402744165,188.25906091025138,Folate metabolism
HMR_9797,1,-5.589795918367347,86.54565257318747,NA,Purine catabolism
HMR_1635,-0.3620627888741268,0,4.170592769048257,8.904652557016743,Bile acid synthesis
HMR_1644,-0.40853956477034853,0,8.166227508720784,19.44754687857196,Steroid metabolism
CA24GSr,0.6063085952816384,0,43.60520861834558,10.687234000004677,Bile acid synthesis
CA24Gtr,-0.6063085952816384,0,-43.60520861834558,-10.687234000004677,"Transport, extracellular"
DM_ca24g[c],0.40691622196024024,0,89.911392501688,37.90203533186912,Exchange/demand reaction
DM_hdca24g[c],0.6776307008079173,0,395.4514352350235,75.9889539335594,Exchange/demand reaction
HDCA24GSr,0.6776307008079173,0,395.4514352350235,75.9889539335594,Bile acid synthesis
HDCA24Gtr,-0.6776307008079173,0,-395.4514352350235,-75.9889539335594,"Transport, extracellular"
M02155tr,0.6776307008079173,0,395.4514352350235,75.9889539335594,"Transport, extracellular"
2HATVACIDGLUChr,0.3994294659093853,0,11.69923637237798,5.020772255960448,Drug metabolism
2HATVACIDGLUCteb,0.3994294659093853,0,11.69923637237798,5.020772255960448,Drug metabolism
2HATVACIDhc,0.3994294659093853,0,11.69923637237798,5.020772255960448,Drug metabolism
4HATVLACthc,-1,-5.601226993865031,NA,10.680620221417556,Drug metabolism
6HLVSTAChep,-0.38734931634210024,0,6.081635160589521,13.771881118143524,Drug metabolism
6HLVSTthep,-0.38734931634210024,0,6.081635160589521,13.771881118143524,Drug metabolism
6HSMVACIDhep,-0.5072367273362773,0,2.560700205218231,7.832526511439827,Drug metabolism
6HSMVACIDteb,-0.5072367273362773,0,2.560700205218231,7.832526511439827,Drug metabolism
ACMPtu,0.437028838702359,0,5.884681152501345,2.305385732746732,Drug metabolism
ACMPdt,1.6864701233819148,0,4.128128540918251,-1.05485517376725,Drug metabolism
ATVACIDhc,-0.3852317388822843,0,21.190021299591038,47.746593160840824,Drug metabolism
ATVACIDtdu,-1,-5.612704918032787,NA,619.9911965393067,Drug metabolism
CRVSM1hr,-0.7822934930122444,0,19.84162310946696,162.43701783701516,Drug metabolism
CSAtd,-0.42539003993311486,0,2.5777313243220914,6.39437672623116,Drug metabolism
CSAtu,-0.42539003993311486,0,2.5777313243220914,6.39437672623116,Drug metabolism
CVM1GLUChc,-0.7822934930122444,0,19.84162310946696,162.43701783701516,Drug metabolism
EX_2hatvacidgluc[e],0.3994294659093853,0,11.69923637237798,5.020772255960448,Exchange/demand reaction
EX_2hatvlac[e],-0.3994294659093853,0,-11.69923637237798,-5.020772255960448,Exchange/demand reaction
EX_6hlvst[e],0.38734931634252245,0,-6.081635160583521,-13.771881118143618,Exchange/demand reaction
EX_6hsmvacid[e],-0.5072367273362773,0,2.560700205218231,7.832526511439827,Exchange/demand reaction
EX_atvacid[e],-0.3852317388822843,0,21.190021299591038,47.746593160840824,Exchange/demand reaction
EX_ibup_S[e],1,-5.6242299794661195,4.729932366342801,NA,Exchange/demand reaction
EX_isolvstacid[e],-0.38734931634210024,0,6.081635160589521,13.771881118143524,Exchange/demand reaction
EX_profvs[e],-0.65208875215304,0,3.2949249090079653,15.64625580531803,Exchange/demand reaction
IBUP_SACOT2,1,-5.635802469135802,4.729932366342801,NA,Drug metabolism
IBUP_Stdu,-1,-5.6474226804123715,-4.729932366294876,NA,Drug metabolism
ISOLVSTAChep,-0.38734931634210024,0,6.081635160589521,13.771881118143524,Drug metabolism
ISOLVSTtbc,-0.38734931634210024,0,6.081635160589521,13.771881118143524,Drug metabolism
LSTNRATt,1,-5.659090909090909,9.891835547796589,NA,Drug metabolism
LVSTPGPtu,-0.49096288206799193,0,2.5663062246926422,7.516676466700887,Drug metabolism
PROFVSCOAhc,-0.6520887521530468,0,3.2949249090079653,15.6462558053184,Drug metabolism
PROFVShc,-0.6520887521530468,0,3.2949249090079653,15.6462558053184,Drug metabolism
PROFVStev,-0.6520887521530468,0,3.2949249090079653,15.6462558053184,Drug metabolism
RSVGLUChc,-0.482094513969155,0,9.037144591770309,25.861673186854574,Drug metabolism
RSVLAChv,-0.482094513969155,0,9.037144591770309,25.861673186854574,Drug metabolism
RSVSPONhc,-0.482094513969155,0,9.037144591770309,25.861673186854574,Drug metabolism
SMVACIDhep,-0.495987880875266,0,12.374381858706649,36.72912731958837,Drug metabolism
SMVGLUChep,-0.495987880875266,0,12.374381858706649,36.72912731958837,Drug metabolism
2HATVACIDGLUCitr,0.3994294659093853,0,11.69923637237798,5.020772255960448,Drug metabolism
6HSMVitr,-0.5072367273362773,0,2.560700205218231,7.832526511439827,Drug metabolism
FVSCOAitx,-0.6520887521530468,0,3.2949249090079653,15.6462558053184,Drug metabolism
PROFVSCOAitx,-0.6520887521530468,0,3.2949249090079653,15.6462558053184,Drug metabolism
RSVLACitr,0.482094513969155,0,-9.037144591770309,-25.861673186854574,Drug metabolism
FVSCOAhc,-0.6520887521530468,0,3.2949249090079653,15.6462558053184,Drug metabolism
H2O2itr,-1,-5.670807453416149,-499.95075947380064,NA,Drug metabolism
RSVitr,-0.482094513969155,0,9.037144591770309,25.861673186854574,Drug metabolism
2HATVACIDitr,-0.3994294659093853,0,-11.69923637237798,-5.020772255960448,Drug metabolism
EX_M00260[e],-2.0131759418189854,0,-2.6055347280891974,0.8761071882447795,Exchange/demand reaction
EX_M01207[e],-119.5207511109348,0,-1.8007888232524971,1.7709053582615606,Exchange/demand reaction
EX_M01870[e],-0.4832223882154346,0,2.1107548319320015,6.058154903313783,Exchange/demand reaction
EX_itacon[e],1,-5.682572614107884,NA,-11.314626394533258,Exchange/demand reaction
EX_rbl_D[e],0.3741292746706665,0,-4.902252381944923,-10.763130846725359,Exchange/demand reaction
EX_M02155[e],-0.6776307008052023,0,-395.4514352350235,-75.98895393432234,Exchange/demand reaction
EX_n5m2masn[e],0.4832223882154346,0,-2.1107548319320015,-6.058154903313783,Exchange/demand reaction
sink_ala_L[c],1,-5.6943866943866945,376.58375786535146,NA,Exchange/demand reaction
sink_asn_L[c],-1,-5.70625,-227.1897065797806,NA,Exchange/demand reaction
sink_4abut[l],-0.7167679941506082,0,-315.30237142848966,-52.018515846659426,Exchange/demand reaction
DM_4abut[c],-0.4882079855893411,0,327.040158694458,950.9796207702636,Exchange/demand reaction
DCMPtm,0.43576459729270706,0,-141.1252071123846,-359.11000122528077,"Transport, mitochondrial"
2DR1PP,-1,-5.718162839248434,NA,10.583113637635677,Pyrimidine catabolism
5MTHFt2,-1,-5.7301255230125525,NA,211.1512073562503,"Transport, extracellular"
AACTOOR,1,-5.7421383647798745,284.48717409501074,NA,"Glycine, serine, alanine, and threonine metabolism"
ADKd,-7.478766176990375,0,-341.3730176277161,260.84879735752344,Nucleotide interconversion
AMPTASECGe,-1,-5.754201680672269,NA,375.8041795876503,Glutathione metabolism
ASNNm,-0.48480912363205003,0,38.323982050448144,110.45187485380768,Alanine and aspartate metabolism
ASNtm,-0.48480912363205003,0,38.323982050448144,110.45187485380768,"Transport, mitochondrial"
ASPt6,-0.6990091149901303,0,15.295274004152812,86.33753127931134,"Transport, extracellular"
BZtr,-0.3968469470863714,0,-92.56561469193771,-39.969470680180855,"Transport, endoplasmic reticular"
CITt4_2,1,-5.766315789473684,NA,-649.8845369300842,"Transport, extracellular"
COKECBESr,0.3968469470863714,0,92.56561469193771,39.969470680180855,Alkaloid synthesis
CRNtuNa,-0.48761758355287477,0,91.4656740404468,265.5554535566807,"Transport, extracellular"
CYTK3,-2.2704147587939714,0,-311.00497199363707,800.6166831939697,Nucleotide interconversion
CYTK4,1.7629815180304576,0,519.2757679473877,-143.39502856586316,Nucleotide interconversion
DNDPt28m,-1,-5.7784810126582276,NA,76.03050590366125,"Transport, mitochondrial"
DURIt,-1,-5.790697674418604,NA,400.25658588131665,"Transport, extracellular"
EX_adrnl[e],-0.5460016697235941,0,-73.69299235571448,-21.640659345825885,Exchange/demand reaction
EX_atp[e],1,-5.802966101694915,NA,-267.01433576812747,Exchange/demand reaction
EX_crn[e],0.580137890976747,0,-195.53554892253877,-735.8919112854004,Exchange/demand reaction
EX_dag_hs[e],0.8461345674888017,0,172.8663984560013,14.40748883287845,Exchange/demand reaction
EX_dlnlcg[e],-1.3327033818826057,0,-0.29932868411783853,2.098701341071812,Exchange/demand reaction
EX_fucgalfucgalacglcgalgluside_hs[e],1,-5.8152866242038215,8.579167116846342,NA,Exchange/demand reaction
EX_leuktrB4[e],-1,-5.827659574468085,NA,272.09144240951537,Exchange/demand reaction
EX_tethex3[e],-1,-5.840085287846482,NA,4.565836974834075,Exchange/demand reaction
FATP4t,-0.7505647306810954,0,-74.86975284142792,-10.668075642410214,"Transport, extracellular"
FATP6t,-0.5108345428692183,0,1.8970495511729082,5.859219921737641,"Transport, extracellular"
FUCGALFUCGALACGLCGALGLUSIDEte,-1,-5.852564102564102,-8.579167116846342,NA,"Transport, extracellular"
HDCAtr,-0.7512642476893608,0,68.30591931527509,480.9188598388672,"Transport, extracellular"
HDCEAtr,1.614333320827505,0,439.72372904462816,-103.32918781187972,"Transport, extracellular"
HMGCOAtm,0.5645520127186183,0,304.3872202981949,84.71741518053412,"Transport, mitochondrial"
INSTt4,-0.6915955938695995,0,-281.004806841749,-51.2315832979748,"Transport, extracellular"
LEUKTRD4t,1,-5.865096359743041,218.0844811434746,NA,"Transport, extracellular"
LNLNCAt,-0.9784071970752722,0,-5.902504325317565,-0.06442132481490724,"Transport, extracellular"
LYSt4,0.5886170940299584,0,540.2403003692627,139.8987997316893,"Transport, extracellular"
MMCDm,-0.3827367811001508,0,11.166844152259904,25.014946080317426,"Valine, leucine, and isoleucine metabolism"
NICRNTtn,-0.6602650905838956,0,2.7521013921431616,13.449362254163562,"Transport, nuclear"
NMNATn,-0.5216786241157135,0,4.701797784279391,14.95777848110094,NAD metabolism
NMNATr,1,-5.877682403433476,NA,-882.2208308227539,NAD metabolism
NMNtn,-0.5216786241157135,0,4.701797784279391,14.95777848110094,"Transport, nuclear"
NNATn,-0.6602650905838956,0,2.7521013921431616,13.449362254163562,NAD metabolism
SALMCOM2,0.5460016697235945,0,73.69299235571448,21.64065934582586,Tyrosine metabolism
SARCOXp,-1,-5.890322580645162,NA,33.669649957977306,"Glycine, serine, alanine, and threonine metabolism"
SARCStp,-1,-5.9030172413793105,NA,33.669649957977306,"Transport, peroxisomal"
SPHMYLNtl,1,-5.915766738660907,NA,-14.485475833985582,"Transport, lysosomal"
STRDNCCPT1,-0.4020826912458908,0,-35.21996617728807,-15.019533100734693,Fatty acid oxidation
SULFOX,-0.34634909917338236,0,9.398553924159334,19.358551473458167,Methionine and cysteine metabolism
THMMPt4,1,-5.928571428571429,NA,-78.93901959135442,"Transport, extracellular"
TRDR3,-0.5472598397386701,0,0.6540397600486638,2.235210266594168,Miscellaneous
XYLTD_Dr,-1,-5.941431670281996,NA,37.66365930706328,Pentose phosphate pathway
r0179,1,-5.9543478260869565,636.3760030799866,NA,Glutamate metabolism
r0443,-1,-5.967320261437909,NA,30.0005218638571,Fatty acid oxidation
r0552,-0.7243376657204573,0,-266.4553266062737,-42.59704973898716,"Glycine, serine, alanine, and threonine metabolism"
r0553,0.4308858504006496,0,830.0009696258545,330.12087991714475,"Glycine, serine, alanine, and threonine metabolism"
r0571,0.3827367811001508,0,-11.166844152259904,-25.014946080317426,"Valine, leucine, and isoleucine metabolism"
r0637,0.35383546662276916,0,22.85877090006061,10.910134500361945,Fatty acid oxidation
r0651,-0.5877143551362597,0,2.4386883675303057,9.391402725436503,Bile acid synthesis
r0653,-0.7402741936573628,0,25.158501247824262,168.57273864779472,Fatty acid oxidation
r0714,-0.7402741936573628,0,25.158501247824262,168.57273864779472,Fatty acid oxidation
r0716,-0.7402741936573628,0,25.158501247824262,168.57273864779472,Miscellaneous
r0839,-0.6346930532085433,0,-494.6897167322129,-110.5489435303308,"Transport, extracellular"
r0983,-0.5649105481412339,0,9.976737990504306,35.88389111866951,"Transport, endoplasmic reticular"
r0984,0.5649105481394033,0,-9.97673799055795,-35.88389111866951,"Transport, lysosomal"
r0997,0.35383546662276916,0,22.85877090006061,10.910134500361945,"Transport, peroxisomal"
r1001,1,-5.9803493449781655,213.74226056006552,NA,"Transport, mitochondrial"
r1008,-1,-5.993435448577681,NA,30.0005218638571,"Transport, mitochondrial"
r1252,-0.3681309107270096,0,3.8275238351755005,8.28740281705031,Fatty acid oxidation
r1254,-0.7423447825527777,0,13.745848089816818,92.95370355137977,Fatty acid oxidation
r1544,1,-6.006578947368421,NA,-339.7561687919855,"Transport, extracellular"
r1546,-1,-6.01978021978022,NA,210.0271944683075,"Transport, extracellular"
r1547,-1,-6.033039647577093,NA,166.9597814427737,"Transport, extracellular"
r1548,1,-6.046357615894039,NA,-348.2739236492872,"Transport, extracellular"
r1549,1,-6.0597345132743365,NA,-335.23195022847653,"Transport, extracellular"
r1551,1,-6.073170731707317,NA,-426.49721973571775,"Transport, extracellular"
r1552,1,-6.086666666666667,NA,-37.75092413376062,"Transport, extracellular"
r1553,-1,-6.1002227171492205,NA,806.9246093765258,"Transport, extracellular"
r1554,-1,-6.113839285714286,NA,221.92639474620222,"Transport, extracellular"
r1557,-1,-6.12751677852349,NA,773.3929671295166,"Transport, extracellular"
r1559,1,-6.141255605381166,NA,-677.8827380462646,"Transport, extracellular"
r1560,-1,-6.155056179775281,NA,568.7842298633575,"Transport, extracellular"
r1561,-1,-6.168918918918919,NA,198.98237488475516,"Transport, extracellular"
r1562,-1,-6.182844243792325,NA,292.72543219664095,"Transport, extracellular"
r1563,1,-6.1968325791855206,NA,-322.6406754471779,"Transport, extracellular"
r1564,-1,-6.210884353741497,NA,479.5860754073143,"Transport, extracellular"
r1565,1,-6.225,NA,-695.9935864990234,"Transport, extracellular"
r1566,1,-6.239179954441913,NA,-313.6006528694153,"Transport, extracellular"
r1567,1,-6.2534246575342465,NA,-36.9639727454121,"Transport, extracellular"
r1568,-1,-6.267734553775743,NA,223.58991687707007,"Transport, extracellular"
r1569,1,-6.282110091743119,NA,-76.96747952849064,"Transport, extracellular"
r1570,1,-6.296551724137931,NA,-175.6175633424282,"Transport, extracellular"
r1571,-1,-6.311059907834101,NA,295.09194468433856,"Transport, extracellular"
r1573,1,-6.325635103926097,NA,-260.01714391860963,"Transport, extracellular"
r1574,-1,-6.340277777777778,NA,150.81845989697558,"Transport, extracellular"
r1575,1,-6.354988399071925,NA,-74.61712708526254,"Transport, extracellular"
r1576,-1,-6.369767441860465,NA,357.720037142992,"Transport, extracellular"
r1578,-1,-6.384615384615385,NA,153.07175013612547,"Transport, extracellular"
r1579,1,-6.399532710280374,NA,-174.42873798913956,"Transport, extracellular"
r1580,1,-6.414519906323185,NA,-716.6277225585937,"Transport, extracellular"
r1581,1,-6.429577464788732,NA,-397.6190285606384,"Transport, extracellular"
r1583,1,-6.444705882352941,NA,-835.0488044311523,"Transport, extracellular"
r1584,-1,-6.459905660377358,NA,247.27477325298787,"Transport, extracellular"
r1585,1,-6.475177304964539,NA,-324.43335678277015,"Transport, extracellular"
r1586,-1,-6.490521327014218,NA,140.99055416222288,"Transport, extracellular"
r1587,-1,-6.505938242280285,NA,367.02879521255494,"Transport, extracellular"
r1588,1,-6.521428571428571,NA,-740.138731817627,"Transport, extracellular"
r1589,1,-6.536992840095466,NA,-143.03197590528205,"Transport, extracellular"
r1590,1,-6.552631578947368,NA,-380.6556130760193,"Transport, extracellular"
r1591,1,-6.568345323741007,NA,-746.3346404779911,"Transport, extracellular"
r1592,-1,-6.584134615384615,NA,816.7664071884155,"Transport, extracellular"
r1593,1,-6.6,NA,-508.87554945602415,"Transport, extracellular"
r1594,1,-6.615942028985507,NA,-376.4366465774536,"Transport, extracellular"
r1595,-1,-6.631961259079903,NA,340.3601592429876,"Transport, extracellular"
r1596,1,-6.648058252427185,NA,-72.56241290436554,"Transport, extracellular"
r1597,-1,-6.664233576642336,NA,152.18047687671074,"Transport, extracellular"
r1598,1,-6.680487804878049,NA,-103.97585294837356,"Transport, extracellular"
r1599,1,-6.69682151589242,NA,-75.81229327485859,"Transport, extracellular"
r1600,-1,-6.713235294117647,NA,798.5601193267822,"Transport, extracellular"
r1602,-1,-6.72972972972973,NA,793.952452267456,"Transport, extracellular"
r1603,1,-6.746305418719212,NA,-755.0952357666016,"Transport, extracellular"
r1604,-1,-6.762962962962963,NA,146.96177146563159,"Transport, extracellular"
r1605,-1,-6.77970297029703,NA,77.15019171117433,"Transport, extracellular"
r1606,1,-6.79652605459057,NA,-803.5904024902344,"Transport, extracellular"
r1607,-1,-6.813432835820896,NA,290.0084673416376,"Transport, extracellular"
r1608,1,-6.830423940149626,NA,-124.56721982927397,"Transport, extracellular"
r1609,-1,-6.8475,NA,156.31511879603266,"Transport, extracellular"
r1610,-1,-6.864661654135339,NA,830.388089289093,"Transport, extracellular"
r1611,-1,-6.881909547738694,NA,120.9875799519062,"Transport, extracellular"
r1612,-1,-6.899244332493703,NA,465.78342879180906,"Transport, extracellular"
r1613,-1,-6.916666666666667,NA,49.53993063070327,"Transport, extracellular"
r1614,-1,-6.934177215189873,NA,145.20924761403427,"Transport, extracellular"
r1615,-1,-6.951776649746193,NA,147.203162014022,"Transport, extracellular"
r1616,-1,-6.969465648854962,NA,162.46639180116878,"Transport, extracellular"
r1617,-1,-6.987244897959184,NA,169.70778011234515,"Transport, extracellular"
r1618,1,-7.005115089514066,NA,-295.8911004814208,"Transport, extracellular"
r1619,1,-7.023076923076923,NA,-149.05075968699455,"Transport, extracellular"
r1620,-1,-7.041131105398458,NA,191.7213567439601,"Transport, extracellular"
r1621,1,-7.059278350515464,NA,-328.7304371631384,"Transport, extracellular"
r1622,1,-7.077519379844961,NA,-675.5448415588379,"Transport, extracellular"
r1623,1,-7.095854922279793,NA,-223.3214045387566,"Transport, extracellular"
r1624,1,-7.114285714285714,NA,-32.03526643232592,"Transport, extracellular"
r1626,-1,-7.1328125,NA,829.3485377120971,"Transport, extracellular"
r1627,1,-7.151436031331593,NA,-562.8686531188965,"Transport, extracellular"
r1628,-1,-7.170157068062827,NA,260.31831337343453,"Transport, extracellular"
r1629,1,-7.188976377952756,NA,-288.46587534723284,"Transport, extracellular"
r1630,-1,-7.207894736842105,NA,180.3564128810458,"Transport, extracellular"
r1631,1,-7.226912928759894,NA,-16.442252230295725,"Transport, extracellular"
r1632,1,-7.246031746031746,NA,-258.21522841816545,"Transport, extracellular"
r1633,1,-7.26525198938992,NA,-183.26273246794446,"Transport, extracellular"
r1634,1,-7.284574468085107,NA,-724.9803587985992,"Transport, extracellular"
r1635,1,-7.304,NA,-228.98574629985094,"Transport, extracellular"
r1636,-1,-7.323529411764706,NA,201.7485855117798,"Transport, extracellular"
r1637,-1,-7.343163538873995,NA,157.91644024720267,"Transport, extracellular"
r1638,1,-7.362903225806452,NA,-54.08606793519,"Transport, extracellular"
r1639,-1,-7.382749326145553,NA,665.8201680271148,"Transport, extracellular"
r1640,-1,-7.402702702702703,NA,771.3752715972901,"Transport, extracellular"
r1641,1,-7.4227642276422765,NA,-41.70262118461323,"Transport, extracellular"
r1642,-1,-7.442934782608695,NA,101.37309151561223,"Transport, extracellular"
r1643,-1,-7.463215258855586,NA,114.2141773407056,"Transport, extracellular"
r1644,-1,-7.483606557377049,NA,96.12164505308867,"Transport, extracellular"
r1645,1,-7.504109589041096,NA,-461.4130689732552,"Transport, extracellular"
r1646,-1,-7.524725274725275,NA,49.73918785491065,"Transport, extracellular"
r1647,1,-7.545454545454546,NA,-466.2815366168976,"Transport, extracellular"
r1648,1,-7.566298342541437,NA,-86.26613268548232,"Transport, extracellular"
r1649,1,-7.587257617728532,NA,-443.44755422401425,"Transport, extracellular"
r1650,1,-7.608333333333333,NA,-648.2904676113129,"Transport, extracellular"
r1651,-1,-7.629526462395543,NA,382.18223606824876,"Transport, extracellular"
r1652,1,-7.650837988826815,NA,-342.2487408756733,"Transport, extracellular"
r1653,1,-7.6722689075630255,NA,-136.035553761784,"Transport, extracellular"
r1654,-1,-7.693820224719101,NA,211.99237892482057,"Transport, extracellular"
r1655,-1,-7.715492957746479,NA,171.6201540908735,"Transport, extracellular"
r1656,-1,-7.737288135593221,NA,47.934737030378216,"Transport, extracellular"
r1657,-1,-7.759206798866855,NA,143.49673606368304,"Transport, extracellular"
r1658,-1,-7.78125,NA,123.15353171164654,"Transport, extracellular"
r1659,1,-7.803418803418803,NA,-779.6752116989136,"Transport, extracellular"
r1660,-1,-7.825714285714286,NA,252.49880063474177,"Transport, extracellular"
r1661,-1,-7.848137535816619,NA,130.4220499277791,"Transport, extracellular"
r1662,-1,-7.870689655172414,NA,271.2187284408569,"Transport, extracellular"
r2317,1,-7.893371757925072,NA,-272.09144240951537,"Transport, extracellular"
RE0124C,1,-7.916184971098266,NA,-973.6546853637695,Pentose phosphate pathway
RE2626C,-1,-7.939130434782609,NA,917.7063421569824,Bile acid synthesis
RE3079X,0.3382278476872039,0,6.063653923832084,2.998560607589619,Fatty acid oxidation
RE3238C,1,-7.962209302325581,1.5187701312799182,NA,Fatty acid synthesis
RE3525M,-1,-7.985422740524782,NA,3.459077756325281,Arachidonic acid metabolism
C140CPT1,1.0093809980646868,0,1.0556377434299327,-226.1143652158737,Fatty acid oxidation
C40CPT1,-1,-8.008771929824562,-206.85499620592594,NA,Fatty acid oxidation
FAOXC15ATPx,-0.3749696539328743,0,4.516817677714207,9.936297138663425,Fatty acid oxidation
FAOXC6DCC4DCx,1,-8.03225806451613,1.175913890524459,NA,Fatty acid oxidation
5MTHFt2le,1,-8.055882352941177,NA,-211.1512073562503,"Transport, extracellular"
ASPte,0.6446338585609503,0,399.5699382938385,86.33753127931134,"Transport, extracellular"
GLU5SAtmc,1,-8.079646017699115,841.9840310440063,NA,"Transport, mitochondrial"
q10tm,0.43264123855400655,0,-1.0157852972216612,-2.5649659531257902,"Transport, mitochondrial"
HKYNRtr,-1,-8.103550295857989,NA,396.5848536613464,"Transport, extracellular"
EX_hLkynr[e],1,-8.127596439169139,NA,-396.5848536613464,Exchange/demand reaction
ALAPAT4te,-1.3764939852626448,0,-497.0546849384308,78.74545460095331,"Transport, extracellular"
PROPAT4te,0.9047470962194796,0,320.94598518943786,16.049919228999457,"Transport, extracellular"
TRPt,-0.7179992766086104,0,-330.52088604034185,-54.25329930483643,"Transport, extracellular"
ACRNte,-0.5100272626464786,0,-156.09449047410487,-50.649446321490686,"Transport, extracellular"
PCRNte,-0.5339897667419569,0,60.71126578291063,199.84638488693238,"Transport, extracellular"
ODECRNte,-0.9120077870239004,0,17.307726658525475,376.08450824813843,"Transport, extracellular"
STCRNte,-0.937971047415332,0,15.659909319823317,489.26266851825716,"Transport, extracellular"
PMTCRNte,-0.8467436105916752,0,9.11101152550166,109.78793370838314,"Transport, extracellular"
EX_pcrn[e],-0.5339897667419569,0,60.71126578291063,199.84638488693238,Exchange/demand reaction
EX_stcrn[e],-0.937971047415332,0,15.659909319823317,489.26266851825716,Exchange/demand reaction
3HPPt,-1,-8.151785714285714,NA,12.564215625212633,"Transport, extracellular"
EX_3hpp[e],-1,-8.176119402985075,NA,12.564215625212633,Exchange/demand reaction
GLYCLTtd,1.0234053182069651,0,1.4050848858062175,-121.47052243991625,"Transport, extracellular"
EX_glyclt[e],1.0234053182061615,0,1.4050848857585343,-121.47052243991625,Exchange/demand reaction
MEPIt,-1,-8.20059880239521,-73.69299235571448,NA,"Transport, extracellular"
EX_mepi[e],1,-8.225225225225225,73.69299235571448,NA,Exchange/demand reaction
ACRNtr,-0.5100272626464786,0,-156.09449047410487,-50.649446321490686,"Transport, extracellular"
r2514e,1.7610778867194983,0,439.72372904462816,-121.20773848916124,"Transport, extracellular"
ADRNLtu,0.5460016697235945,0,73.69299235571448,21.64065934582586,"Transport, extracellular"
DM_for[c],1,-8.25,94.82829784393013,NA,Exchange/demand reaction
THMMPtrbc,-1,-8.274924471299094,NA,78.93901959134845,"Transport, extracellular"
3HPPtm,1,-8.3,NA,-12.564215625212633,"Transport, mitochondrial"
sink_C02528[c],1,-8.325227963525835,NA,-12.839190775267966,Exchange/demand reaction
sink_stcoa[c],1,-8.350609756097562,825.4551953552246,NA,Exchange/demand reaction
sink_xol7ah3[c],-0.7458824072929013,0,27.848920109914754,191.33244244937896,Exchange/demand reaction
EX_2obut[e],-1,-8.376146788990825,-84.38480720158368,NA,Exchange/demand reaction
EX_glcn[e],-1,-8.401840490797547,NA,973.6546853637695,Exchange/demand reaction
ADK1,10.633563220301742,0,98.92540467460752,-81.91850785352476,Nucleotide interconversion
DGK1,-1,-8.427692307692308,-59.83096014514901,NA,Nucleotide interconversion
EX_asn_L[e],1,-8.453703703703704,NA,-110.95812395222784,Exchange/demand reaction
EX_cytd[e],-1,-8.479876160990711,NA,344.75269194872305,Exchange/demand reaction
EX_duri[e],1,-8.506211180124224,NA,-400.25658588131665,Exchange/demand reaction
EX_pi[e],1,-8.532710280373832,NA,-759.8495001525879,Exchange/demand reaction
EX_ser_L[e],-1,-8.559375,-440.4317753414392,NA,Exchange/demand reaction
G5SADs,1,-8.586206896551724,841.9840310440063,NA,Urea cycle
LEUTA,0.5180543913559686,0,-175.63529194724262,-553.2241013000488,"Valine, leucine, and isoleucine metabolism"
PSP_L,-1,-8.61320754716981,NA,51.19516695850626,"Glycine, serine, alanine, and threonine metabolism"
URIDK3,1,-8.6403785488959,NA,-861.2186157653808,Nucleotide interconversion
EX_ala_L[e],-1,-8.667721518987342,-30.98961506789848,NA,Exchange/demand reaction
EX_thr_L[e],1,-8.695238095238095,NA,-187.91586208848952,Exchange/demand reaction
EX_ptrc[e],-1.020379257962069,0,-5.39618994296156,534.9728755126953,Exchange/demand reaction
2OBUTt,1,-8.722929936305732,84.38480720158442,NA,"Transport, extracellular"
MLTHFte2,1,-8.750798722044728,NA,-686.4721246643066,"Transport, extracellular"
EGMEtr,0.3968469470863714,0,92.56561469193771,39.969470680180855,"Transport, endoplasmic reticular"
GLCNte,-1,-8.778846153846153,NA,973.6546853637695,"Transport, extracellular"
FDPte,1,-8.807073954983922,670.8562042984008,NA,"Transport, extracellular"
EX_fdp[e],1,-8.835483870967742,670.8562042984008,NA,Exchange/demand reaction
COKEtr,0.3968469470863714,0,92.56561469193771,39.969470680180855,"Transport, endoplasmic reticular"
NEU21,1,-8.864077669902912,2.912991487515485,NA,Sphingolipid metabolism
HMR_0188,-0.4233734416366625,0,11.950284256144824,29.498671165068522,Fatty acid synthesis
HMR_0233,0.38650882702169115,0,2.5826839420766077,1.1427650298197725,Fatty acid synthesis
HMR_0868,1,-8.892857142857142,8.579167116846342,NA,Glycosphingolipid metabolism
HMR_0873,-1,-8.921824104234528,-8.579167116846342,NA,Glycosphingolipid metabolism
HMR_1623,-1,-8.950980392156863,NA,59.23093628570754,"Transport, peroxisomal"
HMR_1629,0.5806580204538107,0,16.17887801408605,4.292188851397042,"Transport, peroxisomal"
HMR_2611,53.48386115340909,0,47.817037710133555,-46.06176425124649,Fatty acid oxidation
HMR_2633,0.4024488577874997,0,10.96885444564293,4.673576128185439,Fatty acid oxidation
HMR_2666,1,-8.98032786885246,7.016711195019331,NA,Fatty acid oxidation
HMR_3106,0.44540353834471824,0,-237.19235973138362,-618.1768181513786,"Transport, peroxisomal"
HMR_3867,1,-9.009868421052632,NA,-33.669649957977306,"Transport, peroxisomal"
HMR_4270,1,-9.03960396039604,3.035127676794052,NA,NAD metabolism
HMR_6511,-1,-9.06953642384106,NA,272.28275268696547,Vitamin B2 metabolism
HMR_6549,0.33023989634546574,0,11.244395347823701,5.661420480907857,Inositol phosphate metabolism
HMR_8643,-0.5008879724889828,0,139.53352054195403,419.5935405220032,Miscellaneous
HMR_9634,1,-9.09966777408638,NA,-454.9840865615845,"Transport, endoplasmic reticular"
PVSHtu,-1,-9.13,NA,335.4416483963013,Drug metabolism
EX_M00010[e],-1.3000211050780999,0,-2.3237112287695587,0.3031113102391117,Exchange/demand reaction
DM_kynate[c],-0.8529452503559367,0,49.495333504383595,623.6598501831055,Exchange/demand reaction
NADH2_u10mi,-1,-9.160535117056856,NA,60.58772930266559,Oxidative phosphorylation
35CGMPtn,-1,-9.191275167785236,NA,5.354538544894472,"Transport, nuclear"
3AIBTm,-1,-9.222222222222221,NA,103.94771782001928,"Valine, leucine, and isoleucine metabolism"
3AIBtmi,-1,-9.253378378378379,NA,103.94771782001928,"Transport, mitochondrial"
5ADTSTSTERONEte,0.4513272076317804,0,773.8805136659622,292.5647504984856,"Transport, extracellular"
AGTim,1,-9.284745762711864,21.3395893212641,NA,Alanine and aspartate metabolism
APAT2rm,-1,-9.316326530612244,NA,38.44523694820479,Beta-Alanine metabolism
BALAtmr,-1,-9.348122866894197,NA,38.44523694820479,"Transport, mitochondrial"
BPNT2,-1,-9.38013698630137,NA,7.740439193887038,Nucleotide interconversion
C161CPT12,-0.3681309107270096,0,3.8275238351755005,8.28740281705031,Fatty acid oxidation
CAt7r,0.799179404122349,0,-98.98190842607022,-886.7925634948731,"Transport, extracellular"
CLPNDCOAtx,-1,-9.412371134020619,NA,26.168145847456156,"Transport, peroxisomal"
CORE6GTg,-1,-9.444827586206896,NA,2.337924897538477,O-glycan metabolism
DALAt2r,1,-9.477508650519031,NA,-832.4668654418946,"Transport, extracellular"
DCK2n,-1,-9.510416666666666,NA,131.05793751283883,Nucleotide interconversion
DCYTt,1,-9.543554006968641,NA,-735.0268121917725,"Transport, extracellular"
DGSNt,1,-9.576923076923077,NA,-141.95030549396537,"Transport, extracellular"
DGULND,-1,-9.610526315789473,-673.6234813537598,NA,Pentose phosphate pathway
DHEAStr,0.9587216789915124,0,-10.26727712302158,-487.1985534717083,"Transport, extracellular"
DM_dsT_antigen_g_,-1,-9.644366197183098,NA,2.337912595426329,Exchange/demand reaction
EX_3aib[e],-1,-9.678445229681978,NA,103.94771782001928,Exchange/demand reaction
EX_5adtststerone[e],-0.4513272076317804,0,-773.8805136659622,-292.5647504984856,Exchange/demand reaction
EX_h2o2[e],0.6897880154112664,0,-13.462445410892224,-73.33268875350952,Exchange/demand reaction
EX_leuktrD4[e],-1,-9.712765957446809,NA,807.6356026733398,Exchange/demand reaction
EX_s2l2n2m2masn[e],-0.906583135100228,0,13.571093868506136,276.9780244960785,Exchange/demand reaction
EX_vacc[e],-0.40577904971246775,0,-6.5494372757127906,-2.7684384986521575,Exchange/demand reaction
EX_whhdca[e],1,-9.747330960854093,NA,-13.083221571762714,Exchange/demand reaction
F1Atg,-1,-9.782142857142857,NA,2.337924897538477,"Transport, golgi apparatus"
FACOAL1812,-1,-9.817204301075268,NA,2.8518896859971288,Fatty acid oxidation
FACOAL1813,-1,-9.852517985611511,NA,3.364577839501457,Fatty acid oxidation
FACOAL1821,-1,-9.888086642599278,NA,7.138130883080443,Fatty acid oxidation
FACOAL1822,-1,-9.923913043478262,NA,3.1409756624675653,Fatty acid oxidation
FACOAL1831,-0.42808778880802395,0,3.026830845929715,7.558118335767987,Fatty acid oxidation
FACOAL1832,-1,-9.96,NA,5.989196753961152,Fatty acid oxidation
FACOAL184,-1,-9.996350364963504,NA,22.291608477651597,Fatty acid oxidation
FACOAL200,-1,-10.032967032967033,NA,6.479451719149027,Fatty acid oxidation
FACOAL205,-1,-10.069852941176471,NA,32.012055872417704,Fatty acid oxidation
FACOAL2252,-1,-10.107011070110701,NA,3.792896991116303,Fatty acid oxidation
FACOAL226,-1,-10.144444444444444,NA,7.665984655549103,Fatty acid oxidation
FACOAL240,-1,-10.182156133828997,NA,3.0061220737835286,Fatty acid oxidation
FACOAL241,-1,-10.220149253731343,NA,3.1830593935800797,Fatty acid oxidation
GMPtn,1,-10.258426966292134,NA,-5.354538544894483,"Transport, nuclear"
GULN3D,-1,-10.296992481203008,-673.6234813537598,NA,Pentose phosphate pathway
LNELDCCPT1,-0.48309070333105014,0,9.699268714405996,27.82866423982682,Fatty acid oxidation
LNLNCGCPT1,-5.330747634703613,0,-123.37999187896462,180.35860263442993,Fatty acid oxidation
N4Tg,-1,-10.335849056603774,NA,2.337924897538477,O-glycan metabolism
NS26T2g,-1,-10.375,NA,2.337912595426329,O-glycan metabolism
OCCOAtm,0.8794976207667544,0,348.20836786270144,22.325081092288297,"Transport, mitochondrial"
P5CRm,0.6195901394193232,0,76.55732895516586,17.98181041328473,Arginine and proline metabolism
PAIL45P_HStn,-0.7297833331248309,0,-194.46865561633408,-30.378759539446143,"Transport, nuclear"
PDE4n,-1,-10.414448669201521,NA,5.354538544894472,Nucleotide interconversion
PE_HStm,-1,-10.454198473282442,NA,8.036099209604894,"Transport, mitochondrial"
PItn,1,-10.494252873563218,NA,-800.8152110473633,"Transport, nuclear"
PRGNLONEtr,-1.1554411820883936,0,-60.69709739491353,841.662560722351,"Transport, endoplasmic reticular"
S23Tg,-1,-10.534615384615385,NA,2.337912595426329,O-glycan metabolism
STS1r,-0.9587216789915124,0,10.26727712302158,487.1985534717083,Steroid metabolism
TMNDNCCPT1,0.8157221002101191,0,-44.22717783197947,-435.77805212135314,Fatty acid oxidation
VACCt,-1,-10.575289575289576,NA,6.26363753714926,"Transport, extracellular"
WHHDCAte,-1,-10.616279069767442,NA,13.083221571762703,"Transport, extracellular"
EX_dha[e],0.8410564440800115,0,-15.447980869658501,-178.93524882774352,Exchange/demand reaction
EX_HC01700[e],-0.8692790680886741,0,21.30524676113536,304.66009711489676,Exchange/demand reaction
r0287,0.42880664820936165,0,56.02183020808697,22.395820323278905,Fatty acid oxidation
r0434,-0.6047426530601107,0,74.16943340632477,301.1274913974762,Fatty acid oxidation
r0649,-0.8692790680886741,0,21.30524676113536,304.66009711489676,Miscellaneous
r0733,0.42880664820936165,0,56.02183020808697,22.395820323278905,Fatty acid oxidation
r0734,0.42880664820936165,0,56.02183020808697,22.395820323278905,Fatty acid oxidation
r0998,-0.6047426530601107,0,74.16943340632477,301.1274913974762,"Transport, endoplasmic reticular"
r1400,1.072577032386681,0,2.327554050759971,-66.4677916498689,Fatty acid oxidation
r1468,-2.214323984170722,0,-50.45934317716519,133.56623035871834,"Transport, mitochondrial"
RE0915E,0.8175820282445372,0,-24.130465806998917,-240.43190789756775,Starch and sucrose metabolism
RE1099C,-0.5733322946332272,0,-1.0241535161355384,-0.277737406244959,Steroid metabolism
RE1100C,-0.8465535559387752,0,-409.95522041544916,-34.06680006370312,Steroid metabolism
RE1100R,2.154492543962984,0,235.9298737761572,-86.34646504204818,Steroid metabolism
RE1135R,1.1554411820883936,0,60.69709739491353,-841.662560722351,Steroid metabolism
RE1447N,-0.7297833331248309,0,-194.46865561633408,-30.378759539446143,Phosphatidylinositol phosphate metabolism
RE2069C,-1,-10.657587548638132,-386.2265536317349,NA,Eicosanoid metabolism
RE2912M,-1,-10.69921875,NA,9.017626512654079,Fatty acid oxidation
RE3566C,1,-10.741176470588234,386.2265536317349,NA,Eicosanoid metabolism
RE3567C,1,-10.783464566929133,386.2265536317349,NA,Eicosanoid metabolism
ADPACDAc,-1,-10.826086956521738,NA,8.90225050679412,Fatty acid oxidation
C10DCc,-1,-10.869047619047619,NA,7.30817664681579,Fatty acid oxidation
C30CPT1,1,-10.912350597609562,NA,-195.46873325285316,Fatty acid oxidation
C6DCc,-1,-10.956,NA,8.90225050679412,Fatty acid oxidation
C8DCc,-1,-11,NA,11.881068422454899,Fatty acid oxidation
FAOXOHC16C16DCc,-1,-11.044354838709678,NA,13.083221571762703,Fatty acid oxidation
SEBACACT,-1,-11.089068825910932,NA,7.30817664682175,Fatty acid oxidation
SUBERICACT,-1,-11.134146341463415,NA,11.881068422454899,Fatty acid oxidation
CHSTEROLtrc,1.4815201853771207,0,431.6653285472757,-83.7613855602677,"Transport, endoplasmic reticular"
CBASPte,-0.3787571766580639,0,96.37974867420196,213.90069257333874,"Transport, extracellular"
EX_cbasp[e],0.3787571766580639,0,-96.37974867420196,-213.90069257333874,Exchange/demand reaction
QULNtr,0.6508317300223386,0,209.41818093204498,44.294147373167796,"Transport, extracellular"
DHAPtr,-0.8410564440800115,0,15.447980869658501,178.93524882774352,"Transport, extracellular"
EX_quln[e],-0.6508317300223386,0,-209.41818093204498,-44.294147373167796,Exchange/demand reaction
DOPAENT4tc,-1,-11.179591836734694,-159.08326191718095,NA,"Transport, extracellular"
EX_pmtcrn[e],-0.8467436105916752,0,9.11101152550166,109.78793370838314,Exchange/demand reaction
3MHISt2,-1,-11.225409836065573,NA,0.22902778224549403,"Transport, extracellular"
AMETt,-12.261512845958816,0,-351.1753484062195,413.5426969516218,"Transport, extracellular"
PSERtr,1,-11.271604938271604,33.50076752483308,NA,"Transport, extracellular"
EX_CE2510[e],1,-11.318181818181818,NA,-2.8605325151549956,Exchange/demand reaction
EX_pser_L[e],1,-11.365145228215768,33.50076752483308,NA,Exchange/demand reaction
r2514m,-1,-11.4125,NA,9.017626512654079,"Transport, mitochondrial"
EX_f1a[e],1,-11.460251046025105,NA,-38.19712252230132,Exchange/demand reaction
F1Ate,-1,-11.508403361344538,NA,38.19712252230132,"Transport, extracellular"
sink_thcholstoic[c],1,-11.556962025316455,NA,-36.50751301288605,Exchange/demand reaction
AMPTASECG,-0.45828169996745394,0,22.225653775925863,59.830476779717394,Glutathione metabolism
EX_asp_L[e],1,-11.60593220338983,208.29425562528968,NA,Exchange/demand reaction
EX_cgly[e],0.33606650049765197,0,-351.929392434144,-708.2050719299316,Exchange/demand reaction
EX_dcyt[e],-1,-11.65531914893617,NA,735.0268121917725,Exchange/demand reaction
EX_dgsn[e],-1,-11.705128205128204,NA,141.95030549396537,Exchange/demand reaction
H2Ot,-1,-11.755364806866952,NA,458.441034784317,"Transport, extracellular"
NNDPR,0.6508317300223386,0,209.41818093204498,44.294147373167796,NAD metabolism
EX_phe_L[e],1,-11.806034482758621,NA,-48.28718830656,Exchange/demand reaction
EX_malttr[e],0.8175820282445372,0,-24.130465806998917,-240.43190789756775,Exchange/demand reaction
FACOAL161,-1,-11.857142857142858,NA,7.94866951043403,Fatty acid oxidation
EX_btn[e],-1,-11.908695652173913,-16.41145742815032,NA,Exchange/demand reaction
EX_ade[e],-1,-11.960698689956331,-58.44271757249777,NA,Exchange/demand reaction
EX_gm3_hs[e],1,-12.013157894736842,NA,-517.1231425628662,Exchange/demand reaction
HMR_0157,1,-12.066079295154186,206.85499620592594,NA,"Transport, mitochondrial"
HMR_1084,-0.5747680393817408,0,218.0844811434746,807.6356026733398,Leukotriene metabolism
HMR_1967,0.7519627663896931,0,609.8696185489655,86.34337210235614,Androgen and estrogen synthesis and metabolism
HMR_1970,0.7519627663896931,0,609.8696185489655,86.34337210235614,Androgen and estrogen synthesis and metabolism
HMR_7703,-0.6351595562320714,0,54.622060319803936,244.80779321117402,"Glycine, serine, alanine, and threonine metabolism"
HMR_7947,1.1554411820883936,0,60.69709739491353,-841.662560722351,"Transport, endoplasmic reticular"
HMR_7949,2.154492543962984,0,235.9298737761572,-86.34646504204818,"Transport, endoplasmic reticular"
HMR_9626,7.75303010295783,0,330.58284851527213,-428.4893715057373,"Transport, endoplasmic reticular"
HMR_9680,-1,-12.119469026548673,-628.3676176208496,NA,"Transport, peroxisomal"
EX_tauribup_S[e],-1,-12.173333333333334,NA,6.060017054791362,Exchange/demand reaction
IBUP_SCONJhep,-1,-12.227678571428571,NA,6.060017054791362,Drug metabolism
TAURIBUP_Sthv,-1,-12.282511210762332,NA,6.060017054791362,Drug metabolism
EX_M01235[e],-4.021488822652128,0,-1.2661184750163077,2.1041943702664945,Exchange/demand reaction
EX_M01111[e],-0.5747680393817408,0,218.0844811434746,807.6356026733398,Exchange/demand reaction
sink_lys_L[c],1,-12.337837837837839,NA,-1.0727762054253762,Exchange/demand reaction
sink_arg_L[c],1,-12.393665158371041,NA,-306.1998184362412,Exchange/demand reaction
3MOX4HOXPGALDOX_NADP_,-1,-12.45,NA,12.217154945575643,Tyrosine metabolism
ADCim,1,-12.506849315068493,155.4929817486763,NA,Propanoate metabolism
CLPNDt,-4.528675181735255,0,-19.601384925840122,12.510577713799156,"Transport, extracellular"
EX_acetone[e],1,-12.564220183486238,155.4929817486763,NA,Exchange/demand reaction
EX_gp1c_hs[e],-0.38310186360362286,0,0.9018882683444351,2.02205724270163,Exchange/demand reaction
G3PD2m,-1,-12.622119815668203,NA,40.25546619144639,Glycolysis/gluconeogenesis
GP1Cte,-0.38310186360362286,0,0.9018882683444351,2.02205724270163,"Transport, extracellular"
GP1Ctg,0.38310186360362286,0,-0.9018882683444351,-2.02205724270163,"Transport, golgi apparatus"
HSD11B1r,1,-12.680555555555555,NA,-488.9259197102547,Steroid metabolism
HSD11B2r,-1,-12.73953488372093,NA,488.9259197102547,Steroid metabolism
LNELDCt,-1.295743580744984,0,-18.405898488392936,2.3710950872046386,"Transport, extracellular"
MAOLNOR,-1,-12.799065420560748,NA,8.071175928139949,Tyrosine metabolism
PCRNtc,-1,-12.859154929577464,NA,348.98288208179474,Fatty acid oxidation
PGISr,1,-12.919811320754716,NA,-284.2897816827863,Eicosanoid metabolism
PROSTGI2tr,-1,-12.981042654028435,NA,284.2897816827863,"Transport, endoplasmic reticular"
ST6GALNAC28,-0.3831018636036224,0,0.9018882683444359,2.02205724270163,Sphingolipid metabolism
r0205,-1,-13.042857142857143,NA,26.43901455634494,Oxidative phosphorylation
r1030,-1,-13.105263157894736,NA,396.5848536613464,"Transport, extracellular"
r2320,1,-13.16826923076923,NA,-106.42224011298678,"Transport, extracellular"
RE1836C,1,-13.231884057971014,22.81277623249651,NA,Bile acid synthesis
EX_C02470[e],-1,-13.29611650485437,NA,396.5848536613464,Exchange/demand reaction
FAOXC102C101x,0.5802055655721873,0,15.075770214725006,4.005000721891862,Fatty acid oxidation
3HCO3_NAt,-1,-13.360975609756098,NA,456.69604030685423,"Transport, extracellular"
15KPROSTGF2c,-1,-13.426470588235293,NA,284.2897816827863,Eicosanoid metabolism
PROSTGI2c,1,-13.492610837438423,NA,-284.2897816827863,"Transport, extracellular"
MLTHFtm,1,-13.55940594059406,NA,-456.89238510437013,"Transport, mitochondrial"
CA2t,1,-13.626865671641792,NA,-886.7925634948731,"Transport, extracellular"
PRO1x,-1,-13.695,NA,367.4358579978943,"Transport, extracellular"
EX_fru[e],-1,-13.763819095477388,NA,461.91524047737124,Exchange/demand reaction
T4HCINNMte,-1,-13.833333333333334,-0.5433697520508944,NA,"Transport, extracellular"
EX_T4hcinnm[e],-1,-13.903553299492385,-0.5433697520508944,NA,Exchange/demand reaction
sink_34dhpac[c],-1,-13.974489795918368,NA,531.0105999991417,Exchange/demand reaction
HMR_1701,-1,-14.046153846153846,-22.81277623249651,NA,"Transport, peroxisomal"
34DHPLACOX,-1,-14.118556701030927,NA,108.08295495461226,Tyrosine metabolism
34DHPLACOX_NADP_,1,-14.191709844559586,NA,-708.3411789047241,Tyrosine metabolism
34DHXMANDACOX,-1,-14.265625,NA,187.57707518806458,Tyrosine metabolism
3M4HDXPAC,-1,-14.340314136125654,NA,10.76671142350014,Tyrosine metabolism
3MOX4HOXPGALDOX,-1,-14.41578947368421,NA,17.494680307690608,Tyrosine metabolism
3MOXTYROX,-1,-14.492063492063492,NA,10.76671142350014,Tyrosine metabolism
4HOXPACDOX_NADP_,1,-14.569148936170214,NA,-61.082883821485005,Tyrosine metabolism
ABO4g,1,-14.647058823529411,1.0781734683848865,NA,Blood group synthesis
ABO5g,1,-14.725806451612904,1.0781734684074,NA,Blood group synthesis
ABO6g,1,-14.805405405405406,0.8753290359685566,NA,Blood group synthesis
ABO7g,1,-14.88586956521739,0.8753290359685566,NA,Blood group synthesis
ABO9g,1,-14.967213114754099,0.8860547497664789,NA,Blood group synthesis
ACGALFUCGALACGALFUC12GAL14ACGLCGALGLUSIDEte,-1,-15.04945054945055,-1.078173468384886,NA,"Transport, extracellular"
ACGALFUCGALACGALFUC12GAL14ACGLCGALGLUSIDEtg,1,-15.132596685082873,1.0781734684074,NA,"Transport, golgi apparatus"
ACGALFUCGALACGALFUCGALACGLCGAL14ACGLCGALGLUSIDEte,-1,-15.216666666666667,-0.8753290359685566,NA,"Transport, extracellular"
ACGALFUCGALACGALFUCGALACGLCGAL14ACGLCGALGLUSIDEtg,1,-15.30167597765363,0.8753290359685566,NA,"Transport, golgi apparatus"
ACSm,1,-15.387640449438202,5.78664280625401,NA,Glycolysis/gluconeogenesis
ASNS1,1,-15.474576271186441,8.194812966617793,NA,Alanine and aspartate metabolism
B3GALTg,1,-15.5625,3.876856230742164,NA,Blood group synthesis
B3GNT311g,1,-15.651428571428571,1.0781734683848865,NA,Blood group synthesis
B3GNT313g,1,-15.741379310344827,0.8753290359685566,NA,Blood group synthesis
B3GNT314g,1,-15.832369942196532,0.8860547497605185,NA,Blood group synthesis
CHTNASE,-0.39271265326365656,0,1.962787464443308,4.5013270111558725,Aminosugar metabolism
CYSGLTH,1,-15.924418604651162,453.00063449295163,NA,Methionine and cysteine metabolism
EX_acgalfucgalacgalfuc12gal14acglcgalgluside_hs[e],1,-16.017543859649123,1.078173468384886,NA,Exchange/demand reaction
EX_acgalfucgalacgalfucgalacglcgal14acglcgalgluside_hs[e],1,-16.111764705882354,0.8753290359685566,NA,Exchange/demand reaction
EX_chol[e],1,-16.207100591715978,NA,-177.48624344747066,Exchange/demand reaction
EX_fuc14galacglcgalgluside_hs[e],1,-16.303571428571427,3.876856230742164,NA,Exchange/demand reaction
EX_fucgalgbside_hs[e],1,-16.40119760479042,1.1087125031127576,NA,Exchange/demand reaction
EX_galgalfucfucgalacglcgalacglcgal14acglcgalgluside_hs[e],1,-16.5,0.8860547497664789,NA,Exchange/demand reaction
EX_prostge2[e],1.8825348121177188,0,410.8277831939697,-125.78159296798185,Exchange/demand reaction
EX_xoltri27[e],1.1808500164540294,0,17.09188292569865,-206.10909465532302,Exchange/demand reaction
FADH2tx,-1,-16.6,-28.966824294294604,NA,"Transport, peroxisomal"
FADtx,1,-16.701219512195124,28.966824294294604,NA,"Transport, peroxisomal"
FUC14GALACGLCGALGLUSIDEte,-1,-16.803680981595093,-3.876856230742164,NA,"Transport, extracellular"
FUC14GALACGLCGALGLUSIDEtg,1,-16.90740740740741,3.876856230742164,NA,"Transport, golgi apparatus"
FUCGALGBSIDEte,1,-17.012422360248447,1.1087125031127578,NA,"Transport, extracellular"
FUCGALGBSIDEtg,-1,-17.11875,-1.1087125031127576,NA,"Transport, golgi apparatus"
FUT11g,1,-17.22641509433962,1.1087125031127576,NA,Sphingolipid metabolism
FUT12g,1,-17.335443037974684,3.876856230742164,NA,Blood group synthesis
FUT14g,1,-17.445859872611464,1.0781734683848865,NA,Blood group synthesis
FUT15g,1,-17.557692307692307,1.0781734683848865,NA,Blood group synthesis
FUT16g,1,-17.670967741935485,0.8753290359685566,NA,Blood group synthesis
FUT17g,1,-17.785714285714285,0.8753290359685566,NA,Blood group synthesis
FUT18g,1,-17.901960784313726,0.8860547497605185,NA,Blood group synthesis
GALGALFUCFUCGALACGLCGALACGLCGAL14ACGLCGALGLUSIDEte,-1,-18.019736842105264,-0.8860547497664789,NA,"Transport, extracellular"
GALGALFUCFUCGALACGLCGALACGLCGAL14ACGLCGALGLUSIDEtg,1,-18.13907284768212,0.8860547497664789,NA,"Transport, golgi apparatus"
GCNTg,1,-18.26,0.8860547497605185,NA,Blood group synthesis
GLXtp,-1,-18.38255033557047,NA,31.147580556260607,"Transport, peroxisomal"
GQ1Bte,-1,-18.506756756756758,-9.745615181184107,NA,"Transport, extracellular"
It,1,-18.632653061224488,701.2020207374572,NA,"Transport, extracellular"
LPASE,-1,-18.76027397260274,NA,45.63706555758263,Glycerophospholipid metabolism
NNMT,-0.37993179799969795,0,19.09831097343308,42.50236750620222,NAD metabolism
OPAHir,-0.46802455263612086,0,8.530401413250136,23.540256943338317,Glutathione metabolism
S4T4g,-1,-18.889655172413793,NA,1.5539560628794744,Chondroitin synthesis
SO4CLtex2,-0.39111151880919987,0,279.5504634859562,638.6816007476807,"Transport, extracellular"
SO4OXAtex2,-0.8882664518371632,0,19.708818418163272,333.0736491973877,"Transport, extracellular"
THYOXt2,-1,-19.020833333333332,NA,396.1187771331787,"Transport, extracellular"
TRIODTHYt2,-1,-19.153846153846153,NA,468.9337191238403,"Transport, extracellular"
XOLTRI27te,1.1808500164540294,0,17.09188292569865,-206.10909465532302,"Transport, extracellular"
r0068,1,-19.288732394366196,6.536729259435767,NA,Miscellaneous
r0097,1,-19.425531914893618,6.536729259435767,NA,Miscellaneous
r0221,1,-19.564285714285713,3.769916965454478,NA,Miscellaneous
r0319,1,-19.705035971223023,3.769916965454478,NA,Miscellaneous
r0394,1,-19.847826086956523,391.2923654151916,NA,Nucleotide interconversion
r0545,-1,-19.99270072992701,NA,17.519166418427766,Phenylalanine metabolism
r0546,-1,-20.139705882352942,NA,2.893686941038391,Miscellaneous
r0547,1,-20.288888888888888,NA,-29.639920089892588,Phenylalanine metabolism
r0548,-1,-20.440298507462686,NA,9.227066741638428,Miscellaneous
r0752,1,-20.593984962406015,NA,-44.29950131511572,Miscellaneous
r0753,-1,-20.75,NA,44.29950131511572,Miscellaneous
r0754,1,-20.908396946564885,NA,-154.28908198974133,Miscellaneous
r0755,-1,-21.06923076923077,NA,154.28908198974133,Miscellaneous
r0756,1,-21.232558139534884,NA,-297.71689182863236,Miscellaneous
r0757,-1,-21.3984375,NA,297.71689182863236,Miscellaneous
r0974,-1,-21.566929133858267,-109.5457048032714,NA,"Transport, extracellular"
RE0583C,1,-21.738095238095237,NA,-167.08558523175623,Fatty acid synthesis
RE0691C,1,-21.912,NA,-11.973226529256854,Urea cycle
RE1897C,-1,-22.088709677419356,NA,11.973226529256854,Urea cycle
RE1898C,-1,-22.26829268292683,NA,11.973226529256854,Urea cycle
PTCRTD,1,-22.450819672131146,153.26717578144073,NA,"Transport, extracellular"
GLYNATm,-1,-22.636363636363637,NA,12.120753680098685,Phenylalanine metabolism
PHEACGLYsec,-1,-22.825,NA,12.120753680098685,"Transport, extracellular"
EX_pheacgly[e],-1,-23.016806722689076,NA,12.120753680098685,Exchange/demand reaction
1MNCAMt,0.37993179799969795,0,-19.09831097343308,-42.50236750620222,"Transport, extracellular"
EX_1mncam[e],-0.37993179799969795,0,19.09831097343308,42.50236750620222,Exchange/demand reaction
PHEACGLYtm,-1,-23.21186440677966,NA,12.120753680098685,"Transport, mitochondrial"
PACCOALm,-1,-23.41025641025641,NA,12.120753680098685,Phenylalanine metabolism
PACALDtm,-1,-23.612068965517242,NA,12.120753680098685,"Transport, mitochondrial"
ACNAMt2,1,-23.817391304347826,8.357228126516729,NA,"Transport, extracellular"
PGP_hs_tm,1,-24.026315789473685,4.293634404420425,NA,"Transport, mitochondrial"
CYTDt2r,1,-24.238938053097346,NA,-232.11730759630203,"Transport, extracellular"
r0220,1,-24.455357142857142,2.7036775423317523,NA,Miscellaneous
r0318,1,-24.675675675675677,2.7036775423317523,NA,Miscellaneous
CITL,-1,-24.9,NA,188.9201188829489,Citric acid cycle
CE4890te,1,-25.128440366972477,NA,-353.44275246305466,"Transport, extracellular"
HMR_0906,1,-25.36111111111111,2.8215570112208863,NA,Glycosphingolipid metabolism
HMR_0907,1,-25.598130841121495,2.8215570112208863,NA,Glycosphingolipid metabolism
HMR_0908,1,-25.839622641509433,2.8215570112208863,NA,Glycosphingolipid metabolism
HMR_0909,1,-26.085714285714285,2.8215570112208863,NA,Glycosphingolipid metabolism
HMR_3953,1,-26.33653846153846,NA,-290.59303024749755,"Transport, endoplasmic reticular"
HMR_6747,-1,-26.59223300970874,NA,21.64065934582586,Phenylalanine metabolism
HMR_6790,-1,-26.852941176470587,NA,61.082883821485005,Phenylalanine metabolism
HMR_8271,1,-27.11881188118812,3.876856230742164,NA,Blood group synthesis
HMR_8374,0.39271265326365656,0,-1.962787464443308,-4.5013270111558725,"Transport, extracellular"
HMR_9644,1,-27.39,2.8215570112208863,NA,"Transport, extracellular"
EX_M01881[e],1,-27.666666666666668,2.8215570112208863,NA,Exchange/demand reaction
sink_ile_L[c],-1,-27.948979591836736,NA,334.91438933935166,Exchange/demand reaction
sink_phe_L[c],-1,-28.237113402061855,-105.04832350644209,NA,Exchange/demand reaction
sink_gln_L[c],0.38178010068602164,0,-213.58262732926158,-477.3774260959625,Exchange/demand reaction
5ADTSTSTERONEtr,-1,-28.53125,-8.900886564812003,NA,"Transport, endoplasmic reticular"
EX_nrpphr[e],-1,-28.83157894736842,NA,6.267787268761327,Exchange/demand reaction
EX_prostgf2[e],-1,-29.138297872340427,-417.77539005718234,NA,Exchange/demand reaction
EX_thf[e],1,-29.451612903225808,NA,-228.88862265653611,Exchange/demand reaction
PROSTGF2t,1,-29.77173913043478,417.77539005718234,NA,"Transport, extracellular"
SRTNt6_2_r,1,-30.0989010989011,9.824005258001925,NA,"Transport, extracellular"
r2313,1,-30.433333333333334,197.20120541126113,NA,"Transport, extracellular"
RE3245C,-0.8024787629605656,0,-304.30384993877414,-33.34656369379041,Fatty acid synthesis
4MOPte,-0.5180543913559686,0,175.63529194724262,553.2241013000488,"Transport, extracellular"
EX_4mop[e],0.5180543913559686,0,-175.63529194724262,-553.2241013000488,Exchange/demand reaction
EX_hcys_L[e],-1,-30.775280898876403,-659.0642643699646,NA,Exchange/demand reaction
ADPOHc,1,-31.125,NA,-35.18353820415828,Lysine metabolism
ADPOHt,1,-31.482758620689655,NA,-35.18353820415828,"Transport, extracellular"
EX_adpoh[e],1,-31.848837209302324,NA,-35.18353820415828,Exchange/demand reaction
EX_propropro[e],-0.3836346358871283,0,-38.77703601059001,-17.273940171757154,Exchange/demand reaction
PROPROPROt,0.3836346358871283,0,38.77703601059001,17.273940171757154,"Transport, extracellular"
PROPROPROr,0.3836346358871283,0,38.77703601059001,17.273940171757154,Peptide metabolism
HCYSte,1,-32.22352941176471,659.0642643699646,NA,"Transport, extracellular"
EX_lys_L[e],-1,-32.607142857142854,-0.538425318988017,NA,Exchange/demand reaction
LSTNtd,-1,-33,NA,5.896549171920009,Drug metabolism
ALAtN1,-1,-33.40243902439025,-894.912500125122,NA,"Transport, extracellular"
ASNtN1,-1,-33.81481481481482,-941.3954380981445,NA,"Transport, extracellular"
ASPNATm,1,-34.2375,163.36258896102905,NA,Alanine and aspartate metabolism
CERT2gt,1,-34.67088607594937,608.2766307416916,NA,"Transport, golgi apparatus"
DNDPt21m,1,-35.11538461538461,13.510319029315747,NA,"Transport, mitochondrial"
DNDPt31m,1,-35.57142857142857,38.37006908480581,NA,"Transport, mitochondrial"
DNDPt39m,1,-36.03947368421053,334.6367420879364,NA,"Transport, mitochondrial"
DNDPt40m,1,-36.52,263.3333119504929,NA,"Transport, mitochondrial"
DURIK1m,1,-37.013513513513516,5.506905841432211,NA,Nucleotide interconversion
EX_ach[e],-0.5547021933421086,0,-287.5555473502755,-82.36166069343835,Exchange/demand reaction
GLNtN1,-1,-37.52054794520548,-889.7771322784424,NA,"Transport, extracellular"
H2Otp,1,-38.041666666666664,270.7176536348045,NA,"Transport, peroxisomal"
HIStN1,-1,-38.57746478873239,-696.8047374847412,NA,"Transport, extracellular"
HPYRtp,-1,-39.128571428571426,-51.75960134170712,NA,"Transport, peroxisomal"
HSD17B2r,1,-39.69565217391305,10.26727712302158,NA,Steroid metabolism
ME1m,1,-40.279411764705884,10.572009449661921,NA,Pyruvate metabolism
NACASPAH,1,-40.88059701492537,163.36258896102905,NA,Alanine and aspartate metabolism
NACASPtm,1,-41.5,163.36258896102905,NA,"Transport, mitochondrial"
PPAn,1,-42.13846153846154,324.72477707567214,NA,Miscellaneous
PTRCOX1,1,-42.796875,11.737787193343532,NA,Arginine and proline metabolism
SERtp,1,-43.476190476190474,51.75960134170712,NA,"Transport, peroxisomal"
SPTix,1,-44.17741935483871,51.75960134170712,NA,"Glycine, serine, alanine, and threonine metabolism"
TRIOK,1,-44.90163934426229,146.1586960129261,NA,Fructose and mannose metabolism
EX_ctp[e],-0.48503930847644366,0,205.28648451451733,592.0034364196778,Exchange/demand reaction
EX_dtmp[e],0.57301215894362,0,-200.3307947499454,-738.0134646759033,Exchange/demand reaction
EX_dttp[e],-0.57301215894362,0,200.3307947499454,738.0134646759033,Exchange/demand reaction
r0028,-0.4569841045767563,0,6.015852498678417,16.14133497735107,Purine catabolism
r0139,0.6765730226452977,0,-114.20312711623609,-592.0034364196778,Pyrimidine catabolism
r0149,0.48503930847644366,0,-205.28648451451733,-592.0034364196778,Pyrimidine catabolism
r0494,0.57301215894362,0,-200.3307947499454,-738.0134646759033,Pyrimidine catabolism
r0497,0.57301215894362,0,-200.3307947499454,-738.0134646759033,Pyrimidine catabolism
r0818,1,-45.65,597.9700540431976,NA,Pyruvate metabolism
r1088,-1,-46.42372881355932,-38.31640073459316,NA,"Transport, extracellular"
r1143,1,-47.224137931034484,175.9804088976383,NA,"Transport, extracellular"
r1144,1,-48.05263157894737,349.1582565696716,NA,"Transport, extracellular"
r2308,-0.8331132574828857,0,-196.75625933990477,-17.912701824096565,"Transport, extracellular"
r2343,1,-48.910714285714285,620.1368955757141,NA,"Transport, extracellular"
r2353,1,-49.8,11.623485384015652,NA,"Transport, extracellular"
r2488,1,-50.72222222222222,3.8067950910132478,NA,"Transport, extracellular"
r2489,1,-51.679245283018865,2.262359369485517,NA,"Transport, extracellular"
r2490,1,-52.67307692307692,3.7548508049556157,NA,"Transport, extracellular"
RE0453C,0.827700238208211,0,179.2108035812378,16.894443695993395,Pyrimidine synthesis
RE2644C,-1,-53.705882352941174,-196.80645166228265,NA,Urea cycle
EX_cdp[e],-1,-54.78,-91.08335742883513,NA,Exchange/demand reaction
EX_ahcys[e],-0.5309081250164078,0,66.76689040728807,217.89756006789207,Exchange/demand reaction
CE1556td,1,-55.89795918367347,196.80645166228265,NA,"Transport, extracellular"
EX_CE1557[e],1,-57.0625,196.80645166228265,NA,Exchange/demand reaction
EX_thrthrarg[e],1,-58.276595744680854,6.014849136385147,NA,Exchange/demand reaction
THRTHRARGt,-1,-59.54347826086956,-6.014849136385147,NA,"Transport, extracellular"
THRTHRARGr,-1,-60.86666666666667,-6.014849136385147,NA,Peptide metabolism
DM_akg[c],1,-62.25,59.357805962910646,NA,Exchange/demand reaction
MMAt2e,-1.9786896459542058,0,-7.110337682258656,21.64065934582586,"Transport, extracellular"
4HBZtm,-1,-63.69767441860465,-0.5433697520508944,NA,"Transport, mitochondrial"
GLUSIDEte,1,-65.21428571428571,608.2766307416916,NA,"Transport, extracellular"
NEU22,1,-66.8048780487805,6.36924649131996,NA,Sphingolipid metabolism
NEU23,1,-68.475,5.708318230733811,NA,Sphingolipid metabolism
HMR_0847,1,-70.23076923076923,9.745615181184107,NA,Glycosphingolipid metabolism
HMR_6784,1,-72.07894736842105,0.5433697520508944,NA,Phenylalanine metabolism
HMR_6785,1,-74.02702702702703,0.5433697520508944,NA,Phenylalanine metabolism
HMR_6786,1,-76.08333333333333,0.5433697520508944,NA,Phenylalanine metabolism
4HATVLACtep,-1,-78.25714285714285,-13.482225868914524,NA,Drug metabolism
ATVACIDOATPtu,1,-80.55882352941177,323.4559520263195,NA,Drug metabolism
PVStep,-1,-83,-403.71163134498596,NA,Drug metabolism
sink_cys_L[c],1,-85.59375,718.614126858139,NA,Exchange/demand reaction
EX_cmp[e],1,-88.35483870967742,NA,-160.00105344848632,Exchange/demand reaction
NADPN,-1,-91.3,NA,54.53551914025713,NAD metabolism
SPHMYLNtg,1,-94.44827586206897,NA,-50.71233390959371,"Transport, golgi apparatus"
r2196,1,-97.82142857142857,NA,-114.02782421902864,"Transport, extracellular"
r2485,-1,-101.44444444444444,NA,6.267787268761327,"Transport, extracellular"
r2494,-1,-105.34615384615384,NA,5.202334773628909,"Transport, extracellular"
r2495,-1,-109.56,NA,2.494334124177181,"Transport, extracellular"
r2496,-1,-114.125,NA,108.1576479568718,"Transport, extracellular"
RE2273E,1,-119.08695652173913,NA,-80.4682696218213,Miscellaneous
RE2428M,-1,-124.5,NA,215.42484938917755,"Glycine, serine, alanine, and threonine metabolism"
EX_CE5797[e],-1,-130.42857142857142,NA,80.4682696218213,Exchange/demand reaction
EX_CE5798[e],1,-136.95,NA,-80.4682696218213,Exchange/demand reaction
SUCCACT,-1,-144.1578947368421,NA,20.474061962773412,Fatty acid oxidation
LEULEULAPc,1,-152.16666666666666,NA,-261.90703389892576,"Transport, extracellular"
EX_leuleu[e],-1,-161.11764705882354,NA,261.90703389892576,Exchange/demand reaction
BALABETAtc2,1,-171.1875,NA,-83.87076828447934,"Transport, extracellular"
LEULEUt,-1,-182.6,NA,261.90703389892576,"Transport, extracellular"
EX_aspmetasp[e],-1,-195.64285714285714,NA,183.8685895526886,Exchange/demand reaction
EX_metmetile[e],-1,-210.69230769230768,NA,169.83257526454926,Exchange/demand reaction
ASPMETASPt,1,-228.25,NA,-183.8685895526886,"Transport, extracellular"
METMETILEt,1,-249,NA,-169.83257526454926,"Transport, extracellular"
ASPMETASPr,1,-273.9,NA,-183.8685895526886,Peptide metabolism
METMETILEr,1,-304.3333333333333,NA,-169.83257526454926,Peptide metabolism
DM_adprbp[c],-1,-342.375,NA,54.53551914025713,Exchange/demand reaction
CE4970tm,-1,-391.2857142857143,NA,215.42484938917755,"Transport, mitochondrial"
CE4970te,-1,-456.5,NA,215.42484938917755,"Transport, extracellular"
EX_CE4970[e],-1,-547.8,NA,215.42484938917755,Exchange/demand reaction
3AIBt1,1,-684.75,NA,-103.94771782001928,"Transport, extracellular"
HMR_3996,-1,-913,NA,161.751906579113,Methionine and cysteine metabolism
sink_leu_L[c],1,-1369.5,NA,-86.49590147238924,Exchange/demand reaction
sink_gly[c],-1,-2739,NA,424.56848547058104,Exchange/demand reaction
